ISO-10303-21;
HEADER;
FILE_DESCRIPTION(('KiCad electronic assembly'),'2;1');
FILE_NAME('schematic.step','2026-02-22T09:47:10',('Pcbnew'),('Kicad'),
  'Open CASCADE STEP processor 7.9','KiCad to STEP converter','Unknown'
  );
FILE_SCHEMA(('AUTOMOTIVE_DESIGN { 1 0 10303 214 1 1 1 1 }'));
ENDSEC;
DATA;
#1 = APPLICATION_PROTOCOL_DEFINITION('international standard',
  'automotive_design',2000,#2);
#2 = APPLICATION_CONTEXT(
  'core data for automotive mechanical design processes');
#3 = SHAPE_DEFINITION_REPRESENTATION(#4,#10);
#4 = PRODUCT_DEFINITION_SHAPE('','',#5);
#5 = PRODUCT_DEFINITION('design','',#6,#9);
#6 = PRODUCT_DEFINITION_FORMATION('','',#7);
#7 = PRODUCT('schematic 1','schematic 1','',(#8));
#8 = PRODUCT_CONTEXT('',#2,'mechanical');
#9 = PRODUCT_DEFINITION_CONTEXT('part definition',#2,'design');
#10 = SHAPE_REPRESENTATION('',(#11,#15,#19,#23,#27,#31,#35),#39);
#11 = AXIS2_PLACEMENT_3D('',#12,#13,#14);
#12 = CARTESIAN_POINT('',(0.,0.,0.));
#13 = DIRECTION('',(0.,0.,1.));
#14 = DIRECTION('',(1.,0.,-0.));
#15 = AXIS2_PLACEMENT_3D('',#16,#17,#18);
#16 = CARTESIAN_POINT('',(211.5625,-102.5,1.595));
#17 = DIRECTION('',(0.,0.,1.));
#18 = DIRECTION('',(1.,0.,0.));
#19 = AXIS2_PLACEMENT_3D('',#20,#21,#22);
#20 = CARTESIAN_POINT('',(211.55,-107.5,1.595));
#21 = DIRECTION('',(0.,0.,1.));
#22 = DIRECTION('',(1.,0.,0.));
#23 = AXIS2_PLACEMENT_3D('',#24,#25,#26);
#24 = CARTESIAN_POINT('',(180.,-113.,1.595));
#25 = DIRECTION('',(0.,0.,1.));
#26 = DIRECTION('',(1.,0.,0.));
#27 = AXIS2_PLACEMENT_3D('',#28,#29,#30);
#28 = CARTESIAN_POINT('',(211.55,-92.5,1.595));
#29 = DIRECTION('',(0.,0.,1.));
#30 = DIRECTION('',(1.,0.,0.));
#31 = AXIS2_PLACEMENT_3D('',#32,#33,#34);
#32 = CARTESIAN_POINT('',(211.55,-97.5,1.595));
#33 = DIRECTION('',(0.,0.,1.));
#34 = DIRECTION('',(1.,0.,0.));
#35 = AXIS2_PLACEMENT_3D('',#36,#37,#38);
#36 = CARTESIAN_POINT('',(0.,0.,0.));
#37 = DIRECTION('',(0.,0.,1.));
#38 = DIRECTION('',(1.,0.,-0.));
#39 = ( GEOMETRIC_REPRESENTATION_CONTEXT(3) 
GLOBAL_UNCERTAINTY_ASSIGNED_CONTEXT((#43)) GLOBAL_UNIT_ASSIGNED_CONTEXT(
(#40,#41,#42)) REPRESENTATION_CONTEXT('Context #1',
  '3D Context with UNIT and UNCERTAINTY') );
#40 = ( LENGTH_UNIT() NAMED_UNIT(*) SI_UNIT(.MILLI.,.METRE.) );
#41 = ( NAMED_UNIT(*) PLANE_ANGLE_UNIT() SI_UNIT($,.RADIAN.) );
#42 = ( NAMED_UNIT(*) SI_UNIT($,.STERADIAN.) SOLID_ANGLE_UNIT() );
#43 = UNCERTAINTY_MEASURE_WITH_UNIT(LENGTH_MEASURE(1.E-07),#40,
  'distance_accuracy_value','confusion accuracy');
#44 = PRODUCT_RELATED_PRODUCT_CATEGORY('part',$,(#7));
#45 = SHAPE_DEFINITION_REPRESENTATION(#46,#52);
#46 = PRODUCT_DEFINITION_SHAPE('','',#47);
#47 = PRODUCT_DEFINITION('design','',#48,#51);
#48 = PRODUCT_DEFINITION_FORMATION('','',#49);
#49 = PRODUCT('LED_0805_2012Metric','LED_0805_2012Metric','',(#50));
#50 = PRODUCT_CONTEXT('',#2,'mechanical');
#51 = PRODUCT_DEFINITION_CONTEXT('part definition',#2,'design');
#52 = ADVANCED_BREP_SHAPE_REPRESENTATION('',(#11,#53),#1576);
#53 = MANIFOLD_SOLID_BREP('',#54);
#54 = CLOSED_SHELL('',(#55,#95,#142,#221,#245,#285,#316,#333,#366,#390,
    #457,#578,#645,#669,#700,#733,#789,#813,#837,#861,#894,#906,#969,
    #994,#1011,#1035,#1053,#1071,#1089,#1106,#1123,#1154,#1179,#1204,
    #1228,#1245,#1276,#1300,#1317,#1345,#1370,#1394,#1419,#1466,#1483,
    #1495,#1517,#1529,#1547,#1565));
#55 = ADVANCED_FACE('',(#56),#90,.F.);
#56 = FACE_BOUND('',#57,.F.);
#57 = EDGE_LOOP('',(#58,#68,#76,#84));
#58 = ORIENTED_EDGE('',*,*,#59,.T.);
#59 = EDGE_CURVE('',#60,#62,#64,.T.);
#60 = VERTEX_POINT('',#61);
#61 = CARTESIAN_POINT('',(-0.65,-0.625,0.465));
#62 = VERTEX_POINT('',#63);
#63 = CARTESIAN_POINT('',(-0.585,-0.625,1.1));
#64 = LINE('',#65,#66);
#65 = CARTESIAN_POINT('',(-0.65,-0.625,0.465));
#66 = VECTOR('',#67,1.);
#67 = DIRECTION('',(0.101830105936,0.,0.994801804142));
#68 = ORIENTED_EDGE('',*,*,#69,.T.);
#69 = EDGE_CURVE('',#62,#70,#72,.T.);
#70 = VERTEX_POINT('',#71);
#71 = CARTESIAN_POINT('',(0.585,-0.625,1.1));
#72 = LINE('',#73,#74);
#73 = CARTESIAN_POINT('',(-0.585,-0.625,1.1));
#74 = VECTOR('',#75,1.);
#75 = DIRECTION('',(1.,0.,0.));
#76 = ORIENTED_EDGE('',*,*,#77,.T.);
#77 = EDGE_CURVE('',#70,#78,#80,.T.);
#78 = VERTEX_POINT('',#79);
#79 = CARTESIAN_POINT('',(0.65,-0.625,0.465));
#80 = LINE('',#81,#82);
#81 = CARTESIAN_POINT('',(0.585,-0.625,1.1));
#82 = VECTOR('',#83,1.);
#83 = DIRECTION('',(0.101830105936,0.,-0.994801804142));
#84 = ORIENTED_EDGE('',*,*,#85,.T.);
#85 = EDGE_CURVE('',#78,#60,#86,.T.);
#86 = LINE('',#87,#88);
#87 = CARTESIAN_POINT('',(0.65,-0.625,0.465));
#88 = VECTOR('',#89,1.);
#89 = DIRECTION('',(-1.,0.,-4.270088556251E-17));
#90 = PLANE('',#91);
#91 = AXIS2_PLACEMENT_3D('',#92,#93,#94);
#92 = CARTESIAN_POINT('',(1.481626402817E-17,-0.625,0.771483451357));
#93 = DIRECTION('',(-5.57234551408E-33,1.,3.18580557984E-32));
#94 = DIRECTION('',(0.,-3.18580557984E-32,1.));
#95 = ADVANCED_FACE('',(#96),#137,.T.);
#96 = FACE_BOUND('',#97,.T.);
#97 = EDGE_LOOP('',(#98,#108,#116,#122,#123,#131));
#98 = ORIENTED_EDGE('',*,*,#99,.T.);
#99 = EDGE_CURVE('',#100,#102,#104,.T.);
#100 = VERTEX_POINT('',#101);
#101 = CARTESIAN_POINT('',(-0.65,0.625,0.465));
#102 = VERTEX_POINT('',#103);
#103 = CARTESIAN_POINT('',(-0.65,0.46875,0.465));
#104 = LINE('',#105,#106);
#105 = CARTESIAN_POINT('',(-0.65,0.625,0.465));
#106 = VECTOR('',#107,1.);
#107 = DIRECTION('',(0.,-1.,0.));
#108 = ORIENTED_EDGE('',*,*,#109,.F.);
#109 = EDGE_CURVE('',#110,#102,#112,.T.);
#110 = VERTEX_POINT('',#111);
#111 = CARTESIAN_POINT('',(-0.65,-0.46875,0.465));
#112 = LINE('',#113,#114);
#113 = CARTESIAN_POINT('',(-0.65,-0.625,0.465));
#114 = VECTOR('',#115,1.);
#115 = DIRECTION('',(0.,1.,0.));
#116 = ORIENTED_EDGE('',*,*,#117,.T.);
#117 = EDGE_CURVE('',#110,#60,#118,.T.);
#118 = LINE('',#119,#120);
#119 = CARTESIAN_POINT('',(-0.65,0.625,0.465));
#120 = VECTOR('',#121,1.);
#121 = DIRECTION('',(0.,-1.,0.));
#122 = ORIENTED_EDGE('',*,*,#59,.T.);
#123 = ORIENTED_EDGE('',*,*,#124,.F.);
#124 = EDGE_CURVE('',#125,#62,#127,.T.);
#125 = VERTEX_POINT('',#126);
#126 = CARTESIAN_POINT('',(-0.585,0.625,1.1));
#127 = LINE('',#128,#129);
#128 = CARTESIAN_POINT('',(-0.585,0.625,1.1));
#129 = VECTOR('',#130,1.);
#130 = DIRECTION('',(0.,-1.,0.));
#131 = ORIENTED_EDGE('',*,*,#132,.F.);
#132 = EDGE_CURVE('',#100,#125,#133,.T.);
#133 = LINE('',#134,#135);
#134 = CARTESIAN_POINT('',(-0.65,0.625,0.465));
#135 = VECTOR('',#136,1.);
#136 = DIRECTION('',(0.101830105936,0.,0.994801804142));
#137 = PLANE('',#138);
#138 = AXIS2_PLACEMENT_3D('',#139,#140,#141);
#139 = CARTESIAN_POINT('',(-0.65,0.625,0.465));
#140 = DIRECTION('',(-0.994801804142,0.,0.101830105936));
#141 = DIRECTION('',(0.101830105936,0.,0.994801804142));
#142 = ADVANCED_FACE('',(#143),#216,.F.);
#143 = FACE_BOUND('',#144,.F.);
#144 = EDGE_LOOP('',(#145,#155,#163,#171,#177,#178,#186,#194,#202,#210)
  );
#145 = ORIENTED_EDGE('',*,*,#146,.F.);
#146 = EDGE_CURVE('',#147,#149,#151,.T.);
#147 = VERTEX_POINT('',#148);
#148 = CARTESIAN_POINT('',(-0.965,-0.625,3.5E-02));
#149 = VERTEX_POINT('',#150);
#150 = CARTESIAN_POINT('',(-0.9125,-0.625,3.5E-02));
#151 = LINE('',#152,#153);
#152 = CARTESIAN_POINT('',(-0.965,-0.625,3.5E-02));
#153 = VECTOR('',#154,1.);
#154 = DIRECTION('',(1.,0.,0.));
#155 = ORIENTED_EDGE('',*,*,#156,.T.);
#156 = EDGE_CURVE('',#147,#157,#159,.T.);
#157 = VERTEX_POINT('',#158);
#158 = CARTESIAN_POINT('',(-0.965,-0.625,0.465));
#159 = LINE('',#160,#161);
#160 = CARTESIAN_POINT('',(-0.965,-0.625,3.5E-02));
#161 = VECTOR('',#162,1.);
#162 = DIRECTION('',(0.,0.,1.));
#163 = ORIENTED_EDGE('',*,*,#164,.T.);
#164 = EDGE_CURVE('',#157,#165,#167,.T.);
#165 = VERTEX_POINT('',#166);
#166 = CARTESIAN_POINT('',(-0.9125,-0.625,0.465));
#167 = LINE('',#168,#169);
#168 = CARTESIAN_POINT('',(-0.965,-0.625,0.465));
#169 = VECTOR('',#170,1.);
#170 = DIRECTION('',(1.,0.,0.));
#171 = ORIENTED_EDGE('',*,*,#172,.T.);
#172 = EDGE_CURVE('',#165,#60,#173,.T.);
#173 = LINE('',#174,#175);
#174 = CARTESIAN_POINT('',(-0.965,-0.625,0.465));
#175 = VECTOR('',#176,1.);
#176 = DIRECTION('',(1.,0.,0.));
#177 = ORIENTED_EDGE('',*,*,#85,.F.);
#178 = ORIENTED_EDGE('',*,*,#179,.T.);
#179 = EDGE_CURVE('',#78,#180,#182,.T.);
#180 = VERTEX_POINT('',#181);
#181 = CARTESIAN_POINT('',(0.9125,-0.625,0.465));
#182 = LINE('',#183,#184);
#183 = CARTESIAN_POINT('',(-0.965,-0.625,0.465));
#184 = VECTOR('',#185,1.);
#185 = DIRECTION('',(1.,0.,0.));
#186 = ORIENTED_EDGE('',*,*,#187,.T.);
#187 = EDGE_CURVE('',#180,#188,#190,.T.);
#188 = VERTEX_POINT('',#189);
#189 = CARTESIAN_POINT('',(0.965,-0.625,0.465));
#190 = LINE('',#191,#192);
#191 = CARTESIAN_POINT('',(-0.965,-0.625,0.465));
#192 = VECTOR('',#193,1.);
#193 = DIRECTION('',(1.,0.,0.));
#194 = ORIENTED_EDGE('',*,*,#195,.F.);
#195 = EDGE_CURVE('',#196,#188,#198,.T.);
#196 = VERTEX_POINT('',#197);
#197 = CARTESIAN_POINT('',(0.965,-0.625,3.5E-02));
#198 = LINE('',#199,#200);
#199 = CARTESIAN_POINT('',(0.965,-0.625,3.5E-02));
#200 = VECTOR('',#201,1.);
#201 = DIRECTION('',(0.,0.,1.));
#202 = ORIENTED_EDGE('',*,*,#203,.F.);
#203 = EDGE_CURVE('',#204,#196,#206,.T.);
#204 = VERTEX_POINT('',#205);
#205 = CARTESIAN_POINT('',(0.9125,-0.625,3.5E-02));
#206 = LINE('',#207,#208);
#207 = CARTESIAN_POINT('',(-0.965,-0.625,3.5E-02));
#208 = VECTOR('',#209,1.);
#209 = DIRECTION('',(1.,0.,0.));
#210 = ORIENTED_EDGE('',*,*,#211,.F.);
#211 = EDGE_CURVE('',#149,#204,#212,.T.);
#212 = LINE('',#213,#214);
#213 = CARTESIAN_POINT('',(-0.965,-0.625,3.5E-02));
#214 = VECTOR('',#215,1.);
#215 = DIRECTION('',(1.,0.,0.));
#216 = PLANE('',#217);
#217 = AXIS2_PLACEMENT_3D('',#218,#219,#220);
#218 = CARTESIAN_POINT('',(-0.965,-0.625,3.5E-02));
#219 = DIRECTION('',(0.,1.,0.));
#220 = DIRECTION('',(0.,-0.,1.));
#221 = ADVANCED_FACE('',(#222),#240,.T.);
#222 = FACE_BOUND('',#223,.T.);
#223 = EDGE_LOOP('',(#224,#225,#226,#234));
#224 = ORIENTED_EDGE('',*,*,#124,.T.);
#225 = ORIENTED_EDGE('',*,*,#69,.T.);
#226 = ORIENTED_EDGE('',*,*,#227,.F.);
#227 = EDGE_CURVE('',#228,#70,#230,.T.);
#228 = VERTEX_POINT('',#229);
#229 = CARTESIAN_POINT('',(0.585,0.625,1.1));
#230 = LINE('',#231,#232);
#231 = CARTESIAN_POINT('',(0.585,0.625,1.1));
#232 = VECTOR('',#233,1.);
#233 = DIRECTION('',(0.,-1.,0.));
#234 = ORIENTED_EDGE('',*,*,#235,.F.);
#235 = EDGE_CURVE('',#125,#228,#236,.T.);
#236 = LINE('',#237,#238);
#237 = CARTESIAN_POINT('',(-0.585,0.625,1.1));
#238 = VECTOR('',#239,1.);
#239 = DIRECTION('',(1.,0.,0.));
#240 = PLANE('',#241);
#241 = AXIS2_PLACEMENT_3D('',#242,#243,#244);
#242 = CARTESIAN_POINT('',(-0.585,0.625,1.1));
#243 = DIRECTION('',(0.,0.,1.));
#244 = DIRECTION('',(1.,0.,-0.));
#245 = ADVANCED_FACE('',(#246),#280,.T.);
#246 = FACE_BOUND('',#247,.T.);
#247 = EDGE_LOOP('',(#248,#249,#250,#258,#266,#274));
#248 = ORIENTED_EDGE('',*,*,#227,.T.);
#249 = ORIENTED_EDGE('',*,*,#77,.T.);
#250 = ORIENTED_EDGE('',*,*,#251,.F.);
#251 = EDGE_CURVE('',#252,#78,#254,.T.);
#252 = VERTEX_POINT('',#253);
#253 = CARTESIAN_POINT('',(0.65,-0.46875,0.465));
#254 = LINE('',#255,#256);
#255 = CARTESIAN_POINT('',(0.65,0.625,0.465));
#256 = VECTOR('',#257,1.);
#257 = DIRECTION('',(0.,-1.,0.));
#258 = ORIENTED_EDGE('',*,*,#259,.F.);
#259 = EDGE_CURVE('',#260,#252,#262,.T.);
#260 = VERTEX_POINT('',#261);
#261 = CARTESIAN_POINT('',(0.65,0.46875,0.465));
#262 = LINE('',#263,#264);
#263 = CARTESIAN_POINT('',(0.65,0.625,0.465));
#264 = VECTOR('',#265,1.);
#265 = DIRECTION('',(0.,-1.,0.));
#266 = ORIENTED_EDGE('',*,*,#267,.F.);
#267 = EDGE_CURVE('',#268,#260,#270,.T.);
#268 = VERTEX_POINT('',#269);
#269 = CARTESIAN_POINT('',(0.65,0.625,0.465));
#270 = LINE('',#271,#272);
#271 = CARTESIAN_POINT('',(0.65,0.625,0.465));
#272 = VECTOR('',#273,1.);
#273 = DIRECTION('',(0.,-1.,0.));
#274 = ORIENTED_EDGE('',*,*,#275,.F.);
#275 = EDGE_CURVE('',#228,#268,#276,.T.);
#276 = LINE('',#277,#278);
#277 = CARTESIAN_POINT('',(0.585,0.625,1.1));
#278 = VECTOR('',#279,1.);
#279 = DIRECTION('',(0.101830105936,0.,-0.994801804142));
#280 = PLANE('',#281);
#281 = AXIS2_PLACEMENT_3D('',#282,#283,#284);
#282 = CARTESIAN_POINT('',(0.585,0.625,1.1));
#283 = DIRECTION('',(0.994801804142,0.,0.101830105936));
#284 = DIRECTION('',(0.101830105936,0.,-0.994801804142));
#285 = ADVANCED_FACE('',(#286),#311,.T.);
#286 = FACE_BOUND('',#287,.T.);
#287 = EDGE_LOOP('',(#288,#296,#304,#310));
#288 = ORIENTED_EDGE('',*,*,#289,.F.);
#289 = EDGE_CURVE('',#290,#100,#292,.T.);
#290 = VERTEX_POINT('',#291);
#291 = CARTESIAN_POINT('',(-0.9125,0.625,0.465));
#292 = LINE('',#293,#294);
#293 = CARTESIAN_POINT('',(-0.965,0.625,0.465));
#294 = VECTOR('',#295,1.);
#295 = DIRECTION('',(1.,0.,0.));
#296 = ORIENTED_EDGE('',*,*,#297,.F.);
#297 = EDGE_CURVE('',#298,#290,#300,.T.);
#298 = VERTEX_POINT('',#299);
#299 = CARTESIAN_POINT('',(-0.9125,0.46875,0.465));
#300 = LINE('',#301,#302);
#301 = CARTESIAN_POINT('',(-0.9125,7.8125E-02,0.465));
#302 = VECTOR('',#303,1.);
#303 = DIRECTION('',(0.,1.,0.));
#304 = ORIENTED_EDGE('',*,*,#305,.F.);
#305 = EDGE_CURVE('',#102,#298,#306,.T.);
#306 = LINE('',#307,#308);
#307 = CARTESIAN_POINT('',(-0.93875,0.46875,0.465));
#308 = VECTOR('',#309,1.);
#309 = DIRECTION('',(-1.,0.,0.));
#310 = ORIENTED_EDGE('',*,*,#99,.F.);
#311 = PLANE('',#312);
#312 = AXIS2_PLACEMENT_3D('',#313,#314,#315);
#313 = CARTESIAN_POINT('',(-0.965,-0.625,0.465));
#314 = DIRECTION('',(0.,0.,1.));
#315 = DIRECTION('',(1.,0.,-0.));
#316 = ADVANCED_FACE('',(#317),#328,.T.);
#317 = FACE_BOUND('',#318,.T.);
#318 = EDGE_LOOP('',(#319,#320,#321,#322));
#319 = ORIENTED_EDGE('',*,*,#132,.T.);
#320 = ORIENTED_EDGE('',*,*,#235,.T.);
#321 = ORIENTED_EDGE('',*,*,#275,.T.);
#322 = ORIENTED_EDGE('',*,*,#323,.T.);
#323 = EDGE_CURVE('',#268,#100,#324,.T.);
#324 = LINE('',#325,#326);
#325 = CARTESIAN_POINT('',(0.65,0.625,0.465));
#326 = VECTOR('',#327,1.);
#327 = DIRECTION('',(-1.,0.,-4.270088556251E-17));
#328 = PLANE('',#329);
#329 = AXIS2_PLACEMENT_3D('',#330,#331,#332);
#330 = CARTESIAN_POINT('',(1.481626402817E-17,0.625,0.771483451357));
#331 = DIRECTION('',(-5.57234551408E-33,1.,3.18580557984E-32));
#332 = DIRECTION('',(0.,-3.18580557984E-32,1.));
#333 = ADVANCED_FACE('',(#334),#361,.T.);
#334 = FACE_BOUND('',#335,.T.);
#335 = EDGE_LOOP('',(#336,#345,#353,#360));
#336 = ORIENTED_EDGE('',*,*,#337,.F.);
#337 = EDGE_CURVE('',#338,#102,#340,.T.);
#338 = VERTEX_POINT('',#339);
#339 = CARTESIAN_POINT('',(-0.685,0.46875,0.5));
#340 = CIRCLE('',#341,3.5E-02);
#341 = AXIS2_PLACEMENT_3D('',#342,#343,#344);
#342 = CARTESIAN_POINT('',(-0.685,0.46875,0.465));
#343 = DIRECTION('',(-0.,1.,0.));
#344 = DIRECTION('',(1.,0.,0.));
#345 = ORIENTED_EDGE('',*,*,#346,.F.);
#346 = EDGE_CURVE('',#347,#338,#349,.T.);
#347 = VERTEX_POINT('',#348);
#348 = CARTESIAN_POINT('',(-0.685,-0.46875,0.5));
#349 = LINE('',#350,#351);
#350 = CARTESIAN_POINT('',(-0.685,-0.625,0.5));
#351 = VECTOR('',#352,1.);
#352 = DIRECTION('',(0.,1.,0.));
#353 = ORIENTED_EDGE('',*,*,#354,.T.);
#354 = EDGE_CURVE('',#347,#110,#355,.T.);
#355 = CIRCLE('',#356,3.5E-02);
#356 = AXIS2_PLACEMENT_3D('',#357,#358,#359);
#357 = CARTESIAN_POINT('',(-0.685,-0.46875,0.465));
#358 = DIRECTION('',(-0.,1.,0.));
#359 = DIRECTION('',(1.,0.,0.));
#360 = ORIENTED_EDGE('',*,*,#109,.T.);
#361 = CYLINDRICAL_SURFACE('',#362,3.5E-02);
#362 = AXIS2_PLACEMENT_3D('',#363,#364,#365);
#363 = CARTESIAN_POINT('',(-0.685,-0.625,0.465));
#364 = DIRECTION('',(0.,1.,0.));
#365 = DIRECTION('',(1.,0.,0.));
#366 = ADVANCED_FACE('',(#367),#385,.T.);
#367 = FACE_BOUND('',#368,.T.);
#368 = EDGE_LOOP('',(#369,#377,#378,#379));
#369 = ORIENTED_EDGE('',*,*,#370,.F.);
#370 = EDGE_CURVE('',#165,#371,#373,.T.);
#371 = VERTEX_POINT('',#372);
#372 = CARTESIAN_POINT('',(-0.9125,-0.46875,0.465));
#373 = LINE('',#374,#375);
#374 = CARTESIAN_POINT('',(-0.9125,-0.546875,0.465));
#375 = VECTOR('',#376,1.);
#376 = DIRECTION('',(0.,1.,0.));
#377 = ORIENTED_EDGE('',*,*,#172,.T.);
#378 = ORIENTED_EDGE('',*,*,#117,.F.);
#379 = ORIENTED_EDGE('',*,*,#380,.F.);
#380 = EDGE_CURVE('',#371,#110,#381,.T.);
#381 = LINE('',#382,#383);
#382 = CARTESIAN_POINT('',(-2.625E-02,-0.46875,0.465));
#383 = VECTOR('',#384,1.);
#384 = DIRECTION('',(1.,0.,0.));
#385 = PLANE('',#386);
#386 = AXIS2_PLACEMENT_3D('',#387,#388,#389);
#387 = CARTESIAN_POINT('',(-0.965,-0.625,0.465));
#388 = DIRECTION('',(0.,0.,1.));
#389 = DIRECTION('',(1.,0.,-0.));
#390 = ADVANCED_FACE('',(#391),#452,.F.);
#391 = FACE_BOUND('',#392,.F.);
#392 = EDGE_LOOP('',(#393,#403,#412,#420,#429,#437,#443,#444,#445,#446)
  );
#393 = ORIENTED_EDGE('',*,*,#394,.F.);
#394 = EDGE_CURVE('',#395,#397,#399,.T.);
#395 = VERTEX_POINT('',#396);
#396 = CARTESIAN_POINT('',(-0.965,-0.625,-6.938893903907E-18));
#397 = VERTEX_POINT('',#398);
#398 = CARTESIAN_POINT('',(-0.9125,-0.625,0.));
#399 = LINE('',#400,#401);
#400 = CARTESIAN_POINT('',(-1.,-0.625,0.));
#401 = VECTOR('',#402,1.);
#402 = DIRECTION('',(1.,0.,0.));
#403 = ORIENTED_EDGE('',*,*,#404,.F.);
#404 = EDGE_CURVE('',#405,#395,#407,.T.);
#405 = VERTEX_POINT('',#406);
#406 = CARTESIAN_POINT('',(-1.,-0.625,3.5E-02));
#407 = CIRCLE('',#408,3.5E-02);
#408 = AXIS2_PLACEMENT_3D('',#409,#410,#411);
#409 = CARTESIAN_POINT('',(-0.965,-0.625,3.5E-02));
#410 = DIRECTION('',(0.,-1.,0.));
#411 = DIRECTION('',(0.,0.,1.));
#412 = ORIENTED_EDGE('',*,*,#413,.T.);
#413 = EDGE_CURVE('',#405,#414,#416,.T.);
#414 = VERTEX_POINT('',#415);
#415 = CARTESIAN_POINT('',(-1.,-0.625,0.465));
#416 = LINE('',#417,#418);
#417 = CARTESIAN_POINT('',(-1.,-0.625,0.));
#418 = VECTOR('',#419,1.);
#419 = DIRECTION('',(0.,0.,1.));
#420 = ORIENTED_EDGE('',*,*,#421,.T.);
#421 = EDGE_CURVE('',#414,#422,#424,.T.);
#422 = VERTEX_POINT('',#423);
#423 = CARTESIAN_POINT('',(-0.965,-0.625,0.5));
#424 = CIRCLE('',#425,3.5E-02);
#425 = AXIS2_PLACEMENT_3D('',#426,#427,#428);
#426 = CARTESIAN_POINT('',(-0.965,-0.625,0.465));
#427 = DIRECTION('',(0.,1.,0.));
#428 = DIRECTION('',(0.,-0.,1.));
#429 = ORIENTED_EDGE('',*,*,#430,.T.);
#430 = EDGE_CURVE('',#422,#431,#433,.T.);
#431 = VERTEX_POINT('',#432);
#432 = CARTESIAN_POINT('',(-0.9125,-0.625,0.5));
#433 = LINE('',#434,#435);
#434 = CARTESIAN_POINT('',(-1.,-0.625,0.5));
#435 = VECTOR('',#436,1.);
#436 = DIRECTION('',(1.,0.,0.));
#437 = ORIENTED_EDGE('',*,*,#438,.F.);
#438 = EDGE_CURVE('',#165,#431,#439,.T.);
#439 = LINE('',#440,#441);
#440 = CARTESIAN_POINT('',(-0.9125,-0.625,0.375));
#441 = VECTOR('',#442,1.);
#442 = DIRECTION('',(0.,0.,1.));
#443 = ORIENTED_EDGE('',*,*,#164,.F.);
#444 = ORIENTED_EDGE('',*,*,#156,.F.);
#445 = ORIENTED_EDGE('',*,*,#146,.T.);
#446 = ORIENTED_EDGE('',*,*,#447,.F.);
#447 = EDGE_CURVE('',#397,#149,#448,.T.);
#448 = LINE('',#449,#450);
#449 = CARTESIAN_POINT('',(-0.9125,-0.625,0.375));
#450 = VECTOR('',#451,1.);
#451 = DIRECTION('',(0.,0.,1.));
#452 = PLANE('',#453);
#453 = AXIS2_PLACEMENT_3D('',#454,#455,#456);
#454 = CARTESIAN_POINT('',(-1.,-0.625,0.));
#455 = DIRECTION('',(0.,1.,0.));
#456 = DIRECTION('',(0.,-0.,1.));
#457 = ADVANCED_FACE('',(#458,#547),#573,.F.);
#458 = FACE_BOUND('',#459,.F.);
#459 = EDGE_LOOP('',(#460,#468,#469,#477,#485,#493,#501,#509,#517,#525,
    #533,#541));
#460 = ORIENTED_EDGE('',*,*,#461,.F.);
#461 = EDGE_CURVE('',#149,#462,#464,.T.);
#462 = VERTEX_POINT('',#463);
#463 = CARTESIAN_POINT('',(-0.9125,-0.46875,3.5E-02));
#464 = LINE('',#465,#466);
#465 = CARTESIAN_POINT('',(-0.9125,-0.546875,3.5E-02));
#466 = VECTOR('',#467,1.);
#467 = DIRECTION('',(0.,1.,0.));
#468 = ORIENTED_EDGE('',*,*,#211,.T.);
#469 = ORIENTED_EDGE('',*,*,#470,.F.);
#470 = EDGE_CURVE('',#471,#204,#473,.T.);
#471 = VERTEX_POINT('',#472);
#472 = CARTESIAN_POINT('',(0.9125,-0.46875,3.5E-02));
#473 = LINE('',#474,#475);
#474 = CARTESIAN_POINT('',(0.9125,-0.703125,3.5E-02));
#475 = VECTOR('',#476,1.);
#476 = DIRECTION('',(0.,-1.,0.));
#477 = ORIENTED_EDGE('',*,*,#478,.F.);
#478 = EDGE_CURVE('',#479,#471,#481,.T.);
#479 = VERTEX_POINT('',#480);
#480 = CARTESIAN_POINT('',(0.65,-0.46875,3.5E-02));
#481 = LINE('',#482,#483);
#482 = CARTESIAN_POINT('',(-2.625E-02,-0.46875,3.5E-02));
#483 = VECTOR('',#484,1.);
#484 = DIRECTION('',(1.,0.,0.));
#485 = ORIENTED_EDGE('',*,*,#486,.T.);
#486 = EDGE_CURVE('',#479,#487,#489,.T.);
#487 = VERTEX_POINT('',#488);
#488 = CARTESIAN_POINT('',(0.65,0.46875,3.5E-02));
#489 = LINE('',#490,#491);
#490 = CARTESIAN_POINT('',(0.65,-0.625,3.5E-02));
#491 = VECTOR('',#492,1.);
#492 = DIRECTION('',(0.,1.,0.));
#493 = ORIENTED_EDGE('',*,*,#494,.F.);
#494 = EDGE_CURVE('',#495,#487,#497,.T.);
#495 = VERTEX_POINT('',#496);
#496 = CARTESIAN_POINT('',(0.9125,0.46875,3.5E-02));
#497 = LINE('',#498,#499);
#498 = CARTESIAN_POINT('',(-0.93875,0.46875,3.5E-02));
#499 = VECTOR('',#500,1.);
#500 = DIRECTION('',(-1.,0.,0.));
#501 = ORIENTED_EDGE('',*,*,#502,.F.);
#502 = EDGE_CURVE('',#503,#495,#505,.T.);
#503 = VERTEX_POINT('',#504);
#504 = CARTESIAN_POINT('',(0.9125,0.625,3.5E-02));
#505 = LINE('',#506,#507);
#506 = CARTESIAN_POINT('',(0.9125,-7.8125E-02,3.5E-02));
#507 = VECTOR('',#508,1.);
#508 = DIRECTION('',(0.,-1.,0.));
#509 = ORIENTED_EDGE('',*,*,#510,.F.);
#510 = EDGE_CURVE('',#511,#503,#513,.T.);
#511 = VERTEX_POINT('',#512);
#512 = CARTESIAN_POINT('',(-0.9125,0.625,3.5E-02));
#513 = LINE('',#514,#515);
#514 = CARTESIAN_POINT('',(-0.965,0.625,3.5E-02));
#515 = VECTOR('',#516,1.);
#516 = DIRECTION('',(1.,0.,0.));
#517 = ORIENTED_EDGE('',*,*,#518,.F.);
#518 = EDGE_CURVE('',#519,#511,#521,.T.);
#519 = VERTEX_POINT('',#520);
#520 = CARTESIAN_POINT('',(-0.9125,0.46875,3.5E-02));
#521 = LINE('',#522,#523);
#522 = CARTESIAN_POINT('',(-0.9125,7.8125E-02,3.5E-02));
#523 = VECTOR('',#524,1.);
#524 = DIRECTION('',(0.,1.,0.));
#525 = ORIENTED_EDGE('',*,*,#526,.F.);
#526 = EDGE_CURVE('',#527,#519,#529,.T.);
#527 = VERTEX_POINT('',#528);
#528 = CARTESIAN_POINT('',(-0.65,0.46875,3.5E-02));
#529 = LINE('',#530,#531);
#530 = CARTESIAN_POINT('',(-0.93875,0.46875,3.5E-02));
#531 = VECTOR('',#532,1.);
#532 = DIRECTION('',(-1.,0.,0.));
#533 = ORIENTED_EDGE('',*,*,#534,.F.);
#534 = EDGE_CURVE('',#535,#527,#537,.T.);
#535 = VERTEX_POINT('',#536);
#536 = CARTESIAN_POINT('',(-0.65,-0.46875,3.5E-02));
#537 = LINE('',#538,#539);
#538 = CARTESIAN_POINT('',(-0.65,-0.625,3.5E-02));
#539 = VECTOR('',#540,1.);
#540 = DIRECTION('',(0.,1.,0.));
#541 = ORIENTED_EDGE('',*,*,#542,.F.);
#542 = EDGE_CURVE('',#462,#535,#543,.T.);
#543 = LINE('',#544,#545);
#544 = CARTESIAN_POINT('',(-2.625E-02,-0.46875,3.5E-02));
#545 = VECTOR('',#546,1.);
#546 = DIRECTION('',(1.,0.,0.));
#547 = FACE_BOUND('',#548,.F.);
#548 = EDGE_LOOP('',(#549,#559,#567));
#549 = ORIENTED_EDGE('',*,*,#550,.T.);
#550 = EDGE_CURVE('',#551,#553,#555,.T.);
#551 = VERTEX_POINT('',#552);
#552 = CARTESIAN_POINT('',(0.433012701892,0.5,3.5E-02));
#553 = VERTEX_POINT('',#554);
#554 = CARTESIAN_POINT('',(0.433012701892,-0.5,3.5E-02));
#555 = LINE('',#556,#557);
#556 = CARTESIAN_POINT('',(0.433012701892,0.5,3.5E-02));
#557 = VECTOR('',#558,1.);
#558 = DIRECTION('',(0.,-1.,0.));
#559 = ORIENTED_EDGE('',*,*,#560,.T.);
#560 = EDGE_CURVE('',#553,#561,#563,.T.);
#561 = VERTEX_POINT('',#562);
#562 = CARTESIAN_POINT('',(-0.433012701892,0.,3.5E-02));
#563 = LINE('',#564,#565);
#564 = CARTESIAN_POINT('',(0.433012701892,-0.5,3.5E-02));
#565 = VECTOR('',#566,1.);
#566 = DIRECTION('',(-0.866025403784,0.5,0.));
#567 = ORIENTED_EDGE('',*,*,#568,.T.);
#568 = EDGE_CURVE('',#561,#551,#569,.T.);
#569 = LINE('',#570,#571);
#570 = CARTESIAN_POINT('',(-0.433012701892,0.,3.5E-02));
#571 = VECTOR('',#572,1.);
#572 = DIRECTION('',(0.866025403784,0.5,0.));
#573 = PLANE('',#574);
#574 = AXIS2_PLACEMENT_3D('',#575,#576,#577);
#575 = CARTESIAN_POINT('',(-0.965,-0.625,3.5E-02));
#576 = DIRECTION('',(0.,0.,1.));
#577 = DIRECTION('',(1.,0.,-0.));
#578 = ADVANCED_FACE('',(#579),#640,.F.);
#579 = FACE_BOUND('',#580,.F.);
#580 = EDGE_LOOP('',(#581,#591,#597,#598,#599,#600,#608,#616,#625,#633)
  );
#581 = ORIENTED_EDGE('',*,*,#582,.F.);
#582 = EDGE_CURVE('',#583,#585,#587,.T.);
#583 = VERTEX_POINT('',#584);
#584 = CARTESIAN_POINT('',(0.9125,-0.625,0.));
#585 = VERTEX_POINT('',#586);
#586 = CARTESIAN_POINT('',(0.965,-0.625,-6.938893903907E-18));
#587 = LINE('',#588,#589);
#588 = CARTESIAN_POINT('',(0.65,-0.625,0.));
#589 = VECTOR('',#590,1.);
#590 = DIRECTION('',(1.,0.,0.));
#591 = ORIENTED_EDGE('',*,*,#592,.F.);
#592 = EDGE_CURVE('',#204,#583,#593,.T.);
#593 = LINE('',#594,#595);
#594 = CARTESIAN_POINT('',(0.9125,-0.625,0.375));
#595 = VECTOR('',#596,1.);
#596 = DIRECTION('',(0.,0.,-1.));
#597 = ORIENTED_EDGE('',*,*,#203,.T.);
#598 = ORIENTED_EDGE('',*,*,#195,.T.);
#599 = ORIENTED_EDGE('',*,*,#187,.F.);
#600 = ORIENTED_EDGE('',*,*,#601,.F.);
#601 = EDGE_CURVE('',#602,#180,#604,.T.);
#602 = VERTEX_POINT('',#603);
#603 = CARTESIAN_POINT('',(0.9125,-0.625,0.5));
#604 = LINE('',#605,#606);
#605 = CARTESIAN_POINT('',(0.9125,-0.625,0.375));
#606 = VECTOR('',#607,1.);
#607 = DIRECTION('',(0.,0.,-1.));
#608 = ORIENTED_EDGE('',*,*,#609,.T.);
#609 = EDGE_CURVE('',#602,#610,#612,.T.);
#610 = VERTEX_POINT('',#611);
#611 = CARTESIAN_POINT('',(0.965,-0.625,0.5));
#612 = LINE('',#613,#614);
#613 = CARTESIAN_POINT('',(0.65,-0.625,0.5));
#614 = VECTOR('',#615,1.);
#615 = DIRECTION('',(1.,0.,0.));
#616 = ORIENTED_EDGE('',*,*,#617,.F.);
#617 = EDGE_CURVE('',#618,#610,#620,.T.);
#618 = VERTEX_POINT('',#619);
#619 = CARTESIAN_POINT('',(1.,-0.625,0.465));
#620 = CIRCLE('',#621,3.5E-02);
#621 = AXIS2_PLACEMENT_3D('',#622,#623,#624);
#622 = CARTESIAN_POINT('',(0.965,-0.625,0.465));
#623 = DIRECTION('',(0.,-1.,0.));
#624 = DIRECTION('',(0.,0.,1.));
#625 = ORIENTED_EDGE('',*,*,#626,.F.);
#626 = EDGE_CURVE('',#627,#618,#629,.T.);
#627 = VERTEX_POINT('',#628);
#628 = CARTESIAN_POINT('',(1.,-0.625,3.5E-02));
#629 = LINE('',#630,#631);
#630 = CARTESIAN_POINT('',(1.,-0.625,0.));
#631 = VECTOR('',#632,1.);
#632 = DIRECTION('',(0.,0.,1.));
#633 = ORIENTED_EDGE('',*,*,#634,.T.);
#634 = EDGE_CURVE('',#627,#585,#635,.T.);
#635 = CIRCLE('',#636,3.5E-02);
#636 = AXIS2_PLACEMENT_3D('',#637,#638,#639);
#637 = CARTESIAN_POINT('',(0.965,-0.625,3.5E-02));
#638 = DIRECTION('',(0.,1.,0.));
#639 = DIRECTION('',(0.,-0.,1.));
#640 = PLANE('',#641);
#641 = AXIS2_PLACEMENT_3D('',#642,#643,#644);
#642 = CARTESIAN_POINT('',(0.65,-0.625,0.));
#643 = DIRECTION('',(0.,1.,0.));
#644 = DIRECTION('',(0.,-0.,1.));
#645 = ADVANCED_FACE('',(#646),#664,.T.);
#646 = FACE_BOUND('',#647,.T.);
#647 = EDGE_LOOP('',(#648,#656,#657,#658));
#648 = ORIENTED_EDGE('',*,*,#649,.F.);
#649 = EDGE_CURVE('',#252,#650,#652,.T.);
#650 = VERTEX_POINT('',#651);
#651 = CARTESIAN_POINT('',(0.9125,-0.46875,0.465));
#652 = LINE('',#653,#654);
#653 = CARTESIAN_POINT('',(-2.625E-02,-0.46875,0.465));
#654 = VECTOR('',#655,1.);
#655 = DIRECTION('',(1.,0.,0.));
#656 = ORIENTED_EDGE('',*,*,#251,.T.);
#657 = ORIENTED_EDGE('',*,*,#179,.T.);
#658 = ORIENTED_EDGE('',*,*,#659,.F.);
#659 = EDGE_CURVE('',#650,#180,#660,.T.);
#660 = LINE('',#661,#662);
#661 = CARTESIAN_POINT('',(0.9125,-0.703125,0.465));
#662 = VECTOR('',#663,1.);
#663 = DIRECTION('',(0.,-1.,0.));
#664 = PLANE('',#665);
#665 = AXIS2_PLACEMENT_3D('',#666,#667,#668);
#666 = CARTESIAN_POINT('',(-0.965,-0.625,0.465));
#667 = DIRECTION('',(0.,0.,1.));
#668 = DIRECTION('',(1.,0.,-0.));
#669 = ADVANCED_FACE('',(#670),#695,.T.);
#670 = FACE_BOUND('',#671,.T.);
#671 = EDGE_LOOP('',(#672,#680,#681,#689));
#672 = ORIENTED_EDGE('',*,*,#673,.F.);
#673 = EDGE_CURVE('',#268,#674,#676,.T.);
#674 = VERTEX_POINT('',#675);
#675 = CARTESIAN_POINT('',(0.9125,0.625,0.465));
#676 = LINE('',#677,#678);
#677 = CARTESIAN_POINT('',(-0.965,0.625,0.465));
#678 = VECTOR('',#679,1.);
#679 = DIRECTION('',(1.,0.,0.));
#680 = ORIENTED_EDGE('',*,*,#267,.T.);
#681 = ORIENTED_EDGE('',*,*,#682,.F.);
#682 = EDGE_CURVE('',#683,#260,#685,.T.);
#683 = VERTEX_POINT('',#684);
#684 = CARTESIAN_POINT('',(0.9125,0.46875,0.465));
#685 = LINE('',#686,#687);
#686 = CARTESIAN_POINT('',(-0.93875,0.46875,0.465));
#687 = VECTOR('',#688,1.);
#688 = DIRECTION('',(-1.,0.,0.));
#689 = ORIENTED_EDGE('',*,*,#690,.F.);
#690 = EDGE_CURVE('',#674,#683,#691,.T.);
#691 = LINE('',#692,#693);
#692 = CARTESIAN_POINT('',(0.9125,-7.8125E-02,0.465));
#693 = VECTOR('',#694,1.);
#694 = DIRECTION('',(0.,-1.,0.));
#695 = PLANE('',#696);
#696 = AXIS2_PLACEMENT_3D('',#697,#698,#699);
#697 = CARTESIAN_POINT('',(-0.965,-0.625,0.465));
#698 = DIRECTION('',(0.,0.,1.));
#699 = DIRECTION('',(1.,0.,-0.));
#700 = ADVANCED_FACE('',(#701),#728,.T.);
#701 = FACE_BOUND('',#702,.T.);
#702 = EDGE_LOOP('',(#703,#704,#713,#721));
#703 = ORIENTED_EDGE('',*,*,#259,.T.);
#704 = ORIENTED_EDGE('',*,*,#705,.T.);
#705 = EDGE_CURVE('',#252,#706,#708,.T.);
#706 = VERTEX_POINT('',#707);
#707 = CARTESIAN_POINT('',(0.685,-0.46875,0.5));
#708 = CIRCLE('',#709,3.5E-02);
#709 = AXIS2_PLACEMENT_3D('',#710,#711,#712);
#710 = CARTESIAN_POINT('',(0.685,-0.46875,0.465));
#711 = DIRECTION('',(0.,1.,-0.));
#712 = DIRECTION('',(-1.,0.,0.));
#713 = ORIENTED_EDGE('',*,*,#714,.T.);
#714 = EDGE_CURVE('',#706,#715,#717,.T.);
#715 = VERTEX_POINT('',#716);
#716 = CARTESIAN_POINT('',(0.685,0.46875,0.5));
#717 = LINE('',#718,#719);
#718 = CARTESIAN_POINT('',(0.685,-0.625,0.5));
#719 = VECTOR('',#720,1.);
#720 = DIRECTION('',(0.,1.,0.));
#721 = ORIENTED_EDGE('',*,*,#722,.F.);
#722 = EDGE_CURVE('',#260,#715,#723,.T.);
#723 = CIRCLE('',#724,3.5E-02);
#724 = AXIS2_PLACEMENT_3D('',#725,#726,#727);
#725 = CARTESIAN_POINT('',(0.685,0.46875,0.465));
#726 = DIRECTION('',(0.,1.,-0.));
#727 = DIRECTION('',(-1.,0.,0.));
#728 = CYLINDRICAL_SURFACE('',#729,3.5E-02);
#729 = AXIS2_PLACEMENT_3D('',#730,#731,#732);
#730 = CARTESIAN_POINT('',(0.685,-0.625,0.465));
#731 = DIRECTION('',(0.,1.,0.));
#732 = DIRECTION('',(-1.,0.,0.));
#733 = ADVANCED_FACE('',(#734),#784,.T.);
#734 = FACE_BOUND('',#735,.T.);
#735 = EDGE_LOOP('',(#736,#744,#752,#758,#759,#760,#761,#769,#777,#783)
  );
#736 = ORIENTED_EDGE('',*,*,#737,.F.);
#737 = EDGE_CURVE('',#738,#511,#740,.T.);
#738 = VERTEX_POINT('',#739);
#739 = CARTESIAN_POINT('',(-0.965,0.625,3.5E-02));
#740 = LINE('',#741,#742);
#741 = CARTESIAN_POINT('',(-0.965,0.625,3.5E-02));
#742 = VECTOR('',#743,1.);
#743 = DIRECTION('',(1.,0.,0.));
#744 = ORIENTED_EDGE('',*,*,#745,.T.);
#745 = EDGE_CURVE('',#738,#746,#748,.T.);
#746 = VERTEX_POINT('',#747);
#747 = CARTESIAN_POINT('',(-0.965,0.625,0.465));
#748 = LINE('',#749,#750);
#749 = CARTESIAN_POINT('',(-0.965,0.625,3.5E-02));
#750 = VECTOR('',#751,1.);
#751 = DIRECTION('',(0.,0.,1.));
#752 = ORIENTED_EDGE('',*,*,#753,.T.);
#753 = EDGE_CURVE('',#746,#290,#754,.T.);
#754 = LINE('',#755,#756);
#755 = CARTESIAN_POINT('',(-0.965,0.625,0.465));
#756 = VECTOR('',#757,1.);
#757 = DIRECTION('',(1.,0.,0.));
#758 = ORIENTED_EDGE('',*,*,#289,.T.);
#759 = ORIENTED_EDGE('',*,*,#323,.F.);
#760 = ORIENTED_EDGE('',*,*,#673,.T.);
#761 = ORIENTED_EDGE('',*,*,#762,.T.);
#762 = EDGE_CURVE('',#674,#763,#765,.T.);
#763 = VERTEX_POINT('',#764);
#764 = CARTESIAN_POINT('',(0.965,0.625,0.465));
#765 = LINE('',#766,#767);
#766 = CARTESIAN_POINT('',(-0.965,0.625,0.465));
#767 = VECTOR('',#768,1.);
#768 = DIRECTION('',(1.,0.,0.));
#769 = ORIENTED_EDGE('',*,*,#770,.F.);
#770 = EDGE_CURVE('',#771,#763,#773,.T.);
#771 = VERTEX_POINT('',#772);
#772 = CARTESIAN_POINT('',(0.965,0.625,3.5E-02));
#773 = LINE('',#774,#775);
#774 = CARTESIAN_POINT('',(0.965,0.625,3.5E-02));
#775 = VECTOR('',#776,1.);
#776 = DIRECTION('',(0.,0.,1.));
#777 = ORIENTED_EDGE('',*,*,#778,.F.);
#778 = EDGE_CURVE('',#503,#771,#779,.T.);
#779 = LINE('',#780,#781);
#780 = CARTESIAN_POINT('',(-0.965,0.625,3.5E-02));
#781 = VECTOR('',#782,1.);
#782 = DIRECTION('',(1.,0.,0.));
#783 = ORIENTED_EDGE('',*,*,#510,.F.);
#784 = PLANE('',#785);
#785 = AXIS2_PLACEMENT_3D('',#786,#787,#788);
#786 = CARTESIAN_POINT('',(-0.965,0.625,3.5E-02));
#787 = DIRECTION('',(0.,1.,0.));
#788 = DIRECTION('',(0.,-0.,1.));
#789 = ADVANCED_FACE('',(#790),#808,.F.);
#790 = FACE_BOUND('',#791,.F.);
#791 = EDGE_LOOP('',(#792,#800,#806,#807));
#792 = ORIENTED_EDGE('',*,*,#793,.F.);
#793 = EDGE_CURVE('',#794,#338,#796,.T.);
#794 = VERTEX_POINT('',#795);
#795 = CARTESIAN_POINT('',(-0.9125,0.46875,0.5));
#796 = LINE('',#797,#798);
#797 = CARTESIAN_POINT('',(-0.95625,0.46875,0.5));
#798 = VECTOR('',#799,1.);
#799 = DIRECTION('',(1.,0.,0.));
#800 = ORIENTED_EDGE('',*,*,#801,.T.);
#801 = EDGE_CURVE('',#794,#298,#802,.T.);
#802 = LINE('',#803,#804);
#803 = CARTESIAN_POINT('',(-0.9125,0.46875,0.75));
#804 = VECTOR('',#805,1.);
#805 = DIRECTION('',(-0.,-0.,-1.));
#806 = ORIENTED_EDGE('',*,*,#305,.F.);
#807 = ORIENTED_EDGE('',*,*,#337,.F.);
#808 = PLANE('',#809);
#809 = AXIS2_PLACEMENT_3D('',#810,#811,#812);
#810 = CARTESIAN_POINT('',(-0.9125,0.46875,0.75));
#811 = DIRECTION('',(0.,-1.,0.));
#812 = DIRECTION('',(1.,0.,0.));
#813 = ADVANCED_FACE('',(#814),#832,.F.);
#814 = FACE_BOUND('',#815,.F.);
#815 = EDGE_LOOP('',(#816,#817,#825,#831));
#816 = ORIENTED_EDGE('',*,*,#801,.F.);
#817 = ORIENTED_EDGE('',*,*,#818,.F.);
#818 = EDGE_CURVE('',#819,#794,#821,.T.);
#819 = VERTEX_POINT('',#820);
#820 = CARTESIAN_POINT('',(-0.9125,0.625,0.5));
#821 = LINE('',#822,#823);
#822 = CARTESIAN_POINT('',(-0.9125,7.8125E-02,0.5));
#823 = VECTOR('',#824,1.);
#824 = DIRECTION('',(0.,-1.,0.));
#825 = ORIENTED_EDGE('',*,*,#826,.F.);
#826 = EDGE_CURVE('',#290,#819,#827,.T.);
#827 = LINE('',#828,#829);
#828 = CARTESIAN_POINT('',(-0.9125,0.625,0.375));
#829 = VECTOR('',#830,1.);
#830 = DIRECTION('',(0.,0.,1.));
#831 = ORIENTED_EDGE('',*,*,#297,.F.);
#832 = PLANE('',#833);
#833 = AXIS2_PLACEMENT_3D('',#834,#835,#836);
#834 = CARTESIAN_POINT('',(-0.9125,0.78125,0.75));
#835 = DIRECTION('',(-1.,0.,0.));
#836 = DIRECTION('',(0.,-1.,0.));
#837 = ADVANCED_FACE('',(#838),#856,.F.);
#838 = FACE_BOUND('',#839,.F.);
#839 = EDGE_LOOP('',(#840,#848,#854,#855));
#840 = ORIENTED_EDGE('',*,*,#841,.F.);
#841 = EDGE_CURVE('',#842,#371,#844,.T.);
#842 = VERTEX_POINT('',#843);
#843 = CARTESIAN_POINT('',(-0.9125,-0.46875,0.5));
#844 = LINE('',#845,#846);
#845 = CARTESIAN_POINT('',(-0.9125,-0.46875,0.75));
#846 = VECTOR('',#847,1.);
#847 = DIRECTION('',(-0.,-0.,-1.));
#848 = ORIENTED_EDGE('',*,*,#849,.F.);
#849 = EDGE_CURVE('',#347,#842,#850,.T.);
#850 = LINE('',#851,#852);
#851 = CARTESIAN_POINT('',(-4.375E-02,-0.46875,0.5));
#852 = VECTOR('',#853,1.);
#853 = DIRECTION('',(-1.,0.,0.));
#854 = ORIENTED_EDGE('',*,*,#354,.T.);
#855 = ORIENTED_EDGE('',*,*,#380,.F.);
#856 = PLANE('',#857);
#857 = AXIS2_PLACEMENT_3D('',#858,#859,#860);
#858 = CARTESIAN_POINT('',(0.9125,-0.46875,0.75));
#859 = DIRECTION('',(0.,1.,0.));
#860 = DIRECTION('',(-1.,0.,0.));
#861 = ADVANCED_FACE('',(#862),#889,.T.);
#862 = FACE_BOUND('',#863,.T.);
#863 = EDGE_LOOP('',(#864,#872,#878,#879,#885,#886,#887,#888));
#864 = ORIENTED_EDGE('',*,*,#865,.F.);
#865 = EDGE_CURVE('',#866,#819,#868,.T.);
#866 = VERTEX_POINT('',#867);
#867 = CARTESIAN_POINT('',(-0.965,0.625,0.5));
#868 = LINE('',#869,#870);
#869 = CARTESIAN_POINT('',(-1.,0.625,0.5));
#870 = VECTOR('',#871,1.);
#871 = DIRECTION('',(1.,0.,0.));
#872 = ORIENTED_EDGE('',*,*,#873,.F.);
#873 = EDGE_CURVE('',#422,#866,#874,.T.);
#874 = LINE('',#875,#876);
#875 = CARTESIAN_POINT('',(-0.965,-0.625,0.5));
#876 = VECTOR('',#877,1.);
#877 = DIRECTION('',(0.,1.,0.));
#878 = ORIENTED_EDGE('',*,*,#430,.T.);
#879 = ORIENTED_EDGE('',*,*,#880,.F.);
#880 = EDGE_CURVE('',#842,#431,#881,.T.);
#881 = LINE('',#882,#883);
#882 = CARTESIAN_POINT('',(-0.9125,-0.546875,0.5));
#883 = VECTOR('',#884,1.);
#884 = DIRECTION('',(0.,-1.,0.));
#885 = ORIENTED_EDGE('',*,*,#849,.F.);
#886 = ORIENTED_EDGE('',*,*,#346,.T.);
#887 = ORIENTED_EDGE('',*,*,#793,.F.);
#888 = ORIENTED_EDGE('',*,*,#818,.F.);
#889 = PLANE('',#890);
#890 = AXIS2_PLACEMENT_3D('',#891,#892,#893);
#891 = CARTESIAN_POINT('',(-1.,-0.625,0.5));
#892 = DIRECTION('',(0.,0.,1.));
#893 = DIRECTION('',(1.,0.,-0.));
#894 = ADVANCED_FACE('',(#895),#901,.F.);
#895 = FACE_BOUND('',#896,.F.);
#896 = EDGE_LOOP('',(#897,#898,#899,#900));
#897 = ORIENTED_EDGE('',*,*,#880,.F.);
#898 = ORIENTED_EDGE('',*,*,#841,.T.);
#899 = ORIENTED_EDGE('',*,*,#370,.F.);
#900 = ORIENTED_EDGE('',*,*,#438,.T.);
#901 = PLANE('',#902);
#902 = AXIS2_PLACEMENT_3D('',#903,#904,#905);
#903 = CARTESIAN_POINT('',(-0.9125,-0.46875,0.75));
#904 = DIRECTION('',(-1.,0.,0.));
#905 = DIRECTION('',(0.,-1.,0.));
#906 = ADVANCED_FACE('',(#907),#964,.F.);
#907 = FACE_BOUND('',#908,.F.);
#908 = EDGE_LOOP('',(#909,#919,#925,#926,#934,#942,#950,#958));
#909 = ORIENTED_EDGE('',*,*,#910,.F.);
#910 = EDGE_CURVE('',#911,#913,#915,.T.);
#911 = VERTEX_POINT('',#912);
#912 = CARTESIAN_POINT('',(-0.965,0.625,-6.938893903907E-18));
#913 = VERTEX_POINT('',#914);
#914 = CARTESIAN_POINT('',(-0.9125,0.625,0.));
#915 = LINE('',#916,#917);
#916 = CARTESIAN_POINT('',(-1.,0.625,0.));
#917 = VECTOR('',#918,1.);
#918 = DIRECTION('',(1.,0.,0.));
#919 = ORIENTED_EDGE('',*,*,#920,.F.);
#920 = EDGE_CURVE('',#395,#911,#921,.T.);
#921 = LINE('',#922,#923);
#922 = CARTESIAN_POINT('',(-0.965,-0.625,-6.938893903907E-18));
#923 = VECTOR('',#924,1.);
#924 = DIRECTION('',(0.,1.,0.));
#925 = ORIENTED_EDGE('',*,*,#394,.T.);
#926 = ORIENTED_EDGE('',*,*,#927,.F.);
#927 = EDGE_CURVE('',#928,#397,#930,.T.);
#928 = VERTEX_POINT('',#929);
#929 = CARTESIAN_POINT('',(-0.9125,-0.46875,0.));
#930 = LINE('',#931,#932);
#931 = CARTESIAN_POINT('',(-0.9125,-0.546875,0.));
#932 = VECTOR('',#933,1.);
#933 = DIRECTION('',(0.,-1.,0.));
#934 = ORIENTED_EDGE('',*,*,#935,.F.);
#935 = EDGE_CURVE('',#936,#928,#938,.T.);
#936 = VERTEX_POINT('',#937);
#937 = CARTESIAN_POINT('',(-0.685,-0.46875,-6.938893903907E-18));
#938 = LINE('',#939,#940);
#939 = CARTESIAN_POINT('',(-4.375E-02,-0.46875,0.));
#940 = VECTOR('',#941,1.);
#941 = DIRECTION('',(-1.,0.,0.));
#942 = ORIENTED_EDGE('',*,*,#943,.T.);
#943 = EDGE_CURVE('',#936,#944,#946,.T.);
#944 = VERTEX_POINT('',#945);
#945 = CARTESIAN_POINT('',(-0.685,0.46875,-6.938893903907E-18));
#946 = LINE('',#947,#948);
#947 = CARTESIAN_POINT('',(-0.685,-0.625,-6.938893903907E-18));
#948 = VECTOR('',#949,1.);
#949 = DIRECTION('',(0.,1.,0.));
#950 = ORIENTED_EDGE('',*,*,#951,.F.);
#951 = EDGE_CURVE('',#952,#944,#954,.T.);
#952 = VERTEX_POINT('',#953);
#953 = CARTESIAN_POINT('',(-0.9125,0.46875,0.));
#954 = LINE('',#955,#956);
#955 = CARTESIAN_POINT('',(-0.95625,0.46875,0.));
#956 = VECTOR('',#957,1.);
#957 = DIRECTION('',(1.,0.,0.));
#958 = ORIENTED_EDGE('',*,*,#959,.F.);
#959 = EDGE_CURVE('',#913,#952,#960,.T.);
#960 = LINE('',#961,#962);
#961 = CARTESIAN_POINT('',(-0.9125,7.8125E-02,0.));
#962 = VECTOR('',#963,1.);
#963 = DIRECTION('',(0.,-1.,0.));
#964 = PLANE('',#965);
#965 = AXIS2_PLACEMENT_3D('',#966,#967,#968);
#966 = CARTESIAN_POINT('',(-1.,-0.625,0.));
#967 = DIRECTION('',(0.,0.,1.));
#968 = DIRECTION('',(1.,0.,-0.));
#969 = ADVANCED_FACE('',(#970),#989,.T.);
#970 = FACE_BOUND('',#971,.T.);
#971 = EDGE_LOOP('',(#972,#980,#987,#988));
#972 = ORIENTED_EDGE('',*,*,#973,.T.);
#973 = EDGE_CURVE('',#405,#974,#976,.T.);
#974 = VERTEX_POINT('',#975);
#975 = CARTESIAN_POINT('',(-1.,0.625,3.5E-02));
#976 = LINE('',#977,#978);
#977 = CARTESIAN_POINT('',(-1.,-0.625,3.5E-02));
#978 = VECTOR('',#979,1.);
#979 = DIRECTION('',(0.,1.,0.));
#980 = ORIENTED_EDGE('',*,*,#981,.T.);
#981 = EDGE_CURVE('',#974,#911,#982,.T.);
#982 = CIRCLE('',#983,3.5E-02);
#983 = AXIS2_PLACEMENT_3D('',#984,#985,#986);
#984 = CARTESIAN_POINT('',(-0.965,0.625,3.5E-02));
#985 = DIRECTION('',(0.,-1.,0.));
#986 = DIRECTION('',(0.,0.,1.));
#987 = ORIENTED_EDGE('',*,*,#920,.F.);
#988 = ORIENTED_EDGE('',*,*,#404,.F.);
#989 = CYLINDRICAL_SURFACE('',#990,3.5E-02);
#990 = AXIS2_PLACEMENT_3D('',#991,#992,#993);
#991 = CARTESIAN_POINT('',(-0.965,-0.625,3.5E-02));
#992 = DIRECTION('',(0.,1.,0.));
#993 = DIRECTION('',(-1.,0.,0.));
#994 = ADVANCED_FACE('',(#995),#1006,.F.);
#995 = FACE_BOUND('',#996,.F.);
#996 = EDGE_LOOP('',(#997,#998,#1004,#1005));
#997 = ORIENTED_EDGE('',*,*,#461,.T.);
#998 = ORIENTED_EDGE('',*,*,#999,.T.);
#999 = EDGE_CURVE('',#462,#928,#1000,.T.);
#1000 = LINE('',#1001,#1002);
#1001 = CARTESIAN_POINT('',(-0.9125,-0.46875,0.75));
#1002 = VECTOR('',#1003,1.);
#1003 = DIRECTION('',(-0.,-0.,-1.));
#1004 = ORIENTED_EDGE('',*,*,#927,.T.);
#1005 = ORIENTED_EDGE('',*,*,#447,.T.);
#1006 = PLANE('',#1007);
#1007 = AXIS2_PLACEMENT_3D('',#1008,#1009,#1010);
#1008 = CARTESIAN_POINT('',(-0.9125,-0.46875,0.75));
#1009 = DIRECTION('',(-1.,0.,0.));
#1010 = DIRECTION('',(0.,-1.,0.));
#1011 = ADVANCED_FACE('',(#1012),#1030,.F.);
#1012 = FACE_BOUND('',#1013,.F.);
#1013 = EDGE_LOOP('',(#1014,#1015,#1016,#1024));
#1014 = ORIENTED_EDGE('',*,*,#413,.F.);
#1015 = ORIENTED_EDGE('',*,*,#973,.T.);
#1016 = ORIENTED_EDGE('',*,*,#1017,.T.);
#1017 = EDGE_CURVE('',#974,#1018,#1020,.T.);
#1018 = VERTEX_POINT('',#1019);
#1019 = CARTESIAN_POINT('',(-1.,0.625,0.465));
#1020 = LINE('',#1021,#1022);
#1021 = CARTESIAN_POINT('',(-1.,0.625,0.));
#1022 = VECTOR('',#1023,1.);
#1023 = DIRECTION('',(0.,0.,1.));
#1024 = ORIENTED_EDGE('',*,*,#1025,.F.);
#1025 = EDGE_CURVE('',#414,#1018,#1026,.T.);
#1026 = LINE('',#1027,#1028);
#1027 = CARTESIAN_POINT('',(-1.,-0.625,0.465));
#1028 = VECTOR('',#1029,1.);
#1029 = DIRECTION('',(0.,1.,0.));
#1030 = PLANE('',#1031);
#1031 = AXIS2_PLACEMENT_3D('',#1032,#1033,#1034);
#1032 = CARTESIAN_POINT('',(-1.,-0.625,0.));
#1033 = DIRECTION('',(1.,0.,0.));
#1034 = DIRECTION('',(0.,0.,1.));
#1035 = ADVANCED_FACE('',(#1036),#1048,.T.);
#1036 = FACE_BOUND('',#1037,.T.);
#1037 = EDGE_LOOP('',(#1038,#1039,#1040,#1047));
#1038 = ORIENTED_EDGE('',*,*,#421,.T.);
#1039 = ORIENTED_EDGE('',*,*,#873,.T.);
#1040 = ORIENTED_EDGE('',*,*,#1041,.F.);
#1041 = EDGE_CURVE('',#1018,#866,#1042,.T.);
#1042 = CIRCLE('',#1043,3.5E-02);
#1043 = AXIS2_PLACEMENT_3D('',#1044,#1045,#1046);
#1044 = CARTESIAN_POINT('',(-0.965,0.625,0.465));
#1045 = DIRECTION('',(0.,1.,0.));
#1046 = DIRECTION('',(0.,-0.,1.));
#1047 = ORIENTED_EDGE('',*,*,#1025,.F.);
#1048 = CYLINDRICAL_SURFACE('',#1049,3.5E-02);
#1049 = AXIS2_PLACEMENT_3D('',#1050,#1051,#1052);
#1050 = CARTESIAN_POINT('',(-0.965,-0.625,0.465));
#1051 = DIRECTION('',(0.,1.,0.));
#1052 = DIRECTION('',(-1.,0.,0.));
#1053 = ADVANCED_FACE('',(#1054),#1066,.F.);
#1054 = FACE_BOUND('',#1055,.F.);
#1055 = EDGE_LOOP('',(#1056,#1057,#1058,#1065));
#1056 = ORIENTED_EDGE('',*,*,#999,.F.);
#1057 = ORIENTED_EDGE('',*,*,#542,.T.);
#1058 = ORIENTED_EDGE('',*,*,#1059,.T.);
#1059 = EDGE_CURVE('',#535,#936,#1060,.T.);
#1060 = CIRCLE('',#1061,3.5E-02);
#1061 = AXIS2_PLACEMENT_3D('',#1062,#1063,#1064);
#1062 = CARTESIAN_POINT('',(-0.685,-0.46875,3.5E-02));
#1063 = DIRECTION('',(-0.,1.,0.));
#1064 = DIRECTION('',(1.,0.,0.));
#1065 = ORIENTED_EDGE('',*,*,#935,.T.);
#1066 = PLANE('',#1067);
#1067 = AXIS2_PLACEMENT_3D('',#1068,#1069,#1070);
#1068 = CARTESIAN_POINT('',(0.9125,-0.46875,0.75));
#1069 = DIRECTION('',(0.,1.,0.));
#1070 = DIRECTION('',(-1.,0.,0.));
#1071 = ADVANCED_FACE('',(#1072),#1084,.T.);
#1072 = FACE_BOUND('',#1073,.T.);
#1073 = EDGE_LOOP('',(#1074,#1075,#1076,#1077));
#1074 = ORIENTED_EDGE('',*,*,#534,.F.);
#1075 = ORIENTED_EDGE('',*,*,#1059,.T.);
#1076 = ORIENTED_EDGE('',*,*,#943,.T.);
#1077 = ORIENTED_EDGE('',*,*,#1078,.F.);
#1078 = EDGE_CURVE('',#527,#944,#1079,.T.);
#1079 = CIRCLE('',#1080,3.5E-02);
#1080 = AXIS2_PLACEMENT_3D('',#1081,#1082,#1083);
#1081 = CARTESIAN_POINT('',(-0.685,0.46875,3.5E-02));
#1082 = DIRECTION('',(-0.,1.,0.));
#1083 = DIRECTION('',(1.,0.,0.));
#1084 = CYLINDRICAL_SURFACE('',#1085,3.5E-02);
#1085 = AXIS2_PLACEMENT_3D('',#1086,#1087,#1088);
#1086 = CARTESIAN_POINT('',(-0.685,-0.625,3.5E-02));
#1087 = DIRECTION('',(0.,1.,0.));
#1088 = DIRECTION('',(1.,0.,0.));
#1089 = ADVANCED_FACE('',(#1090),#1101,.F.);
#1090 = FACE_BOUND('',#1091,.F.);
#1091 = EDGE_LOOP('',(#1092,#1093,#1099,#1100));
#1092 = ORIENTED_EDGE('',*,*,#526,.T.);
#1093 = ORIENTED_EDGE('',*,*,#1094,.T.);
#1094 = EDGE_CURVE('',#519,#952,#1095,.T.);
#1095 = LINE('',#1096,#1097);
#1096 = CARTESIAN_POINT('',(-0.9125,0.46875,0.75));
#1097 = VECTOR('',#1098,1.);
#1098 = DIRECTION('',(-0.,-0.,-1.));
#1099 = ORIENTED_EDGE('',*,*,#951,.T.);
#1100 = ORIENTED_EDGE('',*,*,#1078,.F.);
#1101 = PLANE('',#1102);
#1102 = AXIS2_PLACEMENT_3D('',#1103,#1104,#1105);
#1103 = CARTESIAN_POINT('',(-0.9125,0.46875,0.75));
#1104 = DIRECTION('',(0.,-1.,0.));
#1105 = DIRECTION('',(1.,0.,0.));
#1106 = ADVANCED_FACE('',(#1107),#1118,.F.);
#1107 = FACE_BOUND('',#1108,.F.);
#1108 = EDGE_LOOP('',(#1109,#1110,#1111,#1117));
#1109 = ORIENTED_EDGE('',*,*,#1094,.F.);
#1110 = ORIENTED_EDGE('',*,*,#518,.T.);
#1111 = ORIENTED_EDGE('',*,*,#1112,.F.);
#1112 = EDGE_CURVE('',#913,#511,#1113,.T.);
#1113 = LINE('',#1114,#1115);
#1114 = CARTESIAN_POINT('',(-0.9125,0.625,0.375));
#1115 = VECTOR('',#1116,1.);
#1116 = DIRECTION('',(0.,0.,1.));
#1117 = ORIENTED_EDGE('',*,*,#959,.T.);
#1118 = PLANE('',#1119);
#1119 = AXIS2_PLACEMENT_3D('',#1120,#1121,#1122);
#1120 = CARTESIAN_POINT('',(-0.9125,0.78125,0.75));
#1121 = DIRECTION('',(-1.,0.,0.));
#1122 = DIRECTION('',(0.,-1.,0.));
#1123 = ADVANCED_FACE('',(#1124),#1149,.F.);
#1124 = FACE_BOUND('',#1125,.F.);
#1125 = EDGE_LOOP('',(#1126,#1127,#1135,#1143));
#1126 = ORIENTED_EDGE('',*,*,#502,.T.);
#1127 = ORIENTED_EDGE('',*,*,#1128,.T.);
#1128 = EDGE_CURVE('',#495,#1129,#1131,.T.);
#1129 = VERTEX_POINT('',#1130);
#1130 = CARTESIAN_POINT('',(0.9125,0.46875,0.));
#1131 = LINE('',#1132,#1133);
#1132 = CARTESIAN_POINT('',(0.9125,0.46875,0.75));
#1133 = VECTOR('',#1134,1.);
#1134 = DIRECTION('',(-0.,-0.,-1.));
#1135 = ORIENTED_EDGE('',*,*,#1136,.T.);
#1136 = EDGE_CURVE('',#1129,#1137,#1139,.T.);
#1137 = VERTEX_POINT('',#1138);
#1138 = CARTESIAN_POINT('',(0.9125,0.625,0.));
#1139 = LINE('',#1140,#1141);
#1140 = CARTESIAN_POINT('',(0.9125,-7.8125E-02,0.));
#1141 = VECTOR('',#1142,1.);
#1142 = DIRECTION('',(0.,1.,0.));
#1143 = ORIENTED_EDGE('',*,*,#1144,.F.);
#1144 = EDGE_CURVE('',#503,#1137,#1145,.T.);
#1145 = LINE('',#1146,#1147);
#1146 = CARTESIAN_POINT('',(0.9125,0.625,0.375));
#1147 = VECTOR('',#1148,1.);
#1148 = DIRECTION('',(0.,0.,-1.));
#1149 = PLANE('',#1150);
#1150 = AXIS2_PLACEMENT_3D('',#1151,#1152,#1153);
#1151 = CARTESIAN_POINT('',(0.9125,0.46875,0.75));
#1152 = DIRECTION('',(1.,0.,0.));
#1153 = DIRECTION('',(-0.,1.,0.));
#1154 = ADVANCED_FACE('',(#1155),#1174,.F.);
#1155 = FACE_BOUND('',#1156,.F.);
#1156 = EDGE_LOOP('',(#1157,#1158,#1159,#1168));
#1157 = ORIENTED_EDGE('',*,*,#1128,.F.);
#1158 = ORIENTED_EDGE('',*,*,#494,.T.);
#1159 = ORIENTED_EDGE('',*,*,#1160,.F.);
#1160 = EDGE_CURVE('',#1161,#487,#1163,.T.);
#1161 = VERTEX_POINT('',#1162);
#1162 = CARTESIAN_POINT('',(0.685,0.46875,-6.938893903907E-18));
#1163 = CIRCLE('',#1164,3.5E-02);
#1164 = AXIS2_PLACEMENT_3D('',#1165,#1166,#1167);
#1165 = CARTESIAN_POINT('',(0.685,0.46875,3.5E-02));
#1166 = DIRECTION('',(0.,1.,-0.));
#1167 = DIRECTION('',(-1.,0.,0.));
#1168 = ORIENTED_EDGE('',*,*,#1169,.T.);
#1169 = EDGE_CURVE('',#1161,#1129,#1170,.T.);
#1170 = LINE('',#1171,#1172);
#1171 = CARTESIAN_POINT('',(-0.13125,0.46875,0.));
#1172 = VECTOR('',#1173,1.);
#1173 = DIRECTION('',(1.,0.,0.));
#1174 = PLANE('',#1175);
#1175 = AXIS2_PLACEMENT_3D('',#1176,#1177,#1178);
#1176 = CARTESIAN_POINT('',(-0.9125,0.46875,0.75));
#1177 = DIRECTION('',(0.,-1.,0.));
#1178 = DIRECTION('',(1.,0.,0.));
#1179 = ADVANCED_FACE('',(#1180),#1199,.T.);
#1180 = FACE_BOUND('',#1181,.T.);
#1181 = EDGE_LOOP('',(#1182,#1183,#1191,#1198));
#1182 = ORIENTED_EDGE('',*,*,#1160,.F.);
#1183 = ORIENTED_EDGE('',*,*,#1184,.F.);
#1184 = EDGE_CURVE('',#1185,#1161,#1187,.T.);
#1185 = VERTEX_POINT('',#1186);
#1186 = CARTESIAN_POINT('',(0.685,-0.46875,-6.938893903907E-18));
#1187 = LINE('',#1188,#1189);
#1188 = CARTESIAN_POINT('',(0.685,-0.625,-6.938893903907E-18));
#1189 = VECTOR('',#1190,1.);
#1190 = DIRECTION('',(0.,1.,0.));
#1191 = ORIENTED_EDGE('',*,*,#1192,.T.);
#1192 = EDGE_CURVE('',#1185,#479,#1193,.T.);
#1193 = CIRCLE('',#1194,3.5E-02);
#1194 = AXIS2_PLACEMENT_3D('',#1195,#1196,#1197);
#1195 = CARTESIAN_POINT('',(0.685,-0.46875,3.5E-02));
#1196 = DIRECTION('',(0.,1.,-0.));
#1197 = DIRECTION('',(-1.,0.,0.));
#1198 = ORIENTED_EDGE('',*,*,#486,.T.);
#1199 = CYLINDRICAL_SURFACE('',#1200,3.5E-02);
#1200 = AXIS2_PLACEMENT_3D('',#1201,#1202,#1203);
#1201 = CARTESIAN_POINT('',(0.685,-0.625,3.5E-02));
#1202 = DIRECTION('',(0.,1.,0.));
#1203 = DIRECTION('',(-1.,0.,0.));
#1204 = ADVANCED_FACE('',(#1205),#1223,.F.);
#1205 = FACE_BOUND('',#1206,.F.);
#1206 = EDGE_LOOP('',(#1207,#1208,#1216,#1222));
#1207 = ORIENTED_EDGE('',*,*,#478,.T.);
#1208 = ORIENTED_EDGE('',*,*,#1209,.T.);
#1209 = EDGE_CURVE('',#471,#1210,#1212,.T.);
#1210 = VERTEX_POINT('',#1211);
#1211 = CARTESIAN_POINT('',(0.9125,-0.46875,0.));
#1212 = LINE('',#1213,#1214);
#1213 = CARTESIAN_POINT('',(0.9125,-0.46875,0.75));
#1214 = VECTOR('',#1215,1.);
#1215 = DIRECTION('',(-0.,-0.,-1.));
#1216 = ORIENTED_EDGE('',*,*,#1217,.T.);
#1217 = EDGE_CURVE('',#1210,#1185,#1218,.T.);
#1218 = LINE('',#1219,#1220);
#1219 = CARTESIAN_POINT('',(0.78125,-0.46875,0.));
#1220 = VECTOR('',#1221,1.);
#1221 = DIRECTION('',(-1.,0.,0.));
#1222 = ORIENTED_EDGE('',*,*,#1192,.T.);
#1223 = PLANE('',#1224);
#1224 = AXIS2_PLACEMENT_3D('',#1225,#1226,#1227);
#1225 = CARTESIAN_POINT('',(0.9125,-0.46875,0.75));
#1226 = DIRECTION('',(0.,1.,0.));
#1227 = DIRECTION('',(-1.,0.,0.));
#1228 = ADVANCED_FACE('',(#1229),#1240,.F.);
#1229 = FACE_BOUND('',#1230,.F.);
#1230 = EDGE_LOOP('',(#1231,#1232,#1233,#1234));
#1231 = ORIENTED_EDGE('',*,*,#1209,.F.);
#1232 = ORIENTED_EDGE('',*,*,#470,.T.);
#1233 = ORIENTED_EDGE('',*,*,#592,.T.);
#1234 = ORIENTED_EDGE('',*,*,#1235,.T.);
#1235 = EDGE_CURVE('',#583,#1210,#1236,.T.);
#1236 = LINE('',#1237,#1238);
#1237 = CARTESIAN_POINT('',(0.9125,-0.703125,0.));
#1238 = VECTOR('',#1239,1.);
#1239 = DIRECTION('',(0.,1.,0.));
#1240 = PLANE('',#1241);
#1241 = AXIS2_PLACEMENT_3D('',#1242,#1243,#1244);
#1242 = CARTESIAN_POINT('',(0.9125,-0.78125,0.75));
#1243 = DIRECTION('',(1.,0.,0.));
#1244 = DIRECTION('',(-0.,1.,0.));
#1245 = ADVANCED_FACE('',(#1246),#1271,.T.);
#1246 = FACE_BOUND('',#1247,.T.);
#1247 = EDGE_LOOP('',(#1248,#1256,#1257,#1265));
#1248 = ORIENTED_EDGE('',*,*,#1249,.T.);
#1249 = EDGE_CURVE('',#1250,#551,#1252,.T.);
#1250 = VERTEX_POINT('',#1251);
#1251 = CARTESIAN_POINT('',(0.433012701892,0.5,1.75E-02));
#1252 = LINE('',#1253,#1254);
#1253 = CARTESIAN_POINT('',(0.433012701892,0.5,1.75E-02));
#1254 = VECTOR('',#1255,1.);
#1255 = DIRECTION('',(0.,0.,1.));
#1256 = ORIENTED_EDGE('',*,*,#550,.T.);
#1257 = ORIENTED_EDGE('',*,*,#1258,.F.);
#1258 = EDGE_CURVE('',#1259,#553,#1261,.T.);
#1259 = VERTEX_POINT('',#1260);
#1260 = CARTESIAN_POINT('',(0.433012701892,-0.5,1.75E-02));
#1261 = LINE('',#1262,#1263);
#1262 = CARTESIAN_POINT('',(0.433012701892,-0.5,1.75E-02));
#1263 = VECTOR('',#1264,1.);
#1264 = DIRECTION('',(0.,0.,1.));
#1265 = ORIENTED_EDGE('',*,*,#1266,.F.);
#1266 = EDGE_CURVE('',#1250,#1259,#1267,.T.);
#1267 = LINE('',#1268,#1269);
#1268 = CARTESIAN_POINT('',(0.433012701892,0.5,1.75E-02));
#1269 = VECTOR('',#1270,1.);
#1270 = DIRECTION('',(0.,-1.,0.));
#1271 = PLANE('',#1272);
#1272 = AXIS2_PLACEMENT_3D('',#1273,#1274,#1275);
#1273 = CARTESIAN_POINT('',(0.433012701892,0.5,1.75E-02));
#1274 = DIRECTION('',(1.,0.,0.));
#1275 = DIRECTION('',(0.,-1.,0.));
#1276 = ADVANCED_FACE('',(#1277),#1295,.T.);
#1277 = FACE_BOUND('',#1278,.T.);
#1278 = EDGE_LOOP('',(#1279,#1287,#1288,#1289));
#1279 = ORIENTED_EDGE('',*,*,#1280,.T.);
#1280 = EDGE_CURVE('',#1281,#561,#1283,.T.);
#1281 = VERTEX_POINT('',#1282);
#1282 = CARTESIAN_POINT('',(-0.433012701892,0.,1.75E-02));
#1283 = LINE('',#1284,#1285);
#1284 = CARTESIAN_POINT('',(-0.433012701892,0.,1.75E-02));
#1285 = VECTOR('',#1286,1.);
#1286 = DIRECTION('',(0.,0.,1.));
#1287 = ORIENTED_EDGE('',*,*,#568,.T.);
#1288 = ORIENTED_EDGE('',*,*,#1249,.F.);
#1289 = ORIENTED_EDGE('',*,*,#1290,.F.);
#1290 = EDGE_CURVE('',#1281,#1250,#1291,.T.);
#1291 = LINE('',#1292,#1293);
#1292 = CARTESIAN_POINT('',(-0.433012701892,0.,1.75E-02));
#1293 = VECTOR('',#1294,1.);
#1294 = DIRECTION('',(0.866025403784,0.5,0.));
#1295 = PLANE('',#1296);
#1296 = AXIS2_PLACEMENT_3D('',#1297,#1298,#1299);
#1297 = CARTESIAN_POINT('',(-0.433012701892,0.,1.75E-02));
#1298 = DIRECTION('',(-0.5,0.866025403784,0.));
#1299 = DIRECTION('',(0.866025403784,0.5,0.));
#1300 = ADVANCED_FACE('',(#1301),#1312,.T.);
#1301 = FACE_BOUND('',#1302,.T.);
#1302 = EDGE_LOOP('',(#1303,#1304,#1305,#1306));
#1303 = ORIENTED_EDGE('',*,*,#1258,.T.);
#1304 = ORIENTED_EDGE('',*,*,#560,.T.);
#1305 = ORIENTED_EDGE('',*,*,#1280,.F.);
#1306 = ORIENTED_EDGE('',*,*,#1307,.F.);
#1307 = EDGE_CURVE('',#1259,#1281,#1308,.T.);
#1308 = LINE('',#1309,#1310);
#1309 = CARTESIAN_POINT('',(0.433012701892,-0.5,1.75E-02));
#1310 = VECTOR('',#1311,1.);
#1311 = DIRECTION('',(-0.866025403784,0.5,0.));
#1312 = PLANE('',#1313);
#1313 = AXIS2_PLACEMENT_3D('',#1314,#1315,#1316);
#1314 = CARTESIAN_POINT('',(0.433012701892,-0.5,1.75E-02));
#1315 = DIRECTION('',(-0.5,-0.866025403784,0.));
#1316 = DIRECTION('',(-0.866025403784,0.5,0.));
#1317 = ADVANCED_FACE('',(#1318),#1340,.F.);
#1318 = FACE_BOUND('',#1319,.F.);
#1319 = EDGE_LOOP('',(#1320,#1328,#1329,#1330,#1331,#1332,#1333,#1334));
#1320 = ORIENTED_EDGE('',*,*,#1321,.F.);
#1321 = EDGE_CURVE('',#1137,#1322,#1324,.T.);
#1322 = VERTEX_POINT('',#1323);
#1323 = CARTESIAN_POINT('',(0.965,0.625,-6.938893903907E-18));
#1324 = LINE('',#1325,#1326);
#1325 = CARTESIAN_POINT('',(0.65,0.625,0.));
#1326 = VECTOR('',#1327,1.);
#1327 = DIRECTION('',(1.,0.,0.));
#1328 = ORIENTED_EDGE('',*,*,#1136,.F.);
#1329 = ORIENTED_EDGE('',*,*,#1169,.F.);
#1330 = ORIENTED_EDGE('',*,*,#1184,.F.);
#1331 = ORIENTED_EDGE('',*,*,#1217,.F.);
#1332 = ORIENTED_EDGE('',*,*,#1235,.F.);
#1333 = ORIENTED_EDGE('',*,*,#582,.T.);
#1334 = ORIENTED_EDGE('',*,*,#1335,.T.);
#1335 = EDGE_CURVE('',#585,#1322,#1336,.T.);
#1336 = LINE('',#1337,#1338);
#1337 = CARTESIAN_POINT('',(0.965,-0.625,-6.938893903907E-18));
#1338 = VECTOR('',#1339,1.);
#1339 = DIRECTION('',(0.,1.,0.));
#1340 = PLANE('',#1341);
#1341 = AXIS2_PLACEMENT_3D('',#1342,#1343,#1344);
#1342 = CARTESIAN_POINT('',(0.65,-0.625,0.));
#1343 = DIRECTION('',(0.,0.,1.));
#1344 = DIRECTION('',(1.,0.,-0.));
#1345 = ADVANCED_FACE('',(#1346),#1365,.T.);
#1346 = FACE_BOUND('',#1347,.T.);
#1347 = EDGE_LOOP('',(#1348,#1349,#1350,#1359));
#1348 = ORIENTED_EDGE('',*,*,#634,.T.);
#1349 = ORIENTED_EDGE('',*,*,#1335,.T.);
#1350 = ORIENTED_EDGE('',*,*,#1351,.F.);
#1351 = EDGE_CURVE('',#1352,#1322,#1354,.T.);
#1352 = VERTEX_POINT('',#1353);
#1353 = CARTESIAN_POINT('',(1.,0.625,3.5E-02));
#1354 = CIRCLE('',#1355,3.5E-02);
#1355 = AXIS2_PLACEMENT_3D('',#1356,#1357,#1358);
#1356 = CARTESIAN_POINT('',(0.965,0.625,3.5E-02));
#1357 = DIRECTION('',(0.,1.,0.));
#1358 = DIRECTION('',(0.,-0.,1.));
#1359 = ORIENTED_EDGE('',*,*,#1360,.F.);
#1360 = EDGE_CURVE('',#627,#1352,#1361,.T.);
#1361 = LINE('',#1362,#1363);
#1362 = CARTESIAN_POINT('',(1.,-0.625,3.5E-02));
#1363 = VECTOR('',#1364,1.);
#1364 = DIRECTION('',(0.,1.,0.));
#1365 = CYLINDRICAL_SURFACE('',#1366,3.5E-02);
#1366 = AXIS2_PLACEMENT_3D('',#1367,#1368,#1369);
#1367 = CARTESIAN_POINT('',(0.965,-0.625,3.5E-02));
#1368 = DIRECTION('',(0.,1.,0.));
#1369 = DIRECTION('',(1.,0.,0.));
#1370 = ADVANCED_FACE('',(#1371),#1389,.T.);
#1371 = FACE_BOUND('',#1372,.T.);
#1372 = EDGE_LOOP('',(#1373,#1374,#1375,#1383));
#1373 = ORIENTED_EDGE('',*,*,#626,.F.);
#1374 = ORIENTED_EDGE('',*,*,#1360,.T.);
#1375 = ORIENTED_EDGE('',*,*,#1376,.T.);
#1376 = EDGE_CURVE('',#1352,#1377,#1379,.T.);
#1377 = VERTEX_POINT('',#1378);
#1378 = CARTESIAN_POINT('',(1.,0.625,0.465));
#1379 = LINE('',#1380,#1381);
#1380 = CARTESIAN_POINT('',(1.,0.625,0.));
#1381 = VECTOR('',#1382,1.);
#1382 = DIRECTION('',(0.,0.,1.));
#1383 = ORIENTED_EDGE('',*,*,#1384,.F.);
#1384 = EDGE_CURVE('',#618,#1377,#1385,.T.);
#1385 = LINE('',#1386,#1387);
#1386 = CARTESIAN_POINT('',(1.,-0.625,0.465));
#1387 = VECTOR('',#1388,1.);
#1388 = DIRECTION('',(0.,1.,0.));
#1389 = PLANE('',#1390);
#1390 = AXIS2_PLACEMENT_3D('',#1391,#1392,#1393);
#1391 = CARTESIAN_POINT('',(1.,-0.625,0.));
#1392 = DIRECTION('',(1.,0.,0.));
#1393 = DIRECTION('',(0.,0.,1.));
#1394 = ADVANCED_FACE('',(#1395),#1414,.T.);
#1395 = FACE_BOUND('',#1396,.T.);
#1396 = EDGE_LOOP('',(#1397,#1398,#1407,#1413));
#1397 = ORIENTED_EDGE('',*,*,#1384,.T.);
#1398 = ORIENTED_EDGE('',*,*,#1399,.T.);
#1399 = EDGE_CURVE('',#1377,#1400,#1402,.T.);
#1400 = VERTEX_POINT('',#1401);
#1401 = CARTESIAN_POINT('',(0.965,0.625,0.5));
#1402 = CIRCLE('',#1403,3.5E-02);
#1403 = AXIS2_PLACEMENT_3D('',#1404,#1405,#1406);
#1404 = CARTESIAN_POINT('',(0.965,0.625,0.465));
#1405 = DIRECTION('',(0.,-1.,0.));
#1406 = DIRECTION('',(0.,0.,1.));
#1407 = ORIENTED_EDGE('',*,*,#1408,.F.);
#1408 = EDGE_CURVE('',#610,#1400,#1409,.T.);
#1409 = LINE('',#1410,#1411);
#1410 = CARTESIAN_POINT('',(0.965,-0.625,0.5));
#1411 = VECTOR('',#1412,1.);
#1412 = DIRECTION('',(0.,1.,0.));
#1413 = ORIENTED_EDGE('',*,*,#617,.F.);
#1414 = CYLINDRICAL_SURFACE('',#1415,3.5E-02);
#1415 = AXIS2_PLACEMENT_3D('',#1416,#1417,#1418);
#1416 = CARTESIAN_POINT('',(0.965,-0.625,0.465));
#1417 = DIRECTION('',(0.,1.,0.));
#1418 = DIRECTION('',(1.,0.,0.));
#1419 = ADVANCED_FACE('',(#1420),#1461,.T.);
#1420 = FACE_BOUND('',#1421,.T.);
#1421 = EDGE_LOOP('',(#1422,#1430,#1438,#1444,#1445,#1453,#1459,#1460));
#1422 = ORIENTED_EDGE('',*,*,#1423,.F.);
#1423 = EDGE_CURVE('',#1424,#1400,#1426,.T.);
#1424 = VERTEX_POINT('',#1425);
#1425 = CARTESIAN_POINT('',(0.9125,0.625,0.5));
#1426 = LINE('',#1427,#1428);
#1427 = CARTESIAN_POINT('',(0.65,0.625,0.5));
#1428 = VECTOR('',#1429,1.);
#1429 = DIRECTION('',(1.,0.,0.));
#1430 = ORIENTED_EDGE('',*,*,#1431,.F.);
#1431 = EDGE_CURVE('',#1432,#1424,#1434,.T.);
#1432 = VERTEX_POINT('',#1433);
#1433 = CARTESIAN_POINT('',(0.9125,0.46875,0.5));
#1434 = LINE('',#1435,#1436);
#1435 = CARTESIAN_POINT('',(0.9125,-7.8125E-02,0.5));
#1436 = VECTOR('',#1437,1.);
#1437 = DIRECTION('',(0.,1.,0.));
#1438 = ORIENTED_EDGE('',*,*,#1439,.F.);
#1439 = EDGE_CURVE('',#715,#1432,#1440,.T.);
#1440 = LINE('',#1441,#1442);
#1441 = CARTESIAN_POINT('',(-0.13125,0.46875,0.5));
#1442 = VECTOR('',#1443,1.);
#1443 = DIRECTION('',(1.,0.,0.));
#1444 = ORIENTED_EDGE('',*,*,#714,.F.);
#1445 = ORIENTED_EDGE('',*,*,#1446,.F.);
#1446 = EDGE_CURVE('',#1447,#706,#1449,.T.);
#1447 = VERTEX_POINT('',#1448);
#1448 = CARTESIAN_POINT('',(0.9125,-0.46875,0.5));
#1449 = LINE('',#1450,#1451);
#1450 = CARTESIAN_POINT('',(0.78125,-0.46875,0.5));
#1451 = VECTOR('',#1452,1.);
#1452 = DIRECTION('',(-1.,0.,0.));
#1453 = ORIENTED_EDGE('',*,*,#1454,.F.);
#1454 = EDGE_CURVE('',#602,#1447,#1455,.T.);
#1455 = LINE('',#1456,#1457);
#1456 = CARTESIAN_POINT('',(0.9125,-0.703125,0.5));
#1457 = VECTOR('',#1458,1.);
#1458 = DIRECTION('',(0.,1.,0.));
#1459 = ORIENTED_EDGE('',*,*,#609,.T.);
#1460 = ORIENTED_EDGE('',*,*,#1408,.T.);
#1461 = PLANE('',#1462);
#1462 = AXIS2_PLACEMENT_3D('',#1463,#1464,#1465);
#1463 = CARTESIAN_POINT('',(0.65,-0.625,0.5));
#1464 = DIRECTION('',(0.,0.,1.));
#1465 = DIRECTION('',(1.,0.,-0.));
#1466 = ADVANCED_FACE('',(#1467),#1478,.F.);
#1467 = FACE_BOUND('',#1468,.F.);
#1468 = EDGE_LOOP('',(#1469,#1475,#1476,#1477));
#1469 = ORIENTED_EDGE('',*,*,#1470,.F.);
#1470 = EDGE_CURVE('',#1447,#650,#1471,.T.);
#1471 = LINE('',#1472,#1473);
#1472 = CARTESIAN_POINT('',(0.9125,-0.46875,0.75));
#1473 = VECTOR('',#1474,1.);
#1474 = DIRECTION('',(-0.,-0.,-1.));
#1475 = ORIENTED_EDGE('',*,*,#1454,.F.);
#1476 = ORIENTED_EDGE('',*,*,#601,.T.);
#1477 = ORIENTED_EDGE('',*,*,#659,.F.);
#1478 = PLANE('',#1479);
#1479 = AXIS2_PLACEMENT_3D('',#1480,#1481,#1482);
#1480 = CARTESIAN_POINT('',(0.9125,-0.78125,0.75));
#1481 = DIRECTION('',(1.,0.,0.));
#1482 = DIRECTION('',(-0.,1.,0.));
#1483 = ADVANCED_FACE('',(#1484),#1490,.F.);
#1484 = FACE_BOUND('',#1485,.F.);
#1485 = EDGE_LOOP('',(#1486,#1487,#1488,#1489));
#1486 = ORIENTED_EDGE('',*,*,#1446,.F.);
#1487 = ORIENTED_EDGE('',*,*,#1470,.T.);
#1488 = ORIENTED_EDGE('',*,*,#649,.F.);
#1489 = ORIENTED_EDGE('',*,*,#705,.T.);
#1490 = PLANE('',#1491);
#1491 = AXIS2_PLACEMENT_3D('',#1492,#1493,#1494);
#1492 = CARTESIAN_POINT('',(0.9125,-0.46875,0.75));
#1493 = DIRECTION('',(0.,1.,0.));
#1494 = DIRECTION('',(-1.,0.,0.));
#1495 = ADVANCED_FACE('',(#1496),#1512,.F.);
#1496 = FACE_BOUND('',#1497,.F.);
#1497 = EDGE_LOOP('',(#1498,#1499,#1505,#1506));
#1498 = ORIENTED_EDGE('',*,*,#1431,.F.);
#1499 = ORIENTED_EDGE('',*,*,#1500,.T.);
#1500 = EDGE_CURVE('',#1432,#683,#1501,.T.);
#1501 = LINE('',#1502,#1503);
#1502 = CARTESIAN_POINT('',(0.9125,0.46875,0.75));
#1503 = VECTOR('',#1504,1.);
#1504 = DIRECTION('',(-0.,-0.,-1.));
#1505 = ORIENTED_EDGE('',*,*,#690,.F.);
#1506 = ORIENTED_EDGE('',*,*,#1507,.F.);
#1507 = EDGE_CURVE('',#1424,#674,#1508,.T.);
#1508 = LINE('',#1509,#1510);
#1509 = CARTESIAN_POINT('',(0.9125,0.625,0.375));
#1510 = VECTOR('',#1511,1.);
#1511 = DIRECTION('',(0.,0.,-1.));
#1512 = PLANE('',#1513);
#1513 = AXIS2_PLACEMENT_3D('',#1514,#1515,#1516);
#1514 = CARTESIAN_POINT('',(0.9125,0.46875,0.75));
#1515 = DIRECTION('',(1.,0.,0.));
#1516 = DIRECTION('',(-0.,1.,0.));
#1517 = ADVANCED_FACE('',(#1518),#1524,.F.);
#1518 = FACE_BOUND('',#1519,.F.);
#1519 = EDGE_LOOP('',(#1520,#1521,#1522,#1523));
#1520 = ORIENTED_EDGE('',*,*,#1500,.F.);
#1521 = ORIENTED_EDGE('',*,*,#1439,.F.);
#1522 = ORIENTED_EDGE('',*,*,#722,.F.);
#1523 = ORIENTED_EDGE('',*,*,#682,.F.);
#1524 = PLANE('',#1525);
#1525 = AXIS2_PLACEMENT_3D('',#1526,#1527,#1528);
#1526 = CARTESIAN_POINT('',(-0.9125,0.46875,0.75));
#1527 = DIRECTION('',(0.,-1.,0.));
#1528 = DIRECTION('',(1.,0.,0.));
#1529 = ADVANCED_FACE('',(#1530),#1542,.T.);
#1530 = FACE_BOUND('',#1531,.T.);
#1531 = EDGE_LOOP('',(#1532,#1533,#1534,#1535,#1536,#1537,#1538,#1539,
    #1540,#1541));
#1532 = ORIENTED_EDGE('',*,*,#910,.F.);
#1533 = ORIENTED_EDGE('',*,*,#981,.F.);
#1534 = ORIENTED_EDGE('',*,*,#1017,.T.);
#1535 = ORIENTED_EDGE('',*,*,#1041,.T.);
#1536 = ORIENTED_EDGE('',*,*,#865,.T.);
#1537 = ORIENTED_EDGE('',*,*,#826,.F.);
#1538 = ORIENTED_EDGE('',*,*,#753,.F.);
#1539 = ORIENTED_EDGE('',*,*,#745,.F.);
#1540 = ORIENTED_EDGE('',*,*,#737,.T.);
#1541 = ORIENTED_EDGE('',*,*,#1112,.F.);
#1542 = PLANE('',#1543);
#1543 = AXIS2_PLACEMENT_3D('',#1544,#1545,#1546);
#1544 = CARTESIAN_POINT('',(-1.,0.625,0.));
#1545 = DIRECTION('',(0.,1.,0.));
#1546 = DIRECTION('',(0.,-0.,1.));
#1547 = ADVANCED_FACE('',(#1548),#1560,.T.);
#1548 = FACE_BOUND('',#1549,.T.);
#1549 = EDGE_LOOP('',(#1550,#1551,#1552,#1553,#1554,#1555,#1556,#1557,
    #1558,#1559));
#1550 = ORIENTED_EDGE('',*,*,#1321,.F.);
#1551 = ORIENTED_EDGE('',*,*,#1144,.F.);
#1552 = ORIENTED_EDGE('',*,*,#778,.T.);
#1553 = ORIENTED_EDGE('',*,*,#770,.T.);
#1554 = ORIENTED_EDGE('',*,*,#762,.F.);
#1555 = ORIENTED_EDGE('',*,*,#1507,.F.);
#1556 = ORIENTED_EDGE('',*,*,#1423,.T.);
#1557 = ORIENTED_EDGE('',*,*,#1399,.F.);
#1558 = ORIENTED_EDGE('',*,*,#1376,.F.);
#1559 = ORIENTED_EDGE('',*,*,#1351,.T.);
#1560 = PLANE('',#1561);
#1561 = AXIS2_PLACEMENT_3D('',#1562,#1563,#1564);
#1562 = CARTESIAN_POINT('',(0.65,0.625,0.));
#1563 = DIRECTION('',(0.,1.,0.));
#1564 = DIRECTION('',(0.,-0.,1.));
#1565 = ADVANCED_FACE('',(#1566),#1571,.T.);
#1566 = FACE_BOUND('',#1567,.T.);
#1567 = EDGE_LOOP('',(#1568,#1569,#1570));
#1568 = ORIENTED_EDGE('',*,*,#1290,.T.);
#1569 = ORIENTED_EDGE('',*,*,#1266,.T.);
#1570 = ORIENTED_EDGE('',*,*,#1307,.T.);
#1571 = PLANE('',#1572);
#1572 = AXIS2_PLACEMENT_3D('',#1573,#1574,#1575);
#1573 = CARTESIAN_POINT('',(0.144337567297,9.251858538543E-18,1.75E-02)
  );
#1574 = DIRECTION('',(-0.,-0.,-1.));
#1575 = DIRECTION('',(-1.,0.,0.));
#1576 = ( GEOMETRIC_REPRESENTATION_CONTEXT(3) 
GLOBAL_UNCERTAINTY_ASSIGNED_CONTEXT((#1580)) 
GLOBAL_UNIT_ASSIGNED_CONTEXT((#1577,#1578,#1579)) REPRESENTATION_CONTEXT
('Context #1','3D Context with UNIT and UNCERTAINTY') );
#1577 = ( LENGTH_UNIT() NAMED_UNIT(*) SI_UNIT(.MILLI.,.METRE.) );
#1578 = ( NAMED_UNIT(*) PLANE_ANGLE_UNIT() SI_UNIT($,.RADIAN.) );
#1579 = ( NAMED_UNIT(*) SI_UNIT($,.STERADIAN.) SOLID_ANGLE_UNIT() );
#1580 = UNCERTAINTY_MEASURE_WITH_UNIT(LENGTH_MEASURE(1.E-07),#1577,
  'distance_accuracy_value','confusion accuracy');
#1581 = CONTEXT_DEPENDENT_SHAPE_REPRESENTATION(#1582,#1584);
#1582 = ( REPRESENTATION_RELATIONSHIP('','',#52,#10) 
REPRESENTATION_RELATIONSHIP_WITH_TRANSFORMATION(#1583) 
SHAPE_REPRESENTATION_RELATIONSHIP() );
#1583 = ITEM_DEFINED_TRANSFORMATION('','',#11,#15);
#1584 = PRODUCT_DEFINITION_SHAPE('Placement','Placement of an item',
  #1585);
#1585 = NEXT_ASSEMBLY_USAGE_OCCURRENCE('1','D2','',#5,#47,$);
#1586 = PRODUCT_RELATED_PRODUCT_CATEGORY('part',$,(#49));
#1587 = SHAPE_DEFINITION_REPRESENTATION(#1588,#1594);
#1588 = PRODUCT_DEFINITION_SHAPE('','',#1589);
#1589 = PRODUCT_DEFINITION('design','',#1590,#1593);
#1590 = PRODUCT_DEFINITION_FORMATION('','',#1591);
#1591 = PRODUCT('C_0805_2012Metric','C_0805_2012Metric','',(#1592));
#1592 = PRODUCT_CONTEXT('',#2,'mechanical');
#1593 = PRODUCT_DEFINITION_CONTEXT('part definition',#2,'design');
#1594 = ADVANCED_BREP_SHAPE_REPRESENTATION('',(#11,#1595),#2449);
#1595 = MANIFOLD_SOLID_BREP('',#1596);
#1596 = CLOSED_SHELL('',(#1597,#1673,#1704,#1729,#1754,#1778,#1802,#1827
    ,#1852,#1869,#1955,#1987,#2011,#2036,#2060,#2085,#2109,#2134,#2151,
    #2237,#2268,#2293,#2318,#2342,#2366,#2391,#2416,#2433));
#1597 = ADVANCED_FACE('',(#1598),#1668,.F.);
#1598 = FACE_BOUND('',#1599,.F.);
#1599 = EDGE_LOOP('',(#1600,#1610,#1619,#1627,#1636,#1644,#1653,#1661));
#1600 = ORIENTED_EDGE('',*,*,#1601,.F.);
#1601 = EDGE_CURVE('',#1602,#1604,#1606,.T.);
#1602 = VERTEX_POINT('',#1603);
#1603 = CARTESIAN_POINT('',(-1.,-0.625,4.E-02));
#1604 = VERTEX_POINT('',#1605);
#1605 = CARTESIAN_POINT('',(-1.,-0.625,1.21));
#1606 = LINE('',#1607,#1608);
#1607 = CARTESIAN_POINT('',(-1.,-0.625,0.));
#1608 = VECTOR('',#1609,1.);
#1609 = DIRECTION('',(0.,0.,1.));
#1610 = ORIENTED_EDGE('',*,*,#1611,.T.);
#1611 = EDGE_CURVE('',#1602,#1612,#1614,.T.);
#1612 = VERTEX_POINT('',#1613);
#1613 = CARTESIAN_POINT('',(-1.,-0.585,0.));
#1614 = CIRCLE('',#1615,4.E-02);
#1615 = AXIS2_PLACEMENT_3D('',#1616,#1617,#1618);
#1616 = CARTESIAN_POINT('',(-1.,-0.585,4.E-02));
#1617 = DIRECTION('',(1.,0.,-0.));
#1618 = DIRECTION('',(0.,0.,1.));
#1619 = ORIENTED_EDGE('',*,*,#1620,.T.);
#1620 = EDGE_CURVE('',#1612,#1621,#1623,.T.);
#1621 = VERTEX_POINT('',#1622);
#1622 = CARTESIAN_POINT('',(-1.,0.585,0.));
#1623 = LINE('',#1624,#1625);
#1624 = CARTESIAN_POINT('',(-1.,-0.625,0.));
#1625 = VECTOR('',#1626,1.);
#1626 = DIRECTION('',(0.,1.,0.));
#1627 = ORIENTED_EDGE('',*,*,#1628,.F.);
#1628 = EDGE_CURVE('',#1629,#1621,#1631,.T.);
#1629 = VERTEX_POINT('',#1630);
#1630 = CARTESIAN_POINT('',(-1.,0.625,4.E-02));
#1631 = CIRCLE('',#1632,4.E-02);
#1632 = AXIS2_PLACEMENT_3D('',#1633,#1634,#1635);
#1633 = CARTESIAN_POINT('',(-1.,0.585,4.E-02));
#1634 = DIRECTION('',(-1.,0.,0.));
#1635 = DIRECTION('',(0.,0.,1.));
#1636 = ORIENTED_EDGE('',*,*,#1637,.T.);
#1637 = EDGE_CURVE('',#1629,#1638,#1640,.T.);
#1638 = VERTEX_POINT('',#1639);
#1639 = CARTESIAN_POINT('',(-1.,0.625,1.21));
#1640 = LINE('',#1641,#1642);
#1641 = CARTESIAN_POINT('',(-1.,0.625,0.));
#1642 = VECTOR('',#1643,1.);
#1643 = DIRECTION('',(0.,0.,1.));
#1644 = ORIENTED_EDGE('',*,*,#1645,.T.);
#1645 = EDGE_CURVE('',#1638,#1646,#1648,.T.);
#1646 = VERTEX_POINT('',#1647);
#1647 = CARTESIAN_POINT('',(-1.,0.585,1.25));
#1648 = CIRCLE('',#1649,4.E-02);
#1649 = AXIS2_PLACEMENT_3D('',#1650,#1651,#1652);
#1650 = CARTESIAN_POINT('',(-1.,0.585,1.21));
#1651 = DIRECTION('',(1.,0.,-0.));
#1652 = DIRECTION('',(0.,0.,1.));
#1653 = ORIENTED_EDGE('',*,*,#1654,.F.);
#1654 = EDGE_CURVE('',#1655,#1646,#1657,.T.);
#1655 = VERTEX_POINT('',#1656);
#1656 = CARTESIAN_POINT('',(-1.,-0.585,1.25));
#1657 = LINE('',#1658,#1659);
#1658 = CARTESIAN_POINT('',(-1.,-0.625,1.25));
#1659 = VECTOR('',#1660,1.);
#1660 = DIRECTION('',(0.,1.,0.));
#1661 = ORIENTED_EDGE('',*,*,#1662,.F.);
#1662 = EDGE_CURVE('',#1604,#1655,#1663,.T.);
#1663 = CIRCLE('',#1664,4.E-02);
#1664 = AXIS2_PLACEMENT_3D('',#1665,#1666,#1667);
#1665 = CARTESIAN_POINT('',(-1.,-0.585,1.21));
#1666 = DIRECTION('',(-1.,0.,0.));
#1667 = DIRECTION('',(0.,0.,1.));
#1668 = PLANE('',#1669);
#1669 = AXIS2_PLACEMENT_3D('',#1670,#1671,#1672);
#1670 = CARTESIAN_POINT('',(-1.,-0.625,0.));
#1671 = DIRECTION('',(1.,0.,0.));
#1672 = DIRECTION('',(0.,0.,1.));
#1673 = ADVANCED_FACE('',(#1674),#1699,.F.);
#1674 = FACE_BOUND('',#1675,.F.);
#1675 = EDGE_LOOP('',(#1676,#1686,#1692,#1693));
#1676 = ORIENTED_EDGE('',*,*,#1677,.F.);
#1677 = EDGE_CURVE('',#1678,#1680,#1682,.T.);
#1678 = VERTEX_POINT('',#1679);
#1679 = CARTESIAN_POINT('',(-0.6,-0.625,4.E-02));
#1680 = VERTEX_POINT('',#1681);
#1681 = CARTESIAN_POINT('',(-0.6,-0.625,1.21));
#1682 = LINE('',#1683,#1684);
#1683 = CARTESIAN_POINT('',(-0.6,-0.625,0.));
#1684 = VECTOR('',#1685,1.);
#1685 = DIRECTION('',(0.,0.,1.));
#1686 = ORIENTED_EDGE('',*,*,#1687,.F.);
#1687 = EDGE_CURVE('',#1602,#1678,#1688,.T.);
#1688 = LINE('',#1689,#1690);
#1689 = CARTESIAN_POINT('',(-1.,-0.625,4.E-02));
#1690 = VECTOR('',#1691,1.);
#1691 = DIRECTION('',(1.,0.,0.));
#1692 = ORIENTED_EDGE('',*,*,#1601,.T.);
#1693 = ORIENTED_EDGE('',*,*,#1694,.T.);
#1694 = EDGE_CURVE('',#1604,#1680,#1695,.T.);
#1695 = LINE('',#1696,#1697);
#1696 = CARTESIAN_POINT('',(-1.,-0.625,1.21));
#1697 = VECTOR('',#1698,1.);
#1698 = DIRECTION('',(1.,0.,0.));
#1699 = PLANE('',#1700);
#1700 = AXIS2_PLACEMENT_3D('',#1701,#1702,#1703);
#1701 = CARTESIAN_POINT('',(-1.,-0.625,0.));
#1702 = DIRECTION('',(0.,1.,0.));
#1703 = DIRECTION('',(0.,-0.,1.));
#1704 = ADVANCED_FACE('',(#1705),#1724,.T.);
#1705 = FACE_BOUND('',#1706,.T.);
#1706 = EDGE_LOOP('',(#1707,#1708,#1716,#1723));
#1707 = ORIENTED_EDGE('',*,*,#1611,.T.);
#1708 = ORIENTED_EDGE('',*,*,#1709,.T.);
#1709 = EDGE_CURVE('',#1612,#1710,#1712,.T.);
#1710 = VERTEX_POINT('',#1711);
#1711 = CARTESIAN_POINT('',(-0.6,-0.585,0.));
#1712 = LINE('',#1713,#1714);
#1713 = CARTESIAN_POINT('',(-1.,-0.585,0.));
#1714 = VECTOR('',#1715,1.);
#1715 = DIRECTION('',(1.,0.,0.));
#1716 = ORIENTED_EDGE('',*,*,#1717,.F.);
#1717 = EDGE_CURVE('',#1678,#1710,#1718,.T.);
#1718 = CIRCLE('',#1719,4.E-02);
#1719 = AXIS2_PLACEMENT_3D('',#1720,#1721,#1722);
#1720 = CARTESIAN_POINT('',(-0.6,-0.585,4.E-02));
#1721 = DIRECTION('',(1.,0.,-0.));
#1722 = DIRECTION('',(0.,0.,1.));
#1723 = ORIENTED_EDGE('',*,*,#1687,.F.);
#1724 = CYLINDRICAL_SURFACE('',#1725,4.E-02);
#1725 = AXIS2_PLACEMENT_3D('',#1726,#1727,#1728);
#1726 = CARTESIAN_POINT('',(-1.,-0.585,4.E-02));
#1727 = DIRECTION('',(1.,0.,0.));
#1728 = DIRECTION('',(0.,-1.,0.));
#1729 = ADVANCED_FACE('',(#1730),#1749,.T.);
#1730 = FACE_BOUND('',#1731,.T.);
#1731 = EDGE_LOOP('',(#1732,#1733,#1742,#1748));
#1732 = ORIENTED_EDGE('',*,*,#1694,.T.);
#1733 = ORIENTED_EDGE('',*,*,#1734,.T.);
#1734 = EDGE_CURVE('',#1680,#1735,#1737,.T.);
#1735 = VERTEX_POINT('',#1736);
#1736 = CARTESIAN_POINT('',(-0.6,-0.585,1.25));
#1737 = CIRCLE('',#1738,4.E-02);
#1738 = AXIS2_PLACEMENT_3D('',#1739,#1740,#1741);
#1739 = CARTESIAN_POINT('',(-0.6,-0.585,1.21));
#1740 = DIRECTION('',(-1.,0.,0.));
#1741 = DIRECTION('',(0.,0.,1.));
#1742 = ORIENTED_EDGE('',*,*,#1743,.F.);
#1743 = EDGE_CURVE('',#1655,#1735,#1744,.T.);
#1744 = LINE('',#1745,#1746);
#1745 = CARTESIAN_POINT('',(-1.,-0.585,1.25));
#1746 = VECTOR('',#1747,1.);
#1747 = DIRECTION('',(1.,0.,0.));
#1748 = ORIENTED_EDGE('',*,*,#1662,.F.);
#1749 = CYLINDRICAL_SURFACE('',#1750,4.E-02);
#1750 = AXIS2_PLACEMENT_3D('',#1751,#1752,#1753);
#1751 = CARTESIAN_POINT('',(-1.,-0.585,1.21));
#1752 = DIRECTION('',(1.,0.,0.));
#1753 = DIRECTION('',(0.,-1.,0.));
#1754 = ADVANCED_FACE('',(#1755),#1773,.F.);
#1755 = FACE_BOUND('',#1756,.F.);
#1756 = EDGE_LOOP('',(#1757,#1758,#1759,#1767));
#1757 = ORIENTED_EDGE('',*,*,#1620,.F.);
#1758 = ORIENTED_EDGE('',*,*,#1709,.T.);
#1759 = ORIENTED_EDGE('',*,*,#1760,.T.);
#1760 = EDGE_CURVE('',#1710,#1761,#1763,.T.);
#1761 = VERTEX_POINT('',#1762);
#1762 = CARTESIAN_POINT('',(-0.6,0.585,0.));
#1763 = LINE('',#1764,#1765);
#1764 = CARTESIAN_POINT('',(-0.6,-0.625,0.));
#1765 = VECTOR('',#1766,1.);
#1766 = DIRECTION('',(0.,1.,0.));
#1767 = ORIENTED_EDGE('',*,*,#1768,.F.);
#1768 = EDGE_CURVE('',#1621,#1761,#1769,.T.);
#1769 = LINE('',#1770,#1771);
#1770 = CARTESIAN_POINT('',(-1.,0.585,0.));
#1771 = VECTOR('',#1772,1.);
#1772 = DIRECTION('',(1.,0.,0.));
#1773 = PLANE('',#1774);
#1774 = AXIS2_PLACEMENT_3D('',#1775,#1776,#1777);
#1775 = CARTESIAN_POINT('',(-1.,-0.625,0.));
#1776 = DIRECTION('',(0.,0.,1.));
#1777 = DIRECTION('',(1.,0.,-0.));
#1778 = ADVANCED_FACE('',(#1779),#1797,.T.);
#1779 = FACE_BOUND('',#1780,.T.);
#1780 = EDGE_LOOP('',(#1781,#1782,#1783,#1791));
#1781 = ORIENTED_EDGE('',*,*,#1654,.F.);
#1782 = ORIENTED_EDGE('',*,*,#1743,.T.);
#1783 = ORIENTED_EDGE('',*,*,#1784,.T.);
#1784 = EDGE_CURVE('',#1735,#1785,#1787,.T.);
#1785 = VERTEX_POINT('',#1786);
#1786 = CARTESIAN_POINT('',(-0.6,0.585,1.25));
#1787 = LINE('',#1788,#1789);
#1788 = CARTESIAN_POINT('',(-0.6,-0.625,1.25));
#1789 = VECTOR('',#1790,1.);
#1790 = DIRECTION('',(0.,1.,0.));
#1791 = ORIENTED_EDGE('',*,*,#1792,.F.);
#1792 = EDGE_CURVE('',#1646,#1785,#1793,.T.);
#1793 = LINE('',#1794,#1795);
#1794 = CARTESIAN_POINT('',(-1.,0.585,1.25));
#1795 = VECTOR('',#1796,1.);
#1796 = DIRECTION('',(1.,0.,0.));
#1797 = PLANE('',#1798);
#1798 = AXIS2_PLACEMENT_3D('',#1799,#1800,#1801);
#1799 = CARTESIAN_POINT('',(-1.,-0.625,1.25));
#1800 = DIRECTION('',(0.,0.,1.));
#1801 = DIRECTION('',(1.,0.,-0.));
#1802 = ADVANCED_FACE('',(#1803),#1822,.T.);
#1803 = FACE_BOUND('',#1804,.T.);
#1804 = EDGE_LOOP('',(#1805,#1813,#1820,#1821));
#1805 = ORIENTED_EDGE('',*,*,#1806,.T.);
#1806 = EDGE_CURVE('',#1629,#1807,#1809,.T.);
#1807 = VERTEX_POINT('',#1808);
#1808 = CARTESIAN_POINT('',(-0.6,0.625,4.E-02));
#1809 = LINE('',#1810,#1811);
#1810 = CARTESIAN_POINT('',(-1.,0.625,4.E-02));
#1811 = VECTOR('',#1812,1.);
#1812 = DIRECTION('',(1.,0.,0.));
#1813 = ORIENTED_EDGE('',*,*,#1814,.T.);
#1814 = EDGE_CURVE('',#1807,#1761,#1815,.T.);
#1815 = CIRCLE('',#1816,4.E-02);
#1816 = AXIS2_PLACEMENT_3D('',#1817,#1818,#1819);
#1817 = CARTESIAN_POINT('',(-0.6,0.585,4.E-02));
#1818 = DIRECTION('',(-1.,0.,0.));
#1819 = DIRECTION('',(0.,0.,1.));
#1820 = ORIENTED_EDGE('',*,*,#1768,.F.);
#1821 = ORIENTED_EDGE('',*,*,#1628,.F.);
#1822 = CYLINDRICAL_SURFACE('',#1823,4.E-02);
#1823 = AXIS2_PLACEMENT_3D('',#1824,#1825,#1826);
#1824 = CARTESIAN_POINT('',(-1.,0.585,4.E-02));
#1825 = DIRECTION('',(1.,0.,0.));
#1826 = DIRECTION('',(-0.,1.,0.));
#1827 = ADVANCED_FACE('',(#1828),#1847,.T.);
#1828 = FACE_BOUND('',#1829,.T.);
#1829 = EDGE_LOOP('',(#1830,#1831,#1832,#1841));
#1830 = ORIENTED_EDGE('',*,*,#1645,.T.);
#1831 = ORIENTED_EDGE('',*,*,#1792,.T.);
#1832 = ORIENTED_EDGE('',*,*,#1833,.F.);
#1833 = EDGE_CURVE('',#1834,#1785,#1836,.T.);
#1834 = VERTEX_POINT('',#1835);
#1835 = CARTESIAN_POINT('',(-0.6,0.625,1.21));
#1836 = CIRCLE('',#1837,4.E-02);
#1837 = AXIS2_PLACEMENT_3D('',#1838,#1839,#1840);
#1838 = CARTESIAN_POINT('',(-0.6,0.585,1.21));
#1839 = DIRECTION('',(1.,0.,-0.));
#1840 = DIRECTION('',(0.,0.,1.));
#1841 = ORIENTED_EDGE('',*,*,#1842,.F.);
#1842 = EDGE_CURVE('',#1638,#1834,#1843,.T.);
#1843 = LINE('',#1844,#1845);
#1844 = CARTESIAN_POINT('',(-1.,0.625,1.21));
#1845 = VECTOR('',#1846,1.);
#1846 = DIRECTION('',(1.,0.,0.));
#1847 = CYLINDRICAL_SURFACE('',#1848,4.E-02);
#1848 = AXIS2_PLACEMENT_3D('',#1849,#1850,#1851);
#1849 = CARTESIAN_POINT('',(-1.,0.585,1.21));
#1850 = DIRECTION('',(1.,0.,0.));
#1851 = DIRECTION('',(-0.,1.,0.));
#1852 = ADVANCED_FACE('',(#1853),#1864,.T.);
#1853 = FACE_BOUND('',#1854,.T.);
#1854 = EDGE_LOOP('',(#1855,#1861,#1862,#1863));
#1855 = ORIENTED_EDGE('',*,*,#1856,.F.);
#1856 = EDGE_CURVE('',#1807,#1834,#1857,.T.);
#1857 = LINE('',#1858,#1859);
#1858 = CARTESIAN_POINT('',(-0.6,0.625,0.));
#1859 = VECTOR('',#1860,1.);
#1860 = DIRECTION('',(0.,0.,1.));
#1861 = ORIENTED_EDGE('',*,*,#1806,.F.);
#1862 = ORIENTED_EDGE('',*,*,#1637,.T.);
#1863 = ORIENTED_EDGE('',*,*,#1842,.T.);
#1864 = PLANE('',#1865);
#1865 = AXIS2_PLACEMENT_3D('',#1866,#1867,#1868);
#1866 = CARTESIAN_POINT('',(-1.,0.625,0.));
#1867 = DIRECTION('',(0.,1.,0.));
#1868 = DIRECTION('',(0.,-0.,1.));
#1869 = ADVANCED_FACE('',(#1870,#1880),#1950,.T.);
#1870 = FACE_BOUND('',#1871,.T.);
#1871 = EDGE_LOOP('',(#1872,#1873,#1874,#1875,#1876,#1877,#1878,#1879));
#1872 = ORIENTED_EDGE('',*,*,#1677,.F.);
#1873 = ORIENTED_EDGE('',*,*,#1717,.T.);
#1874 = ORIENTED_EDGE('',*,*,#1760,.T.);
#1875 = ORIENTED_EDGE('',*,*,#1814,.F.);
#1876 = ORIENTED_EDGE('',*,*,#1856,.T.);
#1877 = ORIENTED_EDGE('',*,*,#1833,.T.);
#1878 = ORIENTED_EDGE('',*,*,#1784,.F.);
#1879 = ORIENTED_EDGE('',*,*,#1734,.F.);
#1880 = FACE_BOUND('',#1881,.T.);
#1881 = EDGE_LOOP('',(#1882,#1893,#1901,#1910,#1918,#1927,#1935,#1944));
#1882 = ORIENTED_EDGE('',*,*,#1883,.F.);
#1883 = EDGE_CURVE('',#1884,#1886,#1888,.T.);
#1884 = VERTEX_POINT('',#1885);
#1885 = CARTESIAN_POINT('',(-0.6,-0.585,8.E-02));
#1886 = VERTEX_POINT('',#1887);
#1887 = CARTESIAN_POINT('',(-0.6,-0.545,4.E-02));
#1888 = CIRCLE('',#1889,4.E-02);
#1889 = AXIS2_PLACEMENT_3D('',#1890,#1891,#1892);
#1890 = CARTESIAN_POINT('',(-0.6,-0.545,8.E-02));
#1891 = DIRECTION('',(1.,0.,-0.));
#1892 = DIRECTION('',(0.,0.,1.));
#1893 = ORIENTED_EDGE('',*,*,#1894,.T.);
#1894 = EDGE_CURVE('',#1884,#1895,#1897,.T.);
#1895 = VERTEX_POINT('',#1896);
#1896 = CARTESIAN_POINT('',(-0.6,-0.585,1.17));
#1897 = LINE('',#1898,#1899);
#1898 = CARTESIAN_POINT('',(-0.6,-0.585,4.E-02));
#1899 = VECTOR('',#1900,1.);
#1900 = DIRECTION('',(0.,0.,1.));
#1901 = ORIENTED_EDGE('',*,*,#1902,.T.);
#1902 = EDGE_CURVE('',#1895,#1903,#1905,.T.);
#1903 = VERTEX_POINT('',#1904);
#1904 = CARTESIAN_POINT('',(-0.6,-0.545,1.21));
#1905 = CIRCLE('',#1906,4.E-02);
#1906 = AXIS2_PLACEMENT_3D('',#1907,#1908,#1909);
#1907 = CARTESIAN_POINT('',(-0.6,-0.545,1.17));
#1908 = DIRECTION('',(-1.,0.,0.));
#1909 = DIRECTION('',(0.,0.,1.));
#1910 = ORIENTED_EDGE('',*,*,#1911,.T.);
#1911 = EDGE_CURVE('',#1903,#1912,#1914,.T.);
#1912 = VERTEX_POINT('',#1913);
#1913 = CARTESIAN_POINT('',(-0.6,0.545,1.21));
#1914 = LINE('',#1915,#1916);
#1915 = CARTESIAN_POINT('',(-0.6,-0.585,1.21));
#1916 = VECTOR('',#1917,1.);
#1917 = DIRECTION('',(0.,1.,0.));
#1918 = ORIENTED_EDGE('',*,*,#1919,.F.);
#1919 = EDGE_CURVE('',#1920,#1912,#1922,.T.);
#1920 = VERTEX_POINT('',#1921);
#1921 = CARTESIAN_POINT('',(-0.6,0.585,1.17));
#1922 = CIRCLE('',#1923,4.E-02);
#1923 = AXIS2_PLACEMENT_3D('',#1924,#1925,#1926);
#1924 = CARTESIAN_POINT('',(-0.6,0.545,1.17));
#1925 = DIRECTION('',(1.,0.,-0.));
#1926 = DIRECTION('',(0.,0.,1.));
#1927 = ORIENTED_EDGE('',*,*,#1928,.F.);
#1928 = EDGE_CURVE('',#1929,#1920,#1931,.T.);
#1929 = VERTEX_POINT('',#1930);
#1930 = CARTESIAN_POINT('',(-0.6,0.585,8.E-02));
#1931 = LINE('',#1932,#1933);
#1932 = CARTESIAN_POINT('',(-0.6,0.585,4.E-02));
#1933 = VECTOR('',#1934,1.);
#1934 = DIRECTION('',(0.,0.,1.));
#1935 = ORIENTED_EDGE('',*,*,#1936,.T.);
#1936 = EDGE_CURVE('',#1929,#1937,#1939,.T.);
#1937 = VERTEX_POINT('',#1938);
#1938 = CARTESIAN_POINT('',(-0.6,0.545,4.E-02));
#1939 = CIRCLE('',#1940,4.E-02);
#1940 = AXIS2_PLACEMENT_3D('',#1941,#1942,#1943);
#1941 = CARTESIAN_POINT('',(-0.6,0.545,8.E-02));
#1942 = DIRECTION('',(-1.,0.,0.));
#1943 = DIRECTION('',(0.,0.,1.));
#1944 = ORIENTED_EDGE('',*,*,#1945,.F.);
#1945 = EDGE_CURVE('',#1886,#1937,#1946,.T.);
#1946 = LINE('',#1947,#1948);
#1947 = CARTESIAN_POINT('',(-0.6,-0.585,4.E-02));
#1948 = VECTOR('',#1949,1.);
#1949 = DIRECTION('',(0.,1.,0.));
#1950 = PLANE('',#1951);
#1951 = AXIS2_PLACEMENT_3D('',#1952,#1953,#1954);
#1952 = CARTESIAN_POINT('',(-0.6,-0.625,0.));
#1953 = DIRECTION('',(1.,0.,0.));
#1954 = DIRECTION('',(0.,0.,1.));
#1955 = ADVANCED_FACE('',(#1956),#1982,.T.);
#1956 = FACE_BOUND('',#1957,.T.);
#1957 = EDGE_LOOP('',(#1958,#1959,#1967,#1976));
#1958 = ORIENTED_EDGE('',*,*,#1883,.T.);
#1959 = ORIENTED_EDGE('',*,*,#1960,.T.);
#1960 = EDGE_CURVE('',#1886,#1961,#1963,.T.);
#1961 = VERTEX_POINT('',#1962);
#1962 = CARTESIAN_POINT('',(0.6,-0.545,4.E-02));
#1963 = LINE('',#1964,#1965);
#1964 = CARTESIAN_POINT('',(-0.6,-0.545,4.E-02));
#1965 = VECTOR('',#1966,1.);
#1966 = DIRECTION('',(1.,0.,0.));
#1967 = ORIENTED_EDGE('',*,*,#1968,.F.);
#1968 = EDGE_CURVE('',#1969,#1961,#1971,.T.);
#1969 = VERTEX_POINT('',#1970);
#1970 = CARTESIAN_POINT('',(0.6,-0.585,8.E-02));
#1971 = CIRCLE('',#1972,4.E-02);
#1972 = AXIS2_PLACEMENT_3D('',#1973,#1974,#1975);
#1973 = CARTESIAN_POINT('',(0.6,-0.545,8.E-02));
#1974 = DIRECTION('',(1.,0.,-0.));
#1975 = DIRECTION('',(0.,0.,1.));
#1976 = ORIENTED_EDGE('',*,*,#1977,.F.);
#1977 = EDGE_CURVE('',#1884,#1969,#1978,.T.);
#1978 = LINE('',#1979,#1980);
#1979 = CARTESIAN_POINT('',(-0.6,-0.585,8.E-02));
#1980 = VECTOR('',#1981,1.);
#1981 = DIRECTION('',(1.,0.,0.));
#1982 = CYLINDRICAL_SURFACE('',#1983,4.E-02);
#1983 = AXIS2_PLACEMENT_3D('',#1984,#1985,#1986);
#1984 = CARTESIAN_POINT('',(-0.6,-0.545,8.E-02));
#1985 = DIRECTION('',(1.,0.,0.));
#1986 = DIRECTION('',(0.,-1.,0.));
#1987 = ADVANCED_FACE('',(#1988),#2006,.F.);
#1988 = FACE_BOUND('',#1989,.F.);
#1989 = EDGE_LOOP('',(#1990,#1991,#1992,#2000));
#1990 = ORIENTED_EDGE('',*,*,#1945,.F.);
#1991 = ORIENTED_EDGE('',*,*,#1960,.T.);
#1992 = ORIENTED_EDGE('',*,*,#1993,.T.);
#1993 = EDGE_CURVE('',#1961,#1994,#1996,.T.);
#1994 = VERTEX_POINT('',#1995);
#1995 = CARTESIAN_POINT('',(0.6,0.545,4.E-02));
#1996 = LINE('',#1997,#1998);
#1997 = CARTESIAN_POINT('',(0.6,-0.585,4.E-02));
#1998 = VECTOR('',#1999,1.);
#1999 = DIRECTION('',(0.,1.,0.));
#2000 = ORIENTED_EDGE('',*,*,#2001,.F.);
#2001 = EDGE_CURVE('',#1937,#1994,#2002,.T.);
#2002 = LINE('',#2003,#2004);
#2003 = CARTESIAN_POINT('',(-0.6,0.545,4.E-02));
#2004 = VECTOR('',#2005,1.);
#2005 = DIRECTION('',(1.,0.,0.));
#2006 = PLANE('',#2007);
#2007 = AXIS2_PLACEMENT_3D('',#2008,#2009,#2010);
#2008 = CARTESIAN_POINT('',(-0.6,-0.585,4.E-02));
#2009 = DIRECTION('',(0.,0.,1.));
#2010 = DIRECTION('',(1.,0.,-0.));
#2011 = ADVANCED_FACE('',(#2012),#2031,.T.);
#2012 = FACE_BOUND('',#2013,.T.);
#2013 = EDGE_LOOP('',(#2014,#2022,#2029,#2030));
#2014 = ORIENTED_EDGE('',*,*,#2015,.T.);
#2015 = EDGE_CURVE('',#1929,#2016,#2018,.T.);
#2016 = VERTEX_POINT('',#2017);
#2017 = CARTESIAN_POINT('',(0.6,0.585,8.E-02));
#2018 = LINE('',#2019,#2020);
#2019 = CARTESIAN_POINT('',(-0.6,0.585,8.E-02));
#2020 = VECTOR('',#2021,1.);
#2021 = DIRECTION('',(1.,0.,0.));
#2022 = ORIENTED_EDGE('',*,*,#2023,.T.);
#2023 = EDGE_CURVE('',#2016,#1994,#2024,.T.);
#2024 = CIRCLE('',#2025,4.E-02);
#2025 = AXIS2_PLACEMENT_3D('',#2026,#2027,#2028);
#2026 = CARTESIAN_POINT('',(0.6,0.545,8.E-02));
#2027 = DIRECTION('',(-1.,0.,0.));
#2028 = DIRECTION('',(0.,0.,1.));
#2029 = ORIENTED_EDGE('',*,*,#2001,.F.);
#2030 = ORIENTED_EDGE('',*,*,#1936,.F.);
#2031 = CYLINDRICAL_SURFACE('',#2032,4.E-02);
#2032 = AXIS2_PLACEMENT_3D('',#2033,#2034,#2035);
#2033 = CARTESIAN_POINT('',(-0.6,0.545,8.E-02));
#2034 = DIRECTION('',(1.,0.,0.));
#2035 = DIRECTION('',(-0.,1.,0.));
#2036 = ADVANCED_FACE('',(#2037),#2055,.T.);
#2037 = FACE_BOUND('',#2038,.T.);
#2038 = EDGE_LOOP('',(#2039,#2047,#2048,#2049));
#2039 = ORIENTED_EDGE('',*,*,#2040,.F.);
#2040 = EDGE_CURVE('',#2016,#2041,#2043,.T.);
#2041 = VERTEX_POINT('',#2042);
#2042 = CARTESIAN_POINT('',(0.6,0.585,1.17));
#2043 = LINE('',#2044,#2045);
#2044 = CARTESIAN_POINT('',(0.6,0.585,4.E-02));
#2045 = VECTOR('',#2046,1.);
#2046 = DIRECTION('',(0.,0.,1.));
#2047 = ORIENTED_EDGE('',*,*,#2015,.F.);
#2048 = ORIENTED_EDGE('',*,*,#1928,.T.);
#2049 = ORIENTED_EDGE('',*,*,#2050,.T.);
#2050 = EDGE_CURVE('',#1920,#2041,#2051,.T.);
#2051 = LINE('',#2052,#2053);
#2052 = CARTESIAN_POINT('',(-0.6,0.585,1.17));
#2053 = VECTOR('',#2054,1.);
#2054 = DIRECTION('',(1.,0.,0.));
#2055 = PLANE('',#2056);
#2056 = AXIS2_PLACEMENT_3D('',#2057,#2058,#2059);
#2057 = CARTESIAN_POINT('',(-0.6,0.585,4.E-02));
#2058 = DIRECTION('',(0.,1.,0.));
#2059 = DIRECTION('',(0.,-0.,1.));
#2060 = ADVANCED_FACE('',(#2061),#2080,.T.);
#2061 = FACE_BOUND('',#2062,.T.);
#2062 = EDGE_LOOP('',(#2063,#2064,#2072,#2079));
#2063 = ORIENTED_EDGE('',*,*,#1919,.T.);
#2064 = ORIENTED_EDGE('',*,*,#2065,.T.);
#2065 = EDGE_CURVE('',#1912,#2066,#2068,.T.);
#2066 = VERTEX_POINT('',#2067);
#2067 = CARTESIAN_POINT('',(0.6,0.545,1.21));
#2068 = LINE('',#2069,#2070);
#2069 = CARTESIAN_POINT('',(-0.6,0.545,1.21));
#2070 = VECTOR('',#2071,1.);
#2071 = DIRECTION('',(1.,0.,0.));
#2072 = ORIENTED_EDGE('',*,*,#2073,.F.);
#2073 = EDGE_CURVE('',#2041,#2066,#2074,.T.);
#2074 = CIRCLE('',#2075,4.E-02);
#2075 = AXIS2_PLACEMENT_3D('',#2076,#2077,#2078);
#2076 = CARTESIAN_POINT('',(0.6,0.545,1.17));
#2077 = DIRECTION('',(1.,0.,-0.));
#2078 = DIRECTION('',(0.,0.,1.));
#2079 = ORIENTED_EDGE('',*,*,#2050,.F.);
#2080 = CYLINDRICAL_SURFACE('',#2081,4.E-02);
#2081 = AXIS2_PLACEMENT_3D('',#2082,#2083,#2084);
#2082 = CARTESIAN_POINT('',(-0.6,0.545,1.17));
#2083 = DIRECTION('',(1.,0.,0.));
#2084 = DIRECTION('',(-0.,1.,0.));
#2085 = ADVANCED_FACE('',(#2086),#2104,.T.);
#2086 = FACE_BOUND('',#2087,.T.);
#2087 = EDGE_LOOP('',(#2088,#2089,#2097,#2103));
#2088 = ORIENTED_EDGE('',*,*,#1911,.F.);
#2089 = ORIENTED_EDGE('',*,*,#2090,.T.);
#2090 = EDGE_CURVE('',#1903,#2091,#2093,.T.);
#2091 = VERTEX_POINT('',#2092);
#2092 = CARTESIAN_POINT('',(0.6,-0.545,1.21));
#2093 = LINE('',#2094,#2095);
#2094 = CARTESIAN_POINT('',(-0.6,-0.545,1.21));
#2095 = VECTOR('',#2096,1.);
#2096 = DIRECTION('',(1.,0.,0.));
#2097 = ORIENTED_EDGE('',*,*,#2098,.T.);
#2098 = EDGE_CURVE('',#2091,#2066,#2099,.T.);
#2099 = LINE('',#2100,#2101);
#2100 = CARTESIAN_POINT('',(0.6,-0.585,1.21));
#2101 = VECTOR('',#2102,1.);
#2102 = DIRECTION('',(0.,1.,0.));
#2103 = ORIENTED_EDGE('',*,*,#2065,.F.);
#2104 = PLANE('',#2105);
#2105 = AXIS2_PLACEMENT_3D('',#2106,#2107,#2108);
#2106 = CARTESIAN_POINT('',(-0.6,-0.585,1.21));
#2107 = DIRECTION('',(0.,0.,1.));
#2108 = DIRECTION('',(1.,0.,-0.));
#2109 = ADVANCED_FACE('',(#2110),#2129,.T.);
#2110 = FACE_BOUND('',#2111,.T.);
#2111 = EDGE_LOOP('',(#2112,#2120,#2127,#2128));
#2112 = ORIENTED_EDGE('',*,*,#2113,.T.);
#2113 = EDGE_CURVE('',#1895,#2114,#2116,.T.);
#2114 = VERTEX_POINT('',#2115);
#2115 = CARTESIAN_POINT('',(0.6,-0.585,1.17));
#2116 = LINE('',#2117,#2118);
#2117 = CARTESIAN_POINT('',(-0.6,-0.585,1.17));
#2118 = VECTOR('',#2119,1.);
#2119 = DIRECTION('',(1.,0.,0.));
#2120 = ORIENTED_EDGE('',*,*,#2121,.T.);
#2121 = EDGE_CURVE('',#2114,#2091,#2122,.T.);
#2122 = CIRCLE('',#2123,4.E-02);
#2123 = AXIS2_PLACEMENT_3D('',#2124,#2125,#2126);
#2124 = CARTESIAN_POINT('',(0.6,-0.545,1.17));
#2125 = DIRECTION('',(-1.,0.,0.));
#2126 = DIRECTION('',(0.,0.,1.));
#2127 = ORIENTED_EDGE('',*,*,#2090,.F.);
#2128 = ORIENTED_EDGE('',*,*,#1902,.F.);
#2129 = CYLINDRICAL_SURFACE('',#2130,4.E-02);
#2130 = AXIS2_PLACEMENT_3D('',#2131,#2132,#2133);
#2131 = CARTESIAN_POINT('',(-0.6,-0.545,1.17));
#2132 = DIRECTION('',(1.,0.,0.));
#2133 = DIRECTION('',(0.,-1.,0.));
#2134 = ADVANCED_FACE('',(#2135),#2146,.F.);
#2135 = FACE_BOUND('',#2136,.F.);
#2136 = EDGE_LOOP('',(#2137,#2143,#2144,#2145));
#2137 = ORIENTED_EDGE('',*,*,#2138,.F.);
#2138 = EDGE_CURVE('',#1969,#2114,#2139,.T.);
#2139 = LINE('',#2140,#2141);
#2140 = CARTESIAN_POINT('',(0.6,-0.585,4.E-02));
#2141 = VECTOR('',#2142,1.);
#2142 = DIRECTION('',(0.,0.,1.));
#2143 = ORIENTED_EDGE('',*,*,#1977,.F.);
#2144 = ORIENTED_EDGE('',*,*,#1894,.T.);
#2145 = ORIENTED_EDGE('',*,*,#2113,.T.);
#2146 = PLANE('',#2147);
#2147 = AXIS2_PLACEMENT_3D('',#2148,#2149,#2150);
#2148 = CARTESIAN_POINT('',(-0.6,-0.585,4.E-02));
#2149 = DIRECTION('',(0.,1.,0.));
#2150 = DIRECTION('',(0.,-0.,1.));
#2151 = ADVANCED_FACE('',(#2152,#2222),#2232,.F.);
#2152 = FACE_BOUND('',#2153,.F.);
#2153 = EDGE_LOOP('',(#2154,#2164,#2173,#2181,#2190,#2198,#2207,#2215));
#2154 = ORIENTED_EDGE('',*,*,#2155,.F.);
#2155 = EDGE_CURVE('',#2156,#2158,#2160,.T.);
#2156 = VERTEX_POINT('',#2157);
#2157 = CARTESIAN_POINT('',(0.6,-0.625,4.E-02));
#2158 = VERTEX_POINT('',#2159);
#2159 = CARTESIAN_POINT('',(0.6,-0.625,1.21));
#2160 = LINE('',#2161,#2162);
#2161 = CARTESIAN_POINT('',(0.6,-0.625,0.));
#2162 = VECTOR('',#2163,1.);
#2163 = DIRECTION('',(0.,0.,1.));
#2164 = ORIENTED_EDGE('',*,*,#2165,.T.);
#2165 = EDGE_CURVE('',#2156,#2166,#2168,.T.);
#2166 = VERTEX_POINT('',#2167);
#2167 = CARTESIAN_POINT('',(0.6,-0.585,0.));
#2168 = CIRCLE('',#2169,4.E-02);
#2169 = AXIS2_PLACEMENT_3D('',#2170,#2171,#2172);
#2170 = CARTESIAN_POINT('',(0.6,-0.585,4.E-02));
#2171 = DIRECTION('',(1.,0.,-0.));
#2172 = DIRECTION('',(0.,0.,1.));
#2173 = ORIENTED_EDGE('',*,*,#2174,.T.);
#2174 = EDGE_CURVE('',#2166,#2175,#2177,.T.);
#2175 = VERTEX_POINT('',#2176);
#2176 = CARTESIAN_POINT('',(0.6,0.585,0.));
#2177 = LINE('',#2178,#2179);
#2178 = CARTESIAN_POINT('',(0.6,-0.625,0.));
#2179 = VECTOR('',#2180,1.);
#2180 = DIRECTION('',(0.,1.,0.));
#2181 = ORIENTED_EDGE('',*,*,#2182,.F.);
#2182 = EDGE_CURVE('',#2183,#2175,#2185,.T.);
#2183 = VERTEX_POINT('',#2184);
#2184 = CARTESIAN_POINT('',(0.6,0.625,4.E-02));
#2185 = CIRCLE('',#2186,4.E-02);
#2186 = AXIS2_PLACEMENT_3D('',#2187,#2188,#2189);
#2187 = CARTESIAN_POINT('',(0.6,0.585,4.E-02));
#2188 = DIRECTION('',(-1.,0.,0.));
#2189 = DIRECTION('',(0.,0.,1.));
#2190 = ORIENTED_EDGE('',*,*,#2191,.T.);
#2191 = EDGE_CURVE('',#2183,#2192,#2194,.T.);
#2192 = VERTEX_POINT('',#2193);
#2193 = CARTESIAN_POINT('',(0.6,0.625,1.21));
#2194 = LINE('',#2195,#2196);
#2195 = CARTESIAN_POINT('',(0.6,0.625,0.));
#2196 = VECTOR('',#2197,1.);
#2197 = DIRECTION('',(0.,0.,1.));
#2198 = ORIENTED_EDGE('',*,*,#2199,.T.);
#2199 = EDGE_CURVE('',#2192,#2200,#2202,.T.);
#2200 = VERTEX_POINT('',#2201);
#2201 = CARTESIAN_POINT('',(0.6,0.585,1.25));
#2202 = CIRCLE('',#2203,4.E-02);
#2203 = AXIS2_PLACEMENT_3D('',#2204,#2205,#2206);
#2204 = CARTESIAN_POINT('',(0.6,0.585,1.21));
#2205 = DIRECTION('',(1.,0.,-0.));
#2206 = DIRECTION('',(0.,0.,1.));
#2207 = ORIENTED_EDGE('',*,*,#2208,.F.);
#2208 = EDGE_CURVE('',#2209,#2200,#2211,.T.);
#2209 = VERTEX_POINT('',#2210);
#2210 = CARTESIAN_POINT('',(0.6,-0.585,1.25));
#2211 = LINE('',#2212,#2213);
#2212 = CARTESIAN_POINT('',(0.6,-0.625,1.25));
#2213 = VECTOR('',#2214,1.);
#2214 = DIRECTION('',(0.,1.,0.));
#2215 = ORIENTED_EDGE('',*,*,#2216,.F.);
#2216 = EDGE_CURVE('',#2158,#2209,#2217,.T.);
#2217 = CIRCLE('',#2218,4.E-02);
#2218 = AXIS2_PLACEMENT_3D('',#2219,#2220,#2221);
#2219 = CARTESIAN_POINT('',(0.6,-0.585,1.21));
#2220 = DIRECTION('',(-1.,0.,0.));
#2221 = DIRECTION('',(0.,0.,1.));
#2222 = FACE_BOUND('',#2223,.F.);
#2223 = EDGE_LOOP('',(#2224,#2225,#2226,#2227,#2228,#2229,#2230,#2231));
#2224 = ORIENTED_EDGE('',*,*,#1968,.F.);
#2225 = ORIENTED_EDGE('',*,*,#2138,.T.);
#2226 = ORIENTED_EDGE('',*,*,#2121,.T.);
#2227 = ORIENTED_EDGE('',*,*,#2098,.T.);
#2228 = ORIENTED_EDGE('',*,*,#2073,.F.);
#2229 = ORIENTED_EDGE('',*,*,#2040,.F.);
#2230 = ORIENTED_EDGE('',*,*,#2023,.T.);
#2231 = ORIENTED_EDGE('',*,*,#1993,.F.);
#2232 = PLANE('',#2233);
#2233 = AXIS2_PLACEMENT_3D('',#2234,#2235,#2236);
#2234 = CARTESIAN_POINT('',(0.6,-0.625,0.));
#2235 = DIRECTION('',(1.,0.,0.));
#2236 = DIRECTION('',(0.,0.,1.));
#2237 = ADVANCED_FACE('',(#2238),#2263,.F.);
#2238 = FACE_BOUND('',#2239,.F.);
#2239 = EDGE_LOOP('',(#2240,#2250,#2256,#2257));
#2240 = ORIENTED_EDGE('',*,*,#2241,.F.);
#2241 = EDGE_CURVE('',#2242,#2244,#2246,.T.);
#2242 = VERTEX_POINT('',#2243);
#2243 = CARTESIAN_POINT('',(1.,-0.625,4.E-02));
#2244 = VERTEX_POINT('',#2245);
#2245 = CARTESIAN_POINT('',(1.,-0.625,1.21));
#2246 = LINE('',#2247,#2248);
#2247 = CARTESIAN_POINT('',(1.,-0.625,0.));
#2248 = VECTOR('',#2249,1.);
#2249 = DIRECTION('',(0.,0.,1.));
#2250 = ORIENTED_EDGE('',*,*,#2251,.F.);
#2251 = EDGE_CURVE('',#2156,#2242,#2252,.T.);
#2252 = LINE('',#2253,#2254);
#2253 = CARTESIAN_POINT('',(0.6,-0.625,4.E-02));
#2254 = VECTOR('',#2255,1.);
#2255 = DIRECTION('',(1.,0.,0.));
#2256 = ORIENTED_EDGE('',*,*,#2155,.T.);
#2257 = ORIENTED_EDGE('',*,*,#2258,.T.);
#2258 = EDGE_CURVE('',#2158,#2244,#2259,.T.);
#2259 = LINE('',#2260,#2261);
#2260 = CARTESIAN_POINT('',(0.6,-0.625,1.21));
#2261 = VECTOR('',#2262,1.);
#2262 = DIRECTION('',(1.,0.,0.));
#2263 = PLANE('',#2264);
#2264 = AXIS2_PLACEMENT_3D('',#2265,#2266,#2267);
#2265 = CARTESIAN_POINT('',(0.6,-0.625,0.));
#2266 = DIRECTION('',(0.,1.,0.));
#2267 = DIRECTION('',(0.,-0.,1.));
#2268 = ADVANCED_FACE('',(#2269),#2288,.T.);
#2269 = FACE_BOUND('',#2270,.T.);
#2270 = EDGE_LOOP('',(#2271,#2272,#2280,#2287));
#2271 = ORIENTED_EDGE('',*,*,#2165,.T.);
#2272 = ORIENTED_EDGE('',*,*,#2273,.T.);
#2273 = EDGE_CURVE('',#2166,#2274,#2276,.T.);
#2274 = VERTEX_POINT('',#2275);
#2275 = CARTESIAN_POINT('',(1.,-0.585,0.));
#2276 = LINE('',#2277,#2278);
#2277 = CARTESIAN_POINT('',(0.6,-0.585,0.));
#2278 = VECTOR('',#2279,1.);
#2279 = DIRECTION('',(1.,0.,0.));
#2280 = ORIENTED_EDGE('',*,*,#2281,.F.);
#2281 = EDGE_CURVE('',#2242,#2274,#2282,.T.);
#2282 = CIRCLE('',#2283,4.E-02);
#2283 = AXIS2_PLACEMENT_3D('',#2284,#2285,#2286);
#2284 = CARTESIAN_POINT('',(1.,-0.585,4.E-02));
#2285 = DIRECTION('',(1.,0.,-0.));
#2286 = DIRECTION('',(0.,0.,1.));
#2287 = ORIENTED_EDGE('',*,*,#2251,.F.);
#2288 = CYLINDRICAL_SURFACE('',#2289,4.E-02);
#2289 = AXIS2_PLACEMENT_3D('',#2290,#2291,#2292);
#2290 = CARTESIAN_POINT('',(0.6,-0.585,4.E-02));
#2291 = DIRECTION('',(1.,0.,0.));
#2292 = DIRECTION('',(0.,-1.,0.));
#2293 = ADVANCED_FACE('',(#2294),#2313,.T.);
#2294 = FACE_BOUND('',#2295,.T.);
#2295 = EDGE_LOOP('',(#2296,#2297,#2306,#2312));
#2296 = ORIENTED_EDGE('',*,*,#2258,.T.);
#2297 = ORIENTED_EDGE('',*,*,#2298,.T.);
#2298 = EDGE_CURVE('',#2244,#2299,#2301,.T.);
#2299 = VERTEX_POINT('',#2300);
#2300 = CARTESIAN_POINT('',(1.,-0.585,1.25));
#2301 = CIRCLE('',#2302,4.E-02);
#2302 = AXIS2_PLACEMENT_3D('',#2303,#2304,#2305);
#2303 = CARTESIAN_POINT('',(1.,-0.585,1.21));
#2304 = DIRECTION('',(-1.,0.,0.));
#2305 = DIRECTION('',(0.,0.,1.));
#2306 = ORIENTED_EDGE('',*,*,#2307,.F.);
#2307 = EDGE_CURVE('',#2209,#2299,#2308,.T.);
#2308 = LINE('',#2309,#2310);
#2309 = CARTESIAN_POINT('',(0.6,-0.585,1.25));
#2310 = VECTOR('',#2311,1.);
#2311 = DIRECTION('',(1.,0.,0.));
#2312 = ORIENTED_EDGE('',*,*,#2216,.F.);
#2313 = CYLINDRICAL_SURFACE('',#2314,4.E-02);
#2314 = AXIS2_PLACEMENT_3D('',#2315,#2316,#2317);
#2315 = CARTESIAN_POINT('',(0.6,-0.585,1.21));
#2316 = DIRECTION('',(1.,0.,0.));
#2317 = DIRECTION('',(0.,-1.,0.));
#2318 = ADVANCED_FACE('',(#2319),#2337,.F.);
#2319 = FACE_BOUND('',#2320,.F.);
#2320 = EDGE_LOOP('',(#2321,#2322,#2323,#2331));
#2321 = ORIENTED_EDGE('',*,*,#2174,.F.);
#2322 = ORIENTED_EDGE('',*,*,#2273,.T.);
#2323 = ORIENTED_EDGE('',*,*,#2324,.T.);
#2324 = EDGE_CURVE('',#2274,#2325,#2327,.T.);
#2325 = VERTEX_POINT('',#2326);
#2326 = CARTESIAN_POINT('',(1.,0.585,0.));
#2327 = LINE('',#2328,#2329);
#2328 = CARTESIAN_POINT('',(1.,-0.625,0.));
#2329 = VECTOR('',#2330,1.);
#2330 = DIRECTION('',(0.,1.,0.));
#2331 = ORIENTED_EDGE('',*,*,#2332,.F.);
#2332 = EDGE_CURVE('',#2175,#2325,#2333,.T.);
#2333 = LINE('',#2334,#2335);
#2334 = CARTESIAN_POINT('',(0.6,0.585,0.));
#2335 = VECTOR('',#2336,1.);
#2336 = DIRECTION('',(1.,0.,0.));
#2337 = PLANE('',#2338);
#2338 = AXIS2_PLACEMENT_3D('',#2339,#2340,#2341);
#2339 = CARTESIAN_POINT('',(0.6,-0.625,0.));
#2340 = DIRECTION('',(0.,0.,1.));
#2341 = DIRECTION('',(1.,0.,-0.));
#2342 = ADVANCED_FACE('',(#2343),#2361,.T.);
#2343 = FACE_BOUND('',#2344,.T.);
#2344 = EDGE_LOOP('',(#2345,#2346,#2347,#2355));
#2345 = ORIENTED_EDGE('',*,*,#2208,.F.);
#2346 = ORIENTED_EDGE('',*,*,#2307,.T.);
#2347 = ORIENTED_EDGE('',*,*,#2348,.T.);
#2348 = EDGE_CURVE('',#2299,#2349,#2351,.T.);
#2349 = VERTEX_POINT('',#2350);
#2350 = CARTESIAN_POINT('',(1.,0.585,1.25));
#2351 = LINE('',#2352,#2353);
#2352 = CARTESIAN_POINT('',(1.,-0.625,1.25));
#2353 = VECTOR('',#2354,1.);
#2354 = DIRECTION('',(0.,1.,0.));
#2355 = ORIENTED_EDGE('',*,*,#2356,.F.);
#2356 = EDGE_CURVE('',#2200,#2349,#2357,.T.);
#2357 = LINE('',#2358,#2359);
#2358 = CARTESIAN_POINT('',(0.6,0.585,1.25));
#2359 = VECTOR('',#2360,1.);
#2360 = DIRECTION('',(1.,0.,0.));
#2361 = PLANE('',#2362);
#2362 = AXIS2_PLACEMENT_3D('',#2363,#2364,#2365);
#2363 = CARTESIAN_POINT('',(0.6,-0.625,1.25));
#2364 = DIRECTION('',(0.,0.,1.));
#2365 = DIRECTION('',(1.,0.,-0.));
#2366 = ADVANCED_FACE('',(#2367),#2386,.T.);
#2367 = FACE_BOUND('',#2368,.T.);
#2368 = EDGE_LOOP('',(#2369,#2377,#2384,#2385));
#2369 = ORIENTED_EDGE('',*,*,#2370,.T.);
#2370 = EDGE_CURVE('',#2183,#2371,#2373,.T.);
#2371 = VERTEX_POINT('',#2372);
#2372 = CARTESIAN_POINT('',(1.,0.625,4.E-02));
#2373 = LINE('',#2374,#2375);
#2374 = CARTESIAN_POINT('',(0.6,0.625,4.E-02));
#2375 = VECTOR('',#2376,1.);
#2376 = DIRECTION('',(1.,0.,0.));
#2377 = ORIENTED_EDGE('',*,*,#2378,.T.);
#2378 = EDGE_CURVE('',#2371,#2325,#2379,.T.);
#2379 = CIRCLE('',#2380,4.E-02);
#2380 = AXIS2_PLACEMENT_3D('',#2381,#2382,#2383);
#2381 = CARTESIAN_POINT('',(1.,0.585,4.E-02));
#2382 = DIRECTION('',(-1.,0.,0.));
#2383 = DIRECTION('',(0.,0.,1.));
#2384 = ORIENTED_EDGE('',*,*,#2332,.F.);
#2385 = ORIENTED_EDGE('',*,*,#2182,.F.);
#2386 = CYLINDRICAL_SURFACE('',#2387,4.E-02);
#2387 = AXIS2_PLACEMENT_3D('',#2388,#2389,#2390);
#2388 = CARTESIAN_POINT('',(0.6,0.585,4.E-02));
#2389 = DIRECTION('',(1.,0.,0.));
#2390 = DIRECTION('',(-0.,1.,0.));
#2391 = ADVANCED_FACE('',(#2392),#2411,.T.);
#2392 = FACE_BOUND('',#2393,.T.);
#2393 = EDGE_LOOP('',(#2394,#2395,#2396,#2405));
#2394 = ORIENTED_EDGE('',*,*,#2199,.T.);
#2395 = ORIENTED_EDGE('',*,*,#2356,.T.);
#2396 = ORIENTED_EDGE('',*,*,#2397,.F.);
#2397 = EDGE_CURVE('',#2398,#2349,#2400,.T.);
#2398 = VERTEX_POINT('',#2399);
#2399 = CARTESIAN_POINT('',(1.,0.625,1.21));
#2400 = CIRCLE('',#2401,4.E-02);
#2401 = AXIS2_PLACEMENT_3D('',#2402,#2403,#2404);
#2402 = CARTESIAN_POINT('',(1.,0.585,1.21));
#2403 = DIRECTION('',(1.,0.,-0.));
#2404 = DIRECTION('',(0.,0.,1.));
#2405 = ORIENTED_EDGE('',*,*,#2406,.F.);
#2406 = EDGE_CURVE('',#2192,#2398,#2407,.T.);
#2407 = LINE('',#2408,#2409);
#2408 = CARTESIAN_POINT('',(0.6,0.625,1.21));
#2409 = VECTOR('',#2410,1.);
#2410 = DIRECTION('',(1.,0.,0.));
#2411 = CYLINDRICAL_SURFACE('',#2412,4.E-02);
#2412 = AXIS2_PLACEMENT_3D('',#2413,#2414,#2415);
#2413 = CARTESIAN_POINT('',(0.6,0.585,1.21));
#2414 = DIRECTION('',(1.,0.,0.));
#2415 = DIRECTION('',(-0.,1.,0.));
#2416 = ADVANCED_FACE('',(#2417),#2428,.T.);
#2417 = FACE_BOUND('',#2418,.T.);
#2418 = EDGE_LOOP('',(#2419,#2425,#2426,#2427));
#2419 = ORIENTED_EDGE('',*,*,#2420,.F.);
#2420 = EDGE_CURVE('',#2371,#2398,#2421,.T.);
#2421 = LINE('',#2422,#2423);
#2422 = CARTESIAN_POINT('',(1.,0.625,0.));
#2423 = VECTOR('',#2424,1.);
#2424 = DIRECTION('',(0.,0.,1.));
#2425 = ORIENTED_EDGE('',*,*,#2370,.F.);
#2426 = ORIENTED_EDGE('',*,*,#2191,.T.);
#2427 = ORIENTED_EDGE('',*,*,#2406,.T.);
#2428 = PLANE('',#2429);
#2429 = AXIS2_PLACEMENT_3D('',#2430,#2431,#2432);
#2430 = CARTESIAN_POINT('',(0.6,0.625,0.));
#2431 = DIRECTION('',(0.,1.,0.));
#2432 = DIRECTION('',(0.,-0.,1.));
#2433 = ADVANCED_FACE('',(#2434),#2444,.T.);
#2434 = FACE_BOUND('',#2435,.T.);
#2435 = EDGE_LOOP('',(#2436,#2437,#2438,#2439,#2440,#2441,#2442,#2443));
#2436 = ORIENTED_EDGE('',*,*,#2241,.F.);
#2437 = ORIENTED_EDGE('',*,*,#2281,.T.);
#2438 = ORIENTED_EDGE('',*,*,#2324,.T.);
#2439 = ORIENTED_EDGE('',*,*,#2378,.F.);
#2440 = ORIENTED_EDGE('',*,*,#2420,.T.);
#2441 = ORIENTED_EDGE('',*,*,#2397,.T.);
#2442 = ORIENTED_EDGE('',*,*,#2348,.F.);
#2443 = ORIENTED_EDGE('',*,*,#2298,.F.);
#2444 = PLANE('',#2445);
#2445 = AXIS2_PLACEMENT_3D('',#2446,#2447,#2448);
#2446 = CARTESIAN_POINT('',(1.,-0.625,0.));
#2447 = DIRECTION('',(1.,0.,0.));
#2448 = DIRECTION('',(0.,0.,1.));
#2449 = ( GEOMETRIC_REPRESENTATION_CONTEXT(3) 
GLOBAL_UNCERTAINTY_ASSIGNED_CONTEXT((#2453)) 
GLOBAL_UNIT_ASSIGNED_CONTEXT((#2450,#2451,#2452)) REPRESENTATION_CONTEXT
('Context #1','3D Context with UNIT and UNCERTAINTY') );
#2450 = ( LENGTH_UNIT() NAMED_UNIT(*) SI_UNIT(.MILLI.,.METRE.) );
#2451 = ( NAMED_UNIT(*) PLANE_ANGLE_UNIT() SI_UNIT($,.RADIAN.) );
#2452 = ( NAMED_UNIT(*) SI_UNIT($,.STERADIAN.) SOLID_ANGLE_UNIT() );
#2453 = UNCERTAINTY_MEASURE_WITH_UNIT(LENGTH_MEASURE(1.E-07),#2450,
  'distance_accuracy_value','confusion accuracy');
#2454 = CONTEXT_DEPENDENT_SHAPE_REPRESENTATION(#2455,#2457);
#2455 = ( REPRESENTATION_RELATIONSHIP('','',#1594,#10) 
REPRESENTATION_RELATIONSHIP_WITH_TRANSFORMATION(#2456) 
SHAPE_REPRESENTATION_RELATIONSHIP() );
#2456 = ITEM_DEFINED_TRANSFORMATION('','',#11,#19);
#2457 = PRODUCT_DEFINITION_SHAPE('Placement','Placement of an item',
  #2458);
#2458 = NEXT_ASSEMBLY_USAGE_OCCURRENCE('2','R4','',#5,#1589,$);
#2459 = PRODUCT_RELATED_PRODUCT_CATEGORY('part',$,(#1591));
#2460 = SHAPE_DEFINITION_REPRESENTATION(#2461,#2467);
#2461 = PRODUCT_DEFINITION_SHAPE('','',#2462);
#2462 = PRODUCT_DEFINITION('design','',#2463,#2466);
#2463 = PRODUCT_DEFINITION_FORMATION('','',#2464);
#2464 = PRODUCT('SW_PUSH_6mm','SW_PUSH_6mm','',(#2465));
#2465 = PRODUCT_CONTEXT('',#2,'mechanical');
#2466 = PRODUCT_DEFINITION_CONTEXT('part definition',#2,'design');
#2467 = ADVANCED_BREP_SHAPE_REPRESENTATION('',(#11,#2468),#5697);
#2468 = MANIFOLD_SOLID_BREP('',#2469);
#2469 = CLOSED_SHELL('',(#2470,#2487,#2512,#2635,#2666,#2691,#2716,#2740
    ,#2764,#2789,#2814,#2831,#2856,#2881,#2906,#2931,#2962,#2987,#3012,
    #3100,#3188,#3213,#3238,#3255,#3264,#3290,#3299,#3308,#3352,#3502,
    #3526,#3669,#3819,#3969,#3986,#4136,#4160,#4303,#4453,#4603,#4620,
    #4629,#4646,#4663,#4680,#4697,#4719,#4736,#4753,#4770,#4787,#4799,
    #4816,#4833,#4850,#4867,#4884,#4901,#4918,#4935,#4947,#4969,#4986,
    #5003,#5020,#5037,#5049,#5066,#5083,#5100,#5117,#5134,#5151,#5168,
    #5185,#5197,#5219,#5236,#5253,#5270,#5287,#5299,#5316,#5333,#5350,
    #5367,#5384,#5401,#5418,#5435,#5447,#5469,#5486,#5503,#5520,#5537,
    #5549,#5566,#5583,#5600,#5617,#5634,#5651,#5668,#5685));
#2470 = ADVANCED_FACE('',(#2471),#2482,.F.);
#2471 = FACE_BOUND('',#2472,.T.);
#2472 = EDGE_LOOP('',(#2473));
#2473 = ORIENTED_EDGE('',*,*,#2474,.T.);
#2474 = EDGE_CURVE('',#2475,#2475,#2477,.T.);
#2475 = VERTEX_POINT('',#2476);
#2476 = CARTESIAN_POINT('',(1.65,-4.25,4.1));
#2477 = CIRCLE('',#2478,0.5);
#2478 = AXIS2_PLACEMENT_3D('',#2479,#2480,#2481);
#2479 = CARTESIAN_POINT('',(1.15,-4.25,4.1));
#2480 = DIRECTION('',(0.,0.,1.));
#2481 = DIRECTION('',(1.,0.,-0.));
#2482 = PLANE('',#2483);
#2483 = AXIS2_PLACEMENT_3D('',#2484,#2485,#2486);
#2484 = CARTESIAN_POINT('',(1.65,-4.25,4.1));
#2485 = DIRECTION('',(0.,0.,-1.));
#2486 = DIRECTION('',(-1.,0.,0.));
#2487 = ADVANCED_FACE('',(#2488),#2507,.T.);
#2488 = FACE_BOUND('',#2489,.T.);
#2489 = EDGE_LOOP('',(#2490,#2498,#2499,#2500));
#2490 = ORIENTED_EDGE('',*,*,#2491,.T.);
#2491 = EDGE_CURVE('',#2492,#2475,#2494,.T.);
#2492 = VERTEX_POINT('',#2493);
#2493 = CARTESIAN_POINT('',(1.65,-4.25,3.6));
#2494 = LINE('',#2495,#2496);
#2495 = CARTESIAN_POINT('',(1.65,-4.25,3.5));
#2496 = VECTOR('',#2497,1.);
#2497 = DIRECTION('',(0.,0.,1.));
#2498 = ORIENTED_EDGE('',*,*,#2474,.F.);
#2499 = ORIENTED_EDGE('',*,*,#2491,.F.);
#2500 = ORIENTED_EDGE('',*,*,#2501,.F.);
#2501 = EDGE_CURVE('',#2492,#2492,#2502,.T.);
#2502 = CIRCLE('',#2503,0.5);
#2503 = AXIS2_PLACEMENT_3D('',#2504,#2505,#2506);
#2504 = CARTESIAN_POINT('',(1.15,-4.25,3.6));
#2505 = DIRECTION('',(0.,0.,-1.));
#2506 = DIRECTION('',(1.,0.,0.));
#2507 = CYLINDRICAL_SURFACE('',#2508,0.5);
#2508 = AXIS2_PLACEMENT_3D('',#2509,#2510,#2511);
#2509 = CARTESIAN_POINT('',(1.15,-4.25,3.5));
#2510 = DIRECTION('',(-0.,-0.,-1.));
#2511 = DIRECTION('',(1.,0.,0.));
#2512 = ADVANCED_FACE('',(#2513,#2583,#2594,#2605,#2616,#2627),#2630,.F.
  );
#2513 = FACE_BOUND('',#2514,.F.);
#2514 = EDGE_LOOP('',(#2515,#2525,#2534,#2542,#2551,#2559,#2568,#2576));
#2515 = ORIENTED_EDGE('',*,*,#2516,.F.);
#2516 = EDGE_CURVE('',#2517,#2519,#2521,.T.);
#2517 = VERTEX_POINT('',#2518);
#2518 = CARTESIAN_POINT('',(0.45,-5.25,3.6));
#2519 = VERTEX_POINT('',#2520);
#2520 = CARTESIAN_POINT('',(5.85,-5.25,3.6));
#2521 = LINE('',#2522,#2523);
#2522 = CARTESIAN_POINT('',(0.15,-5.25,3.6));
#2523 = VECTOR('',#2524,1.);
#2524 = DIRECTION('',(1.,0.,0.));
#2525 = ORIENTED_EDGE('',*,*,#2526,.T.);
#2526 = EDGE_CURVE('',#2517,#2527,#2529,.T.);
#2527 = VERTEX_POINT('',#2528);
#2528 = CARTESIAN_POINT('',(0.15,-4.95,3.6));
#2529 = CIRCLE('',#2530,0.3);
#2530 = AXIS2_PLACEMENT_3D('',#2531,#2532,#2533);
#2531 = CARTESIAN_POINT('',(0.45,-4.95,3.6));
#2532 = DIRECTION('',(-0.,-0.,-1.));
#2533 = DIRECTION('',(0.,-1.,0.));
#2534 = ORIENTED_EDGE('',*,*,#2535,.F.);
#2535 = EDGE_CURVE('',#2536,#2527,#2538,.T.);
#2536 = VERTEX_POINT('',#2537);
#2537 = CARTESIAN_POINT('',(0.15,0.45,3.6));
#2538 = LINE('',#2539,#2540);
#2539 = CARTESIAN_POINT('',(0.15,0.75,3.6));
#2540 = VECTOR('',#2541,1.);
#2541 = DIRECTION('',(0.,-1.,0.));
#2542 = ORIENTED_EDGE('',*,*,#2543,.F.);
#2543 = EDGE_CURVE('',#2544,#2536,#2546,.T.);
#2544 = VERTEX_POINT('',#2545);
#2545 = CARTESIAN_POINT('',(0.45,0.75,3.6));
#2546 = CIRCLE('',#2547,0.3);
#2547 = AXIS2_PLACEMENT_3D('',#2548,#2549,#2550);
#2548 = CARTESIAN_POINT('',(0.45,0.45,3.6));
#2549 = DIRECTION('',(-0.,0.,1.));
#2550 = DIRECTION('',(0.,-1.,0.));
#2551 = ORIENTED_EDGE('',*,*,#2552,.F.);
#2552 = EDGE_CURVE('',#2553,#2544,#2555,.T.);
#2553 = VERTEX_POINT('',#2554);
#2554 = CARTESIAN_POINT('',(5.85,0.75,3.6));
#2555 = LINE('',#2556,#2557);
#2556 = CARTESIAN_POINT('',(6.15,0.75,3.6));
#2557 = VECTOR('',#2558,1.);
#2558 = DIRECTION('',(-1.,0.,0.));
#2559 = ORIENTED_EDGE('',*,*,#2560,.F.);
#2560 = EDGE_CURVE('',#2561,#2553,#2563,.T.);
#2561 = VERTEX_POINT('',#2562);
#2562 = CARTESIAN_POINT('',(6.15,0.45,3.6));
#2563 = CIRCLE('',#2564,0.3);
#2564 = AXIS2_PLACEMENT_3D('',#2565,#2566,#2567);
#2565 = CARTESIAN_POINT('',(5.85,0.45,3.6));
#2566 = DIRECTION('',(-0.,0.,1.));
#2567 = DIRECTION('',(0.,-1.,0.));
#2568 = ORIENTED_EDGE('',*,*,#2569,.F.);
#2569 = EDGE_CURVE('',#2570,#2561,#2572,.T.);
#2570 = VERTEX_POINT('',#2571);
#2571 = CARTESIAN_POINT('',(6.15,-4.95,3.6));
#2572 = LINE('',#2573,#2574);
#2573 = CARTESIAN_POINT('',(6.15,-5.25,3.6));
#2574 = VECTOR('',#2575,1.);
#2575 = DIRECTION('',(0.,1.,0.));
#2576 = ORIENTED_EDGE('',*,*,#2577,.F.);
#2577 = EDGE_CURVE('',#2519,#2570,#2578,.T.);
#2578 = CIRCLE('',#2579,0.3);
#2579 = AXIS2_PLACEMENT_3D('',#2580,#2581,#2582);
#2580 = CARTESIAN_POINT('',(5.85,-4.95,3.6));
#2581 = DIRECTION('',(-0.,0.,1.));
#2582 = DIRECTION('',(0.,-1.,0.));
#2583 = FACE_BOUND('',#2584,.F.);
#2584 = EDGE_LOOP('',(#2585));
#2585 = ORIENTED_EDGE('',*,*,#2586,.F.);
#2586 = EDGE_CURVE('',#2587,#2587,#2589,.T.);
#2587 = VERTEX_POINT('',#2588);
#2588 = CARTESIAN_POINT('',(5.65,-4.25,3.6));
#2589 = CIRCLE('',#2590,0.5);
#2590 = AXIS2_PLACEMENT_3D('',#2591,#2592,#2593);
#2591 = CARTESIAN_POINT('',(5.15,-4.25,3.6));
#2592 = DIRECTION('',(0.,0.,-1.));
#2593 = DIRECTION('',(1.,0.,0.));
#2594 = FACE_BOUND('',#2595,.F.);
#2595 = EDGE_LOOP('',(#2596));
#2596 = ORIENTED_EDGE('',*,*,#2597,.F.);
#2597 = EDGE_CURVE('',#2598,#2598,#2600,.T.);
#2598 = VERTEX_POINT('',#2599);
#2599 = CARTESIAN_POINT('',(4.9,-2.25,3.6));
#2600 = CIRCLE('',#2601,1.75);
#2601 = AXIS2_PLACEMENT_3D('',#2602,#2603,#2604);
#2602 = CARTESIAN_POINT('',(3.15,-2.25,3.6));
#2603 = DIRECTION('',(0.,0.,-1.));
#2604 = DIRECTION('',(1.,0.,0.));
#2605 = FACE_BOUND('',#2606,.F.);
#2606 = EDGE_LOOP('',(#2607));
#2607 = ORIENTED_EDGE('',*,*,#2608,.F.);
#2608 = EDGE_CURVE('',#2609,#2609,#2611,.T.);
#2609 = VERTEX_POINT('',#2610);
#2610 = CARTESIAN_POINT('',(1.65,-0.25,3.6));
#2611 = CIRCLE('',#2612,0.5);
#2612 = AXIS2_PLACEMENT_3D('',#2613,#2614,#2615);
#2613 = CARTESIAN_POINT('',(1.15,-0.25,3.6));
#2614 = DIRECTION('',(0.,0.,-1.));
#2615 = DIRECTION('',(1.,0.,0.));
#2616 = FACE_BOUND('',#2617,.F.);
#2617 = EDGE_LOOP('',(#2618));
#2618 = ORIENTED_EDGE('',*,*,#2619,.F.);
#2619 = EDGE_CURVE('',#2620,#2620,#2622,.T.);
#2620 = VERTEX_POINT('',#2621);
#2621 = CARTESIAN_POINT('',(5.65,-0.25,3.6));
#2622 = CIRCLE('',#2623,0.5);
#2623 = AXIS2_PLACEMENT_3D('',#2624,#2625,#2626);
#2624 = CARTESIAN_POINT('',(5.15,-0.25,3.6));
#2625 = DIRECTION('',(0.,0.,-1.));
#2626 = DIRECTION('',(1.,0.,0.));
#2627 = FACE_BOUND('',#2628,.F.);
#2628 = EDGE_LOOP('',(#2629));
#2629 = ORIENTED_EDGE('',*,*,#2501,.F.);
#2630 = PLANE('',#2631);
#2631 = AXIS2_PLACEMENT_3D('',#2632,#2633,#2634);
#2632 = CARTESIAN_POINT('',(0.15,-5.25,3.6));
#2633 = DIRECTION('',(0.,0.,-1.));
#2634 = DIRECTION('',(-1.,0.,0.));
#2635 = ADVANCED_FACE('',(#2636),#2661,.F.);
#2636 = FACE_BOUND('',#2637,.F.);
#2637 = EDGE_LOOP('',(#2638,#2648,#2654,#2655));
#2638 = ORIENTED_EDGE('',*,*,#2639,.F.);
#2639 = EDGE_CURVE('',#2640,#2642,#2644,.T.);
#2640 = VERTEX_POINT('',#2641);
#2641 = CARTESIAN_POINT('',(0.45,-5.25,3.5));
#2642 = VERTEX_POINT('',#2643);
#2643 = CARTESIAN_POINT('',(5.85,-5.25,3.5));
#2644 = LINE('',#2645,#2646);
#2645 = CARTESIAN_POINT('',(0.15,-5.25,3.5));
#2646 = VECTOR('',#2647,1.);
#2647 = DIRECTION('',(1.,0.,0.));
#2648 = ORIENTED_EDGE('',*,*,#2649,.T.);
#2649 = EDGE_CURVE('',#2640,#2517,#2650,.T.);
#2650 = LINE('',#2651,#2652);
#2651 = CARTESIAN_POINT('',(0.45,-5.25,3.5));
#2652 = VECTOR('',#2653,1.);
#2653 = DIRECTION('',(0.,0.,1.));
#2654 = ORIENTED_EDGE('',*,*,#2516,.T.);
#2655 = ORIENTED_EDGE('',*,*,#2656,.F.);
#2656 = EDGE_CURVE('',#2642,#2519,#2657,.T.);
#2657 = LINE('',#2658,#2659);
#2658 = CARTESIAN_POINT('',(5.85,-5.25,3.5));
#2659 = VECTOR('',#2660,1.);
#2660 = DIRECTION('',(0.,0.,1.));
#2661 = PLANE('',#2662);
#2662 = AXIS2_PLACEMENT_3D('',#2663,#2664,#2665);
#2663 = CARTESIAN_POINT('',(0.15,-5.25,3.5));
#2664 = DIRECTION('',(0.,1.,0.));
#2665 = DIRECTION('',(1.,0.,0.));
#2666 = ADVANCED_FACE('',(#2667),#2686,.T.);
#2667 = FACE_BOUND('',#2668,.T.);
#2668 = EDGE_LOOP('',(#2669,#2670,#2671,#2679));
#2669 = ORIENTED_EDGE('',*,*,#2649,.T.);
#2670 = ORIENTED_EDGE('',*,*,#2526,.T.);
#2671 = ORIENTED_EDGE('',*,*,#2672,.F.);
#2672 = EDGE_CURVE('',#2673,#2527,#2675,.T.);
#2673 = VERTEX_POINT('',#2674);
#2674 = CARTESIAN_POINT('',(0.15,-4.95,3.5));
#2675 = LINE('',#2676,#2677);
#2676 = CARTESIAN_POINT('',(0.15,-4.95,3.5));
#2677 = VECTOR('',#2678,1.);
#2678 = DIRECTION('',(0.,0.,1.));
#2679 = ORIENTED_EDGE('',*,*,#2680,.F.);
#2680 = EDGE_CURVE('',#2640,#2673,#2681,.T.);
#2681 = CIRCLE('',#2682,0.3);
#2682 = AXIS2_PLACEMENT_3D('',#2683,#2684,#2685);
#2683 = CARTESIAN_POINT('',(0.45,-4.95,3.5));
#2684 = DIRECTION('',(-0.,-0.,-1.));
#2685 = DIRECTION('',(0.,-1.,0.));
#2686 = CYLINDRICAL_SURFACE('',#2687,0.3);
#2687 = AXIS2_PLACEMENT_3D('',#2688,#2689,#2690);
#2688 = CARTESIAN_POINT('',(0.45,-4.95,3.5));
#2689 = DIRECTION('',(0.,0.,1.));
#2690 = DIRECTION('',(0.,-1.,0.));
#2691 = ADVANCED_FACE('',(#2692),#2711,.T.);
#2692 = FACE_BOUND('',#2693,.T.);
#2693 = EDGE_LOOP('',(#2694,#2703,#2709,#2710));
#2694 = ORIENTED_EDGE('',*,*,#2695,.T.);
#2695 = EDGE_CURVE('',#2642,#2696,#2698,.T.);
#2696 = VERTEX_POINT('',#2697);
#2697 = CARTESIAN_POINT('',(6.15,-4.95,3.5));
#2698 = CIRCLE('',#2699,0.3);
#2699 = AXIS2_PLACEMENT_3D('',#2700,#2701,#2702);
#2700 = CARTESIAN_POINT('',(5.85,-4.95,3.5));
#2701 = DIRECTION('',(-0.,0.,1.));
#2702 = DIRECTION('',(0.,-1.,0.));
#2703 = ORIENTED_EDGE('',*,*,#2704,.T.);
#2704 = EDGE_CURVE('',#2696,#2570,#2705,.T.);
#2705 = LINE('',#2706,#2707);
#2706 = CARTESIAN_POINT('',(6.15,-4.95,3.5));
#2707 = VECTOR('',#2708,1.);
#2708 = DIRECTION('',(0.,0.,1.));
#2709 = ORIENTED_EDGE('',*,*,#2577,.F.);
#2710 = ORIENTED_EDGE('',*,*,#2656,.F.);
#2711 = CYLINDRICAL_SURFACE('',#2712,0.3);
#2712 = AXIS2_PLACEMENT_3D('',#2713,#2714,#2715);
#2713 = CARTESIAN_POINT('',(5.85,-4.95,3.5));
#2714 = DIRECTION('',(0.,0.,1.));
#2715 = DIRECTION('',(0.,-1.,0.));
#2716 = ADVANCED_FACE('',(#2717),#2735,.F.);
#2717 = FACE_BOUND('',#2718,.F.);
#2718 = EDGE_LOOP('',(#2719,#2727,#2733,#2734));
#2719 = ORIENTED_EDGE('',*,*,#2720,.F.);
#2720 = EDGE_CURVE('',#2721,#2673,#2723,.T.);
#2721 = VERTEX_POINT('',#2722);
#2722 = CARTESIAN_POINT('',(0.15,0.45,3.5));
#2723 = LINE('',#2724,#2725);
#2724 = CARTESIAN_POINT('',(0.15,0.75,3.5));
#2725 = VECTOR('',#2726,1.);
#2726 = DIRECTION('',(0.,-1.,0.));
#2727 = ORIENTED_EDGE('',*,*,#2728,.T.);
#2728 = EDGE_CURVE('',#2721,#2536,#2729,.T.);
#2729 = LINE('',#2730,#2731);
#2730 = CARTESIAN_POINT('',(0.15,0.45,3.5));
#2731 = VECTOR('',#2732,1.);
#2732 = DIRECTION('',(0.,0.,1.));
#2733 = ORIENTED_EDGE('',*,*,#2535,.T.);
#2734 = ORIENTED_EDGE('',*,*,#2672,.F.);
#2735 = PLANE('',#2736);
#2736 = AXIS2_PLACEMENT_3D('',#2737,#2738,#2739);
#2737 = CARTESIAN_POINT('',(0.15,0.75,3.5));
#2738 = DIRECTION('',(1.,0.,0.));
#2739 = DIRECTION('',(0.,-1.,0.));
#2740 = ADVANCED_FACE('',(#2741),#2759,.F.);
#2741 = FACE_BOUND('',#2742,.F.);
#2742 = EDGE_LOOP('',(#2743,#2751,#2752,#2753));
#2743 = ORIENTED_EDGE('',*,*,#2744,.F.);
#2744 = EDGE_CURVE('',#2696,#2745,#2747,.T.);
#2745 = VERTEX_POINT('',#2746);
#2746 = CARTESIAN_POINT('',(6.15,0.45,3.5));
#2747 = LINE('',#2748,#2749);
#2748 = CARTESIAN_POINT('',(6.15,-5.25,3.5));
#2749 = VECTOR('',#2750,1.);
#2750 = DIRECTION('',(0.,1.,0.));
#2751 = ORIENTED_EDGE('',*,*,#2704,.T.);
#2752 = ORIENTED_EDGE('',*,*,#2569,.T.);
#2753 = ORIENTED_EDGE('',*,*,#2754,.F.);
#2754 = EDGE_CURVE('',#2745,#2561,#2755,.T.);
#2755 = LINE('',#2756,#2757);
#2756 = CARTESIAN_POINT('',(6.15,0.45,3.5));
#2757 = VECTOR('',#2758,1.);
#2758 = DIRECTION('',(0.,0.,1.));
#2759 = PLANE('',#2760);
#2760 = AXIS2_PLACEMENT_3D('',#2761,#2762,#2763);
#2761 = CARTESIAN_POINT('',(6.15,-5.25,3.5));
#2762 = DIRECTION('',(-1.,0.,0.));
#2763 = DIRECTION('',(0.,1.,0.));
#2764 = ADVANCED_FACE('',(#2765),#2784,.T.);
#2765 = FACE_BOUND('',#2766,.T.);
#2766 = EDGE_LOOP('',(#2767,#2776,#2777,#2778));
#2767 = ORIENTED_EDGE('',*,*,#2768,.T.);
#2768 = EDGE_CURVE('',#2769,#2721,#2771,.T.);
#2769 = VERTEX_POINT('',#2770);
#2770 = CARTESIAN_POINT('',(0.45,0.75,3.5));
#2771 = CIRCLE('',#2772,0.3);
#2772 = AXIS2_PLACEMENT_3D('',#2773,#2774,#2775);
#2773 = CARTESIAN_POINT('',(0.45,0.45,3.5));
#2774 = DIRECTION('',(-0.,0.,1.));
#2775 = DIRECTION('',(0.,-1.,0.));
#2776 = ORIENTED_EDGE('',*,*,#2728,.T.);
#2777 = ORIENTED_EDGE('',*,*,#2543,.F.);
#2778 = ORIENTED_EDGE('',*,*,#2779,.F.);
#2779 = EDGE_CURVE('',#2769,#2544,#2780,.T.);
#2780 = LINE('',#2781,#2782);
#2781 = CARTESIAN_POINT('',(0.45,0.75,3.5));
#2782 = VECTOR('',#2783,1.);
#2783 = DIRECTION('',(0.,0.,1.));
#2784 = CYLINDRICAL_SURFACE('',#2785,0.3);
#2785 = AXIS2_PLACEMENT_3D('',#2786,#2787,#2788);
#2786 = CARTESIAN_POINT('',(0.45,0.45,3.5));
#2787 = DIRECTION('',(0.,0.,1.));
#2788 = DIRECTION('',(0.,1.,0.));
#2789 = ADVANCED_FACE('',(#2790),#2809,.T.);
#2790 = FACE_BOUND('',#2791,.T.);
#2791 = EDGE_LOOP('',(#2792,#2801,#2807,#2808));
#2792 = ORIENTED_EDGE('',*,*,#2793,.T.);
#2793 = EDGE_CURVE('',#2745,#2794,#2796,.T.);
#2794 = VERTEX_POINT('',#2795);
#2795 = CARTESIAN_POINT('',(5.85,0.75,3.5));
#2796 = CIRCLE('',#2797,0.3);
#2797 = AXIS2_PLACEMENT_3D('',#2798,#2799,#2800);
#2798 = CARTESIAN_POINT('',(5.85,0.45,3.5));
#2799 = DIRECTION('',(-0.,0.,1.));
#2800 = DIRECTION('',(0.,-1.,0.));
#2801 = ORIENTED_EDGE('',*,*,#2802,.T.);
#2802 = EDGE_CURVE('',#2794,#2553,#2803,.T.);
#2803 = LINE('',#2804,#2805);
#2804 = CARTESIAN_POINT('',(5.85,0.75,3.5));
#2805 = VECTOR('',#2806,1.);
#2806 = DIRECTION('',(0.,0.,1.));
#2807 = ORIENTED_EDGE('',*,*,#2560,.F.);
#2808 = ORIENTED_EDGE('',*,*,#2754,.F.);
#2809 = CYLINDRICAL_SURFACE('',#2810,0.3);
#2810 = AXIS2_PLACEMENT_3D('',#2811,#2812,#2813);
#2811 = CARTESIAN_POINT('',(5.85,0.45,3.5));
#2812 = DIRECTION('',(0.,0.,1.));
#2813 = DIRECTION('',(1.,0.,-0.));
#2814 = ADVANCED_FACE('',(#2815),#2826,.F.);
#2815 = FACE_BOUND('',#2816,.F.);
#2816 = EDGE_LOOP('',(#2817,#2823,#2824,#2825));
#2817 = ORIENTED_EDGE('',*,*,#2818,.F.);
#2818 = EDGE_CURVE('',#2794,#2769,#2819,.T.);
#2819 = LINE('',#2820,#2821);
#2820 = CARTESIAN_POINT('',(6.15,0.75,3.5));
#2821 = VECTOR('',#2822,1.);
#2822 = DIRECTION('',(-1.,0.,0.));
#2823 = ORIENTED_EDGE('',*,*,#2802,.T.);
#2824 = ORIENTED_EDGE('',*,*,#2552,.T.);
#2825 = ORIENTED_EDGE('',*,*,#2779,.F.);
#2826 = PLANE('',#2827);
#2827 = AXIS2_PLACEMENT_3D('',#2828,#2829,#2830);
#2828 = CARTESIAN_POINT('',(6.15,0.75,3.5));
#2829 = DIRECTION('',(0.,-1.,0.));
#2830 = DIRECTION('',(-1.,0.,0.));
#2831 = ADVANCED_FACE('',(#2832),#2851,.T.);
#2832 = FACE_BOUND('',#2833,.T.);
#2833 = EDGE_LOOP('',(#2834,#2842,#2849,#2850));
#2834 = ORIENTED_EDGE('',*,*,#2835,.T.);
#2835 = EDGE_CURVE('',#2587,#2836,#2838,.T.);
#2836 = VERTEX_POINT('',#2837);
#2837 = CARTESIAN_POINT('',(5.65,-4.25,4.1));
#2838 = LINE('',#2839,#2840);
#2839 = CARTESIAN_POINT('',(5.65,-4.25,3.5));
#2840 = VECTOR('',#2841,1.);
#2841 = DIRECTION('',(0.,0.,1.));
#2842 = ORIENTED_EDGE('',*,*,#2843,.F.);
#2843 = EDGE_CURVE('',#2836,#2836,#2844,.T.);
#2844 = CIRCLE('',#2845,0.5);
#2845 = AXIS2_PLACEMENT_3D('',#2846,#2847,#2848);
#2846 = CARTESIAN_POINT('',(5.15,-4.25,4.1));
#2847 = DIRECTION('',(0.,0.,1.));
#2848 = DIRECTION('',(1.,0.,-0.));
#2849 = ORIENTED_EDGE('',*,*,#2835,.F.);
#2850 = ORIENTED_EDGE('',*,*,#2586,.F.);
#2851 = CYLINDRICAL_SURFACE('',#2852,0.5);
#2852 = AXIS2_PLACEMENT_3D('',#2853,#2854,#2855);
#2853 = CARTESIAN_POINT('',(5.15,-4.25,3.5));
#2854 = DIRECTION('',(-0.,-0.,-1.));
#2855 = DIRECTION('',(1.,0.,0.));
#2856 = ADVANCED_FACE('',(#2857),#2876,.T.);
#2857 = FACE_BOUND('',#2858,.T.);
#2858 = EDGE_LOOP('',(#2859,#2867,#2874,#2875));
#2859 = ORIENTED_EDGE('',*,*,#2860,.T.);
#2860 = EDGE_CURVE('',#2598,#2861,#2863,.T.);
#2861 = VERTEX_POINT('',#2862);
#2862 = CARTESIAN_POINT('',(4.9,-2.25,4.2));
#2863 = LINE('',#2864,#2865);
#2864 = CARTESIAN_POINT('',(4.9,-2.25,3.5));
#2865 = VECTOR('',#2866,1.);
#2866 = DIRECTION('',(0.,0.,1.));
#2867 = ORIENTED_EDGE('',*,*,#2868,.F.);
#2868 = EDGE_CURVE('',#2861,#2861,#2869,.T.);
#2869 = CIRCLE('',#2870,1.75);
#2870 = AXIS2_PLACEMENT_3D('',#2871,#2872,#2873);
#2871 = CARTESIAN_POINT('',(3.15,-2.25,4.2));
#2872 = DIRECTION('',(0.,0.,1.));
#2873 = DIRECTION('',(1.,0.,-0.));
#2874 = ORIENTED_EDGE('',*,*,#2860,.F.);
#2875 = ORIENTED_EDGE('',*,*,#2597,.F.);
#2876 = CYLINDRICAL_SURFACE('',#2877,1.75);
#2877 = AXIS2_PLACEMENT_3D('',#2878,#2879,#2880);
#2878 = CARTESIAN_POINT('',(3.15,-2.25,3.5));
#2879 = DIRECTION('',(-0.,-0.,-1.));
#2880 = DIRECTION('',(1.,0.,0.));
#2881 = ADVANCED_FACE('',(#2882),#2901,.T.);
#2882 = FACE_BOUND('',#2883,.T.);
#2883 = EDGE_LOOP('',(#2884,#2892,#2899,#2900));
#2884 = ORIENTED_EDGE('',*,*,#2885,.T.);
#2885 = EDGE_CURVE('',#2609,#2886,#2888,.T.);
#2886 = VERTEX_POINT('',#2887);
#2887 = CARTESIAN_POINT('',(1.65,-0.25,4.1));
#2888 = LINE('',#2889,#2890);
#2889 = CARTESIAN_POINT('',(1.65,-0.25,3.5));
#2890 = VECTOR('',#2891,1.);
#2891 = DIRECTION('',(0.,0.,1.));
#2892 = ORIENTED_EDGE('',*,*,#2893,.F.);
#2893 = EDGE_CURVE('',#2886,#2886,#2894,.T.);
#2894 = CIRCLE('',#2895,0.5);
#2895 = AXIS2_PLACEMENT_3D('',#2896,#2897,#2898);
#2896 = CARTESIAN_POINT('',(1.15,-0.25,4.1));
#2897 = DIRECTION('',(0.,0.,1.));
#2898 = DIRECTION('',(1.,0.,-0.));
#2899 = ORIENTED_EDGE('',*,*,#2885,.F.);
#2900 = ORIENTED_EDGE('',*,*,#2608,.F.);
#2901 = CYLINDRICAL_SURFACE('',#2902,0.5);
#2902 = AXIS2_PLACEMENT_3D('',#2903,#2904,#2905);
#2903 = CARTESIAN_POINT('',(1.15,-0.25,3.5));
#2904 = DIRECTION('',(-0.,-0.,-1.));
#2905 = DIRECTION('',(1.,0.,0.));
#2906 = ADVANCED_FACE('',(#2907),#2926,.T.);
#2907 = FACE_BOUND('',#2908,.T.);
#2908 = EDGE_LOOP('',(#2909,#2917,#2924,#2925));
#2909 = ORIENTED_EDGE('',*,*,#2910,.T.);
#2910 = EDGE_CURVE('',#2620,#2911,#2913,.T.);
#2911 = VERTEX_POINT('',#2912);
#2912 = CARTESIAN_POINT('',(5.65,-0.25,4.1));
#2913 = LINE('',#2914,#2915);
#2914 = CARTESIAN_POINT('',(5.65,-0.25,3.5));
#2915 = VECTOR('',#2916,1.);
#2916 = DIRECTION('',(0.,0.,1.));
#2917 = ORIENTED_EDGE('',*,*,#2918,.F.);
#2918 = EDGE_CURVE('',#2911,#2911,#2919,.T.);
#2919 = CIRCLE('',#2920,0.5);
#2920 = AXIS2_PLACEMENT_3D('',#2921,#2922,#2923);
#2921 = CARTESIAN_POINT('',(5.15,-0.25,4.1));
#2922 = DIRECTION('',(0.,0.,1.));
#2923 = DIRECTION('',(1.,0.,-0.));
#2924 = ORIENTED_EDGE('',*,*,#2910,.F.);
#2925 = ORIENTED_EDGE('',*,*,#2619,.F.);
#2926 = CYLINDRICAL_SURFACE('',#2927,0.5);
#2927 = AXIS2_PLACEMENT_3D('',#2928,#2929,#2930);
#2928 = CARTESIAN_POINT('',(5.15,-0.25,3.5));
#2929 = DIRECTION('',(-0.,-0.,-1.));
#2930 = DIRECTION('',(1.,0.,0.));
#2931 = ADVANCED_FACE('',(#2932),#2957,.F.);
#2932 = FACE_BOUND('',#2933,.F.);
#2933 = EDGE_LOOP('',(#2934,#2944,#2950,#2951));
#2934 = ORIENTED_EDGE('',*,*,#2935,.F.);
#2935 = EDGE_CURVE('',#2936,#2938,#2940,.T.);
#2936 = VERTEX_POINT('',#2937);
#2937 = CARTESIAN_POINT('',(0.45,-5.25,0.));
#2938 = VERTEX_POINT('',#2939);
#2939 = CARTESIAN_POINT('',(5.85,-5.25,0.));
#2940 = LINE('',#2941,#2942);
#2941 = CARTESIAN_POINT('',(0.15,-5.25,0.));
#2942 = VECTOR('',#2943,1.);
#2943 = DIRECTION('',(1.,0.,0.));
#2944 = ORIENTED_EDGE('',*,*,#2945,.T.);
#2945 = EDGE_CURVE('',#2936,#2640,#2946,.T.);
#2946 = LINE('',#2947,#2948);
#2947 = CARTESIAN_POINT('',(0.45,-5.25,0.));
#2948 = VECTOR('',#2949,1.);
#2949 = DIRECTION('',(0.,0.,1.));
#2950 = ORIENTED_EDGE('',*,*,#2639,.T.);
#2951 = ORIENTED_EDGE('',*,*,#2952,.F.);
#2952 = EDGE_CURVE('',#2938,#2642,#2953,.T.);
#2953 = LINE('',#2954,#2955);
#2954 = CARTESIAN_POINT('',(5.85,-5.25,0.));
#2955 = VECTOR('',#2956,1.);
#2956 = DIRECTION('',(0.,0.,1.));
#2957 = PLANE('',#2958);
#2958 = AXIS2_PLACEMENT_3D('',#2959,#2960,#2961);
#2959 = CARTESIAN_POINT('',(0.15,-5.25,0.));
#2960 = DIRECTION('',(0.,1.,0.));
#2961 = DIRECTION('',(1.,0.,0.));
#2962 = ADVANCED_FACE('',(#2963),#2982,.T.);
#2963 = FACE_BOUND('',#2964,.T.);
#2964 = EDGE_LOOP('',(#2965,#2966,#2967,#2975));
#2965 = ORIENTED_EDGE('',*,*,#2945,.T.);
#2966 = ORIENTED_EDGE('',*,*,#2680,.T.);
#2967 = ORIENTED_EDGE('',*,*,#2968,.F.);
#2968 = EDGE_CURVE('',#2969,#2673,#2971,.T.);
#2969 = VERTEX_POINT('',#2970);
#2970 = CARTESIAN_POINT('',(0.15,-4.95,0.));
#2971 = LINE('',#2972,#2973);
#2972 = CARTESIAN_POINT('',(0.15,-4.95,0.));
#2973 = VECTOR('',#2974,1.);
#2974 = DIRECTION('',(0.,0.,1.));
#2975 = ORIENTED_EDGE('',*,*,#2976,.F.);
#2976 = EDGE_CURVE('',#2936,#2969,#2977,.T.);
#2977 = CIRCLE('',#2978,0.3);
#2978 = AXIS2_PLACEMENT_3D('',#2979,#2980,#2981);
#2979 = CARTESIAN_POINT('',(0.45,-4.95,0.));
#2980 = DIRECTION('',(-0.,-0.,-1.));
#2981 = DIRECTION('',(0.,-1.,0.));
#2982 = CYLINDRICAL_SURFACE('',#2983,0.3);
#2983 = AXIS2_PLACEMENT_3D('',#2984,#2985,#2986);
#2984 = CARTESIAN_POINT('',(0.45,-4.95,0.));
#2985 = DIRECTION('',(0.,0.,1.));
#2986 = DIRECTION('',(0.,-1.,0.));
#2987 = ADVANCED_FACE('',(#2988),#3007,.T.);
#2988 = FACE_BOUND('',#2989,.T.);
#2989 = EDGE_LOOP('',(#2990,#2999,#3005,#3006));
#2990 = ORIENTED_EDGE('',*,*,#2991,.T.);
#2991 = EDGE_CURVE('',#2938,#2992,#2994,.T.);
#2992 = VERTEX_POINT('',#2993);
#2993 = CARTESIAN_POINT('',(6.15,-4.95,0.));
#2994 = CIRCLE('',#2995,0.3);
#2995 = AXIS2_PLACEMENT_3D('',#2996,#2997,#2998);
#2996 = CARTESIAN_POINT('',(5.85,-4.95,0.));
#2997 = DIRECTION('',(-0.,0.,1.));
#2998 = DIRECTION('',(0.,-1.,0.));
#2999 = ORIENTED_EDGE('',*,*,#3000,.T.);
#3000 = EDGE_CURVE('',#2992,#2696,#3001,.T.);
#3001 = LINE('',#3002,#3003);
#3002 = CARTESIAN_POINT('',(6.15,-4.95,0.));
#3003 = VECTOR('',#3004,1.);
#3004 = DIRECTION('',(0.,0.,1.));
#3005 = ORIENTED_EDGE('',*,*,#2695,.F.);
#3006 = ORIENTED_EDGE('',*,*,#2952,.F.);
#3007 = CYLINDRICAL_SURFACE('',#3008,0.3);
#3008 = AXIS2_PLACEMENT_3D('',#3009,#3010,#3011);
#3009 = CARTESIAN_POINT('',(5.85,-4.95,0.));
#3010 = DIRECTION('',(0.,0.,1.));
#3011 = DIRECTION('',(0.,-1.,0.));
#3012 = ADVANCED_FACE('',(#3013),#3095,.F.);
#3013 = FACE_BOUND('',#3014,.F.);
#3014 = EDGE_LOOP('',(#3015,#3025,#3031,#3032,#3033,#3041,#3049,#3057,
    #3065,#3073,#3081,#3089));
#3015 = ORIENTED_EDGE('',*,*,#3016,.F.);
#3016 = EDGE_CURVE('',#3017,#3019,#3021,.T.);
#3017 = VERTEX_POINT('',#3018);
#3018 = CARTESIAN_POINT('',(0.15,0.45,0.));
#3019 = VERTEX_POINT('',#3020);
#3020 = CARTESIAN_POINT('',(0.15,0.35,0.));
#3021 = LINE('',#3022,#3023);
#3022 = CARTESIAN_POINT('',(0.15,0.75,0.));
#3023 = VECTOR('',#3024,1.);
#3024 = DIRECTION('',(0.,-1.,0.));
#3025 = ORIENTED_EDGE('',*,*,#3026,.T.);
#3026 = EDGE_CURVE('',#3017,#2721,#3027,.T.);
#3027 = LINE('',#3028,#3029);
#3028 = CARTESIAN_POINT('',(0.15,0.45,0.));
#3029 = VECTOR('',#3030,1.);
#3030 = DIRECTION('',(0.,0.,1.));
#3031 = ORIENTED_EDGE('',*,*,#2720,.T.);
#3032 = ORIENTED_EDGE('',*,*,#2968,.F.);
#3033 = ORIENTED_EDGE('',*,*,#3034,.F.);
#3034 = EDGE_CURVE('',#3035,#2969,#3037,.T.);
#3035 = VERTEX_POINT('',#3036);
#3036 = CARTESIAN_POINT('',(0.15,-4.85,0.));
#3037 = LINE('',#3038,#3039);
#3038 = CARTESIAN_POINT('',(0.15,0.75,0.));
#3039 = VECTOR('',#3040,1.);
#3040 = DIRECTION('',(0.,-1.,0.));
#3041 = ORIENTED_EDGE('',*,*,#3042,.F.);
#3042 = EDGE_CURVE('',#3043,#3035,#3045,.T.);
#3043 = VERTEX_POINT('',#3044);
#3044 = CARTESIAN_POINT('',(0.15,-4.85,1.5));
#3045 = LINE('',#3046,#3047);
#3046 = CARTESIAN_POINT('',(0.15,-4.85,1.5));
#3047 = VECTOR('',#3048,1.);
#3048 = DIRECTION('',(0.,5.551115123126E-16,-1.));
#3049 = ORIENTED_EDGE('',*,*,#3050,.T.);
#3050 = EDGE_CURVE('',#3043,#3051,#3053,.T.);
#3051 = VERTEX_POINT('',#3052);
#3052 = CARTESIAN_POINT('',(0.15,-4.15,1.5));
#3053 = LINE('',#3054,#3055);
#3054 = CARTESIAN_POINT('',(0.15,-4.85,1.5));
#3055 = VECTOR('',#3056,1.);
#3056 = DIRECTION('',(0.,1.,3.330669073875E-16));
#3057 = ORIENTED_EDGE('',*,*,#3058,.T.);
#3058 = EDGE_CURVE('',#3051,#3059,#3061,.T.);
#3059 = VERTEX_POINT('',#3060);
#3060 = CARTESIAN_POINT('',(0.15,-4.15,0.));
#3061 = LINE('',#3062,#3063);
#3062 = CARTESIAN_POINT('',(0.15,-4.15,1.5));
#3063 = VECTOR('',#3064,1.);
#3064 = DIRECTION('',(0.,5.551115123126E-16,-1.));
#3065 = ORIENTED_EDGE('',*,*,#3066,.F.);
#3066 = EDGE_CURVE('',#3067,#3059,#3069,.T.);
#3067 = VERTEX_POINT('',#3068);
#3068 = CARTESIAN_POINT('',(0.15,-0.35,0.));
#3069 = LINE('',#3070,#3071);
#3070 = CARTESIAN_POINT('',(0.15,0.75,0.));
#3071 = VECTOR('',#3072,1.);
#3072 = DIRECTION('',(0.,-1.,0.));
#3073 = ORIENTED_EDGE('',*,*,#3074,.F.);
#3074 = EDGE_CURVE('',#3075,#3067,#3077,.T.);
#3075 = VERTEX_POINT('',#3076);
#3076 = CARTESIAN_POINT('',(0.15,-0.35,1.5));
#3077 = LINE('',#3078,#3079);
#3078 = CARTESIAN_POINT('',(0.15,-0.35,1.5));
#3079 = VECTOR('',#3080,1.);
#3080 = DIRECTION('',(0.,5.551115123126E-16,-1.));
#3081 = ORIENTED_EDGE('',*,*,#3082,.T.);
#3082 = EDGE_CURVE('',#3075,#3083,#3085,.T.);
#3083 = VERTEX_POINT('',#3084);
#3084 = CARTESIAN_POINT('',(0.15,0.35,1.5));
#3085 = LINE('',#3086,#3087);
#3086 = CARTESIAN_POINT('',(0.15,-0.35,1.5));
#3087 = VECTOR('',#3088,1.);
#3088 = DIRECTION('',(0.,1.,3.330669073875E-16));
#3089 = ORIENTED_EDGE('',*,*,#3090,.T.);
#3090 = EDGE_CURVE('',#3083,#3019,#3091,.T.);
#3091 = LINE('',#3092,#3093);
#3092 = CARTESIAN_POINT('',(0.15,0.35,1.5));
#3093 = VECTOR('',#3094,1.);
#3094 = DIRECTION('',(0.,5.551115123126E-16,-1.));
#3095 = PLANE('',#3096);
#3096 = AXIS2_PLACEMENT_3D('',#3097,#3098,#3099);
#3097 = CARTESIAN_POINT('',(0.15,0.75,0.));
#3098 = DIRECTION('',(1.,0.,0.));
#3099 = DIRECTION('',(0.,-1.,0.));
#3100 = ADVANCED_FACE('',(#3101),#3183,.F.);
#3101 = FACE_BOUND('',#3102,.F.);
#3102 = EDGE_LOOP('',(#3103,#3111,#3112,#3113,#3121,#3129,#3137,#3145,
    #3153,#3161,#3169,#3177));
#3103 = ORIENTED_EDGE('',*,*,#3104,.F.);
#3104 = EDGE_CURVE('',#2992,#3105,#3107,.T.);
#3105 = VERTEX_POINT('',#3106);
#3106 = CARTESIAN_POINT('',(6.15,-4.85,0.));
#3107 = LINE('',#3108,#3109);
#3108 = CARTESIAN_POINT('',(6.15,-5.25,0.));
#3109 = VECTOR('',#3110,1.);
#3110 = DIRECTION('',(0.,1.,0.));
#3111 = ORIENTED_EDGE('',*,*,#3000,.T.);
#3112 = ORIENTED_EDGE('',*,*,#2744,.T.);
#3113 = ORIENTED_EDGE('',*,*,#3114,.F.);
#3114 = EDGE_CURVE('',#3115,#2745,#3117,.T.);
#3115 = VERTEX_POINT('',#3116);
#3116 = CARTESIAN_POINT('',(6.15,0.45,0.));
#3117 = LINE('',#3118,#3119);
#3118 = CARTESIAN_POINT('',(6.15,0.45,0.));
#3119 = VECTOR('',#3120,1.);
#3120 = DIRECTION('',(0.,0.,1.));
#3121 = ORIENTED_EDGE('',*,*,#3122,.F.);
#3122 = EDGE_CURVE('',#3123,#3115,#3125,.T.);
#3123 = VERTEX_POINT('',#3124);
#3124 = CARTESIAN_POINT('',(6.15,0.35,0.));
#3125 = LINE('',#3126,#3127);
#3126 = CARTESIAN_POINT('',(6.15,-5.25,0.));
#3127 = VECTOR('',#3128,1.);
#3128 = DIRECTION('',(0.,1.,0.));
#3129 = ORIENTED_EDGE('',*,*,#3130,.F.);
#3130 = EDGE_CURVE('',#3131,#3123,#3133,.T.);
#3131 = VERTEX_POINT('',#3132);
#3132 = CARTESIAN_POINT('',(6.15,0.35,1.5));
#3133 = LINE('',#3134,#3135);
#3134 = CARTESIAN_POINT('',(6.15,0.35,1.5));
#3135 = VECTOR('',#3136,1.);
#3136 = DIRECTION('',(0.,5.551115123126E-16,-1.));
#3137 = ORIENTED_EDGE('',*,*,#3138,.F.);
#3138 = EDGE_CURVE('',#3139,#3131,#3141,.T.);
#3139 = VERTEX_POINT('',#3140);
#3140 = CARTESIAN_POINT('',(6.15,-0.35,1.5));
#3141 = LINE('',#3142,#3143);
#3142 = CARTESIAN_POINT('',(6.15,-0.35,1.5));
#3143 = VECTOR('',#3144,1.);
#3144 = DIRECTION('',(0.,1.,3.330669073875E-16));
#3145 = ORIENTED_EDGE('',*,*,#3146,.T.);
#3146 = EDGE_CURVE('',#3139,#3147,#3149,.T.);
#3147 = VERTEX_POINT('',#3148);
#3148 = CARTESIAN_POINT('',(6.15,-0.35,0.));
#3149 = LINE('',#3150,#3151);
#3150 = CARTESIAN_POINT('',(6.15,-0.35,1.5));
#3151 = VECTOR('',#3152,1.);
#3152 = DIRECTION('',(0.,5.551115123126E-16,-1.));
#3153 = ORIENTED_EDGE('',*,*,#3154,.F.);
#3154 = EDGE_CURVE('',#3155,#3147,#3157,.T.);
#3155 = VERTEX_POINT('',#3156);
#3156 = CARTESIAN_POINT('',(6.15,-4.15,0.));
#3157 = LINE('',#3158,#3159);
#3158 = CARTESIAN_POINT('',(6.15,-5.25,0.));
#3159 = VECTOR('',#3160,1.);
#3160 = DIRECTION('',(0.,1.,0.));
#3161 = ORIENTED_EDGE('',*,*,#3162,.F.);
#3162 = EDGE_CURVE('',#3163,#3155,#3165,.T.);
#3163 = VERTEX_POINT('',#3164);
#3164 = CARTESIAN_POINT('',(6.15,-4.15,1.5));
#3165 = LINE('',#3166,#3167);
#3166 = CARTESIAN_POINT('',(6.15,-4.15,1.5));
#3167 = VECTOR('',#3168,1.);
#3168 = DIRECTION('',(0.,5.551115123126E-16,-1.));
#3169 = ORIENTED_EDGE('',*,*,#3170,.F.);
#3170 = EDGE_CURVE('',#3171,#3163,#3173,.T.);
#3171 = VERTEX_POINT('',#3172);
#3172 = CARTESIAN_POINT('',(6.15,-4.85,1.5));
#3173 = LINE('',#3174,#3175);
#3174 = CARTESIAN_POINT('',(6.15,-4.85,1.5));
#3175 = VECTOR('',#3176,1.);
#3176 = DIRECTION('',(0.,1.,3.330669073875E-16));
#3177 = ORIENTED_EDGE('',*,*,#3178,.T.);
#3178 = EDGE_CURVE('',#3171,#3105,#3179,.T.);
#3179 = LINE('',#3180,#3181);
#3180 = CARTESIAN_POINT('',(6.15,-4.85,1.5));
#3181 = VECTOR('',#3182,1.);
#3182 = DIRECTION('',(0.,5.551115123126E-16,-1.));
#3183 = PLANE('',#3184);
#3184 = AXIS2_PLACEMENT_3D('',#3185,#3186,#3187);
#3185 = CARTESIAN_POINT('',(6.15,-5.25,0.));
#3186 = DIRECTION('',(-1.,0.,0.));
#3187 = DIRECTION('',(0.,1.,0.));
#3188 = ADVANCED_FACE('',(#3189),#3208,.T.);
#3189 = FACE_BOUND('',#3190,.T.);
#3190 = EDGE_LOOP('',(#3191,#3200,#3201,#3202));
#3191 = ORIENTED_EDGE('',*,*,#3192,.T.);
#3192 = EDGE_CURVE('',#3193,#3017,#3195,.T.);
#3193 = VERTEX_POINT('',#3194);
#3194 = CARTESIAN_POINT('',(0.45,0.75,0.));
#3195 = CIRCLE('',#3196,0.3);
#3196 = AXIS2_PLACEMENT_3D('',#3197,#3198,#3199);
#3197 = CARTESIAN_POINT('',(0.45,0.45,0.));
#3198 = DIRECTION('',(-0.,0.,1.));
#3199 = DIRECTION('',(0.,-1.,0.));
#3200 = ORIENTED_EDGE('',*,*,#3026,.T.);
#3201 = ORIENTED_EDGE('',*,*,#2768,.F.);
#3202 = ORIENTED_EDGE('',*,*,#3203,.F.);
#3203 = EDGE_CURVE('',#3193,#2769,#3204,.T.);
#3204 = LINE('',#3205,#3206);
#3205 = CARTESIAN_POINT('',(0.45,0.75,0.));
#3206 = VECTOR('',#3207,1.);
#3207 = DIRECTION('',(0.,0.,1.));
#3208 = CYLINDRICAL_SURFACE('',#3209,0.3);
#3209 = AXIS2_PLACEMENT_3D('',#3210,#3211,#3212);
#3210 = CARTESIAN_POINT('',(0.45,0.45,0.));
#3211 = DIRECTION('',(0.,0.,1.));
#3212 = DIRECTION('',(0.,1.,0.));
#3213 = ADVANCED_FACE('',(#3214),#3233,.T.);
#3214 = FACE_BOUND('',#3215,.T.);
#3215 = EDGE_LOOP('',(#3216,#3225,#3231,#3232));
#3216 = ORIENTED_EDGE('',*,*,#3217,.T.);
#3217 = EDGE_CURVE('',#3115,#3218,#3220,.T.);
#3218 = VERTEX_POINT('',#3219);
#3219 = CARTESIAN_POINT('',(5.85,0.75,0.));
#3220 = CIRCLE('',#3221,0.3);
#3221 = AXIS2_PLACEMENT_3D('',#3222,#3223,#3224);
#3222 = CARTESIAN_POINT('',(5.85,0.45,0.));
#3223 = DIRECTION('',(-0.,0.,1.));
#3224 = DIRECTION('',(0.,-1.,0.));
#3225 = ORIENTED_EDGE('',*,*,#3226,.T.);
#3226 = EDGE_CURVE('',#3218,#2794,#3227,.T.);
#3227 = LINE('',#3228,#3229);
#3228 = CARTESIAN_POINT('',(5.85,0.75,0.));
#3229 = VECTOR('',#3230,1.);
#3230 = DIRECTION('',(0.,0.,1.));
#3231 = ORIENTED_EDGE('',*,*,#2793,.F.);
#3232 = ORIENTED_EDGE('',*,*,#3114,.F.);
#3233 = CYLINDRICAL_SURFACE('',#3234,0.3);
#3234 = AXIS2_PLACEMENT_3D('',#3235,#3236,#3237);
#3235 = CARTESIAN_POINT('',(5.85,0.45,0.));
#3236 = DIRECTION('',(0.,0.,1.));
#3237 = DIRECTION('',(1.,0.,-0.));
#3238 = ADVANCED_FACE('',(#3239),#3250,.F.);
#3239 = FACE_BOUND('',#3240,.F.);
#3240 = EDGE_LOOP('',(#3241,#3247,#3248,#3249));
#3241 = ORIENTED_EDGE('',*,*,#3242,.F.);
#3242 = EDGE_CURVE('',#3218,#3193,#3243,.T.);
#3243 = LINE('',#3244,#3245);
#3244 = CARTESIAN_POINT('',(6.15,0.75,0.));
#3245 = VECTOR('',#3246,1.);
#3246 = DIRECTION('',(-1.,0.,0.));
#3247 = ORIENTED_EDGE('',*,*,#3226,.T.);
#3248 = ORIENTED_EDGE('',*,*,#2818,.T.);
#3249 = ORIENTED_EDGE('',*,*,#3203,.F.);
#3250 = PLANE('',#3251);
#3251 = AXIS2_PLACEMENT_3D('',#3252,#3253,#3254);
#3252 = CARTESIAN_POINT('',(6.15,0.75,0.));
#3253 = DIRECTION('',(0.,-1.,0.));
#3254 = DIRECTION('',(-1.,0.,0.));
#3255 = ADVANCED_FACE('',(#3256),#3259,.F.);
#3256 = FACE_BOUND('',#3257,.T.);
#3257 = EDGE_LOOP('',(#3258));
#3258 = ORIENTED_EDGE('',*,*,#2843,.T.);
#3259 = PLANE('',#3260);
#3260 = AXIS2_PLACEMENT_3D('',#3261,#3262,#3263);
#3261 = CARTESIAN_POINT('',(5.65,-4.25,4.1));
#3262 = DIRECTION('',(0.,0.,-1.));
#3263 = DIRECTION('',(-1.,0.,0.));
#3264 = ADVANCED_FACE('',(#3265),#3285,.T.);
#3265 = FACE_BOUND('',#3266,.T.);
#3266 = EDGE_LOOP('',(#3267,#3268,#3277,#3284));
#3267 = ORIENTED_EDGE('',*,*,#2868,.T.);
#3268 = ORIENTED_EDGE('',*,*,#3269,.F.);
#3269 = EDGE_CURVE('',#3270,#2861,#3272,.T.);
#3270 = VERTEX_POINT('',#3271);
#3271 = CARTESIAN_POINT('',(4.8,-2.25,4.3));
#3272 = CIRCLE('',#3273,0.1);
#3273 = AXIS2_PLACEMENT_3D('',#3274,#3275,#3276);
#3274 = CARTESIAN_POINT('',(4.8,-2.25,4.2));
#3275 = DIRECTION('',(-0.,1.,0.));
#3276 = DIRECTION('',(1.,0.,0.));
#3277 = ORIENTED_EDGE('',*,*,#3278,.F.);
#3278 = EDGE_CURVE('',#3270,#3270,#3279,.T.);
#3279 = CIRCLE('',#3280,1.65);
#3280 = AXIS2_PLACEMENT_3D('',#3281,#3282,#3283);
#3281 = CARTESIAN_POINT('',(3.15,-2.25,4.3));
#3282 = DIRECTION('',(0.,0.,1.));
#3283 = DIRECTION('',(1.,0.,-0.));
#3284 = ORIENTED_EDGE('',*,*,#3269,.T.);
#3285 = TOROIDAL_SURFACE('',#3286,1.65,0.1);
#3286 = AXIS2_PLACEMENT_3D('',#3287,#3288,#3289);
#3287 = CARTESIAN_POINT('',(3.15,-2.25,4.2));
#3288 = DIRECTION('',(0.,0.,-1.));
#3289 = DIRECTION('',(1.,0.,0.));
#3290 = ADVANCED_FACE('',(#3291),#3294,.F.);
#3291 = FACE_BOUND('',#3292,.T.);
#3292 = EDGE_LOOP('',(#3293));
#3293 = ORIENTED_EDGE('',*,*,#2893,.T.);
#3294 = PLANE('',#3295);
#3295 = AXIS2_PLACEMENT_3D('',#3296,#3297,#3298);
#3296 = CARTESIAN_POINT('',(1.65,-0.25,4.1));
#3297 = DIRECTION('',(0.,0.,-1.));
#3298 = DIRECTION('',(-1.,0.,0.));
#3299 = ADVANCED_FACE('',(#3300),#3303,.F.);
#3300 = FACE_BOUND('',#3301,.T.);
#3301 = EDGE_LOOP('',(#3302));
#3302 = ORIENTED_EDGE('',*,*,#2918,.T.);
#3303 = PLANE('',#3304);
#3304 = AXIS2_PLACEMENT_3D('',#3305,#3306,#3307);
#3305 = CARTESIAN_POINT('',(5.65,-0.25,4.1));
#3306 = DIRECTION('',(0.,0.,-1.));
#3307 = DIRECTION('',(-1.,0.,0.));
#3308 = ADVANCED_FACE('',(#3309),#3347,.T.);
#3309 = FACE_BOUND('',#3310,.T.);
#3310 = EDGE_LOOP('',(#3311,#3312,#3313,#3314,#3320,#3321,#3327,#3328,
    #3329,#3330,#3331,#3332,#3338,#3339,#3345,#3346));
#3311 = ORIENTED_EDGE('',*,*,#2935,.F.);
#3312 = ORIENTED_EDGE('',*,*,#2976,.T.);
#3313 = ORIENTED_EDGE('',*,*,#3034,.F.);
#3314 = ORIENTED_EDGE('',*,*,#3315,.F.);
#3315 = EDGE_CURVE('',#3059,#3035,#3316,.T.);
#3316 = LINE('',#3317,#3318);
#3317 = CARTESIAN_POINT('',(0.15,0.75,0.));
#3318 = VECTOR('',#3319,1.);
#3319 = DIRECTION('',(0.,-1.,0.));
#3320 = ORIENTED_EDGE('',*,*,#3066,.F.);
#3321 = ORIENTED_EDGE('',*,*,#3322,.F.);
#3322 = EDGE_CURVE('',#3019,#3067,#3323,.T.);
#3323 = LINE('',#3324,#3325);
#3324 = CARTESIAN_POINT('',(0.15,0.75,0.));
#3325 = VECTOR('',#3326,1.);
#3326 = DIRECTION('',(0.,-1.,0.));
#3327 = ORIENTED_EDGE('',*,*,#3016,.F.);
#3328 = ORIENTED_EDGE('',*,*,#3192,.F.);
#3329 = ORIENTED_EDGE('',*,*,#3242,.F.);
#3330 = ORIENTED_EDGE('',*,*,#3217,.F.);
#3331 = ORIENTED_EDGE('',*,*,#3122,.F.);
#3332 = ORIENTED_EDGE('',*,*,#3333,.F.);
#3333 = EDGE_CURVE('',#3147,#3123,#3334,.T.);
#3334 = LINE('',#3335,#3336);
#3335 = CARTESIAN_POINT('',(6.15,-5.25,0.));
#3336 = VECTOR('',#3337,1.);
#3337 = DIRECTION('',(0.,1.,0.));
#3338 = ORIENTED_EDGE('',*,*,#3154,.F.);
#3339 = ORIENTED_EDGE('',*,*,#3340,.F.);
#3340 = EDGE_CURVE('',#3105,#3155,#3341,.T.);
#3341 = LINE('',#3342,#3343);
#3342 = CARTESIAN_POINT('',(6.15,-5.25,0.));
#3343 = VECTOR('',#3344,1.);
#3344 = DIRECTION('',(0.,1.,0.));
#3345 = ORIENTED_EDGE('',*,*,#3104,.F.);
#3346 = ORIENTED_EDGE('',*,*,#2991,.F.);
#3347 = PLANE('',#3348);
#3348 = AXIS2_PLACEMENT_3D('',#3349,#3350,#3351);
#3349 = CARTESIAN_POINT('',(0.15,-5.25,0.));
#3350 = DIRECTION('',(0.,0.,-1.));
#3351 = DIRECTION('',(-1.,0.,0.));
#3352 = ADVANCED_FACE('',(#3353),#3497,.F.);
#3353 = FACE_BOUND('',#3354,.F.);
#3354 = EDGE_LOOP('',(#3355,#3365,#3374,#3382,#3391,#3399,#3407,#3415,
    #3424,#3432,#3441,#3449,#3458,#3464,#3465,#3473,#3482,#3490));
#3355 = ORIENTED_EDGE('',*,*,#3356,.T.);
#3356 = EDGE_CURVE('',#3357,#3359,#3361,.T.);
#3357 = VERTEX_POINT('',#3358);
#3358 = CARTESIAN_POINT('',(-0.162230377286,0.35,-0.540767924286));
#3359 = VERTEX_POINT('',#3360);
#3360 = CARTESIAN_POINT('',(-0.425000733956,0.35,-1.416669113186));
#3361 = LINE('',#3362,#3363);
#3362 = CARTESIAN_POINT('',(-0.15,0.35,-0.5));
#3363 = VECTOR('',#3364,1.);
#3364 = DIRECTION('',(-0.287347885566,5.31700397722E-16,-0.957826285221)
  );
#3365 = ORIENTED_EDGE('',*,*,#3366,.T.);
#3366 = EDGE_CURVE('',#3359,#3367,#3369,.T.);
#3367 = VERTEX_POINT('',#3368);
#3368 = CARTESIAN_POINT('',(-0.425000733956,0.35,-1.583330886814));
#3369 = CIRCLE('',#3370,0.29);
#3370 = AXIS2_PLACEMENT_3D('',#3371,#3372,#3373);
#3371 = CARTESIAN_POINT('',(-0.147231111242,0.35,-1.5));
#3372 = DIRECTION('',(0.,-1.,-3.330669073875E-16));
#3373 = DIRECTION('',(0.,-3.330669073875E-16,1.));
#3374 = ORIENTED_EDGE('',*,*,#3375,.T.);
#3375 = EDGE_CURVE('',#3367,#3376,#3378,.T.);
#3376 = VERTEX_POINT('',#3377);
#3377 = CARTESIAN_POINT('',(-0.162230377286,0.35,-2.459232075714));
#3378 = LINE('',#3379,#3380);
#3379 = CARTESIAN_POINT('',(-0.45,0.35,-1.5));
#3380 = VECTOR('',#3381,1.);
#3381 = DIRECTION('',(0.287347885566,5.31700397722E-16,-0.957826285221)
  );
#3382 = ORIENTED_EDGE('',*,*,#3383,.F.);
#3383 = EDGE_CURVE('',#3384,#3376,#3386,.T.);
#3384 = VERTEX_POINT('',#3385);
#3385 = CARTESIAN_POINT('',(-0.15,0.35,-2.542562962528));
#3386 = CIRCLE('',#3387,0.29);
#3387 = AXIS2_PLACEMENT_3D('',#3388,#3389,#3390);
#3388 = CARTESIAN_POINT('',(-0.44,0.35,-2.542562962528));
#3389 = DIRECTION('',(0.,-1.,-3.330669073875E-16));
#3390 = DIRECTION('',(0.,-3.330669073875E-16,1.));
#3391 = ORIENTED_EDGE('',*,*,#3392,.F.);
#3392 = EDGE_CURVE('',#3393,#3384,#3395,.T.);
#3393 = VERTEX_POINT('',#3394);
#3394 = CARTESIAN_POINT('',(-0.15,0.35,-3.5));
#3395 = LINE('',#3396,#3397);
#3396 = CARTESIAN_POINT('',(-0.15,0.35,-3.5));
#3397 = VECTOR('',#3398,1.);
#3398 = DIRECTION('',(0.,-5.551115123126E-16,1.));
#3399 = ORIENTED_EDGE('',*,*,#3400,.F.);
#3400 = EDGE_CURVE('',#3401,#3393,#3403,.T.);
#3401 = VERTEX_POINT('',#3402);
#3402 = CARTESIAN_POINT('',(0.15,0.35,-3.5));
#3403 = LINE('',#3404,#3405);
#3404 = CARTESIAN_POINT('',(0.15,0.35,-3.5));
#3405 = VECTOR('',#3406,1.);
#3406 = DIRECTION('',(-1.,-0.,0.));
#3407 = ORIENTED_EDGE('',*,*,#3408,.F.);
#3408 = EDGE_CURVE('',#3409,#3401,#3411,.T.);
#3409 = VERTEX_POINT('',#3410);
#3410 = CARTESIAN_POINT('',(0.15,0.35,-2.542562962528));
#3411 = LINE('',#3412,#3413);
#3412 = CARTESIAN_POINT('',(0.15,0.35,-2.5));
#3413 = VECTOR('',#3414,1.);
#3414 = DIRECTION('',(0.,5.551115123126E-16,-1.));
#3415 = ORIENTED_EDGE('',*,*,#3416,.F.);
#3416 = EDGE_CURVE('',#3417,#3409,#3419,.T.);
#3417 = VERTEX_POINT('',#3418);
#3418 = CARTESIAN_POINT('',(0.137769622714,0.35,-2.459232075714));
#3419 = CIRCLE('',#3420,0.29);
#3420 = AXIS2_PLACEMENT_3D('',#3421,#3422,#3423);
#3421 = CARTESIAN_POINT('',(-0.14,0.35,-2.542562962528));
#3422 = DIRECTION('',(-0.,1.,3.330669073875E-16));
#3423 = DIRECTION('',(0.,-3.330669073875E-16,1.));
#3424 = ORIENTED_EDGE('',*,*,#3425,.T.);
#3425 = EDGE_CURVE('',#3417,#3426,#3428,.T.);
#3426 = VERTEX_POINT('',#3427);
#3427 = CARTESIAN_POINT('',(-0.125000733956,0.35,-1.583330886814));
#3428 = LINE('',#3429,#3430);
#3429 = CARTESIAN_POINT('',(0.15,0.35,-2.5));
#3430 = VECTOR('',#3431,1.);
#3431 = DIRECTION('',(-0.287347885566,-5.31700397722E-16,0.957826285221)
  );
#3432 = ORIENTED_EDGE('',*,*,#3433,.F.);
#3433 = EDGE_CURVE('',#3434,#3426,#3436,.T.);
#3434 = VERTEX_POINT('',#3435);
#3435 = CARTESIAN_POINT('',(-0.125000733956,0.35,-1.416669113186));
#3436 = CIRCLE('',#3437,0.29);
#3437 = AXIS2_PLACEMENT_3D('',#3438,#3439,#3440);
#3438 = CARTESIAN_POINT('',(0.152768888758,0.35,-1.5));
#3439 = DIRECTION('',(0.,-1.,-3.330669073875E-16));
#3440 = DIRECTION('',(0.,-3.330669073875E-16,1.));
#3441 = ORIENTED_EDGE('',*,*,#3442,.T.);
#3442 = EDGE_CURVE('',#3434,#3443,#3445,.T.);
#3443 = VERTEX_POINT('',#3444);
#3444 = CARTESIAN_POINT('',(0.137769622714,0.35,-0.540767924286));
#3445 = LINE('',#3446,#3447);
#3446 = CARTESIAN_POINT('',(-0.15,0.35,-1.5));
#3447 = VECTOR('',#3448,1.);
#3448 = DIRECTION('',(0.287347885566,-5.31700397722E-16,0.957826285221)
  );
#3449 = ORIENTED_EDGE('',*,*,#3450,.F.);
#3450 = EDGE_CURVE('',#3451,#3443,#3453,.T.);
#3451 = VERTEX_POINT('',#3452);
#3452 = CARTESIAN_POINT('',(0.15,0.35,-0.457437037472));
#3453 = CIRCLE('',#3454,0.29);
#3454 = AXIS2_PLACEMENT_3D('',#3455,#3456,#3457);
#3455 = CARTESIAN_POINT('',(-0.14,0.35,-0.457437037472));
#3456 = DIRECTION('',(-0.,1.,3.330669073875E-16));
#3457 = DIRECTION('',(0.,-3.330669073875E-16,1.));
#3458 = ORIENTED_EDGE('',*,*,#3459,.F.);
#3459 = EDGE_CURVE('',#3019,#3451,#3460,.T.);
#3460 = LINE('',#3461,#3462);
#3461 = CARTESIAN_POINT('',(0.15,0.35,1.5));
#3462 = VECTOR('',#3463,1.);
#3463 = DIRECTION('',(0.,5.551115123126E-16,-1.));
#3464 = ORIENTED_EDGE('',*,*,#3090,.F.);
#3465 = ORIENTED_EDGE('',*,*,#3466,.F.);
#3466 = EDGE_CURVE('',#3467,#3083,#3469,.T.);
#3467 = VERTEX_POINT('',#3468);
#3468 = CARTESIAN_POINT('',(0.14,0.35,1.5));
#3469 = LINE('',#3470,#3471);
#3470 = CARTESIAN_POINT('',(-0.15,0.35,1.5));
#3471 = VECTOR('',#3472,1.);
#3472 = DIRECTION('',(1.,0.,0.));
#3473 = ORIENTED_EDGE('',*,*,#3474,.F.);
#3474 = EDGE_CURVE('',#3475,#3467,#3477,.T.);
#3475 = VERTEX_POINT('',#3476);
#3476 = CARTESIAN_POINT('',(-0.15,0.35,1.21));
#3477 = CIRCLE('',#3478,0.29);
#3478 = AXIS2_PLACEMENT_3D('',#3479,#3480,#3481);
#3479 = CARTESIAN_POINT('',(0.14,0.35,1.21));
#3480 = DIRECTION('',(-0.,1.,3.330669073875E-16));
#3481 = DIRECTION('',(0.,-3.330669073875E-16,1.));
#3482 = ORIENTED_EDGE('',*,*,#3483,.F.);
#3483 = EDGE_CURVE('',#3484,#3475,#3486,.T.);
#3484 = VERTEX_POINT('',#3485);
#3485 = CARTESIAN_POINT('',(-0.15,0.35,-0.457437037472));
#3486 = LINE('',#3487,#3488);
#3487 = CARTESIAN_POINT('',(-0.15,0.35,-0.5));
#3488 = VECTOR('',#3489,1.);
#3489 = DIRECTION('',(0.,-5.551115123126E-16,1.));
#3490 = ORIENTED_EDGE('',*,*,#3491,.F.);
#3491 = EDGE_CURVE('',#3357,#3484,#3492,.T.);
#3492 = CIRCLE('',#3493,0.29);
#3493 = AXIS2_PLACEMENT_3D('',#3494,#3495,#3496);
#3494 = CARTESIAN_POINT('',(-0.44,0.35,-0.457437037472));
#3495 = DIRECTION('',(0.,-1.,-3.330669073875E-16));
#3496 = DIRECTION('',(0.,-3.330669073875E-16,1.));
#3497 = PLANE('',#3498);
#3498 = AXIS2_PLACEMENT_3D('',#3499,#3500,#3501);
#3499 = CARTESIAN_POINT('',(-0.15,0.35,-0.5));
#3500 = DIRECTION('',(1.64346021921E-31,-1.,-5.551115123126E-16));
#3501 = DIRECTION('',(0.,5.551115123126E-16,-1.));
#3502 = ADVANCED_FACE('',(#3503),#3521,.F.);
#3503 = FACE_BOUND('',#3504,.F.);
#3504 = EDGE_LOOP('',(#3505,#3513,#3519,#3520));
#3505 = ORIENTED_EDGE('',*,*,#3506,.F.);
#3506 = EDGE_CURVE('',#3507,#3075,#3509,.T.);
#3507 = VERTEX_POINT('',#3508);
#3508 = CARTESIAN_POINT('',(0.14,-0.35,1.5));
#3509 = LINE('',#3510,#3511);
#3510 = CARTESIAN_POINT('',(-0.15,-0.35,1.5));
#3511 = VECTOR('',#3512,1.);
#3512 = DIRECTION('',(1.,0.,0.));
#3513 = ORIENTED_EDGE('',*,*,#3514,.T.);
#3514 = EDGE_CURVE('',#3507,#3467,#3515,.T.);
#3515 = LINE('',#3516,#3517);
#3516 = CARTESIAN_POINT('',(0.14,-0.35,1.5));
#3517 = VECTOR('',#3518,1.);
#3518 = DIRECTION('',(0.,1.,3.330669073875E-16));
#3519 = ORIENTED_EDGE('',*,*,#3466,.T.);
#3520 = ORIENTED_EDGE('',*,*,#3082,.F.);
#3521 = PLANE('',#3522);
#3522 = AXIS2_PLACEMENT_3D('',#3523,#3524,#3525);
#3523 = CARTESIAN_POINT('',(-0.15,-0.35,1.5));
#3524 = DIRECTION('',(0.,3.330669073875E-16,-1.));
#3525 = DIRECTION('',(1.,0.,0.));
#3526 = ADVANCED_FACE('',(#3527),#3664,.T.);
#3527 = FACE_BOUND('',#3528,.T.);
#3528 = EDGE_LOOP('',(#3529,#3539,#3548,#3556,#3565,#3573,#3581,#3589,
    #3598,#3606,#3615,#3623,#3632,#3638,#3639,#3640,#3649,#3657));
#3529 = ORIENTED_EDGE('',*,*,#3530,.T.);
#3530 = EDGE_CURVE('',#3531,#3533,#3535,.T.);
#3531 = VERTEX_POINT('',#3532);
#3532 = CARTESIAN_POINT('',(-0.162230377286,-0.35,-0.540767924286));
#3533 = VERTEX_POINT('',#3534);
#3534 = CARTESIAN_POINT('',(-0.425000733956,-0.35,-1.416669113186));
#3535 = LINE('',#3536,#3537);
#3536 = CARTESIAN_POINT('',(-0.15,-0.35,-0.5));
#3537 = VECTOR('',#3538,1.);
#3538 = DIRECTION('',(-0.287347885566,5.31700397722E-16,-0.957826285221)
  );
#3539 = ORIENTED_EDGE('',*,*,#3540,.T.);
#3540 = EDGE_CURVE('',#3533,#3541,#3543,.T.);
#3541 = VERTEX_POINT('',#3542);
#3542 = CARTESIAN_POINT('',(-0.425000733956,-0.35,-1.583330886814));
#3543 = CIRCLE('',#3544,0.29);
#3544 = AXIS2_PLACEMENT_3D('',#3545,#3546,#3547);
#3545 = CARTESIAN_POINT('',(-0.147231111242,-0.35,-1.5));
#3546 = DIRECTION('',(0.,-1.,-3.330669073875E-16));
#3547 = DIRECTION('',(0.,-3.330669073875E-16,1.));
#3548 = ORIENTED_EDGE('',*,*,#3549,.T.);
#3549 = EDGE_CURVE('',#3541,#3550,#3552,.T.);
#3550 = VERTEX_POINT('',#3551);
#3551 = CARTESIAN_POINT('',(-0.162230377286,-0.35,-2.459232075714));
#3552 = LINE('',#3553,#3554);
#3553 = CARTESIAN_POINT('',(-0.45,-0.35,-1.5));
#3554 = VECTOR('',#3555,1.);
#3555 = DIRECTION('',(0.287347885566,5.31700397722E-16,-0.957826285221)
  );
#3556 = ORIENTED_EDGE('',*,*,#3557,.F.);
#3557 = EDGE_CURVE('',#3558,#3550,#3560,.T.);
#3558 = VERTEX_POINT('',#3559);
#3559 = CARTESIAN_POINT('',(-0.15,-0.35,-2.542562962528));
#3560 = CIRCLE('',#3561,0.29);
#3561 = AXIS2_PLACEMENT_3D('',#3562,#3563,#3564);
#3562 = CARTESIAN_POINT('',(-0.44,-0.35,-2.542562962528));
#3563 = DIRECTION('',(0.,-1.,-3.330669073875E-16));
#3564 = DIRECTION('',(0.,-3.330669073875E-16,1.));
#3565 = ORIENTED_EDGE('',*,*,#3566,.F.);
#3566 = EDGE_CURVE('',#3567,#3558,#3569,.T.);
#3567 = VERTEX_POINT('',#3568);
#3568 = CARTESIAN_POINT('',(-0.15,-0.35,-3.5));
#3569 = LINE('',#3570,#3571);
#3570 = CARTESIAN_POINT('',(-0.15,-0.35,-3.5));
#3571 = VECTOR('',#3572,1.);
#3572 = DIRECTION('',(0.,-5.551115123126E-16,1.));
#3573 = ORIENTED_EDGE('',*,*,#3574,.F.);
#3574 = EDGE_CURVE('',#3575,#3567,#3577,.T.);
#3575 = VERTEX_POINT('',#3576);
#3576 = CARTESIAN_POINT('',(0.15,-0.35,-3.5));
#3577 = LINE('',#3578,#3579);
#3578 = CARTESIAN_POINT('',(0.15,-0.35,-3.5));
#3579 = VECTOR('',#3580,1.);
#3580 = DIRECTION('',(-1.,-0.,0.));
#3581 = ORIENTED_EDGE('',*,*,#3582,.F.);
#3582 = EDGE_CURVE('',#3583,#3575,#3585,.T.);
#3583 = VERTEX_POINT('',#3584);
#3584 = CARTESIAN_POINT('',(0.15,-0.35,-2.542562962528));
#3585 = LINE('',#3586,#3587);
#3586 = CARTESIAN_POINT('',(0.15,-0.35,-2.5));
#3587 = VECTOR('',#3588,1.);
#3588 = DIRECTION('',(0.,5.551115123126E-16,-1.));
#3589 = ORIENTED_EDGE('',*,*,#3590,.F.);
#3590 = EDGE_CURVE('',#3591,#3583,#3593,.T.);
#3591 = VERTEX_POINT('',#3592);
#3592 = CARTESIAN_POINT('',(0.137769622714,-0.35,-2.459232075714));
#3593 = CIRCLE('',#3594,0.29);
#3594 = AXIS2_PLACEMENT_3D('',#3595,#3596,#3597);
#3595 = CARTESIAN_POINT('',(-0.14,-0.35,-2.542562962528));
#3596 = DIRECTION('',(-0.,1.,3.330669073875E-16));
#3597 = DIRECTION('',(0.,-3.330669073875E-16,1.));
#3598 = ORIENTED_EDGE('',*,*,#3599,.T.);
#3599 = EDGE_CURVE('',#3591,#3600,#3602,.T.);
#3600 = VERTEX_POINT('',#3601);
#3601 = CARTESIAN_POINT('',(-0.125000733956,-0.35,-1.583330886814));
#3602 = LINE('',#3603,#3604);
#3603 = CARTESIAN_POINT('',(0.15,-0.35,-2.5));
#3604 = VECTOR('',#3605,1.);
#3605 = DIRECTION('',(-0.287347885566,-5.31700397722E-16,0.957826285221)
  );
#3606 = ORIENTED_EDGE('',*,*,#3607,.F.);
#3607 = EDGE_CURVE('',#3608,#3600,#3610,.T.);
#3608 = VERTEX_POINT('',#3609);
#3609 = CARTESIAN_POINT('',(-0.125000733956,-0.35,-1.416669113186));
#3610 = CIRCLE('',#3611,0.29);
#3611 = AXIS2_PLACEMENT_3D('',#3612,#3613,#3614);
#3612 = CARTESIAN_POINT('',(0.152768888758,-0.35,-1.5));
#3613 = DIRECTION('',(0.,-1.,-3.330669073875E-16));
#3614 = DIRECTION('',(0.,-3.330669073875E-16,1.));
#3615 = ORIENTED_EDGE('',*,*,#3616,.T.);
#3616 = EDGE_CURVE('',#3608,#3617,#3619,.T.);
#3617 = VERTEX_POINT('',#3618);
#3618 = CARTESIAN_POINT('',(0.137769622714,-0.35,-0.540767924286));
#3619 = LINE('',#3620,#3621);
#3620 = CARTESIAN_POINT('',(-0.15,-0.35,-1.5));
#3621 = VECTOR('',#3622,1.);
#3622 = DIRECTION('',(0.287347885566,-5.31700397722E-16,0.957826285221)
  );
#3623 = ORIENTED_EDGE('',*,*,#3624,.F.);
#3624 = EDGE_CURVE('',#3625,#3617,#3627,.T.);
#3625 = VERTEX_POINT('',#3626);
#3626 = CARTESIAN_POINT('',(0.15,-0.35,-0.457437037472));
#3627 = CIRCLE('',#3628,0.29);
#3628 = AXIS2_PLACEMENT_3D('',#3629,#3630,#3631);
#3629 = CARTESIAN_POINT('',(-0.14,-0.35,-0.457437037472));
#3630 = DIRECTION('',(-0.,1.,3.330669073875E-16));
#3631 = DIRECTION('',(0.,-3.330669073875E-16,1.));
#3632 = ORIENTED_EDGE('',*,*,#3633,.F.);
#3633 = EDGE_CURVE('',#3067,#3625,#3634,.T.);
#3634 = LINE('',#3635,#3636);
#3635 = CARTESIAN_POINT('',(0.15,-0.35,1.5));
#3636 = VECTOR('',#3637,1.);
#3637 = DIRECTION('',(0.,5.551115123126E-16,-1.));
#3638 = ORIENTED_EDGE('',*,*,#3074,.F.);
#3639 = ORIENTED_EDGE('',*,*,#3506,.F.);
#3640 = ORIENTED_EDGE('',*,*,#3641,.F.);
#3641 = EDGE_CURVE('',#3642,#3507,#3644,.T.);
#3642 = VERTEX_POINT('',#3643);
#3643 = CARTESIAN_POINT('',(-0.15,-0.35,1.21));
#3644 = CIRCLE('',#3645,0.29);
#3645 = AXIS2_PLACEMENT_3D('',#3646,#3647,#3648);
#3646 = CARTESIAN_POINT('',(0.14,-0.35,1.21));
#3647 = DIRECTION('',(-0.,1.,3.330669073875E-16));
#3648 = DIRECTION('',(0.,-3.330669073875E-16,1.));
#3649 = ORIENTED_EDGE('',*,*,#3650,.F.);
#3650 = EDGE_CURVE('',#3651,#3642,#3653,.T.);
#3651 = VERTEX_POINT('',#3652);
#3652 = CARTESIAN_POINT('',(-0.15,-0.35,-0.457437037472));
#3653 = LINE('',#3654,#3655);
#3654 = CARTESIAN_POINT('',(-0.15,-0.35,-0.5));
#3655 = VECTOR('',#3656,1.);
#3656 = DIRECTION('',(0.,-5.551115123126E-16,1.));
#3657 = ORIENTED_EDGE('',*,*,#3658,.F.);
#3658 = EDGE_CURVE('',#3531,#3651,#3659,.T.);
#3659 = CIRCLE('',#3660,0.29);
#3660 = AXIS2_PLACEMENT_3D('',#3661,#3662,#3663);
#3661 = CARTESIAN_POINT('',(-0.44,-0.35,-0.457437037472));
#3662 = DIRECTION('',(0.,-1.,-3.330669073875E-16));
#3663 = DIRECTION('',(0.,-3.330669073875E-16,1.));
#3664 = PLANE('',#3665);
#3665 = AXIS2_PLACEMENT_3D('',#3666,#3667,#3668);
#3666 = CARTESIAN_POINT('',(-0.15,-0.35,-0.5));
#3667 = DIRECTION('',(1.64346021921E-31,-1.,-5.551115123126E-16));
#3668 = DIRECTION('',(0.,5.551115123126E-16,-1.));
#3669 = ADVANCED_FACE('',(#3670),#3814,.T.);
#3670 = FACE_BOUND('',#3671,.T.);
#3671 = EDGE_LOOP('',(#3672,#3682,#3691,#3699,#3708,#3716,#3724,#3732,
    #3741,#3749,#3758,#3766,#3775,#3781,#3782,#3790,#3799,#3807));
#3672 = ORIENTED_EDGE('',*,*,#3673,.T.);
#3673 = EDGE_CURVE('',#3674,#3676,#3678,.T.);
#3674 = VERTEX_POINT('',#3675);
#3675 = CARTESIAN_POINT('',(-0.162230377286,-4.85,-0.540767924286));
#3676 = VERTEX_POINT('',#3677);
#3677 = CARTESIAN_POINT('',(-0.425000733956,-4.85,-1.416669113186));
#3678 = LINE('',#3679,#3680);
#3679 = CARTESIAN_POINT('',(-0.15,-4.85,-0.5));
#3680 = VECTOR('',#3681,1.);
#3681 = DIRECTION('',(-0.287347885566,5.31700397722E-16,-0.957826285221)
  );
#3682 = ORIENTED_EDGE('',*,*,#3683,.T.);
#3683 = EDGE_CURVE('',#3676,#3684,#3686,.T.);
#3684 = VERTEX_POINT('',#3685);
#3685 = CARTESIAN_POINT('',(-0.425000733956,-4.85,-1.583330886814));
#3686 = CIRCLE('',#3687,0.29);
#3687 = AXIS2_PLACEMENT_3D('',#3688,#3689,#3690);
#3688 = CARTESIAN_POINT('',(-0.147231111242,-4.85,-1.5));
#3689 = DIRECTION('',(0.,-1.,-3.330669073875E-16));
#3690 = DIRECTION('',(0.,-3.330669073875E-16,1.));
#3691 = ORIENTED_EDGE('',*,*,#3692,.T.);
#3692 = EDGE_CURVE('',#3684,#3693,#3695,.T.);
#3693 = VERTEX_POINT('',#3694);
#3694 = CARTESIAN_POINT('',(-0.162230377286,-4.85,-2.459232075714));
#3695 = LINE('',#3696,#3697);
#3696 = CARTESIAN_POINT('',(-0.45,-4.85,-1.5));
#3697 = VECTOR('',#3698,1.);
#3698 = DIRECTION('',(0.287347885566,5.31700397722E-16,-0.957826285221)
  );
#3699 = ORIENTED_EDGE('',*,*,#3700,.F.);
#3700 = EDGE_CURVE('',#3701,#3693,#3703,.T.);
#3701 = VERTEX_POINT('',#3702);
#3702 = CARTESIAN_POINT('',(-0.15,-4.85,-2.542562962528));
#3703 = CIRCLE('',#3704,0.29);
#3704 = AXIS2_PLACEMENT_3D('',#3705,#3706,#3707);
#3705 = CARTESIAN_POINT('',(-0.44,-4.85,-2.542562962528));
#3706 = DIRECTION('',(0.,-1.,-3.330669073875E-16));
#3707 = DIRECTION('',(0.,-3.330669073875E-16,1.));
#3708 = ORIENTED_EDGE('',*,*,#3709,.F.);
#3709 = EDGE_CURVE('',#3710,#3701,#3712,.T.);
#3710 = VERTEX_POINT('',#3711);
#3711 = CARTESIAN_POINT('',(-0.15,-4.85,-3.5));
#3712 = LINE('',#3713,#3714);
#3713 = CARTESIAN_POINT('',(-0.15,-4.85,-3.5));
#3714 = VECTOR('',#3715,1.);
#3715 = DIRECTION('',(0.,-5.551115123126E-16,1.));
#3716 = ORIENTED_EDGE('',*,*,#3717,.F.);
#3717 = EDGE_CURVE('',#3718,#3710,#3720,.T.);
#3718 = VERTEX_POINT('',#3719);
#3719 = CARTESIAN_POINT('',(0.15,-4.85,-3.5));
#3720 = LINE('',#3721,#3722);
#3721 = CARTESIAN_POINT('',(0.15,-4.85,-3.5));
#3722 = VECTOR('',#3723,1.);
#3723 = DIRECTION('',(-1.,-0.,0.));
#3724 = ORIENTED_EDGE('',*,*,#3725,.F.);
#3725 = EDGE_CURVE('',#3726,#3718,#3728,.T.);
#3726 = VERTEX_POINT('',#3727);
#3727 = CARTESIAN_POINT('',(0.15,-4.85,-2.542562962528));
#3728 = LINE('',#3729,#3730);
#3729 = CARTESIAN_POINT('',(0.15,-4.85,-2.5));
#3730 = VECTOR('',#3731,1.);
#3731 = DIRECTION('',(0.,5.551115123126E-16,-1.));
#3732 = ORIENTED_EDGE('',*,*,#3733,.F.);
#3733 = EDGE_CURVE('',#3734,#3726,#3736,.T.);
#3734 = VERTEX_POINT('',#3735);
#3735 = CARTESIAN_POINT('',(0.137769622714,-4.85,-2.459232075714));
#3736 = CIRCLE('',#3737,0.29);
#3737 = AXIS2_PLACEMENT_3D('',#3738,#3739,#3740);
#3738 = CARTESIAN_POINT('',(-0.14,-4.85,-2.542562962528));
#3739 = DIRECTION('',(-0.,1.,3.330669073875E-16));
#3740 = DIRECTION('',(0.,-3.330669073875E-16,1.));
#3741 = ORIENTED_EDGE('',*,*,#3742,.T.);
#3742 = EDGE_CURVE('',#3734,#3743,#3745,.T.);
#3743 = VERTEX_POINT('',#3744);
#3744 = CARTESIAN_POINT('',(-0.125000733956,-4.85,-1.583330886814));
#3745 = LINE('',#3746,#3747);
#3746 = CARTESIAN_POINT('',(0.15,-4.85,-2.5));
#3747 = VECTOR('',#3748,1.);
#3748 = DIRECTION('',(-0.287347885566,-5.31700397722E-16,0.957826285221)
  );
#3749 = ORIENTED_EDGE('',*,*,#3750,.F.);
#3750 = EDGE_CURVE('',#3751,#3743,#3753,.T.);
#3751 = VERTEX_POINT('',#3752);
#3752 = CARTESIAN_POINT('',(-0.125000733956,-4.85,-1.416669113186));
#3753 = CIRCLE('',#3754,0.29);
#3754 = AXIS2_PLACEMENT_3D('',#3755,#3756,#3757);
#3755 = CARTESIAN_POINT('',(0.152768888758,-4.85,-1.5));
#3756 = DIRECTION('',(0.,-1.,-3.330669073875E-16));
#3757 = DIRECTION('',(0.,-3.330669073875E-16,1.));
#3758 = ORIENTED_EDGE('',*,*,#3759,.T.);
#3759 = EDGE_CURVE('',#3751,#3760,#3762,.T.);
#3760 = VERTEX_POINT('',#3761);
#3761 = CARTESIAN_POINT('',(0.137769622714,-4.85,-0.540767924286));
#3762 = LINE('',#3763,#3764);
#3763 = CARTESIAN_POINT('',(-0.15,-4.85,-1.5));
#3764 = VECTOR('',#3765,1.);
#3765 = DIRECTION('',(0.287347885566,-5.31700397722E-16,0.957826285221)
  );
#3766 = ORIENTED_EDGE('',*,*,#3767,.F.);
#3767 = EDGE_CURVE('',#3768,#3760,#3770,.T.);
#3768 = VERTEX_POINT('',#3769);
#3769 = CARTESIAN_POINT('',(0.15,-4.85,-0.457437037472));
#3770 = CIRCLE('',#3771,0.29);
#3771 = AXIS2_PLACEMENT_3D('',#3772,#3773,#3774);
#3772 = CARTESIAN_POINT('',(-0.14,-4.85,-0.457437037472));
#3773 = DIRECTION('',(-0.,1.,3.330669073875E-16));
#3774 = DIRECTION('',(0.,-3.330669073875E-16,1.));
#3775 = ORIENTED_EDGE('',*,*,#3776,.F.);
#3776 = EDGE_CURVE('',#3035,#3768,#3777,.T.);
#3777 = LINE('',#3778,#3779);
#3778 = CARTESIAN_POINT('',(0.15,-4.85,1.5));
#3779 = VECTOR('',#3780,1.);
#3780 = DIRECTION('',(0.,5.551115123126E-16,-1.));
#3781 = ORIENTED_EDGE('',*,*,#3042,.F.);
#3782 = ORIENTED_EDGE('',*,*,#3783,.F.);
#3783 = EDGE_CURVE('',#3784,#3043,#3786,.T.);
#3784 = VERTEX_POINT('',#3785);
#3785 = CARTESIAN_POINT('',(0.14,-4.85,1.5));
#3786 = LINE('',#3787,#3788);
#3787 = CARTESIAN_POINT('',(-0.15,-4.85,1.5));
#3788 = VECTOR('',#3789,1.);
#3789 = DIRECTION('',(1.,0.,0.));
#3790 = ORIENTED_EDGE('',*,*,#3791,.F.);
#3791 = EDGE_CURVE('',#3792,#3784,#3794,.T.);
#3792 = VERTEX_POINT('',#3793);
#3793 = CARTESIAN_POINT('',(-0.15,-4.85,1.21));
#3794 = CIRCLE('',#3795,0.29);
#3795 = AXIS2_PLACEMENT_3D('',#3796,#3797,#3798);
#3796 = CARTESIAN_POINT('',(0.14,-4.85,1.21));
#3797 = DIRECTION('',(-0.,1.,3.330669073875E-16));
#3798 = DIRECTION('',(0.,-3.330669073875E-16,1.));
#3799 = ORIENTED_EDGE('',*,*,#3800,.F.);
#3800 = EDGE_CURVE('',#3801,#3792,#3803,.T.);
#3801 = VERTEX_POINT('',#3802);
#3802 = CARTESIAN_POINT('',(-0.15,-4.85,-0.457437037472));
#3803 = LINE('',#3804,#3805);
#3804 = CARTESIAN_POINT('',(-0.15,-4.85,-0.5));
#3805 = VECTOR('',#3806,1.);
#3806 = DIRECTION('',(0.,-5.551115123126E-16,1.));
#3807 = ORIENTED_EDGE('',*,*,#3808,.F.);
#3808 = EDGE_CURVE('',#3674,#3801,#3809,.T.);
#3809 = CIRCLE('',#3810,0.29);
#3810 = AXIS2_PLACEMENT_3D('',#3811,#3812,#3813);
#3811 = CARTESIAN_POINT('',(-0.44,-4.85,-0.457437037472));
#3812 = DIRECTION('',(0.,-1.,-3.330669073875E-16));
#3813 = DIRECTION('',(0.,-3.330669073875E-16,1.));
#3814 = PLANE('',#3815);
#3815 = AXIS2_PLACEMENT_3D('',#3816,#3817,#3818);
#3816 = CARTESIAN_POINT('',(-0.15,-4.85,-0.5));
#3817 = DIRECTION('',(0.,-1.,-3.330669073875E-16));
#3818 = DIRECTION('',(0.,3.330669073875E-16,-1.));
#3819 = ADVANCED_FACE('',(#3820),#3964,.F.);
#3820 = FACE_BOUND('',#3821,.F.);
#3821 = EDGE_LOOP('',(#3822,#3832,#3841,#3849,#3858,#3866,#3874,#3882,
    #3891,#3899,#3908,#3916,#3925,#3931,#3932,#3940,#3949,#3957));
#3822 = ORIENTED_EDGE('',*,*,#3823,.T.);
#3823 = EDGE_CURVE('',#3824,#3826,#3828,.T.);
#3824 = VERTEX_POINT('',#3825);
#3825 = CARTESIAN_POINT('',(-0.162230377286,-4.15,-0.540767924286));
#3826 = VERTEX_POINT('',#3827);
#3827 = CARTESIAN_POINT('',(-0.425000733956,-4.15,-1.416669113186));
#3828 = LINE('',#3829,#3830);
#3829 = CARTESIAN_POINT('',(-0.15,-4.15,-0.5));
#3830 = VECTOR('',#3831,1.);
#3831 = DIRECTION('',(-0.287347885566,5.31700397722E-16,-0.957826285221)
  );
#3832 = ORIENTED_EDGE('',*,*,#3833,.T.);
#3833 = EDGE_CURVE('',#3826,#3834,#3836,.T.);
#3834 = VERTEX_POINT('',#3835);
#3835 = CARTESIAN_POINT('',(-0.425000733956,-4.15,-1.583330886814));
#3836 = CIRCLE('',#3837,0.29);
#3837 = AXIS2_PLACEMENT_3D('',#3838,#3839,#3840);
#3838 = CARTESIAN_POINT('',(-0.147231111242,-4.15,-1.5));
#3839 = DIRECTION('',(0.,-1.,-3.330669073875E-16));
#3840 = DIRECTION('',(0.,-3.330669073875E-16,1.));
#3841 = ORIENTED_EDGE('',*,*,#3842,.T.);
#3842 = EDGE_CURVE('',#3834,#3843,#3845,.T.);
#3843 = VERTEX_POINT('',#3844);
#3844 = CARTESIAN_POINT('',(-0.162230377286,-4.15,-2.459232075714));
#3845 = LINE('',#3846,#3847);
#3846 = CARTESIAN_POINT('',(-0.45,-4.15,-1.5));
#3847 = VECTOR('',#3848,1.);
#3848 = DIRECTION('',(0.287347885566,5.31700397722E-16,-0.957826285221)
  );
#3849 = ORIENTED_EDGE('',*,*,#3850,.F.);
#3850 = EDGE_CURVE('',#3851,#3843,#3853,.T.);
#3851 = VERTEX_POINT('',#3852);
#3852 = CARTESIAN_POINT('',(-0.15,-4.15,-2.542562962528));
#3853 = CIRCLE('',#3854,0.29);
#3854 = AXIS2_PLACEMENT_3D('',#3855,#3856,#3857);
#3855 = CARTESIAN_POINT('',(-0.44,-4.15,-2.542562962528));
#3856 = DIRECTION('',(0.,-1.,-3.330669073875E-16));
#3857 = DIRECTION('',(0.,-3.330669073875E-16,1.));
#3858 = ORIENTED_EDGE('',*,*,#3859,.F.);
#3859 = EDGE_CURVE('',#3860,#3851,#3862,.T.);
#3860 = VERTEX_POINT('',#3861);
#3861 = CARTESIAN_POINT('',(-0.15,-4.15,-3.5));
#3862 = LINE('',#3863,#3864);
#3863 = CARTESIAN_POINT('',(-0.15,-4.15,-3.5));
#3864 = VECTOR('',#3865,1.);
#3865 = DIRECTION('',(0.,-5.551115123126E-16,1.));
#3866 = ORIENTED_EDGE('',*,*,#3867,.F.);
#3867 = EDGE_CURVE('',#3868,#3860,#3870,.T.);
#3868 = VERTEX_POINT('',#3869);
#3869 = CARTESIAN_POINT('',(0.15,-4.15,-3.5));
#3870 = LINE('',#3871,#3872);
#3871 = CARTESIAN_POINT('',(0.15,-4.15,-3.5));
#3872 = VECTOR('',#3873,1.);
#3873 = DIRECTION('',(-1.,-0.,0.));
#3874 = ORIENTED_EDGE('',*,*,#3875,.F.);
#3875 = EDGE_CURVE('',#3876,#3868,#3878,.T.);
#3876 = VERTEX_POINT('',#3877);
#3877 = CARTESIAN_POINT('',(0.15,-4.15,-2.542562962528));
#3878 = LINE('',#3879,#3880);
#3879 = CARTESIAN_POINT('',(0.15,-4.15,-2.5));
#3880 = VECTOR('',#3881,1.);
#3881 = DIRECTION('',(0.,5.551115123126E-16,-1.));
#3882 = ORIENTED_EDGE('',*,*,#3883,.F.);
#3883 = EDGE_CURVE('',#3884,#3876,#3886,.T.);
#3884 = VERTEX_POINT('',#3885);
#3885 = CARTESIAN_POINT('',(0.137769622714,-4.15,-2.459232075714));
#3886 = CIRCLE('',#3887,0.29);
#3887 = AXIS2_PLACEMENT_3D('',#3888,#3889,#3890);
#3888 = CARTESIAN_POINT('',(-0.14,-4.15,-2.542562962528));
#3889 = DIRECTION('',(-0.,1.,3.330669073875E-16));
#3890 = DIRECTION('',(0.,-3.330669073875E-16,1.));
#3891 = ORIENTED_EDGE('',*,*,#3892,.T.);
#3892 = EDGE_CURVE('',#3884,#3893,#3895,.T.);
#3893 = VERTEX_POINT('',#3894);
#3894 = CARTESIAN_POINT('',(-0.125000733956,-4.15,-1.583330886814));
#3895 = LINE('',#3896,#3897);
#3896 = CARTESIAN_POINT('',(0.15,-4.15,-2.5));
#3897 = VECTOR('',#3898,1.);
#3898 = DIRECTION('',(-0.287347885566,-5.31700397722E-16,0.957826285221)
  );
#3899 = ORIENTED_EDGE('',*,*,#3900,.F.);
#3900 = EDGE_CURVE('',#3901,#3893,#3903,.T.);
#3901 = VERTEX_POINT('',#3902);
#3902 = CARTESIAN_POINT('',(-0.125000733956,-4.15,-1.416669113186));
#3903 = CIRCLE('',#3904,0.29);
#3904 = AXIS2_PLACEMENT_3D('',#3905,#3906,#3907);
#3905 = CARTESIAN_POINT('',(0.152768888758,-4.15,-1.5));
#3906 = DIRECTION('',(0.,-1.,-3.330669073875E-16));
#3907 = DIRECTION('',(0.,-3.330669073875E-16,1.));
#3908 = ORIENTED_EDGE('',*,*,#3909,.T.);
#3909 = EDGE_CURVE('',#3901,#3910,#3912,.T.);
#3910 = VERTEX_POINT('',#3911);
#3911 = CARTESIAN_POINT('',(0.137769622714,-4.15,-0.540767924286));
#3912 = LINE('',#3913,#3914);
#3913 = CARTESIAN_POINT('',(-0.15,-4.15,-1.5));
#3914 = VECTOR('',#3915,1.);
#3915 = DIRECTION('',(0.287347885566,-5.31700397722E-16,0.957826285221)
  );
#3916 = ORIENTED_EDGE('',*,*,#3917,.F.);
#3917 = EDGE_CURVE('',#3918,#3910,#3920,.T.);
#3918 = VERTEX_POINT('',#3919);
#3919 = CARTESIAN_POINT('',(0.15,-4.15,-0.457437037472));
#3920 = CIRCLE('',#3921,0.29);
#3921 = AXIS2_PLACEMENT_3D('',#3922,#3923,#3924);
#3922 = CARTESIAN_POINT('',(-0.14,-4.15,-0.457437037472));
#3923 = DIRECTION('',(-0.,1.,3.330669073875E-16));
#3924 = DIRECTION('',(0.,-3.330669073875E-16,1.));
#3925 = ORIENTED_EDGE('',*,*,#3926,.F.);
#3926 = EDGE_CURVE('',#3059,#3918,#3927,.T.);
#3927 = LINE('',#3928,#3929);
#3928 = CARTESIAN_POINT('',(0.15,-4.15,1.5));
#3929 = VECTOR('',#3930,1.);
#3930 = DIRECTION('',(0.,5.551115123126E-16,-1.));
#3931 = ORIENTED_EDGE('',*,*,#3058,.F.);
#3932 = ORIENTED_EDGE('',*,*,#3933,.F.);
#3933 = EDGE_CURVE('',#3934,#3051,#3936,.T.);
#3934 = VERTEX_POINT('',#3935);
#3935 = CARTESIAN_POINT('',(0.14,-4.15,1.5));
#3936 = LINE('',#3937,#3938);
#3937 = CARTESIAN_POINT('',(-0.15,-4.15,1.5));
#3938 = VECTOR('',#3939,1.);
#3939 = DIRECTION('',(1.,0.,0.));
#3940 = ORIENTED_EDGE('',*,*,#3941,.F.);
#3941 = EDGE_CURVE('',#3942,#3934,#3944,.T.);
#3942 = VERTEX_POINT('',#3943);
#3943 = CARTESIAN_POINT('',(-0.15,-4.15,1.21));
#3944 = CIRCLE('',#3945,0.29);
#3945 = AXIS2_PLACEMENT_3D('',#3946,#3947,#3948);
#3946 = CARTESIAN_POINT('',(0.14,-4.15,1.21));
#3947 = DIRECTION('',(-0.,1.,3.330669073875E-16));
#3948 = DIRECTION('',(0.,-3.330669073875E-16,1.));
#3949 = ORIENTED_EDGE('',*,*,#3950,.F.);
#3950 = EDGE_CURVE('',#3951,#3942,#3953,.T.);
#3951 = VERTEX_POINT('',#3952);
#3952 = CARTESIAN_POINT('',(-0.15,-4.15,-0.457437037472));
#3953 = LINE('',#3954,#3955);
#3954 = CARTESIAN_POINT('',(-0.15,-4.15,-0.5));
#3955 = VECTOR('',#3956,1.);
#3956 = DIRECTION('',(0.,-5.551115123126E-16,1.));
#3957 = ORIENTED_EDGE('',*,*,#3958,.F.);
#3958 = EDGE_CURVE('',#3824,#3951,#3959,.T.);
#3959 = CIRCLE('',#3960,0.29);
#3960 = AXIS2_PLACEMENT_3D('',#3961,#3962,#3963);
#3961 = CARTESIAN_POINT('',(-0.44,-4.15,-0.457437037472));
#3962 = DIRECTION('',(0.,-1.,-3.330669073875E-16));
#3963 = DIRECTION('',(0.,-3.330669073875E-16,1.));
#3964 = PLANE('',#3965);
#3965 = AXIS2_PLACEMENT_3D('',#3966,#3967,#3968);
#3966 = CARTESIAN_POINT('',(-0.15,-4.15,-0.5));
#3967 = DIRECTION('',(0.,-1.,-3.330669073875E-16));
#3968 = DIRECTION('',(0.,3.330669073875E-16,-1.));
#3969 = ADVANCED_FACE('',(#3970),#3981,.F.);
#3970 = FACE_BOUND('',#3971,.F.);
#3971 = EDGE_LOOP('',(#3972,#3973,#3979,#3980));
#3972 = ORIENTED_EDGE('',*,*,#3783,.F.);
#3973 = ORIENTED_EDGE('',*,*,#3974,.T.);
#3974 = EDGE_CURVE('',#3784,#3934,#3975,.T.);
#3975 = LINE('',#3976,#3977);
#3976 = CARTESIAN_POINT('',(0.14,-4.85,1.5));
#3977 = VECTOR('',#3978,1.);
#3978 = DIRECTION('',(0.,1.,3.330669073875E-16));
#3979 = ORIENTED_EDGE('',*,*,#3933,.T.);
#3980 = ORIENTED_EDGE('',*,*,#3050,.F.);
#3981 = PLANE('',#3982);
#3982 = AXIS2_PLACEMENT_3D('',#3983,#3984,#3985);
#3983 = CARTESIAN_POINT('',(-0.15,-4.85,1.5));
#3984 = DIRECTION('',(0.,3.330669073875E-16,-1.));
#3985 = DIRECTION('',(1.,0.,0.));
#3986 = ADVANCED_FACE('',(#3987),#4131,.F.);
#3987 = FACE_BOUND('',#3988,.F.);
#3988 = EDGE_LOOP('',(#3989,#3999,#4008,#4016,#4025,#4033,#4041,#4049,
    #4058,#4066,#4075,#4083,#4092,#4098,#4099,#4107,#4116,#4124));
#3989 = ORIENTED_EDGE('',*,*,#3990,.T.);
#3990 = EDGE_CURVE('',#3991,#3993,#3995,.T.);
#3991 = VERTEX_POINT('',#3992);
#3992 = CARTESIAN_POINT('',(6.462230377286,-4.85,-0.540767924286));
#3993 = VERTEX_POINT('',#3994);
#3994 = CARTESIAN_POINT('',(6.725000733956,-4.85,-1.416669113186));
#3995 = LINE('',#3996,#3997);
#3996 = CARTESIAN_POINT('',(6.45,-4.85,-0.5));
#3997 = VECTOR('',#3998,1.);
#3998 = DIRECTION('',(0.287347885566,5.31700397722E-16,-0.957826285221)
  );
#3999 = ORIENTED_EDGE('',*,*,#4000,.T.);
#4000 = EDGE_CURVE('',#3993,#4001,#4003,.T.);
#4001 = VERTEX_POINT('',#4002);
#4002 = CARTESIAN_POINT('',(6.725000733956,-4.85,-1.583330886814));
#4003 = CIRCLE('',#4004,0.29);
#4004 = AXIS2_PLACEMENT_3D('',#4005,#4006,#4007);
#4005 = CARTESIAN_POINT('',(6.447231111242,-4.85,-1.5));
#4006 = DIRECTION('',(-0.,1.,3.330669073875E-16));
#4007 = DIRECTION('',(0.,-3.330669073875E-16,1.));
#4008 = ORIENTED_EDGE('',*,*,#4009,.T.);
#4009 = EDGE_CURVE('',#4001,#4010,#4012,.T.);
#4010 = VERTEX_POINT('',#4011);
#4011 = CARTESIAN_POINT('',(6.462230377286,-4.85,-2.459232075714));
#4012 = LINE('',#4013,#4014);
#4013 = CARTESIAN_POINT('',(6.75,-4.85,-1.5));
#4014 = VECTOR('',#4015,1.);
#4015 = DIRECTION('',(-0.287347885566,5.31700397722E-16,-0.957826285221)
  );
#4016 = ORIENTED_EDGE('',*,*,#4017,.F.);
#4017 = EDGE_CURVE('',#4018,#4010,#4020,.T.);
#4018 = VERTEX_POINT('',#4019);
#4019 = CARTESIAN_POINT('',(6.45,-4.85,-2.542562962528));
#4020 = CIRCLE('',#4021,0.29);
#4021 = AXIS2_PLACEMENT_3D('',#4022,#4023,#4024);
#4022 = CARTESIAN_POINT('',(6.74,-4.85,-2.542562962528));
#4023 = DIRECTION('',(-0.,1.,3.330669073875E-16));
#4024 = DIRECTION('',(0.,-3.330669073875E-16,1.));
#4025 = ORIENTED_EDGE('',*,*,#4026,.F.);
#4026 = EDGE_CURVE('',#4027,#4018,#4029,.T.);
#4027 = VERTEX_POINT('',#4028);
#4028 = CARTESIAN_POINT('',(6.45,-4.85,-3.5));
#4029 = LINE('',#4030,#4031);
#4030 = CARTESIAN_POINT('',(6.45,-4.85,-3.5));
#4031 = VECTOR('',#4032,1.);
#4032 = DIRECTION('',(0.,-5.551115123126E-16,1.));
#4033 = ORIENTED_EDGE('',*,*,#4034,.F.);
#4034 = EDGE_CURVE('',#4035,#4027,#4037,.T.);
#4035 = VERTEX_POINT('',#4036);
#4036 = CARTESIAN_POINT('',(6.15,-4.85,-3.5));
#4037 = LINE('',#4038,#4039);
#4038 = CARTESIAN_POINT('',(6.15,-4.85,-3.5));
#4039 = VECTOR('',#4040,1.);
#4040 = DIRECTION('',(1.,0.,0.));
#4041 = ORIENTED_EDGE('',*,*,#4042,.F.);
#4042 = EDGE_CURVE('',#4043,#4035,#4045,.T.);
#4043 = VERTEX_POINT('',#4044);
#4044 = CARTESIAN_POINT('',(6.15,-4.85,-2.542562962528));
#4045 = LINE('',#4046,#4047);
#4046 = CARTESIAN_POINT('',(6.15,-4.85,-2.5));
#4047 = VECTOR('',#4048,1.);
#4048 = DIRECTION('',(0.,5.551115123126E-16,-1.));
#4049 = ORIENTED_EDGE('',*,*,#4050,.F.);
#4050 = EDGE_CURVE('',#4051,#4043,#4053,.T.);
#4051 = VERTEX_POINT('',#4052);
#4052 = CARTESIAN_POINT('',(6.162230377286,-4.85,-2.459232075714));
#4053 = CIRCLE('',#4054,0.29);
#4054 = AXIS2_PLACEMENT_3D('',#4055,#4056,#4057);
#4055 = CARTESIAN_POINT('',(6.44,-4.85,-2.542562962528));
#4056 = DIRECTION('',(0.,-1.,-3.330669073875E-16));
#4057 = DIRECTION('',(0.,-3.330669073875E-16,1.));
#4058 = ORIENTED_EDGE('',*,*,#4059,.T.);
#4059 = EDGE_CURVE('',#4051,#4060,#4062,.T.);
#4060 = VERTEX_POINT('',#4061);
#4061 = CARTESIAN_POINT('',(6.425000733956,-4.85,-1.583330886814));
#4062 = LINE('',#4063,#4064);
#4063 = CARTESIAN_POINT('',(6.15,-4.85,-2.5));
#4064 = VECTOR('',#4065,1.);
#4065 = DIRECTION('',(0.287347885566,-5.31700397722E-16,0.957826285221)
  );
#4066 = ORIENTED_EDGE('',*,*,#4067,.F.);
#4067 = EDGE_CURVE('',#4068,#4060,#4070,.T.);
#4068 = VERTEX_POINT('',#4069);
#4069 = CARTESIAN_POINT('',(6.425000733956,-4.85,-1.416669113186));
#4070 = CIRCLE('',#4071,0.29);
#4071 = AXIS2_PLACEMENT_3D('',#4072,#4073,#4074);
#4072 = CARTESIAN_POINT('',(6.147231111242,-4.85,-1.5));
#4073 = DIRECTION('',(-0.,1.,3.330669073875E-16));
#4074 = DIRECTION('',(0.,-3.330669073875E-16,1.));
#4075 = ORIENTED_EDGE('',*,*,#4076,.T.);
#4076 = EDGE_CURVE('',#4068,#4077,#4079,.T.);
#4077 = VERTEX_POINT('',#4078);
#4078 = CARTESIAN_POINT('',(6.162230377286,-4.85,-0.540767924286));
#4079 = LINE('',#4080,#4081);
#4080 = CARTESIAN_POINT('',(6.45,-4.85,-1.5));
#4081 = VECTOR('',#4082,1.);
#4082 = DIRECTION('',(-0.287347885566,-5.31700397722E-16,0.957826285221)
  );
#4083 = ORIENTED_EDGE('',*,*,#4084,.F.);
#4084 = EDGE_CURVE('',#4085,#4077,#4087,.T.);
#4085 = VERTEX_POINT('',#4086);
#4086 = CARTESIAN_POINT('',(6.15,-4.85,-0.457437037472));
#4087 = CIRCLE('',#4088,0.29);
#4088 = AXIS2_PLACEMENT_3D('',#4089,#4090,#4091);
#4089 = CARTESIAN_POINT('',(6.44,-4.85,-0.457437037472));
#4090 = DIRECTION('',(0.,-1.,-3.330669073875E-16));
#4091 = DIRECTION('',(0.,-3.330669073875E-16,1.));
#4092 = ORIENTED_EDGE('',*,*,#4093,.F.);
#4093 = EDGE_CURVE('',#3105,#4085,#4094,.T.);
#4094 = LINE('',#4095,#4096);
#4095 = CARTESIAN_POINT('',(6.15,-4.85,1.5));
#4096 = VECTOR('',#4097,1.);
#4097 = DIRECTION('',(0.,5.551115123126E-16,-1.));
#4098 = ORIENTED_EDGE('',*,*,#3178,.F.);
#4099 = ORIENTED_EDGE('',*,*,#4100,.F.);
#4100 = EDGE_CURVE('',#4101,#3171,#4103,.T.);
#4101 = VERTEX_POINT('',#4102);
#4102 = CARTESIAN_POINT('',(6.16,-4.85,1.5));
#4103 = LINE('',#4104,#4105);
#4104 = CARTESIAN_POINT('',(6.45,-4.85,1.5));
#4105 = VECTOR('',#4106,1.);
#4106 = DIRECTION('',(-1.,-0.,0.));
#4107 = ORIENTED_EDGE('',*,*,#4108,.F.);
#4108 = EDGE_CURVE('',#4109,#4101,#4111,.T.);
#4109 = VERTEX_POINT('',#4110);
#4110 = CARTESIAN_POINT('',(6.45,-4.85,1.21));
#4111 = CIRCLE('',#4112,0.29);
#4112 = AXIS2_PLACEMENT_3D('',#4113,#4114,#4115);
#4113 = CARTESIAN_POINT('',(6.16,-4.85,1.21));
#4114 = DIRECTION('',(0.,-1.,-3.330669073875E-16));
#4115 = DIRECTION('',(0.,-3.330669073875E-16,1.));
#4116 = ORIENTED_EDGE('',*,*,#4117,.F.);
#4117 = EDGE_CURVE('',#4118,#4109,#4120,.T.);
#4118 = VERTEX_POINT('',#4119);
#4119 = CARTESIAN_POINT('',(6.45,-4.85,-0.457437037472));
#4120 = LINE('',#4121,#4122);
#4121 = CARTESIAN_POINT('',(6.45,-4.85,-0.5));
#4122 = VECTOR('',#4123,1.);
#4123 = DIRECTION('',(0.,-5.551115123126E-16,1.));
#4124 = ORIENTED_EDGE('',*,*,#4125,.F.);
#4125 = EDGE_CURVE('',#3991,#4118,#4126,.T.);
#4126 = CIRCLE('',#4127,0.29);
#4127 = AXIS2_PLACEMENT_3D('',#4128,#4129,#4130);
#4128 = CARTESIAN_POINT('',(6.74,-4.85,-0.457437037472));
#4129 = DIRECTION('',(-0.,1.,3.330669073875E-16));
#4130 = DIRECTION('',(0.,-3.330669073875E-16,1.));
#4131 = PLANE('',#4132);
#4132 = AXIS2_PLACEMENT_3D('',#4133,#4134,#4135);
#4133 = CARTESIAN_POINT('',(6.45,-4.85,-0.5));
#4134 = DIRECTION('',(0.,1.,3.330669073875E-16));
#4135 = DIRECTION('',(0.,-3.330669073875E-16,1.));
#4136 = ADVANCED_FACE('',(#4137),#4155,.T.);
#4137 = FACE_BOUND('',#4138,.T.);
#4138 = EDGE_LOOP('',(#4139,#4140,#4148,#4154));
#4139 = ORIENTED_EDGE('',*,*,#4100,.F.);
#4140 = ORIENTED_EDGE('',*,*,#4141,.T.);
#4141 = EDGE_CURVE('',#4101,#4142,#4144,.T.);
#4142 = VERTEX_POINT('',#4143);
#4143 = CARTESIAN_POINT('',(6.16,-4.15,1.5));
#4144 = LINE('',#4145,#4146);
#4145 = CARTESIAN_POINT('',(6.16,-4.85,1.5));
#4146 = VECTOR('',#4147,1.);
#4147 = DIRECTION('',(0.,1.,3.330669073875E-16));
#4148 = ORIENTED_EDGE('',*,*,#4149,.T.);
#4149 = EDGE_CURVE('',#4142,#3163,#4150,.T.);
#4150 = LINE('',#4151,#4152);
#4151 = CARTESIAN_POINT('',(6.45,-4.15,1.5));
#4152 = VECTOR('',#4153,1.);
#4153 = DIRECTION('',(-1.,-0.,0.));
#4154 = ORIENTED_EDGE('',*,*,#3170,.F.);
#4155 = PLANE('',#4156);
#4156 = AXIS2_PLACEMENT_3D('',#4157,#4158,#4159);
#4157 = CARTESIAN_POINT('',(6.45,-4.85,1.5));
#4158 = DIRECTION('',(0.,-3.330669073875E-16,1.));
#4159 = DIRECTION('',(-1.,0.,0.));
#4160 = ADVANCED_FACE('',(#4161),#4298,.T.);
#4161 = FACE_BOUND('',#4162,.T.);
#4162 = EDGE_LOOP('',(#4163,#4173,#4182,#4190,#4199,#4207,#4215,#4223,
    #4232,#4240,#4249,#4257,#4266,#4272,#4273,#4274,#4283,#4291));
#4163 = ORIENTED_EDGE('',*,*,#4164,.T.);
#4164 = EDGE_CURVE('',#4165,#4167,#4169,.T.);
#4165 = VERTEX_POINT('',#4166);
#4166 = CARTESIAN_POINT('',(6.462230377286,-4.15,-0.540767924286));
#4167 = VERTEX_POINT('',#4168);
#4168 = CARTESIAN_POINT('',(6.725000733956,-4.15,-1.416669113186));
#4169 = LINE('',#4170,#4171);
#4170 = CARTESIAN_POINT('',(6.45,-4.15,-0.5));
#4171 = VECTOR('',#4172,1.);
#4172 = DIRECTION('',(0.287347885566,5.31700397722E-16,-0.957826285221)
  );
#4173 = ORIENTED_EDGE('',*,*,#4174,.T.);
#4174 = EDGE_CURVE('',#4167,#4175,#4177,.T.);
#4175 = VERTEX_POINT('',#4176);
#4176 = CARTESIAN_POINT('',(6.725000733956,-4.15,-1.583330886814));
#4177 = CIRCLE('',#4178,0.29);
#4178 = AXIS2_PLACEMENT_3D('',#4179,#4180,#4181);
#4179 = CARTESIAN_POINT('',(6.447231111242,-4.15,-1.5));
#4180 = DIRECTION('',(-0.,1.,3.330669073875E-16));
#4181 = DIRECTION('',(0.,-3.330669073875E-16,1.));
#4182 = ORIENTED_EDGE('',*,*,#4183,.T.);
#4183 = EDGE_CURVE('',#4175,#4184,#4186,.T.);
#4184 = VERTEX_POINT('',#4185);
#4185 = CARTESIAN_POINT('',(6.462230377286,-4.15,-2.459232075714));
#4186 = LINE('',#4187,#4188);
#4187 = CARTESIAN_POINT('',(6.75,-4.15,-1.5));
#4188 = VECTOR('',#4189,1.);
#4189 = DIRECTION('',(-0.287347885566,5.31700397722E-16,-0.957826285221)
  );
#4190 = ORIENTED_EDGE('',*,*,#4191,.F.);
#4191 = EDGE_CURVE('',#4192,#4184,#4194,.T.);
#4192 = VERTEX_POINT('',#4193);
#4193 = CARTESIAN_POINT('',(6.45,-4.15,-2.542562962528));
#4194 = CIRCLE('',#4195,0.29);
#4195 = AXIS2_PLACEMENT_3D('',#4196,#4197,#4198);
#4196 = CARTESIAN_POINT('',(6.74,-4.15,-2.542562962528));
#4197 = DIRECTION('',(-0.,1.,3.330669073875E-16));
#4198 = DIRECTION('',(0.,-3.330669073875E-16,1.));
#4199 = ORIENTED_EDGE('',*,*,#4200,.F.);
#4200 = EDGE_CURVE('',#4201,#4192,#4203,.T.);
#4201 = VERTEX_POINT('',#4202);
#4202 = CARTESIAN_POINT('',(6.45,-4.15,-3.5));
#4203 = LINE('',#4204,#4205);
#4204 = CARTESIAN_POINT('',(6.45,-4.15,-3.5));
#4205 = VECTOR('',#4206,1.);
#4206 = DIRECTION('',(0.,-5.551115123126E-16,1.));
#4207 = ORIENTED_EDGE('',*,*,#4208,.F.);
#4208 = EDGE_CURVE('',#4209,#4201,#4211,.T.);
#4209 = VERTEX_POINT('',#4210);
#4210 = CARTESIAN_POINT('',(6.15,-4.15,-3.5));
#4211 = LINE('',#4212,#4213);
#4212 = CARTESIAN_POINT('',(6.15,-4.15,-3.5));
#4213 = VECTOR('',#4214,1.);
#4214 = DIRECTION('',(1.,0.,0.));
#4215 = ORIENTED_EDGE('',*,*,#4216,.F.);
#4216 = EDGE_CURVE('',#4217,#4209,#4219,.T.);
#4217 = VERTEX_POINT('',#4218);
#4218 = CARTESIAN_POINT('',(6.15,-4.15,-2.542562962528));
#4219 = LINE('',#4220,#4221);
#4220 = CARTESIAN_POINT('',(6.15,-4.15,-2.5));
#4221 = VECTOR('',#4222,1.);
#4222 = DIRECTION('',(0.,5.551115123126E-16,-1.));
#4223 = ORIENTED_EDGE('',*,*,#4224,.F.);
#4224 = EDGE_CURVE('',#4225,#4217,#4227,.T.);
#4225 = VERTEX_POINT('',#4226);
#4226 = CARTESIAN_POINT('',(6.162230377286,-4.15,-2.459232075714));
#4227 = CIRCLE('',#4228,0.29);
#4228 = AXIS2_PLACEMENT_3D('',#4229,#4230,#4231);
#4229 = CARTESIAN_POINT('',(6.44,-4.15,-2.542562962528));
#4230 = DIRECTION('',(0.,-1.,-3.330669073875E-16));
#4231 = DIRECTION('',(0.,-3.330669073875E-16,1.));
#4232 = ORIENTED_EDGE('',*,*,#4233,.T.);
#4233 = EDGE_CURVE('',#4225,#4234,#4236,.T.);
#4234 = VERTEX_POINT('',#4235);
#4235 = CARTESIAN_POINT('',(6.425000733956,-4.15,-1.583330886814));
#4236 = LINE('',#4237,#4238);
#4237 = CARTESIAN_POINT('',(6.15,-4.15,-2.5));
#4238 = VECTOR('',#4239,1.);
#4239 = DIRECTION('',(0.287347885566,-5.31700397722E-16,0.957826285221)
  );
#4240 = ORIENTED_EDGE('',*,*,#4241,.F.);
#4241 = EDGE_CURVE('',#4242,#4234,#4244,.T.);
#4242 = VERTEX_POINT('',#4243);
#4243 = CARTESIAN_POINT('',(6.425000733956,-4.15,-1.416669113186));
#4244 = CIRCLE('',#4245,0.29);
#4245 = AXIS2_PLACEMENT_3D('',#4246,#4247,#4248);
#4246 = CARTESIAN_POINT('',(6.147231111242,-4.15,-1.5));
#4247 = DIRECTION('',(-0.,1.,3.330669073875E-16));
#4248 = DIRECTION('',(0.,-3.330669073875E-16,1.));
#4249 = ORIENTED_EDGE('',*,*,#4250,.T.);
#4250 = EDGE_CURVE('',#4242,#4251,#4253,.T.);
#4251 = VERTEX_POINT('',#4252);
#4252 = CARTESIAN_POINT('',(6.162230377286,-4.15,-0.540767924286));
#4253 = LINE('',#4254,#4255);
#4254 = CARTESIAN_POINT('',(6.45,-4.15,-1.5));
#4255 = VECTOR('',#4256,1.);
#4256 = DIRECTION('',(-0.287347885566,-5.31700397722E-16,0.957826285221)
  );
#4257 = ORIENTED_EDGE('',*,*,#4258,.F.);
#4258 = EDGE_CURVE('',#4259,#4251,#4261,.T.);
#4259 = VERTEX_POINT('',#4260);
#4260 = CARTESIAN_POINT('',(6.15,-4.15,-0.457437037472));
#4261 = CIRCLE('',#4262,0.29);
#4262 = AXIS2_PLACEMENT_3D('',#4263,#4264,#4265);
#4263 = CARTESIAN_POINT('',(6.44,-4.15,-0.457437037472));
#4264 = DIRECTION('',(0.,-1.,-3.330669073875E-16));
#4265 = DIRECTION('',(0.,-3.330669073875E-16,1.));
#4266 = ORIENTED_EDGE('',*,*,#4267,.F.);
#4267 = EDGE_CURVE('',#3155,#4259,#4268,.T.);
#4268 = LINE('',#4269,#4270);
#4269 = CARTESIAN_POINT('',(6.15,-4.15,1.5));
#4270 = VECTOR('',#4271,1.);
#4271 = DIRECTION('',(0.,5.551115123126E-16,-1.));
#4272 = ORIENTED_EDGE('',*,*,#3162,.F.);
#4273 = ORIENTED_EDGE('',*,*,#4149,.F.);
#4274 = ORIENTED_EDGE('',*,*,#4275,.F.);
#4275 = EDGE_CURVE('',#4276,#4142,#4278,.T.);
#4276 = VERTEX_POINT('',#4277);
#4277 = CARTESIAN_POINT('',(6.45,-4.15,1.21));
#4278 = CIRCLE('',#4279,0.29);
#4279 = AXIS2_PLACEMENT_3D('',#4280,#4281,#4282);
#4280 = CARTESIAN_POINT('',(6.16,-4.15,1.21));
#4281 = DIRECTION('',(0.,-1.,-3.330669073875E-16));
#4282 = DIRECTION('',(0.,-3.330669073875E-16,1.));
#4283 = ORIENTED_EDGE('',*,*,#4284,.F.);
#4284 = EDGE_CURVE('',#4285,#4276,#4287,.T.);
#4285 = VERTEX_POINT('',#4286);
#4286 = CARTESIAN_POINT('',(6.45,-4.15,-0.457437037472));
#4287 = LINE('',#4288,#4289);
#4288 = CARTESIAN_POINT('',(6.45,-4.15,-0.5));
#4289 = VECTOR('',#4290,1.);
#4290 = DIRECTION('',(0.,-5.551115123126E-16,1.));
#4291 = ORIENTED_EDGE('',*,*,#4292,.F.);
#4292 = EDGE_CURVE('',#4165,#4285,#4293,.T.);
#4293 = CIRCLE('',#4294,0.29);
#4294 = AXIS2_PLACEMENT_3D('',#4295,#4296,#4297);
#4295 = CARTESIAN_POINT('',(6.74,-4.15,-0.457437037472));
#4296 = DIRECTION('',(-0.,1.,3.330669073875E-16));
#4297 = DIRECTION('',(0.,-3.330669073875E-16,1.));
#4298 = PLANE('',#4299);
#4299 = AXIS2_PLACEMENT_3D('',#4300,#4301,#4302);
#4300 = CARTESIAN_POINT('',(6.45,-4.15,-0.5));
#4301 = DIRECTION('',(0.,1.,3.330669073875E-16));
#4302 = DIRECTION('',(0.,-3.330669073875E-16,1.));
#4303 = ADVANCED_FACE('',(#4304),#4448,.T.);
#4304 = FACE_BOUND('',#4305,.T.);
#4305 = EDGE_LOOP('',(#4306,#4316,#4325,#4333,#4342,#4350,#4358,#4366,
    #4375,#4383,#4392,#4400,#4409,#4415,#4416,#4424,#4433,#4441));
#4306 = ORIENTED_EDGE('',*,*,#4307,.T.);
#4307 = EDGE_CURVE('',#4308,#4310,#4312,.T.);
#4308 = VERTEX_POINT('',#4309);
#4309 = CARTESIAN_POINT('',(6.462230377286,0.35,-0.540767924286));
#4310 = VERTEX_POINT('',#4311);
#4311 = CARTESIAN_POINT('',(6.725000733956,0.35,-1.416669113186));
#4312 = LINE('',#4313,#4314);
#4313 = CARTESIAN_POINT('',(6.45,0.35,-0.5));
#4314 = VECTOR('',#4315,1.);
#4315 = DIRECTION('',(0.287347885566,5.31700397722E-16,-0.957826285221)
  );
#4316 = ORIENTED_EDGE('',*,*,#4317,.T.);
#4317 = EDGE_CURVE('',#4310,#4318,#4320,.T.);
#4318 = VERTEX_POINT('',#4319);
#4319 = CARTESIAN_POINT('',(6.725000733956,0.35,-1.583330886814));
#4320 = CIRCLE('',#4321,0.29);
#4321 = AXIS2_PLACEMENT_3D('',#4322,#4323,#4324);
#4322 = CARTESIAN_POINT('',(6.447231111242,0.35,-1.5));
#4323 = DIRECTION('',(-0.,1.,3.330669073875E-16));
#4324 = DIRECTION('',(0.,-3.330669073875E-16,1.));
#4325 = ORIENTED_EDGE('',*,*,#4326,.T.);
#4326 = EDGE_CURVE('',#4318,#4327,#4329,.T.);
#4327 = VERTEX_POINT('',#4328);
#4328 = CARTESIAN_POINT('',(6.462230377286,0.35,-2.459232075714));
#4329 = LINE('',#4330,#4331);
#4330 = CARTESIAN_POINT('',(6.75,0.35,-1.5));
#4331 = VECTOR('',#4332,1.);
#4332 = DIRECTION('',(-0.287347885566,5.31700397722E-16,-0.957826285221)
  );
#4333 = ORIENTED_EDGE('',*,*,#4334,.F.);
#4334 = EDGE_CURVE('',#4335,#4327,#4337,.T.);
#4335 = VERTEX_POINT('',#4336);
#4336 = CARTESIAN_POINT('',(6.45,0.35,-2.542562962528));
#4337 = CIRCLE('',#4338,0.29);
#4338 = AXIS2_PLACEMENT_3D('',#4339,#4340,#4341);
#4339 = CARTESIAN_POINT('',(6.74,0.35,-2.542562962528));
#4340 = DIRECTION('',(-0.,1.,3.330669073875E-16));
#4341 = DIRECTION('',(0.,-3.330669073875E-16,1.));
#4342 = ORIENTED_EDGE('',*,*,#4343,.F.);
#4343 = EDGE_CURVE('',#4344,#4335,#4346,.T.);
#4344 = VERTEX_POINT('',#4345);
#4345 = CARTESIAN_POINT('',(6.45,0.35,-3.5));
#4346 = LINE('',#4347,#4348);
#4347 = CARTESIAN_POINT('',(6.45,0.35,-3.5));
#4348 = VECTOR('',#4349,1.);
#4349 = DIRECTION('',(0.,-5.551115123126E-16,1.));
#4350 = ORIENTED_EDGE('',*,*,#4351,.F.);
#4351 = EDGE_CURVE('',#4352,#4344,#4354,.T.);
#4352 = VERTEX_POINT('',#4353);
#4353 = CARTESIAN_POINT('',(6.15,0.35,-3.5));
#4354 = LINE('',#4355,#4356);
#4355 = CARTESIAN_POINT('',(6.15,0.35,-3.5));
#4356 = VECTOR('',#4357,1.);
#4357 = DIRECTION('',(1.,0.,0.));
#4358 = ORIENTED_EDGE('',*,*,#4359,.F.);
#4359 = EDGE_CURVE('',#4360,#4352,#4362,.T.);
#4360 = VERTEX_POINT('',#4361);
#4361 = CARTESIAN_POINT('',(6.15,0.35,-2.542562962528));
#4362 = LINE('',#4363,#4364);
#4363 = CARTESIAN_POINT('',(6.15,0.35,-2.5));
#4364 = VECTOR('',#4365,1.);
#4365 = DIRECTION('',(0.,5.551115123126E-16,-1.));
#4366 = ORIENTED_EDGE('',*,*,#4367,.F.);
#4367 = EDGE_CURVE('',#4368,#4360,#4370,.T.);
#4368 = VERTEX_POINT('',#4369);
#4369 = CARTESIAN_POINT('',(6.162230377286,0.35,-2.459232075714));
#4370 = CIRCLE('',#4371,0.29);
#4371 = AXIS2_PLACEMENT_3D('',#4372,#4373,#4374);
#4372 = CARTESIAN_POINT('',(6.44,0.35,-2.542562962528));
#4373 = DIRECTION('',(0.,-1.,-3.330669073875E-16));
#4374 = DIRECTION('',(0.,-3.330669073875E-16,1.));
#4375 = ORIENTED_EDGE('',*,*,#4376,.T.);
#4376 = EDGE_CURVE('',#4368,#4377,#4379,.T.);
#4377 = VERTEX_POINT('',#4378);
#4378 = CARTESIAN_POINT('',(6.425000733956,0.35,-1.583330886814));
#4379 = LINE('',#4380,#4381);
#4380 = CARTESIAN_POINT('',(6.15,0.35,-2.5));
#4381 = VECTOR('',#4382,1.);
#4382 = DIRECTION('',(0.287347885566,-5.31700397722E-16,0.957826285221)
  );
#4383 = ORIENTED_EDGE('',*,*,#4384,.F.);
#4384 = EDGE_CURVE('',#4385,#4377,#4387,.T.);
#4385 = VERTEX_POINT('',#4386);
#4386 = CARTESIAN_POINT('',(6.425000733956,0.35,-1.416669113186));
#4387 = CIRCLE('',#4388,0.29);
#4388 = AXIS2_PLACEMENT_3D('',#4389,#4390,#4391);
#4389 = CARTESIAN_POINT('',(6.147231111242,0.35,-1.5));
#4390 = DIRECTION('',(-0.,1.,3.330669073875E-16));
#4391 = DIRECTION('',(0.,-3.330669073875E-16,1.));
#4392 = ORIENTED_EDGE('',*,*,#4393,.T.);
#4393 = EDGE_CURVE('',#4385,#4394,#4396,.T.);
#4394 = VERTEX_POINT('',#4395);
#4395 = CARTESIAN_POINT('',(6.162230377286,0.35,-0.540767924286));
#4396 = LINE('',#4397,#4398);
#4397 = CARTESIAN_POINT('',(6.45,0.35,-1.5));
#4398 = VECTOR('',#4399,1.);
#4399 = DIRECTION('',(-0.287347885566,-5.31700397722E-16,0.957826285221)
  );
#4400 = ORIENTED_EDGE('',*,*,#4401,.F.);
#4401 = EDGE_CURVE('',#4402,#4394,#4404,.T.);
#4402 = VERTEX_POINT('',#4403);
#4403 = CARTESIAN_POINT('',(6.15,0.35,-0.457437037472));
#4404 = CIRCLE('',#4405,0.29);
#4405 = AXIS2_PLACEMENT_3D('',#4406,#4407,#4408);
#4406 = CARTESIAN_POINT('',(6.44,0.35,-0.457437037472));
#4407 = DIRECTION('',(0.,-1.,-3.330669073875E-16));
#4408 = DIRECTION('',(0.,-3.330669073875E-16,1.));
#4409 = ORIENTED_EDGE('',*,*,#4410,.F.);
#4410 = EDGE_CURVE('',#3123,#4402,#4411,.T.);
#4411 = LINE('',#4412,#4413);
#4412 = CARTESIAN_POINT('',(6.15,0.35,1.5));
#4413 = VECTOR('',#4414,1.);
#4414 = DIRECTION('',(0.,5.551115123126E-16,-1.));
#4415 = ORIENTED_EDGE('',*,*,#3130,.F.);
#4416 = ORIENTED_EDGE('',*,*,#4417,.F.);
#4417 = EDGE_CURVE('',#4418,#3131,#4420,.T.);
#4418 = VERTEX_POINT('',#4419);
#4419 = CARTESIAN_POINT('',(6.16,0.35,1.5));
#4420 = LINE('',#4421,#4422);
#4421 = CARTESIAN_POINT('',(6.45,0.35,1.5));
#4422 = VECTOR('',#4423,1.);
#4423 = DIRECTION('',(-1.,-0.,0.));
#4424 = ORIENTED_EDGE('',*,*,#4425,.F.);
#4425 = EDGE_CURVE('',#4426,#4418,#4428,.T.);
#4426 = VERTEX_POINT('',#4427);
#4427 = CARTESIAN_POINT('',(6.45,0.35,1.21));
#4428 = CIRCLE('',#4429,0.29);
#4429 = AXIS2_PLACEMENT_3D('',#4430,#4431,#4432);
#4430 = CARTESIAN_POINT('',(6.16,0.35,1.21));
#4431 = DIRECTION('',(0.,-1.,-3.330669073875E-16));
#4432 = DIRECTION('',(0.,-3.330669073875E-16,1.));
#4433 = ORIENTED_EDGE('',*,*,#4434,.F.);
#4434 = EDGE_CURVE('',#4435,#4426,#4437,.T.);
#4435 = VERTEX_POINT('',#4436);
#4436 = CARTESIAN_POINT('',(6.45,0.35,-0.457437037472));
#4437 = LINE('',#4438,#4439);
#4438 = CARTESIAN_POINT('',(6.45,0.35,-0.5));
#4439 = VECTOR('',#4440,1.);
#4440 = DIRECTION('',(0.,-5.551115123126E-16,1.));
#4441 = ORIENTED_EDGE('',*,*,#4442,.F.);
#4442 = EDGE_CURVE('',#4308,#4435,#4443,.T.);
#4443 = CIRCLE('',#4444,0.29);
#4444 = AXIS2_PLACEMENT_3D('',#4445,#4446,#4447);
#4445 = CARTESIAN_POINT('',(6.74,0.35,-0.457437037472));
#4446 = DIRECTION('',(-0.,1.,3.330669073875E-16));
#4447 = DIRECTION('',(0.,-3.330669073875E-16,1.));
#4448 = PLANE('',#4449);
#4449 = AXIS2_PLACEMENT_3D('',#4450,#4451,#4452);
#4450 = CARTESIAN_POINT('',(6.45,0.35,-0.5));
#4451 = DIRECTION('',(1.64346021921E-31,1.,5.551115123126E-16));
#4452 = DIRECTION('',(0.,-5.551115123126E-16,1.));
#4453 = ADVANCED_FACE('',(#4454),#4598,.F.);
#4454 = FACE_BOUND('',#4455,.F.);
#4455 = EDGE_LOOP('',(#4456,#4466,#4475,#4483,#4492,#4500,#4508,#4516,
    #4525,#4533,#4542,#4550,#4559,#4565,#4566,#4574,#4583,#4591));
#4456 = ORIENTED_EDGE('',*,*,#4457,.T.);
#4457 = EDGE_CURVE('',#4458,#4460,#4462,.T.);
#4458 = VERTEX_POINT('',#4459);
#4459 = CARTESIAN_POINT('',(6.462230377286,-0.35,-0.540767924286));
#4460 = VERTEX_POINT('',#4461);
#4461 = CARTESIAN_POINT('',(6.725000733956,-0.35,-1.416669113186));
#4462 = LINE('',#4463,#4464);
#4463 = CARTESIAN_POINT('',(6.45,-0.35,-0.5));
#4464 = VECTOR('',#4465,1.);
#4465 = DIRECTION('',(0.287347885566,5.31700397722E-16,-0.957826285221)
  );
#4466 = ORIENTED_EDGE('',*,*,#4467,.T.);
#4467 = EDGE_CURVE('',#4460,#4468,#4470,.T.);
#4468 = VERTEX_POINT('',#4469);
#4469 = CARTESIAN_POINT('',(6.725000733956,-0.35,-1.583330886814));
#4470 = CIRCLE('',#4471,0.29);
#4471 = AXIS2_PLACEMENT_3D('',#4472,#4473,#4474);
#4472 = CARTESIAN_POINT('',(6.447231111242,-0.35,-1.5));
#4473 = DIRECTION('',(-0.,1.,3.330669073875E-16));
#4474 = DIRECTION('',(0.,-3.330669073875E-16,1.));
#4475 = ORIENTED_EDGE('',*,*,#4476,.T.);
#4476 = EDGE_CURVE('',#4468,#4477,#4479,.T.);
#4477 = VERTEX_POINT('',#4478);
#4478 = CARTESIAN_POINT('',(6.462230377286,-0.35,-2.459232075714));
#4479 = LINE('',#4480,#4481);
#4480 = CARTESIAN_POINT('',(6.75,-0.35,-1.5));
#4481 = VECTOR('',#4482,1.);
#4482 = DIRECTION('',(-0.287347885566,5.31700397722E-16,-0.957826285221)
  );
#4483 = ORIENTED_EDGE('',*,*,#4484,.F.);
#4484 = EDGE_CURVE('',#4485,#4477,#4487,.T.);
#4485 = VERTEX_POINT('',#4486);
#4486 = CARTESIAN_POINT('',(6.45,-0.35,-2.542562962528));
#4487 = CIRCLE('',#4488,0.29);
#4488 = AXIS2_PLACEMENT_3D('',#4489,#4490,#4491);
#4489 = CARTESIAN_POINT('',(6.74,-0.35,-2.542562962528));
#4490 = DIRECTION('',(-0.,1.,3.330669073875E-16));
#4491 = DIRECTION('',(0.,-3.330669073875E-16,1.));
#4492 = ORIENTED_EDGE('',*,*,#4493,.F.);
#4493 = EDGE_CURVE('',#4494,#4485,#4496,.T.);
#4494 = VERTEX_POINT('',#4495);
#4495 = CARTESIAN_POINT('',(6.45,-0.35,-3.5));
#4496 = LINE('',#4497,#4498);
#4497 = CARTESIAN_POINT('',(6.45,-0.35,-3.5));
#4498 = VECTOR('',#4499,1.);
#4499 = DIRECTION('',(0.,-5.551115123126E-16,1.));
#4500 = ORIENTED_EDGE('',*,*,#4501,.F.);
#4501 = EDGE_CURVE('',#4502,#4494,#4504,.T.);
#4502 = VERTEX_POINT('',#4503);
#4503 = CARTESIAN_POINT('',(6.15,-0.35,-3.5));
#4504 = LINE('',#4505,#4506);
#4505 = CARTESIAN_POINT('',(6.15,-0.35,-3.5));
#4506 = VECTOR('',#4507,1.);
#4507 = DIRECTION('',(1.,0.,0.));
#4508 = ORIENTED_EDGE('',*,*,#4509,.F.);
#4509 = EDGE_CURVE('',#4510,#4502,#4512,.T.);
#4510 = VERTEX_POINT('',#4511);
#4511 = CARTESIAN_POINT('',(6.15,-0.35,-2.542562962528));
#4512 = LINE('',#4513,#4514);
#4513 = CARTESIAN_POINT('',(6.15,-0.35,-2.5));
#4514 = VECTOR('',#4515,1.);
#4515 = DIRECTION('',(0.,5.551115123126E-16,-1.));
#4516 = ORIENTED_EDGE('',*,*,#4517,.F.);
#4517 = EDGE_CURVE('',#4518,#4510,#4520,.T.);
#4518 = VERTEX_POINT('',#4519);
#4519 = CARTESIAN_POINT('',(6.162230377286,-0.35,-2.459232075714));
#4520 = CIRCLE('',#4521,0.29);
#4521 = AXIS2_PLACEMENT_3D('',#4522,#4523,#4524);
#4522 = CARTESIAN_POINT('',(6.44,-0.35,-2.542562962528));
#4523 = DIRECTION('',(0.,-1.,-3.330669073875E-16));
#4524 = DIRECTION('',(0.,-3.330669073875E-16,1.));
#4525 = ORIENTED_EDGE('',*,*,#4526,.T.);
#4526 = EDGE_CURVE('',#4518,#4527,#4529,.T.);
#4527 = VERTEX_POINT('',#4528);
#4528 = CARTESIAN_POINT('',(6.425000733956,-0.35,-1.583330886814));
#4529 = LINE('',#4530,#4531);
#4530 = CARTESIAN_POINT('',(6.15,-0.35,-2.5));
#4531 = VECTOR('',#4532,1.);
#4532 = DIRECTION('',(0.287347885566,-5.31700397722E-16,0.957826285221)
  );
#4533 = ORIENTED_EDGE('',*,*,#4534,.F.);
#4534 = EDGE_CURVE('',#4535,#4527,#4537,.T.);
#4535 = VERTEX_POINT('',#4536);
#4536 = CARTESIAN_POINT('',(6.425000733956,-0.35,-1.416669113186));
#4537 = CIRCLE('',#4538,0.29);
#4538 = AXIS2_PLACEMENT_3D('',#4539,#4540,#4541);
#4539 = CARTESIAN_POINT('',(6.147231111242,-0.35,-1.5));
#4540 = DIRECTION('',(-0.,1.,3.330669073875E-16));
#4541 = DIRECTION('',(0.,-3.330669073875E-16,1.));
#4542 = ORIENTED_EDGE('',*,*,#4543,.T.);
#4543 = EDGE_CURVE('',#4535,#4544,#4546,.T.);
#4544 = VERTEX_POINT('',#4545);
#4545 = CARTESIAN_POINT('',(6.162230377286,-0.35,-0.540767924286));
#4546 = LINE('',#4547,#4548);
#4547 = CARTESIAN_POINT('',(6.45,-0.35,-1.5));
#4548 = VECTOR('',#4549,1.);
#4549 = DIRECTION('',(-0.287347885566,-5.31700397722E-16,0.957826285221)
  );
#4550 = ORIENTED_EDGE('',*,*,#4551,.F.);
#4551 = EDGE_CURVE('',#4552,#4544,#4554,.T.);
#4552 = VERTEX_POINT('',#4553);
#4553 = CARTESIAN_POINT('',(6.15,-0.35,-0.457437037472));
#4554 = CIRCLE('',#4555,0.29);
#4555 = AXIS2_PLACEMENT_3D('',#4556,#4557,#4558);
#4556 = CARTESIAN_POINT('',(6.44,-0.35,-0.457437037472));
#4557 = DIRECTION('',(0.,-1.,-3.330669073875E-16));
#4558 = DIRECTION('',(0.,-3.330669073875E-16,1.));
#4559 = ORIENTED_EDGE('',*,*,#4560,.F.);
#4560 = EDGE_CURVE('',#3147,#4552,#4561,.T.);
#4561 = LINE('',#4562,#4563);
#4562 = CARTESIAN_POINT('',(6.15,-0.35,1.5));
#4563 = VECTOR('',#4564,1.);
#4564 = DIRECTION('',(0.,5.551115123126E-16,-1.));
#4565 = ORIENTED_EDGE('',*,*,#3146,.F.);
#4566 = ORIENTED_EDGE('',*,*,#4567,.F.);
#4567 = EDGE_CURVE('',#4568,#3139,#4570,.T.);
#4568 = VERTEX_POINT('',#4569);
#4569 = CARTESIAN_POINT('',(6.16,-0.35,1.5));
#4570 = LINE('',#4571,#4572);
#4571 = CARTESIAN_POINT('',(6.45,-0.35,1.5));
#4572 = VECTOR('',#4573,1.);
#4573 = DIRECTION('',(-1.,-0.,0.));
#4574 = ORIENTED_EDGE('',*,*,#4575,.F.);
#4575 = EDGE_CURVE('',#4576,#4568,#4578,.T.);
#4576 = VERTEX_POINT('',#4577);
#4577 = CARTESIAN_POINT('',(6.45,-0.35,1.21));
#4578 = CIRCLE('',#4579,0.29);
#4579 = AXIS2_PLACEMENT_3D('',#4580,#4581,#4582);
#4580 = CARTESIAN_POINT('',(6.16,-0.35,1.21));
#4581 = DIRECTION('',(0.,-1.,-3.330669073875E-16));
#4582 = DIRECTION('',(0.,-3.330669073875E-16,1.));
#4583 = ORIENTED_EDGE('',*,*,#4584,.F.);
#4584 = EDGE_CURVE('',#4585,#4576,#4587,.T.);
#4585 = VERTEX_POINT('',#4586);
#4586 = CARTESIAN_POINT('',(6.45,-0.35,-0.457437037472));
#4587 = LINE('',#4588,#4589);
#4588 = CARTESIAN_POINT('',(6.45,-0.35,-0.5));
#4589 = VECTOR('',#4590,1.);
#4590 = DIRECTION('',(0.,-5.551115123126E-16,1.));
#4591 = ORIENTED_EDGE('',*,*,#4592,.F.);
#4592 = EDGE_CURVE('',#4458,#4585,#4593,.T.);
#4593 = CIRCLE('',#4594,0.29);
#4594 = AXIS2_PLACEMENT_3D('',#4595,#4596,#4597);
#4595 = CARTESIAN_POINT('',(6.74,-0.35,-0.457437037472));
#4596 = DIRECTION('',(-0.,1.,3.330669073875E-16));
#4597 = DIRECTION('',(0.,-3.330669073875E-16,1.));
#4598 = PLANE('',#4599);
#4599 = AXIS2_PLACEMENT_3D('',#4600,#4601,#4602);
#4600 = CARTESIAN_POINT('',(6.45,-0.35,-0.5));
#4601 = DIRECTION('',(1.64346021921E-31,1.,5.551115123126E-16));
#4602 = DIRECTION('',(0.,-5.551115123126E-16,1.));
#4603 = ADVANCED_FACE('',(#4604),#4615,.T.);
#4604 = FACE_BOUND('',#4605,.T.);
#4605 = EDGE_LOOP('',(#4606,#4607,#4613,#4614));
#4606 = ORIENTED_EDGE('',*,*,#4567,.F.);
#4607 = ORIENTED_EDGE('',*,*,#4608,.T.);
#4608 = EDGE_CURVE('',#4568,#4418,#4609,.T.);
#4609 = LINE('',#4610,#4611);
#4610 = CARTESIAN_POINT('',(6.16,-0.35,1.5));
#4611 = VECTOR('',#4612,1.);
#4612 = DIRECTION('',(0.,1.,3.330669073875E-16));
#4613 = ORIENTED_EDGE('',*,*,#4417,.T.);
#4614 = ORIENTED_EDGE('',*,*,#3138,.F.);
#4615 = PLANE('',#4616);
#4616 = AXIS2_PLACEMENT_3D('',#4617,#4618,#4619);
#4617 = CARTESIAN_POINT('',(6.45,-0.35,1.5));
#4618 = DIRECTION('',(0.,-3.330669073875E-16,1.));
#4619 = DIRECTION('',(-1.,0.,0.));
#4620 = ADVANCED_FACE('',(#4621),#4624,.F.);
#4621 = FACE_BOUND('',#4622,.F.);
#4622 = EDGE_LOOP('',(#4623));
#4623 = ORIENTED_EDGE('',*,*,#3278,.F.);
#4624 = PLANE('',#4625);
#4625 = AXIS2_PLACEMENT_3D('',#4626,#4627,#4628);
#4626 = CARTESIAN_POINT('',(4.9,-2.25,4.3));
#4627 = DIRECTION('',(0.,0.,-1.));
#4628 = DIRECTION('',(-1.,0.,0.));
#4629 = ADVANCED_FACE('',(#4630),#4641,.F.);
#4630 = FACE_BOUND('',#4631,.F.);
#4631 = EDGE_LOOP('',(#4632,#4633,#4634,#4635));
#4632 = ORIENTED_EDGE('',*,*,#3776,.F.);
#4633 = ORIENTED_EDGE('',*,*,#3315,.F.);
#4634 = ORIENTED_EDGE('',*,*,#3926,.T.);
#4635 = ORIENTED_EDGE('',*,*,#4636,.F.);
#4636 = EDGE_CURVE('',#3768,#3918,#4637,.T.);
#4637 = LINE('',#4638,#4639);
#4638 = CARTESIAN_POINT('',(0.15,-4.85,-0.457437037472));
#4639 = VECTOR('',#4640,1.);
#4640 = DIRECTION('',(0.,1.,3.330669073875E-16));
#4641 = PLANE('',#4642);
#4642 = AXIS2_PLACEMENT_3D('',#4643,#4644,#4645);
#4643 = CARTESIAN_POINT('',(0.15,-4.85,1.5));
#4644 = DIRECTION('',(-1.,0.,-0.));
#4645 = DIRECTION('',(0.,5.551115123126E-16,-1.));
#4646 = ADVANCED_FACE('',(#4647),#4658,.T.);
#4647 = FACE_BOUND('',#4648,.T.);
#4648 = EDGE_LOOP('',(#4649,#4650,#4651,#4652));
#4649 = ORIENTED_EDGE('',*,*,#4093,.F.);
#4650 = ORIENTED_EDGE('',*,*,#3340,.T.);
#4651 = ORIENTED_EDGE('',*,*,#4267,.T.);
#4652 = ORIENTED_EDGE('',*,*,#4653,.F.);
#4653 = EDGE_CURVE('',#4085,#4259,#4654,.T.);
#4654 = LINE('',#4655,#4656);
#4655 = CARTESIAN_POINT('',(6.15,-4.85,-0.457437037472));
#4656 = VECTOR('',#4657,1.);
#4657 = DIRECTION('',(0.,1.,3.330669073875E-16));
#4658 = PLANE('',#4659);
#4659 = AXIS2_PLACEMENT_3D('',#4660,#4661,#4662);
#4660 = CARTESIAN_POINT('',(6.15,-4.85,1.5));
#4661 = DIRECTION('',(-1.,0.,-0.));
#4662 = DIRECTION('',(0.,5.551115123126E-16,-1.));
#4663 = ADVANCED_FACE('',(#4664),#4675,.F.);
#4664 = FACE_BOUND('',#4665,.F.);
#4665 = EDGE_LOOP('',(#4666,#4667,#4668,#4669));
#4666 = ORIENTED_EDGE('',*,*,#3633,.F.);
#4667 = ORIENTED_EDGE('',*,*,#3322,.F.);
#4668 = ORIENTED_EDGE('',*,*,#3459,.T.);
#4669 = ORIENTED_EDGE('',*,*,#4670,.F.);
#4670 = EDGE_CURVE('',#3625,#3451,#4671,.T.);
#4671 = LINE('',#4672,#4673);
#4672 = CARTESIAN_POINT('',(0.15,-0.35,-0.457437037472));
#4673 = VECTOR('',#4674,1.);
#4674 = DIRECTION('',(0.,1.,3.330669073875E-16));
#4675 = PLANE('',#4676);
#4676 = AXIS2_PLACEMENT_3D('',#4677,#4678,#4679);
#4677 = CARTESIAN_POINT('',(0.15,-0.35,1.5));
#4678 = DIRECTION('',(-1.,0.,-0.));
#4679 = DIRECTION('',(0.,5.551115123126E-16,-1.));
#4680 = ADVANCED_FACE('',(#4681),#4692,.T.);
#4681 = FACE_BOUND('',#4682,.T.);
#4682 = EDGE_LOOP('',(#4683,#4684,#4685,#4686));
#4683 = ORIENTED_EDGE('',*,*,#4560,.F.);
#4684 = ORIENTED_EDGE('',*,*,#3333,.T.);
#4685 = ORIENTED_EDGE('',*,*,#4410,.T.);
#4686 = ORIENTED_EDGE('',*,*,#4687,.F.);
#4687 = EDGE_CURVE('',#4552,#4402,#4688,.T.);
#4688 = LINE('',#4689,#4690);
#4689 = CARTESIAN_POINT('',(6.15,-0.35,-0.457437037472));
#4690 = VECTOR('',#4691,1.);
#4691 = DIRECTION('',(0.,1.,3.330669073875E-16));
#4692 = PLANE('',#4693);
#4693 = AXIS2_PLACEMENT_3D('',#4694,#4695,#4696);
#4694 = CARTESIAN_POINT('',(6.15,-0.35,1.5));
#4695 = DIRECTION('',(-1.,0.,-0.));
#4696 = DIRECTION('',(0.,5.551115123126E-16,-1.));
#4697 = ADVANCED_FACE('',(#4698),#4714,.T.);
#4698 = FACE_BOUND('',#4699,.T.);
#4699 = EDGE_LOOP('',(#4700,#4701,#4707,#4708));
#4700 = ORIENTED_EDGE('',*,*,#3530,.F.);
#4701 = ORIENTED_EDGE('',*,*,#4702,.T.);
#4702 = EDGE_CURVE('',#3531,#3357,#4703,.T.);
#4703 = LINE('',#4704,#4705);
#4704 = CARTESIAN_POINT('',(-0.162230377286,-0.35,-0.540767924286));
#4705 = VECTOR('',#4706,1.);
#4706 = DIRECTION('',(0.,1.,3.330669073875E-16));
#4707 = ORIENTED_EDGE('',*,*,#3356,.T.);
#4708 = ORIENTED_EDGE('',*,*,#4709,.F.);
#4709 = EDGE_CURVE('',#3533,#3359,#4710,.T.);
#4710 = LINE('',#4711,#4712);
#4711 = CARTESIAN_POINT('',(-0.425000733956,-0.35,-1.416669113186));
#4712 = VECTOR('',#4713,1.);
#4713 = DIRECTION('',(0.,1.,3.330669073875E-16));
#4714 = PLANE('',#4715);
#4715 = AXIS2_PLACEMENT_3D('',#4716,#4717,#4718);
#4716 = CARTESIAN_POINT('',(-0.15,-0.35,-0.5));
#4717 = DIRECTION('',(-0.957826285221,-9.570607158995E-17,0.287347885566
    ));
#4718 = DIRECTION('',(-0.287347885566,5.31700397722E-16,-0.957826285221)
  );
#4719 = ADVANCED_FACE('',(#4720),#4731,.F.);
#4720 = FACE_BOUND('',#4721,.F.);
#4721 = EDGE_LOOP('',(#4722,#4723,#4724,#4730));
#4722 = ORIENTED_EDGE('',*,*,#4702,.T.);
#4723 = ORIENTED_EDGE('',*,*,#3491,.T.);
#4724 = ORIENTED_EDGE('',*,*,#4725,.F.);
#4725 = EDGE_CURVE('',#3651,#3484,#4726,.T.);
#4726 = LINE('',#4727,#4728);
#4727 = CARTESIAN_POINT('',(-0.15,-0.35,-0.457437037472));
#4728 = VECTOR('',#4729,1.);
#4729 = DIRECTION('',(0.,1.,3.330669073875E-16));
#4730 = ORIENTED_EDGE('',*,*,#3658,.F.);
#4731 = CYLINDRICAL_SURFACE('',#4732,0.29);
#4732 = AXIS2_PLACEMENT_3D('',#4733,#4734,#4735);
#4733 = CARTESIAN_POINT('',(-0.44,-0.35,-0.457437037472));
#4734 = DIRECTION('',(0.,1.,3.330669073875E-16));
#4735 = DIRECTION('',(0.957826285221,9.570607158983E-17,-0.287347885566)
  );
#4736 = ADVANCED_FACE('',(#4737),#4748,.T.);
#4737 = FACE_BOUND('',#4738,.T.);
#4738 = EDGE_LOOP('',(#4739,#4740,#4741,#4747));
#4739 = ORIENTED_EDGE('',*,*,#4709,.T.);
#4740 = ORIENTED_EDGE('',*,*,#3366,.T.);
#4741 = ORIENTED_EDGE('',*,*,#4742,.F.);
#4742 = EDGE_CURVE('',#3541,#3367,#4743,.T.);
#4743 = LINE('',#4744,#4745);
#4744 = CARTESIAN_POINT('',(-0.425000733956,-0.35,-1.583330886814));
#4745 = VECTOR('',#4746,1.);
#4746 = DIRECTION('',(0.,1.,3.330669073875E-16));
#4747 = ORIENTED_EDGE('',*,*,#3540,.F.);
#4748 = CYLINDRICAL_SURFACE('',#4749,0.29);
#4749 = AXIS2_PLACEMENT_3D('',#4750,#4751,#4752);
#4750 = CARTESIAN_POINT('',(-0.147231111242,-0.35,-1.5));
#4751 = DIRECTION('',(0.,1.,3.330669073875E-16));
#4752 = DIRECTION('',(-0.957826285221,-9.570607158983E-17,0.287347885566
    ));
#4753 = ADVANCED_FACE('',(#4754),#4765,.F.);
#4754 = FACE_BOUND('',#4755,.F.);
#4755 = EDGE_LOOP('',(#4756,#4757,#4758,#4759));
#4756 = ORIENTED_EDGE('',*,*,#3650,.F.);
#4757 = ORIENTED_EDGE('',*,*,#4725,.T.);
#4758 = ORIENTED_EDGE('',*,*,#3483,.T.);
#4759 = ORIENTED_EDGE('',*,*,#4760,.F.);
#4760 = EDGE_CURVE('',#3642,#3475,#4761,.T.);
#4761 = LINE('',#4762,#4763);
#4762 = CARTESIAN_POINT('',(-0.15,-0.35,1.21));
#4763 = VECTOR('',#4764,1.);
#4764 = DIRECTION('',(0.,1.,3.330669073875E-16));
#4765 = PLANE('',#4766);
#4766 = AXIS2_PLACEMENT_3D('',#4767,#4768,#4769);
#4767 = CARTESIAN_POINT('',(-0.15,-0.35,-0.5));
#4768 = DIRECTION('',(1.,0.,0.));
#4769 = DIRECTION('',(0.,-5.551115123126E-16,1.));
#4770 = ADVANCED_FACE('',(#4771),#4782,.T.);
#4771 = FACE_BOUND('',#4772,.T.);
#4772 = EDGE_LOOP('',(#4773,#4774,#4775,#4776));
#4773 = ORIENTED_EDGE('',*,*,#3549,.F.);
#4774 = ORIENTED_EDGE('',*,*,#4742,.T.);
#4775 = ORIENTED_EDGE('',*,*,#3375,.T.);
#4776 = ORIENTED_EDGE('',*,*,#4777,.F.);
#4777 = EDGE_CURVE('',#3550,#3376,#4778,.T.);
#4778 = LINE('',#4779,#4780);
#4779 = CARTESIAN_POINT('',(-0.162230377286,-0.35,-2.459232075714));
#4780 = VECTOR('',#4781,1.);
#4781 = DIRECTION('',(0.,1.,3.330669073875E-16));
#4782 = PLANE('',#4783);
#4783 = AXIS2_PLACEMENT_3D('',#4784,#4785,#4786);
#4784 = CARTESIAN_POINT('',(-0.45,-0.35,-1.5));
#4785 = DIRECTION('',(-0.957826285221,9.570607158995E-17,-0.287347885566
    ));
#4786 = DIRECTION('',(0.287347885566,5.31700397722E-16,-0.957826285221)
  );
#4787 = ADVANCED_FACE('',(#4788),#4794,.T.);
#4788 = FACE_BOUND('',#4789,.T.);
#4789 = EDGE_LOOP('',(#4790,#4791,#4792,#4793));
#4790 = ORIENTED_EDGE('',*,*,#3641,.T.);
#4791 = ORIENTED_EDGE('',*,*,#3514,.T.);
#4792 = ORIENTED_EDGE('',*,*,#3474,.F.);
#4793 = ORIENTED_EDGE('',*,*,#4760,.F.);
#4794 = CYLINDRICAL_SURFACE('',#4795,0.29);
#4795 = AXIS2_PLACEMENT_3D('',#4796,#4797,#4798);
#4796 = CARTESIAN_POINT('',(0.14,-0.35,1.21));
#4797 = DIRECTION('',(0.,1.,3.330669073875E-16));
#4798 = DIRECTION('',(-1.,0.,0.));
#4799 = ADVANCED_FACE('',(#4800),#4811,.F.);
#4800 = FACE_BOUND('',#4801,.F.);
#4801 = EDGE_LOOP('',(#4802,#4808,#4809,#4810));
#4802 = ORIENTED_EDGE('',*,*,#4803,.T.);
#4803 = EDGE_CURVE('',#3558,#3384,#4804,.T.);
#4804 = LINE('',#4805,#4806);
#4805 = CARTESIAN_POINT('',(-0.15,-0.35,-2.542562962528));
#4806 = VECTOR('',#4807,1.);
#4807 = DIRECTION('',(0.,1.,3.330669073875E-16));
#4808 = ORIENTED_EDGE('',*,*,#3383,.T.);
#4809 = ORIENTED_EDGE('',*,*,#4777,.F.);
#4810 = ORIENTED_EDGE('',*,*,#3557,.F.);
#4811 = CYLINDRICAL_SURFACE('',#4812,0.29);
#4812 = AXIS2_PLACEMENT_3D('',#4813,#4814,#4815);
#4813 = CARTESIAN_POINT('',(-0.44,-0.35,-2.542562962528));
#4814 = DIRECTION('',(0.,1.,3.330669073875E-16));
#4815 = DIRECTION('',(1.,0.,-0.));
#4816 = ADVANCED_FACE('',(#4817),#4828,.F.);
#4817 = FACE_BOUND('',#4818,.F.);
#4818 = EDGE_LOOP('',(#4819,#4820,#4826,#4827));
#4819 = ORIENTED_EDGE('',*,*,#3566,.F.);
#4820 = ORIENTED_EDGE('',*,*,#4821,.T.);
#4821 = EDGE_CURVE('',#3567,#3393,#4822,.T.);
#4822 = LINE('',#4823,#4824);
#4823 = CARTESIAN_POINT('',(-0.15,-0.35,-3.5));
#4824 = VECTOR('',#4825,1.);
#4825 = DIRECTION('',(0.,1.,3.330669073875E-16));
#4826 = ORIENTED_EDGE('',*,*,#3392,.T.);
#4827 = ORIENTED_EDGE('',*,*,#4803,.F.);
#4828 = PLANE('',#4829);
#4829 = AXIS2_PLACEMENT_3D('',#4830,#4831,#4832);
#4830 = CARTESIAN_POINT('',(-0.15,-0.35,-3.5));
#4831 = DIRECTION('',(1.,0.,0.));
#4832 = DIRECTION('',(0.,-5.551115123126E-16,1.));
#4833 = ADVANCED_FACE('',(#4834),#4845,.F.);
#4834 = FACE_BOUND('',#4835,.F.);
#4835 = EDGE_LOOP('',(#4836,#4842,#4843,#4844));
#4836 = ORIENTED_EDGE('',*,*,#4837,.T.);
#4837 = EDGE_CURVE('',#3575,#3401,#4838,.T.);
#4838 = LINE('',#4839,#4840);
#4839 = CARTESIAN_POINT('',(0.15,-0.35,-3.5));
#4840 = VECTOR('',#4841,1.);
#4841 = DIRECTION('',(0.,1.,3.330669073875E-16));
#4842 = ORIENTED_EDGE('',*,*,#3400,.T.);
#4843 = ORIENTED_EDGE('',*,*,#4821,.F.);
#4844 = ORIENTED_EDGE('',*,*,#3574,.F.);
#4845 = PLANE('',#4846);
#4846 = AXIS2_PLACEMENT_3D('',#4847,#4848,#4849);
#4847 = CARTESIAN_POINT('',(0.15,-0.35,-3.5));
#4848 = DIRECTION('',(0.,-3.330669073875E-16,1.));
#4849 = DIRECTION('',(-1.,0.,0.));
#4850 = ADVANCED_FACE('',(#4851),#4862,.F.);
#4851 = FACE_BOUND('',#4852,.F.);
#4852 = EDGE_LOOP('',(#4853,#4854,#4860,#4861));
#4853 = ORIENTED_EDGE('',*,*,#3582,.F.);
#4854 = ORIENTED_EDGE('',*,*,#4855,.T.);
#4855 = EDGE_CURVE('',#3583,#3409,#4856,.T.);
#4856 = LINE('',#4857,#4858);
#4857 = CARTESIAN_POINT('',(0.15,-0.35,-2.542562962528));
#4858 = VECTOR('',#4859,1.);
#4859 = DIRECTION('',(0.,1.,3.330669073875E-16));
#4860 = ORIENTED_EDGE('',*,*,#3408,.T.);
#4861 = ORIENTED_EDGE('',*,*,#4837,.F.);
#4862 = PLANE('',#4863);
#4863 = AXIS2_PLACEMENT_3D('',#4864,#4865,#4866);
#4864 = CARTESIAN_POINT('',(0.15,-0.35,-2.5));
#4865 = DIRECTION('',(-1.,0.,-0.));
#4866 = DIRECTION('',(0.,5.551115123126E-16,-1.));
#4867 = ADVANCED_FACE('',(#4868),#4879,.T.);
#4868 = FACE_BOUND('',#4869,.T.);
#4869 = EDGE_LOOP('',(#4870,#4871,#4877,#4878));
#4870 = ORIENTED_EDGE('',*,*,#3624,.T.);
#4871 = ORIENTED_EDGE('',*,*,#4872,.T.);
#4872 = EDGE_CURVE('',#3617,#3443,#4873,.T.);
#4873 = LINE('',#4874,#4875);
#4874 = CARTESIAN_POINT('',(0.137769622714,-0.35,-0.540767924286));
#4875 = VECTOR('',#4876,1.);
#4876 = DIRECTION('',(0.,1.,3.330669073875E-16));
#4877 = ORIENTED_EDGE('',*,*,#3450,.F.);
#4878 = ORIENTED_EDGE('',*,*,#4670,.F.);
#4879 = CYLINDRICAL_SURFACE('',#4880,0.29);
#4880 = AXIS2_PLACEMENT_3D('',#4881,#4882,#4883);
#4881 = CARTESIAN_POINT('',(-0.14,-0.35,-0.457437037472));
#4882 = DIRECTION('',(0.,1.,3.330669073875E-16));
#4883 = DIRECTION('',(1.,0.,-0.));
#4884 = ADVANCED_FACE('',(#4885),#4896,.T.);
#4885 = FACE_BOUND('',#4886,.T.);
#4886 = EDGE_LOOP('',(#4887,#4888,#4889,#4890));
#4887 = ORIENTED_EDGE('',*,*,#3590,.T.);
#4888 = ORIENTED_EDGE('',*,*,#4855,.T.);
#4889 = ORIENTED_EDGE('',*,*,#3416,.F.);
#4890 = ORIENTED_EDGE('',*,*,#4891,.F.);
#4891 = EDGE_CURVE('',#3591,#3417,#4892,.T.);
#4892 = LINE('',#4893,#4894);
#4893 = CARTESIAN_POINT('',(0.137769622714,-0.35,-2.459232075714));
#4894 = VECTOR('',#4895,1.);
#4895 = DIRECTION('',(0.,1.,3.330669073875E-16));
#4896 = CYLINDRICAL_SURFACE('',#4897,0.29);
#4897 = AXIS2_PLACEMENT_3D('',#4898,#4899,#4900);
#4898 = CARTESIAN_POINT('',(-0.14,-0.35,-2.542562962528));
#4899 = DIRECTION('',(0.,1.,3.330669073875E-16));
#4900 = DIRECTION('',(0.957826285221,-9.570607158983E-17,0.287347885566)
  );
#4901 = ADVANCED_FACE('',(#4902),#4913,.T.);
#4902 = FACE_BOUND('',#4903,.T.);
#4903 = EDGE_LOOP('',(#4904,#4905,#4911,#4912));
#4904 = ORIENTED_EDGE('',*,*,#3616,.F.);
#4905 = ORIENTED_EDGE('',*,*,#4906,.T.);
#4906 = EDGE_CURVE('',#3608,#3434,#4907,.T.);
#4907 = LINE('',#4908,#4909);
#4908 = CARTESIAN_POINT('',(-0.125000733956,-0.35,-1.416669113186));
#4909 = VECTOR('',#4910,1.);
#4910 = DIRECTION('',(0.,1.,3.330669073875E-16));
#4911 = ORIENTED_EDGE('',*,*,#3442,.T.);
#4912 = ORIENTED_EDGE('',*,*,#4872,.F.);
#4913 = PLANE('',#4914);
#4914 = AXIS2_PLACEMENT_3D('',#4915,#4916,#4917);
#4915 = CARTESIAN_POINT('',(-0.15,-0.35,-1.5));
#4916 = DIRECTION('',(0.957826285221,9.570607158995E-17,-0.287347885566)
  );
#4917 = DIRECTION('',(0.287347885566,-5.31700397722E-16,0.957826285221)
  );
#4918 = ADVANCED_FACE('',(#4919),#4930,.T.);
#4919 = FACE_BOUND('',#4920,.T.);
#4920 = EDGE_LOOP('',(#4921,#4922,#4923,#4924));
#4921 = ORIENTED_EDGE('',*,*,#3599,.F.);
#4922 = ORIENTED_EDGE('',*,*,#4891,.T.);
#4923 = ORIENTED_EDGE('',*,*,#3425,.T.);
#4924 = ORIENTED_EDGE('',*,*,#4925,.F.);
#4925 = EDGE_CURVE('',#3600,#3426,#4926,.T.);
#4926 = LINE('',#4927,#4928);
#4927 = CARTESIAN_POINT('',(-0.125000733956,-0.35,-1.583330886814));
#4928 = VECTOR('',#4929,1.);
#4929 = DIRECTION('',(0.,1.,3.330669073875E-16));
#4930 = PLANE('',#4931);
#4931 = AXIS2_PLACEMENT_3D('',#4932,#4933,#4934);
#4932 = CARTESIAN_POINT('',(0.15,-0.35,-2.5));
#4933 = DIRECTION('',(0.957826285221,-9.570607158995E-17,0.287347885566)
  );
#4934 = DIRECTION('',(-0.287347885566,-5.31700397722E-16,0.957826285221)
  );
#4935 = ADVANCED_FACE('',(#4936),#4942,.F.);
#4936 = FACE_BOUND('',#4937,.F.);
#4937 = EDGE_LOOP('',(#4938,#4939,#4940,#4941));
#4938 = ORIENTED_EDGE('',*,*,#4906,.T.);
#4939 = ORIENTED_EDGE('',*,*,#3433,.T.);
#4940 = ORIENTED_EDGE('',*,*,#4925,.F.);
#4941 = ORIENTED_EDGE('',*,*,#3607,.F.);
#4942 = CYLINDRICAL_SURFACE('',#4943,0.29);
#4943 = AXIS2_PLACEMENT_3D('',#4944,#4945,#4946);
#4944 = CARTESIAN_POINT('',(0.152768888758,-0.35,-1.5));
#4945 = DIRECTION('',(0.,1.,3.330669073875E-16));
#4946 = DIRECTION('',(-0.957826285221,-9.570607158983E-17,0.287347885566
    ));
#4947 = ADVANCED_FACE('',(#4948),#4964,.T.);
#4948 = FACE_BOUND('',#4949,.T.);
#4949 = EDGE_LOOP('',(#4950,#4951,#4957,#4958));
#4950 = ORIENTED_EDGE('',*,*,#3673,.F.);
#4951 = ORIENTED_EDGE('',*,*,#4952,.T.);
#4952 = EDGE_CURVE('',#3674,#3824,#4953,.T.);
#4953 = LINE('',#4954,#4955);
#4954 = CARTESIAN_POINT('',(-0.162230377286,-4.85,-0.540767924286));
#4955 = VECTOR('',#4956,1.);
#4956 = DIRECTION('',(0.,1.,3.330669073875E-16));
#4957 = ORIENTED_EDGE('',*,*,#3823,.T.);
#4958 = ORIENTED_EDGE('',*,*,#4959,.F.);
#4959 = EDGE_CURVE('',#3676,#3826,#4960,.T.);
#4960 = LINE('',#4961,#4962);
#4961 = CARTESIAN_POINT('',(-0.425000733956,-4.85,-1.416669113186));
#4962 = VECTOR('',#4963,1.);
#4963 = DIRECTION('',(0.,1.,3.330669073875E-16));
#4964 = PLANE('',#4965);
#4965 = AXIS2_PLACEMENT_3D('',#4966,#4967,#4968);
#4966 = CARTESIAN_POINT('',(-0.15,-4.85,-0.5));
#4967 = DIRECTION('',(-0.957826285221,-9.570607158995E-17,0.287347885566
    ));
#4968 = DIRECTION('',(-0.287347885566,5.31700397722E-16,-0.957826285221)
  );
#4969 = ADVANCED_FACE('',(#4970),#4981,.F.);
#4970 = FACE_BOUND('',#4971,.F.);
#4971 = EDGE_LOOP('',(#4972,#4973,#4974,#4980));
#4972 = ORIENTED_EDGE('',*,*,#4952,.T.);
#4973 = ORIENTED_EDGE('',*,*,#3958,.T.);
#4974 = ORIENTED_EDGE('',*,*,#4975,.F.);
#4975 = EDGE_CURVE('',#3801,#3951,#4976,.T.);
#4976 = LINE('',#4977,#4978);
#4977 = CARTESIAN_POINT('',(-0.15,-4.85,-0.457437037472));
#4978 = VECTOR('',#4979,1.);
#4979 = DIRECTION('',(0.,1.,3.330669073875E-16));
#4980 = ORIENTED_EDGE('',*,*,#3808,.F.);
#4981 = CYLINDRICAL_SURFACE('',#4982,0.29);
#4982 = AXIS2_PLACEMENT_3D('',#4983,#4984,#4985);
#4983 = CARTESIAN_POINT('',(-0.44,-4.85,-0.457437037472));
#4984 = DIRECTION('',(0.,1.,3.330669073875E-16));
#4985 = DIRECTION('',(0.957826285221,9.570607158983E-17,-0.287347885566)
  );
#4986 = ADVANCED_FACE('',(#4987),#4998,.T.);
#4987 = FACE_BOUND('',#4988,.T.);
#4988 = EDGE_LOOP('',(#4989,#4990,#4991,#4997));
#4989 = ORIENTED_EDGE('',*,*,#4959,.T.);
#4990 = ORIENTED_EDGE('',*,*,#3833,.T.);
#4991 = ORIENTED_EDGE('',*,*,#4992,.F.);
#4992 = EDGE_CURVE('',#3684,#3834,#4993,.T.);
#4993 = LINE('',#4994,#4995);
#4994 = CARTESIAN_POINT('',(-0.425000733956,-4.85,-1.583330886814));
#4995 = VECTOR('',#4996,1.);
#4996 = DIRECTION('',(0.,1.,3.330669073875E-16));
#4997 = ORIENTED_EDGE('',*,*,#3683,.F.);
#4998 = CYLINDRICAL_SURFACE('',#4999,0.29);
#4999 = AXIS2_PLACEMENT_3D('',#5000,#5001,#5002);
#5000 = CARTESIAN_POINT('',(-0.147231111242,-4.85,-1.5));
#5001 = DIRECTION('',(0.,1.,3.330669073875E-16));
#5002 = DIRECTION('',(-0.957826285221,-9.570607158983E-17,0.287347885566
    ));
#5003 = ADVANCED_FACE('',(#5004),#5015,.F.);
#5004 = FACE_BOUND('',#5005,.F.);
#5005 = EDGE_LOOP('',(#5006,#5007,#5008,#5009));
#5006 = ORIENTED_EDGE('',*,*,#3800,.F.);
#5007 = ORIENTED_EDGE('',*,*,#4975,.T.);
#5008 = ORIENTED_EDGE('',*,*,#3950,.T.);
#5009 = ORIENTED_EDGE('',*,*,#5010,.F.);
#5010 = EDGE_CURVE('',#3792,#3942,#5011,.T.);
#5011 = LINE('',#5012,#5013);
#5012 = CARTESIAN_POINT('',(-0.15,-4.85,1.21));
#5013 = VECTOR('',#5014,1.);
#5014 = DIRECTION('',(0.,1.,3.330669073875E-16));
#5015 = PLANE('',#5016);
#5016 = AXIS2_PLACEMENT_3D('',#5017,#5018,#5019);
#5017 = CARTESIAN_POINT('',(-0.15,-4.85,-0.5));
#5018 = DIRECTION('',(1.,0.,0.));
#5019 = DIRECTION('',(0.,-5.551115123126E-16,1.));
#5020 = ADVANCED_FACE('',(#5021),#5032,.T.);
#5021 = FACE_BOUND('',#5022,.T.);
#5022 = EDGE_LOOP('',(#5023,#5024,#5025,#5026));
#5023 = ORIENTED_EDGE('',*,*,#3692,.F.);
#5024 = ORIENTED_EDGE('',*,*,#4992,.T.);
#5025 = ORIENTED_EDGE('',*,*,#3842,.T.);
#5026 = ORIENTED_EDGE('',*,*,#5027,.F.);
#5027 = EDGE_CURVE('',#3693,#3843,#5028,.T.);
#5028 = LINE('',#5029,#5030);
#5029 = CARTESIAN_POINT('',(-0.162230377286,-4.85,-2.459232075714));
#5030 = VECTOR('',#5031,1.);
#5031 = DIRECTION('',(0.,1.,3.330669073875E-16));
#5032 = PLANE('',#5033);
#5033 = AXIS2_PLACEMENT_3D('',#5034,#5035,#5036);
#5034 = CARTESIAN_POINT('',(-0.45,-4.85,-1.5));
#5035 = DIRECTION('',(-0.957826285221,9.570607158995E-17,-0.287347885566
    ));
#5036 = DIRECTION('',(0.287347885566,5.31700397722E-16,-0.957826285221)
  );
#5037 = ADVANCED_FACE('',(#5038),#5044,.T.);
#5038 = FACE_BOUND('',#5039,.T.);
#5039 = EDGE_LOOP('',(#5040,#5041,#5042,#5043));
#5040 = ORIENTED_EDGE('',*,*,#3791,.T.);
#5041 = ORIENTED_EDGE('',*,*,#3974,.T.);
#5042 = ORIENTED_EDGE('',*,*,#3941,.F.);
#5043 = ORIENTED_EDGE('',*,*,#5010,.F.);
#5044 = CYLINDRICAL_SURFACE('',#5045,0.29);
#5045 = AXIS2_PLACEMENT_3D('',#5046,#5047,#5048);
#5046 = CARTESIAN_POINT('',(0.14,-4.85,1.21));
#5047 = DIRECTION('',(0.,1.,3.330669073875E-16));
#5048 = DIRECTION('',(-1.,0.,0.));
#5049 = ADVANCED_FACE('',(#5050),#5061,.F.);
#5050 = FACE_BOUND('',#5051,.F.);
#5051 = EDGE_LOOP('',(#5052,#5058,#5059,#5060));
#5052 = ORIENTED_EDGE('',*,*,#5053,.T.);
#5053 = EDGE_CURVE('',#3701,#3851,#5054,.T.);
#5054 = LINE('',#5055,#5056);
#5055 = CARTESIAN_POINT('',(-0.15,-4.85,-2.542562962528));
#5056 = VECTOR('',#5057,1.);
#5057 = DIRECTION('',(0.,1.,3.330669073875E-16));
#5058 = ORIENTED_EDGE('',*,*,#3850,.T.);
#5059 = ORIENTED_EDGE('',*,*,#5027,.F.);
#5060 = ORIENTED_EDGE('',*,*,#3700,.F.);
#5061 = CYLINDRICAL_SURFACE('',#5062,0.29);
#5062 = AXIS2_PLACEMENT_3D('',#5063,#5064,#5065);
#5063 = CARTESIAN_POINT('',(-0.44,-4.85,-2.542562962528));
#5064 = DIRECTION('',(0.,1.,3.330669073875E-16));
#5065 = DIRECTION('',(1.,0.,-0.));
#5066 = ADVANCED_FACE('',(#5067),#5078,.F.);
#5067 = FACE_BOUND('',#5068,.F.);
#5068 = EDGE_LOOP('',(#5069,#5070,#5076,#5077));
#5069 = ORIENTED_EDGE('',*,*,#3709,.F.);
#5070 = ORIENTED_EDGE('',*,*,#5071,.T.);
#5071 = EDGE_CURVE('',#3710,#3860,#5072,.T.);
#5072 = LINE('',#5073,#5074);
#5073 = CARTESIAN_POINT('',(-0.15,-4.85,-3.5));
#5074 = VECTOR('',#5075,1.);
#5075 = DIRECTION('',(0.,1.,3.330669073875E-16));
#5076 = ORIENTED_EDGE('',*,*,#3859,.T.);
#5077 = ORIENTED_EDGE('',*,*,#5053,.F.);
#5078 = PLANE('',#5079);
#5079 = AXIS2_PLACEMENT_3D('',#5080,#5081,#5082);
#5080 = CARTESIAN_POINT('',(-0.15,-4.85,-3.5));
#5081 = DIRECTION('',(1.,0.,0.));
#5082 = DIRECTION('',(0.,-5.551115123126E-16,1.));
#5083 = ADVANCED_FACE('',(#5084),#5095,.F.);
#5084 = FACE_BOUND('',#5085,.F.);
#5085 = EDGE_LOOP('',(#5086,#5092,#5093,#5094));
#5086 = ORIENTED_EDGE('',*,*,#5087,.T.);
#5087 = EDGE_CURVE('',#3718,#3868,#5088,.T.);
#5088 = LINE('',#5089,#5090);
#5089 = CARTESIAN_POINT('',(0.15,-4.85,-3.5));
#5090 = VECTOR('',#5091,1.);
#5091 = DIRECTION('',(0.,1.,3.330669073875E-16));
#5092 = ORIENTED_EDGE('',*,*,#3867,.T.);
#5093 = ORIENTED_EDGE('',*,*,#5071,.F.);
#5094 = ORIENTED_EDGE('',*,*,#3717,.F.);
#5095 = PLANE('',#5096);
#5096 = AXIS2_PLACEMENT_3D('',#5097,#5098,#5099);
#5097 = CARTESIAN_POINT('',(0.15,-4.85,-3.5));
#5098 = DIRECTION('',(0.,-3.330669073875E-16,1.));
#5099 = DIRECTION('',(-1.,0.,0.));
#5100 = ADVANCED_FACE('',(#5101),#5112,.F.);
#5101 = FACE_BOUND('',#5102,.F.);
#5102 = EDGE_LOOP('',(#5103,#5104,#5110,#5111));
#5103 = ORIENTED_EDGE('',*,*,#3725,.F.);
#5104 = ORIENTED_EDGE('',*,*,#5105,.T.);
#5105 = EDGE_CURVE('',#3726,#3876,#5106,.T.);
#5106 = LINE('',#5107,#5108);
#5107 = CARTESIAN_POINT('',(0.15,-4.85,-2.542562962528));
#5108 = VECTOR('',#5109,1.);
#5109 = DIRECTION('',(0.,1.,3.330669073875E-16));
#5110 = ORIENTED_EDGE('',*,*,#3875,.T.);
#5111 = ORIENTED_EDGE('',*,*,#5087,.F.);
#5112 = PLANE('',#5113);
#5113 = AXIS2_PLACEMENT_3D('',#5114,#5115,#5116);
#5114 = CARTESIAN_POINT('',(0.15,-4.85,-2.5));
#5115 = DIRECTION('',(-1.,0.,-0.));
#5116 = DIRECTION('',(0.,5.551115123126E-16,-1.));
#5117 = ADVANCED_FACE('',(#5118),#5129,.T.);
#5118 = FACE_BOUND('',#5119,.T.);
#5119 = EDGE_LOOP('',(#5120,#5121,#5127,#5128));
#5120 = ORIENTED_EDGE('',*,*,#3767,.T.);
#5121 = ORIENTED_EDGE('',*,*,#5122,.T.);
#5122 = EDGE_CURVE('',#3760,#3910,#5123,.T.);
#5123 = LINE('',#5124,#5125);
#5124 = CARTESIAN_POINT('',(0.137769622714,-4.85,-0.540767924286));
#5125 = VECTOR('',#5126,1.);
#5126 = DIRECTION('',(0.,1.,3.330669073875E-16));
#5127 = ORIENTED_EDGE('',*,*,#3917,.F.);
#5128 = ORIENTED_EDGE('',*,*,#4636,.F.);
#5129 = CYLINDRICAL_SURFACE('',#5130,0.29);
#5130 = AXIS2_PLACEMENT_3D('',#5131,#5132,#5133);
#5131 = CARTESIAN_POINT('',(-0.14,-4.85,-0.457437037472));
#5132 = DIRECTION('',(0.,1.,3.330669073875E-16));
#5133 = DIRECTION('',(1.,0.,-0.));
#5134 = ADVANCED_FACE('',(#5135),#5146,.T.);
#5135 = FACE_BOUND('',#5136,.T.);
#5136 = EDGE_LOOP('',(#5137,#5138,#5139,#5140));
#5137 = ORIENTED_EDGE('',*,*,#3733,.T.);
#5138 = ORIENTED_EDGE('',*,*,#5105,.T.);
#5139 = ORIENTED_EDGE('',*,*,#3883,.F.);
#5140 = ORIENTED_EDGE('',*,*,#5141,.F.);
#5141 = EDGE_CURVE('',#3734,#3884,#5142,.T.);
#5142 = LINE('',#5143,#5144);
#5143 = CARTESIAN_POINT('',(0.137769622714,-4.85,-2.459232075714));
#5144 = VECTOR('',#5145,1.);
#5145 = DIRECTION('',(0.,1.,3.330669073875E-16));
#5146 = CYLINDRICAL_SURFACE('',#5147,0.29);
#5147 = AXIS2_PLACEMENT_3D('',#5148,#5149,#5150);
#5148 = CARTESIAN_POINT('',(-0.14,-4.85,-2.542562962528));
#5149 = DIRECTION('',(0.,1.,3.330669073875E-16));
#5150 = DIRECTION('',(0.957826285221,-9.570607158983E-17,0.287347885566)
  );
#5151 = ADVANCED_FACE('',(#5152),#5163,.T.);
#5152 = FACE_BOUND('',#5153,.T.);
#5153 = EDGE_LOOP('',(#5154,#5155,#5161,#5162));
#5154 = ORIENTED_EDGE('',*,*,#3759,.F.);
#5155 = ORIENTED_EDGE('',*,*,#5156,.T.);
#5156 = EDGE_CURVE('',#3751,#3901,#5157,.T.);
#5157 = LINE('',#5158,#5159);
#5158 = CARTESIAN_POINT('',(-0.125000733956,-4.85,-1.416669113186));
#5159 = VECTOR('',#5160,1.);
#5160 = DIRECTION('',(0.,1.,3.330669073875E-16));
#5161 = ORIENTED_EDGE('',*,*,#3909,.T.);
#5162 = ORIENTED_EDGE('',*,*,#5122,.F.);
#5163 = PLANE('',#5164);
#5164 = AXIS2_PLACEMENT_3D('',#5165,#5166,#5167);
#5165 = CARTESIAN_POINT('',(-0.15,-4.85,-1.5));
#5166 = DIRECTION('',(0.957826285221,9.570607158995E-17,-0.287347885566)
  );
#5167 = DIRECTION('',(0.287347885566,-5.31700397722E-16,0.957826285221)
  );
#5168 = ADVANCED_FACE('',(#5169),#5180,.T.);
#5169 = FACE_BOUND('',#5170,.T.);
#5170 = EDGE_LOOP('',(#5171,#5172,#5173,#5174));
#5171 = ORIENTED_EDGE('',*,*,#3742,.F.);
#5172 = ORIENTED_EDGE('',*,*,#5141,.T.);
#5173 = ORIENTED_EDGE('',*,*,#3892,.T.);
#5174 = ORIENTED_EDGE('',*,*,#5175,.F.);
#5175 = EDGE_CURVE('',#3743,#3893,#5176,.T.);
#5176 = LINE('',#5177,#5178);
#5177 = CARTESIAN_POINT('',(-0.125000733956,-4.85,-1.583330886814));
#5178 = VECTOR('',#5179,1.);
#5179 = DIRECTION('',(0.,1.,3.330669073875E-16));
#5180 = PLANE('',#5181);
#5181 = AXIS2_PLACEMENT_3D('',#5182,#5183,#5184);
#5182 = CARTESIAN_POINT('',(0.15,-4.85,-2.5));
#5183 = DIRECTION('',(0.957826285221,-9.570607158995E-17,0.287347885566)
  );
#5184 = DIRECTION('',(-0.287347885566,-5.31700397722E-16,0.957826285221)
  );
#5185 = ADVANCED_FACE('',(#5186),#5192,.F.);
#5186 = FACE_BOUND('',#5187,.F.);
#5187 = EDGE_LOOP('',(#5188,#5189,#5190,#5191));
#5188 = ORIENTED_EDGE('',*,*,#5156,.T.);
#5189 = ORIENTED_EDGE('',*,*,#3900,.T.);
#5190 = ORIENTED_EDGE('',*,*,#5175,.F.);
#5191 = ORIENTED_EDGE('',*,*,#3750,.F.);
#5192 = CYLINDRICAL_SURFACE('',#5193,0.29);
#5193 = AXIS2_PLACEMENT_3D('',#5194,#5195,#5196);
#5194 = CARTESIAN_POINT('',(0.152768888758,-4.85,-1.5));
#5195 = DIRECTION('',(0.,1.,3.330669073875E-16));
#5196 = DIRECTION('',(-0.957826285221,-9.570607158983E-17,0.287347885566
    ));
#5197 = ADVANCED_FACE('',(#5198),#5214,.F.);
#5198 = FACE_BOUND('',#5199,.F.);
#5199 = EDGE_LOOP('',(#5200,#5201,#5207,#5208));
#5200 = ORIENTED_EDGE('',*,*,#3990,.F.);
#5201 = ORIENTED_EDGE('',*,*,#5202,.T.);
#5202 = EDGE_CURVE('',#3991,#4165,#5203,.T.);
#5203 = LINE('',#5204,#5205);
#5204 = CARTESIAN_POINT('',(6.462230377286,-4.85,-0.540767924286));
#5205 = VECTOR('',#5206,1.);
#5206 = DIRECTION('',(0.,1.,3.330669073875E-16));
#5207 = ORIENTED_EDGE('',*,*,#4164,.T.);
#5208 = ORIENTED_EDGE('',*,*,#5209,.F.);
#5209 = EDGE_CURVE('',#3993,#4167,#5210,.T.);
#5210 = LINE('',#5211,#5212);
#5211 = CARTESIAN_POINT('',(6.725000733956,-4.85,-1.416669113186));
#5212 = VECTOR('',#5213,1.);
#5213 = DIRECTION('',(0.,1.,3.330669073875E-16));
#5214 = PLANE('',#5215);
#5215 = AXIS2_PLACEMENT_3D('',#5216,#5217,#5218);
#5216 = CARTESIAN_POINT('',(6.45,-4.85,-0.5));
#5217 = DIRECTION('',(-0.957826285221,9.570607158995E-17,-0.287347885566
    ));
#5218 = DIRECTION('',(0.287347885566,5.31700397722E-16,-0.957826285221)
  );
#5219 = ADVANCED_FACE('',(#5220),#5231,.F.);
#5220 = FACE_BOUND('',#5221,.F.);
#5221 = EDGE_LOOP('',(#5222,#5223,#5229,#5230));
#5222 = ORIENTED_EDGE('',*,*,#4125,.T.);
#5223 = ORIENTED_EDGE('',*,*,#5224,.T.);
#5224 = EDGE_CURVE('',#4118,#4285,#5225,.T.);
#5225 = LINE('',#5226,#5227);
#5226 = CARTESIAN_POINT('',(6.45,-4.85,-0.457437037472));
#5227 = VECTOR('',#5228,1.);
#5228 = DIRECTION('',(0.,1.,3.330669073875E-16));
#5229 = ORIENTED_EDGE('',*,*,#4292,.F.);
#5230 = ORIENTED_EDGE('',*,*,#5202,.F.);
#5231 = CYLINDRICAL_SURFACE('',#5232,0.29);
#5232 = AXIS2_PLACEMENT_3D('',#5233,#5234,#5235);
#5233 = CARTESIAN_POINT('',(6.74,-4.85,-0.457437037472));
#5234 = DIRECTION('',(0.,1.,3.330669073875E-16));
#5235 = DIRECTION('',(-0.957826285221,9.570607158983E-17,-0.287347885566
    ));
#5236 = ADVANCED_FACE('',(#5237),#5248,.T.);
#5237 = FACE_BOUND('',#5238,.T.);
#5238 = EDGE_LOOP('',(#5239,#5240,#5246,#5247));
#5239 = ORIENTED_EDGE('',*,*,#4000,.T.);
#5240 = ORIENTED_EDGE('',*,*,#5241,.T.);
#5241 = EDGE_CURVE('',#4001,#4175,#5242,.T.);
#5242 = LINE('',#5243,#5244);
#5243 = CARTESIAN_POINT('',(6.725000733956,-4.85,-1.583330886814));
#5244 = VECTOR('',#5245,1.);
#5245 = DIRECTION('',(0.,1.,3.330669073875E-16));
#5246 = ORIENTED_EDGE('',*,*,#4174,.F.);
#5247 = ORIENTED_EDGE('',*,*,#5209,.F.);
#5248 = CYLINDRICAL_SURFACE('',#5249,0.29);
#5249 = AXIS2_PLACEMENT_3D('',#5250,#5251,#5252);
#5250 = CARTESIAN_POINT('',(6.447231111242,-4.85,-1.5));
#5251 = DIRECTION('',(0.,1.,3.330669073875E-16));
#5252 = DIRECTION('',(0.957826285221,-9.570607158983E-17,0.287347885566)
  );
#5253 = ADVANCED_FACE('',(#5254),#5265,.T.);
#5254 = FACE_BOUND('',#5255,.T.);
#5255 = EDGE_LOOP('',(#5256,#5257,#5258,#5259));
#5256 = ORIENTED_EDGE('',*,*,#4117,.F.);
#5257 = ORIENTED_EDGE('',*,*,#5224,.T.);
#5258 = ORIENTED_EDGE('',*,*,#4284,.T.);
#5259 = ORIENTED_EDGE('',*,*,#5260,.F.);
#5260 = EDGE_CURVE('',#4109,#4276,#5261,.T.);
#5261 = LINE('',#5262,#5263);
#5262 = CARTESIAN_POINT('',(6.45,-4.85,1.21));
#5263 = VECTOR('',#5264,1.);
#5264 = DIRECTION('',(0.,1.,3.330669073875E-16));
#5265 = PLANE('',#5266);
#5266 = AXIS2_PLACEMENT_3D('',#5267,#5268,#5269);
#5267 = CARTESIAN_POINT('',(6.45,-4.85,-0.5));
#5268 = DIRECTION('',(1.,0.,0.));
#5269 = DIRECTION('',(0.,-5.551115123126E-16,1.));
#5270 = ADVANCED_FACE('',(#5271),#5282,.F.);
#5271 = FACE_BOUND('',#5272,.F.);
#5272 = EDGE_LOOP('',(#5273,#5274,#5275,#5276));
#5273 = ORIENTED_EDGE('',*,*,#4009,.F.);
#5274 = ORIENTED_EDGE('',*,*,#5241,.T.);
#5275 = ORIENTED_EDGE('',*,*,#4183,.T.);
#5276 = ORIENTED_EDGE('',*,*,#5277,.F.);
#5277 = EDGE_CURVE('',#4010,#4184,#5278,.T.);
#5278 = LINE('',#5279,#5280);
#5279 = CARTESIAN_POINT('',(6.462230377286,-4.85,-2.459232075714));
#5280 = VECTOR('',#5281,1.);
#5281 = DIRECTION('',(0.,1.,3.330669073875E-16));
#5282 = PLANE('',#5283);
#5283 = AXIS2_PLACEMENT_3D('',#5284,#5285,#5286);
#5284 = CARTESIAN_POINT('',(6.75,-4.85,-1.5));
#5285 = DIRECTION('',(-0.957826285221,-9.570607158995E-17,0.287347885566
    ));
#5286 = DIRECTION('',(-0.287347885566,5.31700397722E-16,-0.957826285221)
  );
#5287 = ADVANCED_FACE('',(#5288),#5294,.T.);
#5288 = FACE_BOUND('',#5289,.T.);
#5289 = EDGE_LOOP('',(#5290,#5291,#5292,#5293));
#5290 = ORIENTED_EDGE('',*,*,#5260,.T.);
#5291 = ORIENTED_EDGE('',*,*,#4275,.T.);
#5292 = ORIENTED_EDGE('',*,*,#4141,.F.);
#5293 = ORIENTED_EDGE('',*,*,#4108,.F.);
#5294 = CYLINDRICAL_SURFACE('',#5295,0.29);
#5295 = AXIS2_PLACEMENT_3D('',#5296,#5297,#5298);
#5296 = CARTESIAN_POINT('',(6.16,-4.85,1.21));
#5297 = DIRECTION('',(0.,1.,3.330669073875E-16));
#5298 = DIRECTION('',(1.,0.,-0.));
#5299 = ADVANCED_FACE('',(#5300),#5311,.F.);
#5300 = FACE_BOUND('',#5301,.F.);
#5301 = EDGE_LOOP('',(#5302,#5303,#5304,#5305));
#5302 = ORIENTED_EDGE('',*,*,#4017,.T.);
#5303 = ORIENTED_EDGE('',*,*,#5277,.T.);
#5304 = ORIENTED_EDGE('',*,*,#4191,.F.);
#5305 = ORIENTED_EDGE('',*,*,#5306,.F.);
#5306 = EDGE_CURVE('',#4018,#4192,#5307,.T.);
#5307 = LINE('',#5308,#5309);
#5308 = CARTESIAN_POINT('',(6.45,-4.85,-2.542562962528));
#5309 = VECTOR('',#5310,1.);
#5310 = DIRECTION('',(0.,1.,3.330669073875E-16));
#5311 = CYLINDRICAL_SURFACE('',#5312,0.29);
#5312 = AXIS2_PLACEMENT_3D('',#5313,#5314,#5315);
#5313 = CARTESIAN_POINT('',(6.74,-4.85,-2.542562962528));
#5314 = DIRECTION('',(0.,1.,3.330669073875E-16));
#5315 = DIRECTION('',(-1.,0.,0.));
#5316 = ADVANCED_FACE('',(#5317),#5328,.T.);
#5317 = FACE_BOUND('',#5318,.T.);
#5318 = EDGE_LOOP('',(#5319,#5320,#5326,#5327));
#5319 = ORIENTED_EDGE('',*,*,#4026,.F.);
#5320 = ORIENTED_EDGE('',*,*,#5321,.T.);
#5321 = EDGE_CURVE('',#4027,#4201,#5322,.T.);
#5322 = LINE('',#5323,#5324);
#5323 = CARTESIAN_POINT('',(6.45,-4.85,-3.5));
#5324 = VECTOR('',#5325,1.);
#5325 = DIRECTION('',(0.,1.,3.330669073875E-16));
#5326 = ORIENTED_EDGE('',*,*,#4200,.T.);
#5327 = ORIENTED_EDGE('',*,*,#5306,.F.);
#5328 = PLANE('',#5329);
#5329 = AXIS2_PLACEMENT_3D('',#5330,#5331,#5332);
#5330 = CARTESIAN_POINT('',(6.45,-4.85,-3.5));
#5331 = DIRECTION('',(1.,0.,0.));
#5332 = DIRECTION('',(0.,-5.551115123126E-16,1.));
#5333 = ADVANCED_FACE('',(#5334),#5345,.T.);
#5334 = FACE_BOUND('',#5335,.T.);
#5335 = EDGE_LOOP('',(#5336,#5342,#5343,#5344));
#5336 = ORIENTED_EDGE('',*,*,#5337,.T.);
#5337 = EDGE_CURVE('',#4035,#4209,#5338,.T.);
#5338 = LINE('',#5339,#5340);
#5339 = CARTESIAN_POINT('',(6.15,-4.85,-3.5));
#5340 = VECTOR('',#5341,1.);
#5341 = DIRECTION('',(0.,1.,3.330669073875E-16));
#5342 = ORIENTED_EDGE('',*,*,#4208,.T.);
#5343 = ORIENTED_EDGE('',*,*,#5321,.F.);
#5344 = ORIENTED_EDGE('',*,*,#4034,.F.);
#5345 = PLANE('',#5346);
#5346 = AXIS2_PLACEMENT_3D('',#5347,#5348,#5349);
#5347 = CARTESIAN_POINT('',(6.15,-4.85,-3.5));
#5348 = DIRECTION('',(0.,3.330669073875E-16,-1.));
#5349 = DIRECTION('',(1.,0.,0.));
#5350 = ADVANCED_FACE('',(#5351),#5362,.T.);
#5351 = FACE_BOUND('',#5352,.T.);
#5352 = EDGE_LOOP('',(#5353,#5354,#5360,#5361));
#5353 = ORIENTED_EDGE('',*,*,#4042,.F.);
#5354 = ORIENTED_EDGE('',*,*,#5355,.T.);
#5355 = EDGE_CURVE('',#4043,#4217,#5356,.T.);
#5356 = LINE('',#5357,#5358);
#5357 = CARTESIAN_POINT('',(6.15,-4.85,-2.542562962528));
#5358 = VECTOR('',#5359,1.);
#5359 = DIRECTION('',(0.,1.,3.330669073875E-16));
#5360 = ORIENTED_EDGE('',*,*,#4216,.T.);
#5361 = ORIENTED_EDGE('',*,*,#5337,.F.);
#5362 = PLANE('',#5363);
#5363 = AXIS2_PLACEMENT_3D('',#5364,#5365,#5366);
#5364 = CARTESIAN_POINT('',(6.15,-4.85,-2.5));
#5365 = DIRECTION('',(-1.,0.,-0.));
#5366 = DIRECTION('',(0.,5.551115123126E-16,-1.));
#5367 = ADVANCED_FACE('',(#5368),#5379,.T.);
#5368 = FACE_BOUND('',#5369,.T.);
#5369 = EDGE_LOOP('',(#5370,#5371,#5372,#5378));
#5370 = ORIENTED_EDGE('',*,*,#4653,.T.);
#5371 = ORIENTED_EDGE('',*,*,#4258,.T.);
#5372 = ORIENTED_EDGE('',*,*,#5373,.F.);
#5373 = EDGE_CURVE('',#4077,#4251,#5374,.T.);
#5374 = LINE('',#5375,#5376);
#5375 = CARTESIAN_POINT('',(6.162230377286,-4.85,-0.540767924286));
#5376 = VECTOR('',#5377,1.);
#5377 = DIRECTION('',(0.,1.,3.330669073875E-16));
#5378 = ORIENTED_EDGE('',*,*,#4084,.F.);
#5379 = CYLINDRICAL_SURFACE('',#5380,0.29);
#5380 = AXIS2_PLACEMENT_3D('',#5381,#5382,#5383);
#5381 = CARTESIAN_POINT('',(6.44,-4.85,-0.457437037472));
#5382 = DIRECTION('',(0.,1.,3.330669073875E-16));
#5383 = DIRECTION('',(-1.,0.,0.));
#5384 = ADVANCED_FACE('',(#5385),#5396,.T.);
#5385 = FACE_BOUND('',#5386,.T.);
#5386 = EDGE_LOOP('',(#5387,#5393,#5394,#5395));
#5387 = ORIENTED_EDGE('',*,*,#5388,.T.);
#5388 = EDGE_CURVE('',#4051,#4225,#5389,.T.);
#5389 = LINE('',#5390,#5391);
#5390 = CARTESIAN_POINT('',(6.162230377286,-4.85,-2.459232075714));
#5391 = VECTOR('',#5392,1.);
#5392 = DIRECTION('',(0.,1.,3.330669073875E-16));
#5393 = ORIENTED_EDGE('',*,*,#4224,.T.);
#5394 = ORIENTED_EDGE('',*,*,#5355,.F.);
#5395 = ORIENTED_EDGE('',*,*,#4050,.F.);
#5396 = CYLINDRICAL_SURFACE('',#5397,0.29);
#5397 = AXIS2_PLACEMENT_3D('',#5398,#5399,#5400);
#5398 = CARTESIAN_POINT('',(6.44,-4.85,-2.542562962528));
#5399 = DIRECTION('',(0.,1.,3.330669073875E-16));
#5400 = DIRECTION('',(-0.957826285221,-9.570607158983E-17,0.287347885566
    ));
#5401 = ADVANCED_FACE('',(#5402),#5413,.F.);
#5402 = FACE_BOUND('',#5403,.F.);
#5403 = EDGE_LOOP('',(#5404,#5405,#5411,#5412));
#5404 = ORIENTED_EDGE('',*,*,#4076,.F.);
#5405 = ORIENTED_EDGE('',*,*,#5406,.T.);
#5406 = EDGE_CURVE('',#4068,#4242,#5407,.T.);
#5407 = LINE('',#5408,#5409);
#5408 = CARTESIAN_POINT('',(6.425000733956,-4.85,-1.416669113186));
#5409 = VECTOR('',#5410,1.);
#5410 = DIRECTION('',(0.,1.,3.330669073875E-16));
#5411 = ORIENTED_EDGE('',*,*,#4250,.T.);
#5412 = ORIENTED_EDGE('',*,*,#5373,.F.);
#5413 = PLANE('',#5414);
#5414 = AXIS2_PLACEMENT_3D('',#5415,#5416,#5417);
#5415 = CARTESIAN_POINT('',(6.45,-4.85,-1.5));
#5416 = DIRECTION('',(0.957826285221,-9.570607158995E-17,0.287347885566)
  );
#5417 = DIRECTION('',(-0.287347885566,-5.31700397722E-16,0.957826285221)
  );
#5418 = ADVANCED_FACE('',(#5419),#5430,.F.);
#5419 = FACE_BOUND('',#5420,.F.);
#5420 = EDGE_LOOP('',(#5421,#5422,#5423,#5424));
#5421 = ORIENTED_EDGE('',*,*,#4059,.F.);
#5422 = ORIENTED_EDGE('',*,*,#5388,.T.);
#5423 = ORIENTED_EDGE('',*,*,#4233,.T.);
#5424 = ORIENTED_EDGE('',*,*,#5425,.F.);
#5425 = EDGE_CURVE('',#4060,#4234,#5426,.T.);
#5426 = LINE('',#5427,#5428);
#5427 = CARTESIAN_POINT('',(6.425000733956,-4.85,-1.583330886814));
#5428 = VECTOR('',#5429,1.);
#5429 = DIRECTION('',(0.,1.,3.330669073875E-16));
#5430 = PLANE('',#5431);
#5431 = AXIS2_PLACEMENT_3D('',#5432,#5433,#5434);
#5432 = CARTESIAN_POINT('',(6.15,-4.85,-2.5));
#5433 = DIRECTION('',(0.957826285221,9.570607158995E-17,-0.287347885566)
  );
#5434 = DIRECTION('',(0.287347885566,-5.31700397722E-16,0.957826285221)
  );
#5435 = ADVANCED_FACE('',(#5436),#5442,.F.);
#5436 = FACE_BOUND('',#5437,.F.);
#5437 = EDGE_LOOP('',(#5438,#5439,#5440,#5441));
#5438 = ORIENTED_EDGE('',*,*,#4067,.T.);
#5439 = ORIENTED_EDGE('',*,*,#5425,.T.);
#5440 = ORIENTED_EDGE('',*,*,#4241,.F.);
#5441 = ORIENTED_EDGE('',*,*,#5406,.F.);
#5442 = CYLINDRICAL_SURFACE('',#5443,0.29);
#5443 = AXIS2_PLACEMENT_3D('',#5444,#5445,#5446);
#5444 = CARTESIAN_POINT('',(6.147231111242,-4.85,-1.5));
#5445 = DIRECTION('',(0.,1.,3.330669073875E-16));
#5446 = DIRECTION('',(0.957826285221,-9.570607158983E-17,0.287347885566)
  );
#5447 = ADVANCED_FACE('',(#5448),#5464,.F.);
#5448 = FACE_BOUND('',#5449,.F.);
#5449 = EDGE_LOOP('',(#5450,#5451,#5457,#5458));
#5450 = ORIENTED_EDGE('',*,*,#4457,.F.);
#5451 = ORIENTED_EDGE('',*,*,#5452,.T.);
#5452 = EDGE_CURVE('',#4458,#4308,#5453,.T.);
#5453 = LINE('',#5454,#5455);
#5454 = CARTESIAN_POINT('',(6.462230377286,-0.35,-0.540767924286));
#5455 = VECTOR('',#5456,1.);
#5456 = DIRECTION('',(0.,1.,3.330669073875E-16));
#5457 = ORIENTED_EDGE('',*,*,#4307,.T.);
#5458 = ORIENTED_EDGE('',*,*,#5459,.F.);
#5459 = EDGE_CURVE('',#4460,#4310,#5460,.T.);
#5460 = LINE('',#5461,#5462);
#5461 = CARTESIAN_POINT('',(6.725000733956,-0.35,-1.416669113186));
#5462 = VECTOR('',#5463,1.);
#5463 = DIRECTION('',(0.,1.,3.330669073875E-16));
#5464 = PLANE('',#5465);
#5465 = AXIS2_PLACEMENT_3D('',#5466,#5467,#5468);
#5466 = CARTESIAN_POINT('',(6.45,-0.35,-0.5));
#5467 = DIRECTION('',(-0.957826285221,9.570607158995E-17,-0.287347885566
    ));
#5468 = DIRECTION('',(0.287347885566,5.31700397722E-16,-0.957826285221)
  );
#5469 = ADVANCED_FACE('',(#5470),#5481,.F.);
#5470 = FACE_BOUND('',#5471,.F.);
#5471 = EDGE_LOOP('',(#5472,#5473,#5479,#5480));
#5472 = ORIENTED_EDGE('',*,*,#4592,.T.);
#5473 = ORIENTED_EDGE('',*,*,#5474,.T.);
#5474 = EDGE_CURVE('',#4585,#4435,#5475,.T.);
#5475 = LINE('',#5476,#5477);
#5476 = CARTESIAN_POINT('',(6.45,-0.35,-0.457437037472));
#5477 = VECTOR('',#5478,1.);
#5478 = DIRECTION('',(0.,1.,3.330669073875E-16));
#5479 = ORIENTED_EDGE('',*,*,#4442,.F.);
#5480 = ORIENTED_EDGE('',*,*,#5452,.F.);
#5481 = CYLINDRICAL_SURFACE('',#5482,0.29);
#5482 = AXIS2_PLACEMENT_3D('',#5483,#5484,#5485);
#5483 = CARTESIAN_POINT('',(6.74,-0.35,-0.457437037472));
#5484 = DIRECTION('',(0.,1.,3.330669073875E-16));
#5485 = DIRECTION('',(-0.957826285221,9.570607158983E-17,-0.287347885566
    ));
#5486 = ADVANCED_FACE('',(#5487),#5498,.T.);
#5487 = FACE_BOUND('',#5488,.T.);
#5488 = EDGE_LOOP('',(#5489,#5490,#5496,#5497));
#5489 = ORIENTED_EDGE('',*,*,#4467,.T.);
#5490 = ORIENTED_EDGE('',*,*,#5491,.T.);
#5491 = EDGE_CURVE('',#4468,#4318,#5492,.T.);
#5492 = LINE('',#5493,#5494);
#5493 = CARTESIAN_POINT('',(6.725000733956,-0.35,-1.583330886814));
#5494 = VECTOR('',#5495,1.);
#5495 = DIRECTION('',(0.,1.,3.330669073875E-16));
#5496 = ORIENTED_EDGE('',*,*,#4317,.F.);
#5497 = ORIENTED_EDGE('',*,*,#5459,.F.);
#5498 = CYLINDRICAL_SURFACE('',#5499,0.29);
#5499 = AXIS2_PLACEMENT_3D('',#5500,#5501,#5502);
#5500 = CARTESIAN_POINT('',(6.447231111242,-0.35,-1.5));
#5501 = DIRECTION('',(0.,1.,3.330669073875E-16));
#5502 = DIRECTION('',(0.957826285221,-9.570607158983E-17,0.287347885566)
  );
#5503 = ADVANCED_FACE('',(#5504),#5515,.T.);
#5504 = FACE_BOUND('',#5505,.T.);
#5505 = EDGE_LOOP('',(#5506,#5507,#5508,#5509));
#5506 = ORIENTED_EDGE('',*,*,#4584,.F.);
#5507 = ORIENTED_EDGE('',*,*,#5474,.T.);
#5508 = ORIENTED_EDGE('',*,*,#4434,.T.);
#5509 = ORIENTED_EDGE('',*,*,#5510,.F.);
#5510 = EDGE_CURVE('',#4576,#4426,#5511,.T.);
#5511 = LINE('',#5512,#5513);
#5512 = CARTESIAN_POINT('',(6.45,-0.35,1.21));
#5513 = VECTOR('',#5514,1.);
#5514 = DIRECTION('',(0.,1.,3.330669073875E-16));
#5515 = PLANE('',#5516);
#5516 = AXIS2_PLACEMENT_3D('',#5517,#5518,#5519);
#5517 = CARTESIAN_POINT('',(6.45,-0.35,-0.5));
#5518 = DIRECTION('',(1.,0.,0.));
#5519 = DIRECTION('',(0.,-5.551115123126E-16,1.));
#5520 = ADVANCED_FACE('',(#5521),#5532,.F.);
#5521 = FACE_BOUND('',#5522,.F.);
#5522 = EDGE_LOOP('',(#5523,#5524,#5525,#5526));
#5523 = ORIENTED_EDGE('',*,*,#4476,.F.);
#5524 = ORIENTED_EDGE('',*,*,#5491,.T.);
#5525 = ORIENTED_EDGE('',*,*,#4326,.T.);
#5526 = ORIENTED_EDGE('',*,*,#5527,.F.);
#5527 = EDGE_CURVE('',#4477,#4327,#5528,.T.);
#5528 = LINE('',#5529,#5530);
#5529 = CARTESIAN_POINT('',(6.462230377286,-0.35,-2.459232075714));
#5530 = VECTOR('',#5531,1.);
#5531 = DIRECTION('',(0.,1.,3.330669073875E-16));
#5532 = PLANE('',#5533);
#5533 = AXIS2_PLACEMENT_3D('',#5534,#5535,#5536);
#5534 = CARTESIAN_POINT('',(6.75,-0.35,-1.5));
#5535 = DIRECTION('',(-0.957826285221,-9.570607158995E-17,0.287347885566
    ));
#5536 = DIRECTION('',(-0.287347885566,5.31700397722E-16,-0.957826285221)
  );
#5537 = ADVANCED_FACE('',(#5538),#5544,.T.);
#5538 = FACE_BOUND('',#5539,.T.);
#5539 = EDGE_LOOP('',(#5540,#5541,#5542,#5543));
#5540 = ORIENTED_EDGE('',*,*,#5510,.T.);
#5541 = ORIENTED_EDGE('',*,*,#4425,.T.);
#5542 = ORIENTED_EDGE('',*,*,#4608,.F.);
#5543 = ORIENTED_EDGE('',*,*,#4575,.F.);
#5544 = CYLINDRICAL_SURFACE('',#5545,0.29);
#5545 = AXIS2_PLACEMENT_3D('',#5546,#5547,#5548);
#5546 = CARTESIAN_POINT('',(6.16,-0.35,1.21));
#5547 = DIRECTION('',(0.,1.,3.330669073875E-16));
#5548 = DIRECTION('',(1.,0.,-0.));
#5549 = ADVANCED_FACE('',(#5550),#5561,.F.);
#5550 = FACE_BOUND('',#5551,.F.);
#5551 = EDGE_LOOP('',(#5552,#5553,#5554,#5555));
#5552 = ORIENTED_EDGE('',*,*,#4484,.T.);
#5553 = ORIENTED_EDGE('',*,*,#5527,.T.);
#5554 = ORIENTED_EDGE('',*,*,#4334,.F.);
#5555 = ORIENTED_EDGE('',*,*,#5556,.F.);
#5556 = EDGE_CURVE('',#4485,#4335,#5557,.T.);
#5557 = LINE('',#5558,#5559);
#5558 = CARTESIAN_POINT('',(6.45,-0.35,-2.542562962528));
#5559 = VECTOR('',#5560,1.);
#5560 = DIRECTION('',(0.,1.,3.330669073875E-16));
#5561 = CYLINDRICAL_SURFACE('',#5562,0.29);
#5562 = AXIS2_PLACEMENT_3D('',#5563,#5564,#5565);
#5563 = CARTESIAN_POINT('',(6.74,-0.35,-2.542562962528));
#5564 = DIRECTION('',(0.,1.,3.330669073875E-16));
#5565 = DIRECTION('',(-1.,0.,0.));
#5566 = ADVANCED_FACE('',(#5567),#5578,.T.);
#5567 = FACE_BOUND('',#5568,.T.);
#5568 = EDGE_LOOP('',(#5569,#5570,#5576,#5577));
#5569 = ORIENTED_EDGE('',*,*,#4493,.F.);
#5570 = ORIENTED_EDGE('',*,*,#5571,.T.);
#5571 = EDGE_CURVE('',#4494,#4344,#5572,.T.);
#5572 = LINE('',#5573,#5574);
#5573 = CARTESIAN_POINT('',(6.45,-0.35,-3.5));
#5574 = VECTOR('',#5575,1.);
#5575 = DIRECTION('',(0.,1.,3.330669073875E-16));
#5576 = ORIENTED_EDGE('',*,*,#4343,.T.);
#5577 = ORIENTED_EDGE('',*,*,#5556,.F.);
#5578 = PLANE('',#5579);
#5579 = AXIS2_PLACEMENT_3D('',#5580,#5581,#5582);
#5580 = CARTESIAN_POINT('',(6.45,-0.35,-3.5));
#5581 = DIRECTION('',(1.,0.,0.));
#5582 = DIRECTION('',(0.,-5.551115123126E-16,1.));
#5583 = ADVANCED_FACE('',(#5584),#5595,.T.);
#5584 = FACE_BOUND('',#5585,.T.);
#5585 = EDGE_LOOP('',(#5586,#5592,#5593,#5594));
#5586 = ORIENTED_EDGE('',*,*,#5587,.T.);
#5587 = EDGE_CURVE('',#4502,#4352,#5588,.T.);
#5588 = LINE('',#5589,#5590);
#5589 = CARTESIAN_POINT('',(6.15,-0.35,-3.5));
#5590 = VECTOR('',#5591,1.);
#5591 = DIRECTION('',(0.,1.,3.330669073875E-16));
#5592 = ORIENTED_EDGE('',*,*,#4351,.T.);
#5593 = ORIENTED_EDGE('',*,*,#5571,.F.);
#5594 = ORIENTED_EDGE('',*,*,#4501,.F.);
#5595 = PLANE('',#5596);
#5596 = AXIS2_PLACEMENT_3D('',#5597,#5598,#5599);
#5597 = CARTESIAN_POINT('',(6.15,-0.35,-3.5));
#5598 = DIRECTION('',(0.,3.330669073875E-16,-1.));
#5599 = DIRECTION('',(1.,0.,0.));
#5600 = ADVANCED_FACE('',(#5601),#5612,.T.);
#5601 = FACE_BOUND('',#5602,.T.);
#5602 = EDGE_LOOP('',(#5603,#5604,#5610,#5611));
#5603 = ORIENTED_EDGE('',*,*,#4509,.F.);
#5604 = ORIENTED_EDGE('',*,*,#5605,.T.);
#5605 = EDGE_CURVE('',#4510,#4360,#5606,.T.);
#5606 = LINE('',#5607,#5608);
#5607 = CARTESIAN_POINT('',(6.15,-0.35,-2.542562962528));
#5608 = VECTOR('',#5609,1.);
#5609 = DIRECTION('',(0.,1.,3.330669073875E-16));
#5610 = ORIENTED_EDGE('',*,*,#4359,.T.);
#5611 = ORIENTED_EDGE('',*,*,#5587,.F.);
#5612 = PLANE('',#5613);
#5613 = AXIS2_PLACEMENT_3D('',#5614,#5615,#5616);
#5614 = CARTESIAN_POINT('',(6.15,-0.35,-2.5));
#5615 = DIRECTION('',(-1.,0.,-0.));
#5616 = DIRECTION('',(0.,5.551115123126E-16,-1.));
#5617 = ADVANCED_FACE('',(#5618),#5629,.T.);
#5618 = FACE_BOUND('',#5619,.T.);
#5619 = EDGE_LOOP('',(#5620,#5621,#5622,#5628));
#5620 = ORIENTED_EDGE('',*,*,#4687,.T.);
#5621 = ORIENTED_EDGE('',*,*,#4401,.T.);
#5622 = ORIENTED_EDGE('',*,*,#5623,.F.);
#5623 = EDGE_CURVE('',#4544,#4394,#5624,.T.);
#5624 = LINE('',#5625,#5626);
#5625 = CARTESIAN_POINT('',(6.162230377286,-0.35,-0.540767924286));
#5626 = VECTOR('',#5627,1.);
#5627 = DIRECTION('',(0.,1.,3.330669073875E-16));
#5628 = ORIENTED_EDGE('',*,*,#4551,.F.);
#5629 = CYLINDRICAL_SURFACE('',#5630,0.29);
#5630 = AXIS2_PLACEMENT_3D('',#5631,#5632,#5633);
#5631 = CARTESIAN_POINT('',(6.44,-0.35,-0.457437037472));
#5632 = DIRECTION('',(0.,1.,3.330669073875E-16));
#5633 = DIRECTION('',(-1.,0.,0.));
#5634 = ADVANCED_FACE('',(#5635),#5646,.T.);
#5635 = FACE_BOUND('',#5636,.T.);
#5636 = EDGE_LOOP('',(#5637,#5643,#5644,#5645));
#5637 = ORIENTED_EDGE('',*,*,#5638,.T.);
#5638 = EDGE_CURVE('',#4518,#4368,#5639,.T.);
#5639 = LINE('',#5640,#5641);
#5640 = CARTESIAN_POINT('',(6.162230377286,-0.35,-2.459232075714));
#5641 = VECTOR('',#5642,1.);
#5642 = DIRECTION('',(0.,1.,3.330669073875E-16));
#5643 = ORIENTED_EDGE('',*,*,#4367,.T.);
#5644 = ORIENTED_EDGE('',*,*,#5605,.F.);
#5645 = ORIENTED_EDGE('',*,*,#4517,.F.);
#5646 = CYLINDRICAL_SURFACE('',#5647,0.29);
#5647 = AXIS2_PLACEMENT_3D('',#5648,#5649,#5650);
#5648 = CARTESIAN_POINT('',(6.44,-0.35,-2.542562962528));
#5649 = DIRECTION('',(0.,1.,3.330669073875E-16));
#5650 = DIRECTION('',(-0.957826285221,-9.570607158983E-17,0.287347885566
    ));
#5651 = ADVANCED_FACE('',(#5652),#5663,.F.);
#5652 = FACE_BOUND('',#5653,.F.);
#5653 = EDGE_LOOP('',(#5654,#5655,#5661,#5662));
#5654 = ORIENTED_EDGE('',*,*,#4543,.F.);
#5655 = ORIENTED_EDGE('',*,*,#5656,.T.);
#5656 = EDGE_CURVE('',#4535,#4385,#5657,.T.);
#5657 = LINE('',#5658,#5659);
#5658 = CARTESIAN_POINT('',(6.425000733956,-0.35,-1.416669113186));
#5659 = VECTOR('',#5660,1.);
#5660 = DIRECTION('',(0.,1.,3.330669073875E-16));
#5661 = ORIENTED_EDGE('',*,*,#4393,.T.);
#5662 = ORIENTED_EDGE('',*,*,#5623,.F.);
#5663 = PLANE('',#5664);
#5664 = AXIS2_PLACEMENT_3D('',#5665,#5666,#5667);
#5665 = CARTESIAN_POINT('',(6.45,-0.35,-1.5));
#5666 = DIRECTION('',(0.957826285221,-9.570607158995E-17,0.287347885566)
  );
#5667 = DIRECTION('',(-0.287347885566,-5.31700397722E-16,0.957826285221)
  );
#5668 = ADVANCED_FACE('',(#5669),#5680,.F.);
#5669 = FACE_BOUND('',#5670,.F.);
#5670 = EDGE_LOOP('',(#5671,#5672,#5673,#5674));
#5671 = ORIENTED_EDGE('',*,*,#4526,.F.);
#5672 = ORIENTED_EDGE('',*,*,#5638,.T.);
#5673 = ORIENTED_EDGE('',*,*,#4376,.T.);
#5674 = ORIENTED_EDGE('',*,*,#5675,.F.);
#5675 = EDGE_CURVE('',#4527,#4377,#5676,.T.);
#5676 = LINE('',#5677,#5678);
#5677 = CARTESIAN_POINT('',(6.425000733956,-0.35,-1.583330886814));
#5678 = VECTOR('',#5679,1.);
#5679 = DIRECTION('',(0.,1.,3.330669073875E-16));
#5680 = PLANE('',#5681);
#5681 = AXIS2_PLACEMENT_3D('',#5682,#5683,#5684);
#5682 = CARTESIAN_POINT('',(6.15,-0.35,-2.5));
#5683 = DIRECTION('',(0.957826285221,9.570607158995E-17,-0.287347885566)
  );
#5684 = DIRECTION('',(0.287347885566,-5.31700397722E-16,0.957826285221)
  );
#5685 = ADVANCED_FACE('',(#5686),#5692,.F.);
#5686 = FACE_BOUND('',#5687,.F.);
#5687 = EDGE_LOOP('',(#5688,#5689,#5690,#5691));
#5688 = ORIENTED_EDGE('',*,*,#4534,.T.);
#5689 = ORIENTED_EDGE('',*,*,#5675,.T.);
#5690 = ORIENTED_EDGE('',*,*,#4384,.F.);
#5691 = ORIENTED_EDGE('',*,*,#5656,.F.);
#5692 = CYLINDRICAL_SURFACE('',#5693,0.29);
#5693 = AXIS2_PLACEMENT_3D('',#5694,#5695,#5696);
#5694 = CARTESIAN_POINT('',(6.147231111242,-0.35,-1.5));
#5695 = DIRECTION('',(0.,1.,3.330669073875E-16));
#5696 = DIRECTION('',(0.957826285221,-9.570607158983E-17,0.287347885566)
  );
#5697 = ( GEOMETRIC_REPRESENTATION_CONTEXT(3) 
GLOBAL_UNCERTAINTY_ASSIGNED_CONTEXT((#5701)) 
GLOBAL_UNIT_ASSIGNED_CONTEXT((#5698,#5699,#5700)) REPRESENTATION_CONTEXT
('Context #1','3D Context with UNIT and UNCERTAINTY') );
#5698 = ( LENGTH_UNIT() NAMED_UNIT(*) SI_UNIT(.MILLI.,.METRE.) );
#5699 = ( NAMED_UNIT(*) PLANE_ANGLE_UNIT() SI_UNIT($,.RADIAN.) );
#5700 = ( NAMED_UNIT(*) SI_UNIT($,.STERADIAN.) SOLID_ANGLE_UNIT() );
#5701 = UNCERTAINTY_MEASURE_WITH_UNIT(LENGTH_MEASURE(1.E-07),#5698,
  'distance_accuracy_value','confusion accuracy');
#5702 = CONTEXT_DEPENDENT_SHAPE_REPRESENTATION(#5703,#5705);
#5703 = ( REPRESENTATION_RELATIONSHIP('','',#2467,#10) 
REPRESENTATION_RELATIONSHIP_WITH_TRANSFORMATION(#5704) 
SHAPE_REPRESENTATION_RELATIONSHIP() );
#5704 = ITEM_DEFINED_TRANSFORMATION('','',#11,#23);
#5705 = PRODUCT_DEFINITION_SHAPE('Placement','Placement of an item',
  #5706);
#5706 = NEXT_ASSEMBLY_USAGE_OCCURRENCE('3','SW2','',#5,#2462,$);
#5707 = PRODUCT_RELATED_PRODUCT_CATEGORY('part',$,(#2464));
#5708 = CONTEXT_DEPENDENT_SHAPE_REPRESENTATION(#5709,#5711);
#5709 = ( REPRESENTATION_RELATIONSHIP('','',#1594,#10) 
REPRESENTATION_RELATIONSHIP_WITH_TRANSFORMATION(#5710) 
SHAPE_REPRESENTATION_RELATIONSHIP() );
#5710 = ITEM_DEFINED_TRANSFORMATION('','',#11,#27);
#5711 = PRODUCT_DEFINITION_SHAPE('Placement','Placement of an item',
  #5712);
#5712 = NEXT_ASSEMBLY_USAGE_OCCURRENCE('4','C2','',#5,#1589,$);
#5713 = CONTEXT_DEPENDENT_SHAPE_REPRESENTATION(#5714,#5716);
#5714 = ( REPRESENTATION_RELATIONSHIP('','',#1594,#10) 
REPRESENTATION_RELATIONSHIP_WITH_TRANSFORMATION(#5715) 
SHAPE_REPRESENTATION_RELATIONSHIP() );
#5715 = ITEM_DEFINED_TRANSFORMATION('','',#11,#31);
#5716 = PRODUCT_DEFINITION_SHAPE('Placement','Placement of an item',
  #5717);
#5717 = NEXT_ASSEMBLY_USAGE_OCCURRENCE('5','C4','',#5,#1589,$);
#5718 = SHAPE_DEFINITION_REPRESENTATION(#5719,#5725);
#5719 = PRODUCT_DEFINITION_SHAPE('','',#5720);
#5720 = PRODUCT_DEFINITION('design','',#5721,#5724);
#5721 = PRODUCT_DEFINITION_FORMATION('','',#5722);
#5722 = PRODUCT('schematic_PCB','schematic_PCB','',(#5723));
#5723 = PRODUCT_CONTEXT('',#2,'mechanical');
#5724 = PRODUCT_DEFINITION_CONTEXT('part definition',#2,'design');
#5725 = ADVANCED_BREP_SHAPE_REPRESENTATION('',(#11,#5726),#7186);
#5726 = MANIFOLD_SOLID_BREP('',#5727);
#5727 = CLOSED_SHELL('',(#5728,#5770,#5801,#5832,#6214,#6596,#6613,#6630
    ,#6647,#6664,#6676,#6693,#6710,#6727,#6744,#6761,#6778,#6795,#6812,
    #6829,#6846,#6863,#6880,#6897,#6914,#6931,#6948,#6965,#6982,#6999,
    #7016,#7033,#7050,#7067,#7084,#7101,#7118,#7135,#7152,#7169));
#5728 = ADVANCED_FACE('',(#5729),#5765,.T.);
#5729 = FACE_BOUND('',#5730,.T.);
#5730 = EDGE_LOOP('',(#5731,#5741,#5750,#5758));
#5731 = ORIENTED_EDGE('',*,*,#5732,.T.);
#5732 = EDGE_CURVE('',#5733,#5735,#5737,.T.);
#5733 = VERTEX_POINT('',#5734);
#5734 = CARTESIAN_POINT('',(210.,-77.5,0.));
#5735 = VERTEX_POINT('',#5736);
#5736 = CARTESIAN_POINT('',(210.,-77.5,1.51));
#5737 = LINE('',#5738,#5739);
#5738 = CARTESIAN_POINT('',(210.,-77.5,0.));
#5739 = VECTOR('',#5740,1.);
#5740 = DIRECTION('',(0.,0.,1.));
#5741 = ORIENTED_EDGE('',*,*,#5742,.T.);
#5742 = EDGE_CURVE('',#5735,#5743,#5745,.T.);
#5743 = VERTEX_POINT('',#5744);
#5744 = CARTESIAN_POINT('',(215.,-82.5,1.51));
#5745 = CIRCLE('',#5746,4.999999678834);
#5746 = AXIS2_PLACEMENT_3D('',#5747,#5748,#5749);
#5747 = CARTESIAN_POINT('',(210.00000032116,-82.49999967883,1.51));
#5748 = DIRECTION('',(0.,0.,-1.));
#5749 = DIRECTION('',(-6.42331470194E-08,1.,0.));
#5750 = ORIENTED_EDGE('',*,*,#5751,.F.);
#5751 = EDGE_CURVE('',#5752,#5743,#5754,.T.);
#5752 = VERTEX_POINT('',#5753);
#5753 = CARTESIAN_POINT('',(215.,-82.5,0.));
#5754 = LINE('',#5755,#5756);
#5755 = CARTESIAN_POINT('',(215.,-82.5,0.));
#5756 = VECTOR('',#5757,1.);
#5757 = DIRECTION('',(0.,0.,1.));
#5758 = ORIENTED_EDGE('',*,*,#5759,.F.);
#5759 = EDGE_CURVE('',#5733,#5752,#5760,.T.);
#5760 = CIRCLE('',#5761,4.999999678834);
#5761 = AXIS2_PLACEMENT_3D('',#5762,#5763,#5764);
#5762 = CARTESIAN_POINT('',(210.00000032116,-82.49999967883,0.));
#5763 = DIRECTION('',(0.,0.,-1.));
#5764 = DIRECTION('',(-6.42331470194E-08,1.,0.));
#5765 = CYLINDRICAL_SURFACE('',#5766,4.999999678834);
#5766 = AXIS2_PLACEMENT_3D('',#5767,#5768,#5769);
#5767 = CARTESIAN_POINT('',(210.00000032116,-82.49999967883,0.));
#5768 = DIRECTION('',(0.,0.,-1.));
#5769 = DIRECTION('',(-6.42331470194E-08,1.,0.));
#5770 = ADVANCED_FACE('',(#5771),#5796,.T.);
#5771 = FACE_BOUND('',#5772,.T.);
#5772 = EDGE_LOOP('',(#5773,#5783,#5789,#5790));
#5773 = ORIENTED_EDGE('',*,*,#5774,.T.);
#5774 = EDGE_CURVE('',#5775,#5777,#5779,.T.);
#5775 = VERTEX_POINT('',#5776);
#5776 = CARTESIAN_POINT('',(157.5,-77.5,0.));
#5777 = VERTEX_POINT('',#5778);
#5778 = CARTESIAN_POINT('',(157.5,-77.5,1.51));
#5779 = LINE('',#5780,#5781);
#5780 = CARTESIAN_POINT('',(157.5,-77.5,0.));
#5781 = VECTOR('',#5782,1.);
#5782 = DIRECTION('',(0.,0.,1.));
#5783 = ORIENTED_EDGE('',*,*,#5784,.T.);
#5784 = EDGE_CURVE('',#5777,#5735,#5785,.T.);
#5785 = LINE('',#5786,#5787);
#5786 = CARTESIAN_POINT('',(157.5,-77.5,1.51));
#5787 = VECTOR('',#5788,1.);
#5788 = DIRECTION('',(1.,0.,0.));
#5789 = ORIENTED_EDGE('',*,*,#5732,.F.);
#5790 = ORIENTED_EDGE('',*,*,#5791,.F.);
#5791 = EDGE_CURVE('',#5775,#5733,#5792,.T.);
#5792 = LINE('',#5793,#5794);
#5793 = CARTESIAN_POINT('',(157.5,-77.5,0.));
#5794 = VECTOR('',#5795,1.);
#5795 = DIRECTION('',(1.,0.,0.));
#5796 = PLANE('',#5797);
#5797 = AXIS2_PLACEMENT_3D('',#5798,#5799,#5800);
#5798 = CARTESIAN_POINT('',(157.5,-77.5,0.));
#5799 = DIRECTION('',(0.,1.,0.));
#5800 = DIRECTION('',(1.,0.,0.));
#5801 = ADVANCED_FACE('',(#5802),#5827,.T.);
#5802 = FACE_BOUND('',#5803,.T.);
#5803 = EDGE_LOOP('',(#5804,#5805,#5813,#5821));
#5804 = ORIENTED_EDGE('',*,*,#5751,.T.);
#5805 = ORIENTED_EDGE('',*,*,#5806,.T.);
#5806 = EDGE_CURVE('',#5743,#5807,#5809,.T.);
#5807 = VERTEX_POINT('',#5808);
#5808 = CARTESIAN_POINT('',(215.,-117.5,1.51));
#5809 = LINE('',#5810,#5811);
#5810 = CARTESIAN_POINT('',(215.,-82.5,1.51));
#5811 = VECTOR('',#5812,1.);
#5812 = DIRECTION('',(0.,-1.,0.));
#5813 = ORIENTED_EDGE('',*,*,#5814,.F.);
#5814 = EDGE_CURVE('',#5815,#5807,#5817,.T.);
#5815 = VERTEX_POINT('',#5816);
#5816 = CARTESIAN_POINT('',(215.,-117.5,0.));
#5817 = LINE('',#5818,#5819);
#5818 = CARTESIAN_POINT('',(215.,-117.5,0.));
#5819 = VECTOR('',#5820,1.);
#5820 = DIRECTION('',(0.,0.,1.));
#5821 = ORIENTED_EDGE('',*,*,#5822,.F.);
#5822 = EDGE_CURVE('',#5752,#5815,#5823,.T.);
#5823 = LINE('',#5824,#5825);
#5824 = CARTESIAN_POINT('',(215.,-82.5,0.));
#5825 = VECTOR('',#5826,1.);
#5826 = DIRECTION('',(0.,-1.,0.));
#5827 = PLANE('',#5828);
#5828 = AXIS2_PLACEMENT_3D('',#5829,#5830,#5831);
#5829 = CARTESIAN_POINT('',(215.,-82.5,0.));
#5830 = DIRECTION('',(1.,0.,-0.));
#5831 = DIRECTION('',(0.,-1.,0.));
#5832 = ADVANCED_FACE('',(#5833,#5879,#5890,#5901,#5912,#5923,#5934,
    #5945,#5956,#5967,#5978,#5989,#6000,#6011,#6022,#6033,#6044,#6055,
    #6066,#6077,#6088,#6099,#6110,#6121,#6132,#6143,#6154,#6165,#6176,
    #6187,#6198),#6209,.F.);
#5833 = FACE_BOUND('',#5834,.F.);
#5834 = EDGE_LOOP('',(#5835,#5836,#5837,#5846,#5854,#5863,#5871,#5878));
#5835 = ORIENTED_EDGE('',*,*,#5759,.F.);
#5836 = ORIENTED_EDGE('',*,*,#5791,.F.);
#5837 = ORIENTED_EDGE('',*,*,#5838,.F.);
#5838 = EDGE_CURVE('',#5839,#5775,#5841,.T.);
#5839 = VERTEX_POINT('',#5840);
#5840 = CARTESIAN_POINT('',(152.5,-82.5,0.));
#5841 = CIRCLE('',#5842,4.999999678834);
#5842 = AXIS2_PLACEMENT_3D('',#5843,#5844,#5845);
#5843 = CARTESIAN_POINT('',(157.49999967883,-82.49999967883,0.));
#5844 = DIRECTION('',(0.,0.,-1.));
#5845 = DIRECTION('',(-1.,-6.42331470194E-08,-0.));
#5846 = ORIENTED_EDGE('',*,*,#5847,.F.);
#5847 = EDGE_CURVE('',#5848,#5839,#5850,.T.);
#5848 = VERTEX_POINT('',#5849);
#5849 = CARTESIAN_POINT('',(152.5,-117.5,0.));
#5850 = LINE('',#5851,#5852);
#5851 = CARTESIAN_POINT('',(152.5,-117.5,0.));
#5852 = VECTOR('',#5853,1.);
#5853 = DIRECTION('',(0.,1.,0.));
#5854 = ORIENTED_EDGE('',*,*,#5855,.F.);
#5855 = EDGE_CURVE('',#5856,#5848,#5858,.T.);
#5856 = VERTEX_POINT('',#5857);
#5857 = CARTESIAN_POINT('',(157.5,-122.5,0.));
#5858 = CIRCLE('',#5859,4.999999678834);
#5859 = AXIS2_PLACEMENT_3D('',#5860,#5861,#5862);
#5860 = CARTESIAN_POINT('',(157.49999967883,-117.5000003211,0.));
#5861 = DIRECTION('',(0.,0.,-1.));
#5862 = DIRECTION('',(6.42331470194E-08,-1.,0.));
#5863 = ORIENTED_EDGE('',*,*,#5864,.F.);
#5864 = EDGE_CURVE('',#5865,#5856,#5867,.T.);
#5865 = VERTEX_POINT('',#5866);
#5866 = CARTESIAN_POINT('',(210.,-122.5,0.));
#5867 = LINE('',#5868,#5869);
#5868 = CARTESIAN_POINT('',(210.,-122.5,0.));
#5869 = VECTOR('',#5870,1.);
#5870 = DIRECTION('',(-1.,0.,0.));
#5871 = ORIENTED_EDGE('',*,*,#5872,.F.);
#5872 = EDGE_CURVE('',#5815,#5865,#5873,.T.);
#5873 = CIRCLE('',#5874,4.999999678834);
#5874 = AXIS2_PLACEMENT_3D('',#5875,#5876,#5877);
#5875 = CARTESIAN_POINT('',(210.00000032116,-117.5000003211,0.));
#5876 = DIRECTION('',(0.,0.,-1.));
#5877 = DIRECTION('',(1.,6.42331470194E-08,0.));
#5878 = ORIENTED_EDGE('',*,*,#5822,.F.);
#5879 = FACE_BOUND('',#5880,.F.);
#5880 = EDGE_LOOP('',(#5881));
#5881 = ORIENTED_EDGE('',*,*,#5882,.T.);
#5882 = EDGE_CURVE('',#5883,#5883,#5885,.T.);
#5883 = VERTEX_POINT('',#5884);
#5884 = CARTESIAN_POINT('',(157.5,-118.85,0.));
#5885 = CIRCLE('',#5886,1.35);
#5886 = AXIS2_PLACEMENT_3D('',#5887,#5888,#5889);
#5887 = CARTESIAN_POINT('',(157.5,-117.5,0.));
#5888 = DIRECTION('',(-0.,0.,-1.));
#5889 = DIRECTION('',(-0.,-1.,0.));
#5890 = FACE_BOUND('',#5891,.F.);
#5891 = EDGE_LOOP('',(#5892));
#5892 = ORIENTED_EDGE('',*,*,#5893,.T.);
#5893 = EDGE_CURVE('',#5894,#5894,#5896,.T.);
#5894 = VERTEX_POINT('',#5895);
#5895 = CARTESIAN_POINT('',(180.,-118.05,0.));
#5896 = CIRCLE('',#5897,0.55);
#5897 = AXIS2_PLACEMENT_3D('',#5898,#5899,#5900);
#5898 = CARTESIAN_POINT('',(180.,-117.5,0.));
#5899 = DIRECTION('',(-0.,0.,-1.));
#5900 = DIRECTION('',(-0.,-1.,0.));
#5901 = FACE_BOUND('',#5902,.F.);
#5902 = EDGE_LOOP('',(#5903));
#5903 = ORIENTED_EDGE('',*,*,#5904,.T.);
#5904 = EDGE_CURVE('',#5905,#5905,#5907,.T.);
#5905 = VERTEX_POINT('',#5906);
#5906 = CARTESIAN_POINT('',(180.,-113.55,0.));
#5907 = CIRCLE('',#5908,0.55);
#5908 = AXIS2_PLACEMENT_3D('',#5909,#5910,#5911);
#5909 = CARTESIAN_POINT('',(180.,-113.,0.));
#5910 = DIRECTION('',(-0.,0.,-1.));
#5911 = DIRECTION('',(-0.,-1.,0.));
#5912 = FACE_BOUND('',#5913,.F.);
#5913 = EDGE_LOOP('',(#5914));
#5914 = ORIENTED_EDGE('',*,*,#5915,.F.);
#5915 = EDGE_CURVE('',#5916,#5916,#5918,.T.);
#5916 = VERTEX_POINT('',#5917);
#5917 = CARTESIAN_POINT('',(160.87,-105.19,0.));
#5918 = CIRCLE('',#5919,1.3);
#5919 = AXIS2_PLACEMENT_3D('',#5920,#5921,#5922);
#5920 = CARTESIAN_POINT('',(159.57,-105.19,0.));
#5921 = DIRECTION('',(0.,0.,1.));
#5922 = DIRECTION('',(1.,0.,-0.));
#5923 = FACE_BOUND('',#5924,.F.);
#5924 = EDGE_LOOP('',(#5925));
#5925 = ORIENTED_EDGE('',*,*,#5926,.T.);
#5926 = EDGE_CURVE('',#5927,#5927,#5929,.T.);
#5927 = VERTEX_POINT('',#5928);
#5928 = CARTESIAN_POINT('',(186.5,-118.05,0.));
#5929 = CIRCLE('',#5930,0.55);
#5930 = AXIS2_PLACEMENT_3D('',#5931,#5932,#5933);
#5931 = CARTESIAN_POINT('',(186.5,-117.5,0.));
#5932 = DIRECTION('',(-0.,0.,-1.));
#5933 = DIRECTION('',(-0.,-1.,0.));
#5934 = FACE_BOUND('',#5935,.F.);
#5935 = EDGE_LOOP('',(#5936));
#5936 = ORIENTED_EDGE('',*,*,#5937,.T.);
#5937 = EDGE_CURVE('',#5938,#5938,#5940,.T.);
#5938 = VERTEX_POINT('',#5939);
#5939 = CARTESIAN_POINT('',(192.46,-118.208,0.));
#5940 = CIRCLE('',#5941,0.508);
#5941 = AXIS2_PLACEMENT_3D('',#5942,#5943,#5944);
#5942 = CARTESIAN_POINT('',(192.46,-117.7,0.));
#5943 = DIRECTION('',(-0.,0.,-1.));
#5944 = DIRECTION('',(5.594824691024E-14,-1.,-0.));
#5945 = FACE_BOUND('',#5946,.F.);
#5946 = EDGE_LOOP('',(#5947));
#5947 = ORIENTED_EDGE('',*,*,#5948,.T.);
#5948 = EDGE_CURVE('',#5949,#5949,#5951,.T.);
#5949 = VERTEX_POINT('',#5950);
#5950 = CARTESIAN_POINT('',(186.5,-113.55,0.));
#5951 = CIRCLE('',#5952,0.55);
#5952 = AXIS2_PLACEMENT_3D('',#5953,#5954,#5955);
#5953 = CARTESIAN_POINT('',(186.5,-113.,0.));
#5954 = DIRECTION('',(-0.,0.,-1.));
#5955 = DIRECTION('',(-0.,-1.,0.));
#5956 = FACE_BOUND('',#5957,.F.);
#5957 = EDGE_LOOP('',(#5958));
#5958 = ORIENTED_EDGE('',*,*,#5959,.T.);
#5959 = EDGE_CURVE('',#5960,#5960,#5962,.T.);
#5960 = VERTEX_POINT('',#5961);
#5961 = CARTESIAN_POINT('',(197.54,-118.208,0.));
#5962 = CIRCLE('',#5963,0.508);
#5963 = AXIS2_PLACEMENT_3D('',#5964,#5965,#5966);
#5964 = CARTESIAN_POINT('',(197.54,-117.7,0.));
#5965 = DIRECTION('',(-0.,0.,-1.));
#5966 = DIRECTION('',(-5.594824691025E-14,-1.,0.));
#5967 = FACE_BOUND('',#5968,.F.);
#5968 = EDGE_LOOP('',(#5969));
#5969 = ORIENTED_EDGE('',*,*,#5970,.T.);
#5970 = EDGE_CURVE('',#5971,#5971,#5973,.T.);
#5971 = VERTEX_POINT('',#5972);
#5972 = CARTESIAN_POINT('',(187.38,-108.048,0.));
#5973 = CIRCLE('',#5974,0.508);
#5974 = AXIS2_PLACEMENT_3D('',#5975,#5976,#5977);
#5975 = CARTESIAN_POINT('',(187.38,-107.54,0.));
#5976 = DIRECTION('',(-0.,0.,-1.));
#5977 = DIRECTION('',(-0.,-1.,0.));
#5978 = FACE_BOUND('',#5979,.F.);
#5979 = EDGE_LOOP('',(#5980));
#5980 = ORIENTED_EDGE('',*,*,#5981,.T.);
#5981 = EDGE_CURVE('',#5982,#5982,#5984,.T.);
#5982 = VERTEX_POINT('',#5983);
#5983 = CARTESIAN_POINT('',(187.38,-105.508,0.));
#5984 = CIRCLE('',#5985,0.508);
#5985 = AXIS2_PLACEMENT_3D('',#5986,#5987,#5988);
#5986 = CARTESIAN_POINT('',(187.38,-105.,0.));
#5987 = DIRECTION('',(-0.,0.,-1.));
#5988 = DIRECTION('',(-0.,-1.,0.));
#5989 = FACE_BOUND('',#5990,.F.);
#5990 = EDGE_LOOP('',(#5991));
#5991 = ORIENTED_EDGE('',*,*,#5992,.T.);
#5992 = EDGE_CURVE('',#5993,#5993,#5995,.T.);
#5993 = VERTEX_POINT('',#5994);
#5994 = CARTESIAN_POINT('',(187.38,-102.968,0.));
#5995 = CIRCLE('',#5996,0.508);
#5996 = AXIS2_PLACEMENT_3D('',#5997,#5998,#5999);
#5997 = CARTESIAN_POINT('',(187.38,-102.46,0.));
#5998 = DIRECTION('',(-0.,0.,-1.));
#5999 = DIRECTION('',(-0.,-1.,0.));
#6000 = FACE_BOUND('',#6001,.F.);
#6001 = EDGE_LOOP('',(#6002));
#6002 = ORIENTED_EDGE('',*,*,#6003,.T.);
#6003 = EDGE_CURVE('',#6004,#6004,#6006,.T.);
#6004 = VERTEX_POINT('',#6005);
#6005 = CARTESIAN_POINT('',(202.62,-108.048,0.));
#6006 = CIRCLE('',#6007,0.508);
#6007 = AXIS2_PLACEMENT_3D('',#6008,#6009,#6010);
#6008 = CARTESIAN_POINT('',(202.62,-107.54,0.));
#6009 = DIRECTION('',(-0.,0.,-1.));
#6010 = DIRECTION('',(-0.,-1.,0.));
#6011 = FACE_BOUND('',#6012,.F.);
#6012 = EDGE_LOOP('',(#6013));
#6013 = ORIENTED_EDGE('',*,*,#6014,.T.);
#6014 = EDGE_CURVE('',#6015,#6015,#6017,.T.);
#6015 = VERTEX_POINT('',#6016);
#6016 = CARTESIAN_POINT('',(202.62,-105.508,0.));
#6017 = CIRCLE('',#6018,0.508);
#6018 = AXIS2_PLACEMENT_3D('',#6019,#6020,#6021);
#6019 = CARTESIAN_POINT('',(202.62,-105.,0.));
#6020 = DIRECTION('',(-0.,0.,-1.));
#6021 = DIRECTION('',(-0.,-1.,0.));
#6022 = FACE_BOUND('',#6023,.F.);
#6023 = EDGE_LOOP('',(#6024));
#6024 = ORIENTED_EDGE('',*,*,#6025,.T.);
#6025 = EDGE_CURVE('',#6026,#6026,#6028,.T.);
#6026 = VERTEX_POINT('',#6027);
#6027 = CARTESIAN_POINT('',(202.62,-102.968,0.));
#6028 = CIRCLE('',#6029,0.508);
#6029 = AXIS2_PLACEMENT_3D('',#6030,#6031,#6032);
#6030 = CARTESIAN_POINT('',(202.62,-102.46,0.));
#6031 = DIRECTION('',(-0.,0.,-1.));
#6032 = DIRECTION('',(-0.,-1.,0.));
#6033 = FACE_BOUND('',#6034,.F.);
#6034 = EDGE_LOOP('',(#6035));
#6035 = ORIENTED_EDGE('',*,*,#6036,.T.);
#6036 = EDGE_CURVE('',#6037,#6037,#6039,.T.);
#6037 = VERTEX_POINT('',#6038);
#6038 = CARTESIAN_POINT('',(157.14,-100.425,0.));
#6039 = CIRCLE('',#6040,0.425);
#6040 = AXIS2_PLACEMENT_3D('',#6041,#6042,#6043);
#6041 = CARTESIAN_POINT('',(157.14,-100.,0.));
#6042 = DIRECTION('',(-0.,0.,-1.));
#6043 = DIRECTION('',(-0.,-1.,0.));
#6044 = FACE_BOUND('',#6045,.F.);
#6045 = EDGE_LOOP('',(#6046));
#6046 = ORIENTED_EDGE('',*,*,#6047,.F.);
#6047 = EDGE_CURVE('',#6048,#6048,#6050,.T.);
#6048 = VERTEX_POINT('',#6049);
#6049 = CARTESIAN_POINT('',(156.02,-96.19,0.));
#6050 = CIRCLE('',#6051,0.95);
#6051 = AXIS2_PLACEMENT_3D('',#6052,#6053,#6054);
#6052 = CARTESIAN_POINT('',(155.07,-96.19,0.));
#6053 = DIRECTION('',(0.,0.,1.));
#6054 = DIRECTION('',(1.,0.,-0.));
#6055 = FACE_BOUND('',#6056,.F.);
#6056 = EDGE_LOOP('',(#6057));
#6057 = ORIENTED_EDGE('',*,*,#6058,.T.);
#6058 = EDGE_CURVE('',#6059,#6059,#6061,.T.);
#6059 = VERTEX_POINT('',#6060);
#6060 = CARTESIAN_POINT('',(157.14,-92.805,0.));
#6061 = CIRCLE('',#6062,0.425);
#6062 = AXIS2_PLACEMENT_3D('',#6063,#6064,#6065);
#6063 = CARTESIAN_POINT('',(157.14,-92.38,0.));
#6064 = DIRECTION('',(-0.,0.,-1.));
#6065 = DIRECTION('',(-0.,-1.,0.));
#6066 = FACE_BOUND('',#6067,.F.);
#6067 = EDGE_LOOP('',(#6068));
#6068 = ORIENTED_EDGE('',*,*,#6069,.T.);
#6069 = EDGE_CURVE('',#6070,#6070,#6072,.T.);
#6070 = VERTEX_POINT('',#6071);
#6071 = CARTESIAN_POINT('',(180.,-100.425,0.));
#6072 = CIRCLE('',#6073,0.425);
#6073 = AXIS2_PLACEMENT_3D('',#6074,#6075,#6076);
#6074 = CARTESIAN_POINT('',(180.,-100.,0.));
#6075 = DIRECTION('',(-0.,0.,-1.));
#6076 = DIRECTION('',(-0.,-1.,0.));
#6077 = FACE_BOUND('',#6078,.F.);
#6078 = EDGE_LOOP('',(#6079));
#6079 = ORIENTED_EDGE('',*,*,#6080,.F.);
#6080 = EDGE_CURVE('',#6081,#6081,#6083,.T.);
#6081 = VERTEX_POINT('',#6082);
#6082 = CARTESIAN_POINT('',(183.02,-96.19,0.));
#6083 = CIRCLE('',#6084,0.95);
#6084 = AXIS2_PLACEMENT_3D('',#6085,#6086,#6087);
#6085 = CARTESIAN_POINT('',(182.07,-96.19,0.));
#6086 = DIRECTION('',(0.,0.,1.));
#6087 = DIRECTION('',(1.,0.,-0.));
#6088 = FACE_BOUND('',#6089,.F.);
#6089 = EDGE_LOOP('',(#6090));
#6090 = ORIENTED_EDGE('',*,*,#6091,.T.);
#6091 = EDGE_CURVE('',#6092,#6092,#6094,.T.);
#6092 = VERTEX_POINT('',#6093);
#6093 = CARTESIAN_POINT('',(180.,-92.805,0.));
#6094 = CIRCLE('',#6095,0.425);
#6095 = AXIS2_PLACEMENT_3D('',#6096,#6097,#6098);
#6096 = CARTESIAN_POINT('',(180.,-92.38,0.));
#6097 = DIRECTION('',(-0.,0.,-1.));
#6098 = DIRECTION('',(-0.,-1.,0.));
#6099 = FACE_BOUND('',#6100,.F.);
#6100 = EDGE_LOOP('',(#6101));
#6101 = ORIENTED_EDGE('',*,*,#6102,.F.);
#6102 = EDGE_CURVE('',#6103,#6103,#6105,.T.);
#6103 = VERTEX_POINT('',#6104);
#6104 = CARTESIAN_POINT('',(170.52,-86.19,0.));
#6105 = CIRCLE('',#6106,1.95);
#6106 = AXIS2_PLACEMENT_3D('',#6107,#6108,#6109);
#6107 = CARTESIAN_POINT('',(168.57,-86.19,0.));
#6108 = DIRECTION('',(0.,0.,1.));
#6109 = DIRECTION('',(1.,0.,-0.));
#6110 = FACE_BOUND('',#6111,.F.);
#6111 = EDGE_LOOP('',(#6112));
#6112 = ORIENTED_EDGE('',*,*,#6113,.T.);
#6113 = EDGE_CURVE('',#6114,#6114,#6116,.T.);
#6114 = VERTEX_POINT('',#6115);
#6115 = CARTESIAN_POINT('',(187.38,-100.428,0.));
#6116 = CIRCLE('',#6117,0.508);
#6117 = AXIS2_PLACEMENT_3D('',#6118,#6119,#6120);
#6118 = CARTESIAN_POINT('',(187.38,-99.92,0.));
#6119 = DIRECTION('',(-0.,0.,-1.));
#6120 = DIRECTION('',(-0.,-1.,0.));
#6121 = FACE_BOUND('',#6122,.F.);
#6122 = EDGE_LOOP('',(#6123));
#6123 = ORIENTED_EDGE('',*,*,#6124,.T.);
#6124 = EDGE_CURVE('',#6125,#6125,#6127,.T.);
#6125 = VERTEX_POINT('',#6126);
#6126 = CARTESIAN_POINT('',(187.38,-97.888,0.));
#6127 = CIRCLE('',#6128,0.508);
#6128 = AXIS2_PLACEMENT_3D('',#6129,#6130,#6131);
#6129 = CARTESIAN_POINT('',(187.38,-97.38,0.));
#6130 = DIRECTION('',(-0.,0.,-1.));
#6131 = DIRECTION('',(-0.,-1.,0.));
#6132 = FACE_BOUND('',#6133,.F.);
#6133 = EDGE_LOOP('',(#6134));
#6134 = ORIENTED_EDGE('',*,*,#6135,.T.);
#6135 = EDGE_CURVE('',#6136,#6136,#6138,.T.);
#6136 = VERTEX_POINT('',#6137);
#6137 = CARTESIAN_POINT('',(187.38,-95.348,0.));
#6138 = CIRCLE('',#6139,0.508);
#6139 = AXIS2_PLACEMENT_3D('',#6140,#6141,#6142);
#6140 = CARTESIAN_POINT('',(187.38,-94.84,0.));
#6141 = DIRECTION('',(-0.,0.,-1.));
#6142 = DIRECTION('',(-0.,-1.,0.));
#6143 = FACE_BOUND('',#6144,.F.);
#6144 = EDGE_LOOP('',(#6145));
#6145 = ORIENTED_EDGE('',*,*,#6146,.T.);
#6146 = EDGE_CURVE('',#6147,#6147,#6149,.T.);
#6147 = VERTEX_POINT('',#6148);
#6148 = CARTESIAN_POINT('',(187.38,-92.808,0.));
#6149 = CIRCLE('',#6150,0.508);
#6150 = AXIS2_PLACEMENT_3D('',#6151,#6152,#6153);
#6151 = CARTESIAN_POINT('',(187.38,-92.3,0.));
#6152 = DIRECTION('',(-0.,0.,-1.));
#6153 = DIRECTION('',(-0.,-1.,0.));
#6154 = FACE_BOUND('',#6155,.F.);
#6155 = EDGE_LOOP('',(#6156));
#6156 = ORIENTED_EDGE('',*,*,#6157,.T.);
#6157 = EDGE_CURVE('',#6158,#6158,#6160,.T.);
#6158 = VERTEX_POINT('',#6159);
#6159 = CARTESIAN_POINT('',(202.62,-100.428,0.));
#6160 = CIRCLE('',#6161,0.508);
#6161 = AXIS2_PLACEMENT_3D('',#6162,#6163,#6164);
#6162 = CARTESIAN_POINT('',(202.62,-99.92,0.));
#6163 = DIRECTION('',(-0.,0.,-1.));
#6164 = DIRECTION('',(-0.,-1.,0.));
#6165 = FACE_BOUND('',#6166,.F.);
#6166 = EDGE_LOOP('',(#6167));
#6167 = ORIENTED_EDGE('',*,*,#6168,.T.);
#6168 = EDGE_CURVE('',#6169,#6169,#6171,.T.);
#6169 = VERTEX_POINT('',#6170);
#6170 = CARTESIAN_POINT('',(202.62,-97.888,0.));
#6171 = CIRCLE('',#6172,0.508);
#6172 = AXIS2_PLACEMENT_3D('',#6173,#6174,#6175);
#6173 = CARTESIAN_POINT('',(202.62,-97.38,0.));
#6174 = DIRECTION('',(-0.,0.,-1.));
#6175 = DIRECTION('',(-0.,-1.,0.));
#6176 = FACE_BOUND('',#6177,.F.);
#6177 = EDGE_LOOP('',(#6178));
#6178 = ORIENTED_EDGE('',*,*,#6179,.T.);
#6179 = EDGE_CURVE('',#6180,#6180,#6182,.T.);
#6180 = VERTEX_POINT('',#6181);
#6181 = CARTESIAN_POINT('',(202.62,-95.348,0.));
#6182 = CIRCLE('',#6183,0.508);
#6183 = AXIS2_PLACEMENT_3D('',#6184,#6185,#6186);
#6184 = CARTESIAN_POINT('',(202.62,-94.84,0.));
#6185 = DIRECTION('',(-0.,0.,-1.));
#6186 = DIRECTION('',(-0.,-1.,0.));
#6187 = FACE_BOUND('',#6188,.F.);
#6188 = EDGE_LOOP('',(#6189));
#6189 = ORIENTED_EDGE('',*,*,#6190,.T.);
#6190 = EDGE_CURVE('',#6191,#6191,#6193,.T.);
#6191 = VERTEX_POINT('',#6192);
#6192 = CARTESIAN_POINT('',(202.62,-92.808,0.));
#6193 = CIRCLE('',#6194,0.508);
#6194 = AXIS2_PLACEMENT_3D('',#6195,#6196,#6197);
#6195 = CARTESIAN_POINT('',(202.62,-92.3,0.));
#6196 = DIRECTION('',(-0.,0.,-1.));
#6197 = DIRECTION('',(-0.,-1.,0.));
#6198 = FACE_BOUND('',#6199,.F.);
#6199 = EDGE_LOOP('',(#6200));
#6200 = ORIENTED_EDGE('',*,*,#6201,.T.);
#6201 = EDGE_CURVE('',#6202,#6202,#6204,.T.);
#6202 = VERTEX_POINT('',#6203);
#6203 = CARTESIAN_POINT('',(210.,-83.85,0.));
#6204 = CIRCLE('',#6205,1.35);
#6205 = AXIS2_PLACEMENT_3D('',#6206,#6207,#6208);
#6206 = CARTESIAN_POINT('',(210.,-82.5,0.));
#6207 = DIRECTION('',(-0.,0.,-1.));
#6208 = DIRECTION('',(-0.,-1.,0.));
#6209 = PLANE('',#6210);
#6210 = AXIS2_PLACEMENT_3D('',#6211,#6212,#6213);
#6211 = CARTESIAN_POINT('',(0.,0.,0.));
#6212 = DIRECTION('',(0.,0.,1.));
#6213 = DIRECTION('',(1.,0.,-0.));
#6214 = ADVANCED_FACE('',(#6215,#6261,#6272,#6283,#6294,#6305,#6316,
    #6327,#6338,#6349,#6360,#6371,#6382,#6393,#6404,#6415,#6426,#6437,
    #6448,#6459,#6470,#6481,#6492,#6503,#6514,#6525,#6536,#6547,#6558,
    #6569,#6580),#6591,.T.);
#6215 = FACE_BOUND('',#6216,.T.);
#6216 = EDGE_LOOP('',(#6217,#6218,#6219,#6228,#6236,#6245,#6253,#6260));
#6217 = ORIENTED_EDGE('',*,*,#5742,.F.);
#6218 = ORIENTED_EDGE('',*,*,#5784,.F.);
#6219 = ORIENTED_EDGE('',*,*,#6220,.F.);
#6220 = EDGE_CURVE('',#6221,#5777,#6223,.T.);
#6221 = VERTEX_POINT('',#6222);
#6222 = CARTESIAN_POINT('',(152.5,-82.5,1.51));
#6223 = CIRCLE('',#6224,4.999999678834);
#6224 = AXIS2_PLACEMENT_3D('',#6225,#6226,#6227);
#6225 = CARTESIAN_POINT('',(157.49999967883,-82.49999967883,1.51));
#6226 = DIRECTION('',(0.,0.,-1.));
#6227 = DIRECTION('',(-1.,-6.42331470194E-08,-0.));
#6228 = ORIENTED_EDGE('',*,*,#6229,.F.);
#6229 = EDGE_CURVE('',#6230,#6221,#6232,.T.);
#6230 = VERTEX_POINT('',#6231);
#6231 = CARTESIAN_POINT('',(152.5,-117.5,1.51));
#6232 = LINE('',#6233,#6234);
#6233 = CARTESIAN_POINT('',(152.5,-117.5,1.51));
#6234 = VECTOR('',#6235,1.);
#6235 = DIRECTION('',(0.,1.,0.));
#6236 = ORIENTED_EDGE('',*,*,#6237,.F.);
#6237 = EDGE_CURVE('',#6238,#6230,#6240,.T.);
#6238 = VERTEX_POINT('',#6239);
#6239 = CARTESIAN_POINT('',(157.5,-122.5,1.51));
#6240 = CIRCLE('',#6241,4.999999678834);
#6241 = AXIS2_PLACEMENT_3D('',#6242,#6243,#6244);
#6242 = CARTESIAN_POINT('',(157.49999967883,-117.5000003211,1.51));
#6243 = DIRECTION('',(0.,0.,-1.));
#6244 = DIRECTION('',(6.42331470194E-08,-1.,0.));
#6245 = ORIENTED_EDGE('',*,*,#6246,.F.);
#6246 = EDGE_CURVE('',#6247,#6238,#6249,.T.);
#6247 = VERTEX_POINT('',#6248);
#6248 = CARTESIAN_POINT('',(210.,-122.5,1.51));
#6249 = LINE('',#6250,#6251);
#6250 = CARTESIAN_POINT('',(210.,-122.5,1.51));
#6251 = VECTOR('',#6252,1.);
#6252 = DIRECTION('',(-1.,0.,0.));
#6253 = ORIENTED_EDGE('',*,*,#6254,.F.);
#6254 = EDGE_CURVE('',#5807,#6247,#6255,.T.);
#6255 = CIRCLE('',#6256,4.999999678834);
#6256 = AXIS2_PLACEMENT_3D('',#6257,#6258,#6259);
#6257 = CARTESIAN_POINT('',(210.00000032116,-117.5000003211,1.51));
#6258 = DIRECTION('',(0.,0.,-1.));
#6259 = DIRECTION('',(1.,6.42331470194E-08,0.));
#6260 = ORIENTED_EDGE('',*,*,#5806,.F.);
#6261 = FACE_BOUND('',#6262,.T.);
#6262 = EDGE_LOOP('',(#6263));
#6263 = ORIENTED_EDGE('',*,*,#6264,.T.);
#6264 = EDGE_CURVE('',#6265,#6265,#6267,.T.);
#6265 = VERTEX_POINT('',#6266);
#6266 = CARTESIAN_POINT('',(157.5,-118.85,1.51));
#6267 = CIRCLE('',#6268,1.35);
#6268 = AXIS2_PLACEMENT_3D('',#6269,#6270,#6271);
#6269 = CARTESIAN_POINT('',(157.5,-117.5,1.51));
#6270 = DIRECTION('',(-0.,0.,-1.));
#6271 = DIRECTION('',(-0.,-1.,0.));
#6272 = FACE_BOUND('',#6273,.T.);
#6273 = EDGE_LOOP('',(#6274));
#6274 = ORIENTED_EDGE('',*,*,#6275,.T.);
#6275 = EDGE_CURVE('',#6276,#6276,#6278,.T.);
#6276 = VERTEX_POINT('',#6277);
#6277 = CARTESIAN_POINT('',(180.,-118.05,1.51));
#6278 = CIRCLE('',#6279,0.55);
#6279 = AXIS2_PLACEMENT_3D('',#6280,#6281,#6282);
#6280 = CARTESIAN_POINT('',(180.,-117.5,1.51));
#6281 = DIRECTION('',(-0.,0.,-1.));
#6282 = DIRECTION('',(-0.,-1.,0.));
#6283 = FACE_BOUND('',#6284,.T.);
#6284 = EDGE_LOOP('',(#6285));
#6285 = ORIENTED_EDGE('',*,*,#6286,.T.);
#6286 = EDGE_CURVE('',#6287,#6287,#6289,.T.);
#6287 = VERTEX_POINT('',#6288);
#6288 = CARTESIAN_POINT('',(180.,-113.55,1.51));
#6289 = CIRCLE('',#6290,0.55);
#6290 = AXIS2_PLACEMENT_3D('',#6291,#6292,#6293);
#6291 = CARTESIAN_POINT('',(180.,-113.,1.51));
#6292 = DIRECTION('',(-0.,0.,-1.));
#6293 = DIRECTION('',(-0.,-1.,0.));
#6294 = FACE_BOUND('',#6295,.T.);
#6295 = EDGE_LOOP('',(#6296));
#6296 = ORIENTED_EDGE('',*,*,#6297,.F.);
#6297 = EDGE_CURVE('',#6298,#6298,#6300,.T.);
#6298 = VERTEX_POINT('',#6299);
#6299 = CARTESIAN_POINT('',(160.87,-105.19,1.51));
#6300 = CIRCLE('',#6301,1.3);
#6301 = AXIS2_PLACEMENT_3D('',#6302,#6303,#6304);
#6302 = CARTESIAN_POINT('',(159.57,-105.19,1.51));
#6303 = DIRECTION('',(0.,0.,1.));
#6304 = DIRECTION('',(1.,0.,-0.));
#6305 = FACE_BOUND('',#6306,.T.);
#6306 = EDGE_LOOP('',(#6307));
#6307 = ORIENTED_EDGE('',*,*,#6308,.T.);
#6308 = EDGE_CURVE('',#6309,#6309,#6311,.T.);
#6309 = VERTEX_POINT('',#6310);
#6310 = CARTESIAN_POINT('',(186.5,-118.05,1.51));
#6311 = CIRCLE('',#6312,0.55);
#6312 = AXIS2_PLACEMENT_3D('',#6313,#6314,#6315);
#6313 = CARTESIAN_POINT('',(186.5,-117.5,1.51));
#6314 = DIRECTION('',(-0.,0.,-1.));
#6315 = DIRECTION('',(-0.,-1.,0.));
#6316 = FACE_BOUND('',#6317,.T.);
#6317 = EDGE_LOOP('',(#6318));
#6318 = ORIENTED_EDGE('',*,*,#6319,.T.);
#6319 = EDGE_CURVE('',#6320,#6320,#6322,.T.);
#6320 = VERTEX_POINT('',#6321);
#6321 = CARTESIAN_POINT('',(192.46,-118.208,1.51));
#6322 = CIRCLE('',#6323,0.508);
#6323 = AXIS2_PLACEMENT_3D('',#6324,#6325,#6326);
#6324 = CARTESIAN_POINT('',(192.46,-117.7,1.51));
#6325 = DIRECTION('',(-0.,0.,-1.));
#6326 = DIRECTION('',(5.594824691024E-14,-1.,-0.));
#6327 = FACE_BOUND('',#6328,.T.);
#6328 = EDGE_LOOP('',(#6329));
#6329 = ORIENTED_EDGE('',*,*,#6330,.T.);
#6330 = EDGE_CURVE('',#6331,#6331,#6333,.T.);
#6331 = VERTEX_POINT('',#6332);
#6332 = CARTESIAN_POINT('',(186.5,-113.55,1.51));
#6333 = CIRCLE('',#6334,0.55);
#6334 = AXIS2_PLACEMENT_3D('',#6335,#6336,#6337);
#6335 = CARTESIAN_POINT('',(186.5,-113.,1.51));
#6336 = DIRECTION('',(-0.,0.,-1.));
#6337 = DIRECTION('',(-0.,-1.,0.));
#6338 = FACE_BOUND('',#6339,.T.);
#6339 = EDGE_LOOP('',(#6340));
#6340 = ORIENTED_EDGE('',*,*,#6341,.T.);
#6341 = EDGE_CURVE('',#6342,#6342,#6344,.T.);
#6342 = VERTEX_POINT('',#6343);
#6343 = CARTESIAN_POINT('',(197.54,-118.208,1.51));
#6344 = CIRCLE('',#6345,0.508);
#6345 = AXIS2_PLACEMENT_3D('',#6346,#6347,#6348);
#6346 = CARTESIAN_POINT('',(197.54,-117.7,1.51));
#6347 = DIRECTION('',(-0.,0.,-1.));
#6348 = DIRECTION('',(-5.594824691025E-14,-1.,0.));
#6349 = FACE_BOUND('',#6350,.T.);
#6350 = EDGE_LOOP('',(#6351));
#6351 = ORIENTED_EDGE('',*,*,#6352,.T.);
#6352 = EDGE_CURVE('',#6353,#6353,#6355,.T.);
#6353 = VERTEX_POINT('',#6354);
#6354 = CARTESIAN_POINT('',(187.38,-108.048,1.51));
#6355 = CIRCLE('',#6356,0.508);
#6356 = AXIS2_PLACEMENT_3D('',#6357,#6358,#6359);
#6357 = CARTESIAN_POINT('',(187.38,-107.54,1.51));
#6358 = DIRECTION('',(-0.,0.,-1.));
#6359 = DIRECTION('',(-0.,-1.,0.));
#6360 = FACE_BOUND('',#6361,.T.);
#6361 = EDGE_LOOP('',(#6362));
#6362 = ORIENTED_EDGE('',*,*,#6363,.T.);
#6363 = EDGE_CURVE('',#6364,#6364,#6366,.T.);
#6364 = VERTEX_POINT('',#6365);
#6365 = CARTESIAN_POINT('',(187.38,-105.508,1.51));
#6366 = CIRCLE('',#6367,0.508);
#6367 = AXIS2_PLACEMENT_3D('',#6368,#6369,#6370);
#6368 = CARTESIAN_POINT('',(187.38,-105.,1.51));
#6369 = DIRECTION('',(-0.,0.,-1.));
#6370 = DIRECTION('',(-0.,-1.,0.));
#6371 = FACE_BOUND('',#6372,.T.);
#6372 = EDGE_LOOP('',(#6373));
#6373 = ORIENTED_EDGE('',*,*,#6374,.T.);
#6374 = EDGE_CURVE('',#6375,#6375,#6377,.T.);
#6375 = VERTEX_POINT('',#6376);
#6376 = CARTESIAN_POINT('',(187.38,-102.968,1.51));
#6377 = CIRCLE('',#6378,0.508);
#6378 = AXIS2_PLACEMENT_3D('',#6379,#6380,#6381);
#6379 = CARTESIAN_POINT('',(187.38,-102.46,1.51));
#6380 = DIRECTION('',(-0.,0.,-1.));
#6381 = DIRECTION('',(-0.,-1.,0.));
#6382 = FACE_BOUND('',#6383,.T.);
#6383 = EDGE_LOOP('',(#6384));
#6384 = ORIENTED_EDGE('',*,*,#6385,.T.);
#6385 = EDGE_CURVE('',#6386,#6386,#6388,.T.);
#6386 = VERTEX_POINT('',#6387);
#6387 = CARTESIAN_POINT('',(202.62,-108.048,1.51));
#6388 = CIRCLE('',#6389,0.508);
#6389 = AXIS2_PLACEMENT_3D('',#6390,#6391,#6392);
#6390 = CARTESIAN_POINT('',(202.62,-107.54,1.51));
#6391 = DIRECTION('',(-0.,0.,-1.));
#6392 = DIRECTION('',(-0.,-1.,0.));
#6393 = FACE_BOUND('',#6394,.T.);
#6394 = EDGE_LOOP('',(#6395));
#6395 = ORIENTED_EDGE('',*,*,#6396,.T.);
#6396 = EDGE_CURVE('',#6397,#6397,#6399,.T.);
#6397 = VERTEX_POINT('',#6398);
#6398 = CARTESIAN_POINT('',(202.62,-105.508,1.51));
#6399 = CIRCLE('',#6400,0.508);
#6400 = AXIS2_PLACEMENT_3D('',#6401,#6402,#6403);
#6401 = CARTESIAN_POINT('',(202.62,-105.,1.51));
#6402 = DIRECTION('',(-0.,0.,-1.));
#6403 = DIRECTION('',(-0.,-1.,0.));
#6404 = FACE_BOUND('',#6405,.T.);
#6405 = EDGE_LOOP('',(#6406));
#6406 = ORIENTED_EDGE('',*,*,#6407,.T.);
#6407 = EDGE_CURVE('',#6408,#6408,#6410,.T.);
#6408 = VERTEX_POINT('',#6409);
#6409 = CARTESIAN_POINT('',(202.62,-102.968,1.51));
#6410 = CIRCLE('',#6411,0.508);
#6411 = AXIS2_PLACEMENT_3D('',#6412,#6413,#6414);
#6412 = CARTESIAN_POINT('',(202.62,-102.46,1.51));
#6413 = DIRECTION('',(-0.,0.,-1.));
#6414 = DIRECTION('',(-0.,-1.,0.));
#6415 = FACE_BOUND('',#6416,.T.);
#6416 = EDGE_LOOP('',(#6417));
#6417 = ORIENTED_EDGE('',*,*,#6418,.T.);
#6418 = EDGE_CURVE('',#6419,#6419,#6421,.T.);
#6419 = VERTEX_POINT('',#6420);
#6420 = CARTESIAN_POINT('',(157.14,-100.425,1.51));
#6421 = CIRCLE('',#6422,0.425);
#6422 = AXIS2_PLACEMENT_3D('',#6423,#6424,#6425);
#6423 = CARTESIAN_POINT('',(157.14,-100.,1.51));
#6424 = DIRECTION('',(-0.,0.,-1.));
#6425 = DIRECTION('',(-0.,-1.,0.));
#6426 = FACE_BOUND('',#6427,.T.);
#6427 = EDGE_LOOP('',(#6428));
#6428 = ORIENTED_EDGE('',*,*,#6429,.F.);
#6429 = EDGE_CURVE('',#6430,#6430,#6432,.T.);
#6430 = VERTEX_POINT('',#6431);
#6431 = CARTESIAN_POINT('',(156.02,-96.19,1.51));
#6432 = CIRCLE('',#6433,0.95);
#6433 = AXIS2_PLACEMENT_3D('',#6434,#6435,#6436);
#6434 = CARTESIAN_POINT('',(155.07,-96.19,1.51));
#6435 = DIRECTION('',(0.,0.,1.));
#6436 = DIRECTION('',(1.,0.,-0.));
#6437 = FACE_BOUND('',#6438,.T.);
#6438 = EDGE_LOOP('',(#6439));
#6439 = ORIENTED_EDGE('',*,*,#6440,.T.);
#6440 = EDGE_CURVE('',#6441,#6441,#6443,.T.);
#6441 = VERTEX_POINT('',#6442);
#6442 = CARTESIAN_POINT('',(157.14,-92.805,1.51));
#6443 = CIRCLE('',#6444,0.425);
#6444 = AXIS2_PLACEMENT_3D('',#6445,#6446,#6447);
#6445 = CARTESIAN_POINT('',(157.14,-92.38,1.51));
#6446 = DIRECTION('',(-0.,0.,-1.));
#6447 = DIRECTION('',(-0.,-1.,0.));
#6448 = FACE_BOUND('',#6449,.T.);
#6449 = EDGE_LOOP('',(#6450));
#6450 = ORIENTED_EDGE('',*,*,#6451,.T.);
#6451 = EDGE_CURVE('',#6452,#6452,#6454,.T.);
#6452 = VERTEX_POINT('',#6453);
#6453 = CARTESIAN_POINT('',(180.,-100.425,1.51));
#6454 = CIRCLE('',#6455,0.425);
#6455 = AXIS2_PLACEMENT_3D('',#6456,#6457,#6458);
#6456 = CARTESIAN_POINT('',(180.,-100.,1.51));
#6457 = DIRECTION('',(-0.,0.,-1.));
#6458 = DIRECTION('',(-0.,-1.,0.));
#6459 = FACE_BOUND('',#6460,.T.);
#6460 = EDGE_LOOP('',(#6461));
#6461 = ORIENTED_EDGE('',*,*,#6462,.F.);
#6462 = EDGE_CURVE('',#6463,#6463,#6465,.T.);
#6463 = VERTEX_POINT('',#6464);
#6464 = CARTESIAN_POINT('',(183.02,-96.19,1.51));
#6465 = CIRCLE('',#6466,0.95);
#6466 = AXIS2_PLACEMENT_3D('',#6467,#6468,#6469);
#6467 = CARTESIAN_POINT('',(182.07,-96.19,1.51));
#6468 = DIRECTION('',(0.,0.,1.));
#6469 = DIRECTION('',(1.,0.,-0.));
#6470 = FACE_BOUND('',#6471,.T.);
#6471 = EDGE_LOOP('',(#6472));
#6472 = ORIENTED_EDGE('',*,*,#6473,.T.);
#6473 = EDGE_CURVE('',#6474,#6474,#6476,.T.);
#6474 = VERTEX_POINT('',#6475);
#6475 = CARTESIAN_POINT('',(180.,-92.805,1.51));
#6476 = CIRCLE('',#6477,0.425);
#6477 = AXIS2_PLACEMENT_3D('',#6478,#6479,#6480);
#6478 = CARTESIAN_POINT('',(180.,-92.38,1.51));
#6479 = DIRECTION('',(-0.,0.,-1.));
#6480 = DIRECTION('',(-0.,-1.,0.));
#6481 = FACE_BOUND('',#6482,.T.);
#6482 = EDGE_LOOP('',(#6483));
#6483 = ORIENTED_EDGE('',*,*,#6484,.F.);
#6484 = EDGE_CURVE('',#6485,#6485,#6487,.T.);
#6485 = VERTEX_POINT('',#6486);
#6486 = CARTESIAN_POINT('',(170.52,-86.19,1.51));
#6487 = CIRCLE('',#6488,1.95);
#6488 = AXIS2_PLACEMENT_3D('',#6489,#6490,#6491);
#6489 = CARTESIAN_POINT('',(168.57,-86.19,1.51));
#6490 = DIRECTION('',(0.,0.,1.));
#6491 = DIRECTION('',(1.,0.,-0.));
#6492 = FACE_BOUND('',#6493,.T.);
#6493 = EDGE_LOOP('',(#6494));
#6494 = ORIENTED_EDGE('',*,*,#6495,.T.);
#6495 = EDGE_CURVE('',#6496,#6496,#6498,.T.);
#6496 = VERTEX_POINT('',#6497);
#6497 = CARTESIAN_POINT('',(187.38,-100.428,1.51));
#6498 = CIRCLE('',#6499,0.508);
#6499 = AXIS2_PLACEMENT_3D('',#6500,#6501,#6502);
#6500 = CARTESIAN_POINT('',(187.38,-99.92,1.51));
#6501 = DIRECTION('',(-0.,0.,-1.));
#6502 = DIRECTION('',(-0.,-1.,0.));
#6503 = FACE_BOUND('',#6504,.T.);
#6504 = EDGE_LOOP('',(#6505));
#6505 = ORIENTED_EDGE('',*,*,#6506,.T.);
#6506 = EDGE_CURVE('',#6507,#6507,#6509,.T.);
#6507 = VERTEX_POINT('',#6508);
#6508 = CARTESIAN_POINT('',(187.38,-97.888,1.51));
#6509 = CIRCLE('',#6510,0.508);
#6510 = AXIS2_PLACEMENT_3D('',#6511,#6512,#6513);
#6511 = CARTESIAN_POINT('',(187.38,-97.38,1.51));
#6512 = DIRECTION('',(-0.,0.,-1.));
#6513 = DIRECTION('',(-0.,-1.,0.));
#6514 = FACE_BOUND('',#6515,.T.);
#6515 = EDGE_LOOP('',(#6516));
#6516 = ORIENTED_EDGE('',*,*,#6517,.T.);
#6517 = EDGE_CURVE('',#6518,#6518,#6520,.T.);
#6518 = VERTEX_POINT('',#6519);
#6519 = CARTESIAN_POINT('',(187.38,-95.348,1.51));
#6520 = CIRCLE('',#6521,0.508);
#6521 = AXIS2_PLACEMENT_3D('',#6522,#6523,#6524);
#6522 = CARTESIAN_POINT('',(187.38,-94.84,1.51));
#6523 = DIRECTION('',(-0.,0.,-1.));
#6524 = DIRECTION('',(-0.,-1.,0.));
#6525 = FACE_BOUND('',#6526,.T.);
#6526 = EDGE_LOOP('',(#6527));
#6527 = ORIENTED_EDGE('',*,*,#6528,.T.);
#6528 = EDGE_CURVE('',#6529,#6529,#6531,.T.);
#6529 = VERTEX_POINT('',#6530);
#6530 = CARTESIAN_POINT('',(187.38,-92.808,1.51));
#6531 = CIRCLE('',#6532,0.508);
#6532 = AXIS2_PLACEMENT_3D('',#6533,#6534,#6535);
#6533 = CARTESIAN_POINT('',(187.38,-92.3,1.51));
#6534 = DIRECTION('',(-0.,0.,-1.));
#6535 = DIRECTION('',(-0.,-1.,0.));
#6536 = FACE_BOUND('',#6537,.T.);
#6537 = EDGE_LOOP('',(#6538));
#6538 = ORIENTED_EDGE('',*,*,#6539,.T.);
#6539 = EDGE_CURVE('',#6540,#6540,#6542,.T.);
#6540 = VERTEX_POINT('',#6541);
#6541 = CARTESIAN_POINT('',(202.62,-100.428,1.51));
#6542 = CIRCLE('',#6543,0.508);
#6543 = AXIS2_PLACEMENT_3D('',#6544,#6545,#6546);
#6544 = CARTESIAN_POINT('',(202.62,-99.92,1.51));
#6545 = DIRECTION('',(-0.,0.,-1.));
#6546 = DIRECTION('',(-0.,-1.,0.));
#6547 = FACE_BOUND('',#6548,.T.);
#6548 = EDGE_LOOP('',(#6549));
#6549 = ORIENTED_EDGE('',*,*,#6550,.T.);
#6550 = EDGE_CURVE('',#6551,#6551,#6553,.T.);
#6551 = VERTEX_POINT('',#6552);
#6552 = CARTESIAN_POINT('',(202.62,-97.888,1.51));
#6553 = CIRCLE('',#6554,0.508);
#6554 = AXIS2_PLACEMENT_3D('',#6555,#6556,#6557);
#6555 = CARTESIAN_POINT('',(202.62,-97.38,1.51));
#6556 = DIRECTION('',(-0.,0.,-1.));
#6557 = DIRECTION('',(-0.,-1.,0.));
#6558 = FACE_BOUND('',#6559,.T.);
#6559 = EDGE_LOOP('',(#6560));
#6560 = ORIENTED_EDGE('',*,*,#6561,.T.);
#6561 = EDGE_CURVE('',#6562,#6562,#6564,.T.);
#6562 = VERTEX_POINT('',#6563);
#6563 = CARTESIAN_POINT('',(202.62,-95.348,1.51));
#6564 = CIRCLE('',#6565,0.508);
#6565 = AXIS2_PLACEMENT_3D('',#6566,#6567,#6568);
#6566 = CARTESIAN_POINT('',(202.62,-94.84,1.51));
#6567 = DIRECTION('',(-0.,0.,-1.));
#6568 = DIRECTION('',(-0.,-1.,0.));
#6569 = FACE_BOUND('',#6570,.T.);
#6570 = EDGE_LOOP('',(#6571));
#6571 = ORIENTED_EDGE('',*,*,#6572,.T.);
#6572 = EDGE_CURVE('',#6573,#6573,#6575,.T.);
#6573 = VERTEX_POINT('',#6574);
#6574 = CARTESIAN_POINT('',(202.62,-92.808,1.51));
#6575 = CIRCLE('',#6576,0.508);
#6576 = AXIS2_PLACEMENT_3D('',#6577,#6578,#6579);
#6577 = CARTESIAN_POINT('',(202.62,-92.3,1.51));
#6578 = DIRECTION('',(-0.,0.,-1.));
#6579 = DIRECTION('',(-0.,-1.,0.));
#6580 = FACE_BOUND('',#6581,.T.);
#6581 = EDGE_LOOP('',(#6582));
#6582 = ORIENTED_EDGE('',*,*,#6583,.T.);
#6583 = EDGE_CURVE('',#6584,#6584,#6586,.T.);
#6584 = VERTEX_POINT('',#6585);
#6585 = CARTESIAN_POINT('',(210.,-83.85,1.51));
#6586 = CIRCLE('',#6587,1.35);
#6587 = AXIS2_PLACEMENT_3D('',#6588,#6589,#6590);
#6588 = CARTESIAN_POINT('',(210.,-82.5,1.51));
#6589 = DIRECTION('',(-0.,0.,-1.));
#6590 = DIRECTION('',(-0.,-1.,0.));
#6591 = PLANE('',#6592);
#6592 = AXIS2_PLACEMENT_3D('',#6593,#6594,#6595);
#6593 = CARTESIAN_POINT('',(0.,0.,1.51));
#6594 = DIRECTION('',(0.,0.,1.));
#6595 = DIRECTION('',(1.,0.,-0.));
#6596 = ADVANCED_FACE('',(#6597),#6608,.T.);
#6597 = FACE_BOUND('',#6598,.T.);
#6598 = EDGE_LOOP('',(#6599,#6605,#6606,#6607));
#6599 = ORIENTED_EDGE('',*,*,#6600,.T.);
#6600 = EDGE_CURVE('',#5839,#6221,#6601,.T.);
#6601 = LINE('',#6602,#6603);
#6602 = CARTESIAN_POINT('',(152.5,-82.5,0.));
#6603 = VECTOR('',#6604,1.);
#6604 = DIRECTION('',(0.,0.,1.));
#6605 = ORIENTED_EDGE('',*,*,#6220,.T.);
#6606 = ORIENTED_EDGE('',*,*,#5774,.F.);
#6607 = ORIENTED_EDGE('',*,*,#5838,.F.);
#6608 = CYLINDRICAL_SURFACE('',#6609,4.999999678834);
#6609 = AXIS2_PLACEMENT_3D('',#6610,#6611,#6612);
#6610 = CARTESIAN_POINT('',(157.49999967883,-82.49999967883,0.));
#6611 = DIRECTION('',(0.,0.,-1.));
#6612 = DIRECTION('',(-1.,-6.42331470194E-08,-0.));
#6613 = ADVANCED_FACE('',(#6614),#6625,.T.);
#6614 = FACE_BOUND('',#6615,.T.);
#6615 = EDGE_LOOP('',(#6616,#6617,#6618,#6624));
#6616 = ORIENTED_EDGE('',*,*,#5814,.T.);
#6617 = ORIENTED_EDGE('',*,*,#6254,.T.);
#6618 = ORIENTED_EDGE('',*,*,#6619,.F.);
#6619 = EDGE_CURVE('',#5865,#6247,#6620,.T.);
#6620 = LINE('',#6621,#6622);
#6621 = CARTESIAN_POINT('',(210.,-122.5,0.));
#6622 = VECTOR('',#6623,1.);
#6623 = DIRECTION('',(0.,0.,1.));
#6624 = ORIENTED_EDGE('',*,*,#5872,.F.);
#6625 = CYLINDRICAL_SURFACE('',#6626,4.999999678834);
#6626 = AXIS2_PLACEMENT_3D('',#6627,#6628,#6629);
#6627 = CARTESIAN_POINT('',(210.00000032116,-117.5000003211,0.));
#6628 = DIRECTION('',(0.,0.,-1.));
#6629 = DIRECTION('',(1.,6.42331470194E-08,0.));
#6630 = ADVANCED_FACE('',(#6631),#6642,.T.);
#6631 = FACE_BOUND('',#6632,.T.);
#6632 = EDGE_LOOP('',(#6633,#6639,#6640,#6641));
#6633 = ORIENTED_EDGE('',*,*,#6634,.T.);
#6634 = EDGE_CURVE('',#5848,#6230,#6635,.T.);
#6635 = LINE('',#6636,#6637);
#6636 = CARTESIAN_POINT('',(152.5,-117.5,0.));
#6637 = VECTOR('',#6638,1.);
#6638 = DIRECTION('',(0.,0.,1.));
#6639 = ORIENTED_EDGE('',*,*,#6229,.T.);
#6640 = ORIENTED_EDGE('',*,*,#6600,.F.);
#6641 = ORIENTED_EDGE('',*,*,#5847,.F.);
#6642 = PLANE('',#6643);
#6643 = AXIS2_PLACEMENT_3D('',#6644,#6645,#6646);
#6644 = CARTESIAN_POINT('',(152.5,-117.5,0.));
#6645 = DIRECTION('',(-1.,0.,0.));
#6646 = DIRECTION('',(0.,1.,0.));
#6647 = ADVANCED_FACE('',(#6648),#6659,.T.);
#6648 = FACE_BOUND('',#6649,.T.);
#6649 = EDGE_LOOP('',(#6650,#6651,#6652,#6658));
#6650 = ORIENTED_EDGE('',*,*,#6619,.T.);
#6651 = ORIENTED_EDGE('',*,*,#6246,.T.);
#6652 = ORIENTED_EDGE('',*,*,#6653,.F.);
#6653 = EDGE_CURVE('',#5856,#6238,#6654,.T.);
#6654 = LINE('',#6655,#6656);
#6655 = CARTESIAN_POINT('',(157.5,-122.5,0.));
#6656 = VECTOR('',#6657,1.);
#6657 = DIRECTION('',(0.,0.,1.));
#6658 = ORIENTED_EDGE('',*,*,#5864,.F.);
#6659 = PLANE('',#6660);
#6660 = AXIS2_PLACEMENT_3D('',#6661,#6662,#6663);
#6661 = CARTESIAN_POINT('',(210.,-122.5,0.));
#6662 = DIRECTION('',(0.,-1.,0.));
#6663 = DIRECTION('',(-1.,0.,0.));
#6664 = ADVANCED_FACE('',(#6665),#6671,.T.);
#6665 = FACE_BOUND('',#6666,.T.);
#6666 = EDGE_LOOP('',(#6667,#6668,#6669,#6670));
#6667 = ORIENTED_EDGE('',*,*,#6653,.T.);
#6668 = ORIENTED_EDGE('',*,*,#6237,.T.);
#6669 = ORIENTED_EDGE('',*,*,#6634,.F.);
#6670 = ORIENTED_EDGE('',*,*,#5855,.F.);
#6671 = CYLINDRICAL_SURFACE('',#6672,4.999999678834);
#6672 = AXIS2_PLACEMENT_3D('',#6673,#6674,#6675);
#6673 = CARTESIAN_POINT('',(157.49999967883,-117.5000003211,0.));
#6674 = DIRECTION('',(0.,0.,-1.));
#6675 = DIRECTION('',(6.42331470194E-08,-1.,0.));
#6676 = ADVANCED_FACE('',(#6677),#6688,.F.);
#6677 = FACE_BOUND('',#6678,.T.);
#6678 = EDGE_LOOP('',(#6679,#6680,#6686,#6687));
#6679 = ORIENTED_EDGE('',*,*,#5882,.T.);
#6680 = ORIENTED_EDGE('',*,*,#6681,.T.);
#6681 = EDGE_CURVE('',#5883,#6265,#6682,.T.);
#6682 = LINE('',#6683,#6684);
#6683 = CARTESIAN_POINT('',(157.5,-118.85,-4.6E-02));
#6684 = VECTOR('',#6685,1.);
#6685 = DIRECTION('',(0.,0.,1.));
#6686 = ORIENTED_EDGE('',*,*,#6264,.F.);
#6687 = ORIENTED_EDGE('',*,*,#6681,.F.);
#6688 = CYLINDRICAL_SURFACE('',#6689,1.35);
#6689 = AXIS2_PLACEMENT_3D('',#6690,#6691,#6692);
#6690 = CARTESIAN_POINT('',(157.5,-117.5,-4.6E-02));
#6691 = DIRECTION('',(-0.,-0.,-1.));
#6692 = DIRECTION('',(-0.,-1.,0.));
#6693 = ADVANCED_FACE('',(#6694),#6705,.F.);
#6694 = FACE_BOUND('',#6695,.T.);
#6695 = EDGE_LOOP('',(#6696,#6697,#6703,#6704));
#6696 = ORIENTED_EDGE('',*,*,#5893,.T.);
#6697 = ORIENTED_EDGE('',*,*,#6698,.T.);
#6698 = EDGE_CURVE('',#5894,#6276,#6699,.T.);
#6699 = LINE('',#6700,#6701);
#6700 = CARTESIAN_POINT('',(180.,-118.05,-4.6E-02));
#6701 = VECTOR('',#6702,1.);
#6702 = DIRECTION('',(0.,0.,1.));
#6703 = ORIENTED_EDGE('',*,*,#6275,.F.);
#6704 = ORIENTED_EDGE('',*,*,#6698,.F.);
#6705 = CYLINDRICAL_SURFACE('',#6706,0.55);
#6706 = AXIS2_PLACEMENT_3D('',#6707,#6708,#6709);
#6707 = CARTESIAN_POINT('',(180.,-117.5,-4.6E-02));
#6708 = DIRECTION('',(-0.,-0.,-1.));
#6709 = DIRECTION('',(-0.,-1.,0.));
#6710 = ADVANCED_FACE('',(#6711),#6722,.F.);
#6711 = FACE_BOUND('',#6712,.T.);
#6712 = EDGE_LOOP('',(#6713,#6714,#6720,#6721));
#6713 = ORIENTED_EDGE('',*,*,#5904,.T.);
#6714 = ORIENTED_EDGE('',*,*,#6715,.T.);
#6715 = EDGE_CURVE('',#5905,#6287,#6716,.T.);
#6716 = LINE('',#6717,#6718);
#6717 = CARTESIAN_POINT('',(180.,-113.55,-4.6E-02));
#6718 = VECTOR('',#6719,1.);
#6719 = DIRECTION('',(0.,0.,1.));
#6720 = ORIENTED_EDGE('',*,*,#6286,.F.);
#6721 = ORIENTED_EDGE('',*,*,#6715,.F.);
#6722 = CYLINDRICAL_SURFACE('',#6723,0.55);
#6723 = AXIS2_PLACEMENT_3D('',#6724,#6725,#6726);
#6724 = CARTESIAN_POINT('',(180.,-113.,-4.6E-02));
#6725 = DIRECTION('',(-0.,-0.,-1.));
#6726 = DIRECTION('',(-0.,-1.,0.));
#6727 = ADVANCED_FACE('',(#6728),#6739,.F.);
#6728 = FACE_BOUND('',#6729,.T.);
#6729 = EDGE_LOOP('',(#6730,#6736,#6737,#6738));
#6730 = ORIENTED_EDGE('',*,*,#6731,.T.);
#6731 = EDGE_CURVE('',#5916,#6298,#6732,.T.);
#6732 = LINE('',#6733,#6734);
#6733 = CARTESIAN_POINT('',(160.87,-105.19,0.));
#6734 = VECTOR('',#6735,1.);
#6735 = DIRECTION('',(0.,0.,1.));
#6736 = ORIENTED_EDGE('',*,*,#6297,.T.);
#6737 = ORIENTED_EDGE('',*,*,#6731,.F.);
#6738 = ORIENTED_EDGE('',*,*,#5915,.F.);
#6739 = CYLINDRICAL_SURFACE('',#6740,1.3);
#6740 = AXIS2_PLACEMENT_3D('',#6741,#6742,#6743);
#6741 = CARTESIAN_POINT('',(159.57,-105.19,0.));
#6742 = DIRECTION('',(-0.,-0.,-1.));
#6743 = DIRECTION('',(1.,0.,-0.));
#6744 = ADVANCED_FACE('',(#6745),#6756,.F.);
#6745 = FACE_BOUND('',#6746,.T.);
#6746 = EDGE_LOOP('',(#6747,#6748,#6754,#6755));
#6747 = ORIENTED_EDGE('',*,*,#5926,.T.);
#6748 = ORIENTED_EDGE('',*,*,#6749,.T.);
#6749 = EDGE_CURVE('',#5927,#6309,#6750,.T.);
#6750 = LINE('',#6751,#6752);
#6751 = CARTESIAN_POINT('',(186.5,-118.05,-4.6E-02));
#6752 = VECTOR('',#6753,1.);
#6753 = DIRECTION('',(0.,0.,1.));
#6754 = ORIENTED_EDGE('',*,*,#6308,.F.);
#6755 = ORIENTED_EDGE('',*,*,#6749,.F.);
#6756 = CYLINDRICAL_SURFACE('',#6757,0.55);
#6757 = AXIS2_PLACEMENT_3D('',#6758,#6759,#6760);
#6758 = CARTESIAN_POINT('',(186.5,-117.5,-4.6E-02));
#6759 = DIRECTION('',(-0.,-0.,-1.));
#6760 = DIRECTION('',(-0.,-1.,0.));
#6761 = ADVANCED_FACE('',(#6762),#6773,.F.);
#6762 = FACE_BOUND('',#6763,.T.);
#6763 = EDGE_LOOP('',(#6764,#6765,#6771,#6772));
#6764 = ORIENTED_EDGE('',*,*,#5937,.T.);
#6765 = ORIENTED_EDGE('',*,*,#6766,.T.);
#6766 = EDGE_CURVE('',#5938,#6320,#6767,.T.);
#6767 = LINE('',#6768,#6769);
#6768 = CARTESIAN_POINT('',(192.46,-118.208,-4.6E-02));
#6769 = VECTOR('',#6770,1.);
#6770 = DIRECTION('',(0.,0.,1.));
#6771 = ORIENTED_EDGE('',*,*,#6319,.F.);
#6772 = ORIENTED_EDGE('',*,*,#6766,.F.);
#6773 = CYLINDRICAL_SURFACE('',#6774,0.508);
#6774 = AXIS2_PLACEMENT_3D('',#6775,#6776,#6777);
#6775 = CARTESIAN_POINT('',(192.46,-117.7,-4.6E-02));
#6776 = DIRECTION('',(-0.,0.,-1.));
#6777 = DIRECTION('',(5.594824691024E-14,-1.,-0.));
#6778 = ADVANCED_FACE('',(#6779),#6790,.F.);
#6779 = FACE_BOUND('',#6780,.T.);
#6780 = EDGE_LOOP('',(#6781,#6782,#6788,#6789));
#6781 = ORIENTED_EDGE('',*,*,#5948,.T.);
#6782 = ORIENTED_EDGE('',*,*,#6783,.T.);
#6783 = EDGE_CURVE('',#5949,#6331,#6784,.T.);
#6784 = LINE('',#6785,#6786);
#6785 = CARTESIAN_POINT('',(186.5,-113.55,-4.6E-02));
#6786 = VECTOR('',#6787,1.);
#6787 = DIRECTION('',(0.,0.,1.));
#6788 = ORIENTED_EDGE('',*,*,#6330,.F.);
#6789 = ORIENTED_EDGE('',*,*,#6783,.F.);
#6790 = CYLINDRICAL_SURFACE('',#6791,0.55);
#6791 = AXIS2_PLACEMENT_3D('',#6792,#6793,#6794);
#6792 = CARTESIAN_POINT('',(186.5,-113.,-4.6E-02));
#6793 = DIRECTION('',(-0.,-0.,-1.));
#6794 = DIRECTION('',(-0.,-1.,0.));
#6795 = ADVANCED_FACE('',(#6796),#6807,.F.);
#6796 = FACE_BOUND('',#6797,.T.);
#6797 = EDGE_LOOP('',(#6798,#6799,#6805,#6806));
#6798 = ORIENTED_EDGE('',*,*,#5959,.T.);
#6799 = ORIENTED_EDGE('',*,*,#6800,.T.);
#6800 = EDGE_CURVE('',#5960,#6342,#6801,.T.);
#6801 = LINE('',#6802,#6803);
#6802 = CARTESIAN_POINT('',(197.54,-118.208,-4.6E-02));
#6803 = VECTOR('',#6804,1.);
#6804 = DIRECTION('',(0.,0.,1.));
#6805 = ORIENTED_EDGE('',*,*,#6341,.F.);
#6806 = ORIENTED_EDGE('',*,*,#6800,.F.);
#6807 = CYLINDRICAL_SURFACE('',#6808,0.508);
#6808 = AXIS2_PLACEMENT_3D('',#6809,#6810,#6811);
#6809 = CARTESIAN_POINT('',(197.54,-117.7,-4.6E-02));
#6810 = DIRECTION('',(-0.,-0.,-1.));
#6811 = DIRECTION('',(-5.594824691025E-14,-1.,0.));
#6812 = ADVANCED_FACE('',(#6813),#6824,.F.);
#6813 = FACE_BOUND('',#6814,.T.);
#6814 = EDGE_LOOP('',(#6815,#6816,#6822,#6823));
#6815 = ORIENTED_EDGE('',*,*,#5970,.T.);
#6816 = ORIENTED_EDGE('',*,*,#6817,.T.);
#6817 = EDGE_CURVE('',#5971,#6353,#6818,.T.);
#6818 = LINE('',#6819,#6820);
#6819 = CARTESIAN_POINT('',(187.38,-108.048,-4.6E-02));
#6820 = VECTOR('',#6821,1.);
#6821 = DIRECTION('',(0.,0.,1.));
#6822 = ORIENTED_EDGE('',*,*,#6352,.F.);
#6823 = ORIENTED_EDGE('',*,*,#6817,.F.);
#6824 = CYLINDRICAL_SURFACE('',#6825,0.508);
#6825 = AXIS2_PLACEMENT_3D('',#6826,#6827,#6828);
#6826 = CARTESIAN_POINT('',(187.38,-107.54,-4.6E-02));
#6827 = DIRECTION('',(-0.,-0.,-1.));
#6828 = DIRECTION('',(-0.,-1.,0.));
#6829 = ADVANCED_FACE('',(#6830),#6841,.F.);
#6830 = FACE_BOUND('',#6831,.T.);
#6831 = EDGE_LOOP('',(#6832,#6833,#6839,#6840));
#6832 = ORIENTED_EDGE('',*,*,#5981,.T.);
#6833 = ORIENTED_EDGE('',*,*,#6834,.T.);
#6834 = EDGE_CURVE('',#5982,#6364,#6835,.T.);
#6835 = LINE('',#6836,#6837);
#6836 = CARTESIAN_POINT('',(187.38,-105.508,-4.6E-02));
#6837 = VECTOR('',#6838,1.);
#6838 = DIRECTION('',(0.,0.,1.));
#6839 = ORIENTED_EDGE('',*,*,#6363,.F.);
#6840 = ORIENTED_EDGE('',*,*,#6834,.F.);
#6841 = CYLINDRICAL_SURFACE('',#6842,0.508);
#6842 = AXIS2_PLACEMENT_3D('',#6843,#6844,#6845);
#6843 = CARTESIAN_POINT('',(187.38,-105.,-4.6E-02));
#6844 = DIRECTION('',(-0.,-0.,-1.));
#6845 = DIRECTION('',(-0.,-1.,0.));
#6846 = ADVANCED_FACE('',(#6847),#6858,.F.);
#6847 = FACE_BOUND('',#6848,.T.);
#6848 = EDGE_LOOP('',(#6849,#6850,#6856,#6857));
#6849 = ORIENTED_EDGE('',*,*,#5992,.T.);
#6850 = ORIENTED_EDGE('',*,*,#6851,.T.);
#6851 = EDGE_CURVE('',#5993,#6375,#6852,.T.);
#6852 = LINE('',#6853,#6854);
#6853 = CARTESIAN_POINT('',(187.38,-102.968,-4.6E-02));
#6854 = VECTOR('',#6855,1.);
#6855 = DIRECTION('',(0.,0.,1.));
#6856 = ORIENTED_EDGE('',*,*,#6374,.F.);
#6857 = ORIENTED_EDGE('',*,*,#6851,.F.);
#6858 = CYLINDRICAL_SURFACE('',#6859,0.508);
#6859 = AXIS2_PLACEMENT_3D('',#6860,#6861,#6862);
#6860 = CARTESIAN_POINT('',(187.38,-102.46,-4.6E-02));
#6861 = DIRECTION('',(-0.,-0.,-1.));
#6862 = DIRECTION('',(-0.,-1.,0.));
#6863 = ADVANCED_FACE('',(#6864),#6875,.F.);
#6864 = FACE_BOUND('',#6865,.T.);
#6865 = EDGE_LOOP('',(#6866,#6867,#6873,#6874));
#6866 = ORIENTED_EDGE('',*,*,#6003,.T.);
#6867 = ORIENTED_EDGE('',*,*,#6868,.T.);
#6868 = EDGE_CURVE('',#6004,#6386,#6869,.T.);
#6869 = LINE('',#6870,#6871);
#6870 = CARTESIAN_POINT('',(202.62,-108.048,-4.6E-02));
#6871 = VECTOR('',#6872,1.);
#6872 = DIRECTION('',(0.,0.,1.));
#6873 = ORIENTED_EDGE('',*,*,#6385,.F.);
#6874 = ORIENTED_EDGE('',*,*,#6868,.F.);
#6875 = CYLINDRICAL_SURFACE('',#6876,0.508);
#6876 = AXIS2_PLACEMENT_3D('',#6877,#6878,#6879);
#6877 = CARTESIAN_POINT('',(202.62,-107.54,-4.6E-02));
#6878 = DIRECTION('',(-0.,-0.,-1.));
#6879 = DIRECTION('',(-0.,-1.,0.));
#6880 = ADVANCED_FACE('',(#6881),#6892,.F.);
#6881 = FACE_BOUND('',#6882,.T.);
#6882 = EDGE_LOOP('',(#6883,#6884,#6890,#6891));
#6883 = ORIENTED_EDGE('',*,*,#6014,.T.);
#6884 = ORIENTED_EDGE('',*,*,#6885,.T.);
#6885 = EDGE_CURVE('',#6015,#6397,#6886,.T.);
#6886 = LINE('',#6887,#6888);
#6887 = CARTESIAN_POINT('',(202.62,-105.508,-4.6E-02));
#6888 = VECTOR('',#6889,1.);
#6889 = DIRECTION('',(0.,0.,1.));
#6890 = ORIENTED_EDGE('',*,*,#6396,.F.);
#6891 = ORIENTED_EDGE('',*,*,#6885,.F.);
#6892 = CYLINDRICAL_SURFACE('',#6893,0.508);
#6893 = AXIS2_PLACEMENT_3D('',#6894,#6895,#6896);
#6894 = CARTESIAN_POINT('',(202.62,-105.,-4.6E-02));
#6895 = DIRECTION('',(-0.,-0.,-1.));
#6896 = DIRECTION('',(-0.,-1.,0.));
#6897 = ADVANCED_FACE('',(#6898),#6909,.F.);
#6898 = FACE_BOUND('',#6899,.T.);
#6899 = EDGE_LOOP('',(#6900,#6901,#6907,#6908));
#6900 = ORIENTED_EDGE('',*,*,#6025,.T.);
#6901 = ORIENTED_EDGE('',*,*,#6902,.T.);
#6902 = EDGE_CURVE('',#6026,#6408,#6903,.T.);
#6903 = LINE('',#6904,#6905);
#6904 = CARTESIAN_POINT('',(202.62,-102.968,-4.6E-02));
#6905 = VECTOR('',#6906,1.);
#6906 = DIRECTION('',(0.,0.,1.));
#6907 = ORIENTED_EDGE('',*,*,#6407,.F.);
#6908 = ORIENTED_EDGE('',*,*,#6902,.F.);
#6909 = CYLINDRICAL_SURFACE('',#6910,0.508);
#6910 = AXIS2_PLACEMENT_3D('',#6911,#6912,#6913);
#6911 = CARTESIAN_POINT('',(202.62,-102.46,-4.6E-02));
#6912 = DIRECTION('',(-0.,-0.,-1.));
#6913 = DIRECTION('',(-0.,-1.,0.));
#6914 = ADVANCED_FACE('',(#6915),#6926,.F.);
#6915 = FACE_BOUND('',#6916,.T.);
#6916 = EDGE_LOOP('',(#6917,#6918,#6924,#6925));
#6917 = ORIENTED_EDGE('',*,*,#6036,.T.);
#6918 = ORIENTED_EDGE('',*,*,#6919,.T.);
#6919 = EDGE_CURVE('',#6037,#6419,#6920,.T.);
#6920 = LINE('',#6921,#6922);
#6921 = CARTESIAN_POINT('',(157.14,-100.425,-4.6E-02));
#6922 = VECTOR('',#6923,1.);
#6923 = DIRECTION('',(0.,0.,1.));
#6924 = ORIENTED_EDGE('',*,*,#6418,.F.);
#6925 = ORIENTED_EDGE('',*,*,#6919,.F.);
#6926 = CYLINDRICAL_SURFACE('',#6927,0.425);
#6927 = AXIS2_PLACEMENT_3D('',#6928,#6929,#6930);
#6928 = CARTESIAN_POINT('',(157.14,-100.,-4.6E-02));
#6929 = DIRECTION('',(-0.,-0.,-1.));
#6930 = DIRECTION('',(-0.,-1.,0.));
#6931 = ADVANCED_FACE('',(#6932),#6943,.F.);
#6932 = FACE_BOUND('',#6933,.T.);
#6933 = EDGE_LOOP('',(#6934,#6940,#6941,#6942));
#6934 = ORIENTED_EDGE('',*,*,#6935,.T.);
#6935 = EDGE_CURVE('',#6048,#6430,#6936,.T.);
#6936 = LINE('',#6937,#6938);
#6937 = CARTESIAN_POINT('',(156.02,-96.19,0.));
#6938 = VECTOR('',#6939,1.);
#6939 = DIRECTION('',(0.,0.,1.));
#6940 = ORIENTED_EDGE('',*,*,#6429,.T.);
#6941 = ORIENTED_EDGE('',*,*,#6935,.F.);
#6942 = ORIENTED_EDGE('',*,*,#6047,.F.);
#6943 = CYLINDRICAL_SURFACE('',#6944,0.95);
#6944 = AXIS2_PLACEMENT_3D('',#6945,#6946,#6947);
#6945 = CARTESIAN_POINT('',(155.07,-96.19,0.));
#6946 = DIRECTION('',(-0.,-0.,-1.));
#6947 = DIRECTION('',(1.,0.,-0.));
#6948 = ADVANCED_FACE('',(#6949),#6960,.F.);
#6949 = FACE_BOUND('',#6950,.T.);
#6950 = EDGE_LOOP('',(#6951,#6952,#6958,#6959));
#6951 = ORIENTED_EDGE('',*,*,#6058,.T.);
#6952 = ORIENTED_EDGE('',*,*,#6953,.T.);
#6953 = EDGE_CURVE('',#6059,#6441,#6954,.T.);
#6954 = LINE('',#6955,#6956);
#6955 = CARTESIAN_POINT('',(157.14,-92.805,-4.6E-02));
#6956 = VECTOR('',#6957,1.);
#6957 = DIRECTION('',(0.,0.,1.));
#6958 = ORIENTED_EDGE('',*,*,#6440,.F.);
#6959 = ORIENTED_EDGE('',*,*,#6953,.F.);
#6960 = CYLINDRICAL_SURFACE('',#6961,0.425);
#6961 = AXIS2_PLACEMENT_3D('',#6962,#6963,#6964);
#6962 = CARTESIAN_POINT('',(157.14,-92.38,-4.6E-02));
#6963 = DIRECTION('',(-0.,-0.,-1.));
#6964 = DIRECTION('',(-0.,-1.,0.));
#6965 = ADVANCED_FACE('',(#6966),#6977,.F.);
#6966 = FACE_BOUND('',#6967,.T.);
#6967 = EDGE_LOOP('',(#6968,#6969,#6975,#6976));
#6968 = ORIENTED_EDGE('',*,*,#6069,.T.);
#6969 = ORIENTED_EDGE('',*,*,#6970,.T.);
#6970 = EDGE_CURVE('',#6070,#6452,#6971,.T.);
#6971 = LINE('',#6972,#6973);
#6972 = CARTESIAN_POINT('',(180.,-100.425,-4.6E-02));
#6973 = VECTOR('',#6974,1.);
#6974 = DIRECTION('',(0.,0.,1.));
#6975 = ORIENTED_EDGE('',*,*,#6451,.F.);
#6976 = ORIENTED_EDGE('',*,*,#6970,.F.);
#6977 = CYLINDRICAL_SURFACE('',#6978,0.425);
#6978 = AXIS2_PLACEMENT_3D('',#6979,#6980,#6981);
#6979 = CARTESIAN_POINT('',(180.,-100.,-4.6E-02));
#6980 = DIRECTION('',(-0.,-0.,-1.));
#6981 = DIRECTION('',(-0.,-1.,0.));
#6982 = ADVANCED_FACE('',(#6983),#6994,.F.);
#6983 = FACE_BOUND('',#6984,.T.);
#6984 = EDGE_LOOP('',(#6985,#6991,#6992,#6993));
#6985 = ORIENTED_EDGE('',*,*,#6986,.T.);
#6986 = EDGE_CURVE('',#6081,#6463,#6987,.T.);
#6987 = LINE('',#6988,#6989);
#6988 = CARTESIAN_POINT('',(183.02,-96.19,0.));
#6989 = VECTOR('',#6990,1.);
#6990 = DIRECTION('',(0.,0.,1.));
#6991 = ORIENTED_EDGE('',*,*,#6462,.T.);
#6992 = ORIENTED_EDGE('',*,*,#6986,.F.);
#6993 = ORIENTED_EDGE('',*,*,#6080,.F.);
#6994 = CYLINDRICAL_SURFACE('',#6995,0.95);
#6995 = AXIS2_PLACEMENT_3D('',#6996,#6997,#6998);
#6996 = CARTESIAN_POINT('',(182.07,-96.19,0.));
#6997 = DIRECTION('',(-0.,-0.,-1.));
#6998 = DIRECTION('',(1.,0.,-0.));
#6999 = ADVANCED_FACE('',(#7000),#7011,.F.);
#7000 = FACE_BOUND('',#7001,.T.);
#7001 = EDGE_LOOP('',(#7002,#7003,#7009,#7010));
#7002 = ORIENTED_EDGE('',*,*,#6091,.T.);
#7003 = ORIENTED_EDGE('',*,*,#7004,.T.);
#7004 = EDGE_CURVE('',#6092,#6474,#7005,.T.);
#7005 = LINE('',#7006,#7007);
#7006 = CARTESIAN_POINT('',(180.,-92.805,-4.6E-02));
#7007 = VECTOR('',#7008,1.);
#7008 = DIRECTION('',(0.,0.,1.));
#7009 = ORIENTED_EDGE('',*,*,#6473,.F.);
#7010 = ORIENTED_EDGE('',*,*,#7004,.F.);
#7011 = CYLINDRICAL_SURFACE('',#7012,0.425);
#7012 = AXIS2_PLACEMENT_3D('',#7013,#7014,#7015);
#7013 = CARTESIAN_POINT('',(180.,-92.38,-4.6E-02));
#7014 = DIRECTION('',(-0.,-0.,-1.));
#7015 = DIRECTION('',(-0.,-1.,0.));
#7016 = ADVANCED_FACE('',(#7017),#7028,.F.);
#7017 = FACE_BOUND('',#7018,.T.);
#7018 = EDGE_LOOP('',(#7019,#7025,#7026,#7027));
#7019 = ORIENTED_EDGE('',*,*,#7020,.T.);
#7020 = EDGE_CURVE('',#6103,#6485,#7021,.T.);
#7021 = LINE('',#7022,#7023);
#7022 = CARTESIAN_POINT('',(170.52,-86.19,0.));
#7023 = VECTOR('',#7024,1.);
#7024 = DIRECTION('',(0.,0.,1.));
#7025 = ORIENTED_EDGE('',*,*,#6484,.T.);
#7026 = ORIENTED_EDGE('',*,*,#7020,.F.);
#7027 = ORIENTED_EDGE('',*,*,#6102,.F.);
#7028 = CYLINDRICAL_SURFACE('',#7029,1.95);
#7029 = AXIS2_PLACEMENT_3D('',#7030,#7031,#7032);
#7030 = CARTESIAN_POINT('',(168.57,-86.19,0.));
#7031 = DIRECTION('',(-0.,-0.,-1.));
#7032 = DIRECTION('',(1.,0.,-0.));
#7033 = ADVANCED_FACE('',(#7034),#7045,.F.);
#7034 = FACE_BOUND('',#7035,.T.);
#7035 = EDGE_LOOP('',(#7036,#7037,#7043,#7044));
#7036 = ORIENTED_EDGE('',*,*,#6113,.T.);
#7037 = ORIENTED_EDGE('',*,*,#7038,.T.);
#7038 = EDGE_CURVE('',#6114,#6496,#7039,.T.);
#7039 = LINE('',#7040,#7041);
#7040 = CARTESIAN_POINT('',(187.38,-100.428,-4.6E-02));
#7041 = VECTOR('',#7042,1.);
#7042 = DIRECTION('',(0.,0.,1.));
#7043 = ORIENTED_EDGE('',*,*,#6495,.F.);
#7044 = ORIENTED_EDGE('',*,*,#7038,.F.);
#7045 = CYLINDRICAL_SURFACE('',#7046,0.508);
#7046 = AXIS2_PLACEMENT_3D('',#7047,#7048,#7049);
#7047 = CARTESIAN_POINT('',(187.38,-99.92,-4.6E-02));
#7048 = DIRECTION('',(-0.,-0.,-1.));
#7049 = DIRECTION('',(-0.,-1.,0.));
#7050 = ADVANCED_FACE('',(#7051),#7062,.F.);
#7051 = FACE_BOUND('',#7052,.T.);
#7052 = EDGE_LOOP('',(#7053,#7054,#7060,#7061));
#7053 = ORIENTED_EDGE('',*,*,#6124,.T.);
#7054 = ORIENTED_EDGE('',*,*,#7055,.T.);
#7055 = EDGE_CURVE('',#6125,#6507,#7056,.T.);
#7056 = LINE('',#7057,#7058);
#7057 = CARTESIAN_POINT('',(187.38,-97.888,-4.6E-02));
#7058 = VECTOR('',#7059,1.);
#7059 = DIRECTION('',(0.,0.,1.));
#7060 = ORIENTED_EDGE('',*,*,#6506,.F.);
#7061 = ORIENTED_EDGE('',*,*,#7055,.F.);
#7062 = CYLINDRICAL_SURFACE('',#7063,0.508);
#7063 = AXIS2_PLACEMENT_3D('',#7064,#7065,#7066);
#7064 = CARTESIAN_POINT('',(187.38,-97.38,-4.6E-02));
#7065 = DIRECTION('',(-0.,-0.,-1.));
#7066 = DIRECTION('',(-0.,-1.,0.));
#7067 = ADVANCED_FACE('',(#7068),#7079,.F.);
#7068 = FACE_BOUND('',#7069,.T.);
#7069 = EDGE_LOOP('',(#7070,#7071,#7077,#7078));
#7070 = ORIENTED_EDGE('',*,*,#6135,.T.);
#7071 = ORIENTED_EDGE('',*,*,#7072,.T.);
#7072 = EDGE_CURVE('',#6136,#6518,#7073,.T.);
#7073 = LINE('',#7074,#7075);
#7074 = CARTESIAN_POINT('',(187.38,-95.348,-4.6E-02));
#7075 = VECTOR('',#7076,1.);
#7076 = DIRECTION('',(0.,0.,1.));
#7077 = ORIENTED_EDGE('',*,*,#6517,.F.);
#7078 = ORIENTED_EDGE('',*,*,#7072,.F.);
#7079 = CYLINDRICAL_SURFACE('',#7080,0.508);
#7080 = AXIS2_PLACEMENT_3D('',#7081,#7082,#7083);
#7081 = CARTESIAN_POINT('',(187.38,-94.84,-4.6E-02));
#7082 = DIRECTION('',(-0.,-0.,-1.));
#7083 = DIRECTION('',(-0.,-1.,0.));
#7084 = ADVANCED_FACE('',(#7085),#7096,.F.);
#7085 = FACE_BOUND('',#7086,.T.);
#7086 = EDGE_LOOP('',(#7087,#7088,#7094,#7095));
#7087 = ORIENTED_EDGE('',*,*,#6146,.T.);
#7088 = ORIENTED_EDGE('',*,*,#7089,.T.);
#7089 = EDGE_CURVE('',#6147,#6529,#7090,.T.);
#7090 = LINE('',#7091,#7092);
#7091 = CARTESIAN_POINT('',(187.38,-92.808,-4.6E-02));
#7092 = VECTOR('',#7093,1.);
#7093 = DIRECTION('',(0.,0.,1.));
#7094 = ORIENTED_EDGE('',*,*,#6528,.F.);
#7095 = ORIENTED_EDGE('',*,*,#7089,.F.);
#7096 = CYLINDRICAL_SURFACE('',#7097,0.508);
#7097 = AXIS2_PLACEMENT_3D('',#7098,#7099,#7100);
#7098 = CARTESIAN_POINT('',(187.38,-92.3,-4.6E-02));
#7099 = DIRECTION('',(-0.,-0.,-1.));
#7100 = DIRECTION('',(-0.,-1.,0.));
#7101 = ADVANCED_FACE('',(#7102),#7113,.F.);
#7102 = FACE_BOUND('',#7103,.T.);
#7103 = EDGE_LOOP('',(#7104,#7105,#7111,#7112));
#7104 = ORIENTED_EDGE('',*,*,#6157,.T.);
#7105 = ORIENTED_EDGE('',*,*,#7106,.T.);
#7106 = EDGE_CURVE('',#6158,#6540,#7107,.T.);
#7107 = LINE('',#7108,#7109);
#7108 = CARTESIAN_POINT('',(202.62,-100.428,-4.6E-02));
#7109 = VECTOR('',#7110,1.);
#7110 = DIRECTION('',(0.,0.,1.));
#7111 = ORIENTED_EDGE('',*,*,#6539,.F.);
#7112 = ORIENTED_EDGE('',*,*,#7106,.F.);
#7113 = CYLINDRICAL_SURFACE('',#7114,0.508);
#7114 = AXIS2_PLACEMENT_3D('',#7115,#7116,#7117);
#7115 = CARTESIAN_POINT('',(202.62,-99.92,-4.6E-02));
#7116 = DIRECTION('',(-0.,-0.,-1.));
#7117 = DIRECTION('',(-0.,-1.,0.));
#7118 = ADVANCED_FACE('',(#7119),#7130,.F.);
#7119 = FACE_BOUND('',#7120,.T.);
#7120 = EDGE_LOOP('',(#7121,#7122,#7128,#7129));
#7121 = ORIENTED_EDGE('',*,*,#6168,.T.);
#7122 = ORIENTED_EDGE('',*,*,#7123,.T.);
#7123 = EDGE_CURVE('',#6169,#6551,#7124,.T.);
#7124 = LINE('',#7125,#7126);
#7125 = CARTESIAN_POINT('',(202.62,-97.888,-4.6E-02));
#7126 = VECTOR('',#7127,1.);
#7127 = DIRECTION('',(0.,0.,1.));
#7128 = ORIENTED_EDGE('',*,*,#6550,.F.);
#7129 = ORIENTED_EDGE('',*,*,#7123,.F.);
#7130 = CYLINDRICAL_SURFACE('',#7131,0.508);
#7131 = AXIS2_PLACEMENT_3D('',#7132,#7133,#7134);
#7132 = CARTESIAN_POINT('',(202.62,-97.38,-4.6E-02));
#7133 = DIRECTION('',(-0.,-0.,-1.));
#7134 = DIRECTION('',(-0.,-1.,0.));
#7135 = ADVANCED_FACE('',(#7136),#7147,.F.);
#7136 = FACE_BOUND('',#7137,.T.);
#7137 = EDGE_LOOP('',(#7138,#7139,#7145,#7146));
#7138 = ORIENTED_EDGE('',*,*,#6179,.T.);
#7139 = ORIENTED_EDGE('',*,*,#7140,.T.);
#7140 = EDGE_CURVE('',#6180,#6562,#7141,.T.);
#7141 = LINE('',#7142,#7143);
#7142 = CARTESIAN_POINT('',(202.62,-95.348,-4.6E-02));
#7143 = VECTOR('',#7144,1.);
#7144 = DIRECTION('',(0.,0.,1.));
#7145 = ORIENTED_EDGE('',*,*,#6561,.F.);
#7146 = ORIENTED_EDGE('',*,*,#7140,.F.);
#7147 = CYLINDRICAL_SURFACE('',#7148,0.508);
#7148 = AXIS2_PLACEMENT_3D('',#7149,#7150,#7151);
#7149 = CARTESIAN_POINT('',(202.62,-94.84,-4.6E-02));
#7150 = DIRECTION('',(-0.,-0.,-1.));
#7151 = DIRECTION('',(-0.,-1.,0.));
#7152 = ADVANCED_FACE('',(#7153),#7164,.F.);
#7153 = FACE_BOUND('',#7154,.T.);
#7154 = EDGE_LOOP('',(#7155,#7156,#7162,#7163));
#7155 = ORIENTED_EDGE('',*,*,#6190,.T.);
#7156 = ORIENTED_EDGE('',*,*,#7157,.T.);
#7157 = EDGE_CURVE('',#6191,#6573,#7158,.T.);
#7158 = LINE('',#7159,#7160);
#7159 = CARTESIAN_POINT('',(202.62,-92.808,-4.6E-02));
#7160 = VECTOR('',#7161,1.);
#7161 = DIRECTION('',(0.,0.,1.));
#7162 = ORIENTED_EDGE('',*,*,#6572,.F.);
#7163 = ORIENTED_EDGE('',*,*,#7157,.F.);
#7164 = CYLINDRICAL_SURFACE('',#7165,0.508);
#7165 = AXIS2_PLACEMENT_3D('',#7166,#7167,#7168);
#7166 = CARTESIAN_POINT('',(202.62,-92.3,-4.6E-02));
#7167 = DIRECTION('',(-0.,-0.,-1.));
#7168 = DIRECTION('',(-0.,-1.,0.));
#7169 = ADVANCED_FACE('',(#7170),#7181,.F.);
#7170 = FACE_BOUND('',#7171,.T.);
#7171 = EDGE_LOOP('',(#7172,#7173,#7179,#7180));
#7172 = ORIENTED_EDGE('',*,*,#6201,.T.);
#7173 = ORIENTED_EDGE('',*,*,#7174,.T.);
#7174 = EDGE_CURVE('',#6202,#6584,#7175,.T.);
#7175 = LINE('',#7176,#7177);
#7176 = CARTESIAN_POINT('',(210.,-83.85,-4.6E-02));
#7177 = VECTOR('',#7178,1.);
#7178 = DIRECTION('',(0.,0.,1.));
#7179 = ORIENTED_EDGE('',*,*,#6583,.F.);
#7180 = ORIENTED_EDGE('',*,*,#7174,.F.);
#7181 = CYLINDRICAL_SURFACE('',#7182,1.35);
#7182 = AXIS2_PLACEMENT_3D('',#7183,#7184,#7185);
#7183 = CARTESIAN_POINT('',(210.,-82.5,-4.6E-02));
#7184 = DIRECTION('',(-0.,-0.,-1.));
#7185 = DIRECTION('',(-0.,-1.,0.));
#7186 = ( GEOMETRIC_REPRESENTATION_CONTEXT(3) 
GLOBAL_UNCERTAINTY_ASSIGNED_CONTEXT((#7190)) 
GLOBAL_UNIT_ASSIGNED_CONTEXT((#7187,#7188,#7189)) REPRESENTATION_CONTEXT
('Context #1','3D Context with UNIT and UNCERTAINTY') );
#7187 = ( LENGTH_UNIT() NAMED_UNIT(*) SI_UNIT(.MILLI.,.METRE.) );
#7188 = ( NAMED_UNIT(*) PLANE_ANGLE_UNIT() SI_UNIT($,.RADIAN.) );
#7189 = ( NAMED_UNIT(*) SI_UNIT($,.STERADIAN.) SOLID_ANGLE_UNIT() );
#7190 = UNCERTAINTY_MEASURE_WITH_UNIT(LENGTH_MEASURE(1.E-07),#7187,
  'distance_accuracy_value','confusion accuracy');
#7191 = CONTEXT_DEPENDENT_SHAPE_REPRESENTATION(#7192,#7194);
#7192 = ( REPRESENTATION_RELATIONSHIP('','',#5725,#10) 
REPRESENTATION_RELATIONSHIP_WITH_TRANSFORMATION(#7193) 
SHAPE_REPRESENTATION_RELATIONSHIP() );
#7193 = ITEM_DEFINED_TRANSFORMATION('','',#11,#35);
#7194 = PRODUCT_DEFINITION_SHAPE('Placement','Placement of an item',
  #7195);
#7195 = NEXT_ASSEMBLY_USAGE_OCCURRENCE('6','=>[0:1:1:5]','',#5,#5720,$);
#7196 = PRODUCT_RELATED_PRODUCT_CATEGORY('part',$,(#5722));
#7197 = MECHANICAL_DESIGN_GEOMETRIC_PRESENTATION_REPRESENTATION('',(
    #7198,#7206,#7213,#7220,#7227,#7234,#7241,#7248,#7255,#7262,#7269,
    #7277,#7284,#7291,#7298,#7305,#7312,#7319,#7326,#7333,#7340,#7347,
    #7354,#7361,#7368,#7375,#7382,#7389),#2449);
#7198 = STYLED_ITEM('color',(#7199),#1597);
#7199 = PRESENTATION_STYLE_ASSIGNMENT((#7200));
#7200 = SURFACE_STYLE_USAGE(.BOTH.,#7201);
#7201 = SURFACE_SIDE_STYLE('',(#7202));
#7202 = SURFACE_STYLE_FILL_AREA(#7203);
#7203 = FILL_AREA_STYLE('',(#7204));
#7204 = FILL_AREA_STYLE_COLOUR('',#7205);
#7205 = COLOUR_RGB('',0.823999987314,0.819999987296,0.781000009244);
#7206 = STYLED_ITEM('color',(#7207),#1673);
#7207 = PRESENTATION_STYLE_ASSIGNMENT((#7208));
#7208 = SURFACE_STYLE_USAGE(.BOTH.,#7209);
#7209 = SURFACE_SIDE_STYLE('',(#7210));
#7210 = SURFACE_STYLE_FILL_AREA(#7211);
#7211 = FILL_AREA_STYLE('',(#7212));
#7212 = FILL_AREA_STYLE_COLOUR('',#7205);
#7213 = STYLED_ITEM('color',(#7214),#1704);
#7214 = PRESENTATION_STYLE_ASSIGNMENT((#7215));
#7215 = SURFACE_STYLE_USAGE(.BOTH.,#7216);
#7216 = SURFACE_SIDE_STYLE('',(#7217));
#7217 = SURFACE_STYLE_FILL_AREA(#7218);
#7218 = FILL_AREA_STYLE('',(#7219));
#7219 = FILL_AREA_STYLE_COLOUR('',#7205);
#7220 = STYLED_ITEM('color',(#7221),#1729);
#7221 = PRESENTATION_STYLE_ASSIGNMENT((#7222));
#7222 = SURFACE_STYLE_USAGE(.BOTH.,#7223);
#7223 = SURFACE_SIDE_STYLE('',(#7224));
#7224 = SURFACE_STYLE_FILL_AREA(#7225);
#7225 = FILL_AREA_STYLE('',(#7226));
#7226 = FILL_AREA_STYLE_COLOUR('',#7205);
#7227 = STYLED_ITEM('color',(#7228),#1754);
#7228 = PRESENTATION_STYLE_ASSIGNMENT((#7229));
#7229 = SURFACE_STYLE_USAGE(.BOTH.,#7230);
#7230 = SURFACE_SIDE_STYLE('',(#7231));
#7231 = SURFACE_STYLE_FILL_AREA(#7232);
#7232 = FILL_AREA_STYLE('',(#7233));
#7233 = FILL_AREA_STYLE_COLOUR('',#7205);
#7234 = STYLED_ITEM('color',(#7235),#1778);
#7235 = PRESENTATION_STYLE_ASSIGNMENT((#7236));
#7236 = SURFACE_STYLE_USAGE(.BOTH.,#7237);
#7237 = SURFACE_SIDE_STYLE('',(#7238));
#7238 = SURFACE_STYLE_FILL_AREA(#7239);
#7239 = FILL_AREA_STYLE('',(#7240));
#7240 = FILL_AREA_STYLE_COLOUR('',#7205);
#7241 = STYLED_ITEM('color',(#7242),#1802);
#7242 = PRESENTATION_STYLE_ASSIGNMENT((#7243));
#7243 = SURFACE_STYLE_USAGE(.BOTH.,#7244);
#7244 = SURFACE_SIDE_STYLE('',(#7245));
#7245 = SURFACE_STYLE_FILL_AREA(#7246);
#7246 = FILL_AREA_STYLE('',(#7247));
#7247 = FILL_AREA_STYLE_COLOUR('',#7205);
#7248 = STYLED_ITEM('color',(#7249),#1827);
#7249 = PRESENTATION_STYLE_ASSIGNMENT((#7250));
#7250 = SURFACE_STYLE_USAGE(.BOTH.,#7251);
#7251 = SURFACE_SIDE_STYLE('',(#7252));
#7252 = SURFACE_STYLE_FILL_AREA(#7253);
#7253 = FILL_AREA_STYLE('',(#7254));
#7254 = FILL_AREA_STYLE_COLOUR('',#7205);
#7255 = STYLED_ITEM('color',(#7256),#1852);
#7256 = PRESENTATION_STYLE_ASSIGNMENT((#7257));
#7257 = SURFACE_STYLE_USAGE(.BOTH.,#7258);
#7258 = SURFACE_SIDE_STYLE('',(#7259));
#7259 = SURFACE_STYLE_FILL_AREA(#7260);
#7260 = FILL_AREA_STYLE('',(#7261));
#7261 = FILL_AREA_STYLE_COLOUR('',#7205);
#7262 = STYLED_ITEM('color',(#7263),#1869);
#7263 = PRESENTATION_STYLE_ASSIGNMENT((#7264));
#7264 = SURFACE_STYLE_USAGE(.BOTH.,#7265);
#7265 = SURFACE_SIDE_STYLE('',(#7266));
#7266 = SURFACE_STYLE_FILL_AREA(#7267);
#7267 = FILL_AREA_STYLE('',(#7268));
#7268 = FILL_AREA_STYLE_COLOUR('',#7205);
#7269 = STYLED_ITEM('color',(#7270),#1955);
#7270 = PRESENTATION_STYLE_ASSIGNMENT((#7271));
#7271 = SURFACE_STYLE_USAGE(.BOTH.,#7272);
#7272 = SURFACE_SIDE_STYLE('',(#7273));
#7273 = SURFACE_STYLE_FILL_AREA(#7274);
#7274 = FILL_AREA_STYLE('',(#7275));
#7275 = FILL_AREA_STYLE_COLOUR('',#7276);
#7276 = COLOUR_RGB('',0.379000005575,0.270000008848,0.214999999939);
#7277 = STYLED_ITEM('color',(#7278),#1987);
#7278 = PRESENTATION_STYLE_ASSIGNMENT((#7279));
#7279 = SURFACE_STYLE_USAGE(.BOTH.,#7280);
#7280 = SURFACE_SIDE_STYLE('',(#7281));
#7281 = SURFACE_STYLE_FILL_AREA(#7282);
#7282 = FILL_AREA_STYLE('',(#7283));
#7283 = FILL_AREA_STYLE_COLOUR('',#7276);
#7284 = STYLED_ITEM('color',(#7285),#2011);
#7285 = PRESENTATION_STYLE_ASSIGNMENT((#7286));
#7286 = SURFACE_STYLE_USAGE(.BOTH.,#7287);
#7287 = SURFACE_SIDE_STYLE('',(#7288));
#7288 = SURFACE_STYLE_FILL_AREA(#7289);
#7289 = FILL_AREA_STYLE('',(#7290));
#7290 = FILL_AREA_STYLE_COLOUR('',#7276);
#7291 = STYLED_ITEM('color',(#7292),#2036);
#7292 = PRESENTATION_STYLE_ASSIGNMENT((#7293));
#7293 = SURFACE_STYLE_USAGE(.BOTH.,#7294);
#7294 = SURFACE_SIDE_STYLE('',(#7295));
#7295 = SURFACE_STYLE_FILL_AREA(#7296);
#7296 = FILL_AREA_STYLE('',(#7297));
#7297 = FILL_AREA_STYLE_COLOUR('',#7276);
#7298 = STYLED_ITEM('color',(#7299),#2060);
#7299 = PRESENTATION_STYLE_ASSIGNMENT((#7300));
#7300 = SURFACE_STYLE_USAGE(.BOTH.,#7301);
#7301 = SURFACE_SIDE_STYLE('',(#7302));
#7302 = SURFACE_STYLE_FILL_AREA(#7303);
#7303 = FILL_AREA_STYLE('',(#7304));
#7304 = FILL_AREA_STYLE_COLOUR('',#7276);
#7305 = STYLED_ITEM('color',(#7306),#2085);
#7306 = PRESENTATION_STYLE_ASSIGNMENT((#7307));
#7307 = SURFACE_STYLE_USAGE(.BOTH.,#7308);
#7308 = SURFACE_SIDE_STYLE('',(#7309));
#7309 = SURFACE_STYLE_FILL_AREA(#7310);
#7310 = FILL_AREA_STYLE('',(#7311));
#7311 = FILL_AREA_STYLE_COLOUR('',#7276);
#7312 = STYLED_ITEM('color',(#7313),#2109);
#7313 = PRESENTATION_STYLE_ASSIGNMENT((#7314));
#7314 = SURFACE_STYLE_USAGE(.BOTH.,#7315);
#7315 = SURFACE_SIDE_STYLE('',(#7316));
#7316 = SURFACE_STYLE_FILL_AREA(#7317);
#7317 = FILL_AREA_STYLE('',(#7318));
#7318 = FILL_AREA_STYLE_COLOUR('',#7276);
#7319 = STYLED_ITEM('color',(#7320),#2134);
#7320 = PRESENTATION_STYLE_ASSIGNMENT((#7321));
#7321 = SURFACE_STYLE_USAGE(.BOTH.,#7322);
#7322 = SURFACE_SIDE_STYLE('',(#7323));
#7323 = SURFACE_STYLE_FILL_AREA(#7324);
#7324 = FILL_AREA_STYLE('',(#7325));
#7325 = FILL_AREA_STYLE_COLOUR('',#7276);
#7326 = STYLED_ITEM('color',(#7327),#2151);
#7327 = PRESENTATION_STYLE_ASSIGNMENT((#7328));
#7328 = SURFACE_STYLE_USAGE(.BOTH.,#7329);
#7329 = SURFACE_SIDE_STYLE('',(#7330));
#7330 = SURFACE_STYLE_FILL_AREA(#7331);
#7331 = FILL_AREA_STYLE('',(#7332));
#7332 = FILL_AREA_STYLE_COLOUR('',#7205);
#7333 = STYLED_ITEM('color',(#7334),#2237);
#7334 = PRESENTATION_STYLE_ASSIGNMENT((#7335));
#7335 = SURFACE_STYLE_USAGE(.BOTH.,#7336);
#7336 = SURFACE_SIDE_STYLE('',(#7337));
#7337 = SURFACE_STYLE_FILL_AREA(#7338);
#7338 = FILL_AREA_STYLE('',(#7339));
#7339 = FILL_AREA_STYLE_COLOUR('',#7205);
#7340 = STYLED_ITEM('color',(#7341),#2268);
#7341 = PRESENTATION_STYLE_ASSIGNMENT((#7342));
#7342 = SURFACE_STYLE_USAGE(.BOTH.,#7343);
#7343 = SURFACE_SIDE_STYLE('',(#7344));
#7344 = SURFACE_STYLE_FILL_AREA(#7345);
#7345 = FILL_AREA_STYLE('',(#7346));
#7346 = FILL_AREA_STYLE_COLOUR('',#7205);
#7347 = STYLED_ITEM('color',(#7348),#2293);
#7348 = PRESENTATION_STYLE_ASSIGNMENT((#7349));
#7349 = SURFACE_STYLE_USAGE(.BOTH.,#7350);
#7350 = SURFACE_SIDE_STYLE('',(#7351));
#7351 = SURFACE_STYLE_FILL_AREA(#7352);
#7352 = FILL_AREA_STYLE('',(#7353));
#7353 = FILL_AREA_STYLE_COLOUR('',#7205);
#7354 = STYLED_ITEM('color',(#7355),#2318);
#7355 = PRESENTATION_STYLE_ASSIGNMENT((#7356));
#7356 = SURFACE_STYLE_USAGE(.BOTH.,#7357);
#7357 = SURFACE_SIDE_STYLE('',(#7358));
#7358 = SURFACE_STYLE_FILL_AREA(#7359);
#7359 = FILL_AREA_STYLE('',(#7360));
#7360 = FILL_AREA_STYLE_COLOUR('',#7205);
#7361 = STYLED_ITEM('color',(#7362),#2342);
#7362 = PRESENTATION_STYLE_ASSIGNMENT((#7363));
#7363 = SURFACE_STYLE_USAGE(.BOTH.,#7364);
#7364 = SURFACE_SIDE_STYLE('',(#7365));
#7365 = SURFACE_STYLE_FILL_AREA(#7366);
#7366 = FILL_AREA_STYLE('',(#7367));
#7367 = FILL_AREA_STYLE_COLOUR('',#7205);
#7368 = STYLED_ITEM('color',(#7369),#2366);
#7369 = PRESENTATION_STYLE_ASSIGNMENT((#7370));
#7370 = SURFACE_STYLE_USAGE(.BOTH.,#7371);
#7371 = SURFACE_SIDE_STYLE('',(#7372));
#7372 = SURFACE_STYLE_FILL_AREA(#7373);
#7373 = FILL_AREA_STYLE('',(#7374));
#7374 = FILL_AREA_STYLE_COLOUR('',#7205);
#7375 = STYLED_ITEM('color',(#7376),#2391);
#7376 = PRESENTATION_STYLE_ASSIGNMENT((#7377));
#7377 = SURFACE_STYLE_USAGE(.BOTH.,#7378);
#7378 = SURFACE_SIDE_STYLE('',(#7379));
#7379 = SURFACE_STYLE_FILL_AREA(#7380);
#7380 = FILL_AREA_STYLE('',(#7381));
#7381 = FILL_AREA_STYLE_COLOUR('',#7205);
#7382 = STYLED_ITEM('color',(#7383),#2416);
#7383 = PRESENTATION_STYLE_ASSIGNMENT((#7384));
#7384 = SURFACE_STYLE_USAGE(.BOTH.,#7385);
#7385 = SURFACE_SIDE_STYLE('',(#7386));
#7386 = SURFACE_STYLE_FILL_AREA(#7387);
#7387 = FILL_AREA_STYLE('',(#7388));
#7388 = FILL_AREA_STYLE_COLOUR('',#7205);
#7389 = STYLED_ITEM('color',(#7390),#2433);
#7390 = PRESENTATION_STYLE_ASSIGNMENT((#7391));
#7391 = SURFACE_STYLE_USAGE(.BOTH.,#7392);
#7392 = SURFACE_SIDE_STYLE('',(#7393));
#7393 = SURFACE_STYLE_FILL_AREA(#7394);
#7394 = FILL_AREA_STYLE('',(#7395));
#7395 = FILL_AREA_STYLE_COLOUR('',#7205);
#7396 = MECHANICAL_DESIGN_GEOMETRIC_PRESENTATION_REPRESENTATION('',(
    #7397,#7405,#7412,#7419,#7426,#7433,#7440,#7447,#7454,#7461,#7468,
    #7475,#7482,#7489,#7496,#7503,#7510,#7517,#7524,#7531,#7538,#7545,
    #7552,#7559,#7566,#7573,#7580,#7587,#7594,#7601,#7608,#7615,#7622,
    #7629,#7636,#7643,#7650,#7657,#7664,#7671,#7678,#7685,#7692,#7699,
    #7706,#7713,#7720,#7727,#7734,#7741,#7748,#7755,#7762,#7769,#7776,
    #7783,#7790,#7797,#7804,#7811,#7818,#7825,#7832,#7839,#7846,#7853,
    #7860,#7867,#7874,#7881,#7888,#7895,#7902,#7909,#7916,#7923,#7930,
    #7937,#7944,#7951,#7958,#7965,#7972,#7979,#7986,#7993,#8000,#8007,
    #8014,#8021,#8028,#8035,#8042,#8049,#8056,#8063,#8070,#8077,#8084,
    #8091,#8098,#8105,#8112,#8119,#8126),#5697);
#7397 = STYLED_ITEM('color',(#7398),#2470);
#7398 = PRESENTATION_STYLE_ASSIGNMENT((#7399));
#7399 = SURFACE_STYLE_USAGE(.BOTH.,#7400);
#7400 = SURFACE_SIDE_STYLE('',(#7401));
#7401 = SURFACE_STYLE_FILL_AREA(#7402);
#7402 = FILL_AREA_STYLE('',(#7403));
#7403 = FILL_AREA_STYLE_COLOUR('',#7404);
#7404 = COLOUR_RGB('',0.147999998088,0.144999993226,0.144999993226);
#7405 = STYLED_ITEM('color',(#7406),#2487);
#7406 = PRESENTATION_STYLE_ASSIGNMENT((#7407));
#7407 = SURFACE_STYLE_USAGE(.BOTH.,#7408);
#7408 = SURFACE_SIDE_STYLE('',(#7409));
#7409 = SURFACE_STYLE_FILL_AREA(#7410);
#7410 = FILL_AREA_STYLE('',(#7411));
#7411 = FILL_AREA_STYLE_COLOUR('',#7404);
#7412 = STYLED_ITEM('color',(#7413),#2512);
#7413 = PRESENTATION_STYLE_ASSIGNMENT((#7414));
#7414 = SURFACE_STYLE_USAGE(.BOTH.,#7415);
#7415 = SURFACE_SIDE_STYLE('',(#7416));
#7416 = SURFACE_STYLE_FILL_AREA(#7417);
#7417 = FILL_AREA_STYLE('',(#7418));
#7418 = FILL_AREA_STYLE_COLOUR('',#7205);
#7419 = STYLED_ITEM('color',(#7420),#2635);
#7420 = PRESENTATION_STYLE_ASSIGNMENT((#7421));
#7421 = SURFACE_STYLE_USAGE(.BOTH.,#7422);
#7422 = SURFACE_SIDE_STYLE('',(#7423));
#7423 = SURFACE_STYLE_FILL_AREA(#7424);
#7424 = FILL_AREA_STYLE('',(#7425));
#7425 = FILL_AREA_STYLE_COLOUR('',#7205);
#7426 = STYLED_ITEM('color',(#7427),#2666);
#7427 = PRESENTATION_STYLE_ASSIGNMENT((#7428));
#7428 = SURFACE_STYLE_USAGE(.BOTH.,#7429);
#7429 = SURFACE_SIDE_STYLE('',(#7430));
#7430 = SURFACE_STYLE_FILL_AREA(#7431);
#7431 = FILL_AREA_STYLE('',(#7432));
#7432 = FILL_AREA_STYLE_COLOUR('',#7205);
#7433 = STYLED_ITEM('color',(#7434),#2691);
#7434 = PRESENTATION_STYLE_ASSIGNMENT((#7435));
#7435 = SURFACE_STYLE_USAGE(.BOTH.,#7436);
#7436 = SURFACE_SIDE_STYLE('',(#7437));
#7437 = SURFACE_STYLE_FILL_AREA(#7438);
#7438 = FILL_AREA_STYLE('',(#7439));
#7439 = FILL_AREA_STYLE_COLOUR('',#7205);
#7440 = STYLED_ITEM('color',(#7441),#2716);
#7441 = PRESENTATION_STYLE_ASSIGNMENT((#7442));
#7442 = SURFACE_STYLE_USAGE(.BOTH.,#7443);
#7443 = SURFACE_SIDE_STYLE('',(#7444));
#7444 = SURFACE_STYLE_FILL_AREA(#7445);
#7445 = FILL_AREA_STYLE('',(#7446));
#7446 = FILL_AREA_STYLE_COLOUR('',#7205);
#7447 = STYLED_ITEM('color',(#7448),#2740);
#7448 = PRESENTATION_STYLE_ASSIGNMENT((#7449));
#7449 = SURFACE_STYLE_USAGE(.BOTH.,#7450);
#7450 = SURFACE_SIDE_STYLE('',(#7451));
#7451 = SURFACE_STYLE_FILL_AREA(#7452);
#7452 = FILL_AREA_STYLE('',(#7453));
#7453 = FILL_AREA_STYLE_COLOUR('',#7205);
#7454 = STYLED_ITEM('color',(#7455),#2764);
#7455 = PRESENTATION_STYLE_ASSIGNMENT((#7456));
#7456 = SURFACE_STYLE_USAGE(.BOTH.,#7457);
#7457 = SURFACE_SIDE_STYLE('',(#7458));
#7458 = SURFACE_STYLE_FILL_AREA(#7459);
#7459 = FILL_AREA_STYLE('',(#7460));
#7460 = FILL_AREA_STYLE_COLOUR('',#7205);
#7461 = STYLED_ITEM('color',(#7462),#2789);
#7462 = PRESENTATION_STYLE_ASSIGNMENT((#7463));
#7463 = SURFACE_STYLE_USAGE(.BOTH.,#7464);
#7464 = SURFACE_SIDE_STYLE('',(#7465));
#7465 = SURFACE_STYLE_FILL_AREA(#7466);
#7466 = FILL_AREA_STYLE('',(#7467));
#7467 = FILL_AREA_STYLE_COLOUR('',#7205);
#7468 = STYLED_ITEM('color',(#7469),#2814);
#7469 = PRESENTATION_STYLE_ASSIGNMENT((#7470));
#7470 = SURFACE_STYLE_USAGE(.BOTH.,#7471);
#7471 = SURFACE_SIDE_STYLE('',(#7472));
#7472 = SURFACE_STYLE_FILL_AREA(#7473);
#7473 = FILL_AREA_STYLE('',(#7474));
#7474 = FILL_AREA_STYLE_COLOUR('',#7205);
#7475 = STYLED_ITEM('color',(#7476),#2831);
#7476 = PRESENTATION_STYLE_ASSIGNMENT((#7477));
#7477 = SURFACE_STYLE_USAGE(.BOTH.,#7478);
#7478 = SURFACE_SIDE_STYLE('',(#7479));
#7479 = SURFACE_STYLE_FILL_AREA(#7480);
#7480 = FILL_AREA_STYLE('',(#7481));
#7481 = FILL_AREA_STYLE_COLOUR('',#7404);
#7482 = STYLED_ITEM('color',(#7483),#2856);
#7483 = PRESENTATION_STYLE_ASSIGNMENT((#7484));
#7484 = SURFACE_STYLE_USAGE(.BOTH.,#7485);
#7485 = SURFACE_SIDE_STYLE('',(#7486));
#7486 = SURFACE_STYLE_FILL_AREA(#7487);
#7487 = FILL_AREA_STYLE('',(#7488));
#7488 = FILL_AREA_STYLE_COLOUR('',#7404);
#7489 = STYLED_ITEM('color',(#7490),#2881);
#7490 = PRESENTATION_STYLE_ASSIGNMENT((#7491));
#7491 = SURFACE_STYLE_USAGE(.BOTH.,#7492);
#7492 = SURFACE_SIDE_STYLE('',(#7493));
#7493 = SURFACE_STYLE_FILL_AREA(#7494);
#7494 = FILL_AREA_STYLE('',(#7495));
#7495 = FILL_AREA_STYLE_COLOUR('',#7404);
#7496 = STYLED_ITEM('color',(#7497),#2906);
#7497 = PRESENTATION_STYLE_ASSIGNMENT((#7498));
#7498 = SURFACE_STYLE_USAGE(.BOTH.,#7499);
#7499 = SURFACE_SIDE_STYLE('',(#7500));
#7500 = SURFACE_STYLE_FILL_AREA(#7501);
#7501 = FILL_AREA_STYLE('',(#7502));
#7502 = FILL_AREA_STYLE_COLOUR('',#7404);
#7503 = STYLED_ITEM('color',(#7504),#2931);
#7504 = PRESENTATION_STYLE_ASSIGNMENT((#7505));
#7505 = SURFACE_STYLE_USAGE(.BOTH.,#7506);
#7506 = SURFACE_SIDE_STYLE('',(#7507));
#7507 = SURFACE_STYLE_FILL_AREA(#7508);
#7508 = FILL_AREA_STYLE('',(#7509));
#7509 = FILL_AREA_STYLE_COLOUR('',#7404);
#7510 = STYLED_ITEM('color',(#7511),#2962);
#7511 = PRESENTATION_STYLE_ASSIGNMENT((#7512));
#7512 = SURFACE_STYLE_USAGE(.BOTH.,#7513);
#7513 = SURFACE_SIDE_STYLE('',(#7514));
#7514 = SURFACE_STYLE_FILL_AREA(#7515);
#7515 = FILL_AREA_STYLE('',(#7516));
#7516 = FILL_AREA_STYLE_COLOUR('',#7404);
#7517 = STYLED_ITEM('color',(#7518),#2987);
#7518 = PRESENTATION_STYLE_ASSIGNMENT((#7519));
#7519 = SURFACE_STYLE_USAGE(.BOTH.,#7520);
#7520 = SURFACE_SIDE_STYLE('',(#7521));
#7521 = SURFACE_STYLE_FILL_AREA(#7522);
#7522 = FILL_AREA_STYLE('',(#7523));
#7523 = FILL_AREA_STYLE_COLOUR('',#7404);
#7524 = STYLED_ITEM('color',(#7525),#3012);
#7525 = PRESENTATION_STYLE_ASSIGNMENT((#7526));
#7526 = SURFACE_STYLE_USAGE(.BOTH.,#7527);
#7527 = SURFACE_SIDE_STYLE('',(#7528));
#7528 = SURFACE_STYLE_FILL_AREA(#7529);
#7529 = FILL_AREA_STYLE('',(#7530));
#7530 = FILL_AREA_STYLE_COLOUR('',#7404);
#7531 = STYLED_ITEM('color',(#7532),#3100);
#7532 = PRESENTATION_STYLE_ASSIGNMENT((#7533));
#7533 = SURFACE_STYLE_USAGE(.BOTH.,#7534);
#7534 = SURFACE_SIDE_STYLE('',(#7535));
#7535 = SURFACE_STYLE_FILL_AREA(#7536);
#7536 = FILL_AREA_STYLE('',(#7537));
#7537 = FILL_AREA_STYLE_COLOUR('',#7404);
#7538 = STYLED_ITEM('color',(#7539),#3188);
#7539 = PRESENTATION_STYLE_ASSIGNMENT((#7540));
#7540 = SURFACE_STYLE_USAGE(.BOTH.,#7541);
#7541 = SURFACE_SIDE_STYLE('',(#7542));
#7542 = SURFACE_STYLE_FILL_AREA(#7543);
#7543 = FILL_AREA_STYLE('',(#7544));
#7544 = FILL_AREA_STYLE_COLOUR('',#7404);
#7545 = STYLED_ITEM('color',(#7546),#3213);
#7546 = PRESENTATION_STYLE_ASSIGNMENT((#7547));
#7547 = SURFACE_STYLE_USAGE(.BOTH.,#7548);
#7548 = SURFACE_SIDE_STYLE('',(#7549));
#7549 = SURFACE_STYLE_FILL_AREA(#7550);
#7550 = FILL_AREA_STYLE('',(#7551));
#7551 = FILL_AREA_STYLE_COLOUR('',#7404);
#7552 = STYLED_ITEM('color',(#7553),#3238);
#7553 = PRESENTATION_STYLE_ASSIGNMENT((#7554));
#7554 = SURFACE_STYLE_USAGE(.BOTH.,#7555);
#7555 = SURFACE_SIDE_STYLE('',(#7556));
#7556 = SURFACE_STYLE_FILL_AREA(#7557);
#7557 = FILL_AREA_STYLE('',(#7558));
#7558 = FILL_AREA_STYLE_COLOUR('',#7404);
#7559 = STYLED_ITEM('color',(#7560),#3255);
#7560 = PRESENTATION_STYLE_ASSIGNMENT((#7561));
#7561 = SURFACE_STYLE_USAGE(.BOTH.,#7562);
#7562 = SURFACE_SIDE_STYLE('',(#7563));
#7563 = SURFACE_STYLE_FILL_AREA(#7564);
#7564 = FILL_AREA_STYLE('',(#7565));
#7565 = FILL_AREA_STYLE_COLOUR('',#7404);
#7566 = STYLED_ITEM('color',(#7567),#3264);
#7567 = PRESENTATION_STYLE_ASSIGNMENT((#7568));
#7568 = SURFACE_STYLE_USAGE(.BOTH.,#7569);
#7569 = SURFACE_SIDE_STYLE('',(#7570));
#7570 = SURFACE_STYLE_FILL_AREA(#7571);
#7571 = FILL_AREA_STYLE('',(#7572));
#7572 = FILL_AREA_STYLE_COLOUR('',#7404);
#7573 = STYLED_ITEM('color',(#7574),#3290);
#7574 = PRESENTATION_STYLE_ASSIGNMENT((#7575));
#7575 = SURFACE_STYLE_USAGE(.BOTH.,#7576);
#7576 = SURFACE_SIDE_STYLE('',(#7577));
#7577 = SURFACE_STYLE_FILL_AREA(#7578);
#7578 = FILL_AREA_STYLE('',(#7579));
#7579 = FILL_AREA_STYLE_COLOUR('',#7404);
#7580 = STYLED_ITEM('color',(#7581),#3299);
#7581 = PRESENTATION_STYLE_ASSIGNMENT((#7582));
#7582 = SURFACE_STYLE_USAGE(.BOTH.,#7583);
#7583 = SURFACE_SIDE_STYLE('',(#7584));
#7584 = SURFACE_STYLE_FILL_AREA(#7585);
#7585 = FILL_AREA_STYLE('',(#7586));
#7586 = FILL_AREA_STYLE_COLOUR('',#7404);
#7587 = STYLED_ITEM('color',(#7588),#3308);
#7588 = PRESENTATION_STYLE_ASSIGNMENT((#7589));
#7589 = SURFACE_STYLE_USAGE(.BOTH.,#7590);
#7590 = SURFACE_SIDE_STYLE('',(#7591));
#7591 = SURFACE_STYLE_FILL_AREA(#7592);
#7592 = FILL_AREA_STYLE('',(#7593));
#7593 = FILL_AREA_STYLE_COLOUR('',#7404);
#7594 = STYLED_ITEM('color',(#7595),#3352);
#7595 = PRESENTATION_STYLE_ASSIGNMENT((#7596));
#7596 = SURFACE_STYLE_USAGE(.BOTH.,#7597);
#7597 = SURFACE_SIDE_STYLE('',(#7598));
#7598 = SURFACE_STYLE_FILL_AREA(#7599);
#7599 = FILL_AREA_STYLE('',(#7600));
#7600 = FILL_AREA_STYLE_COLOUR('',#7205);
#7601 = STYLED_ITEM('color',(#7602),#3502);
#7602 = PRESENTATION_STYLE_ASSIGNMENT((#7603));
#7603 = SURFACE_STYLE_USAGE(.BOTH.,#7604);
#7604 = SURFACE_SIDE_STYLE('',(#7605));
#7605 = SURFACE_STYLE_FILL_AREA(#7606);
#7606 = FILL_AREA_STYLE('',(#7607));
#7607 = FILL_AREA_STYLE_COLOUR('',#7205);
#7608 = STYLED_ITEM('color',(#7609),#3526);
#7609 = PRESENTATION_STYLE_ASSIGNMENT((#7610));
#7610 = SURFACE_STYLE_USAGE(.BOTH.,#7611);
#7611 = SURFACE_SIDE_STYLE('',(#7612));
#7612 = SURFACE_STYLE_FILL_AREA(#7613);
#7613 = FILL_AREA_STYLE('',(#7614));
#7614 = FILL_AREA_STYLE_COLOUR('',#7205);
#7615 = STYLED_ITEM('color',(#7616),#3669);
#7616 = PRESENTATION_STYLE_ASSIGNMENT((#7617));
#7617 = SURFACE_STYLE_USAGE(.BOTH.,#7618);
#7618 = SURFACE_SIDE_STYLE('',(#7619));
#7619 = SURFACE_STYLE_FILL_AREA(#7620);
#7620 = FILL_AREA_STYLE('',(#7621));
#7621 = FILL_AREA_STYLE_COLOUR('',#7205);
#7622 = STYLED_ITEM('color',(#7623),#3819);
#7623 = PRESENTATION_STYLE_ASSIGNMENT((#7624));
#7624 = SURFACE_STYLE_USAGE(.BOTH.,#7625);
#7625 = SURFACE_SIDE_STYLE('',(#7626));
#7626 = SURFACE_STYLE_FILL_AREA(#7627);
#7627 = FILL_AREA_STYLE('',(#7628));
#7628 = FILL_AREA_STYLE_COLOUR('',#7205);
#7629 = STYLED_ITEM('color',(#7630),#3969);
#7630 = PRESENTATION_STYLE_ASSIGNMENT((#7631));
#7631 = SURFACE_STYLE_USAGE(.BOTH.,#7632);
#7632 = SURFACE_SIDE_STYLE('',(#7633));
#7633 = SURFACE_STYLE_FILL_AREA(#7634);
#7634 = FILL_AREA_STYLE('',(#7635));
#7635 = FILL_AREA_STYLE_COLOUR('',#7205);
#7636 = STYLED_ITEM('color',(#7637),#3986);
#7637 = PRESENTATION_STYLE_ASSIGNMENT((#7638));
#7638 = SURFACE_STYLE_USAGE(.BOTH.,#7639);
#7639 = SURFACE_SIDE_STYLE('',(#7640));
#7640 = SURFACE_STYLE_FILL_AREA(#7641);
#7641 = FILL_AREA_STYLE('',(#7642));
#7642 = FILL_AREA_STYLE_COLOUR('',#7205);
#7643 = STYLED_ITEM('color',(#7644),#4136);
#7644 = PRESENTATION_STYLE_ASSIGNMENT((#7645));
#7645 = SURFACE_STYLE_USAGE(.BOTH.,#7646);
#7646 = SURFACE_SIDE_STYLE('',(#7647));
#7647 = SURFACE_STYLE_FILL_AREA(#7648);
#7648 = FILL_AREA_STYLE('',(#7649));
#7649 = FILL_AREA_STYLE_COLOUR('',#7205);
#7650 = STYLED_ITEM('color',(#7651),#4160);
#7651 = PRESENTATION_STYLE_ASSIGNMENT((#7652));
#7652 = SURFACE_STYLE_USAGE(.BOTH.,#7653);
#7653 = SURFACE_SIDE_STYLE('',(#7654));
#7654 = SURFACE_STYLE_FILL_AREA(#7655);
#7655 = FILL_AREA_STYLE('',(#7656));
#7656 = FILL_AREA_STYLE_COLOUR('',#7205);
#7657 = STYLED_ITEM('color',(#7658),#4303);
#7658 = PRESENTATION_STYLE_ASSIGNMENT((#7659));
#7659 = SURFACE_STYLE_USAGE(.BOTH.,#7660);
#7660 = SURFACE_SIDE_STYLE('',(#7661));
#7661 = SURFACE_STYLE_FILL_AREA(#7662);
#7662 = FILL_AREA_STYLE('',(#7663));
#7663 = FILL_AREA_STYLE_COLOUR('',#7205);
#7664 = STYLED_ITEM('color',(#7665),#4453);
#7665 = PRESENTATION_STYLE_ASSIGNMENT((#7666));
#7666 = SURFACE_STYLE_USAGE(.BOTH.,#7667);
#7667 = SURFACE_SIDE_STYLE('',(#7668));
#7668 = SURFACE_STYLE_FILL_AREA(#7669);
#7669 = FILL_AREA_STYLE('',(#7670));
#7670 = FILL_AREA_STYLE_COLOUR('',#7205);
#7671 = STYLED_ITEM('color',(#7672),#4603);
#7672 = PRESENTATION_STYLE_ASSIGNMENT((#7673));
#7673 = SURFACE_STYLE_USAGE(.BOTH.,#7674);
#7674 = SURFACE_SIDE_STYLE('',(#7675));
#7675 = SURFACE_STYLE_FILL_AREA(#7676);
#7676 = FILL_AREA_STYLE('',(#7677));
#7677 = FILL_AREA_STYLE_COLOUR('',#7205);
#7678 = STYLED_ITEM('color',(#7679),#4620);
#7679 = PRESENTATION_STYLE_ASSIGNMENT((#7680));
#7680 = SURFACE_STYLE_USAGE(.BOTH.,#7681);
#7681 = SURFACE_SIDE_STYLE('',(#7682));
#7682 = SURFACE_STYLE_FILL_AREA(#7683);
#7683 = FILL_AREA_STYLE('',(#7684));
#7684 = FILL_AREA_STYLE_COLOUR('',#7404);
#7685 = STYLED_ITEM('color',(#7686),#4629);
#7686 = PRESENTATION_STYLE_ASSIGNMENT((#7687));
#7687 = SURFACE_STYLE_USAGE(.BOTH.,#7688);
#7688 = SURFACE_SIDE_STYLE('',(#7689));
#7689 = SURFACE_STYLE_FILL_AREA(#7690);
#7690 = FILL_AREA_STYLE('',(#7691));
#7691 = FILL_AREA_STYLE_COLOUR('',#7205);
#7692 = STYLED_ITEM('color',(#7693),#4646);
#7693 = PRESENTATION_STYLE_ASSIGNMENT((#7694));
#7694 = SURFACE_STYLE_USAGE(.BOTH.,#7695);
#7695 = SURFACE_SIDE_STYLE('',(#7696));
#7696 = SURFACE_STYLE_FILL_AREA(#7697);
#7697 = FILL_AREA_STYLE('',(#7698));
#7698 = FILL_AREA_STYLE_COLOUR('',#7205);
#7699 = STYLED_ITEM('color',(#7700),#4663);
#7700 = PRESENTATION_STYLE_ASSIGNMENT((#7701));
#7701 = SURFACE_STYLE_USAGE(.BOTH.,#7702);
#7702 = SURFACE_SIDE_STYLE('',(#7703));
#7703 = SURFACE_STYLE_FILL_AREA(#7704);
#7704 = FILL_AREA_STYLE('',(#7705));
#7705 = FILL_AREA_STYLE_COLOUR('',#7205);
#7706 = STYLED_ITEM('color',(#7707),#4680);
#7707 = PRESENTATION_STYLE_ASSIGNMENT((#7708));
#7708 = SURFACE_STYLE_USAGE(.BOTH.,#7709);
#7709 = SURFACE_SIDE_STYLE('',(#7710));
#7710 = SURFACE_STYLE_FILL_AREA(#7711);
#7711 = FILL_AREA_STYLE('',(#7712));
#7712 = FILL_AREA_STYLE_COLOUR('',#7205);
#7713 = STYLED_ITEM('color',(#7714),#4697);
#7714 = PRESENTATION_STYLE_ASSIGNMENT((#7715));
#7715 = SURFACE_STYLE_USAGE(.BOTH.,#7716);
#7716 = SURFACE_SIDE_STYLE('',(#7717));
#7717 = SURFACE_STYLE_FILL_AREA(#7718);
#7718 = FILL_AREA_STYLE('',(#7719));
#7719 = FILL_AREA_STYLE_COLOUR('',#7205);
#7720 = STYLED_ITEM('color',(#7721),#4719);
#7721 = PRESENTATION_STYLE_ASSIGNMENT((#7722));
#7722 = SURFACE_STYLE_USAGE(.BOTH.,#7723);
#7723 = SURFACE_SIDE_STYLE('',(#7724));
#7724 = SURFACE_STYLE_FILL_AREA(#7725);
#7725 = FILL_AREA_STYLE('',(#7726));
#7726 = FILL_AREA_STYLE_COLOUR('',#7205);
#7727 = STYLED_ITEM('color',(#7728),#4736);
#7728 = PRESENTATION_STYLE_ASSIGNMENT((#7729));
#7729 = SURFACE_STYLE_USAGE(.BOTH.,#7730);
#7730 = SURFACE_SIDE_STYLE('',(#7731));
#7731 = SURFACE_STYLE_FILL_AREA(#7732);
#7732 = FILL_AREA_STYLE('',(#7733));
#7733 = FILL_AREA_STYLE_COLOUR('',#7205);
#7734 = STYLED_ITEM('color',(#7735),#4753);
#7735 = PRESENTATION_STYLE_ASSIGNMENT((#7736));
#7736 = SURFACE_STYLE_USAGE(.BOTH.,#7737);
#7737 = SURFACE_SIDE_STYLE('',(#7738));
#7738 = SURFACE_STYLE_FILL_AREA(#7739);
#7739 = FILL_AREA_STYLE('',(#7740));
#7740 = FILL_AREA_STYLE_COLOUR('',#7205);
#7741 = STYLED_ITEM('color',(#7742),#4770);
#7742 = PRESENTATION_STYLE_ASSIGNMENT((#7743));
#7743 = SURFACE_STYLE_USAGE(.BOTH.,#7744);
#7744 = SURFACE_SIDE_STYLE('',(#7745));
#7745 = SURFACE_STYLE_FILL_AREA(#7746);
#7746 = FILL_AREA_STYLE('',(#7747));
#7747 = FILL_AREA_STYLE_COLOUR('',#7205);
#7748 = STYLED_ITEM('color',(#7749),#4787);
#7749 = PRESENTATION_STYLE_ASSIGNMENT((#7750));
#7750 = SURFACE_STYLE_USAGE(.BOTH.,#7751);
#7751 = SURFACE_SIDE_STYLE('',(#7752));
#7752 = SURFACE_STYLE_FILL_AREA(#7753);
#7753 = FILL_AREA_STYLE('',(#7754));
#7754 = FILL_AREA_STYLE_COLOUR('',#7205);
#7755 = STYLED_ITEM('color',(#7756),#4799);
#7756 = PRESENTATION_STYLE_ASSIGNMENT((#7757));
#7757 = SURFACE_STYLE_USAGE(.BOTH.,#7758);
#7758 = SURFACE_SIDE_STYLE('',(#7759));
#7759 = SURFACE_STYLE_FILL_AREA(#7760);
#7760 = FILL_AREA_STYLE('',(#7761));
#7761 = FILL_AREA_STYLE_COLOUR('',#7205);
#7762 = STYLED_ITEM('color',(#7763),#4816);
#7763 = PRESENTATION_STYLE_ASSIGNMENT((#7764));
#7764 = SURFACE_STYLE_USAGE(.BOTH.,#7765);
#7765 = SURFACE_SIDE_STYLE('',(#7766));
#7766 = SURFACE_STYLE_FILL_AREA(#7767);
#7767 = FILL_AREA_STYLE('',(#7768));
#7768 = FILL_AREA_STYLE_COLOUR('',#7205);
#7769 = STYLED_ITEM('color',(#7770),#4833);
#7770 = PRESENTATION_STYLE_ASSIGNMENT((#7771));
#7771 = SURFACE_STYLE_USAGE(.BOTH.,#7772);
#7772 = SURFACE_SIDE_STYLE('',(#7773));
#7773 = SURFACE_STYLE_FILL_AREA(#7774);
#7774 = FILL_AREA_STYLE('',(#7775));
#7775 = FILL_AREA_STYLE_COLOUR('',#7205);
#7776 = STYLED_ITEM('color',(#7777),#4850);
#7777 = PRESENTATION_STYLE_ASSIGNMENT((#7778));
#7778 = SURFACE_STYLE_USAGE(.BOTH.,#7779);
#7779 = SURFACE_SIDE_STYLE('',(#7780));
#7780 = SURFACE_STYLE_FILL_AREA(#7781);
#7781 = FILL_AREA_STYLE('',(#7782));
#7782 = FILL_AREA_STYLE_COLOUR('',#7205);
#7783 = STYLED_ITEM('color',(#7784),#4867);
#7784 = PRESENTATION_STYLE_ASSIGNMENT((#7785));
#7785 = SURFACE_STYLE_USAGE(.BOTH.,#7786);
#7786 = SURFACE_SIDE_STYLE('',(#7787));
#7787 = SURFACE_STYLE_FILL_AREA(#7788);
#7788 = FILL_AREA_STYLE('',(#7789));
#7789 = FILL_AREA_STYLE_COLOUR('',#7205);
#7790 = STYLED_ITEM('color',(#7791),#4884);
#7791 = PRESENTATION_STYLE_ASSIGNMENT((#7792));
#7792 = SURFACE_STYLE_USAGE(.BOTH.,#7793);
#7793 = SURFACE_SIDE_STYLE('',(#7794));
#7794 = SURFACE_STYLE_FILL_AREA(#7795);
#7795 = FILL_AREA_STYLE('',(#7796));
#7796 = FILL_AREA_STYLE_COLOUR('',#7205);
#7797 = STYLED_ITEM('color',(#7798),#4901);
#7798 = PRESENTATION_STYLE_ASSIGNMENT((#7799));
#7799 = SURFACE_STYLE_USAGE(.BOTH.,#7800);
#7800 = SURFACE_SIDE_STYLE('',(#7801));
#7801 = SURFACE_STYLE_FILL_AREA(#7802);
#7802 = FILL_AREA_STYLE('',(#7803));
#7803 = FILL_AREA_STYLE_COLOUR('',#7205);
#7804 = STYLED_ITEM('color',(#7805),#4918);
#7805 = PRESENTATION_STYLE_ASSIGNMENT((#7806));
#7806 = SURFACE_STYLE_USAGE(.BOTH.,#7807);
#7807 = SURFACE_SIDE_STYLE('',(#7808));
#7808 = SURFACE_STYLE_FILL_AREA(#7809);
#7809 = FILL_AREA_STYLE('',(#7810));
#7810 = FILL_AREA_STYLE_COLOUR('',#7205);
#7811 = STYLED_ITEM('color',(#7812),#4935);
#7812 = PRESENTATION_STYLE_ASSIGNMENT((#7813));
#7813 = SURFACE_STYLE_USAGE(.BOTH.,#7814);
#7814 = SURFACE_SIDE_STYLE('',(#7815));
#7815 = SURFACE_STYLE_FILL_AREA(#7816);
#7816 = FILL_AREA_STYLE('',(#7817));
#7817 = FILL_AREA_STYLE_COLOUR('',#7205);
#7818 = STYLED_ITEM('color',(#7819),#4947);
#7819 = PRESENTATION_STYLE_ASSIGNMENT((#7820));
#7820 = SURFACE_STYLE_USAGE(.BOTH.,#7821);
#7821 = SURFACE_SIDE_STYLE('',(#7822));
#7822 = SURFACE_STYLE_FILL_AREA(#7823);
#7823 = FILL_AREA_STYLE('',(#7824));
#7824 = FILL_AREA_STYLE_COLOUR('',#7205);
#7825 = STYLED_ITEM('color',(#7826),#4969);
#7826 = PRESENTATION_STYLE_ASSIGNMENT((#7827));
#7827 = SURFACE_STYLE_USAGE(.BOTH.,#7828);
#7828 = SURFACE_SIDE_STYLE('',(#7829));
#7829 = SURFACE_STYLE_FILL_AREA(#7830);
#7830 = FILL_AREA_STYLE('',(#7831));
#7831 = FILL_AREA_STYLE_COLOUR('',#7205);
#7832 = STYLED_ITEM('color',(#7833),#4986);
#7833 = PRESENTATION_STYLE_ASSIGNMENT((#7834));
#7834 = SURFACE_STYLE_USAGE(.BOTH.,#7835);
#7835 = SURFACE_SIDE_STYLE('',(#7836));
#7836 = SURFACE_STYLE_FILL_AREA(#7837);
#7837 = FILL_AREA_STYLE('',(#7838));
#7838 = FILL_AREA_STYLE_COLOUR('',#7205);
#7839 = STYLED_ITEM('color',(#7840),#5003);
#7840 = PRESENTATION_STYLE_ASSIGNMENT((#7841));
#7841 = SURFACE_STYLE_USAGE(.BOTH.,#7842);
#7842 = SURFACE_SIDE_STYLE('',(#7843));
#7843 = SURFACE_STYLE_FILL_AREA(#7844);
#7844 = FILL_AREA_STYLE('',(#7845));
#7845 = FILL_AREA_STYLE_COLOUR('',#7205);
#7846 = STYLED_ITEM('color',(#7847),#5020);
#7847 = PRESENTATION_STYLE_ASSIGNMENT((#7848));
#7848 = SURFACE_STYLE_USAGE(.BOTH.,#7849);
#7849 = SURFACE_SIDE_STYLE('',(#7850));
#7850 = SURFACE_STYLE_FILL_AREA(#7851);
#7851 = FILL_AREA_STYLE('',(#7852));
#7852 = FILL_AREA_STYLE_COLOUR('',#7205);
#7853 = STYLED_ITEM('color',(#7854),#5037);
#7854 = PRESENTATION_STYLE_ASSIGNMENT((#7855));
#7855 = SURFACE_STYLE_USAGE(.BOTH.,#7856);
#7856 = SURFACE_SIDE_STYLE('',(#7857));
#7857 = SURFACE_STYLE_FILL_AREA(#7858);
#7858 = FILL_AREA_STYLE('',(#7859));
#7859 = FILL_AREA_STYLE_COLOUR('',#7205);
#7860 = STYLED_ITEM('color',(#7861),#5049);
#7861 = PRESENTATION_STYLE_ASSIGNMENT((#7862));
#7862 = SURFACE_STYLE_USAGE(.BOTH.,#7863);
#7863 = SURFACE_SIDE_STYLE('',(#7864));
#7864 = SURFACE_STYLE_FILL_AREA(#7865);
#7865 = FILL_AREA_STYLE('',(#7866));
#7866 = FILL_AREA_STYLE_COLOUR('',#7205);
#7867 = STYLED_ITEM('color',(#7868),#5066);
#7868 = PRESENTATION_STYLE_ASSIGNMENT((#7869));
#7869 = SURFACE_STYLE_USAGE(.BOTH.,#7870);
#7870 = SURFACE_SIDE_STYLE('',(#7871));
#7871 = SURFACE_STYLE_FILL_AREA(#7872);
#7872 = FILL_AREA_STYLE('',(#7873));
#7873 = FILL_AREA_STYLE_COLOUR('',#7205);
#7874 = STYLED_ITEM('color',(#7875),#5083);
#7875 = PRESENTATION_STYLE_ASSIGNMENT((#7876));
#7876 = SURFACE_STYLE_USAGE(.BOTH.,#7877);
#7877 = SURFACE_SIDE_STYLE('',(#7878));
#7878 = SURFACE_STYLE_FILL_AREA(#7879);
#7879 = FILL_AREA_STYLE('',(#7880));
#7880 = FILL_AREA_STYLE_COLOUR('',#7205);
#7881 = STYLED_ITEM('color',(#7882),#5100);
#7882 = PRESENTATION_STYLE_ASSIGNMENT((#7883));
#7883 = SURFACE_STYLE_USAGE(.BOTH.,#7884);
#7884 = SURFACE_SIDE_STYLE('',(#7885));
#7885 = SURFACE_STYLE_FILL_AREA(#7886);
#7886 = FILL_AREA_STYLE('',(#7887));
#7887 = FILL_AREA_STYLE_COLOUR('',#7205);
#7888 = STYLED_ITEM('color',(#7889),#5117);
#7889 = PRESENTATION_STYLE_ASSIGNMENT((#7890));
#7890 = SURFACE_STYLE_USAGE(.BOTH.,#7891);
#7891 = SURFACE_SIDE_STYLE('',(#7892));
#7892 = SURFACE_STYLE_FILL_AREA(#7893);
#7893 = FILL_AREA_STYLE('',(#7894));
#7894 = FILL_AREA_STYLE_COLOUR('',#7205);
#7895 = STYLED_ITEM('color',(#7896),#5134);
#7896 = PRESENTATION_STYLE_ASSIGNMENT((#7897));
#7897 = SURFACE_STYLE_USAGE(.BOTH.,#7898);
#7898 = SURFACE_SIDE_STYLE('',(#7899));
#7899 = SURFACE_STYLE_FILL_AREA(#7900);
#7900 = FILL_AREA_STYLE('',(#7901));
#7901 = FILL_AREA_STYLE_COLOUR('',#7205);
#7902 = STYLED_ITEM('color',(#7903),#5151);
#7903 = PRESENTATION_STYLE_ASSIGNMENT((#7904));
#7904 = SURFACE_STYLE_USAGE(.BOTH.,#7905);
#7905 = SURFACE_SIDE_STYLE('',(#7906));
#7906 = SURFACE_STYLE_FILL_AREA(#7907);
#7907 = FILL_AREA_STYLE('',(#7908));
#7908 = FILL_AREA_STYLE_COLOUR('',#7205);
#7909 = STYLED_ITEM('color',(#7910),#5168);
#7910 = PRESENTATION_STYLE_ASSIGNMENT((#7911));
#7911 = SURFACE_STYLE_USAGE(.BOTH.,#7912);
#7912 = SURFACE_SIDE_STYLE('',(#7913));
#7913 = SURFACE_STYLE_FILL_AREA(#7914);
#7914 = FILL_AREA_STYLE('',(#7915));
#7915 = FILL_AREA_STYLE_COLOUR('',#7205);
#7916 = STYLED_ITEM('color',(#7917),#5185);
#7917 = PRESENTATION_STYLE_ASSIGNMENT((#7918));
#7918 = SURFACE_STYLE_USAGE(.BOTH.,#7919);
#7919 = SURFACE_SIDE_STYLE('',(#7920));
#7920 = SURFACE_STYLE_FILL_AREA(#7921);
#7921 = FILL_AREA_STYLE('',(#7922));
#7922 = FILL_AREA_STYLE_COLOUR('',#7205);
#7923 = STYLED_ITEM('color',(#7924),#5197);
#7924 = PRESENTATION_STYLE_ASSIGNMENT((#7925));
#7925 = SURFACE_STYLE_USAGE(.BOTH.,#7926);
#7926 = SURFACE_SIDE_STYLE('',(#7927));
#7927 = SURFACE_STYLE_FILL_AREA(#7928);
#7928 = FILL_AREA_STYLE('',(#7929));
#7929 = FILL_AREA_STYLE_COLOUR('',#7205);
#7930 = STYLED_ITEM('color',(#7931),#5219);
#7931 = PRESENTATION_STYLE_ASSIGNMENT((#7932));
#7932 = SURFACE_STYLE_USAGE(.BOTH.,#7933);
#7933 = SURFACE_SIDE_STYLE('',(#7934));
#7934 = SURFACE_STYLE_FILL_AREA(#7935);
#7935 = FILL_AREA_STYLE('',(#7936));
#7936 = FILL_AREA_STYLE_COLOUR('',#7205);
#7937 = STYLED_ITEM('color',(#7938),#5236);
#7938 = PRESENTATION_STYLE_ASSIGNMENT((#7939));
#7939 = SURFACE_STYLE_USAGE(.BOTH.,#7940);
#7940 = SURFACE_SIDE_STYLE('',(#7941));
#7941 = SURFACE_STYLE_FILL_AREA(#7942);
#7942 = FILL_AREA_STYLE('',(#7943));
#7943 = FILL_AREA_STYLE_COLOUR('',#7205);
#7944 = STYLED_ITEM('color',(#7945),#5253);
#7945 = PRESENTATION_STYLE_ASSIGNMENT((#7946));
#7946 = SURFACE_STYLE_USAGE(.BOTH.,#7947);
#7947 = SURFACE_SIDE_STYLE('',(#7948));
#7948 = SURFACE_STYLE_FILL_AREA(#7949);
#7949 = FILL_AREA_STYLE('',(#7950));
#7950 = FILL_AREA_STYLE_COLOUR('',#7205);
#7951 = STYLED_ITEM('color',(#7952),#5270);
#7952 = PRESENTATION_STYLE_ASSIGNMENT((#7953));
#7953 = SURFACE_STYLE_USAGE(.BOTH.,#7954);
#7954 = SURFACE_SIDE_STYLE('',(#7955));
#7955 = SURFACE_STYLE_FILL_AREA(#7956);
#7956 = FILL_AREA_STYLE('',(#7957));
#7957 = FILL_AREA_STYLE_COLOUR('',#7205);
#7958 = STYLED_ITEM('color',(#7959),#5287);
#7959 = PRESENTATION_STYLE_ASSIGNMENT((#7960));
#7960 = SURFACE_STYLE_USAGE(.BOTH.,#7961);
#7961 = SURFACE_SIDE_STYLE('',(#7962));
#7962 = SURFACE_STYLE_FILL_AREA(#7963);
#7963 = FILL_AREA_STYLE('',(#7964));
#7964 = FILL_AREA_STYLE_COLOUR('',#7205);
#7965 = STYLED_ITEM('color',(#7966),#5299);
#7966 = PRESENTATION_STYLE_ASSIGNMENT((#7967));
#7967 = SURFACE_STYLE_USAGE(.BOTH.,#7968);
#7968 = SURFACE_SIDE_STYLE('',(#7969));
#7969 = SURFACE_STYLE_FILL_AREA(#7970);
#7970 = FILL_AREA_STYLE('',(#7971));
#7971 = FILL_AREA_STYLE_COLOUR('',#7205);
#7972 = STYLED_ITEM('color',(#7973),#5316);
#7973 = PRESENTATION_STYLE_ASSIGNMENT((#7974));
#7974 = SURFACE_STYLE_USAGE(.BOTH.,#7975);
#7975 = SURFACE_SIDE_STYLE('',(#7976));
#7976 = SURFACE_STYLE_FILL_AREA(#7977);
#7977 = FILL_AREA_STYLE('',(#7978));
#7978 = FILL_AREA_STYLE_COLOUR('',#7205);
#7979 = STYLED_ITEM('color',(#7980),#5333);
#7980 = PRESENTATION_STYLE_ASSIGNMENT((#7981));
#7981 = SURFACE_STYLE_USAGE(.BOTH.,#7982);
#7982 = SURFACE_SIDE_STYLE('',(#7983));
#7983 = SURFACE_STYLE_FILL_AREA(#7984);
#7984 = FILL_AREA_STYLE('',(#7985));
#7985 = FILL_AREA_STYLE_COLOUR('',#7205);
#7986 = STYLED_ITEM('color',(#7987),#5350);
#7987 = PRESENTATION_STYLE_ASSIGNMENT((#7988));
#7988 = SURFACE_STYLE_USAGE(.BOTH.,#7989);
#7989 = SURFACE_SIDE_STYLE('',(#7990));
#7990 = SURFACE_STYLE_FILL_AREA(#7991);
#7991 = FILL_AREA_STYLE('',(#7992));
#7992 = FILL_AREA_STYLE_COLOUR('',#7205);
#7993 = STYLED_ITEM('color',(#7994),#5367);
#7994 = PRESENTATION_STYLE_ASSIGNMENT((#7995));
#7995 = SURFACE_STYLE_USAGE(.BOTH.,#7996);
#7996 = SURFACE_SIDE_STYLE('',(#7997));
#7997 = SURFACE_STYLE_FILL_AREA(#7998);
#7998 = FILL_AREA_STYLE('',(#7999));
#7999 = FILL_AREA_STYLE_COLOUR('',#7205);
#8000 = STYLED_ITEM('color',(#8001),#5384);
#8001 = PRESENTATION_STYLE_ASSIGNMENT((#8002));
#8002 = SURFACE_STYLE_USAGE(.BOTH.,#8003);
#8003 = SURFACE_SIDE_STYLE('',(#8004));
#8004 = SURFACE_STYLE_FILL_AREA(#8005);
#8005 = FILL_AREA_STYLE('',(#8006));
#8006 = FILL_AREA_STYLE_COLOUR('',#7205);
#8007 = STYLED_ITEM('color',(#8008),#5401);
#8008 = PRESENTATION_STYLE_ASSIGNMENT((#8009));
#8009 = SURFACE_STYLE_USAGE(.BOTH.,#8010);
#8010 = SURFACE_SIDE_STYLE('',(#8011));
#8011 = SURFACE_STYLE_FILL_AREA(#8012);
#8012 = FILL_AREA_STYLE('',(#8013));
#8013 = FILL_AREA_STYLE_COLOUR('',#7205);
#8014 = STYLED_ITEM('color',(#8015),#5418);
#8015 = PRESENTATION_STYLE_ASSIGNMENT((#8016));
#8016 = SURFACE_STYLE_USAGE(.BOTH.,#8017);
#8017 = SURFACE_SIDE_STYLE('',(#8018));
#8018 = SURFACE_STYLE_FILL_AREA(#8019);
#8019 = FILL_AREA_STYLE('',(#8020));
#8020 = FILL_AREA_STYLE_COLOUR('',#7205);
#8021 = STYLED_ITEM('color',(#8022),#5435);
#8022 = PRESENTATION_STYLE_ASSIGNMENT((#8023));
#8023 = SURFACE_STYLE_USAGE(.BOTH.,#8024);
#8024 = SURFACE_SIDE_STYLE('',(#8025));
#8025 = SURFACE_STYLE_FILL_AREA(#8026);
#8026 = FILL_AREA_STYLE('',(#8027));
#8027 = FILL_AREA_STYLE_COLOUR('',#7205);
#8028 = STYLED_ITEM('color',(#8029),#5447);
#8029 = PRESENTATION_STYLE_ASSIGNMENT((#8030));
#8030 = SURFACE_STYLE_USAGE(.BOTH.,#8031);
#8031 = SURFACE_SIDE_STYLE('',(#8032));
#8032 = SURFACE_STYLE_FILL_AREA(#8033);
#8033 = FILL_AREA_STYLE('',(#8034));
#8034 = FILL_AREA_STYLE_COLOUR('',#7205);
#8035 = STYLED_ITEM('color',(#8036),#5469);
#8036 = PRESENTATION_STYLE_ASSIGNMENT((#8037));
#8037 = SURFACE_STYLE_USAGE(.BOTH.,#8038);
#8038 = SURFACE_SIDE_STYLE('',(#8039));
#8039 = SURFACE_STYLE_FILL_AREA(#8040);
#8040 = FILL_AREA_STYLE('',(#8041));
#8041 = FILL_AREA_STYLE_COLOUR('',#7205);
#8042 = STYLED_ITEM('color',(#8043),#5486);
#8043 = PRESENTATION_STYLE_ASSIGNMENT((#8044));
#8044 = SURFACE_STYLE_USAGE(.BOTH.,#8045);
#8045 = SURFACE_SIDE_STYLE('',(#8046));
#8046 = SURFACE_STYLE_FILL_AREA(#8047);
#8047 = FILL_AREA_STYLE('',(#8048));
#8048 = FILL_AREA_STYLE_COLOUR('',#7205);
#8049 = STYLED_ITEM('color',(#8050),#5503);
#8050 = PRESENTATION_STYLE_ASSIGNMENT((#8051));
#8051 = SURFACE_STYLE_USAGE(.BOTH.,#8052);
#8052 = SURFACE_SIDE_STYLE('',(#8053));
#8053 = SURFACE_STYLE_FILL_AREA(#8054);
#8054 = FILL_AREA_STYLE('',(#8055));
#8055 = FILL_AREA_STYLE_COLOUR('',#7205);
#8056 = STYLED_ITEM('color',(#8057),#5520);
#8057 = PRESENTATION_STYLE_ASSIGNMENT((#8058));
#8058 = SURFACE_STYLE_USAGE(.BOTH.,#8059);
#8059 = SURFACE_SIDE_STYLE('',(#8060));
#8060 = SURFACE_STYLE_FILL_AREA(#8061);
#8061 = FILL_AREA_STYLE('',(#8062));
#8062 = FILL_AREA_STYLE_COLOUR('',#7205);
#8063 = STYLED_ITEM('color',(#8064),#5537);
#8064 = PRESENTATION_STYLE_ASSIGNMENT((#8065));
#8065 = SURFACE_STYLE_USAGE(.BOTH.,#8066);
#8066 = SURFACE_SIDE_STYLE('',(#8067));
#8067 = SURFACE_STYLE_FILL_AREA(#8068);
#8068 = FILL_AREA_STYLE('',(#8069));
#8069 = FILL_AREA_STYLE_COLOUR('',#7205);
#8070 = STYLED_ITEM('color',(#8071),#5549);
#8071 = PRESENTATION_STYLE_ASSIGNMENT((#8072));
#8072 = SURFACE_STYLE_USAGE(.BOTH.,#8073);
#8073 = SURFACE_SIDE_STYLE('',(#8074));
#8074 = SURFACE_STYLE_FILL_AREA(#8075);
#8075 = FILL_AREA_STYLE('',(#8076));
#8076 = FILL_AREA_STYLE_COLOUR('',#7205);
#8077 = STYLED_ITEM('color',(#8078),#5566);
#8078 = PRESENTATION_STYLE_ASSIGNMENT((#8079));
#8079 = SURFACE_STYLE_USAGE(.BOTH.,#8080);
#8080 = SURFACE_SIDE_STYLE('',(#8081));
#8081 = SURFACE_STYLE_FILL_AREA(#8082);
#8082 = FILL_AREA_STYLE('',(#8083));
#8083 = FILL_AREA_STYLE_COLOUR('',#7205);
#8084 = STYLED_ITEM('color',(#8085),#5583);
#8085 = PRESENTATION_STYLE_ASSIGNMENT((#8086));
#8086 = SURFACE_STYLE_USAGE(.BOTH.,#8087);
#8087 = SURFACE_SIDE_STYLE('',(#8088));
#8088 = SURFACE_STYLE_FILL_AREA(#8089);
#8089 = FILL_AREA_STYLE('',(#8090));
#8090 = FILL_AREA_STYLE_COLOUR('',#7205);
#8091 = STYLED_ITEM('color',(#8092),#5600);
#8092 = PRESENTATION_STYLE_ASSIGNMENT((#8093));
#8093 = SURFACE_STYLE_USAGE(.BOTH.,#8094);
#8094 = SURFACE_SIDE_STYLE('',(#8095));
#8095 = SURFACE_STYLE_FILL_AREA(#8096);
#8096 = FILL_AREA_STYLE('',(#8097));
#8097 = FILL_AREA_STYLE_COLOUR('',#7205);
#8098 = STYLED_ITEM('color',(#8099),#5617);
#8099 = PRESENTATION_STYLE_ASSIGNMENT((#8100));
#8100 = SURFACE_STYLE_USAGE(.BOTH.,#8101);
#8101 = SURFACE_SIDE_STYLE('',(#8102));
#8102 = SURFACE_STYLE_FILL_AREA(#8103);
#8103 = FILL_AREA_STYLE('',(#8104));
#8104 = FILL_AREA_STYLE_COLOUR('',#7205);
#8105 = STYLED_ITEM('color',(#8106),#5634);
#8106 = PRESENTATION_STYLE_ASSIGNMENT((#8107));
#8107 = SURFACE_STYLE_USAGE(.BOTH.,#8108);
#8108 = SURFACE_SIDE_STYLE('',(#8109));
#8109 = SURFACE_STYLE_FILL_AREA(#8110);
#8110 = FILL_AREA_STYLE('',(#8111));
#8111 = FILL_AREA_STYLE_COLOUR('',#7205);
#8112 = STYLED_ITEM('color',(#8113),#5651);
#8113 = PRESENTATION_STYLE_ASSIGNMENT((#8114));
#8114 = SURFACE_STYLE_USAGE(.BOTH.,#8115);
#8115 = SURFACE_SIDE_STYLE('',(#8116));
#8116 = SURFACE_STYLE_FILL_AREA(#8117);
#8117 = FILL_AREA_STYLE('',(#8118));
#8118 = FILL_AREA_STYLE_COLOUR('',#7205);
#8119 = STYLED_ITEM('color',(#8120),#5668);
#8120 = PRESENTATION_STYLE_ASSIGNMENT((#8121));
#8121 = SURFACE_STYLE_USAGE(.BOTH.,#8122);
#8122 = SURFACE_SIDE_STYLE('',(#8123));
#8123 = SURFACE_STYLE_FILL_AREA(#8124);
#8124 = FILL_AREA_STYLE('',(#8125));
#8125 = FILL_AREA_STYLE_COLOUR('',#7205);
#8126 = STYLED_ITEM('color',(#8127),#5685);
#8127 = PRESENTATION_STYLE_ASSIGNMENT((#8128));
#8128 = SURFACE_STYLE_USAGE(.BOTH.,#8129);
#8129 = SURFACE_SIDE_STYLE('',(#8130));
#8130 = SURFACE_STYLE_FILL_AREA(#8131);
#8131 = FILL_AREA_STYLE('',(#8132));
#8132 = FILL_AREA_STYLE_COLOUR('',#7205);
#8133 = MECHANICAL_DESIGN_GEOMETRIC_PRESENTATION_REPRESENTATION('',(
    #8134,#8142,#8149,#8156,#8163,#8170,#8177,#8184,#8192,#8199,#8206,
    #8213,#8220,#8227,#8234,#8241,#8248,#8255,#8262,#8269,#8276,#8283,
    #8290,#8297,#8304,#8311,#8318,#8325,#8332,#8339,#8346,#8353,#8360,
    #8367,#8374,#8381,#8389,#8396,#8403,#8410,#8417,#8424,#8431,#8438,
    #8445,#8452,#8459,#8466,#8473,#8480),#1576);
#8134 = STYLED_ITEM('color',(#8135),#55);
#8135 = PRESENTATION_STYLE_ASSIGNMENT((#8136));
#8136 = SURFACE_STYLE_USAGE(.BOTH.,#8137);
#8137 = SURFACE_SIDE_STYLE('',(#8138));
#8138 = SURFACE_STYLE_FILL_AREA(#8139);
#8139 = FILL_AREA_STYLE('',(#8140));
#8140 = FILL_AREA_STYLE_COLOUR('',#8141);
#8141 = COLOUR_RGB('',0.894999966383,0.890999961016,0.813000030345);
#8142 = STYLED_ITEM('color',(#8143),#95);
#8143 = PRESENTATION_STYLE_ASSIGNMENT((#8144));
#8144 = SURFACE_STYLE_USAGE(.BOTH.,#8145);
#8145 = SURFACE_SIDE_STYLE('',(#8146));
#8146 = SURFACE_STYLE_FILL_AREA(#8147);
#8147 = FILL_AREA_STYLE('',(#8148));
#8148 = FILL_AREA_STYLE_COLOUR('',#8141);
#8149 = STYLED_ITEM('color',(#8150),#142);
#8150 = PRESENTATION_STYLE_ASSIGNMENT((#8151));
#8151 = SURFACE_STYLE_USAGE(.BOTH.,#8152);
#8152 = SURFACE_SIDE_STYLE('',(#8153));
#8153 = SURFACE_STYLE_FILL_AREA(#8154);
#8154 = FILL_AREA_STYLE('',(#8155));
#8155 = FILL_AREA_STYLE_COLOUR('',#8141);
#8156 = STYLED_ITEM('color',(#8157),#221);
#8157 = PRESENTATION_STYLE_ASSIGNMENT((#8158));
#8158 = SURFACE_STYLE_USAGE(.BOTH.,#8159);
#8159 = SURFACE_SIDE_STYLE('',(#8160));
#8160 = SURFACE_STYLE_FILL_AREA(#8161);
#8161 = FILL_AREA_STYLE('',(#8162));
#8162 = FILL_AREA_STYLE_COLOUR('',#8141);
#8163 = STYLED_ITEM('color',(#8164),#245);
#8164 = PRESENTATION_STYLE_ASSIGNMENT((#8165));
#8165 = SURFACE_STYLE_USAGE(.BOTH.,#8166);
#8166 = SURFACE_SIDE_STYLE('',(#8167));
#8167 = SURFACE_STYLE_FILL_AREA(#8168);
#8168 = FILL_AREA_STYLE('',(#8169));
#8169 = FILL_AREA_STYLE_COLOUR('',#8141);
#8170 = STYLED_ITEM('color',(#8171),#285);
#8171 = PRESENTATION_STYLE_ASSIGNMENT((#8172));
#8172 = SURFACE_STYLE_USAGE(.BOTH.,#8173);
#8173 = SURFACE_SIDE_STYLE('',(#8174));
#8174 = SURFACE_STYLE_FILL_AREA(#8175);
#8175 = FILL_AREA_STYLE('',(#8176));
#8176 = FILL_AREA_STYLE_COLOUR('',#8141);
#8177 = STYLED_ITEM('color',(#8178),#316);
#8178 = PRESENTATION_STYLE_ASSIGNMENT((#8179));
#8179 = SURFACE_STYLE_USAGE(.BOTH.,#8180);
#8180 = SURFACE_SIDE_STYLE('',(#8181));
#8181 = SURFACE_STYLE_FILL_AREA(#8182);
#8182 = FILL_AREA_STYLE('',(#8183));
#8183 = FILL_AREA_STYLE_COLOUR('',#8141);
#8184 = STYLED_ITEM('color',(#8185),#333);
#8185 = PRESENTATION_STYLE_ASSIGNMENT((#8186));
#8186 = SURFACE_STYLE_USAGE(.BOTH.,#8187);
#8187 = SURFACE_SIDE_STYLE('',(#8188));
#8188 = SURFACE_STYLE_FILL_AREA(#8189);
#8189 = FILL_AREA_STYLE('',(#8190));
#8190 = FILL_AREA_STYLE_COLOUR('',#8191);
#8191 = COLOUR_RGB('',0.859000020776,0.737999965183,0.495999988746);
#8192 = STYLED_ITEM('color',(#8193),#366);
#8193 = PRESENTATION_STYLE_ASSIGNMENT((#8194));
#8194 = SURFACE_STYLE_USAGE(.BOTH.,#8195);
#8195 = SURFACE_SIDE_STYLE('',(#8196));
#8196 = SURFACE_STYLE_FILL_AREA(#8197);
#8197 = FILL_AREA_STYLE('',(#8198));
#8198 = FILL_AREA_STYLE_COLOUR('',#8141);
#8199 = STYLED_ITEM('color',(#8200),#390);
#8200 = PRESENTATION_STYLE_ASSIGNMENT((#8201));
#8201 = SURFACE_STYLE_USAGE(.BOTH.,#8202);
#8202 = SURFACE_SIDE_STYLE('',(#8203));
#8203 = SURFACE_STYLE_FILL_AREA(#8204);
#8204 = FILL_AREA_STYLE('',(#8205));
#8205 = FILL_AREA_STYLE_COLOUR('',#8191);
#8206 = STYLED_ITEM('color',(#8207),#457);
#8207 = PRESENTATION_STYLE_ASSIGNMENT((#8208));
#8208 = SURFACE_STYLE_USAGE(.BOTH.,#8209);
#8209 = SURFACE_SIDE_STYLE('',(#8210));
#8210 = SURFACE_STYLE_FILL_AREA(#8211);
#8211 = FILL_AREA_STYLE('',(#8212));
#8212 = FILL_AREA_STYLE_COLOUR('',#8141);
#8213 = STYLED_ITEM('color',(#8214),#578);
#8214 = PRESENTATION_STYLE_ASSIGNMENT((#8215));
#8215 = SURFACE_STYLE_USAGE(.BOTH.,#8216);
#8216 = SURFACE_SIDE_STYLE('',(#8217));
#8217 = SURFACE_STYLE_FILL_AREA(#8218);
#8218 = FILL_AREA_STYLE('',(#8219));
#8219 = FILL_AREA_STYLE_COLOUR('',#8191);
#8220 = STYLED_ITEM('color',(#8221),#645);
#8221 = PRESENTATION_STYLE_ASSIGNMENT((#8222));
#8222 = SURFACE_STYLE_USAGE(.BOTH.,#8223);
#8223 = SURFACE_SIDE_STYLE('',(#8224));
#8224 = SURFACE_STYLE_FILL_AREA(#8225);
#8225 = FILL_AREA_STYLE('',(#8226));
#8226 = FILL_AREA_STYLE_COLOUR('',#8141);
#8227 = STYLED_ITEM('color',(#8228),#669);
#8228 = PRESENTATION_STYLE_ASSIGNMENT((#8229));
#8229 = SURFACE_STYLE_USAGE(.BOTH.,#8230);
#8230 = SURFACE_SIDE_STYLE('',(#8231));
#8231 = SURFACE_STYLE_FILL_AREA(#8232);
#8232 = FILL_AREA_STYLE('',(#8233));
#8233 = FILL_AREA_STYLE_COLOUR('',#8141);
#8234 = STYLED_ITEM('color',(#8235),#700);
#8235 = PRESENTATION_STYLE_ASSIGNMENT((#8236));
#8236 = SURFACE_STYLE_USAGE(.BOTH.,#8237);
#8237 = SURFACE_SIDE_STYLE('',(#8238));
#8238 = SURFACE_STYLE_FILL_AREA(#8239);
#8239 = FILL_AREA_STYLE('',(#8240));
#8240 = FILL_AREA_STYLE_COLOUR('',#8191);
#8241 = STYLED_ITEM('color',(#8242),#733);
#8242 = PRESENTATION_STYLE_ASSIGNMENT((#8243));
#8243 = SURFACE_STYLE_USAGE(.BOTH.,#8244);
#8244 = SURFACE_SIDE_STYLE('',(#8245));
#8245 = SURFACE_STYLE_FILL_AREA(#8246);
#8246 = FILL_AREA_STYLE('',(#8247));
#8247 = FILL_AREA_STYLE_COLOUR('',#8141);
#8248 = STYLED_ITEM('color',(#8249),#789);
#8249 = PRESENTATION_STYLE_ASSIGNMENT((#8250));
#8250 = SURFACE_STYLE_USAGE(.BOTH.,#8251);
#8251 = SURFACE_SIDE_STYLE('',(#8252));
#8252 = SURFACE_STYLE_FILL_AREA(#8253);
#8253 = FILL_AREA_STYLE('',(#8254));
#8254 = FILL_AREA_STYLE_COLOUR('',#8191);
#8255 = STYLED_ITEM('color',(#8256),#813);
#8256 = PRESENTATION_STYLE_ASSIGNMENT((#8257));
#8257 = SURFACE_STYLE_USAGE(.BOTH.,#8258);
#8258 = SURFACE_SIDE_STYLE('',(#8259));
#8259 = SURFACE_STYLE_FILL_AREA(#8260);
#8260 = FILL_AREA_STYLE('',(#8261));
#8261 = FILL_AREA_STYLE_COLOUR('',#8191);
#8262 = STYLED_ITEM('color',(#8263),#837);
#8263 = PRESENTATION_STYLE_ASSIGNMENT((#8264));
#8264 = SURFACE_STYLE_USAGE(.BOTH.,#8265);
#8265 = SURFACE_SIDE_STYLE('',(#8266));
#8266 = SURFACE_STYLE_FILL_AREA(#8267);
#8267 = FILL_AREA_STYLE('',(#8268));
#8268 = FILL_AREA_STYLE_COLOUR('',#8191);
#8269 = STYLED_ITEM('color',(#8270),#861);
#8270 = PRESENTATION_STYLE_ASSIGNMENT((#8271));
#8271 = SURFACE_STYLE_USAGE(.BOTH.,#8272);
#8272 = SURFACE_SIDE_STYLE('',(#8273));
#8273 = SURFACE_STYLE_FILL_AREA(#8274);
#8274 = FILL_AREA_STYLE('',(#8275));
#8275 = FILL_AREA_STYLE_COLOUR('',#8191);
#8276 = STYLED_ITEM('color',(#8277),#894);
#8277 = PRESENTATION_STYLE_ASSIGNMENT((#8278));
#8278 = SURFACE_STYLE_USAGE(.BOTH.,#8279);
#8279 = SURFACE_SIDE_STYLE('',(#8280));
#8280 = SURFACE_STYLE_FILL_AREA(#8281);
#8281 = FILL_AREA_STYLE('',(#8282));
#8282 = FILL_AREA_STYLE_COLOUR('',#8191);
#8283 = STYLED_ITEM('color',(#8284),#906);
#8284 = PRESENTATION_STYLE_ASSIGNMENT((#8285));
#8285 = SURFACE_STYLE_USAGE(.BOTH.,#8286);
#8286 = SURFACE_SIDE_STYLE('',(#8287));
#8287 = SURFACE_STYLE_FILL_AREA(#8288);
#8288 = FILL_AREA_STYLE('',(#8289));
#8289 = FILL_AREA_STYLE_COLOUR('',#8191);
#8290 = STYLED_ITEM('color',(#8291),#969);
#8291 = PRESENTATION_STYLE_ASSIGNMENT((#8292));
#8292 = SURFACE_STYLE_USAGE(.BOTH.,#8293);
#8293 = SURFACE_SIDE_STYLE('',(#8294));
#8294 = SURFACE_STYLE_FILL_AREA(#8295);
#8295 = FILL_AREA_STYLE('',(#8296));
#8296 = FILL_AREA_STYLE_COLOUR('',#8191);
#8297 = STYLED_ITEM('color',(#8298),#994);
#8298 = PRESENTATION_STYLE_ASSIGNMENT((#8299));
#8299 = SURFACE_STYLE_USAGE(.BOTH.,#8300);
#8300 = SURFACE_SIDE_STYLE('',(#8301));
#8301 = SURFACE_STYLE_FILL_AREA(#8302);
#8302 = FILL_AREA_STYLE('',(#8303));
#8303 = FILL_AREA_STYLE_COLOUR('',#8191);
#8304 = STYLED_ITEM('color',(#8305),#1011);
#8305 = PRESENTATION_STYLE_ASSIGNMENT((#8306));
#8306 = SURFACE_STYLE_USAGE(.BOTH.,#8307);
#8307 = SURFACE_SIDE_STYLE('',(#8308));
#8308 = SURFACE_STYLE_FILL_AREA(#8309);
#8309 = FILL_AREA_STYLE('',(#8310));
#8310 = FILL_AREA_STYLE_COLOUR('',#8191);
#8311 = STYLED_ITEM('color',(#8312),#1035);
#8312 = PRESENTATION_STYLE_ASSIGNMENT((#8313));
#8313 = SURFACE_STYLE_USAGE(.BOTH.,#8314);
#8314 = SURFACE_SIDE_STYLE('',(#8315));
#8315 = SURFACE_STYLE_FILL_AREA(#8316);
#8316 = FILL_AREA_STYLE('',(#8317));
#8317 = FILL_AREA_STYLE_COLOUR('',#8191);
#8318 = STYLED_ITEM('color',(#8319),#1053);
#8319 = PRESENTATION_STYLE_ASSIGNMENT((#8320));
#8320 = SURFACE_STYLE_USAGE(.BOTH.,#8321);
#8321 = SURFACE_SIDE_STYLE('',(#8322));
#8322 = SURFACE_STYLE_FILL_AREA(#8323);
#8323 = FILL_AREA_STYLE('',(#8324));
#8324 = FILL_AREA_STYLE_COLOUR('',#8191);
#8325 = STYLED_ITEM('color',(#8326),#1071);
#8326 = PRESENTATION_STYLE_ASSIGNMENT((#8327));
#8327 = SURFACE_STYLE_USAGE(.BOTH.,#8328);
#8328 = SURFACE_SIDE_STYLE('',(#8329));
#8329 = SURFACE_STYLE_FILL_AREA(#8330);
#8330 = FILL_AREA_STYLE('',(#8331));
#8331 = FILL_AREA_STYLE_COLOUR('',#8191);
#8332 = STYLED_ITEM('color',(#8333),#1089);
#8333 = PRESENTATION_STYLE_ASSIGNMENT((#8334));
#8334 = SURFACE_STYLE_USAGE(.BOTH.,#8335);
#8335 = SURFACE_SIDE_STYLE('',(#8336));
#8336 = SURFACE_STYLE_FILL_AREA(#8337);
#8337 = FILL_AREA_STYLE('',(#8338));
#8338 = FILL_AREA_STYLE_COLOUR('',#8191);
#8339 = STYLED_ITEM('color',(#8340),#1106);
#8340 = PRESENTATION_STYLE_ASSIGNMENT((#8341));
#8341 = SURFACE_STYLE_USAGE(.BOTH.,#8342);
#8342 = SURFACE_SIDE_STYLE('',(#8343));
#8343 = SURFACE_STYLE_FILL_AREA(#8344);
#8344 = FILL_AREA_STYLE('',(#8345));
#8345 = FILL_AREA_STYLE_COLOUR('',#8191);
#8346 = STYLED_ITEM('color',(#8347),#1123);
#8347 = PRESENTATION_STYLE_ASSIGNMENT((#8348));
#8348 = SURFACE_STYLE_USAGE(.BOTH.,#8349);
#8349 = SURFACE_SIDE_STYLE('',(#8350));
#8350 = SURFACE_STYLE_FILL_AREA(#8351);
#8351 = FILL_AREA_STYLE('',(#8352));
#8352 = FILL_AREA_STYLE_COLOUR('',#8191);
#8353 = STYLED_ITEM('color',(#8354),#1154);
#8354 = PRESENTATION_STYLE_ASSIGNMENT((#8355));
#8355 = SURFACE_STYLE_USAGE(.BOTH.,#8356);
#8356 = SURFACE_SIDE_STYLE('',(#8357));
#8357 = SURFACE_STYLE_FILL_AREA(#8358);
#8358 = FILL_AREA_STYLE('',(#8359));
#8359 = FILL_AREA_STYLE_COLOUR('',#8191);
#8360 = STYLED_ITEM('color',(#8361),#1179);
#8361 = PRESENTATION_STYLE_ASSIGNMENT((#8362));
#8362 = SURFACE_STYLE_USAGE(.BOTH.,#8363);
#8363 = SURFACE_SIDE_STYLE('',(#8364));
#8364 = SURFACE_STYLE_FILL_AREA(#8365);
#8365 = FILL_AREA_STYLE('',(#8366));
#8366 = FILL_AREA_STYLE_COLOUR('',#8191);
#8367 = STYLED_ITEM('color',(#8368),#1204);
#8368 = PRESENTATION_STYLE_ASSIGNMENT((#8369));
#8369 = SURFACE_STYLE_USAGE(.BOTH.,#8370);
#8370 = SURFACE_SIDE_STYLE('',(#8371));
#8371 = SURFACE_STYLE_FILL_AREA(#8372);
#8372 = FILL_AREA_STYLE('',(#8373));
#8373 = FILL_AREA_STYLE_COLOUR('',#8191);
#8374 = STYLED_ITEM('color',(#8375),#1228);
#8375 = PRESENTATION_STYLE_ASSIGNMENT((#8376));
#8376 = SURFACE_STYLE_USAGE(.BOTH.,#8377);
#8377 = SURFACE_SIDE_STYLE('',(#8378));
#8378 = SURFACE_STYLE_FILL_AREA(#8379);
#8379 = FILL_AREA_STYLE('',(#8380));
#8380 = FILL_AREA_STYLE_COLOUR('',#8191);
#8381 = STYLED_ITEM('color',(#8382),#1245);
#8382 = PRESENTATION_STYLE_ASSIGNMENT((#8383));
#8383 = SURFACE_STYLE_USAGE(.BOTH.,#8384);
#8384 = SURFACE_SIDE_STYLE('',(#8385));
#8385 = SURFACE_STYLE_FILL_AREA(#8386);
#8386 = FILL_AREA_STYLE('',(#8387));
#8387 = FILL_AREA_STYLE_COLOUR('',#8388);
#8388 = COLOUR_RGB('',0.340000006699,0.68000001254,0.444999988852);
#8389 = STYLED_ITEM('color',(#8390),#1276);
#8390 = PRESENTATION_STYLE_ASSIGNMENT((#8391));
#8391 = SURFACE_STYLE_USAGE(.BOTH.,#8392);
#8392 = SURFACE_SIDE_STYLE('',(#8393));
#8393 = SURFACE_STYLE_FILL_AREA(#8394);
#8394 = FILL_AREA_STYLE('',(#8395));
#8395 = FILL_AREA_STYLE_COLOUR('',#8388);
#8396 = STYLED_ITEM('color',(#8397),#1300);
#8397 = PRESENTATION_STYLE_ASSIGNMENT((#8398));
#8398 = SURFACE_STYLE_USAGE(.BOTH.,#8399);
#8399 = SURFACE_SIDE_STYLE('',(#8400));
#8400 = SURFACE_STYLE_FILL_AREA(#8401);
#8401 = FILL_AREA_STYLE('',(#8402));
#8402 = FILL_AREA_STYLE_COLOUR('',#8388);
#8403 = STYLED_ITEM('color',(#8404),#1317);
#8404 = PRESENTATION_STYLE_ASSIGNMENT((#8405));
#8405 = SURFACE_STYLE_USAGE(.BOTH.,#8406);
#8406 = SURFACE_SIDE_STYLE('',(#8407));
#8407 = SURFACE_STYLE_FILL_AREA(#8408);
#8408 = FILL_AREA_STYLE('',(#8409));
#8409 = FILL_AREA_STYLE_COLOUR('',#8191);
#8410 = STYLED_ITEM('color',(#8411),#1345);
#8411 = PRESENTATION_STYLE_ASSIGNMENT((#8412));
#8412 = SURFACE_STYLE_USAGE(.BOTH.,#8413);
#8413 = SURFACE_SIDE_STYLE('',(#8414));
#8414 = SURFACE_STYLE_FILL_AREA(#8415);
#8415 = FILL_AREA_STYLE('',(#8416));
#8416 = FILL_AREA_STYLE_COLOUR('',#8191);
#8417 = STYLED_ITEM('color',(#8418),#1370);
#8418 = PRESENTATION_STYLE_ASSIGNMENT((#8419));
#8419 = SURFACE_STYLE_USAGE(.BOTH.,#8420);
#8420 = SURFACE_SIDE_STYLE('',(#8421));
#8421 = SURFACE_STYLE_FILL_AREA(#8422);
#8422 = FILL_AREA_STYLE('',(#8423));
#8423 = FILL_AREA_STYLE_COLOUR('',#8191);
#8424 = STYLED_ITEM('color',(#8425),#1394);
#8425 = PRESENTATION_STYLE_ASSIGNMENT((#8426));
#8426 = SURFACE_STYLE_USAGE(.BOTH.,#8427);
#8427 = SURFACE_SIDE_STYLE('',(#8428));
#8428 = SURFACE_STYLE_FILL_AREA(#8429);
#8429 = FILL_AREA_STYLE('',(#8430));
#8430 = FILL_AREA_STYLE_COLOUR('',#8191);
#8431 = STYLED_ITEM('color',(#8432),#1419);
#8432 = PRESENTATION_STYLE_ASSIGNMENT((#8433));
#8433 = SURFACE_STYLE_USAGE(.BOTH.,#8434);
#8434 = SURFACE_SIDE_STYLE('',(#8435));
#8435 = SURFACE_STYLE_FILL_AREA(#8436);
#8436 = FILL_AREA_STYLE('',(#8437));
#8437 = FILL_AREA_STYLE_COLOUR('',#8191);
#8438 = STYLED_ITEM('color',(#8439),#1466);
#8439 = PRESENTATION_STYLE_ASSIGNMENT((#8440));
#8440 = SURFACE_STYLE_USAGE(.BOTH.,#8441);
#8441 = SURFACE_SIDE_STYLE('',(#8442));
#8442 = SURFACE_STYLE_FILL_AREA(#8443);
#8443 = FILL_AREA_STYLE('',(#8444));
#8444 = FILL_AREA_STYLE_COLOUR('',#8191);
#8445 = STYLED_ITEM('color',(#8446),#1483);
#8446 = PRESENTATION_STYLE_ASSIGNMENT((#8447));
#8447 = SURFACE_STYLE_USAGE(.BOTH.,#8448);
#8448 = SURFACE_SIDE_STYLE('',(#8449));
#8449 = SURFACE_STYLE_FILL_AREA(#8450);
#8450 = FILL_AREA_STYLE('',(#8451));
#8451 = FILL_AREA_STYLE_COLOUR('',#8191);
#8452 = STYLED_ITEM('color',(#8453),#1495);
#8453 = PRESENTATION_STYLE_ASSIGNMENT((#8454));
#8454 = SURFACE_STYLE_USAGE(.BOTH.,#8455);
#8455 = SURFACE_SIDE_STYLE('',(#8456));
#8456 = SURFACE_STYLE_FILL_AREA(#8457);
#8457 = FILL_AREA_STYLE('',(#8458));
#8458 = FILL_AREA_STYLE_COLOUR('',#8191);
#8459 = STYLED_ITEM('color',(#8460),#1517);
#8460 = PRESENTATION_STYLE_ASSIGNMENT((#8461));
#8461 = SURFACE_STYLE_USAGE(.BOTH.,#8462);
#8462 = SURFACE_SIDE_STYLE('',(#8463));
#8463 = SURFACE_STYLE_FILL_AREA(#8464);
#8464 = FILL_AREA_STYLE('',(#8465));
#8465 = FILL_AREA_STYLE_COLOUR('',#8191);
#8466 = STYLED_ITEM('color',(#8467),#1529);
#8467 = PRESENTATION_STYLE_ASSIGNMENT((#8468));
#8468 = SURFACE_STYLE_USAGE(.BOTH.,#8469);
#8469 = SURFACE_SIDE_STYLE('',(#8470));
#8470 = SURFACE_STYLE_FILL_AREA(#8471);
#8471 = FILL_AREA_STYLE('',(#8472));
#8472 = FILL_AREA_STYLE_COLOUR('',#8191);
#8473 = STYLED_ITEM('color',(#8474),#1547);
#8474 = PRESENTATION_STYLE_ASSIGNMENT((#8475));
#8475 = SURFACE_STYLE_USAGE(.BOTH.,#8476);
#8476 = SURFACE_SIDE_STYLE('',(#8477));
#8477 = SURFACE_STYLE_FILL_AREA(#8478);
#8478 = FILL_AREA_STYLE('',(#8479));
#8479 = FILL_AREA_STYLE_COLOUR('',#8191);
#8480 = STYLED_ITEM('color',(#8481),#1565);
#8481 = PRESENTATION_STYLE_ASSIGNMENT((#8482));
#8482 = SURFACE_STYLE_USAGE(.BOTH.,#8483);
#8483 = SURFACE_SIDE_STYLE('',(#8484));
#8484 = SURFACE_STYLE_FILL_AREA(#8485);
#8485 = FILL_AREA_STYLE('',(#8486));
#8486 = FILL_AREA_STYLE_COLOUR('',#8388);
#8487 = MECHANICAL_DESIGN_GEOMETRIC_PRESENTATION_REPRESENTATION('',(
    #8488),#7186);
#8488 = STYLED_ITEM('color',(#8489),#5726);
#8489 = PRESENTATION_STYLE_ASSIGNMENT((#8490));
#8490 = SURFACE_STYLE_USAGE(.BOTH.,#8491);
#8491 = SURFACE_SIDE_STYLE('',(#8492));
#8492 = SURFACE_STYLE_FILL_AREA(#8493);
#8493 = FILL_AREA_STYLE('',(#8494));
#8494 = FILL_AREA_STYLE_COLOUR('',#8495);
#8495 = COLOUR_RGB('',0.313304153717,0.484529207832,0.410020903123);
ENDSEC;
END-ISO-10303-21;
