ISO-10303-21;
HEADER;
/* Generated by software containing ST-Developer
 * from STEP Tools, Inc. (www.steptools.com) 
 */
/* OPTION: using custom schema-name function */

FILE_DESCRIPTION(
/* description */ (''),
/* implementation_level */ '2;1');

FILE_NAME(
/* name */ 'enclosure1',
/* time_stamp */ '2026-02-11T20:43:24-08:00',
/* author */ (''),
/* organization */ (''),
/* preprocessor_version */ 'ST-DEVELOPER v16.5',
/* originating_system */ '',
/* authorisation */ '');

FILE_SCHEMA (('CONFIG_CONTROL_DESIGN'));
ENDSEC;

DATA;
#10=(
REPRESENTATION_RELATIONSHIP('','',#7033,#7032)
REPRESENTATION_RELATIONSHIP_WITH_TRANSFORMATION(#15)
SHAPE_REPRESENTATION_RELATIONSHIP()
);
#11=(
REPRESENTATION_RELATIONSHIP('','',#7034,#7032)
REPRESENTATION_RELATIONSHIP_WITH_TRANSFORMATION(#16)
SHAPE_REPRESENTATION_RELATIONSHIP()
);
#12=(
REPRESENTATION_RELATIONSHIP('','',#7035,#7032)
REPRESENTATION_RELATIONSHIP_WITH_TRANSFORMATION(#17)
SHAPE_REPRESENTATION_RELATIONSHIP()
);
#13=(
REPRESENTATION_RELATIONSHIP('','',#7036,#7032)
REPRESENTATION_RELATIONSHIP_WITH_TRANSFORMATION(#18)
SHAPE_REPRESENTATION_RELATIONSHIP()
);
#14=(
REPRESENTATION_RELATIONSHIP('','',#7032,#7031)
REPRESENTATION_RELATIONSHIP_WITH_TRANSFORMATION(#19)
SHAPE_REPRESENTATION_RELATIONSHIP()
);
#15=ITEM_DEFINED_TRANSFORMATION('','',#7152,#7245);
#16=ITEM_DEFINED_TRANSFORMATION('','',#7246,#7298);
#17=ITEM_DEFINED_TRANSFORMATION('','',#7299,#7327);
#18=ITEM_DEFINED_TRANSFORMATION('','',#7328,#7344);
#19=ITEM_DEFINED_TRANSFORMATION('','',#7151,#7345);
#20=CONTEXT_DEPENDENT_SHAPE_REPRESENTATION(#10,#6519);
#21=CONTEXT_DEPENDENT_SHAPE_REPRESENTATION(#11,#6521);
#22=CONTEXT_DEPENDENT_SHAPE_REPRESENTATION(#12,#6523);
#23=CONTEXT_DEPENDENT_SHAPE_REPRESENTATION(#13,#6525);
#24=CONTEXT_DEPENDENT_SHAPE_REPRESENTATION(#14,#6526);
#25=NEXT_ASSEMBLY_USAGE_OCCURRENCE('','','',#6534,#6535,'');
#26=NEXT_ASSEMBLY_USAGE_OCCURRENCE('','','',#6534,#6536,'');
#27=NEXT_ASSEMBLY_USAGE_OCCURRENCE('','','',#6534,#6537,'');
#28=NEXT_ASSEMBLY_USAGE_OCCURRENCE('','','',#6534,#6538,'');
#29=NEXT_ASSEMBLY_USAGE_OCCURRENCE('','','',#6533,#6534,'');
#30=SHAPE_REPRESENTATION_RELATIONSHIP('','',#7033,#1411);
#31=SHAPE_REPRESENTATION_RELATIONSHIP('','',#7034,#1412);
#32=SHAPE_REPRESENTATION_RELATIONSHIP('','',#7035,#1413);
#33=SHAPE_REPRESENTATION_RELATIONSHIP('','',#7036,#1414);
#34=SHAPE_REPRESENTATION_RELATIONSHIP('','',#7031,#1410);
#35=COLOUR_RGB('',0.149019607843137,0.145098039215686,0.145098039215686);
#36=COLOUR_RGB('',0.149019607843137,0.145098039215686,0.145098039215686);
#37=COLOUR_RGB('',0.149019607843137,0.145098039215686,0.145098039215686);
#38=COLOUR_RGB('',0.149019607843137,0.145098039215686,0.145098039215686);
#39=COLOUR_RGB('',0.149019607843137,0.145098039215686,0.145098039215686);
#40=COLOUR_RGB('',0.149019607843137,0.145098039215686,0.145098039215686);
#41=COLOUR_RGB('',0.149019607843137,0.145098039215686,0.145098039215686);
#42=COLOUR_RGB('',0.149019607843137,0.145098039215686,0.145098039215686);
#43=COLOUR_RGB('',0.149019607843137,0.145098039215686,0.145098039215686);
#44=COLOUR_RGB('',0.149019607843137,0.145098039215686,0.145098039215686);
#45=COLOUR_RGB('',0.149019607843137,0.145098039215686,0.145098039215686);
#46=COLOUR_RGB('',0.149019607843137,0.145098039215686,0.145098039215686);
#47=COLOUR_RGB('',0.149019607843137,0.145098039215686,0.145098039215686);
#48=COLOUR_RGB('',0.149019607843137,0.145098039215686,0.145098039215686);
#49=COLOUR_RGB('',0.149019607843137,0.145098039215686,0.145098039215686);
#50=COLOUR_RGB('',0.149019607843137,0.145098039215686,0.145098039215686);
#51=COLOUR_RGB('',0.149019607843137,0.145098039215686,0.145098039215686);
#52=COLOUR_RGB('',0.149019607843137,0.145098039215686,0.145098039215686);
#53=COLOUR_RGB('',0.149019607843137,0.145098039215686,0.145098039215686);
#54=COLOUR_RGB('',0.149019607843137,0.145098039215686,0.145098039215686);
#55=COLOUR_RGB('',0.858823529411765,0.737254901960784,0.494117647058824);
#56=COLOUR_RGB('',0.858823529411765,0.737254901960784,0.494117647058824);
#57=COLOUR_RGB('',0.858823529411765,0.737254901960784,0.494117647058824);
#58=COLOUR_RGB('',0.858823529411765,0.737254901960784,0.494117647058824);
#59=COLOUR_RGB('',0.858823529411765,0.737254901960784,0.494117647058824);
#60=COLOUR_RGB('',0.858823529411765,0.737254901960784,0.494117647058824);
#61=COLOUR_RGB('',0.858823529411765,0.737254901960784,0.494117647058824);
#62=COLOUR_RGB('',0.858823529411765,0.737254901960784,0.494117647058824);
#63=COLOUR_RGB('',0.858823529411765,0.737254901960784,0.494117647058824);
#64=COLOUR_RGB('',0.858823529411765,0.737254901960784,0.494117647058824);
#65=COLOUR_RGB('',0.858823529411765,0.737254901960784,0.494117647058824);
#66=COLOUR_RGB('',0.858823529411765,0.737254901960784,0.494117647058824);
#67=COLOUR_RGB('',0.858823529411765,0.737254901960784,0.494117647058824);
#68=COLOUR_RGB('',0.858823529411765,0.737254901960784,0.494117647058824);
#69=COLOUR_RGB('',0.858823529411765,0.737254901960784,0.494117647058824);
#70=COLOUR_RGB('',0.858823529411765,0.737254901960784,0.494117647058824);
#71=COLOUR_RGB('',0.149019607843137,0.145098039215686,0.145098039215686);
#72=COLOUR_RGB('',0.149019607843137,0.145098039215686,0.145098039215686);
#73=COLOUR_RGB('',0.149019607843137,0.145098039215686,0.145098039215686);
#74=COLOUR_RGB('',0.149019607843137,0.145098039215686,0.145098039215686);
#75=COLOUR_RGB('',0.149019607843137,0.145098039215686,0.145098039215686);
#76=COLOUR_RGB('',0.149019607843137,0.145098039215686,0.145098039215686);
#77=COLOUR_RGB('',0.149019607843137,0.145098039215686,0.145098039215686);
#78=COLOUR_RGB('',0.149019607843137,0.145098039215686,0.145098039215686);
#79=COLOUR_RGB('',0.149019607843137,0.145098039215686,0.145098039215686);
#80=COLOUR_RGB('',0.149019607843137,0.145098039215686,0.145098039215686);
#81=COLOUR_RGB('',0.149019607843137,0.145098039215686,0.145098039215686);
#82=COLOUR_RGB('',0.149019607843137,0.145098039215686,0.145098039215686);
#83=COLOUR_RGB('',0.149019607843137,0.145098039215686,0.145098039215686);
#84=COLOUR_RGB('',0.858823529411765,0.737254901960784,0.494117647058824);
#85=COLOUR_RGB('',0.149019607843137,0.145098039215686,0.145098039215686);
#86=COLOUR_RGB('',0.149019607843137,0.145098039215686,0.145098039215686);
#87=COLOUR_RGB('',0.858823529411765,0.737254901960784,0.494117647058824);
#88=COLOUR_RGB('',0.149019607843137,0.145098039215686,0.145098039215686);
#89=COLOUR_RGB('',0.149019607843137,0.145098039215686,0.145098039215686);
#90=COLOUR_RGB('',0.149019607843137,0.145098039215686,0.145098039215686);
#91=COLOUR_RGB('',0.858823529411765,0.737254901960784,0.494117647058824);
#92=COLOUR_RGB('',0.858823529411765,0.737254901960784,0.494117647058824);
#93=COLOUR_RGB('',0.149019607843137,0.145098039215686,0.145098039215686);
#94=COLOUR_RGB('',0.149019607843137,0.145098039215686,0.145098039215686);
#95=COLOUR_RGB('',0.149019607843137,0.145098039215686,0.145098039215686);
#96=COLOUR_RGB('',0.149019607843137,0.145098039215686,0.145098039215686);
#97=COLOUR_RGB('',0.149019607843137,0.145098039215686,0.145098039215686);
#98=COLOUR_RGB('',0.858823529411765,0.737254901960784,0.494117647058824);
#99=COLOUR_RGB('',0.858823529411765,0.737254901960784,0.494117647058824);
#100=COLOUR_RGB('',0.858823529411765,0.737254901960784,0.494117647058824);
#101=COLOUR_RGB('',0.858823529411765,0.737254901960784,0.494117647058824);
#102=COLOUR_RGB('',0.858823529411765,0.737254901960784,0.494117647058824);
#103=COLOUR_RGB('',0.858823529411765,0.737254901960784,0.494117647058824);
#104=COLOUR_RGB('',0.858823529411765,0.737254901960784,0.494117647058824);
#105=COLOUR_RGB('',0.858823529411765,0.737254901960784,0.494117647058824);
#106=COLOUR_RGB('',0.858823529411765,0.737254901960784,0.494117647058824);
#107=COLOUR_RGB('',0.858823529411765,0.737254901960784,0.494117647058824);
#108=COLOUR_RGB('',0.858823529411765,0.737254901960784,0.494117647058824);
#109=COLOUR_RGB('',0.858823529411765,0.737254901960784,0.494117647058824);
#110=COLOUR_RGB('',0.858823529411765,0.737254901960784,0.494117647058824);
#111=COLOUR_RGB('',0.858823529411765,0.737254901960784,0.494117647058824);
#112=COLOUR_RGB('',0.149019607843137,0.145098039215686,0.145098039215686);
#113=COLOUR_RGB('',0.149019607843137,0.145098039215686,0.145098039215686);
#114=COLOUR_RGB('',0.149019607843137,0.145098039215686,0.145098039215686);
#115=COLOUR_RGB('',0.149019607843137,0.145098039215686,0.145098039215686);
#116=COLOUR_RGB('',0.149019607843137,0.145098039215686,0.145098039215686);
#117=COLOUR_RGB('',0.149019607843137,0.145098039215686,0.145098039215686);
#118=COLOUR_RGB('',0.858823529411765,0.737254901960784,0.494117647058824);
#119=COLOUR_RGB('',0.858823529411765,0.737254901960784,0.494117647058824);
#120=COLOUR_RGB('',0.858823529411765,0.737254901960784,0.494117647058824);
#121=COLOUR_RGB('',0.149019607843137,0.145098039215686,0.145098039215686);
#122=COLOUR_RGB('',0.858823529411765,0.737254901960784,0.494117647058824);
#123=COLOUR_RGB('',0.858823529411765,0.737254901960784,0.494117647058824);
#124=COLOUR_RGB('',0.858823529411765,0.737254901960784,0.494117647058824);
#125=COLOUR_RGB('',0.858823529411765,0.737254901960784,0.494117647058824);
#126=COLOUR_RGB('',0.858823529411765,0.737254901960784,0.494117647058824);
#127=COLOUR_RGB('',0.858823529411765,0.737254901960784,0.494117647058824);
#128=COLOUR_RGB('',0.858823529411765,0.737254901960784,0.494117647058824);
#129=COLOUR_RGB('',0.894117647058823,0.890196078431372,0.811764705882353);
#130=COLOUR_RGB('',0.894117647058823,0.890196078431372,0.811764705882353);
#131=COLOUR_RGB('',0.894117647058823,0.890196078431372,0.811764705882353);
#132=COLOUR_RGB('',0.894117647058823,0.890196078431372,0.811764705882353);
#133=COLOUR_RGB('',0.894117647058823,0.890196078431372,0.811764705882353);
#134=COLOUR_RGB('',0.894117647058823,0.890196078431372,0.811764705882353);
#135=COLOUR_RGB('',0.894117647058823,0.890196078431372,0.811764705882353);
#136=COLOUR_RGB('',0.858823529411765,0.737254901960784,0.494117647058824);
#137=COLOUR_RGB('',0.894117647058823,0.890196078431372,0.811764705882353);
#138=COLOUR_RGB('',0.858823529411765,0.737254901960784,0.494117647058824);
#139=COLOUR_RGB('',0.894117647058823,0.890196078431372,0.811764705882353);
#140=COLOUR_RGB('',0.858823529411765,0.737254901960784,0.494117647058824);
#141=COLOUR_RGB('',0.894117647058823,0.890196078431372,0.811764705882353);
#142=COLOUR_RGB('',0.894117647058823,0.890196078431372,0.811764705882353);
#143=COLOUR_RGB('',0.858823529411765,0.737254901960784,0.494117647058824);
#144=COLOUR_RGB('',0.894117647058823,0.890196078431372,0.811764705882353);
#145=COLOUR_RGB('',0.858823529411765,0.737254901960784,0.494117647058824);
#146=COLOUR_RGB('',0.858823529411765,0.737254901960784,0.494117647058824);
#147=COLOUR_RGB('',0.858823529411765,0.737254901960784,0.494117647058824);
#148=COLOUR_RGB('',0.858823529411765,0.737254901960784,0.494117647058824);
#149=COLOUR_RGB('',0.858823529411765,0.737254901960784,0.494117647058824);
#150=COLOUR_RGB('',0.858823529411765,0.737254901960784,0.494117647058824);
#151=COLOUR_RGB('',0.858823529411765,0.737254901960784,0.494117647058824);
#152=COLOUR_RGB('',0.858823529411765,0.737254901960784,0.494117647058824);
#153=COLOUR_RGB('',0.858823529411765,0.737254901960784,0.494117647058824);
#154=COLOUR_RGB('',0.858823529411765,0.737254901960784,0.494117647058824);
#155=COLOUR_RGB('',0.858823529411765,0.737254901960784,0.494117647058824);
#156=COLOUR_RGB('',0.858823529411765,0.737254901960784,0.494117647058824);
#157=COLOUR_RGB('',0.858823529411765,0.737254901960784,0.494117647058824);
#158=COLOUR_RGB('',0.858823529411765,0.737254901960784,0.494117647058824);
#159=COLOUR_RGB('',0.858823529411765,0.737254901960784,0.494117647058824);
#160=COLOUR_RGB('',0.858823529411765,0.737254901960784,0.494117647058824);
#161=COLOUR_RGB('',0.858823529411765,0.737254901960784,0.494117647058824);
#162=COLOUR_RGB('',0.858823529411765,0.737254901960784,0.494117647058824);
#163=COLOUR_RGB('',0.858823529411765,0.737254901960784,0.494117647058824);
#164=COLOUR_RGB('',0.341176470588235,0.67843137254902,0.443137254901961);
#165=COLOUR_RGB('',0.341176470588235,0.67843137254902,0.443137254901961);
#166=COLOUR_RGB('',0.341176470588235,0.67843137254902,0.443137254901961);
#167=COLOUR_RGB('',0.858823529411765,0.737254901960784,0.494117647058824);
#168=COLOUR_RGB('',0.858823529411765,0.737254901960784,0.494117647058824);
#169=COLOUR_RGB('',0.858823529411765,0.737254901960784,0.494117647058824);
#170=COLOUR_RGB('',0.858823529411765,0.737254901960784,0.494117647058824);
#171=COLOUR_RGB('',0.858823529411765,0.737254901960784,0.494117647058824);
#172=COLOUR_RGB('',0.858823529411765,0.737254901960784,0.494117647058824);
#173=COLOUR_RGB('',0.858823529411765,0.737254901960784,0.494117647058824);
#174=COLOUR_RGB('',0.858823529411765,0.737254901960784,0.494117647058824);
#175=COLOUR_RGB('',0.858823529411765,0.737254901960784,0.494117647058824);
#176=COLOUR_RGB('',0.858823529411765,0.737254901960784,0.494117647058824);
#177=COLOUR_RGB('',0.858823529411765,0.737254901960784,0.494117647058824);
#178=COLOUR_RGB('',0.341176470588235,0.67843137254902,0.443137254901961);
#179=COLOUR_RGB('',0.823529411764706,0.819607843137255,0.780392156862745);
#180=COLOUR_RGB('',0.823529411764706,0.819607843137255,0.780392156862745);
#181=COLOUR_RGB('',0.823529411764706,0.819607843137255,0.780392156862745);
#182=COLOUR_RGB('',0.823529411764706,0.819607843137255,0.780392156862745);
#183=COLOUR_RGB('',0.823529411764706,0.819607843137255,0.780392156862745);
#184=COLOUR_RGB('',0.823529411764706,0.819607843137255,0.780392156862745);
#185=COLOUR_RGB('',0.823529411764706,0.819607843137255,0.780392156862745);
#186=COLOUR_RGB('',0.894117647058823,0.890196078431372,0.811764705882353);
#187=COLOUR_RGB('',0.823529411764706,0.819607843137255,0.780392156862745);
#188=COLOUR_RGB('',0.823529411764706,0.819607843137255,0.780392156862745);
#189=COLOUR_RGB('',0.894117647058823,0.890196078431372,0.811764705882353);
#190=COLOUR_RGB('',0.894117647058823,0.890196078431372,0.811764705882353);
#191=COLOUR_RGB('',0.823529411764706,0.819607843137255,0.780392156862745);
#192=COLOUR_RGB('',0.0823529411764706,0.0862745098039216,0.0941176470588235);
#193=COLOUR_RGB('',0.0823529411764706,0.0862745098039216,0.0941176470588235);
#194=COLOUR_RGB('',0.823529411764706,0.819607843137255,0.780392156862745);
#195=COLOUR_RGB('',0.0823529411764706,0.0862745098039216,0.0941176470588235);
#196=COLOUR_RGB('',0.823529411764706,0.819607843137255,0.780392156862745);
#197=COLOUR_RGB('',0.823529411764706,0.819607843137255,0.780392156862745);
#198=COLOUR_RGB('',0.823529411764706,0.819607843137255,0.780392156862745);
#199=COLOUR_RGB('',0.823529411764706,0.819607843137255,0.780392156862745);
#200=COLOUR_RGB('',0.823529411764706,0.819607843137255,0.780392156862745);
#201=COLOUR_RGB('',0.823529411764706,0.819607843137255,0.780392156862745);
#202=COLOUR_RGB('',0.823529411764706,0.819607843137255,0.780392156862745);
#203=COLOUR_RGB('',0.0823529411764706,0.0862745098039216,0.0941176470588235);
#204=COLOUR_RGB('',0.0823529411764706,0.0862745098039216,0.0941176470588235);
#205=FILL_AREA_STYLE_COLOUR('',#35);
#206=FILL_AREA_STYLE_COLOUR('',#36);
#207=FILL_AREA_STYLE_COLOUR('',#37);
#208=FILL_AREA_STYLE_COLOUR('',#38);
#209=FILL_AREA_STYLE_COLOUR('',#39);
#210=FILL_AREA_STYLE_COLOUR('',#40);
#211=FILL_AREA_STYLE_COLOUR('',#41);
#212=FILL_AREA_STYLE_COLOUR('',#42);
#213=FILL_AREA_STYLE_COLOUR('',#43);
#214=FILL_AREA_STYLE_COLOUR('',#44);
#215=FILL_AREA_STYLE_COLOUR('',#45);
#216=FILL_AREA_STYLE_COLOUR('',#46);
#217=FILL_AREA_STYLE_COLOUR('',#47);
#218=FILL_AREA_STYLE_COLOUR('',#48);
#219=FILL_AREA_STYLE_COLOUR('',#49);
#220=FILL_AREA_STYLE_COLOUR('',#50);
#221=FILL_AREA_STYLE_COLOUR('',#51);
#222=FILL_AREA_STYLE_COLOUR('',#52);
#223=FILL_AREA_STYLE_COLOUR('',#53);
#224=FILL_AREA_STYLE_COLOUR('',#54);
#225=FILL_AREA_STYLE_COLOUR('',#55);
#226=FILL_AREA_STYLE_COLOUR('',#56);
#227=FILL_AREA_STYLE_COLOUR('',#57);
#228=FILL_AREA_STYLE_COLOUR('',#58);
#229=FILL_AREA_STYLE_COLOUR('',#59);
#230=FILL_AREA_STYLE_COLOUR('',#60);
#231=FILL_AREA_STYLE_COLOUR('',#61);
#232=FILL_AREA_STYLE_COLOUR('',#62);
#233=FILL_AREA_STYLE_COLOUR('',#63);
#234=FILL_AREA_STYLE_COLOUR('',#64);
#235=FILL_AREA_STYLE_COLOUR('',#65);
#236=FILL_AREA_STYLE_COLOUR('',#66);
#237=FILL_AREA_STYLE_COLOUR('',#67);
#238=FILL_AREA_STYLE_COLOUR('',#68);
#239=FILL_AREA_STYLE_COLOUR('',#69);
#240=FILL_AREA_STYLE_COLOUR('',#70);
#241=FILL_AREA_STYLE_COLOUR('',#71);
#242=FILL_AREA_STYLE_COLOUR('',#72);
#243=FILL_AREA_STYLE_COLOUR('',#73);
#244=FILL_AREA_STYLE_COLOUR('',#74);
#245=FILL_AREA_STYLE_COLOUR('',#75);
#246=FILL_AREA_STYLE_COLOUR('',#76);
#247=FILL_AREA_STYLE_COLOUR('',#77);
#248=FILL_AREA_STYLE_COLOUR('',#78);
#249=FILL_AREA_STYLE_COLOUR('',#79);
#250=FILL_AREA_STYLE_COLOUR('',#80);
#251=FILL_AREA_STYLE_COLOUR('',#81);
#252=FILL_AREA_STYLE_COLOUR('',#82);
#253=FILL_AREA_STYLE_COLOUR('',#83);
#254=FILL_AREA_STYLE_COLOUR('',#84);
#255=FILL_AREA_STYLE_COLOUR('',#85);
#256=FILL_AREA_STYLE_COLOUR('',#86);
#257=FILL_AREA_STYLE_COLOUR('',#87);
#258=FILL_AREA_STYLE_COLOUR('',#88);
#259=FILL_AREA_STYLE_COLOUR('',#89);
#260=FILL_AREA_STYLE_COLOUR('',#90);
#261=FILL_AREA_STYLE_COLOUR('',#91);
#262=FILL_AREA_STYLE_COLOUR('',#92);
#263=FILL_AREA_STYLE_COLOUR('',#93);
#264=FILL_AREA_STYLE_COLOUR('',#94);
#265=FILL_AREA_STYLE_COLOUR('',#95);
#266=FILL_AREA_STYLE_COLOUR('',#96);
#267=FILL_AREA_STYLE_COLOUR('',#97);
#268=FILL_AREA_STYLE_COLOUR('',#98);
#269=FILL_AREA_STYLE_COLOUR('',#99);
#270=FILL_AREA_STYLE_COLOUR('',#100);
#271=FILL_AREA_STYLE_COLOUR('',#101);
#272=FILL_AREA_STYLE_COLOUR('',#102);
#273=FILL_AREA_STYLE_COLOUR('',#103);
#274=FILL_AREA_STYLE_COLOUR('',#104);
#275=FILL_AREA_STYLE_COLOUR('',#105);
#276=FILL_AREA_STYLE_COLOUR('',#106);
#277=FILL_AREA_STYLE_COLOUR('',#107);
#278=FILL_AREA_STYLE_COLOUR('',#108);
#279=FILL_AREA_STYLE_COLOUR('',#109);
#280=FILL_AREA_STYLE_COLOUR('',#110);
#281=FILL_AREA_STYLE_COLOUR('',#111);
#282=FILL_AREA_STYLE_COLOUR('',#112);
#283=FILL_AREA_STYLE_COLOUR('',#113);
#284=FILL_AREA_STYLE_COLOUR('',#114);
#285=FILL_AREA_STYLE_COLOUR('',#115);
#286=FILL_AREA_STYLE_COLOUR('',#116);
#287=FILL_AREA_STYLE_COLOUR('',#117);
#288=FILL_AREA_STYLE_COLOUR('',#118);
#289=FILL_AREA_STYLE_COLOUR('',#119);
#290=FILL_AREA_STYLE_COLOUR('',#120);
#291=FILL_AREA_STYLE_COLOUR('',#121);
#292=FILL_AREA_STYLE_COLOUR('',#122);
#293=FILL_AREA_STYLE_COLOUR('',#123);
#294=FILL_AREA_STYLE_COLOUR('',#124);
#295=FILL_AREA_STYLE_COLOUR('',#125);
#296=FILL_AREA_STYLE_COLOUR('',#126);
#297=FILL_AREA_STYLE_COLOUR('',#127);
#298=FILL_AREA_STYLE_COLOUR('',#128);
#299=FILL_AREA_STYLE_COLOUR('',#129);
#300=FILL_AREA_STYLE_COLOUR('',#130);
#301=FILL_AREA_STYLE_COLOUR('',#131);
#302=FILL_AREA_STYLE_COLOUR('',#132);
#303=FILL_AREA_STYLE_COLOUR('',#133);
#304=FILL_AREA_STYLE_COLOUR('',#134);
#305=FILL_AREA_STYLE_COLOUR('',#135);
#306=FILL_AREA_STYLE_COLOUR('',#136);
#307=FILL_AREA_STYLE_COLOUR('',#137);
#308=FILL_AREA_STYLE_COLOUR('',#138);
#309=FILL_AREA_STYLE_COLOUR('',#139);
#310=FILL_AREA_STYLE_COLOUR('',#140);
#311=FILL_AREA_STYLE_COLOUR('',#141);
#312=FILL_AREA_STYLE_COLOUR('',#142);
#313=FILL_AREA_STYLE_COLOUR('',#143);
#314=FILL_AREA_STYLE_COLOUR('',#144);
#315=FILL_AREA_STYLE_COLOUR('',#145);
#316=FILL_AREA_STYLE_COLOUR('',#146);
#317=FILL_AREA_STYLE_COLOUR('',#147);
#318=FILL_AREA_STYLE_COLOUR('',#148);
#319=FILL_AREA_STYLE_COLOUR('',#149);
#320=FILL_AREA_STYLE_COLOUR('',#150);
#321=FILL_AREA_STYLE_COLOUR('',#151);
#322=FILL_AREA_STYLE_COLOUR('',#152);
#323=FILL_AREA_STYLE_COLOUR('',#153);
#324=FILL_AREA_STYLE_COLOUR('',#154);
#325=FILL_AREA_STYLE_COLOUR('',#155);
#326=FILL_AREA_STYLE_COLOUR('',#156);
#327=FILL_AREA_STYLE_COLOUR('',#157);
#328=FILL_AREA_STYLE_COLOUR('',#158);
#329=FILL_AREA_STYLE_COLOUR('',#159);
#330=FILL_AREA_STYLE_COLOUR('',#160);
#331=FILL_AREA_STYLE_COLOUR('',#161);
#332=FILL_AREA_STYLE_COLOUR('',#162);
#333=FILL_AREA_STYLE_COLOUR('',#163);
#334=FILL_AREA_STYLE_COLOUR('',#164);
#335=FILL_AREA_STYLE_COLOUR('',#165);
#336=FILL_AREA_STYLE_COLOUR('',#166);
#337=FILL_AREA_STYLE_COLOUR('',#167);
#338=FILL_AREA_STYLE_COLOUR('',#168);
#339=FILL_AREA_STYLE_COLOUR('',#169);
#340=FILL_AREA_STYLE_COLOUR('',#170);
#341=FILL_AREA_STYLE_COLOUR('',#171);
#342=FILL_AREA_STYLE_COLOUR('',#172);
#343=FILL_AREA_STYLE_COLOUR('',#173);
#344=FILL_AREA_STYLE_COLOUR('',#174);
#345=FILL_AREA_STYLE_COLOUR('',#175);
#346=FILL_AREA_STYLE_COLOUR('',#176);
#347=FILL_AREA_STYLE_COLOUR('',#177);
#348=FILL_AREA_STYLE_COLOUR('',#178);
#349=FILL_AREA_STYLE_COLOUR('',#179);
#350=FILL_AREA_STYLE_COLOUR('',#180);
#351=FILL_AREA_STYLE_COLOUR('',#181);
#352=FILL_AREA_STYLE_COLOUR('',#182);
#353=FILL_AREA_STYLE_COLOUR('',#183);
#354=FILL_AREA_STYLE_COLOUR('',#184);
#355=FILL_AREA_STYLE_COLOUR('',#185);
#356=FILL_AREA_STYLE_COLOUR('',#186);
#357=FILL_AREA_STYLE_COLOUR('',#187);
#358=FILL_AREA_STYLE_COLOUR('',#188);
#359=FILL_AREA_STYLE_COLOUR('',#189);
#360=FILL_AREA_STYLE_COLOUR('',#190);
#361=FILL_AREA_STYLE_COLOUR('',#191);
#362=FILL_AREA_STYLE_COLOUR('',#192);
#363=FILL_AREA_STYLE_COLOUR('',#193);
#364=FILL_AREA_STYLE_COLOUR('',#194);
#365=FILL_AREA_STYLE_COLOUR('',#195);
#366=FILL_AREA_STYLE_COLOUR('',#196);
#367=FILL_AREA_STYLE_COLOUR('',#197);
#368=FILL_AREA_STYLE_COLOUR('',#198);
#369=FILL_AREA_STYLE_COLOUR('',#199);
#370=FILL_AREA_STYLE_COLOUR('',#200);
#371=FILL_AREA_STYLE_COLOUR('',#201);
#372=FILL_AREA_STYLE_COLOUR('',#202);
#373=FILL_AREA_STYLE_COLOUR('',#203);
#374=FILL_AREA_STYLE_COLOUR('',#204);
#375=FILL_AREA_STYLE('',(#205));
#376=FILL_AREA_STYLE('',(#206));
#377=FILL_AREA_STYLE('',(#207));
#378=FILL_AREA_STYLE('',(#208));
#379=FILL_AREA_STYLE('',(#209));
#380=FILL_AREA_STYLE('',(#210));
#381=FILL_AREA_STYLE('',(#211));
#382=FILL_AREA_STYLE('',(#212));
#383=FILL_AREA_STYLE('',(#213));
#384=FILL_AREA_STYLE('',(#214));
#385=FILL_AREA_STYLE('',(#215));
#386=FILL_AREA_STYLE('',(#216));
#387=FILL_AREA_STYLE('',(#217));
#388=FILL_AREA_STYLE('',(#218));
#389=FILL_AREA_STYLE('',(#219));
#390=FILL_AREA_STYLE('',(#220));
#391=FILL_AREA_STYLE('',(#221));
#392=FILL_AREA_STYLE('',(#222));
#393=FILL_AREA_STYLE('',(#223));
#394=FILL_AREA_STYLE('',(#224));
#395=FILL_AREA_STYLE('',(#225));
#396=FILL_AREA_STYLE('',(#226));
#397=FILL_AREA_STYLE('',(#227));
#398=FILL_AREA_STYLE('',(#228));
#399=FILL_AREA_STYLE('',(#229));
#400=FILL_AREA_STYLE('',(#230));
#401=FILL_AREA_STYLE('',(#231));
#402=FILL_AREA_STYLE('',(#232));
#403=FILL_AREA_STYLE('',(#233));
#404=FILL_AREA_STYLE('',(#234));
#405=FILL_AREA_STYLE('',(#235));
#406=FILL_AREA_STYLE('',(#236));
#407=FILL_AREA_STYLE('',(#237));
#408=FILL_AREA_STYLE('',(#238));
#409=FILL_AREA_STYLE('',(#239));
#410=FILL_AREA_STYLE('',(#240));
#411=FILL_AREA_STYLE('',(#241));
#412=FILL_AREA_STYLE('',(#242));
#413=FILL_AREA_STYLE('',(#243));
#414=FILL_AREA_STYLE('',(#244));
#415=FILL_AREA_STYLE('',(#245));
#416=FILL_AREA_STYLE('',(#246));
#417=FILL_AREA_STYLE('',(#247));
#418=FILL_AREA_STYLE('',(#248));
#419=FILL_AREA_STYLE('',(#249));
#420=FILL_AREA_STYLE('',(#250));
#421=FILL_AREA_STYLE('',(#251));
#422=FILL_AREA_STYLE('',(#252));
#423=FILL_AREA_STYLE('',(#253));
#424=FILL_AREA_STYLE('',(#254));
#425=FILL_AREA_STYLE('',(#255));
#426=FILL_AREA_STYLE('',(#256));
#427=FILL_AREA_STYLE('',(#257));
#428=FILL_AREA_STYLE('',(#258));
#429=FILL_AREA_STYLE('',(#259));
#430=FILL_AREA_STYLE('',(#260));
#431=FILL_AREA_STYLE('',(#261));
#432=FILL_AREA_STYLE('',(#262));
#433=FILL_AREA_STYLE('',(#263));
#434=FILL_AREA_STYLE('',(#264));
#435=FILL_AREA_STYLE('',(#265));
#436=FILL_AREA_STYLE('',(#266));
#437=FILL_AREA_STYLE('',(#267));
#438=FILL_AREA_STYLE('',(#268));
#439=FILL_AREA_STYLE('',(#269));
#440=FILL_AREA_STYLE('',(#270));
#441=FILL_AREA_STYLE('',(#271));
#442=FILL_AREA_STYLE('',(#272));
#443=FILL_AREA_STYLE('',(#273));
#444=FILL_AREA_STYLE('',(#274));
#445=FILL_AREA_STYLE('',(#275));
#446=FILL_AREA_STYLE('',(#276));
#447=FILL_AREA_STYLE('',(#277));
#448=FILL_AREA_STYLE('',(#278));
#449=FILL_AREA_STYLE('',(#279));
#450=FILL_AREA_STYLE('',(#280));
#451=FILL_AREA_STYLE('',(#281));
#452=FILL_AREA_STYLE('',(#282));
#453=FILL_AREA_STYLE('',(#283));
#454=FILL_AREA_STYLE('',(#284));
#455=FILL_AREA_STYLE('',(#285));
#456=FILL_AREA_STYLE('',(#286));
#457=FILL_AREA_STYLE('',(#287));
#458=FILL_AREA_STYLE('',(#288));
#459=FILL_AREA_STYLE('',(#289));
#460=FILL_AREA_STYLE('',(#290));
#461=FILL_AREA_STYLE('',(#291));
#462=FILL_AREA_STYLE('',(#292));
#463=FILL_AREA_STYLE('',(#293));
#464=FILL_AREA_STYLE('',(#294));
#465=FILL_AREA_STYLE('',(#295));
#466=FILL_AREA_STYLE('',(#296));
#467=FILL_AREA_STYLE('',(#297));
#468=FILL_AREA_STYLE('',(#298));
#469=FILL_AREA_STYLE('',(#299));
#470=FILL_AREA_STYLE('',(#300));
#471=FILL_AREA_STYLE('',(#301));
#472=FILL_AREA_STYLE('',(#302));
#473=FILL_AREA_STYLE('',(#303));
#474=FILL_AREA_STYLE('',(#304));
#475=FILL_AREA_STYLE('',(#305));
#476=FILL_AREA_STYLE('',(#306));
#477=FILL_AREA_STYLE('',(#307));
#478=FILL_AREA_STYLE('',(#308));
#479=FILL_AREA_STYLE('',(#309));
#480=FILL_AREA_STYLE('',(#310));
#481=FILL_AREA_STYLE('',(#311));
#482=FILL_AREA_STYLE('',(#312));
#483=FILL_AREA_STYLE('',(#313));
#484=FILL_AREA_STYLE('',(#314));
#485=FILL_AREA_STYLE('',(#315));
#486=FILL_AREA_STYLE('',(#316));
#487=FILL_AREA_STYLE('',(#317));
#488=FILL_AREA_STYLE('',(#318));
#489=FILL_AREA_STYLE('',(#319));
#490=FILL_AREA_STYLE('',(#320));
#491=FILL_AREA_STYLE('',(#321));
#492=FILL_AREA_STYLE('',(#322));
#493=FILL_AREA_STYLE('',(#323));
#494=FILL_AREA_STYLE('',(#324));
#495=FILL_AREA_STYLE('',(#325));
#496=FILL_AREA_STYLE('',(#326));
#497=FILL_AREA_STYLE('',(#327));
#498=FILL_AREA_STYLE('',(#328));
#499=FILL_AREA_STYLE('',(#329));
#500=FILL_AREA_STYLE('',(#330));
#501=FILL_AREA_STYLE('',(#331));
#502=FILL_AREA_STYLE('',(#332));
#503=FILL_AREA_STYLE('',(#333));
#504=FILL_AREA_STYLE('',(#334));
#505=FILL_AREA_STYLE('',(#335));
#506=FILL_AREA_STYLE('',(#336));
#507=FILL_AREA_STYLE('',(#337));
#508=FILL_AREA_STYLE('',(#338));
#509=FILL_AREA_STYLE('',(#339));
#510=FILL_AREA_STYLE('',(#340));
#511=FILL_AREA_STYLE('',(#341));
#512=FILL_AREA_STYLE('',(#342));
#513=FILL_AREA_STYLE('',(#343));
#514=FILL_AREA_STYLE('',(#344));
#515=FILL_AREA_STYLE('',(#345));
#516=FILL_AREA_STYLE('',(#346));
#517=FILL_AREA_STYLE('',(#347));
#518=FILL_AREA_STYLE('',(#348));
#519=FILL_AREA_STYLE('',(#349));
#520=FILL_AREA_STYLE('',(#350));
#521=FILL_AREA_STYLE('',(#351));
#522=FILL_AREA_STYLE('',(#352));
#523=FILL_AREA_STYLE('',(#353));
#524=FILL_AREA_STYLE('',(#354));
#525=FILL_AREA_STYLE('',(#355));
#526=FILL_AREA_STYLE('',(#356));
#527=FILL_AREA_STYLE('',(#357));
#528=FILL_AREA_STYLE('',(#358));
#529=FILL_AREA_STYLE('',(#359));
#530=FILL_AREA_STYLE('',(#360));
#531=FILL_AREA_STYLE('',(#361));
#532=FILL_AREA_STYLE('',(#362));
#533=FILL_AREA_STYLE('',(#363));
#534=FILL_AREA_STYLE('',(#364));
#535=FILL_AREA_STYLE('',(#365));
#536=FILL_AREA_STYLE('',(#366));
#537=FILL_AREA_STYLE('',(#367));
#538=FILL_AREA_STYLE('',(#368));
#539=FILL_AREA_STYLE('',(#369));
#540=FILL_AREA_STYLE('',(#370));
#541=FILL_AREA_STYLE('',(#371));
#542=FILL_AREA_STYLE('',(#372));
#543=FILL_AREA_STYLE('',(#373));
#544=FILL_AREA_STYLE('',(#374));
#545=SURFACE_STYLE_FILL_AREA(#375);
#546=SURFACE_STYLE_FILL_AREA(#376);
#547=SURFACE_STYLE_FILL_AREA(#377);
#548=SURFACE_STYLE_FILL_AREA(#378);
#549=SURFACE_STYLE_FILL_AREA(#379);
#550=SURFACE_STYLE_FILL_AREA(#380);
#551=SURFACE_STYLE_FILL_AREA(#381);
#552=SURFACE_STYLE_FILL_AREA(#382);
#553=SURFACE_STYLE_FILL_AREA(#383);
#554=SURFACE_STYLE_FILL_AREA(#384);
#555=SURFACE_STYLE_FILL_AREA(#385);
#556=SURFACE_STYLE_FILL_AREA(#386);
#557=SURFACE_STYLE_FILL_AREA(#387);
#558=SURFACE_STYLE_FILL_AREA(#388);
#559=SURFACE_STYLE_FILL_AREA(#389);
#560=SURFACE_STYLE_FILL_AREA(#390);
#561=SURFACE_STYLE_FILL_AREA(#391);
#562=SURFACE_STYLE_FILL_AREA(#392);
#563=SURFACE_STYLE_FILL_AREA(#393);
#564=SURFACE_STYLE_FILL_AREA(#394);
#565=SURFACE_STYLE_FILL_AREA(#395);
#566=SURFACE_STYLE_FILL_AREA(#396);
#567=SURFACE_STYLE_FILL_AREA(#397);
#568=SURFACE_STYLE_FILL_AREA(#398);
#569=SURFACE_STYLE_FILL_AREA(#399);
#570=SURFACE_STYLE_FILL_AREA(#400);
#571=SURFACE_STYLE_FILL_AREA(#401);
#572=SURFACE_STYLE_FILL_AREA(#402);
#573=SURFACE_STYLE_FILL_AREA(#403);
#574=SURFACE_STYLE_FILL_AREA(#404);
#575=SURFACE_STYLE_FILL_AREA(#405);
#576=SURFACE_STYLE_FILL_AREA(#406);
#577=SURFACE_STYLE_FILL_AREA(#407);
#578=SURFACE_STYLE_FILL_AREA(#408);
#579=SURFACE_STYLE_FILL_AREA(#409);
#580=SURFACE_STYLE_FILL_AREA(#410);
#581=SURFACE_STYLE_FILL_AREA(#411);
#582=SURFACE_STYLE_FILL_AREA(#412);
#583=SURFACE_STYLE_FILL_AREA(#413);
#584=SURFACE_STYLE_FILL_AREA(#414);
#585=SURFACE_STYLE_FILL_AREA(#415);
#586=SURFACE_STYLE_FILL_AREA(#416);
#587=SURFACE_STYLE_FILL_AREA(#417);
#588=SURFACE_STYLE_FILL_AREA(#418);
#589=SURFACE_STYLE_FILL_AREA(#419);
#590=SURFACE_STYLE_FILL_AREA(#420);
#591=SURFACE_STYLE_FILL_AREA(#421);
#592=SURFACE_STYLE_FILL_AREA(#422);
#593=SURFACE_STYLE_FILL_AREA(#423);
#594=SURFACE_STYLE_FILL_AREA(#424);
#595=SURFACE_STYLE_FILL_AREA(#425);
#596=SURFACE_STYLE_FILL_AREA(#426);
#597=SURFACE_STYLE_FILL_AREA(#427);
#598=SURFACE_STYLE_FILL_AREA(#428);
#599=SURFACE_STYLE_FILL_AREA(#429);
#600=SURFACE_STYLE_FILL_AREA(#430);
#601=SURFACE_STYLE_FILL_AREA(#431);
#602=SURFACE_STYLE_FILL_AREA(#432);
#603=SURFACE_STYLE_FILL_AREA(#433);
#604=SURFACE_STYLE_FILL_AREA(#434);
#605=SURFACE_STYLE_FILL_AREA(#435);
#606=SURFACE_STYLE_FILL_AREA(#436);
#607=SURFACE_STYLE_FILL_AREA(#437);
#608=SURFACE_STYLE_FILL_AREA(#438);
#609=SURFACE_STYLE_FILL_AREA(#439);
#610=SURFACE_STYLE_FILL_AREA(#440);
#611=SURFACE_STYLE_FILL_AREA(#441);
#612=SURFACE_STYLE_FILL_AREA(#442);
#613=SURFACE_STYLE_FILL_AREA(#443);
#614=SURFACE_STYLE_FILL_AREA(#444);
#615=SURFACE_STYLE_FILL_AREA(#445);
#616=SURFACE_STYLE_FILL_AREA(#446);
#617=SURFACE_STYLE_FILL_AREA(#447);
#618=SURFACE_STYLE_FILL_AREA(#448);
#619=SURFACE_STYLE_FILL_AREA(#449);
#620=SURFACE_STYLE_FILL_AREA(#450);
#621=SURFACE_STYLE_FILL_AREA(#451);
#622=SURFACE_STYLE_FILL_AREA(#452);
#623=SURFACE_STYLE_FILL_AREA(#453);
#624=SURFACE_STYLE_FILL_AREA(#454);
#625=SURFACE_STYLE_FILL_AREA(#455);
#626=SURFACE_STYLE_FILL_AREA(#456);
#627=SURFACE_STYLE_FILL_AREA(#457);
#628=SURFACE_STYLE_FILL_AREA(#458);
#629=SURFACE_STYLE_FILL_AREA(#459);
#630=SURFACE_STYLE_FILL_AREA(#460);
#631=SURFACE_STYLE_FILL_AREA(#461);
#632=SURFACE_STYLE_FILL_AREA(#462);
#633=SURFACE_STYLE_FILL_AREA(#463);
#634=SURFACE_STYLE_FILL_AREA(#464);
#635=SURFACE_STYLE_FILL_AREA(#465);
#636=SURFACE_STYLE_FILL_AREA(#466);
#637=SURFACE_STYLE_FILL_AREA(#467);
#638=SURFACE_STYLE_FILL_AREA(#468);
#639=SURFACE_STYLE_FILL_AREA(#469);
#640=SURFACE_STYLE_FILL_AREA(#470);
#641=SURFACE_STYLE_FILL_AREA(#471);
#642=SURFACE_STYLE_FILL_AREA(#472);
#643=SURFACE_STYLE_FILL_AREA(#473);
#644=SURFACE_STYLE_FILL_AREA(#474);
#645=SURFACE_STYLE_FILL_AREA(#475);
#646=SURFACE_STYLE_FILL_AREA(#476);
#647=SURFACE_STYLE_FILL_AREA(#477);
#648=SURFACE_STYLE_FILL_AREA(#478);
#649=SURFACE_STYLE_FILL_AREA(#479);
#650=SURFACE_STYLE_FILL_AREA(#480);
#651=SURFACE_STYLE_FILL_AREA(#481);
#652=SURFACE_STYLE_FILL_AREA(#482);
#653=SURFACE_STYLE_FILL_AREA(#483);
#654=SURFACE_STYLE_FILL_AREA(#484);
#655=SURFACE_STYLE_FILL_AREA(#485);
#656=SURFACE_STYLE_FILL_AREA(#486);
#657=SURFACE_STYLE_FILL_AREA(#487);
#658=SURFACE_STYLE_FILL_AREA(#488);
#659=SURFACE_STYLE_FILL_AREA(#489);
#660=SURFACE_STYLE_FILL_AREA(#490);
#661=SURFACE_STYLE_FILL_AREA(#491);
#662=SURFACE_STYLE_FILL_AREA(#492);
#663=SURFACE_STYLE_FILL_AREA(#493);
#664=SURFACE_STYLE_FILL_AREA(#494);
#665=SURFACE_STYLE_FILL_AREA(#495);
#666=SURFACE_STYLE_FILL_AREA(#496);
#667=SURFACE_STYLE_FILL_AREA(#497);
#668=SURFACE_STYLE_FILL_AREA(#498);
#669=SURFACE_STYLE_FILL_AREA(#499);
#670=SURFACE_STYLE_FILL_AREA(#500);
#671=SURFACE_STYLE_FILL_AREA(#501);
#672=SURFACE_STYLE_FILL_AREA(#502);
#673=SURFACE_STYLE_FILL_AREA(#503);
#674=SURFACE_STYLE_FILL_AREA(#504);
#675=SURFACE_STYLE_FILL_AREA(#505);
#676=SURFACE_STYLE_FILL_AREA(#506);
#677=SURFACE_STYLE_FILL_AREA(#507);
#678=SURFACE_STYLE_FILL_AREA(#508);
#679=SURFACE_STYLE_FILL_AREA(#509);
#680=SURFACE_STYLE_FILL_AREA(#510);
#681=SURFACE_STYLE_FILL_AREA(#511);
#682=SURFACE_STYLE_FILL_AREA(#512);
#683=SURFACE_STYLE_FILL_AREA(#513);
#684=SURFACE_STYLE_FILL_AREA(#514);
#685=SURFACE_STYLE_FILL_AREA(#515);
#686=SURFACE_STYLE_FILL_AREA(#516);
#687=SURFACE_STYLE_FILL_AREA(#517);
#688=SURFACE_STYLE_FILL_AREA(#518);
#689=SURFACE_STYLE_FILL_AREA(#519);
#690=SURFACE_STYLE_FILL_AREA(#520);
#691=SURFACE_STYLE_FILL_AREA(#521);
#692=SURFACE_STYLE_FILL_AREA(#522);
#693=SURFACE_STYLE_FILL_AREA(#523);
#694=SURFACE_STYLE_FILL_AREA(#524);
#695=SURFACE_STYLE_FILL_AREA(#525);
#696=SURFACE_STYLE_FILL_AREA(#526);
#697=SURFACE_STYLE_FILL_AREA(#527);
#698=SURFACE_STYLE_FILL_AREA(#528);
#699=SURFACE_STYLE_FILL_AREA(#529);
#700=SURFACE_STYLE_FILL_AREA(#530);
#701=SURFACE_STYLE_FILL_AREA(#531);
#702=SURFACE_STYLE_FILL_AREA(#532);
#703=SURFACE_STYLE_FILL_AREA(#533);
#704=SURFACE_STYLE_FILL_AREA(#534);
#705=SURFACE_STYLE_FILL_AREA(#535);
#706=SURFACE_STYLE_FILL_AREA(#536);
#707=SURFACE_STYLE_FILL_AREA(#537);
#708=SURFACE_STYLE_FILL_AREA(#538);
#709=SURFACE_STYLE_FILL_AREA(#539);
#710=SURFACE_STYLE_FILL_AREA(#540);
#711=SURFACE_STYLE_FILL_AREA(#541);
#712=SURFACE_STYLE_FILL_AREA(#542);
#713=SURFACE_STYLE_FILL_AREA(#543);
#714=SURFACE_STYLE_FILL_AREA(#544);
#715=SURFACE_SIDE_STYLE('',(#545));
#716=SURFACE_SIDE_STYLE('',(#546));
#717=SURFACE_SIDE_STYLE('',(#547));
#718=SURFACE_SIDE_STYLE('',(#548));
#719=SURFACE_SIDE_STYLE('',(#549));
#720=SURFACE_SIDE_STYLE('',(#550));
#721=SURFACE_SIDE_STYLE('',(#551));
#722=SURFACE_SIDE_STYLE('',(#552));
#723=SURFACE_SIDE_STYLE('',(#553));
#724=SURFACE_SIDE_STYLE('',(#554));
#725=SURFACE_SIDE_STYLE('',(#555));
#726=SURFACE_SIDE_STYLE('',(#556));
#727=SURFACE_SIDE_STYLE('',(#557));
#728=SURFACE_SIDE_STYLE('',(#558));
#729=SURFACE_SIDE_STYLE('',(#559));
#730=SURFACE_SIDE_STYLE('',(#560));
#731=SURFACE_SIDE_STYLE('',(#561));
#732=SURFACE_SIDE_STYLE('',(#562));
#733=SURFACE_SIDE_STYLE('',(#563));
#734=SURFACE_SIDE_STYLE('',(#564));
#735=SURFACE_SIDE_STYLE('',(#565));
#736=SURFACE_SIDE_STYLE('',(#566));
#737=SURFACE_SIDE_STYLE('',(#567));
#738=SURFACE_SIDE_STYLE('',(#568));
#739=SURFACE_SIDE_STYLE('',(#569));
#740=SURFACE_SIDE_STYLE('',(#570));
#741=SURFACE_SIDE_STYLE('',(#571));
#742=SURFACE_SIDE_STYLE('',(#572));
#743=SURFACE_SIDE_STYLE('',(#573));
#744=SURFACE_SIDE_STYLE('',(#574));
#745=SURFACE_SIDE_STYLE('',(#575));
#746=SURFACE_SIDE_STYLE('',(#576));
#747=SURFACE_SIDE_STYLE('',(#577));
#748=SURFACE_SIDE_STYLE('',(#578));
#749=SURFACE_SIDE_STYLE('',(#579));
#750=SURFACE_SIDE_STYLE('',(#580));
#751=SURFACE_SIDE_STYLE('',(#581));
#752=SURFACE_SIDE_STYLE('',(#582));
#753=SURFACE_SIDE_STYLE('',(#583));
#754=SURFACE_SIDE_STYLE('',(#584));
#755=SURFACE_SIDE_STYLE('',(#585));
#756=SURFACE_SIDE_STYLE('',(#586));
#757=SURFACE_SIDE_STYLE('',(#587));
#758=SURFACE_SIDE_STYLE('',(#588));
#759=SURFACE_SIDE_STYLE('',(#589));
#760=SURFACE_SIDE_STYLE('',(#590));
#761=SURFACE_SIDE_STYLE('',(#591));
#762=SURFACE_SIDE_STYLE('',(#592));
#763=SURFACE_SIDE_STYLE('',(#593));
#764=SURFACE_SIDE_STYLE('',(#594));
#765=SURFACE_SIDE_STYLE('',(#595));
#766=SURFACE_SIDE_STYLE('',(#596));
#767=SURFACE_SIDE_STYLE('',(#597));
#768=SURFACE_SIDE_STYLE('',(#598));
#769=SURFACE_SIDE_STYLE('',(#599));
#770=SURFACE_SIDE_STYLE('',(#600));
#771=SURFACE_SIDE_STYLE('',(#601));
#772=SURFACE_SIDE_STYLE('',(#602));
#773=SURFACE_SIDE_STYLE('',(#603));
#774=SURFACE_SIDE_STYLE('',(#604));
#775=SURFACE_SIDE_STYLE('',(#605));
#776=SURFACE_SIDE_STYLE('',(#606));
#777=SURFACE_SIDE_STYLE('',(#607));
#778=SURFACE_SIDE_STYLE('',(#608));
#779=SURFACE_SIDE_STYLE('',(#609));
#780=SURFACE_SIDE_STYLE('',(#610));
#781=SURFACE_SIDE_STYLE('',(#611));
#782=SURFACE_SIDE_STYLE('',(#612));
#783=SURFACE_SIDE_STYLE('',(#613));
#784=SURFACE_SIDE_STYLE('',(#614));
#785=SURFACE_SIDE_STYLE('',(#615));
#786=SURFACE_SIDE_STYLE('',(#616));
#787=SURFACE_SIDE_STYLE('',(#617));
#788=SURFACE_SIDE_STYLE('',(#618));
#789=SURFACE_SIDE_STYLE('',(#619));
#790=SURFACE_SIDE_STYLE('',(#620));
#791=SURFACE_SIDE_STYLE('',(#621));
#792=SURFACE_SIDE_STYLE('',(#622));
#793=SURFACE_SIDE_STYLE('',(#623));
#794=SURFACE_SIDE_STYLE('',(#624));
#795=SURFACE_SIDE_STYLE('',(#625));
#796=SURFACE_SIDE_STYLE('',(#626));
#797=SURFACE_SIDE_STYLE('',(#627));
#798=SURFACE_SIDE_STYLE('',(#628));
#799=SURFACE_SIDE_STYLE('',(#629));
#800=SURFACE_SIDE_STYLE('',(#630));
#801=SURFACE_SIDE_STYLE('',(#631));
#802=SURFACE_SIDE_STYLE('',(#632));
#803=SURFACE_SIDE_STYLE('',(#633));
#804=SURFACE_SIDE_STYLE('',(#634));
#805=SURFACE_SIDE_STYLE('',(#635));
#806=SURFACE_SIDE_STYLE('',(#636));
#807=SURFACE_SIDE_STYLE('',(#637));
#808=SURFACE_SIDE_STYLE('',(#638));
#809=SURFACE_SIDE_STYLE('',(#639));
#810=SURFACE_SIDE_STYLE('',(#640));
#811=SURFACE_SIDE_STYLE('',(#641));
#812=SURFACE_SIDE_STYLE('',(#642));
#813=SURFACE_SIDE_STYLE('',(#643));
#814=SURFACE_SIDE_STYLE('',(#644));
#815=SURFACE_SIDE_STYLE('',(#645));
#816=SURFACE_SIDE_STYLE('',(#646));
#817=SURFACE_SIDE_STYLE('',(#647));
#818=SURFACE_SIDE_STYLE('',(#648));
#819=SURFACE_SIDE_STYLE('',(#649));
#820=SURFACE_SIDE_STYLE('',(#650));
#821=SURFACE_SIDE_STYLE('',(#651));
#822=SURFACE_SIDE_STYLE('',(#652));
#823=SURFACE_SIDE_STYLE('',(#653));
#824=SURFACE_SIDE_STYLE('',(#654));
#825=SURFACE_SIDE_STYLE('',(#655));
#826=SURFACE_SIDE_STYLE('',(#656));
#827=SURFACE_SIDE_STYLE('',(#657));
#828=SURFACE_SIDE_STYLE('',(#658));
#829=SURFACE_SIDE_STYLE('',(#659));
#830=SURFACE_SIDE_STYLE('',(#660));
#831=SURFACE_SIDE_STYLE('',(#661));
#832=SURFACE_SIDE_STYLE('',(#662));
#833=SURFACE_SIDE_STYLE('',(#663));
#834=SURFACE_SIDE_STYLE('',(#664));
#835=SURFACE_SIDE_STYLE('',(#665));
#836=SURFACE_SIDE_STYLE('',(#666));
#837=SURFACE_SIDE_STYLE('',(#667));
#838=SURFACE_SIDE_STYLE('',(#668));
#839=SURFACE_SIDE_STYLE('',(#669));
#840=SURFACE_SIDE_STYLE('',(#670));
#841=SURFACE_SIDE_STYLE('',(#671));
#842=SURFACE_SIDE_STYLE('',(#672));
#843=SURFACE_SIDE_STYLE('',(#673));
#844=SURFACE_SIDE_STYLE('',(#674));
#845=SURFACE_SIDE_STYLE('',(#675));
#846=SURFACE_SIDE_STYLE('',(#676));
#847=SURFACE_SIDE_STYLE('',(#677));
#848=SURFACE_SIDE_STYLE('',(#678));
#849=SURFACE_SIDE_STYLE('',(#679));
#850=SURFACE_SIDE_STYLE('',(#680));
#851=SURFACE_SIDE_STYLE('',(#681));
#852=SURFACE_SIDE_STYLE('',(#682));
#853=SURFACE_SIDE_STYLE('',(#683));
#854=SURFACE_SIDE_STYLE('',(#684));
#855=SURFACE_SIDE_STYLE('',(#685));
#856=SURFACE_SIDE_STYLE('',(#686));
#857=SURFACE_SIDE_STYLE('',(#687));
#858=SURFACE_SIDE_STYLE('',(#688));
#859=SURFACE_SIDE_STYLE('',(#689));
#860=SURFACE_SIDE_STYLE('',(#690));
#861=SURFACE_SIDE_STYLE('',(#691));
#862=SURFACE_SIDE_STYLE('',(#692));
#863=SURFACE_SIDE_STYLE('',(#693));
#864=SURFACE_SIDE_STYLE('',(#694));
#865=SURFACE_SIDE_STYLE('',(#695));
#866=SURFACE_SIDE_STYLE('',(#696));
#867=SURFACE_SIDE_STYLE('',(#697));
#868=SURFACE_SIDE_STYLE('',(#698));
#869=SURFACE_SIDE_STYLE('',(#699));
#870=SURFACE_SIDE_STYLE('',(#700));
#871=SURFACE_SIDE_STYLE('',(#701));
#872=SURFACE_SIDE_STYLE('',(#702));
#873=SURFACE_SIDE_STYLE('',(#703));
#874=SURFACE_SIDE_STYLE('',(#704));
#875=SURFACE_SIDE_STYLE('',(#705));
#876=SURFACE_SIDE_STYLE('',(#706));
#877=SURFACE_SIDE_STYLE('',(#707));
#878=SURFACE_SIDE_STYLE('',(#708));
#879=SURFACE_SIDE_STYLE('',(#709));
#880=SURFACE_SIDE_STYLE('',(#710));
#881=SURFACE_SIDE_STYLE('',(#711));
#882=SURFACE_SIDE_STYLE('',(#712));
#883=SURFACE_SIDE_STYLE('',(#713));
#884=SURFACE_SIDE_STYLE('',(#714));
#885=SURFACE_STYLE_USAGE(.BOTH.,#715);
#886=SURFACE_STYLE_USAGE(.BOTH.,#716);
#887=SURFACE_STYLE_USAGE(.BOTH.,#717);
#888=SURFACE_STYLE_USAGE(.BOTH.,#718);
#889=SURFACE_STYLE_USAGE(.BOTH.,#719);
#890=SURFACE_STYLE_USAGE(.BOTH.,#720);
#891=SURFACE_STYLE_USAGE(.BOTH.,#721);
#892=SURFACE_STYLE_USAGE(.BOTH.,#722);
#893=SURFACE_STYLE_USAGE(.BOTH.,#723);
#894=SURFACE_STYLE_USAGE(.BOTH.,#724);
#895=SURFACE_STYLE_USAGE(.BOTH.,#725);
#896=SURFACE_STYLE_USAGE(.BOTH.,#726);
#897=SURFACE_STYLE_USAGE(.BOTH.,#727);
#898=SURFACE_STYLE_USAGE(.BOTH.,#728);
#899=SURFACE_STYLE_USAGE(.BOTH.,#729);
#900=SURFACE_STYLE_USAGE(.BOTH.,#730);
#901=SURFACE_STYLE_USAGE(.BOTH.,#731);
#902=SURFACE_STYLE_USAGE(.BOTH.,#732);
#903=SURFACE_STYLE_USAGE(.BOTH.,#733);
#904=SURFACE_STYLE_USAGE(.BOTH.,#734);
#905=SURFACE_STYLE_USAGE(.BOTH.,#735);
#906=SURFACE_STYLE_USAGE(.BOTH.,#736);
#907=SURFACE_STYLE_USAGE(.BOTH.,#737);
#908=SURFACE_STYLE_USAGE(.BOTH.,#738);
#909=SURFACE_STYLE_USAGE(.BOTH.,#739);
#910=SURFACE_STYLE_USAGE(.BOTH.,#740);
#911=SURFACE_STYLE_USAGE(.BOTH.,#741);
#912=SURFACE_STYLE_USAGE(.BOTH.,#742);
#913=SURFACE_STYLE_USAGE(.BOTH.,#743);
#914=SURFACE_STYLE_USAGE(.BOTH.,#744);
#915=SURFACE_STYLE_USAGE(.BOTH.,#745);
#916=SURFACE_STYLE_USAGE(.BOTH.,#746);
#917=SURFACE_STYLE_USAGE(.BOTH.,#747);
#918=SURFACE_STYLE_USAGE(.BOTH.,#748);
#919=SURFACE_STYLE_USAGE(.BOTH.,#749);
#920=SURFACE_STYLE_USAGE(.BOTH.,#750);
#921=SURFACE_STYLE_USAGE(.BOTH.,#751);
#922=SURFACE_STYLE_USAGE(.BOTH.,#752);
#923=SURFACE_STYLE_USAGE(.BOTH.,#753);
#924=SURFACE_STYLE_USAGE(.BOTH.,#754);
#925=SURFACE_STYLE_USAGE(.BOTH.,#755);
#926=SURFACE_STYLE_USAGE(.BOTH.,#756);
#927=SURFACE_STYLE_USAGE(.BOTH.,#757);
#928=SURFACE_STYLE_USAGE(.BOTH.,#758);
#929=SURFACE_STYLE_USAGE(.BOTH.,#759);
#930=SURFACE_STYLE_USAGE(.BOTH.,#760);
#931=SURFACE_STYLE_USAGE(.BOTH.,#761);
#932=SURFACE_STYLE_USAGE(.BOTH.,#762);
#933=SURFACE_STYLE_USAGE(.BOTH.,#763);
#934=SURFACE_STYLE_USAGE(.BOTH.,#764);
#935=SURFACE_STYLE_USAGE(.BOTH.,#765);
#936=SURFACE_STYLE_USAGE(.BOTH.,#766);
#937=SURFACE_STYLE_USAGE(.BOTH.,#767);
#938=SURFACE_STYLE_USAGE(.BOTH.,#768);
#939=SURFACE_STYLE_USAGE(.BOTH.,#769);
#940=SURFACE_STYLE_USAGE(.BOTH.,#770);
#941=SURFACE_STYLE_USAGE(.BOTH.,#771);
#942=SURFACE_STYLE_USAGE(.BOTH.,#772);
#943=SURFACE_STYLE_USAGE(.BOTH.,#773);
#944=SURFACE_STYLE_USAGE(.BOTH.,#774);
#945=SURFACE_STYLE_USAGE(.BOTH.,#775);
#946=SURFACE_STYLE_USAGE(.BOTH.,#776);
#947=SURFACE_STYLE_USAGE(.BOTH.,#777);
#948=SURFACE_STYLE_USAGE(.BOTH.,#778);
#949=SURFACE_STYLE_USAGE(.BOTH.,#779);
#950=SURFACE_STYLE_USAGE(.BOTH.,#780);
#951=SURFACE_STYLE_USAGE(.BOTH.,#781);
#952=SURFACE_STYLE_USAGE(.BOTH.,#782);
#953=SURFACE_STYLE_USAGE(.BOTH.,#783);
#954=SURFACE_STYLE_USAGE(.BOTH.,#784);
#955=SURFACE_STYLE_USAGE(.BOTH.,#785);
#956=SURFACE_STYLE_USAGE(.BOTH.,#786);
#957=SURFACE_STYLE_USAGE(.BOTH.,#787);
#958=SURFACE_STYLE_USAGE(.BOTH.,#788);
#959=SURFACE_STYLE_USAGE(.BOTH.,#789);
#960=SURFACE_STYLE_USAGE(.BOTH.,#790);
#961=SURFACE_STYLE_USAGE(.BOTH.,#791);
#962=SURFACE_STYLE_USAGE(.BOTH.,#792);
#963=SURFACE_STYLE_USAGE(.BOTH.,#793);
#964=SURFACE_STYLE_USAGE(.BOTH.,#794);
#965=SURFACE_STYLE_USAGE(.BOTH.,#795);
#966=SURFACE_STYLE_USAGE(.BOTH.,#796);
#967=SURFACE_STYLE_USAGE(.BOTH.,#797);
#968=SURFACE_STYLE_USAGE(.BOTH.,#798);
#969=SURFACE_STYLE_USAGE(.BOTH.,#799);
#970=SURFACE_STYLE_USAGE(.BOTH.,#800);
#971=SURFACE_STYLE_USAGE(.BOTH.,#801);
#972=SURFACE_STYLE_USAGE(.BOTH.,#802);
#973=SURFACE_STYLE_USAGE(.BOTH.,#803);
#974=SURFACE_STYLE_USAGE(.BOTH.,#804);
#975=SURFACE_STYLE_USAGE(.BOTH.,#805);
#976=SURFACE_STYLE_USAGE(.BOTH.,#806);
#977=SURFACE_STYLE_USAGE(.BOTH.,#807);
#978=SURFACE_STYLE_USAGE(.BOTH.,#808);
#979=SURFACE_STYLE_USAGE(.BOTH.,#809);
#980=SURFACE_STYLE_USAGE(.BOTH.,#810);
#981=SURFACE_STYLE_USAGE(.BOTH.,#811);
#982=SURFACE_STYLE_USAGE(.BOTH.,#812);
#983=SURFACE_STYLE_USAGE(.BOTH.,#813);
#984=SURFACE_STYLE_USAGE(.BOTH.,#814);
#985=SURFACE_STYLE_USAGE(.BOTH.,#815);
#986=SURFACE_STYLE_USAGE(.BOTH.,#816);
#987=SURFACE_STYLE_USAGE(.BOTH.,#817);
#988=SURFACE_STYLE_USAGE(.BOTH.,#818);
#989=SURFACE_STYLE_USAGE(.BOTH.,#819);
#990=SURFACE_STYLE_USAGE(.BOTH.,#820);
#991=SURFACE_STYLE_USAGE(.BOTH.,#821);
#992=SURFACE_STYLE_USAGE(.BOTH.,#822);
#993=SURFACE_STYLE_USAGE(.BOTH.,#823);
#994=SURFACE_STYLE_USAGE(.BOTH.,#824);
#995=SURFACE_STYLE_USAGE(.BOTH.,#825);
#996=SURFACE_STYLE_USAGE(.BOTH.,#826);
#997=SURFACE_STYLE_USAGE(.BOTH.,#827);
#998=SURFACE_STYLE_USAGE(.BOTH.,#828);
#999=SURFACE_STYLE_USAGE(.BOTH.,#829);
#1000=SURFACE_STYLE_USAGE(.BOTH.,#830);
#1001=SURFACE_STYLE_USAGE(.BOTH.,#831);
#1002=SURFACE_STYLE_USAGE(.BOTH.,#832);
#1003=SURFACE_STYLE_USAGE(.BOTH.,#833);
#1004=SURFACE_STYLE_USAGE(.BOTH.,#834);
#1005=SURFACE_STYLE_USAGE(.BOTH.,#835);
#1006=SURFACE_STYLE_USAGE(.BOTH.,#836);
#1007=SURFACE_STYLE_USAGE(.BOTH.,#837);
#1008=SURFACE_STYLE_USAGE(.BOTH.,#838);
#1009=SURFACE_STYLE_USAGE(.BOTH.,#839);
#1010=SURFACE_STYLE_USAGE(.BOTH.,#840);
#1011=SURFACE_STYLE_USAGE(.BOTH.,#841);
#1012=SURFACE_STYLE_USAGE(.BOTH.,#842);
#1013=SURFACE_STYLE_USAGE(.BOTH.,#843);
#1014=SURFACE_STYLE_USAGE(.BOTH.,#844);
#1015=SURFACE_STYLE_USAGE(.BOTH.,#845);
#1016=SURFACE_STYLE_USAGE(.BOTH.,#846);
#1017=SURFACE_STYLE_USAGE(.BOTH.,#847);
#1018=SURFACE_STYLE_USAGE(.BOTH.,#848);
#1019=SURFACE_STYLE_USAGE(.BOTH.,#849);
#1020=SURFACE_STYLE_USAGE(.BOTH.,#850);
#1021=SURFACE_STYLE_USAGE(.BOTH.,#851);
#1022=SURFACE_STYLE_USAGE(.BOTH.,#852);
#1023=SURFACE_STYLE_USAGE(.BOTH.,#853);
#1024=SURFACE_STYLE_USAGE(.BOTH.,#854);
#1025=SURFACE_STYLE_USAGE(.BOTH.,#855);
#1026=SURFACE_STYLE_USAGE(.BOTH.,#856);
#1027=SURFACE_STYLE_USAGE(.BOTH.,#857);
#1028=SURFACE_STYLE_USAGE(.BOTH.,#858);
#1029=SURFACE_STYLE_USAGE(.BOTH.,#859);
#1030=SURFACE_STYLE_USAGE(.BOTH.,#860);
#1031=SURFACE_STYLE_USAGE(.BOTH.,#861);
#1032=SURFACE_STYLE_USAGE(.BOTH.,#862);
#1033=SURFACE_STYLE_USAGE(.BOTH.,#863);
#1034=SURFACE_STYLE_USAGE(.BOTH.,#864);
#1035=SURFACE_STYLE_USAGE(.BOTH.,#865);
#1036=SURFACE_STYLE_USAGE(.BOTH.,#866);
#1037=SURFACE_STYLE_USAGE(.BOTH.,#867);
#1038=SURFACE_STYLE_USAGE(.BOTH.,#868);
#1039=SURFACE_STYLE_USAGE(.BOTH.,#869);
#1040=SURFACE_STYLE_USAGE(.BOTH.,#870);
#1041=SURFACE_STYLE_USAGE(.BOTH.,#871);
#1042=SURFACE_STYLE_USAGE(.BOTH.,#872);
#1043=SURFACE_STYLE_USAGE(.BOTH.,#873);
#1044=SURFACE_STYLE_USAGE(.BOTH.,#874);
#1045=SURFACE_STYLE_USAGE(.BOTH.,#875);
#1046=SURFACE_STYLE_USAGE(.BOTH.,#876);
#1047=SURFACE_STYLE_USAGE(.BOTH.,#877);
#1048=SURFACE_STYLE_USAGE(.BOTH.,#878);
#1049=SURFACE_STYLE_USAGE(.BOTH.,#879);
#1050=SURFACE_STYLE_USAGE(.BOTH.,#880);
#1051=SURFACE_STYLE_USAGE(.BOTH.,#881);
#1052=SURFACE_STYLE_USAGE(.BOTH.,#882);
#1053=SURFACE_STYLE_USAGE(.BOTH.,#883);
#1054=SURFACE_STYLE_USAGE(.BOTH.,#884);
#1055=MECHANICAL_DESIGN_GEOMETRIC_PRESENTATION_REPRESENTATION('',(#1226,
#1227,#1228,#1229,#1230,#1231,#1232,#1233,#1234,#1235,#1236,#1237,#1238,
#1239,#1240,#1241,#1242,#1243,#1244,#1245,#1246,#1247,#1248,#1249,#1250,
#1251,#1252,#1253,#1254,#1255,#1256,#1257,#1258,#1259,#1260,#1261,#1262,
#1263,#1264,#1265,#1266,#1267,#1268,#1269,#1270,#1271,#1272,#1273,#1274,
#1275,#1276,#1277,#1278,#1279,#1280,#1281,#1282,#1283,#1284,#1285,#1286,
#1287,#1288,#1289,#1290,#1291,#1292,#1293,#1294,#1295,#1296,#1297,#1298,
#1299,#1300,#1301,#1302,#1303,#1304,#1305,#1306,#1307,#1308,#1309,#1310,
#1311,#1312,#1313,#1314,#1315,#1316,#1317,#1318,#1319,#1320,#1321,#1322,
#1323,#1324,#1325,#1326,#1327,#1328,#1329,#1330,#1331,#1332,#1333,#1334,
#1335,#1336,#1337,#1338,#1339,#1340,#1341,#1342,#1343,#1344,#1345,#1346,
#1347,#1348,#1349,#1350,#1351,#1352,#1353,#1354,#1355,#1356,#1357,#1358,
#1359,#1360,#1361,#1362,#1363,#1364,#1365,#1366,#1367,#1368,#1369,#1370,
#1371,#1372,#1373,#1374,#1375,#1376,#1377,#1378,#1379,#1380,#1381,#1382,
#1383,#1384,#1385,#1386,#1387,#1388,#1389,#1390,#1391,#1392,#1393,#1394,
#1395),#7025);
#1056=PRESENTATION_STYLE_ASSIGNMENT((#885));
#1057=PRESENTATION_STYLE_ASSIGNMENT((#886));
#1058=PRESENTATION_STYLE_ASSIGNMENT((#887));
#1059=PRESENTATION_STYLE_ASSIGNMENT((#888));
#1060=PRESENTATION_STYLE_ASSIGNMENT((#889));
#1061=PRESENTATION_STYLE_ASSIGNMENT((#890));
#1062=PRESENTATION_STYLE_ASSIGNMENT((#891));
#1063=PRESENTATION_STYLE_ASSIGNMENT((#892));
#1064=PRESENTATION_STYLE_ASSIGNMENT((#893));
#1065=PRESENTATION_STYLE_ASSIGNMENT((#894));
#1066=PRESENTATION_STYLE_ASSIGNMENT((#895));
#1067=PRESENTATION_STYLE_ASSIGNMENT((#896));
#1068=PRESENTATION_STYLE_ASSIGNMENT((#897));
#1069=PRESENTATION_STYLE_ASSIGNMENT((#898));
#1070=PRESENTATION_STYLE_ASSIGNMENT((#899));
#1071=PRESENTATION_STYLE_ASSIGNMENT((#900));
#1072=PRESENTATION_STYLE_ASSIGNMENT((#901));
#1073=PRESENTATION_STYLE_ASSIGNMENT((#902));
#1074=PRESENTATION_STYLE_ASSIGNMENT((#903));
#1075=PRESENTATION_STYLE_ASSIGNMENT((#904));
#1076=PRESENTATION_STYLE_ASSIGNMENT((#905));
#1077=PRESENTATION_STYLE_ASSIGNMENT((#906));
#1078=PRESENTATION_STYLE_ASSIGNMENT((#907));
#1079=PRESENTATION_STYLE_ASSIGNMENT((#908));
#1080=PRESENTATION_STYLE_ASSIGNMENT((#909));
#1081=PRESENTATION_STYLE_ASSIGNMENT((#910));
#1082=PRESENTATION_STYLE_ASSIGNMENT((#911));
#1083=PRESENTATION_STYLE_ASSIGNMENT((#912));
#1084=PRESENTATION_STYLE_ASSIGNMENT((#913));
#1085=PRESENTATION_STYLE_ASSIGNMENT((#914));
#1086=PRESENTATION_STYLE_ASSIGNMENT((#915));
#1087=PRESENTATION_STYLE_ASSIGNMENT((#916));
#1088=PRESENTATION_STYLE_ASSIGNMENT((#917));
#1089=PRESENTATION_STYLE_ASSIGNMENT((#918));
#1090=PRESENTATION_STYLE_ASSIGNMENT((#919));
#1091=PRESENTATION_STYLE_ASSIGNMENT((#920));
#1092=PRESENTATION_STYLE_ASSIGNMENT((#921));
#1093=PRESENTATION_STYLE_ASSIGNMENT((#922));
#1094=PRESENTATION_STYLE_ASSIGNMENT((#923));
#1095=PRESENTATION_STYLE_ASSIGNMENT((#924));
#1096=PRESENTATION_STYLE_ASSIGNMENT((#925));
#1097=PRESENTATION_STYLE_ASSIGNMENT((#926));
#1098=PRESENTATION_STYLE_ASSIGNMENT((#927));
#1099=PRESENTATION_STYLE_ASSIGNMENT((#928));
#1100=PRESENTATION_STYLE_ASSIGNMENT((#929));
#1101=PRESENTATION_STYLE_ASSIGNMENT((#930));
#1102=PRESENTATION_STYLE_ASSIGNMENT((#931));
#1103=PRESENTATION_STYLE_ASSIGNMENT((#932));
#1104=PRESENTATION_STYLE_ASSIGNMENT((#933));
#1105=PRESENTATION_STYLE_ASSIGNMENT((#934));
#1106=PRESENTATION_STYLE_ASSIGNMENT((#935));
#1107=PRESENTATION_STYLE_ASSIGNMENT((#936));
#1108=PRESENTATION_STYLE_ASSIGNMENT((#937));
#1109=PRESENTATION_STYLE_ASSIGNMENT((#938));
#1110=PRESENTATION_STYLE_ASSIGNMENT((#939));
#1111=PRESENTATION_STYLE_ASSIGNMENT((#940));
#1112=PRESENTATION_STYLE_ASSIGNMENT((#941));
#1113=PRESENTATION_STYLE_ASSIGNMENT((#942));
#1114=PRESENTATION_STYLE_ASSIGNMENT((#943));
#1115=PRESENTATION_STYLE_ASSIGNMENT((#944));
#1116=PRESENTATION_STYLE_ASSIGNMENT((#945));
#1117=PRESENTATION_STYLE_ASSIGNMENT((#946));
#1118=PRESENTATION_STYLE_ASSIGNMENT((#947));
#1119=PRESENTATION_STYLE_ASSIGNMENT((#948));
#1120=PRESENTATION_STYLE_ASSIGNMENT((#949));
#1121=PRESENTATION_STYLE_ASSIGNMENT((#950));
#1122=PRESENTATION_STYLE_ASSIGNMENT((#951));
#1123=PRESENTATION_STYLE_ASSIGNMENT((#952));
#1124=PRESENTATION_STYLE_ASSIGNMENT((#953));
#1125=PRESENTATION_STYLE_ASSIGNMENT((#954));
#1126=PRESENTATION_STYLE_ASSIGNMENT((#955));
#1127=PRESENTATION_STYLE_ASSIGNMENT((#956));
#1128=PRESENTATION_STYLE_ASSIGNMENT((#957));
#1129=PRESENTATION_STYLE_ASSIGNMENT((#958));
#1130=PRESENTATION_STYLE_ASSIGNMENT((#959));
#1131=PRESENTATION_STYLE_ASSIGNMENT((#960));
#1132=PRESENTATION_STYLE_ASSIGNMENT((#961));
#1133=PRESENTATION_STYLE_ASSIGNMENT((#962));
#1134=PRESENTATION_STYLE_ASSIGNMENT((#963));
#1135=PRESENTATION_STYLE_ASSIGNMENT((#964));
#1136=PRESENTATION_STYLE_ASSIGNMENT((#965));
#1137=PRESENTATION_STYLE_ASSIGNMENT((#966));
#1138=PRESENTATION_STYLE_ASSIGNMENT((#967));
#1139=PRESENTATION_STYLE_ASSIGNMENT((#968));
#1140=PRESENTATION_STYLE_ASSIGNMENT((#969));
#1141=PRESENTATION_STYLE_ASSIGNMENT((#970));
#1142=PRESENTATION_STYLE_ASSIGNMENT((#971));
#1143=PRESENTATION_STYLE_ASSIGNMENT((#972));
#1144=PRESENTATION_STYLE_ASSIGNMENT((#973));
#1145=PRESENTATION_STYLE_ASSIGNMENT((#974));
#1146=PRESENTATION_STYLE_ASSIGNMENT((#975));
#1147=PRESENTATION_STYLE_ASSIGNMENT((#976));
#1148=PRESENTATION_STYLE_ASSIGNMENT((#977));
#1149=PRESENTATION_STYLE_ASSIGNMENT((#978));
#1150=PRESENTATION_STYLE_ASSIGNMENT((#979));
#1151=PRESENTATION_STYLE_ASSIGNMENT((#980));
#1152=PRESENTATION_STYLE_ASSIGNMENT((#981));
#1153=PRESENTATION_STYLE_ASSIGNMENT((#982));
#1154=PRESENTATION_STYLE_ASSIGNMENT((#983));
#1155=PRESENTATION_STYLE_ASSIGNMENT((#984));
#1156=PRESENTATION_STYLE_ASSIGNMENT((#985));
#1157=PRESENTATION_STYLE_ASSIGNMENT((#986));
#1158=PRESENTATION_STYLE_ASSIGNMENT((#987));
#1159=PRESENTATION_STYLE_ASSIGNMENT((#988));
#1160=PRESENTATION_STYLE_ASSIGNMENT((#989));
#1161=PRESENTATION_STYLE_ASSIGNMENT((#990));
#1162=PRESENTATION_STYLE_ASSIGNMENT((#991));
#1163=PRESENTATION_STYLE_ASSIGNMENT((#992));
#1164=PRESENTATION_STYLE_ASSIGNMENT((#993));
#1165=PRESENTATION_STYLE_ASSIGNMENT((#994));
#1166=PRESENTATION_STYLE_ASSIGNMENT((#995));
#1167=PRESENTATION_STYLE_ASSIGNMENT((#996));
#1168=PRESENTATION_STYLE_ASSIGNMENT((#997));
#1169=PRESENTATION_STYLE_ASSIGNMENT((#998));
#1170=PRESENTATION_STYLE_ASSIGNMENT((#999));
#1171=PRESENTATION_STYLE_ASSIGNMENT((#1000));
#1172=PRESENTATION_STYLE_ASSIGNMENT((#1001));
#1173=PRESENTATION_STYLE_ASSIGNMENT((#1002));
#1174=PRESENTATION_STYLE_ASSIGNMENT((#1003));
#1175=PRESENTATION_STYLE_ASSIGNMENT((#1004));
#1176=PRESENTATION_STYLE_ASSIGNMENT((#1005));
#1177=PRESENTATION_STYLE_ASSIGNMENT((#1006));
#1178=PRESENTATION_STYLE_ASSIGNMENT((#1007));
#1179=PRESENTATION_STYLE_ASSIGNMENT((#1008));
#1180=PRESENTATION_STYLE_ASSIGNMENT((#1009));
#1181=PRESENTATION_STYLE_ASSIGNMENT((#1010));
#1182=PRESENTATION_STYLE_ASSIGNMENT((#1011));
#1183=PRESENTATION_STYLE_ASSIGNMENT((#1012));
#1184=PRESENTATION_STYLE_ASSIGNMENT((#1013));
#1185=PRESENTATION_STYLE_ASSIGNMENT((#1014));
#1186=PRESENTATION_STYLE_ASSIGNMENT((#1015));
#1187=PRESENTATION_STYLE_ASSIGNMENT((#1016));
#1188=PRESENTATION_STYLE_ASSIGNMENT((#1017));
#1189=PRESENTATION_STYLE_ASSIGNMENT((#1018));
#1190=PRESENTATION_STYLE_ASSIGNMENT((#1019));
#1191=PRESENTATION_STYLE_ASSIGNMENT((#1020));
#1192=PRESENTATION_STYLE_ASSIGNMENT((#1021));
#1193=PRESENTATION_STYLE_ASSIGNMENT((#1022));
#1194=PRESENTATION_STYLE_ASSIGNMENT((#1023));
#1195=PRESENTATION_STYLE_ASSIGNMENT((#1024));
#1196=PRESENTATION_STYLE_ASSIGNMENT((#1025));
#1197=PRESENTATION_STYLE_ASSIGNMENT((#1026));
#1198=PRESENTATION_STYLE_ASSIGNMENT((#1027));
#1199=PRESENTATION_STYLE_ASSIGNMENT((#1028));
#1200=PRESENTATION_STYLE_ASSIGNMENT((#1029));
#1201=PRESENTATION_STYLE_ASSIGNMENT((#1030));
#1202=PRESENTATION_STYLE_ASSIGNMENT((#1031));
#1203=PRESENTATION_STYLE_ASSIGNMENT((#1032));
#1204=PRESENTATION_STYLE_ASSIGNMENT((#1033));
#1205=PRESENTATION_STYLE_ASSIGNMENT((#1034));
#1206=PRESENTATION_STYLE_ASSIGNMENT((#1035));
#1207=PRESENTATION_STYLE_ASSIGNMENT((#1036));
#1208=PRESENTATION_STYLE_ASSIGNMENT((#1037));
#1209=PRESENTATION_STYLE_ASSIGNMENT((#1038));
#1210=PRESENTATION_STYLE_ASSIGNMENT((#1039));
#1211=PRESENTATION_STYLE_ASSIGNMENT((#1040));
#1212=PRESENTATION_STYLE_ASSIGNMENT((#1041));
#1213=PRESENTATION_STYLE_ASSIGNMENT((#1042));
#1214=PRESENTATION_STYLE_ASSIGNMENT((#1043));
#1215=PRESENTATION_STYLE_ASSIGNMENT((#1044));
#1216=PRESENTATION_STYLE_ASSIGNMENT((#1045));
#1217=PRESENTATION_STYLE_ASSIGNMENT((#1046));
#1218=PRESENTATION_STYLE_ASSIGNMENT((#1047));
#1219=PRESENTATION_STYLE_ASSIGNMENT((#1048));
#1220=PRESENTATION_STYLE_ASSIGNMENT((#1049));
#1221=PRESENTATION_STYLE_ASSIGNMENT((#1050));
#1222=PRESENTATION_STYLE_ASSIGNMENT((#1051));
#1223=PRESENTATION_STYLE_ASSIGNMENT((#1052));
#1224=PRESENTATION_STYLE_ASSIGNMENT((#1053));
#1225=PRESENTATION_STYLE_ASSIGNMENT((#1054));
#1226=STYLED_ITEM('',(#1056),#1604);
#1227=STYLED_ITEM('',(#1057),#1605);
#1228=STYLED_ITEM('',(#1058),#1606);
#1229=STYLED_ITEM('',(#1059),#1607);
#1230=STYLED_ITEM('',(#1060),#1608);
#1231=STYLED_ITEM('',(#1061),#1609);
#1232=STYLED_ITEM('',(#1062),#1610);
#1233=STYLED_ITEM('',(#1063),#1611);
#1234=STYLED_ITEM('',(#1064),#1612);
#1235=STYLED_ITEM('',(#1065),#1613);
#1236=STYLED_ITEM('',(#1066),#1614);
#1237=STYLED_ITEM('',(#1067),#1615);
#1238=STYLED_ITEM('',(#1068),#1616);
#1239=STYLED_ITEM('',(#1069),#1617);
#1240=STYLED_ITEM('',(#1070),#1618);
#1241=STYLED_ITEM('',(#1071),#1619);
#1242=STYLED_ITEM('',(#1072),#1620);
#1243=STYLED_ITEM('',(#1073),#1621);
#1244=STYLED_ITEM('',(#1074),#1622);
#1245=STYLED_ITEM('',(#1075),#1623);
#1246=STYLED_ITEM('',(#1076),#1624);
#1247=STYLED_ITEM('',(#1077),#1625);
#1248=STYLED_ITEM('',(#1078),#1626);
#1249=STYLED_ITEM('',(#1079),#1627);
#1250=STYLED_ITEM('',(#1080),#1628);
#1251=STYLED_ITEM('',(#1081),#1629);
#1252=STYLED_ITEM('',(#1082),#1630);
#1253=STYLED_ITEM('',(#1083),#1631);
#1254=STYLED_ITEM('',(#1084),#1632);
#1255=STYLED_ITEM('',(#1085),#1633);
#1256=STYLED_ITEM('',(#1086),#1634);
#1257=STYLED_ITEM('',(#1087),#1635);
#1258=STYLED_ITEM('',(#1088),#1636);
#1259=STYLED_ITEM('',(#1089),#1637);
#1260=STYLED_ITEM('',(#1090),#1638);
#1261=STYLED_ITEM('',(#1091),#1639);
#1262=STYLED_ITEM('',(#1092),#1640);
#1263=STYLED_ITEM('',(#1093),#1641);
#1264=STYLED_ITEM('',(#1094),#1642);
#1265=STYLED_ITEM('',(#1095),#1643);
#1266=STYLED_ITEM('',(#1096),#1644);
#1267=STYLED_ITEM('',(#1097),#1645);
#1268=STYLED_ITEM('',(#1098),#1646);
#1269=STYLED_ITEM('',(#1099),#1647);
#1270=STYLED_ITEM('',(#1100),#1648);
#1271=STYLED_ITEM('',(#1101),#1649);
#1272=STYLED_ITEM('',(#1102),#1650);
#1273=STYLED_ITEM('',(#1103),#1651);
#1274=STYLED_ITEM('',(#1104),#1652);
#1275=STYLED_ITEM('',(#1105),#1653);
#1276=STYLED_ITEM('',(#1106),#1654);
#1277=STYLED_ITEM('',(#1107),#1655);
#1278=STYLED_ITEM('',(#1108),#1656);
#1279=STYLED_ITEM('',(#1109),#1657);
#1280=STYLED_ITEM('',(#1110),#1658);
#1281=STYLED_ITEM('',(#1111),#1659);
#1282=STYLED_ITEM('',(#1112),#1660);
#1283=STYLED_ITEM('',(#1113),#1661);
#1284=STYLED_ITEM('',(#1114),#1662);
#1285=STYLED_ITEM('',(#1115),#1663);
#1286=STYLED_ITEM('',(#1116),#1664);
#1287=STYLED_ITEM('',(#1117),#1665);
#1288=STYLED_ITEM('',(#1118),#1666);
#1289=STYLED_ITEM('',(#1119),#1667);
#1290=STYLED_ITEM('',(#1120),#1668);
#1291=STYLED_ITEM('',(#1121),#1669);
#1292=STYLED_ITEM('',(#1122),#1670);
#1293=STYLED_ITEM('',(#1123),#1671);
#1294=STYLED_ITEM('',(#1124),#1672);
#1295=STYLED_ITEM('',(#1125),#1673);
#1296=STYLED_ITEM('',(#1126),#1674);
#1297=STYLED_ITEM('',(#1127),#1675);
#1298=STYLED_ITEM('',(#1128),#1676);
#1299=STYLED_ITEM('',(#1129),#1677);
#1300=STYLED_ITEM('',(#1130),#1678);
#1301=STYLED_ITEM('',(#1131),#1679);
#1302=STYLED_ITEM('',(#1132),#1680);
#1303=STYLED_ITEM('',(#1133),#1681);
#1304=STYLED_ITEM('',(#1134),#1682);
#1305=STYLED_ITEM('',(#1135),#1683);
#1306=STYLED_ITEM('',(#1136),#1684);
#1307=STYLED_ITEM('',(#1137),#1685);
#1308=STYLED_ITEM('',(#1138),#1686);
#1309=STYLED_ITEM('',(#1139),#1687);
#1310=STYLED_ITEM('',(#1140),#1688);
#1311=STYLED_ITEM('',(#1141),#1689);
#1312=STYLED_ITEM('',(#1142),#1690);
#1313=STYLED_ITEM('',(#1143),#1691);
#1314=STYLED_ITEM('',(#1144),#1692);
#1315=STYLED_ITEM('',(#1145),#1693);
#1316=STYLED_ITEM('',(#1146),#1694);
#1317=STYLED_ITEM('',(#1147),#1695);
#1318=STYLED_ITEM('',(#1148),#1696);
#1319=STYLED_ITEM('',(#1149),#1697);
#1320=STYLED_ITEM('',(#1150),#1698);
#1321=STYLED_ITEM('',(#1151),#1699);
#1322=STYLED_ITEM('',(#1152),#1700);
#1323=STYLED_ITEM('',(#1153),#1701);
#1324=STYLED_ITEM('',(#1154),#1702);
#1325=STYLED_ITEM('',(#1155),#1703);
#1326=STYLED_ITEM('',(#1156),#1704);
#1327=STYLED_ITEM('',(#1157),#1705);
#1328=STYLED_ITEM('',(#1158),#1706);
#1329=STYLED_ITEM('',(#1159),#1707);
#1330=STYLED_ITEM('',(#1160),#1708);
#1331=STYLED_ITEM('',(#1161),#1709);
#1332=STYLED_ITEM('',(#1162),#1710);
#1333=STYLED_ITEM('',(#1163),#1711);
#1334=STYLED_ITEM('',(#1164),#1712);
#1335=STYLED_ITEM('',(#1165),#1713);
#1336=STYLED_ITEM('',(#1166),#1714);
#1337=STYLED_ITEM('',(#1167),#1715);
#1338=STYLED_ITEM('',(#1168),#1716);
#1339=STYLED_ITEM('',(#1169),#1717);
#1340=STYLED_ITEM('',(#1170),#1718);
#1341=STYLED_ITEM('',(#1171),#1719);
#1342=STYLED_ITEM('',(#1172),#1720);
#1343=STYLED_ITEM('',(#1173),#1721);
#1344=STYLED_ITEM('',(#1174),#1722);
#1345=STYLED_ITEM('',(#1175),#1723);
#1346=STYLED_ITEM('',(#1176),#1724);
#1347=STYLED_ITEM('',(#1177),#1725);
#1348=STYLED_ITEM('',(#1178),#1726);
#1349=STYLED_ITEM('',(#1179),#1727);
#1350=STYLED_ITEM('',(#1180),#1728);
#1351=STYLED_ITEM('',(#1181),#1729);
#1352=STYLED_ITEM('',(#1182),#1730);
#1353=STYLED_ITEM('',(#1183),#1731);
#1354=STYLED_ITEM('',(#1184),#1732);
#1355=STYLED_ITEM('',(#1185),#1733);
#1356=STYLED_ITEM('',(#1186),#1734);
#1357=STYLED_ITEM('',(#1187),#1735);
#1358=STYLED_ITEM('',(#1188),#1736);
#1359=STYLED_ITEM('',(#1189),#1737);
#1360=STYLED_ITEM('',(#1190),#1738);
#1361=STYLED_ITEM('',(#1191),#1739);
#1362=STYLED_ITEM('',(#1192),#1740);
#1363=STYLED_ITEM('',(#1193),#1741);
#1364=STYLED_ITEM('',(#1194),#1742);
#1365=STYLED_ITEM('',(#1195),#1743);
#1366=STYLED_ITEM('',(#1196),#1744);
#1367=STYLED_ITEM('',(#1197),#1745);
#1368=STYLED_ITEM('',(#1198),#1746);
#1369=STYLED_ITEM('',(#1199),#1747);
#1370=STYLED_ITEM('',(#1200),#1748);
#1371=STYLED_ITEM('',(#1201),#1749);
#1372=STYLED_ITEM('',(#1202),#1750);
#1373=STYLED_ITEM('',(#1203),#1751);
#1374=STYLED_ITEM('',(#1204),#1752);
#1375=STYLED_ITEM('',(#1205),#1753);
#1376=STYLED_ITEM('',(#1206),#1754);
#1377=STYLED_ITEM('',(#1207),#1755);
#1378=STYLED_ITEM('',(#1208),#1756);
#1379=STYLED_ITEM('',(#1209),#1757);
#1380=STYLED_ITEM('',(#1210),#1758);
#1381=STYLED_ITEM('',(#1211),#1759);
#1382=STYLED_ITEM('',(#1212),#1760);
#1383=STYLED_ITEM('',(#1213),#1761);
#1384=STYLED_ITEM('',(#1214),#1762);
#1385=STYLED_ITEM('',(#1215),#1763);
#1386=STYLED_ITEM('',(#1216),#1764);
#1387=STYLED_ITEM('',(#1217),#1765);
#1388=STYLED_ITEM('',(#1218),#1766);
#1389=STYLED_ITEM('',(#1219),#1767);
#1390=STYLED_ITEM('',(#1220),#1768);
#1391=STYLED_ITEM('',(#1221),#1769);
#1392=STYLED_ITEM('',(#1222),#1770);
#1393=STYLED_ITEM('',(#1223),#1771);
#1394=STYLED_ITEM('',(#1224),#1772);
#1395=STYLED_ITEM('',(#1225),#1773);
#1396=(
BOUNDED_SURFACE()
B_SPLINE_SURFACE(3,2,((#9408,#9409,#9410,#9411,#9412,#9413,#9414,#9415,
#9416),(#9417,#9418,#9419,#9420,#9421,#9422,#9423,#9424,#9425),(#9426,#9427,
#9428,#9429,#9430,#9431,#9432,#9433,#9434),(#9435,#9436,#9437,#9438,#9439,
#9440,#9441,#9442,#9443)),.UNSPECIFIED.,.F.,.F.,.F.)
B_SPLINE_SURFACE_WITH_KNOTS((4,4),(3,2,2,2,3),(0.,1.42828568570855),(0.,
5.99999999999999,12.,18.,23.9999999999999),.UNSPECIFIED.)
GEOMETRIC_REPRESENTATION_ITEM()
RATIONAL_B_SPLINE_SURFACE(((1.,0.707106781186548,1.,0.707106781186548,1.,
0.707106781186548,1.,0.707106781186548,1.),(1.,0.707106781186548,1.,0.707106781186548,
1.,0.707106781186548,1.,0.707106781186548,1.),(1.,0.707106781186548,1.,
0.707106781186548,1.,0.707106781186548,1.,0.707106781186548,1.),(1.,0.707106781186548,
1.,0.707106781186548,1.,0.707106781186548,1.,0.707106781186548,1.)))
REPRESENTATION_ITEM('')
SURFACE()
);
#1397=(
BOUNDED_SURFACE()
B_SPLINE_SURFACE(2,2,((#9861,#9862,#9863,#9864,#9865,#9866,#9867,#9868,
#9869),(#9870,#9871,#9872,#9873,#9874,#9875,#9876,#9877,#9878),(#9879,#9880,
#9881,#9882,#9883,#9884,#9885,#9886,#9887),(#9888,#9889,#9890,#9891,#9892,
#9893,#9894,#9895,#9896),(#9897,#9898,#9899,#9900,#9901,#9902,#9903,#9904,
#9905),(#9906,#9907,#9908,#9909,#9910,#9911,#9912,#9913,#9914),(#9915,#9916,
#9917,#9918,#9919,#9920,#9921,#9922,#9923),(#9924,#9925,#9926,#9927,#9928,
#9929,#9930,#9931,#9932),(#9933,#9934,#9935,#9936,#9937,#9938,#9939,#9940,
#9941)),.UNSPECIFIED.,.T.,.F.,.F.)
B_SPLINE_SURFACE_WITH_KNOTS((3,2,2,2,3),(3,2,2,2,3),(0.,16.2655959639612,
32.5311919279223,48.7967878918835,65.0623838558446),(0.,0.345575191894877,
0.691150383789754,1.03672557568463,1.38230076757951),.UNSPECIFIED.)
GEOMETRIC_REPRESENTATION_ITEM()
RATIONAL_B_SPLINE_SURFACE(((1.,0.707106781186548,1.,0.707106781186548,1.,
0.707106781186548,1.,0.707106781186548,1.),(0.707106781186548,0.5,0.707106781186548,
0.5,0.707106781186548,0.5,0.707106781186548,0.5,0.707106781186548),(1.,
0.707106781186548,1.,0.707106781186548,1.,0.707106781186548,1.,0.707106781186548,
1.),(0.707106781186548,0.5,0.707106781186548,0.5,0.707106781186548,0.5,
0.707106781186548,0.5,0.707106781186548),(1.,0.707106781186548,1.,0.707106781186548,
1.,0.707106781186548,1.,0.707106781186548,1.),(0.707106781186548,0.5,0.707106781186548,
0.5,0.707106781186548,0.5,0.707106781186548,0.5,0.707106781186548),(1.,
0.707106781186548,1.,0.707106781186548,1.,0.707106781186548,1.,0.707106781186548,
1.),(0.707106781186548,0.5,0.707106781186548,0.5,0.707106781186548,0.5,
0.707106781186548,0.5,0.707106781186548),(1.,0.707106781186548,1.,0.707106781186548,
1.,0.707106781186548,1.,0.707106781186548,1.)))
REPRESENTATION_ITEM('')
SURFACE()
);
#1398=(
BOUNDED_SURFACE()
B_SPLINE_SURFACE(2,2,((#9946,#9947,#9948,#9949,#9950,#9951,#9952,#9953,
#9954),(#9955,#9956,#9957,#9958,#9959,#9960,#9961,#9962,#9963),(#9964,#9965,
#9966,#9967,#9968,#9969,#9970,#9971,#9972),(#9973,#9974,#9975,#9976,#9977,
#9978,#9979,#9980,#9981),(#9982,#9983,#9984,#9985,#9986,#9987,#9988,#9989,
#9990),(#9991,#9992,#9993,#9994,#9995,#9996,#9997,#9998,#9999),(#10000,
#10001,#10002,#10003,#10004,#10005,#10006,#10007,#10008),(#10009,#10010,
#10011,#10012,#10013,#10014,#10015,#10016,#10017),(#10018,#10019,#10020,
#10021,#10022,#10023,#10024,#10025,#10026)),.UNSPECIFIED.,.T.,.F.,.F.)
B_SPLINE_SURFACE_WITH_KNOTS((3,2,2,2,3),(3,2,2,2,3),(0.,16.2655959639612,
32.5311919279223,48.7967878918835,65.0623838558446),(0.,0.345575191894877,
0.691150383789754,1.03672557568463,1.38230076757951),.UNSPECIFIED.)
GEOMETRIC_REPRESENTATION_ITEM()
RATIONAL_B_SPLINE_SURFACE(((1.,0.707106781186548,1.,0.707106781186548,1.,
0.707106781186548,1.,0.707106781186548,1.),(0.707106781186548,0.5,0.707106781186548,
0.5,0.707106781186548,0.5,0.707106781186548,0.5,0.707106781186548),(1.,
0.707106781186548,1.,0.707106781186548,1.,0.707106781186548,1.,0.707106781186548,
1.),(0.707106781186548,0.5,0.707106781186548,0.5,0.707106781186548,0.5,
0.707106781186548,0.5,0.707106781186548),(1.,0.707106781186548,1.,0.707106781186548,
1.,0.707106781186548,1.,0.707106781186548,1.),(0.707106781186548,0.5,0.707106781186548,
0.5,0.707106781186548,0.5,0.707106781186548,0.5,0.707106781186548),(1.,
0.707106781186548,1.,0.707106781186548,1.,0.707106781186548,1.,0.707106781186548,
1.),(0.707106781186548,0.5,0.707106781186548,0.5,0.707106781186548,0.5,
0.707106781186548,0.5,0.707106781186548),(1.,0.707106781186548,1.,0.707106781186548,
1.,0.707106781186548,1.,0.707106781186548,1.)))
REPRESENTATION_ITEM('')
SURFACE()
);
#1399=(
BOUNDED_SURFACE()
B_SPLINE_SURFACE(2,2,((#10046,#10047,#10048,#10049,#10050,#10051,#10052,
#10053,#10054),(#10055,#10056,#10057,#10058,#10059,#10060,#10061,#10062,
#10063),(#10064,#10065,#10066,#10067,#10068,#10069,#10070,#10071,#10072),
(#10073,#10074,#10075,#10076,#10077,#10078,#10079,#10080,#10081),(#10082,
#10083,#10084,#10085,#10086,#10087,#10088,#10089,#10090),(#10091,#10092,
#10093,#10094,#10095,#10096,#10097,#10098,#10099),(#10100,#10101,#10102,
#10103,#10104,#10105,#10106,#10107,#10108),(#10109,#10110,#10111,#10112,
#10113,#10114,#10115,#10116,#10117),(#10118,#10119,#10120,#10121,#10122,
#10123,#10124,#10125,#10126)),.UNSPECIFIED.,.T.,.F.,.F.)
B_SPLINE_SURFACE_WITH_KNOTS((3,2,2,2,3),(3,2,2,2,3),(0.,16.2655959639612,
32.5311919279223,48.7967878918835,65.0623838558446),(0.,0.345575191894877,
0.691150383789754,1.03672557568463,1.38230076757951),.UNSPECIFIED.)
GEOMETRIC_REPRESENTATION_ITEM()
RATIONAL_B_SPLINE_SURFACE(((1.,0.707106781186548,1.,0.707106781186548,1.,
0.707106781186548,1.,0.707106781186548,1.),(0.707106781186548,0.5,0.707106781186548,
0.5,0.707106781186548,0.5,0.707106781186548,0.5,0.707106781186548),(1.,
0.707106781186548,1.,0.707106781186548,1.,0.707106781186548,1.,0.707106781186548,
1.),(0.707106781186548,0.5,0.707106781186548,0.5,0.707106781186548,0.5,
0.707106781186548,0.5,0.707106781186548),(1.,0.707106781186548,1.,0.707106781186548,
1.,0.707106781186548,1.,0.707106781186548,1.),(0.707106781186548,0.5,0.707106781186548,
0.5,0.707106781186548,0.5,0.707106781186548,0.5,0.707106781186548),(1.,
0.707106781186548,1.,0.707106781186548,1.,0.707106781186548,1.,0.707106781186548,
1.),(0.707106781186548,0.5,0.707106781186548,0.5,0.707106781186548,0.5,
0.707106781186548,0.5,0.707106781186548),(1.,0.707106781186548,1.,0.707106781186548,
1.,0.707106781186548,1.,0.707106781186548,1.)))
REPRESENTATION_ITEM('')
SURFACE()
);
#1400=MANIFOLD_SOLID_BREP('brep_1',#1415);
#1401=MANIFOLD_SOLID_BREP('brep_2',#1416);
#1402=MANIFOLD_SOLID_BREP('brep_3',#1417);
#1403=MANIFOLD_SOLID_BREP('brep_4',#1418);
#1404=MANIFOLD_SOLID_BREP('brep_5',#1419);
#1405=MANIFOLD_SOLID_BREP('brep_1',#1420);
#1406=MANIFOLD_SOLID_BREP('brep_1',#1421);
#1407=MANIFOLD_SOLID_BREP('brep_1',#1422);
#1408=MANIFOLD_SOLID_BREP('brep_1',#1423);
#1409=MANIFOLD_SOLID_BREP('brep_6',#1424);
#1410=ADVANCED_BREP_SHAPE_REPRESENTATION('brep_rep_0',(#1400,#1401,#1402,
#1403,#1404,#1409,#7350),#7025);
#1411=ADVANCED_BREP_SHAPE_REPRESENTATION('brep_rep_1',(#1405,#7244),#7027);
#1412=ADVANCED_BREP_SHAPE_REPRESENTATION('brep_rep_2',(#1406,#7297),#7028);
#1413=ADVANCED_BREP_SHAPE_REPRESENTATION('brep_rep_3',(#1407,#7326),#7029);
#1414=ADVANCED_BREP_SHAPE_REPRESENTATION('brep_rep_4',(#1408,#7343),#7030);
#1415=CLOSED_SHELL('',(#1470,#1471,#1472,#1473,#1474,#1475,#1476,#1477,
#1478,#1479,#1480,#1481,#1482,#1483,#1484,#1485,#1486,#1487,#1488,#1489,
#1490,#1491,#1492,#1493,#1494,#1495,#1496,#1497,#1498,#1499,#1500,#1501,
#1502,#1503,#1504,#1505,#1506,#1507,#1508,#1509,#1510,#1511,#1512,#1513,
#1514,#1515,#1516,#1517,#1518,#1519,#1520,#1521,#1522,#1523,#1524,#1525,
#1526,#1527,#1528,#1529,#1530,#1531,#1532,#1533,#1534,#1535,#1536,#1537,
#1538,#1539,#1540,#1541,#1542,#1543,#1544,#1545,#1546,#1547,#1548,#1549,
#1550,#1551,#1552,#1553,#1554,#1555));
#1416=CLOSED_SHELL('',(#1556,#1557,#1558,#1559,#1560,#1561,#1562,#1563,
#1564,#1565,#1566,#1567));
#1417=CLOSED_SHELL('',(#1568,#1569,#1570,#1571,#1572,#1573,#1574,#1575,
#1576,#1577,#1578));
#1418=CLOSED_SHELL('',(#1579,#1580,#1581,#1582,#1583,#1584,#1585,#1586,
#1587,#1588,#1589,#1590,#1591,#1592,#1593,#1594,#1595,#1596,#1597,#1598,
#1599));
#1419=CLOSED_SHELL('',(#1600,#1601,#1602,#1603));
#1420=CLOSED_SHELL('',(#1604,#1605,#1606,#1607,#1608,#1609,#1610,#1611,
#1612,#1613,#1614,#1615,#1616,#1617,#1618,#1619,#1620,#1621,#1622,#1623,
#1624,#1625,#1626,#1627,#1628,#1629,#1630,#1631,#1632,#1633,#1634,#1635,
#1636,#1637,#1638,#1639,#1640,#1641,#1642,#1643,#1644,#1645,#1646,#1647,
#1648,#1649,#1650,#1651,#1652,#1653,#1654,#1655,#1656,#1657,#1658,#1659,
#1660,#1661,#1662,#1663,#1664,#1665,#1666,#1667,#1668,#1669,#1670,#1671,
#1672,#1673,#1674,#1675,#1676,#1677,#1678,#1679,#1680,#1681,#1682,#1683,
#1684,#1685,#1686,#1687,#1688,#1689,#1690,#1691,#1692,#1693,#1694,#1695,
#1696,#1697));
#1421=CLOSED_SHELL('',(#1698,#1699,#1700,#1701,#1702,#1703,#1704,#1705,
#1706,#1707,#1708,#1709,#1710,#1711,#1712,#1713,#1714,#1715,#1716,#1717,
#1718,#1719,#1720,#1721,#1722,#1723,#1724,#1725,#1726,#1727,#1728,#1729,
#1730,#1731,#1732,#1733,#1734,#1735,#1736,#1737,#1738,#1739,#1740,#1741,
#1742,#1743,#1744,#1745,#1746,#1747));
#1422=CLOSED_SHELL('',(#1748,#1749,#1750,#1751,#1752,#1753,#1754,#1755,
#1756,#1757,#1758,#1759,#1760,#1761,#1762,#1763,#1764,#1765,#1766,#1767,
#1768,#1769,#1770,#1771,#1772,#1773));
#1423=CLOSED_SHELL('',(#1774,#1775,#1776,#1777,#1778,#1779,#1780,#1781,
#1782,#1783,#1784,#1785,#1786,#1787));
#1424=CLOSED_SHELL('',(#1788,#1789,#1790,#1791));
#1425=FACE_BOUND('',#2127,.T.);
#1426=FACE_BOUND('',#2128,.T.);
#1427=FACE_BOUND('',#2129,.T.);
#1428=FACE_BOUND('',#2130,.T.);
#1429=FACE_BOUND('',#2131,.T.);
#1430=FACE_BOUND('',#2132,.T.);
#1431=FACE_BOUND('',#2133,.T.);
#1432=FACE_BOUND('',#2134,.T.);
#1433=FACE_BOUND('',#2135,.T.);
#1434=FACE_BOUND('',#2136,.T.);
#1435=FACE_BOUND('',#2138,.T.);
#1436=FACE_BOUND('',#2139,.T.);
#1437=FACE_BOUND('',#2140,.T.);
#1438=FACE_BOUND('',#2144,.T.);
#1439=FACE_BOUND('',#2148,.T.);
#1440=FACE_BOUND('',#2177,.T.);
#1441=FACE_BOUND('',#2215,.T.);
#1442=FACE_BOUND('',#2226,.T.);
#1443=FACE_BOUND('',#2227,.T.);
#1444=FACE_BOUND('',#2229,.T.);
#1445=FACE_BOUND('',#2230,.T.);
#1446=FACE_BOUND('',#2238,.T.);
#1447=FACE_BOUND('',#2240,.T.);
#1448=FACE_BOUND('',#2251,.T.);
#1449=FACE_BOUND('',#2259,.T.);
#1450=FACE_BOUND('',#2265,.T.);
#1451=FACE_BOUND('',#2267,.T.);
#1452=FACE_BOUND('',#2271,.T.);
#1453=FACE_BOUND('',#2275,.T.);
#1454=FACE_BOUND('',#2277,.T.);
#1455=FACE_BOUND('',#2285,.T.);
#1456=FACE_BOUND('',#2286,.T.);
#1457=FACE_BOUND('',#2296,.T.);
#1458=FACE_BOUND('',#2297,.T.);
#1459=FACE_BOUND('',#2387,.T.);
#1460=FACE_BOUND('',#2457,.T.);
#1461=FACE_BOUND('',#2458,.T.);
#1462=FACE_BOUND('',#2459,.T.);
#1463=FACE_BOUND('',#2460,.T.);
#1464=FACE_BOUND('',#2462,.T.);
#1465=FACE_BOUND('',#2463,.T.);
#1466=FACE_BOUND('',#2464,.T.);
#1467=FACE_BOUND('',#2465,.T.);
#1468=FACE_BOUND('',#2478,.T.);
#1469=FACE_BOUND('',#2480,.T.);
#1470=ADVANCED_FACE('',(#1792),#6302,.T.);
#1471=ADVANCED_FACE('',(#1793),#6303,.T.);
#1472=ADVANCED_FACE('',(#1794),#6304,.T.);
#1473=ADVANCED_FACE('',(#1795),#6305,.T.);
#1474=ADVANCED_FACE('',(#1796),#6212,.T.);
#1475=ADVANCED_FACE('',(#1797),#6306,.T.);
#1476=ADVANCED_FACE('',(#1798),#6213,.T.);
#1477=ADVANCED_FACE('',(#1799),#6307,.T.);
#1478=ADVANCED_FACE('',(#1800),#6214,.T.);
#1479=ADVANCED_FACE('',(#1801),#6308,.T.);
#1480=ADVANCED_FACE('',(#1802),#6215,.T.);
#1481=ADVANCED_FACE('',(#1803),#6309,.T.);
#1482=ADVANCED_FACE('',(#1804,#1425,#1426,#1427,#1428,#1429,#1430,#1431,
#1432,#1433,#1434),#6310,.T.);
#1483=ADVANCED_FACE('',(#1805,#1435,#1436,#1437),#6311,.T.);
#1484=ADVANCED_FACE('',(#1806),#6216,.T.);
#1485=ADVANCED_FACE('',(#1807),#6217,.T.);
#1486=ADVANCED_FACE('',(#1808,#1438),#6312,.T.);
#1487=ADVANCED_FACE('',(#1809),#6218,.T.);
#1488=ADVANCED_FACE('',(#1810),#6219,.T.);
#1489=ADVANCED_FACE('',(#1811,#1439),#6313,.T.);
#1490=ADVANCED_FACE('',(#1812),#6314,.T.);
#1491=ADVANCED_FACE('',(#1813),#6315,.T.);
#1492=ADVANCED_FACE('',(#1814),#6316,.T.);
#1493=ADVANCED_FACE('',(#1815),#6317,.T.);
#1494=ADVANCED_FACE('',(#1816),#6318,.T.);
#1495=ADVANCED_FACE('',(#1817),#6192,.T.);
#1496=ADVANCED_FACE('',(#1818),#6193,.T.);
#1497=ADVANCED_FACE('',(#1819),#6319,.T.);
#1498=ADVANCED_FACE('',(#1820),#6194,.T.);
#1499=ADVANCED_FACE('',(#1821),#6195,.T.);
#1500=ADVANCED_FACE('',(#1822),#6320,.T.);
#1501=ADVANCED_FACE('',(#1823),#6321,.T.);
#1502=ADVANCED_FACE('',(#1824),#6322,.T.);
#1503=ADVANCED_FACE('',(#1825),#6323,.T.);
#1504=ADVANCED_FACE('',(#1826),#6324,.T.);
#1505=ADVANCED_FACE('',(#1827),#6325,.T.);
#1506=ADVANCED_FACE('',(#1828),#6326,.T.);
#1507=ADVANCED_FACE('',(#1829),#6327,.T.);
#1508=ADVANCED_FACE('',(#1830),#6328,.T.);
#1509=ADVANCED_FACE('',(#1831),#6329,.T.);
#1510=ADVANCED_FACE('',(#1832),#6330,.T.);
#1511=ADVANCED_FACE('',(#1833),#6331,.T.);
#1512=ADVANCED_FACE('',(#1834),#6196,.T.);
#1513=ADVANCED_FACE('',(#1835),#6332,.T.);
#1514=ADVANCED_FACE('',(#1836),#6197,.T.);
#1515=ADVANCED_FACE('',(#1837),#6333,.T.);
#1516=ADVANCED_FACE('',(#1838),#6198,.T.);
#1517=ADVANCED_FACE('',(#1839,#1440),#6334,.T.);
#1518=ADVANCED_FACE('',(#1840),#6335,.T.);
#1519=ADVANCED_FACE('',(#1841),#6199,.T.);
#1520=ADVANCED_FACE('',(#1842),#6336,.T.);
#1521=ADVANCED_FACE('',(#1843),#6337,.T.);
#1522=ADVANCED_FACE('',(#1844),#6338,.T.);
#1523=ADVANCED_FACE('',(#1845),#6200,.T.);
#1524=ADVANCED_FACE('',(#1846),#6339,.T.);
#1525=ADVANCED_FACE('',(#1847),#6340,.T.);
#1526=ADVANCED_FACE('',(#1848),#6341,.T.);
#1527=ADVANCED_FACE('',(#1849),#6342,.T.);
#1528=ADVANCED_FACE('',(#1850),#6343,.T.);
#1529=ADVANCED_FACE('',(#1851),#6344,.T.);
#1530=ADVANCED_FACE('',(#1852),#6201,.T.);
#1531=ADVANCED_FACE('',(#1853),#6345,.T.);
#1532=ADVANCED_FACE('',(#1854),#6346,.T.);
#1533=ADVANCED_FACE('',(#1855),#6347,.T.);
#1534=ADVANCED_FACE('',(#1856),#6202,.T.);
#1535=ADVANCED_FACE('',(#1857),#6348,.T.);
#1536=ADVANCED_FACE('',(#1858),#6349,.T.);
#1537=ADVANCED_FACE('',(#1859),#6350,.T.);
#1538=ADVANCED_FACE('',(#1860),#6351,.T.);
#1539=ADVANCED_FACE('',(#1861),#6352,.T.);
#1540=ADVANCED_FACE('',(#1862),#6353,.T.);
#1541=ADVANCED_FACE('',(#1863),#6203,.T.);
#1542=ADVANCED_FACE('',(#1864),#6204,.T.);
#1543=ADVANCED_FACE('',(#1865),#6205,.T.);
#1544=ADVANCED_FACE('',(#1866),#6354,.T.);
#1545=ADVANCED_FACE('',(#1867),#6206,.T.);
#1546=ADVANCED_FACE('',(#1868),#6207,.T.);
#1547=ADVANCED_FACE('',(#1869),#6355,.T.);
#1548=ADVANCED_FACE('',(#1870),#6208,.T.);
#1549=ADVANCED_FACE('',(#1871),#6356,.T.);
#1550=ADVANCED_FACE('',(#1872),#6209,.T.);
#1551=ADVANCED_FACE('',(#1873),#6210,.T.);
#1552=ADVANCED_FACE('',(#1874),#6211,.T.);
#1553=ADVANCED_FACE('',(#1875),#6357,.T.);
#1554=ADVANCED_FACE('',(#1876,#1441),#6358,.T.);
#1555=ADVANCED_FACE('',(#1877),#6359,.T.);
#1556=ADVANCED_FACE('',(#1878),#6220,.T.);
#1557=ADVANCED_FACE('',(#1879),#6360,.T.);
#1558=ADVANCED_FACE('',(#1880),#6221,.T.);
#1559=ADVANCED_FACE('',(#1881),#6361,.T.);
#1560=ADVANCED_FACE('',(#1882),#6222,.T.);
#1561=ADVANCED_FACE('',(#1883),#6362,.T.);
#1562=ADVANCED_FACE('',(#1884),#6223,.T.);
#1563=ADVANCED_FACE('',(#1885),#6363,.T.);
#1564=ADVANCED_FACE('',(#1886,#1442,#1443),#6364,.T.);
#1565=ADVANCED_FACE('',(#1887,#1444,#1445),#6365,.T.);
#1566=ADVANCED_FACE('',(#1888),#6224,.T.);
#1567=ADVANCED_FACE('',(#1889),#6225,.T.);
#1568=ADVANCED_FACE('',(#1890),#6226,.T.);
#1569=ADVANCED_FACE('',(#1891),#6366,.T.);
#1570=ADVANCED_FACE('',(#1892),#6227,.T.);
#1571=ADVANCED_FACE('',(#1893),#6367,.T.);
#1572=ADVANCED_FACE('',(#1894,#1446),#6368,.T.);
#1573=ADVANCED_FACE('',(#1895,#1447),#6369,.T.);
#1574=ADVANCED_FACE('',(#1896),#1396,.T.);
#1575=ADVANCED_FACE('',(#1897),#6228,.T.);
#1576=ADVANCED_FACE('',(#1898),#6370,.T.);
#1577=ADVANCED_FACE('',(#1899),#6371,.T.);
#1578=ADVANCED_FACE('',(#1900),#6229,.T.);
#1579=ADVANCED_FACE('',(#1901),#6372,.T.);
#1580=ADVANCED_FACE('',(#1902),#6230,.T.);
#1581=ADVANCED_FACE('',(#1903),#6373,.T.);
#1582=ADVANCED_FACE('',(#1904),#6231,.T.);
#1583=ADVANCED_FACE('',(#1905,#1448),#6374,.T.);
#1584=ADVANCED_FACE('',(#1906),#6232,.T.);
#1585=ADVANCED_FACE('',(#1907),#6375,.T.);
#1586=ADVANCED_FACE('',(#1908),#6233,.T.);
#1587=ADVANCED_FACE('',(#1909),#6234,.T.);
#1588=ADVANCED_FACE('',(#1910),#6376,.T.);
#1589=ADVANCED_FACE('',(#1911),#6235,.T.);
#1590=ADVANCED_FACE('',(#1912,#1449),#6377,.T.);
#1591=ADVANCED_FACE('',(#1913),#6236,.T.);
#1592=ADVANCED_FACE('',(#1914),#6378,.T.);
#1593=ADVANCED_FACE('',(#1915),#6237,.T.);
#1594=ADVANCED_FACE('',(#1916),#6379,.T.);
#1595=ADVANCED_FACE('',(#1917,#1450),#6380,.T.);
#1596=ADVANCED_FACE('',(#1918,#1451),#6381,.T.);
#1597=ADVANCED_FACE('',(#1919),#6238,.T.);
#1598=ADVANCED_FACE('',(#1920),#6239,.T.);
#1599=ADVANCED_FACE('',(#1921,#1452),#6382,.T.);
#1600=ADVANCED_FACE('',(#1922),#6240,.T.);
#1601=ADVANCED_FACE('',(#1923),#6241,.T.);
#1602=ADVANCED_FACE('',(#1924,#1453),#6383,.T.);
#1603=ADVANCED_FACE('',(#1925,#1454),#6384,.T.);
#1604=ADVANCED_FACE('',(#1926),#6385,.T.);
#1605=ADVANCED_FACE('',(#1927),#6386,.T.);
#1606=ADVANCED_FACE('',(#1928),#6242,.T.);
#1607=ADVANCED_FACE('',(#1929),#6243,.T.);
#1608=ADVANCED_FACE('',(#1930),#6244,.T.);
#1609=ADVANCED_FACE('',(#1931),#6387,.T.);
#1610=ADVANCED_FACE('',(#1932,#1455,#1456),#6388,.T.);
#1611=ADVANCED_FACE('',(#1933),#6245,.T.);
#1612=ADVANCED_FACE('',(#1934),#6246,.T.);
#1613=ADVANCED_FACE('',(#1935),#6247,.T.);
#1614=ADVANCED_FACE('',(#1936),#6248,.T.);
#1615=ADVANCED_FACE('',(#1937),#6389,.T.);
#1616=ADVANCED_FACE('',(#1938),#1397,.T.);
#1617=ADVANCED_FACE('',(#1939),#6390,.T.);
#1618=ADVANCED_FACE('',(#1940),#6249,.T.);
#1619=ADVANCED_FACE('',(#1941,#1457,#1458),#6391,.T.);
#1620=ADVANCED_FACE('',(#1942),#6392,.T.);
#1621=ADVANCED_FACE('',(#1943),#1398,.T.);
#1622=ADVANCED_FACE('',(#1944),#6250,.T.);
#1623=ADVANCED_FACE('',(#1945),#6393,.T.);
#1624=ADVANCED_FACE('',(#1946),#6394,.T.);
#1625=ADVANCED_FACE('',(#1947),#6395,.T.);
#1626=ADVANCED_FACE('',(#1948),#6396,.T.);
#1627=ADVANCED_FACE('',(#1949),#6397,.T.);
#1628=ADVANCED_FACE('',(#1950),#6398,.T.);
#1629=ADVANCED_FACE('',(#1951),#6399,.T.);
#1630=ADVANCED_FACE('',(#1952),#6400,.T.);
#1631=ADVANCED_FACE('',(#1953),#6401,.T.);
#1632=ADVANCED_FACE('',(#1954),#6402,.T.);
#1633=ADVANCED_FACE('',(#1955),#6403,.T.);
#1634=ADVANCED_FACE('',(#1956),#6404,.T.);
#1635=ADVANCED_FACE('',(#1957),#6405,.T.);
#1636=ADVANCED_FACE('',(#1958),#6406,.T.);
#1637=ADVANCED_FACE('',(#1959),#6407,.T.);
#1638=ADVANCED_FACE('',(#1960),#6408,.T.);
#1639=ADVANCED_FACE('',(#1961),#6409,.T.);
#1640=ADVANCED_FACE('',(#1962),#6410,.T.);
#1641=ADVANCED_FACE('',(#1963),#1399,.T.);
#1642=ADVANCED_FACE('',(#1964),#6251,.T.);
#1643=ADVANCED_FACE('',(#1965),#6252,.T.);
#1644=ADVANCED_FACE('',(#1966),#6411,.T.);
#1645=ADVANCED_FACE('',(#1967),#6253,.T.);
#1646=ADVANCED_FACE('',(#1968),#6254,.T.);
#1647=ADVANCED_FACE('',(#1969),#6255,.T.);
#1648=ADVANCED_FACE('',(#1970),#6256,.T.);
#1649=ADVANCED_FACE('',(#1971),#6257,.T.);
#1650=ADVANCED_FACE('',(#1972),#6258,.T.);
#1651=ADVANCED_FACE('',(#1973),#6259,.T.);
#1652=ADVANCED_FACE('',(#1974),#6260,.T.);
#1653=ADVANCED_FACE('',(#1975),#6412,.T.);
#1654=ADVANCED_FACE('',(#1976),#6261,.T.);
#1655=ADVANCED_FACE('',(#1977),#6262,.T.);
#1656=ADVANCED_FACE('',(#1978),#6413,.T.);
#1657=ADVANCED_FACE('',(#1979),#6263,.T.);
#1658=ADVANCED_FACE('',(#1980),#6264,.T.);
#1659=ADVANCED_FACE('',(#1981),#6265,.T.);
#1660=ADVANCED_FACE('',(#1982),#6414,.T.);
#1661=ADVANCED_FACE('',(#1983),#6415,.T.);
#1662=ADVANCED_FACE('',(#1984),#6416,.T.);
#1663=ADVANCED_FACE('',(#1985),#6417,.T.);
#1664=ADVANCED_FACE('',(#1986),#6266,.T.);
#1665=ADVANCED_FACE('',(#1987),#6267,.T.);
#1666=ADVANCED_FACE('',(#1988),#6418,.T.);
#1667=ADVANCED_FACE('',(#1989),#6419,.T.);
#1668=ADVANCED_FACE('',(#1990),#6420,.T.);
#1669=ADVANCED_FACE('',(#1991),#6421,.T.);
#1670=ADVANCED_FACE('',(#1992),#6422,.T.);
#1671=ADVANCED_FACE('',(#1993),#6423,.T.);
#1672=ADVANCED_FACE('',(#1994),#6424,.T.);
#1673=ADVANCED_FACE('',(#1995),#6425,.T.);
#1674=ADVANCED_FACE('',(#1996),#6426,.T.);
#1675=ADVANCED_FACE('',(#1997),#6268,.T.);
#1676=ADVANCED_FACE('',(#1998),#6269,.T.);
#1677=ADVANCED_FACE('',(#1999),#6427,.T.);
#1678=ADVANCED_FACE('',(#2000),#6270,.T.);
#1679=ADVANCED_FACE('',(#2001),#6271,.T.);
#1680=ADVANCED_FACE('',(#2002),#6428,.T.);
#1681=ADVANCED_FACE('',(#2003),#6272,.T.);
#1682=ADVANCED_FACE('',(#2004),#6273,.T.);
#1683=ADVANCED_FACE('',(#2005),#6274,.T.);
#1684=ADVANCED_FACE('',(#2006),#6275,.T.);
#1685=ADVANCED_FACE('',(#2007),#6429,.T.);
#1686=ADVANCED_FACE('',(#2008),#6430,.T.);
#1687=ADVANCED_FACE('',(#2009),#6431,.T.);
#1688=ADVANCED_FACE('',(#2010),#6432,.T.);
#1689=ADVANCED_FACE('',(#2011),#6433,.T.);
#1690=ADVANCED_FACE('',(#2012),#6434,.T.);
#1691=ADVANCED_FACE('',(#2013),#6435,.T.);
#1692=ADVANCED_FACE('',(#2014),#6436,.T.);
#1693=ADVANCED_FACE('',(#2015),#6437,.T.);
#1694=ADVANCED_FACE('',(#2016),#6438,.T.);
#1695=ADVANCED_FACE('',(#2017),#6439,.T.);
#1696=ADVANCED_FACE('',(#2018),#6440,.T.);
#1697=ADVANCED_FACE('',(#2019),#6441,.T.);
#1698=ADVANCED_FACE('',(#2020),#6442,.T.);
#1699=ADVANCED_FACE('',(#2021),#6443,.T.);
#1700=ADVANCED_FACE('',(#2022),#6444,.T.);
#1701=ADVANCED_FACE('',(#2023),#6445,.T.);
#1702=ADVANCED_FACE('',(#2024),#6446,.T.);
#1703=ADVANCED_FACE('',(#2025),#6447,.T.);
#1704=ADVANCED_FACE('',(#2026),#6448,.T.);
#1705=ADVANCED_FACE('',(#2027),#6276,.T.);
#1706=ADVANCED_FACE('',(#2028),#6449,.T.);
#1707=ADVANCED_FACE('',(#2029),#6450,.T.);
#1708=ADVANCED_FACE('',(#2030,#1459),#6451,.T.);
#1709=ADVANCED_FACE('',(#2031),#6452,.T.);
#1710=ADVANCED_FACE('',(#2032),#6453,.T.);
#1711=ADVANCED_FACE('',(#2033),#6454,.T.);
#1712=ADVANCED_FACE('',(#2034),#6277,.T.);
#1713=ADVANCED_FACE('',(#2035),#6455,.T.);
#1714=ADVANCED_FACE('',(#2036),#6456,.T.);
#1715=ADVANCED_FACE('',(#2037),#6457,.T.);
#1716=ADVANCED_FACE('',(#2038),#6458,.T.);
#1717=ADVANCED_FACE('',(#2039),#6459,.T.);
#1718=ADVANCED_FACE('',(#2040),#6460,.T.);
#1719=ADVANCED_FACE('',(#2041),#6461,.T.);
#1720=ADVANCED_FACE('',(#2042),#6278,.T.);
#1721=ADVANCED_FACE('',(#2043),#6462,.T.);
#1722=ADVANCED_FACE('',(#2044),#6463,.T.);
#1723=ADVANCED_FACE('',(#2045),#6279,.T.);
#1724=ADVANCED_FACE('',(#2046),#6464,.T.);
#1725=ADVANCED_FACE('',(#2047),#6280,.T.);
#1726=ADVANCED_FACE('',(#2048),#6465,.T.);
#1727=ADVANCED_FACE('',(#2049),#6466,.T.);
#1728=ADVANCED_FACE('',(#2050),#6467,.T.);
#1729=ADVANCED_FACE('',(#2051),#6468,.T.);
#1730=ADVANCED_FACE('',(#2052),#6281,.T.);
#1731=ADVANCED_FACE('',(#2053),#6469,.T.);
#1732=ADVANCED_FACE('',(#2054),#6470,.T.);
#1733=ADVANCED_FACE('',(#2055),#6471,.T.);
#1734=ADVANCED_FACE('',(#2056),#6472,.T.);
#1735=ADVANCED_FACE('',(#2057),#6473,.T.);
#1736=ADVANCED_FACE('',(#2058),#6474,.T.);
#1737=ADVANCED_FACE('',(#2059),#6282,.T.);
#1738=ADVANCED_FACE('',(#2060),#6475,.T.);
#1739=ADVANCED_FACE('',(#2061),#6283,.T.);
#1740=ADVANCED_FACE('',(#2062),#6476,.T.);
#1741=ADVANCED_FACE('',(#2063),#6477,.T.);
#1742=ADVANCED_FACE('',(#2064),#6478,.T.);
#1743=ADVANCED_FACE('',(#2065),#6479,.T.);
#1744=ADVANCED_FACE('',(#2066),#6480,.T.);
#1745=ADVANCED_FACE('',(#2067),#6481,.T.);
#1746=ADVANCED_FACE('',(#2068),#6482,.T.);
#1747=ADVANCED_FACE('',(#2069),#6483,.T.);
#1748=ADVANCED_FACE('',(#2070),#6484,.T.);
#1749=ADVANCED_FACE('',(#2071),#6485,.T.);
#1750=ADVANCED_FACE('',(#2072),#6284,.T.);
#1751=ADVANCED_FACE('',(#2073),#6285,.T.);
#1752=ADVANCED_FACE('',(#2074),#6486,.T.);
#1753=ADVANCED_FACE('',(#2075),#6487,.T.);
#1754=ADVANCED_FACE('',(#2076),#6286,.T.);
#1755=ADVANCED_FACE('',(#2077),#6488,.T.);
#1756=ADVANCED_FACE('',(#2078),#6489,.T.);
#1757=ADVANCED_FACE('',(#2079),#6287,.T.);
#1758=ADVANCED_FACE('',(#2080),#6490,.T.);
#1759=ADVANCED_FACE('',(#2081),#6491,.T.);
#1760=ADVANCED_FACE('',(#2082),#6492,.T.);
#1761=ADVANCED_FACE('',(#2083),#6493,.T.);
#1762=ADVANCED_FACE('',(#2084),#6494,.T.);
#1763=ADVANCED_FACE('',(#2085),#6495,.T.);
#1764=ADVANCED_FACE('',(#2086),#6496,.T.);
#1765=ADVANCED_FACE('',(#2087),#6288,.T.);
#1766=ADVANCED_FACE('',(#2088),#6497,.T.);
#1767=ADVANCED_FACE('',(#2089),#6289,.T.);
#1768=ADVANCED_FACE('',(#2090),#6498,.T.);
#1769=ADVANCED_FACE('',(#2091),#6290,.T.);
#1770=ADVANCED_FACE('',(#2092),#6499,.T.);
#1771=ADVANCED_FACE('',(#2093),#6291,.T.);
#1772=ADVANCED_FACE('',(#2094),#6500,.T.);
#1773=ADVANCED_FACE('',(#2095),#6501,.T.);
#1774=ADVANCED_FACE('',(#2096),#6292,.T.);
#1775=ADVANCED_FACE('',(#2097),#6502,.T.);
#1776=ADVANCED_FACE('',(#2098),#6503,.T.);
#1777=ADVANCED_FACE('',(#2099,#1460,#1461,#1462,#1463),#6504,.T.);
#1778=ADVANCED_FACE('',(#2100,#1464,#1465,#1466,#1467),#6505,.T.);
#1779=ADVANCED_FACE('',(#2101),#6293,.T.);
#1780=ADVANCED_FACE('',(#2102),#6294,.T.);
#1781=ADVANCED_FACE('',(#2103),#6506,.T.);
#1782=ADVANCED_FACE('',(#2104),#6507,.T.);
#1783=ADVANCED_FACE('',(#2105),#6295,.T.);
#1784=ADVANCED_FACE('',(#2106),#6296,.T.);
#1785=ADVANCED_FACE('',(#2107),#6297,.T.);
#1786=ADVANCED_FACE('',(#2108),#6298,.T.);
#1787=ADVANCED_FACE('',(#2109),#6299,.T.);
#1788=ADVANCED_FACE('',(#2110),#6300,.T.);
#1789=ADVANCED_FACE('',(#2111),#6301,.T.);
#1790=ADVANCED_FACE('',(#2112,#1468),#6508,.T.);
#1791=ADVANCED_FACE('',(#2113,#1469),#6509,.T.);
#1792=FACE_OUTER_BOUND('',#2114,.T.);
#1793=FACE_OUTER_BOUND('',#2115,.T.);
#1794=FACE_OUTER_BOUND('',#2116,.T.);
#1795=FACE_OUTER_BOUND('',#2117,.T.);
#1796=FACE_OUTER_BOUND('',#2118,.T.);
#1797=FACE_OUTER_BOUND('',#2119,.T.);
#1798=FACE_OUTER_BOUND('',#2120,.T.);
#1799=FACE_OUTER_BOUND('',#2121,.T.);
#1800=FACE_OUTER_BOUND('',#2122,.T.);
#1801=FACE_OUTER_BOUND('',#2123,.T.);
#1802=FACE_OUTER_BOUND('',#2124,.T.);
#1803=FACE_OUTER_BOUND('',#2125,.T.);
#1804=FACE_OUTER_BOUND('',#2126,.T.);
#1805=FACE_OUTER_BOUND('',#2137,.T.);
#1806=FACE_OUTER_BOUND('',#2141,.T.);
#1807=FACE_OUTER_BOUND('',#2142,.T.);
#1808=FACE_OUTER_BOUND('',#2143,.T.);
#1809=FACE_OUTER_BOUND('',#2145,.T.);
#1810=FACE_OUTER_BOUND('',#2146,.T.);
#1811=FACE_OUTER_BOUND('',#2147,.T.);
#1812=FACE_OUTER_BOUND('',#2149,.T.);
#1813=FACE_OUTER_BOUND('',#2150,.T.);
#1814=FACE_OUTER_BOUND('',#2151,.T.);
#1815=FACE_OUTER_BOUND('',#2152,.T.);
#1816=FACE_OUTER_BOUND('',#2153,.T.);
#1817=FACE_OUTER_BOUND('',#2154,.T.);
#1818=FACE_OUTER_BOUND('',#2155,.T.);
#1819=FACE_OUTER_BOUND('',#2156,.T.);
#1820=FACE_OUTER_BOUND('',#2157,.T.);
#1821=FACE_OUTER_BOUND('',#2158,.T.);
#1822=FACE_OUTER_BOUND('',#2159,.T.);
#1823=FACE_OUTER_BOUND('',#2160,.T.);
#1824=FACE_OUTER_BOUND('',#2161,.T.);
#1825=FACE_OUTER_BOUND('',#2162,.T.);
#1826=FACE_OUTER_BOUND('',#2163,.T.);
#1827=FACE_OUTER_BOUND('',#2164,.T.);
#1828=FACE_OUTER_BOUND('',#2165,.T.);
#1829=FACE_OUTER_BOUND('',#2166,.T.);
#1830=FACE_OUTER_BOUND('',#2167,.T.);
#1831=FACE_OUTER_BOUND('',#2168,.T.);
#1832=FACE_OUTER_BOUND('',#2169,.T.);
#1833=FACE_OUTER_BOUND('',#2170,.T.);
#1834=FACE_OUTER_BOUND('',#2171,.T.);
#1835=FACE_OUTER_BOUND('',#2172,.T.);
#1836=FACE_OUTER_BOUND('',#2173,.T.);
#1837=FACE_OUTER_BOUND('',#2174,.T.);
#1838=FACE_OUTER_BOUND('',#2175,.T.);
#1839=FACE_OUTER_BOUND('',#2176,.T.);
#1840=FACE_OUTER_BOUND('',#2178,.T.);
#1841=FACE_OUTER_BOUND('',#2179,.T.);
#1842=FACE_OUTER_BOUND('',#2180,.T.);
#1843=FACE_OUTER_BOUND('',#2181,.T.);
#1844=FACE_OUTER_BOUND('',#2182,.T.);
#1845=FACE_OUTER_BOUND('',#2183,.T.);
#1846=FACE_OUTER_BOUND('',#2184,.T.);
#1847=FACE_OUTER_BOUND('',#2185,.T.);
#1848=FACE_OUTER_BOUND('',#2186,.T.);
#1849=FACE_OUTER_BOUND('',#2187,.T.);
#1850=FACE_OUTER_BOUND('',#2188,.T.);
#1851=FACE_OUTER_BOUND('',#2189,.T.);
#1852=FACE_OUTER_BOUND('',#2190,.T.);
#1853=FACE_OUTER_BOUND('',#2191,.T.);
#1854=FACE_OUTER_BOUND('',#2192,.T.);
#1855=FACE_OUTER_BOUND('',#2193,.T.);
#1856=FACE_OUTER_BOUND('',#2194,.T.);
#1857=FACE_OUTER_BOUND('',#2195,.T.);
#1858=FACE_OUTER_BOUND('',#2196,.T.);
#1859=FACE_OUTER_BOUND('',#2197,.T.);
#1860=FACE_OUTER_BOUND('',#2198,.T.);
#1861=FACE_OUTER_BOUND('',#2199,.T.);
#1862=FACE_OUTER_BOUND('',#2200,.T.);
#1863=FACE_OUTER_BOUND('',#2201,.T.);
#1864=FACE_OUTER_BOUND('',#2202,.T.);
#1865=FACE_OUTER_BOUND('',#2203,.T.);
#1866=FACE_OUTER_BOUND('',#2204,.T.);
#1867=FACE_OUTER_BOUND('',#2205,.T.);
#1868=FACE_OUTER_BOUND('',#2206,.T.);
#1869=FACE_OUTER_BOUND('',#2207,.T.);
#1870=FACE_OUTER_BOUND('',#2208,.T.);
#1871=FACE_OUTER_BOUND('',#2209,.T.);
#1872=FACE_OUTER_BOUND('',#2210,.T.);
#1873=FACE_OUTER_BOUND('',#2211,.T.);
#1874=FACE_OUTER_BOUND('',#2212,.T.);
#1875=FACE_OUTER_BOUND('',#2213,.T.);
#1876=FACE_OUTER_BOUND('',#2214,.T.);
#1877=FACE_OUTER_BOUND('',#2216,.T.);
#1878=FACE_OUTER_BOUND('',#2217,.T.);
#1879=FACE_OUTER_BOUND('',#2218,.T.);
#1880=FACE_OUTER_BOUND('',#2219,.T.);
#1881=FACE_OUTER_BOUND('',#2220,.T.);
#1882=FACE_OUTER_BOUND('',#2221,.T.);
#1883=FACE_OUTER_BOUND('',#2222,.T.);
#1884=FACE_OUTER_BOUND('',#2223,.T.);
#1885=FACE_OUTER_BOUND('',#2224,.T.);
#1886=FACE_OUTER_BOUND('',#2225,.T.);
#1887=FACE_OUTER_BOUND('',#2228,.T.);
#1888=FACE_OUTER_BOUND('',#2231,.T.);
#1889=FACE_OUTER_BOUND('',#2232,.T.);
#1890=FACE_OUTER_BOUND('',#2233,.T.);
#1891=FACE_OUTER_BOUND('',#2234,.T.);
#1892=FACE_OUTER_BOUND('',#2235,.T.);
#1893=FACE_OUTER_BOUND('',#2236,.T.);
#1894=FACE_OUTER_BOUND('',#2237,.T.);
#1895=FACE_OUTER_BOUND('',#2239,.T.);
#1896=FACE_OUTER_BOUND('',#2241,.T.);
#1897=FACE_OUTER_BOUND('',#2242,.T.);
#1898=FACE_OUTER_BOUND('',#2243,.T.);
#1899=FACE_OUTER_BOUND('',#2244,.T.);
#1900=FACE_OUTER_BOUND('',#2245,.T.);
#1901=FACE_OUTER_BOUND('',#2246,.T.);
#1902=FACE_OUTER_BOUND('',#2247,.T.);
#1903=FACE_OUTER_BOUND('',#2248,.T.);
#1904=FACE_OUTER_BOUND('',#2249,.T.);
#1905=FACE_OUTER_BOUND('',#2250,.T.);
#1906=FACE_OUTER_BOUND('',#2252,.T.);
#1907=FACE_OUTER_BOUND('',#2253,.T.);
#1908=FACE_OUTER_BOUND('',#2254,.T.);
#1909=FACE_OUTER_BOUND('',#2255,.T.);
#1910=FACE_OUTER_BOUND('',#2256,.T.);
#1911=FACE_OUTER_BOUND('',#2257,.T.);
#1912=FACE_OUTER_BOUND('',#2258,.T.);
#1913=FACE_OUTER_BOUND('',#2260,.T.);
#1914=FACE_OUTER_BOUND('',#2261,.T.);
#1915=FACE_OUTER_BOUND('',#2262,.T.);
#1916=FACE_OUTER_BOUND('',#2263,.T.);
#1917=FACE_OUTER_BOUND('',#2264,.T.);
#1918=FACE_OUTER_BOUND('',#2266,.T.);
#1919=FACE_OUTER_BOUND('',#2268,.T.);
#1920=FACE_OUTER_BOUND('',#2269,.T.);
#1921=FACE_OUTER_BOUND('',#2270,.T.);
#1922=FACE_OUTER_BOUND('',#2272,.T.);
#1923=FACE_OUTER_BOUND('',#2273,.T.);
#1924=FACE_OUTER_BOUND('',#2274,.T.);
#1925=FACE_OUTER_BOUND('',#2276,.T.);
#1926=FACE_OUTER_BOUND('',#2278,.T.);
#1927=FACE_OUTER_BOUND('',#2279,.T.);
#1928=FACE_OUTER_BOUND('',#2280,.T.);
#1929=FACE_OUTER_BOUND('',#2281,.T.);
#1930=FACE_OUTER_BOUND('',#2282,.T.);
#1931=FACE_OUTER_BOUND('',#2283,.T.);
#1932=FACE_OUTER_BOUND('',#2284,.T.);
#1933=FACE_OUTER_BOUND('',#2287,.T.);
#1934=FACE_OUTER_BOUND('',#2288,.T.);
#1935=FACE_OUTER_BOUND('',#2289,.T.);
#1936=FACE_OUTER_BOUND('',#2290,.T.);
#1937=FACE_OUTER_BOUND('',#2291,.T.);
#1938=FACE_OUTER_BOUND('',#2292,.T.);
#1939=FACE_OUTER_BOUND('',#2293,.T.);
#1940=FACE_OUTER_BOUND('',#2294,.T.);
#1941=FACE_OUTER_BOUND('',#2295,.T.);
#1942=FACE_OUTER_BOUND('',#2298,.T.);
#1943=FACE_OUTER_BOUND('',#2299,.T.);
#1944=FACE_OUTER_BOUND('',#2300,.T.);
#1945=FACE_OUTER_BOUND('',#2301,.T.);
#1946=FACE_OUTER_BOUND('',#2302,.T.);
#1947=FACE_OUTER_BOUND('',#2303,.T.);
#1948=FACE_OUTER_BOUND('',#2304,.T.);
#1949=FACE_OUTER_BOUND('',#2305,.T.);
#1950=FACE_OUTER_BOUND('',#2306,.T.);
#1951=FACE_OUTER_BOUND('',#2307,.T.);
#1952=FACE_OUTER_BOUND('',#2308,.T.);
#1953=FACE_OUTER_BOUND('',#2309,.T.);
#1954=FACE_OUTER_BOUND('',#2310,.T.);
#1955=FACE_OUTER_BOUND('',#2311,.T.);
#1956=FACE_OUTER_BOUND('',#2312,.T.);
#1957=FACE_OUTER_BOUND('',#2313,.T.);
#1958=FACE_OUTER_BOUND('',#2314,.T.);
#1959=FACE_OUTER_BOUND('',#2315,.T.);
#1960=FACE_OUTER_BOUND('',#2316,.T.);
#1961=FACE_OUTER_BOUND('',#2317,.T.);
#1962=FACE_OUTER_BOUND('',#2318,.T.);
#1963=FACE_OUTER_BOUND('',#2319,.T.);
#1964=FACE_OUTER_BOUND('',#2320,.T.);
#1965=FACE_OUTER_BOUND('',#2321,.T.);
#1966=FACE_OUTER_BOUND('',#2322,.T.);
#1967=FACE_OUTER_BOUND('',#2323,.T.);
#1968=FACE_OUTER_BOUND('',#2324,.T.);
#1969=FACE_OUTER_BOUND('',#2325,.T.);
#1970=FACE_OUTER_BOUND('',#2326,.T.);
#1971=FACE_OUTER_BOUND('',#2327,.T.);
#1972=FACE_OUTER_BOUND('',#2328,.T.);
#1973=FACE_OUTER_BOUND('',#2329,.T.);
#1974=FACE_OUTER_BOUND('',#2330,.T.);
#1975=FACE_OUTER_BOUND('',#2331,.T.);
#1976=FACE_OUTER_BOUND('',#2332,.T.);
#1977=FACE_OUTER_BOUND('',#2333,.T.);
#1978=FACE_OUTER_BOUND('',#2334,.T.);
#1979=FACE_OUTER_BOUND('',#2335,.T.);
#1980=FACE_OUTER_BOUND('',#2336,.T.);
#1981=FACE_OUTER_BOUND('',#2337,.T.);
#1982=FACE_OUTER_BOUND('',#2338,.T.);
#1983=FACE_OUTER_BOUND('',#2339,.T.);
#1984=FACE_OUTER_BOUND('',#2340,.T.);
#1985=FACE_OUTER_BOUND('',#2341,.T.);
#1986=FACE_OUTER_BOUND('',#2342,.T.);
#1987=FACE_OUTER_BOUND('',#2343,.T.);
#1988=FACE_OUTER_BOUND('',#2344,.T.);
#1989=FACE_OUTER_BOUND('',#2345,.T.);
#1990=FACE_OUTER_BOUND('',#2346,.T.);
#1991=FACE_OUTER_BOUND('',#2347,.T.);
#1992=FACE_OUTER_BOUND('',#2348,.T.);
#1993=FACE_OUTER_BOUND('',#2349,.T.);
#1994=FACE_OUTER_BOUND('',#2350,.T.);
#1995=FACE_OUTER_BOUND('',#2351,.T.);
#1996=FACE_OUTER_BOUND('',#2352,.T.);
#1997=FACE_OUTER_BOUND('',#2353,.T.);
#1998=FACE_OUTER_BOUND('',#2354,.T.);
#1999=FACE_OUTER_BOUND('',#2355,.T.);
#2000=FACE_OUTER_BOUND('',#2356,.T.);
#2001=FACE_OUTER_BOUND('',#2357,.T.);
#2002=FACE_OUTER_BOUND('',#2358,.T.);
#2003=FACE_OUTER_BOUND('',#2359,.T.);
#2004=FACE_OUTER_BOUND('',#2360,.T.);
#2005=FACE_OUTER_BOUND('',#2361,.T.);
#2006=FACE_OUTER_BOUND('',#2362,.T.);
#2007=FACE_OUTER_BOUND('',#2363,.T.);
#2008=FACE_OUTER_BOUND('',#2364,.T.);
#2009=FACE_OUTER_BOUND('',#2365,.T.);
#2010=FACE_OUTER_BOUND('',#2366,.T.);
#2011=FACE_OUTER_BOUND('',#2367,.T.);
#2012=FACE_OUTER_BOUND('',#2368,.T.);
#2013=FACE_OUTER_BOUND('',#2369,.T.);
#2014=FACE_OUTER_BOUND('',#2370,.T.);
#2015=FACE_OUTER_BOUND('',#2371,.T.);
#2016=FACE_OUTER_BOUND('',#2372,.T.);
#2017=FACE_OUTER_BOUND('',#2373,.T.);
#2018=FACE_OUTER_BOUND('',#2374,.T.);
#2019=FACE_OUTER_BOUND('',#2375,.T.);
#2020=FACE_OUTER_BOUND('',#2376,.T.);
#2021=FACE_OUTER_BOUND('',#2377,.T.);
#2022=FACE_OUTER_BOUND('',#2378,.T.);
#2023=FACE_OUTER_BOUND('',#2379,.T.);
#2024=FACE_OUTER_BOUND('',#2380,.T.);
#2025=FACE_OUTER_BOUND('',#2381,.T.);
#2026=FACE_OUTER_BOUND('',#2382,.T.);
#2027=FACE_OUTER_BOUND('',#2383,.T.);
#2028=FACE_OUTER_BOUND('',#2384,.T.);
#2029=FACE_OUTER_BOUND('',#2385,.T.);
#2030=FACE_OUTER_BOUND('',#2386,.T.);
#2031=FACE_OUTER_BOUND('',#2388,.T.);
#2032=FACE_OUTER_BOUND('',#2389,.T.);
#2033=FACE_OUTER_BOUND('',#2390,.T.);
#2034=FACE_OUTER_BOUND('',#2391,.T.);
#2035=FACE_OUTER_BOUND('',#2392,.T.);
#2036=FACE_OUTER_BOUND('',#2393,.T.);
#2037=FACE_OUTER_BOUND('',#2394,.T.);
#2038=FACE_OUTER_BOUND('',#2395,.T.);
#2039=FACE_OUTER_BOUND('',#2396,.T.);
#2040=FACE_OUTER_BOUND('',#2397,.T.);
#2041=FACE_OUTER_BOUND('',#2398,.T.);
#2042=FACE_OUTER_BOUND('',#2399,.T.);
#2043=FACE_OUTER_BOUND('',#2400,.T.);
#2044=FACE_OUTER_BOUND('',#2401,.T.);
#2045=FACE_OUTER_BOUND('',#2402,.T.);
#2046=FACE_OUTER_BOUND('',#2403,.T.);
#2047=FACE_OUTER_BOUND('',#2404,.T.);
#2048=FACE_OUTER_BOUND('',#2405,.T.);
#2049=FACE_OUTER_BOUND('',#2406,.T.);
#2050=FACE_OUTER_BOUND('',#2407,.T.);
#2051=FACE_OUTER_BOUND('',#2408,.T.);
#2052=FACE_OUTER_BOUND('',#2409,.T.);
#2053=FACE_OUTER_BOUND('',#2410,.T.);
#2054=FACE_OUTER_BOUND('',#2411,.T.);
#2055=FACE_OUTER_BOUND('',#2412,.T.);
#2056=FACE_OUTER_BOUND('',#2413,.T.);
#2057=FACE_OUTER_BOUND('',#2414,.T.);
#2058=FACE_OUTER_BOUND('',#2415,.T.);
#2059=FACE_OUTER_BOUND('',#2416,.T.);
#2060=FACE_OUTER_BOUND('',#2417,.T.);
#2061=FACE_OUTER_BOUND('',#2418,.T.);
#2062=FACE_OUTER_BOUND('',#2419,.T.);
#2063=FACE_OUTER_BOUND('',#2420,.T.);
#2064=FACE_OUTER_BOUND('',#2421,.T.);
#2065=FACE_OUTER_BOUND('',#2422,.T.);
#2066=FACE_OUTER_BOUND('',#2423,.T.);
#2067=FACE_OUTER_BOUND('',#2424,.T.);
#2068=FACE_OUTER_BOUND('',#2425,.T.);
#2069=FACE_OUTER_BOUND('',#2426,.T.);
#2070=FACE_OUTER_BOUND('',#2427,.T.);
#2071=FACE_OUTER_BOUND('',#2428,.T.);
#2072=FACE_OUTER_BOUND('',#2429,.T.);
#2073=FACE_OUTER_BOUND('',#2430,.T.);
#2074=FACE_OUTER_BOUND('',#2431,.T.);
#2075=FACE_OUTER_BOUND('',#2432,.T.);
#2076=FACE_OUTER_BOUND('',#2433,.T.);
#2077=FACE_OUTER_BOUND('',#2434,.T.);
#2078=FACE_OUTER_BOUND('',#2435,.T.);
#2079=FACE_OUTER_BOUND('',#2436,.T.);
#2080=FACE_OUTER_BOUND('',#2437,.T.);
#2081=FACE_OUTER_BOUND('',#2438,.T.);
#2082=FACE_OUTER_BOUND('',#2439,.T.);
#2083=FACE_OUTER_BOUND('',#2440,.T.);
#2084=FACE_OUTER_BOUND('',#2441,.T.);
#2085=FACE_OUTER_BOUND('',#2442,.T.);
#2086=FACE_OUTER_BOUND('',#2443,.T.);
#2087=FACE_OUTER_BOUND('',#2444,.T.);
#2088=FACE_OUTER_BOUND('',#2445,.T.);
#2089=FACE_OUTER_BOUND('',#2446,.T.);
#2090=FACE_OUTER_BOUND('',#2447,.T.);
#2091=FACE_OUTER_BOUND('',#2448,.T.);
#2092=FACE_OUTER_BOUND('',#2449,.T.);
#2093=FACE_OUTER_BOUND('',#2450,.T.);
#2094=FACE_OUTER_BOUND('',#2451,.T.);
#2095=FACE_OUTER_BOUND('',#2452,.T.);
#2096=FACE_OUTER_BOUND('',#2453,.T.);
#2097=FACE_OUTER_BOUND('',#2454,.T.);
#2098=FACE_OUTER_BOUND('',#2455,.T.);
#2099=FACE_OUTER_BOUND('',#2456,.T.);
#2100=FACE_OUTER_BOUND('',#2461,.T.);
#2101=FACE_OUTER_BOUND('',#2466,.T.);
#2102=FACE_OUTER_BOUND('',#2467,.T.);
#2103=FACE_OUTER_BOUND('',#2468,.T.);
#2104=FACE_OUTER_BOUND('',#2469,.T.);
#2105=FACE_OUTER_BOUND('',#2470,.T.);
#2106=FACE_OUTER_BOUND('',#2471,.T.);
#2107=FACE_OUTER_BOUND('',#2472,.T.);
#2108=FACE_OUTER_BOUND('',#2473,.T.);
#2109=FACE_OUTER_BOUND('',#2474,.T.);
#2110=FACE_OUTER_BOUND('',#2475,.T.);
#2111=FACE_OUTER_BOUND('',#2476,.T.);
#2112=FACE_OUTER_BOUND('',#2477,.T.);
#2113=FACE_OUTER_BOUND('',#2479,.T.);
#2114=EDGE_LOOP('',(#2481));
#2115=EDGE_LOOP('',(#2482));
#2116=EDGE_LOOP('',(#2483));
#2117=EDGE_LOOP('',(#2484));
#2118=EDGE_LOOP('',(#2485,#2486,#2487,#2488));
#2119=EDGE_LOOP('',(#2489,#2490,#2491,#2492));
#2120=EDGE_LOOP('',(#2493,#2494,#2495,#2496));
#2121=EDGE_LOOP('',(#2497,#2498,#2499,#2500));
#2122=EDGE_LOOP('',(#2501,#2502,#2503,#2504));
#2123=EDGE_LOOP('',(#2505,#2506,#2507,#2508));
#2124=EDGE_LOOP('',(#2509,#2510,#2511,#2512));
#2125=EDGE_LOOP('',(#2513,#2514,#2515,#2516));
#2126=EDGE_LOOP('',(#2517,#2518,#2519,#2520,#2521,#2522,#2523,#2524));
#2127=EDGE_LOOP('',(#2525));
#2128=EDGE_LOOP('',(#2526));
#2129=EDGE_LOOP('',(#2527,#2528,#2529,#2530));
#2130=EDGE_LOOP('',(#2531,#2532,#2533,#2534,#2535,#2536));
#2131=EDGE_LOOP('',(#2537,#2538,#2539,#2540));
#2132=EDGE_LOOP('',(#2541,#2542,#2543,#2544));
#2133=EDGE_LOOP('',(#2545,#2546,#2547,#2548));
#2134=EDGE_LOOP('',(#2549,#2550,#2551,#2552,#2553,#2554,#2555,#2556,#2557,
#2558));
#2135=EDGE_LOOP('',(#2559,#2560,#2561,#2562,#2563,#2564,#2565,#2566,#2567,
#2568));
#2136=EDGE_LOOP('',(#2569,#2570,#2571,#2572,#2573,#2574,#2575,#2576,#2577,
#2578));
#2137=EDGE_LOOP('',(#2579,#2580,#2581,#2582,#2583,#2584,#2585,#2586));
#2138=EDGE_LOOP('',(#2587));
#2139=EDGE_LOOP('',(#2588));
#2140=EDGE_LOOP('',(#2589,#2590,#2591,#2592));
#2141=EDGE_LOOP('',(#2593,#2594,#2595,#2596));
#2142=EDGE_LOOP('',(#2597,#2598,#2599,#2600));
#2143=EDGE_LOOP('',(#2601));
#2144=EDGE_LOOP('',(#2602));
#2145=EDGE_LOOP('',(#2603,#2604,#2605,#2606));
#2146=EDGE_LOOP('',(#2607,#2608,#2609,#2610));
#2147=EDGE_LOOP('',(#2611));
#2148=EDGE_LOOP('',(#2612));
#2149=EDGE_LOOP('',(#2613,#2614,#2615,#2616));
#2150=EDGE_LOOP('',(#2617,#2618,#2619,#2620));
#2151=EDGE_LOOP('',(#2621,#2622,#2623,#2624));
#2152=EDGE_LOOP('',(#2625,#2626,#2627,#2628));
#2153=EDGE_LOOP('',(#2629,#2630,#2631,#2632));
#2154=EDGE_LOOP('',(#2633,#2634,#2635,#2636));
#2155=EDGE_LOOP('',(#2637,#2638,#2639,#2640));
#2156=EDGE_LOOP('',(#2641,#2642,#2643,#2644));
#2157=EDGE_LOOP('',(#2645,#2646,#2647,#2648));
#2158=EDGE_LOOP('',(#2649,#2650,#2651,#2652));
#2159=EDGE_LOOP('',(#2653,#2654,#2655,#2656,#2657,#2658));
#2160=EDGE_LOOP('',(#2659,#2660,#2661,#2662));
#2161=EDGE_LOOP('',(#2663,#2664,#2665,#2666));
#2162=EDGE_LOOP('',(#2667,#2668,#2669,#2670));
#2163=EDGE_LOOP('',(#2671,#2672,#2673,#2674));
#2164=EDGE_LOOP('',(#2675,#2676,#2677,#2678));
#2165=EDGE_LOOP('',(#2679,#2680,#2681,#2682));
#2166=EDGE_LOOP('',(#2683,#2684,#2685,#2686));
#2167=EDGE_LOOP('',(#2687,#2688,#2689,#2690));
#2168=EDGE_LOOP('',(#2691,#2692,#2693,#2694));
#2169=EDGE_LOOP('',(#2695,#2696,#2697,#2698));
#2170=EDGE_LOOP('',(#2699,#2700,#2701,#2702));
#2171=EDGE_LOOP('',(#2703,#2704,#2705,#2706));
#2172=EDGE_LOOP('',(#2707,#2708,#2709,#2710));
#2173=EDGE_LOOP('',(#2711,#2712,#2713,#2714));
#2174=EDGE_LOOP('',(#2715,#2716,#2717,#2718));
#2175=EDGE_LOOP('',(#2719,#2720,#2721,#2722));
#2176=EDGE_LOOP('',(#2723,#2724,#2725,#2726));
#2177=EDGE_LOOP('',(#2727,#2728));
#2178=EDGE_LOOP('',(#2729,#2730));
#2179=EDGE_LOOP('',(#2731,#2732,#2733,#2734));
#2180=EDGE_LOOP('',(#2735,#2736,#2737,#2738));
#2181=EDGE_LOOP('',(#2739,#2740,#2741,#2742));
#2182=EDGE_LOOP('',(#2743,#2744,#2745,#2746));
#2183=EDGE_LOOP('',(#2747,#2748,#2749,#2750));
#2184=EDGE_LOOP('',(#2751,#2752,#2753,#2754));
#2185=EDGE_LOOP('',(#2755,#2756,#2757,#2758));
#2186=EDGE_LOOP('',(#2759,#2760,#2761,#2762));
#2187=EDGE_LOOP('',(#2763,#2764,#2765,#2766));
#2188=EDGE_LOOP('',(#2767,#2768,#2769,#2770));
#2189=EDGE_LOOP('',(#2771,#2772,#2773,#2774,#2775,#2776,#2777,#2778,#2779,
#2780));
#2190=EDGE_LOOP('',(#2781,#2782,#2783,#2784));
#2191=EDGE_LOOP('',(#2785,#2786,#2787,#2788));
#2192=EDGE_LOOP('',(#2789,#2790,#2791,#2792));
#2193=EDGE_LOOP('',(#2793,#2794,#2795,#2796));
#2194=EDGE_LOOP('',(#2797,#2798,#2799,#2800));
#2195=EDGE_LOOP('',(#2801,#2802,#2803,#2804));
#2196=EDGE_LOOP('',(#2805,#2806,#2807,#2808));
#2197=EDGE_LOOP('',(#2809,#2810,#2811,#2812));
#2198=EDGE_LOOP('',(#2813,#2814,#2815,#2816));
#2199=EDGE_LOOP('',(#2817,#2818,#2819,#2820));
#2200=EDGE_LOOP('',(#2821,#2822,#2823,#2824,#2825,#2826,#2827,#2828,#2829,
#2830));
#2201=EDGE_LOOP('',(#2831,#2832,#2833,#2834));
#2202=EDGE_LOOP('',(#2835,#2836,#2837,#2838));
#2203=EDGE_LOOP('',(#2839,#2840,#2841,#2842));
#2204=EDGE_LOOP('',(#2843,#2844,#2845,#2846));
#2205=EDGE_LOOP('',(#2847,#2848,#2849,#2850));
#2206=EDGE_LOOP('',(#2851,#2852,#2853,#2854));
#2207=EDGE_LOOP('',(#2855,#2856,#2857,#2858));
#2208=EDGE_LOOP('',(#2859,#2860,#2861,#2862));
#2209=EDGE_LOOP('',(#2863,#2864,#2865,#2866));
#2210=EDGE_LOOP('',(#2867,#2868,#2869,#2870));
#2211=EDGE_LOOP('',(#2871,#2872,#2873,#2874));
#2212=EDGE_LOOP('',(#2875,#2876,#2877,#2878));
#2213=EDGE_LOOP('',(#2879,#2880,#2881,#2882));
#2214=EDGE_LOOP('',(#2883,#2884,#2885,#2886,#2887,#2888,#2889,#2890,#2891,
#2892));
#2215=EDGE_LOOP('',(#2893,#2894,#2895));
#2216=EDGE_LOOP('',(#2896,#2897,#2898));
#2217=EDGE_LOOP('',(#2899,#2900,#2901,#2902));
#2218=EDGE_LOOP('',(#2903,#2904,#2905,#2906));
#2219=EDGE_LOOP('',(#2907,#2908,#2909,#2910));
#2220=EDGE_LOOP('',(#2911,#2912,#2913,#2914));
#2221=EDGE_LOOP('',(#2915,#2916,#2917,#2918));
#2222=EDGE_LOOP('',(#2919,#2920,#2921,#2922));
#2223=EDGE_LOOP('',(#2923,#2924,#2925,#2926));
#2224=EDGE_LOOP('',(#2927,#2928,#2929,#2930));
#2225=EDGE_LOOP('',(#2931,#2932,#2933,#2934,#2935,#2936,#2937,#2938));
#2226=EDGE_LOOP('',(#2939));
#2227=EDGE_LOOP('',(#2940));
#2228=EDGE_LOOP('',(#2941,#2942,#2943,#2944,#2945,#2946,#2947,#2948));
#2229=EDGE_LOOP('',(#2949));
#2230=EDGE_LOOP('',(#2950));
#2231=EDGE_LOOP('',(#2951,#2952,#2953,#2954));
#2232=EDGE_LOOP('',(#2955,#2956,#2957,#2958));
#2233=EDGE_LOOP('',(#2959,#2960,#2961,#2962));
#2234=EDGE_LOOP('',(#2963));
#2235=EDGE_LOOP('',(#2964,#2965,#2966,#2967));
#2236=EDGE_LOOP('',(#2968,#2969,#2970,#2971));
#2237=EDGE_LOOP('',(#2972));
#2238=EDGE_LOOP('',(#2973));
#2239=EDGE_LOOP('',(#2974));
#2240=EDGE_LOOP('',(#2975));
#2241=EDGE_LOOP('',(#2976,#2977,#2978,#2979));
#2242=EDGE_LOOP('',(#2980,#2981,#2982,#2983));
#2243=EDGE_LOOP('',(#2984,#2985,#2986,#2987));
#2244=EDGE_LOOP('',(#2988));
#2245=EDGE_LOOP('',(#2989,#2990,#2991,#2992));
#2246=EDGE_LOOP('',(#2993,#2994,#2995,#2996));
#2247=EDGE_LOOP('',(#2997,#2998,#2999,#3000));
#2248=EDGE_LOOP('',(#3001,#3002,#3003,#3004));
#2249=EDGE_LOOP('',(#3005,#3006,#3007,#3008));
#2250=EDGE_LOOP('',(#3009,#3010,#3011,#3012));
#2251=EDGE_LOOP('',(#3013));
#2252=EDGE_LOOP('',(#3014,#3015,#3016,#3017));
#2253=EDGE_LOOP('',(#3018,#3019,#3020,#3021));
#2254=EDGE_LOOP('',(#3022,#3023,#3024,#3025));
#2255=EDGE_LOOP('',(#3026,#3027,#3028,#3029));
#2256=EDGE_LOOP('',(#3030,#3031,#3032,#3033));
#2257=EDGE_LOOP('',(#3034,#3035,#3036,#3037));
#2258=EDGE_LOOP('',(#3038,#3039,#3040,#3041));
#2259=EDGE_LOOP('',(#3042));
#2260=EDGE_LOOP('',(#3043,#3044,#3045,#3046));
#2261=EDGE_LOOP('',(#3047,#3048,#3049,#3050));
#2262=EDGE_LOOP('',(#3051,#3052,#3053,#3054));
#2263=EDGE_LOOP('',(#3055,#3056,#3057,#3058));
#2264=EDGE_LOOP('',(#3059,#3060,#3061,#3062,#3063,#3064,#3065,#3066));
#2265=EDGE_LOOP('',(#3067,#3068,#3069,#3070,#3071,#3072,#3073,#3074));
#2266=EDGE_LOOP('',(#3075,#3076,#3077,#3078,#3079,#3080,#3081,#3082));
#2267=EDGE_LOOP('',(#3083,#3084,#3085,#3086,#3087,#3088,#3089,#3090));
#2268=EDGE_LOOP('',(#3091,#3092,#3093,#3094));
#2269=EDGE_LOOP('',(#3095,#3096,#3097,#3098));
#2270=EDGE_LOOP('',(#3099));
#2271=EDGE_LOOP('',(#3100));
#2272=EDGE_LOOP('',(#3101,#3102,#3103,#3104));
#2273=EDGE_LOOP('',(#3105,#3106,#3107,#3108));
#2274=EDGE_LOOP('',(#3109));
#2275=EDGE_LOOP('',(#3110));
#2276=EDGE_LOOP('',(#3111));
#2277=EDGE_LOOP('',(#3112));
#2278=EDGE_LOOP('',(#3113,#3114,#3115,#3116,#3117,#3118,#3119,#3120));
#2279=EDGE_LOOP('',(#3121,#3122,#3123,#3124));
#2280=EDGE_LOOP('',(#3125,#3126,#3127,#3128));
#2281=EDGE_LOOP('',(#3129,#3130,#3131,#3132));
#2282=EDGE_LOOP('',(#3133,#3134,#3135,#3136,#3137,#3138));
#2283=EDGE_LOOP('',(#3139,#3140,#3141,#3142));
#2284=EDGE_LOOP('',(#3143,#3144,#3145,#3146,#3147));
#2285=EDGE_LOOP('',(#3148,#3149,#3150,#3151));
#2286=EDGE_LOOP('',(#3152,#3153,#3154,#3155,#3156,#3157,#3158,#3159,#3160,
#3161,#3162,#3163));
#2287=EDGE_LOOP('',(#3164,#3165,#3166,#3167));
#2288=EDGE_LOOP('',(#3168,#3169,#3170,#3171));
#2289=EDGE_LOOP('',(#3172,#3173,#3174,#3175));
#2290=EDGE_LOOP('',(#3176,#3177,#3178,#3179));
#2291=EDGE_LOOP('',(#3180,#3181,#3182,#3183));
#2292=EDGE_LOOP('',(#3184,#3185,#3186,#3187));
#2293=EDGE_LOOP('',(#3188,#3189,#3190,#3191,#3192,#3193,#3194,#3195,#3196));
#2294=EDGE_LOOP('',(#3197,#3198,#3199,#3200));
#2295=EDGE_LOOP('',(#3201,#3202,#3203,#3204,#3205,#3206,#3207,#3208,#3209,
#3210,#3211,#3212,#3213,#3214,#3215,#3216,#3217,#3218,#3219,#3220,#3221));
#2296=EDGE_LOOP('',(#3222,#3223,#3224,#3225));
#2297=EDGE_LOOP('',(#3226,#3227,#3228,#3229));
#2298=EDGE_LOOP('',(#3230,#3231,#3232,#3233,#3234,#3235,#3236,#3237));
#2299=EDGE_LOOP('',(#3238,#3239,#3240,#3241));
#2300=EDGE_LOOP('',(#3242,#3243,#3244,#3245));
#2301=EDGE_LOOP('',(#3246,#3247,#3248,#3249));
#2302=EDGE_LOOP('',(#3250,#3251,#3252,#3253,#3254,#3255,#3256,#3257));
#2303=EDGE_LOOP('',(#3258,#3259,#3260,#3261));
#2304=EDGE_LOOP('',(#3262,#3263,#3264,#3265,#3266,#3267,#3268,#3269));
#2305=EDGE_LOOP('',(#3270,#3271,#3272,#3273));
#2306=EDGE_LOOP('',(#3274,#3275,#3276,#3277,#3278,#3279,#3280,#3281));
#2307=EDGE_LOOP('',(#3282,#3283,#3284,#3285,#3286));
#2308=EDGE_LOOP('',(#3287,#3288,#3289,#3290,#3291,#3292));
#2309=EDGE_LOOP('',(#3293,#3294,#3295,#3296,#3297,#3298,#3299,#3300));
#2310=EDGE_LOOP('',(#3301,#3302,#3303,#3304));
#2311=EDGE_LOOP('',(#3305,#3306,#3307));
#2312=EDGE_LOOP('',(#3308,#3309,#3310,#3311,#3312,#3313,#3314,#3315));
#2313=EDGE_LOOP('',(#3316,#3317,#3318));
#2314=EDGE_LOOP('',(#3319,#3320,#3321,#3322));
#2315=EDGE_LOOP('',(#3323,#3324,#3325,#3326,#3327,#3328,#3329,#3330));
#2316=EDGE_LOOP('',(#3331,#3332,#3333,#3334,#3335,#3336));
#2317=EDGE_LOOP('',(#3337,#3338,#3339,#3340,#3341));
#2318=EDGE_LOOP('',(#3342,#3343,#3344,#3345,#3346,#3347,#3348,#3349,#3350));
#2319=EDGE_LOOP('',(#3351,#3352,#3353,#3354));
#2320=EDGE_LOOP('',(#3355,#3356,#3357,#3358));
#2321=EDGE_LOOP('',(#3359,#3360,#3361,#3362));
#2322=EDGE_LOOP('',(#3363,#3364,#3365,#3366));
#2323=EDGE_LOOP('',(#3367,#3368,#3369,#3370));
#2324=EDGE_LOOP('',(#3371,#3372,#3373,#3374));
#2325=EDGE_LOOP('',(#3375,#3376,#3377,#3378));
#2326=EDGE_LOOP('',(#3379,#3380,#3381,#3382));
#2327=EDGE_LOOP('',(#3383,#3384,#3385,#3386));
#2328=EDGE_LOOP('',(#3387,#3388,#3389,#3390));
#2329=EDGE_LOOP('',(#3391,#3392,#3393,#3394));
#2330=EDGE_LOOP('',(#3395,#3396,#3397,#3398,#3399,#3400,#3401,#3402));
#2331=EDGE_LOOP('',(#3403,#3404,#3405,#3406));
#2332=EDGE_LOOP('',(#3407,#3408,#3409,#3410));
#2333=EDGE_LOOP('',(#3411,#3412,#3413,#3414,#3415,#3416,#3417,#3418));
#2334=EDGE_LOOP('',(#3419,#3420,#3421,#3422));
#2335=EDGE_LOOP('',(#3423,#3424,#3425,#3426));
#2336=EDGE_LOOP('',(#3427,#3428,#3429,#3430));
#2337=EDGE_LOOP('',(#3431,#3432,#3433,#3434));
#2338=EDGE_LOOP('',(#3435,#3436,#3437,#3438));
#2339=EDGE_LOOP('',(#3439,#3440,#3441,#3442));
#2340=EDGE_LOOP('',(#3443,#3444,#3445,#3446));
#2341=EDGE_LOOP('',(#3447,#3448,#3449,#3450));
#2342=EDGE_LOOP('',(#3451,#3452,#3453,#3454));
#2343=EDGE_LOOP('',(#3455,#3456,#3457,#3458));
#2344=EDGE_LOOP('',(#3459,#3460,#3461,#3462));
#2345=EDGE_LOOP('',(#3463,#3464,#3465,#3466));
#2346=EDGE_LOOP('',(#3467,#3468,#3469,#3470));
#2347=EDGE_LOOP('',(#3471,#3472,#3473,#3474));
#2348=EDGE_LOOP('',(#3475,#3476,#3477,#3478));
#2349=EDGE_LOOP('',(#3479,#3480,#3481,#3482));
#2350=EDGE_LOOP('',(#3483,#3484,#3485,#3486,#3487,#3488));
#2351=EDGE_LOOP('',(#3489,#3490,#3491,#3492));
#2352=EDGE_LOOP('',(#3493,#3494,#3495,#3496,#3497,#3498));
#2353=EDGE_LOOP('',(#3499,#3500,#3501,#3502));
#2354=EDGE_LOOP('',(#3503,#3504,#3505,#3506));
#2355=EDGE_LOOP('',(#3507,#3508,#3509,#3510));
#2356=EDGE_LOOP('',(#3511,#3512,#3513,#3514));
#2357=EDGE_LOOP('',(#3515,#3516,#3517,#3518));
#2358=EDGE_LOOP('',(#3519,#3520,#3521,#3522));
#2359=EDGE_LOOP('',(#3523,#3524,#3525,#3526));
#2360=EDGE_LOOP('',(#3527,#3528,#3529,#3530));
#2361=EDGE_LOOP('',(#3531,#3532,#3533,#3534));
#2362=EDGE_LOOP('',(#3535,#3536,#3537,#3538));
#2363=EDGE_LOOP('',(#3539,#3540,#3541,#3542));
#2364=EDGE_LOOP('',(#3543,#3544,#3545,#3546));
#2365=EDGE_LOOP('',(#3547,#3548,#3549,#3550));
#2366=EDGE_LOOP('',(#3551,#3552,#3553,#3554));
#2367=EDGE_LOOP('',(#3555,#3556,#3557,#3558));
#2368=EDGE_LOOP('',(#3559,#3560,#3561,#3562));
#2369=EDGE_LOOP('',(#3563,#3564,#3565,#3566));
#2370=EDGE_LOOP('',(#3567,#3568,#3569,#3570));
#2371=EDGE_LOOP('',(#3571,#3572,#3573,#3574));
#2372=EDGE_LOOP('',(#3575,#3576,#3577,#3578));
#2373=EDGE_LOOP('',(#3579,#3580,#3581,#3582));
#2374=EDGE_LOOP('',(#3583,#3584,#3585,#3586));
#2375=EDGE_LOOP('',(#3587,#3588,#3589,#3590));
#2376=EDGE_LOOP('',(#3591,#3592,#3593,#3594));
#2377=EDGE_LOOP('',(#3595,#3596,#3597,#3598,#3599,#3600));
#2378=EDGE_LOOP('',(#3601,#3602,#3603,#3604,#3605,#3606,#3607,#3608,#3609,
#3610));
#2379=EDGE_LOOP('',(#3611,#3612,#3613,#3614));
#2380=EDGE_LOOP('',(#3615,#3616,#3617,#3618,#3619,#3620));
#2381=EDGE_LOOP('',(#3621,#3622,#3623,#3624));
#2382=EDGE_LOOP('',(#3625,#3626,#3627,#3628));
#2383=EDGE_LOOP('',(#3629,#3630,#3631,#3632));
#2384=EDGE_LOOP('',(#3633,#3634,#3635,#3636));
#2385=EDGE_LOOP('',(#3637,#3638,#3639,#3640,#3641,#3642,#3643,#3644,#3645,
#3646));
#2386=EDGE_LOOP('',(#3647,#3648,#3649,#3650,#3651,#3652,#3653,#3654,#3655,
#3656,#3657,#3658));
#2387=EDGE_LOOP('',(#3659,#3660,#3661));
#2388=EDGE_LOOP('',(#3662,#3663,#3664,#3665,#3666,#3667,#3668,#3669,#3670,
#3671));
#2389=EDGE_LOOP('',(#3672,#3673,#3674,#3675));
#2390=EDGE_LOOP('',(#3676,#3677,#3678,#3679));
#2391=EDGE_LOOP('',(#3680,#3681,#3682,#3683));
#2392=EDGE_LOOP('',(#3684,#3685,#3686,#3687,#3688,#3689,#3690,#3691,#3692,
#3693));
#2393=EDGE_LOOP('',(#3694,#3695,#3696,#3697));
#2394=EDGE_LOOP('',(#3698,#3699,#3700,#3701));
#2395=EDGE_LOOP('',(#3702,#3703,#3704,#3705));
#2396=EDGE_LOOP('',(#3706,#3707,#3708,#3709,#3710,#3711,#3712,#3713));
#2397=EDGE_LOOP('',(#3714,#3715,#3716,#3717));
#2398=EDGE_LOOP('',(#3718,#3719,#3720,#3721,#3722,#3723,#3724,#3725));
#2399=EDGE_LOOP('',(#3726,#3727,#3728,#3729));
#2400=EDGE_LOOP('',(#3730,#3731,#3732,#3733));
#2401=EDGE_LOOP('',(#3734,#3735,#3736,#3737));
#2402=EDGE_LOOP('',(#3738,#3739,#3740,#3741));
#2403=EDGE_LOOP('',(#3742,#3743,#3744,#3745));
#2404=EDGE_LOOP('',(#3746,#3747,#3748,#3749));
#2405=EDGE_LOOP('',(#3750,#3751,#3752,#3753));
#2406=EDGE_LOOP('',(#3754,#3755,#3756,#3757));
#2407=EDGE_LOOP('',(#3758,#3759,#3760,#3761));
#2408=EDGE_LOOP('',(#3762,#3763,#3764,#3765));
#2409=EDGE_LOOP('',(#3766,#3767,#3768,#3769));
#2410=EDGE_LOOP('',(#3770,#3771,#3772,#3773));
#2411=EDGE_LOOP('',(#3774,#3775,#3776,#3777));
#2412=EDGE_LOOP('',(#3778,#3779,#3780,#3781));
#2413=EDGE_LOOP('',(#3782,#3783,#3784,#3785));
#2414=EDGE_LOOP('',(#3786,#3787,#3788,#3789));
#2415=EDGE_LOOP('',(#3790,#3791,#3792,#3793,#3794,#3795,#3796,#3797));
#2416=EDGE_LOOP('',(#3798,#3799,#3800,#3801));
#2417=EDGE_LOOP('',(#3802,#3803,#3804,#3805));
#2418=EDGE_LOOP('',(#3806,#3807,#3808,#3809));
#2419=EDGE_LOOP('',(#3810,#3811,#3812,#3813,#3814,#3815,#3816,#3817));
#2420=EDGE_LOOP('',(#3818,#3819,#3820,#3821));
#2421=EDGE_LOOP('',(#3822,#3823,#3824,#3825));
#2422=EDGE_LOOP('',(#3826,#3827,#3828,#3829));
#2423=EDGE_LOOP('',(#3830,#3831,#3832,#3833));
#2424=EDGE_LOOP('',(#3834,#3835,#3836,#3837,#3838,#3839,#3840,#3841,#3842,
#3843));
#2425=EDGE_LOOP('',(#3844,#3845,#3846,#3847,#3848,#3849,#3850,#3851,#3852,
#3853));
#2426=EDGE_LOOP('',(#3854,#3855,#3856));
#2427=EDGE_LOOP('',(#3857,#3858,#3859,#3860));
#2428=EDGE_LOOP('',(#3861,#3862,#3863,#3864,#3865,#3866,#3867,#3868,#3869,
#3870));
#2429=EDGE_LOOP('',(#3871,#3872,#3873,#3874));
#2430=EDGE_LOOP('',(#3875,#3876,#3877,#3878));
#2431=EDGE_LOOP('',(#3879,#3880,#3881,#3882,#3883,#3884,#3885,#3886,#3887,
#3888));
#2432=EDGE_LOOP('',(#3889,#3890,#3891,#3892));
#2433=EDGE_LOOP('',(#3893,#3894,#3895,#3896));
#2434=EDGE_LOOP('',(#3897,#3898,#3899,#3900,#3901,#3902,#3903,#3904));
#2435=EDGE_LOOP('',(#3905,#3906,#3907,#3908));
#2436=EDGE_LOOP('',(#3909,#3910,#3911,#3912));
#2437=EDGE_LOOP('',(#3913,#3914,#3915,#3916,#3917,#3918,#3919,#3920));
#2438=EDGE_LOOP('',(#3921,#3922,#3923,#3924));
#2439=EDGE_LOOP('',(#3925,#3926,#3927,#3928,#3929,#3930,#3931,#3932,#3933,
#3934));
#2440=EDGE_LOOP('',(#3935,#3936,#3937,#3938));
#2441=EDGE_LOOP('',(#3939,#3940,#3941,#3942));
#2442=EDGE_LOOP('',(#3943,#3944,#3945,#3946,#3947,#3948,#3949,#3950,#3951,
#3952));
#2443=EDGE_LOOP('',(#3953,#3954,#3955,#3956));
#2444=EDGE_LOOP('',(#3957,#3958,#3959,#3960));
#2445=EDGE_LOOP('',(#3961,#3962,#3963,#3964));
#2446=EDGE_LOOP('',(#3965,#3966,#3967,#3968));
#2447=EDGE_LOOP('',(#3969,#3970,#3971,#3972));
#2448=EDGE_LOOP('',(#3973,#3974,#3975,#3976));
#2449=EDGE_LOOP('',(#3977,#3978,#3979,#3980));
#2450=EDGE_LOOP('',(#3981,#3982,#3983,#3984));
#2451=EDGE_LOOP('',(#3985,#3986,#3987,#3988));
#2452=EDGE_LOOP('',(#3989,#3990,#3991,#3992));
#2453=EDGE_LOOP('',(#3993,#3994,#3995,#3996));
#2454=EDGE_LOOP('',(#3997,#3998,#3999,#4000));
#2455=EDGE_LOOP('',(#4001,#4002,#4003,#4004));
#2456=EDGE_LOOP('',(#4005,#4006,#4007,#4008,#4009,#4010,#4011,#4012));
#2457=EDGE_LOOP('',(#4013));
#2458=EDGE_LOOP('',(#4014));
#2459=EDGE_LOOP('',(#4015));
#2460=EDGE_LOOP('',(#4016));
#2461=EDGE_LOOP('',(#4017,#4018,#4019,#4020,#4021,#4022,#4023,#4024));
#2462=EDGE_LOOP('',(#4025));
#2463=EDGE_LOOP('',(#4026));
#2464=EDGE_LOOP('',(#4027));
#2465=EDGE_LOOP('',(#4028));
#2466=EDGE_LOOP('',(#4029,#4030,#4031,#4032));
#2467=EDGE_LOOP('',(#4033,#4034,#4035,#4036));
#2468=EDGE_LOOP('',(#4037,#4038,#4039,#4040));
#2469=EDGE_LOOP('',(#4041,#4042,#4043,#4044));
#2470=EDGE_LOOP('',(#4045,#4046,#4047,#4048));
#2471=EDGE_LOOP('',(#4049,#4050,#4051,#4052));
#2472=EDGE_LOOP('',(#4053,#4054,#4055,#4056));
#2473=EDGE_LOOP('',(#4057,#4058,#4059,#4060));
#2474=EDGE_LOOP('',(#4061,#4062,#4063,#4064));
#2475=EDGE_LOOP('',(#4065,#4066,#4067,#4068));
#2476=EDGE_LOOP('',(#4069,#4070,#4071,#4072));
#2477=EDGE_LOOP('',(#4073));
#2478=EDGE_LOOP('',(#4074));
#2479=EDGE_LOOP('',(#4075));
#2480=EDGE_LOOP('',(#4076));
#2481=ORIENTED_EDGE('',*,*,#4077,.F.);
#2482=ORIENTED_EDGE('',*,*,#4078,.T.);
#2483=ORIENTED_EDGE('',*,*,#4079,.F.);
#2484=ORIENTED_EDGE('',*,*,#4080,.T.);
#2485=ORIENTED_EDGE('',*,*,#4081,.T.);
#2486=ORIENTED_EDGE('',*,*,#4082,.T.);
#2487=ORIENTED_EDGE('',*,*,#4083,.F.);
#2488=ORIENTED_EDGE('',*,*,#4084,.F.);
#2489=ORIENTED_EDGE('',*,*,#4085,.T.);
#2490=ORIENTED_EDGE('',*,*,#4086,.T.);
#2491=ORIENTED_EDGE('',*,*,#4087,.F.);
#2492=ORIENTED_EDGE('',*,*,#4082,.F.);
#2493=ORIENTED_EDGE('',*,*,#4088,.T.);
#2494=ORIENTED_EDGE('',*,*,#4089,.T.);
#2495=ORIENTED_EDGE('',*,*,#4090,.F.);
#2496=ORIENTED_EDGE('',*,*,#4086,.F.);
#2497=ORIENTED_EDGE('',*,*,#4091,.T.);
#2498=ORIENTED_EDGE('',*,*,#4092,.T.);
#2499=ORIENTED_EDGE('',*,*,#4093,.F.);
#2500=ORIENTED_EDGE('',*,*,#4089,.F.);
#2501=ORIENTED_EDGE('',*,*,#4094,.T.);
#2502=ORIENTED_EDGE('',*,*,#4095,.T.);
#2503=ORIENTED_EDGE('',*,*,#4096,.F.);
#2504=ORIENTED_EDGE('',*,*,#4092,.F.);
#2505=ORIENTED_EDGE('',*,*,#4097,.T.);
#2506=ORIENTED_EDGE('',*,*,#4098,.T.);
#2507=ORIENTED_EDGE('',*,*,#4099,.F.);
#2508=ORIENTED_EDGE('',*,*,#4095,.F.);
#2509=ORIENTED_EDGE('',*,*,#4100,.T.);
#2510=ORIENTED_EDGE('',*,*,#4101,.T.);
#2511=ORIENTED_EDGE('',*,*,#4102,.F.);
#2512=ORIENTED_EDGE('',*,*,#4098,.F.);
#2513=ORIENTED_EDGE('',*,*,#4103,.T.);
#2514=ORIENTED_EDGE('',*,*,#4084,.T.);
#2515=ORIENTED_EDGE('',*,*,#4104,.F.);
#2516=ORIENTED_EDGE('',*,*,#4101,.F.);
#2517=ORIENTED_EDGE('',*,*,#4103,.F.);
#2518=ORIENTED_EDGE('',*,*,#4100,.F.);
#2519=ORIENTED_EDGE('',*,*,#4097,.F.);
#2520=ORIENTED_EDGE('',*,*,#4094,.F.);
#2521=ORIENTED_EDGE('',*,*,#4091,.F.);
#2522=ORIENTED_EDGE('',*,*,#4088,.F.);
#2523=ORIENTED_EDGE('',*,*,#4085,.F.);
#2524=ORIENTED_EDGE('',*,*,#4081,.F.);
#2525=ORIENTED_EDGE('',*,*,#4078,.F.);
#2526=ORIENTED_EDGE('',*,*,#4080,.F.);
#2527=ORIENTED_EDGE('',*,*,#4116,.F.);
#2528=ORIENTED_EDGE('',*,*,#4117,.F.);
#2529=ORIENTED_EDGE('',*,*,#4118,.F.);
#2530=ORIENTED_EDGE('',*,*,#4115,.F.);
#2531=ORIENTED_EDGE('',*,*,#4127,.T.);
#2532=ORIENTED_EDGE('',*,*,#4131,.T.);
#2533=ORIENTED_EDGE('',*,*,#4134,.T.);
#2534=ORIENTED_EDGE('',*,*,#4137,.T.);
#2535=ORIENTED_EDGE('',*,*,#4140,.T.);
#2536=ORIENTED_EDGE('',*,*,#4143,.T.);
#2537=ORIENTED_EDGE('',*,*,#4153,.T.);
#2538=ORIENTED_EDGE('',*,*,#4154,.T.);
#2539=ORIENTED_EDGE('',*,*,#4155,.T.);
#2540=ORIENTED_EDGE('',*,*,#4156,.T.);
#2541=ORIENTED_EDGE('',*,*,#4165,.T.);
#2542=ORIENTED_EDGE('',*,*,#4166,.T.);
#2543=ORIENTED_EDGE('',*,*,#4167,.T.);
#2544=ORIENTED_EDGE('',*,*,#4168,.T.);
#2545=ORIENTED_EDGE('',*,*,#4169,.T.);
#2546=ORIENTED_EDGE('',*,*,#4173,.T.);
#2547=ORIENTED_EDGE('',*,*,#4185,.T.);
#2548=ORIENTED_EDGE('',*,*,#4178,.T.);
#2549=ORIENTED_EDGE('',*,*,#4187,.T.);
#2550=ORIENTED_EDGE('',*,*,#4209,.T.);
#2551=ORIENTED_EDGE('',*,*,#4210,.T.);
#2552=ORIENTED_EDGE('',*,*,#4211,.T.);
#2553=ORIENTED_EDGE('',*,*,#4197,.T.);
#2554=ORIENTED_EDGE('',*,*,#4212,.T.);
#2555=ORIENTED_EDGE('',*,*,#4213,.T.);
#2556=ORIENTED_EDGE('',*,*,#4214,.T.);
#2557=ORIENTED_EDGE('',*,*,#4215,.T.);
#2558=ORIENTED_EDGE('',*,*,#4216,.T.);
#2559=ORIENTED_EDGE('',*,*,#4217,.T.);
#2560=ORIENTED_EDGE('',*,*,#4239,.T.);
#2561=ORIENTED_EDGE('',*,*,#4240,.T.);
#2562=ORIENTED_EDGE('',*,*,#4241,.T.);
#2563=ORIENTED_EDGE('',*,*,#4227,.T.);
#2564=ORIENTED_EDGE('',*,*,#4242,.T.);
#2565=ORIENTED_EDGE('',*,*,#4243,.T.);
#2566=ORIENTED_EDGE('',*,*,#4244,.T.);
#2567=ORIENTED_EDGE('',*,*,#4245,.T.);
#2568=ORIENTED_EDGE('',*,*,#4246,.T.);
#2569=ORIENTED_EDGE('',*,*,#4247,.T.);
#2570=ORIENTED_EDGE('',*,*,#4251,.T.);
#2571=ORIENTED_EDGE('',*,*,#4254,.T.);
#2572=ORIENTED_EDGE('',*,*,#4257,.T.);
#2573=ORIENTED_EDGE('',*,*,#4260,.T.);
#2574=ORIENTED_EDGE('',*,*,#4263,.T.);
#2575=ORIENTED_EDGE('',*,*,#4283,.T.);
#2576=ORIENTED_EDGE('',*,*,#4268,.T.);
#2577=ORIENTED_EDGE('',*,*,#4284,.T.);
#2578=ORIENTED_EDGE('',*,*,#4273,.T.);
#2579=ORIENTED_EDGE('',*,*,#4083,.T.);
#2580=ORIENTED_EDGE('',*,*,#4087,.T.);
#2581=ORIENTED_EDGE('',*,*,#4090,.T.);
#2582=ORIENTED_EDGE('',*,*,#4093,.T.);
#2583=ORIENTED_EDGE('',*,*,#4096,.T.);
#2584=ORIENTED_EDGE('',*,*,#4099,.T.);
#2585=ORIENTED_EDGE('',*,*,#4102,.T.);
#2586=ORIENTED_EDGE('',*,*,#4104,.T.);
#2587=ORIENTED_EDGE('',*,*,#4105,.F.);
#2588=ORIENTED_EDGE('',*,*,#4110,.F.);
#2589=ORIENTED_EDGE('',*,*,#4122,.T.);
#2590=ORIENTED_EDGE('',*,*,#4121,.T.);
#2591=ORIENTED_EDGE('',*,*,#4120,.T.);
#2592=ORIENTED_EDGE('',*,*,#4119,.T.);
#2593=ORIENTED_EDGE('',*,*,#4105,.T.);
#2594=ORIENTED_EDGE('',*,*,#4106,.T.);
#2595=ORIENTED_EDGE('',*,*,#4107,.F.);
#2596=ORIENTED_EDGE('',*,*,#4106,.F.);
#2597=ORIENTED_EDGE('',*,*,#4077,.T.);
#2598=ORIENTED_EDGE('',*,*,#4108,.T.);
#2599=ORIENTED_EDGE('',*,*,#4109,.F.);
#2600=ORIENTED_EDGE('',*,*,#4108,.F.);
#2601=ORIENTED_EDGE('',*,*,#4107,.T.);
#2602=ORIENTED_EDGE('',*,*,#4109,.T.);
#2603=ORIENTED_EDGE('',*,*,#4110,.T.);
#2604=ORIENTED_EDGE('',*,*,#4111,.T.);
#2605=ORIENTED_EDGE('',*,*,#4112,.F.);
#2606=ORIENTED_EDGE('',*,*,#4111,.F.);
#2607=ORIENTED_EDGE('',*,*,#4079,.T.);
#2608=ORIENTED_EDGE('',*,*,#4113,.T.);
#2609=ORIENTED_EDGE('',*,*,#4114,.F.);
#2610=ORIENTED_EDGE('',*,*,#4113,.F.);
#2611=ORIENTED_EDGE('',*,*,#4112,.T.);
#2612=ORIENTED_EDGE('',*,*,#4114,.T.);
#2613=ORIENTED_EDGE('',*,*,#4115,.T.);
#2614=ORIENTED_EDGE('',*,*,#4124,.T.);
#2615=ORIENTED_EDGE('',*,*,#4119,.F.);
#2616=ORIENTED_EDGE('',*,*,#4123,.F.);
#2617=ORIENTED_EDGE('',*,*,#4116,.T.);
#2618=ORIENTED_EDGE('',*,*,#4123,.T.);
#2619=ORIENTED_EDGE('',*,*,#4120,.F.);
#2620=ORIENTED_EDGE('',*,*,#4125,.F.);
#2621=ORIENTED_EDGE('',*,*,#4126,.F.);
#2622=ORIENTED_EDGE('',*,*,#4117,.T.);
#2623=ORIENTED_EDGE('',*,*,#4125,.T.);
#2624=ORIENTED_EDGE('',*,*,#4121,.F.);
#2625=ORIENTED_EDGE('',*,*,#4118,.T.);
#2626=ORIENTED_EDGE('',*,*,#4126,.T.);
#2627=ORIENTED_EDGE('',*,*,#4122,.F.);
#2628=ORIENTED_EDGE('',*,*,#4124,.F.);
#2629=ORIENTED_EDGE('',*,*,#4130,.T.);
#2630=ORIENTED_EDGE('',*,*,#4129,.T.);
#2631=ORIENTED_EDGE('',*,*,#4128,.F.);
#2632=ORIENTED_EDGE('',*,*,#4127,.F.);
#2633=ORIENTED_EDGE('',*,*,#4128,.T.);
#2634=ORIENTED_EDGE('',*,*,#4133,.T.);
#2635=ORIENTED_EDGE('',*,*,#4132,.F.);
#2636=ORIENTED_EDGE('',*,*,#4131,.F.);
#2637=ORIENTED_EDGE('',*,*,#4132,.T.);
#2638=ORIENTED_EDGE('',*,*,#4136,.T.);
#2639=ORIENTED_EDGE('',*,*,#4135,.F.);
#2640=ORIENTED_EDGE('',*,*,#4134,.F.);
#2641=ORIENTED_EDGE('',*,*,#4135,.T.);
#2642=ORIENTED_EDGE('',*,*,#4139,.T.);
#2643=ORIENTED_EDGE('',*,*,#4138,.F.);
#2644=ORIENTED_EDGE('',*,*,#4137,.F.);
#2645=ORIENTED_EDGE('',*,*,#4138,.T.);
#2646=ORIENTED_EDGE('',*,*,#4142,.T.);
#2647=ORIENTED_EDGE('',*,*,#4141,.F.);
#2648=ORIENTED_EDGE('',*,*,#4140,.F.);
#2649=ORIENTED_EDGE('',*,*,#4141,.T.);
#2650=ORIENTED_EDGE('',*,*,#4144,.T.);
#2651=ORIENTED_EDGE('',*,*,#4130,.F.);
#2652=ORIENTED_EDGE('',*,*,#4143,.F.);
#2653=ORIENTED_EDGE('',*,*,#4144,.F.);
#2654=ORIENTED_EDGE('',*,*,#4142,.F.);
#2655=ORIENTED_EDGE('',*,*,#4139,.F.);
#2656=ORIENTED_EDGE('',*,*,#4136,.F.);
#2657=ORIENTED_EDGE('',*,*,#4133,.F.);
#2658=ORIENTED_EDGE('',*,*,#4129,.F.);
#2659=ORIENTED_EDGE('',*,*,#4147,.T.);
#2660=ORIENTED_EDGE('',*,*,#4146,.T.);
#2661=ORIENTED_EDGE('',*,*,#4145,.F.);
#2662=ORIENTED_EDGE('',*,*,#4153,.F.);
#2663=ORIENTED_EDGE('',*,*,#4145,.T.);
#2664=ORIENTED_EDGE('',*,*,#4149,.T.);
#2665=ORIENTED_EDGE('',*,*,#4148,.F.);
#2666=ORIENTED_EDGE('',*,*,#4154,.F.);
#2667=ORIENTED_EDGE('',*,*,#4148,.T.);
#2668=ORIENTED_EDGE('',*,*,#4151,.T.);
#2669=ORIENTED_EDGE('',*,*,#4150,.F.);
#2670=ORIENTED_EDGE('',*,*,#4155,.F.);
#2671=ORIENTED_EDGE('',*,*,#4150,.T.);
#2672=ORIENTED_EDGE('',*,*,#4152,.T.);
#2673=ORIENTED_EDGE('',*,*,#4147,.F.);
#2674=ORIENTED_EDGE('',*,*,#4156,.F.);
#2675=ORIENTED_EDGE('',*,*,#4152,.F.);
#2676=ORIENTED_EDGE('',*,*,#4151,.F.);
#2677=ORIENTED_EDGE('',*,*,#4149,.F.);
#2678=ORIENTED_EDGE('',*,*,#4146,.F.);
#2679=ORIENTED_EDGE('',*,*,#4159,.T.);
#2680=ORIENTED_EDGE('',*,*,#4158,.T.);
#2681=ORIENTED_EDGE('',*,*,#4157,.F.);
#2682=ORIENTED_EDGE('',*,*,#4165,.F.);
#2683=ORIENTED_EDGE('',*,*,#4157,.T.);
#2684=ORIENTED_EDGE('',*,*,#4161,.T.);
#2685=ORIENTED_EDGE('',*,*,#4160,.F.);
#2686=ORIENTED_EDGE('',*,*,#4166,.F.);
#2687=ORIENTED_EDGE('',*,*,#4160,.T.);
#2688=ORIENTED_EDGE('',*,*,#4163,.T.);
#2689=ORIENTED_EDGE('',*,*,#4162,.F.);
#2690=ORIENTED_EDGE('',*,*,#4167,.F.);
#2691=ORIENTED_EDGE('',*,*,#4162,.T.);
#2692=ORIENTED_EDGE('',*,*,#4164,.T.);
#2693=ORIENTED_EDGE('',*,*,#4159,.F.);
#2694=ORIENTED_EDGE('',*,*,#4168,.F.);
#2695=ORIENTED_EDGE('',*,*,#4164,.F.);
#2696=ORIENTED_EDGE('',*,*,#4163,.F.);
#2697=ORIENTED_EDGE('',*,*,#4161,.F.);
#2698=ORIENTED_EDGE('',*,*,#4158,.F.);
#2699=ORIENTED_EDGE('',*,*,#4172,.T.);
#2700=ORIENTED_EDGE('',*,*,#4171,.T.);
#2701=ORIENTED_EDGE('',*,*,#4170,.F.);
#2702=ORIENTED_EDGE('',*,*,#4169,.F.);
#2703=ORIENTED_EDGE('',*,*,#4170,.T.);
#2704=ORIENTED_EDGE('',*,*,#4175,.T.);
#2705=ORIENTED_EDGE('',*,*,#4174,.F.);
#2706=ORIENTED_EDGE('',*,*,#4173,.F.);
#2707=ORIENTED_EDGE('',*,*,#4174,.T.);
#2708=ORIENTED_EDGE('',*,*,#4177,.T.);
#2709=ORIENTED_EDGE('',*,*,#4176,.F.);
#2710=ORIENTED_EDGE('',*,*,#4185,.F.);
#2711=ORIENTED_EDGE('',*,*,#4176,.T.);
#2712=ORIENTED_EDGE('',*,*,#4179,.T.);
#2713=ORIENTED_EDGE('',*,*,#4172,.F.);
#2714=ORIENTED_EDGE('',*,*,#4178,.F.);
#2715=ORIENTED_EDGE('',*,*,#4182,.T.);
#2716=ORIENTED_EDGE('',*,*,#4181,.T.);
#2717=ORIENTED_EDGE('',*,*,#4180,.F.);
#2718=ORIENTED_EDGE('',*,*,#4186,.F.);
#2719=ORIENTED_EDGE('',*,*,#4180,.T.);
#2720=ORIENTED_EDGE('',*,*,#4184,.T.);
#2721=ORIENTED_EDGE('',*,*,#4182,.F.);
#2722=ORIENTED_EDGE('',*,*,#4183,.F.);
#2723=ORIENTED_EDGE('',*,*,#4179,.F.);
#2724=ORIENTED_EDGE('',*,*,#4177,.F.);
#2725=ORIENTED_EDGE('',*,*,#4175,.F.);
#2726=ORIENTED_EDGE('',*,*,#4171,.F.);
#2727=ORIENTED_EDGE('',*,*,#4184,.F.);
#2728=ORIENTED_EDGE('',*,*,#4181,.F.);
#2729=ORIENTED_EDGE('',*,*,#4183,.T.);
#2730=ORIENTED_EDGE('',*,*,#4186,.T.);
#2731=ORIENTED_EDGE('',*,*,#4190,.T.);
#2732=ORIENTED_EDGE('',*,*,#4189,.T.);
#2733=ORIENTED_EDGE('',*,*,#4188,.F.);
#2734=ORIENTED_EDGE('',*,*,#4187,.F.);
#2735=ORIENTED_EDGE('',*,*,#4188,.T.);
#2736=ORIENTED_EDGE('',*,*,#4192,.T.);
#2737=ORIENTED_EDGE('',*,*,#4191,.F.);
#2738=ORIENTED_EDGE('',*,*,#4209,.F.);
#2739=ORIENTED_EDGE('',*,*,#4191,.T.);
#2740=ORIENTED_EDGE('',*,*,#4194,.T.);
#2741=ORIENTED_EDGE('',*,*,#4193,.F.);
#2742=ORIENTED_EDGE('',*,*,#4210,.F.);
#2743=ORIENTED_EDGE('',*,*,#4193,.T.);
#2744=ORIENTED_EDGE('',*,*,#4196,.T.);
#2745=ORIENTED_EDGE('',*,*,#4195,.F.);
#2746=ORIENTED_EDGE('',*,*,#4211,.F.);
#2747=ORIENTED_EDGE('',*,*,#4195,.T.);
#2748=ORIENTED_EDGE('',*,*,#4199,.T.);
#2749=ORIENTED_EDGE('',*,*,#4198,.F.);
#2750=ORIENTED_EDGE('',*,*,#4197,.F.);
#2751=ORIENTED_EDGE('',*,*,#4198,.T.);
#2752=ORIENTED_EDGE('',*,*,#4201,.T.);
#2753=ORIENTED_EDGE('',*,*,#4200,.F.);
#2754=ORIENTED_EDGE('',*,*,#4212,.F.);
#2755=ORIENTED_EDGE('',*,*,#4200,.T.);
#2756=ORIENTED_EDGE('',*,*,#4203,.T.);
#2757=ORIENTED_EDGE('',*,*,#4202,.F.);
#2758=ORIENTED_EDGE('',*,*,#4213,.F.);
#2759=ORIENTED_EDGE('',*,*,#4202,.T.);
#2760=ORIENTED_EDGE('',*,*,#4205,.T.);
#2761=ORIENTED_EDGE('',*,*,#4204,.F.);
#2762=ORIENTED_EDGE('',*,*,#4214,.F.);
#2763=ORIENTED_EDGE('',*,*,#4204,.T.);
#2764=ORIENTED_EDGE('',*,*,#4207,.T.);
#2765=ORIENTED_EDGE('',*,*,#4206,.F.);
#2766=ORIENTED_EDGE('',*,*,#4215,.F.);
#2767=ORIENTED_EDGE('',*,*,#4206,.T.);
#2768=ORIENTED_EDGE('',*,*,#4208,.T.);
#2769=ORIENTED_EDGE('',*,*,#4190,.F.);
#2770=ORIENTED_EDGE('',*,*,#4216,.F.);
#2771=ORIENTED_EDGE('',*,*,#4208,.F.);
#2772=ORIENTED_EDGE('',*,*,#4207,.F.);
#2773=ORIENTED_EDGE('',*,*,#4205,.F.);
#2774=ORIENTED_EDGE('',*,*,#4203,.F.);
#2775=ORIENTED_EDGE('',*,*,#4201,.F.);
#2776=ORIENTED_EDGE('',*,*,#4199,.F.);
#2777=ORIENTED_EDGE('',*,*,#4196,.F.);
#2778=ORIENTED_EDGE('',*,*,#4194,.F.);
#2779=ORIENTED_EDGE('',*,*,#4192,.F.);
#2780=ORIENTED_EDGE('',*,*,#4189,.F.);
#2781=ORIENTED_EDGE('',*,*,#4220,.T.);
#2782=ORIENTED_EDGE('',*,*,#4219,.T.);
#2783=ORIENTED_EDGE('',*,*,#4218,.F.);
#2784=ORIENTED_EDGE('',*,*,#4217,.F.);
#2785=ORIENTED_EDGE('',*,*,#4218,.T.);
#2786=ORIENTED_EDGE('',*,*,#4222,.T.);
#2787=ORIENTED_EDGE('',*,*,#4221,.F.);
#2788=ORIENTED_EDGE('',*,*,#4239,.F.);
#2789=ORIENTED_EDGE('',*,*,#4221,.T.);
#2790=ORIENTED_EDGE('',*,*,#4224,.T.);
#2791=ORIENTED_EDGE('',*,*,#4223,.F.);
#2792=ORIENTED_EDGE('',*,*,#4240,.F.);
#2793=ORIENTED_EDGE('',*,*,#4223,.T.);
#2794=ORIENTED_EDGE('',*,*,#4226,.T.);
#2795=ORIENTED_EDGE('',*,*,#4225,.F.);
#2796=ORIENTED_EDGE('',*,*,#4241,.F.);
#2797=ORIENTED_EDGE('',*,*,#4225,.T.);
#2798=ORIENTED_EDGE('',*,*,#4229,.T.);
#2799=ORIENTED_EDGE('',*,*,#4228,.F.);
#2800=ORIENTED_EDGE('',*,*,#4227,.F.);
#2801=ORIENTED_EDGE('',*,*,#4228,.T.);
#2802=ORIENTED_EDGE('',*,*,#4231,.T.);
#2803=ORIENTED_EDGE('',*,*,#4230,.F.);
#2804=ORIENTED_EDGE('',*,*,#4242,.F.);
#2805=ORIENTED_EDGE('',*,*,#4230,.T.);
#2806=ORIENTED_EDGE('',*,*,#4233,.T.);
#2807=ORIENTED_EDGE('',*,*,#4232,.F.);
#2808=ORIENTED_EDGE('',*,*,#4243,.F.);
#2809=ORIENTED_EDGE('',*,*,#4232,.T.);
#2810=ORIENTED_EDGE('',*,*,#4235,.T.);
#2811=ORIENTED_EDGE('',*,*,#4234,.F.);
#2812=ORIENTED_EDGE('',*,*,#4244,.F.);
#2813=ORIENTED_EDGE('',*,*,#4234,.T.);
#2814=ORIENTED_EDGE('',*,*,#4237,.T.);
#2815=ORIENTED_EDGE('',*,*,#4236,.F.);
#2816=ORIENTED_EDGE('',*,*,#4245,.F.);
#2817=ORIENTED_EDGE('',*,*,#4236,.T.);
#2818=ORIENTED_EDGE('',*,*,#4238,.T.);
#2819=ORIENTED_EDGE('',*,*,#4220,.F.);
#2820=ORIENTED_EDGE('',*,*,#4246,.F.);
#2821=ORIENTED_EDGE('',*,*,#4238,.F.);
#2822=ORIENTED_EDGE('',*,*,#4237,.F.);
#2823=ORIENTED_EDGE('',*,*,#4235,.F.);
#2824=ORIENTED_EDGE('',*,*,#4233,.F.);
#2825=ORIENTED_EDGE('',*,*,#4231,.F.);
#2826=ORIENTED_EDGE('',*,*,#4229,.F.);
#2827=ORIENTED_EDGE('',*,*,#4226,.F.);
#2828=ORIENTED_EDGE('',*,*,#4224,.F.);
#2829=ORIENTED_EDGE('',*,*,#4222,.F.);
#2830=ORIENTED_EDGE('',*,*,#4219,.F.);
#2831=ORIENTED_EDGE('',*,*,#4250,.T.);
#2832=ORIENTED_EDGE('',*,*,#4249,.T.);
#2833=ORIENTED_EDGE('',*,*,#4248,.F.);
#2834=ORIENTED_EDGE('',*,*,#4247,.F.);
#2835=ORIENTED_EDGE('',*,*,#4248,.T.);
#2836=ORIENTED_EDGE('',*,*,#4253,.T.);
#2837=ORIENTED_EDGE('',*,*,#4252,.F.);
#2838=ORIENTED_EDGE('',*,*,#4251,.F.);
#2839=ORIENTED_EDGE('',*,*,#4252,.T.);
#2840=ORIENTED_EDGE('',*,*,#4256,.T.);
#2841=ORIENTED_EDGE('',*,*,#4255,.F.);
#2842=ORIENTED_EDGE('',*,*,#4254,.F.);
#2843=ORIENTED_EDGE('',*,*,#4255,.T.);
#2844=ORIENTED_EDGE('',*,*,#4259,.T.);
#2845=ORIENTED_EDGE('',*,*,#4258,.F.);
#2846=ORIENTED_EDGE('',*,*,#4257,.F.);
#2847=ORIENTED_EDGE('',*,*,#4258,.T.);
#2848=ORIENTED_EDGE('',*,*,#4262,.T.);
#2849=ORIENTED_EDGE('',*,*,#4261,.F.);
#2850=ORIENTED_EDGE('',*,*,#4260,.F.);
#2851=ORIENTED_EDGE('',*,*,#4261,.T.);
#2852=ORIENTED_EDGE('',*,*,#4265,.T.);
#2853=ORIENTED_EDGE('',*,*,#4264,.F.);
#2854=ORIENTED_EDGE('',*,*,#4263,.F.);
#2855=ORIENTED_EDGE('',*,*,#4264,.T.);
#2856=ORIENTED_EDGE('',*,*,#4267,.T.);
#2857=ORIENTED_EDGE('',*,*,#4266,.F.);
#2858=ORIENTED_EDGE('',*,*,#4283,.F.);
#2859=ORIENTED_EDGE('',*,*,#4266,.T.);
#2860=ORIENTED_EDGE('',*,*,#4270,.T.);
#2861=ORIENTED_EDGE('',*,*,#4269,.F.);
#2862=ORIENTED_EDGE('',*,*,#4268,.F.);
#2863=ORIENTED_EDGE('',*,*,#4269,.T.);
#2864=ORIENTED_EDGE('',*,*,#4272,.T.);
#2865=ORIENTED_EDGE('',*,*,#4271,.F.);
#2866=ORIENTED_EDGE('',*,*,#4284,.F.);
#2867=ORIENTED_EDGE('',*,*,#4271,.T.);
#2868=ORIENTED_EDGE('',*,*,#4274,.T.);
#2869=ORIENTED_EDGE('',*,*,#4250,.F.);
#2870=ORIENTED_EDGE('',*,*,#4273,.F.);
#2871=ORIENTED_EDGE('',*,*,#4278,.T.);
#2872=ORIENTED_EDGE('',*,*,#4277,.T.);
#2873=ORIENTED_EDGE('',*,*,#4276,.F.);
#2874=ORIENTED_EDGE('',*,*,#4275,.F.);
#2875=ORIENTED_EDGE('',*,*,#4276,.T.);
#2876=ORIENTED_EDGE('',*,*,#4281,.T.);
#2877=ORIENTED_EDGE('',*,*,#4280,.F.);
#2878=ORIENTED_EDGE('',*,*,#4279,.F.);
#2879=ORIENTED_EDGE('',*,*,#4280,.T.);
#2880=ORIENTED_EDGE('',*,*,#4282,.T.);
#2881=ORIENTED_EDGE('',*,*,#4278,.F.);
#2882=ORIENTED_EDGE('',*,*,#4285,.F.);
#2883=ORIENTED_EDGE('',*,*,#4274,.F.);
#2884=ORIENTED_EDGE('',*,*,#4272,.F.);
#2885=ORIENTED_EDGE('',*,*,#4270,.F.);
#2886=ORIENTED_EDGE('',*,*,#4267,.F.);
#2887=ORIENTED_EDGE('',*,*,#4265,.F.);
#2888=ORIENTED_EDGE('',*,*,#4262,.F.);
#2889=ORIENTED_EDGE('',*,*,#4259,.F.);
#2890=ORIENTED_EDGE('',*,*,#4256,.F.);
#2891=ORIENTED_EDGE('',*,*,#4253,.F.);
#2892=ORIENTED_EDGE('',*,*,#4249,.F.);
#2893=ORIENTED_EDGE('',*,*,#4282,.F.);
#2894=ORIENTED_EDGE('',*,*,#4281,.F.);
#2895=ORIENTED_EDGE('',*,*,#4277,.F.);
#2896=ORIENTED_EDGE('',*,*,#4285,.T.);
#2897=ORIENTED_EDGE('',*,*,#4275,.T.);
#2898=ORIENTED_EDGE('',*,*,#4279,.T.);
#2899=ORIENTED_EDGE('',*,*,#4286,.T.);
#2900=ORIENTED_EDGE('',*,*,#4287,.T.);
#2901=ORIENTED_EDGE('',*,*,#4288,.F.);
#2902=ORIENTED_EDGE('',*,*,#4289,.F.);
#2903=ORIENTED_EDGE('',*,*,#4290,.T.);
#2904=ORIENTED_EDGE('',*,*,#4291,.T.);
#2905=ORIENTED_EDGE('',*,*,#4292,.F.);
#2906=ORIENTED_EDGE('',*,*,#4287,.F.);
#2907=ORIENTED_EDGE('',*,*,#4293,.T.);
#2908=ORIENTED_EDGE('',*,*,#4294,.T.);
#2909=ORIENTED_EDGE('',*,*,#4295,.F.);
#2910=ORIENTED_EDGE('',*,*,#4291,.F.);
#2911=ORIENTED_EDGE('',*,*,#4296,.T.);
#2912=ORIENTED_EDGE('',*,*,#4297,.T.);
#2913=ORIENTED_EDGE('',*,*,#4298,.F.);
#2914=ORIENTED_EDGE('',*,*,#4294,.F.);
#2915=ORIENTED_EDGE('',*,*,#4299,.T.);
#2916=ORIENTED_EDGE('',*,*,#4300,.T.);
#2917=ORIENTED_EDGE('',*,*,#4301,.F.);
#2918=ORIENTED_EDGE('',*,*,#4297,.F.);
#2919=ORIENTED_EDGE('',*,*,#4302,.T.);
#2920=ORIENTED_EDGE('',*,*,#4303,.T.);
#2921=ORIENTED_EDGE('',*,*,#4304,.F.);
#2922=ORIENTED_EDGE('',*,*,#4300,.F.);
#2923=ORIENTED_EDGE('',*,*,#4305,.T.);
#2924=ORIENTED_EDGE('',*,*,#4306,.T.);
#2925=ORIENTED_EDGE('',*,*,#4307,.F.);
#2926=ORIENTED_EDGE('',*,*,#4303,.F.);
#2927=ORIENTED_EDGE('',*,*,#4308,.T.);
#2928=ORIENTED_EDGE('',*,*,#4289,.T.);
#2929=ORIENTED_EDGE('',*,*,#4309,.F.);
#2930=ORIENTED_EDGE('',*,*,#4306,.F.);
#2931=ORIENTED_EDGE('',*,*,#4308,.F.);
#2932=ORIENTED_EDGE('',*,*,#4305,.F.);
#2933=ORIENTED_EDGE('',*,*,#4302,.F.);
#2934=ORIENTED_EDGE('',*,*,#4299,.F.);
#2935=ORIENTED_EDGE('',*,*,#4296,.F.);
#2936=ORIENTED_EDGE('',*,*,#4293,.F.);
#2937=ORIENTED_EDGE('',*,*,#4290,.F.);
#2938=ORIENTED_EDGE('',*,*,#4286,.F.);
#2939=ORIENTED_EDGE('',*,*,#4310,.T.);
#2940=ORIENTED_EDGE('',*,*,#4313,.T.);
#2941=ORIENTED_EDGE('',*,*,#4288,.T.);
#2942=ORIENTED_EDGE('',*,*,#4292,.T.);
#2943=ORIENTED_EDGE('',*,*,#4295,.T.);
#2944=ORIENTED_EDGE('',*,*,#4298,.T.);
#2945=ORIENTED_EDGE('',*,*,#4301,.T.);
#2946=ORIENTED_EDGE('',*,*,#4304,.T.);
#2947=ORIENTED_EDGE('',*,*,#4307,.T.);
#2948=ORIENTED_EDGE('',*,*,#4309,.T.);
#2949=ORIENTED_EDGE('',*,*,#4312,.T.);
#2950=ORIENTED_EDGE('',*,*,#4315,.T.);
#2951=ORIENTED_EDGE('',*,*,#4311,.F.);
#2952=ORIENTED_EDGE('',*,*,#4310,.F.);
#2953=ORIENTED_EDGE('',*,*,#4311,.T.);
#2954=ORIENTED_EDGE('',*,*,#4312,.F.);
#2955=ORIENTED_EDGE('',*,*,#4314,.F.);
#2956=ORIENTED_EDGE('',*,*,#4313,.F.);
#2957=ORIENTED_EDGE('',*,*,#4314,.T.);
#2958=ORIENTED_EDGE('',*,*,#4315,.F.);
#2959=ORIENTED_EDGE('',*,*,#4331,.T.);
#2960=ORIENTED_EDGE('',*,*,#4332,.T.);
#2961=ORIENTED_EDGE('',*,*,#4316,.F.);
#2962=ORIENTED_EDGE('',*,*,#4332,.F.);
#2963=ORIENTED_EDGE('',*,*,#4316,.T.);
#2964=ORIENTED_EDGE('',*,*,#4317,.T.);
#2965=ORIENTED_EDGE('',*,*,#4318,.T.);
#2966=ORIENTED_EDGE('',*,*,#4317,.F.);
#2967=ORIENTED_EDGE('',*,*,#4319,.T.);
#2968=ORIENTED_EDGE('',*,*,#4320,.T.);
#2969=ORIENTED_EDGE('',*,*,#4318,.F.);
#2970=ORIENTED_EDGE('',*,*,#4320,.F.);
#2971=ORIENTED_EDGE('',*,*,#4321,.T.);
#2972=ORIENTED_EDGE('',*,*,#4321,.F.);
#2973=ORIENTED_EDGE('',*,*,#4331,.F.);
#2974=ORIENTED_EDGE('',*,*,#4330,.F.);
#2975=ORIENTED_EDGE('',*,*,#4319,.F.);
#2976=ORIENTED_EDGE('',*,*,#4322,.T.);
#2977=ORIENTED_EDGE('',*,*,#4323,.T.);
#2978=ORIENTED_EDGE('',*,*,#4322,.F.);
#2979=ORIENTED_EDGE('',*,*,#4324,.T.);
#2980=ORIENTED_EDGE('',*,*,#4323,.F.);
#2981=ORIENTED_EDGE('',*,*,#4325,.T.);
#2982=ORIENTED_EDGE('',*,*,#4326,.F.);
#2983=ORIENTED_EDGE('',*,*,#4325,.F.);
#2984=ORIENTED_EDGE('',*,*,#4327,.T.);
#2985=ORIENTED_EDGE('',*,*,#4328,.T.);
#2986=ORIENTED_EDGE('',*,*,#4327,.F.);
#2987=ORIENTED_EDGE('',*,*,#4326,.T.);
#2988=ORIENTED_EDGE('',*,*,#4324,.F.);
#2989=ORIENTED_EDGE('',*,*,#4328,.F.);
#2990=ORIENTED_EDGE('',*,*,#4329,.T.);
#2991=ORIENTED_EDGE('',*,*,#4330,.T.);
#2992=ORIENTED_EDGE('',*,*,#4329,.F.);
#2993=ORIENTED_EDGE('',*,*,#4333,.T.);
#2994=ORIENTED_EDGE('',*,*,#4334,.T.);
#2995=ORIENTED_EDGE('',*,*,#4335,.F.);
#2996=ORIENTED_EDGE('',*,*,#4336,.F.);
#2997=ORIENTED_EDGE('',*,*,#4337,.T.);
#2998=ORIENTED_EDGE('',*,*,#4338,.T.);
#2999=ORIENTED_EDGE('',*,*,#4339,.F.);
#3000=ORIENTED_EDGE('',*,*,#4334,.F.);
#3001=ORIENTED_EDGE('',*,*,#4340,.T.);
#3002=ORIENTED_EDGE('',*,*,#4341,.T.);
#3003=ORIENTED_EDGE('',*,*,#4342,.F.);
#3004=ORIENTED_EDGE('',*,*,#4338,.F.);
#3005=ORIENTED_EDGE('',*,*,#4343,.T.);
#3006=ORIENTED_EDGE('',*,*,#4344,.T.);
#3007=ORIENTED_EDGE('',*,*,#4345,.F.);
#3008=ORIENTED_EDGE('',*,*,#4341,.F.);
#3009=ORIENTED_EDGE('',*,*,#4346,.T.);
#3010=ORIENTED_EDGE('',*,*,#4347,.T.);
#3011=ORIENTED_EDGE('',*,*,#4348,.F.);
#3012=ORIENTED_EDGE('',*,*,#4344,.F.);
#3013=ORIENTED_EDGE('',*,*,#4384,.T.);
#3014=ORIENTED_EDGE('',*,*,#4349,.T.);
#3015=ORIENTED_EDGE('',*,*,#4350,.T.);
#3016=ORIENTED_EDGE('',*,*,#4351,.F.);
#3017=ORIENTED_EDGE('',*,*,#4347,.F.);
#3018=ORIENTED_EDGE('',*,*,#4352,.T.);
#3019=ORIENTED_EDGE('',*,*,#4353,.T.);
#3020=ORIENTED_EDGE('',*,*,#4354,.F.);
#3021=ORIENTED_EDGE('',*,*,#4350,.F.);
#3022=ORIENTED_EDGE('',*,*,#4355,.T.);
#3023=ORIENTED_EDGE('',*,*,#4336,.T.);
#3024=ORIENTED_EDGE('',*,*,#4356,.F.);
#3025=ORIENTED_EDGE('',*,*,#4353,.F.);
#3026=ORIENTED_EDGE('',*,*,#4357,.T.);
#3027=ORIENTED_EDGE('',*,*,#4358,.T.);
#3028=ORIENTED_EDGE('',*,*,#4359,.F.);
#3029=ORIENTED_EDGE('',*,*,#4360,.F.);
#3030=ORIENTED_EDGE('',*,*,#4361,.T.);
#3031=ORIENTED_EDGE('',*,*,#4362,.T.);
#3032=ORIENTED_EDGE('',*,*,#4363,.F.);
#3033=ORIENTED_EDGE('',*,*,#4358,.F.);
#3034=ORIENTED_EDGE('',*,*,#4364,.T.);
#3035=ORIENTED_EDGE('',*,*,#4365,.T.);
#3036=ORIENTED_EDGE('',*,*,#4366,.F.);
#3037=ORIENTED_EDGE('',*,*,#4362,.F.);
#3038=ORIENTED_EDGE('',*,*,#4367,.T.);
#3039=ORIENTED_EDGE('',*,*,#4368,.T.);
#3040=ORIENTED_EDGE('',*,*,#4369,.F.);
#3041=ORIENTED_EDGE('',*,*,#4365,.F.);
#3042=ORIENTED_EDGE('',*,*,#4385,.T.);
#3043=ORIENTED_EDGE('',*,*,#4370,.T.);
#3044=ORIENTED_EDGE('',*,*,#4371,.T.);
#3045=ORIENTED_EDGE('',*,*,#4372,.F.);
#3046=ORIENTED_EDGE('',*,*,#4368,.F.);
#3047=ORIENTED_EDGE('',*,*,#4373,.T.);
#3048=ORIENTED_EDGE('',*,*,#4374,.T.);
#3049=ORIENTED_EDGE('',*,*,#4375,.F.);
#3050=ORIENTED_EDGE('',*,*,#4371,.F.);
#3051=ORIENTED_EDGE('',*,*,#4376,.T.);
#3052=ORIENTED_EDGE('',*,*,#4377,.T.);
#3053=ORIENTED_EDGE('',*,*,#4378,.F.);
#3054=ORIENTED_EDGE('',*,*,#4374,.F.);
#3055=ORIENTED_EDGE('',*,*,#4379,.T.);
#3056=ORIENTED_EDGE('',*,*,#4360,.T.);
#3057=ORIENTED_EDGE('',*,*,#4380,.F.);
#3058=ORIENTED_EDGE('',*,*,#4377,.F.);
#3059=ORIENTED_EDGE('',*,*,#4355,.F.);
#3060=ORIENTED_EDGE('',*,*,#4352,.F.);
#3061=ORIENTED_EDGE('',*,*,#4349,.F.);
#3062=ORIENTED_EDGE('',*,*,#4346,.F.);
#3063=ORIENTED_EDGE('',*,*,#4343,.F.);
#3064=ORIENTED_EDGE('',*,*,#4340,.F.);
#3065=ORIENTED_EDGE('',*,*,#4337,.F.);
#3066=ORIENTED_EDGE('',*,*,#4333,.F.);
#3067=ORIENTED_EDGE('',*,*,#4379,.F.);
#3068=ORIENTED_EDGE('',*,*,#4376,.F.);
#3069=ORIENTED_EDGE('',*,*,#4373,.F.);
#3070=ORIENTED_EDGE('',*,*,#4370,.F.);
#3071=ORIENTED_EDGE('',*,*,#4367,.F.);
#3072=ORIENTED_EDGE('',*,*,#4364,.F.);
#3073=ORIENTED_EDGE('',*,*,#4361,.F.);
#3074=ORIENTED_EDGE('',*,*,#4357,.F.);
#3075=ORIENTED_EDGE('',*,*,#4335,.T.);
#3076=ORIENTED_EDGE('',*,*,#4339,.T.);
#3077=ORIENTED_EDGE('',*,*,#4342,.T.);
#3078=ORIENTED_EDGE('',*,*,#4345,.T.);
#3079=ORIENTED_EDGE('',*,*,#4348,.T.);
#3080=ORIENTED_EDGE('',*,*,#4351,.T.);
#3081=ORIENTED_EDGE('',*,*,#4354,.T.);
#3082=ORIENTED_EDGE('',*,*,#4356,.T.);
#3083=ORIENTED_EDGE('',*,*,#4359,.T.);
#3084=ORIENTED_EDGE('',*,*,#4363,.T.);
#3085=ORIENTED_EDGE('',*,*,#4366,.T.);
#3086=ORIENTED_EDGE('',*,*,#4369,.T.);
#3087=ORIENTED_EDGE('',*,*,#4372,.T.);
#3088=ORIENTED_EDGE('',*,*,#4375,.T.);
#3089=ORIENTED_EDGE('',*,*,#4378,.T.);
#3090=ORIENTED_EDGE('',*,*,#4380,.T.);
#3091=ORIENTED_EDGE('',*,*,#4386,.T.);
#3092=ORIENTED_EDGE('',*,*,#4381,.T.);
#3093=ORIENTED_EDGE('',*,*,#4386,.F.);
#3094=ORIENTED_EDGE('',*,*,#4384,.F.);
#3095=ORIENTED_EDGE('',*,*,#4383,.F.);
#3096=ORIENTED_EDGE('',*,*,#4382,.F.);
#3097=ORIENTED_EDGE('',*,*,#4383,.T.);
#3098=ORIENTED_EDGE('',*,*,#4385,.F.);
#3099=ORIENTED_EDGE('',*,*,#4382,.T.);
#3100=ORIENTED_EDGE('',*,*,#4381,.F.);
#3101=ORIENTED_EDGE('',*,*,#4387,.T.);
#3102=ORIENTED_EDGE('',*,*,#4388,.T.);
#3103=ORIENTED_EDGE('',*,*,#4389,.F.);
#3104=ORIENTED_EDGE('',*,*,#4388,.F.);
#3105=ORIENTED_EDGE('',*,*,#4390,.T.);
#3106=ORIENTED_EDGE('',*,*,#4391,.T.);
#3107=ORIENTED_EDGE('',*,*,#4392,.F.);
#3108=ORIENTED_EDGE('',*,*,#4391,.F.);
#3109=ORIENTED_EDGE('',*,*,#4387,.F.);
#3110=ORIENTED_EDGE('',*,*,#4390,.F.);
#3111=ORIENTED_EDGE('',*,*,#4389,.T.);
#3112=ORIENTED_EDGE('',*,*,#4392,.T.);
#3113=ORIENTED_EDGE('',*,*,#4400,.F.);
#3114=ORIENTED_EDGE('',*,*,#4399,.F.);
#3115=ORIENTED_EDGE('',*,*,#4398,.F.);
#3116=ORIENTED_EDGE('',*,*,#4397,.F.);
#3117=ORIENTED_EDGE('',*,*,#4396,.F.);
#3118=ORIENTED_EDGE('',*,*,#4395,.F.);
#3119=ORIENTED_EDGE('',*,*,#4394,.F.);
#3120=ORIENTED_EDGE('',*,*,#4393,.F.);
#3121=ORIENTED_EDGE('',*,*,#4403,.F.);
#3122=ORIENTED_EDGE('',*,*,#4402,.F.);
#3123=ORIENTED_EDGE('',*,*,#4401,.F.);
#3124=ORIENTED_EDGE('',*,*,#4393,.T.);
#3125=ORIENTED_EDGE('',*,*,#4400,.T.);
#3126=ORIENTED_EDGE('',*,*,#4440,.T.);
#3127=ORIENTED_EDGE('',*,*,#4404,.T.);
#3128=ORIENTED_EDGE('',*,*,#4405,.T.);
#3129=ORIENTED_EDGE('',*,*,#4452,.T.);
#3130=ORIENTED_EDGE('',*,*,#4406,.T.);
#3131=ORIENTED_EDGE('',*,*,#4407,.T.);
#3132=ORIENTED_EDGE('',*,*,#4394,.T.);
#3133=ORIENTED_EDGE('',*,*,#4412,.F.);
#3134=ORIENTED_EDGE('',*,*,#4411,.F.);
#3135=ORIENTED_EDGE('',*,*,#4410,.F.);
#3136=ORIENTED_EDGE('',*,*,#4399,.T.);
#3137=ORIENTED_EDGE('',*,*,#4409,.F.);
#3138=ORIENTED_EDGE('',*,*,#4408,.F.);
#3139=ORIENTED_EDGE('',*,*,#4395,.T.);
#3140=ORIENTED_EDGE('',*,*,#4413,.T.);
#3141=ORIENTED_EDGE('',*,*,#4414,.T.);
#3142=ORIENTED_EDGE('',*,*,#4415,.T.);
#3143=ORIENTED_EDGE('',*,*,#4410,.T.);
#3144=ORIENTED_EDGE('',*,*,#4411,.T.);
#3145=ORIENTED_EDGE('',*,*,#4416,.T.);
#3146=ORIENTED_EDGE('',*,*,#4436,.T.);
#3147=ORIENTED_EDGE('',*,*,#4398,.T.);
#3148=ORIENTED_EDGE('',*,*,#4420,.T.);
#3149=ORIENTED_EDGE('',*,*,#4417,.T.);
#3150=ORIENTED_EDGE('',*,*,#4418,.T.);
#3151=ORIENTED_EDGE('',*,*,#4419,.T.);
#3152=ORIENTED_EDGE('',*,*,#4432,.T.);
#3153=ORIENTED_EDGE('',*,*,#4421,.T.);
#3154=ORIENTED_EDGE('',*,*,#4422,.T.);
#3155=ORIENTED_EDGE('',*,*,#4423,.T.);
#3156=ORIENTED_EDGE('',*,*,#4424,.T.);
#3157=ORIENTED_EDGE('',*,*,#4425,.T.);
#3158=ORIENTED_EDGE('',*,*,#4426,.T.);
#3159=ORIENTED_EDGE('',*,*,#4427,.T.);
#3160=ORIENTED_EDGE('',*,*,#4428,.T.);
#3161=ORIENTED_EDGE('',*,*,#4429,.T.);
#3162=ORIENTED_EDGE('',*,*,#4430,.T.);
#3163=ORIENTED_EDGE('',*,*,#4431,.T.);
#3164=ORIENTED_EDGE('',*,*,#4396,.T.);
#3165=ORIENTED_EDGE('',*,*,#4433,.T.);
#3166=ORIENTED_EDGE('',*,*,#4434,.T.);
#3167=ORIENTED_EDGE('',*,*,#4435,.T.);
#3168=ORIENTED_EDGE('',*,*,#4438,.F.);
#3169=ORIENTED_EDGE('',*,*,#4437,.F.);
#3170=ORIENTED_EDGE('',*,*,#4397,.T.);
#3171=ORIENTED_EDGE('',*,*,#4436,.F.);
#3172=ORIENTED_EDGE('',*,*,#4401,.T.);
#3173=ORIENTED_EDGE('',*,*,#4545,.T.);
#3174=ORIENTED_EDGE('',*,*,#4439,.T.);
#3175=ORIENTED_EDGE('',*,*,#4440,.F.);
#3176=ORIENTED_EDGE('',*,*,#4441,.T.);
#3177=ORIENTED_EDGE('',*,*,#4547,.T.);
#3178=ORIENTED_EDGE('',*,*,#4403,.T.);
#3179=ORIENTED_EDGE('',*,*,#4407,.F.);
#3180=ORIENTED_EDGE('',*,*,#4444,.F.);
#3181=ORIENTED_EDGE('',*,*,#4402,.T.);
#3182=ORIENTED_EDGE('',*,*,#4443,.F.);
#3183=ORIENTED_EDGE('',*,*,#4442,.F.);
#3184=ORIENTED_EDGE('',*,*,#4445,.T.);
#3185=ORIENTED_EDGE('',*,*,#4446,.T.);
#3186=ORIENTED_EDGE('',*,*,#4409,.T.);
#3187=ORIENTED_EDGE('',*,*,#4405,.F.);
#3188=ORIENTED_EDGE('',*,*,#4486,.T.);
#3189=ORIENTED_EDGE('',*,*,#4445,.F.);
#3190=ORIENTED_EDGE('',*,*,#4404,.F.);
#3191=ORIENTED_EDGE('',*,*,#4439,.F.);
#3192=ORIENTED_EDGE('',*,*,#4447,.T.);
#3193=ORIENTED_EDGE('',*,*,#4448,.T.);
#3194=ORIENTED_EDGE('',*,*,#4449,.T.);
#3195=ORIENTED_EDGE('',*,*,#4450,.T.);
#3196=ORIENTED_EDGE('',*,*,#4451,.T.);
#3197=ORIENTED_EDGE('',*,*,#4452,.F.);
#3198=ORIENTED_EDGE('',*,*,#4415,.F.);
#3199=ORIENTED_EDGE('',*,*,#4453,.T.);
#3200=ORIENTED_EDGE('',*,*,#4454,.T.);
#3201=ORIENTED_EDGE('',*,*,#4455,.T.);
#3202=ORIENTED_EDGE('',*,*,#4456,.T.);
#3203=ORIENTED_EDGE('',*,*,#4457,.T.);
#3204=ORIENTED_EDGE('',*,*,#4458,.T.);
#3205=ORIENTED_EDGE('',*,*,#4459,.T.);
#3206=ORIENTED_EDGE('',*,*,#4460,.T.);
#3207=ORIENTED_EDGE('',*,*,#4461,.T.);
#3208=ORIENTED_EDGE('',*,*,#4462,.T.);
#3209=ORIENTED_EDGE('',*,*,#4463,.T.);
#3210=ORIENTED_EDGE('',*,*,#4464,.T.);
#3211=ORIENTED_EDGE('',*,*,#4441,.F.);
#3212=ORIENTED_EDGE('',*,*,#4406,.F.);
#3213=ORIENTED_EDGE('',*,*,#4454,.F.);
#3214=ORIENTED_EDGE('',*,*,#4465,.T.);
#3215=ORIENTED_EDGE('',*,*,#4466,.T.);
#3216=ORIENTED_EDGE('',*,*,#4467,.T.);
#3217=ORIENTED_EDGE('',*,*,#4468,.T.);
#3218=ORIENTED_EDGE('',*,*,#4469,.T.);
#3219=ORIENTED_EDGE('',*,*,#4470,.T.);
#3220=ORIENTED_EDGE('',*,*,#4471,.T.);
#3221=ORIENTED_EDGE('',*,*,#4472,.T.);
#3222=ORIENTED_EDGE('',*,*,#4476,.T.);
#3223=ORIENTED_EDGE('',*,*,#4473,.T.);
#3224=ORIENTED_EDGE('',*,*,#4474,.T.);
#3225=ORIENTED_EDGE('',*,*,#4475,.T.);
#3226=ORIENTED_EDGE('',*,*,#4480,.T.);
#3227=ORIENTED_EDGE('',*,*,#4477,.T.);
#3228=ORIENTED_EDGE('',*,*,#4478,.T.);
#3229=ORIENTED_EDGE('',*,*,#4479,.T.);
#3230=ORIENTED_EDGE('',*,*,#4485,.F.);
#3231=ORIENTED_EDGE('',*,*,#4484,.F.);
#3232=ORIENTED_EDGE('',*,*,#4483,.F.);
#3233=ORIENTED_EDGE('',*,*,#4438,.T.);
#3234=ORIENTED_EDGE('',*,*,#4416,.F.);
#3235=ORIENTED_EDGE('',*,*,#4412,.T.);
#3236=ORIENTED_EDGE('',*,*,#4482,.F.);
#3237=ORIENTED_EDGE('',*,*,#4481,.F.);
#3238=ORIENTED_EDGE('',*,*,#4408,.T.);
#3239=ORIENTED_EDGE('',*,*,#4446,.F.);
#3240=ORIENTED_EDGE('',*,*,#4486,.F.);
#3241=ORIENTED_EDGE('',*,*,#4552,.T.);
#3242=ORIENTED_EDGE('',*,*,#4435,.F.);
#3243=ORIENTED_EDGE('',*,*,#4487,.T.);
#3244=ORIENTED_EDGE('',*,*,#4488,.T.);
#3245=ORIENTED_EDGE('',*,*,#4413,.F.);
#3246=ORIENTED_EDGE('',*,*,#4491,.F.);
#3247=ORIENTED_EDGE('',*,*,#4490,.F.);
#3248=ORIENTED_EDGE('',*,*,#4489,.F.);
#3249=ORIENTED_EDGE('',*,*,#4414,.F.);
#3250=ORIENTED_EDGE('',*,*,#4492,.T.);
#3251=ORIENTED_EDGE('',*,*,#4417,.F.);
#3252=ORIENTED_EDGE('',*,*,#4493,.T.);
#3253=ORIENTED_EDGE('',*,*,#4494,.T.);
#3254=ORIENTED_EDGE('',*,*,#4495,.T.);
#3255=ORIENTED_EDGE('',*,*,#4496,.T.);
#3256=ORIENTED_EDGE('',*,*,#4497,.T.);
#3257=ORIENTED_EDGE('',*,*,#4498,.T.);
#3258=ORIENTED_EDGE('',*,*,#4500,.F.);
#3259=ORIENTED_EDGE('',*,*,#4499,.F.);
#3260=ORIENTED_EDGE('',*,*,#4493,.F.);
#3261=ORIENTED_EDGE('',*,*,#4420,.F.);
#3262=ORIENTED_EDGE('',*,*,#4500,.T.);
#3263=ORIENTED_EDGE('',*,*,#4419,.F.);
#3264=ORIENTED_EDGE('',*,*,#4501,.T.);
#3265=ORIENTED_EDGE('',*,*,#4502,.T.);
#3266=ORIENTED_EDGE('',*,*,#4503,.T.);
#3267=ORIENTED_EDGE('',*,*,#4504,.T.);
#3268=ORIENTED_EDGE('',*,*,#4505,.T.);
#3269=ORIENTED_EDGE('',*,*,#4506,.T.);
#3270=ORIENTED_EDGE('',*,*,#4492,.F.);
#3271=ORIENTED_EDGE('',*,*,#4507,.F.);
#3272=ORIENTED_EDGE('',*,*,#4501,.F.);
#3273=ORIENTED_EDGE('',*,*,#4418,.F.);
#3274=ORIENTED_EDGE('',*,*,#4514,.F.);
#3275=ORIENTED_EDGE('',*,*,#4513,.F.);
#3276=ORIENTED_EDGE('',*,*,#4512,.F.);
#3277=ORIENTED_EDGE('',*,*,#4511,.F.);
#3278=ORIENTED_EDGE('',*,*,#4510,.F.);
#3279=ORIENTED_EDGE('',*,*,#4509,.F.);
#3280=ORIENTED_EDGE('',*,*,#4508,.F.);
#3281=ORIENTED_EDGE('',*,*,#4421,.F.);
#3282=ORIENTED_EDGE('',*,*,#4517,.F.);
#3283=ORIENTED_EDGE('',*,*,#4516,.F.);
#3284=ORIENTED_EDGE('',*,*,#4514,.T.);
#3285=ORIENTED_EDGE('',*,*,#4432,.F.);
#3286=ORIENTED_EDGE('',*,*,#4515,.F.);
#3287=ORIENTED_EDGE('',*,*,#4515,.T.);
#3288=ORIENTED_EDGE('',*,*,#4431,.F.);
#3289=ORIENTED_EDGE('',*,*,#4519,.F.);
#3290=ORIENTED_EDGE('',*,*,#4602,.F.);
#3291=ORIENTED_EDGE('',*,*,#4518,.F.);
#3292=ORIENTED_EDGE('',*,*,#4598,.F.);
#3293=ORIENTED_EDGE('',*,*,#4519,.T.);
#3294=ORIENTED_EDGE('',*,*,#4430,.F.);
#3295=ORIENTED_EDGE('',*,*,#4524,.T.);
#3296=ORIENTED_EDGE('',*,*,#4520,.T.);
#3297=ORIENTED_EDGE('',*,*,#4521,.T.);
#3298=ORIENTED_EDGE('',*,*,#4512,.T.);
#3299=ORIENTED_EDGE('',*,*,#4593,.T.);
#3300=ORIENTED_EDGE('',*,*,#4599,.T.);
#3301=ORIENTED_EDGE('',*,*,#4429,.F.);
#3302=ORIENTED_EDGE('',*,*,#4522,.T.);
#3303=ORIENTED_EDGE('',*,*,#4523,.T.);
#3304=ORIENTED_EDGE('',*,*,#4524,.F.);
#3305=ORIENTED_EDGE('',*,*,#4522,.F.);
#3306=ORIENTED_EDGE('',*,*,#4428,.F.);
#3307=ORIENTED_EDGE('',*,*,#4525,.F.);
#3308=ORIENTED_EDGE('',*,*,#4529,.F.);
#3309=ORIENTED_EDGE('',*,*,#4528,.F.);
#3310=ORIENTED_EDGE('',*,*,#4527,.F.);
#3311=ORIENTED_EDGE('',*,*,#4526,.F.);
#3312=ORIENTED_EDGE('',*,*,#4520,.F.);
#3313=ORIENTED_EDGE('',*,*,#4523,.F.);
#3314=ORIENTED_EDGE('',*,*,#4525,.T.);
#3315=ORIENTED_EDGE('',*,*,#4427,.F.);
#3316=ORIENTED_EDGE('',*,*,#4530,.F.);
#3317=ORIENTED_EDGE('',*,*,#4529,.T.);
#3318=ORIENTED_EDGE('',*,*,#4426,.F.);
#3319=ORIENTED_EDGE('',*,*,#4425,.F.);
#3320=ORIENTED_EDGE('',*,*,#4531,.T.);
#3321=ORIENTED_EDGE('',*,*,#4528,.T.);
#3322=ORIENTED_EDGE('',*,*,#4530,.T.);
#3323=ORIENTED_EDGE('',*,*,#4595,.T.);
#3324=ORIENTED_EDGE('',*,*,#4510,.T.);
#3325=ORIENTED_EDGE('',*,*,#4532,.T.);
#3326=ORIENTED_EDGE('',*,*,#4527,.T.);
#3327=ORIENTED_EDGE('',*,*,#4531,.F.);
#3328=ORIENTED_EDGE('',*,*,#4424,.F.);
#3329=ORIENTED_EDGE('',*,*,#4535,.T.);
#3330=ORIENTED_EDGE('',*,*,#4605,.T.);
#3331=ORIENTED_EDGE('',*,*,#4535,.F.);
#3332=ORIENTED_EDGE('',*,*,#4423,.F.);
#3333=ORIENTED_EDGE('',*,*,#4534,.F.);
#3334=ORIENTED_EDGE('',*,*,#4609,.F.);
#3335=ORIENTED_EDGE('',*,*,#4533,.F.);
#3336=ORIENTED_EDGE('',*,*,#4606,.F.);
#3337=ORIENTED_EDGE('',*,*,#4422,.F.);
#3338=ORIENTED_EDGE('',*,*,#4508,.T.);
#3339=ORIENTED_EDGE('',*,*,#4537,.F.);
#3340=ORIENTED_EDGE('',*,*,#4536,.F.);
#3341=ORIENTED_EDGE('',*,*,#4534,.T.);
#3342=ORIENTED_EDGE('',*,*,#4538,.T.);
#3343=ORIENTED_EDGE('',*,*,#4487,.F.);
#3344=ORIENTED_EDGE('',*,*,#4434,.F.);
#3345=ORIENTED_EDGE('',*,*,#4544,.T.);
#3346=ORIENTED_EDGE('',*,*,#4539,.T.);
#3347=ORIENTED_EDGE('',*,*,#4540,.T.);
#3348=ORIENTED_EDGE('',*,*,#4541,.T.);
#3349=ORIENTED_EDGE('',*,*,#4542,.T.);
#3350=ORIENTED_EDGE('',*,*,#4543,.T.);
#3351=ORIENTED_EDGE('',*,*,#4433,.F.);
#3352=ORIENTED_EDGE('',*,*,#4437,.T.);
#3353=ORIENTED_EDGE('',*,*,#4583,.T.);
#3354=ORIENTED_EDGE('',*,*,#4544,.F.);
#3355=ORIENTED_EDGE('',*,*,#4545,.F.);
#3356=ORIENTED_EDGE('',*,*,#4444,.T.);
#3357=ORIENTED_EDGE('',*,*,#4557,.T.);
#3358=ORIENTED_EDGE('',*,*,#4447,.F.);
#3359=ORIENTED_EDGE('',*,*,#4464,.F.);
#3360=ORIENTED_EDGE('',*,*,#4546,.T.);
#3361=ORIENTED_EDGE('',*,*,#4443,.T.);
#3362=ORIENTED_EDGE('',*,*,#4547,.F.);
#3363=ORIENTED_EDGE('',*,*,#4550,.F.);
#3364=ORIENTED_EDGE('',*,*,#4549,.F.);
#3365=ORIENTED_EDGE('',*,*,#4548,.F.);
#3366=ORIENTED_EDGE('',*,*,#4442,.T.);
#3367=ORIENTED_EDGE('',*,*,#4551,.T.);
#3368=ORIENTED_EDGE('',*,*,#4482,.T.);
#3369=ORIENTED_EDGE('',*,*,#4552,.F.);
#3370=ORIENTED_EDGE('',*,*,#4451,.F.);
#3371=ORIENTED_EDGE('',*,*,#4553,.T.);
#3372=ORIENTED_EDGE('',*,*,#4554,.T.);
#3373=ORIENTED_EDGE('',*,*,#4551,.F.);
#3374=ORIENTED_EDGE('',*,*,#4450,.F.);
#3375=ORIENTED_EDGE('',*,*,#4555,.T.);
#3376=ORIENTED_EDGE('',*,*,#4556,.T.);
#3377=ORIENTED_EDGE('',*,*,#4553,.F.);
#3378=ORIENTED_EDGE('',*,*,#4449,.F.);
#3379=ORIENTED_EDGE('',*,*,#4557,.F.);
#3380=ORIENTED_EDGE('',*,*,#4548,.T.);
#3381=ORIENTED_EDGE('',*,*,#4555,.F.);
#3382=ORIENTED_EDGE('',*,*,#4448,.F.);
#3383=ORIENTED_EDGE('',*,*,#4465,.F.);
#3384=ORIENTED_EDGE('',*,*,#4453,.F.);
#3385=ORIENTED_EDGE('',*,*,#4489,.T.);
#3386=ORIENTED_EDGE('',*,*,#4558,.T.);
#3387=ORIENTED_EDGE('',*,*,#4455,.F.);
#3388=ORIENTED_EDGE('',*,*,#4562,.T.);
#3389=ORIENTED_EDGE('',*,*,#4559,.T.);
#3390=ORIENTED_EDGE('',*,*,#4560,.T.);
#3391=ORIENTED_EDGE('',*,*,#4472,.F.);
#3392=ORIENTED_EDGE('',*,*,#4567,.T.);
#3393=ORIENTED_EDGE('',*,*,#4561,.T.);
#3394=ORIENTED_EDGE('',*,*,#4562,.F.);
#3395=ORIENTED_EDGE('',*,*,#4563,.T.);
#3396=ORIENTED_EDGE('',*,*,#4564,.T.);
#3397=ORIENTED_EDGE('',*,*,#4565,.T.);
#3398=ORIENTED_EDGE('',*,*,#4467,.F.);
#3399=ORIENTED_EDGE('',*,*,#4570,.T.);
#3400=ORIENTED_EDGE('',*,*,#4566,.T.);
#3401=ORIENTED_EDGE('',*,*,#4567,.F.);
#3402=ORIENTED_EDGE('',*,*,#4471,.F.);
#3403=ORIENTED_EDGE('',*,*,#4470,.F.);
#3404=ORIENTED_EDGE('',*,*,#4469,.F.);
#3405=ORIENTED_EDGE('',*,*,#4468,.F.);
#3406=ORIENTED_EDGE('',*,*,#4568,.F.);
#3407=ORIENTED_EDGE('',*,*,#4466,.F.);
#3408=ORIENTED_EDGE('',*,*,#4558,.F.);
#3409=ORIENTED_EDGE('',*,*,#4569,.T.);
#3410=ORIENTED_EDGE('',*,*,#4570,.F.);
#3411=ORIENTED_EDGE('',*,*,#4571,.T.);
#3412=ORIENTED_EDGE('',*,*,#4572,.T.);
#3413=ORIENTED_EDGE('',*,*,#4573,.T.);
#3414=ORIENTED_EDGE('',*,*,#4459,.F.);
#3415=ORIENTED_EDGE('',*,*,#4576,.T.);
#3416=ORIENTED_EDGE('',*,*,#4550,.T.);
#3417=ORIENTED_EDGE('',*,*,#4546,.F.);
#3418=ORIENTED_EDGE('',*,*,#4463,.F.);
#3419=ORIENTED_EDGE('',*,*,#4460,.F.);
#3420=ORIENTED_EDGE('',*,*,#4574,.F.);
#3421=ORIENTED_EDGE('',*,*,#4462,.F.);
#3422=ORIENTED_EDGE('',*,*,#4461,.F.);
#3423=ORIENTED_EDGE('',*,*,#4458,.F.);
#3424=ORIENTED_EDGE('',*,*,#4578,.T.);
#3425=ORIENTED_EDGE('',*,*,#4575,.T.);
#3426=ORIENTED_EDGE('',*,*,#4576,.F.);
#3427=ORIENTED_EDGE('',*,*,#4457,.F.);
#3428=ORIENTED_EDGE('',*,*,#4579,.T.);
#3429=ORIENTED_EDGE('',*,*,#4577,.T.);
#3430=ORIENTED_EDGE('',*,*,#4578,.F.);
#3431=ORIENTED_EDGE('',*,*,#4456,.F.);
#3432=ORIENTED_EDGE('',*,*,#4560,.F.);
#3433=ORIENTED_EDGE('',*,*,#4485,.T.);
#3434=ORIENTED_EDGE('',*,*,#4579,.F.);
#3435=ORIENTED_EDGE('',*,*,#4473,.F.);
#3436=ORIENTED_EDGE('',*,*,#4476,.F.);
#3437=ORIENTED_EDGE('',*,*,#4475,.F.);
#3438=ORIENTED_EDGE('',*,*,#4474,.F.);
#3439=ORIENTED_EDGE('',*,*,#4480,.F.);
#3440=ORIENTED_EDGE('',*,*,#4479,.F.);
#3441=ORIENTED_EDGE('',*,*,#4478,.F.);
#3442=ORIENTED_EDGE('',*,*,#4477,.F.);
#3443=ORIENTED_EDGE('',*,*,#4577,.F.);
#3444=ORIENTED_EDGE('',*,*,#4481,.T.);
#3445=ORIENTED_EDGE('',*,*,#4554,.F.);
#3446=ORIENTED_EDGE('',*,*,#4580,.F.);
#3447=ORIENTED_EDGE('',*,*,#4559,.F.);
#3448=ORIENTED_EDGE('',*,*,#4582,.F.);
#3449=ORIENTED_EDGE('',*,*,#4581,.F.);
#3450=ORIENTED_EDGE('',*,*,#4484,.T.);
#3451=ORIENTED_EDGE('',*,*,#4583,.F.);
#3452=ORIENTED_EDGE('',*,*,#4483,.T.);
#3453=ORIENTED_EDGE('',*,*,#4584,.T.);
#3454=ORIENTED_EDGE('',*,*,#4539,.F.);
#3455=ORIENTED_EDGE('',*,*,#4585,.T.);
#3456=ORIENTED_EDGE('',*,*,#4491,.T.);
#3457=ORIENTED_EDGE('',*,*,#4488,.F.);
#3458=ORIENTED_EDGE('',*,*,#4538,.F.);
#3459=ORIENTED_EDGE('',*,*,#4587,.F.);
#3460=ORIENTED_EDGE('',*,*,#4586,.F.);
#3461=ORIENTED_EDGE('',*,*,#4569,.F.);
#3462=ORIENTED_EDGE('',*,*,#4490,.T.);
#3463=ORIENTED_EDGE('',*,*,#4498,.F.);
#3464=ORIENTED_EDGE('',*,*,#4588,.F.);
#3465=ORIENTED_EDGE('',*,*,#4502,.F.);
#3466=ORIENTED_EDGE('',*,*,#4507,.T.);
#3467=ORIENTED_EDGE('',*,*,#4588,.T.);
#3468=ORIENTED_EDGE('',*,*,#4497,.F.);
#3469=ORIENTED_EDGE('',*,*,#4589,.F.);
#3470=ORIENTED_EDGE('',*,*,#4503,.F.);
#3471=ORIENTED_EDGE('',*,*,#4504,.F.);
#3472=ORIENTED_EDGE('',*,*,#4589,.T.);
#3473=ORIENTED_EDGE('',*,*,#4496,.F.);
#3474=ORIENTED_EDGE('',*,*,#4590,.T.);
#3475=ORIENTED_EDGE('',*,*,#4591,.F.);
#3476=ORIENTED_EDGE('',*,*,#4505,.F.);
#3477=ORIENTED_EDGE('',*,*,#4590,.F.);
#3478=ORIENTED_EDGE('',*,*,#4495,.F.);
#3479=ORIENTED_EDGE('',*,*,#4499,.T.);
#3480=ORIENTED_EDGE('',*,*,#4506,.F.);
#3481=ORIENTED_EDGE('',*,*,#4591,.T.);
#3482=ORIENTED_EDGE('',*,*,#4494,.F.);
#3483=ORIENTED_EDGE('',*,*,#4597,.T.);
#3484=ORIENTED_EDGE('',*,*,#4592,.T.);
#3485=ORIENTED_EDGE('',*,*,#4600,.T.);
#3486=ORIENTED_EDGE('',*,*,#4593,.F.);
#3487=ORIENTED_EDGE('',*,*,#4513,.T.);
#3488=ORIENTED_EDGE('',*,*,#4516,.T.);
#3489=ORIENTED_EDGE('',*,*,#4521,.F.);
#3490=ORIENTED_EDGE('',*,*,#4526,.T.);
#3491=ORIENTED_EDGE('',*,*,#4532,.F.);
#3492=ORIENTED_EDGE('',*,*,#4511,.T.);
#3493=ORIENTED_EDGE('',*,*,#4604,.T.);
#3494=ORIENTED_EDGE('',*,*,#4594,.T.);
#3495=ORIENTED_EDGE('',*,*,#4607,.T.);
#3496=ORIENTED_EDGE('',*,*,#4537,.T.);
#3497=ORIENTED_EDGE('',*,*,#4509,.T.);
#3498=ORIENTED_EDGE('',*,*,#4595,.F.);
#3499=ORIENTED_EDGE('',*,*,#4596,.T.);
#3500=ORIENTED_EDGE('',*,*,#4597,.F.);
#3501=ORIENTED_EDGE('',*,*,#4517,.T.);
#3502=ORIENTED_EDGE('',*,*,#4598,.T.);
#3503=ORIENTED_EDGE('',*,*,#4599,.F.);
#3504=ORIENTED_EDGE('',*,*,#4600,.F.);
#3505=ORIENTED_EDGE('',*,*,#4601,.T.);
#3506=ORIENTED_EDGE('',*,*,#4602,.T.);
#3507=ORIENTED_EDGE('',*,*,#4601,.F.);
#3508=ORIENTED_EDGE('',*,*,#4592,.F.);
#3509=ORIENTED_EDGE('',*,*,#4596,.F.);
#3510=ORIENTED_EDGE('',*,*,#4518,.T.);
#3511=ORIENTED_EDGE('',*,*,#4603,.T.);
#3512=ORIENTED_EDGE('',*,*,#4604,.F.);
#3513=ORIENTED_EDGE('',*,*,#4605,.F.);
#3514=ORIENTED_EDGE('',*,*,#4606,.T.);
#3515=ORIENTED_EDGE('',*,*,#4536,.T.);
#3516=ORIENTED_EDGE('',*,*,#4607,.F.);
#3517=ORIENTED_EDGE('',*,*,#4608,.T.);
#3518=ORIENTED_EDGE('',*,*,#4609,.T.);
#3519=ORIENTED_EDGE('',*,*,#4608,.F.);
#3520=ORIENTED_EDGE('',*,*,#4594,.F.);
#3521=ORIENTED_EDGE('',*,*,#4603,.F.);
#3522=ORIENTED_EDGE('',*,*,#4533,.T.);
#3523=ORIENTED_EDGE('',*,*,#4610,.T.);
#3524=ORIENTED_EDGE('',*,*,#4587,.T.);
#3525=ORIENTED_EDGE('',*,*,#4585,.F.);
#3526=ORIENTED_EDGE('',*,*,#4543,.F.);
#3527=ORIENTED_EDGE('',*,*,#4611,.T.);
#3528=ORIENTED_EDGE('',*,*,#4612,.T.);
#3529=ORIENTED_EDGE('',*,*,#4610,.F.);
#3530=ORIENTED_EDGE('',*,*,#4542,.F.);
#3531=ORIENTED_EDGE('',*,*,#4613,.T.);
#3532=ORIENTED_EDGE('',*,*,#4614,.T.);
#3533=ORIENTED_EDGE('',*,*,#4611,.F.);
#3534=ORIENTED_EDGE('',*,*,#4541,.F.);
#3535=ORIENTED_EDGE('',*,*,#4584,.F.);
#3536=ORIENTED_EDGE('',*,*,#4581,.T.);
#3537=ORIENTED_EDGE('',*,*,#4613,.F.);
#3538=ORIENTED_EDGE('',*,*,#4540,.F.);
#3539=ORIENTED_EDGE('',*,*,#4556,.F.);
#3540=ORIENTED_EDGE('',*,*,#4549,.T.);
#3541=ORIENTED_EDGE('',*,*,#4575,.F.);
#3542=ORIENTED_EDGE('',*,*,#4580,.T.);
#3543=ORIENTED_EDGE('',*,*,#4614,.F.);
#3544=ORIENTED_EDGE('',*,*,#4582,.T.);
#3545=ORIENTED_EDGE('',*,*,#4561,.F.);
#3546=ORIENTED_EDGE('',*,*,#4615,.F.);
#3547=ORIENTED_EDGE('',*,*,#4618,.F.);
#3548=ORIENTED_EDGE('',*,*,#4617,.F.);
#3549=ORIENTED_EDGE('',*,*,#4563,.F.);
#3550=ORIENTED_EDGE('',*,*,#4616,.F.);
#3551=ORIENTED_EDGE('',*,*,#4619,.T.);
#3552=ORIENTED_EDGE('',*,*,#4620,.T.);
#3553=ORIENTED_EDGE('',*,*,#4564,.F.);
#3554=ORIENTED_EDGE('',*,*,#4617,.T.);
#3555=ORIENTED_EDGE('',*,*,#4565,.F.);
#3556=ORIENTED_EDGE('',*,*,#4620,.F.);
#3557=ORIENTED_EDGE('',*,*,#4622,.F.);
#3558=ORIENTED_EDGE('',*,*,#4621,.F.);
#3559=ORIENTED_EDGE('',*,*,#4566,.F.);
#3560=ORIENTED_EDGE('',*,*,#4586,.T.);
#3561=ORIENTED_EDGE('',*,*,#4612,.F.);
#3562=ORIENTED_EDGE('',*,*,#4615,.T.);
#3563=ORIENTED_EDGE('',*,*,#4616,.T.);
#3564=ORIENTED_EDGE('',*,*,#4568,.T.);
#3565=ORIENTED_EDGE('',*,*,#4621,.T.);
#3566=ORIENTED_EDGE('',*,*,#4623,.F.);
#3567=ORIENTED_EDGE('',*,*,#4626,.F.);
#3568=ORIENTED_EDGE('',*,*,#4625,.F.);
#3569=ORIENTED_EDGE('',*,*,#4571,.F.);
#3570=ORIENTED_EDGE('',*,*,#4624,.F.);
#3571=ORIENTED_EDGE('',*,*,#4572,.F.);
#3572=ORIENTED_EDGE('',*,*,#4625,.T.);
#3573=ORIENTED_EDGE('',*,*,#4627,.T.);
#3574=ORIENTED_EDGE('',*,*,#4628,.T.);
#3575=ORIENTED_EDGE('',*,*,#4573,.F.);
#3576=ORIENTED_EDGE('',*,*,#4628,.F.);
#3577=ORIENTED_EDGE('',*,*,#4630,.F.);
#3578=ORIENTED_EDGE('',*,*,#4629,.F.);
#3579=ORIENTED_EDGE('',*,*,#4629,.T.);
#3580=ORIENTED_EDGE('',*,*,#4631,.F.);
#3581=ORIENTED_EDGE('',*,*,#4624,.T.);
#3582=ORIENTED_EDGE('',*,*,#4574,.T.);
#3583=ORIENTED_EDGE('',*,*,#4623,.T.);
#3584=ORIENTED_EDGE('',*,*,#4622,.T.);
#3585=ORIENTED_EDGE('',*,*,#4619,.F.);
#3586=ORIENTED_EDGE('',*,*,#4618,.T.);
#3587=ORIENTED_EDGE('',*,*,#4631,.T.);
#3588=ORIENTED_EDGE('',*,*,#4630,.T.);
#3589=ORIENTED_EDGE('',*,*,#4627,.F.);
#3590=ORIENTED_EDGE('',*,*,#4626,.T.);
#3591=ORIENTED_EDGE('',*,*,#4633,.F.);
#3592=ORIENTED_EDGE('',*,*,#4651,.F.);
#3593=ORIENTED_EDGE('',*,*,#4632,.F.);
#3594=ORIENTED_EDGE('',*,*,#4637,.F.);
#3595=ORIENTED_EDGE('',*,*,#4634,.T.);
#3596=ORIENTED_EDGE('',*,*,#4635,.T.);
#3597=ORIENTED_EDGE('',*,*,#4636,.T.);
#3598=ORIENTED_EDGE('',*,*,#4637,.T.);
#3599=ORIENTED_EDGE('',*,*,#4638,.T.);
#3600=ORIENTED_EDGE('',*,*,#4639,.T.);
#3601=ORIENTED_EDGE('',*,*,#4648,.F.);
#3602=ORIENTED_EDGE('',*,*,#4647,.F.);
#3603=ORIENTED_EDGE('',*,*,#4646,.F.);
#3604=ORIENTED_EDGE('',*,*,#4645,.F.);
#3605=ORIENTED_EDGE('',*,*,#4644,.F.);
#3606=ORIENTED_EDGE('',*,*,#4633,.T.);
#3607=ORIENTED_EDGE('',*,*,#4643,.F.);
#3608=ORIENTED_EDGE('',*,*,#4642,.F.);
#3609=ORIENTED_EDGE('',*,*,#4641,.F.);
#3610=ORIENTED_EDGE('',*,*,#4640,.F.);
#3611=ORIENTED_EDGE('',*,*,#4638,.F.);
#3612=ORIENTED_EDGE('',*,*,#4632,.T.);
#3613=ORIENTED_EDGE('',*,*,#4649,.T.);
#3614=ORIENTED_EDGE('',*,*,#4650,.T.);
#3615=ORIENTED_EDGE('',*,*,#4649,.F.);
#3616=ORIENTED_EDGE('',*,*,#4651,.T.);
#3617=ORIENTED_EDGE('',*,*,#4652,.T.);
#3618=ORIENTED_EDGE('',*,*,#4653,.T.);
#3619=ORIENTED_EDGE('',*,*,#4654,.T.);
#3620=ORIENTED_EDGE('',*,*,#4655,.T.);
#3621=ORIENTED_EDGE('',*,*,#4656,.T.);
#3622=ORIENTED_EDGE('',*,*,#4657,.T.);
#3623=ORIENTED_EDGE('',*,*,#4658,.T.);
#3624=ORIENTED_EDGE('',*,*,#4634,.F.);
#3625=ORIENTED_EDGE('',*,*,#4639,.F.);
#3626=ORIENTED_EDGE('',*,*,#4650,.F.);
#3627=ORIENTED_EDGE('',*,*,#4655,.F.);
#3628=ORIENTED_EDGE('',*,*,#4659,.T.);
#3629=ORIENTED_EDGE('',*,*,#4660,.T.);
#3630=ORIENTED_EDGE('',*,*,#4661,.T.);
#3631=ORIENTED_EDGE('',*,*,#4662,.T.);
#3632=ORIENTED_EDGE('',*,*,#4635,.F.);
#3633=ORIENTED_EDGE('',*,*,#4663,.T.);
#3634=ORIENTED_EDGE('',*,*,#4643,.T.);
#3635=ORIENTED_EDGE('',*,*,#4636,.F.);
#3636=ORIENTED_EDGE('',*,*,#4664,.T.);
#3637=ORIENTED_EDGE('',*,*,#4669,.F.);
#3638=ORIENTED_EDGE('',*,*,#4640,.T.);
#3639=ORIENTED_EDGE('',*,*,#4641,.T.);
#3640=ORIENTED_EDGE('',*,*,#4642,.T.);
#3641=ORIENTED_EDGE('',*,*,#4668,.F.);
#3642=ORIENTED_EDGE('',*,*,#4667,.F.);
#3643=ORIENTED_EDGE('',*,*,#4723,.F.);
#3644=ORIENTED_EDGE('',*,*,#4666,.F.);
#3645=ORIENTED_EDGE('',*,*,#4719,.F.);
#3646=ORIENTED_EDGE('',*,*,#4665,.F.);
#3647=ORIENTED_EDGE('',*,*,#4680,.F.);
#3648=ORIENTED_EDGE('',*,*,#4679,.F.);
#3649=ORIENTED_EDGE('',*,*,#4678,.F.);
#3650=ORIENTED_EDGE('',*,*,#4677,.F.);
#3651=ORIENTED_EDGE('',*,*,#4676,.F.);
#3652=ORIENTED_EDGE('',*,*,#4675,.F.);
#3653=ORIENTED_EDGE('',*,*,#4674,.F.);
#3654=ORIENTED_EDGE('',*,*,#4673,.F.);
#3655=ORIENTED_EDGE('',*,*,#4672,.F.);
#3656=ORIENTED_EDGE('',*,*,#4671,.F.);
#3657=ORIENTED_EDGE('',*,*,#4648,.T.);
#3658=ORIENTED_EDGE('',*,*,#4670,.F.);
#3659=ORIENTED_EDGE('',*,*,#4745,.F.);
#3660=ORIENTED_EDGE('',*,*,#4681,.F.);
#3661=ORIENTED_EDGE('',*,*,#4743,.F.);
#3662=ORIENTED_EDGE('',*,*,#4749,.F.);
#3663=ORIENTED_EDGE('',*,*,#4686,.F.);
#3664=ORIENTED_EDGE('',*,*,#4756,.F.);
#3665=ORIENTED_EDGE('',*,*,#4685,.F.);
#3666=ORIENTED_EDGE('',*,*,#4684,.F.);
#3667=ORIENTED_EDGE('',*,*,#4645,.T.);
#3668=ORIENTED_EDGE('',*,*,#4646,.T.);
#3669=ORIENTED_EDGE('',*,*,#4647,.T.);
#3670=ORIENTED_EDGE('',*,*,#4683,.F.);
#3671=ORIENTED_EDGE('',*,*,#4682,.F.);
#3672=ORIENTED_EDGE('',*,*,#4687,.T.);
#3673=ORIENTED_EDGE('',*,*,#4652,.F.);
#3674=ORIENTED_EDGE('',*,*,#4644,.T.);
#3675=ORIENTED_EDGE('',*,*,#4688,.T.);
#3676=ORIENTED_EDGE('',*,*,#4689,.T.);
#3677=ORIENTED_EDGE('',*,*,#4654,.F.);
#3678=ORIENTED_EDGE('',*,*,#4690,.T.);
#3679=ORIENTED_EDGE('',*,*,#4691,.T.);
#3680=ORIENTED_EDGE('',*,*,#4653,.F.);
#3681=ORIENTED_EDGE('',*,*,#4692,.T.);
#3682=ORIENTED_EDGE('',*,*,#4693,.T.);
#3683=ORIENTED_EDGE('',*,*,#4694,.T.);
#3684=ORIENTED_EDGE('',*,*,#4695,.T.);
#3685=ORIENTED_EDGE('',*,*,#4696,.T.);
#3686=ORIENTED_EDGE('',*,*,#4697,.T.);
#3687=ORIENTED_EDGE('',*,*,#4656,.F.);
#3688=ORIENTED_EDGE('',*,*,#4659,.F.);
#3689=ORIENTED_EDGE('',*,*,#4689,.F.);
#3690=ORIENTED_EDGE('',*,*,#4698,.T.);
#3691=ORIENTED_EDGE('',*,*,#4699,.T.);
#3692=ORIENTED_EDGE('',*,*,#4700,.T.);
#3693=ORIENTED_EDGE('',*,*,#4676,.T.);
#3694=ORIENTED_EDGE('',*,*,#4660,.F.);
#3695=ORIENTED_EDGE('',*,*,#4658,.F.);
#3696=ORIENTED_EDGE('',*,*,#4702,.F.);
#3697=ORIENTED_EDGE('',*,*,#4701,.F.);
#3698=ORIENTED_EDGE('',*,*,#4657,.F.);
#3699=ORIENTED_EDGE('',*,*,#4704,.F.);
#3700=ORIENTED_EDGE('',*,*,#4703,.F.);
#3701=ORIENTED_EDGE('',*,*,#4702,.T.);
#3702=ORIENTED_EDGE('',*,*,#4664,.F.);
#3703=ORIENTED_EDGE('',*,*,#4662,.F.);
#3704=ORIENTED_EDGE('',*,*,#4706,.F.);
#3705=ORIENTED_EDGE('',*,*,#4705,.F.);
#3706=ORIENTED_EDGE('',*,*,#4707,.T.);
#3707=ORIENTED_EDGE('',*,*,#4708,.T.);
#3708=ORIENTED_EDGE('',*,*,#4667,.T.);
#3709=ORIENTED_EDGE('',*,*,#4709,.T.);
#3710=ORIENTED_EDGE('',*,*,#4706,.T.);
#3711=ORIENTED_EDGE('',*,*,#4661,.F.);
#3712=ORIENTED_EDGE('',*,*,#4701,.T.);
#3713=ORIENTED_EDGE('',*,*,#4703,.T.);
#3714=ORIENTED_EDGE('',*,*,#4668,.T.);
#3715=ORIENTED_EDGE('',*,*,#4663,.F.);
#3716=ORIENTED_EDGE('',*,*,#4705,.T.);
#3717=ORIENTED_EDGE('',*,*,#4709,.F.);
#3718=ORIENTED_EDGE('',*,*,#4716,.F.);
#3719=ORIENTED_EDGE('',*,*,#4715,.F.);
#3720=ORIENTED_EDGE('',*,*,#4714,.F.);
#3721=ORIENTED_EDGE('',*,*,#4713,.F.);
#3722=ORIENTED_EDGE('',*,*,#4712,.F.);
#3723=ORIENTED_EDGE('',*,*,#4665,.T.);
#3724=ORIENTED_EDGE('',*,*,#4711,.F.);
#3725=ORIENTED_EDGE('',*,*,#4710,.F.);
#3726=ORIENTED_EDGE('',*,*,#4717,.T.);
#3727=ORIENTED_EDGE('',*,*,#4718,.T.);
#3728=ORIENTED_EDGE('',*,*,#4711,.T.);
#3729=ORIENTED_EDGE('',*,*,#4719,.T.);
#3730=ORIENTED_EDGE('',*,*,#4669,.T.);
#3731=ORIENTED_EDGE('',*,*,#4712,.T.);
#3732=ORIENTED_EDGE('',*,*,#4720,.F.);
#3733=ORIENTED_EDGE('',*,*,#4670,.T.);
#3734=ORIENTED_EDGE('',*,*,#4722,.F.);
#3735=ORIENTED_EDGE('',*,*,#4721,.F.);
#3736=ORIENTED_EDGE('',*,*,#4717,.F.);
#3737=ORIENTED_EDGE('',*,*,#4666,.T.);
#3738=ORIENTED_EDGE('',*,*,#4723,.T.);
#3739=ORIENTED_EDGE('',*,*,#4708,.F.);
#3740=ORIENTED_EDGE('',*,*,#4724,.T.);
#3741=ORIENTED_EDGE('',*,*,#4722,.T.);
#3742=ORIENTED_EDGE('',*,*,#4713,.T.);
#3743=ORIENTED_EDGE('',*,*,#4725,.F.);
#3744=ORIENTED_EDGE('',*,*,#4680,.T.);
#3745=ORIENTED_EDGE('',*,*,#4720,.T.);
#3746=ORIENTED_EDGE('',*,*,#4679,.T.);
#3747=ORIENTED_EDGE('',*,*,#4725,.T.);
#3748=ORIENTED_EDGE('',*,*,#4714,.T.);
#3749=ORIENTED_EDGE('',*,*,#4726,.T.);
#3750=ORIENTED_EDGE('',*,*,#4726,.F.);
#3751=ORIENTED_EDGE('',*,*,#4715,.T.);
#3752=ORIENTED_EDGE('',*,*,#4727,.F.);
#3753=ORIENTED_EDGE('',*,*,#4678,.T.);
#3754=ORIENTED_EDGE('',*,*,#4716,.T.);
#3755=ORIENTED_EDGE('',*,*,#4728,.F.);
#3756=ORIENTED_EDGE('',*,*,#4677,.T.);
#3757=ORIENTED_EDGE('',*,*,#4727,.T.);
#3758=ORIENTED_EDGE('',*,*,#4731,.F.);
#3759=ORIENTED_EDGE('',*,*,#4730,.F.);
#3760=ORIENTED_EDGE('',*,*,#4729,.F.);
#3761=ORIENTED_EDGE('',*,*,#4675,.T.);
#3762=ORIENTED_EDGE('',*,*,#4732,.F.);
#3763=ORIENTED_EDGE('',*,*,#4733,.F.);
#3764=ORIENTED_EDGE('',*,*,#4674,.T.);
#3765=ORIENTED_EDGE('',*,*,#4729,.T.);
#3766=ORIENTED_EDGE('',*,*,#4733,.T.);
#3767=ORIENTED_EDGE('',*,*,#4734,.T.);
#3768=ORIENTED_EDGE('',*,*,#4735,.T.);
#3769=ORIENTED_EDGE('',*,*,#4673,.T.);
#3770=ORIENTED_EDGE('',*,*,#4735,.F.);
#3771=ORIENTED_EDGE('',*,*,#4737,.F.);
#3772=ORIENTED_EDGE('',*,*,#4736,.F.);
#3773=ORIENTED_EDGE('',*,*,#4672,.T.);
#3774=ORIENTED_EDGE('',*,*,#4738,.F.);
#3775=ORIENTED_EDGE('',*,*,#4683,.T.);
#3776=ORIENTED_EDGE('',*,*,#4671,.T.);
#3777=ORIENTED_EDGE('',*,*,#4736,.T.);
#3778=ORIENTED_EDGE('',*,*,#4739,.T.);
#3779=ORIENTED_EDGE('',*,*,#4681,.T.);
#3780=ORIENTED_EDGE('',*,*,#4740,.T.);
#3781=ORIENTED_EDGE('',*,*,#4741,.T.);
#3782=ORIENTED_EDGE('',*,*,#4742,.T.);
#3783=ORIENTED_EDGE('',*,*,#4743,.T.);
#3784=ORIENTED_EDGE('',*,*,#4739,.F.);
#3785=ORIENTED_EDGE('',*,*,#4744,.T.);
#3786=ORIENTED_EDGE('',*,*,#4740,.F.);
#3787=ORIENTED_EDGE('',*,*,#4745,.T.);
#3788=ORIENTED_EDGE('',*,*,#4742,.F.);
#3789=ORIENTED_EDGE('',*,*,#4746,.T.);
#3790=ORIENTED_EDGE('',*,*,#4748,.F.);
#3791=ORIENTED_EDGE('',*,*,#4682,.T.);
#3792=ORIENTED_EDGE('',*,*,#4738,.T.);
#3793=ORIENTED_EDGE('',*,*,#4737,.T.);
#3794=ORIENTED_EDGE('',*,*,#4734,.F.);
#3795=ORIENTED_EDGE('',*,*,#4732,.T.);
#3796=ORIENTED_EDGE('',*,*,#4730,.T.);
#3797=ORIENTED_EDGE('',*,*,#4747,.F.);
#3798=ORIENTED_EDGE('',*,*,#4749,.T.);
#3799=ORIENTED_EDGE('',*,*,#4748,.T.);
#3800=ORIENTED_EDGE('',*,*,#4750,.T.);
#3801=ORIENTED_EDGE('',*,*,#4751,.T.);
#3802=ORIENTED_EDGE('',*,*,#4686,.T.);
#3803=ORIENTED_EDGE('',*,*,#4751,.F.);
#3804=ORIENTED_EDGE('',*,*,#4752,.T.);
#3805=ORIENTED_EDGE('',*,*,#4753,.T.);
#3806=ORIENTED_EDGE('',*,*,#4753,.F.);
#3807=ORIENTED_EDGE('',*,*,#4754,.T.);
#3808=ORIENTED_EDGE('',*,*,#4755,.T.);
#3809=ORIENTED_EDGE('',*,*,#4756,.T.);
#3810=ORIENTED_EDGE('',*,*,#4757,.T.);
#3811=ORIENTED_EDGE('',*,*,#4758,.T.);
#3812=ORIENTED_EDGE('',*,*,#4759,.T.);
#3813=ORIENTED_EDGE('',*,*,#4693,.F.);
#3814=ORIENTED_EDGE('',*,*,#4760,.T.);
#3815=ORIENTED_EDGE('',*,*,#4761,.T.);
#3816=ORIENTED_EDGE('',*,*,#4685,.T.);
#3817=ORIENTED_EDGE('',*,*,#4755,.F.);
#3818=ORIENTED_EDGE('',*,*,#4688,.F.);
#3819=ORIENTED_EDGE('',*,*,#4684,.T.);
#3820=ORIENTED_EDGE('',*,*,#4761,.F.);
#3821=ORIENTED_EDGE('',*,*,#4762,.F.);
#3822=ORIENTED_EDGE('',*,*,#4692,.F.);
#3823=ORIENTED_EDGE('',*,*,#4687,.F.);
#3824=ORIENTED_EDGE('',*,*,#4762,.T.);
#3825=ORIENTED_EDGE('',*,*,#4760,.F.);
#3826=ORIENTED_EDGE('',*,*,#4764,.F.);
#3827=ORIENTED_EDGE('',*,*,#4691,.F.);
#3828=ORIENTED_EDGE('',*,*,#4763,.F.);
#3829=ORIENTED_EDGE('',*,*,#4758,.F.);
#3830=ORIENTED_EDGE('',*,*,#4690,.F.);
#3831=ORIENTED_EDGE('',*,*,#4694,.F.);
#3832=ORIENTED_EDGE('',*,*,#4759,.F.);
#3833=ORIENTED_EDGE('',*,*,#4763,.T.);
#3834=ORIENTED_EDGE('',*,*,#4710,.T.);
#3835=ORIENTED_EDGE('',*,*,#4718,.F.);
#3836=ORIENTED_EDGE('',*,*,#4721,.T.);
#3837=ORIENTED_EDGE('',*,*,#4724,.F.);
#3838=ORIENTED_EDGE('',*,*,#4707,.F.);
#3839=ORIENTED_EDGE('',*,*,#4704,.T.);
#3840=ORIENTED_EDGE('',*,*,#4697,.F.);
#3841=ORIENTED_EDGE('',*,*,#4696,.F.);
#3842=ORIENTED_EDGE('',*,*,#4695,.F.);
#3843=ORIENTED_EDGE('',*,*,#4728,.T.);
#3844=ORIENTED_EDGE('',*,*,#4747,.T.);
#3845=ORIENTED_EDGE('',*,*,#4731,.T.);
#3846=ORIENTED_EDGE('',*,*,#4700,.F.);
#3847=ORIENTED_EDGE('',*,*,#4699,.F.);
#3848=ORIENTED_EDGE('',*,*,#4698,.F.);
#3849=ORIENTED_EDGE('',*,*,#4764,.T.);
#3850=ORIENTED_EDGE('',*,*,#4757,.F.);
#3851=ORIENTED_EDGE('',*,*,#4754,.F.);
#3852=ORIENTED_EDGE('',*,*,#4752,.F.);
#3853=ORIENTED_EDGE('',*,*,#4750,.F.);
#3854=ORIENTED_EDGE('',*,*,#4744,.F.);
#3855=ORIENTED_EDGE('',*,*,#4741,.F.);
#3856=ORIENTED_EDGE('',*,*,#4746,.F.);
#3857=ORIENTED_EDGE('',*,*,#4768,.F.);
#3858=ORIENTED_EDGE('',*,*,#4767,.F.);
#3859=ORIENTED_EDGE('',*,*,#4766,.F.);
#3860=ORIENTED_EDGE('',*,*,#4765,.F.);
#3861=ORIENTED_EDGE('',*,*,#4786,.F.);
#3862=ORIENTED_EDGE('',*,*,#4773,.F.);
#3863=ORIENTED_EDGE('',*,*,#4772,.F.);
#3864=ORIENTED_EDGE('',*,*,#4771,.F.);
#3865=ORIENTED_EDGE('',*,*,#4797,.F.);
#3866=ORIENTED_EDGE('',*,*,#4770,.F.);
#3867=ORIENTED_EDGE('',*,*,#4777,.F.);
#3868=ORIENTED_EDGE('',*,*,#4765,.T.);
#3869=ORIENTED_EDGE('',*,*,#4776,.F.);
#3870=ORIENTED_EDGE('',*,*,#4769,.F.);
#3871=ORIENTED_EDGE('',*,*,#4766,.T.);
#3872=ORIENTED_EDGE('',*,*,#4774,.T.);
#3873=ORIENTED_EDGE('',*,*,#4775,.T.);
#3874=ORIENTED_EDGE('',*,*,#4776,.T.);
#3875=ORIENTED_EDGE('',*,*,#4777,.T.);
#3876=ORIENTED_EDGE('',*,*,#4778,.T.);
#3877=ORIENTED_EDGE('',*,*,#4779,.T.);
#3878=ORIENTED_EDGE('',*,*,#4768,.T.);
#3879=ORIENTED_EDGE('',*,*,#4780,.T.);
#3880=ORIENTED_EDGE('',*,*,#4774,.F.);
#3881=ORIENTED_EDGE('',*,*,#4767,.T.);
#3882=ORIENTED_EDGE('',*,*,#4779,.F.);
#3883=ORIENTED_EDGE('',*,*,#4781,.T.);
#3884=ORIENTED_EDGE('',*,*,#4796,.T.);
#3885=ORIENTED_EDGE('',*,*,#4782,.T.);
#3886=ORIENTED_EDGE('',*,*,#4783,.T.);
#3887=ORIENTED_EDGE('',*,*,#4784,.T.);
#3888=ORIENTED_EDGE('',*,*,#4787,.T.);
#3889=ORIENTED_EDGE('',*,*,#4785,.F.);
#3890=ORIENTED_EDGE('',*,*,#4769,.T.);
#3891=ORIENTED_EDGE('',*,*,#4775,.F.);
#3892=ORIENTED_EDGE('',*,*,#4780,.F.);
#3893=ORIENTED_EDGE('',*,*,#4786,.T.);
#3894=ORIENTED_EDGE('',*,*,#4785,.T.);
#3895=ORIENTED_EDGE('',*,*,#4787,.F.);
#3896=ORIENTED_EDGE('',*,*,#4788,.T.);
#3897=ORIENTED_EDGE('',*,*,#4793,.F.);
#3898=ORIENTED_EDGE('',*,*,#4792,.F.);
#3899=ORIENTED_EDGE('',*,*,#4791,.F.);
#3900=ORIENTED_EDGE('',*,*,#4790,.F.);
#3901=ORIENTED_EDGE('',*,*,#4789,.F.);
#3902=ORIENTED_EDGE('',*,*,#4771,.T.);
#3903=ORIENTED_EDGE('',*,*,#4772,.T.);
#3904=ORIENTED_EDGE('',*,*,#4773,.T.);
#3905=ORIENTED_EDGE('',*,*,#4781,.F.);
#3906=ORIENTED_EDGE('',*,*,#4778,.F.);
#3907=ORIENTED_EDGE('',*,*,#4770,.T.);
#3908=ORIENTED_EDGE('',*,*,#4794,.T.);
#3909=ORIENTED_EDGE('',*,*,#4795,.T.);
#3910=ORIENTED_EDGE('',*,*,#4796,.F.);
#3911=ORIENTED_EDGE('',*,*,#4794,.F.);
#3912=ORIENTED_EDGE('',*,*,#4797,.T.);
#3913=ORIENTED_EDGE('',*,*,#4784,.F.);
#3914=ORIENTED_EDGE('',*,*,#4783,.F.);
#3915=ORIENTED_EDGE('',*,*,#4782,.F.);
#3916=ORIENTED_EDGE('',*,*,#4798,.T.);
#3917=ORIENTED_EDGE('',*,*,#4799,.T.);
#3918=ORIENTED_EDGE('',*,*,#4800,.T.);
#3919=ORIENTED_EDGE('',*,*,#4801,.T.);
#3920=ORIENTED_EDGE('',*,*,#4802,.T.);
#3921=ORIENTED_EDGE('',*,*,#4802,.F.);
#3922=ORIENTED_EDGE('',*,*,#4803,.F.);
#3923=ORIENTED_EDGE('',*,*,#4793,.T.);
#3924=ORIENTED_EDGE('',*,*,#4788,.F.);
#3925=ORIENTED_EDGE('',*,*,#4821,.F.);
#3926=ORIENTED_EDGE('',*,*,#4806,.F.);
#3927=ORIENTED_EDGE('',*,*,#4827,.F.);
#3928=ORIENTED_EDGE('',*,*,#4805,.F.);
#3929=ORIENTED_EDGE('',*,*,#4829,.F.);
#3930=ORIENTED_EDGE('',*,*,#4790,.T.);
#3931=ORIENTED_EDGE('',*,*,#4791,.T.);
#3932=ORIENTED_EDGE('',*,*,#4792,.T.);
#3933=ORIENTED_EDGE('',*,*,#4819,.F.);
#3934=ORIENTED_EDGE('',*,*,#4804,.F.);
#3935=ORIENTED_EDGE('',*,*,#4809,.F.);
#3936=ORIENTED_EDGE('',*,*,#4808,.F.);
#3937=ORIENTED_EDGE('',*,*,#4807,.F.);
#3938=ORIENTED_EDGE('',*,*,#4789,.T.);
#3939=ORIENTED_EDGE('',*,*,#4811,.F.);
#3940=ORIENTED_EDGE('',*,*,#4810,.F.);
#3941=ORIENTED_EDGE('',*,*,#4795,.F.);
#3942=ORIENTED_EDGE('',*,*,#4807,.T.);
#3943=ORIENTED_EDGE('',*,*,#4812,.T.);
#3944=ORIENTED_EDGE('',*,*,#4817,.T.);
#3945=ORIENTED_EDGE('',*,*,#4801,.F.);
#3946=ORIENTED_EDGE('',*,*,#4800,.F.);
#3947=ORIENTED_EDGE('',*,*,#4799,.F.);
#3948=ORIENTED_EDGE('',*,*,#4830,.T.);
#3949=ORIENTED_EDGE('',*,*,#4813,.T.);
#3950=ORIENTED_EDGE('',*,*,#4825,.T.);
#3951=ORIENTED_EDGE('',*,*,#4814,.T.);
#3952=ORIENTED_EDGE('',*,*,#4822,.T.);
#3953=ORIENTED_EDGE('',*,*,#4798,.F.);
#3954=ORIENTED_EDGE('',*,*,#4810,.T.);
#3955=ORIENTED_EDGE('',*,*,#4815,.T.);
#3956=ORIENTED_EDGE('',*,*,#4816,.T.);
#3957=ORIENTED_EDGE('',*,*,#4803,.T.);
#3958=ORIENTED_EDGE('',*,*,#4817,.F.);
#3959=ORIENTED_EDGE('',*,*,#4818,.T.);
#3960=ORIENTED_EDGE('',*,*,#4819,.T.);
#3961=ORIENTED_EDGE('',*,*,#4820,.F.);
#3962=ORIENTED_EDGE('',*,*,#4804,.T.);
#3963=ORIENTED_EDGE('',*,*,#4818,.F.);
#3964=ORIENTED_EDGE('',*,*,#4812,.F.);
#3965=ORIENTED_EDGE('',*,*,#4821,.T.);
#3966=ORIENTED_EDGE('',*,*,#4820,.T.);
#3967=ORIENTED_EDGE('',*,*,#4822,.F.);
#3968=ORIENTED_EDGE('',*,*,#4823,.T.);
#3969=ORIENTED_EDGE('',*,*,#4806,.T.);
#3970=ORIENTED_EDGE('',*,*,#4823,.F.);
#3971=ORIENTED_EDGE('',*,*,#4814,.F.);
#3972=ORIENTED_EDGE('',*,*,#4824,.T.);
#3973=ORIENTED_EDGE('',*,*,#4824,.F.);
#3974=ORIENTED_EDGE('',*,*,#4825,.F.);
#3975=ORIENTED_EDGE('',*,*,#4826,.T.);
#3976=ORIENTED_EDGE('',*,*,#4827,.T.);
#3977=ORIENTED_EDGE('',*,*,#4813,.F.);
#3978=ORIENTED_EDGE('',*,*,#4828,.T.);
#3979=ORIENTED_EDGE('',*,*,#4805,.T.);
#3980=ORIENTED_EDGE('',*,*,#4826,.F.);
#3981=ORIENTED_EDGE('',*,*,#4829,.T.);
#3982=ORIENTED_EDGE('',*,*,#4828,.F.);
#3983=ORIENTED_EDGE('',*,*,#4830,.F.);
#3984=ORIENTED_EDGE('',*,*,#4831,.T.);
#3985=ORIENTED_EDGE('',*,*,#4809,.T.);
#3986=ORIENTED_EDGE('',*,*,#4831,.F.);
#3987=ORIENTED_EDGE('',*,*,#4816,.F.);
#3988=ORIENTED_EDGE('',*,*,#4832,.T.);
#3989=ORIENTED_EDGE('',*,*,#4811,.T.);
#3990=ORIENTED_EDGE('',*,*,#4808,.T.);
#3991=ORIENTED_EDGE('',*,*,#4832,.F.);
#3992=ORIENTED_EDGE('',*,*,#4815,.F.);
#3993=ORIENTED_EDGE('',*,*,#4833,.T.);
#3994=ORIENTED_EDGE('',*,*,#4834,.T.);
#3995=ORIENTED_EDGE('',*,*,#4835,.T.);
#3996=ORIENTED_EDGE('',*,*,#4836,.T.);
#3997=ORIENTED_EDGE('',*,*,#4837,.T.);
#3998=ORIENTED_EDGE('',*,*,#4838,.T.);
#3999=ORIENTED_EDGE('',*,*,#4833,.F.);
#4000=ORIENTED_EDGE('',*,*,#4839,.T.);
#4001=ORIENTED_EDGE('',*,*,#4835,.F.);
#4002=ORIENTED_EDGE('',*,*,#4840,.T.);
#4003=ORIENTED_EDGE('',*,*,#4841,.T.);
#4004=ORIENTED_EDGE('',*,*,#4842,.T.);
#4005=ORIENTED_EDGE('',*,*,#4842,.F.);
#4006=ORIENTED_EDGE('',*,*,#4852,.F.);
#4007=ORIENTED_EDGE('',*,*,#4844,.F.);
#4008=ORIENTED_EDGE('',*,*,#4856,.F.);
#4009=ORIENTED_EDGE('',*,*,#4843,.F.);
#4010=ORIENTED_EDGE('',*,*,#4849,.F.);
#4011=ORIENTED_EDGE('',*,*,#4839,.F.);
#4012=ORIENTED_EDGE('',*,*,#4836,.F.);
#4013=ORIENTED_EDGE('',*,*,#4858,.F.);
#4014=ORIENTED_EDGE('',*,*,#4861,.F.);
#4015=ORIENTED_EDGE('',*,*,#4864,.F.);
#4016=ORIENTED_EDGE('',*,*,#4867,.F.);
#4017=ORIENTED_EDGE('',*,*,#4834,.F.);
#4018=ORIENTED_EDGE('',*,*,#4838,.F.);
#4019=ORIENTED_EDGE('',*,*,#4848,.T.);
#4020=ORIENTED_EDGE('',*,*,#4845,.T.);
#4021=ORIENTED_EDGE('',*,*,#4855,.T.);
#4022=ORIENTED_EDGE('',*,*,#4846,.T.);
#4023=ORIENTED_EDGE('',*,*,#4850,.T.);
#4024=ORIENTED_EDGE('',*,*,#4840,.F.);
#4025=ORIENTED_EDGE('',*,*,#4857,.T.);
#4026=ORIENTED_EDGE('',*,*,#4860,.T.);
#4027=ORIENTED_EDGE('',*,*,#4863,.T.);
#4028=ORIENTED_EDGE('',*,*,#4866,.T.);
#4029=ORIENTED_EDGE('',*,*,#4847,.T.);
#4030=ORIENTED_EDGE('',*,*,#4848,.F.);
#4031=ORIENTED_EDGE('',*,*,#4837,.F.);
#4032=ORIENTED_EDGE('',*,*,#4849,.T.);
#4033=ORIENTED_EDGE('',*,*,#4841,.F.);
#4034=ORIENTED_EDGE('',*,*,#4850,.F.);
#4035=ORIENTED_EDGE('',*,*,#4851,.T.);
#4036=ORIENTED_EDGE('',*,*,#4852,.T.);
#4037=ORIENTED_EDGE('',*,*,#4853,.T.);
#4038=ORIENTED_EDGE('',*,*,#4845,.F.);
#4039=ORIENTED_EDGE('',*,*,#4847,.F.);
#4040=ORIENTED_EDGE('',*,*,#4843,.T.);
#4041=ORIENTED_EDGE('',*,*,#4851,.F.);
#4042=ORIENTED_EDGE('',*,*,#4846,.F.);
#4043=ORIENTED_EDGE('',*,*,#4854,.F.);
#4044=ORIENTED_EDGE('',*,*,#4844,.T.);
#4045=ORIENTED_EDGE('',*,*,#4854,.T.);
#4046=ORIENTED_EDGE('',*,*,#4855,.F.);
#4047=ORIENTED_EDGE('',*,*,#4853,.F.);
#4048=ORIENTED_EDGE('',*,*,#4856,.T.);
#4049=ORIENTED_EDGE('',*,*,#4859,.T.);
#4050=ORIENTED_EDGE('',*,*,#4858,.T.);
#4051=ORIENTED_EDGE('',*,*,#4859,.F.);
#4052=ORIENTED_EDGE('',*,*,#4857,.F.);
#4053=ORIENTED_EDGE('',*,*,#4862,.T.);
#4054=ORIENTED_EDGE('',*,*,#4861,.T.);
#4055=ORIENTED_EDGE('',*,*,#4862,.F.);
#4056=ORIENTED_EDGE('',*,*,#4860,.F.);
#4057=ORIENTED_EDGE('',*,*,#4865,.T.);
#4058=ORIENTED_EDGE('',*,*,#4864,.T.);
#4059=ORIENTED_EDGE('',*,*,#4865,.F.);
#4060=ORIENTED_EDGE('',*,*,#4863,.F.);
#4061=ORIENTED_EDGE('',*,*,#4868,.T.);
#4062=ORIENTED_EDGE('',*,*,#4867,.T.);
#4063=ORIENTED_EDGE('',*,*,#4868,.F.);
#4064=ORIENTED_EDGE('',*,*,#4866,.F.);
#4065=ORIENTED_EDGE('',*,*,#4869,.T.);
#4066=ORIENTED_EDGE('',*,*,#4870,.T.);
#4067=ORIENTED_EDGE('',*,*,#4871,.F.);
#4068=ORIENTED_EDGE('',*,*,#4870,.F.);
#4069=ORIENTED_EDGE('',*,*,#4872,.T.);
#4070=ORIENTED_EDGE('',*,*,#4873,.T.);
#4071=ORIENTED_EDGE('',*,*,#4874,.F.);
#4072=ORIENTED_EDGE('',*,*,#4873,.F.);
#4073=ORIENTED_EDGE('',*,*,#4869,.F.);
#4074=ORIENTED_EDGE('',*,*,#4872,.F.);
#4075=ORIENTED_EDGE('',*,*,#4871,.T.);
#4076=ORIENTED_EDGE('',*,*,#4874,.T.);
#4077=EDGE_CURVE('',#5673,#5673,#5427,.T.);
#4078=EDGE_CURVE('',#5674,#5674,#5428,.T.);
#4079=EDGE_CURVE('',#5675,#5675,#5429,.T.);
#4080=EDGE_CURVE('',#5676,#5676,#5430,.T.);
#4081=EDGE_CURVE('',#5677,#5678,#5431,.T.);
#4082=EDGE_CURVE('',#5678,#5679,#5432,.T.);
#4083=EDGE_CURVE('',#5680,#5679,#5433,.T.);
#4084=EDGE_CURVE('',#5677,#5680,#5434,.T.);
#4085=EDGE_CURVE('',#5678,#5681,#5435,.T.);
#4086=EDGE_CURVE('',#5681,#5682,#5436,.T.);
#4087=EDGE_CURVE('',#5679,#5682,#5437,.T.);
#4088=EDGE_CURVE('',#5681,#5683,#5438,.T.);
#4089=EDGE_CURVE('',#5683,#5684,#5439,.T.);
#4090=EDGE_CURVE('',#5682,#5684,#5440,.T.);
#4091=EDGE_CURVE('',#5683,#5685,#5441,.T.);
#4092=EDGE_CURVE('',#5685,#5686,#5442,.T.);
#4093=EDGE_CURVE('',#5684,#5686,#5443,.T.);
#4094=EDGE_CURVE('',#5685,#5687,#5444,.T.);
#4095=EDGE_CURVE('',#5687,#5688,#5445,.T.);
#4096=EDGE_CURVE('',#5686,#5688,#5446,.T.);
#4097=EDGE_CURVE('',#5687,#5689,#5447,.T.);
#4098=EDGE_CURVE('',#5689,#5690,#5448,.T.);
#4099=EDGE_CURVE('',#5688,#5690,#5449,.T.);
#4100=EDGE_CURVE('',#5689,#5691,#5450,.T.);
#4101=EDGE_CURVE('',#5691,#5692,#5451,.T.);
#4102=EDGE_CURVE('',#5690,#5692,#5452,.T.);
#4103=EDGE_CURVE('',#5691,#5677,#5453,.T.);
#4104=EDGE_CURVE('',#5692,#5680,#5454,.T.);
#4105=EDGE_CURVE('',#5695,#5695,#5455,.T.);
#4106=EDGE_CURVE('',#5695,#5693,#5456,.T.);
#4107=EDGE_CURVE('',#5693,#5693,#5457,.T.);
#4108=EDGE_CURVE('',#5673,#5694,#5458,.T.);
#4109=EDGE_CURVE('',#5694,#5694,#5459,.T.);
#4110=EDGE_CURVE('',#5698,#5698,#5460,.T.);
#4111=EDGE_CURVE('',#5698,#5696,#5461,.T.);
#4112=EDGE_CURVE('',#5696,#5696,#5462,.T.);
#4113=EDGE_CURVE('',#5675,#5697,#5463,.T.);
#4114=EDGE_CURVE('',#5697,#5697,#5464,.T.);
#4115=EDGE_CURVE('',#5699,#5700,#4875,.T.);
#4116=EDGE_CURVE('',#5701,#5699,#4876,.T.);
#4117=EDGE_CURVE('',#5702,#5701,#4877,.T.);
#4118=EDGE_CURVE('',#5700,#5702,#4878,.T.);
#4119=EDGE_CURVE('',#5703,#5704,#4879,.T.);
#4120=EDGE_CURVE('',#5705,#5703,#4880,.T.);
#4121=EDGE_CURVE('',#5706,#5705,#4881,.T.);
#4122=EDGE_CURVE('',#5704,#5706,#4882,.T.);
#4123=EDGE_CURVE('',#5699,#5703,#4883,.T.);
#4124=EDGE_CURVE('',#5700,#5704,#4884,.T.);
#4125=EDGE_CURVE('',#5701,#5705,#4885,.T.);
#4126=EDGE_CURVE('',#5702,#5706,#4886,.T.);
#4127=EDGE_CURVE('',#5713,#5714,#4887,.T.);
#4128=EDGE_CURVE('',#5714,#5707,#4888,.T.);
#4129=EDGE_CURVE('',#5708,#5707,#4889,.T.);
#4130=EDGE_CURVE('',#5713,#5708,#4890,.T.);
#4131=EDGE_CURVE('',#5714,#5715,#4891,.T.);
#4132=EDGE_CURVE('',#5715,#5709,#4892,.T.);
#4133=EDGE_CURVE('',#5707,#5709,#4893,.T.);
#4134=EDGE_CURVE('',#5715,#5716,#4894,.T.);
#4135=EDGE_CURVE('',#5716,#5710,#4895,.T.);
#4136=EDGE_CURVE('',#5709,#5710,#4896,.T.);
#4137=EDGE_CURVE('',#5716,#5717,#4897,.T.);
#4138=EDGE_CURVE('',#5717,#5711,#4898,.T.);
#4139=EDGE_CURVE('',#5710,#5711,#4899,.T.);
#4140=EDGE_CURVE('',#5717,#5718,#4900,.T.);
#4141=EDGE_CURVE('',#5718,#5712,#4901,.T.);
#4142=EDGE_CURVE('',#5711,#5712,#4902,.T.);
#4143=EDGE_CURVE('',#5718,#5713,#4903,.T.);
#4144=EDGE_CURVE('',#5712,#5708,#4904,.T.);
#4145=EDGE_CURVE('',#5724,#5719,#4905,.T.);
#4146=EDGE_CURVE('',#5720,#5719,#4906,.T.);
#4147=EDGE_CURVE('',#5723,#5720,#4907,.T.);
#4148=EDGE_CURVE('',#5725,#5721,#4908,.T.);
#4149=EDGE_CURVE('',#5719,#5721,#4909,.T.);
#4150=EDGE_CURVE('',#5726,#5722,#4910,.T.);
#4151=EDGE_CURVE('',#5721,#5722,#4911,.T.);
#4152=EDGE_CURVE('',#5722,#5720,#4912,.T.);
#4153=EDGE_CURVE('',#5723,#5724,#4913,.T.);
#4154=EDGE_CURVE('',#5724,#5725,#4914,.T.);
#4155=EDGE_CURVE('',#5725,#5726,#4915,.T.);
#4156=EDGE_CURVE('',#5726,#5723,#4916,.T.);
#4157=EDGE_CURVE('',#5732,#5727,#4917,.T.);
#4158=EDGE_CURVE('',#5728,#5727,#4918,.T.);
#4159=EDGE_CURVE('',#5731,#5728,#4919,.T.);
#4160=EDGE_CURVE('',#5733,#5729,#4920,.T.);
#4161=EDGE_CURVE('',#5727,#5729,#4921,.T.);
#4162=EDGE_CURVE('',#5734,#5730,#4922,.T.);
#4163=EDGE_CURVE('',#5729,#5730,#4923,.T.);
#4164=EDGE_CURVE('',#5730,#5728,#4924,.T.);
#4165=EDGE_CURVE('',#5731,#5732,#4925,.T.);
#4166=EDGE_CURVE('',#5732,#5733,#4926,.T.);
#4167=EDGE_CURVE('',#5733,#5734,#4927,.T.);
#4168=EDGE_CURVE('',#5734,#5731,#4928,.T.);
#4169=EDGE_CURVE('',#5741,#5742,#4929,.T.);
#4170=EDGE_CURVE('',#5742,#5735,#4930,.T.);
#4171=EDGE_CURVE('',#5736,#5735,#4931,.T.);
#4172=EDGE_CURVE('',#5741,#5736,#4932,.T.);
#4173=EDGE_CURVE('',#5742,#5743,#4933,.T.);
#4174=EDGE_CURVE('',#5743,#5737,#4934,.T.);
#4175=EDGE_CURVE('',#5735,#5737,#4935,.T.);
#4176=EDGE_CURVE('',#5744,#5738,#4936,.T.);
#4177=EDGE_CURVE('',#5737,#5738,#4937,.T.);
#4178=EDGE_CURVE('',#5744,#5741,#4938,.T.);
#4179=EDGE_CURVE('',#5738,#5736,#4939,.T.);
#4180=EDGE_CURVE('',#5746,#5739,#4940,.T.);
#4181=EDGE_CURVE('',#5740,#5739,#4941,.T.);
#4182=EDGE_CURVE('',#5745,#5740,#4942,.T.);
#4183=EDGE_CURVE('',#5746,#5745,#4943,.T.);
#4184=EDGE_CURVE('',#5739,#5740,#4944,.T.);
#4185=EDGE_CURVE('',#5743,#5744,#4945,.T.);
#4186=EDGE_CURVE('',#5745,#5746,#4946,.T.);
#4187=EDGE_CURVE('',#5757,#5758,#4947,.T.);
#4188=EDGE_CURVE('',#5758,#5747,#4948,.T.);
#4189=EDGE_CURVE('',#5748,#5747,#4949,.T.);
#4190=EDGE_CURVE('',#5757,#5748,#4950,.T.);
#4191=EDGE_CURVE('',#5759,#5749,#4951,.T.);
#4192=EDGE_CURVE('',#5747,#5749,#4952,.T.);
#4193=EDGE_CURVE('',#5760,#5750,#4953,.T.);
#4194=EDGE_CURVE('',#5749,#5750,#4954,.T.);
#4195=EDGE_CURVE('',#5761,#5751,#4955,.T.);
#4196=EDGE_CURVE('',#5750,#5751,#4956,.T.);
#4197=EDGE_CURVE('',#5761,#5762,#4957,.T.);
#4198=EDGE_CURVE('',#5762,#5752,#4958,.T.);
#4199=EDGE_CURVE('',#5751,#5752,#4959,.T.);
#4200=EDGE_CURVE('',#5763,#5753,#4960,.T.);
#4201=EDGE_CURVE('',#5752,#5753,#4961,.T.);
#4202=EDGE_CURVE('',#5764,#5754,#4962,.T.);
#4203=EDGE_CURVE('',#5753,#5754,#4963,.T.);
#4204=EDGE_CURVE('',#5765,#5755,#4964,.T.);
#4205=EDGE_CURVE('',#5754,#5755,#4965,.T.);
#4206=EDGE_CURVE('',#5766,#5756,#4966,.T.);
#4207=EDGE_CURVE('',#5755,#5756,#4967,.T.);
#4208=EDGE_CURVE('',#5756,#5748,#4968,.T.);
#4209=EDGE_CURVE('',#5758,#5759,#4969,.T.);
#4210=EDGE_CURVE('',#5759,#5760,#4970,.T.);
#4211=EDGE_CURVE('',#5760,#5761,#4971,.T.);
#4212=EDGE_CURVE('',#5762,#5763,#4972,.T.);
#4213=EDGE_CURVE('',#5763,#5764,#4973,.T.);
#4214=EDGE_CURVE('',#5764,#5765,#4974,.T.);
#4215=EDGE_CURVE('',#5765,#5766,#4975,.T.);
#4216=EDGE_CURVE('',#5766,#5757,#4976,.T.);
#4217=EDGE_CURVE('',#5777,#5778,#4977,.T.);
#4218=EDGE_CURVE('',#5778,#5767,#4978,.T.);
#4219=EDGE_CURVE('',#5768,#5767,#4979,.T.);
#4220=EDGE_CURVE('',#5777,#5768,#4980,.T.);
#4221=EDGE_CURVE('',#5779,#5769,#4981,.T.);
#4222=EDGE_CURVE('',#5767,#5769,#4982,.T.);
#4223=EDGE_CURVE('',#5780,#5770,#4983,.T.);
#4224=EDGE_CURVE('',#5769,#5770,#4984,.T.);
#4225=EDGE_CURVE('',#5781,#5771,#4985,.T.);
#4226=EDGE_CURVE('',#5770,#5771,#4986,.T.);
#4227=EDGE_CURVE('',#5781,#5782,#4987,.T.);
#4228=EDGE_CURVE('',#5782,#5772,#4988,.T.);
#4229=EDGE_CURVE('',#5771,#5772,#4989,.T.);
#4230=EDGE_CURVE('',#5783,#5773,#4990,.T.);
#4231=EDGE_CURVE('',#5772,#5773,#4991,.T.);
#4232=EDGE_CURVE('',#5784,#5774,#4992,.T.);
#4233=EDGE_CURVE('',#5773,#5774,#4993,.T.);
#4234=EDGE_CURVE('',#5785,#5775,#4994,.T.);
#4235=EDGE_CURVE('',#5774,#5775,#4995,.T.);
#4236=EDGE_CURVE('',#5786,#5776,#4996,.T.);
#4237=EDGE_CURVE('',#5775,#5776,#4997,.T.);
#4238=EDGE_CURVE('',#5776,#5768,#4998,.T.);
#4239=EDGE_CURVE('',#5778,#5779,#4999,.T.);
#4240=EDGE_CURVE('',#5779,#5780,#5000,.T.);
#4241=EDGE_CURVE('',#5780,#5781,#5001,.T.);
#4242=EDGE_CURVE('',#5782,#5783,#5002,.T.);
#4243=EDGE_CURVE('',#5783,#5784,#5003,.T.);
#4244=EDGE_CURVE('',#5784,#5785,#5004,.T.);
#4245=EDGE_CURVE('',#5785,#5786,#5005,.T.);
#4246=EDGE_CURVE('',#5786,#5777,#5006,.T.);
#4247=EDGE_CURVE('',#5800,#5801,#5007,.T.);
#4248=EDGE_CURVE('',#5801,#5787,#5008,.T.);
#4249=EDGE_CURVE('',#5788,#5787,#5009,.T.);
#4250=EDGE_CURVE('',#5800,#5788,#5010,.T.);
#4251=EDGE_CURVE('',#5801,#5802,#5011,.T.);
#4252=EDGE_CURVE('',#5802,#5789,#5012,.T.);
#4253=EDGE_CURVE('',#5787,#5789,#5013,.T.);
#4254=EDGE_CURVE('',#5802,#5803,#5014,.T.);
#4255=EDGE_CURVE('',#5803,#5790,#5015,.T.);
#4256=EDGE_CURVE('',#5789,#5790,#5016,.T.);
#4257=EDGE_CURVE('',#5803,#5804,#5017,.T.);
#4258=EDGE_CURVE('',#5804,#5791,#5018,.T.);
#4259=EDGE_CURVE('',#5790,#5791,#5019,.T.);
#4260=EDGE_CURVE('',#5804,#5805,#5020,.T.);
#4261=EDGE_CURVE('',#5805,#5792,#5021,.T.);
#4262=EDGE_CURVE('',#5791,#5792,#5022,.T.);
#4263=EDGE_CURVE('',#5805,#5806,#5023,.T.);
#4264=EDGE_CURVE('',#5806,#5793,#5024,.T.);
#4265=EDGE_CURVE('',#5792,#5793,#5025,.T.);
#4266=EDGE_CURVE('',#5807,#5794,#5026,.T.);
#4267=EDGE_CURVE('',#5793,#5794,#5027,.T.);
#4268=EDGE_CURVE('',#5807,#5808,#5028,.T.);
#4269=EDGE_CURVE('',#5808,#5795,#5029,.T.);
#4270=EDGE_CURVE('',#5794,#5795,#5030,.T.);
#4271=EDGE_CURVE('',#5809,#5796,#5031,.T.);
#4272=EDGE_CURVE('',#5795,#5796,#5032,.T.);
#4273=EDGE_CURVE('',#5809,#5800,#5033,.T.);
#4274=EDGE_CURVE('',#5796,#5788,#5034,.T.);
#4275=EDGE_CURVE('',#5810,#5811,#5035,.T.);
#4276=EDGE_CURVE('',#5811,#5797,#5036,.T.);
#4277=EDGE_CURVE('',#5798,#5797,#5037,.T.);
#4278=EDGE_CURVE('',#5810,#5798,#5038,.T.);
#4279=EDGE_CURVE('',#5811,#5812,#5039,.T.);
#4280=EDGE_CURVE('',#5812,#5799,#5040,.T.);
#4281=EDGE_CURVE('',#5797,#5799,#5041,.T.);
#4282=EDGE_CURVE('',#5799,#5798,#5042,.T.);
#4283=EDGE_CURVE('',#5806,#5807,#5043,.T.);
#4284=EDGE_CURVE('',#5808,#5809,#5044,.T.);
#4285=EDGE_CURVE('',#5812,#5810,#5045,.T.);
#4286=EDGE_CURVE('',#5813,#5814,#5465,.T.);
#4287=EDGE_CURVE('',#5814,#5815,#5466,.T.);
#4288=EDGE_CURVE('',#5816,#5815,#5467,.T.);
#4289=EDGE_CURVE('',#5813,#5816,#5468,.T.);
#4290=EDGE_CURVE('',#5814,#5817,#5469,.T.);
#4291=EDGE_CURVE('',#5817,#5818,#5470,.T.);
#4292=EDGE_CURVE('',#5815,#5818,#5471,.T.);
#4293=EDGE_CURVE('',#5817,#5819,#5472,.T.);
#4294=EDGE_CURVE('',#5819,#5820,#5473,.T.);
#4295=EDGE_CURVE('',#5818,#5820,#5474,.T.);
#4296=EDGE_CURVE('',#5819,#5821,#5475,.T.);
#4297=EDGE_CURVE('',#5821,#5822,#5476,.T.);
#4298=EDGE_CURVE('',#5820,#5822,#5477,.T.);
#4299=EDGE_CURVE('',#5821,#5823,#5478,.T.);
#4300=EDGE_CURVE('',#5823,#5824,#5479,.T.);
#4301=EDGE_CURVE('',#5822,#5824,#5480,.T.);
#4302=EDGE_CURVE('',#5823,#5825,#5481,.T.);
#4303=EDGE_CURVE('',#5825,#5826,#5482,.T.);
#4304=EDGE_CURVE('',#5824,#5826,#5483,.T.);
#4305=EDGE_CURVE('',#5825,#5827,#5484,.T.);
#4306=EDGE_CURVE('',#5827,#5828,#5485,.T.);
#4307=EDGE_CURVE('',#5826,#5828,#5486,.T.);
#4308=EDGE_CURVE('',#5827,#5813,#5487,.T.);
#4309=EDGE_CURVE('',#5828,#5816,#5488,.T.);
#4310=EDGE_CURVE('',#5829,#5829,#5489,.T.);
#4311=EDGE_CURVE('',#5829,#5830,#5490,.T.);
#4312=EDGE_CURVE('',#5830,#5830,#5491,.T.);
#4313=EDGE_CURVE('',#5831,#5831,#5492,.T.);
#4314=EDGE_CURVE('',#5831,#5832,#5493,.T.);
#4315=EDGE_CURVE('',#5832,#5832,#5494,.T.);
#4316=EDGE_CURVE('',#5833,#5833,#5495,.T.);
#4317=EDGE_CURVE('',#5834,#5835,#5496,.T.);
#4318=EDGE_CURVE('',#5835,#5835,#5497,.T.);
#4319=EDGE_CURVE('',#5834,#5834,#5498,.T.);
#4320=EDGE_CURVE('',#5836,#5835,#5499,.T.);
#4321=EDGE_CURVE('',#5836,#5836,#5500,.T.);
#4322=EDGE_CURVE('',#5838,#5839,#5501,.T.);
#4323=EDGE_CURVE('',#5839,#5839,#5502,.T.);
#4324=EDGE_CURVE('',#5838,#5838,#5503,.T.);
#4325=EDGE_CURVE('',#5839,#5840,#5504,.T.);
#4326=EDGE_CURVE('',#5840,#5840,#5505,.T.);
#4327=EDGE_CURVE('',#5840,#5841,#5506,.T.);
#4328=EDGE_CURVE('',#5841,#5841,#5507,.T.);
#4329=EDGE_CURVE('',#5841,#5837,#5508,.T.);
#4330=EDGE_CURVE('',#5837,#5837,#5509,.T.);
#4331=EDGE_CURVE('',#5842,#5842,#5510,.T.);
#4332=EDGE_CURVE('',#5842,#5833,#5046,.T.);
#4333=EDGE_CURVE('',#5843,#5844,#5511,.T.);
#4334=EDGE_CURVE('',#5844,#5845,#5512,.T.);
#4335=EDGE_CURVE('',#5846,#5845,#5513,.T.);
#4336=EDGE_CURVE('',#5843,#5846,#5514,.T.);
#4337=EDGE_CURVE('',#5844,#5847,#5515,.T.);
#4338=EDGE_CURVE('',#5847,#5848,#5516,.T.);
#4339=EDGE_CURVE('',#5845,#5848,#5517,.T.);
#4340=EDGE_CURVE('',#5847,#5849,#5518,.T.);
#4341=EDGE_CURVE('',#5849,#5850,#5519,.T.);
#4342=EDGE_CURVE('',#5848,#5850,#5520,.T.);
#4343=EDGE_CURVE('',#5849,#5851,#5521,.T.);
#4344=EDGE_CURVE('',#5851,#5852,#5522,.T.);
#4345=EDGE_CURVE('',#5850,#5852,#5523,.T.);
#4346=EDGE_CURVE('',#5851,#5853,#5524,.T.);
#4347=EDGE_CURVE('',#5853,#5854,#5525,.T.);
#4348=EDGE_CURVE('',#5852,#5854,#5526,.T.);
#4349=EDGE_CURVE('',#5853,#5855,#5527,.T.);
#4350=EDGE_CURVE('',#5855,#5856,#5528,.T.);
#4351=EDGE_CURVE('',#5854,#5856,#5529,.T.);
#4352=EDGE_CURVE('',#5855,#5857,#5530,.T.);
#4353=EDGE_CURVE('',#5857,#5858,#5531,.T.);
#4354=EDGE_CURVE('',#5856,#5858,#5532,.T.);
#4355=EDGE_CURVE('',#5857,#5843,#5533,.T.);
#4356=EDGE_CURVE('',#5858,#5846,#5534,.T.);
#4357=EDGE_CURVE('',#5859,#5860,#5535,.T.);
#4358=EDGE_CURVE('',#5860,#5861,#5536,.T.);
#4359=EDGE_CURVE('',#5862,#5861,#5537,.T.);
#4360=EDGE_CURVE('',#5859,#5862,#5538,.T.);
#4361=EDGE_CURVE('',#5860,#5863,#5539,.T.);
#4362=EDGE_CURVE('',#5863,#5864,#5540,.T.);
#4363=EDGE_CURVE('',#5861,#5864,#5541,.T.);
#4364=EDGE_CURVE('',#5863,#5865,#5542,.T.);
#4365=EDGE_CURVE('',#5865,#5866,#5543,.T.);
#4366=EDGE_CURVE('',#5864,#5866,#5544,.T.);
#4367=EDGE_CURVE('',#5865,#5867,#5545,.T.);
#4368=EDGE_CURVE('',#5867,#5868,#5546,.T.);
#4369=EDGE_CURVE('',#5866,#5868,#5547,.T.);
#4370=EDGE_CURVE('',#5867,#5869,#5548,.T.);
#4371=EDGE_CURVE('',#5869,#5870,#5549,.T.);
#4372=EDGE_CURVE('',#5868,#5870,#5550,.T.);
#4373=EDGE_CURVE('',#5869,#5871,#5551,.T.);
#4374=EDGE_CURVE('',#5871,#5872,#5552,.T.);
#4375=EDGE_CURVE('',#5870,#5872,#5553,.T.);
#4376=EDGE_CURVE('',#5871,#5873,#5554,.T.);
#4377=EDGE_CURVE('',#5873,#5874,#5555,.T.);
#4378=EDGE_CURVE('',#5872,#5874,#5556,.T.);
#4379=EDGE_CURVE('',#5873,#5859,#5557,.T.);
#4380=EDGE_CURVE('',#5874,#5862,#5558,.T.);
#4381=EDGE_CURVE('',#5875,#5875,#5559,.T.);
#4382=EDGE_CURVE('',#5876,#5876,#5560,.T.);
#4383=EDGE_CURVE('',#5876,#5878,#5561,.T.);
#4384=EDGE_CURVE('',#5877,#5877,#5562,.T.);
#4385=EDGE_CURVE('',#5878,#5878,#5563,.T.);
#4386=EDGE_CURVE('',#5877,#5875,#5564,.T.);
#4387=EDGE_CURVE('',#5879,#5879,#5565,.T.);
#4388=EDGE_CURVE('',#5879,#5880,#5566,.T.);
#4389=EDGE_CURVE('',#5880,#5880,#5567,.T.);
#4390=EDGE_CURVE('',#5881,#5881,#5568,.T.);
#4391=EDGE_CURVE('',#5881,#5882,#5569,.T.);
#4392=EDGE_CURVE('',#5882,#5882,#5570,.T.);
#4393=EDGE_CURVE('',#5883,#5884,#5047,.T.);
#4394=EDGE_CURVE('',#5884,#5885,#5048,.T.);
#4395=EDGE_CURVE('',#5885,#5886,#5049,.T.);
#4396=EDGE_CURVE('',#5886,#5887,#5050,.T.);
#4397=EDGE_CURVE('',#5887,#5888,#5051,.T.);
#4398=EDGE_CURVE('',#5888,#5889,#5052,.T.);
#4399=EDGE_CURVE('',#5889,#5890,#5053,.T.);
#4400=EDGE_CURVE('',#5890,#5883,#5054,.T.);
#4401=EDGE_CURVE('',#5883,#5891,#5055,.T.);
#4402=EDGE_CURVE('',#5891,#5892,#5056,.T.);
#4403=EDGE_CURVE('',#5892,#5884,#5057,.T.);
#4404=EDGE_CURVE('',#5893,#5894,#5058,.T.);
#4405=EDGE_CURVE('',#5894,#5890,#5059,.T.);
#4406=EDGE_CURVE('',#5895,#5896,#5060,.T.);
#4407=EDGE_CURVE('',#5896,#5884,#5571,.T.);
#4408=EDGE_CURVE('',#5897,#5898,#5572,.T.);
#4409=EDGE_CURVE('',#5898,#5890,#5573,.T.);
#4410=EDGE_CURVE('',#5889,#5899,#5574,.T.);
#4411=EDGE_CURVE('',#5899,#5900,#5575,.T.);
#4412=EDGE_CURVE('',#5900,#5897,#5061,.T.);
#4413=EDGE_CURVE('',#5886,#5901,#5062,.T.);
#4414=EDGE_CURVE('',#5901,#5902,#5063,.T.);
#4415=EDGE_CURVE('',#5902,#5885,#5064,.T.);
#4416=EDGE_CURVE('',#5900,#5903,#5065,.T.);
#4417=EDGE_CURVE('',#5904,#5905,#5066,.T.);
#4418=EDGE_CURVE('',#5905,#5906,#5067,.T.);
#4419=EDGE_CURVE('',#5906,#5907,#5068,.T.);
#4420=EDGE_CURVE('',#5907,#5904,#5069,.T.);
#4421=EDGE_CURVE('',#5908,#5909,#5070,.T.);
#4422=EDGE_CURVE('',#5909,#5910,#5071,.T.);
#4423=EDGE_CURVE('',#5910,#5911,#5072,.T.);
#4424=EDGE_CURVE('',#5911,#5912,#5073,.T.);
#4425=EDGE_CURVE('',#5912,#5913,#5074,.T.);
#4426=EDGE_CURVE('',#5913,#5914,#5075,.T.);
#4427=EDGE_CURVE('',#5914,#5915,#5076,.T.);
#4428=EDGE_CURVE('',#5915,#5916,#5077,.T.);
#4429=EDGE_CURVE('',#5916,#5917,#5078,.T.);
#4430=EDGE_CURVE('',#5917,#5918,#5079,.T.);
#4431=EDGE_CURVE('',#5918,#5919,#5080,.T.);
#4432=EDGE_CURVE('',#5919,#5908,#5081,.T.);
#4433=EDGE_CURVE('',#5887,#5920,#5082,.T.);
#4434=EDGE_CURVE('',#5920,#5921,#5083,.T.);
#4435=EDGE_CURVE('',#5921,#5886,#5576,.T.);
#4436=EDGE_CURVE('',#5903,#5888,#5577,.T.);
#4437=EDGE_CURVE('',#5887,#5922,#5578,.T.);
#4438=EDGE_CURVE('',#5922,#5903,#5084,.T.);
#4439=EDGE_CURVE('',#5923,#5893,#5085,.T.);
#4440=EDGE_CURVE('',#5883,#5893,#5579,.T.);
#4441=EDGE_CURVE('',#5896,#5924,#5086,.T.);
#4442=EDGE_CURVE('',#5925,#5926,#5087,.T.);
#4443=EDGE_CURVE('',#5926,#5892,#5088,.T.);
#4444=EDGE_CURVE('',#5891,#5925,#5089,.T.);
#4445=EDGE_CURVE('',#5894,#5927,#5580,.T.);
#4446=EDGE_CURVE('',#5927,#5898,#5581,.T.);
#4447=EDGE_CURVE('',#5923,#5929,#5090,.T.);
#4448=EDGE_CURVE('',#5929,#5930,#5091,.T.);
#4449=EDGE_CURVE('',#5930,#5931,#5092,.T.);
#4450=EDGE_CURVE('',#5931,#5932,#5093,.T.);
#4451=EDGE_CURVE('',#5932,#5928,#5094,.T.);
#4452=EDGE_CURVE('',#5885,#5895,#5582,.T.);
#4453=EDGE_CURVE('',#5902,#5933,#5583,.T.);
#4454=EDGE_CURVE('',#5933,#5895,#5095,.T.);
#4455=EDGE_CURVE('',#5934,#5935,#5096,.T.);
#4456=EDGE_CURVE('',#5935,#5936,#5097,.T.);
#4457=EDGE_CURVE('',#5936,#5937,#5098,.T.);
#4458=EDGE_CURVE('',#5937,#5938,#5099,.T.);
#4459=EDGE_CURVE('',#5938,#5939,#5100,.T.);
#4460=EDGE_CURVE('',#5939,#5940,#5101,.T.);
#4461=EDGE_CURVE('',#5940,#5941,#5102,.T.);
#4462=EDGE_CURVE('',#5941,#5942,#5103,.T.);
#4463=EDGE_CURVE('',#5942,#5943,#5104,.T.);
#4464=EDGE_CURVE('',#5943,#5924,#5105,.T.);
#4465=EDGE_CURVE('',#5933,#5944,#5106,.T.);
#4466=EDGE_CURVE('',#5944,#5945,#5107,.T.);
#4467=EDGE_CURVE('',#5945,#5946,#5108,.T.);
#4468=EDGE_CURVE('',#5946,#5947,#5109,.T.);
#4469=EDGE_CURVE('',#5947,#5948,#5110,.T.);
#4470=EDGE_CURVE('',#5948,#5949,#5111,.T.);
#4471=EDGE_CURVE('',#5949,#5950,#5112,.T.);
#4472=EDGE_CURVE('',#5950,#5934,#5113,.T.);
#4473=EDGE_CURVE('',#5951,#5952,#5114,.T.);
#4474=EDGE_CURVE('',#5952,#5953,#5115,.T.);
#4475=EDGE_CURVE('',#5953,#5954,#5116,.T.);
#4476=EDGE_CURVE('',#5954,#5951,#5117,.T.);
#4477=EDGE_CURVE('',#5955,#5956,#5118,.T.);
#4478=EDGE_CURVE('',#5956,#5957,#5119,.T.);
#4479=EDGE_CURVE('',#5957,#5958,#5120,.T.);
#4480=EDGE_CURVE('',#5958,#5955,#5121,.T.);
#4481=EDGE_CURVE('',#5959,#5960,#5122,.T.);
#4482=EDGE_CURVE('',#5960,#5897,#5123,.T.);
#4483=EDGE_CURVE('',#5922,#5961,#5124,.T.);
#4484=EDGE_CURVE('',#5961,#5962,#5125,.T.);
#4485=EDGE_CURVE('',#5962,#5959,#5126,.T.);
#4486=EDGE_CURVE('',#5928,#5927,#5584,.T.);
#4487=EDGE_CURVE('',#5921,#5963,#5127,.T.);
#4488=EDGE_CURVE('',#5963,#5901,#5585,.T.);
#4489=EDGE_CURVE('',#5902,#5964,#5128,.T.);
#4490=EDGE_CURVE('',#5964,#5965,#5129,.T.);
#4491=EDGE_CURVE('',#5965,#5901,#5130,.T.);
#4492=EDGE_CURVE('',#5966,#5905,#5131,.T.);
#4493=EDGE_CURVE('',#5904,#5967,#5132,.T.);
#4494=EDGE_CURVE('',#5967,#5968,#5133,.T.);
#4495=EDGE_CURVE('',#5968,#5969,#5134,.T.);
#4496=EDGE_CURVE('',#5969,#5970,#5135,.T.);
#4497=EDGE_CURVE('',#5970,#5971,#5136,.T.);
#4498=EDGE_CURVE('',#5971,#5966,#5137,.T.);
#4499=EDGE_CURVE('',#5967,#5972,#5138,.T.);
#4500=EDGE_CURVE('',#5972,#5907,#5139,.T.);
#4501=EDGE_CURVE('',#5906,#5973,#5140,.T.);
#4502=EDGE_CURVE('',#5973,#5974,#5141,.T.);
#4503=EDGE_CURVE('',#5974,#5975,#5142,.T.);
#4504=EDGE_CURVE('',#5975,#5976,#5143,.T.);
#4505=EDGE_CURVE('',#5976,#5977,#5144,.T.);
#4506=EDGE_CURVE('',#5977,#5972,#5145,.T.);
#4507=EDGE_CURVE('',#5973,#5966,#5146,.T.);
#4508=EDGE_CURVE('',#5909,#5978,#5147,.T.);
#4509=EDGE_CURVE('',#5978,#5979,#5148,.T.);
#4510=EDGE_CURVE('',#5979,#5980,#5149,.T.);
#4511=EDGE_CURVE('',#5980,#5981,#5150,.T.);
#4512=EDGE_CURVE('',#5981,#5982,#5151,.T.);
#4513=EDGE_CURVE('',#5982,#5983,#5152,.T.);
#4514=EDGE_CURVE('',#5983,#5908,#5153,.T.);
#4515=EDGE_CURVE('',#5984,#5919,#5154,.T.);
#4516=EDGE_CURVE('',#5983,#5985,#5155,.T.);
#4517=EDGE_CURVE('',#5985,#5984,#5156,.T.);
#4518=EDGE_CURVE('',#5986,#5987,#5157,.T.);
#4519=EDGE_CURVE('',#5988,#5918,#5158,.T.);
#4520=EDGE_CURVE('',#5989,#5990,#5159,.T.);
#4521=EDGE_CURVE('',#5990,#5981,#5160,.T.);
#4522=EDGE_CURVE('',#5916,#5992,#5161,.T.);
#4523=EDGE_CURVE('',#5992,#5989,#5162,.T.);
#4524=EDGE_CURVE('',#5917,#5989,#5163,.T.);
#4525=EDGE_CURVE('',#5992,#5915,#5164,.T.);
#4526=EDGE_CURVE('',#5990,#5993,#5165,.T.);
#4527=EDGE_CURVE('',#5993,#5994,#5166,.T.);
#4528=EDGE_CURVE('',#5994,#5995,#5167,.T.);
#4529=EDGE_CURVE('',#5995,#5914,#5168,.T.);
#4530=EDGE_CURVE('',#5995,#5913,#5169,.T.);
#4531=EDGE_CURVE('',#5912,#5994,#5170,.T.);
#4532=EDGE_CURVE('',#5980,#5993,#5171,.T.);
#4533=EDGE_CURVE('',#5998,#5999,#5172,.T.);
#4534=EDGE_CURVE('',#6000,#5910,#5173,.T.);
#4535=EDGE_CURVE('',#5911,#5997,#5174,.T.);
#4536=EDGE_CURVE('',#6000,#6001,#5175,.T.);
#4537=EDGE_CURVE('',#6001,#5978,#5176,.T.);
#4538=EDGE_CURVE('',#6002,#5963,#5177,.T.);
#4539=EDGE_CURVE('',#6003,#6004,#5178,.T.);
#4540=EDGE_CURVE('',#6004,#6005,#5179,.T.);
#4541=EDGE_CURVE('',#6005,#6006,#5180,.T.);
#4542=EDGE_CURVE('',#6006,#6007,#5181,.T.);
#4543=EDGE_CURVE('',#6007,#6002,#5182,.T.);
#4544=EDGE_CURVE('',#5920,#6003,#5586,.T.);
#4545=EDGE_CURVE('',#5891,#5923,#5587,.T.);
#4546=EDGE_CURVE('',#5943,#5926,#5588,.T.);
#4547=EDGE_CURVE('',#5924,#5892,#5589,.T.);
#4548=EDGE_CURVE('',#5925,#6008,#5183,.T.);
#4549=EDGE_CURVE('',#6008,#6009,#5184,.T.);
#4550=EDGE_CURVE('',#6009,#5926,#5185,.T.);
#4551=EDGE_CURVE('',#5932,#5960,#5590,.T.);
#4552=EDGE_CURVE('',#5928,#5897,#5186,.T.);
#4553=EDGE_CURVE('',#5931,#6010,#5591,.T.);
#4554=EDGE_CURVE('',#6010,#5960,#5187,.T.);
#4555=EDGE_CURVE('',#5930,#6008,#5592,.T.);
#4556=EDGE_CURVE('',#6008,#6010,#5188,.T.);
#4557=EDGE_CURVE('',#5925,#5929,#5593,.T.);
#4558=EDGE_CURVE('',#5964,#5944,#5594,.T.);
#4559=EDGE_CURVE('',#6011,#5962,#5189,.T.);
#4560=EDGE_CURVE('',#5962,#5935,#5595,.T.);
#4561=EDGE_CURVE('',#6012,#6011,#5190,.T.);
#4562=EDGE_CURVE('',#5934,#6011,#5596,.T.);
#4563=EDGE_CURVE('',#5949,#6013,#5597,.T.);
#4564=EDGE_CURVE('',#6013,#6014,#5191,.T.);
#4565=EDGE_CURVE('',#6014,#5946,#5598,.T.);
#4566=EDGE_CURVE('',#6015,#6012,#5192,.T.);
#4567=EDGE_CURVE('',#5950,#6012,#5599,.T.);
#4568=EDGE_CURVE('',#5949,#5946,#5193,.T.);
#4569=EDGE_CURVE('',#5964,#6015,#5194,.T.);
#4570=EDGE_CURVE('',#5945,#6015,#5600,.T.);
#4571=EDGE_CURVE('',#5942,#6016,#5601,.T.);
#4572=EDGE_CURVE('',#6016,#6017,#5195,.T.);
#4573=EDGE_CURVE('',#6017,#5939,#5602,.T.);
#4574=EDGE_CURVE('',#5942,#5939,#5196,.T.);
#4575=EDGE_CURVE('',#6018,#6009,#5197,.T.);
#4576=EDGE_CURVE('',#5938,#6009,#5603,.T.);
#4577=EDGE_CURVE('',#5959,#6018,#5198,.T.);
#4578=EDGE_CURVE('',#5937,#6018,#5604,.T.);
#4579=EDGE_CURVE('',#5936,#5959,#5605,.T.);
#4580=EDGE_CURVE('',#6018,#6010,#5199,.T.);
#4581=EDGE_CURVE('',#5961,#6019,#5200,.T.);
#4582=EDGE_CURVE('',#6019,#6011,#5201,.T.);
#4583=EDGE_CURVE('',#5922,#6003,#5202,.T.);
#4584=EDGE_CURVE('',#5961,#6004,#5606,.T.);
#4585=EDGE_CURVE('',#6002,#5965,#5607,.T.);
#4586=EDGE_CURVE('',#6015,#6020,#5203,.T.);
#4587=EDGE_CURVE('',#6020,#5965,#5204,.T.);
#4588=EDGE_CURVE('',#5974,#5971,#5205,.T.);
#4589=EDGE_CURVE('',#5975,#5970,#5206,.T.);
#4590=EDGE_CURVE('',#5969,#5976,#5207,.T.);
#4591=EDGE_CURVE('',#5977,#5968,#5208,.T.);
#4592=EDGE_CURVE('',#6021,#6022,#5209,.T.);
#4593=EDGE_CURVE('',#5982,#5991,#5210,.T.);
#4594=EDGE_CURVE('',#6023,#6024,#5211,.T.);
#4595=EDGE_CURVE('',#5996,#5979,#5212,.T.);
#4596=EDGE_CURVE('',#5986,#6021,#5213,.T.);
#4597=EDGE_CURVE('',#5985,#6021,#5608,.T.);
#4598=EDGE_CURVE('',#5984,#5986,#5609,.T.);
#4599=EDGE_CURVE('',#5991,#5988,#5214,.T.);
#4600=EDGE_CURVE('',#6022,#5991,#5610,.T.);
#4601=EDGE_CURVE('',#6022,#5987,#5215,.T.);
#4602=EDGE_CURVE('',#5987,#5988,#5611,.T.);
#4603=EDGE_CURVE('',#5998,#6023,#5216,.T.);
#4604=EDGE_CURVE('',#5996,#6023,#5612,.T.);
#4605=EDGE_CURVE('',#5997,#5996,#5217,.T.);
#4606=EDGE_CURVE('',#5997,#5998,#5613,.T.);
#4607=EDGE_CURVE('',#6024,#6001,#5614,.T.);
#4608=EDGE_CURVE('',#6024,#5999,#5218,.T.);
#4609=EDGE_CURVE('',#5999,#6000,#5615,.T.);
#4610=EDGE_CURVE('',#6007,#6020,#5616,.T.);
#4611=EDGE_CURVE('',#6006,#6025,#5617,.T.);
#4612=EDGE_CURVE('',#6025,#6020,#5219,.T.);
#4613=EDGE_CURVE('',#6005,#6019,#5618,.T.);
#4614=EDGE_CURVE('',#6019,#6025,#5220,.T.);
#4615=EDGE_CURVE('',#6025,#6012,#5221,.T.);
#4616=EDGE_CURVE('',#6026,#5949,#5222,.T.);
#4617=EDGE_CURVE('',#6013,#6027,#5223,.T.);
#4618=EDGE_CURVE('',#6027,#6026,#5224,.T.);
#4619=EDGE_CURVE('',#6027,#6028,#5225,.T.);
#4620=EDGE_CURVE('',#6028,#6014,#5226,.T.);
#4621=EDGE_CURVE('',#5946,#6029,#5227,.T.);
#4622=EDGE_CURVE('',#6029,#6028,#5228,.T.);
#4623=EDGE_CURVE('',#6026,#6029,#5229,.T.);
#4624=EDGE_CURVE('',#6030,#5942,#5230,.T.);
#4625=EDGE_CURVE('',#6016,#6031,#5231,.T.);
#4626=EDGE_CURVE('',#6031,#6030,#5232,.T.);
#4627=EDGE_CURVE('',#6031,#6032,#5233,.T.);
#4628=EDGE_CURVE('',#6032,#6017,#5234,.T.);
#4629=EDGE_CURVE('',#5939,#6033,#5235,.T.);
#4630=EDGE_CURVE('',#6033,#6032,#5236,.T.);
#4631=EDGE_CURVE('',#6030,#6033,#5237,.T.);
#4632=EDGE_CURVE('',#6035,#6036,#5238,.T.);
#4633=EDGE_CURVE('',#6037,#6034,#5239,.T.);
#4634=EDGE_CURVE('',#6038,#6039,#5240,.T.);
#4635=EDGE_CURVE('',#6039,#6040,#5241,.T.);
#4636=EDGE_CURVE('',#6040,#6034,#5242,.T.);
#4637=EDGE_CURVE('',#6034,#6035,#5243,.T.);
#4638=EDGE_CURVE('',#6035,#6041,#5244,.T.);
#4639=EDGE_CURVE('',#6041,#6038,#5245,.T.);
#4640=EDGE_CURVE('',#6042,#6043,#5246,.T.);
#4641=EDGE_CURVE('',#6043,#6044,#5247,.T.);
#4642=EDGE_CURVE('',#6044,#6045,#5248,.T.);
#4643=EDGE_CURVE('',#6045,#6034,#5249,.T.);
#4644=EDGE_CURVE('',#6037,#6046,#5250,.T.);
#4645=EDGE_CURVE('',#6046,#6047,#5251,.T.);
#4646=EDGE_CURVE('',#6047,#6048,#5252,.T.);
#4647=EDGE_CURVE('',#6048,#6049,#5253,.T.);
#4648=EDGE_CURVE('',#6049,#6042,#5254,.T.);
#4649=EDGE_CURVE('',#6036,#6050,#5255,.T.);
#4650=EDGE_CURVE('',#6050,#6041,#5256,.T.);
#4651=EDGE_CURVE('',#6036,#6037,#5257,.T.);
#4652=EDGE_CURVE('',#6037,#6051,#5258,.T.);
#4653=EDGE_CURVE('',#6051,#6052,#5259,.T.);
#4654=EDGE_CURVE('',#6052,#6053,#5260,.T.);
#4655=EDGE_CURVE('',#6053,#6050,#5261,.T.);
#4656=EDGE_CURVE('',#6038,#6054,#5262,.T.);
#4657=EDGE_CURVE('',#6054,#6055,#5263,.T.);
#4658=EDGE_CURVE('',#6055,#6039,#5264,.T.);
#4659=EDGE_CURVE('',#6053,#6038,#5265,.T.);
#4660=EDGE_CURVE('',#6039,#6056,#5619,.T.);
#4661=EDGE_CURVE('',#6056,#6057,#5266,.T.);
#4662=EDGE_CURVE('',#6057,#6040,#5620,.T.);
#4663=EDGE_CURVE('',#6058,#6045,#5267,.T.);
#4664=EDGE_CURVE('',#6040,#6058,#5268,.T.);
#4665=EDGE_CURVE('',#6059,#6060,#5269,.T.);
#4666=EDGE_CURVE('',#6061,#6062,#5270,.T.);
#4667=EDGE_CURVE('',#6063,#6064,#5271,.T.);
#4668=EDGE_CURVE('',#6064,#6045,#5272,.T.);
#4669=EDGE_CURVE('',#6042,#6059,#5273,.T.);
#4670=EDGE_CURVE('',#6065,#6042,#5274,.T.);
#4671=EDGE_CURVE('',#6049,#6066,#5275,.T.);
#4672=EDGE_CURVE('',#6066,#6067,#5276,.T.);
#4673=EDGE_CURVE('',#6067,#6068,#5277,.T.);
#4674=EDGE_CURVE('',#6068,#6069,#5278,.T.);
#4675=EDGE_CURVE('',#6069,#6070,#5279,.T.);
#4676=EDGE_CURVE('',#6070,#6071,#5280,.T.);
#4677=EDGE_CURVE('',#6071,#6072,#5281,.T.);
#4678=EDGE_CURVE('',#6072,#6073,#5282,.T.);
#4679=EDGE_CURVE('',#6073,#6074,#5283,.T.);
#4680=EDGE_CURVE('',#6074,#6065,#5284,.T.);
#4681=EDGE_CURVE('',#6075,#6076,#5285,.T.);
#4682=EDGE_CURVE('',#6078,#6079,#5286,.T.);
#4683=EDGE_CURVE('',#6079,#6049,#5287,.T.);
#4684=EDGE_CURVE('',#6046,#6080,#5288,.T.);
#4685=EDGE_CURVE('',#6080,#6081,#5289,.T.);
#4686=EDGE_CURVE('',#6082,#6083,#5290,.T.);
#4687=EDGE_CURVE('',#6084,#6051,#5291,.T.);
#4688=EDGE_CURVE('',#6046,#6084,#5292,.T.);
#4689=EDGE_CURVE('',#6085,#6053,#5293,.T.);
#4690=EDGE_CURVE('',#6052,#6086,#5294,.T.);
#4691=EDGE_CURVE('',#6086,#6085,#5295,.T.);
#4692=EDGE_CURVE('',#6051,#6087,#5621,.T.);
#4693=EDGE_CURVE('',#6087,#6088,#5296,.T.);
#4694=EDGE_CURVE('',#6088,#6052,#5622,.T.);
#4695=EDGE_CURVE('',#6071,#6089,#5297,.T.);
#4696=EDGE_CURVE('',#6089,#6090,#5298,.T.);
#4697=EDGE_CURVE('',#6090,#6054,#5299,.T.);
#4698=EDGE_CURVE('',#6085,#6091,#5300,.T.);
#4699=EDGE_CURVE('',#6091,#6092,#5301,.T.);
#4700=EDGE_CURVE('',#6092,#6070,#5302,.T.);
#4701=EDGE_CURVE('',#6056,#6093,#5303,.T.);
#4702=EDGE_CURVE('',#6093,#6055,#5304,.T.);
#4703=EDGE_CURVE('',#6093,#6094,#5305,.T.);
#4704=EDGE_CURVE('',#6094,#6054,#5306,.T.);
#4705=EDGE_CURVE('',#6058,#6095,#5307,.T.);
#4706=EDGE_CURVE('',#6095,#6057,#5308,.T.);
#4707=EDGE_CURVE('',#6094,#6096,#5309,.T.);
#4708=EDGE_CURVE('',#6096,#6063,#5310,.T.);
#4709=EDGE_CURVE('',#6064,#6095,#5311,.T.);
#4710=EDGE_CURVE('',#6097,#6098,#5312,.T.);
#4711=EDGE_CURVE('',#6098,#6060,#5313,.T.);
#4712=EDGE_CURVE('',#6059,#6099,#5314,.T.);
#4713=EDGE_CURVE('',#6099,#6100,#5315,.T.);
#4714=EDGE_CURVE('',#6100,#6101,#5316,.T.);
#4715=EDGE_CURVE('',#6101,#6102,#5317,.T.);
#4716=EDGE_CURVE('',#6102,#6097,#5318,.T.);
#4717=EDGE_CURVE('',#6061,#6103,#5319,.T.);
#4718=EDGE_CURVE('',#6103,#6098,#5623,.T.);
#4719=EDGE_CURVE('',#6060,#6061,#5624,.T.);
#4720=EDGE_CURVE('',#6065,#6099,#5320,.T.);
#4721=EDGE_CURVE('',#6103,#6104,#5321,.T.);
#4722=EDGE_CURVE('',#6104,#6062,#5322,.T.);
#4723=EDGE_CURVE('',#6062,#6063,#5625,.T.);
#4724=EDGE_CURVE('',#6096,#6104,#5626,.T.);
#4725=EDGE_CURVE('',#6074,#6100,#5627,.T.);
#4726=EDGE_CURVE('',#6101,#6073,#5628,.T.);
#4727=EDGE_CURVE('',#6072,#6102,#5323,.T.);
#4728=EDGE_CURVE('',#6071,#6097,#5324,.T.);
#4729=EDGE_CURVE('',#6069,#6105,#5325,.T.);
#4730=EDGE_CURVE('',#6105,#6106,#5326,.T.);
#4731=EDGE_CURVE('',#6106,#6070,#5327,.T.);
#4732=EDGE_CURVE('',#6107,#6105,#5328,.T.);
#4733=EDGE_CURVE('',#6068,#6107,#5629,.T.);
#4734=EDGE_CURVE('',#6107,#6108,#5329,.T.);
#4735=EDGE_CURVE('',#6108,#6067,#5630,.T.);
#4736=EDGE_CURVE('',#6066,#6109,#5330,.T.);
#4737=EDGE_CURVE('',#6109,#6108,#5331,.T.);
#4738=EDGE_CURVE('',#6079,#6109,#5332,.T.);
#4739=EDGE_CURVE('',#6110,#6075,#5333,.T.);
#4740=EDGE_CURVE('',#6076,#6111,#5334,.T.);
#4741=EDGE_CURVE('',#6111,#6110,#5335,.T.);
#4742=EDGE_CURVE('',#6112,#6077,#5336,.T.);
#4743=EDGE_CURVE('',#6077,#6075,#5337,.T.);
#4744=EDGE_CURVE('',#6110,#6112,#5338,.T.);
#4745=EDGE_CURVE('',#6076,#6077,#5339,.T.);
#4746=EDGE_CURVE('',#6112,#6111,#5340,.T.);
#4747=EDGE_CURVE('',#6113,#6106,#5341,.T.);
#4748=EDGE_CURVE('',#6078,#6113,#5342,.T.);
#4749=EDGE_CURVE('',#6083,#6078,#5631,.T.);
#4750=EDGE_CURVE('',#6113,#6114,#5632,.T.);
#4751=EDGE_CURVE('',#6114,#6083,#5343,.T.);
#4752=EDGE_CURVE('',#6114,#6115,#5344,.T.);
#4753=EDGE_CURVE('',#6115,#6082,#5345,.T.);
#4754=EDGE_CURVE('',#6115,#6116,#5633,.T.);
#4755=EDGE_CURVE('',#6116,#6081,#5346,.T.);
#4756=EDGE_CURVE('',#6081,#6082,#5634,.T.);
#4757=EDGE_CURVE('',#6116,#6117,#5347,.T.);
#4758=EDGE_CURVE('',#6117,#6118,#5348,.T.);
#4759=EDGE_CURVE('',#6118,#6088,#5349,.T.);
#4760=EDGE_CURVE('',#6087,#6119,#5350,.T.);
#4761=EDGE_CURVE('',#6119,#6080,#5351,.T.);
#4762=EDGE_CURVE('',#6084,#6119,#5352,.T.);
#4763=EDGE_CURVE('',#6118,#6086,#5353,.T.);
#4764=EDGE_CURVE('',#6085,#6117,#5354,.T.);
#4765=EDGE_CURVE('',#6120,#6121,#5355,.T.);
#4766=EDGE_CURVE('',#6121,#6122,#5356,.T.);
#4767=EDGE_CURVE('',#6122,#6123,#5357,.T.);
#4768=EDGE_CURVE('',#6123,#6120,#5358,.T.);
#4769=EDGE_CURVE('',#6124,#6125,#5359,.T.);
#4770=EDGE_CURVE('',#6126,#6127,#5360,.T.);
#4771=EDGE_CURVE('',#6128,#6129,#5361,.T.);
#4772=EDGE_CURVE('',#6129,#6130,#5362,.T.);
#4773=EDGE_CURVE('',#6130,#6131,#5363,.T.);
#4774=EDGE_CURVE('',#6122,#6132,#5635,.T.);
#4775=EDGE_CURVE('',#6132,#6125,#5364,.T.);
#4776=EDGE_CURVE('',#6125,#6121,#5636,.T.);
#4777=EDGE_CURVE('',#6120,#6126,#5637,.T.);
#4778=EDGE_CURVE('',#6126,#6133,#5365,.T.);
#4779=EDGE_CURVE('',#6133,#6123,#5638,.T.);
#4780=EDGE_CURVE('',#6134,#6132,#5366,.T.);
#4781=EDGE_CURVE('',#6133,#6135,#5367,.T.);
#4782=EDGE_CURVE('',#6136,#6137,#5368,.T.);
#4783=EDGE_CURVE('',#6137,#6138,#5369,.T.);
#4784=EDGE_CURVE('',#6138,#6139,#5370,.T.);
#4785=EDGE_CURVE('',#6124,#6134,#5371,.T.);
#4786=EDGE_CURVE('',#6131,#6124,#5639,.T.);
#4787=EDGE_CURVE('',#6139,#6134,#5640,.T.);
#4788=EDGE_CURVE('',#6139,#6131,#5372,.T.);
#4789=EDGE_CURVE('',#6128,#6140,#5373,.T.);
#4790=EDGE_CURVE('',#6140,#6141,#5374,.T.);
#4791=EDGE_CURVE('',#6141,#6142,#5375,.T.);
#4792=EDGE_CURVE('',#6142,#6143,#5376,.T.);
#4793=EDGE_CURVE('',#6143,#6131,#5377,.T.);
#4794=EDGE_CURVE('',#6127,#6135,#5378,.T.);
#4795=EDGE_CURVE('',#6128,#6136,#5379,.T.);
#4796=EDGE_CURVE('',#6135,#6136,#5641,.T.);
#4797=EDGE_CURVE('',#6127,#6128,#5642,.T.);
#4798=EDGE_CURVE('',#6136,#6144,#5380,.T.);
#4799=EDGE_CURVE('',#6144,#6145,#5381,.T.);
#4800=EDGE_CURVE('',#6145,#6146,#5382,.T.);
#4801=EDGE_CURVE('',#6146,#6147,#5383,.T.);
#4802=EDGE_CURVE('',#6147,#6139,#5384,.T.);
#4803=EDGE_CURVE('',#6143,#6147,#5385,.T.);
#4804=EDGE_CURVE('',#6148,#6149,#5386,.T.);
#4805=EDGE_CURVE('',#6150,#6151,#5387,.T.);
#4806=EDGE_CURVE('',#6152,#6153,#5388,.T.);
#4807=EDGE_CURVE('',#6128,#6154,#5389,.T.);
#4808=EDGE_CURVE('',#6154,#6155,#5390,.T.);
#4809=EDGE_CURVE('',#6155,#6140,#5391,.T.);
#4810=EDGE_CURVE('',#6136,#6156,#5392,.T.);
#4811=EDGE_CURVE('',#6156,#6154,#5393,.T.);
#4812=EDGE_CURVE('',#6157,#6158,#5394,.T.);
#4813=EDGE_CURVE('',#6159,#6160,#5395,.T.);
#4814=EDGE_CURVE('',#6161,#6162,#5396,.T.);
#4815=EDGE_CURVE('',#6156,#6163,#5397,.T.);
#4816=EDGE_CURVE('',#6163,#6144,#5398,.T.);
#4817=EDGE_CURVE('',#6158,#6147,#5643,.T.);
#4818=EDGE_CURVE('',#6158,#6149,#5399,.T.);
#4819=EDGE_CURVE('',#6149,#6143,#5644,.T.);
#4820=EDGE_CURVE('',#6148,#6157,#5400,.T.);
#4821=EDGE_CURVE('',#6153,#6148,#5645,.T.);
#4822=EDGE_CURVE('',#6162,#6157,#5646,.T.);
#4823=EDGE_CURVE('',#6162,#6153,#5401,.T.);
#4824=EDGE_CURVE('',#6161,#6152,#5402,.T.);
#4825=EDGE_CURVE('',#6160,#6161,#5647,.T.);
#4826=EDGE_CURVE('',#6160,#6151,#5403,.T.);
#4827=EDGE_CURVE('',#6151,#6152,#5648,.T.);
#4828=EDGE_CURVE('',#6159,#6150,#5404,.T.);
#4829=EDGE_CURVE('',#6140,#6150,#5649,.T.);
#4830=EDGE_CURVE('',#6144,#6159,#5650,.T.);
#4831=EDGE_CURVE('',#6144,#6140,#5405,.T.);
#4832=EDGE_CURVE('',#6163,#6155,#5406,.T.);
#4833=EDGE_CURVE('',#6164,#6165,#5407,.T.);
#4834=EDGE_CURVE('',#6165,#6166,#5651,.T.);
#4835=EDGE_CURVE('',#6166,#6167,#5408,.T.);
#4836=EDGE_CURVE('',#6167,#6164,#5652,.T.);
#4837=EDGE_CURVE('',#6168,#6169,#5409,.T.);
#4838=EDGE_CURVE('',#6169,#6165,#5410,.T.);
#4839=EDGE_CURVE('',#6164,#6168,#5411,.T.);
#4840=EDGE_CURVE('',#6166,#6170,#5412,.T.);
#4841=EDGE_CURVE('',#6170,#6171,#5413,.T.);
#4842=EDGE_CURVE('',#6171,#6167,#5414,.T.);
#4843=EDGE_CURVE('',#6172,#6173,#5415,.T.);
#4844=EDGE_CURVE('',#6174,#6175,#5416,.T.);
#4845=EDGE_CURVE('',#6180,#6181,#5417,.T.);
#4846=EDGE_CURVE('',#6182,#6183,#5418,.T.);
#4847=EDGE_CURVE('',#6172,#6180,#5419,.T.);
#4848=EDGE_CURVE('',#6169,#6180,#5653,.T.);
#4849=EDGE_CURVE('',#6168,#6172,#5654,.T.);
#4850=EDGE_CURVE('',#6183,#6170,#5655,.T.);
#4851=EDGE_CURVE('',#6183,#6175,#5420,.T.);
#4852=EDGE_CURVE('',#6175,#6171,#5656,.T.);
#4853=EDGE_CURVE('',#6173,#6181,#5421,.T.);
#4854=EDGE_CURVE('',#6174,#6182,#5422,.T.);
#4855=EDGE_CURVE('',#6181,#6182,#5657,.T.);
#4856=EDGE_CURVE('',#6173,#6174,#5658,.T.);
#4857=EDGE_CURVE('',#6184,#6184,#5659,.T.);
#4858=EDGE_CURVE('',#6176,#6176,#5660,.T.);
#4859=EDGE_CURVE('',#6184,#6176,#5423,.T.);
#4860=EDGE_CURVE('',#6185,#6185,#5661,.T.);
#4861=EDGE_CURVE('',#6177,#6177,#5662,.T.);
#4862=EDGE_CURVE('',#6185,#6177,#5424,.T.);
#4863=EDGE_CURVE('',#6186,#6186,#5663,.T.);
#4864=EDGE_CURVE('',#6178,#6178,#5664,.T.);
#4865=EDGE_CURVE('',#6186,#6178,#5425,.T.);
#4866=EDGE_CURVE('',#6187,#6187,#5665,.T.);
#4867=EDGE_CURVE('',#6179,#6179,#5666,.T.);
#4868=EDGE_CURVE('',#6187,#6179,#5426,.T.);
#4869=EDGE_CURVE('',#6188,#6188,#5667,.T.);
#4870=EDGE_CURVE('',#6188,#6189,#5668,.T.);
#4871=EDGE_CURVE('',#6189,#6189,#5669,.T.);
#4872=EDGE_CURVE('',#6190,#6190,#5670,.T.);
#4873=EDGE_CURVE('',#6190,#6191,#5671,.T.);
#4874=EDGE_CURVE('',#6191,#6191,#5672,.T.);
#4875=B_SPLINE_CURVE_WITH_KNOTS('',1,(#8502,#8503),.UNSPECIFIED.,.F.,.F.,
(2,2),(-2.,0.),.UNSPECIFIED.);
#4876=B_SPLINE_CURVE_WITH_KNOTS('',1,(#8504,#8505),.UNSPECIFIED.,.F.,.F.,
(2,2),(-4.,-2.),.UNSPECIFIED.);
#4877=B_SPLINE_CURVE_WITH_KNOTS('',1,(#8506,#8507),.UNSPECIFIED.,.F.,.F.,
(2,2),(-6.,-4.),.UNSPECIFIED.);
#4878=B_SPLINE_CURVE_WITH_KNOTS('',1,(#8508,#8509),.UNSPECIFIED.,.F.,.F.,
(2,2),(-8.,-6.),.UNSPECIFIED.);
#4879=B_SPLINE_CURVE_WITH_KNOTS('',1,(#8510,#8511),.UNSPECIFIED.,.F.,.F.,
(2,2),(-2.,0.),.UNSPECIFIED.);
#4880=B_SPLINE_CURVE_WITH_KNOTS('',1,(#8512,#8513),.UNSPECIFIED.,.F.,.F.,
(2,2),(-4.,-2.),.UNSPECIFIED.);
#4881=B_SPLINE_CURVE_WITH_KNOTS('',1,(#8514,#8515),.UNSPECIFIED.,.F.,.F.,
(2,2),(-6.,-4.),.UNSPECIFIED.);
#4882=B_SPLINE_CURVE_WITH_KNOTS('',1,(#8516,#8517),.UNSPECIFIED.,.F.,.F.,
(2,2),(-8.,-6.),.UNSPECIFIED.);
#4883=B_SPLINE_CURVE_WITH_KNOTS('',1,(#8518,#8519),.UNSPECIFIED.,.F.,.F.,
(2,2),(3.47789016511018,4.97789016511018),.UNSPECIFIED.);
#4884=B_SPLINE_CURVE_WITH_KNOTS('',1,(#8520,#8521),.UNSPECIFIED.,.F.,.F.,
(2,2),(3.47789016511018,4.97789016511018),.UNSPECIFIED.);
#4885=B_SPLINE_CURVE_WITH_KNOTS('',1,(#8522,#8523),.UNSPECIFIED.,.F.,.F.,
(2,2),(3.47789016511018,4.97789016511018),.UNSPECIFIED.);
#4886=B_SPLINE_CURVE_WITH_KNOTS('',1,(#8524,#8525),.UNSPECIFIED.,.F.,.F.,
(2,2),(3.47789016511018,4.97789016511018),.UNSPECIFIED.);
#4887=B_SPLINE_CURVE_WITH_KNOTS('',2,(#8526,#8527,#8528),.UNSPECIFIED.,
 .F.,.F.,(3,3),(15.,16.),.UNSPECIFIED.);
#4888=B_SPLINE_CURVE_WITH_KNOTS('',1,(#8529,#8530),.UNSPECIFIED.,.F.,.F.,
(2,2),(0.,0.199999999999999),.UNSPECIFIED.);
#4889=B_SPLINE_CURVE_WITH_KNOTS('',2,(#8531,#8532,#8533),.UNSPECIFIED.,
 .F.,.F.,(3,3),(15.,16.),.UNSPECIFIED.);
#4890=B_SPLINE_CURVE_WITH_KNOTS('',1,(#8534,#8535),.UNSPECIFIED.,.F.,.F.,
(2,2),(0.,0.199999999999999),.UNSPECIFIED.);
#4891=B_SPLINE_CURVE_WITH_KNOTS('',2,(#8536,#8537,#8538,#8539,#8540,#8541,
#8542,#8543,#8544,#8545,#8546,#8547,#8548,#8549,#8550,#8551,#8552,#8553,
#8554),.UNSPECIFIED.,.F.,.F.,(3,2,2,2,2,2,2,2,2,3),(16.,17.,18.,19.,20.,
21.,22.,23.,24.,25.),.UNSPECIFIED.);
#4892=B_SPLINE_CURVE_WITH_KNOTS('',1,(#8555,#8556),.UNSPECIFIED.,.F.,.F.,
(2,2),(0.,0.199999999999999),.UNSPECIFIED.);
#4893=B_SPLINE_CURVE_WITH_KNOTS('',2,(#8557,#8558,#8559,#8560,#8561,#8562,
#8563,#8564,#8565,#8566,#8567,#8568,#8569,#8570,#8571,#8572,#8573,#8574,
#8575),.UNSPECIFIED.,.F.,.F.,(3,2,2,2,2,2,2,2,2,3),(16.,17.,18.,19.,20.,
21.,22.,23.,24.,25.),.UNSPECIFIED.);
#4894=B_SPLINE_CURVE_WITH_KNOTS('',2,(#8576,#8577,#8578,#8579,#8580,#8581,
#8582,#8583,#8584,#8585,#8586,#8587,#8588,#8589,#8590,#8591,#8592,#8593,
#8594),.UNSPECIFIED.,.F.,.F.,(3,2,2,2,2,2,2,2,2,3),(25.,26.,27.,28.,29.,
30.,31.,32.,33.,34.),.UNSPECIFIED.);
#4895=B_SPLINE_CURVE_WITH_KNOTS('',1,(#8595,#8596),.UNSPECIFIED.,.F.,.F.,
(2,2),(0.,0.199999999999999),.UNSPECIFIED.);
#4896=B_SPLINE_CURVE_WITH_KNOTS('',2,(#8597,#8598,#8599,#8600,#8601,#8602,
#8603,#8604,#8605,#8606,#8607,#8608,#8609,#8610,#8611,#8612,#8613,#8614,
#8615),.UNSPECIFIED.,.F.,.F.,(3,2,2,2,2,2,2,2,2,3),(25.,26.,27.,28.,29.,
30.,31.,32.,33.,34.),.UNSPECIFIED.);
#4897=B_SPLINE_CURVE_WITH_KNOTS('',2,(#8616,#8617,#8618),.UNSPECIFIED.,
 .F.,.F.,(3,3),(34.,35.),.UNSPECIFIED.);
#4898=B_SPLINE_CURVE_WITH_KNOTS('',1,(#8619,#8620),.UNSPECIFIED.,.F.,.F.,
(2,2),(0.,0.199999999999999),.UNSPECIFIED.);
#4899=B_SPLINE_CURVE_WITH_KNOTS('',2,(#8621,#8622,#8623),.UNSPECIFIED.,
 .F.,.F.,(3,3),(34.,35.),.UNSPECIFIED.);
#4900=B_SPLINE_CURVE_WITH_KNOTS('',2,(#8624,#8625,#8626,#8627,#8628,#8629,
#8630,#8631,#8632,#8633,#8634,#8635,#8636),.UNSPECIFIED.,.F.,.F.,(3,2,2,
2,2,2,3),(35.,36.,37.,38.,39.,40.,41.),.UNSPECIFIED.);
#4901=B_SPLINE_CURVE_WITH_KNOTS('',1,(#8637,#8638),.UNSPECIFIED.,.F.,.F.,
(2,2),(0.,0.199999999999999),.UNSPECIFIED.);
#4902=B_SPLINE_CURVE_WITH_KNOTS('',2,(#8639,#8640,#8641,#8642,#8643,#8644,
#8645,#8646,#8647,#8648,#8649,#8650,#8651),.UNSPECIFIED.,.F.,.F.,(3,2,2,
2,2,2,3),(35.,36.,37.,38.,39.,40.,41.),.UNSPECIFIED.);
#4903=B_SPLINE_CURVE_WITH_KNOTS('',2,(#8652,#8653,#8654,#8655,#8656,#8657,
#8658,#8659,#8660,#8661,#8662,#8663,#8664,#8665,#8666,#8667,#8668,#8669,
#8670),.UNSPECIFIED.,.F.,.F.,(3,2,2,2,2,2,2,2,2,3),(41.,42.,43.,44.,45.,
46.,47.,48.,49.,50.),.UNSPECIFIED.);
#4904=B_SPLINE_CURVE_WITH_KNOTS('',2,(#8671,#8672,#8673,#8674,#8675,#8676,
#8677,#8678,#8679,#8680,#8681,#8682,#8683,#8684,#8685,#8686,#8687,#8688,
#8689),.UNSPECIFIED.,.F.,.F.,(3,2,2,2,2,2,2,2,2,3),(41.,42.,43.,44.,45.,
46.,47.,48.,49.,50.),.UNSPECIFIED.);
#4905=B_SPLINE_CURVE_WITH_KNOTS('',1,(#8690,#8691),.UNSPECIFIED.,.F.,.F.,
(2,2),(0.,0.199999999999999),.UNSPECIFIED.);
#4906=B_SPLINE_CURVE_WITH_KNOTS('',1,(#8692,#8693),.UNSPECIFIED.,.F.,.F.,
(2,2),(0.,1.),.UNSPECIFIED.);
#4907=B_SPLINE_CURVE_WITH_KNOTS('',1,(#8694,#8695),.UNSPECIFIED.,.F.,.F.,
(2,2),(0.,0.199999999999999),.UNSPECIFIED.);
#4908=B_SPLINE_CURVE_WITH_KNOTS('',1,(#8696,#8697),.UNSPECIFIED.,.F.,.F.,
(2,2),(0.,0.199999999999999),.UNSPECIFIED.);
#4909=B_SPLINE_CURVE_WITH_KNOTS('',1,(#8698,#8699),.UNSPECIFIED.,.F.,.F.,
(2,2),(1.,2.),.UNSPECIFIED.);
#4910=B_SPLINE_CURVE_WITH_KNOTS('',1,(#8700,#8701),.UNSPECIFIED.,.F.,.F.,
(2,2),(0.,0.199999999999999),.UNSPECIFIED.);
#4911=B_SPLINE_CURVE_WITH_KNOTS('',1,(#8702,#8703),.UNSPECIFIED.,.F.,.F.,
(2,2),(2.,3.),.UNSPECIFIED.);
#4912=B_SPLINE_CURVE_WITH_KNOTS('',1,(#8704,#8705),.UNSPECIFIED.,.F.,.F.,
(2,2),(3.,4.),.UNSPECIFIED.);
#4913=B_SPLINE_CURVE_WITH_KNOTS('',1,(#8706,#8707),.UNSPECIFIED.,.F.,.F.,
(2,2),(0.,1.),.UNSPECIFIED.);
#4914=B_SPLINE_CURVE_WITH_KNOTS('',1,(#8708,#8709),.UNSPECIFIED.,.F.,.F.,
(2,2),(1.,2.),.UNSPECIFIED.);
#4915=B_SPLINE_CURVE_WITH_KNOTS('',1,(#8710,#8711),.UNSPECIFIED.,.F.,.F.,
(2,2),(2.,3.),.UNSPECIFIED.);
#4916=B_SPLINE_CURVE_WITH_KNOTS('',1,(#8712,#8713),.UNSPECIFIED.,.F.,.F.,
(2,2),(3.,4.),.UNSPECIFIED.);
#4917=B_SPLINE_CURVE_WITH_KNOTS('',1,(#8714,#8715),.UNSPECIFIED.,.F.,.F.,
(2,2),(0.,0.199999999999999),.UNSPECIFIED.);
#4918=B_SPLINE_CURVE_WITH_KNOTS('',1,(#8716,#8717),.UNSPECIFIED.,.F.,.F.,
(2,2),(0.,1.),.UNSPECIFIED.);
#4919=B_SPLINE_CURVE_WITH_KNOTS('',1,(#8718,#8719),.UNSPECIFIED.,.F.,.F.,
(2,2),(0.,0.199999999999999),.UNSPECIFIED.);
#4920=B_SPLINE_CURVE_WITH_KNOTS('',1,(#8720,#8721),.UNSPECIFIED.,.F.,.F.,
(2,2),(0.,0.199999999999999),.UNSPECIFIED.);
#4921=B_SPLINE_CURVE_WITH_KNOTS('',1,(#8722,#8723),.UNSPECIFIED.,.F.,.F.,
(2,2),(1.,2.),.UNSPECIFIED.);
#4922=B_SPLINE_CURVE_WITH_KNOTS('',1,(#8724,#8725),.UNSPECIFIED.,.F.,.F.,
(2,2),(0.,0.199999999999999),.UNSPECIFIED.);
#4923=B_SPLINE_CURVE_WITH_KNOTS('',1,(#8726,#8727),.UNSPECIFIED.,.F.,.F.,
(2,2),(2.,3.),.UNSPECIFIED.);
#4924=B_SPLINE_CURVE_WITH_KNOTS('',1,(#8728,#8729),.UNSPECIFIED.,.F.,.F.,
(2,2),(3.,4.),.UNSPECIFIED.);
#4925=B_SPLINE_CURVE_WITH_KNOTS('',1,(#8730,#8731),.UNSPECIFIED.,.F.,.F.,
(2,2),(0.,1.),.UNSPECIFIED.);
#4926=B_SPLINE_CURVE_WITH_KNOTS('',1,(#8732,#8733),.UNSPECIFIED.,.F.,.F.,
(2,2),(1.,2.),.UNSPECIFIED.);
#4927=B_SPLINE_CURVE_WITH_KNOTS('',1,(#8734,#8735),.UNSPECIFIED.,.F.,.F.,
(2,2),(2.,3.),.UNSPECIFIED.);
#4928=B_SPLINE_CURVE_WITH_KNOTS('',1,(#8736,#8737),.UNSPECIFIED.,.F.,.F.,
(2,2),(3.,4.),.UNSPECIFIED.);
#4929=B_SPLINE_CURVE_WITH_KNOTS('',2,(#8738,#8739,#8740),.UNSPECIFIED.,
 .F.,.F.,(3,3),(4.,5.),.UNSPECIFIED.);
#4930=B_SPLINE_CURVE_WITH_KNOTS('',1,(#8741,#8742),.UNSPECIFIED.,.F.,.F.,
(2,2),(0.,0.199999999999999),.UNSPECIFIED.);
#4931=B_SPLINE_CURVE_WITH_KNOTS('',2,(#8743,#8744,#8745),.UNSPECIFIED.,
 .F.,.F.,(3,3),(4.,5.),.UNSPECIFIED.);
#4932=B_SPLINE_CURVE_WITH_KNOTS('',1,(#8746,#8747),.UNSPECIFIED.,.F.,.F.,
(2,2),(0.,0.199999999999999),.UNSPECIFIED.);
#4933=B_SPLINE_CURVE_WITH_KNOTS('',2,(#8748,#8749,#8750,#8751,#8752,#8753,
#8754,#8755,#8756,#8757,#8758,#8759,#8760,#8761,#8762,#8763,#8764,#8765,
#8766),.UNSPECIFIED.,.F.,.F.,(3,2,2,2,2,2,2,2,2,3),(5.,6.,7.,8.,9.,10.,
11.,12.,13.,14.),.UNSPECIFIED.);
#4934=B_SPLINE_CURVE_WITH_KNOTS('',1,(#8767,#8768),.UNSPECIFIED.,.F.,.F.,
(2,2),(0.,0.199999999999999),.UNSPECIFIED.);
#4935=B_SPLINE_CURVE_WITH_KNOTS('',2,(#8769,#8770,#8771,#8772,#8773,#8774,
#8775,#8776,#8777,#8778,#8779,#8780,#8781,#8782,#8783,#8784,#8785,#8786,
#8787),.UNSPECIFIED.,.F.,.F.,(3,2,2,2,2,2,2,2,2,3),(5.,6.,7.,8.,9.,10.,
11.,12.,13.,14.),.UNSPECIFIED.);
#4936=B_SPLINE_CURVE_WITH_KNOTS('',1,(#8788,#8789),.UNSPECIFIED.,.F.,.F.,
(2,2),(0.,0.199999999999999),.UNSPECIFIED.);
#4937=B_SPLINE_CURVE_WITH_KNOTS('',2,(#8790,#8791,#8792),.UNSPECIFIED.,
 .F.,.F.,(3,3),(14.,15.),.UNSPECIFIED.);
#4938=B_SPLINE_CURVE_WITH_KNOTS('',2,(#8793,#8794,#8795,#8796,#8797,#8798,
#8799,#8800,#8801),.UNSPECIFIED.,.F.,.F.,(3,2,2,2,3),(15.,16.,17.,18.,19.),
 .UNSPECIFIED.);
#4939=B_SPLINE_CURVE_WITH_KNOTS('',2,(#8802,#8803,#8804,#8805,#8806,#8807,
#8808,#8809,#8810),.UNSPECIFIED.,.F.,.F.,(3,2,2,2,3),(15.,16.,17.,18.,19.),
 .UNSPECIFIED.);
#4940=B_SPLINE_CURVE_WITH_KNOTS('',1,(#8811,#8812),.UNSPECIFIED.,.F.,.F.,
(2,2),(0.,0.199999999999999),.UNSPECIFIED.);
#4941=B_SPLINE_CURVE_WITH_KNOTS('',2,(#8813,#8814,#8815),.UNSPECIFIED.,
 .F.,.F.,(3,3),(19.,20.),.UNSPECIFIED.);
#4942=B_SPLINE_CURVE_WITH_KNOTS('',1,(#8816,#8817),.UNSPECIFIED.,.F.,.F.,
(2,2),(0.,0.199999999999999),.UNSPECIFIED.);
#4943=B_SPLINE_CURVE_WITH_KNOTS('',2,(#8818,#8819,#8820,#8821,#8822,#8823,
#8824,#8825,#8826),.UNSPECIFIED.,.F.,.F.,(3,2,2,2,3),(20.,21.,22.,23.,24.),
 .UNSPECIFIED.);
#4944=B_SPLINE_CURVE_WITH_KNOTS('',2,(#8827,#8828,#8829,#8830,#8831,#8832,
#8833,#8834,#8835),.UNSPECIFIED.,.F.,.F.,(3,2,2,2,3),(20.,21.,22.,23.,24.),
 .UNSPECIFIED.);
#4945=B_SPLINE_CURVE_WITH_KNOTS('',2,(#8836,#8837,#8838),.UNSPECIFIED.,
 .F.,.F.,(3,3),(14.,15.),.UNSPECIFIED.);
#4946=B_SPLINE_CURVE_WITH_KNOTS('',2,(#8839,#8840,#8841),.UNSPECIFIED.,
 .F.,.F.,(3,3),(19.,20.),.UNSPECIFIED.);
#4947=B_SPLINE_CURVE_WITH_KNOTS('',2,(#8842,#8843,#8844,#8845,#8846,#8847,
#8848,#8849,#8850,#8851,#8852),.UNSPECIFIED.,.F.,.F.,(3,2,2,2,2,3),(-20.2767552828902,
-19.2767552828902,-18.2767552828902,-17.2767552828902,-16.2767552828902,
-15.2767552828902),.UNSPECIFIED.);
#4948=B_SPLINE_CURVE_WITH_KNOTS('',1,(#8853,#8854),.UNSPECIFIED.,.F.,.F.,
(2,2),(0.,0.199999999999999),.UNSPECIFIED.);
#4949=B_SPLINE_CURVE_WITH_KNOTS('',2,(#8855,#8856,#8857,#8858,#8859,#8860,
#8861,#8862,#8863,#8864,#8865),.UNSPECIFIED.,.F.,.F.,(3,2,2,2,2,3),(-20.2767552828902,
-19.2767552828902,-18.2767552828902,-17.2767552828902,-16.2767552828902,
-15.2767552828902),.UNSPECIFIED.);
#4950=B_SPLINE_CURVE_WITH_KNOTS('',1,(#8866,#8867),.UNSPECIFIED.,.F.,.F.,
(2,2),(0.,0.199999999999999),.UNSPECIFIED.);
#4951=B_SPLINE_CURVE_WITH_KNOTS('',1,(#8868,#8869),.UNSPECIFIED.,.F.,.F.,
(2,2),(0.,0.199999999999999),.UNSPECIFIED.);
#4952=B_SPLINE_CURVE_WITH_KNOTS('',2,(#8870,#8871,#8872),.UNSPECIFIED.,
 .F.,.F.,(3,3),(-15.2767552828902,-14.2767552828902),.UNSPECIFIED.);
#4953=B_SPLINE_CURVE_WITH_KNOTS('',1,(#8873,#8874),.UNSPECIFIED.,.F.,.F.,
(2,2),(0.,0.199999999999999),.UNSPECIFIED.);
#4954=B_SPLINE_CURVE_WITH_KNOTS('',2,(#8875,#8876,#8877),.UNSPECIFIED.,
 .F.,.F.,(3,3),(-14.2767552828902,-13.2767552828902),.UNSPECIFIED.);
#4955=B_SPLINE_CURVE_WITH_KNOTS('',1,(#8878,#8879),.UNSPECIFIED.,.F.,.F.,
(2,2),(0.,0.199999999999999),.UNSPECIFIED.);
#4956=B_SPLINE_CURVE_WITH_KNOTS('',2,(#8880,#8881,#8882),.UNSPECIFIED.,
 .F.,.F.,(3,3),(-13.2767552828902,-12.2767552828902),.UNSPECIFIED.);
#4957=B_SPLINE_CURVE_WITH_KNOTS('',2,(#8883,#8884,#8885,#8886,#8887,#8888,
#8889,#8890,#8891,#8892,#8893),.UNSPECIFIED.,.F.,.F.,(3,2,2,2,2,3),(-12.2767552828902,
-11.2767552828902,-10.2767552828902,-9.27675528289024,-8.27675528289024,
-7.27675528289024),.UNSPECIFIED.);
#4958=B_SPLINE_CURVE_WITH_KNOTS('',1,(#8894,#8895),.UNSPECIFIED.,.F.,.F.,
(2,2),(0.,0.199999999999999),.UNSPECIFIED.);
#4959=B_SPLINE_CURVE_WITH_KNOTS('',2,(#8896,#8897,#8898,#8899,#8900,#8901,
#8902,#8903,#8904,#8905,#8906),.UNSPECIFIED.,.F.,.F.,(3,2,2,2,2,3),(-12.2767552828902,
-11.2767552828902,-10.2767552828902,-9.27675528289024,-8.27675528289024,
-7.27675528289024),.UNSPECIFIED.);
#4960=B_SPLINE_CURVE_WITH_KNOTS('',1,(#8907,#8908),.UNSPECIFIED.,.F.,.F.,
(2,2),(0.,0.199999999999999),.UNSPECIFIED.);
#4961=B_SPLINE_CURVE_WITH_KNOTS('',2,(#8909,#8910,#8911),.UNSPECIFIED.,
 .F.,.F.,(3,3),(-7.27675528289024,-5.29993183367415),.UNSPECIFIED.);
#4962=B_SPLINE_CURVE_WITH_KNOTS('',1,(#8912,#8913),.UNSPECIFIED.,.F.,.F.,
(2,2),(0.,0.199999999999999),.UNSPECIFIED.);
#4963=B_SPLINE_CURVE_WITH_KNOTS('',2,(#8914,#8915,#8916),.UNSPECIFIED.,
 .F.,.F.,(3,3),(-5.29993183367415,-4.68643490115883),.UNSPECIFIED.);
#4964=B_SPLINE_CURVE_WITH_KNOTS('',1,(#8917,#8918),.UNSPECIFIED.,.F.,.F.,
(2,2),(0.,0.199999999999999),.UNSPECIFIED.);
#4965=B_SPLINE_CURVE_WITH_KNOTS('',2,(#8919,#8920,#8921),.UNSPECIFIED.,
 .F.,.F.,(3,3),(-4.68643490115883,-1.06680299931834),.UNSPECIFIED.);
#4966=B_SPLINE_CURVE_WITH_KNOTS('',1,(#8922,#8923),.UNSPECIFIED.,.F.,.F.,
(2,2),(0.,0.199999999999999),.UNSPECIFIED.);
#4967=B_SPLINE_CURVE_WITH_KNOTS('',2,(#8924,#8925,#8926),.UNSPECIFIED.,
 .F.,.F.,(3,3),(-1.06680299931834,-0.514655760054539),.UNSPECIFIED.);
#4968=B_SPLINE_CURVE_WITH_KNOTS('',2,(#8927,#8928,#8929),.UNSPECIFIED.,
 .F.,.F.,(3,3),(-0.514655760054539,0.),.UNSPECIFIED.);
#4969=B_SPLINE_CURVE_WITH_KNOTS('',2,(#8930,#8931,#8932),.UNSPECIFIED.,
 .F.,.F.,(3,3),(-15.2767552828902,-14.2767552828902),.UNSPECIFIED.);
#4970=B_SPLINE_CURVE_WITH_KNOTS('',2,(#8933,#8934,#8935),.UNSPECIFIED.,
 .F.,.F.,(3,3),(-14.2767552828902,-13.2767552828902),.UNSPECIFIED.);
#4971=B_SPLINE_CURVE_WITH_KNOTS('',2,(#8936,#8937,#8938),.UNSPECIFIED.,
 .F.,.F.,(3,3),(-13.2767552828902,-12.2767552828902),.UNSPECIFIED.);
#4972=B_SPLINE_CURVE_WITH_KNOTS('',2,(#8939,#8940,#8941),.UNSPECIFIED.,
 .F.,.F.,(3,3),(-7.27675528289024,-5.29993183367415),.UNSPECIFIED.);
#4973=B_SPLINE_CURVE_WITH_KNOTS('',2,(#8942,#8943,#8944),.UNSPECIFIED.,
 .F.,.F.,(3,3),(-5.29993183367415,-4.68643490115883),.UNSPECIFIED.);
#4974=B_SPLINE_CURVE_WITH_KNOTS('',2,(#8945,#8946,#8947),.UNSPECIFIED.,
 .F.,.F.,(3,3),(-4.68643490115883,-1.06680299931834),.UNSPECIFIED.);
#4975=B_SPLINE_CURVE_WITH_KNOTS('',2,(#8948,#8949,#8950),.UNSPECIFIED.,
 .F.,.F.,(3,3),(-1.06680299931834,-0.514655760054539),.UNSPECIFIED.);
#4976=B_SPLINE_CURVE_WITH_KNOTS('',2,(#8951,#8952,#8953),.UNSPECIFIED.,
 .F.,.F.,(3,3),(-0.514655760054539,0.),.UNSPECIFIED.);
#4977=B_SPLINE_CURVE_WITH_KNOTS('',2,(#8954,#8955,#8956,#8957,#8958,#8959,
#8960,#8961,#8962,#8963,#8964),.UNSPECIFIED.,.F.,.F.,(3,2,2,2,2,3),(-20.2767552828903,
-19.2767552828903,-18.2767552828903,-17.2767552828903,-16.2767552828903,
-15.2767552828903),.UNSPECIFIED.);
#4978=B_SPLINE_CURVE_WITH_KNOTS('',1,(#8965,#8966),.UNSPECIFIED.,.F.,.F.,
(2,2),(0.,0.199999999999999),.UNSPECIFIED.);
#4979=B_SPLINE_CURVE_WITH_KNOTS('',2,(#8967,#8968,#8969,#8970,#8971,#8972,
#8973,#8974,#8975,#8976,#8977),.UNSPECIFIED.,.F.,.F.,(3,2,2,2,2,3),(-20.2767552828903,
-19.2767552828903,-18.2767552828903,-17.2767552828903,-16.2767552828903,
-15.2767552828903),.UNSPECIFIED.);
#4980=B_SPLINE_CURVE_WITH_KNOTS('',1,(#8978,#8979),.UNSPECIFIED.,.F.,.F.,
(2,2),(0.,0.199999999999999),.UNSPECIFIED.);
#4981=B_SPLINE_CURVE_WITH_KNOTS('',1,(#8980,#8981),.UNSPECIFIED.,.F.,.F.,
(2,2),(0.,0.199999999999999),.UNSPECIFIED.);
#4982=B_SPLINE_CURVE_WITH_KNOTS('',2,(#8982,#8983,#8984),.UNSPECIFIED.,
 .F.,.F.,(3,3),(-15.2767552828903,-14.2767552828903),.UNSPECIFIED.);
#4983=B_SPLINE_CURVE_WITH_KNOTS('',1,(#8985,#8986),.UNSPECIFIED.,.F.,.F.,
(2,2),(0.,0.199999999999999),.UNSPECIFIED.);
#4984=B_SPLINE_CURVE_WITH_KNOTS('',2,(#8987,#8988,#8989),.UNSPECIFIED.,
 .F.,.F.,(3,3),(-14.2767552828903,-13.2767552828903),.UNSPECIFIED.);
#4985=B_SPLINE_CURVE_WITH_KNOTS('',1,(#8990,#8991),.UNSPECIFIED.,.F.,.F.,
(2,2),(0.,0.199999999999999),.UNSPECIFIED.);
#4986=B_SPLINE_CURVE_WITH_KNOTS('',2,(#8992,#8993,#8994),.UNSPECIFIED.,
 .F.,.F.,(3,3),(-13.2767552828903,-12.2767552828903),.UNSPECIFIED.);
#4987=B_SPLINE_CURVE_WITH_KNOTS('',2,(#8995,#8996,#8997,#8998,#8999,#9000,
#9001,#9002,#9003,#9004,#9005),.UNSPECIFIED.,.F.,.F.,(3,2,2,2,2,3),(-12.2767552828903,
-11.2767552828903,-10.2767552828903,-9.27675528289026,-8.27675528289026,
-7.27675528289026),.UNSPECIFIED.);
#4988=B_SPLINE_CURVE_WITH_KNOTS('',1,(#9006,#9007),.UNSPECIFIED.,.F.,.F.,
(2,2),(0.,0.199999999999999),.UNSPECIFIED.);
#4989=B_SPLINE_CURVE_WITH_KNOTS('',2,(#9008,#9009,#9010,#9011,#9012,#9013,
#9014,#9015,#9016,#9017,#9018),.UNSPECIFIED.,.F.,.F.,(3,2,2,2,2,3),(-12.2767552828903,
-11.2767552828903,-10.2767552828903,-9.27675528289026,-8.27675528289026,
-7.27675528289026),.UNSPECIFIED.);
#4990=B_SPLINE_CURVE_WITH_KNOTS('',1,(#9019,#9020),.UNSPECIFIED.,.F.,.F.,
(2,2),(0.,0.199999999999999),.UNSPECIFIED.);
#4991=B_SPLINE_CURVE_WITH_KNOTS('',2,(#9021,#9022,#9023),.UNSPECIFIED.,
 .F.,.F.,(3,3),(-7.27675528289026,-5.29993183367418),.UNSPECIFIED.);
#4992=B_SPLINE_CURVE_WITH_KNOTS('',1,(#9024,#9025),.UNSPECIFIED.,.F.,.F.,
(2,2),(0.,0.199999999999999),.UNSPECIFIED.);
#4993=B_SPLINE_CURVE_WITH_KNOTS('',2,(#9026,#9027,#9028),.UNSPECIFIED.,
 .F.,.F.,(3,3),(-5.29993183367418,-4.68643490115883),.UNSPECIFIED.);
#4994=B_SPLINE_CURVE_WITH_KNOTS('',1,(#9029,#9030),.UNSPECIFIED.,.F.,.F.,
(2,2),(0.,0.199999999999999),.UNSPECIFIED.);
#4995=B_SPLINE_CURVE_WITH_KNOTS('',2,(#9031,#9032,#9033),.UNSPECIFIED.,
 .F.,.F.,(3,3),(-4.68643490115883,-1.06680299931834),.UNSPECIFIED.);
#4996=B_SPLINE_CURVE_WITH_KNOTS('',1,(#9034,#9035),.UNSPECIFIED.,.F.,.F.,
(2,2),(0.,0.199999999999999),.UNSPECIFIED.);
#4997=B_SPLINE_CURVE_WITH_KNOTS('',2,(#9036,#9037,#9038),.UNSPECIFIED.,
 .F.,.F.,(3,3),(-1.06680299931834,-0.514655760054537),.UNSPECIFIED.);
#4998=B_SPLINE_CURVE_WITH_KNOTS('',2,(#9039,#9040,#9041),.UNSPECIFIED.,
 .F.,.F.,(3,3),(-0.514655760054537,0.),.UNSPECIFIED.);
#4999=B_SPLINE_CURVE_WITH_KNOTS('',2,(#9042,#9043,#9044),.UNSPECIFIED.,
 .F.,.F.,(3,3),(-15.2767552828903,-14.2767552828903),.UNSPECIFIED.);
#5000=B_SPLINE_CURVE_WITH_KNOTS('',2,(#9045,#9046,#9047),.UNSPECIFIED.,
 .F.,.F.,(3,3),(-14.2767552828903,-13.2767552828903),.UNSPECIFIED.);
#5001=B_SPLINE_CURVE_WITH_KNOTS('',2,(#9048,#9049,#9050),.UNSPECIFIED.,
 .F.,.F.,(3,3),(-13.2767552828903,-12.2767552828903),.UNSPECIFIED.);
#5002=B_SPLINE_CURVE_WITH_KNOTS('',2,(#9051,#9052,#9053),.UNSPECIFIED.,
 .F.,.F.,(3,3),(-7.27675528289026,-5.29993183367418),.UNSPECIFIED.);
#5003=B_SPLINE_CURVE_WITH_KNOTS('',2,(#9054,#9055,#9056),.UNSPECIFIED.,
 .F.,.F.,(3,3),(-5.29993183367418,-4.68643490115883),.UNSPECIFIED.);
#5004=B_SPLINE_CURVE_WITH_KNOTS('',2,(#9057,#9058,#9059),.UNSPECIFIED.,
 .F.,.F.,(3,3),(-4.68643490115883,-1.06680299931834),.UNSPECIFIED.);
#5005=B_SPLINE_CURVE_WITH_KNOTS('',2,(#9060,#9061,#9062),.UNSPECIFIED.,
 .F.,.F.,(3,3),(-1.06680299931834,-0.514655760054537),.UNSPECIFIED.);
#5006=B_SPLINE_CURVE_WITH_KNOTS('',2,(#9063,#9064,#9065),.UNSPECIFIED.,
 .F.,.F.,(3,3),(-0.514655760054537,0.),.UNSPECIFIED.);
#5007=B_SPLINE_CURVE_WITH_KNOTS('',2,(#9066,#9067,#9068,#9069,#9070,#9071,
#9072,#9073,#9074,#9075,#9076,#9077,#9078,#9079,#9080,#9081,#9082),
 .UNSPECIFIED.,.F.,.F.,(3,2,2,2,2,2,2,2,3),(1.,2.,3.,4.,5.,6.,7.,8.,9.),
 .UNSPECIFIED.);
#5008=B_SPLINE_CURVE_WITH_KNOTS('',1,(#9083,#9084),.UNSPECIFIED.,.F.,.F.,
(2,2),(0.,0.199999999999999),.UNSPECIFIED.);
#5009=B_SPLINE_CURVE_WITH_KNOTS('',2,(#9085,#9086,#9087,#9088,#9089,#9090,
#9091,#9092,#9093,#9094,#9095,#9096,#9097,#9098,#9099,#9100,#9101),
 .UNSPECIFIED.,.F.,.F.,(3,2,2,2,2,2,2,2,3),(1.,2.,3.,4.,5.,6.,7.,8.,9.),
 .UNSPECIFIED.);
#5010=B_SPLINE_CURVE_WITH_KNOTS('',1,(#9102,#9103),.UNSPECIFIED.,.F.,.F.,
(2,2),(0.,0.199999999999999),.UNSPECIFIED.);
#5011=B_SPLINE_CURVE_WITH_KNOTS('',2,(#9104,#9105,#9106),.UNSPECIFIED.,
 .F.,.F.,(3,3),(9.,10.),.UNSPECIFIED.);
#5012=B_SPLINE_CURVE_WITH_KNOTS('',1,(#9107,#9108),.UNSPECIFIED.,.F.,.F.,
(2,2),(0.,0.199999999999999),.UNSPECIFIED.);
#5013=B_SPLINE_CURVE_WITH_KNOTS('',2,(#9109,#9110,#9111),.UNSPECIFIED.,
 .F.,.F.,(3,3),(9.,10.),.UNSPECIFIED.);
#5014=B_SPLINE_CURVE_WITH_KNOTS('',2,(#9112,#9113,#9114,#9115,#9116,#9117,
#9118,#9119,#9120,#9121,#9122),.UNSPECIFIED.,.F.,.F.,(3,2,2,2,2,3),(10.,
11.,12.,13.,14.,15.),.UNSPECIFIED.);
#5015=B_SPLINE_CURVE_WITH_KNOTS('',1,(#9123,#9124),.UNSPECIFIED.,.F.,.F.,
(2,2),(0.,0.199999999999999),.UNSPECIFIED.);
#5016=B_SPLINE_CURVE_WITH_KNOTS('',2,(#9125,#9126,#9127,#9128,#9129,#9130,
#9131,#9132,#9133,#9134,#9135),.UNSPECIFIED.,.F.,.F.,(3,2,2,2,2,3),(10.,
11.,12.,13.,14.,15.),.UNSPECIFIED.);
#5017=B_SPLINE_CURVE_WITH_KNOTS('',2,(#9136,#9137,#9138),.UNSPECIFIED.,
 .F.,.F.,(3,3),(15.,16.),.UNSPECIFIED.);
#5018=B_SPLINE_CURVE_WITH_KNOTS('',1,(#9139,#9140),.UNSPECIFIED.,.F.,.F.,
(2,2),(0.,0.199999999999999),.UNSPECIFIED.);
#5019=B_SPLINE_CURVE_WITH_KNOTS('',2,(#9141,#9142,#9143),.UNSPECIFIED.,
 .F.,.F.,(3,3),(15.,16.),.UNSPECIFIED.);
#5020=B_SPLINE_CURVE_WITH_KNOTS('',2,(#9144,#9145,#9146,#9147,#9148,#9149,
#9150,#9151,#9152,#9153,#9154,#9155,#9156),.UNSPECIFIED.,.F.,.F.,(3,2,2,
2,2,2,3),(16.,17.,18.,19.,20.,21.,22.),.UNSPECIFIED.);
#5021=B_SPLINE_CURVE_WITH_KNOTS('',1,(#9157,#9158),.UNSPECIFIED.,.F.,.F.,
(2,2),(0.,0.199999999999999),.UNSPECIFIED.);
#5022=B_SPLINE_CURVE_WITH_KNOTS('',2,(#9159,#9160,#9161,#9162,#9163,#9164,
#9165,#9166,#9167,#9168,#9169,#9170,#9171),.UNSPECIFIED.,.F.,.F.,(3,2,2,
2,2,2,3),(16.,17.,18.,19.,20.,21.,22.),.UNSPECIFIED.);
#5023=B_SPLINE_CURVE_WITH_KNOTS('',2,(#9172,#9173,#9174),.UNSPECIFIED.,
 .F.,.F.,(3,3),(22.,23.),.UNSPECIFIED.);
#5024=B_SPLINE_CURVE_WITH_KNOTS('',1,(#9175,#9176),.UNSPECIFIED.,.F.,.F.,
(2,2),(0.,0.199999999999999),.UNSPECIFIED.);
#5025=B_SPLINE_CURVE_WITH_KNOTS('',2,(#9177,#9178,#9179),.UNSPECIFIED.,
 .F.,.F.,(3,3),(22.,23.),.UNSPECIFIED.);
#5026=B_SPLINE_CURVE_WITH_KNOTS('',1,(#9180,#9181),.UNSPECIFIED.,.F.,.F.,
(2,2),(0.,0.199999999999999),.UNSPECIFIED.);
#5027=B_SPLINE_CURVE_WITH_KNOTS('',2,(#9182,#9183,#9184),.UNSPECIFIED.,
 .F.,.F.,(3,3),(23.,24.),.UNSPECIFIED.);
#5028=B_SPLINE_CURVE_WITH_KNOTS('',2,(#9185,#9186,#9187,#9188,#9189),
 .UNSPECIFIED.,.F.,.F.,(3,2,3),(24.,25.,26.),.UNSPECIFIED.);
#5029=B_SPLINE_CURVE_WITH_KNOTS('',1,(#9190,#9191),.UNSPECIFIED.,.F.,.F.,
(2,2),(0.,0.199999999999999),.UNSPECIFIED.);
#5030=B_SPLINE_CURVE_WITH_KNOTS('',2,(#9192,#9193,#9194,#9195,#9196),
 .UNSPECIFIED.,.F.,.F.,(3,2,3),(24.,25.,26.),.UNSPECIFIED.);
#5031=B_SPLINE_CURVE_WITH_KNOTS('',1,(#9197,#9198),.UNSPECIFIED.,.F.,.F.,
(2,2),(0.,0.199999999999999),.UNSPECIFIED.);
#5032=B_SPLINE_CURVE_WITH_KNOTS('',2,(#9199,#9200,#9201),.UNSPECIFIED.,
 .F.,.F.,(3,3),(26.,27.),.UNSPECIFIED.);
#5033=B_SPLINE_CURVE_WITH_KNOTS('',2,(#9202,#9203,#9204),.UNSPECIFIED.,
 .F.,.F.,(3,3),(27.,28.),.UNSPECIFIED.);
#5034=B_SPLINE_CURVE_WITH_KNOTS('',2,(#9205,#9206,#9207),.UNSPECIFIED.,
 .F.,.F.,(3,3),(27.,28.),.UNSPECIFIED.);
#5035=B_SPLINE_CURVE_WITH_KNOTS('',2,(#9208,#9209,#9210),.UNSPECIFIED.,
 .F.,.F.,(3,3),(28.,29.),.UNSPECIFIED.);
#5036=B_SPLINE_CURVE_WITH_KNOTS('',1,(#9211,#9212),.UNSPECIFIED.,.F.,.F.,
(2,2),(0.,0.199999999999999),.UNSPECIFIED.);
#5037=B_SPLINE_CURVE_WITH_KNOTS('',2,(#9213,#9214,#9215),.UNSPECIFIED.,
 .F.,.F.,(3,3),(28.,29.),.UNSPECIFIED.);
#5038=B_SPLINE_CURVE_WITH_KNOTS('',1,(#9216,#9217),.UNSPECIFIED.,.F.,.F.,
(2,2),(0.,0.199999999999999),.UNSPECIFIED.);
#5039=B_SPLINE_CURVE_WITH_KNOTS('',2,(#9218,#9219,#9220,#9221,#9222,#9223,
#9224,#9225,#9226,#9227,#9228,#9229,#9230,#9231,#9232,#9233,#9234),
 .UNSPECIFIED.,.F.,.F.,(3,2,2,2,2,2,2,2,3),(29.,30.,31.,32.,33.,34.,35.,
36.,37.),.UNSPECIFIED.);
#5040=B_SPLINE_CURVE_WITH_KNOTS('',1,(#9235,#9236),.UNSPECIFIED.,.F.,.F.,
(2,2),(0.,0.199999999999999),.UNSPECIFIED.);
#5041=B_SPLINE_CURVE_WITH_KNOTS('',2,(#9237,#9238,#9239,#9240,#9241,#9242,
#9243,#9244,#9245,#9246,#9247,#9248,#9249,#9250,#9251,#9252,#9253),
 .UNSPECIFIED.,.F.,.F.,(3,2,2,2,2,2,2,2,3),(29.,30.,31.,32.,33.,34.,35.,
36.,37.),.UNSPECIFIED.);
#5042=B_SPLINE_CURVE_WITH_KNOTS('',2,(#9254,#9255,#9256),.UNSPECIFIED.,
 .F.,.F.,(3,3),(37.,38.),.UNSPECIFIED.);
#5043=B_SPLINE_CURVE_WITH_KNOTS('',2,(#9257,#9258,#9259),.UNSPECIFIED.,
 .F.,.F.,(3,3),(23.,24.),.UNSPECIFIED.);
#5044=B_SPLINE_CURVE_WITH_KNOTS('',2,(#9260,#9261,#9262),.UNSPECIFIED.,
 .F.,.F.,(3,3),(26.,27.),.UNSPECIFIED.);
#5045=B_SPLINE_CURVE_WITH_KNOTS('',2,(#9263,#9264,#9265),.UNSPECIFIED.,
 .F.,.F.,(3,3),(37.,38.),.UNSPECIFIED.);
#5046=B_SPLINE_CURVE_WITH_KNOTS('',1,(#9572,#9573),.UNSPECIFIED.,.F.,.F.,
(2,2),(0.200000000000003,1.29999999999998),.UNSPECIFIED.);
#5047=B_SPLINE_CURVE_WITH_KNOTS('',1,(#10334,#10335),.UNSPECIFIED.,.F.,
 .F.,(2,2),(0.,4.64),.UNSPECIFIED.);
#5048=B_SPLINE_CURVE_WITH_KNOTS('',1,(#10336,#10337),.UNSPECIFIED.,.F.,
 .F.,(2,2),(0.,21.),.UNSPECIFIED.);
#5049=B_SPLINE_CURVE_WITH_KNOTS('',1,(#10338,#10339),.UNSPECIFIED.,.F.,
 .F.,(2,2),(0.,4.64),.UNSPECIFIED.);
#5050=B_SPLINE_CURVE_WITH_KNOTS('',1,(#10340,#10341),.UNSPECIFIED.,.F.,
 .F.,(2,2),(0.,3.777602953845),.UNSPECIFIED.);
#5051=B_SPLINE_CURVE_WITH_KNOTS('',1,(#10342,#10343),.UNSPECIFIED.,.F.,
 .F.,(2,2),(0.,3.86),.UNSPECIFIED.);
#5052=B_SPLINE_CURVE_WITH_KNOTS('',1,(#10344,#10345),.UNSPECIFIED.,.F.,
 .F.,(2,2),(0.,12.44479409231),.UNSPECIFIED.);
#5053=B_SPLINE_CURVE_WITH_KNOTS('',1,(#10346,#10347),.UNSPECIFIED.,.F.,
 .F.,(2,2),(0.,3.86),.UNSPECIFIED.);
#5054=B_SPLINE_CURVE_WITH_KNOTS('',1,(#10348,#10349),.UNSPECIFIED.,.F.,
 .F.,(2,2),(0.,4.777602953845),.UNSPECIFIED.);
#5055=B_SPLINE_CURVE_WITH_KNOTS('',1,(#10350,#10351),.UNSPECIFIED.,.F.,
 .F.,(2,2),(0.,4.5),.UNSPECIFIED.);
#5056=B_SPLINE_CURVE_WITH_KNOTS('',1,(#10352,#10353),.UNSPECIFIED.,.F.,
 .F.,(2,2),(0.,4.64),.UNSPECIFIED.);
#5057=B_SPLINE_CURVE_WITH_KNOTS('',1,(#10354,#10355),.UNSPECIFIED.,.F.,
 .F.,(2,2),(0.,4.5),.UNSPECIFIED.);
#5058=B_SPLINE_CURVE_WITH_KNOTS('',1,(#10356,#10357),.UNSPECIFIED.,.F.,
 .F.,(2,2),(0.,3.946433947052),.UNSPECIFIED.);
#5059=B_SPLINE_CURVE_WITH_KNOTS('',6,(#10358,#10359,#10360,#10361,#10362,
#10363,#10364,#10365,#10366,#10367,#10368,#10369,#10370,#10371,#10372,#10373,
#10374,#10375,#10376,#10377,#10378,#10379),.UNSPECIFIED.,.F.,.F.,(7,5,5,
5,7),(0.,0.0431940063965376,0.262005743741609,0.534114343138476,0.726950336295345),
 .UNSPECIFIED.);
#5060=B_SPLINE_CURVE_WITH_KNOTS('',1,(#10380,#10381),.UNSPECIFIED.,.F.,
 .F.,(2,2),(0.,20.688873016278),.UNSPECIFIED.);
#5061=B_SPLINE_CURVE_WITH_KNOTS('',1,(#10397,#10398),.UNSPECIFIED.,.F.,
 .F.,(2,2),(0.,3.86),.UNSPECIFIED.);
#5062=B_SPLINE_CURVE_WITH_KNOTS('',1,(#10399,#10400),.UNSPECIFIED.,.F.,
 .F.,(2,2),(0.,1.4142135623731),.UNSPECIFIED.);
#5063=B_SPLINE_CURVE_WITH_KNOTS('',1,(#10401,#10402),.UNSPECIFIED.,.F.,
 .F.,(2,2),(0.,4.64),.UNSPECIFIED.);
#5064=B_SPLINE_CURVE_WITH_KNOTS('',1,(#10403,#10404),.UNSPECIFIED.,.F.,
 .F.,(2,2),(0.,1.4142135623731),.UNSPECIFIED.);
#5065=B_SPLINE_CURVE_WITH_KNOTS('',1,(#10405,#10406),.UNSPECIFIED.,.F.,
 .F.,(2,2),(0.,12.44479409231),.UNSPECIFIED.);
#5066=B_SPLINE_CURVE_WITH_KNOTS('',1,(#10407,#10408),.UNSPECIFIED.,.F.,
 .F.,(2,2),(0.,0.0999999999999996),.UNSPECIFIED.);
#5067=B_SPLINE_CURVE_WITH_KNOTS('',1,(#10409,#10410),.UNSPECIFIED.,.F.,
 .F.,(2,2),(0.,3.),.UNSPECIFIED.);
#5068=B_SPLINE_CURVE_WITH_KNOTS('',1,(#10411,#10412),.UNSPECIFIED.,.F.,
 .F.,(2,2),(0.,0.0999999999999996),.UNSPECIFIED.);
#5069=B_SPLINE_CURVE_WITH_KNOTS('',1,(#10413,#10414),.UNSPECIFIED.,.F.,
 .F.,(2,2),(0.,3.),.UNSPECIFIED.);
#5070=B_SPLINE_CURVE_WITH_KNOTS('',1,(#10415,#10416),.UNSPECIFIED.,.F.,
 .F.,(2,2),(0.,1.),.UNSPECIFIED.);
#5071=B_SPLINE_CURVE_WITH_KNOTS('',1,(#10417,#10418),.UNSPECIFIED.,.F.,
 .F.,(2,2),(0.,0.058628592202),.UNSPECIFIED.);
#5072=B_SPLINE_CURVE_WITH_KNOTS('',1,(#10419,#10420),.UNSPECIFIED.,.F.,
 .F.,(2,2),(0.,1.),.UNSPECIFIED.);
#5073=B_SPLINE_CURVE_WITH_KNOTS('',1,(#10421,#10422),.UNSPECIFIED.,.F.,
 .F.,(2,2),(0.,0.292380440016),.UNSPECIFIED.);
#5074=B_SPLINE_CURVE_WITH_KNOTS('',1,(#10423,#10424),.UNSPECIFIED.,.F.,
 .F.,(2,2),(0.,1.),.UNSPECIFIED.);
#5075=B_SPLINE_CURVE_WITH_KNOTS('',1,(#10425,#10426),.UNSPECIFIED.,.F.,
 .F.,(2,2),(0.,0.133751847814001),.UNSPECIFIED.);
#5076=B_SPLINE_CURVE_WITH_KNOTS('',1,(#10427,#10428),.UNSPECIFIED.,.F.,
 .F.,(2,2),(0.,1.),.UNSPECIFIED.);
#5077=B_SPLINE_CURVE_WITH_KNOTS('',1,(#10429,#10430),.UNSPECIFIED.,.F.,
 .F.,(2,2),(0.,0.133751847814001),.UNSPECIFIED.);
#5078=B_SPLINE_CURVE_WITH_KNOTS('',1,(#10431,#10432),.UNSPECIFIED.,.F.,
 .F.,(2,2),(0.,1.),.UNSPECIFIED.);
#5079=B_SPLINE_CURVE_WITH_KNOTS('',1,(#10433,#10434),.UNSPECIFIED.,.F.,
 .F.,(2,2),(0.,0.292380440016),.UNSPECIFIED.);
#5080=B_SPLINE_CURVE_WITH_KNOTS('',1,(#10435,#10436),.UNSPECIFIED.,.F.,
 .F.,(2,2),(0.,1.),.UNSPECIFIED.);
#5081=B_SPLINE_CURVE_WITH_KNOTS('',1,(#10437,#10438),.UNSPECIFIED.,.F.,
 .F.,(2,2),(0.,0.058628592202),.UNSPECIFIED.);
#5082=B_SPLINE_CURVE_WITH_KNOTS('',6,(#10439,#10440,#10441,#10442,#10443,
#10444,#10445,#10446,#10447,#10448,#10449,#10450,#10451,#10452,#10453,#10454,
#10455,#10456,#10457,#10458,#10459,#10460),.UNSPECIFIED.,.F.,.F.,(7,5,5,
5,7),(0.,0.192836011013511,0.464944635607156,0.683756393214137,0.726950324046065),
 .UNSPECIFIED.);
#5083=B_SPLINE_CURVE_WITH_KNOTS('',1,(#10461,#10462),.UNSPECIFIED.,.F.,
 .F.,(2,2),(0.,3.07530696333),.UNSPECIFIED.);
#5084=B_SPLINE_CURVE_WITH_KNOTS('',1,(#10476,#10477),.UNSPECIFIED.,.F.,
 .F.,(2,2),(0.,3.86),.UNSPECIFIED.);
#5085=B_SPLINE_CURVE_WITH_KNOTS('',1,(#10478,#10479),.UNSPECIFIED.,.F.,
 .F.,(2,2),(0.,4.5),.UNSPECIFIED.);
#5086=B_SPLINE_CURVE_WITH_KNOTS('',1,(#10483,#10484),.UNSPECIFIED.,.F.,
 .F.,(2,2),(0.,4.5),.UNSPECIFIED.);
#5087=B_SPLINE_CURVE_WITH_KNOTS('',1,(#10485,#10486),.UNSPECIFIED.,.F.,
 .F.,(2,2),(0.,4.64),.UNSPECIFIED.);
#5088=B_SPLINE_CURVE_WITH_KNOTS('',1,(#10487,#10488),.UNSPECIFIED.,.F.,
 .F.,(2,2),(0.,3.2),.UNSPECIFIED.);
#5089=B_SPLINE_CURVE_WITH_KNOTS('',1,(#10489,#10490),.UNSPECIFIED.,.F.,
 .F.,(2,2),(0.,3.2),.UNSPECIFIED.);
#5090=B_SPLINE_CURVE_WITH_KNOTS('',1,(#10497,#10498),.UNSPECIFIED.,.F.,
 .F.,(2,2),(0.,3.2),.UNSPECIFIED.);
#5091=B_SPLINE_CURVE_WITH_KNOTS('',1,(#10499,#10500),.UNSPECIFIED.,.F.,
 .F.,(2,2),(0.,6.56),.UNSPECIFIED.);
#5092=B_SPLINE_CURVE_WITH_KNOTS('',1,(#10501,#10502),.UNSPECIFIED.,.F.,
 .F.,(2,2),(0.,3.2),.UNSPECIFIED.);
#5093=B_SPLINE_CURVE_WITH_KNOTS('',1,(#10503,#10504),.UNSPECIFIED.,.F.,
 .F.,(2,2),(0.,4.5),.UNSPECIFIED.);
#5094=B_SPLINE_CURVE_WITH_KNOTS('',1,(#10505,#10506),.UNSPECIFIED.,.F.,
 .F.,(2,2),(0.,3.946433947052),.UNSPECIFIED.);
#5095=B_SPLINE_CURVE_WITH_KNOTS('',1,(#10513,#10514),.UNSPECIFIED.,.F.,
 .F.,(2,2),(0.,1.23195959492882),.UNSPECIFIED.);
#5096=B_SPLINE_CURVE_WITH_KNOTS('',1,(#10515,#10516),.UNSPECIFIED.,.F.,
 .F.,(2,2),(0.,4.5),.UNSPECIFIED.);
#5097=B_SPLINE_CURVE_WITH_KNOTS('',1,(#10517,#10518),.UNSPECIFIED.,.F.,
 .F.,(2,2),(0.,21.56),.UNSPECIFIED.);
#5098=B_SPLINE_CURVE_WITH_KNOTS('',1,(#10519,#10520),.UNSPECIFIED.,.F.,
 .F.,(2,2),(0.,4.5),.UNSPECIFIED.);
#5099=B_SPLINE_CURVE_WITH_KNOTS('',1,(#10521,#10522),.UNSPECIFIED.,.F.,
 .F.,(2,2),(0.,3.2),.UNSPECIFIED.);
#5100=B_SPLINE_CURVE_WITH_KNOTS('',1,(#10523,#10524),.UNSPECIFIED.,.F.,
 .F.,(2,2),(0.,1.475),.UNSPECIFIED.);
#5101=B_SPLINE_CURVE_WITH_KNOTS('',1,(#10525,#10526),.UNSPECIFIED.,.F.,
 .F.,(2,2),(0.,0.59),.UNSPECIFIED.);
#5102=B_SPLINE_CURVE_WITH_KNOTS('',1,(#10527,#10528),.UNSPECIFIED.,.F.,
 .F.,(2,2),(0.,3.61),.UNSPECIFIED.);
#5103=B_SPLINE_CURVE_WITH_KNOTS('',1,(#10529,#10530),.UNSPECIFIED.,.F.,
 .F.,(2,2),(0.,0.59),.UNSPECIFIED.);
#5104=B_SPLINE_CURVE_WITH_KNOTS('',1,(#10531,#10532),.UNSPECIFIED.,.F.,
 .F.,(2,2),(0.,1.475),.UNSPECIFIED.);
#5105=B_SPLINE_CURVE_WITH_KNOTS('',1,(#10533,#10534),.UNSPECIFIED.,.F.,
 .F.,(2,2),(0.,3.2),.UNSPECIFIED.);
#5106=B_SPLINE_CURVE_WITH_KNOTS('',1,(#10535,#10536),.UNSPECIFIED.,.F.,
 .F.,(2,2),(0.,3.628873016278),.UNSPECIFIED.);
#5107=B_SPLINE_CURVE_WITH_KNOTS('',1,(#10537,#10538),.UNSPECIFIED.,.F.,
 .F.,(2,2),(0.,3.2),.UNSPECIFIED.);
#5108=B_SPLINE_CURVE_WITH_KNOTS('',1,(#10539,#10540),.UNSPECIFIED.,.F.,
 .F.,(2,2),(0.,1.475),.UNSPECIFIED.);
#5109=B_SPLINE_CURVE_WITH_KNOTS('',1,(#10541,#10542),.UNSPECIFIED.,.F.,
 .F.,(2,2),(0.,0.59),.UNSPECIFIED.);
#5110=B_SPLINE_CURVE_WITH_KNOTS('',1,(#10543,#10544),.UNSPECIFIED.,.F.,
 .F.,(2,2),(0.,3.61),.UNSPECIFIED.);
#5111=B_SPLINE_CURVE_WITH_KNOTS('',1,(#10545,#10546),.UNSPECIFIED.,.F.,
 .F.,(2,2),(0.,0.59),.UNSPECIFIED.);
#5112=B_SPLINE_CURVE_WITH_KNOTS('',1,(#10547,#10548),.UNSPECIFIED.,.F.,
 .F.,(2,2),(0.,1.475),.UNSPECIFIED.);
#5113=B_SPLINE_CURVE_WITH_KNOTS('',1,(#10549,#10550),.UNSPECIFIED.,.F.,
 .F.,(2,2),(0.,3.2),.UNSPECIFIED.);
#5114=B_SPLINE_CURVE_WITH_KNOTS('',1,(#10551,#10552),.UNSPECIFIED.,.F.,
 .F.,(2,2),(0.,3.),.UNSPECIFIED.);
#5115=B_SPLINE_CURVE_WITH_KNOTS('',1,(#10553,#10554),.UNSPECIFIED.,.F.,
 .F.,(2,2),(0.,0.0999999999999996),.UNSPECIFIED.);
#5116=B_SPLINE_CURVE_WITH_KNOTS('',1,(#10555,#10556),.UNSPECIFIED.,.F.,
 .F.,(2,2),(0.,3.),.UNSPECIFIED.);
#5117=B_SPLINE_CURVE_WITH_KNOTS('',1,(#10557,#10558),.UNSPECIFIED.,.F.,
 .F.,(2,2),(0.,0.0999999999999996),.UNSPECIFIED.);
#5118=B_SPLINE_CURVE_WITH_KNOTS('',1,(#10559,#10560),.UNSPECIFIED.,.F.,
 .F.,(2,2),(0.,0.0999999999999996),.UNSPECIFIED.);
#5119=B_SPLINE_CURVE_WITH_KNOTS('',1,(#10561,#10562),.UNSPECIFIED.,.F.,
 .F.,(2,2),(0.,3.),.UNSPECIFIED.);
#5120=B_SPLINE_CURVE_WITH_KNOTS('',1,(#10563,#10564),.UNSPECIFIED.,.F.,
 .F.,(2,2),(0.,0.0999999999999996),.UNSPECIFIED.);
#5121=B_SPLINE_CURVE_WITH_KNOTS('',1,(#10565,#10566),.UNSPECIFIED.,.F.,
 .F.,(2,2),(0.,3.),.UNSPECIFIED.);
#5122=B_SPLINE_CURVE_WITH_KNOTS('',1,(#10567,#10568),.UNSPECIFIED.,.F.,
 .F.,(2,2),(0.,4.64),.UNSPECIFIED.);
#5123=B_SPLINE_CURVE_WITH_KNOTS('',1,(#10569,#10570),.UNSPECIFIED.,.F.,
 .F.,(2,2),(0.,4.777602953845),.UNSPECIFIED.);
#5124=B_SPLINE_CURVE_WITH_KNOTS('',1,(#10571,#10572),.UNSPECIFIED.,.F.,
 .F.,(2,2),(0.,4.777602953845),.UNSPECIFIED.);
#5125=B_SPLINE_CURVE_WITH_KNOTS('',1,(#10573,#10574),.UNSPECIFIED.,.F.,
 .F.,(2,2),(0.,4.64),.UNSPECIFIED.);
#5126=B_SPLINE_CURVE_WITH_KNOTS('',1,(#10575,#10576),.UNSPECIFIED.,.F.,
 .F.,(2,2),(0.,22.),.UNSPECIFIED.);
#5127=B_SPLINE_CURVE_WITH_KNOTS('',1,(#10580,#10581),.UNSPECIFIED.,.F.,
 .F.,(2,2),(0.,1.23195959492882),.UNSPECIFIED.);
#5128=B_SPLINE_CURVE_WITH_KNOTS('',1,(#10585,#10586),.UNSPECIFIED.,.F.,
 .F.,(2,2),(0.,3.5),.UNSPECIFIED.);
#5129=B_SPLINE_CURVE_WITH_KNOTS('',1,(#10587,#10588),.UNSPECIFIED.,.F.,
 .F.,(2,2),(0.,4.64),.UNSPECIFIED.);
#5130=B_SPLINE_CURVE_WITH_KNOTS('',1,(#10589,#10590),.UNSPECIFIED.,.F.,
 .F.,(2,2),(0.,3.5),.UNSPECIFIED.);
#5131=B_SPLINE_CURVE_WITH_KNOTS('',1,(#10591,#10592),.UNSPECIFIED.,.F.,
 .F.,(2,2),(0.,3.88),.UNSPECIFIED.);
#5132=B_SPLINE_CURVE_WITH_KNOTS('',1,(#10593,#10594),.UNSPECIFIED.,.F.,
 .F.,(2,2),(0.,3.88),.UNSPECIFIED.);
#5133=B_SPLINE_CURVE_WITH_KNOTS('',1,(#10595,#10596),.UNSPECIFIED.,.F.,
 .F.,(2,2),(0.,0.0499999999999989),.UNSPECIFIED.);
#5134=B_SPLINE_CURVE_WITH_KNOTS('',1,(#10597,#10598),.UNSPECIFIED.,.F.,
 .F.,(2,2),(0.,0.0999999999999996),.UNSPECIFIED.);
#5135=B_SPLINE_CURVE_WITH_KNOTS('',1,(#10599,#10600),.UNSPECIFIED.,.F.,
 .F.,(2,2),(0.,1.),.UNSPECIFIED.);
#5136=B_SPLINE_CURVE_WITH_KNOTS('',1,(#10601,#10602),.UNSPECIFIED.,.F.,
 .F.,(2,2),(0.,0.0999999999999996),.UNSPECIFIED.);
#5137=B_SPLINE_CURVE_WITH_KNOTS('',1,(#10603,#10604),.UNSPECIFIED.,.F.,
 .F.,(2,2),(0.,0.949999999999999),.UNSPECIFIED.);
#5138=B_SPLINE_CURVE_WITH_KNOTS('',1,(#10605,#10606),.UNSPECIFIED.,.F.,
 .F.,(2,2),(0.,3.),.UNSPECIFIED.);
#5139=B_SPLINE_CURVE_WITH_KNOTS('',1,(#10607,#10608),.UNSPECIFIED.,.F.,
 .F.,(2,2),(0.,3.88),.UNSPECIFIED.);
#5140=B_SPLINE_CURVE_WITH_KNOTS('',1,(#10609,#10610),.UNSPECIFIED.,.F.,
 .F.,(2,2),(0.,3.88),.UNSPECIFIED.);
#5141=B_SPLINE_CURVE_WITH_KNOTS('',1,(#10611,#10612),.UNSPECIFIED.,.F.,
 .F.,(2,2),(0.,0.949999999999999),.UNSPECIFIED.);
#5142=B_SPLINE_CURVE_WITH_KNOTS('',1,(#10613,#10614),.UNSPECIFIED.,.F.,
 .F.,(2,2),(0.,0.0999999999999996),.UNSPECIFIED.);
#5143=B_SPLINE_CURVE_WITH_KNOTS('',1,(#10615,#10616),.UNSPECIFIED.,.F.,
 .F.,(2,2),(0.,1.),.UNSPECIFIED.);
#5144=B_SPLINE_CURVE_WITH_KNOTS('',1,(#10617,#10618),.UNSPECIFIED.,.F.,
 .F.,(2,2),(0.,0.0999999999999996),.UNSPECIFIED.);
#5145=B_SPLINE_CURVE_WITH_KNOTS('',1,(#10619,#10620),.UNSPECIFIED.,.F.,
 .F.,(2,2),(0.,0.0499999999999989),.UNSPECIFIED.);
#5146=B_SPLINE_CURVE_WITH_KNOTS('',1,(#10621,#10622),.UNSPECIFIED.,.F.,
 .F.,(2,2),(0.,3.),.UNSPECIFIED.);
#5147=B_SPLINE_CURVE_WITH_KNOTS('',1,(#10623,#10624),.UNSPECIFIED.,.F.,
 .F.,(2,2),(0.,0.085078714809),.UNSPECIFIED.);
#5148=B_SPLINE_CURVE_WITH_KNOTS('',1,(#10625,#10626),.UNSPECIFIED.,.F.,
 .F.,(2,2),(0.,1.),.UNSPECIFIED.);
#5149=B_SPLINE_CURVE_WITH_KNOTS('',1,(#10627,#10628),.UNSPECIFIED.,.F.,
 .F.,(2,2),(0.,3.794921285191),.UNSPECIFIED.);
#5150=B_SPLINE_CURVE_WITH_KNOTS('',1,(#10629,#10630),.UNSPECIFIED.,.F.,
 .F.,(2,2),(0.,3.),.UNSPECIFIED.);
#5151=B_SPLINE_CURVE_WITH_KNOTS('',1,(#10631,#10632),.UNSPECIFIED.,.F.,
 .F.,(2,2),(0.,3.794921285191),.UNSPECIFIED.);
#5152=B_SPLINE_CURVE_WITH_KNOTS('',1,(#10633,#10634),.UNSPECIFIED.,.F.,
 .F.,(2,2),(0.,1.),.UNSPECIFIED.);
#5153=B_SPLINE_CURVE_WITH_KNOTS('',1,(#10635,#10636),.UNSPECIFIED.,.F.,
 .F.,(2,2),(0.,0.085078714809),.UNSPECIFIED.);
#5154=B_SPLINE_CURVE_WITH_KNOTS('',1,(#10637,#10638),.UNSPECIFIED.,.F.,
 .F.,(2,2),(0.,3.52801950201033),.UNSPECIFIED.);
#5155=B_SPLINE_CURVE_WITH_KNOTS('',1,(#10639,#10640),.UNSPECIFIED.,.F.,
 .F.,(2,2),(0.,3.55401372323735),.UNSPECIFIED.);
#5156=B_SPLINE_CURVE_WITH_KNOTS('',1,(#10641,#10642),.UNSPECIFIED.,.F.,
 .F.,(2,2),(0.,0.10000000000019),.UNSPECIFIED.);
#5157=B_SPLINE_CURVE_WITH_KNOTS('',1,(#10643,#10644),.UNSPECIFIED.,.F.,
 .F.,(2,2),(0.,0.1),.UNSPECIFIED.);
#5158=B_SPLINE_CURVE_WITH_KNOTS('',1,(#10645,#10646),.UNSPECIFIED.,.F.,
 .F.,(2,2),(0.,3.52801950201033),.UNSPECIFIED.);
#5159=B_SPLINE_CURVE_WITH_KNOTS('',1,(#10647,#10648),.UNSPECIFIED.,.F.,
 .F.,(2,2),(0.,3.831318308617),.UNSPECIFIED.);
#5160=B_SPLINE_CURVE_WITH_KNOTS('',1,(#10649,#10650),.UNSPECIFIED.,.F.,
 .F.,(2,2),(0.,0.0999999999999996),.UNSPECIFIED.);
#5161=B_SPLINE_CURVE_WITH_KNOTS('',1,(#10651,#10652),.UNSPECIFIED.,.F.,
 .F.,(2,2),(0.,0.142335743471446),.UNSPECIFIED.);
#5162=B_SPLINE_CURVE_WITH_KNOTS('',1,(#10653,#10654),.UNSPECIFIED.,.F.,
 .F.,(2,2),(0.,1.),.UNSPECIFIED.);
#5163=B_SPLINE_CURVE_WITH_KNOTS('',1,(#10655,#10656),.UNSPECIFIED.,.F.,
 .F.,(2,2),(-0.142335743471446,0.),.UNSPECIFIED.);
#5164=B_SPLINE_CURVE_WITH_KNOTS('',1,(#10657,#10658),.UNSPECIFIED.,.F.,
 .F.,(2,2),(-0.0486816913829999,0.),.UNSPECIFIED.);
#5165=B_SPLINE_CURVE_WITH_KNOTS('',1,(#10659,#10660),.UNSPECIFIED.,.F.,
 .F.,(2,2),(0.,3.),.UNSPECIFIED.);
#5166=B_SPLINE_CURVE_WITH_KNOTS('',1,(#10661,#10662),.UNSPECIFIED.,.F.,
 .F.,(2,2),(0.,3.831318308617),.UNSPECIFIED.);
#5167=B_SPLINE_CURVE_WITH_KNOTS('',1,(#10663,#10664),.UNSPECIFIED.,.F.,
 .F.,(2,2),(0.,1.),.UNSPECIFIED.);
#5168=B_SPLINE_CURVE_WITH_KNOTS('',1,(#10665,#10666),.UNSPECIFIED.,.F.,
 .F.,(2,2),(0.,0.0486816913829999),.UNSPECIFIED.);
#5169=B_SPLINE_CURVE_WITH_KNOTS('',1,(#10667,#10668),.UNSPECIFIED.,.F.,
 .F.,(2,2),(0.,0.142335743471446),.UNSPECIFIED.);
#5170=B_SPLINE_CURVE_WITH_KNOTS('',1,(#10669,#10670),.UNSPECIFIED.,.F.,
 .F.,(2,2),(0.,0.142335743471446),.UNSPECIFIED.);
#5171=B_SPLINE_CURVE_WITH_KNOTS('',1,(#10671,#10672),.UNSPECIFIED.,.F.,
 .F.,(2,2),(0.,0.0999999999999996),.UNSPECIFIED.);
#5172=B_SPLINE_CURVE_WITH_KNOTS('',1,(#10673,#10674),.UNSPECIFIED.,.F.,
 .F.,(2,2),(0.,0.1),.UNSPECIFIED.);
#5173=B_SPLINE_CURVE_WITH_KNOTS('',1,(#10675,#10676),.UNSPECIFIED.,.F.,
 .F.,(2,2),(0.,3.52801950201033),.UNSPECIFIED.);
#5174=B_SPLINE_CURVE_WITH_KNOTS('',1,(#10677,#10678),.UNSPECIFIED.,.F.,
 .F.,(2,2),(0.,3.52801950201033),.UNSPECIFIED.);
#5175=B_SPLINE_CURVE_WITH_KNOTS('',1,(#10679,#10680),.UNSPECIFIED.,.F.,
 .F.,(2,2),(0.,0.10000000000019),.UNSPECIFIED.);
#5176=B_SPLINE_CURVE_WITH_KNOTS('',1,(#10681,#10682),.UNSPECIFIED.,.F.,
 .F.,(2,2),(0.,3.55401372323735),.UNSPECIFIED.);
#5177=B_SPLINE_CURVE_WITH_KNOTS('',1,(#10683,#10684),.UNSPECIFIED.,.F.,
 .F.,(2,2),(0.,3.628873016278),.UNSPECIFIED.);
#5178=B_SPLINE_CURVE_WITH_KNOTS('',1,(#10685,#10686),.UNSPECIFIED.,.F.,
 .F.,(2,2),(0.,3.946433947052),.UNSPECIFIED.);
#5179=B_SPLINE_CURVE_WITH_KNOTS('',1,(#10687,#10688),.UNSPECIFIED.,.F.,
 .F.,(2,2),(0.,4.5),.UNSPECIFIED.);
#5180=B_SPLINE_CURVE_WITH_KNOTS('',1,(#10689,#10690),.UNSPECIFIED.,.F.,
 .F.,(2,2),(0.,3.2),.UNSPECIFIED.);
#5181=B_SPLINE_CURVE_WITH_KNOTS('',1,(#10691,#10692),.UNSPECIFIED.,.F.,
 .F.,(2,2),(0.,6.56),.UNSPECIFIED.);
#5182=B_SPLINE_CURVE_WITH_KNOTS('',1,(#10693,#10694),.UNSPECIFIED.,.F.,
 .F.,(2,2),(0.,3.2),.UNSPECIFIED.);
#5183=B_SPLINE_CURVE_WITH_KNOTS('',1,(#10709,#10710),.UNSPECIFIED.,.F.,
 .F.,(2,2),(0.,7.),.UNSPECIFIED.);
#5184=B_SPLINE_CURVE_WITH_KNOTS('',1,(#10711,#10712),.UNSPECIFIED.,.F.,
 .F.,(2,2),(0.,4.64),.UNSPECIFIED.);
#5185=B_SPLINE_CURVE_WITH_KNOTS('',1,(#10713,#10714),.UNSPECIFIED.,.F.,
 .F.,(2,2),(0.,7.),.UNSPECIFIED.);
#5186=B_SPLINE_CURVE_WITH_KNOTS('',6,(#10718,#10719,#10720,#10721,#10722,
#10723,#10724,#10725,#10726,#10727,#10728,#10729,#10730,#10731,#10732,#10733,
#10734,#10735,#10736,#10737,#10738,#10739),.UNSPECIFIED.,.F.,.F.,(7,5,5,
5,7),(-0.726950336174205,-0.683756326961267,-0.46494459056061,-0.192835992337145,
0.),.UNSPECIFIED.);
#5187=B_SPLINE_CURVE_WITH_KNOTS('',1,(#10743,#10744),.UNSPECIFIED.,.F.,
 .F.,(2,2),(0.,4.5),.UNSPECIFIED.);
#5188=B_SPLINE_CURVE_WITH_KNOTS('',1,(#10748,#10749),.UNSPECIFIED.,.F.,
 .F.,(2,2),(0.,3.2),.UNSPECIFIED.);
#5189=B_SPLINE_CURVE_WITH_KNOTS('',1,(#10756,#10757),.UNSPECIFIED.,.F.,
 .F.,(2,2),(0.,4.5),.UNSPECIFIED.);
#5190=B_SPLINE_CURVE_WITH_KNOTS('',1,(#10761,#10762),.UNSPECIFIED.,.F.,
 .F.,(2,2),(0.,3.2),.UNSPECIFIED.);
#5191=B_SPLINE_CURVE_WITH_KNOTS('',1,(#10769,#10770),.UNSPECIFIED.,.F.,
 .F.,(2,2),(0.,3.61),.UNSPECIFIED.);
#5192=B_SPLINE_CURVE_WITH_KNOTS('',1,(#10774,#10775),.UNSPECIFIED.,.F.,
 .F.,(2,2),(0.,7.),.UNSPECIFIED.);
#5193=B_SPLINE_CURVE_WITH_KNOTS('',1,(#10779,#10780),.UNSPECIFIED.,.F.,
 .F.,(2,2),(0.,3.61),.UNSPECIFIED.);
#5194=B_SPLINE_CURVE_WITH_KNOTS('',1,(#10781,#10782),.UNSPECIFIED.,.F.,
 .F.,(2,2),(0.,3.2),.UNSPECIFIED.);
#5195=B_SPLINE_CURVE_WITH_KNOTS('',1,(#10789,#10790),.UNSPECIFIED.,.F.,
 .F.,(2,2),(0.,3.61),.UNSPECIFIED.);
#5196=B_SPLINE_CURVE_WITH_KNOTS('',1,(#10794,#10795),.UNSPECIFIED.,.F.,
 .F.,(2,2),(0.,3.61),.UNSPECIFIED.);
#5197=B_SPLINE_CURVE_WITH_KNOTS('',1,(#10796,#10797),.UNSPECIFIED.,.F.,
 .F.,(2,2),(0.,3.2),.UNSPECIFIED.);
#5198=B_SPLINE_CURVE_WITH_KNOTS('',1,(#10801,#10802),.UNSPECIFIED.,.F.,
 .F.,(2,2),(0.,4.5),.UNSPECIFIED.);
#5199=B_SPLINE_CURVE_WITH_KNOTS('',1,(#10809,#10810),.UNSPECIFIED.,.F.,
 .F.,(2,2),(0.,4.64),.UNSPECIFIED.);
#5200=B_SPLINE_CURVE_WITH_KNOTS('',1,(#10811,#10812),.UNSPECIFIED.,.F.,
 .F.,(2,2),(0.,4.5),.UNSPECIFIED.);
#5201=B_SPLINE_CURVE_WITH_KNOTS('',1,(#10813,#10814),.UNSPECIFIED.,.F.,
 .F.,(2,2),(0.,4.64),.UNSPECIFIED.);
#5202=B_SPLINE_CURVE_WITH_KNOTS('',6,(#10815,#10816,#10817,#10818,#10819,
#10820,#10821,#10822,#10823,#10824,#10825,#10826,#10827,#10828,#10829,#10830,
#10831,#10832,#10833,#10834,#10835,#10836),.UNSPECIFIED.,.F.,.F.,(7,5,5,
5,7),(-0.726950324046457,-0.534114313016849,-0.262005688420876,-0.04319393081337,
0.),.UNSPECIFIED.);
#5203=B_SPLINE_CURVE_WITH_KNOTS('',1,(#10843,#10844),.UNSPECIFIED.,.F.,
 .F.,(2,2),(0.,4.64),.UNSPECIFIED.);
#5204=B_SPLINE_CURVE_WITH_KNOTS('',1,(#10845,#10846),.UNSPECIFIED.,.F.,
 .F.,(2,2),(0.,3.2),.UNSPECIFIED.);
#5205=B_SPLINE_CURVE_WITH_KNOTS('',1,(#10847,#10848),.UNSPECIFIED.,.F.,
 .F.,(2,2),(0.,3.),.UNSPECIFIED.);
#5206=B_SPLINE_CURVE_WITH_KNOTS('',1,(#10849,#10850),.UNSPECIFIED.,.F.,
 .F.,(2,2),(0.,3.),.UNSPECIFIED.);
#5207=B_SPLINE_CURVE_WITH_KNOTS('',1,(#10851,#10852),.UNSPECIFIED.,.F.,
 .F.,(2,2),(0.,3.),.UNSPECIFIED.);
#5208=B_SPLINE_CURVE_WITH_KNOTS('',1,(#10853,#10854),.UNSPECIFIED.,.F.,
 .F.,(2,2),(0.,3.),.UNSPECIFIED.);
#5209=B_SPLINE_CURVE_WITH_KNOTS('',1,(#10855,#10856),.UNSPECIFIED.,.F.,
 .F.,(2,2),(0.,0.1),.UNSPECIFIED.);
#5210=B_SPLINE_CURVE_WITH_KNOTS('',1,(#10857,#10858),.UNSPECIFIED.,.F.,
 .F.,(2,2),(-3.55401372323735,0.),.UNSPECIFIED.);
#5211=B_SPLINE_CURVE_WITH_KNOTS('',1,(#10859,#10860),.UNSPECIFIED.,.F.,
 .F.,(2,2),(0.,0.1),.UNSPECIFIED.);
#5212=B_SPLINE_CURVE_WITH_KNOTS('',1,(#10861,#10862),.UNSPECIFIED.,.F.,
 .F.,(2,2),(-3.55401372323735,0.),.UNSPECIFIED.);
#5213=B_SPLINE_CURVE_WITH_KNOTS('',1,(#10863,#10864),.UNSPECIFIED.,.F.,
 .F.,(2,2),(0.,0.100000000000533),.UNSPECIFIED.);
#5214=B_SPLINE_CURVE_WITH_KNOTS('',1,(#10871,#10872),.UNSPECIFIED.,.F.,
 .F.,(2,2),(-0.10000000000019,0.),.UNSPECIFIED.);
#5215=B_SPLINE_CURVE_WITH_KNOTS('',1,(#10876,#10877),.UNSPECIFIED.,.F.,
 .F.,(2,2),(0.,0.100000000000533),.UNSPECIFIED.);
#5216=B_SPLINE_CURVE_WITH_KNOTS('',1,(#10881,#10882),.UNSPECIFIED.,.F.,
 .F.,(2,2),(0.,0.100000000000533),.UNSPECIFIED.);
#5217=B_SPLINE_CURVE_WITH_KNOTS('',1,(#10886,#10887),.UNSPECIFIED.,.F.,
 .F.,(2,2),(-0.10000000000019,0.),.UNSPECIFIED.);
#5218=B_SPLINE_CURVE_WITH_KNOTS('',1,(#10894,#10895),.UNSPECIFIED.,.F.,
 .F.,(2,2),(0.,0.100000000000533),.UNSPECIFIED.);
#5219=B_SPLINE_CURVE_WITH_KNOTS('',1,(#10905,#10906),.UNSPECIFIED.,.F.,
 .F.,(2,2),(0.,7.),.UNSPECIFIED.);
#5220=B_SPLINE_CURVE_WITH_KNOTS('',1,(#10910,#10911),.UNSPECIFIED.,.F.,
 .F.,(2,2),(0.,3.2),.UNSPECIFIED.);
#5221=B_SPLINE_CURVE_WITH_KNOTS('',1,(#10912,#10913),.UNSPECIFIED.,.F.,
 .F.,(2,2),(0.,4.64),.UNSPECIFIED.);
#5222=B_SPLINE_CURVE_WITH_KNOTS('',1,(#10914,#10915),.UNSPECIFIED.,.F.,
 .F.,(2,2),(0.,1.95),.UNSPECIFIED.);
#5223=B_SPLINE_CURVE_WITH_KNOTS('',1,(#10916,#10917),.UNSPECIFIED.,.F.,
 .F.,(2,2),(0.,1.730910977),.UNSPECIFIED.);
#5224=B_SPLINE_CURVE_WITH_KNOTS('',1,(#10918,#10919),.UNSPECIFIED.,.F.,
 .F.,(2,2),(0.,0.2),.UNSPECIFIED.);
#5225=B_SPLINE_CURVE_WITH_KNOTS('',1,(#10920,#10921),.UNSPECIFIED.,.F.,
 .F.,(2,2),(0.,3.61),.UNSPECIFIED.);
#5226=B_SPLINE_CURVE_WITH_KNOTS('',1,(#10922,#10923),.UNSPECIFIED.,.F.,
 .F.,(2,2),(0.,1.730910977),.UNSPECIFIED.);
#5227=B_SPLINE_CURVE_WITH_KNOTS('',1,(#10924,#10925),.UNSPECIFIED.,.F.,
 .F.,(2,2),(0.,1.95),.UNSPECIFIED.);
#5228=B_SPLINE_CURVE_WITH_KNOTS('',1,(#10926,#10927),.UNSPECIFIED.,.F.,
 .F.,(2,2),(0.,0.2),.UNSPECIFIED.);
#5229=B_SPLINE_CURVE_WITH_KNOTS('',1,(#10928,#10929),.UNSPECIFIED.,.F.,
 .F.,(2,2),(0.,3.61),.UNSPECIFIED.);
#5230=B_SPLINE_CURVE_WITH_KNOTS('',1,(#10930,#10931),.UNSPECIFIED.,.F.,
 .F.,(2,2),(0.,1.95),.UNSPECIFIED.);
#5231=B_SPLINE_CURVE_WITH_KNOTS('',1,(#10932,#10933),.UNSPECIFIED.,.F.,
 .F.,(2,2),(0.,1.730910976998),.UNSPECIFIED.);
#5232=B_SPLINE_CURVE_WITH_KNOTS('',1,(#10934,#10935),.UNSPECIFIED.,.F.,
 .F.,(2,2),(0.,0.2),.UNSPECIFIED.);
#5233=B_SPLINE_CURVE_WITH_KNOTS('',1,(#10936,#10937),.UNSPECIFIED.,.F.,
 .F.,(2,2),(0.,3.61),.UNSPECIFIED.);
#5234=B_SPLINE_CURVE_WITH_KNOTS('',1,(#10938,#10939),.UNSPECIFIED.,.F.,
 .F.,(2,2),(0.,1.730910976998),.UNSPECIFIED.);
#5235=B_SPLINE_CURVE_WITH_KNOTS('',1,(#10940,#10941),.UNSPECIFIED.,.F.,
 .F.,(2,2),(0.,1.95),.UNSPECIFIED.);
#5236=B_SPLINE_CURVE_WITH_KNOTS('',1,(#10942,#10943),.UNSPECIFIED.,.F.,
 .F.,(2,2),(0.,0.2),.UNSPECIFIED.);
#5237=B_SPLINE_CURVE_WITH_KNOTS('',1,(#10944,#10945),.UNSPECIFIED.,.F.,
 .F.,(2,2),(0.,3.61),.UNSPECIFIED.);
#5238=B_SPLINE_CURVE_WITH_KNOTS('',1,(#11085,#11086),.UNSPECIFIED.,.F.,
 .F.,(2,2),(0.,1.17),.UNSPECIFIED.);
#5239=B_SPLINE_CURVE_WITH_KNOTS('',1,(#11087,#11088),.UNSPECIFIED.,.F.,
 .F.,(2,2),(0.,1.3),.UNSPECIFIED.);
#5240=B_SPLINE_CURVE_WITH_KNOTS('',1,(#11089,#11090),.UNSPECIFIED.,.F.,
 .F.,(2,2),(0.,0.15625),.UNSPECIFIED.);
#5241=B_SPLINE_CURVE_WITH_KNOTS('',1,(#11091,#11092),.UNSPECIFIED.,.F.,
 .F.,(2,2),(0.,0.9375),.UNSPECIFIED.);
#5242=B_SPLINE_CURVE_WITH_KNOTS('',1,(#11093,#11094),.UNSPECIFIED.,.F.,
 .F.,(2,2),(0.,0.15625),.UNSPECIFIED.);
#5243=B_SPLINE_CURVE_WITH_KNOTS('',1,(#11095,#11096),.UNSPECIFIED.,.F.,
 .F.,(2,2),(0.,0.638318102516292),.UNSPECIFIED.);
#5244=B_SPLINE_CURVE_WITH_KNOTS('',1,(#11097,#11098),.UNSPECIFIED.,.F.,
 .F.,(2,2),(0.,1.25),.UNSPECIFIED.);
#5245=B_SPLINE_CURVE_WITH_KNOTS('',1,(#11099,#11100),.UNSPECIFIED.,.F.,
 .F.,(2,2),(0.,0.638318102516292),.UNSPECIFIED.);
#5246=B_SPLINE_CURVE_WITH_KNOTS('',1,(#11101,#11102),.UNSPECIFIED.,.F.,
 .F.,(2,2),(0.,0.0525),.UNSPECIFIED.);
#5247=B_SPLINE_CURVE_WITH_KNOTS('',1,(#11103,#11104),.UNSPECIFIED.,.F.,
 .F.,(2,2),(0.,0.43),.UNSPECIFIED.);
#5248=B_SPLINE_CURVE_WITH_KNOTS('',1,(#11105,#11106),.UNSPECIFIED.,.F.,
 .F.,(2,2),(0.,0.0525),.UNSPECIFIED.);
#5249=B_SPLINE_CURVE_WITH_KNOTS('',1,(#11107,#11108),.UNSPECIFIED.,.F.,
 .F.,(2,2),(0.,0.2625),.UNSPECIFIED.);
#5250=B_SPLINE_CURVE_WITH_KNOTS('',1,(#11109,#11110),.UNSPECIFIED.,.F.,
 .F.,(2,2),(0.,0.2625),.UNSPECIFIED.);
#5251=B_SPLINE_CURVE_WITH_KNOTS('',1,(#11111,#11112),.UNSPECIFIED.,.F.,
 .F.,(2,2),(0.,0.0525),.UNSPECIFIED.);
#5252=B_SPLINE_CURVE_WITH_KNOTS('',1,(#11113,#11114),.UNSPECIFIED.,.F.,
 .F.,(2,2),(0.,0.43),.UNSPECIFIED.);
#5253=B_SPLINE_CURVE_WITH_KNOTS('',1,(#11115,#11116),.UNSPECIFIED.,.F.,
 .F.,(2,2),(0.,0.0525),.UNSPECIFIED.);
#5254=B_SPLINE_CURVE_WITH_KNOTS('',1,(#11117,#11118),.UNSPECIFIED.,.F.,
 .F.,(2,2),(0.,1.825),.UNSPECIFIED.);
#5255=B_SPLINE_CURVE_WITH_KNOTS('',1,(#11119,#11120),.UNSPECIFIED.,.F.,
 .F.,(2,2),(0.,1.25),.UNSPECIFIED.);
#5256=B_SPLINE_CURVE_WITH_KNOTS('',1,(#11121,#11122),.UNSPECIFIED.,.F.,
 .F.,(2,2),(0.,1.17),.UNSPECIFIED.);
#5257=B_SPLINE_CURVE_WITH_KNOTS('',1,(#11123,#11124),.UNSPECIFIED.,.F.,
 .F.,(2,2),(0.,0.638318102516292),.UNSPECIFIED.);
#5258=B_SPLINE_CURVE_WITH_KNOTS('',1,(#11125,#11126),.UNSPECIFIED.,.F.,
 .F.,(2,2),(0.,0.15625),.UNSPECIFIED.);
#5259=B_SPLINE_CURVE_WITH_KNOTS('',1,(#11127,#11128),.UNSPECIFIED.,.F.,
 .F.,(2,2),(0.,0.9375),.UNSPECIFIED.);
#5260=B_SPLINE_CURVE_WITH_KNOTS('',1,(#11129,#11130),.UNSPECIFIED.,.F.,
 .F.,(2,2),(0.,0.15625),.UNSPECIFIED.);
#5261=B_SPLINE_CURVE_WITH_KNOTS('',1,(#11131,#11132),.UNSPECIFIED.,.F.,
 .F.,(2,2),(0.,0.638318102516292),.UNSPECIFIED.);
#5262=B_SPLINE_CURVE_WITH_KNOTS('',1,(#11133,#11134),.UNSPECIFIED.,.F.,
 .F.,(2,2),(0.,0.2625),.UNSPECIFIED.);
#5263=B_SPLINE_CURVE_WITH_KNOTS('',1,(#11135,#11136),.UNSPECIFIED.,.F.,
 .F.,(2,2),(0.,0.15625),.UNSPECIFIED.);
#5264=B_SPLINE_CURVE_WITH_KNOTS('',1,(#11137,#11138),.UNSPECIFIED.,.F.,
 .F.,(2,2),(0.,0.2625),.UNSPECIFIED.);
#5265=B_SPLINE_CURVE_WITH_KNOTS('',1,(#11139,#11140),.UNSPECIFIED.,.F.,
 .F.,(2,2),(0.,1.3),.UNSPECIFIED.);
#5266=B_SPLINE_CURVE_WITH_KNOTS('',1,(#11144,#11145),.UNSPECIFIED.,.F.,
 .F.,(2,2),(0.,0.9375),.UNSPECIFIED.);
#5267=B_SPLINE_CURVE_WITH_KNOTS('',1,(#11149,#11150),.UNSPECIFIED.,.F.,
 .F.,(2,2),(0.,0.15625),.UNSPECIFIED.);
#5268=B_SPLINE_CURVE_WITH_KNOTS('',1,(#11151,#11152),.UNSPECIFIED.,.F.,
 .F.,(2,2),(0.,0.2625),.UNSPECIFIED.);
#5269=B_SPLINE_CURVE_WITH_KNOTS('',1,(#11153,#11154),.UNSPECIFIED.,.F.,
 .F.,(2,2),(0.,0.0525),.UNSPECIFIED.);
#5270=B_SPLINE_CURVE_WITH_KNOTS('',1,(#11155,#11156),.UNSPECIFIED.,.F.,
 .F.,(2,2),(0.,0.43),.UNSPECIFIED.);
#5271=B_SPLINE_CURVE_WITH_KNOTS('',1,(#11157,#11158),.UNSPECIFIED.,.F.,
 .F.,(2,2),(0.,0.0525),.UNSPECIFIED.);
#5272=B_SPLINE_CURVE_WITH_KNOTS('',1,(#11159,#11160),.UNSPECIFIED.,.F.,
 .F.,(2,2),(0.,0.035),.UNSPECIFIED.);
#5273=B_SPLINE_CURVE_WITH_KNOTS('',1,(#11161,#11162),.UNSPECIFIED.,.F.,
 .F.,(2,2),(0.,0.035),.UNSPECIFIED.);
#5274=B_SPLINE_CURVE_WITH_KNOTS('',1,(#11163,#11164),.UNSPECIFIED.,.F.,
 .F.,(2,2),(0.,0.15625),.UNSPECIFIED.);
#5275=B_SPLINE_CURVE_WITH_KNOTS('',1,(#11165,#11166),.UNSPECIFIED.,.F.,
 .F.,(2,2),(0.,0.15625),.UNSPECIFIED.);
#5276=B_SPLINE_CURVE_WITH_KNOTS('',1,(#11167,#11168),.UNSPECIFIED.,.F.,
 .F.,(2,2),(0.,0.2625),.UNSPECIFIED.);
#5277=B_SPLINE_CURVE_WITH_KNOTS('',1,(#11169,#11170),.UNSPECIFIED.,.F.,
 .F.,(2,2),(0.,0.9375),.UNSPECIFIED.);
#5278=B_SPLINE_CURVE_WITH_KNOTS('',1,(#11171,#11172),.UNSPECIFIED.,.F.,
 .F.,(2,2),(0.,0.2625),.UNSPECIFIED.);
#5279=B_SPLINE_CURVE_WITH_KNOTS('',1,(#11173,#11174),.UNSPECIFIED.,.F.,
 .F.,(2,2),(0.,0.15625),.UNSPECIFIED.);
#5280=B_SPLINE_CURVE_WITH_KNOTS('',1,(#11175,#11176),.UNSPECIFIED.,.F.,
 .F.,(2,2),(0.,1.825),.UNSPECIFIED.);
#5281=B_SPLINE_CURVE_WITH_KNOTS('',1,(#11177,#11178),.UNSPECIFIED.,.F.,
 .F.,(2,2),(0.,0.15625),.UNSPECIFIED.);
#5282=B_SPLINE_CURVE_WITH_KNOTS('',1,(#11179,#11180),.UNSPECIFIED.,.F.,
 .F.,(2,2),(0.,0.2625),.UNSPECIFIED.);
#5283=B_SPLINE_CURVE_WITH_KNOTS('',1,(#11181,#11182),.UNSPECIFIED.,.F.,
 .F.,(2,2),(0.,0.9375),.UNSPECIFIED.);
#5284=B_SPLINE_CURVE_WITH_KNOTS('',1,(#11183,#11184),.UNSPECIFIED.,.F.,
 .F.,(2,2),(0.,0.2625),.UNSPECIFIED.);
#5285=B_SPLINE_CURVE_WITH_KNOTS('',1,(#11185,#11186),.UNSPECIFIED.,.F.,
 .F.,(2,2),(0.,1.),.UNSPECIFIED.);
#5286=B_SPLINE_CURVE_WITH_KNOTS('',1,(#11187,#11188),.UNSPECIFIED.,.F.,
 .F.,(2,2),(0.,0.0525),.UNSPECIFIED.);
#5287=B_SPLINE_CURVE_WITH_KNOTS('',1,(#11189,#11190),.UNSPECIFIED.,.F.,
 .F.,(2,2),(0.,0.035),.UNSPECIFIED.);
#5288=B_SPLINE_CURVE_WITH_KNOTS('',1,(#11191,#11192),.UNSPECIFIED.,.F.,
 .F.,(2,2),(0.,0.035),.UNSPECIFIED.);
#5289=B_SPLINE_CURVE_WITH_KNOTS('',1,(#11193,#11194),.UNSPECIFIED.,.F.,
 .F.,(2,2),(0.,0.0525),.UNSPECIFIED.);
#5290=B_SPLINE_CURVE_WITH_KNOTS('',1,(#11195,#11196),.UNSPECIFIED.,.F.,
 .F.,(2,2),(0.,0.43),.UNSPECIFIED.);
#5291=B_SPLINE_CURVE_WITH_KNOTS('',1,(#11197,#11198),.UNSPECIFIED.,.F.,
 .F.,(2,2),(0.,0.2625),.UNSPECIFIED.);
#5292=B_SPLINE_CURVE_WITH_KNOTS('',1,(#11199,#11200),.UNSPECIFIED.,.F.,
 .F.,(2,2),(0.,0.15625),.UNSPECIFIED.);
#5293=B_SPLINE_CURVE_WITH_KNOTS('',1,(#11201,#11202),.UNSPECIFIED.,.F.,
 .F.,(2,2),(0.,0.2625),.UNSPECIFIED.);
#5294=B_SPLINE_CURVE_WITH_KNOTS('',1,(#11203,#11204),.UNSPECIFIED.,.F.,
 .F.,(2,2),(0.,0.2625),.UNSPECIFIED.);
#5295=B_SPLINE_CURVE_WITH_KNOTS('',1,(#11205,#11206),.UNSPECIFIED.,.F.,
 .F.,(2,2),(0.,0.15625),.UNSPECIFIED.);
#5296=B_SPLINE_CURVE_WITH_KNOTS('',1,(#11210,#11211),.UNSPECIFIED.,.F.,
 .F.,(2,2),(0.,0.9375),.UNSPECIFIED.);
#5297=B_SPLINE_CURVE_WITH_KNOTS('',1,(#11215,#11216),.UNSPECIFIED.,.F.,
 .F.,(2,2),(0.,0.0525),.UNSPECIFIED.);
#5298=B_SPLINE_CURVE_WITH_KNOTS('',1,(#11217,#11218),.UNSPECIFIED.,.F.,
 .F.,(2,2),(0.,0.43),.UNSPECIFIED.);
#5299=B_SPLINE_CURVE_WITH_KNOTS('',1,(#11219,#11220),.UNSPECIFIED.,.F.,
 .F.,(2,2),(0.,0.0525),.UNSPECIFIED.);
#5300=B_SPLINE_CURVE_WITH_KNOTS('',1,(#11221,#11222),.UNSPECIFIED.,.F.,
 .F.,(2,2),(0.,0.0525),.UNSPECIFIED.);
#5301=B_SPLINE_CURVE_WITH_KNOTS('',1,(#11223,#11224),.UNSPECIFIED.,.F.,
 .F.,(2,2),(0.,0.43),.UNSPECIFIED.);
#5302=B_SPLINE_CURVE_WITH_KNOTS('',1,(#11225,#11226),.UNSPECIFIED.,.F.,
 .F.,(2,2),(0.,0.0525),.UNSPECIFIED.);
#5303=B_SPLINE_CURVE_WITH_KNOTS('',1,(#11227,#11228),.UNSPECIFIED.,.F.,
 .F.,(2,2),(0.,0.2275),.UNSPECIFIED.);
#5304=B_SPLINE_CURVE_WITH_KNOTS('',1,(#11229,#11230),.UNSPECIFIED.,.F.,
 .F.,(2,2),(0.,0.035),.UNSPECIFIED.);
#5305=B_SPLINE_CURVE_WITH_KNOTS('',1,(#11231,#11232),.UNSPECIFIED.,.F.,
 .F.,(2,2),(0.,0.15625),.UNSPECIFIED.);
#5306=B_SPLINE_CURVE_WITH_KNOTS('',1,(#11233,#11234),.UNSPECIFIED.,.F.,
 .F.,(2,2),(0.,0.035),.UNSPECIFIED.);
#5307=B_SPLINE_CURVE_WITH_KNOTS('',1,(#11235,#11236),.UNSPECIFIED.,.F.,
 .F.,(2,2),(0.,0.035),.UNSPECIFIED.);
#5308=B_SPLINE_CURVE_WITH_KNOTS('',1,(#11237,#11238),.UNSPECIFIED.,.F.,
 .F.,(2,2),(0.,0.2275),.UNSPECIFIED.);
#5309=B_SPLINE_CURVE_WITH_KNOTS('',1,(#11239,#11240),.UNSPECIFIED.,.F.,
 .F.,(2,2),(0.,0.0525),.UNSPECIFIED.);
#5310=B_SPLINE_CURVE_WITH_KNOTS('',1,(#11241,#11242),.UNSPECIFIED.,.F.,
 .F.,(2,2),(0.,1.25),.UNSPECIFIED.);
#5311=B_SPLINE_CURVE_WITH_KNOTS('',1,(#11243,#11244),.UNSPECIFIED.,.F.,
 .F.,(2,2),(0.,0.15625),.UNSPECIFIED.);
#5312=B_SPLINE_CURVE_WITH_KNOTS('',1,(#11245,#11246),.UNSPECIFIED.,.F.,
 .F.,(2,2),(0.,0.0525),.UNSPECIFIED.);
#5313=B_SPLINE_CURVE_WITH_KNOTS('',1,(#11247,#11248),.UNSPECIFIED.,.F.,
 .F.,(2,2),(0.,1.25),.UNSPECIFIED.);
#5314=B_SPLINE_CURVE_WITH_KNOTS('',1,(#11249,#11250),.UNSPECIFIED.,.F.,
 .F.,(2,2),(0.,0.15625),.UNSPECIFIED.);
#5315=B_SPLINE_CURVE_WITH_KNOTS('',1,(#11251,#11252),.UNSPECIFIED.,.F.,
 .F.,(2,2),(0.,0.2275),.UNSPECIFIED.);
#5316=B_SPLINE_CURVE_WITH_KNOTS('',1,(#11253,#11254),.UNSPECIFIED.,.F.,
 .F.,(2,2),(0.,0.9375),.UNSPECIFIED.);
#5317=B_SPLINE_CURVE_WITH_KNOTS('',1,(#11255,#11256),.UNSPECIFIED.,.F.,
 .F.,(2,2),(0.,0.2275),.UNSPECIFIED.);
#5318=B_SPLINE_CURVE_WITH_KNOTS('',1,(#11257,#11258),.UNSPECIFIED.,.F.,
 .F.,(2,2),(0.,0.15625),.UNSPECIFIED.);
#5319=B_SPLINE_CURVE_WITH_KNOTS('',1,(#11259,#11260),.UNSPECIFIED.,.F.,
 .F.,(2,2),(0.,1.25),.UNSPECIFIED.);
#5320=B_SPLINE_CURVE_WITH_KNOTS('',1,(#11267,#11268),.UNSPECIFIED.,.F.,
 .F.,(2,2),(0.,0.035),.UNSPECIFIED.);
#5321=B_SPLINE_CURVE_WITH_KNOTS('',1,(#11269,#11270),.UNSPECIFIED.,.F.,
 .F.,(2,2),(0.,0.43),.UNSPECIFIED.);
#5322=B_SPLINE_CURVE_WITH_KNOTS('',1,(#11271,#11272),.UNSPECIFIED.,.F.,
 .F.,(2,2),(0.,1.25),.UNSPECIFIED.);
#5323=B_SPLINE_CURVE_WITH_KNOTS('',1,(#11285,#11286),.UNSPECIFIED.,.F.,
 .F.,(2,2),(0.,0.035),.UNSPECIFIED.);
#5324=B_SPLINE_CURVE_WITH_KNOTS('',1,(#11287,#11288),.UNSPECIFIED.,.F.,
 .F.,(2,2),(0.,0.035),.UNSPECIFIED.);
#5325=B_SPLINE_CURVE_WITH_KNOTS('',1,(#11289,#11290),.UNSPECIFIED.,.F.,
 .F.,(2,2),(0.,0.035),.UNSPECIFIED.);
#5326=B_SPLINE_CURVE_WITH_KNOTS('',1,(#11291,#11292),.UNSPECIFIED.,.F.,
 .F.,(2,2),(0.,0.15625),.UNSPECIFIED.);
#5327=B_SPLINE_CURVE_WITH_KNOTS('',1,(#11293,#11294),.UNSPECIFIED.,.F.,
 .F.,(2,2),(0.,0.035),.UNSPECIFIED.);
#5328=B_SPLINE_CURVE_WITH_KNOTS('',1,(#11295,#11296),.UNSPECIFIED.,.F.,
 .F.,(2,2),(0.,0.2275),.UNSPECIFIED.);
#5329=B_SPLINE_CURVE_WITH_KNOTS('',1,(#11300,#11301),.UNSPECIFIED.,.F.,
 .F.,(2,2),(0.,0.9375),.UNSPECIFIED.);
#5330=B_SPLINE_CURVE_WITH_KNOTS('',1,(#11305,#11306),.UNSPECIFIED.,.F.,
 .F.,(2,2),(0.,0.035),.UNSPECIFIED.);
#5331=B_SPLINE_CURVE_WITH_KNOTS('',1,(#11307,#11308),.UNSPECIFIED.,.F.,
 .F.,(2,2),(0.,0.2275),.UNSPECIFIED.);
#5332=B_SPLINE_CURVE_WITH_KNOTS('',1,(#11309,#11310),.UNSPECIFIED.,.F.,
 .F.,(2,2),(0.,0.15625),.UNSPECIFIED.);
#5333=B_SPLINE_CURVE_WITH_KNOTS('',1,(#11311,#11312),.UNSPECIFIED.,.F.,
 .F.,(2,2),(0.,0.0175),.UNSPECIFIED.);
#5334=B_SPLINE_CURVE_WITH_KNOTS('',1,(#11313,#11314),.UNSPECIFIED.,.F.,
 .F.,(2,2),(0.,0.0175),.UNSPECIFIED.);
#5335=B_SPLINE_CURVE_WITH_KNOTS('',1,(#11315,#11316),.UNSPECIFIED.,.F.,
 .F.,(2,2),(0.,1.),.UNSPECIFIED.);
#5336=B_SPLINE_CURVE_WITH_KNOTS('',1,(#11317,#11318),.UNSPECIFIED.,.F.,
 .F.,(2,2),(0.,0.0175),.UNSPECIFIED.);
#5337=B_SPLINE_CURVE_WITH_KNOTS('',1,(#11319,#11320),.UNSPECIFIED.,.F.,
 .F.,(2,2),(0.,0.99999999999962),.UNSPECIFIED.);
#5338=B_SPLINE_CURVE_WITH_KNOTS('',1,(#11321,#11322),.UNSPECIFIED.,.F.,
 .F.,(2,2),(0.,0.99999999999962),.UNSPECIFIED.);
#5339=B_SPLINE_CURVE_WITH_KNOTS('',1,(#11323,#11324),.UNSPECIFIED.,.F.,
 .F.,(2,2),(0.,0.99999999999962),.UNSPECIFIED.);
#5340=B_SPLINE_CURVE_WITH_KNOTS('',1,(#11325,#11326),.UNSPECIFIED.,.F.,
 .F.,(2,2),(0.,0.99999999999962),.UNSPECIFIED.);
#5341=B_SPLINE_CURVE_WITH_KNOTS('',1,(#11327,#11328),.UNSPECIFIED.,.F.,
 .F.,(2,2),(0.,0.0525),.UNSPECIFIED.);
#5342=B_SPLINE_CURVE_WITH_KNOTS('',1,(#11329,#11330),.UNSPECIFIED.,.F.,
 .F.,(2,2),(0.,1.25),.UNSPECIFIED.);
#5343=B_SPLINE_CURVE_WITH_KNOTS('',1,(#11337,#11338),.UNSPECIFIED.,.F.,
 .F.,(2,2),(0.,1.25),.UNSPECIFIED.);
#5344=B_SPLINE_CURVE_WITH_KNOTS('',1,(#11339,#11340),.UNSPECIFIED.,.F.,
 .F.,(2,2),(0.,0.43),.UNSPECIFIED.);
#5345=B_SPLINE_CURVE_WITH_KNOTS('',1,(#11341,#11342),.UNSPECIFIED.,.F.,
 .F.,(2,2),(0.,1.25),.UNSPECIFIED.);
#5346=B_SPLINE_CURVE_WITH_KNOTS('',1,(#11346,#11347),.UNSPECIFIED.,.F.,
 .F.,(2,2),(0.,1.25),.UNSPECIFIED.);
#5347=B_SPLINE_CURVE_WITH_KNOTS('',1,(#11351,#11352),.UNSPECIFIED.,.F.,
 .F.,(2,2),(0.,0.0525),.UNSPECIFIED.);
#5348=B_SPLINE_CURVE_WITH_KNOTS('',1,(#11353,#11354),.UNSPECIFIED.,.F.,
 .F.,(2,2),(0.,0.15625),.UNSPECIFIED.);
#5349=B_SPLINE_CURVE_WITH_KNOTS('',1,(#11355,#11356),.UNSPECIFIED.,.F.,
 .F.,(2,2),(0.,0.2275),.UNSPECIFIED.);
#5350=B_SPLINE_CURVE_WITH_KNOTS('',1,(#11357,#11358),.UNSPECIFIED.,.F.,
 .F.,(2,2),(0.,0.2275),.UNSPECIFIED.);
#5351=B_SPLINE_CURVE_WITH_KNOTS('',1,(#11359,#11360),.UNSPECIFIED.,.F.,
 .F.,(2,2),(0.,0.15625),.UNSPECIFIED.);
#5352=B_SPLINE_CURVE_WITH_KNOTS('',1,(#11361,#11362),.UNSPECIFIED.,.F.,
 .F.,(2,2),(0.,0.035),.UNSPECIFIED.);
#5353=B_SPLINE_CURVE_WITH_KNOTS('',1,(#11363,#11364),.UNSPECIFIED.,.F.,
 .F.,(2,2),(0.,0.035),.UNSPECIFIED.);
#5354=B_SPLINE_CURVE_WITH_KNOTS('',1,(#11365,#11366),.UNSPECIFIED.,.F.,
 .F.,(2,2),(0.,0.035),.UNSPECIFIED.);
#5355=B_SPLINE_CURVE_WITH_KNOTS('',1,(#11440,#11441),.UNSPECIFIED.,.F.,
 .F.,(2,2),(0.,0.36),.UNSPECIFIED.);
#5356=B_SPLINE_CURVE_WITH_KNOTS('',1,(#11442,#11443),.UNSPECIFIED.,.F.,
 .F.,(2,2),(0.,1.2),.UNSPECIFIED.);
#5357=B_SPLINE_CURVE_WITH_KNOTS('',1,(#11444,#11445),.UNSPECIFIED.,.F.,
 .F.,(2,2),(0.,0.36),.UNSPECIFIED.);
#5358=B_SPLINE_CURVE_WITH_KNOTS('',1,(#11446,#11447),.UNSPECIFIED.,.F.,
 .F.,(2,2),(0.,1.2),.UNSPECIFIED.);
#5359=B_SPLINE_CURVE_WITH_KNOTS('',1,(#11448,#11449),.UNSPECIFIED.,.F.,
 .F.,(2,2),(0.,0.21),.UNSPECIFIED.);
#5360=B_SPLINE_CURVE_WITH_KNOTS('',1,(#11450,#11451),.UNSPECIFIED.,.F.,
 .F.,(2,2),(0.,0.21),.UNSPECIFIED.);
#5361=B_SPLINE_CURVE_WITH_KNOTS('',1,(#11452,#11453),.UNSPECIFIED.,.F.,
 .F.,(2,2),(0.,0.255),.UNSPECIFIED.);
#5362=B_SPLINE_CURVE_WITH_KNOTS('',1,(#11454,#11455),.UNSPECIFIED.,.F.,
 .F.,(2,2),(0.,0.36),.UNSPECIFIED.);
#5363=B_SPLINE_CURVE_WITH_KNOTS('',1,(#11456,#11457),.UNSPECIFIED.,.F.,
 .F.,(2,2),(0.,0.255),.UNSPECIFIED.);
#5364=B_SPLINE_CURVE_WITH_KNOTS('',1,(#11461,#11462),.UNSPECIFIED.,.F.,
 .F.,(2,2),(0.,1.2),.UNSPECIFIED.);
#5365=B_SPLINE_CURVE_WITH_KNOTS('',1,(#11469,#11470),.UNSPECIFIED.,.F.,
 .F.,(2,2),(0.,1.2),.UNSPECIFIED.);
#5366=B_SPLINE_CURVE_WITH_KNOTS('',1,(#11474,#11475),.UNSPECIFIED.,.F.,
 .F.,(2,2),(0.,0.21),.UNSPECIFIED.);
#5367=B_SPLINE_CURVE_WITH_KNOTS('',1,(#11476,#11477),.UNSPECIFIED.,.F.,
 .F.,(2,2),(0.,0.21),.UNSPECIFIED.);
#5368=B_SPLINE_CURVE_WITH_KNOTS('',1,(#11478,#11479),.UNSPECIFIED.,.F.,
 .F.,(2,2),(0.,0.255),.UNSPECIFIED.);
#5369=B_SPLINE_CURVE_WITH_KNOTS('',1,(#11480,#11481),.UNSPECIFIED.,.F.,
 .F.,(2,2),(0.,0.36),.UNSPECIFIED.);
#5370=B_SPLINE_CURVE_WITH_KNOTS('',1,(#11482,#11483),.UNSPECIFIED.,.F.,
 .F.,(2,2),(0.,0.255),.UNSPECIFIED.);
#5371=B_SPLINE_CURVE_WITH_KNOTS('',1,(#11484,#11485),.UNSPECIFIED.,.F.,
 .F.,(2,2),(0.,1.2),.UNSPECIFIED.);
#5372=B_SPLINE_CURVE_WITH_KNOTS('',1,(#11492,#11493),.UNSPECIFIED.,.F.,
 .F.,(2,2),(0.,1.2),.UNSPECIFIED.);
#5373=B_SPLINE_CURVE_WITH_KNOTS('',1,(#11494,#11495),.UNSPECIFIED.,.F.,
 .F.,(2,2),(0.,1.4),.UNSPECIFIED.);
#5374=B_SPLINE_CURVE_WITH_KNOTS('',1,(#11496,#11497),.UNSPECIFIED.,.F.,
 .F.,(2,2),(0.,0.255),.UNSPECIFIED.);
#5375=B_SPLINE_CURVE_WITH_KNOTS('',1,(#11498,#11499),.UNSPECIFIED.,.F.,
 .F.,(2,2),(0.,0.36),.UNSPECIFIED.);
#5376=B_SPLINE_CURVE_WITH_KNOTS('',1,(#11500,#11501),.UNSPECIFIED.,.F.,
 .F.,(2,2),(0.,0.255),.UNSPECIFIED.);
#5377=B_SPLINE_CURVE_WITH_KNOTS('',1,(#11502,#11503),.UNSPECIFIED.,.F.,
 .F.,(2,2),(0.,1.4),.UNSPECIFIED.);
#5378=B_SPLINE_CURVE_WITH_KNOTS('',1,(#11504,#11505),.UNSPECIFIED.,.F.,
 .F.,(2,2),(0.,1.2),.UNSPECIFIED.);
#5379=B_SPLINE_CURVE_WITH_KNOTS('',1,(#11506,#11507),.UNSPECIFIED.,.F.,
 .F.,(2,2),(0.,1.2),.UNSPECIFIED.);
#5380=B_SPLINE_CURVE_WITH_KNOTS('',1,(#11514,#11515),.UNSPECIFIED.,.F.,
 .F.,(2,2),(0.,1.4),.UNSPECIFIED.);
#5381=B_SPLINE_CURVE_WITH_KNOTS('',1,(#11516,#11517),.UNSPECIFIED.,.F.,
 .F.,(2,2),(0.,0.255),.UNSPECIFIED.);
#5382=B_SPLINE_CURVE_WITH_KNOTS('',1,(#11518,#11519),.UNSPECIFIED.,.F.,
 .F.,(2,2),(0.,0.36),.UNSPECIFIED.);
#5383=B_SPLINE_CURVE_WITH_KNOTS('',1,(#11520,#11521),.UNSPECIFIED.,.F.,
 .F.,(2,2),(0.,0.255),.UNSPECIFIED.);
#5384=B_SPLINE_CURVE_WITH_KNOTS('',1,(#11522,#11523),.UNSPECIFIED.,.F.,
 .F.,(2,2),(0.,1.4),.UNSPECIFIED.);
#5385=B_SPLINE_CURVE_WITH_KNOTS('',1,(#11524,#11525),.UNSPECIFIED.,.F.,
 .F.,(2,2),(0.,1.2),.UNSPECIFIED.);
#5386=B_SPLINE_CURVE_WITH_KNOTS('',1,(#11526,#11527),.UNSPECIFIED.,.F.,
 .F.,(2,2),(0.,0.21),.UNSPECIFIED.);
#5387=B_SPLINE_CURVE_WITH_KNOTS('',1,(#11528,#11529),.UNSPECIFIED.,.F.,
 .F.,(2,2),(0.,0.21),.UNSPECIFIED.);
#5388=B_SPLINE_CURVE_WITH_KNOTS('',1,(#11530,#11531),.UNSPECIFIED.,.F.,
 .F.,(2,2),(0.,0.36),.UNSPECIFIED.);
#5389=B_SPLINE_CURVE_WITH_KNOTS('',1,(#11532,#11533),.UNSPECIFIED.,.F.,
 .F.,(2,2),(0.,0.045),.UNSPECIFIED.);
#5390=B_SPLINE_CURVE_WITH_KNOTS('',1,(#11534,#11535),.UNSPECIFIED.,.F.,
 .F.,(2,2),(0.,1.4),.UNSPECIFIED.);
#5391=B_SPLINE_CURVE_WITH_KNOTS('',1,(#11536,#11537),.UNSPECIFIED.,.F.,
 .F.,(2,2),(0.,0.045),.UNSPECIFIED.);
#5392=B_SPLINE_CURVE_WITH_KNOTS('',1,(#11538,#11539),.UNSPECIFIED.,.F.,
 .F.,(2,2),(0.,0.045),.UNSPECIFIED.);
#5393=B_SPLINE_CURVE_WITH_KNOTS('',1,(#11540,#11541),.UNSPECIFIED.,.F.,
 .F.,(2,2),(0.,1.2),.UNSPECIFIED.);
#5394=B_SPLINE_CURVE_WITH_KNOTS('',1,(#11542,#11543),.UNSPECIFIED.,.F.,
 .F.,(2,2),(0.,0.21),.UNSPECIFIED.);
#5395=B_SPLINE_CURVE_WITH_KNOTS('',1,(#11544,#11545),.UNSPECIFIED.,.F.,
 .F.,(2,2),(0.,0.21),.UNSPECIFIED.);
#5396=B_SPLINE_CURVE_WITH_KNOTS('',1,(#11546,#11547),.UNSPECIFIED.,.F.,
 .F.,(2,2),(0.,0.36),.UNSPECIFIED.);
#5397=B_SPLINE_CURVE_WITH_KNOTS('',1,(#11548,#11549),.UNSPECIFIED.,.F.,
 .F.,(2,2),(0.,1.4),.UNSPECIFIED.);
#5398=B_SPLINE_CURVE_WITH_KNOTS('',1,(#11550,#11551),.UNSPECIFIED.,.F.,
 .F.,(2,2),(0.,0.045),.UNSPECIFIED.);
#5399=B_SPLINE_CURVE_WITH_KNOTS('',1,(#11555,#11556),.UNSPECIFIED.,.F.,
 .F.,(2,2),(0.,1.2),.UNSPECIFIED.);
#5400=B_SPLINE_CURVE_WITH_KNOTS('',1,(#11560,#11561),.UNSPECIFIED.,.F.,
 .F.,(2,2),(0.,1.2),.UNSPECIFIED.);
#5401=B_SPLINE_CURVE_WITH_KNOTS('',1,(#11568,#11569),.UNSPECIFIED.,.F.,
 .F.,(2,2),(0.,1.2),.UNSPECIFIED.);
#5402=B_SPLINE_CURVE_WITH_KNOTS('',1,(#11570,#11571),.UNSPECIFIED.,.F.,
 .F.,(2,2),(0.,1.2),.UNSPECIFIED.);
#5403=B_SPLINE_CURVE_WITH_KNOTS('',1,(#11575,#11576),.UNSPECIFIED.,.F.,
 .F.,(2,2),(0.,1.2),.UNSPECIFIED.);
#5404=B_SPLINE_CURVE_WITH_KNOTS('',1,(#11580,#11581),.UNSPECIFIED.,.F.,
 .F.,(2,2),(0.,1.2),.UNSPECIFIED.);
#5405=B_SPLINE_CURVE_WITH_KNOTS('',1,(#11588,#11589),.UNSPECIFIED.,.F.,
 .F.,(2,2),(0.,1.2),.UNSPECIFIED.);
#5406=B_SPLINE_CURVE_WITH_KNOTS('',1,(#11590,#11591),.UNSPECIFIED.,.F.,
 .F.,(2,2),(0.,1.2),.UNSPECIFIED.);
#5407=B_SPLINE_CURVE_WITH_KNOTS('',1,(#11633,#11634),.UNSPECIFIED.,.F.,
 .F.,(2,2),(0.,1.51),.UNSPECIFIED.);
#5408=B_SPLINE_CURVE_WITH_KNOTS('',1,(#11640,#11641),.UNSPECIFIED.,.F.,
 .F.,(2,2),(0.,1.51),.UNSPECIFIED.);
#5409=B_SPLINE_CURVE_WITH_KNOTS('',1,(#11647,#11648),.UNSPECIFIED.,.F.,
 .F.,(2,2),(0.,1.51),.UNSPECIFIED.);
#5410=B_SPLINE_CURVE_WITH_KNOTS('',1,(#11649,#11650),.UNSPECIFIED.,.F.,
 .F.,(2,2),(0.,36.83),.UNSPECIFIED.);
#5411=B_SPLINE_CURVE_WITH_KNOTS('',1,(#11651,#11652),.UNSPECIFIED.,.F.,
 .F.,(2,2),(0.,36.83),.UNSPECIFIED.);
#5412=B_SPLINE_CURVE_WITH_KNOTS('',1,(#11653,#11654),.UNSPECIFIED.,.F.,
 .F.,(2,2),(0.,49.53),.UNSPECIFIED.);
#5413=B_SPLINE_CURVE_WITH_KNOTS('',1,(#11655,#11656),.UNSPECIFIED.,.F.,
 .F.,(2,2),(0.,1.51),.UNSPECIFIED.);
#5414=B_SPLINE_CURVE_WITH_KNOTS('',1,(#11657,#11658),.UNSPECIFIED.,.F.,
 .F.,(2,2),(0.,49.53),.UNSPECIFIED.);
#5415=B_SPLINE_CURVE_WITH_KNOTS('',1,(#11659,#11660),.UNSPECIFIED.,.F.,
 .F.,(2,2),(0.,49.53),.UNSPECIFIED.);
#5416=B_SPLINE_CURVE_WITH_KNOTS('',1,(#11661,#11662),.UNSPECIFIED.,.F.,
 .F.,(2,2),(0.,29.21),.UNSPECIFIED.);
#5417=B_SPLINE_CURVE_WITH_KNOTS('',1,(#11663,#11664),.UNSPECIFIED.,.F.,
 .F.,(2,2),(0.,49.53),.UNSPECIFIED.);
#5418=B_SPLINE_CURVE_WITH_KNOTS('',1,(#11665,#11666),.UNSPECIFIED.,.F.,
 .F.,(2,2),(0.,29.21),.UNSPECIFIED.);
#5419=B_SPLINE_CURVE_WITH_KNOTS('',1,(#11667,#11668),.UNSPECIFIED.,.F.,
 .F.,(2,2),(0.,1.51),.UNSPECIFIED.);
#5420=B_SPLINE_CURVE_WITH_KNOTS('',1,(#11682,#11683),.UNSPECIFIED.,.F.,
 .F.,(2,2),(0.,1.51),.UNSPECIFIED.);
#5421=B_SPLINE_CURVE_WITH_KNOTS('',1,(#11687,#11688),.UNSPECIFIED.,.F.,
 .F.,(2,2),(0.,1.51),.UNSPECIFIED.);
#5422=B_SPLINE_CURVE_WITH_KNOTS('',1,(#11689,#11690),.UNSPECIFIED.,.F.,
 .F.,(2,2),(0.,1.51),.UNSPECIFIED.);
#5423=B_SPLINE_CURVE_WITH_KNOTS('',1,(#11715,#11716),.UNSPECIFIED.,.F.,
 .F.,(2,2),(0.151012,1.661012),.UNSPECIFIED.);
#5424=B_SPLINE_CURVE_WITH_KNOTS('',1,(#11735,#11736),.UNSPECIFIED.,.F.,
 .F.,(2,2),(0.151012,1.661012),.UNSPECIFIED.);
#5425=B_SPLINE_CURVE_WITH_KNOTS('',1,(#11755,#11756),.UNSPECIFIED.,.F.,
 .F.,(2,2),(0.151012,1.661012),.UNSPECIFIED.);
#5426=B_SPLINE_CURVE_WITH_KNOTS('',1,(#11775,#11776),.UNSPECIFIED.,.F.,
 .F.,(2,2),(0.151012,1.661012),.UNSPECIFIED.);
#5427=(
BOUNDED_CURVE()
B_SPLINE_CURVE(2,(#8340,#8341,#8342,#8343,#8344,#8345,#8346,#8347,#8348),
 .UNSPECIFIED.,.T.,.F.)
B_SPLINE_CURVE_WITH_KNOTS((3,2,2,2,3),(0.,2.82743338823081,5.65486677646163,
8.48230016469244,11.3097335529233),.UNSPECIFIED.)
CURVE()
GEOMETRIC_REPRESENTATION_ITEM()
RATIONAL_B_SPLINE_CURVE((1.,0.707106781186548,1.,0.707106781186548,1.,0.707106781186548,
1.,0.707106781186548,1.))
REPRESENTATION_ITEM('')
);
#5428=(
BOUNDED_CURVE()
B_SPLINE_CURVE(2,(#8349,#8350,#8351,#8352,#8353,#8354,#8355,#8356,#8357),
 .UNSPECIFIED.,.T.,.F.)
B_SPLINE_CURVE_WITH_KNOTS((3,2,2,2,3),(0.,2.82743338823081,5.65486677646163,
8.48230016469244,11.3097335529233),.UNSPECIFIED.)
CURVE()
GEOMETRIC_REPRESENTATION_ITEM()
RATIONAL_B_SPLINE_CURVE((1.,0.707106781186548,1.,0.707106781186548,1.,0.707106781186548,
1.,0.707106781186548,1.))
REPRESENTATION_ITEM('')
);
#5429=(
BOUNDED_CURVE()
B_SPLINE_CURVE(2,(#8358,#8359,#8360,#8361,#8362,#8363,#8364,#8365,#8366),
 .UNSPECIFIED.,.T.,.F.)
B_SPLINE_CURVE_WITH_KNOTS((3,2,2,2,3),(0.,2.82743338823081,5.65486677646163,
8.48230016469244,11.3097335529233),.UNSPECIFIED.)
CURVE()
GEOMETRIC_REPRESENTATION_ITEM()
RATIONAL_B_SPLINE_CURVE((1.,0.707106781186548,1.,0.707106781186548,1.,0.707106781186548,
1.,0.707106781186548,1.))
REPRESENTATION_ITEM('')
);
#5430=(
BOUNDED_CURVE()
B_SPLINE_CURVE(2,(#8367,#8368,#8369,#8370,#8371,#8372,#8373,#8374,#8375),
 .UNSPECIFIED.,.T.,.F.)
B_SPLINE_CURVE_WITH_KNOTS((3,2,2,2,3),(0.,2.82743338823081,5.65486677646163,
8.48230016469244,11.3097335529233),.UNSPECIFIED.)
CURVE()
GEOMETRIC_REPRESENTATION_ITEM()
RATIONAL_B_SPLINE_CURVE((1.,0.707106781186548,1.,0.707106781186548,1.,0.707106781186548,
1.,0.707106781186548,1.))
REPRESENTATION_ITEM('')
);
#5431=(
BOUNDED_CURVE()
B_SPLINE_CURVE(2,(#8376,#8377,#8378),.UNSPECIFIED.,.F.,.F.)
B_SPLINE_CURVE_WITH_KNOTS((3,3),(-71.0465532858842,-66.3341643054995),
 .UNSPECIFIED.)
CURVE()
GEOMETRIC_REPRESENTATION_ITEM()
RATIONAL_B_SPLINE_CURVE((1.,0.707106781186546,1.))
REPRESENTATION_ITEM('')
);
#5432=(
BOUNDED_CURVE()
B_SPLINE_CURVE(1,(#8379,#8380),.UNSPECIFIED.,.F.,.F.)
B_SPLINE_CURVE_WITH_KNOTS((2,2),(0.,1.5),.UNSPECIFIED.)
CURVE()
GEOMETRIC_REPRESENTATION_ITEM()
RATIONAL_B_SPLINE_CURVE((1.,1.))
REPRESENTATION_ITEM('')
);
#5433=(
BOUNDED_CURVE()
B_SPLINE_CURVE(2,(#8381,#8382,#8383),.UNSPECIFIED.,.F.,.F.)
B_SPLINE_CURVE_WITH_KNOTS((3,3),(-71.0465532858842,-66.3341643054995),
 .UNSPECIFIED.)
CURVE()
GEOMETRIC_REPRESENTATION_ITEM()
RATIONAL_B_SPLINE_CURVE((1.,0.707106781186546,1.))
REPRESENTATION_ITEM('')
);
#5434=(
BOUNDED_CURVE()
B_SPLINE_CURVE(1,(#8384,#8385),.UNSPECIFIED.,.F.,.F.)
B_SPLINE_CURVE_WITH_KNOTS((2,2),(0.,1.5),.UNSPECIFIED.)
CURVE()
GEOMETRIC_REPRESENTATION_ITEM()
RATIONAL_B_SPLINE_CURVE((1.,1.))
REPRESENTATION_ITEM('')
);
#5435=(
BOUNDED_CURVE()
B_SPLINE_CURVE(2,(#8386,#8387,#8388),.UNSPECIFIED.,.F.,.F.)
B_SPLINE_CURVE_WITH_KNOTS((3,3),(-66.3341643054995,-29.2651987882582),
 .UNSPECIFIED.)
CURVE()
GEOMETRIC_REPRESENTATION_ITEM()
RATIONAL_B_SPLINE_CURVE((1.,1.,1.))
REPRESENTATION_ITEM('')
);
#5436=(
BOUNDED_CURVE()
B_SPLINE_CURVE(1,(#8389,#8390),.UNSPECIFIED.,.F.,.F.)
B_SPLINE_CURVE_WITH_KNOTS((2,2),(0.,1.5),.UNSPECIFIED.)
CURVE()
GEOMETRIC_REPRESENTATION_ITEM()
RATIONAL_B_SPLINE_CURVE((1.,1.))
REPRESENTATION_ITEM('')
);
#5437=(
BOUNDED_CURVE()
B_SPLINE_CURVE(2,(#8391,#8392,#8393),.UNSPECIFIED.,.F.,.F.)
B_SPLINE_CURVE_WITH_KNOTS((3,3),(-66.3341643054995,-29.2651987882582),
 .UNSPECIFIED.)
CURVE()
GEOMETRIC_REPRESENTATION_ITEM()
RATIONAL_B_SPLINE_CURVE((1.,1.,1.))
REPRESENTATION_ITEM('')
);
#5438=(
BOUNDED_CURVE()
B_SPLINE_CURVE(2,(#8394,#8395,#8396),.UNSPECIFIED.,.F.,.F.)
B_SPLINE_CURVE_WITH_KNOTS((3,3),(-29.2651987882582,-24.5528098078734),
 .UNSPECIFIED.)
CURVE()
GEOMETRIC_REPRESENTATION_ITEM()
RATIONAL_B_SPLINE_CURVE((1.,0.707106781186544,1.))
REPRESENTATION_ITEM('')
);
#5439=(
BOUNDED_CURVE()
B_SPLINE_CURVE(1,(#8397,#8398),.UNSPECIFIED.,.F.,.F.)
B_SPLINE_CURVE_WITH_KNOTS((2,2),(0.,1.5),.UNSPECIFIED.)
CURVE()
GEOMETRIC_REPRESENTATION_ITEM()
RATIONAL_B_SPLINE_CURVE((1.,1.))
REPRESENTATION_ITEM('')
);
#5440=(
BOUNDED_CURVE()
B_SPLINE_CURVE(2,(#8399,#8400,#8401),.UNSPECIFIED.,.F.,.F.)
B_SPLINE_CURVE_WITH_KNOTS((3,3),(-29.2651987882582,-24.5528098078734),
 .UNSPECIFIED.)
CURVE()
GEOMETRIC_REPRESENTATION_ITEM()
RATIONAL_B_SPLINE_CURVE((1.,0.707106781186544,1.))
REPRESENTATION_ITEM('')
);
#5441=(
BOUNDED_CURVE()
B_SPLINE_CURVE(2,(#8402,#8403,#8404),.UNSPECIFIED.,.F.,.F.)
B_SPLINE_CURVE_WITH_KNOTS((3,3),(-24.5528098078734,30.3471901921266),
 .UNSPECIFIED.)
CURVE()
GEOMETRIC_REPRESENTATION_ITEM()
RATIONAL_B_SPLINE_CURVE((1.,1.,1.))
REPRESENTATION_ITEM('')
);
#5442=(
BOUNDED_CURVE()
B_SPLINE_CURVE(1,(#8405,#8406),.UNSPECIFIED.,.F.,.F.)
B_SPLINE_CURVE_WITH_KNOTS((2,2),(0.,1.5),.UNSPECIFIED.)
CURVE()
GEOMETRIC_REPRESENTATION_ITEM()
RATIONAL_B_SPLINE_CURVE((1.,1.))
REPRESENTATION_ITEM('')
);
#5443=(
BOUNDED_CURVE()
B_SPLINE_CURVE(2,(#8407,#8408,#8409),.UNSPECIFIED.,.F.,.F.)
B_SPLINE_CURVE_WITH_KNOTS((3,3),(-24.5528098078734,30.3471901921266),
 .UNSPECIFIED.)
CURVE()
GEOMETRIC_REPRESENTATION_ITEM()
RATIONAL_B_SPLINE_CURVE((1.,1.,1.))
REPRESENTATION_ITEM('')
);
#5444=(
BOUNDED_CURVE()
B_SPLINE_CURVE(2,(#8410,#8411,#8412),.UNSPECIFIED.,.F.,.F.)
B_SPLINE_CURVE_WITH_KNOTS((3,3),(30.3471901921266,33.4887828457163),
 .UNSPECIFIED.)
CURVE()
GEOMETRIC_REPRESENTATION_ITEM()
RATIONAL_B_SPLINE_CURVE((1.,0.707106781186543,1.))
REPRESENTATION_ITEM('')
);
#5445=(
BOUNDED_CURVE()
B_SPLINE_CURVE(1,(#8413,#8414),.UNSPECIFIED.,.F.,.F.)
B_SPLINE_CURVE_WITH_KNOTS((2,2),(0.,1.5),.UNSPECIFIED.)
CURVE()
GEOMETRIC_REPRESENTATION_ITEM()
RATIONAL_B_SPLINE_CURVE((1.,1.))
REPRESENTATION_ITEM('')
);
#5446=(
BOUNDED_CURVE()
B_SPLINE_CURVE(2,(#8415,#8416,#8417),.UNSPECIFIED.,.F.,.F.)
B_SPLINE_CURVE_WITH_KNOTS((3,3),(30.3471901921266,33.4887828457163),
 .UNSPECIFIED.)
CURVE()
GEOMETRIC_REPRESENTATION_ITEM()
RATIONAL_B_SPLINE_CURVE((1.,0.707106781186543,1.))
REPRESENTATION_ITEM('')
);
#5447=(
BOUNDED_CURVE()
B_SPLINE_CURVE(2,(#8418,#8419,#8420),.UNSPECIFIED.,.F.,.F.)
B_SPLINE_CURVE_WITH_KNOTS((3,3),(33.4887828457163,72.5347598572106),
 .UNSPECIFIED.)
CURVE()
GEOMETRIC_REPRESENTATION_ITEM()
RATIONAL_B_SPLINE_CURVE((1.,1.,1.))
REPRESENTATION_ITEM('')
);
#5448=(
BOUNDED_CURVE()
B_SPLINE_CURVE(1,(#8421,#8422),.UNSPECIFIED.,.F.,.F.)
B_SPLINE_CURVE_WITH_KNOTS((2,2),(0.,1.5),.UNSPECIFIED.)
CURVE()
GEOMETRIC_REPRESENTATION_ITEM()
RATIONAL_B_SPLINE_CURVE((1.,1.))
REPRESENTATION_ITEM('')
);
#5449=(
BOUNDED_CURVE()
B_SPLINE_CURVE(2,(#8423,#8424,#8425),.UNSPECIFIED.,.F.,.F.)
B_SPLINE_CURVE_WITH_KNOTS((3,3),(33.4887828457163,72.5347598572106),
 .UNSPECIFIED.)
CURVE()
GEOMETRIC_REPRESENTATION_ITEM()
RATIONAL_B_SPLINE_CURVE((1.,1.,1.))
REPRESENTATION_ITEM('')
);
#5450=(
BOUNDED_CURVE()
B_SPLINE_CURVE(2,(#8426,#8427,#8428),.UNSPECIFIED.,.F.,.F.)
B_SPLINE_CURVE_WITH_KNOTS((3,3),(72.5347598572106,75.6763525108004),
 .UNSPECIFIED.)
CURVE()
GEOMETRIC_REPRESENTATION_ITEM()
RATIONAL_B_SPLINE_CURVE((1.,0.707106781186543,1.))
REPRESENTATION_ITEM('')
);
#5451=(
BOUNDED_CURVE()
B_SPLINE_CURVE(1,(#8429,#8430),.UNSPECIFIED.,.F.,.F.)
B_SPLINE_CURVE_WITH_KNOTS((2,2),(0.,1.5),.UNSPECIFIED.)
CURVE()
GEOMETRIC_REPRESENTATION_ITEM()
RATIONAL_B_SPLINE_CURVE((1.,1.))
REPRESENTATION_ITEM('')
);
#5452=(
BOUNDED_CURVE()
B_SPLINE_CURVE(2,(#8431,#8432,#8433),.UNSPECIFIED.,.F.,.F.)
B_SPLINE_CURVE_WITH_KNOTS((3,3),(72.5347598572106,75.6763525108004),
 .UNSPECIFIED.)
CURVE()
GEOMETRIC_REPRESENTATION_ITEM()
RATIONAL_B_SPLINE_CURVE((1.,0.707106781186543,1.))
REPRESENTATION_ITEM('')
);
#5453=(
BOUNDED_CURVE()
B_SPLINE_CURVE(2,(#8434,#8435,#8436),.UNSPECIFIED.,.F.,.F.)
B_SPLINE_CURVE_WITH_KNOTS((3,3),(75.6763525108004,130.5763525108),
 .UNSPECIFIED.)
CURVE()
GEOMETRIC_REPRESENTATION_ITEM()
RATIONAL_B_SPLINE_CURVE((1.,1.,1.))
REPRESENTATION_ITEM('')
);
#5454=(
BOUNDED_CURVE()
B_SPLINE_CURVE(2,(#8437,#8438,#8439),.UNSPECIFIED.,.F.,.F.)
B_SPLINE_CURVE_WITH_KNOTS((3,3),(75.6763525108004,130.5763525108),
 .UNSPECIFIED.)
CURVE()
GEOMETRIC_REPRESENTATION_ITEM()
RATIONAL_B_SPLINE_CURVE((1.,1.,1.))
REPRESENTATION_ITEM('')
);
#5455=(
BOUNDED_CURVE()
B_SPLINE_CURVE(2,(#8440,#8441,#8442,#8443,#8444,#8445,#8446,#8447,#8448),
 .UNSPECIFIED.,.T.,.F.)
B_SPLINE_CURVE_WITH_KNOTS((3,2,2,2,3),(-18.8495559215388,-14.1371669411541,
-9.42477796076938,-4.71238898038469,0.),.UNSPECIFIED.)
CURVE()
GEOMETRIC_REPRESENTATION_ITEM()
RATIONAL_B_SPLINE_CURVE((1.,0.707106781186548,1.,0.707106781186548,1.,0.707106781186548,
1.,0.707106781186548,1.))
REPRESENTATION_ITEM('')
);
#5456=(
BOUNDED_CURVE()
B_SPLINE_CURVE(1,(#8449,#8450),.UNSPECIFIED.,.F.,.F.)
B_SPLINE_CURVE_WITH_KNOTS((2,2),(0.,6.),.UNSPECIFIED.)
CURVE()
GEOMETRIC_REPRESENTATION_ITEM()
RATIONAL_B_SPLINE_CURVE((1.,1.))
REPRESENTATION_ITEM('')
);
#5457=(
BOUNDED_CURVE()
B_SPLINE_CURVE(2,(#8451,#8452,#8453,#8454,#8455,#8456,#8457,#8458,#8459),
 .UNSPECIFIED.,.T.,.F.)
B_SPLINE_CURVE_WITH_KNOTS((3,2,2,2,3),(-18.8495559215388,-14.1371669411541,
-9.42477796076938,-4.71238898038469,0.),.UNSPECIFIED.)
CURVE()
GEOMETRIC_REPRESENTATION_ITEM()
RATIONAL_B_SPLINE_CURVE((1.,0.707106781186548,1.,0.707106781186548,1.,0.707106781186548,
1.,0.707106781186548,1.))
REPRESENTATION_ITEM('')
);
#5458=(
BOUNDED_CURVE()
B_SPLINE_CURVE(1,(#8460,#8461),.UNSPECIFIED.,.F.,.F.)
B_SPLINE_CURVE_WITH_KNOTS((2,2),(0.,6.),.UNSPECIFIED.)
CURVE()
GEOMETRIC_REPRESENTATION_ITEM()
RATIONAL_B_SPLINE_CURVE((1.,1.))
REPRESENTATION_ITEM('')
);
#5459=(
BOUNDED_CURVE()
B_SPLINE_CURVE(2,(#8462,#8463,#8464,#8465,#8466,#8467,#8468,#8469,#8470),
 .UNSPECIFIED.,.T.,.F.)
B_SPLINE_CURVE_WITH_KNOTS((3,2,2,2,3),(0.,2.82743338823081,5.65486677646163,
8.48230016469244,11.3097335529233),.UNSPECIFIED.)
CURVE()
GEOMETRIC_REPRESENTATION_ITEM()
RATIONAL_B_SPLINE_CURVE((1.,0.707106781186548,1.,0.707106781186548,1.,0.707106781186548,
1.,0.707106781186548,1.))
REPRESENTATION_ITEM('')
);
#5460=(
BOUNDED_CURVE()
B_SPLINE_CURVE(2,(#8471,#8472,#8473,#8474,#8475,#8476,#8477,#8478,#8479),
 .UNSPECIFIED.,.T.,.F.)
B_SPLINE_CURVE_WITH_KNOTS((3,2,2,2,3),(-18.8495559215388,-14.1371669411541,
-9.42477796076938,-4.71238898038469,0.),.UNSPECIFIED.)
CURVE()
GEOMETRIC_REPRESENTATION_ITEM()
RATIONAL_B_SPLINE_CURVE((1.,0.707106781186548,1.,0.707106781186548,1.,0.707106781186548,
1.,0.707106781186548,1.))
REPRESENTATION_ITEM('')
);
#5461=(
BOUNDED_CURVE()
B_SPLINE_CURVE(1,(#8480,#8481),.UNSPECIFIED.,.F.,.F.)
B_SPLINE_CURVE_WITH_KNOTS((2,2),(0.,6.),.UNSPECIFIED.)
CURVE()
GEOMETRIC_REPRESENTATION_ITEM()
RATIONAL_B_SPLINE_CURVE((1.,1.))
REPRESENTATION_ITEM('')
);
#5462=(
BOUNDED_CURVE()
B_SPLINE_CURVE(2,(#8482,#8483,#8484,#8485,#8486,#8487,#8488,#8489,#8490),
 .UNSPECIFIED.,.T.,.F.)
B_SPLINE_CURVE_WITH_KNOTS((3,2,2,2,3),(-18.8495559215388,-14.1371669411541,
-9.42477796076938,-4.71238898038469,0.),.UNSPECIFIED.)
CURVE()
GEOMETRIC_REPRESENTATION_ITEM()
RATIONAL_B_SPLINE_CURVE((1.,0.707106781186548,1.,0.707106781186548,1.,0.707106781186548,
1.,0.707106781186548,1.))
REPRESENTATION_ITEM('')
);
#5463=(
BOUNDED_CURVE()
B_SPLINE_CURVE(1,(#8491,#8492),.UNSPECIFIED.,.F.,.F.)
B_SPLINE_CURVE_WITH_KNOTS((2,2),(0.,6.),.UNSPECIFIED.)
CURVE()
GEOMETRIC_REPRESENTATION_ITEM()
RATIONAL_B_SPLINE_CURVE((1.,1.))
REPRESENTATION_ITEM('')
);
#5464=(
BOUNDED_CURVE()
B_SPLINE_CURVE(2,(#8493,#8494,#8495,#8496,#8497,#8498,#8499,#8500,#8501),
 .UNSPECIFIED.,.T.,.F.)
B_SPLINE_CURVE_WITH_KNOTS((3,2,2,2,3),(0.,2.82743338823081,5.65486677646163,
8.48230016469244,11.3097335529233),.UNSPECIFIED.)
CURVE()
GEOMETRIC_REPRESENTATION_ITEM()
RATIONAL_B_SPLINE_CURVE((1.,0.707106781186548,1.,0.707106781186548,1.,0.707106781186548,
1.,0.707106781186548,1.))
REPRESENTATION_ITEM('')
);
#5465=(
BOUNDED_CURVE()
B_SPLINE_CURVE(2,(#9298,#9299,#9300),.UNSPECIFIED.,.F.,.F.)
B_SPLINE_CURVE_WITH_KNOTS((3,3),(-71.0465532858842,-66.3341643054995),
 .UNSPECIFIED.)
CURVE()
GEOMETRIC_REPRESENTATION_ITEM()
RATIONAL_B_SPLINE_CURVE((1.,0.707106781186546,1.))
REPRESENTATION_ITEM('')
);
#5466=(
BOUNDED_CURVE()
B_SPLINE_CURVE(1,(#9301,#9302),.UNSPECIFIED.,.F.,.F.)
B_SPLINE_CURVE_WITH_KNOTS((2,2),(0.,1.5),.UNSPECIFIED.)
CURVE()
GEOMETRIC_REPRESENTATION_ITEM()
RATIONAL_B_SPLINE_CURVE((1.,1.))
REPRESENTATION_ITEM('')
);
#5467=(
BOUNDED_CURVE()
B_SPLINE_CURVE(2,(#9303,#9304,#9305),.UNSPECIFIED.,.F.,.F.)
B_SPLINE_CURVE_WITH_KNOTS((3,3),(-71.0465532858842,-66.3341643054995),
 .UNSPECIFIED.)
CURVE()
GEOMETRIC_REPRESENTATION_ITEM()
RATIONAL_B_SPLINE_CURVE((1.,0.707106781186546,1.))
REPRESENTATION_ITEM('')
);
#5468=(
BOUNDED_CURVE()
B_SPLINE_CURVE(1,(#9306,#9307),.UNSPECIFIED.,.F.,.F.)
B_SPLINE_CURVE_WITH_KNOTS((2,2),(0.,1.5),.UNSPECIFIED.)
CURVE()
GEOMETRIC_REPRESENTATION_ITEM()
RATIONAL_B_SPLINE_CURVE((1.,1.))
REPRESENTATION_ITEM('')
);
#5469=(
BOUNDED_CURVE()
B_SPLINE_CURVE(2,(#9308,#9309,#9310),.UNSPECIFIED.,.F.,.F.)
B_SPLINE_CURVE_WITH_KNOTS((3,3),(-66.3341643054995,-29.2651987882582),
 .UNSPECIFIED.)
CURVE()
GEOMETRIC_REPRESENTATION_ITEM()
RATIONAL_B_SPLINE_CURVE((1.,1.,1.))
REPRESENTATION_ITEM('')
);
#5470=(
BOUNDED_CURVE()
B_SPLINE_CURVE(1,(#9311,#9312),.UNSPECIFIED.,.F.,.F.)
B_SPLINE_CURVE_WITH_KNOTS((2,2),(0.,1.5),.UNSPECIFIED.)
CURVE()
GEOMETRIC_REPRESENTATION_ITEM()
RATIONAL_B_SPLINE_CURVE((1.,1.))
REPRESENTATION_ITEM('')
);
#5471=(
BOUNDED_CURVE()
B_SPLINE_CURVE(2,(#9313,#9314,#9315),.UNSPECIFIED.,.F.,.F.)
B_SPLINE_CURVE_WITH_KNOTS((3,3),(-66.3341643054995,-29.2651987882582),
 .UNSPECIFIED.)
CURVE()
GEOMETRIC_REPRESENTATION_ITEM()
RATIONAL_B_SPLINE_CURVE((1.,1.,1.))
REPRESENTATION_ITEM('')
);
#5472=(
BOUNDED_CURVE()
B_SPLINE_CURVE(2,(#9316,#9317,#9318),.UNSPECIFIED.,.F.,.F.)
B_SPLINE_CURVE_WITH_KNOTS((3,3),(-29.2651987882582,-24.5528098078734),
 .UNSPECIFIED.)
CURVE()
GEOMETRIC_REPRESENTATION_ITEM()
RATIONAL_B_SPLINE_CURVE((1.,0.707106781186544,1.))
REPRESENTATION_ITEM('')
);
#5473=(
BOUNDED_CURVE()
B_SPLINE_CURVE(1,(#9319,#9320),.UNSPECIFIED.,.F.,.F.)
B_SPLINE_CURVE_WITH_KNOTS((2,2),(0.,1.5),.UNSPECIFIED.)
CURVE()
GEOMETRIC_REPRESENTATION_ITEM()
RATIONAL_B_SPLINE_CURVE((1.,1.))
REPRESENTATION_ITEM('')
);
#5474=(
BOUNDED_CURVE()
B_SPLINE_CURVE(2,(#9321,#9322,#9323),.UNSPECIFIED.,.F.,.F.)
B_SPLINE_CURVE_WITH_KNOTS((3,3),(-29.2651987882582,-24.5528098078734),
 .UNSPECIFIED.)
CURVE()
GEOMETRIC_REPRESENTATION_ITEM()
RATIONAL_B_SPLINE_CURVE((1.,0.707106781186544,1.))
REPRESENTATION_ITEM('')
);
#5475=(
BOUNDED_CURVE()
B_SPLINE_CURVE(2,(#9324,#9325,#9326),.UNSPECIFIED.,.F.,.F.)
B_SPLINE_CURVE_WITH_KNOTS((3,3),(-24.5528098078734,30.3471901921266),
 .UNSPECIFIED.)
CURVE()
GEOMETRIC_REPRESENTATION_ITEM()
RATIONAL_B_SPLINE_CURVE((1.,1.,1.))
REPRESENTATION_ITEM('')
);
#5476=(
BOUNDED_CURVE()
B_SPLINE_CURVE(1,(#9327,#9328),.UNSPECIFIED.,.F.,.F.)
B_SPLINE_CURVE_WITH_KNOTS((2,2),(0.,1.5),.UNSPECIFIED.)
CURVE()
GEOMETRIC_REPRESENTATION_ITEM()
RATIONAL_B_SPLINE_CURVE((1.,1.))
REPRESENTATION_ITEM('')
);
#5477=(
BOUNDED_CURVE()
B_SPLINE_CURVE(2,(#9329,#9330,#9331),.UNSPECIFIED.,.F.,.F.)
B_SPLINE_CURVE_WITH_KNOTS((3,3),(-24.5528098078734,30.3471901921266),
 .UNSPECIFIED.)
CURVE()
GEOMETRIC_REPRESENTATION_ITEM()
RATIONAL_B_SPLINE_CURVE((1.,1.,1.))
REPRESENTATION_ITEM('')
);
#5478=(
BOUNDED_CURVE()
B_SPLINE_CURVE(2,(#9332,#9333,#9334),.UNSPECIFIED.,.F.,.F.)
B_SPLINE_CURVE_WITH_KNOTS((3,3),(30.3471901921266,33.4887828457163),
 .UNSPECIFIED.)
CURVE()
GEOMETRIC_REPRESENTATION_ITEM()
RATIONAL_B_SPLINE_CURVE((1.,0.707106781186543,1.))
REPRESENTATION_ITEM('')
);
#5479=(
BOUNDED_CURVE()
B_SPLINE_CURVE(1,(#9335,#9336),.UNSPECIFIED.,.F.,.F.)
B_SPLINE_CURVE_WITH_KNOTS((2,2),(0.,1.5),.UNSPECIFIED.)
CURVE()
GEOMETRIC_REPRESENTATION_ITEM()
RATIONAL_B_SPLINE_CURVE((1.,1.))
REPRESENTATION_ITEM('')
);
#5480=(
BOUNDED_CURVE()
B_SPLINE_CURVE(2,(#9337,#9338,#9339),.UNSPECIFIED.,.F.,.F.)
B_SPLINE_CURVE_WITH_KNOTS((3,3),(30.3471901921266,33.4887828457163),
 .UNSPECIFIED.)
CURVE()
GEOMETRIC_REPRESENTATION_ITEM()
RATIONAL_B_SPLINE_CURVE((1.,0.707106781186543,1.))
REPRESENTATION_ITEM('')
);
#5481=(
BOUNDED_CURVE()
B_SPLINE_CURVE(2,(#9340,#9341,#9342),.UNSPECIFIED.,.F.,.F.)
B_SPLINE_CURVE_WITH_KNOTS((3,3),(33.4887828457163,72.5347598572106),
 .UNSPECIFIED.)
CURVE()
GEOMETRIC_REPRESENTATION_ITEM()
RATIONAL_B_SPLINE_CURVE((1.,1.,1.))
REPRESENTATION_ITEM('')
);
#5482=(
BOUNDED_CURVE()
B_SPLINE_CURVE(1,(#9343,#9344),.UNSPECIFIED.,.F.,.F.)
B_SPLINE_CURVE_WITH_KNOTS((2,2),(0.,1.5),.UNSPECIFIED.)
CURVE()
GEOMETRIC_REPRESENTATION_ITEM()
RATIONAL_B_SPLINE_CURVE((1.,1.))
REPRESENTATION_ITEM('')
);
#5483=(
BOUNDED_CURVE()
B_SPLINE_CURVE(2,(#9345,#9346,#9347),.UNSPECIFIED.,.F.,.F.)
B_SPLINE_CURVE_WITH_KNOTS((3,3),(33.4887828457163,72.5347598572106),
 .UNSPECIFIED.)
CURVE()
GEOMETRIC_REPRESENTATION_ITEM()
RATIONAL_B_SPLINE_CURVE((1.,1.,1.))
REPRESENTATION_ITEM('')
);
#5484=(
BOUNDED_CURVE()
B_SPLINE_CURVE(2,(#9348,#9349,#9350),.UNSPECIFIED.,.F.,.F.)
B_SPLINE_CURVE_WITH_KNOTS((3,3),(72.5347598572106,75.6763525108004),
 .UNSPECIFIED.)
CURVE()
GEOMETRIC_REPRESENTATION_ITEM()
RATIONAL_B_SPLINE_CURVE((1.,0.707106781186543,1.))
REPRESENTATION_ITEM('')
);
#5485=(
BOUNDED_CURVE()
B_SPLINE_CURVE(1,(#9351,#9352),.UNSPECIFIED.,.F.,.F.)
B_SPLINE_CURVE_WITH_KNOTS((2,2),(0.,1.5),.UNSPECIFIED.)
CURVE()
GEOMETRIC_REPRESENTATION_ITEM()
RATIONAL_B_SPLINE_CURVE((1.,1.))
REPRESENTATION_ITEM('')
);
#5486=(
BOUNDED_CURVE()
B_SPLINE_CURVE(2,(#9353,#9354,#9355),.UNSPECIFIED.,.F.,.F.)
B_SPLINE_CURVE_WITH_KNOTS((3,3),(72.5347598572106,75.6763525108004),
 .UNSPECIFIED.)
CURVE()
GEOMETRIC_REPRESENTATION_ITEM()
RATIONAL_B_SPLINE_CURVE((1.,0.707106781186543,1.))
REPRESENTATION_ITEM('')
);
#5487=(
BOUNDED_CURVE()
B_SPLINE_CURVE(2,(#9356,#9357,#9358),.UNSPECIFIED.,.F.,.F.)
B_SPLINE_CURVE_WITH_KNOTS((3,3),(75.6763525108004,130.5763525108),
 .UNSPECIFIED.)
CURVE()
GEOMETRIC_REPRESENTATION_ITEM()
RATIONAL_B_SPLINE_CURVE((1.,1.,1.))
REPRESENTATION_ITEM('')
);
#5488=(
BOUNDED_CURVE()
B_SPLINE_CURVE(2,(#9359,#9360,#9361),.UNSPECIFIED.,.F.,.F.)
B_SPLINE_CURVE_WITH_KNOTS((3,3),(75.6763525108004,130.5763525108),
 .UNSPECIFIED.)
CURVE()
GEOMETRIC_REPRESENTATION_ITEM()
RATIONAL_B_SPLINE_CURVE((1.,1.,1.))
REPRESENTATION_ITEM('')
);
#5489=(
BOUNDED_CURVE()
B_SPLINE_CURVE(2,(#9362,#9363,#9364,#9365,#9366,#9367,#9368,#9369,#9370),
 .UNSPECIFIED.,.T.,.F.)
B_SPLINE_CURVE_WITH_KNOTS((3,2,2,2,3),(18.8495559215388,21.6769893097696,
24.5044226980004,27.3318560862312,30.159289474462),.UNSPECIFIED.)
CURVE()
GEOMETRIC_REPRESENTATION_ITEM()
RATIONAL_B_SPLINE_CURVE((1.,0.707106781186548,1.,0.707106781186548,1.,0.707106781186548,
1.,0.707106781186548,1.))
REPRESENTATION_ITEM('')
);
#5490=(
BOUNDED_CURVE()
B_SPLINE_CURVE(1,(#9371,#9372),.UNSPECIFIED.,.F.,.F.)
B_SPLINE_CURVE_WITH_KNOTS((2,2),(0.,1.5),.UNSPECIFIED.)
CURVE()
GEOMETRIC_REPRESENTATION_ITEM()
RATIONAL_B_SPLINE_CURVE((1.,1.))
REPRESENTATION_ITEM('')
);
#5491=(
BOUNDED_CURVE()
B_SPLINE_CURVE(2,(#9373,#9374,#9375,#9376,#9377,#9378,#9379,#9380,#9381),
 .UNSPECIFIED.,.T.,.F.)
B_SPLINE_CURVE_WITH_KNOTS((3,2,2,2,3),(-30.159289474462,-27.3318560862312,
-24.5044226980004,-21.6769893097696,-18.8495559215388),.UNSPECIFIED.)
CURVE()
GEOMETRIC_REPRESENTATION_ITEM()
RATIONAL_B_SPLINE_CURVE((1.,0.707106781186548,1.,0.707106781186548,1.,0.707106781186548,
1.,0.707106781186548,1.))
REPRESENTATION_ITEM('')
);
#5492=(
BOUNDED_CURVE()
B_SPLINE_CURVE(2,(#9382,#9383,#9384,#9385,#9386,#9387,#9388,#9389,#9390),
 .UNSPECIFIED.,.T.,.F.)
B_SPLINE_CURVE_WITH_KNOTS((3,2,2,2,3),(18.8495559215388,21.6769893097696,
24.5044226980004,27.3318560862312,30.159289474462),.UNSPECIFIED.)
CURVE()
GEOMETRIC_REPRESENTATION_ITEM()
RATIONAL_B_SPLINE_CURVE((1.,0.707106781186548,1.,0.707106781186548,1.,0.707106781186548,
1.,0.707106781186548,1.))
REPRESENTATION_ITEM('')
);
#5493=(
BOUNDED_CURVE()
B_SPLINE_CURVE(1,(#9391,#9392),.UNSPECIFIED.,.F.,.F.)
B_SPLINE_CURVE_WITH_KNOTS((2,2),(0.,1.5),.UNSPECIFIED.)
CURVE()
GEOMETRIC_REPRESENTATION_ITEM()
RATIONAL_B_SPLINE_CURVE((1.,1.))
REPRESENTATION_ITEM('')
);
#5494=(
BOUNDED_CURVE()
B_SPLINE_CURVE(2,(#9393,#9394,#9395,#9396,#9397,#9398,#9399,#9400,#9401),
 .UNSPECIFIED.,.T.,.F.)
B_SPLINE_CURVE_WITH_KNOTS((3,2,2,2,3),(-30.159289474462,-27.3318560862312,
-24.5044226980004,-21.6769893097696,-18.8495559215388),.UNSPECIFIED.)
CURVE()
GEOMETRIC_REPRESENTATION_ITEM()
RATIONAL_B_SPLINE_CURVE((1.,0.707106781186548,1.,0.707106781186548,1.,0.707106781186548,
1.,0.707106781186548,1.))
REPRESENTATION_ITEM('')
);
#5495=(
BOUNDED_CURVE()
B_SPLINE_CURVE(2,(#9458,#9459,#9460,#9461,#9462,#9463,#9464,#9465,#9466),
 .UNSPECIFIED.,.T.,.F.)
B_SPLINE_CURVE_WITH_KNOTS((3,2,2,2,3),(0.,1.25663706143592,2.51327412287183,
3.76991118430775,5.02654824574367),.UNSPECIFIED.)
CURVE()
GEOMETRIC_REPRESENTATION_ITEM()
RATIONAL_B_SPLINE_CURVE((1.,0.707106781186548,1.,0.707106781186548,1.,0.707106781186548,
1.,0.707106781186548,1.))
REPRESENTATION_ITEM('')
);
#5496=(
BOUNDED_CURVE()
B_SPLINE_CURVE(3,(#9467,#9468,#9469,#9470),.UNSPECIFIED.,.F.,.F.)
B_SPLINE_CURVE_WITH_KNOTS((4,4),(0.,0.800000000000011),.UNSPECIFIED.)
CURVE()
GEOMETRIC_REPRESENTATION_ITEM()
RATIONAL_B_SPLINE_CURVE((1.,1.,1.,1.))
REPRESENTATION_ITEM('')
);
#5497=(
BOUNDED_CURVE()
B_SPLINE_CURVE(2,(#9471,#9472,#9473,#9474,#9475,#9476,#9477,#9478,#9479),
 .UNSPECIFIED.,.T.,.F.)
B_SPLINE_CURVE_WITH_KNOTS((3,2,2,2,3),(-22.4000000000001,-16.8000000000001,
-11.2,-5.60000000000002,0.),.UNSPECIFIED.)
CURVE()
GEOMETRIC_REPRESENTATION_ITEM()
RATIONAL_B_SPLINE_CURVE((1.,0.707106781186548,1.,0.707106781186548,1.,0.707106781186548,
1.,0.707106781186548,1.))
REPRESENTATION_ITEM('')
);
#5498=(
BOUNDED_CURVE()
B_SPLINE_CURVE(2,(#9480,#9481,#9482,#9483,#9484,#9485,#9486,#9487,#9488),
 .UNSPECIFIED.,.T.,.F.)
B_SPLINE_CURVE_WITH_KNOTS((3,2,2,2,3),(0.,5.60000000000002,11.2,16.8000000000001,
22.4000000000001),.UNSPECIFIED.)
CURVE()
GEOMETRIC_REPRESENTATION_ITEM()
RATIONAL_B_SPLINE_CURVE((1.,0.707106781186548,1.,0.707106781186548,1.,0.707106781186548,
1.,0.707106781186548,1.))
REPRESENTATION_ITEM('')
);
#5499=(
BOUNDED_CURVE()
B_SPLINE_CURVE(3,(#9489,#9490,#9491,#9492),.UNSPECIFIED.,.F.,.F.)
B_SPLINE_CURVE_WITH_KNOTS((4,4),(0.,1.13137084989849),.UNSPECIFIED.)
CURVE()
GEOMETRIC_REPRESENTATION_ITEM()
RATIONAL_B_SPLINE_CURVE((1.,1.,1.,1.))
REPRESENTATION_ITEM('')
);
#5500=(
BOUNDED_CURVE()
B_SPLINE_CURVE(2,(#9493,#9494,#9495,#9496,#9497,#9498,#9499,#9500,#9501),
 .UNSPECIFIED.,.T.,.F.)
B_SPLINE_CURVE_WITH_KNOTS((3,2,2,2,3),(-22.4000000000001,-16.8000000000001,
-11.2,-5.60000000000002,0.),.UNSPECIFIED.)
CURVE()
GEOMETRIC_REPRESENTATION_ITEM()
RATIONAL_B_SPLINE_CURVE((1.,0.707106781186548,1.,0.707106781186548,1.,0.707106781186548,
1.,0.707106781186548,1.))
REPRESENTATION_ITEM('')
);
#5501=(
BOUNDED_CURVE()
B_SPLINE_CURVE(3,(#9502,#9503,#9504,#9505),.UNSPECIFIED.,.F.,.F.)
B_SPLINE_CURVE_WITH_KNOTS((4,4),(0.,1.42828568570855),.UNSPECIFIED.)
CURVE()
GEOMETRIC_REPRESENTATION_ITEM()
RATIONAL_B_SPLINE_CURVE((1.,1.,1.,1.))
REPRESENTATION_ITEM('')
);
#5502=(
BOUNDED_CURVE()
B_SPLINE_CURVE(2,(#9506,#9507,#9508,#9509,#9510,#9511,#9512,#9513,#9514),
 .UNSPECIFIED.,.T.,.F.)
B_SPLINE_CURVE_WITH_KNOTS((3,2,2,2,3),(0.,5.99999999999999,12.,18.,23.9999999999999),
 .UNSPECIFIED.)
CURVE()
GEOMETRIC_REPRESENTATION_ITEM()
RATIONAL_B_SPLINE_CURVE((1.,0.707106781186548,1.,0.707106781186548,1.,0.707106781186548,
1.,0.707106781186548,1.))
REPRESENTATION_ITEM('')
);
#5503=(
BOUNDED_CURVE()
B_SPLINE_CURVE(2,(#9515,#9516,#9517,#9518,#9519,#9520,#9521,#9522,#9523),
 .UNSPECIFIED.,.T.,.F.)
B_SPLINE_CURVE_WITH_KNOTS((3,2,2,2,3),(-23.9999999999999,-18.,-12.,-5.99999999999999,
0.),.UNSPECIFIED.)
CURVE()
GEOMETRIC_REPRESENTATION_ITEM()
RATIONAL_B_SPLINE_CURVE((1.,0.707106781186548,1.,0.707106781186548,1.,0.707106781186548,
1.,0.707106781186548,1.))
REPRESENTATION_ITEM('')
);
#5504=(
BOUNDED_CURVE()
B_SPLINE_CURVE(3,(#9524,#9525,#9526,#9527),.UNSPECIFIED.,.F.,.F.)
B_SPLINE_CURVE_WITH_KNOTS((4,4),(0.,0.500000000000009),.UNSPECIFIED.)
CURVE()
GEOMETRIC_REPRESENTATION_ITEM()
RATIONAL_B_SPLINE_CURVE((1.,1.,1.,1.))
REPRESENTATION_ITEM('')
);
#5505=(
BOUNDED_CURVE()
B_SPLINE_CURVE(2,(#9528,#9529,#9530,#9531,#9532,#9533,#9534,#9535,#9536),
 .UNSPECIFIED.,.T.,.F.)
B_SPLINE_CURVE_WITH_KNOTS((3,2,2,2,3),(-23.9999999999999,-18.,-12.,-5.99999999999999,
0.),.UNSPECIFIED.)
CURVE()
GEOMETRIC_REPRESENTATION_ITEM()
RATIONAL_B_SPLINE_CURVE((1.,0.707106781186548,1.,0.707106781186548,1.,0.707106781186548,
1.,0.707106781186548,1.))
REPRESENTATION_ITEM('')
);
#5506=(
BOUNDED_CURVE()
B_SPLINE_CURVE(3,(#9537,#9538,#9539,#9540),.UNSPECIFIED.,.F.,.F.)
B_SPLINE_CURVE_WITH_KNOTS((4,4),(0.,0.424264068712035),.UNSPECIFIED.)
CURVE()
GEOMETRIC_REPRESENTATION_ITEM()
RATIONAL_B_SPLINE_CURVE((1.,1.,1.,1.))
REPRESENTATION_ITEM('')
);
#5507=(
BOUNDED_CURVE()
B_SPLINE_CURVE(2,(#9541,#9542,#9543,#9544,#9545,#9546,#9547,#9548,#9549),
 .UNSPECIFIED.,.T.,.F.)
B_SPLINE_CURVE_WITH_KNOTS((3,2,2,2,3),(0.,6.60000000000004,13.2000000000001,
19.8000000000001,26.4000000000002),.UNSPECIFIED.)
CURVE()
GEOMETRIC_REPRESENTATION_ITEM()
RATIONAL_B_SPLINE_CURVE((1.,0.707106781186548,1.,0.707106781186548,1.,0.707106781186548,
1.,0.707106781186548,1.))
REPRESENTATION_ITEM('')
);
#5508=(
BOUNDED_CURVE()
B_SPLINE_CURVE(3,(#9550,#9551,#9552,#9553),.UNSPECIFIED.,.F.,.F.)
B_SPLINE_CURVE_WITH_KNOTS((4,4),(0.,0.300000000000011),.UNSPECIFIED.)
CURVE()
GEOMETRIC_REPRESENTATION_ITEM()
RATIONAL_B_SPLINE_CURVE((1.,1.,1.,1.))
REPRESENTATION_ITEM('')
);
#5509=(
BOUNDED_CURVE()
B_SPLINE_CURVE(2,(#9554,#9555,#9556,#9557,#9558,#9559,#9560,#9561,#9562),
 .UNSPECIFIED.,.T.,.F.)
B_SPLINE_CURVE_WITH_KNOTS((3,2,2,2,3),(0.,6.60000000000004,13.2000000000001,
19.8000000000001,26.4000000000002),.UNSPECIFIED.)
CURVE()
GEOMETRIC_REPRESENTATION_ITEM()
RATIONAL_B_SPLINE_CURVE((1.,0.707106781186548,1.,0.707106781186548,1.,0.707106781186548,
1.,0.707106781186548,1.))
REPRESENTATION_ITEM('')
);
#5510=(
BOUNDED_CURVE()
B_SPLINE_CURVE(2,(#9563,#9564,#9565,#9566,#9567,#9568,#9569,#9570,#9571),
 .UNSPECIFIED.,.T.,.F.)
B_SPLINE_CURVE_WITH_KNOTS((3,2,2,2,3),(0.,1.25663706143592,2.51327412287183,
3.76991118430775,5.02654824574367),.UNSPECIFIED.)
CURVE()
GEOMETRIC_REPRESENTATION_ITEM()
RATIONAL_B_SPLINE_CURVE((1.,0.707106781186548,1.,0.707106781186548,1.,0.707106781186548,
1.,0.707106781186548,1.))
REPRESENTATION_ITEM('')
);
#5511=(
BOUNDED_CURVE()
B_SPLINE_CURVE(2,(#9631,#9632,#9633),.UNSPECIFIED.,.F.,.F.)
B_SPLINE_CURVE_WITH_KNOTS((3,3),(-130.5763525108,-75.6763525108004),
 .UNSPECIFIED.)
CURVE()
GEOMETRIC_REPRESENTATION_ITEM()
RATIONAL_B_SPLINE_CURVE((1.,1.,1.))
REPRESENTATION_ITEM('')
);
#5512=(
BOUNDED_CURVE()
B_SPLINE_CURVE(1,(#9634,#9635),.UNSPECIFIED.,.F.,.F.)
B_SPLINE_CURVE_WITH_KNOTS((2,2),(0.,11.),.UNSPECIFIED.)
CURVE()
GEOMETRIC_REPRESENTATION_ITEM()
RATIONAL_B_SPLINE_CURVE((1.,1.))
REPRESENTATION_ITEM('')
);
#5513=(
BOUNDED_CURVE()
B_SPLINE_CURVE(2,(#9636,#9637,#9638),.UNSPECIFIED.,.F.,.F.)
B_SPLINE_CURVE_WITH_KNOTS((3,3),(-130.5763525108,-75.6763525108004),
 .UNSPECIFIED.)
CURVE()
GEOMETRIC_REPRESENTATION_ITEM()
RATIONAL_B_SPLINE_CURVE((1.,1.,1.))
REPRESENTATION_ITEM('')
);
#5514=(
BOUNDED_CURVE()
B_SPLINE_CURVE(1,(#9639,#9640),.UNSPECIFIED.,.F.,.F.)
B_SPLINE_CURVE_WITH_KNOTS((2,2),(0.,11.),.UNSPECIFIED.)
CURVE()
GEOMETRIC_REPRESENTATION_ITEM()
RATIONAL_B_SPLINE_CURVE((1.,1.))
REPRESENTATION_ITEM('')
);
#5515=(
BOUNDED_CURVE()
B_SPLINE_CURVE(2,(#9641,#9642,#9643),.UNSPECIFIED.,.F.,.F.)
B_SPLINE_CURVE_WITH_KNOTS((3,3),(-75.6763525108004,-72.5347598572106),
 .UNSPECIFIED.)
CURVE()
GEOMETRIC_REPRESENTATION_ITEM()
RATIONAL_B_SPLINE_CURVE((1.,0.707106781186543,1.))
REPRESENTATION_ITEM('')
);
#5516=(
BOUNDED_CURVE()
B_SPLINE_CURVE(1,(#9644,#9645),.UNSPECIFIED.,.F.,.F.)
B_SPLINE_CURVE_WITH_KNOTS((2,2),(0.,11.),.UNSPECIFIED.)
CURVE()
GEOMETRIC_REPRESENTATION_ITEM()
RATIONAL_B_SPLINE_CURVE((1.,1.))
REPRESENTATION_ITEM('')
);
#5517=(
BOUNDED_CURVE()
B_SPLINE_CURVE(2,(#9646,#9647,#9648),.UNSPECIFIED.,.F.,.F.)
B_SPLINE_CURVE_WITH_KNOTS((3,3),(-75.6763525108004,-72.5347598572106),
 .UNSPECIFIED.)
CURVE()
GEOMETRIC_REPRESENTATION_ITEM()
RATIONAL_B_SPLINE_CURVE((1.,0.707106781186543,1.))
REPRESENTATION_ITEM('')
);
#5518=(
BOUNDED_CURVE()
B_SPLINE_CURVE(2,(#9649,#9650,#9651),.UNSPECIFIED.,.F.,.F.)
B_SPLINE_CURVE_WITH_KNOTS((3,3),(-72.5347598572106,-33.4887828457163),
 .UNSPECIFIED.)
CURVE()
GEOMETRIC_REPRESENTATION_ITEM()
RATIONAL_B_SPLINE_CURVE((1.,1.,1.))
REPRESENTATION_ITEM('')
);
#5519=(
BOUNDED_CURVE()
B_SPLINE_CURVE(1,(#9652,#9653),.UNSPECIFIED.,.F.,.F.)
B_SPLINE_CURVE_WITH_KNOTS((2,2),(0.,11.),.UNSPECIFIED.)
CURVE()
GEOMETRIC_REPRESENTATION_ITEM()
RATIONAL_B_SPLINE_CURVE((1.,1.))
REPRESENTATION_ITEM('')
);
#5520=(
BOUNDED_CURVE()
B_SPLINE_CURVE(2,(#9654,#9655,#9656),.UNSPECIFIED.,.F.,.F.)
B_SPLINE_CURVE_WITH_KNOTS((3,3),(-72.5347598572106,-33.4887828457163),
 .UNSPECIFIED.)
CURVE()
GEOMETRIC_REPRESENTATION_ITEM()
RATIONAL_B_SPLINE_CURVE((1.,1.,1.))
REPRESENTATION_ITEM('')
);
#5521=(
BOUNDED_CURVE()
B_SPLINE_CURVE(2,(#9657,#9658,#9659),.UNSPECIFIED.,.F.,.F.)
B_SPLINE_CURVE_WITH_KNOTS((3,3),(-33.4887828457163,-30.3471901921266),
 .UNSPECIFIED.)
CURVE()
GEOMETRIC_REPRESENTATION_ITEM()
RATIONAL_B_SPLINE_CURVE((1.,0.707106781186543,1.))
REPRESENTATION_ITEM('')
);
#5522=(
BOUNDED_CURVE()
B_SPLINE_CURVE(1,(#9660,#9661),.UNSPECIFIED.,.F.,.F.)
B_SPLINE_CURVE_WITH_KNOTS((2,2),(0.,11.),.UNSPECIFIED.)
CURVE()
GEOMETRIC_REPRESENTATION_ITEM()
RATIONAL_B_SPLINE_CURVE((1.,1.))
REPRESENTATION_ITEM('')
);
#5523=(
BOUNDED_CURVE()
B_SPLINE_CURVE(2,(#9662,#9663,#9664),.UNSPECIFIED.,.F.,.F.)
B_SPLINE_CURVE_WITH_KNOTS((3,3),(-33.4887828457163,-30.3471901921266),
 .UNSPECIFIED.)
CURVE()
GEOMETRIC_REPRESENTATION_ITEM()
RATIONAL_B_SPLINE_CURVE((1.,0.707106781186543,1.))
REPRESENTATION_ITEM('')
);
#5524=(
BOUNDED_CURVE()
B_SPLINE_CURVE(2,(#9665,#9666,#9667),.UNSPECIFIED.,.F.,.F.)
B_SPLINE_CURVE_WITH_KNOTS((3,3),(-30.3471901921266,24.5528098078734),
 .UNSPECIFIED.)
CURVE()
GEOMETRIC_REPRESENTATION_ITEM()
RATIONAL_B_SPLINE_CURVE((1.,1.,1.))
REPRESENTATION_ITEM('')
);
#5525=(
BOUNDED_CURVE()
B_SPLINE_CURVE(1,(#9668,#9669),.UNSPECIFIED.,.F.,.F.)
B_SPLINE_CURVE_WITH_KNOTS((2,2),(0.,11.),.UNSPECIFIED.)
CURVE()
GEOMETRIC_REPRESENTATION_ITEM()
RATIONAL_B_SPLINE_CURVE((1.,1.))
REPRESENTATION_ITEM('')
);
#5526=(
BOUNDED_CURVE()
B_SPLINE_CURVE(2,(#9670,#9671,#9672),.UNSPECIFIED.,.F.,.F.)
B_SPLINE_CURVE_WITH_KNOTS((3,3),(-30.3471901921266,24.5528098078734),
 .UNSPECIFIED.)
CURVE()
GEOMETRIC_REPRESENTATION_ITEM()
RATIONAL_B_SPLINE_CURVE((1.,1.,1.))
REPRESENTATION_ITEM('')
);
#5527=(
BOUNDED_CURVE()
B_SPLINE_CURVE(2,(#9673,#9674,#9675),.UNSPECIFIED.,.F.,.F.)
B_SPLINE_CURVE_WITH_KNOTS((3,3),(24.5528098078734,29.2651987882582),
 .UNSPECIFIED.)
CURVE()
GEOMETRIC_REPRESENTATION_ITEM()
RATIONAL_B_SPLINE_CURVE((1.,0.707106781186544,1.))
REPRESENTATION_ITEM('')
);
#5528=(
BOUNDED_CURVE()
B_SPLINE_CURVE(1,(#9676,#9677),.UNSPECIFIED.,.F.,.F.)
B_SPLINE_CURVE_WITH_KNOTS((2,2),(0.,11.),.UNSPECIFIED.)
CURVE()
GEOMETRIC_REPRESENTATION_ITEM()
RATIONAL_B_SPLINE_CURVE((1.,1.))
REPRESENTATION_ITEM('')
);
#5529=(
BOUNDED_CURVE()
B_SPLINE_CURVE(2,(#9678,#9679,#9680),.UNSPECIFIED.,.F.,.F.)
B_SPLINE_CURVE_WITH_KNOTS((3,3),(24.5528098078734,29.2651987882582),
 .UNSPECIFIED.)
CURVE()
GEOMETRIC_REPRESENTATION_ITEM()
RATIONAL_B_SPLINE_CURVE((1.,0.707106781186544,1.))
REPRESENTATION_ITEM('')
);
#5530=(
BOUNDED_CURVE()
B_SPLINE_CURVE(2,(#9681,#9682,#9683),.UNSPECIFIED.,.F.,.F.)
B_SPLINE_CURVE_WITH_KNOTS((3,3),(29.2651987882582,66.3341643054995),
 .UNSPECIFIED.)
CURVE()
GEOMETRIC_REPRESENTATION_ITEM()
RATIONAL_B_SPLINE_CURVE((1.,1.,1.))
REPRESENTATION_ITEM('')
);
#5531=(
BOUNDED_CURVE()
B_SPLINE_CURVE(1,(#9684,#9685),.UNSPECIFIED.,.F.,.F.)
B_SPLINE_CURVE_WITH_KNOTS((2,2),(0.,11.),.UNSPECIFIED.)
CURVE()
GEOMETRIC_REPRESENTATION_ITEM()
RATIONAL_B_SPLINE_CURVE((1.,1.))
REPRESENTATION_ITEM('')
);
#5532=(
BOUNDED_CURVE()
B_SPLINE_CURVE(2,(#9686,#9687,#9688),.UNSPECIFIED.,.F.,.F.)
B_SPLINE_CURVE_WITH_KNOTS((3,3),(29.2651987882582,66.3341643054995),
 .UNSPECIFIED.)
CURVE()
GEOMETRIC_REPRESENTATION_ITEM()
RATIONAL_B_SPLINE_CURVE((1.,1.,1.))
REPRESENTATION_ITEM('')
);
#5533=(
BOUNDED_CURVE()
B_SPLINE_CURVE(2,(#9689,#9690,#9691),.UNSPECIFIED.,.F.,.F.)
B_SPLINE_CURVE_WITH_KNOTS((3,3),(66.3341643054995,71.0465532858842),
 .UNSPECIFIED.)
CURVE()
GEOMETRIC_REPRESENTATION_ITEM()
RATIONAL_B_SPLINE_CURVE((1.,0.707106781186546,1.))
REPRESENTATION_ITEM('')
);
#5534=(
BOUNDED_CURVE()
B_SPLINE_CURVE(2,(#9692,#9693,#9694),.UNSPECIFIED.,.F.,.F.)
B_SPLINE_CURVE_WITH_KNOTS((3,3),(66.3341643054995,71.0465532858842),
 .UNSPECIFIED.)
CURVE()
GEOMETRIC_REPRESENTATION_ITEM()
RATIONAL_B_SPLINE_CURVE((1.,0.707106781186546,1.))
REPRESENTATION_ITEM('')
);
#5535=(
BOUNDED_CURVE()
B_SPLINE_CURVE(2,(#9695,#9696,#9697),.UNSPECIFIED.,.F.,.F.)
B_SPLINE_CURVE_WITH_KNOTS((3,3),(71.0465532858842,75.7796280859584),
 .UNSPECIFIED.)
CURVE()
GEOMETRIC_REPRESENTATION_ITEM()
RATIONAL_B_SPLINE_CURVE((1.,0.707106781186524,1.))
REPRESENTATION_ITEM('')
);
#5536=(
BOUNDED_CURVE()
B_SPLINE_CURVE(1,(#9698,#9699),.UNSPECIFIED.,.F.,.F.)
B_SPLINE_CURVE_WITH_KNOTS((2,2),(0.,11.),.UNSPECIFIED.)
CURVE()
GEOMETRIC_REPRESENTATION_ITEM()
RATIONAL_B_SPLINE_CURVE((1.,1.))
REPRESENTATION_ITEM('')
);
#5537=(
BOUNDED_CURVE()
B_SPLINE_CURVE(2,(#9700,#9701,#9702),.UNSPECIFIED.,.F.,.F.)
B_SPLINE_CURVE_WITH_KNOTS((3,3),(71.0465532858842,75.7796280859584),
 .UNSPECIFIED.)
CURVE()
GEOMETRIC_REPRESENTATION_ITEM()
RATIONAL_B_SPLINE_CURVE((1.,0.707106781186524,1.))
REPRESENTATION_ITEM('')
);
#5538=(
BOUNDED_CURVE()
B_SPLINE_CURVE(1,(#9703,#9704),.UNSPECIFIED.,.F.,.F.)
B_SPLINE_CURVE_WITH_KNOTS((2,2),(0.,11.),.UNSPECIFIED.)
CURVE()
GEOMETRIC_REPRESENTATION_ITEM()
RATIONAL_B_SPLINE_CURVE((1.,1.))
REPRESENTATION_ITEM('')
);
#5539=(
BOUNDED_CURVE()
B_SPLINE_CURVE(2,(#9705,#9706,#9707),.UNSPECIFIED.,.F.,.F.)
B_SPLINE_CURVE_WITH_KNOTS((3,3),(75.7796280859584,113.011314028012),
 .UNSPECIFIED.)
CURVE()
GEOMETRIC_REPRESENTATION_ITEM()
RATIONAL_B_SPLINE_CURVE((1.,1.,1.))
REPRESENTATION_ITEM('')
);
#5540=(
BOUNDED_CURVE()
B_SPLINE_CURVE(1,(#9708,#9709),.UNSPECIFIED.,.F.,.F.)
B_SPLINE_CURVE_WITH_KNOTS((2,2),(0.,11.),.UNSPECIFIED.)
CURVE()
GEOMETRIC_REPRESENTATION_ITEM()
RATIONAL_B_SPLINE_CURVE((1.,1.))
REPRESENTATION_ITEM('')
);
#5541=(
BOUNDED_CURVE()
B_SPLINE_CURVE(2,(#9710,#9711,#9712),.UNSPECIFIED.,.F.,.F.)
B_SPLINE_CURVE_WITH_KNOTS((3,3),(75.7796280859584,113.011314028012),
 .UNSPECIFIED.)
CURVE()
GEOMETRIC_REPRESENTATION_ITEM()
RATIONAL_B_SPLINE_CURVE((1.,1.,1.))
REPRESENTATION_ITEM('')
);
#5542=(
BOUNDED_CURVE()
B_SPLINE_CURVE(2,(#9713,#9714,#9715),.UNSPECIFIED.,.F.,.F.)
B_SPLINE_CURVE_WITH_KNOTS((3,3),(113.011314028012,117.744388828086),
 .UNSPECIFIED.)
CURVE()
GEOMETRIC_REPRESENTATION_ITEM()
RATIONAL_B_SPLINE_CURVE((1.,0.707106781186527,1.))
REPRESENTATION_ITEM('')
);
#5543=(
BOUNDED_CURVE()
B_SPLINE_CURVE(1,(#9716,#9717),.UNSPECIFIED.,.F.,.F.)
B_SPLINE_CURVE_WITH_KNOTS((2,2),(0.,11.),.UNSPECIFIED.)
CURVE()
GEOMETRIC_REPRESENTATION_ITEM()
RATIONAL_B_SPLINE_CURVE((1.,1.))
REPRESENTATION_ITEM('')
);
#5544=(
BOUNDED_CURVE()
B_SPLINE_CURVE(2,(#9718,#9719,#9720),.UNSPECIFIED.,.F.,.F.)
B_SPLINE_CURVE_WITH_KNOTS((3,3),(113.011314028012,117.744388828086),
 .UNSPECIFIED.)
CURVE()
GEOMETRIC_REPRESENTATION_ITEM()
RATIONAL_B_SPLINE_CURVE((1.,0.707106781186527,1.))
REPRESENTATION_ITEM('')
);
#5545=(
BOUNDED_CURVE()
B_SPLINE_CURVE(2,(#9721,#9722,#9723),.UNSPECIFIED.,.F.,.F.)
B_SPLINE_CURVE_WITH_KNOTS((3,3),(117.744388828086,172.885381561429),
 .UNSPECIFIED.)
CURVE()
GEOMETRIC_REPRESENTATION_ITEM()
RATIONAL_B_SPLINE_CURVE((1.,1.,1.))
REPRESENTATION_ITEM('')
);
#5546=(
BOUNDED_CURVE()
B_SPLINE_CURVE(1,(#9724,#9725),.UNSPECIFIED.,.F.,.F.)
B_SPLINE_CURVE_WITH_KNOTS((2,2),(0.,11.),.UNSPECIFIED.)
CURVE()
GEOMETRIC_REPRESENTATION_ITEM()
RATIONAL_B_SPLINE_CURVE((1.,1.))
REPRESENTATION_ITEM('')
);
#5547=(
BOUNDED_CURVE()
B_SPLINE_CURVE(2,(#9726,#9727,#9728),.UNSPECIFIED.,.F.,.F.)
B_SPLINE_CURVE_WITH_KNOTS((3,3),(117.744388828086,172.885381561429),
 .UNSPECIFIED.)
CURVE()
GEOMETRIC_REPRESENTATION_ITEM()
RATIONAL_B_SPLINE_CURVE((1.,1.,1.))
REPRESENTATION_ITEM('')
);
#5548=(
BOUNDED_CURVE()
B_SPLINE_CURVE(2,(#9729,#9730,#9731),.UNSPECIFIED.,.F.,.F.)
B_SPLINE_CURVE_WITH_KNOTS((3,3),(172.885381561429,176.040764761478),
 .UNSPECIFIED.)
CURVE()
GEOMETRIC_REPRESENTATION_ITEM()
RATIONAL_B_SPLINE_CURVE((1.,0.707106781186537,1.))
REPRESENTATION_ITEM('')
);
#5549=(
BOUNDED_CURVE()
B_SPLINE_CURVE(1,(#9732,#9733),.UNSPECIFIED.,.F.,.F.)
B_SPLINE_CURVE_WITH_KNOTS((2,2),(0.,11.),.UNSPECIFIED.)
CURVE()
GEOMETRIC_REPRESENTATION_ITEM()
RATIONAL_B_SPLINE_CURVE((1.,1.))
REPRESENTATION_ITEM('')
);
#5550=(
BOUNDED_CURVE()
B_SPLINE_CURVE(2,(#9734,#9735,#9736),.UNSPECIFIED.,.F.,.F.)
B_SPLINE_CURVE_WITH_KNOTS((3,3),(172.885381561429,176.040764761478),
 .UNSPECIFIED.)
CURVE()
GEOMETRIC_REPRESENTATION_ITEM()
RATIONAL_B_SPLINE_CURVE((1.,0.707106781186537,1.))
REPRESENTATION_ITEM('')
);
#5551=(
BOUNDED_CURVE()
B_SPLINE_CURVE(2,(#9737,#9738,#9739),.UNSPECIFIED.,.F.,.F.)
B_SPLINE_CURVE_WITH_KNOTS((3,3),(176.040764761478,215.258140620441),
 .UNSPECIFIED.)
CURVE()
GEOMETRIC_REPRESENTATION_ITEM()
RATIONAL_B_SPLINE_CURVE((1.,1.,1.))
REPRESENTATION_ITEM('')
);
#5552=(
BOUNDED_CURVE()
B_SPLINE_CURVE(1,(#9740,#9741),.UNSPECIFIED.,.F.,.F.)
B_SPLINE_CURVE_WITH_KNOTS((2,2),(0.,11.),.UNSPECIFIED.)
CURVE()
GEOMETRIC_REPRESENTATION_ITEM()
RATIONAL_B_SPLINE_CURVE((1.,1.))
REPRESENTATION_ITEM('')
);
#5553=(
BOUNDED_CURVE()
B_SPLINE_CURVE(2,(#9742,#9743,#9744),.UNSPECIFIED.,.F.,.F.)
B_SPLINE_CURVE_WITH_KNOTS((3,3),(176.040764761478,215.258140620441),
 .UNSPECIFIED.)
CURVE()
GEOMETRIC_REPRESENTATION_ITEM()
RATIONAL_B_SPLINE_CURVE((1.,1.,1.))
REPRESENTATION_ITEM('')
);
#5554=(
BOUNDED_CURVE()
B_SPLINE_CURVE(2,(#9745,#9746,#9747),.UNSPECIFIED.,.F.,.F.)
B_SPLINE_CURVE_WITH_KNOTS((3,3),(215.258140620441,218.41352382049),
 .UNSPECIFIED.)
CURVE()
GEOMETRIC_REPRESENTATION_ITEM()
RATIONAL_B_SPLINE_CURVE((1.,0.707106781186473,1.))
REPRESENTATION_ITEM('')
);
#5555=(
BOUNDED_CURVE()
B_SPLINE_CURVE(1,(#9748,#9749),.UNSPECIFIED.,.F.,.F.)
B_SPLINE_CURVE_WITH_KNOTS((2,2),(0.,11.),.UNSPECIFIED.)
CURVE()
GEOMETRIC_REPRESENTATION_ITEM()
RATIONAL_B_SPLINE_CURVE((1.,1.))
REPRESENTATION_ITEM('')
);
#5556=(
BOUNDED_CURVE()
B_SPLINE_CURVE(2,(#9750,#9751,#9752),.UNSPECIFIED.,.F.,.F.)
B_SPLINE_CURVE_WITH_KNOTS((3,3),(215.258140620441,218.41352382049),
 .UNSPECIFIED.)
CURVE()
GEOMETRIC_REPRESENTATION_ITEM()
RATIONAL_B_SPLINE_CURVE((1.,0.707106781186473,1.))
REPRESENTATION_ITEM('')
);
#5557=(
BOUNDED_CURVE()
B_SPLINE_CURVE(2,(#9753,#9754,#9755),.UNSPECIFIED.,.F.,.F.)
B_SPLINE_CURVE_WITH_KNOTS((3,3),(218.41352382049,273.554516553833),
 .UNSPECIFIED.)
CURVE()
GEOMETRIC_REPRESENTATION_ITEM()
RATIONAL_B_SPLINE_CURVE((1.,1.,1.))
REPRESENTATION_ITEM('')
);
#5558=(
BOUNDED_CURVE()
B_SPLINE_CURVE(2,(#9756,#9757,#9758),.UNSPECIFIED.,.F.,.F.)
B_SPLINE_CURVE_WITH_KNOTS((3,3),(218.41352382049,273.554516553833),
 .UNSPECIFIED.)
CURVE()
GEOMETRIC_REPRESENTATION_ITEM()
RATIONAL_B_SPLINE_CURVE((1.,1.,1.))
REPRESENTATION_ITEM('')
);
#5559=(
BOUNDED_CURVE()
B_SPLINE_CURVE(2,(#9759,#9760,#9761,#9762,#9763,#9764,#9765,#9766,#9767),
 .UNSPECIFIED.,.T.,.F.)
B_SPLINE_CURVE_WITH_KNOTS((3,2,2,2,3),(-18.8495559648826,-14.137166973662,
-9.42477798244131,-4.71238899122066,0.),.UNSPECIFIED.)
CURVE()
GEOMETRIC_REPRESENTATION_ITEM()
RATIONAL_B_SPLINE_CURVE((1.,0.707106781186548,1.,0.707106781186548,1.,0.707106781186548,
1.,0.707106781186548,1.))
REPRESENTATION_ITEM('')
);
#5560=(
BOUNDED_CURVE()
B_SPLINE_CURVE(2,(#9768,#9769,#9770,#9771,#9772,#9773,#9774,#9775,#9776),
 .UNSPECIFIED.,.T.,.F.)
B_SPLINE_CURVE_WITH_KNOTS((3,2,2,2,3),(-20.734511561371,-15.5508836710282,
-10.3672557806855,-5.18362789034275,0.),.UNSPECIFIED.)
CURVE()
GEOMETRIC_REPRESENTATION_ITEM()
RATIONAL_B_SPLINE_CURVE((1.,0.707106781186548,1.,0.707106781186548,1.,0.707106781186548,
1.,0.707106781186548,1.))
REPRESENTATION_ITEM('')
);
#5561=(
BOUNDED_CURVE()
B_SPLINE_CURVE(1,(#9777,#9778),.UNSPECIFIED.,.F.,.F.)
B_SPLINE_CURVE_WITH_KNOTS((2,2),(0.,1.00000000000002),.UNSPECIFIED.)
CURVE()
GEOMETRIC_REPRESENTATION_ITEM()
RATIONAL_B_SPLINE_CURVE((1.,1.))
REPRESENTATION_ITEM('')
);
#5562=(
BOUNDED_CURVE()
B_SPLINE_CURVE(2,(#9779,#9780,#9781,#9782,#9783,#9784,#9785,#9786,#9787),
 .UNSPECIFIED.,.T.,.F.)
B_SPLINE_CURVE_WITH_KNOTS((3,2,2,2,3),(-18.8495559648826,-14.137166973662,
-9.42477798244131,-4.71238899122066,0.),.UNSPECIFIED.)
CURVE()
GEOMETRIC_REPRESENTATION_ITEM()
RATIONAL_B_SPLINE_CURVE((1.,0.707106781186548,1.,0.707106781186548,1.,0.707106781186548,
1.,0.707106781186548,1.))
REPRESENTATION_ITEM('')
);
#5563=(
BOUNDED_CURVE()
B_SPLINE_CURVE(2,(#9788,#9789,#9790,#9791,#9792,#9793,#9794,#9795,#9796),
 .UNSPECIFIED.,.T.,.F.)
B_SPLINE_CURVE_WITH_KNOTS((3,2,2,2,3),(0.,5.18362789034275,10.3672557806855,
15.5508836710282,20.734511561371),.UNSPECIFIED.)
CURVE()
GEOMETRIC_REPRESENTATION_ITEM()
RATIONAL_B_SPLINE_CURVE((1.,0.707106781186548,1.,0.707106781186548,1.,0.707106781186548,
1.,0.707106781186548,1.))
REPRESENTATION_ITEM('')
);
#5564=(
BOUNDED_CURVE()
B_SPLINE_CURVE(1,(#9797,#9798),.UNSPECIFIED.,.F.,.F.)
B_SPLINE_CURVE_WITH_KNOTS((2,2),(0.428605359291968,0.5),.UNSPECIFIED.)
CURVE()
GEOMETRIC_REPRESENTATION_ITEM()
RATIONAL_B_SPLINE_CURVE((1.,1.))
REPRESENTATION_ITEM('')
);
#5565=(
BOUNDED_CURVE()
B_SPLINE_CURVE(2,(#9807,#9808,#9809,#9810,#9811,#9812,#9813,#9814,#9815),
 .UNSPECIFIED.,.T.,.F.)
B_SPLINE_CURVE_WITH_KNOTS((3,2,2,2,3),(0.,4.71238898038469,9.42477796076938,
14.1371669411541,18.8495559215388),.UNSPECIFIED.)
CURVE()
GEOMETRIC_REPRESENTATION_ITEM()
RATIONAL_B_SPLINE_CURVE((1.,0.707106781186548,1.,0.707106781186548,1.,0.707106781186548,
1.,0.707106781186548,1.))
REPRESENTATION_ITEM('')
);
#5566=(
BOUNDED_CURVE()
B_SPLINE_CURVE(1,(#9816,#9817),.UNSPECIFIED.,.F.,.F.)
B_SPLINE_CURVE_WITH_KNOTS((2,2),(0.,3.),.UNSPECIFIED.)
CURVE()
GEOMETRIC_REPRESENTATION_ITEM()
RATIONAL_B_SPLINE_CURVE((1.,1.))
REPRESENTATION_ITEM('')
);
#5567=(
BOUNDED_CURVE()
B_SPLINE_CURVE(2,(#9818,#9819,#9820,#9821,#9822,#9823,#9824,#9825,#9826),
 .UNSPECIFIED.,.T.,.F.)
B_SPLINE_CURVE_WITH_KNOTS((3,2,2,2,3),(0.,4.71238898038469,9.42477796076938,
14.1371669411541,18.8495559215388),.UNSPECIFIED.)
CURVE()
GEOMETRIC_REPRESENTATION_ITEM()
RATIONAL_B_SPLINE_CURVE((1.,0.707106781186548,1.,0.707106781186548,1.,0.707106781186548,
1.,0.707106781186548,1.))
REPRESENTATION_ITEM('')
);
#5568=(
BOUNDED_CURVE()
B_SPLINE_CURVE(2,(#9827,#9828,#9829,#9830,#9831,#9832,#9833,#9834,#9835),
 .UNSPECIFIED.,.T.,.F.)
B_SPLINE_CURVE_WITH_KNOTS((3,2,2,2,3),(18.8495559215388,21.6769893097696,
24.5044226980004,27.3318560862312,30.159289474462),.UNSPECIFIED.)
CURVE()
GEOMETRIC_REPRESENTATION_ITEM()
RATIONAL_B_SPLINE_CURVE((1.,0.707106781186548,1.,0.707106781186548,1.,0.707106781186548,
1.,0.707106781186548,1.))
REPRESENTATION_ITEM('')
);
#5569=(
BOUNDED_CURVE()
B_SPLINE_CURVE(1,(#9836,#9837),.UNSPECIFIED.,.F.,.F.)
B_SPLINE_CURVE_WITH_KNOTS((2,2),(0.,3.),.UNSPECIFIED.)
CURVE()
GEOMETRIC_REPRESENTATION_ITEM()
RATIONAL_B_SPLINE_CURVE((1.,1.))
REPRESENTATION_ITEM('')
);
#5570=(
BOUNDED_CURVE()
B_SPLINE_CURVE(2,(#9838,#9839,#9840,#9841,#9842,#9843,#9844,#9845,#9846),
 .UNSPECIFIED.,.T.,.F.)
B_SPLINE_CURVE_WITH_KNOTS((3,2,2,2,3),(18.8495559215388,21.6769893097696,
24.5044226980004,27.3318560862312,30.159289474462),.UNSPECIFIED.)
CURVE()
GEOMETRIC_REPRESENTATION_ITEM()
RATIONAL_B_SPLINE_CURVE((1.,0.707106781186548,1.,0.707106781186548,1.,0.707106781186548,
1.,0.707106781186548,1.))
REPRESENTATION_ITEM('')
);
#5571=(
BOUNDED_CURVE()
B_SPLINE_CURVE(2,(#10382,#10383,#10384),.UNSPECIFIED.,.F.,.F.)
B_SPLINE_CURVE_WITH_KNOTS((3,3),(0.,0.531126983721999),.UNSPECIFIED.)
CURVE()
GEOMETRIC_REPRESENTATION_ITEM()
RATIONAL_B_SPLINE_CURVE((1.,0.707106781186548,1.))
REPRESENTATION_ITEM('')
);
#5572=(
BOUNDED_CURVE()
B_SPLINE_CURVE(2,(#10385,#10386,#10387),.UNSPECIFIED.,.F.,.F.)
B_SPLINE_CURVE_WITH_KNOTS((3,3),(0.,9.22021025810555),.UNSPECIFIED.)
CURVE()
GEOMETRIC_REPRESENTATION_ITEM()
RATIONAL_B_SPLINE_CURVE((1.,0.898318251300387,1.))
REPRESENTATION_ITEM('')
);
#5573=(
BOUNDED_CURVE()
B_SPLINE_CURVE(2,(#10388,#10389,#10390),.UNSPECIFIED.,.F.,.F.)
B_SPLINE_CURVE_WITH_KNOTS((3,3),(0.,9.22021025810555),.UNSPECIFIED.)
CURVE()
GEOMETRIC_REPRESENTATION_ITEM()
RATIONAL_B_SPLINE_CURVE((1.,0.898318251300387,1.))
REPRESENTATION_ITEM('')
);
#5574=(
BOUNDED_CURVE()
B_SPLINE_CURVE(2,(#10391,#10392,#10393),.UNSPECIFIED.,.F.,.F.)
B_SPLINE_CURVE_WITH_KNOTS((3,3),(0.,9.22021025810555),.UNSPECIFIED.)
CURVE()
GEOMETRIC_REPRESENTATION_ITEM()
RATIONAL_B_SPLINE_CURVE((1.,0.898318251300387,1.))
REPRESENTATION_ITEM('')
);
#5575=(
BOUNDED_CURVE()
B_SPLINE_CURVE(2,(#10394,#10395,#10396),.UNSPECIFIED.,.F.,.F.)
B_SPLINE_CURVE_WITH_KNOTS((3,3),(0.,9.22021025810555),.UNSPECIFIED.)
CURVE()
GEOMETRIC_REPRESENTATION_ITEM()
RATIONAL_B_SPLINE_CURVE((1.,0.898318251300386,1.))
REPRESENTATION_ITEM('')
);
#5576=(
BOUNDED_CURVE()
B_SPLINE_CURVE(2,(#10463,#10464,#10465),.UNSPECIFIED.,.F.,.F.)
B_SPLINE_CURVE_WITH_KNOTS((3,3),(0.,0.458126284064),.UNSPECIFIED.)
CURVE()
GEOMETRIC_REPRESENTATION_ITEM()
RATIONAL_B_SPLINE_CURVE((1.,0.707106781186547,1.))
REPRESENTATION_ITEM('')
);
#5577=(
BOUNDED_CURVE()
B_SPLINE_CURVE(2,(#10466,#10467,#10468,#10469,#10470),.UNSPECIFIED.,.F.,
 .F.)
B_SPLINE_CURVE_WITH_KNOTS((3,2,3),(0.,9.22021025810552,18.440420516211),
 .UNSPECIFIED.)
CURVE()
GEOMETRIC_REPRESENTATION_ITEM()
RATIONAL_B_SPLINE_CURVE((1.,0.898318251300389,1.,0.898318251300389,1.))
REPRESENTATION_ITEM('')
);
#5578=(
BOUNDED_CURVE()
B_SPLINE_CURVE(2,(#10471,#10472,#10473,#10474,#10475),.UNSPECIFIED.,.F.,
 .F.)
B_SPLINE_CURVE_WITH_KNOTS((3,2,3),(0.,9.22021025810552,18.440420516211),
 .UNSPECIFIED.)
CURVE()
GEOMETRIC_REPRESENTATION_ITEM()
RATIONAL_B_SPLINE_CURVE((1.,0.898318251300389,1.,0.898318251300389,1.))
REPRESENTATION_ITEM('')
);
#5579=(
BOUNDED_CURVE()
B_SPLINE_CURVE(2,(#10480,#10481,#10482),.UNSPECIFIED.,.F.,.F.)
B_SPLINE_CURVE_WITH_KNOTS((3,3),(-0.531126983721999,0.),.UNSPECIFIED.)
CURVE()
GEOMETRIC_REPRESENTATION_ITEM()
RATIONAL_B_SPLINE_CURVE((1.,0.707106781186547,1.))
REPRESENTATION_ITEM('')
);
#5580=(
BOUNDED_CURVE()
B_SPLINE_CURVE(2,(#10491,#10492,#10493),.UNSPECIFIED.,.F.,.F.)
B_SPLINE_CURVE_WITH_KNOTS((3,3),(0.,8.80249460217413),.UNSPECIFIED.)
CURVE()
GEOMETRIC_REPRESENTATION_ITEM()
RATIONAL_B_SPLINE_CURVE((1.,0.911023907886669,1.))
REPRESENTATION_ITEM('')
);
#5581=(
BOUNDED_CURVE()
B_SPLINE_CURVE(2,(#10494,#10495,#10496),.UNSPECIFIED.,.F.,.F.)
B_SPLINE_CURVE_WITH_KNOTS((3,3),(0.,0.345575191894878),.UNSPECIFIED.)
CURVE()
GEOMETRIC_REPRESENTATION_ITEM()
RATIONAL_B_SPLINE_CURVE((1.,0.707106781186546,1.))
REPRESENTATION_ITEM('')
);
#5582=(
BOUNDED_CURVE()
B_SPLINE_CURVE(2,(#10507,#10508,#10509),.UNSPECIFIED.,.F.,.F.)
B_SPLINE_CURVE_WITH_KNOTS((3,3),(-0.458126284064,0.),.UNSPECIFIED.)
CURVE()
GEOMETRIC_REPRESENTATION_ITEM()
RATIONAL_B_SPLINE_CURVE((1.,0.707106781186548,1.))
REPRESENTATION_ITEM('')
);
#5583=(
BOUNDED_CURVE()
B_SPLINE_CURVE(2,(#10510,#10511,#10512),.UNSPECIFIED.,.F.,.F.)
B_SPLINE_CURVE_WITH_KNOTS((3,3),(0.,0.458126284063999),.UNSPECIFIED.)
CURVE()
GEOMETRIC_REPRESENTATION_ITEM()
RATIONAL_B_SPLINE_CURVE((1.,0.707106781186547,1.))
REPRESENTATION_ITEM('')
);
#5584=(
BOUNDED_CURVE()
B_SPLINE_CURVE(2,(#10577,#10578,#10579),.UNSPECIFIED.,.F.,.F.)
B_SPLINE_CURVE_WITH_KNOTS((3,3),(-8.80249460217412,0.),.UNSPECIFIED.)
CURVE()
GEOMETRIC_REPRESENTATION_ITEM()
RATIONAL_B_SPLINE_CURVE((1.,0.91102390788667,1.))
REPRESENTATION_ITEM('')
);
#5585=(
BOUNDED_CURVE()
B_SPLINE_CURVE(2,(#10582,#10583,#10584),.UNSPECIFIED.,.F.,.F.)
B_SPLINE_CURVE_WITH_KNOTS((3,3),(0.,0.458126284063999),.UNSPECIFIED.)
CURVE()
GEOMETRIC_REPRESENTATION_ITEM()
RATIONAL_B_SPLINE_CURVE((1.,0.707106781186547,1.))
REPRESENTATION_ITEM('')
);
#5586=(
BOUNDED_CURVE()
B_SPLINE_CURVE(2,(#10695,#10696,#10697,#10698,#10699),.UNSPECIFIED.,.F.,
 .F.)
B_SPLINE_CURVE_WITH_KNOTS((3,2,3),(-17.6049892043484,-8.80249460217418,
0.),.UNSPECIFIED.)
CURVE()
GEOMETRIC_REPRESENTATION_ITEM()
RATIONAL_B_SPLINE_CURVE((1.,0.911023907886665,1.,0.911023907886665,1.))
REPRESENTATION_ITEM('')
);
#5587=(
BOUNDED_CURVE()
B_SPLINE_CURVE(2,(#10700,#10701,#10702),.UNSPECIFIED.,.F.,.F.)
B_SPLINE_CURVE_WITH_KNOTS((3,3),(-0.531126983721999,0.),.UNSPECIFIED.)
CURVE()
GEOMETRIC_REPRESENTATION_ITEM()
RATIONAL_B_SPLINE_CURVE((1.,0.707106781186547,1.))
REPRESENTATION_ITEM('')
);
#5588=(
BOUNDED_CURVE()
B_SPLINE_CURVE(2,(#10703,#10704,#10705),.UNSPECIFIED.,.F.,.F.)
B_SPLINE_CURVE_WITH_KNOTS((3,3),(0.,0.531126983721999),.UNSPECIFIED.)
CURVE()
GEOMETRIC_REPRESENTATION_ITEM()
RATIONAL_B_SPLINE_CURVE((1.,0.707106781186547,1.))
REPRESENTATION_ITEM('')
);
#5589=(
BOUNDED_CURVE()
B_SPLINE_CURVE(2,(#10706,#10707,#10708),.UNSPECIFIED.,.F.,.F.)
B_SPLINE_CURVE_WITH_KNOTS((3,3),(-0.531126983721999,0.),.UNSPECIFIED.)
CURVE()
GEOMETRIC_REPRESENTATION_ITEM()
RATIONAL_B_SPLINE_CURVE((1.,0.707106781186547,1.))
REPRESENTATION_ITEM('')
);
#5590=(
BOUNDED_CURVE()
B_SPLINE_CURVE(2,(#10715,#10716,#10717),.UNSPECIFIED.,.F.,.F.)
B_SPLINE_CURVE_WITH_KNOTS((3,3),(0.,0.531126983721999),.UNSPECIFIED.)
CURVE()
GEOMETRIC_REPRESENTATION_ITEM()
RATIONAL_B_SPLINE_CURVE((1.,0.707106781186548,1.))
REPRESENTATION_ITEM('')
);
#5591=(
BOUNDED_CURVE()
B_SPLINE_CURVE(2,(#10740,#10741,#10742),.UNSPECIFIED.,.F.,.F.)
B_SPLINE_CURVE_WITH_KNOTS((3,3),(0.,0.531126983721999),.UNSPECIFIED.)
CURVE()
GEOMETRIC_REPRESENTATION_ITEM()
RATIONAL_B_SPLINE_CURVE((1.,0.707106781186547,1.))
REPRESENTATION_ITEM('')
);
#5592=(
BOUNDED_CURVE()
B_SPLINE_CURVE(2,(#10745,#10746,#10747),.UNSPECIFIED.,.F.,.F.)
B_SPLINE_CURVE_WITH_KNOTS((3,3),(0.,0.531126983721999),.UNSPECIFIED.)
CURVE()
GEOMETRIC_REPRESENTATION_ITEM()
RATIONAL_B_SPLINE_CURVE((1.,0.707106781186548,1.))
REPRESENTATION_ITEM('')
);
#5593=(
BOUNDED_CURVE()
B_SPLINE_CURVE(2,(#10750,#10751,#10752),.UNSPECIFIED.,.F.,.F.)
B_SPLINE_CURVE_WITH_KNOTS((3,3),(-0.531126983721999,0.),.UNSPECIFIED.)
CURVE()
GEOMETRIC_REPRESENTATION_ITEM()
RATIONAL_B_SPLINE_CURVE((1.,0.707106781186548,1.))
REPRESENTATION_ITEM('')
);
#5594=(
BOUNDED_CURVE()
B_SPLINE_CURVE(2,(#10753,#10754,#10755),.UNSPECIFIED.,.F.,.F.)
B_SPLINE_CURVE_WITH_KNOTS((3,3),(0.,0.531126983721999),.UNSPECIFIED.)
CURVE()
GEOMETRIC_REPRESENTATION_ITEM()
RATIONAL_B_SPLINE_CURVE((1.,0.707106781186547,1.))
REPRESENTATION_ITEM('')
);
#5595=(
BOUNDED_CURVE()
B_SPLINE_CURVE(2,(#10758,#10759,#10760),.UNSPECIFIED.,.F.,.F.)
B_SPLINE_CURVE_WITH_KNOTS((3,3),(0.,0.531126983721999),.UNSPECIFIED.)
CURVE()
GEOMETRIC_REPRESENTATION_ITEM()
RATIONAL_B_SPLINE_CURVE((1.,0.707106781186548,1.))
REPRESENTATION_ITEM('')
);
#5596=(
BOUNDED_CURVE()
B_SPLINE_CURVE(2,(#10763,#10764,#10765),.UNSPECIFIED.,.F.,.F.)
B_SPLINE_CURVE_WITH_KNOTS((3,3),(-0.531126983721999,0.),.UNSPECIFIED.)
CURVE()
GEOMETRIC_REPRESENTATION_ITEM()
RATIONAL_B_SPLINE_CURVE((1.,0.707106781186547,1.))
REPRESENTATION_ITEM('')
);
#5597=(
BOUNDED_CURVE()
B_SPLINE_CURVE(2,(#10766,#10767,#10768),.UNSPECIFIED.,.F.,.F.)
B_SPLINE_CURVE_WITH_KNOTS((3,3),(0.,0.325547540725364),.UNSPECIFIED.)
CURVE()
GEOMETRIC_REPRESENTATION_ITEM()
RATIONAL_B_SPLINE_CURVE((1.,0.738548945872835,1.))
REPRESENTATION_ITEM('')
);
#5598=(
BOUNDED_CURVE()
B_SPLINE_CURVE(2,(#10771,#10772,#10773),.UNSPECIFIED.,.F.,.F.)
B_SPLINE_CURVE_WITH_KNOTS((3,3),(0.,0.325547540725364),.UNSPECIFIED.)
CURVE()
GEOMETRIC_REPRESENTATION_ITEM()
RATIONAL_B_SPLINE_CURVE((1.,0.738548945872833,1.))
REPRESENTATION_ITEM('')
);
#5599=(
BOUNDED_CURVE()
B_SPLINE_CURVE(2,(#10776,#10777,#10778),.UNSPECIFIED.,.F.,.F.)
B_SPLINE_CURVE_WITH_KNOTS((3,3),(-0.531126983721999,0.),.UNSPECIFIED.)
CURVE()
GEOMETRIC_REPRESENTATION_ITEM()
RATIONAL_B_SPLINE_CURVE((1.,0.707106781186548,1.))
REPRESENTATION_ITEM('')
);
#5600=(
BOUNDED_CURVE()
B_SPLINE_CURVE(2,(#10783,#10784,#10785),.UNSPECIFIED.,.F.,.F.)
B_SPLINE_CURVE_WITH_KNOTS((3,3),(-0.531126983721999,0.),.UNSPECIFIED.)
CURVE()
GEOMETRIC_REPRESENTATION_ITEM()
RATIONAL_B_SPLINE_CURVE((1.,0.707106781186548,1.))
REPRESENTATION_ITEM('')
);
#5601=(
BOUNDED_CURVE()
B_SPLINE_CURVE(2,(#10786,#10787,#10788),.UNSPECIFIED.,.F.,.F.)
B_SPLINE_CURVE_WITH_KNOTS((3,3),(0.,0.325547540726604),.UNSPECIFIED.)
CURVE()
GEOMETRIC_REPRESENTATION_ITEM()
RATIONAL_B_SPLINE_CURVE((1.,0.738548945875896,1.))
REPRESENTATION_ITEM('')
);
#5602=(
BOUNDED_CURVE()
B_SPLINE_CURVE(2,(#10791,#10792,#10793),.UNSPECIFIED.,.F.,.F.)
B_SPLINE_CURVE_WITH_KNOTS((3,3),(0.,0.325547540726604),.UNSPECIFIED.)
CURVE()
GEOMETRIC_REPRESENTATION_ITEM()
RATIONAL_B_SPLINE_CURVE((1.,0.738548945875892,1.))
REPRESENTATION_ITEM('')
);
#5603=(
BOUNDED_CURVE()
B_SPLINE_CURVE(2,(#10798,#10799,#10800),.UNSPECIFIED.,.F.,.F.)
B_SPLINE_CURVE_WITH_KNOTS((3,3),(-0.531126983721999,0.),.UNSPECIFIED.)
CURVE()
GEOMETRIC_REPRESENTATION_ITEM()
RATIONAL_B_SPLINE_CURVE((1.,0.707106781186548,1.))
REPRESENTATION_ITEM('')
);
#5604=(
BOUNDED_CURVE()
B_SPLINE_CURVE(2,(#10803,#10804,#10805),.UNSPECIFIED.,.F.,.F.)
B_SPLINE_CURVE_WITH_KNOTS((3,3),(-0.531126983721999,0.),.UNSPECIFIED.)
CURVE()
GEOMETRIC_REPRESENTATION_ITEM()
RATIONAL_B_SPLINE_CURVE((1.,0.707106781186547,1.))
REPRESENTATION_ITEM('')
);
#5605=(
BOUNDED_CURVE()
B_SPLINE_CURVE(2,(#10806,#10807,#10808),.UNSPECIFIED.,.F.,.F.)
B_SPLINE_CURVE_WITH_KNOTS((3,3),(-0.531126983721999,0.),.UNSPECIFIED.)
CURVE()
GEOMETRIC_REPRESENTATION_ITEM()
RATIONAL_B_SPLINE_CURVE((1.,0.707106781186548,1.))
REPRESENTATION_ITEM('')
);
#5606=(
BOUNDED_CURVE()
B_SPLINE_CURVE(2,(#10837,#10838,#10839),.UNSPECIFIED.,.F.,.F.)
B_SPLINE_CURVE_WITH_KNOTS((3,3),(0.,0.531126983721999),.UNSPECIFIED.)
CURVE()
GEOMETRIC_REPRESENTATION_ITEM()
RATIONAL_B_SPLINE_CURVE((1.,0.707106781186548,1.))
REPRESENTATION_ITEM('')
);
#5607=(
BOUNDED_CURVE()
B_SPLINE_CURVE(2,(#10840,#10841,#10842),.UNSPECIFIED.,.F.,.F.)
B_SPLINE_CURVE_WITH_KNOTS((3,3),(0.,0.531126983721999),.UNSPECIFIED.)
CURVE()
GEOMETRIC_REPRESENTATION_ITEM()
RATIONAL_B_SPLINE_CURVE((1.,0.707106781186547,1.))
REPRESENTATION_ITEM('')
);
#5608=(
BOUNDED_CURVE()
B_SPLINE_CURVE(2,(#10865,#10866,#10867),.UNSPECIFIED.,.F.,.F.)
B_SPLINE_CURVE_WITH_KNOTS((3,3),(-0.706858347057438,0.),.UNSPECIFIED.)
CURVE()
GEOMETRIC_REPRESENTATION_ITEM()
RATIONAL_B_SPLINE_CURVE((1.,0.707106781186183,1.))
REPRESENTATION_ITEM('')
);
#5609=(
BOUNDED_CURVE()
B_SPLINE_CURVE(2,(#10868,#10869,#10870),.UNSPECIFIED.,.F.,.F.)
B_SPLINE_CURVE_WITH_KNOTS((3,3),(0.,0.706858347057975),.UNSPECIFIED.)
CURVE()
GEOMETRIC_REPRESENTATION_ITEM()
RATIONAL_B_SPLINE_CURVE((1.,0.70710678118692,1.))
REPRESENTATION_ITEM('')
);
#5610=(
BOUNDED_CURVE()
B_SPLINE_CURVE(2,(#10873,#10874,#10875),.UNSPECIFIED.,.F.,.F.)
B_SPLINE_CURVE_WITH_KNOTS((3,3),(-0.706858347057438,0.),.UNSPECIFIED.)
CURVE()
GEOMETRIC_REPRESENTATION_ITEM()
RATIONAL_B_SPLINE_CURVE((1.,0.707106781186182,1.))
REPRESENTATION_ITEM('')
);
#5611=(
BOUNDED_CURVE()
B_SPLINE_CURVE(2,(#10878,#10879,#10880),.UNSPECIFIED.,.F.,.F.)
B_SPLINE_CURVE_WITH_KNOTS((3,3),(0.,0.706858347057974),.UNSPECIFIED.)
CURVE()
GEOMETRIC_REPRESENTATION_ITEM()
RATIONAL_B_SPLINE_CURVE((1.,0.70710678118692,1.))
REPRESENTATION_ITEM('')
);
#5612=(
BOUNDED_CURVE()
B_SPLINE_CURVE(2,(#10883,#10884,#10885),.UNSPECIFIED.,.F.,.F.)
B_SPLINE_CURVE_WITH_KNOTS((3,3),(-0.706858347057438,0.),.UNSPECIFIED.)
CURVE()
GEOMETRIC_REPRESENTATION_ITEM()
RATIONAL_B_SPLINE_CURVE((1.,0.707106781186183,1.))
REPRESENTATION_ITEM('')
);
#5613=(
BOUNDED_CURVE()
B_SPLINE_CURVE(2,(#10888,#10889,#10890),.UNSPECIFIED.,.F.,.F.)
B_SPLINE_CURVE_WITH_KNOTS((3,3),(0.,0.706858347057975),.UNSPECIFIED.)
CURVE()
GEOMETRIC_REPRESENTATION_ITEM()
RATIONAL_B_SPLINE_CURVE((1.,0.70710678118692,1.))
REPRESENTATION_ITEM('')
);
#5614=(
BOUNDED_CURVE()
B_SPLINE_CURVE(2,(#10891,#10892,#10893),.UNSPECIFIED.,.F.,.F.)
B_SPLINE_CURVE_WITH_KNOTS((3,3),(-0.706858347057439,0.),.UNSPECIFIED.)
CURVE()
GEOMETRIC_REPRESENTATION_ITEM()
RATIONAL_B_SPLINE_CURVE((1.,0.707106781186182,1.))
REPRESENTATION_ITEM('')
);
#5615=(
BOUNDED_CURVE()
B_SPLINE_CURVE(2,(#10896,#10897,#10898),.UNSPECIFIED.,.F.,.F.)
B_SPLINE_CURVE_WITH_KNOTS((3,3),(0.,0.706858347057974),.UNSPECIFIED.)
CURVE()
GEOMETRIC_REPRESENTATION_ITEM()
RATIONAL_B_SPLINE_CURVE((1.,0.707106781186921,1.))
REPRESENTATION_ITEM('')
);
#5616=(
BOUNDED_CURVE()
B_SPLINE_CURVE(2,(#10899,#10900,#10901),.UNSPECIFIED.,.F.,.F.)
B_SPLINE_CURVE_WITH_KNOTS((3,3),(0.,0.531126983721999),.UNSPECIFIED.)
CURVE()
GEOMETRIC_REPRESENTATION_ITEM()
RATIONAL_B_SPLINE_CURVE((1.,0.707106781186548,1.))
REPRESENTATION_ITEM('')
);
#5617=(
BOUNDED_CURVE()
B_SPLINE_CURVE(2,(#10902,#10903,#10904),.UNSPECIFIED.,.F.,.F.)
B_SPLINE_CURVE_WITH_KNOTS((3,3),(0.,0.531126983721999),.UNSPECIFIED.)
CURVE()
GEOMETRIC_REPRESENTATION_ITEM()
RATIONAL_B_SPLINE_CURVE((1.,0.707106781186547,1.))
REPRESENTATION_ITEM('')
);
#5618=(
BOUNDED_CURVE()
B_SPLINE_CURVE(2,(#10907,#10908,#10909),.UNSPECIFIED.,.F.,.F.)
B_SPLINE_CURVE_WITH_KNOTS((3,3),(0.,0.531126983721999),.UNSPECIFIED.)
CURVE()
GEOMETRIC_REPRESENTATION_ITEM()
RATIONAL_B_SPLINE_CURVE((1.,0.707106781186547,1.))
REPRESENTATION_ITEM('')
);
#5619=(
BOUNDED_CURVE()
B_SPLINE_CURVE(2,(#11141,#11142,#11143),.UNSPECIFIED.,.F.,.F.)
B_SPLINE_CURVE_WITH_KNOTS((3,3),(0.,0.0549778714378214),.UNSPECIFIED.)
CURVE()
GEOMETRIC_REPRESENTATION_ITEM()
RATIONAL_B_SPLINE_CURVE((1.,0.707106781186548,1.))
REPRESENTATION_ITEM('')
);
#5620=(
BOUNDED_CURVE()
B_SPLINE_CURVE(2,(#11146,#11147,#11148),.UNSPECIFIED.,.F.,.F.)
B_SPLINE_CURVE_WITH_KNOTS((3,3),(0.,0.0549778714378214),.UNSPECIFIED.)
CURVE()
GEOMETRIC_REPRESENTATION_ITEM()
RATIONAL_B_SPLINE_CURVE((1.,0.707106781186548,1.))
REPRESENTATION_ITEM('')
);
#5621=(
BOUNDED_CURVE()
B_SPLINE_CURVE(2,(#11207,#11208,#11209),.UNSPECIFIED.,.F.,.F.)
B_SPLINE_CURVE_WITH_KNOTS((3,3),(0.,0.0549778714378214),.UNSPECIFIED.)
CURVE()
GEOMETRIC_REPRESENTATION_ITEM()
RATIONAL_B_SPLINE_CURVE((1.,0.707106781186548,1.))
REPRESENTATION_ITEM('')
);
#5622=(
BOUNDED_CURVE()
B_SPLINE_CURVE(2,(#11212,#11213,#11214),.UNSPECIFIED.,.F.,.F.)
B_SPLINE_CURVE_WITH_KNOTS((3,3),(0.,0.0549778714378214),.UNSPECIFIED.)
CURVE()
GEOMETRIC_REPRESENTATION_ITEM()
RATIONAL_B_SPLINE_CURVE((1.,0.707106781186548,1.))
REPRESENTATION_ITEM('')
);
#5623=(
BOUNDED_CURVE()
B_SPLINE_CURVE(2,(#11261,#11262,#11263),.UNSPECIFIED.,.F.,.F.)
B_SPLINE_CURVE_WITH_KNOTS((3,3),(0.,0.0549778714378214),.UNSPECIFIED.)
CURVE()
GEOMETRIC_REPRESENTATION_ITEM()
RATIONAL_B_SPLINE_CURVE((1.,0.707106781186548,1.))
REPRESENTATION_ITEM('')
);
#5624=(
BOUNDED_CURVE()
B_SPLINE_CURVE(2,(#11264,#11265,#11266),.UNSPECIFIED.,.F.,.F.)
B_SPLINE_CURVE_WITH_KNOTS((3,3),(0.,0.0549778714378214),.UNSPECIFIED.)
CURVE()
GEOMETRIC_REPRESENTATION_ITEM()
RATIONAL_B_SPLINE_CURVE((1.,0.707106781186548,1.))
REPRESENTATION_ITEM('')
);
#5625=(
BOUNDED_CURVE()
B_SPLINE_CURVE(2,(#11273,#11274,#11275),.UNSPECIFIED.,.F.,.F.)
B_SPLINE_CURVE_WITH_KNOTS((3,3),(0.,0.0549778714378214),.UNSPECIFIED.)
CURVE()
GEOMETRIC_REPRESENTATION_ITEM()
RATIONAL_B_SPLINE_CURVE((1.,0.707106781186547,1.))
REPRESENTATION_ITEM('')
);
#5626=(
BOUNDED_CURVE()
B_SPLINE_CURVE(2,(#11276,#11277,#11278),.UNSPECIFIED.,.F.,.F.)
B_SPLINE_CURVE_WITH_KNOTS((3,3),(0.,0.0549778714378214),.UNSPECIFIED.)
CURVE()
GEOMETRIC_REPRESENTATION_ITEM()
RATIONAL_B_SPLINE_CURVE((1.,0.707106781186548,1.))
REPRESENTATION_ITEM('')
);
#5627=(
BOUNDED_CURVE()
B_SPLINE_CURVE(2,(#11279,#11280,#11281),.UNSPECIFIED.,.F.,.F.)
B_SPLINE_CURVE_WITH_KNOTS((3,3),(0.,0.0549778714378214),.UNSPECIFIED.)
CURVE()
GEOMETRIC_REPRESENTATION_ITEM()
RATIONAL_B_SPLINE_CURVE((1.,0.707106781186548,1.))
REPRESENTATION_ITEM('')
);
#5628=(
BOUNDED_CURVE()
B_SPLINE_CURVE(2,(#11282,#11283,#11284),.UNSPECIFIED.,.F.,.F.)
B_SPLINE_CURVE_WITH_KNOTS((3,3),(0.,0.0549778714378214),.UNSPECIFIED.)
CURVE()
GEOMETRIC_REPRESENTATION_ITEM()
RATIONAL_B_SPLINE_CURVE((1.,0.707106781186548,1.))
REPRESENTATION_ITEM('')
);
#5629=(
BOUNDED_CURVE()
B_SPLINE_CURVE(2,(#11297,#11298,#11299),.UNSPECIFIED.,.F.,.F.)
B_SPLINE_CURVE_WITH_KNOTS((3,3),(0.,0.0549778714378214),.UNSPECIFIED.)
CURVE()
GEOMETRIC_REPRESENTATION_ITEM()
RATIONAL_B_SPLINE_CURVE((1.,0.707106781186548,1.))
REPRESENTATION_ITEM('')
);
#5630=(
BOUNDED_CURVE()
B_SPLINE_CURVE(2,(#11302,#11303,#11304),.UNSPECIFIED.,.F.,.F.)
B_SPLINE_CURVE_WITH_KNOTS((3,3),(0.,0.0549778714378214),.UNSPECIFIED.)
CURVE()
GEOMETRIC_REPRESENTATION_ITEM()
RATIONAL_B_SPLINE_CURVE((1.,0.707106781186548,1.))
REPRESENTATION_ITEM('')
);
#5631=(
BOUNDED_CURVE()
B_SPLINE_CURVE(2,(#11331,#11332,#11333),.UNSPECIFIED.,.F.,.F.)
B_SPLINE_CURVE_WITH_KNOTS((3,3),(0.,0.0549778714378214),.UNSPECIFIED.)
CURVE()
GEOMETRIC_REPRESENTATION_ITEM()
RATIONAL_B_SPLINE_CURVE((1.,0.707106781186548,1.))
REPRESENTATION_ITEM('')
);
#5632=(
BOUNDED_CURVE()
B_SPLINE_CURVE(2,(#11334,#11335,#11336),.UNSPECIFIED.,.F.,.F.)
B_SPLINE_CURVE_WITH_KNOTS((3,3),(0.,0.0549778714378214),.UNSPECIFIED.)
CURVE()
GEOMETRIC_REPRESENTATION_ITEM()
RATIONAL_B_SPLINE_CURVE((1.,0.707106781186548,1.))
REPRESENTATION_ITEM('')
);
#5633=(
BOUNDED_CURVE()
B_SPLINE_CURVE(2,(#11343,#11344,#11345),.UNSPECIFIED.,.F.,.F.)
B_SPLINE_CURVE_WITH_KNOTS((3,3),(0.,0.0549778714378214),.UNSPECIFIED.)
CURVE()
GEOMETRIC_REPRESENTATION_ITEM()
RATIONAL_B_SPLINE_CURVE((1.,0.707106781186547,1.))
REPRESENTATION_ITEM('')
);
#5634=(
BOUNDED_CURVE()
B_SPLINE_CURVE(2,(#11348,#11349,#11350),.UNSPECIFIED.,.F.,.F.)
B_SPLINE_CURVE_WITH_KNOTS((3,3),(0.,0.0549778714378214),.UNSPECIFIED.)
CURVE()
GEOMETRIC_REPRESENTATION_ITEM()
RATIONAL_B_SPLINE_CURVE((1.,0.707106781186548,1.))
REPRESENTATION_ITEM('')
);
#5635=(
BOUNDED_CURVE()
B_SPLINE_CURVE(2,(#11458,#11459,#11460),.UNSPECIFIED.,.F.,.F.)
B_SPLINE_CURVE_WITH_KNOTS((3,3),(0.,0.0706858347057703),.UNSPECIFIED.)
CURVE()
GEOMETRIC_REPRESENTATION_ITEM()
RATIONAL_B_SPLINE_CURVE((1.,0.707106781186548,1.))
REPRESENTATION_ITEM('')
);
#5636=(
BOUNDED_CURVE()
B_SPLINE_CURVE(2,(#11463,#11464,#11465),.UNSPECIFIED.,.F.,.F.)
B_SPLINE_CURVE_WITH_KNOTS((3,3),(0.,0.0706858347057703),.UNSPECIFIED.)
CURVE()
GEOMETRIC_REPRESENTATION_ITEM()
RATIONAL_B_SPLINE_CURVE((1.,0.707106781186546,1.))
REPRESENTATION_ITEM('')
);
#5637=(
BOUNDED_CURVE()
B_SPLINE_CURVE(2,(#11466,#11467,#11468),.UNSPECIFIED.,.F.,.F.)
B_SPLINE_CURVE_WITH_KNOTS((3,3),(0.,0.0706858347057703),.UNSPECIFIED.)
CURVE()
GEOMETRIC_REPRESENTATION_ITEM()
RATIONAL_B_SPLINE_CURVE((1.,0.707106781186549,1.))
REPRESENTATION_ITEM('')
);
#5638=(
BOUNDED_CURVE()
B_SPLINE_CURVE(2,(#11471,#11472,#11473),.UNSPECIFIED.,.F.,.F.)
B_SPLINE_CURVE_WITH_KNOTS((3,3),(0.,0.0706858347057703),.UNSPECIFIED.)
CURVE()
GEOMETRIC_REPRESENTATION_ITEM()
RATIONAL_B_SPLINE_CURVE((1.,0.707106781186546,1.))
REPRESENTATION_ITEM('')
);
#5639=(
BOUNDED_CURVE()
B_SPLINE_CURVE(2,(#11486,#11487,#11488),.UNSPECIFIED.,.F.,.F.)
B_SPLINE_CURVE_WITH_KNOTS((3,3),(0.,0.0706858347057703),.UNSPECIFIED.)
CURVE()
GEOMETRIC_REPRESENTATION_ITEM()
RATIONAL_B_SPLINE_CURVE((1.,0.707106781186548,1.))
REPRESENTATION_ITEM('')
);
#5640=(
BOUNDED_CURVE()
B_SPLINE_CURVE(2,(#11489,#11490,#11491),.UNSPECIFIED.,.F.,.F.)
B_SPLINE_CURVE_WITH_KNOTS((3,3),(-0.0706858347057703,0.),.UNSPECIFIED.)
CURVE()
GEOMETRIC_REPRESENTATION_ITEM()
RATIONAL_B_SPLINE_CURVE((1.,0.707106781186548,1.))
REPRESENTATION_ITEM('')
);
#5641=(
BOUNDED_CURVE()
B_SPLINE_CURVE(2,(#11508,#11509,#11510),.UNSPECIFIED.,.F.,.F.)
B_SPLINE_CURVE_WITH_KNOTS((3,3),(-0.0706858347057703,0.),.UNSPECIFIED.)
CURVE()
GEOMETRIC_REPRESENTATION_ITEM()
RATIONAL_B_SPLINE_CURVE((1.,0.707106781186548,1.))
REPRESENTATION_ITEM('')
);
#5642=(
BOUNDED_CURVE()
B_SPLINE_CURVE(2,(#11511,#11512,#11513),.UNSPECIFIED.,.F.,.F.)
B_SPLINE_CURVE_WITH_KNOTS((3,3),(0.,0.0706858347057703),.UNSPECIFIED.)
CURVE()
GEOMETRIC_REPRESENTATION_ITEM()
RATIONAL_B_SPLINE_CURVE((1.,0.707106781186548,1.))
REPRESENTATION_ITEM('')
);
#5643=(
BOUNDED_CURVE()
B_SPLINE_CURVE(2,(#11552,#11553,#11554),.UNSPECIFIED.,.F.,.F.)
B_SPLINE_CURVE_WITH_KNOTS((3,3),(-0.0706858347057703,0.),.UNSPECIFIED.)
CURVE()
GEOMETRIC_REPRESENTATION_ITEM()
RATIONAL_B_SPLINE_CURVE((1.,0.707106781186548,1.))
REPRESENTATION_ITEM('')
);
#5644=(
BOUNDED_CURVE()
B_SPLINE_CURVE(2,(#11557,#11558,#11559),.UNSPECIFIED.,.F.,.F.)
B_SPLINE_CURVE_WITH_KNOTS((3,3),(0.,0.0706858347057703),.UNSPECIFIED.)
CURVE()
GEOMETRIC_REPRESENTATION_ITEM()
RATIONAL_B_SPLINE_CURVE((1.,0.707106781186548,1.))
REPRESENTATION_ITEM('')
);
#5645=(
BOUNDED_CURVE()
B_SPLINE_CURVE(2,(#11562,#11563,#11564),.UNSPECIFIED.,.F.,.F.)
B_SPLINE_CURVE_WITH_KNOTS((3,3),(0.,0.0706858347057703),.UNSPECIFIED.)
CURVE()
GEOMETRIC_REPRESENTATION_ITEM()
RATIONAL_B_SPLINE_CURVE((1.,0.707106781186548,1.))
REPRESENTATION_ITEM('')
);
#5646=(
BOUNDED_CURVE()
B_SPLINE_CURVE(2,(#11565,#11566,#11567),.UNSPECIFIED.,.F.,.F.)
B_SPLINE_CURVE_WITH_KNOTS((3,3),(-0.0706858347057703,0.),.UNSPECIFIED.)
CURVE()
GEOMETRIC_REPRESENTATION_ITEM()
RATIONAL_B_SPLINE_CURVE((1.,0.707106781186548,1.))
REPRESENTATION_ITEM('')
);
#5647=(
BOUNDED_CURVE()
B_SPLINE_CURVE(2,(#11572,#11573,#11574),.UNSPECIFIED.,.F.,.F.)
B_SPLINE_CURVE_WITH_KNOTS((3,3),(-0.0706858347057703,0.),.UNSPECIFIED.)
CURVE()
GEOMETRIC_REPRESENTATION_ITEM()
RATIONAL_B_SPLINE_CURVE((1.,0.707106781186546,1.))
REPRESENTATION_ITEM('')
);
#5648=(
BOUNDED_CURVE()
B_SPLINE_CURVE(2,(#11577,#11578,#11579),.UNSPECIFIED.,.F.,.F.)
B_SPLINE_CURVE_WITH_KNOTS((3,3),(0.,0.0706858347057703),.UNSPECIFIED.)
CURVE()
GEOMETRIC_REPRESENTATION_ITEM()
RATIONAL_B_SPLINE_CURVE((1.,0.707106781186546,1.))
REPRESENTATION_ITEM('')
);
#5649=(
BOUNDED_CURVE()
B_SPLINE_CURVE(2,(#11582,#11583,#11584),.UNSPECIFIED.,.F.,.F.)
B_SPLINE_CURVE_WITH_KNOTS((3,3),(0.,0.0706858347057703),.UNSPECIFIED.)
CURVE()
GEOMETRIC_REPRESENTATION_ITEM()
RATIONAL_B_SPLINE_CURVE((1.,0.707106781186548,1.))
REPRESENTATION_ITEM('')
);
#5650=(
BOUNDED_CURVE()
B_SPLINE_CURVE(2,(#11585,#11586,#11587),.UNSPECIFIED.,.F.,.F.)
B_SPLINE_CURVE_WITH_KNOTS((3,3),(-0.0706858347057703,0.),.UNSPECIFIED.)
CURVE()
GEOMETRIC_REPRESENTATION_ITEM()
RATIONAL_B_SPLINE_CURVE((1.,0.707106781186548,1.))
REPRESENTATION_ITEM('')
);
#5651=(
BOUNDED_CURVE()
B_SPLINE_CURVE(2,(#11635,#11636,#11637,#11638,#11639),.UNSPECIFIED.,.F.,
 .F.)
B_SPLINE_CURVE_WITH_KNOTS((3,2,3),(0.,0.997455951721586,1.99491190344317),
 .UNSPECIFIED.)
CURVE()
GEOMETRIC_REPRESENTATION_ITEM()
RATIONAL_B_SPLINE_CURVE((1.,0.923879332981873,1.,0.923879332981873,1.))
REPRESENTATION_ITEM('')
);
#5652=(
BOUNDED_CURVE()
B_SPLINE_CURVE(2,(#11642,#11643,#11644,#11645,#11646),.UNSPECIFIED.,.F.,
 .F.)
B_SPLINE_CURVE_WITH_KNOTS((3,2,3),(0.,0.997455951721586,1.99491190344317),
 .UNSPECIFIED.)
CURVE()
GEOMETRIC_REPRESENTATION_ITEM()
RATIONAL_B_SPLINE_CURVE((1.,0.923879332981875,1.,0.923879332981875,1.))
REPRESENTATION_ITEM('')
);
#5653=(
BOUNDED_CURVE()
B_SPLINE_CURVE(2,(#11669,#11670,#11671,#11672,#11673),.UNSPECIFIED.,.F.,
 .F.)
B_SPLINE_CURVE_WITH_KNOTS((3,2,3),(-1.99491190344747,-0.997455951723732,
0.),.UNSPECIFIED.)
CURVE()
GEOMETRIC_REPRESENTATION_ITEM()
RATIONAL_B_SPLINE_CURVE((1.,0.923879332980368,1.,0.923879332980368,1.))
REPRESENTATION_ITEM('')
);
#5654=(
BOUNDED_CURVE()
B_SPLINE_CURVE(2,(#11674,#11675,#11676,#11677,#11678),.UNSPECIFIED.,.F.,
 .F.)
B_SPLINE_CURVE_WITH_KNOTS((3,2,3),(0.,0.997455951723733,1.99491190344747),
 .UNSPECIFIED.)
CURVE()
GEOMETRIC_REPRESENTATION_ITEM()
RATIONAL_B_SPLINE_CURVE((1.,0.923879332980368,1.,0.923879332980368,1.))
REPRESENTATION_ITEM('')
);
#5655=(
BOUNDED_CURVE()
B_SPLINE_CURVE(2,(#11679,#11680,#11681),.UNSPECIFIED.,.F.,.F.)
B_SPLINE_CURVE_WITH_KNOTS((3,3),(-7.97964468296413,0.),.UNSPECIFIED.)
CURVE()
GEOMETRIC_REPRESENTATION_ITEM()
RATIONAL_B_SPLINE_CURVE((1.,0.707106994306938,1.))
REPRESENTATION_ITEM('')
);
#5656=(
BOUNDED_CURVE()
B_SPLINE_CURVE(2,(#11684,#11685,#11686),.UNSPECIFIED.,.F.,.F.)
B_SPLINE_CURVE_WITH_KNOTS((3,3),(0.,7.97964468296413),.UNSPECIFIED.)
CURVE()
GEOMETRIC_REPRESENTATION_ITEM()
RATIONAL_B_SPLINE_CURVE((1.,0.707106994306938,1.))
REPRESENTATION_ITEM('')
);
#5657=(
BOUNDED_CURVE()
B_SPLINE_CURVE(2,(#11691,#11692,#11693),.UNSPECIFIED.,.F.,.F.)
B_SPLINE_CURVE_WITH_KNOTS((3,3),(-7.97964468296845,0.),.UNSPECIFIED.)
CURVE()
GEOMETRIC_REPRESENTATION_ITEM()
RATIONAL_B_SPLINE_CURVE((1.,0.707106994305541,1.))
REPRESENTATION_ITEM('')
);
#5658=(
BOUNDED_CURVE()
B_SPLINE_CURVE(2,(#11694,#11695,#11696),.UNSPECIFIED.,.F.,.F.)
B_SPLINE_CURVE_WITH_KNOTS((3,3),(0.,7.97964468296845),.UNSPECIFIED.)
CURVE()
GEOMETRIC_REPRESENTATION_ITEM()
RATIONAL_B_SPLINE_CURVE((1.,0.707106994305541,1.))
REPRESENTATION_ITEM('')
);
#5659=(
BOUNDED_CURVE()
B_SPLINE_CURVE(2,(#11697,#11698,#11699,#11700,#11701,#11702,#11703,#11704,
#11705),.UNSPECIFIED.,.T.,.F.)
B_SPLINE_CURVE_WITH_KNOTS((3,2,2,2,3),(-7.85398163397448,-5.89048622548086,
-3.92699081698724,-1.96349540849362,0.),.UNSPECIFIED.)
CURVE()
GEOMETRIC_REPRESENTATION_ITEM()
RATIONAL_B_SPLINE_CURVE((1.,0.707106781186548,1.,0.707106781186548,1.,0.707106781186548,
1.,0.707106781186548,1.))
REPRESENTATION_ITEM('')
);
#5660=(
BOUNDED_CURVE()
B_SPLINE_CURVE(2,(#11706,#11707,#11708,#11709,#11710,#11711,#11712,#11713,
#11714),.UNSPECIFIED.,.T.,.F.)
B_SPLINE_CURVE_WITH_KNOTS((3,2,2,2,3),(0.,1.96349540849362,3.92699081698724,
5.89048622548086,7.85398163397448),.UNSPECIFIED.)
CURVE()
GEOMETRIC_REPRESENTATION_ITEM()
RATIONAL_B_SPLINE_CURVE((1.,0.707106781186548,1.,0.707106781186548,1.,0.707106781186548,
1.,0.707106781186548,1.))
REPRESENTATION_ITEM('')
);
#5661=(
BOUNDED_CURVE()
B_SPLINE_CURVE(2,(#11717,#11718,#11719,#11720,#11721,#11722,#11723,#11724,
#11725),.UNSPECIFIED.,.T.,.F.)
B_SPLINE_CURVE_WITH_KNOTS((3,2,2,2,3),(-2.35619449019234,-1.76714586764426,
-1.17809724509617,-0.589048622548086,0.),.UNSPECIFIED.)
CURVE()
GEOMETRIC_REPRESENTATION_ITEM()
RATIONAL_B_SPLINE_CURVE((1.,0.707106781186548,1.,0.707106781186548,1.,0.707106781186548,
1.,0.707106781186548,1.))
REPRESENTATION_ITEM('')
);
#5662=(
BOUNDED_CURVE()
B_SPLINE_CURVE(2,(#11726,#11727,#11728,#11729,#11730,#11731,#11732,#11733,
#11734),.UNSPECIFIED.,.T.,.F.)
B_SPLINE_CURVE_WITH_KNOTS((3,2,2,2,3),(0.,0.589048622548086,1.17809724509617,
1.76714586764426,2.35619449019234),.UNSPECIFIED.)
CURVE()
GEOMETRIC_REPRESENTATION_ITEM()
RATIONAL_B_SPLINE_CURVE((1.,0.707106781186548,1.,0.707106781186548,1.,0.707106781186548,
1.,0.707106781186548,1.))
REPRESENTATION_ITEM('')
);
#5663=(
BOUNDED_CURVE()
B_SPLINE_CURVE(2,(#11737,#11738,#11739,#11740,#11741,#11742,#11743,#11744,
#11745),.UNSPECIFIED.,.T.,.F.)
B_SPLINE_CURVE_WITH_KNOTS((3,2,2,2,3),(-2.35619449019234,-1.76714586764426,
-1.17809724509617,-0.589048622548086,0.),.UNSPECIFIED.)
CURVE()
GEOMETRIC_REPRESENTATION_ITEM()
RATIONAL_B_SPLINE_CURVE((1.,0.707106781186548,1.,0.707106781186548,1.,0.707106781186548,
1.,0.707106781186548,1.))
REPRESENTATION_ITEM('')
);
#5664=(
BOUNDED_CURVE()
B_SPLINE_CURVE(2,(#11746,#11747,#11748,#11749,#11750,#11751,#11752,#11753,
#11754),.UNSPECIFIED.,.T.,.F.)
B_SPLINE_CURVE_WITH_KNOTS((3,2,2,2,3),(0.,0.589048622548086,1.17809724509617,
1.76714586764426,2.35619449019234),.UNSPECIFIED.)
CURVE()
GEOMETRIC_REPRESENTATION_ITEM()
RATIONAL_B_SPLINE_CURVE((1.,0.707106781186548,1.,0.707106781186548,1.,0.707106781186548,
1.,0.707106781186548,1.))
REPRESENTATION_ITEM('')
);
#5665=(
BOUNDED_CURVE()
B_SPLINE_CURVE(2,(#11757,#11758,#11759,#11760,#11761,#11762,#11763,#11764,
#11765),.UNSPECIFIED.,.T.,.F.)
B_SPLINE_CURVE_WITH_KNOTS((3,2,2,2,3),(-7.85398163397448,-5.89048622548086,
-3.92699081698724,-1.96349540849362,0.),.UNSPECIFIED.)
CURVE()
GEOMETRIC_REPRESENTATION_ITEM()
RATIONAL_B_SPLINE_CURVE((1.,0.707106781186548,1.,0.707106781186548,1.,0.707106781186548,
1.,0.707106781186548,1.))
REPRESENTATION_ITEM('')
);
#5666=(
BOUNDED_CURVE()
B_SPLINE_CURVE(2,(#11766,#11767,#11768,#11769,#11770,#11771,#11772,#11773,
#11774),.UNSPECIFIED.,.T.,.F.)
B_SPLINE_CURVE_WITH_KNOTS((3,2,2,2,3),(0.,1.96349540849362,3.92699081698724,
5.89048622548086,7.85398163397448),.UNSPECIFIED.)
CURVE()
GEOMETRIC_REPRESENTATION_ITEM()
RATIONAL_B_SPLINE_CURVE((1.,0.707106781186548,1.,0.707106781186548,1.,0.707106781186548,
1.,0.707106781186548,1.))
REPRESENTATION_ITEM('')
);
#5667=(
BOUNDED_CURVE()
B_SPLINE_CURVE(2,(#11788,#11789,#11790,#11791,#11792,#11793,#11794,#11795,
#11796),.UNSPECIFIED.,.T.,.F.)
B_SPLINE_CURVE_WITH_KNOTS((3,2,2,2,3),(0.,4.71238898038469,9.42477796076938,
14.1371669411541,18.8495559215388),.UNSPECIFIED.)
CURVE()
GEOMETRIC_REPRESENTATION_ITEM()
RATIONAL_B_SPLINE_CURVE((1.,0.707106781186548,1.,0.707106781186548,1.,0.707106781186548,
1.,0.707106781186548,1.))
REPRESENTATION_ITEM('')
);
#5668=(
BOUNDED_CURVE()
B_SPLINE_CURVE(1,(#11797,#11798),.UNSPECIFIED.,.F.,.F.)
B_SPLINE_CURVE_WITH_KNOTS((2,2),(0.,3.),.UNSPECIFIED.)
CURVE()
GEOMETRIC_REPRESENTATION_ITEM()
RATIONAL_B_SPLINE_CURVE((1.,1.))
REPRESENTATION_ITEM('')
);
#5669=(
BOUNDED_CURVE()
B_SPLINE_CURVE(2,(#11799,#11800,#11801,#11802,#11803,#11804,#11805,#11806,
#11807),.UNSPECIFIED.,.T.,.F.)
B_SPLINE_CURVE_WITH_KNOTS((3,2,2,2,3),(0.,4.71238898038469,9.42477796076938,
14.1371669411541,18.8495559215388),.UNSPECIFIED.)
CURVE()
GEOMETRIC_REPRESENTATION_ITEM()
RATIONAL_B_SPLINE_CURVE((1.,0.707106781186548,1.,0.707106781186548,1.,0.707106781186548,
1.,0.707106781186548,1.))
REPRESENTATION_ITEM('')
);
#5670=(
BOUNDED_CURVE()
B_SPLINE_CURVE(2,(#11808,#11809,#11810,#11811,#11812,#11813,#11814,#11815,
#11816),.UNSPECIFIED.,.T.,.F.)
B_SPLINE_CURVE_WITH_KNOTS((3,2,2,2,3),(18.8495559215388,21.6769893097696,
24.5044226980004,27.3318560862312,30.159289474462),.UNSPECIFIED.)
CURVE()
GEOMETRIC_REPRESENTATION_ITEM()
RATIONAL_B_SPLINE_CURVE((1.,0.707106781186548,1.,0.707106781186548,1.,0.707106781186548,
1.,0.707106781186548,1.))
REPRESENTATION_ITEM('')
);
#5671=(
BOUNDED_CURVE()
B_SPLINE_CURVE(1,(#11817,#11818),.UNSPECIFIED.,.F.,.F.)
B_SPLINE_CURVE_WITH_KNOTS((2,2),(0.,3.),.UNSPECIFIED.)
CURVE()
GEOMETRIC_REPRESENTATION_ITEM()
RATIONAL_B_SPLINE_CURVE((1.,1.))
REPRESENTATION_ITEM('')
);
#5672=(
BOUNDED_CURVE()
B_SPLINE_CURVE(2,(#11819,#11820,#11821,#11822,#11823,#11824,#11825,#11826,
#11827),.UNSPECIFIED.,.T.,.F.)
B_SPLINE_CURVE_WITH_KNOTS((3,2,2,2,3),(18.8495559215388,21.6769893097696,
24.5044226980004,27.3318560862312,30.159289474462),.UNSPECIFIED.)
CURVE()
GEOMETRIC_REPRESENTATION_ITEM()
RATIONAL_B_SPLINE_CURVE((1.,0.707106781186548,1.,0.707106781186548,1.,0.707106781186548,
1.,0.707106781186548,1.))
REPRESENTATION_ITEM('')
);
#5673=VERTEX_POINT('',#8200);
#5674=VERTEX_POINT('',#8201);
#5675=VERTEX_POINT('',#8202);
#5676=VERTEX_POINT('',#8203);
#5677=VERTEX_POINT('',#8204);
#5678=VERTEX_POINT('',#8205);
#5679=VERTEX_POINT('',#8206);
#5680=VERTEX_POINT('',#8207);
#5681=VERTEX_POINT('',#8208);
#5682=VERTEX_POINT('',#8209);
#5683=VERTEX_POINT('',#8210);
#5684=VERTEX_POINT('',#8211);
#5685=VERTEX_POINT('',#8212);
#5686=VERTEX_POINT('',#8213);
#5687=VERTEX_POINT('',#8214);
#5688=VERTEX_POINT('',#8215);
#5689=VERTEX_POINT('',#8216);
#5690=VERTEX_POINT('',#8217);
#5691=VERTEX_POINT('',#8218);
#5692=VERTEX_POINT('',#8219);
#5693=VERTEX_POINT('',#8220);
#5694=VERTEX_POINT('',#8221);
#5695=VERTEX_POINT('',#8222);
#5696=VERTEX_POINT('',#8223);
#5697=VERTEX_POINT('',#8224);
#5698=VERTEX_POINT('',#8225);
#5699=VERTEX_POINT('',#8226);
#5700=VERTEX_POINT('',#8227);
#5701=VERTEX_POINT('',#8228);
#5702=VERTEX_POINT('',#8229);
#5703=VERTEX_POINT('',#8230);
#5704=VERTEX_POINT('',#8231);
#5705=VERTEX_POINT('',#8232);
#5706=VERTEX_POINT('',#8233);
#5707=VERTEX_POINT('',#8234);
#5708=VERTEX_POINT('',#8235);
#5709=VERTEX_POINT('',#8236);
#5710=VERTEX_POINT('',#8237);
#5711=VERTEX_POINT('',#8238);
#5712=VERTEX_POINT('',#8239);
#5713=VERTEX_POINT('',#8240);
#5714=VERTEX_POINT('',#8241);
#5715=VERTEX_POINT('',#8242);
#5716=VERTEX_POINT('',#8243);
#5717=VERTEX_POINT('',#8244);
#5718=VERTEX_POINT('',#8245);
#5719=VERTEX_POINT('',#8246);
#5720=VERTEX_POINT('',#8247);
#5721=VERTEX_POINT('',#8248);
#5722=VERTEX_POINT('',#8249);
#5723=VERTEX_POINT('',#8250);
#5724=VERTEX_POINT('',#8251);
#5725=VERTEX_POINT('',#8252);
#5726=VERTEX_POINT('',#8253);
#5727=VERTEX_POINT('',#8254);
#5728=VERTEX_POINT('',#8255);
#5729=VERTEX_POINT('',#8256);
#5730=VERTEX_POINT('',#8257);
#5731=VERTEX_POINT('',#8258);
#5732=VERTEX_POINT('',#8259);
#5733=VERTEX_POINT('',#8260);
#5734=VERTEX_POINT('',#8261);
#5735=VERTEX_POINT('',#8262);
#5736=VERTEX_POINT('',#8263);
#5737=VERTEX_POINT('',#8264);
#5738=VERTEX_POINT('',#8265);
#5739=VERTEX_POINT('',#8266);
#5740=VERTEX_POINT('',#8267);
#5741=VERTEX_POINT('',#8268);
#5742=VERTEX_POINT('',#8269);
#5743=VERTEX_POINT('',#8270);
#5744=VERTEX_POINT('',#8271);
#5745=VERTEX_POINT('',#8272);
#5746=VERTEX_POINT('',#8273);
#5747=VERTEX_POINT('',#8274);
#5748=VERTEX_POINT('',#8275);
#5749=VERTEX_POINT('',#8276);
#5750=VERTEX_POINT('',#8277);
#5751=VERTEX_POINT('',#8278);
#5752=VERTEX_POINT('',#8279);
#5753=VERTEX_POINT('',#8280);
#5754=VERTEX_POINT('',#8281);
#5755=VERTEX_POINT('',#8282);
#5756=VERTEX_POINT('',#8283);
#5757=VERTEX_POINT('',#8284);
#5758=VERTEX_POINT('',#8285);
#5759=VERTEX_POINT('',#8286);
#5760=VERTEX_POINT('',#8287);
#5761=VERTEX_POINT('',#8288);
#5762=VERTEX_POINT('',#8289);
#5763=VERTEX_POINT('',#8290);
#5764=VERTEX_POINT('',#8291);
#5765=VERTEX_POINT('',#8292);
#5766=VERTEX_POINT('',#8293);
#5767=VERTEX_POINT('',#8294);
#5768=VERTEX_POINT('',#8295);
#5769=VERTEX_POINT('',#8296);
#5770=VERTEX_POINT('',#8297);
#5771=VERTEX_POINT('',#8298);
#5772=VERTEX_POINT('',#8299);
#5773=VERTEX_POINT('',#8300);
#5774=VERTEX_POINT('',#8301);
#5775=VERTEX_POINT('',#8302);
#5776=VERTEX_POINT('',#8303);
#5777=VERTEX_POINT('',#8304);
#5778=VERTEX_POINT('',#8305);
#5779=VERTEX_POINT('',#8306);
#5780=VERTEX_POINT('',#8307);
#5781=VERTEX_POINT('',#8308);
#5782=VERTEX_POINT('',#8309);
#5783=VERTEX_POINT('',#8310);
#5784=VERTEX_POINT('',#8311);
#5785=VERTEX_POINT('',#8312);
#5786=VERTEX_POINT('',#8313);
#5787=VERTEX_POINT('',#8314);
#5788=VERTEX_POINT('',#8315);
#5789=VERTEX_POINT('',#8316);
#5790=VERTEX_POINT('',#8317);
#5791=VERTEX_POINT('',#8318);
#5792=VERTEX_POINT('',#8319);
#5793=VERTEX_POINT('',#8320);
#5794=VERTEX_POINT('',#8321);
#5795=VERTEX_POINT('',#8322);
#5796=VERTEX_POINT('',#8323);
#5797=VERTEX_POINT('',#8324);
#5798=VERTEX_POINT('',#8325);
#5799=VERTEX_POINT('',#8326);
#5800=VERTEX_POINT('',#8327);
#5801=VERTEX_POINT('',#8328);
#5802=VERTEX_POINT('',#8329);
#5803=VERTEX_POINT('',#8330);
#5804=VERTEX_POINT('',#8331);
#5805=VERTEX_POINT('',#8332);
#5806=VERTEX_POINT('',#8333);
#5807=VERTEX_POINT('',#8334);
#5808=VERTEX_POINT('',#8335);
#5809=VERTEX_POINT('',#8336);
#5810=VERTEX_POINT('',#8337);
#5811=VERTEX_POINT('',#8338);
#5812=VERTEX_POINT('',#8339);
#5813=VERTEX_POINT('',#9278);
#5814=VERTEX_POINT('',#9279);
#5815=VERTEX_POINT('',#9280);
#5816=VERTEX_POINT('',#9281);
#5817=VERTEX_POINT('',#9282);
#5818=VERTEX_POINT('',#9283);
#5819=VERTEX_POINT('',#9284);
#5820=VERTEX_POINT('',#9285);
#5821=VERTEX_POINT('',#9286);
#5822=VERTEX_POINT('',#9287);
#5823=VERTEX_POINT('',#9288);
#5824=VERTEX_POINT('',#9289);
#5825=VERTEX_POINT('',#9290);
#5826=VERTEX_POINT('',#9291);
#5827=VERTEX_POINT('',#9292);
#5828=VERTEX_POINT('',#9293);
#5829=VERTEX_POINT('',#9294);
#5830=VERTEX_POINT('',#9295);
#5831=VERTEX_POINT('',#9296);
#5832=VERTEX_POINT('',#9297);
#5833=VERTEX_POINT('',#9448);
#5834=VERTEX_POINT('',#9449);
#5835=VERTEX_POINT('',#9450);
#5836=VERTEX_POINT('',#9451);
#5837=VERTEX_POINT('',#9452);
#5838=VERTEX_POINT('',#9453);
#5839=VERTEX_POINT('',#9454);
#5840=VERTEX_POINT('',#9455);
#5841=VERTEX_POINT('',#9456);
#5842=VERTEX_POINT('',#9457);
#5843=VERTEX_POINT('',#9595);
#5844=VERTEX_POINT('',#9596);
#5845=VERTEX_POINT('',#9597);
#5846=VERTEX_POINT('',#9598);
#5847=VERTEX_POINT('',#9599);
#5848=VERTEX_POINT('',#9600);
#5849=VERTEX_POINT('',#9601);
#5850=VERTEX_POINT('',#9602);
#5851=VERTEX_POINT('',#9603);
#5852=VERTEX_POINT('',#9604);
#5853=VERTEX_POINT('',#9605);
#5854=VERTEX_POINT('',#9606);
#5855=VERTEX_POINT('',#9607);
#5856=VERTEX_POINT('',#9608);
#5857=VERTEX_POINT('',#9609);
#5858=VERTEX_POINT('',#9610);
#5859=VERTEX_POINT('',#9611);
#5860=VERTEX_POINT('',#9612);
#5861=VERTEX_POINT('',#9613);
#5862=VERTEX_POINT('',#9614);
#5863=VERTEX_POINT('',#9615);
#5864=VERTEX_POINT('',#9616);
#5865=VERTEX_POINT('',#9617);
#5866=VERTEX_POINT('',#9618);
#5867=VERTEX_POINT('',#9619);
#5868=VERTEX_POINT('',#9620);
#5869=VERTEX_POINT('',#9621);
#5870=VERTEX_POINT('',#9622);
#5871=VERTEX_POINT('',#9623);
#5872=VERTEX_POINT('',#9624);
#5873=VERTEX_POINT('',#9625);
#5874=VERTEX_POINT('',#9626);
#5875=VERTEX_POINT('',#9627);
#5876=VERTEX_POINT('',#9628);
#5877=VERTEX_POINT('',#9629);
#5878=VERTEX_POINT('',#9630);
#5879=VERTEX_POINT('',#9803);
#5880=VERTEX_POINT('',#9804);
#5881=VERTEX_POINT('',#9805);
#5882=VERTEX_POINT('',#9806);
#5883=VERTEX_POINT('',#10183);
#5884=VERTEX_POINT('',#10184);
#5885=VERTEX_POINT('',#10185);
#5886=VERTEX_POINT('',#10186);
#5887=VERTEX_POINT('',#10187);
#5888=VERTEX_POINT('',#10188);
#5889=VERTEX_POINT('',#10189);
#5890=VERTEX_POINT('',#10190);
#5891=VERTEX_POINT('',#10191);
#5892=VERTEX_POINT('',#10192);
#5893=VERTEX_POINT('',#10193);
#5894=VERTEX_POINT('',#10194);
#5895=VERTEX_POINT('',#10195);
#5896=VERTEX_POINT('',#10196);
#5897=VERTEX_POINT('',#10197);
#5898=VERTEX_POINT('',#10198);
#5899=VERTEX_POINT('',#10199);
#5900=VERTEX_POINT('',#10200);
#5901=VERTEX_POINT('',#10201);
#5902=VERTEX_POINT('',#10202);
#5903=VERTEX_POINT('',#10203);
#5904=VERTEX_POINT('',#10204);
#5905=VERTEX_POINT('',#10205);
#5906=VERTEX_POINT('',#10206);
#5907=VERTEX_POINT('',#10207);
#5908=VERTEX_POINT('',#10208);
#5909=VERTEX_POINT('',#10209);
#5910=VERTEX_POINT('',#10210);
#5911=VERTEX_POINT('',#10211);
#5912=VERTEX_POINT('',#10212);
#5913=VERTEX_POINT('',#10213);
#5914=VERTEX_POINT('',#10214);
#5915=VERTEX_POINT('',#10215);
#5916=VERTEX_POINT('',#10216);
#5917=VERTEX_POINT('',#10217);
#5918=VERTEX_POINT('',#10218);
#5919=VERTEX_POINT('',#10219);
#5920=VERTEX_POINT('',#10220);
#5921=VERTEX_POINT('',#10221);
#5922=VERTEX_POINT('',#10222);
#5923=VERTEX_POINT('',#10223);
#5924=VERTEX_POINT('',#10224);
#5925=VERTEX_POINT('',#10225);
#5926=VERTEX_POINT('',#10226);
#5927=VERTEX_POINT('',#10227);
#5928=VERTEX_POINT('',#10228);
#5929=VERTEX_POINT('',#10229);
#5930=VERTEX_POINT('',#10230);
#5931=VERTEX_POINT('',#10231);
#5932=VERTEX_POINT('',#10232);
#5933=VERTEX_POINT('',#10233);
#5934=VERTEX_POINT('',#10234);
#5935=VERTEX_POINT('',#10235);
#5936=VERTEX_POINT('',#10236);
#5937=VERTEX_POINT('',#10237);
#5938=VERTEX_POINT('',#10238);
#5939=VERTEX_POINT('',#10239);
#5940=VERTEX_POINT('',#10240);
#5941=VERTEX_POINT('',#10241);
#5942=VERTEX_POINT('',#10242);
#5943=VERTEX_POINT('',#10243);
#5944=VERTEX_POINT('',#10244);
#5945=VERTEX_POINT('',#10245);
#5946=VERTEX_POINT('',#10246);
#5947=VERTEX_POINT('',#10247);
#5948=VERTEX_POINT('',#10248);
#5949=VERTEX_POINT('',#10249);
#5950=VERTEX_POINT('',#10250);
#5951=VERTEX_POINT('',#10251);
#5952=VERTEX_POINT('',#10252);
#5953=VERTEX_POINT('',#10253);
#5954=VERTEX_POINT('',#10254);
#5955=VERTEX_POINT('',#10255);
#5956=VERTEX_POINT('',#10256);
#5957=VERTEX_POINT('',#10257);
#5958=VERTEX_POINT('',#10258);
#5959=VERTEX_POINT('',#10259);
#5960=VERTEX_POINT('',#10260);
#5961=VERTEX_POINT('',#10261);
#5962=VERTEX_POINT('',#10262);
#5963=VERTEX_POINT('',#10263);
#5964=VERTEX_POINT('',#10264);
#5965=VERTEX_POINT('',#10265);
#5966=VERTEX_POINT('',#10266);
#5967=VERTEX_POINT('',#10267);
#5968=VERTEX_POINT('',#10268);
#5969=VERTEX_POINT('',#10269);
#5970=VERTEX_POINT('',#10270);
#5971=VERTEX_POINT('',#10271);
#5972=VERTEX_POINT('',#10272);
#5973=VERTEX_POINT('',#10273);
#5974=VERTEX_POINT('',#10274);
#5975=VERTEX_POINT('',#10275);
#5976=VERTEX_POINT('',#10276);
#5977=VERTEX_POINT('',#10277);
#5978=VERTEX_POINT('',#10278);
#5979=VERTEX_POINT('',#10279);
#5980=VERTEX_POINT('',#10280);
#5981=VERTEX_POINT('',#10281);
#5982=VERTEX_POINT('',#10282);
#5983=VERTEX_POINT('',#10283);
#5984=VERTEX_POINT('',#10284);
#5985=VERTEX_POINT('',#10285);
#5986=VERTEX_POINT('',#10286);
#5987=VERTEX_POINT('',#10287);
#5988=VERTEX_POINT('',#10288);
#5989=VERTEX_POINT('',#10289);
#5990=VERTEX_POINT('',#10290);
#5991=VERTEX_POINT('',#10291);
#5992=VERTEX_POINT('',#10292);
#5993=VERTEX_POINT('',#10293);
#5994=VERTEX_POINT('',#10294);
#5995=VERTEX_POINT('',#10295);
#5996=VERTEX_POINT('',#10296);
#5997=VERTEX_POINT('',#10297);
#5998=VERTEX_POINT('',#10298);
#5999=VERTEX_POINT('',#10299);
#6000=VERTEX_POINT('',#10300);
#6001=VERTEX_POINT('',#10301);
#6002=VERTEX_POINT('',#10302);
#6003=VERTEX_POINT('',#10303);
#6004=VERTEX_POINT('',#10304);
#6005=VERTEX_POINT('',#10305);
#6006=VERTEX_POINT('',#10306);
#6007=VERTEX_POINT('',#10307);
#6008=VERTEX_POINT('',#10308);
#6009=VERTEX_POINT('',#10309);
#6010=VERTEX_POINT('',#10310);
#6011=VERTEX_POINT('',#10311);
#6012=VERTEX_POINT('',#10312);
#6013=VERTEX_POINT('',#10313);
#6014=VERTEX_POINT('',#10314);
#6015=VERTEX_POINT('',#10315);
#6016=VERTEX_POINT('',#10316);
#6017=VERTEX_POINT('',#10317);
#6018=VERTEX_POINT('',#10318);
#6019=VERTEX_POINT('',#10319);
#6020=VERTEX_POINT('',#10320);
#6021=VERTEX_POINT('',#10321);
#6022=VERTEX_POINT('',#10322);
#6023=VERTEX_POINT('',#10323);
#6024=VERTEX_POINT('',#10324);
#6025=VERTEX_POINT('',#10325);
#6026=VERTEX_POINT('',#10326);
#6027=VERTEX_POINT('',#10327);
#6028=VERTEX_POINT('',#10328);
#6029=VERTEX_POINT('',#10329);
#6030=VERTEX_POINT('',#10330);
#6031=VERTEX_POINT('',#10331);
#6032=VERTEX_POINT('',#10332);
#6033=VERTEX_POINT('',#10333);
#6034=VERTEX_POINT('',#10999);
#6035=VERTEX_POINT('',#11000);
#6036=VERTEX_POINT('',#11001);
#6037=VERTEX_POINT('',#11002);
#6038=VERTEX_POINT('',#11003);
#6039=VERTEX_POINT('',#11004);
#6040=VERTEX_POINT('',#11005);
#6041=VERTEX_POINT('',#11006);
#6042=VERTEX_POINT('',#11007);
#6043=VERTEX_POINT('',#11008);
#6044=VERTEX_POINT('',#11009);
#6045=VERTEX_POINT('',#11010);
#6046=VERTEX_POINT('',#11011);
#6047=VERTEX_POINT('',#11012);
#6048=VERTEX_POINT('',#11013);
#6049=VERTEX_POINT('',#11014);
#6050=VERTEX_POINT('',#11015);
#6051=VERTEX_POINT('',#11016);
#6052=VERTEX_POINT('',#11017);
#6053=VERTEX_POINT('',#11018);
#6054=VERTEX_POINT('',#11019);
#6055=VERTEX_POINT('',#11020);
#6056=VERTEX_POINT('',#11021);
#6057=VERTEX_POINT('',#11022);
#6058=VERTEX_POINT('',#11023);
#6059=VERTEX_POINT('',#11024);
#6060=VERTEX_POINT('',#11025);
#6061=VERTEX_POINT('',#11026);
#6062=VERTEX_POINT('',#11027);
#6063=VERTEX_POINT('',#11028);
#6064=VERTEX_POINT('',#11029);
#6065=VERTEX_POINT('',#11030);
#6066=VERTEX_POINT('',#11031);
#6067=VERTEX_POINT('',#11032);
#6068=VERTEX_POINT('',#11033);
#6069=VERTEX_POINT('',#11034);
#6070=VERTEX_POINT('',#11035);
#6071=VERTEX_POINT('',#11036);
#6072=VERTEX_POINT('',#11037);
#6073=VERTEX_POINT('',#11038);
#6074=VERTEX_POINT('',#11039);
#6075=VERTEX_POINT('',#11040);
#6076=VERTEX_POINT('',#11041);
#6077=VERTEX_POINT('',#11042);
#6078=VERTEX_POINT('',#11043);
#6079=VERTEX_POINT('',#11044);
#6080=VERTEX_POINT('',#11045);
#6081=VERTEX_POINT('',#11046);
#6082=VERTEX_POINT('',#11047);
#6083=VERTEX_POINT('',#11048);
#6084=VERTEX_POINT('',#11049);
#6085=VERTEX_POINT('',#11050);
#6086=VERTEX_POINT('',#11051);
#6087=VERTEX_POINT('',#11052);
#6088=VERTEX_POINT('',#11053);
#6089=VERTEX_POINT('',#11054);
#6090=VERTEX_POINT('',#11055);
#6091=VERTEX_POINT('',#11056);
#6092=VERTEX_POINT('',#11057);
#6093=VERTEX_POINT('',#11058);
#6094=VERTEX_POINT('',#11059);
#6095=VERTEX_POINT('',#11060);
#6096=VERTEX_POINT('',#11061);
#6097=VERTEX_POINT('',#11062);
#6098=VERTEX_POINT('',#11063);
#6099=VERTEX_POINT('',#11064);
#6100=VERTEX_POINT('',#11065);
#6101=VERTEX_POINT('',#11066);
#6102=VERTEX_POINT('',#11067);
#6103=VERTEX_POINT('',#11068);
#6104=VERTEX_POINT('',#11069);
#6105=VERTEX_POINT('',#11070);
#6106=VERTEX_POINT('',#11071);
#6107=VERTEX_POINT('',#11072);
#6108=VERTEX_POINT('',#11073);
#6109=VERTEX_POINT('',#11074);
#6110=VERTEX_POINT('',#11075);
#6111=VERTEX_POINT('',#11076);
#6112=VERTEX_POINT('',#11077);
#6113=VERTEX_POINT('',#11078);
#6114=VERTEX_POINT('',#11079);
#6115=VERTEX_POINT('',#11080);
#6116=VERTEX_POINT('',#11081);
#6117=VERTEX_POINT('',#11082);
#6118=VERTEX_POINT('',#11083);
#6119=VERTEX_POINT('',#11084);
#6120=VERTEX_POINT('',#11396);
#6121=VERTEX_POINT('',#11397);
#6122=VERTEX_POINT('',#11398);
#6123=VERTEX_POINT('',#11399);
#6124=VERTEX_POINT('',#11400);
#6125=VERTEX_POINT('',#11401);
#6126=VERTEX_POINT('',#11402);
#6127=VERTEX_POINT('',#11403);
#6128=VERTEX_POINT('',#11404);
#6129=VERTEX_POINT('',#11405);
#6130=VERTEX_POINT('',#11406);
#6131=VERTEX_POINT('',#11407);
#6132=VERTEX_POINT('',#11408);
#6133=VERTEX_POINT('',#11409);
#6134=VERTEX_POINT('',#11410);
#6135=VERTEX_POINT('',#11411);
#6136=VERTEX_POINT('',#11412);
#6137=VERTEX_POINT('',#11413);
#6138=VERTEX_POINT('',#11414);
#6139=VERTEX_POINT('',#11415);
#6140=VERTEX_POINT('',#11416);
#6141=VERTEX_POINT('',#11417);
#6142=VERTEX_POINT('',#11418);
#6143=VERTEX_POINT('',#11419);
#6144=VERTEX_POINT('',#11420);
#6145=VERTEX_POINT('',#11421);
#6146=VERTEX_POINT('',#11422);
#6147=VERTEX_POINT('',#11423);
#6148=VERTEX_POINT('',#11424);
#6149=VERTEX_POINT('',#11425);
#6150=VERTEX_POINT('',#11426);
#6151=VERTEX_POINT('',#11427);
#6152=VERTEX_POINT('',#11428);
#6153=VERTEX_POINT('',#11429);
#6154=VERTEX_POINT('',#11430);
#6155=VERTEX_POINT('',#11431);
#6156=VERTEX_POINT('',#11432);
#6157=VERTEX_POINT('',#11433);
#6158=VERTEX_POINT('',#11434);
#6159=VERTEX_POINT('',#11435);
#6160=VERTEX_POINT('',#11436);
#6161=VERTEX_POINT('',#11437);
#6162=VERTEX_POINT('',#11438);
#6163=VERTEX_POINT('',#11439);
#6164=VERTEX_POINT('',#11609);
#6165=VERTEX_POINT('',#11610);
#6166=VERTEX_POINT('',#11611);
#6167=VERTEX_POINT('',#11612);
#6168=VERTEX_POINT('',#11613);
#6169=VERTEX_POINT('',#11614);
#6170=VERTEX_POINT('',#11615);
#6171=VERTEX_POINT('',#11616);
#6172=VERTEX_POINT('',#11617);
#6173=VERTEX_POINT('',#11618);
#6174=VERTEX_POINT('',#11619);
#6175=VERTEX_POINT('',#11620);
#6176=VERTEX_POINT('',#11621);
#6177=VERTEX_POINT('',#11622);
#6178=VERTEX_POINT('',#11623);
#6179=VERTEX_POINT('',#11624);
#6180=VERTEX_POINT('',#11625);
#6181=VERTEX_POINT('',#11626);
#6182=VERTEX_POINT('',#11627);
#6183=VERTEX_POINT('',#11628);
#6184=VERTEX_POINT('',#11629);
#6185=VERTEX_POINT('',#11630);
#6186=VERTEX_POINT('',#11631);
#6187=VERTEX_POINT('',#11632);
#6188=VERTEX_POINT('',#11784);
#6189=VERTEX_POINT('',#11785);
#6190=VERTEX_POINT('',#11786);
#6191=VERTEX_POINT('',#11787);
#6192=B_SPLINE_SURFACE_WITH_KNOTS('',1,2,((#7707,#7708,#7709,#7710,#7711,
#7712,#7713,#7714,#7715,#7716,#7717,#7718,#7719,#7720,#7721,#7722,#7723,
#7724,#7725),(#7726,#7727,#7728,#7729,#7730,#7731,#7732,#7733,#7734,#7735,
#7736,#7737,#7738,#7739,#7740,#7741,#7742,#7743,#7744)),.UNSPECIFIED.,.F.,
 .F.,.F.,(2,2),(3,2,2,2,2,2,2,2,2,3),(0.,0.199999999999999),(16.,17.,18.,
19.,20.,21.,22.,23.,24.,25.),.UNSPECIFIED.);
#6193=B_SPLINE_SURFACE_WITH_KNOTS('',1,2,((#7745,#7746,#7747,#7748,#7749,
#7750,#7751,#7752,#7753,#7754,#7755,#7756,#7757,#7758,#7759,#7760,#7761,
#7762,#7763),(#7764,#7765,#7766,#7767,#7768,#7769,#7770,#7771,#7772,#7773,
#7774,#7775,#7776,#7777,#7778,#7779,#7780,#7781,#7782)),.UNSPECIFIED.,.F.,
 .F.,.F.,(2,2),(3,2,2,2,2,2,2,2,2,3),(0.,0.199999999999999),(25.,26.,27.,
28.,29.,30.,31.,32.,33.,34.),.UNSPECIFIED.);
#6194=B_SPLINE_SURFACE_WITH_KNOTS('',1,2,((#7784,#7785,#7786,#7787,#7788,
#7789,#7790,#7791,#7792,#7793,#7794,#7795,#7796),(#7797,#7798,#7799,#7800,
#7801,#7802,#7803,#7804,#7805,#7806,#7807,#7808,#7809)),.UNSPECIFIED.,.F.,
 .F.,.F.,(2,2),(3,2,2,2,2,2,3),(0.,0.199999999999999),(35.,36.,37.,38.,
39.,40.,41.),.UNSPECIFIED.);
#6195=B_SPLINE_SURFACE_WITH_KNOTS('',1,2,((#7810,#7811,#7812,#7813,#7814,
#7815,#7816,#7817,#7818,#7819,#7820,#7821,#7822,#7823,#7824,#7825,#7826,
#7827,#7828),(#7829,#7830,#7831,#7832,#7833,#7834,#7835,#7836,#7837,#7838,
#7839,#7840,#7841,#7842,#7843,#7844,#7845,#7846,#7847)),.UNSPECIFIED.,.F.,
 .F.,.F.,(2,2),(3,2,2,2,2,2,2,2,2,3),(0.,0.199999999999999),(41.,42.,43.,
44.,45.,46.,47.,48.,49.,50.),.UNSPECIFIED.);
#6196=B_SPLINE_SURFACE_WITH_KNOTS('',1,2,((#7860,#7861,#7862,#7863,#7864,
#7865,#7866,#7867,#7868,#7869,#7870,#7871,#7872,#7873,#7874,#7875,#7876,
#7877,#7878),(#7879,#7880,#7881,#7882,#7883,#7884,#7885,#7886,#7887,#7888,
#7889,#7890,#7891,#7892,#7893,#7894,#7895,#7896,#7897)),.UNSPECIFIED.,.F.,
 .F.,.F.,(2,2),(3,2,2,2,2,2,2,2,2,3),(0.,0.199999999999999),(5.,6.,7.,8.,
9.,10.,11.,12.,13.,14.),.UNSPECIFIED.);
#6197=B_SPLINE_SURFACE_WITH_KNOTS('',1,2,((#7899,#7900,#7901,#7902,#7903,
#7904,#7905,#7906,#7907),(#7908,#7909,#7910,#7911,#7912,#7913,#7914,#7915,
#7916)),.UNSPECIFIED.,.F.,.F.,.F.,(2,2),(3,2,2,2,3),(0.,0.199999999999999),
(15.,16.,17.,18.,19.),.UNSPECIFIED.);
#6198=B_SPLINE_SURFACE_WITH_KNOTS('',1,2,((#7918,#7919,#7920,#7921,#7922,
#7923,#7924,#7925,#7926),(#7927,#7928,#7929,#7930,#7931,#7932,#7933,#7934,
#7935)),.UNSPECIFIED.,.F.,.F.,.F.,(2,2),(3,2,2,2,3),(0.,0.199999999999999),
(20.,21.,22.,23.,24.),.UNSPECIFIED.);
#6199=B_SPLINE_SURFACE_WITH_KNOTS('',1,2,((#7938,#7939,#7940,#7941,#7942,
#7943,#7944,#7945,#7946,#7947,#7948),(#7949,#7950,#7951,#7952,#7953,#7954,
#7955,#7956,#7957,#7958,#7959)),.UNSPECIFIED.,.F.,.F.,.F.,(2,2),(3,2,2,
2,2,3),(0.,0.199999999999999),(-20.2767552828902,-19.2767552828902,-18.2767552828902,
-17.2767552828902,-16.2767552828902,-15.2767552828902),.UNSPECIFIED.);
#6200=B_SPLINE_SURFACE_WITH_KNOTS('',1,2,((#7963,#7964,#7965,#7966,#7967,
#7968,#7969,#7970,#7971,#7972,#7973),(#7974,#7975,#7976,#7977,#7978,#7979,
#7980,#7981,#7982,#7983,#7984)),.UNSPECIFIED.,.F.,.F.,.F.,(2,2),(3,2,2,
2,2,3),(0.,0.199999999999999),(-12.2767552828902,-11.2767552828902,-10.2767552828902,
-9.27675528289024,-8.27675528289024,-7.27675528289024),.UNSPECIFIED.);
#6201=B_SPLINE_SURFACE_WITH_KNOTS('',1,2,((#7991,#7992,#7993,#7994,#7995,
#7996,#7997,#7998,#7999,#8000,#8001),(#8002,#8003,#8004,#8005,#8006,#8007,
#8008,#8009,#8010,#8011,#8012)),.UNSPECIFIED.,.F.,.F.,.F.,(2,2),(3,2,2,
2,2,3),(0.,0.199999999999999),(-20.2767552828903,-19.2767552828903,-18.2767552828903,
-17.2767552828903,-16.2767552828903,-15.2767552828903),.UNSPECIFIED.);
#6202=B_SPLINE_SURFACE_WITH_KNOTS('',1,2,((#8016,#8017,#8018,#8019,#8020,
#8021,#8022,#8023,#8024,#8025,#8026),(#8027,#8028,#8029,#8030,#8031,#8032,
#8033,#8034,#8035,#8036,#8037)),.UNSPECIFIED.,.F.,.F.,.F.,(2,2),(3,2,2,
2,2,3),(0.,0.199999999999999),(-12.2767552828903,-11.2767552828903,-10.2767552828903,
-9.27675528289026,-8.27675528289026,-7.27675528289026),.UNSPECIFIED.);
#6203=B_SPLINE_SURFACE_WITH_KNOTS('',1,2,((#8044,#8045,#8046,#8047,#8048,
#8049,#8050,#8051,#8052,#8053,#8054,#8055,#8056,#8057,#8058,#8059,#8060),
(#8061,#8062,#8063,#8064,#8065,#8066,#8067,#8068,#8069,#8070,#8071,#8072,
#8073,#8074,#8075,#8076,#8077)),.UNSPECIFIED.,.F.,.F.,.F.,(2,2),(3,2,2,
2,2,2,2,2,3),(0.,0.199999999999999),(1.,2.,3.,4.,5.,6.,7.,8.,9.),
 .UNSPECIFIED.);
#6204=B_SPLINE_SURFACE_WITH_KNOTS('',1,2,((#8078,#8079,#8080),(#8081,#8082,
#8083)),.UNSPECIFIED.,.F.,.F.,.F.,(2,2),(3,3),(0.,0.199999999999999),(9.,
10.),.UNSPECIFIED.);
#6205=B_SPLINE_SURFACE_WITH_KNOTS('',1,2,((#8084,#8085,#8086,#8087,#8088,
#8089,#8090,#8091,#8092,#8093,#8094),(#8095,#8096,#8097,#8098,#8099,#8100,
#8101,#8102,#8103,#8104,#8105)),.UNSPECIFIED.,.F.,.F.,.F.,(2,2),(3,2,2,
2,2,3),(0.,0.199999999999999),(10.,11.,12.,13.,14.,15.),.UNSPECIFIED.);
#6206=B_SPLINE_SURFACE_WITH_KNOTS('',1,2,((#8107,#8108,#8109,#8110,#8111,
#8112,#8113,#8114,#8115,#8116,#8117,#8118,#8119),(#8120,#8121,#8122,#8123,
#8124,#8125,#8126,#8127,#8128,#8129,#8130,#8131,#8132)),.UNSPECIFIED.,.F.,
 .F.,.F.,(2,2),(3,2,2,2,2,2,3),(0.,0.199999999999999),(16.,17.,18.,19.,
20.,21.,22.),.UNSPECIFIED.);
#6207=B_SPLINE_SURFACE_WITH_KNOTS('',1,2,((#8133,#8134,#8135),(#8136,#8137,
#8138)),.UNSPECIFIED.,.F.,.F.,.F.,(2,2),(3,3),(0.,0.199999999999999),(22.,
23.),.UNSPECIFIED.);
#6208=B_SPLINE_SURFACE_WITH_KNOTS('',1,2,((#8140,#8141,#8142,#8143,#8144),
(#8145,#8146,#8147,#8148,#8149)),.UNSPECIFIED.,.F.,.F.,.F.,(2,2),(3,2,3),
(0.,0.199999999999999),(24.,25.,26.),.UNSPECIFIED.);
#6209=B_SPLINE_SURFACE_WITH_KNOTS('',1,2,((#8151,#8152,#8153),(#8154,#8155,
#8156)),.UNSPECIFIED.,.F.,.F.,.F.,(2,2),(3,3),(0.,0.199999999999999),(27.,
28.),.UNSPECIFIED.);
#6210=B_SPLINE_SURFACE_WITH_KNOTS('',1,2,((#8157,#8158,#8159),(#8160,#8161,
#8162)),.UNSPECIFIED.,.F.,.F.,.F.,(2,2),(3,3),(0.,0.199999999999999),(28.,
29.),.UNSPECIFIED.);
#6211=B_SPLINE_SURFACE_WITH_KNOTS('',1,2,((#8163,#8164,#8165,#8166,#8167,
#8168,#8169,#8170,#8171,#8172,#8173,#8174,#8175,#8176,#8177,#8178,#8179),
(#8180,#8181,#8182,#8183,#8184,#8185,#8186,#8187,#8188,#8189,#8190,#8191,
#8192,#8193,#8194,#8195,#8196)),.UNSPECIFIED.,.F.,.F.,.F.,(2,2),(3,2,2,
2,2,2,2,2,3),(0.,0.199999999999999),(29.,30.,31.,32.,33.,34.,35.,36.,37.),
 .UNSPECIFIED.);
#6212=CYLINDRICAL_SURFACE('',#7042,2.99999999999997);
#6213=CYLINDRICAL_SURFACE('',#7044,2.99999999999994);
#6214=CYLINDRICAL_SURFACE('',#7046,2.00000000000003);
#6215=CYLINDRICAL_SURFACE('',#7048,2.00000000000004);
#6216=CYLINDRICAL_SURFACE('',#7052,3.);
#6217=CYLINDRICAL_SURFACE('',#7053,1.80000000000004);
#6218=CYLINDRICAL_SURFACE('',#7055,2.99999999999997);
#6219=CYLINDRICAL_SURFACE('',#7056,1.80000000000001);
#6220=CYLINDRICAL_SURFACE('',#7104,2.99999999999989);
#6221=CYLINDRICAL_SURFACE('',#7106,2.99999999999999);
#6222=CYLINDRICAL_SURFACE('',#7108,2.00000000000003);
#6223=CYLINDRICAL_SURFACE('',#7110,2.00000000000009);
#6224=CYLINDRICAL_SURFACE('',#7114,1.80000000000004);
#6225=CYLINDRICAL_SURFACE('',#7115,1.80000000000004);
#6226=CYLINDRICAL_SURFACE('',#7116,1.2);
#6227=CYLINDRICAL_SURFACE('',#7118,2.80000000000001);
#6228=CYLINDRICAL_SURFACE('',#7122,3.);
#6229=CYLINDRICAL_SURFACE('',#7125,3.30000000000002);
#6230=CYLINDRICAL_SURFACE('',#7127,1.99999999999997);
#6231=CYLINDRICAL_SURFACE('',#7129,2.00000000000003);
#6232=CYLINDRICAL_SURFACE('',#7131,3.00000000000003);
#6233=CYLINDRICAL_SURFACE('',#7133,3.00000000000011);
#6234=CYLINDRICAL_SURFACE('',#7134,1.49999999999986);
#6235=CYLINDRICAL_SURFACE('',#7136,1.50000000000004);
#6236=CYLINDRICAL_SURFACE('',#7138,0.499999999999915);
#6237=CYLINDRICAL_SURFACE('',#7140,0.499999999999929);
#6238=CYLINDRICAL_SURFACE('',#7144,3.1);
#6239=CYLINDRICAL_SURFACE('',#7145,3.39999999999998);
#6240=CYLINDRICAL_SURFACE('',#7147,3.);
#6241=CYLINDRICAL_SURFACE('',#7148,1.80000000000004);
#6242=CYLINDRICAL_SURFACE('',#7155,0.22);
#6243=CYLINDRICAL_SURFACE('',#7156,0.220000000000001);
#6244=CYLINDRICAL_SURFACE('',#7157,10.135);
#6245=CYLINDRICAL_SURFACE('',#7160,0.22);
#6246=CYLINDRICAL_SURFACE('',#7161,10.135);
#6247=CYLINDRICAL_SURFACE('',#7162,0.220000000000001);
#6248=CYLINDRICAL_SURFACE('',#7163,0.219999999999999);
#6249=CYLINDRICAL_SURFACE('',#7166,0.22);
#6250=CYLINDRICAL_SURFACE('',#7169,0.22);
#6251=CYLINDRICAL_SURFACE('',#7188,0.22);
#6252=CYLINDRICAL_SURFACE('',#7189,0.22);
#6253=CYLINDRICAL_SURFACE('',#7191,0.22);
#6254=CYLINDRICAL_SURFACE('',#7192,0.22);
#6255=CYLINDRICAL_SURFACE('',#7193,0.22);
#6256=CYLINDRICAL_SURFACE('',#7194,0.220000000000001);
#6257=CYLINDRICAL_SURFACE('',#7195,0.219999999999999);
#6258=CYLINDRICAL_SURFACE('',#7196,0.219999999999999);
#6259=CYLINDRICAL_SURFACE('',#7197,0.22);
#6260=CYLINDRICAL_SURFACE('',#7198,0.219999999999999);
#6261=CYLINDRICAL_SURFACE('',#7200,0.22);
#6262=CYLINDRICAL_SURFACE('',#7201,0.219999999999999);
#6263=CYLINDRICAL_SURFACE('',#7203,0.22);
#6264=CYLINDRICAL_SURFACE('',#7204,0.219999999999999);
#6265=CYLINDRICAL_SURFACE('',#7205,0.22);
#6266=CYLINDRICAL_SURFACE('',#7210,0.22);
#6267=CYLINDRICAL_SURFACE('',#7211,0.22);
#6268=CYLINDRICAL_SURFACE('',#7221,0.449999999999999);
#6269=CYLINDRICAL_SURFACE('',#7222,0.45);
#6270=CYLINDRICAL_SURFACE('',#7224,0.45);
#6271=CYLINDRICAL_SURFACE('',#7225,0.45);
#6272=CYLINDRICAL_SURFACE('',#7227,0.22);
#6273=CYLINDRICAL_SURFACE('',#7228,0.220000000000001);
#6274=CYLINDRICAL_SURFACE('',#7229,0.22);
#6275=CYLINDRICAL_SURFACE('',#7230,0.22);
#6276=CYLINDRICAL_SURFACE('',#7254,0.035);
#6277=CYLINDRICAL_SURFACE('',#7261,0.0350000000000003);
#6278=CYLINDRICAL_SURFACE('',#7269,0.035);
#6279=CYLINDRICAL_SURFACE('',#7272,0.0350000000000001);
#6280=CYLINDRICAL_SURFACE('',#7274,0.0349999999999999);
#6281=CYLINDRICAL_SURFACE('',#7279,0.035);
#6282=CYLINDRICAL_SURFACE('',#7286,0.0350000000000001);
#6283=CYLINDRICAL_SURFACE('',#7288,0.035);
#6284=CYLINDRICAL_SURFACE('',#7302,0.045);
#6285=CYLINDRICAL_SURFACE('',#7303,0.045);
#6286=CYLINDRICAL_SURFACE('',#7306,0.045);
#6287=CYLINDRICAL_SURFACE('',#7309,0.0450000000000002);
#6288=CYLINDRICAL_SURFACE('',#7317,0.0450000000000002);
#6289=CYLINDRICAL_SURFACE('',#7319,0.045);
#6290=CYLINDRICAL_SURFACE('',#7321,0.0449999999999999);
#6291=CYLINDRICAL_SURFACE('',#7323,0.0450000000000002);
#6292=CYLINDRICAL_SURFACE('',#7329,1.26999867565298);
#6293=CYLINDRICAL_SURFACE('',#7334,1.26999867565302);
#6294=CYLINDRICAL_SURFACE('',#7335,5.08000153102901);
#6295=CYLINDRICAL_SURFACE('',#7338,5.08000153102899);
#6296=CYLINDRICAL_SURFACE('',#7339,1.25000000000003);
#6297=CYLINDRICAL_SURFACE('',#7340,0.375);
#6298=CYLINDRICAL_SURFACE('',#7341,0.375);
#6299=CYLINDRICAL_SURFACE('',#7342,1.24999999999999);
#6300=CYLINDRICAL_SURFACE('',#7346,3.);
#6301=CYLINDRICAL_SURFACE('',#7347,1.80000000000004);
#6302=PLANE('',#7038);
#6303=PLANE('',#7039);
#6304=PLANE('',#7040);
#6305=PLANE('',#7041);
#6306=PLANE('',#7043);
#6307=PLANE('',#7045);
#6308=PLANE('',#7047);
#6309=PLANE('',#7049);
#6310=PLANE('',#7050);
#6311=PLANE('',#7051);
#6312=PLANE('',#7054);
#6313=PLANE('',#7057);
#6314=PLANE('',#7058);
#6315=PLANE('',#7059);
#6316=PLANE('',#7060);
#6317=PLANE('',#7061);
#6318=PLANE('',#7062);
#6319=PLANE('',#7063);
#6320=PLANE('',#7064);
#6321=PLANE('',#7065);
#6322=PLANE('',#7066);
#6323=PLANE('',#7067);
#6324=PLANE('',#7068);
#6325=PLANE('',#7069);
#6326=PLANE('',#7070);
#6327=PLANE('',#7071);
#6328=PLANE('',#7072);
#6329=PLANE('',#7073);
#6330=PLANE('',#7074);
#6331=PLANE('',#7075);
#6332=PLANE('',#7076);
#6333=PLANE('',#7077);
#6334=PLANE('',#7078);
#6335=PLANE('',#7079);
#6336=PLANE('',#7080);
#6337=PLANE('',#7081);
#6338=PLANE('',#7082);
#6339=PLANE('',#7083);
#6340=PLANE('',#7084);
#6341=PLANE('',#7085);
#6342=PLANE('',#7086);
#6343=PLANE('',#7087);
#6344=PLANE('',#7088);
#6345=PLANE('',#7089);
#6346=PLANE('',#7090);
#6347=PLANE('',#7091);
#6348=PLANE('',#7092);
#6349=PLANE('',#7093);
#6350=PLANE('',#7094);
#6351=PLANE('',#7095);
#6352=PLANE('',#7096);
#6353=PLANE('',#7097);
#6354=PLANE('',#7098);
#6355=PLANE('',#7099);
#6356=PLANE('',#7100);
#6357=PLANE('',#7101);
#6358=PLANE('',#7102);
#6359=PLANE('',#7103);
#6360=PLANE('',#7105);
#6361=PLANE('',#7107);
#6362=PLANE('',#7109);
#6363=PLANE('',#7111);
#6364=PLANE('',#7112);
#6365=PLANE('',#7113);
#6366=PLANE('',#7117);
#6367=PLANE('',#7119);
#6368=PLANE('',#7120);
#6369=PLANE('',#7121);
#6370=PLANE('',#7123);
#6371=PLANE('',#7124);
#6372=PLANE('',#7126);
#6373=PLANE('',#7128);
#6374=PLANE('',#7130);
#6375=PLANE('',#7132);
#6376=PLANE('',#7135);
#6377=PLANE('',#7137);
#6378=PLANE('',#7139);
#6379=PLANE('',#7141);
#6380=PLANE('',#7142);
#6381=PLANE('',#7143);
#6382=PLANE('',#7146);
#6383=PLANE('',#7149);
#6384=PLANE('',#7150);
#6385=PLANE('',#7153);
#6386=PLANE('',#7154);
#6387=PLANE('',#7158);
#6388=PLANE('',#7159);
#6389=PLANE('',#7164);
#6390=PLANE('',#7165);
#6391=PLANE('',#7167);
#6392=PLANE('',#7168);
#6393=PLANE('',#7170);
#6394=PLANE('',#7171);
#6395=PLANE('',#7172);
#6396=PLANE('',#7173);
#6397=PLANE('',#7174);
#6398=PLANE('',#7175);
#6399=PLANE('',#7176);
#6400=PLANE('',#7177);
#6401=PLANE('',#7178);
#6402=PLANE('',#7179);
#6403=PLANE('',#7180);
#6404=PLANE('',#7181);
#6405=PLANE('',#7182);
#6406=PLANE('',#7183);
#6407=PLANE('',#7184);
#6408=PLANE('',#7185);
#6409=PLANE('',#7186);
#6410=PLANE('',#7187);
#6411=PLANE('',#7190);
#6412=PLANE('',#7199);
#6413=PLANE('',#7202);
#6414=PLANE('',#7206);
#6415=PLANE('',#7207);
#6416=PLANE('',#7208);
#6417=PLANE('',#7209);
#6418=PLANE('',#7212);
#6419=PLANE('',#7213);
#6420=PLANE('',#7214);
#6421=PLANE('',#7215);
#6422=PLANE('',#7216);
#6423=PLANE('',#7217);
#6424=PLANE('',#7218);
#6425=PLANE('',#7219);
#6426=PLANE('',#7220);
#6427=PLANE('',#7223);
#6428=PLANE('',#7226);
#6429=PLANE('',#7231);
#6430=PLANE('',#7232);
#6431=PLANE('',#7233);
#6432=PLANE('',#7234);
#6433=PLANE('',#7235);
#6434=PLANE('',#7236);
#6435=PLANE('',#7237);
#6436=PLANE('',#7238);
#6437=PLANE('',#7239);
#6438=PLANE('',#7240);
#6439=PLANE('',#7241);
#6440=PLANE('',#7242);
#6441=PLANE('',#7243);
#6442=PLANE('',#7247);
#6443=PLANE('',#7248);
#6444=PLANE('',#7249);
#6445=PLANE('',#7250);
#6446=PLANE('',#7251);
#6447=PLANE('',#7252);
#6448=PLANE('',#7253);
#6449=PLANE('',#7255);
#6450=PLANE('',#7256);
#6451=PLANE('',#7257);
#6452=PLANE('',#7258);
#6453=PLANE('',#7259);
#6454=PLANE('',#7260);
#6455=PLANE('',#7262);
#6456=PLANE('',#7263);
#6457=PLANE('',#7264);
#6458=PLANE('',#7265);
#6459=PLANE('',#7266);
#6460=PLANE('',#7267);
#6461=PLANE('',#7268);
#6462=PLANE('',#7270);
#6463=PLANE('',#7271);
#6464=PLANE('',#7273);
#6465=PLANE('',#7275);
#6466=PLANE('',#7276);
#6467=PLANE('',#7277);
#6468=PLANE('',#7278);
#6469=PLANE('',#7280);
#6470=PLANE('',#7281);
#6471=PLANE('',#7282);
#6472=PLANE('',#7283);
#6473=PLANE('',#7284);
#6474=PLANE('',#7285);
#6475=PLANE('',#7287);
#6476=PLANE('',#7289);
#6477=PLANE('',#7290);
#6478=PLANE('',#7291);
#6479=PLANE('',#7292);
#6480=PLANE('',#7293);
#6481=PLANE('',#7294);
#6482=PLANE('',#7295);
#6483=PLANE('',#7296);
#6484=PLANE('',#7300);
#6485=PLANE('',#7301);
#6486=PLANE('',#7304);
#6487=PLANE('',#7305);
#6488=PLANE('',#7307);
#6489=PLANE('',#7308);
#6490=PLANE('',#7310);
#6491=PLANE('',#7311);
#6492=PLANE('',#7312);
#6493=PLANE('',#7313);
#6494=PLANE('',#7314);
#6495=PLANE('',#7315);
#6496=PLANE('',#7316);
#6497=PLANE('',#7318);
#6498=PLANE('',#7320);
#6499=PLANE('',#7322);
#6500=PLANE('',#7324);
#6501=PLANE('',#7325);
#6502=PLANE('',#7330);
#6503=PLANE('',#7331);
#6504=PLANE('',#7332);
#6505=PLANE('',#7333);
#6506=PLANE('',#7336);
#6507=PLANE('',#7337);
#6508=PLANE('',#7348);
#6509=PLANE('',#7349);
#6510=SHAPE_DEFINITION_REPRESENTATION(#6516,#7031);
#6511=SHAPE_DEFINITION_REPRESENTATION(#6517,#7032);
#6512=SHAPE_DEFINITION_REPRESENTATION(#6518,#7033);
#6513=SHAPE_DEFINITION_REPRESENTATION(#6520,#7034);
#6514=SHAPE_DEFINITION_REPRESENTATION(#6522,#7035);
#6515=SHAPE_DEFINITION_REPRESENTATION(#6524,#7036);
#6516=PRODUCT_DEFINITION_SHAPE('Document','',#6533);
#6517=PRODUCT_DEFINITION_SHAPE('lightboard 1','',#6534);
#6518=PRODUCT_DEFINITION_SHAPE('BatteryHolder_Keystone_1060_1x2032','',
#6535);
#6519=PRODUCT_DEFINITION_SHAPE('','',#25);
#6520=PRODUCT_DEFINITION_SHAPE('LED_0805_2012Metric','',#6536);
#6521=PRODUCT_DEFINITION_SHAPE('','',#26);
#6522=PRODUCT_DEFINITION_SHAPE('R_0805_2012Metric','',#6537);
#6523=PRODUCT_DEFINITION_SHAPE('','',#27);
#6524=PRODUCT_DEFINITION_SHAPE('lightboard_PCB','',#6538);
#6525=PRODUCT_DEFINITION_SHAPE('','',#28);
#6526=PRODUCT_DEFINITION_SHAPE('','',#29);
#6527=PRODUCT_DEFINITION_CONTEXT('3D Mechanical Parts',#6965,'design');
#6528=PRODUCT_DEFINITION_CONTEXT('3D Mechanical Parts',#6966,'design');
#6529=PRODUCT_DEFINITION_CONTEXT('3D Mechanical Parts',#6967,'design');
#6530=PRODUCT_DEFINITION_CONTEXT('3D Mechanical Parts',#6968,'design');
#6531=PRODUCT_DEFINITION_CONTEXT('3D Mechanical Parts',#6969,'design');
#6532=PRODUCT_DEFINITION_CONTEXT('3D Mechanical Parts',#6970,'design');
#6533=PRODUCT_DEFINITION('A','First version',#6785,#6527);
#6534=PRODUCT_DEFINITION('A','First version',#6786,#6528);
#6535=PRODUCT_DEFINITION('A','First version',#6787,#6529);
#6536=PRODUCT_DEFINITION('A','First version',#6788,#6530);
#6537=PRODUCT_DEFINITION('A','First version',#6789,#6531);
#6538=PRODUCT_DEFINITION('A','First version',#6790,#6532);
#6539=DATE_TIME_ROLE('classification_date');
#6540=DATE_TIME_ROLE('creation_date');
#6541=DATE_TIME_ROLE('classification_date');
#6542=DATE_TIME_ROLE('creation_date');
#6543=DATE_TIME_ROLE('classification_date');
#6544=DATE_TIME_ROLE('creation_date');
#6545=DATE_TIME_ROLE('classification_date');
#6546=DATE_TIME_ROLE('creation_date');
#6547=DATE_TIME_ROLE('classification_date');
#6548=DATE_TIME_ROLE('creation_date');
#6549=DATE_TIME_ROLE('classification_date');
#6550=DATE_TIME_ROLE('creation_date');
#6551=APPLIED_DATE_AND_TIME_ASSIGNMENT(#6685,#6539,(#6569));
#6552=APPLIED_DATE_AND_TIME_ASSIGNMENT(#6687,#6540,(#6533));
#6553=APPLIED_DATE_AND_TIME_ASSIGNMENT(#6690,#6541,(#6570));
#6554=APPLIED_DATE_AND_TIME_ASSIGNMENT(#6692,#6542,(#6534));
#6555=APPLIED_DATE_AND_TIME_ASSIGNMENT(#6695,#6543,(#6571));
#6556=APPLIED_DATE_AND_TIME_ASSIGNMENT(#6697,#6544,(#6535));
#6557=APPLIED_DATE_AND_TIME_ASSIGNMENT(#6700,#6545,(#6572));
#6558=APPLIED_DATE_AND_TIME_ASSIGNMENT(#6702,#6546,(#6536));
#6559=APPLIED_DATE_AND_TIME_ASSIGNMENT(#6705,#6547,(#6573));
#6560=APPLIED_DATE_AND_TIME_ASSIGNMENT(#6707,#6548,(#6537));
#6561=APPLIED_DATE_AND_TIME_ASSIGNMENT(#6710,#6549,(#6574));
#6562=APPLIED_DATE_AND_TIME_ASSIGNMENT(#6712,#6550,(#6538));
#6563=SECURITY_CLASSIFICATION_LEVEL('unclassified');
#6564=SECURITY_CLASSIFICATION_LEVEL('unclassified');
#6565=SECURITY_CLASSIFICATION_LEVEL('unclassified');
#6566=SECURITY_CLASSIFICATION_LEVEL('unclassified');
#6567=SECURITY_CLASSIFICATION_LEVEL('unclassified');
#6568=SECURITY_CLASSIFICATION_LEVEL('unclassified');
#6569=SECURITY_CLASSIFICATION('A','Security for version',#6563);
#6570=SECURITY_CLASSIFICATION('A','Security for version',#6564);
#6571=SECURITY_CLASSIFICATION('A','Security for version',#6565);
#6572=SECURITY_CLASSIFICATION('A','Security for version',#6566);
#6573=SECURITY_CLASSIFICATION('A','Security for version',#6567);
#6574=SECURITY_CLASSIFICATION('A','Security for version',#6568);
#6575=APPLIED_SECURITY_CLASSIFICATION_ASSIGNMENT(#6569,(#6785));
#6576=APPLIED_SECURITY_CLASSIFICATION_ASSIGNMENT(#6570,(#6786));
#6577=APPLIED_SECURITY_CLASSIFICATION_ASSIGNMENT(#6571,(#6787));
#6578=APPLIED_SECURITY_CLASSIFICATION_ASSIGNMENT(#6572,(#6788));
#6579=APPLIED_SECURITY_CLASSIFICATION_ASSIGNMENT(#6573,(#6789));
#6580=APPLIED_SECURITY_CLASSIFICATION_ASSIGNMENT(#6574,(#6790));
#6581=APPROVAL_ROLE('Version approval');
#6582=APPROVAL_ROLE('Version Security approval');
#6583=APPROVAL_ROLE('Definition approval');
#6584=APPROVAL_ROLE('Version approval');
#6585=APPROVAL_ROLE('Version Security approval');
#6586=APPROVAL_ROLE('Definition approval');
#6587=APPROVAL_ROLE('Version approval');
#6588=APPROVAL_ROLE('Version Security approval');
#6589=APPROVAL_ROLE('Definition approval');
#6590=APPROVAL_ROLE('Version approval');
#6591=APPROVAL_ROLE('Version Security approval');
#6592=APPROVAL_ROLE('Definition approval');
#6593=APPROVAL_ROLE('Version approval');
#6594=APPROVAL_ROLE('Version Security approval');
#6595=APPROVAL_ROLE('Definition approval');
#6596=APPROVAL_ROLE('Version approval');
#6597=APPROVAL_ROLE('Version Security approval');
#6598=APPROVAL_ROLE('Definition approval');
#6599=APPROVAL_PERSON_ORGANIZATION(#6883,#6749,#6581);
#6600=APPROVAL_PERSON_ORGANIZATION(#6884,#6750,#6582);
#6601=APPROVAL_PERSON_ORGANIZATION(#6887,#6751,#6583);
#6602=APPROVAL_PERSON_ORGANIZATION(#6890,#6752,#6584);
#6603=APPROVAL_PERSON_ORGANIZATION(#6891,#6753,#6585);
#6604=APPROVAL_PERSON_ORGANIZATION(#6894,#6754,#6586);
#6605=APPROVAL_PERSON_ORGANIZATION(#6897,#6755,#6587);
#6606=APPROVAL_PERSON_ORGANIZATION(#6898,#6756,#6588);
#6607=APPROVAL_PERSON_ORGANIZATION(#6901,#6757,#6589);
#6608=APPROVAL_PERSON_ORGANIZATION(#6904,#6758,#6590);
#6609=APPROVAL_PERSON_ORGANIZATION(#6905,#6759,#6591);
#6610=APPROVAL_PERSON_ORGANIZATION(#6908,#6760,#6592);
#6611=APPROVAL_PERSON_ORGANIZATION(#6911,#6761,#6593);
#6612=APPROVAL_PERSON_ORGANIZATION(#6912,#6762,#6594);
#6613=APPROVAL_PERSON_ORGANIZATION(#6915,#6763,#6595);
#6614=APPROVAL_PERSON_ORGANIZATION(#6918,#6764,#6596);
#6615=APPROVAL_PERSON_ORGANIZATION(#6919,#6765,#6597);
#6616=APPROVAL_PERSON_ORGANIZATION(#6922,#6766,#6598);
#6617=COORDINATED_UNIVERSAL_TIME_OFFSET(5,0,.BEHIND.);
#6618=COORDINATED_UNIVERSAL_TIME_OFFSET(5,0,.BEHIND.);
#6619=COORDINATED_UNIVERSAL_TIME_OFFSET(5,0,.BEHIND.);
#6620=COORDINATED_UNIVERSAL_TIME_OFFSET(5,0,.BEHIND.);
#6621=COORDINATED_UNIVERSAL_TIME_OFFSET(5,0,.BEHIND.);
#6622=COORDINATED_UNIVERSAL_TIME_OFFSET(5,0,.BEHIND.);
#6623=LOCAL_TIME(0,0,0.,#6617);
#6624=LOCAL_TIME(0,0,0.,#6617);
#6625=LOCAL_TIME(0,0,0.,#6617);
#6626=LOCAL_TIME(0,0,0.,#6617);
#6627=LOCAL_TIME(0,0,0.,#6617);
#6628=LOCAL_TIME(0,0,0.,#6618);
#6629=LOCAL_TIME(0,0,0.,#6618);
#6630=LOCAL_TIME(0,0,0.,#6618);
#6631=LOCAL_TIME(0,0,0.,#6618);
#6632=LOCAL_TIME(0,0,0.,#6618);
#6633=LOCAL_TIME(0,0,0.,#6619);
#6634=LOCAL_TIME(0,0,0.,#6619);
#6635=LOCAL_TIME(0,0,0.,#6619);
#6636=LOCAL_TIME(0,0,0.,#6619);
#6637=LOCAL_TIME(0,0,0.,#6619);
#6638=LOCAL_TIME(0,0,0.,#6620);
#6639=LOCAL_TIME(0,0,0.,#6620);
#6640=LOCAL_TIME(0,0,0.,#6620);
#6641=LOCAL_TIME(0,0,0.,#6620);
#6642=LOCAL_TIME(0,0,0.,#6620);
#6643=LOCAL_TIME(0,0,0.,#6621);
#6644=LOCAL_TIME(0,0,0.,#6621);
#6645=LOCAL_TIME(0,0,0.,#6621);
#6646=LOCAL_TIME(0,0,0.,#6621);
#6647=LOCAL_TIME(0,0,0.,#6621);
#6648=LOCAL_TIME(0,0,0.,#6622);
#6649=LOCAL_TIME(0,0,0.,#6622);
#6650=LOCAL_TIME(0,0,0.,#6622);
#6651=LOCAL_TIME(0,0,0.,#6622);
#6652=LOCAL_TIME(0,0,0.,#6622);
#6653=CALENDAR_DATE(1999,1,1);
#6654=CALENDAR_DATE(1999,1,1);
#6655=CALENDAR_DATE(1999,1,1);
#6656=CALENDAR_DATE(1999,1,1);
#6657=CALENDAR_DATE(1999,1,1);
#6658=CALENDAR_DATE(1999,1,1);
#6659=CALENDAR_DATE(1999,1,1);
#6660=CALENDAR_DATE(1999,1,1);
#6661=CALENDAR_DATE(1999,1,1);
#6662=CALENDAR_DATE(1999,1,1);
#6663=CALENDAR_DATE(1999,1,1);
#6664=CALENDAR_DATE(1999,1,1);
#6665=CALENDAR_DATE(1999,1,1);
#6666=CALENDAR_DATE(1999,1,1);
#6667=CALENDAR_DATE(1999,1,1);
#6668=CALENDAR_DATE(1999,1,1);
#6669=CALENDAR_DATE(1999,1,1);
#6670=CALENDAR_DATE(1999,1,1);
#6671=CALENDAR_DATE(1999,1,1);
#6672=CALENDAR_DATE(1999,1,1);
#6673=CALENDAR_DATE(1999,1,1);
#6674=CALENDAR_DATE(1999,1,1);
#6675=CALENDAR_DATE(1999,1,1);
#6676=CALENDAR_DATE(1999,1,1);
#6677=CALENDAR_DATE(1999,1,1);
#6678=CALENDAR_DATE(1999,1,1);
#6679=CALENDAR_DATE(1999,1,1);
#6680=CALENDAR_DATE(1999,1,1);
#6681=CALENDAR_DATE(1999,1,1);
#6682=CALENDAR_DATE(1999,1,1);
#6683=DATE_AND_TIME(#6653,#6623);
#6684=DATE_AND_TIME(#6654,#6624);
#6685=DATE_AND_TIME(#6655,#6625);
#6686=DATE_AND_TIME(#6656,#6626);
#6687=DATE_AND_TIME(#6657,#6627);
#6688=DATE_AND_TIME(#6658,#6628);
#6689=DATE_AND_TIME(#6659,#6629);
#6690=DATE_AND_TIME(#6660,#6630);
#6691=DATE_AND_TIME(#6661,#6631);
#6692=DATE_AND_TIME(#6662,#6632);
#6693=DATE_AND_TIME(#6663,#6633);
#6694=DATE_AND_TIME(#6664,#6634);
#6695=DATE_AND_TIME(#6665,#6635);
#6696=DATE_AND_TIME(#6666,#6636);
#6697=DATE_AND_TIME(#6667,#6637);
#6698=DATE_AND_TIME(#6668,#6638);
#6699=DATE_AND_TIME(#6669,#6639);
#6700=DATE_AND_TIME(#6670,#6640);
#6701=DATE_AND_TIME(#6671,#6641);
#6702=DATE_AND_TIME(#6672,#6642);
#6703=DATE_AND_TIME(#6673,#6643);
#6704=DATE_AND_TIME(#6674,#6644);
#6705=DATE_AND_TIME(#6675,#6645);
#6706=DATE_AND_TIME(#6676,#6646);
#6707=DATE_AND_TIME(#6677,#6647);
#6708=DATE_AND_TIME(#6678,#6648);
#6709=DATE_AND_TIME(#6679,#6649);
#6710=DATE_AND_TIME(#6680,#6650);
#6711=DATE_AND_TIME(#6681,#6651);
#6712=DATE_AND_TIME(#6682,#6652);
#6713=APPROVAL_DATE_TIME(#6683,#6749);
#6714=APPROVAL_DATE_TIME(#6684,#6750);
#6715=APPROVAL_DATE_TIME(#6686,#6751);
#6716=APPROVAL_DATE_TIME(#6688,#6752);
#6717=APPROVAL_DATE_TIME(#6689,#6753);
#6718=APPROVAL_DATE_TIME(#6691,#6754);
#6719=APPROVAL_DATE_TIME(#6693,#6755);
#6720=APPROVAL_DATE_TIME(#6694,#6756);
#6721=APPROVAL_DATE_TIME(#6696,#6757);
#6722=APPROVAL_DATE_TIME(#6698,#6758);
#6723=APPROVAL_DATE_TIME(#6699,#6759);
#6724=APPROVAL_DATE_TIME(#6701,#6760);
#6725=APPROVAL_DATE_TIME(#6703,#6761);
#6726=APPROVAL_DATE_TIME(#6704,#6762);
#6727=APPROVAL_DATE_TIME(#6706,#6763);
#6728=APPROVAL_DATE_TIME(#6708,#6764);
#6729=APPROVAL_DATE_TIME(#6709,#6765);
#6730=APPROVAL_DATE_TIME(#6711,#6766);
#6731=APPROVAL_STATUS('not_yet_approved');
#6732=APPROVAL_STATUS('not_yet_approved');
#6733=APPROVAL_STATUS('approved');
#6734=APPROVAL_STATUS('not_yet_approved');
#6735=APPROVAL_STATUS('not_yet_approved');
#6736=APPROVAL_STATUS('approved');
#6737=APPROVAL_STATUS('not_yet_approved');
#6738=APPROVAL_STATUS('not_yet_approved');
#6739=APPROVAL_STATUS('approved');
#6740=APPROVAL_STATUS('not_yet_approved');
#6741=APPROVAL_STATUS('not_yet_approved');
#6742=APPROVAL_STATUS('approved');
#6743=APPROVAL_STATUS('not_yet_approved');
#6744=APPROVAL_STATUS('not_yet_approved');
#6745=APPROVAL_STATUS('approved');
#6746=APPROVAL_STATUS('not_yet_approved');
#6747=APPROVAL_STATUS('not_yet_approved');
#6748=APPROVAL_STATUS('approved');
#6749=APPROVAL(#6731,'Version approval');
#6750=APPROVAL(#6732,'Version Security approval');
#6751=APPROVAL(#6733,'Definition approval');
#6752=APPROVAL(#6734,'Version approval');
#6753=APPROVAL(#6735,'Version Security approval');
#6754=APPROVAL(#6736,'Definition approval');
#6755=APPROVAL(#6737,'Version approval');
#6756=APPROVAL(#6738,'Version Security approval');
#6757=APPROVAL(#6739,'Definition approval');
#6758=APPROVAL(#6740,'Version approval');
#6759=APPROVAL(#6741,'Version Security approval');
#6760=APPROVAL(#6742,'Definition approval');
#6761=APPROVAL(#6743,'Version approval');
#6762=APPROVAL(#6744,'Version Security approval');
#6763=APPROVAL(#6745,'Definition approval');
#6764=APPROVAL(#6746,'Version approval');
#6765=APPROVAL(#6747,'Version Security approval');
#6766=APPROVAL(#6748,'Definition approval');
#6767=APPLIED_APPROVAL_ASSIGNMENT(#6749,(#6785));
#6768=APPLIED_APPROVAL_ASSIGNMENT(#6750,(#6569));
#6769=APPLIED_APPROVAL_ASSIGNMENT(#6751,(#6533));
#6770=APPLIED_APPROVAL_ASSIGNMENT(#6752,(#6786));
#6771=APPLIED_APPROVAL_ASSIGNMENT(#6753,(#6570));
#6772=APPLIED_APPROVAL_ASSIGNMENT(#6754,(#6534));
#6773=APPLIED_APPROVAL_ASSIGNMENT(#6755,(#6787));
#6774=APPLIED_APPROVAL_ASSIGNMENT(#6756,(#6571));
#6775=APPLIED_APPROVAL_ASSIGNMENT(#6757,(#6535));
#6776=APPLIED_APPROVAL_ASSIGNMENT(#6758,(#6788));
#6777=APPLIED_APPROVAL_ASSIGNMENT(#6759,(#6572));
#6778=APPLIED_APPROVAL_ASSIGNMENT(#6760,(#6536));
#6779=APPLIED_APPROVAL_ASSIGNMENT(#6761,(#6789));
#6780=APPLIED_APPROVAL_ASSIGNMENT(#6762,(#6573));
#6781=APPLIED_APPROVAL_ASSIGNMENT(#6763,(#6537));
#6782=APPLIED_APPROVAL_ASSIGNMENT(#6764,(#6790));
#6783=APPLIED_APPROVAL_ASSIGNMENT(#6765,(#6574));
#6784=APPLIED_APPROVAL_ASSIGNMENT(#6766,(#6538));
#6785=PRODUCT_DEFINITION_FORMATION_WITH_SPECIFIED_SOURCE('A',
'First version',#6977,.MADE.);
#6786=PRODUCT_DEFINITION_FORMATION_WITH_SPECIFIED_SOURCE('A',
'First version',#6978,.MADE.);
#6787=PRODUCT_DEFINITION_FORMATION_WITH_SPECIFIED_SOURCE('A',
'First version',#6979,.MADE.);
#6788=PRODUCT_DEFINITION_FORMATION_WITH_SPECIFIED_SOURCE('A',
'First version',#6980,.MADE.);
#6789=PRODUCT_DEFINITION_FORMATION_WITH_SPECIFIED_SOURCE('A',
'First version',#6981,.MADE.);
#6790=PRODUCT_DEFINITION_FORMATION_WITH_SPECIFIED_SOURCE('A',
'First version',#6982,.MADE.);
#6791=PERSON_AND_ORGANIZATION_ROLE('design_owner');
#6792=PERSON_AND_ORGANIZATION_ROLE('creator');
#6793=PERSON_AND_ORGANIZATION_ROLE('design_supplier');
#6794=PERSON_AND_ORGANIZATION_ROLE('classification_officer');
#6795=PERSON_AND_ORGANIZATION_ROLE('creator');
#6796=PERSON_AND_ORGANIZATION_ROLE('design_owner');
#6797=PERSON_AND_ORGANIZATION_ROLE('creator');
#6798=PERSON_AND_ORGANIZATION_ROLE('design_supplier');
#6799=PERSON_AND_ORGANIZATION_ROLE('classification_officer');
#6800=PERSON_AND_ORGANIZATION_ROLE('creator');
#6801=PERSON_AND_ORGANIZATION_ROLE('design_owner');
#6802=PERSON_AND_ORGANIZATION_ROLE('creator');
#6803=PERSON_AND_ORGANIZATION_ROLE('design_supplier');
#6804=PERSON_AND_ORGANIZATION_ROLE('classification_officer');
#6805=PERSON_AND_ORGANIZATION_ROLE('creator');
#6806=PERSON_AND_ORGANIZATION_ROLE('design_owner');
#6807=PERSON_AND_ORGANIZATION_ROLE('creator');
#6808=PERSON_AND_ORGANIZATION_ROLE('design_supplier');
#6809=PERSON_AND_ORGANIZATION_ROLE('classification_officer');
#6810=PERSON_AND_ORGANIZATION_ROLE('creator');
#6811=PERSON_AND_ORGANIZATION_ROLE('design_owner');
#6812=PERSON_AND_ORGANIZATION_ROLE('creator');
#6813=PERSON_AND_ORGANIZATION_ROLE('design_supplier');
#6814=PERSON_AND_ORGANIZATION_ROLE('classification_officer');
#6815=PERSON_AND_ORGANIZATION_ROLE('creator');
#6816=PERSON_AND_ORGANIZATION_ROLE('design_owner');
#6817=PERSON_AND_ORGANIZATION_ROLE('creator');
#6818=PERSON_AND_ORGANIZATION_ROLE('design_supplier');
#6819=PERSON_AND_ORGANIZATION_ROLE('classification_officer');
#6820=PERSON_AND_ORGANIZATION_ROLE('creator');
#6821=ORGANIZATION('STI','lab','lab');
#6822=ORGANIZATION('STI','unknown','unknown');
#6823=ORGANIZATION('STI','unknown','unknown');
#6824=ORGANIZATION('STI','unknown','unknown');
#6825=ORGANIZATION('STI','unknown','unknown');
#6826=ORGANIZATION('STI','unknown','unknown');
#6827=ORGANIZATION('STI','unknown','unknown');
#6828=ORGANIZATION('STI','lab','lab');
#6829=ORGANIZATION('STI','unknown','unknown');
#6830=ORGANIZATION('STI','unknown','unknown');
#6831=ORGANIZATION('STI','unknown','unknown');
#6832=ORGANIZATION('STI','unknown','unknown');
#6833=ORGANIZATION('STI','unknown','unknown');
#6834=ORGANIZATION('STI','unknown','unknown');
#6835=ORGANIZATION('STI','lab','lab');
#6836=ORGANIZATION('STI','unknown','unknown');
#6837=ORGANIZATION('STI','unknown','unknown');
#6838=ORGANIZATION('STI','unknown','unknown');
#6839=ORGANIZATION('STI','unknown','unknown');
#6840=ORGANIZATION('STI','unknown','unknown');
#6841=ORGANIZATION('STI','unknown','unknown');
#6842=ORGANIZATION('STI','lab','lab');
#6843=ORGANIZATION('STI','unknown','unknown');
#6844=ORGANIZATION('STI','unknown','unknown');
#6845=ORGANIZATION('STI','unknown','unknown');
#6846=ORGANIZATION('STI','unknown','unknown');
#6847=ORGANIZATION('STI','unknown','unknown');
#6848=ORGANIZATION('STI','unknown','unknown');
#6849=ORGANIZATION('STI','lab','lab');
#6850=ORGANIZATION('STI','unknown','unknown');
#6851=ORGANIZATION('STI','unknown','unknown');
#6852=ORGANIZATION('STI','unknown','unknown');
#6853=ORGANIZATION('STI','unknown','unknown');
#6854=ORGANIZATION('STI','unknown','unknown');
#6855=ORGANIZATION('STI','unknown','unknown');
#6856=ORGANIZATION('STI','lab','lab');
#6857=ORGANIZATION('STI','unknown','unknown');
#6858=ORGANIZATION('STI','unknown','unknown');
#6859=ORGANIZATION('STI','unknown','unknown');
#6860=ORGANIZATION('STI','unknown','unknown');
#6861=ORGANIZATION('STI','unknown','unknown');
#6862=ORGANIZATION('STI','unknown','unknown');
#6863=PERSON('1','Box','vc60',$,$,$);
#6864=PERSON('2','last','first',$,$,$);
#6865=PERSON('3','President','Mr.',$,$,$);
#6866=PERSON('1','Box','vc60',$,$,$);
#6867=PERSON('2','last','first',$,$,$);
#6868=PERSON('3','President','Mr.',$,$,$);
#6869=PERSON('1','Box','vc60',$,$,$);
#6870=PERSON('2','last','first',$,$,$);
#6871=PERSON('3','President','Mr.',$,$,$);
#6872=PERSON('1','Box','vc60',$,$,$);
#6873=PERSON('2','last','first',$,$,$);
#6874=PERSON('3','President','Mr.',$,$,$);
#6875=PERSON('1','Box','vc60',$,$,$);
#6876=PERSON('2','last','first',$,$,$);
#6877=PERSON('3','President','Mr.',$,$,$);
#6878=PERSON('1','Box','vc60',$,$,$);
#6879=PERSON('2','last','first',$,$,$);
#6880=PERSON('3','President','Mr.',$,$,$);
#6881=PERSON_AND_ORGANIZATION(#6863,#6821);
#6882=PERSON_AND_ORGANIZATION(#6864,#6822);
#6883=PERSON_AND_ORGANIZATION(#6865,#6823);
#6884=PERSON_AND_ORGANIZATION(#6865,#6824);
#6885=PERSON_AND_ORGANIZATION(#6865,#6825);
#6886=PERSON_AND_ORGANIZATION(#6864,#6826);
#6887=PERSON_AND_ORGANIZATION(#6865,#6827);
#6888=PERSON_AND_ORGANIZATION(#6866,#6828);
#6889=PERSON_AND_ORGANIZATION(#6867,#6829);
#6890=PERSON_AND_ORGANIZATION(#6868,#6830);
#6891=PERSON_AND_ORGANIZATION(#6868,#6831);
#6892=PERSON_AND_ORGANIZATION(#6868,#6832);
#6893=PERSON_AND_ORGANIZATION(#6867,#6833);
#6894=PERSON_AND_ORGANIZATION(#6868,#6834);
#6895=PERSON_AND_ORGANIZATION(#6869,#6835);
#6896=PERSON_AND_ORGANIZATION(#6870,#6836);
#6897=PERSON_AND_ORGANIZATION(#6871,#6837);
#6898=PERSON_AND_ORGANIZATION(#6871,#6838);
#6899=PERSON_AND_ORGANIZATION(#6871,#6839);
#6900=PERSON_AND_ORGANIZATION(#6870,#6840);
#6901=PERSON_AND_ORGANIZATION(#6871,#6841);
#6902=PERSON_AND_ORGANIZATION(#6872,#6842);
#6903=PERSON_AND_ORGANIZATION(#6873,#6843);
#6904=PERSON_AND_ORGANIZATION(#6874,#6844);
#6905=PERSON_AND_ORGANIZATION(#6874,#6845);
#6906=PERSON_AND_ORGANIZATION(#6874,#6846);
#6907=PERSON_AND_ORGANIZATION(#6873,#6847);
#6908=PERSON_AND_ORGANIZATION(#6874,#6848);
#6909=PERSON_AND_ORGANIZATION(#6875,#6849);
#6910=PERSON_AND_ORGANIZATION(#6876,#6850);
#6911=PERSON_AND_ORGANIZATION(#6877,#6851);
#6912=PERSON_AND_ORGANIZATION(#6877,#6852);
#6913=PERSON_AND_ORGANIZATION(#6877,#6853);
#6914=PERSON_AND_ORGANIZATION(#6876,#6854);
#6915=PERSON_AND_ORGANIZATION(#6877,#6855);
#6916=PERSON_AND_ORGANIZATION(#6878,#6856);
#6917=PERSON_AND_ORGANIZATION(#6879,#6857);
#6918=PERSON_AND_ORGANIZATION(#6880,#6858);
#6919=PERSON_AND_ORGANIZATION(#6880,#6859);
#6920=PERSON_AND_ORGANIZATION(#6880,#6860);
#6921=PERSON_AND_ORGANIZATION(#6879,#6861);
#6922=PERSON_AND_ORGANIZATION(#6880,#6862);
#6923=APPLIED_PERSON_AND_ORGANIZATION_ASSIGNMENT(#6881,#6791,(#6977));
#6924=APPLIED_PERSON_AND_ORGANIZATION_ASSIGNMENT(#6882,#6792,(#6785));
#6925=APPLIED_PERSON_AND_ORGANIZATION_ASSIGNMENT(#6882,#6793,(#6785));
#6926=APPLIED_PERSON_AND_ORGANIZATION_ASSIGNMENT(#6885,#6794,(#6569));
#6927=APPLIED_PERSON_AND_ORGANIZATION_ASSIGNMENT(#6886,#6795,(#6533));
#6928=APPLIED_PERSON_AND_ORGANIZATION_ASSIGNMENT(#6888,#6796,(#6978));
#6929=APPLIED_PERSON_AND_ORGANIZATION_ASSIGNMENT(#6889,#6797,(#6786));
#6930=APPLIED_PERSON_AND_ORGANIZATION_ASSIGNMENT(#6889,#6798,(#6786));
#6931=APPLIED_PERSON_AND_ORGANIZATION_ASSIGNMENT(#6892,#6799,(#6570));
#6932=APPLIED_PERSON_AND_ORGANIZATION_ASSIGNMENT(#6893,#6800,(#6534));
#6933=APPLIED_PERSON_AND_ORGANIZATION_ASSIGNMENT(#6895,#6801,(#6979));
#6934=APPLIED_PERSON_AND_ORGANIZATION_ASSIGNMENT(#6896,#6802,(#6787));
#6935=APPLIED_PERSON_AND_ORGANIZATION_ASSIGNMENT(#6896,#6803,(#6787));
#6936=APPLIED_PERSON_AND_ORGANIZATION_ASSIGNMENT(#6899,#6804,(#6571));
#6937=APPLIED_PERSON_AND_ORGANIZATION_ASSIGNMENT(#6900,#6805,(#6535));
#6938=APPLIED_PERSON_AND_ORGANIZATION_ASSIGNMENT(#6902,#6806,(#6980));
#6939=APPLIED_PERSON_AND_ORGANIZATION_ASSIGNMENT(#6903,#6807,(#6788));
#6940=APPLIED_PERSON_AND_ORGANIZATION_ASSIGNMENT(#6903,#6808,(#6788));
#6941=APPLIED_PERSON_AND_ORGANIZATION_ASSIGNMENT(#6906,#6809,(#6572));
#6942=APPLIED_PERSON_AND_ORGANIZATION_ASSIGNMENT(#6907,#6810,(#6536));
#6943=APPLIED_PERSON_AND_ORGANIZATION_ASSIGNMENT(#6909,#6811,(#6981));
#6944=APPLIED_PERSON_AND_ORGANIZATION_ASSIGNMENT(#6910,#6812,(#6789));
#6945=APPLIED_PERSON_AND_ORGANIZATION_ASSIGNMENT(#6910,#6813,(#6789));
#6946=APPLIED_PERSON_AND_ORGANIZATION_ASSIGNMENT(#6913,#6814,(#6573));
#6947=APPLIED_PERSON_AND_ORGANIZATION_ASSIGNMENT(#6914,#6815,(#6537));
#6948=APPLIED_PERSON_AND_ORGANIZATION_ASSIGNMENT(#6916,#6816,(#6982));
#6949=APPLIED_PERSON_AND_ORGANIZATION_ASSIGNMENT(#6917,#6817,(#6790));
#6950=APPLIED_PERSON_AND_ORGANIZATION_ASSIGNMENT(#6917,#6818,(#6790));
#6951=APPLIED_PERSON_AND_ORGANIZATION_ASSIGNMENT(#6920,#6819,(#6574));
#6952=APPLIED_PERSON_AND_ORGANIZATION_ASSIGNMENT(#6921,#6820,(#6538));
#6953=PRODUCT_RELATED_PRODUCT_CATEGORY('detail','detail',(#6977));
#6954=PRODUCT_RELATED_PRODUCT_CATEGORY('detail','detail',(#6978));
#6955=PRODUCT_RELATED_PRODUCT_CATEGORY('detail','detail',(#6979));
#6956=PRODUCT_RELATED_PRODUCT_CATEGORY('detail','detail',(#6980));
#6957=PRODUCT_RELATED_PRODUCT_CATEGORY('detail','detail',(#6981));
#6958=PRODUCT_RELATED_PRODUCT_CATEGORY('detail','detail',(#6982));
#6959=APPLICATION_PROTOCOL_DEFINITION('International Standard',
'config_control_design',1994,#6965);
#6960=APPLICATION_PROTOCOL_DEFINITION('International Standard',
'config_control_design',1994,#6966);
#6961=APPLICATION_PROTOCOL_DEFINITION('International Standard',
'config_control_design',1994,#6967);
#6962=APPLICATION_PROTOCOL_DEFINITION('International Standard',
'config_control_design',1994,#6968);
#6963=APPLICATION_PROTOCOL_DEFINITION('International Standard',
'config_control_design',1994,#6969);
#6964=APPLICATION_PROTOCOL_DEFINITION('International Standard',
'config_control_design',1994,#6970);
#6965=APPLICATION_CONTEXT(
'configuration controlled 3d designs of mechanical parts and assemblie
s');
#6966=APPLICATION_CONTEXT(
'configuration controlled 3d designs of mechanical parts and assemblie
s');
#6967=APPLICATION_CONTEXT(
'configuration controlled 3d designs of mechanical parts and assemblie
s');
#6968=APPLICATION_CONTEXT(
'configuration controlled 3d designs of mechanical parts and assemblie
s');
#6969=APPLICATION_CONTEXT(
'configuration controlled 3d designs of mechanical parts and assemblie
s');
#6970=APPLICATION_CONTEXT(
'configuration controlled 3d designs of mechanical parts and assemblie
s');
#6971=PRODUCT_CONTEXT('3D Mechanical Parts',#6965,'mechanical');
#6972=PRODUCT_CONTEXT('3D Mechanical Parts',#6966,'mechanical');
#6973=PRODUCT_CONTEXT('3D Mechanical Parts',#6967,'mechanical');
#6974=PRODUCT_CONTEXT('3D Mechanical Parts',#6968,'mechanical');
#6975=PRODUCT_CONTEXT('3D Mechanical Parts',#6969,'mechanical');
#6976=PRODUCT_CONTEXT('3D Mechanical Parts',#6970,'mechanical');
#6977=PRODUCT('Document','Document','Rhino converted to STEP',(#6971));
#6978=PRODUCT('lightboard 1','lightboard 1','Rhino converted to STEP',(#6972));
#6979=PRODUCT('BatteryHolder_Keystone_1060_1x2032',
'BatteryHolder_Keystone_1060_1x2032','Rhino converted to STEP',(#6973));
#6980=PRODUCT('LED_0805_2012Metric','LED_0805_2012Metric',
'Rhino converted to STEP',(#6974));
#6981=PRODUCT('R_0805_2012Metric','R_0805_2012Metric',
'Rhino converted to STEP',(#6975));
#6982=PRODUCT('lightboard_PCB','lightboard_PCB',
'Rhino converted to STEP',(#6976));
#6983=(
LENGTH_UNIT()
NAMED_UNIT(*)
SI_UNIT(.MILLI.,.METRE.)
);
#6984=(
LENGTH_UNIT()
NAMED_UNIT(*)
SI_UNIT(.MILLI.,.METRE.)
);
#6985=(
LENGTH_UNIT()
NAMED_UNIT(*)
SI_UNIT(.MILLI.,.METRE.)
);
#6986=(
LENGTH_UNIT()
NAMED_UNIT(*)
SI_UNIT(.MILLI.,.METRE.)
);
#6987=(
LENGTH_UNIT()
NAMED_UNIT(*)
SI_UNIT(.MILLI.,.METRE.)
);
#6988=(
LENGTH_UNIT()
NAMED_UNIT(*)
SI_UNIT(.MILLI.,.METRE.)
);
#6989=(
NAMED_UNIT(*)
PLANE_ANGLE_UNIT()
SI_UNIT($,.RADIAN.)
);
#6990=(
NAMED_UNIT(*)
PLANE_ANGLE_UNIT()
SI_UNIT($,.RADIAN.)
);
#6991=(
NAMED_UNIT(*)
PLANE_ANGLE_UNIT()
SI_UNIT($,.RADIAN.)
);
#6992=(
NAMED_UNIT(*)
PLANE_ANGLE_UNIT()
SI_UNIT($,.RADIAN.)
);
#6993=(
NAMED_UNIT(*)
PLANE_ANGLE_UNIT()
SI_UNIT($,.RADIAN.)
);
#6994=(
NAMED_UNIT(*)
PLANE_ANGLE_UNIT()
SI_UNIT($,.RADIAN.)
);
#6995=DIMENSIONAL_EXPONENTS(0.,0.,0.,0.,0.,0.,0.);
#6996=DIMENSIONAL_EXPONENTS(0.,0.,0.,0.,0.,0.,0.);
#6997=DIMENSIONAL_EXPONENTS(0.,0.,0.,0.,0.,0.,0.);
#6998=DIMENSIONAL_EXPONENTS(0.,0.,0.,0.,0.,0.,0.);
#6999=DIMENSIONAL_EXPONENTS(0.,0.,0.,0.,0.,0.,0.);
#7000=DIMENSIONAL_EXPONENTS(0.,0.,0.,0.,0.,0.,0.);
#7001=PLANE_ANGLE_MEASURE_WITH_UNIT(PLANE_ANGLE_MEASURE(0.01745329252),
#6989);
#7002=PLANE_ANGLE_MEASURE_WITH_UNIT(PLANE_ANGLE_MEASURE(0.01745329252),
#6990);
#7003=PLANE_ANGLE_MEASURE_WITH_UNIT(PLANE_ANGLE_MEASURE(0.01745329252),
#6991);
#7004=PLANE_ANGLE_MEASURE_WITH_UNIT(PLANE_ANGLE_MEASURE(0.01745329252),
#6992);
#7005=PLANE_ANGLE_MEASURE_WITH_UNIT(PLANE_ANGLE_MEASURE(0.01745329252),
#6993);
#7006=PLANE_ANGLE_MEASURE_WITH_UNIT(PLANE_ANGLE_MEASURE(0.01745329252),
#6994);
#7007=(
CONVERSION_BASED_UNIT('DEGREES',#7001)
NAMED_UNIT(#6995)
PLANE_ANGLE_UNIT()
);
#7008=(
CONVERSION_BASED_UNIT('DEGREES',#7002)
NAMED_UNIT(#6996)
PLANE_ANGLE_UNIT()
);
#7009=(
CONVERSION_BASED_UNIT('DEGREES',#7003)
NAMED_UNIT(#6997)
PLANE_ANGLE_UNIT()
);
#7010=(
CONVERSION_BASED_UNIT('DEGREES',#7004)
NAMED_UNIT(#6998)
PLANE_ANGLE_UNIT()
);
#7011=(
CONVERSION_BASED_UNIT('DEGREES',#7005)
NAMED_UNIT(#6999)
PLANE_ANGLE_UNIT()
);
#7012=(
CONVERSION_BASED_UNIT('DEGREES',#7006)
NAMED_UNIT(#7000)
PLANE_ANGLE_UNIT()
);
#7013=(
NAMED_UNIT(*)
SI_UNIT($,.STERADIAN.)
SOLID_ANGLE_UNIT()
);
#7014=(
NAMED_UNIT(*)
SI_UNIT($,.STERADIAN.)
SOLID_ANGLE_UNIT()
);
#7015=(
NAMED_UNIT(*)
SI_UNIT($,.STERADIAN.)
SOLID_ANGLE_UNIT()
);
#7016=(
NAMED_UNIT(*)
SI_UNIT($,.STERADIAN.)
SOLID_ANGLE_UNIT()
);
#7017=(
NAMED_UNIT(*)
SI_UNIT($,.STERADIAN.)
SOLID_ANGLE_UNIT()
);
#7018=(
NAMED_UNIT(*)
SI_UNIT($,.STERADIAN.)
SOLID_ANGLE_UNIT()
);
#7019=UNCERTAINTY_MEASURE_WITH_UNIT(LENGTH_MEASURE(1.E-6),#6983,
'DISTANCE_ACCURACY_VALUE',
'Maximum model space distance between geometric entities at asserted c
onnectivities');
#7020=UNCERTAINTY_MEASURE_WITH_UNIT(LENGTH_MEASURE(1.E-6),#6984,
'DISTANCE_ACCURACY_VALUE',
'Maximum model space distance between geometric entities at asserted c
onnectivities');
#7021=UNCERTAINTY_MEASURE_WITH_UNIT(LENGTH_MEASURE(1.E-6),#6985,
'DISTANCE_ACCURACY_VALUE',
'Maximum model space distance between geometric entities at asserted c
onnectivities');
#7022=UNCERTAINTY_MEASURE_WITH_UNIT(LENGTH_MEASURE(1.E-6),#6986,
'DISTANCE_ACCURACY_VALUE',
'Maximum model space distance between geometric entities at asserted c
onnectivities');
#7023=UNCERTAINTY_MEASURE_WITH_UNIT(LENGTH_MEASURE(1.E-6),#6987,
'DISTANCE_ACCURACY_VALUE',
'Maximum model space distance between geometric entities at asserted c
onnectivities');
#7024=UNCERTAINTY_MEASURE_WITH_UNIT(LENGTH_MEASURE(1.E-6),#6988,
'DISTANCE_ACCURACY_VALUE',
'Maximum model space distance between geometric entities at asserted c
onnectivities');
#7025=(
GEOMETRIC_REPRESENTATION_CONTEXT(3)
GLOBAL_UNCERTAINTY_ASSIGNED_CONTEXT((#7019))
GLOBAL_UNIT_ASSIGNED_CONTEXT((#7013,#7007,#6983))
REPRESENTATION_CONTEXT('ID1','3D')
);
#7026=(
GEOMETRIC_REPRESENTATION_CONTEXT(3)
GLOBAL_UNCERTAINTY_ASSIGNED_CONTEXT((#7020))
GLOBAL_UNIT_ASSIGNED_CONTEXT((#7014,#7008,#6984))
REPRESENTATION_CONTEXT('ID1','3D')
);
#7027=(
GEOMETRIC_REPRESENTATION_CONTEXT(3)
GLOBAL_UNCERTAINTY_ASSIGNED_CONTEXT((#7021))
GLOBAL_UNIT_ASSIGNED_CONTEXT((#7015,#7009,#6985))
REPRESENTATION_CONTEXT('ID1','3D')
);
#7028=(
GEOMETRIC_REPRESENTATION_CONTEXT(3)
GLOBAL_UNCERTAINTY_ASSIGNED_CONTEXT((#7022))
GLOBAL_UNIT_ASSIGNED_CONTEXT((#7016,#7010,#6986))
REPRESENTATION_CONTEXT('ID1','3D')
);
#7029=(
GEOMETRIC_REPRESENTATION_CONTEXT(3)
GLOBAL_UNCERTAINTY_ASSIGNED_CONTEXT((#7023))
GLOBAL_UNIT_ASSIGNED_CONTEXT((#7017,#7011,#6987))
REPRESENTATION_CONTEXT('ID1','3D')
);
#7030=(
GEOMETRIC_REPRESENTATION_CONTEXT(3)
GLOBAL_UNCERTAINTY_ASSIGNED_CONTEXT((#7024))
GLOBAL_UNIT_ASSIGNED_CONTEXT((#7018,#7012,#6988))
REPRESENTATION_CONTEXT('ID1','3D')
);
#7031=SHAPE_REPRESENTATION('Document',(#7037,#7345,#7350),#7025);
#7032=SHAPE_REPRESENTATION('lightboard 1',(#7151,#7245,#7298,#7327,#7344),
#7026);
#7033=SHAPE_REPRESENTATION('BatteryHolder_Keystone_1060_1x2032',(#7152,
#7244),#7027);
#7034=SHAPE_REPRESENTATION('LED_0805_2012Metric',(#7246,#7297),#7028);
#7035=SHAPE_REPRESENTATION('R_0805_2012Metric',(#7299,#7326),#7029);
#7036=SHAPE_REPRESENTATION('lightboard_PCB',(#7328,#7343),#7030);
#7037=AXIS2_PLACEMENT_3D('',#7681,#7351,#7352);
#7038=AXIS2_PLACEMENT_3D('',#7682,#7353,$);
#7039=AXIS2_PLACEMENT_3D('',#7683,#7354,$);
#7040=AXIS2_PLACEMENT_3D('',#7684,#7355,$);
#7041=AXIS2_PLACEMENT_3D('',#7685,#7356,$);
#7042=AXIS2_PLACEMENT_3D('',#7686,#7357,$);
#7043=AXIS2_PLACEMENT_3D('',#7687,#7358,$);
#7044=AXIS2_PLACEMENT_3D('',#7688,#7359,$);
#7045=AXIS2_PLACEMENT_3D('',#7689,#7360,$);
#7046=AXIS2_PLACEMENT_3D('',#7690,#7361,$);
#7047=AXIS2_PLACEMENT_3D('',#7691,#7362,$);
#7048=AXIS2_PLACEMENT_3D('',#7692,#7363,$);
#7049=AXIS2_PLACEMENT_3D('',#7693,#7364,$);
#7050=AXIS2_PLACEMENT_3D('',#7694,#7365,$);
#7051=AXIS2_PLACEMENT_3D('',#7695,#7366,$);
#7052=AXIS2_PLACEMENT_3D('',#7696,#7367,$);
#7053=AXIS2_PLACEMENT_3D('',#7697,#7368,$);
#7054=AXIS2_PLACEMENT_3D('',#7698,#7369,$);
#7055=AXIS2_PLACEMENT_3D('',#7699,#7370,$);
#7056=AXIS2_PLACEMENT_3D('',#7700,#7371,$);
#7057=AXIS2_PLACEMENT_3D('',#7701,#7372,$);
#7058=AXIS2_PLACEMENT_3D('',#7702,#7373,$);
#7059=AXIS2_PLACEMENT_3D('',#7703,#7374,$);
#7060=AXIS2_PLACEMENT_3D('',#7704,#7375,$);
#7061=AXIS2_PLACEMENT_3D('',#7705,#7376,$);
#7062=AXIS2_PLACEMENT_3D('',#7706,#7377,$);
#7063=AXIS2_PLACEMENT_3D('',#7783,#7378,$);
#7064=AXIS2_PLACEMENT_3D('',#7848,#7379,$);
#7065=AXIS2_PLACEMENT_3D('',#7849,#7380,$);
#7066=AXIS2_PLACEMENT_3D('',#7850,#7381,$);
#7067=AXIS2_PLACEMENT_3D('',#7851,#7382,$);
#7068=AXIS2_PLACEMENT_3D('',#7852,#7383,$);
#7069=AXIS2_PLACEMENT_3D('',#7853,#7384,$);
#7070=AXIS2_PLACEMENT_3D('',#7854,#7385,$);
#7071=AXIS2_PLACEMENT_3D('',#7855,#7386,$);
#7072=AXIS2_PLACEMENT_3D('',#7856,#7387,$);
#7073=AXIS2_PLACEMENT_3D('',#7857,#7388,$);
#7074=AXIS2_PLACEMENT_3D('',#7858,#7389,$);
#7075=AXIS2_PLACEMENT_3D('',#7859,#7390,$);
#7076=AXIS2_PLACEMENT_3D('',#7898,#7391,$);
#7077=AXIS2_PLACEMENT_3D('',#7917,#7392,$);
#7078=AXIS2_PLACEMENT_3D('',#7936,#7393,$);
#7079=AXIS2_PLACEMENT_3D('',#7937,#7394,$);
#7080=AXIS2_PLACEMENT_3D('',#7960,#7395,$);
#7081=AXIS2_PLACEMENT_3D('',#7961,#7396,$);
#7082=AXIS2_PLACEMENT_3D('',#7962,#7397,$);
#7083=AXIS2_PLACEMENT_3D('',#7985,#7398,$);
#7084=AXIS2_PLACEMENT_3D('',#7986,#7399,$);
#7085=AXIS2_PLACEMENT_3D('',#7987,#7400,$);
#7086=AXIS2_PLACEMENT_3D('',#7988,#7401,$);
#7087=AXIS2_PLACEMENT_3D('',#7989,#7402,$);
#7088=AXIS2_PLACEMENT_3D('',#7990,#7403,$);
#7089=AXIS2_PLACEMENT_3D('',#8013,#7404,$);
#7090=AXIS2_PLACEMENT_3D('',#8014,#7405,$);
#7091=AXIS2_PLACEMENT_3D('',#8015,#7406,$);
#7092=AXIS2_PLACEMENT_3D('',#8038,#7407,$);
#7093=AXIS2_PLACEMENT_3D('',#8039,#7408,$);
#7094=AXIS2_PLACEMENT_3D('',#8040,#7409,$);
#7095=AXIS2_PLACEMENT_3D('',#8041,#7410,$);
#7096=AXIS2_PLACEMENT_3D('',#8042,#7411,$);
#7097=AXIS2_PLACEMENT_3D('',#8043,#7412,$);
#7098=AXIS2_PLACEMENT_3D('',#8106,#7413,$);
#7099=AXIS2_PLACEMENT_3D('',#8139,#7414,$);
#7100=AXIS2_PLACEMENT_3D('',#8150,#7415,$);
#7101=AXIS2_PLACEMENT_3D('',#8197,#7416,$);
#7102=AXIS2_PLACEMENT_3D('',#8198,#7417,$);
#7103=AXIS2_PLACEMENT_3D('',#8199,#7418,$);
#7104=AXIS2_PLACEMENT_3D('',#9266,#7419,$);
#7105=AXIS2_PLACEMENT_3D('',#9267,#7420,$);
#7106=AXIS2_PLACEMENT_3D('',#9268,#7421,$);
#7107=AXIS2_PLACEMENT_3D('',#9269,#7422,$);
#7108=AXIS2_PLACEMENT_3D('',#9270,#7423,$);
#7109=AXIS2_PLACEMENT_3D('',#9271,#7424,$);
#7110=AXIS2_PLACEMENT_3D('',#9272,#7425,$);
#7111=AXIS2_PLACEMENT_3D('',#9273,#7426,$);
#7112=AXIS2_PLACEMENT_3D('',#9274,#7427,$);
#7113=AXIS2_PLACEMENT_3D('',#9275,#7428,$);
#7114=AXIS2_PLACEMENT_3D('',#9276,#7429,$);
#7115=AXIS2_PLACEMENT_3D('',#9277,#7430,$);
#7116=AXIS2_PLACEMENT_3D('',#9402,#7431,$);
#7117=AXIS2_PLACEMENT_3D('',#9403,#7432,$);
#7118=AXIS2_PLACEMENT_3D('',#9404,#7433,$);
#7119=AXIS2_PLACEMENT_3D('',#9405,#7434,$);
#7120=AXIS2_PLACEMENT_3D('',#9406,#7435,$);
#7121=AXIS2_PLACEMENT_3D('',#9407,#7436,$);
#7122=AXIS2_PLACEMENT_3D('',#9444,#7437,$);
#7123=AXIS2_PLACEMENT_3D('',#9445,#7438,$);
#7124=AXIS2_PLACEMENT_3D('',#9446,#7439,$);
#7125=AXIS2_PLACEMENT_3D('',#9447,#7440,$);
#7126=AXIS2_PLACEMENT_3D('',#9574,#7441,$);
#7127=AXIS2_PLACEMENT_3D('',#9575,#7442,$);
#7128=AXIS2_PLACEMENT_3D('',#9576,#7443,$);
#7129=AXIS2_PLACEMENT_3D('',#9577,#7444,$);
#7130=AXIS2_PLACEMENT_3D('',#9578,#7445,$);
#7131=AXIS2_PLACEMENT_3D('',#9579,#7446,$);
#7132=AXIS2_PLACEMENT_3D('',#9580,#7447,$);
#7133=AXIS2_PLACEMENT_3D('',#9581,#7448,$);
#7134=AXIS2_PLACEMENT_3D('',#9582,#7449,$);
#7135=AXIS2_PLACEMENT_3D('',#9583,#7450,$);
#7136=AXIS2_PLACEMENT_3D('',#9584,#7451,$);
#7137=AXIS2_PLACEMENT_3D('',#9585,#7452,$);
#7138=AXIS2_PLACEMENT_3D('',#9586,#7453,$);
#7139=AXIS2_PLACEMENT_3D('',#9587,#7454,$);
#7140=AXIS2_PLACEMENT_3D('',#9588,#7455,$);
#7141=AXIS2_PLACEMENT_3D('',#9589,#7456,$);
#7142=AXIS2_PLACEMENT_3D('',#9590,#7457,$);
#7143=AXIS2_PLACEMENT_3D('',#9591,#7458,$);
#7144=AXIS2_PLACEMENT_3D('',#9592,#7459,$);
#7145=AXIS2_PLACEMENT_3D('',#9593,#7460,$);
#7146=AXIS2_PLACEMENT_3D('',#9594,#7461,$);
#7147=AXIS2_PLACEMENT_3D('',#9799,#7462,$);
#7148=AXIS2_PLACEMENT_3D('',#9800,#7463,$);
#7149=AXIS2_PLACEMENT_3D('',#9801,#7464,$);
#7150=AXIS2_PLACEMENT_3D('',#9802,#7465,$);
#7151=AXIS2_PLACEMENT_3D('',#9847,#7466,#7467);
#7152=AXIS2_PLACEMENT_3D('',#9848,#7468,#7469);
#7153=AXIS2_PLACEMENT_3D('',#9849,#7470,$);
#7154=AXIS2_PLACEMENT_3D('',#9850,#7471,$);
#7155=AXIS2_PLACEMENT_3D('',#9851,#7472,$);
#7156=AXIS2_PLACEMENT_3D('',#9852,#7473,$);
#7157=AXIS2_PLACEMENT_3D('',#9853,#7474,$);
#7158=AXIS2_PLACEMENT_3D('',#9854,#7475,$);
#7159=AXIS2_PLACEMENT_3D('',#9855,#7476,$);
#7160=AXIS2_PLACEMENT_3D('',#9856,#7477,$);
#7161=AXIS2_PLACEMENT_3D('',#9857,#7478,$);
#7162=AXIS2_PLACEMENT_3D('',#9858,#7479,$);
#7163=AXIS2_PLACEMENT_3D('',#9859,#7480,$);
#7164=AXIS2_PLACEMENT_3D('',#9860,#7481,$);
#7165=AXIS2_PLACEMENT_3D('',#9942,#7482,$);
#7166=AXIS2_PLACEMENT_3D('',#9943,#7483,$);
#7167=AXIS2_PLACEMENT_3D('',#9944,#7484,$);
#7168=AXIS2_PLACEMENT_3D('',#9945,#7485,$);
#7169=AXIS2_PLACEMENT_3D('',#10027,#7486,$);
#7170=AXIS2_PLACEMENT_3D('',#10028,#7487,$);
#7171=AXIS2_PLACEMENT_3D('',#10029,#7488,$);
#7172=AXIS2_PLACEMENT_3D('',#10030,#7489,$);
#7173=AXIS2_PLACEMENT_3D('',#10031,#7490,$);
#7174=AXIS2_PLACEMENT_3D('',#10032,#7491,$);
#7175=AXIS2_PLACEMENT_3D('',#10033,#7492,$);
#7176=AXIS2_PLACEMENT_3D('',#10034,#7493,$);
#7177=AXIS2_PLACEMENT_3D('',#10035,#7494,$);
#7178=AXIS2_PLACEMENT_3D('',#10036,#7495,$);
#7179=AXIS2_PLACEMENT_3D('',#10037,#7496,$);
#7180=AXIS2_PLACEMENT_3D('',#10038,#7497,$);
#7181=AXIS2_PLACEMENT_3D('',#10039,#7498,$);
#7182=AXIS2_PLACEMENT_3D('',#10040,#7499,$);
#7183=AXIS2_PLACEMENT_3D('',#10041,#7500,$);
#7184=AXIS2_PLACEMENT_3D('',#10042,#7501,$);
#7185=AXIS2_PLACEMENT_3D('',#10043,#7502,$);
#7186=AXIS2_PLACEMENT_3D('',#10044,#7503,$);
#7187=AXIS2_PLACEMENT_3D('',#10045,#7504,$);
#7188=AXIS2_PLACEMENT_3D('',#10127,#7505,$);
#7189=AXIS2_PLACEMENT_3D('',#10128,#7506,$);
#7190=AXIS2_PLACEMENT_3D('',#10129,#7507,$);
#7191=AXIS2_PLACEMENT_3D('',#10130,#7508,$);
#7192=AXIS2_PLACEMENT_3D('',#10131,#7509,$);
#7193=AXIS2_PLACEMENT_3D('',#10132,#7510,$);
#7194=AXIS2_PLACEMENT_3D('',#10133,#7511,$);
#7195=AXIS2_PLACEMENT_3D('',#10134,#7512,$);
#7196=AXIS2_PLACEMENT_3D('',#10135,#7513,$);
#7197=AXIS2_PLACEMENT_3D('',#10136,#7514,$);
#7198=AXIS2_PLACEMENT_3D('',#10137,#7515,$);
#7199=AXIS2_PLACEMENT_3D('',#10138,#7516,$);
#7200=AXIS2_PLACEMENT_3D('',#10139,#7517,$);
#7201=AXIS2_PLACEMENT_3D('',#10140,#7518,$);
#7202=AXIS2_PLACEMENT_3D('',#10141,#7519,$);
#7203=AXIS2_PLACEMENT_3D('',#10142,#7520,$);
#7204=AXIS2_PLACEMENT_3D('',#10143,#7521,$);
#7205=AXIS2_PLACEMENT_3D('',#10144,#7522,$);
#7206=AXIS2_PLACEMENT_3D('',#10145,#7523,$);
#7207=AXIS2_PLACEMENT_3D('',#10146,#7524,$);
#7208=AXIS2_PLACEMENT_3D('',#10147,#7525,$);
#7209=AXIS2_PLACEMENT_3D('',#10148,#7526,$);
#7210=AXIS2_PLACEMENT_3D('',#10149,#7527,$);
#7211=AXIS2_PLACEMENT_3D('',#10150,#7528,$);
#7212=AXIS2_PLACEMENT_3D('',#10151,#7529,$);
#7213=AXIS2_PLACEMENT_3D('',#10152,#7530,$);
#7214=AXIS2_PLACEMENT_3D('',#10153,#7531,$);
#7215=AXIS2_PLACEMENT_3D('',#10154,#7532,$);
#7216=AXIS2_PLACEMENT_3D('',#10155,#7533,$);
#7217=AXIS2_PLACEMENT_3D('',#10156,#7534,$);
#7218=AXIS2_PLACEMENT_3D('',#10157,#7535,$);
#7219=AXIS2_PLACEMENT_3D('',#10158,#7536,$);
#7220=AXIS2_PLACEMENT_3D('',#10159,#7537,$);
#7221=AXIS2_PLACEMENT_3D('',#10160,#7538,$);
#7222=AXIS2_PLACEMENT_3D('',#10161,#7539,$);
#7223=AXIS2_PLACEMENT_3D('',#10162,#7540,$);
#7224=AXIS2_PLACEMENT_3D('',#10163,#7541,$);
#7225=AXIS2_PLACEMENT_3D('',#10164,#7542,$);
#7226=AXIS2_PLACEMENT_3D('',#10165,#7543,$);
#7227=AXIS2_PLACEMENT_3D('',#10166,#7544,$);
#7228=AXIS2_PLACEMENT_3D('',#10167,#7545,$);
#7229=AXIS2_PLACEMENT_3D('',#10168,#7546,$);
#7230=AXIS2_PLACEMENT_3D('',#10169,#7547,$);
#7231=AXIS2_PLACEMENT_3D('',#10170,#7548,$);
#7232=AXIS2_PLACEMENT_3D('',#10171,#7549,$);
#7233=AXIS2_PLACEMENT_3D('',#10172,#7550,$);
#7234=AXIS2_PLACEMENT_3D('',#10173,#7551,$);
#7235=AXIS2_PLACEMENT_3D('',#10174,#7552,$);
#7236=AXIS2_PLACEMENT_3D('',#10175,#7553,$);
#7237=AXIS2_PLACEMENT_3D('',#10176,#7554,$);
#7238=AXIS2_PLACEMENT_3D('',#10177,#7555,$);
#7239=AXIS2_PLACEMENT_3D('',#10178,#7556,$);
#7240=AXIS2_PLACEMENT_3D('',#10179,#7557,$);
#7241=AXIS2_PLACEMENT_3D('',#10180,#7558,$);
#7242=AXIS2_PLACEMENT_3D('',#10181,#7559,$);
#7243=AXIS2_PLACEMENT_3D('',#10182,#7560,$);
#7244=AXIS2_PLACEMENT_3D('',#10946,#7561,#7562);
#7245=AXIS2_PLACEMENT_3D('',#10947,#7563,#7564);
#7246=AXIS2_PLACEMENT_3D('',#10948,#7565,#7566);
#7247=AXIS2_PLACEMENT_3D('',#10949,#7567,$);
#7248=AXIS2_PLACEMENT_3D('',#10950,#7568,$);
#7249=AXIS2_PLACEMENT_3D('',#10951,#7569,$);
#7250=AXIS2_PLACEMENT_3D('',#10952,#7570,$);
#7251=AXIS2_PLACEMENT_3D('',#10953,#7571,$);
#7252=AXIS2_PLACEMENT_3D('',#10954,#7572,$);
#7253=AXIS2_PLACEMENT_3D('',#10955,#7573,$);
#7254=AXIS2_PLACEMENT_3D('',#10956,#7574,$);
#7255=AXIS2_PLACEMENT_3D('',#10957,#7575,$);
#7256=AXIS2_PLACEMENT_3D('',#10958,#7576,$);
#7257=AXIS2_PLACEMENT_3D('',#10959,#7577,$);
#7258=AXIS2_PLACEMENT_3D('',#10960,#7578,$);
#7259=AXIS2_PLACEMENT_3D('',#10961,#7579,$);
#7260=AXIS2_PLACEMENT_3D('',#10962,#7580,$);
#7261=AXIS2_PLACEMENT_3D('',#10963,#7581,$);
#7262=AXIS2_PLACEMENT_3D('',#10964,#7582,$);
#7263=AXIS2_PLACEMENT_3D('',#10965,#7583,$);
#7264=AXIS2_PLACEMENT_3D('',#10966,#7584,$);
#7265=AXIS2_PLACEMENT_3D('',#10967,#7585,$);
#7266=AXIS2_PLACEMENT_3D('',#10968,#7586,$);
#7267=AXIS2_PLACEMENT_3D('',#10969,#7587,$);
#7268=AXIS2_PLACEMENT_3D('',#10970,#7588,$);
#7269=AXIS2_PLACEMENT_3D('',#10971,#7589,$);
#7270=AXIS2_PLACEMENT_3D('',#10972,#7590,$);
#7271=AXIS2_PLACEMENT_3D('',#10973,#7591,$);
#7272=AXIS2_PLACEMENT_3D('',#10974,#7592,$);
#7273=AXIS2_PLACEMENT_3D('',#10975,#7593,$);
#7274=AXIS2_PLACEMENT_3D('',#10976,#7594,$);
#7275=AXIS2_PLACEMENT_3D('',#10977,#7595,$);
#7276=AXIS2_PLACEMENT_3D('',#10978,#7596,$);
#7277=AXIS2_PLACEMENT_3D('',#10979,#7597,$);
#7278=AXIS2_PLACEMENT_3D('',#10980,#7598,$);
#7279=AXIS2_PLACEMENT_3D('',#10981,#7599,$);
#7280=AXIS2_PLACEMENT_3D('',#10982,#7600,$);
#7281=AXIS2_PLACEMENT_3D('',#10983,#7601,$);
#7282=AXIS2_PLACEMENT_3D('',#10984,#7602,$);
#7283=AXIS2_PLACEMENT_3D('',#10985,#7603,$);
#7284=AXIS2_PLACEMENT_3D('',#10986,#7604,$);
#7285=AXIS2_PLACEMENT_3D('',#10987,#7605,$);
#7286=AXIS2_PLACEMENT_3D('',#10988,#7606,$);
#7287=AXIS2_PLACEMENT_3D('',#10989,#7607,$);
#7288=AXIS2_PLACEMENT_3D('',#10990,#7608,$);
#7289=AXIS2_PLACEMENT_3D('',#10991,#7609,$);
#7290=AXIS2_PLACEMENT_3D('',#10992,#7610,$);
#7291=AXIS2_PLACEMENT_3D('',#10993,#7611,$);
#7292=AXIS2_PLACEMENT_3D('',#10994,#7612,$);
#7293=AXIS2_PLACEMENT_3D('',#10995,#7613,$);
#7294=AXIS2_PLACEMENT_3D('',#10996,#7614,$);
#7295=AXIS2_PLACEMENT_3D('',#10997,#7615,$);
#7296=AXIS2_PLACEMENT_3D('',#10998,#7616,$);
#7297=AXIS2_PLACEMENT_3D('',#11367,#7617,#7618);
#7298=AXIS2_PLACEMENT_3D('',#11368,#7619,#7620);
#7299=AXIS2_PLACEMENT_3D('',#11369,#7621,#7622);
#7300=AXIS2_PLACEMENT_3D('',#11370,#7623,$);
#7301=AXIS2_PLACEMENT_3D('',#11371,#7624,$);
#7302=AXIS2_PLACEMENT_3D('',#11372,#7625,$);
#7303=AXIS2_PLACEMENT_3D('',#11373,#7626,$);
#7304=AXIS2_PLACEMENT_3D('',#11374,#7627,$);
#7305=AXIS2_PLACEMENT_3D('',#11375,#7628,$);
#7306=AXIS2_PLACEMENT_3D('',#11376,#7629,$);
#7307=AXIS2_PLACEMENT_3D('',#11377,#7630,$);
#7308=AXIS2_PLACEMENT_3D('',#11378,#7631,$);
#7309=AXIS2_PLACEMENT_3D('',#11379,#7632,$);
#7310=AXIS2_PLACEMENT_3D('',#11380,#7633,$);
#7311=AXIS2_PLACEMENT_3D('',#11381,#7634,$);
#7312=AXIS2_PLACEMENT_3D('',#11382,#7635,$);
#7313=AXIS2_PLACEMENT_3D('',#11383,#7636,$);
#7314=AXIS2_PLACEMENT_3D('',#11384,#7637,$);
#7315=AXIS2_PLACEMENT_3D('',#11385,#7638,$);
#7316=AXIS2_PLACEMENT_3D('',#11386,#7639,$);
#7317=AXIS2_PLACEMENT_3D('',#11387,#7640,$);
#7318=AXIS2_PLACEMENT_3D('',#11388,#7641,$);
#7319=AXIS2_PLACEMENT_3D('',#11389,#7642,$);
#7320=AXIS2_PLACEMENT_3D('',#11390,#7643,$);
#7321=AXIS2_PLACEMENT_3D('',#11391,#7644,$);
#7322=AXIS2_PLACEMENT_3D('',#11392,#7645,$);
#7323=AXIS2_PLACEMENT_3D('',#11393,#7646,$);
#7324=AXIS2_PLACEMENT_3D('',#11394,#7647,$);
#7325=AXIS2_PLACEMENT_3D('',#11395,#7648,$);
#7326=AXIS2_PLACEMENT_3D('',#11592,#7649,#7650);
#7327=AXIS2_PLACEMENT_3D('',#11593,#7651,#7652);
#7328=AXIS2_PLACEMENT_3D('',#11594,#7653,#7654);
#7329=AXIS2_PLACEMENT_3D('',#11595,#7655,$);
#7330=AXIS2_PLACEMENT_3D('',#11596,#7656,$);
#7331=AXIS2_PLACEMENT_3D('',#11597,#7657,$);
#7332=AXIS2_PLACEMENT_3D('',#11598,#7658,$);
#7333=AXIS2_PLACEMENT_3D('',#11599,#7659,$);
#7334=AXIS2_PLACEMENT_3D('',#11600,#7660,$);
#7335=AXIS2_PLACEMENT_3D('',#11601,#7661,$);
#7336=AXIS2_PLACEMENT_3D('',#11602,#7662,$);
#7337=AXIS2_PLACEMENT_3D('',#11603,#7663,$);
#7338=AXIS2_PLACEMENT_3D('',#11604,#7664,$);
#7339=AXIS2_PLACEMENT_3D('',#11605,#7665,$);
#7340=AXIS2_PLACEMENT_3D('',#11606,#7666,$);
#7341=AXIS2_PLACEMENT_3D('',#11607,#7667,$);
#7342=AXIS2_PLACEMENT_3D('',#11608,#7668,$);
#7343=AXIS2_PLACEMENT_3D('',#11777,#7669,#7670);
#7344=AXIS2_PLACEMENT_3D('',#11778,#7671,#7672);
#7345=AXIS2_PLACEMENT_3D('',#11779,#7673,#7674);
#7346=AXIS2_PLACEMENT_3D('',#11780,#7675,$);
#7347=AXIS2_PLACEMENT_3D('',#11781,#7676,$);
#7348=AXIS2_PLACEMENT_3D('',#11782,#7677,$);
#7349=AXIS2_PLACEMENT_3D('',#11783,#7678,$);
#7350=AXIS2_PLACEMENT_3D('',#11828,#7679,#7680);
#7351=DIRECTION('',(0.,0.,1.));
#7352=DIRECTION('',(1.,0.,0.));
#7353=DIRECTION('',(0.,0.,-1.));
#7354=DIRECTION('',(0.,0.,1.));
#7355=DIRECTION('',(0.,0.,-1.));
#7356=DIRECTION('',(0.,0.,1.));
#7357=DIRECTION('',(2.85900318219612E-15,-2.85900318219614E-15,-1.));
#7358=DIRECTION('',(0.,-1.,0.));
#7359=DIRECTION('',(0.,0.,-1.));
#7360=DIRECTION('',(-1.,0.,0.));
#7361=DIRECTION('',(0.,0.,-1.));
#7362=DIRECTION('',(0.,1.,0.));
#7363=DIRECTION('',(-2.14425238664723E-15,-2.14425238664723E-15,-1.));
#7364=DIRECTION('',(1.,0.,0.));
#7365=DIRECTION('',(0.,0.,1.));
#7366=DIRECTION('',(0.,0.,-1.));
#7367=DIRECTION('',(0.,0.,-1.));
#7368=DIRECTION('',(0.,0.,1.));
#7369=DIRECTION('',(0.,0.,-1.));
#7370=DIRECTION('',(0.,0.,-1.));
#7371=DIRECTION('',(0.,0.,1.));
#7372=DIRECTION('',(0.,0.,-1.));
#7373=DIRECTION('',(0.,-1.,0.));
#7374=DIRECTION('',(-1.,0.,0.));
#7375=DIRECTION('',(0.,1.,0.));
#7376=DIRECTION('',(1.,0.,0.));
#7377=DIRECTION('',(0.0870994206802343,-0.996199624029827,-2.58381818227233E-14));
#7378=DIRECTION('',(-0.0750565051190167,0.997179282295475,-3.04747739907751E-14));
#7379=DIRECTION('',(0.,0.,1.));
#7380=DIRECTION('',(1.,0.,0.));
#7381=DIRECTION('',(0.,-1.,0.));
#7382=DIRECTION('',(-1.,0.,0.));
#7383=DIRECTION('',(0.,1.,0.));
#7384=DIRECTION('',(0.,0.,1.));
#7385=DIRECTION('',(1.,0.,0.));
#7386=DIRECTION('',(0.,-1.,0.));
#7387=DIRECTION('',(-1.,0.,0.));
#7388=DIRECTION('',(0.,1.,0.));
#7389=DIRECTION('',(0.,0.,1.));
#7390=DIRECTION('',(-0.122721221557796,-0.992441183032709,4.21586625311616E-14));
#7391=DIRECTION('',(0.,1.,0.));
#7392=DIRECTION('',(0.,-1.,0.));
#7393=DIRECTION('',(0.,0.,1.));
#7394=DIRECTION('',(0.,0.,1.));
#7395=DIRECTION('',(-1.,0.,0.));
#7396=DIRECTION('',(0.,1.,0.));
#7397=DIRECTION('',(1.,0.,0.));
#7398=DIRECTION('',(-1.,0.,0.));
#7399=DIRECTION('',(0.,1.,0.));
#7400=DIRECTION('',(1.,0.,0.));
#7401=DIRECTION('',(0.,-1.,0.));
#7402=DIRECTION('',(-1.,0.,0.));
#7403=DIRECTION('',(0.,0.,1.));
#7404=DIRECTION('',(-1.,0.,0.));
#7405=DIRECTION('',(0.,1.,0.));
#7406=DIRECTION('',(1.,0.,0.));
#7407=DIRECTION('',(-1.,0.,0.));
#7408=DIRECTION('',(0.,1.,0.));
#7409=DIRECTION('',(1.,0.,0.));
#7410=DIRECTION('',(0.,-1.,0.));
#7411=DIRECTION('',(-1.,0.,0.));
#7412=DIRECTION('',(0.,0.,1.));
#7413=DIRECTION('',(0.135113204733332,0.990830168044296,4.35216801115993E-14));
#7414=DIRECTION('',(-1.,0.,0.));
#7415=DIRECTION('',(0.,1.,0.));
#7416=DIRECTION('',(1.,0.,0.));
#7417=DIRECTION('',(0.,0.,1.));
#7418=DIRECTION('',(0.,0.,1.));
#7419=DIRECTION('',(-8.93438494436254E-17,8.93438494436267E-17,-1.));
#7420=DIRECTION('',(0.,-1.,0.));
#7421=DIRECTION('',(-8.934384944363E-17,-8.93438494436292E-17,-1.));
#7422=DIRECTION('',(-1.,0.,0.));
#7423=DIRECTION('',(0.,0.,-1.));
#7424=DIRECTION('',(0.,1.,0.));
#7425=DIRECTION('',(0.,0.,-1.));
#7426=DIRECTION('',(1.,0.,0.));
#7427=DIRECTION('',(0.,0.,1.));
#7428=DIRECTION('',(0.,0.,-1.));
#7429=DIRECTION('',(0.,0.,-1.));
#7430=DIRECTION('',(0.,0.,-1.));
#7431=DIRECTION('',(1.,0.,0.));
#7432=DIRECTION('',(1.,0.,0.));
#7433=DIRECTION('',(-1.,0.,0.));
#7434=DIRECTION('',(1.,0.,0.));
#7435=DIRECTION('',(1.,0.,0.));
#7436=DIRECTION('',(1.,0.,0.));
#7437=DIRECTION('',(1.,0.,0.));
#7438=DIRECTION('',(-1.,0.,0.));
#7439=DIRECTION('',(-1.,0.,0.));
#7440=DIRECTION('',(1.,0.,0.));
#7441=DIRECTION('',(1.,0.,0.));
#7442=DIRECTION('',(0.,0.,1.));
#7443=DIRECTION('',(0.,1.,0.));
#7444=DIRECTION('',(0.,0.,1.));
#7445=DIRECTION('',(-1.,0.,0.));
#7446=DIRECTION('',(7.14750795549048E-16,7.14750795549042E-16,1.));
#7447=DIRECTION('',(0.,-1.,0.));
#7448=DIRECTION('',(7.14750795549077E-16,-7.14750795549087E-16,1.));
#7449=DIRECTION('',(1.42950159109789E-15,-1.42950159109793E-15,-1.));
#7450=DIRECTION('',(0.,1.,0.));
#7451=DIRECTION('',(0.,0.,-1.));
#7452=DIRECTION('',(1.,0.,0.));
#7453=DIRECTION('',(0.,0.,-1.));
#7454=DIRECTION('',(0.,-1.,0.));
#7455=DIRECTION('',(4.28850477329287E-15,4.28850477329312E-15,-1.));
#7456=DIRECTION('',(-1.,0.,0.));
#7457=DIRECTION('',(0.,0.,-1.));
#7458=DIRECTION('',(0.,0.,1.));
#7459=DIRECTION('',(1.,0.,0.));
#7460=DIRECTION('',(1.,0.,0.));
#7461=DIRECTION('',(1.,0.,0.));
#7462=DIRECTION('',(0.,0.,1.));
#7463=DIRECTION('',(0.,0.,-1.));
#7464=DIRECTION('',(0.,0.,-1.));
#7465=DIRECTION('',(0.,0.,1.));
#7466=DIRECTION('',(0.,0.,1.));
#7467=DIRECTION('',(1.,0.,0.));
#7468=DIRECTION('',(0.,0.,1.));
#7469=DIRECTION('',(1.,0.,0.));
#7470=DIRECTION('',(0.,-1.,0.));
#7471=DIRECTION('',(1.,0.,0.));
#7472=DIRECTION('',(1.,0.,0.));
#7473=DIRECTION('',(1.,0.,0.));
#7474=DIRECTION('',(0.,0.,-1.));
#7475=DIRECTION('',(-0.707106781186547,-0.707106781186547,-7.85046229341887E-17));
#7476=DIRECTION('',(0.,0.,1.));
#7477=DIRECTION('',(1.,0.,0.));
#7478=DIRECTION('',(0.,0.,-1.));
#7479=DIRECTION('',(0.,1.,0.));
#7480=DIRECTION('',(0.,1.,0.));
#7481=DIRECTION('',(0.,-1.,0.));
#7482=DIRECTION('',(0.,0.,1.));
#7483=DIRECTION('',(-0.707106781186546,0.707106781186548,1.42735678062162E-15));
#7484=DIRECTION('',(0.,0.,-1.));
#7485=DIRECTION('',(0.,1.,0.));
#7486=DIRECTION('',(-0.707106781186545,0.707106781186549,-8.53025180335716E-15));
#7487=DIRECTION('',(-1.,0.,0.));
#7488=DIRECTION('',(0.,1.,0.));
#7489=DIRECTION('',(-1.,0.,0.));
#7490=DIRECTION('',(0.,-1.,0.));
#7491=DIRECTION('',(1.,0.,0.));
#7492=DIRECTION('',(-1.,0.,0.));
#7493=DIRECTION('',(0.,1.,0.));
#7494=DIRECTION('',(-0.342020143325932,5.21634191833383E-17,-0.939692620785813));
#7495=DIRECTION('',(0.,-1.,0.));
#7496=DIRECTION('',(0.342020143325932,0.,0.939692620785813));
#7497=DIRECTION('',(0.,1.,0.));
#7498=DIRECTION('',(1.,0.,0.));
#7499=DIRECTION('',(0.,-1.,0.));
#7500=DIRECTION('',(0.342020143325932,0.,0.939692620785813));
#7501=DIRECTION('',(0.,1.,0.));
#7502=DIRECTION('',(-0.342020143325932,3.03774910404836E-16,-0.939692620785813));
#7503=DIRECTION('',(0.,-1.,0.));
#7504=DIRECTION('',(0.,0.,1.));
#7505=DIRECTION('',(1.,0.,0.));
#7506=DIRECTION('',(1.,0.,0.));
#7507=DIRECTION('',(1.,0.,0.));
#7508=DIRECTION('',(-1.,0.,0.));
#7509=DIRECTION('',(0.,1.,0.));
#7510=DIRECTION('',(-1.,0.,0.));
#7511=DIRECTION('',(0.,1.,0.));
#7512=DIRECTION('',(0.,-1.,0.));
#7513=DIRECTION('',(0.,-1.,0.));
#7514=DIRECTION('',(-1.,0.,0.));
#7515=DIRECTION('',(0.,-1.,0.));
#7516=DIRECTION('',(0.,0.,-1.));
#7517=DIRECTION('',(1.,0.,0.));
#7518=DIRECTION('',(0.,1.,0.));
#7519=DIRECTION('',(0.,0.,-1.));
#7520=DIRECTION('',(-1.,0.,0.));
#7521=DIRECTION('',(0.,1.,0.));
#7522=DIRECTION('',(-1.,0.,0.));
#7523=DIRECTION('',(0.,0.,-1.));
#7524=DIRECTION('',(0.,0.,-1.));
#7525=DIRECTION('',(1.,0.,0.));
#7526=DIRECTION('',(-1.,0.,0.));
#7527=DIRECTION('',(-1.,0.,0.));
#7528=DIRECTION('',(0.,-1.,0.));
#7529=DIRECTION('',(0.,-1.,0.));
#7530=DIRECTION('',(0.,0.,-1.));
#7531=DIRECTION('',(1.,0.,0.));
#7532=DIRECTION('',(0.,0.,1.));
#7533=DIRECTION('',(-1.,0.,0.));
#7534=DIRECTION('',(0.,0.,1.));
#7535=DIRECTION('',(0.342020143325932,0.,0.939692620785813));
#7536=DIRECTION('',(0.,0.,1.));
#7537=DIRECTION('',(0.342020143325932,0.,0.939692620785813));
#7538=DIRECTION('',(0.342020143325931,-6.16790569236199E-16,0.939692620785813));
#7539=DIRECTION('',(0.342020143325931,0.,0.939692620785813));
#7540=DIRECTION('',(-0.939692620785813,0.,0.342020143325932));
#7541=DIRECTION('',(0.342020143325931,-6.16790569236199E-16,0.939692620785813));
#7542=DIRECTION('',(0.342020143325931,0.,0.939692620785813));
#7543=DIRECTION('',(-0.939692620785813,0.,0.342020143325932));
#7544=DIRECTION('',(1.,0.,0.));
#7545=DIRECTION('',(0.,-1.,0.));
#7546=DIRECTION('',(-1.,0.,0.));
#7547=DIRECTION('',(0.,-1.,0.));
#7548=DIRECTION('',(0.,1.,0.));
#7549=DIRECTION('',(0.,1.,0.));
#7550=DIRECTION('',(0.,1.,0.));
#7551=DIRECTION('',(0.,0.,1.));
#7552=DIRECTION('',(0.,-1.,0.));
#7553=DIRECTION('',(-1.,0.,0.));
#7554=DIRECTION('',(0.,0.,-1.));
#7555=DIRECTION('',(0.,-1.,0.));
#7556=DIRECTION('',(0.,0.,1.));
#7557=DIRECTION('',(0.,1.,0.));
#7558=DIRECTION('',(0.,0.,-1.));
#7559=DIRECTION('',(-1.,0.,0.));
#7560=DIRECTION('',(1.,0.,0.));
#7561=DIRECTION('',(0.,0.,1.));
#7562=DIRECTION('',(1.,0.,0.));
#7563=DIRECTION('',(0.,0.,1.));
#7564=DIRECTION('',(-1.,1.224646799147E-16,0.));
#7565=DIRECTION('',(0.,0.,1.));
#7566=DIRECTION('',(1.,0.,0.));
#7567=DIRECTION('',(0.,-1.,0.));
#7568=DIRECTION('',(-0.99480180414244,0.,0.101830105936045));
#7569=DIRECTION('',(0.,-1.,0.));
#7570=DIRECTION('',(0.,0.,1.));
#7571=DIRECTION('',(0.99480180414244,0.,0.101830105936045));
#7572=DIRECTION('',(0.,0.,1.));
#7573=DIRECTION('',(0.,1.,0.));
#7574=DIRECTION('',(0.,1.,0.));
#7575=DIRECTION('',(0.,0.,1.));
#7576=DIRECTION('',(0.,-1.,0.));
#7577=DIRECTION('',(0.,0.,-1.));
#7578=DIRECTION('',(0.,-1.,0.));
#7579=DIRECTION('',(0.,0.,1.));
#7580=DIRECTION('',(0.,0.,1.));
#7581=DIRECTION('',(0.,1.,0.));
#7582=DIRECTION('',(0.,1.,0.));
#7583=DIRECTION('',(0.,1.,0.));
#7584=DIRECTION('',(1.,0.,0.));
#7585=DIRECTION('',(0.,-1.,0.));
#7586=DIRECTION('',(0.,0.,1.));
#7587=DIRECTION('',(1.,0.,0.));
#7588=DIRECTION('',(0.,0.,-1.));
#7589=DIRECTION('',(0.,1.,0.));
#7590=DIRECTION('',(1.,0.,0.));
#7591=DIRECTION('',(-1.,0.,0.));
#7592=DIRECTION('',(0.,1.,0.));
#7593=DIRECTION('',(0.,-1.,0.));
#7594=DIRECTION('',(0.,1.,0.));
#7595=DIRECTION('',(0.,1.,0.));
#7596=DIRECTION('',(1.,0.,0.));
#7597=DIRECTION('',(-1.,0.,0.));
#7598=DIRECTION('',(0.,1.,0.));
#7599=DIRECTION('',(0.,1.,0.));
#7600=DIRECTION('',(0.,-1.,0.));
#7601=DIRECTION('',(-1.,0.,0.));
#7602=DIRECTION('',(1.,0.,0.));
#7603=DIRECTION('',(-0.50000000000019,0.866025403784329,0.));
#7604=DIRECTION('',(-0.50000000000019,-0.866025403784329,0.));
#7605=DIRECTION('',(0.,0.,-1.));
#7606=DIRECTION('',(0.,1.,0.));
#7607=DIRECTION('',(1.,0.,0.));
#7608=DIRECTION('',(0.,1.,0.));
#7609=DIRECTION('',(0.,0.,1.));
#7610=DIRECTION('',(-1.,0.,0.));
#7611=DIRECTION('',(0.,-1.,0.));
#7612=DIRECTION('',(-1.,0.,0.));
#7613=DIRECTION('',(0.,1.,0.));
#7614=DIRECTION('',(0.,1.,0.));
#7615=DIRECTION('',(0.,1.,0.));
#7616=DIRECTION('',(0.,0.,-1.));
#7617=DIRECTION('',(0.,0.,1.));
#7618=DIRECTION('',(1.,0.,0.));
#7619=DIRECTION('',(0.,0.,1.));
#7620=DIRECTION('',(-1.,1.224646799147E-16,0.));
#7621=DIRECTION('',(0.,0.,1.));
#7622=DIRECTION('',(1.,0.,0.));
#7623=DIRECTION('',(-1.,0.,0.));
#7624=DIRECTION('',(0.,-1.,0.));
#7625=DIRECTION('',(0.,1.,0.));
#7626=DIRECTION('',(0.,1.,0.));
#7627=DIRECTION('',(0.,1.,0.));
#7628=DIRECTION('',(0.,0.,-1.));
#7629=DIRECTION('',(0.,1.,0.));
#7630=DIRECTION('',(0.,-1.,0.));
#7631=DIRECTION('',(0.,0.,1.));
#7632=DIRECTION('',(0.,1.,0.));
#7633=DIRECTION('',(0.,1.,0.));
#7634=DIRECTION('',(0.,0.,-1.));
#7635=DIRECTION('',(0.,-1.,0.));
#7636=DIRECTION('',(0.,-1.,0.));
#7637=DIRECTION('',(-1.,0.,0.));
#7638=DIRECTION('',(0.,1.,0.));
#7639=DIRECTION('',(0.,1.,0.));
#7640=DIRECTION('',(0.,1.,0.));
#7641=DIRECTION('',(0.,0.,-1.));
#7642=DIRECTION('',(0.,1.,0.));
#7643=DIRECTION('',(1.,0.,0.));
#7644=DIRECTION('',(0.,1.,0.));
#7645=DIRECTION('',(0.,0.,1.));
#7646=DIRECTION('',(0.,1.,0.));
#7647=DIRECTION('',(1.,0.,0.));
#7648=DIRECTION('',(0.,0.,1.));
#7649=DIRECTION('',(0.,0.,1.));
#7650=DIRECTION('',(1.,0.,0.));
#7651=DIRECTION('',(0.,0.,1.));
#7652=DIRECTION('',(1.110223024625E-16,-1.,0.));
#7653=DIRECTION('',(0.,0.,1.));
#7654=DIRECTION('',(1.,0.,0.));
#7655=DIRECTION('',(0.,0.,-1.));
#7656=DIRECTION('',(0.,1.,0.));
#7657=DIRECTION('',(1.,0.,0.));
#7658=DIRECTION('',(0.,0.,-1.));
#7659=DIRECTION('',(0.,0.,1.));
#7660=DIRECTION('',(0.,0.,-1.));
#7661=DIRECTION('',(0.,0.,-1.));
#7662=DIRECTION('',(-1.,0.,0.));
#7663=DIRECTION('',(0.,-1.,0.));
#7664=DIRECTION('',(0.,0.,-1.));
#7665=DIRECTION('',(0.,0.,-1.));
#7666=DIRECTION('',(0.,0.,-1.));
#7667=DIRECTION('',(0.,0.,-1.));
#7668=DIRECTION('',(0.,0.,-1.));
#7669=DIRECTION('',(0.,0.,1.));
#7670=DIRECTION('',(1.,0.,0.));
#7671=DIRECTION('',(0.,0.,1.));
#7672=DIRECTION('',(1.,0.,0.));
#7673=DIRECTION('',(0.,0.,1.));
#7674=DIRECTION('',(1.,0.,0.));
#7675=DIRECTION('',(0.,0.,1.));
#7676=DIRECTION('',(0.,0.,-1.));
#7677=DIRECTION('',(0.,0.,-1.));
#7678=DIRECTION('',(0.,0.,1.));
#7679=DIRECTION('',(0.,0.,1.));
#7680=DIRECTION('',(1.,0.,0.));
#7681=CARTESIAN_POINT('',(0.,0.,0.));
#7682=CARTESIAN_POINT('',(172.75423082499,-76.1085812701041,11.));
#7683=CARTESIAN_POINT('',(172.75423082499,-76.1085812701041,12.5));
#7684=CARTESIAN_POINT('',(200.81231427371,-119.135825919922,11.));
#7685=CARTESIAN_POINT('',(200.81231427371,-119.135825919922,12.5));
#7686=CARTESIAN_POINT('',(207.20423082499,-123.758581270104,11.75));
#7687=CARTESIAN_POINT('',(207.20423082499,-126.758581270104,12.5));
#7688=CARTESIAN_POINT('',(169.70423082499,-123.758581270104,11.75));
#7689=CARTESIAN_POINT('',(166.70423082499,-123.758581270104,12.5));
#7690=CARTESIAN_POINT('',(168.70423082499,-68.8585812701041,11.75));
#7691=CARTESIAN_POINT('',(168.70423082499,-66.8585812701041,12.5));
#7692=CARTESIAN_POINT('',(208.20423082499,-68.8585812701041,11.75));
#7693=CARTESIAN_POINT('',(210.20423082499,-68.8585812701041,12.5));
#7694=CARTESIAN_POINT('',(210.20423082499,-126.758581270104,12.5));
#7695=CARTESIAN_POINT('',(210.20423082499,-126.758581270104,11.));
#7696=CARTESIAN_POINT('',(175.00423082499,-73.8585812701041,8.));
#7697=CARTESIAN_POINT('',(175.00423082499,-73.8585812701041,8.));
#7698=CARTESIAN_POINT('',(178.75423082499,-77.6085812701041,5.));
#7699=CARTESIAN_POINT('',(203.06231427371,-116.885825919922,8.));
#7700=CARTESIAN_POINT('',(203.06231427371,-116.885825919922,8.));
#7701=CARTESIAN_POINT('',(206.81231427371,-120.635825919922,5.));
#7702=CARTESIAN_POINT('',(191.504362189298,-71.6083932567777,15.9778901651102));
#7703=CARTESIAN_POINT('',(193.504362189298,-71.6083932567777,15.9778901651102));
#7704=CARTESIAN_POINT('',(193.504362189298,-73.6083932567777,15.9778901651102));
#7705=CARTESIAN_POINT('',(191.504362189298,-73.6083932567777,15.9778901651102));
#7706=CARTESIAN_POINT('',(170.120430572951,-120.884170557662,12.5));
#7707=CARTESIAN_POINT('',(170.744152454342,-120.829637496994,12.5));
#7708=CARTESIAN_POINT('',(170.788460566135,-121.204552289087,12.5));
#7709=CARTESIAN_POINT('',(170.950355589993,-121.444838587656,12.5));
#7710=CARTESIAN_POINT('',(171.112250613851,-121.685124886224,12.5));
#7711=CARTESIAN_POINT('',(171.453082243026,-121.833386644915,12.5));
#7712=CARTESIAN_POINT('',(171.793913872201,-121.981648403607,12.5));
#7713=CARTESIAN_POINT('',(172.21995340867,-121.981648403607,12.5));
#7714=CARTESIAN_POINT('',(172.598276517055,-121.981648403607,12.5));
#7715=CARTESIAN_POINT('',(172.887983401854,-121.869173965979,12.5));
#7716=CARTESIAN_POINT('',(173.177690286653,-121.756699528351,12.5));
#7717=CARTESIAN_POINT('',(173.31913541276,-121.560721341575,12.5));
#7718=CARTESIAN_POINT('',(173.460580538868,-121.364743154799,12.5));
#7719=CARTESIAN_POINT('',(173.460580538868,-121.13297764696,12.5));
#7720=CARTESIAN_POINT('',(173.460580538868,-120.897803822829,12.5));
#7721=CARTESIAN_POINT('',(173.324247887198,-120.722275533804,12.5));
#7722=CARTESIAN_POINT('',(173.187915235528,-120.546747244779,12.5));
#7723=CARTESIAN_POINT('',(172.874350136687,-120.427456174568,12.5));
#7724=CARTESIAN_POINT('',(172.673259475473,-120.349064899857,12.5));
#7725=CARTESIAN_POINT('',(171.984779584539,-120.183761559707,12.5));
#7726=CARTESIAN_POINT('',(170.744152454342,-120.829637496994,12.3));
#7727=CARTESIAN_POINT('',(170.788460566135,-121.204552289087,12.3));
#7728=CARTESIAN_POINT('',(170.950355589993,-121.444838587656,12.3));
#7729=CARTESIAN_POINT('',(171.112250613851,-121.685124886224,12.3));
#7730=CARTESIAN_POINT('',(171.453082243026,-121.833386644915,12.3));
#7731=CARTESIAN_POINT('',(171.793913872201,-121.981648403607,12.3));
#7732=CARTESIAN_POINT('',(172.21995340867,-121.981648403607,12.3));
#7733=CARTESIAN_POINT('',(172.598276517055,-121.981648403607,12.3));
#7734=CARTESIAN_POINT('',(172.887983401854,-121.869173965979,12.3));
#7735=CARTESIAN_POINT('',(173.177690286653,-121.756699528351,12.3));
#7736=CARTESIAN_POINT('',(173.31913541276,-121.560721341575,12.3));
#7737=CARTESIAN_POINT('',(173.460580538868,-121.364743154799,12.3));
#7738=CARTESIAN_POINT('',(173.460580538868,-121.13297764696,12.3));
#7739=CARTESIAN_POINT('',(173.460580538868,-120.897803822829,12.3));
#7740=CARTESIAN_POINT('',(173.324247887198,-120.722275533804,12.3));
#7741=CARTESIAN_POINT('',(173.187915235528,-120.546747244779,12.3));
#7742=CARTESIAN_POINT('',(172.874350136687,-120.427456174568,12.3));
#7743=CARTESIAN_POINT('',(172.673259475473,-120.349064899857,12.3));
#7744=CARTESIAN_POINT('',(171.984779584539,-120.183761559707,12.3));
#7745=CARTESIAN_POINT('',(171.984779584539,-120.183761559707,12.5));
#7746=CARTESIAN_POINT('',(171.296299693606,-120.018458219557,12.5));
#7747=CARTESIAN_POINT('',(171.020226073974,-119.871900619012,12.5));
#7748=CARTESIAN_POINT('',(170.66235286334,-119.684443222966,12.5));
#7749=CARTESIAN_POINT('',(170.486824574314,-119.406665445188,12.5));
#7750=CARTESIAN_POINT('',(170.311296285289,-119.12888766741,12.5));
#7751=CARTESIAN_POINT('',(170.311296285289,-118.784647721943,12.5));
#7752=CARTESIAN_POINT('',(170.311296285289,-118.406324613559,12.5));
#7753=CARTESIAN_POINT('',(170.52602021167,-118.077422091405,12.5));
#7754=CARTESIAN_POINT('',(170.74074413805,-117.748519569251,12.5));
#7755=CARTESIAN_POINT('',(171.153150409352,-117.578103754663,12.5));
#7756=CARTESIAN_POINT('',(171.565556680654,-117.407687940076,12.5));
#7757=CARTESIAN_POINT('',(172.069987491833,-117.407687940076,12.5));
#7758=CARTESIAN_POINT('',(172.625543047389,-117.407687940076,12.5));
#7759=CARTESIAN_POINT('',(173.049878425712,-117.586624545393,12.5));
#7760=CARTESIAN_POINT('',(173.474213804035,-117.76556115071,12.5));
#7761=CARTESIAN_POINT('',(173.702570995582,-118.113209412468,12.5));
#7762=CARTESIAN_POINT('',(173.93092818713,-118.460857674227,12.5));
#7763=CARTESIAN_POINT('',(173.947969768589,-118.900530475863,12.5));
#7764=CARTESIAN_POINT('',(171.984779584539,-120.183761559707,12.3));
#7765=CARTESIAN_POINT('',(171.296299693606,-120.018458219557,12.3));
#7766=CARTESIAN_POINT('',(171.020226073974,-119.871900619012,12.3));
#7767=CARTESIAN_POINT('',(170.66235286334,-119.684443222966,12.3));
#7768=CARTESIAN_POINT('',(170.486824574314,-119.406665445188,12.3));
#7769=CARTESIAN_POINT('',(170.311296285289,-119.12888766741,12.3));
#7770=CARTESIAN_POINT('',(170.311296285289,-118.784647721943,12.3));
#7771=CARTESIAN_POINT('',(170.311296285289,-118.406324613559,12.3));
#7772=CARTESIAN_POINT('',(170.52602021167,-118.077422091405,12.3));
#7773=CARTESIAN_POINT('',(170.74074413805,-117.748519569251,12.3));
#7774=CARTESIAN_POINT('',(171.153150409352,-117.578103754663,12.3));
#7775=CARTESIAN_POINT('',(171.565556680654,-117.407687940076,12.3));
#7776=CARTESIAN_POINT('',(172.069987491833,-117.407687940076,12.3));
#7777=CARTESIAN_POINT('',(172.625543047389,-117.407687940076,12.3));
#7778=CARTESIAN_POINT('',(173.049878425712,-117.586624545393,12.3));
#7779=CARTESIAN_POINT('',(173.474213804035,-117.76556115071,12.3));
#7780=CARTESIAN_POINT('',(173.702570995582,-118.113209412468,12.3));
#7781=CARTESIAN_POINT('',(173.93092818713,-118.460857674227,12.3));
#7782=CARTESIAN_POINT('',(173.947969768589,-118.900530475863,12.3));
#7783=CARTESIAN_POINT('',(173.947969768589,-118.900530475863,12.5));
#7784=CARTESIAN_POINT('',(173.314022938323,-118.948246903947,12.5));
#7785=CARTESIAN_POINT('',(173.262898193946,-118.474490939394,12.5));
#7786=CARTESIAN_POINT('',(172.96807883471,-118.232500482679,12.5));
#7787=CARTESIAN_POINT('',(172.673259475473,-117.990510025965,12.5));
#7788=CARTESIAN_POINT('',(172.097254022167,-117.990510025965,12.5));
#7789=CARTESIAN_POINT('',(171.497390354819,-117.990510025965,12.5));
#7790=CARTESIAN_POINT('',(171.223020893333,-118.210346426783,12.5));
#7791=CARTESIAN_POINT('',(170.948651431847,-118.430182827601,12.5));
#7792=CARTESIAN_POINT('',(170.948651431847,-118.740339610151,12.5));
#7793=CARTESIAN_POINT('',(170.948651431847,-119.009596597199,12.5));
#7794=CARTESIAN_POINT('',(171.142925460477,-119.183420728078,12.5));
#7795=CARTESIAN_POINT('',(171.333791172815,-119.357244858958,12.5));
#7796=CARTESIAN_POINT('',(172.139857975814,-119.539589780566,12.5));
#7797=CARTESIAN_POINT('',(173.314022938323,-118.948246903947,12.3));
#7798=CARTESIAN_POINT('',(173.262898193946,-118.474490939394,12.3));
#7799=CARTESIAN_POINT('',(172.96807883471,-118.232500482679,12.3));
#7800=CARTESIAN_POINT('',(172.673259475473,-117.990510025965,12.3));
#7801=CARTESIAN_POINT('',(172.097254022167,-117.990510025965,12.3));
#7802=CARTESIAN_POINT('',(171.497390354819,-117.990510025965,12.3));
#7803=CARTESIAN_POINT('',(171.223020893333,-118.210346426783,12.3));
#7804=CARTESIAN_POINT('',(170.948651431847,-118.430182827601,12.3));
#7805=CARTESIAN_POINT('',(170.948651431847,-118.740339610151,12.3));
#7806=CARTESIAN_POINT('',(170.948651431847,-119.009596597199,12.3));
#7807=CARTESIAN_POINT('',(171.142925460477,-119.183420728078,12.3));
#7808=CARTESIAN_POINT('',(171.333791172815,-119.357244858958,12.3));
#7809=CARTESIAN_POINT('',(172.139857975814,-119.539589780566,12.3));
#7810=CARTESIAN_POINT('',(172.139857975814,-119.539589780566,12.5));
#7811=CARTESIAN_POINT('',(172.945924778813,-119.721934702175,12.5));
#7812=CARTESIAN_POINT('',(173.245856612488,-119.858267353845,12.5));
#7813=CARTESIAN_POINT('',(173.682120681778,-120.059358015059,12.5));
#7814=CARTESIAN_POINT('',(173.890028391629,-120.367810639462,12.5));
#7815=CARTESIAN_POINT('',(174.097935685426,-120.676263263866,12.5));
#7816=CARTESIAN_POINT('',(174.097935685426,-121.078444586292,12.5));
#7817=CARTESIAN_POINT('',(174.097935685426,-121.477217592427,12.5));
#7818=CARTESIAN_POINT('',(173.869578493878,-121.829978328624,12.5));
#7819=CARTESIAN_POINT('',(173.641221302331,-122.18273906482,12.5));
#7820=CARTESIAN_POINT('',(173.213477607716,-122.378717251596,12.5));
#7821=CARTESIAN_POINT('',(172.785733913101,-122.574695438371,12.5));
#7822=CARTESIAN_POINT('',(172.250628255296,-122.574695438371,12.5));
#7823=CARTESIAN_POINT('',(171.572373313237,-122.574695438371,12.5));
#7824=CARTESIAN_POINT('',(171.113954771997,-122.37701309345,12.5));
#7825=CARTESIAN_POINT('',(170.655536230756,-122.179330748528,12.5));
#7826=CARTESIAN_POINT('',(170.394800034437,-121.782261900539,12.5));
#7827=CARTESIAN_POINT('',(170.134063838118,-121.38519305255,12.5));
#7828=CARTESIAN_POINT('',(170.120430572951,-120.884170557662,12.5));
#7829=CARTESIAN_POINT('',(172.139857975814,-119.539589780566,12.3));
#7830=CARTESIAN_POINT('',(172.945924778813,-119.721934702175,12.3));
#7831=CARTESIAN_POINT('',(173.245856612488,-119.858267353845,12.3));
#7832=CARTESIAN_POINT('',(173.682120681778,-120.059358015059,12.3));
#7833=CARTESIAN_POINT('',(173.890028391629,-120.367810639462,12.3));
#7834=CARTESIAN_POINT('',(174.097935685426,-120.676263263866,12.3));
#7835=CARTESIAN_POINT('',(174.097935685426,-121.078444586292,12.3));
#7836=CARTESIAN_POINT('',(174.097935685426,-121.477217592427,12.3));
#7837=CARTESIAN_POINT('',(173.869578493878,-121.829978328624,12.3));
#7838=CARTESIAN_POINT('',(173.641221302331,-122.18273906482,12.3));
#7839=CARTESIAN_POINT('',(173.213477607716,-122.378717251596,12.3));
#7840=CARTESIAN_POINT('',(172.785733913101,-122.574695438371,12.3));
#7841=CARTESIAN_POINT('',(172.250628255296,-122.574695438371,12.3));
#7842=CARTESIAN_POINT('',(171.572373313237,-122.574695438371,12.3));
#7843=CARTESIAN_POINT('',(171.113954771997,-122.37701309345,12.3));
#7844=CARTESIAN_POINT('',(170.655536230756,-122.179330748528,12.3));
#7845=CARTESIAN_POINT('',(170.394800034437,-121.782261900539,12.3));
#7846=CARTESIAN_POINT('',(170.134063838118,-121.38519305255,12.3));
#7847=CARTESIAN_POINT('',(170.120430572951,-120.884170557662,12.3));
#7848=CARTESIAN_POINT('',(174.758521691893,-123.043464328073,12.3));
#7849=CARTESIAN_POINT('',(174.926156544321,-118.198417319762,12.5));
#7850=CARTESIAN_POINT('',(174.926156544321,-117.492895847369,12.5));
#7851=CARTESIAN_POINT('',(175.539653476837,-117.492895847369,12.5));
#7852=CARTESIAN_POINT('',(175.539653476837,-118.198417319762,12.5));
#7853=CARTESIAN_POINT('',(175.539653476837,-118.198417319762,12.3));
#7854=CARTESIAN_POINT('',(174.926156544321,-122.489487531078,12.5));
#7855=CARTESIAN_POINT('',(174.926156544321,-118.869855629237,12.5));
#7856=CARTESIAN_POINT('',(175.539653476837,-118.869855629237,12.5));
#7857=CARTESIAN_POINT('',(175.539653476837,-122.489487531078,12.5));
#7858=CARTESIAN_POINT('',(175.539653476837,-122.489487531078,12.3));
#7859=CARTESIAN_POINT('',(178.95137808488,-121.323843359298,12.5));
#7860=CARTESIAN_POINT('',(179.585324915146,-121.402234634009,12.5));
#7861=CARTESIAN_POINT('',(179.435358998309,-121.957790189564,12.5));
#7862=CARTESIAN_POINT('',(179.029769359591,-122.264538655822,12.5));
#7863=CARTESIAN_POINT('',(178.624179720872,-122.57128712208,12.5));
#7864=CARTESIAN_POINT('',(177.993641206898,-122.57128712208,12.5));
#7865=CARTESIAN_POINT('',(177.19950351092,-122.57128712208,12.5));
#7866=CARTESIAN_POINT('',(176.734268337096,-122.082193734213,12.5));
#7867=CARTESIAN_POINT('',(176.269033163272,-121.593100346347,12.5));
#7868=CARTESIAN_POINT('',(176.269033163272,-120.710346426783,12.5));
#7869=CARTESIAN_POINT('',(176.269033163272,-119.796917660594,12.5));
#7870=CARTESIAN_POINT('',(176.739380811533,-119.292486849414,12.5));
#7871=CARTESIAN_POINT('',(177.209728459795,-118.788056038235,12.5));
#7872=CARTESIAN_POINT('',(177.95955804398,-118.788056038235,12.5));
#7873=CARTESIAN_POINT('',(178.685529414124,-118.788056038235,12.5));
#7874=CARTESIAN_POINT('',(179.14565211351,-119.282261900539,12.5));
#7875=CARTESIAN_POINT('',(179.605774812897,-119.776467762843,12.5));
#7876=CARTESIAN_POINT('',(179.605774812897,-120.672854947574,12.5));
#7877=CARTESIAN_POINT('',(179.605774812897,-120.727388008242,12.5));
#7878=CARTESIAN_POINT('',(179.602366496605,-120.836454129578,12.5));
#7879=CARTESIAN_POINT('',(179.585324915146,-121.402234634009,12.3));
#7880=CARTESIAN_POINT('',(179.435358998309,-121.957790189564,12.3));
#7881=CARTESIAN_POINT('',(179.029769359591,-122.264538655822,12.3));
#7882=CARTESIAN_POINT('',(178.624179720872,-122.57128712208,12.3));
#7883=CARTESIAN_POINT('',(177.993641206898,-122.57128712208,12.3));
#7884=CARTESIAN_POINT('',(177.19950351092,-122.57128712208,12.3));
#7885=CARTESIAN_POINT('',(176.734268337096,-122.082193734213,12.3));
#7886=CARTESIAN_POINT('',(176.269033163272,-121.593100346347,12.3));
#7887=CARTESIAN_POINT('',(176.269033163272,-120.710346426783,12.3));
#7888=CARTESIAN_POINT('',(176.269033163272,-119.796917660594,12.3));
#7889=CARTESIAN_POINT('',(176.739380811533,-119.292486849414,12.3));
#7890=CARTESIAN_POINT('',(177.209728459795,-118.788056038235,12.3));
#7891=CARTESIAN_POINT('',(177.95955804398,-118.788056038235,12.3));
#7892=CARTESIAN_POINT('',(178.685529414124,-118.788056038235,12.3));
#7893=CARTESIAN_POINT('',(179.14565211351,-119.282261900539,12.3));
#7894=CARTESIAN_POINT('',(179.605774812897,-119.776467762843,12.3));
#7895=CARTESIAN_POINT('',(179.605774812897,-120.672854947574,12.3));
#7896=CARTESIAN_POINT('',(179.605774812897,-120.727388008242,12.3));
#7897=CARTESIAN_POINT('',(179.602366496605,-120.836454129578,12.3));
#7898=CARTESIAN_POINT('',(179.602366496605,-120.836454129578,12.5));
#7899=CARTESIAN_POINT('',(176.902979993537,-120.836454129578,12.5));
#7900=CARTESIAN_POINT('',(176.937063156455,-121.432909480635,12.5));
#7901=CARTESIAN_POINT('',(177.240403306421,-121.749882895767,12.5));
#7902=CARTESIAN_POINT('',(177.543743456387,-122.0668563109,12.5));
#7903=CARTESIAN_POINT('',(177.99704952319,-122.0668563109,12.5));
#7904=CARTESIAN_POINT('',(178.334472836073,-122.0668563109,12.5));
#7905=CARTESIAN_POINT('',(178.573054976496,-121.889623863729,12.5));
#7906=CARTESIAN_POINT('',(178.811637116918,-121.712391416558,12.5));
#7907=CARTESIAN_POINT('',(178.95137808488,-121.323843359298,12.5));
#7908=CARTESIAN_POINT('',(176.902979993537,-120.836454129578,12.3));
#7909=CARTESIAN_POINT('',(176.937063156455,-121.432909480635,12.3));
#7910=CARTESIAN_POINT('',(177.240403306421,-121.749882895767,12.3));
#7911=CARTESIAN_POINT('',(177.543743456387,-122.0668563109,12.3));
#7912=CARTESIAN_POINT('',(177.99704952319,-122.0668563109,12.3));
#7913=CARTESIAN_POINT('',(178.334472836073,-122.0668563109,12.3));
#7914=CARTESIAN_POINT('',(178.573054976496,-121.889623863729,12.3));
#7915=CARTESIAN_POINT('',(178.811637116918,-121.712391416558,12.3));
#7916=CARTESIAN_POINT('',(178.95137808488,-121.323843359298,12.3));
#7917=CARTESIAN_POINT('',(176.937063156455,-120.332023318399,12.5));
#7918=CARTESIAN_POINT('',(178.958194717464,-120.332023318399,12.5));
#7919=CARTESIAN_POINT('',(178.917294921963,-119.875308935304,12.5));
#7920=CARTESIAN_POINT('',(178.726429209625,-119.646951743757,12.5));
#7921=CARTESIAN_POINT('',(178.433314008534,-119.292486849414,12.5));
#7922=CARTESIAN_POINT('',(177.966374676564,-119.292486849414,12.5));
#7923=CARTESIAN_POINT('',(177.543743456387,-119.292486849414,12.5));
#7924=CARTESIAN_POINT('',(177.255740729734,-119.57537710163,12.5));
#7925=CARTESIAN_POINT('',(176.967738003081,-119.858267353845,12.5));
#7926=CARTESIAN_POINT('',(176.937063156455,-120.332023318399,12.5));
#7927=CARTESIAN_POINT('',(178.958194717464,-120.332023318399,12.3));
#7928=CARTESIAN_POINT('',(178.917294921963,-119.875308935304,12.3));
#7929=CARTESIAN_POINT('',(178.726429209625,-119.646951743757,12.3));
#7930=CARTESIAN_POINT('',(178.433314008534,-119.292486849414,12.3));
#7931=CARTESIAN_POINT('',(177.966374676564,-119.292486849414,12.3));
#7932=CARTESIAN_POINT('',(177.543743456387,-119.292486849414,12.3));
#7933=CARTESIAN_POINT('',(177.255740729734,-119.57537710163,12.3));
#7934=CARTESIAN_POINT('',(176.967738003081,-119.858267353845,12.3));
#7935=CARTESIAN_POINT('',(176.937063156455,-120.332023318399,12.3));
#7936=CARTESIAN_POINT('',(180.0228675191,-123.04419100756,12.3));
#7937=CARTESIAN_POINT('',(210.20423082499,-126.758581270104,12.5));
#7938=CARTESIAN_POINT('',(180.907751636346,-119.384511389292,12.5));
#7939=CARTESIAN_POINT('',(181.306524642481,-118.788056038235,12.5));
#7940=CARTESIAN_POINT('',(182.059762542958,-118.788056038235,12.5));
#7941=CARTESIAN_POINT('',(182.386960906966,-118.788056038235,12.5));
#7942=CARTESIAN_POINT('',(182.661330368452,-118.905642950301,12.5));
#7943=CARTESIAN_POINT('',(182.935699829938,-119.023229862366,12.5));
#7944=CARTESIAN_POINT('',(183.072032481608,-119.214095574704,12.5));
#7945=CARTESIAN_POINT('',(183.208365133278,-119.404961287042,12.5));
#7946=CARTESIAN_POINT('',(183.262898193946,-119.667401641507,12.5));
#7947=CARTESIAN_POINT('',(183.296981356864,-119.837817456095,12.5));
#7948=CARTESIAN_POINT('',(183.296981356864,-120.263856992564,12.5));
#7949=CARTESIAN_POINT('',(180.907751636346,-119.384511389292,12.3));
#7950=CARTESIAN_POINT('',(181.306524642481,-118.788056038235,12.3));
#7951=CARTESIAN_POINT('',(182.059762542958,-118.788056038235,12.3));
#7952=CARTESIAN_POINT('',(182.386960906966,-118.788056038235,12.3));
#7953=CARTESIAN_POINT('',(182.661330368452,-118.905642950301,12.3));
#7954=CARTESIAN_POINT('',(182.935699829938,-119.023229862366,12.3));
#7955=CARTESIAN_POINT('',(183.072032481608,-119.214095574704,12.3));
#7956=CARTESIAN_POINT('',(183.208365133278,-119.404961287042,12.3));
#7957=CARTESIAN_POINT('',(183.262898193946,-119.667401641507,12.3));
#7958=CARTESIAN_POINT('',(183.296981356864,-119.837817456095,12.3));
#7959=CARTESIAN_POINT('',(183.296981356864,-120.263856992564,12.3));
#7960=CARTESIAN_POINT('',(183.296981356864,-120.263856992564,12.5));
#7961=CARTESIAN_POINT('',(183.296981356864,-122.489487531078,12.5));
#7962=CARTESIAN_POINT('',(182.683484424349,-122.489487531078,12.5));
#7963=CARTESIAN_POINT('',(182.683484424349,-120.287715206606,12.5));
#7964=CARTESIAN_POINT('',(182.683484424349,-119.912800414513,12.5));
#7965=CARTESIAN_POINT('',(182.611909782222,-119.727047176613,12.5));
#7966=CARTESIAN_POINT('',(182.540335140095,-119.541293938712,12.5));
#7967=CARTESIAN_POINT('',(182.357990218486,-119.43052365923,12.5));
#7968=CARTESIAN_POINT('',(182.175645296878,-119.319753379748,12.5));
#7969=CARTESIAN_POINT('',(181.930246523871,-119.319753379748,12.5));
#7970=CARTESIAN_POINT('',(181.53829015032,-119.319753379748,12.5));
#7971=CARTESIAN_POINT('',(181.253695739959,-119.568560469046,12.5));
#7972=CARTESIAN_POINT('',(180.969101329597,-119.817367558344,12.5));
#7973=CARTESIAN_POINT('',(180.969101329597,-120.512664081862,12.5));
#7974=CARTESIAN_POINT('',(182.683484424349,-120.287715206606,12.3));
#7975=CARTESIAN_POINT('',(182.683484424349,-119.912800414513,12.3));
#7976=CARTESIAN_POINT('',(182.611909782222,-119.727047176613,12.3));
#7977=CARTESIAN_POINT('',(182.540335140095,-119.541293938712,12.3));
#7978=CARTESIAN_POINT('',(182.357990218486,-119.43052365923,12.3));
#7979=CARTESIAN_POINT('',(182.175645296878,-119.319753379748,12.3));
#7980=CARTESIAN_POINT('',(181.930246523871,-119.319753379748,12.3));
#7981=CARTESIAN_POINT('',(181.53829015032,-119.319753379748,12.3));
#7982=CARTESIAN_POINT('',(181.253695739959,-119.568560469046,12.3));
#7983=CARTESIAN_POINT('',(180.969101329597,-119.817367558344,12.3));
#7984=CARTESIAN_POINT('',(180.969101329597,-120.512664081862,12.3));
#7985=CARTESIAN_POINT('',(180.969101329597,-120.512664081862,12.5));
#7986=CARTESIAN_POINT('',(180.969101329597,-122.489487531078,12.5));
#7987=CARTESIAN_POINT('',(180.355604397082,-122.489487531078,12.5));
#7988=CARTESIAN_POINT('',(180.355604397082,-118.869855629237,12.5));
#7989=CARTESIAN_POINT('',(180.907751636346,-118.869855629237,12.5));
#7990=CARTESIAN_POINT('',(183.664653476837,-122.952166467683,12.3));
#7991=CARTESIAN_POINT('',(184.789823892651,-119.384511389292,12.5));
#7992=CARTESIAN_POINT('',(185.188596898786,-118.788056038235,12.5));
#7993=CARTESIAN_POINT('',(185.941834799263,-118.788056038235,12.5));
#7994=CARTESIAN_POINT('',(186.269033163272,-118.788056038235,12.5));
#7995=CARTESIAN_POINT('',(186.543402624758,-118.905642950301,12.5));
#7996=CARTESIAN_POINT('',(186.817772086244,-119.023229862366,12.5));
#7997=CARTESIAN_POINT('',(186.954104737914,-119.214095574704,12.5));
#7998=CARTESIAN_POINT('',(187.090437389584,-119.404961287042,12.5));
#7999=CARTESIAN_POINT('',(187.144970450252,-119.667401641507,12.5));
#8000=CARTESIAN_POINT('',(187.179053613169,-119.837817456095,12.5));
#8001=CARTESIAN_POINT('',(187.179053613169,-120.263856992564,12.5));
#8002=CARTESIAN_POINT('',(184.789823892651,-119.384511389292,12.3));
#8003=CARTESIAN_POINT('',(185.188596898786,-118.788056038235,12.3));
#8004=CARTESIAN_POINT('',(185.941834799263,-118.788056038235,12.3));
#8005=CARTESIAN_POINT('',(186.269033163272,-118.788056038235,12.3));
#8006=CARTESIAN_POINT('',(186.543402624758,-118.905642950301,12.3));
#8007=CARTESIAN_POINT('',(186.817772086244,-119.023229862366,12.3));
#8008=CARTESIAN_POINT('',(186.954104737914,-119.214095574704,12.3));
#8009=CARTESIAN_POINT('',(187.090437389584,-119.404961287042,12.3));
#8010=CARTESIAN_POINT('',(187.144970450252,-119.667401641507,12.3));
#8011=CARTESIAN_POINT('',(187.179053613169,-119.837817456095,12.3));
#8012=CARTESIAN_POINT('',(187.179053613169,-120.263856992564,12.3));
#8013=CARTESIAN_POINT('',(187.179053613169,-120.263856992564,12.5));
#8014=CARTESIAN_POINT('',(187.179053613169,-122.489487531078,12.5));
#8015=CARTESIAN_POINT('',(186.565556680654,-122.489487531078,12.5));
#8016=CARTESIAN_POINT('',(186.565556680654,-120.287715206606,12.5));
#8017=CARTESIAN_POINT('',(186.565556680654,-119.912800414513,12.5));
#8018=CARTESIAN_POINT('',(186.493982038527,-119.727047176613,12.5));
#8019=CARTESIAN_POINT('',(186.4224073964,-119.541293938712,12.5));
#8020=CARTESIAN_POINT('',(186.240062474792,-119.43052365923,12.5));
#8021=CARTESIAN_POINT('',(186.057717553183,-119.319753379748,12.5));
#8022=CARTESIAN_POINT('',(185.812318780177,-119.319753379748,12.5));
#8023=CARTESIAN_POINT('',(185.420362406625,-119.319753379748,12.5));
#8024=CARTESIAN_POINT('',(185.135767996264,-119.568560469046,12.5));
#8025=CARTESIAN_POINT('',(184.851173585903,-119.817367558344,12.5));
#8026=CARTESIAN_POINT('',(184.851173585903,-120.512664081862,12.5));
#8027=CARTESIAN_POINT('',(186.565556680654,-120.287715206606,12.3));
#8028=CARTESIAN_POINT('',(186.565556680654,-119.912800414513,12.3));
#8029=CARTESIAN_POINT('',(186.493982038527,-119.727047176613,12.3));
#8030=CARTESIAN_POINT('',(186.4224073964,-119.541293938712,12.3));
#8031=CARTESIAN_POINT('',(186.240062474792,-119.43052365923,12.3));
#8032=CARTESIAN_POINT('',(186.057717553183,-119.319753379748,12.3));
#8033=CARTESIAN_POINT('',(185.812318780177,-119.319753379748,12.3));
#8034=CARTESIAN_POINT('',(185.420362406625,-119.319753379748,12.3));
#8035=CARTESIAN_POINT('',(185.135767996264,-119.568560469046,12.3));
#8036=CARTESIAN_POINT('',(184.851173585903,-119.817367558344,12.3));
#8037=CARTESIAN_POINT('',(184.851173585903,-120.512664081862,12.3));
#8038=CARTESIAN_POINT('',(184.851173585903,-120.512664081862,12.5));
#8039=CARTESIAN_POINT('',(184.851173585903,-122.489487531078,12.5));
#8040=CARTESIAN_POINT('',(184.237676653387,-122.489487531078,12.5));
#8041=CARTESIAN_POINT('',(184.237676653387,-118.869855629237,12.5));
#8042=CARTESIAN_POINT('',(184.789823892651,-118.869855629237,12.5));
#8043=CARTESIAN_POINT('',(187.546725733142,-122.952166467683,12.3));
#8044=CARTESIAN_POINT('',(190.481712099877,-122.042998096858,12.5));
#8045=CARTESIAN_POINT('',(190.140880470702,-122.332704981657,12.5));
#8046=CARTESIAN_POINT('',(189.825611213715,-122.451996051868,12.5));
#8047=CARTESIAN_POINT('',(189.510341956728,-122.57128712208,12.5));
#8048=CARTESIAN_POINT('',(189.149060429802,-122.57128712208,12.5));
#8049=CARTESIAN_POINT('',(188.552605078745,-122.57128712208,12.5));
#8050=CARTESIAN_POINT('',(188.232223347321,-122.279876079135,12.5));
#8051=CARTESIAN_POINT('',(187.911841615896,-121.98846503619,12.5));
#8052=CARTESIAN_POINT('',(187.911841615896,-121.535158969387,12.5));
#8053=CARTESIAN_POINT('',(187.911841615896,-121.26931029863,12.5));
#8054=CARTESIAN_POINT('',(188.032836844253,-121.049473897812,12.5));
#8055=CARTESIAN_POINT('',(188.15383207261,-120.829637496994,12.5));
#8056=CARTESIAN_POINT('',(188.349810259386,-120.696713161616,12.5));
#8057=CARTESIAN_POINT('',(188.545788446162,-120.563788826238,12.5));
#8058=CARTESIAN_POINT('',(188.791187219168,-120.495622500403,12.5));
#8059=CARTESIAN_POINT('',(188.971827982631,-120.447906072318,12.5));
#8060=CARTESIAN_POINT('',(189.336517825848,-120.403597960525,12.5));
#8061=CARTESIAN_POINT('',(190.481712099877,-122.042998096858,12.3));
#8062=CARTESIAN_POINT('',(190.140880470702,-122.332704981657,12.3));
#8063=CARTESIAN_POINT('',(189.825611213715,-122.451996051868,12.3));
#8064=CARTESIAN_POINT('',(189.510341956728,-122.57128712208,12.3));
#8065=CARTESIAN_POINT('',(189.149060429802,-122.57128712208,12.3));
#8066=CARTESIAN_POINT('',(188.552605078745,-122.57128712208,12.3));
#8067=CARTESIAN_POINT('',(188.232223347321,-122.279876079135,12.3));
#8068=CARTESIAN_POINT('',(187.911841615896,-121.98846503619,12.3));
#8069=CARTESIAN_POINT('',(187.911841615896,-121.535158969387,12.3));
#8070=CARTESIAN_POINT('',(187.911841615896,-121.26931029863,12.3));
#8071=CARTESIAN_POINT('',(188.032836844253,-121.049473897812,12.3));
#8072=CARTESIAN_POINT('',(188.15383207261,-120.829637496994,12.3));
#8073=CARTESIAN_POINT('',(188.349810259386,-120.696713161616,12.3));
#8074=CARTESIAN_POINT('',(188.545788446162,-120.563788826238,12.3));
#8075=CARTESIAN_POINT('',(188.791187219168,-120.495622500403,12.3));
#8076=CARTESIAN_POINT('',(188.971827982631,-120.447906072318,12.3));
#8077=CARTESIAN_POINT('',(189.336517825848,-120.403597960525,12.3));
#8078=CARTESIAN_POINT('',(189.336517825848,-120.403597960525,12.5));
#8079=CARTESIAN_POINT('',(190.07953077745,-120.31498173694,12.5));
#8080=CARTESIAN_POINT('',(190.430587355501,-120.192282350437,12.5));
#8081=CARTESIAN_POINT('',(189.336517825848,-120.403597960525,12.3));
#8082=CARTESIAN_POINT('',(190.07953077745,-120.31498173694,12.3));
#8083=CARTESIAN_POINT('',(190.430587355501,-120.192282350437,12.3));
#8084=CARTESIAN_POINT('',(190.430587355501,-120.192282350437,12.5));
#8085=CARTESIAN_POINT('',(190.433995671792,-120.066174647642,12.5));
#8086=CARTESIAN_POINT('',(190.433995671792,-120.032091484725,12.5));
#8087=CARTESIAN_POINT('',(190.433995671792,-119.657176692632,12.5));
#8088=CARTESIAN_POINT('',(190.260171540913,-119.503802459503,12.5));
#8089=CARTESIAN_POINT('',(190.024997716782,-119.295895165706,12.5));
#8090=CARTESIAN_POINT('',(189.561466701104,-119.295895165706,12.5));
#8091=CARTESIAN_POINT('',(189.128610532051,-119.295895165706,12.5));
#8092=CARTESIAN_POINT('',(188.9224073964,-119.447565240689,12.5));
#8093=CARTESIAN_POINT('',(188.716204260749,-119.599235315672,12.5));
#8094=CARTESIAN_POINT('',(188.617363088289,-119.98437505664,12.5));
#8095=CARTESIAN_POINT('',(190.430587355501,-120.192282350437,12.3));
#8096=CARTESIAN_POINT('',(190.433995671792,-120.066174647642,12.3));
#8097=CARTESIAN_POINT('',(190.433995671792,-120.032091484725,12.3));
#8098=CARTESIAN_POINT('',(190.433995671792,-119.657176692632,12.3));
#8099=CARTESIAN_POINT('',(190.260171540913,-119.503802459503,12.3));
#8100=CARTESIAN_POINT('',(190.024997716782,-119.295895165706,12.3));
#8101=CARTESIAN_POINT('',(189.561466701104,-119.295895165706,12.3));
#8102=CARTESIAN_POINT('',(189.128610532051,-119.295895165706,12.3));
#8103=CARTESIAN_POINT('',(188.9224073964,-119.447565240689,12.3));
#8104=CARTESIAN_POINT('',(188.716204260749,-119.599235315672,12.3));
#8105=CARTESIAN_POINT('',(188.617363088289,-119.98437505664,12.3));
#8106=CARTESIAN_POINT('',(188.617363088289,-119.98437505664,12.5));
#8107=CARTESIAN_POINT('',(188.01749942094,-119.902575465638,12.5));
#8108=CARTESIAN_POINT('',(188.099299011942,-119.51743572467,12.5));
#8109=CARTESIAN_POINT('',(188.286756407989,-119.280557742393,12.5));
#8110=CARTESIAN_POINT('',(188.474213804035,-119.043679760116,12.5));
#8111=CARTESIAN_POINT('',(188.828678698377,-118.915867899176,12.5));
#8112=CARTESIAN_POINT('',(189.183143592719,-118.788056038235,12.5));
#8113=CARTESIAN_POINT('',(189.650082924689,-118.788056038235,12.5));
#8114=CARTESIAN_POINT('',(190.113613940368,-118.788056038235,12.5));
#8115=CARTESIAN_POINT('',(190.403320825167,-118.897122159571,12.5));
#8116=CARTESIAN_POINT('',(190.693027709965,-119.006188280907,12.5));
#8117=CARTESIAN_POINT('',(190.829360361636,-119.171491621057,12.5));
#8118=CARTESIAN_POINT('',(190.965693013306,-119.336794961207,12.5));
#8119=CARTESIAN_POINT('',(191.020226073974,-119.589010366797,12.5));
#8120=CARTESIAN_POINT('',(188.01749942094,-119.902575465638,12.3));
#8121=CARTESIAN_POINT('',(188.099299011942,-119.51743572467,12.3));
#8122=CARTESIAN_POINT('',(188.286756407989,-119.280557742393,12.3));
#8123=CARTESIAN_POINT('',(188.474213804035,-119.043679760116,12.3));
#8124=CARTESIAN_POINT('',(188.828678698377,-118.915867899176,12.3));
#8125=CARTESIAN_POINT('',(189.183143592719,-118.788056038235,12.3));
#8126=CARTESIAN_POINT('',(189.650082924689,-118.788056038235,12.3));
#8127=CARTESIAN_POINT('',(190.113613940368,-118.788056038235,12.3));
#8128=CARTESIAN_POINT('',(190.403320825167,-118.897122159571,12.3));
#8129=CARTESIAN_POINT('',(190.693027709965,-119.006188280907,12.3));
#8130=CARTESIAN_POINT('',(190.829360361636,-119.171491621057,12.3));
#8131=CARTESIAN_POINT('',(190.965693013306,-119.336794961207,12.3));
#8132=CARTESIAN_POINT('',(191.020226073974,-119.589010366797,12.3));
#8133=CARTESIAN_POINT('',(191.020226073974,-119.589010366797,12.5));
#8134=CARTESIAN_POINT('',(191.050900920599,-119.745792916217,12.5));
#8135=CARTESIAN_POINT('',(191.050900920599,-120.154790871228,12.5));
#8136=CARTESIAN_POINT('',(191.020226073974,-119.589010366797,12.3));
#8137=CARTESIAN_POINT('',(191.050900920599,-119.745792916217,12.3));
#8138=CARTESIAN_POINT('',(191.050900920599,-120.154790871228,12.3));
#8139=CARTESIAN_POINT('',(191.050900920599,-120.154790871228,12.5));
#8140=CARTESIAN_POINT('',(191.050900920599,-120.972786781248,12.5));
#8141=CARTESIAN_POINT('',(191.050900920599,-121.828274170478,12.5));
#8142=CARTESIAN_POINT('',(191.090096557955,-122.054927203879,12.5));
#8143=CARTESIAN_POINT('',(191.12929219531,-122.281580237281,12.5));
#8144=CARTESIAN_POINT('',(191.245174949229,-122.489487531078,12.5));
#8145=CARTESIAN_POINT('',(191.050900920599,-120.972786781248,12.3));
#8146=CARTESIAN_POINT('',(191.050900920599,-121.828274170478,12.3));
#8147=CARTESIAN_POINT('',(191.090096557955,-122.054927203879,12.3));
#8148=CARTESIAN_POINT('',(191.12929219531,-122.281580237281,12.3));
#8149=CARTESIAN_POINT('',(191.245174949229,-122.489487531078,12.3));
#8150=CARTESIAN_POINT('',(191.245174949229,-122.489487531078,12.5));
#8151=CARTESIAN_POINT('',(190.60441148638,-122.489487531078,12.5));
#8152=CARTESIAN_POINT('',(190.508978630211,-122.298621818739,12.5));
#8153=CARTESIAN_POINT('',(190.481712099877,-122.042998096858,12.5));
#8154=CARTESIAN_POINT('',(190.60441148638,-122.489487531078,12.3));
#8155=CARTESIAN_POINT('',(190.508978630211,-122.298621818739,12.3));
#8156=CARTESIAN_POINT('',(190.481712099877,-122.042998096858,12.3));
#8157=CARTESIAN_POINT('',(190.430587355501,-120.672854947574,12.5));
#8158=CARTESIAN_POINT('',(190.096572358909,-120.809187599244,12.5));
#8159=CARTESIAN_POINT('',(189.428542365726,-120.904620455413,12.5));
#8160=CARTESIAN_POINT('',(190.430587355501,-120.672854947574,12.3));
#8161=CARTESIAN_POINT('',(190.096572358909,-120.809187599244,12.3));
#8162=CARTESIAN_POINT('',(189.428542365726,-120.904620455413,12.3));
#8163=CARTESIAN_POINT('',(189.428542365726,-120.904620455413,12.5));
#8164=CARTESIAN_POINT('',(189.050219257341,-120.959153516081,12.5));
#8165=CARTESIAN_POINT('',(188.893436707921,-121.027319841916,12.5));
#8166=CARTESIAN_POINT('',(188.7366541585,-121.095486167751,12.5));
#8167=CARTESIAN_POINT('',(188.651446251206,-121.226706344984,12.5));
#8168=CARTESIAN_POINT('',(188.566238343912,-121.357926522216,12.5));
#8169=CARTESIAN_POINT('',(188.566238343912,-121.518117387928,12.5));
#8170=CARTESIAN_POINT('',(188.566238343912,-121.763516160934,12.5));
#8171=CARTESIAN_POINT('',(188.751991581813,-121.927115342939,12.5));
#8172=CARTESIAN_POINT('',(188.937744819713,-122.090714524943,12.5));
#8173=CARTESIAN_POINT('',(189.295618030347,-122.090714524943,12.5));
#8174=CARTESIAN_POINT('',(189.650082924689,-122.090714524943,12.5));
#8175=CARTESIAN_POINT('',(189.926156544321,-121.935636133668,12.5));
#8176=CARTESIAN_POINT('',(190.202230163953,-121.780557742393,12.5));
#8177=CARTESIAN_POINT('',(190.33174618304,-121.511300755345,12.5));
#8178=CARTESIAN_POINT('',(190.430587355501,-121.303393461548,12.5));
#8179=CARTESIAN_POINT('',(190.430587355501,-120.897803822829,12.5));
#8180=CARTESIAN_POINT('',(189.428542365726,-120.904620455413,12.3));
#8181=CARTESIAN_POINT('',(189.050219257341,-120.959153516081,12.3));
#8182=CARTESIAN_POINT('',(188.893436707921,-121.027319841916,12.3));
#8183=CARTESIAN_POINT('',(188.7366541585,-121.095486167751,12.3));
#8184=CARTESIAN_POINT('',(188.651446251206,-121.226706344984,12.3));
#8185=CARTESIAN_POINT('',(188.566238343912,-121.357926522216,12.3));
#8186=CARTESIAN_POINT('',(188.566238343912,-121.518117387928,12.3));
#8187=CARTESIAN_POINT('',(188.566238343912,-121.763516160934,12.3));
#8188=CARTESIAN_POINT('',(188.751991581813,-121.927115342939,12.3));
#8189=CARTESIAN_POINT('',(188.937744819713,-122.090714524943,12.3));
#8190=CARTESIAN_POINT('',(189.295618030347,-122.090714524943,12.3));
#8191=CARTESIAN_POINT('',(189.650082924689,-122.090714524943,12.3));
#8192=CARTESIAN_POINT('',(189.926156544321,-121.935636133668,12.3));
#8193=CARTESIAN_POINT('',(190.202230163953,-121.780557742393,12.3));
#8194=CARTESIAN_POINT('',(190.33174618304,-121.511300755345,12.3));
#8195=CARTESIAN_POINT('',(190.430587355501,-121.303393461548,12.3));
#8196=CARTESIAN_POINT('',(190.430587355501,-120.897803822829,12.3));
#8197=CARTESIAN_POINT('',(190.430587355501,-120.897803822829,12.5));
#8198=CARTESIAN_POINT('',(191.661841615896,-123.04419100756,12.3));
#8199=CARTESIAN_POINT('',(210.20423082499,-126.758581270104,12.5));
#8200=CARTESIAN_POINT('',(176.80423082499,-73.8585812701041,11.));
#8201=CARTESIAN_POINT('',(176.80423082499,-73.8585812701041,12.5));
#8202=CARTESIAN_POINT('',(204.86231427371,-116.885825919922,11.));
#8203=CARTESIAN_POINT('',(204.86231427371,-116.885825919922,12.5));
#8204=CARTESIAN_POINT('',(210.20423082499,-123.758581270104,12.5));
#8205=CARTESIAN_POINT('',(207.20423082499,-126.758581270104,12.5));
#8206=CARTESIAN_POINT('',(207.20423082499,-126.758581270104,11.));
#8207=CARTESIAN_POINT('',(210.20423082499,-123.758581270104,11.));
#8208=CARTESIAN_POINT('',(169.70423082499,-126.758581270104,12.5));
#8209=CARTESIAN_POINT('',(169.70423082499,-126.758581270104,11.));
#8210=CARTESIAN_POINT('',(166.70423082499,-123.758581270104,12.5));
#8211=CARTESIAN_POINT('',(166.70423082499,-123.758581270104,11.));
#8212=CARTESIAN_POINT('',(166.70423082499,-68.8585812701041,12.5));
#8213=CARTESIAN_POINT('',(166.70423082499,-68.8585812701041,11.));
#8214=CARTESIAN_POINT('',(168.70423082499,-66.8585812701041,12.5));
#8215=CARTESIAN_POINT('',(168.70423082499,-66.8585812701041,11.));
#8216=CARTESIAN_POINT('',(208.20423082499,-66.8585812701041,12.5));
#8217=CARTESIAN_POINT('',(208.20423082499,-66.8585812701041,11.));
#8218=CARTESIAN_POINT('',(210.20423082499,-68.8585812701041,12.5));
#8219=CARTESIAN_POINT('',(210.20423082499,-68.8585812701041,11.));
#8220=CARTESIAN_POINT('',(178.00423082499,-73.8585812701041,5.));
#8221=CARTESIAN_POINT('',(176.80423082499,-73.8585812701041,5.));
#8222=CARTESIAN_POINT('',(178.00423082499,-73.8585812701041,11.));
#8223=CARTESIAN_POINT('',(206.06231427371,-116.885825919922,5.));
#8224=CARTESIAN_POINT('',(204.86231427371,-116.885825919922,5.));
#8225=CARTESIAN_POINT('',(206.06231427371,-116.885825919922,11.));
#8226=CARTESIAN_POINT('',(193.504362189298,-71.6083932567777,12.5));
#8227=CARTESIAN_POINT('',(191.504362189298,-71.6083932567777,12.5));
#8228=CARTESIAN_POINT('',(193.504362189298,-73.6083932567777,12.5));
#8229=CARTESIAN_POINT('',(191.504362189298,-73.6083932567777,12.5));
#8230=CARTESIAN_POINT('',(193.504362189298,-71.6083932567777,11.));
#8231=CARTESIAN_POINT('',(191.504362189298,-71.6083932567777,11.));
#8232=CARTESIAN_POINT('',(193.504362189298,-73.6083932567777,11.));
#8233=CARTESIAN_POINT('',(191.504362189298,-73.6083932567777,11.));
#8234=CARTESIAN_POINT('',(170.744152454342,-120.829637496994,12.3));
#8235=CARTESIAN_POINT('',(170.120430572951,-120.884170557662,12.3));
#8236=CARTESIAN_POINT('',(171.984779584539,-120.183761559707,12.3));
#8237=CARTESIAN_POINT('',(173.947969768589,-118.900530475863,12.3));
#8238=CARTESIAN_POINT('',(173.314022938323,-118.948246903947,12.3));
#8239=CARTESIAN_POINT('',(172.139857975814,-119.539589780566,12.3));
#8240=CARTESIAN_POINT('',(170.120430572951,-120.884170557662,12.5));
#8241=CARTESIAN_POINT('',(170.744152454342,-120.829637496994,12.5));
#8242=CARTESIAN_POINT('',(171.984779584539,-120.183761559707,12.5));
#8243=CARTESIAN_POINT('',(173.947969768589,-118.900530475863,12.5));
#8244=CARTESIAN_POINT('',(173.314022938323,-118.948246903947,12.5));
#8245=CARTESIAN_POINT('',(172.139857975814,-119.539589780566,12.5));
#8246=CARTESIAN_POINT('',(174.926156544321,-117.492895847369,12.3));
#8247=CARTESIAN_POINT('',(174.926156544321,-118.198417319762,12.3));
#8248=CARTESIAN_POINT('',(175.539653476837,-117.492895847369,12.3));
#8249=CARTESIAN_POINT('',(175.539653476837,-118.198417319762,12.3));
#8250=CARTESIAN_POINT('',(174.926156544321,-118.198417319762,12.5));
#8251=CARTESIAN_POINT('',(174.926156544321,-117.492895847369,12.5));
#8252=CARTESIAN_POINT('',(175.539653476837,-117.492895847369,12.5));
#8253=CARTESIAN_POINT('',(175.539653476837,-118.198417319762,12.5));
#8254=CARTESIAN_POINT('',(174.926156544321,-118.869855629237,12.3));
#8255=CARTESIAN_POINT('',(174.926156544321,-122.489487531078,12.3));
#8256=CARTESIAN_POINT('',(175.539653476837,-118.869855629237,12.3));
#8257=CARTESIAN_POINT('',(175.539653476837,-122.489487531078,12.3));
#8258=CARTESIAN_POINT('',(174.926156544321,-122.489487531078,12.5));
#8259=CARTESIAN_POINT('',(174.926156544321,-118.869855629237,12.5));
#8260=CARTESIAN_POINT('',(175.539653476837,-118.869855629237,12.5));
#8261=CARTESIAN_POINT('',(175.539653476837,-122.489487531078,12.5));
#8262=CARTESIAN_POINT('',(179.585324915146,-121.402234634009,12.3));
#8263=CARTESIAN_POINT('',(178.95137808488,-121.323843359298,12.3));
#8264=CARTESIAN_POINT('',(179.602366496605,-120.836454129578,12.3));
#8265=CARTESIAN_POINT('',(176.902979993537,-120.836454129578,12.3));
#8266=CARTESIAN_POINT('',(178.958194717464,-120.332023318399,12.3));
#8267=CARTESIAN_POINT('',(176.937063156455,-120.332023318399,12.3));
#8268=CARTESIAN_POINT('',(178.95137808488,-121.323843359298,12.5));
#8269=CARTESIAN_POINT('',(179.585324915146,-121.402234634009,12.5));
#8270=CARTESIAN_POINT('',(179.602366496605,-120.836454129578,12.5));
#8271=CARTESIAN_POINT('',(176.902979993537,-120.836454129578,12.5));
#8272=CARTESIAN_POINT('',(176.937063156455,-120.332023318399,12.5));
#8273=CARTESIAN_POINT('',(178.958194717464,-120.332023318399,12.5));
#8274=CARTESIAN_POINT('',(183.296981356864,-120.263856992564,12.3));
#8275=CARTESIAN_POINT('',(180.907751636346,-119.384511389292,12.3));
#8276=CARTESIAN_POINT('',(183.296981356864,-122.489487531078,12.3));
#8277=CARTESIAN_POINT('',(182.683484424349,-122.489487531078,12.3));
#8278=CARTESIAN_POINT('',(182.683484424349,-120.287715206606,12.3));
#8279=CARTESIAN_POINT('',(180.969101329597,-120.512664081862,12.3));
#8280=CARTESIAN_POINT('',(180.969101329597,-122.489487531078,12.3));
#8281=CARTESIAN_POINT('',(180.355604397082,-122.489487531078,12.3));
#8282=CARTESIAN_POINT('',(180.355604397082,-118.869855629237,12.3));
#8283=CARTESIAN_POINT('',(180.907751636346,-118.869855629237,12.3));
#8284=CARTESIAN_POINT('',(180.907751636346,-119.384511389292,12.5));
#8285=CARTESIAN_POINT('',(183.296981356864,-120.263856992564,12.5));
#8286=CARTESIAN_POINT('',(183.296981356864,-122.489487531078,12.5));
#8287=CARTESIAN_POINT('',(182.683484424349,-122.489487531078,12.5));
#8288=CARTESIAN_POINT('',(182.683484424349,-120.287715206606,12.5));
#8289=CARTESIAN_POINT('',(180.969101329597,-120.512664081862,12.5));
#8290=CARTESIAN_POINT('',(180.969101329597,-122.489487531078,12.5));
#8291=CARTESIAN_POINT('',(180.355604397082,-122.489487531078,12.5));
#8292=CARTESIAN_POINT('',(180.355604397082,-118.869855629237,12.5));
#8293=CARTESIAN_POINT('',(180.907751636346,-118.869855629237,12.5));
#8294=CARTESIAN_POINT('',(187.179053613169,-120.263856992564,12.3));
#8295=CARTESIAN_POINT('',(184.789823892651,-119.384511389292,12.3));
#8296=CARTESIAN_POINT('',(187.179053613169,-122.489487531078,12.3));
#8297=CARTESIAN_POINT('',(186.565556680654,-122.489487531078,12.3));
#8298=CARTESIAN_POINT('',(186.565556680654,-120.287715206606,12.3));
#8299=CARTESIAN_POINT('',(184.851173585903,-120.512664081862,12.3));
#8300=CARTESIAN_POINT('',(184.851173585903,-122.489487531078,12.3));
#8301=CARTESIAN_POINT('',(184.237676653387,-122.489487531078,12.3));
#8302=CARTESIAN_POINT('',(184.237676653387,-118.869855629237,12.3));
#8303=CARTESIAN_POINT('',(184.789823892651,-118.869855629237,12.3));
#8304=CARTESIAN_POINT('',(184.789823892651,-119.384511389292,12.5));
#8305=CARTESIAN_POINT('',(187.179053613169,-120.263856992564,12.5));
#8306=CARTESIAN_POINT('',(187.179053613169,-122.489487531078,12.5));
#8307=CARTESIAN_POINT('',(186.565556680654,-122.489487531078,12.5));
#8308=CARTESIAN_POINT('',(186.565556680654,-120.287715206606,12.5));
#8309=CARTESIAN_POINT('',(184.851173585903,-120.512664081862,12.5));
#8310=CARTESIAN_POINT('',(184.851173585903,-122.489487531078,12.5));
#8311=CARTESIAN_POINT('',(184.237676653387,-122.489487531078,12.5));
#8312=CARTESIAN_POINT('',(184.237676653387,-118.869855629237,12.5));
#8313=CARTESIAN_POINT('',(184.789823892651,-118.869855629237,12.5));
#8314=CARTESIAN_POINT('',(189.336517825848,-120.403597960525,12.3));
#8315=CARTESIAN_POINT('',(190.481712099877,-122.042998096858,12.3));
#8316=CARTESIAN_POINT('',(190.430587355501,-120.192282350437,12.3));
#8317=CARTESIAN_POINT('',(188.617363088289,-119.98437505664,12.3));
#8318=CARTESIAN_POINT('',(188.01749942094,-119.902575465638,12.3));
#8319=CARTESIAN_POINT('',(191.020226073974,-119.589010366797,12.3));
#8320=CARTESIAN_POINT('',(191.050900920599,-120.154790871228,12.3));
#8321=CARTESIAN_POINT('',(191.050900920599,-120.972786781248,12.3));
#8322=CARTESIAN_POINT('',(191.245174949229,-122.489487531078,12.3));
#8323=CARTESIAN_POINT('',(190.60441148638,-122.489487531078,12.3));
#8324=CARTESIAN_POINT('',(189.428542365726,-120.904620455413,12.3));
#8325=CARTESIAN_POINT('',(190.430587355501,-120.672854947574,12.3));
#8326=CARTESIAN_POINT('',(190.430587355501,-120.897803822829,12.3));
#8327=CARTESIAN_POINT('',(190.481712099877,-122.042998096858,12.5));
#8328=CARTESIAN_POINT('',(189.336517825848,-120.403597960525,12.5));
#8329=CARTESIAN_POINT('',(190.430587355501,-120.192282350437,12.5));
#8330=CARTESIAN_POINT('',(188.617363088289,-119.98437505664,12.5));
#8331=CARTESIAN_POINT('',(188.01749942094,-119.902575465638,12.5));
#8332=CARTESIAN_POINT('',(191.020226073974,-119.589010366797,12.5));
#8333=CARTESIAN_POINT('',(191.050900920599,-120.154790871228,12.5));
#8334=CARTESIAN_POINT('',(191.050900920599,-120.972786781248,12.5));
#8335=CARTESIAN_POINT('',(191.245174949229,-122.489487531078,12.5));
#8336=CARTESIAN_POINT('',(190.60441148638,-122.489487531078,12.5));
#8337=CARTESIAN_POINT('',(190.430587355501,-120.672854947574,12.5));
#8338=CARTESIAN_POINT('',(189.428542365726,-120.904620455413,12.5));
#8339=CARTESIAN_POINT('',(190.430587355501,-120.897803822829,12.5));
#8340=CARTESIAN_POINT('',(176.80423082499,-73.8585812701041,11.));
#8341=CARTESIAN_POINT('',(176.80423082499,-72.0585812701041,11.));
#8342=CARTESIAN_POINT('',(175.00423082499,-72.0585812701041,11.));
#8343=CARTESIAN_POINT('',(173.20423082499,-72.0585812701041,11.));
#8344=CARTESIAN_POINT('',(173.20423082499,-73.8585812701041,11.));
#8345=CARTESIAN_POINT('',(173.20423082499,-75.6585812701041,11.));
#8346=CARTESIAN_POINT('',(175.00423082499,-75.6585812701041,11.));
#8347=CARTESIAN_POINT('',(176.80423082499,-75.6585812701041,11.));
#8348=CARTESIAN_POINT('',(176.80423082499,-73.8585812701041,11.));
#8349=CARTESIAN_POINT('',(176.80423082499,-73.8585812701041,12.5));
#8350=CARTESIAN_POINT('',(176.80423082499,-72.0585812701041,12.5));
#8351=CARTESIAN_POINT('',(175.00423082499,-72.0585812701041,12.5));
#8352=CARTESIAN_POINT('',(173.20423082499,-72.0585812701041,12.5));
#8353=CARTESIAN_POINT('',(173.20423082499,-73.8585812701041,12.5));
#8354=CARTESIAN_POINT('',(173.20423082499,-75.6585812701041,12.5));
#8355=CARTESIAN_POINT('',(175.00423082499,-75.6585812701041,12.5));
#8356=CARTESIAN_POINT('',(176.80423082499,-75.6585812701041,12.5));
#8357=CARTESIAN_POINT('',(176.80423082499,-73.8585812701041,12.5));
#8358=CARTESIAN_POINT('',(204.86231427371,-116.885825919922,11.));
#8359=CARTESIAN_POINT('',(204.86231427371,-115.085825919922,11.));
#8360=CARTESIAN_POINT('',(203.06231427371,-115.085825919922,11.));
#8361=CARTESIAN_POINT('',(201.26231427371,-115.085825919922,11.));
#8362=CARTESIAN_POINT('',(201.26231427371,-116.885825919922,11.));
#8363=CARTESIAN_POINT('',(201.26231427371,-118.685825919922,11.));
#8364=CARTESIAN_POINT('',(203.06231427371,-118.685825919922,11.));
#8365=CARTESIAN_POINT('',(204.86231427371,-118.685825919922,11.));
#8366=CARTESIAN_POINT('',(204.86231427371,-116.885825919922,11.));
#8367=CARTESIAN_POINT('',(204.86231427371,-116.885825919922,12.5));
#8368=CARTESIAN_POINT('',(204.86231427371,-115.085825919922,12.5));
#8369=CARTESIAN_POINT('',(203.06231427371,-115.085825919922,12.5));
#8370=CARTESIAN_POINT('',(201.26231427371,-115.085825919922,12.5));
#8371=CARTESIAN_POINT('',(201.26231427371,-116.885825919922,12.5));
#8372=CARTESIAN_POINT('',(201.26231427371,-118.685825919922,12.5));
#8373=CARTESIAN_POINT('',(203.06231427371,-118.685825919922,12.5));
#8374=CARTESIAN_POINT('',(204.86231427371,-118.685825919922,12.5));
#8375=CARTESIAN_POINT('',(204.86231427371,-116.885825919922,12.5));
#8376=CARTESIAN_POINT('',(210.20423082499,-123.758581270104,12.5));
#8377=CARTESIAN_POINT('',(210.20423082499,-126.758581270104,12.5));
#8378=CARTESIAN_POINT('',(207.20423082499,-126.758581270104,12.5));
#8379=CARTESIAN_POINT('',(207.20423082499,-126.758581270104,12.5));
#8380=CARTESIAN_POINT('',(207.20423082499,-126.758581270104,11.));
#8381=CARTESIAN_POINT('',(210.20423082499,-123.758581270104,11.));
#8382=CARTESIAN_POINT('',(210.20423082499,-126.758581270104,11.));
#8383=CARTESIAN_POINT('',(207.20423082499,-126.758581270104,11.));
#8384=CARTESIAN_POINT('',(210.20423082499,-123.758581270104,12.5));
#8385=CARTESIAN_POINT('',(210.20423082499,-123.758581270104,11.));
#8386=CARTESIAN_POINT('',(207.20423082499,-126.758581270104,12.5));
#8387=CARTESIAN_POINT('',(188.45423082499,-126.758581270104,12.5));
#8388=CARTESIAN_POINT('',(169.70423082499,-126.758581270104,12.5));
#8389=CARTESIAN_POINT('',(169.70423082499,-126.758581270104,12.5));
#8390=CARTESIAN_POINT('',(169.70423082499,-126.758581270104,11.));
#8391=CARTESIAN_POINT('',(207.20423082499,-126.758581270104,11.));
#8392=CARTESIAN_POINT('',(188.45423082499,-126.758581270104,11.));
#8393=CARTESIAN_POINT('',(169.70423082499,-126.758581270104,11.));
#8394=CARTESIAN_POINT('',(169.70423082499,-126.758581270104,12.5));
#8395=CARTESIAN_POINT('',(166.70423082499,-126.758581270104,12.5));
#8396=CARTESIAN_POINT('',(166.70423082499,-123.758581270104,12.5));
#8397=CARTESIAN_POINT('',(166.70423082499,-123.758581270104,12.5));
#8398=CARTESIAN_POINT('',(166.70423082499,-123.758581270104,11.));
#8399=CARTESIAN_POINT('',(169.70423082499,-126.758581270104,11.));
#8400=CARTESIAN_POINT('',(166.70423082499,-126.758581270104,11.));
#8401=CARTESIAN_POINT('',(166.70423082499,-123.758581270104,11.));
#8402=CARTESIAN_POINT('',(166.70423082499,-123.758581270104,12.5));
#8403=CARTESIAN_POINT('',(166.70423082499,-96.3085812701041,12.5));
#8404=CARTESIAN_POINT('',(166.70423082499,-68.8585812701041,12.5));
#8405=CARTESIAN_POINT('',(166.70423082499,-68.8585812701041,12.5));
#8406=CARTESIAN_POINT('',(166.70423082499,-68.8585812701041,11.));
#8407=CARTESIAN_POINT('',(166.70423082499,-123.758581270104,11.));
#8408=CARTESIAN_POINT('',(166.70423082499,-96.3085812701041,11.));
#8409=CARTESIAN_POINT('',(166.70423082499,-68.8585812701041,11.));
#8410=CARTESIAN_POINT('',(166.70423082499,-68.8585812701041,12.5));
#8411=CARTESIAN_POINT('',(166.70423082499,-66.8585812701041,12.5));
#8412=CARTESIAN_POINT('',(168.70423082499,-66.8585812701041,12.5));
#8413=CARTESIAN_POINT('',(168.70423082499,-66.8585812701041,12.5));
#8414=CARTESIAN_POINT('',(168.70423082499,-66.8585812701041,11.));
#8415=CARTESIAN_POINT('',(166.70423082499,-68.8585812701041,11.));
#8416=CARTESIAN_POINT('',(166.70423082499,-66.8585812701041,11.));
#8417=CARTESIAN_POINT('',(168.70423082499,-66.8585812701041,11.));
#8418=CARTESIAN_POINT('',(168.70423082499,-66.8585812701041,12.5));
#8419=CARTESIAN_POINT('',(188.45423082499,-66.8585812701041,12.5));
#8420=CARTESIAN_POINT('',(208.20423082499,-66.8585812701041,12.5));
#8421=CARTESIAN_POINT('',(208.20423082499,-66.8585812701041,12.5));
#8422=CARTESIAN_POINT('',(208.20423082499,-66.8585812701041,11.));
#8423=CARTESIAN_POINT('',(168.70423082499,-66.8585812701041,11.));
#8424=CARTESIAN_POINT('',(188.45423082499,-66.8585812701041,11.));
#8425=CARTESIAN_POINT('',(208.20423082499,-66.8585812701041,11.));
#8426=CARTESIAN_POINT('',(208.20423082499,-66.8585812701041,12.5));
#8427=CARTESIAN_POINT('',(210.20423082499,-66.8585812701041,12.5));
#8428=CARTESIAN_POINT('',(210.20423082499,-68.8585812701041,12.5));
#8429=CARTESIAN_POINT('',(210.20423082499,-68.8585812701041,12.5));
#8430=CARTESIAN_POINT('',(210.20423082499,-68.8585812701041,11.));
#8431=CARTESIAN_POINT('',(208.20423082499,-66.8585812701041,11.));
#8432=CARTESIAN_POINT('',(210.20423082499,-66.8585812701041,11.));
#8433=CARTESIAN_POINT('',(210.20423082499,-68.8585812701041,11.));
#8434=CARTESIAN_POINT('',(210.20423082499,-68.8585812701041,12.5));
#8435=CARTESIAN_POINT('',(210.20423082499,-96.3085812701041,12.5));
#8436=CARTESIAN_POINT('',(210.20423082499,-123.758581270104,12.5));
#8437=CARTESIAN_POINT('',(210.20423082499,-68.8585812701041,11.));
#8438=CARTESIAN_POINT('',(210.20423082499,-96.3085812701041,11.));
#8439=CARTESIAN_POINT('',(210.20423082499,-123.758581270104,11.));
#8440=CARTESIAN_POINT('',(178.00423082499,-73.8585812701041,11.));
#8441=CARTESIAN_POINT('',(178.00423082499,-76.8585812701041,11.));
#8442=CARTESIAN_POINT('',(175.00423082499,-76.8585812701041,11.));
#8443=CARTESIAN_POINT('',(172.00423082499,-76.8585812701041,11.));
#8444=CARTESIAN_POINT('',(172.00423082499,-73.8585812701041,11.));
#8445=CARTESIAN_POINT('',(172.00423082499,-70.8585812701041,11.));
#8446=CARTESIAN_POINT('',(175.00423082499,-70.8585812701041,11.));
#8447=CARTESIAN_POINT('',(178.00423082499,-70.8585812701041,11.));
#8448=CARTESIAN_POINT('',(178.00423082499,-73.8585812701041,11.));
#8449=CARTESIAN_POINT('',(178.00423082499,-73.8585812701041,11.));
#8450=CARTESIAN_POINT('',(178.00423082499,-73.8585812701041,5.));
#8451=CARTESIAN_POINT('',(178.00423082499,-73.8585812701041,5.));
#8452=CARTESIAN_POINT('',(178.00423082499,-76.8585812701041,5.));
#8453=CARTESIAN_POINT('',(175.00423082499,-76.8585812701041,5.));
#8454=CARTESIAN_POINT('',(172.00423082499,-76.8585812701041,5.));
#8455=CARTESIAN_POINT('',(172.00423082499,-73.8585812701041,5.));
#8456=CARTESIAN_POINT('',(172.00423082499,-70.8585812701041,5.));
#8457=CARTESIAN_POINT('',(175.00423082499,-70.8585812701041,5.));
#8458=CARTESIAN_POINT('',(178.00423082499,-70.8585812701041,5.));
#8459=CARTESIAN_POINT('',(178.00423082499,-73.8585812701041,5.));
#8460=CARTESIAN_POINT('',(176.80423082499,-73.8585812701041,11.));
#8461=CARTESIAN_POINT('',(176.80423082499,-73.8585812701041,5.));
#8462=CARTESIAN_POINT('',(176.80423082499,-73.8585812701041,5.));
#8463=CARTESIAN_POINT('',(176.80423082499,-72.0585812701041,5.));
#8464=CARTESIAN_POINT('',(175.00423082499,-72.0585812701041,5.));
#8465=CARTESIAN_POINT('',(173.20423082499,-72.0585812701041,5.));
#8466=CARTESIAN_POINT('',(173.20423082499,-73.8585812701041,5.));
#8467=CARTESIAN_POINT('',(173.20423082499,-75.6585812701041,5.));
#8468=CARTESIAN_POINT('',(175.00423082499,-75.6585812701041,5.));
#8469=CARTESIAN_POINT('',(176.80423082499,-75.6585812701041,5.));
#8470=CARTESIAN_POINT('',(176.80423082499,-73.8585812701041,5.));
#8471=CARTESIAN_POINT('',(206.06231427371,-116.885825919922,11.));
#8472=CARTESIAN_POINT('',(206.06231427371,-119.885825919922,11.));
#8473=CARTESIAN_POINT('',(203.06231427371,-119.885825919922,11.));
#8474=CARTESIAN_POINT('',(200.06231427371,-119.885825919922,11.));
#8475=CARTESIAN_POINT('',(200.06231427371,-116.885825919922,11.));
#8476=CARTESIAN_POINT('',(200.06231427371,-113.885825919922,11.));
#8477=CARTESIAN_POINT('',(203.06231427371,-113.885825919922,11.));
#8478=CARTESIAN_POINT('',(206.06231427371,-113.885825919922,11.));
#8479=CARTESIAN_POINT('',(206.06231427371,-116.885825919922,11.));
#8480=CARTESIAN_POINT('',(206.06231427371,-116.885825919922,11.));
#8481=CARTESIAN_POINT('',(206.06231427371,-116.885825919922,5.));
#8482=CARTESIAN_POINT('',(206.06231427371,-116.885825919922,5.));
#8483=CARTESIAN_POINT('',(206.06231427371,-119.885825919922,5.));
#8484=CARTESIAN_POINT('',(203.06231427371,-119.885825919922,5.));
#8485=CARTESIAN_POINT('',(200.06231427371,-119.885825919922,5.));
#8486=CARTESIAN_POINT('',(200.06231427371,-116.885825919922,5.));
#8487=CARTESIAN_POINT('',(200.06231427371,-113.885825919922,5.));
#8488=CARTESIAN_POINT('',(203.06231427371,-113.885825919922,5.));
#8489=CARTESIAN_POINT('',(206.06231427371,-113.885825919922,5.));
#8490=CARTESIAN_POINT('',(206.06231427371,-116.885825919922,5.));
#8491=CARTESIAN_POINT('',(204.86231427371,-116.885825919922,11.));
#8492=CARTESIAN_POINT('',(204.86231427371,-116.885825919922,5.));
#8493=CARTESIAN_POINT('',(204.86231427371,-116.885825919922,5.));
#8494=CARTESIAN_POINT('',(204.86231427371,-115.085825919922,5.));
#8495=CARTESIAN_POINT('',(203.06231427371,-115.085825919922,5.));
#8496=CARTESIAN_POINT('',(201.26231427371,-115.085825919922,5.));
#8497=CARTESIAN_POINT('',(201.26231427371,-116.885825919922,5.));
#8498=CARTESIAN_POINT('',(201.26231427371,-118.685825919922,5.));
#8499=CARTESIAN_POINT('',(203.06231427371,-118.685825919922,5.));
#8500=CARTESIAN_POINT('',(204.86231427371,-118.685825919922,5.));
#8501=CARTESIAN_POINT('',(204.86231427371,-116.885825919922,5.));
#8502=CARTESIAN_POINT('',(193.504362189298,-71.6083932567777,12.5));
#8503=CARTESIAN_POINT('',(191.504362189298,-71.6083932567777,12.5));
#8504=CARTESIAN_POINT('',(193.504362189298,-73.6083932567777,12.5));
#8505=CARTESIAN_POINT('',(193.504362189298,-71.6083932567777,12.5));
#8506=CARTESIAN_POINT('',(191.504362189298,-73.6083932567777,12.5));
#8507=CARTESIAN_POINT('',(193.504362189298,-73.6083932567777,12.5));
#8508=CARTESIAN_POINT('',(191.504362189298,-71.6083932567777,12.5));
#8509=CARTESIAN_POINT('',(191.504362189298,-73.6083932567777,12.5));
#8510=CARTESIAN_POINT('',(193.504362189298,-71.6083932567777,11.));
#8511=CARTESIAN_POINT('',(191.504362189298,-71.6083932567777,11.));
#8512=CARTESIAN_POINT('',(193.504362189298,-73.6083932567777,11.));
#8513=CARTESIAN_POINT('',(193.504362189298,-71.6083932567777,11.));
#8514=CARTESIAN_POINT('',(191.504362189298,-73.6083932567777,11.));
#8515=CARTESIAN_POINT('',(193.504362189298,-73.6083932567777,11.));
#8516=CARTESIAN_POINT('',(191.504362189298,-71.6083932567777,11.));
#8517=CARTESIAN_POINT('',(191.504362189298,-73.6083932567777,11.));
#8518=CARTESIAN_POINT('',(193.504362189298,-71.6083932567777,12.5));
#8519=CARTESIAN_POINT('',(193.504362189298,-71.6083932567777,11.));
#8520=CARTESIAN_POINT('',(191.504362189298,-71.6083932567777,12.5));
#8521=CARTESIAN_POINT('',(191.504362189298,-71.6083932567777,11.));
#8522=CARTESIAN_POINT('',(193.504362189298,-73.6083932567777,12.5));
#8523=CARTESIAN_POINT('',(193.504362189298,-73.6083932567777,11.));
#8524=CARTESIAN_POINT('',(191.504362189298,-73.6083932567777,12.5));
#8525=CARTESIAN_POINT('',(191.504362189298,-73.6083932567777,11.));
#8526=CARTESIAN_POINT('',(170.120430572951,-120.884170557662,12.5));
#8527=CARTESIAN_POINT('',(170.432291513646,-120.856904027328,12.5));
#8528=CARTESIAN_POINT('',(170.744152454342,-120.829637496994,12.5));
#8529=CARTESIAN_POINT('',(170.744152454342,-120.829637496994,12.5));
#8530=CARTESIAN_POINT('',(170.744152454342,-120.829637496994,12.3));
#8531=CARTESIAN_POINT('',(170.120430572951,-120.884170557662,12.3));
#8532=CARTESIAN_POINT('',(170.432291513646,-120.856904027328,12.3));
#8533=CARTESIAN_POINT('',(170.744152454342,-120.829637496994,12.3));
#8534=CARTESIAN_POINT('',(170.120430572951,-120.884170557662,12.5));
#8535=CARTESIAN_POINT('',(170.120430572951,-120.884170557662,12.3));
#8536=CARTESIAN_POINT('',(170.744152454342,-120.829637496994,12.5));
#8537=CARTESIAN_POINT('',(170.788460566135,-121.204552289087,12.5));
#8538=CARTESIAN_POINT('',(170.950355589993,-121.444838587656,12.5));
#8539=CARTESIAN_POINT('',(171.112250613851,-121.685124886224,12.5));
#8540=CARTESIAN_POINT('',(171.453082243026,-121.833386644915,12.5));
#8541=CARTESIAN_POINT('',(171.793913872201,-121.981648403607,12.5));
#8542=CARTESIAN_POINT('',(172.21995340867,-121.981648403607,12.5));
#8543=CARTESIAN_POINT('',(172.598276517055,-121.981648403607,12.5));
#8544=CARTESIAN_POINT('',(172.887983401854,-121.869173965979,12.5));
#8545=CARTESIAN_POINT('',(173.177690286653,-121.756699528351,12.5));
#8546=CARTESIAN_POINT('',(173.31913541276,-121.560721341575,12.5));
#8547=CARTESIAN_POINT('',(173.460580538868,-121.364743154799,12.5));
#8548=CARTESIAN_POINT('',(173.460580538868,-121.13297764696,12.5));
#8549=CARTESIAN_POINT('',(173.460580538868,-120.897803822829,12.5));
#8550=CARTESIAN_POINT('',(173.324247887198,-120.722275533804,12.5));
#8551=CARTESIAN_POINT('',(173.187915235528,-120.546747244779,12.5));
#8552=CARTESIAN_POINT('',(172.874350136687,-120.427456174568,12.5));
#8553=CARTESIAN_POINT('',(172.673259475473,-120.349064899857,12.5));
#8554=CARTESIAN_POINT('',(171.984779584539,-120.183761559707,12.5));
#8555=CARTESIAN_POINT('',(171.984779584539,-120.183761559707,12.5));
#8556=CARTESIAN_POINT('',(171.984779584539,-120.183761559707,12.3));
#8557=CARTESIAN_POINT('',(170.744152454342,-120.829637496994,12.3));
#8558=CARTESIAN_POINT('',(170.788460566135,-121.204552289087,12.3));
#8559=CARTESIAN_POINT('',(170.950355589993,-121.444838587656,12.3));
#8560=CARTESIAN_POINT('',(171.112250613851,-121.685124886224,12.3));
#8561=CARTESIAN_POINT('',(171.453082243026,-121.833386644915,12.3));
#8562=CARTESIAN_POINT('',(171.793913872201,-121.981648403607,12.3));
#8563=CARTESIAN_POINT('',(172.21995340867,-121.981648403607,12.3));
#8564=CARTESIAN_POINT('',(172.598276517055,-121.981648403607,12.3));
#8565=CARTESIAN_POINT('',(172.887983401854,-121.869173965979,12.3));
#8566=CARTESIAN_POINT('',(173.177690286653,-121.756699528351,12.3));
#8567=CARTESIAN_POINT('',(173.31913541276,-121.560721341575,12.3));
#8568=CARTESIAN_POINT('',(173.460580538868,-121.364743154799,12.3));
#8569=CARTESIAN_POINT('',(173.460580538868,-121.13297764696,12.3));
#8570=CARTESIAN_POINT('',(173.460580538868,-120.897803822829,12.3));
#8571=CARTESIAN_POINT('',(173.324247887198,-120.722275533804,12.3));
#8572=CARTESIAN_POINT('',(173.187915235528,-120.546747244779,12.3));
#8573=CARTESIAN_POINT('',(172.874350136687,-120.427456174568,12.3));
#8574=CARTESIAN_POINT('',(172.673259475473,-120.349064899857,12.3));
#8575=CARTESIAN_POINT('',(171.984779584539,-120.183761559707,12.3));
#8576=CARTESIAN_POINT('',(171.984779584539,-120.183761559707,12.5));
#8577=CARTESIAN_POINT('',(171.296299693606,-120.018458219557,12.5));
#8578=CARTESIAN_POINT('',(171.020226073974,-119.871900619012,12.5));
#8579=CARTESIAN_POINT('',(170.66235286334,-119.684443222966,12.5));
#8580=CARTESIAN_POINT('',(170.486824574314,-119.406665445188,12.5));
#8581=CARTESIAN_POINT('',(170.311296285289,-119.12888766741,12.5));
#8582=CARTESIAN_POINT('',(170.311296285289,-118.784647721943,12.5));
#8583=CARTESIAN_POINT('',(170.311296285289,-118.406324613559,12.5));
#8584=CARTESIAN_POINT('',(170.52602021167,-118.077422091405,12.5));
#8585=CARTESIAN_POINT('',(170.74074413805,-117.748519569251,12.5));
#8586=CARTESIAN_POINT('',(171.153150409352,-117.578103754663,12.5));
#8587=CARTESIAN_POINT('',(171.565556680654,-117.407687940076,12.5));
#8588=CARTESIAN_POINT('',(172.069987491833,-117.407687940076,12.5));
#8589=CARTESIAN_POINT('',(172.625543047389,-117.407687940076,12.5));
#8590=CARTESIAN_POINT('',(173.049878425712,-117.586624545393,12.5));
#8591=CARTESIAN_POINT('',(173.474213804035,-117.76556115071,12.5));
#8592=CARTESIAN_POINT('',(173.702570995582,-118.113209412468,12.5));
#8593=CARTESIAN_POINT('',(173.93092818713,-118.460857674227,12.5));
#8594=CARTESIAN_POINT('',(173.947969768589,-118.900530475863,12.5));
#8595=CARTESIAN_POINT('',(173.947969768589,-118.900530475863,12.5));
#8596=CARTESIAN_POINT('',(173.947969768589,-118.900530475863,12.3));
#8597=CARTESIAN_POINT('',(171.984779584539,-120.183761559707,12.3));
#8598=CARTESIAN_POINT('',(171.296299693606,-120.018458219557,12.3));
#8599=CARTESIAN_POINT('',(171.020226073974,-119.871900619012,12.3));
#8600=CARTESIAN_POINT('',(170.66235286334,-119.684443222966,12.3));
#8601=CARTESIAN_POINT('',(170.486824574314,-119.406665445188,12.3));
#8602=CARTESIAN_POINT('',(170.311296285289,-119.12888766741,12.3));
#8603=CARTESIAN_POINT('',(170.311296285289,-118.784647721943,12.3));
#8604=CARTESIAN_POINT('',(170.311296285289,-118.406324613559,12.3));
#8605=CARTESIAN_POINT('',(170.52602021167,-118.077422091405,12.3));
#8606=CARTESIAN_POINT('',(170.74074413805,-117.748519569251,12.3));
#8607=CARTESIAN_POINT('',(171.153150409352,-117.578103754663,12.3));
#8608=CARTESIAN_POINT('',(171.565556680654,-117.407687940076,12.3));
#8609=CARTESIAN_POINT('',(172.069987491833,-117.407687940076,12.3));
#8610=CARTESIAN_POINT('',(172.625543047389,-117.407687940076,12.3));
#8611=CARTESIAN_POINT('',(173.049878425712,-117.586624545393,12.3));
#8612=CARTESIAN_POINT('',(173.474213804035,-117.76556115071,12.3));
#8613=CARTESIAN_POINT('',(173.702570995582,-118.113209412468,12.3));
#8614=CARTESIAN_POINT('',(173.93092818713,-118.460857674227,12.3));
#8615=CARTESIAN_POINT('',(173.947969768589,-118.900530475863,12.3));
#8616=CARTESIAN_POINT('',(173.947969768589,-118.900530475863,12.5));
#8617=CARTESIAN_POINT('',(173.630996353456,-118.924388689905,12.5));
#8618=CARTESIAN_POINT('',(173.314022938323,-118.948246903947,12.5));
#8619=CARTESIAN_POINT('',(173.314022938323,-118.948246903947,12.5));
#8620=CARTESIAN_POINT('',(173.314022938323,-118.948246903947,12.3));
#8621=CARTESIAN_POINT('',(173.947969768589,-118.900530475863,12.3));
#8622=CARTESIAN_POINT('',(173.630996353456,-118.924388689905,12.3));
#8623=CARTESIAN_POINT('',(173.314022938323,-118.948246903947,12.3));
#8624=CARTESIAN_POINT('',(173.314022938323,-118.948246903947,12.5));
#8625=CARTESIAN_POINT('',(173.262898193946,-118.474490939394,12.5));
#8626=CARTESIAN_POINT('',(172.96807883471,-118.232500482679,12.5));
#8627=CARTESIAN_POINT('',(172.673259475473,-117.990510025965,12.5));
#8628=CARTESIAN_POINT('',(172.097254022167,-117.990510025965,12.5));
#8629=CARTESIAN_POINT('',(171.497390354819,-117.990510025965,12.5));
#8630=CARTESIAN_POINT('',(171.223020893333,-118.210346426783,12.5));
#8631=CARTESIAN_POINT('',(170.948651431847,-118.430182827601,12.5));
#8632=CARTESIAN_POINT('',(170.948651431847,-118.740339610151,12.5));
#8633=CARTESIAN_POINT('',(170.948651431847,-119.009596597199,12.5));
#8634=CARTESIAN_POINT('',(171.142925460477,-119.183420728078,12.5));
#8635=CARTESIAN_POINT('',(171.333791172815,-119.357244858958,12.5));
#8636=CARTESIAN_POINT('',(172.139857975814,-119.539589780566,12.5));
#8637=CARTESIAN_POINT('',(172.139857975814,-119.539589780566,12.5));
#8638=CARTESIAN_POINT('',(172.139857975814,-119.539589780566,12.3));
#8639=CARTESIAN_POINT('',(173.314022938323,-118.948246903947,12.3));
#8640=CARTESIAN_POINT('',(173.262898193946,-118.474490939394,12.3));
#8641=CARTESIAN_POINT('',(172.96807883471,-118.232500482679,12.3));
#8642=CARTESIAN_POINT('',(172.673259475473,-117.990510025965,12.3));
#8643=CARTESIAN_POINT('',(172.097254022167,-117.990510025965,12.3));
#8644=CARTESIAN_POINT('',(171.497390354819,-117.990510025965,12.3));
#8645=CARTESIAN_POINT('',(171.223020893333,-118.210346426783,12.3));
#8646=CARTESIAN_POINT('',(170.948651431847,-118.430182827601,12.3));
#8647=CARTESIAN_POINT('',(170.948651431847,-118.740339610151,12.3));
#8648=CARTESIAN_POINT('',(170.948651431847,-119.009596597199,12.3));
#8649=CARTESIAN_POINT('',(171.142925460477,-119.183420728078,12.3));
#8650=CARTESIAN_POINT('',(171.333791172815,-119.357244858958,12.3));
#8651=CARTESIAN_POINT('',(172.139857975814,-119.539589780566,12.3));
#8652=CARTESIAN_POINT('',(172.139857975814,-119.539589780566,12.5));
#8653=CARTESIAN_POINT('',(172.945924778813,-119.721934702175,12.5));
#8654=CARTESIAN_POINT('',(173.245856612488,-119.858267353845,12.5));
#8655=CARTESIAN_POINT('',(173.682120681778,-120.059358015059,12.5));
#8656=CARTESIAN_POINT('',(173.890028391629,-120.367810639462,12.5));
#8657=CARTESIAN_POINT('',(174.097935685426,-120.676263263866,12.5));
#8658=CARTESIAN_POINT('',(174.097935685426,-121.078444586292,12.5));
#8659=CARTESIAN_POINT('',(174.097935685426,-121.477217592427,12.5));
#8660=CARTESIAN_POINT('',(173.869578493878,-121.829978328624,12.5));
#8661=CARTESIAN_POINT('',(173.641221302331,-122.18273906482,12.5));
#8662=CARTESIAN_POINT('',(173.213477607716,-122.378717251596,12.5));
#8663=CARTESIAN_POINT('',(172.785733913101,-122.574695438371,12.5));
#8664=CARTESIAN_POINT('',(172.250628255296,-122.574695438371,12.5));
#8665=CARTESIAN_POINT('',(171.572373313237,-122.574695438371,12.5));
#8666=CARTESIAN_POINT('',(171.113954771997,-122.37701309345,12.5));
#8667=CARTESIAN_POINT('',(170.655536230756,-122.179330748528,12.5));
#8668=CARTESIAN_POINT('',(170.394800034437,-121.782261900539,12.5));
#8669=CARTESIAN_POINT('',(170.134063838118,-121.38519305255,12.5));
#8670=CARTESIAN_POINT('',(170.120430572951,-120.884170557662,12.5));
#8671=CARTESIAN_POINT('',(172.139857975814,-119.539589780566,12.3));
#8672=CARTESIAN_POINT('',(172.945924778813,-119.721934702175,12.3));
#8673=CARTESIAN_POINT('',(173.245856612488,-119.858267353845,12.3));
#8674=CARTESIAN_POINT('',(173.682120681778,-120.059358015059,12.3));
#8675=CARTESIAN_POINT('',(173.890028391629,-120.367810639462,12.3));
#8676=CARTESIAN_POINT('',(174.097935685426,-120.676263263866,12.3));
#8677=CARTESIAN_POINT('',(174.097935685426,-121.078444586292,12.3));
#8678=CARTESIAN_POINT('',(174.097935685426,-121.477217592427,12.3));
#8679=CARTESIAN_POINT('',(173.869578493878,-121.829978328624,12.3));
#8680=CARTESIAN_POINT('',(173.641221302331,-122.18273906482,12.3));
#8681=CARTESIAN_POINT('',(173.213477607716,-122.378717251596,12.3));
#8682=CARTESIAN_POINT('',(172.785733913101,-122.574695438371,12.3));
#8683=CARTESIAN_POINT('',(172.250628255296,-122.574695438371,12.3));
#8684=CARTESIAN_POINT('',(171.572373313237,-122.574695438371,12.3));
#8685=CARTESIAN_POINT('',(171.113954771997,-122.37701309345,12.3));
#8686=CARTESIAN_POINT('',(170.655536230756,-122.179330748528,12.3));
#8687=CARTESIAN_POINT('',(170.394800034437,-121.782261900539,12.3));
#8688=CARTESIAN_POINT('',(170.134063838118,-121.38519305255,12.3));
#8689=CARTESIAN_POINT('',(170.120430572951,-120.884170557662,12.3));
#8690=CARTESIAN_POINT('',(174.926156544321,-117.492895847369,12.5));
#8691=CARTESIAN_POINT('',(174.926156544321,-117.492895847369,12.3));
#8692=CARTESIAN_POINT('',(174.926156544321,-118.198417319762,12.3));
#8693=CARTESIAN_POINT('',(174.926156544321,-117.492895847369,12.3));
#8694=CARTESIAN_POINT('',(174.926156544321,-118.198417319762,12.5));
#8695=CARTESIAN_POINT('',(174.926156544321,-118.198417319762,12.3));
#8696=CARTESIAN_POINT('',(175.539653476837,-117.492895847369,12.5));
#8697=CARTESIAN_POINT('',(175.539653476837,-117.492895847369,12.3));
#8698=CARTESIAN_POINT('',(174.926156544321,-117.492895847369,12.3));
#8699=CARTESIAN_POINT('',(175.539653476837,-117.492895847369,12.3));
#8700=CARTESIAN_POINT('',(175.539653476837,-118.198417319762,12.5));
#8701=CARTESIAN_POINT('',(175.539653476837,-118.198417319762,12.3));
#8702=CARTESIAN_POINT('',(175.539653476837,-117.492895847369,12.3));
#8703=CARTESIAN_POINT('',(175.539653476837,-118.198417319762,12.3));
#8704=CARTESIAN_POINT('',(175.539653476837,-118.198417319762,12.3));
#8705=CARTESIAN_POINT('',(174.926156544321,-118.198417319762,12.3));
#8706=CARTESIAN_POINT('',(174.926156544321,-118.198417319762,12.5));
#8707=CARTESIAN_POINT('',(174.926156544321,-117.492895847369,12.5));
#8708=CARTESIAN_POINT('',(174.926156544321,-117.492895847369,12.5));
#8709=CARTESIAN_POINT('',(175.539653476837,-117.492895847369,12.5));
#8710=CARTESIAN_POINT('',(175.539653476837,-117.492895847369,12.5));
#8711=CARTESIAN_POINT('',(175.539653476837,-118.198417319762,12.5));
#8712=CARTESIAN_POINT('',(175.539653476837,-118.198417319762,12.5));
#8713=CARTESIAN_POINT('',(174.926156544321,-118.198417319762,12.5));
#8714=CARTESIAN_POINT('',(174.926156544321,-118.869855629237,12.5));
#8715=CARTESIAN_POINT('',(174.926156544321,-118.869855629237,12.3));
#8716=CARTESIAN_POINT('',(174.926156544321,-122.489487531078,12.3));
#8717=CARTESIAN_POINT('',(174.926156544321,-118.869855629237,12.3));
#8718=CARTESIAN_POINT('',(174.926156544321,-122.489487531078,12.5));
#8719=CARTESIAN_POINT('',(174.926156544321,-122.489487531078,12.3));
#8720=CARTESIAN_POINT('',(175.539653476837,-118.869855629237,12.5));
#8721=CARTESIAN_POINT('',(175.539653476837,-118.869855629237,12.3));
#8722=CARTESIAN_POINT('',(174.926156544321,-118.869855629237,12.3));
#8723=CARTESIAN_POINT('',(175.539653476837,-118.869855629237,12.3));
#8724=CARTESIAN_POINT('',(175.539653476837,-122.489487531078,12.5));
#8725=CARTESIAN_POINT('',(175.539653476837,-122.489487531078,12.3));
#8726=CARTESIAN_POINT('',(175.539653476837,-118.869855629237,12.3));
#8727=CARTESIAN_POINT('',(175.539653476837,-122.489487531078,12.3));
#8728=CARTESIAN_POINT('',(175.539653476837,-122.489487531078,12.3));
#8729=CARTESIAN_POINT('',(174.926156544321,-122.489487531078,12.3));
#8730=CARTESIAN_POINT('',(174.926156544321,-122.489487531078,12.5));
#8731=CARTESIAN_POINT('',(174.926156544321,-118.869855629237,12.5));
#8732=CARTESIAN_POINT('',(174.926156544321,-118.869855629237,12.5));
#8733=CARTESIAN_POINT('',(175.539653476837,-118.869855629237,12.5));
#8734=CARTESIAN_POINT('',(175.539653476837,-118.869855629237,12.5));
#8735=CARTESIAN_POINT('',(175.539653476837,-122.489487531078,12.5));
#8736=CARTESIAN_POINT('',(175.539653476837,-122.489487531078,12.5));
#8737=CARTESIAN_POINT('',(174.926156544321,-122.489487531078,12.5));
#8738=CARTESIAN_POINT('',(178.95137808488,-121.323843359298,12.5));
#8739=CARTESIAN_POINT('',(179.268351500013,-121.363038996654,12.5));
#8740=CARTESIAN_POINT('',(179.585324915146,-121.402234634009,12.5));
#8741=CARTESIAN_POINT('',(179.585324915146,-121.402234634009,12.5));
#8742=CARTESIAN_POINT('',(179.585324915146,-121.402234634009,12.3));
#8743=CARTESIAN_POINT('',(178.95137808488,-121.323843359298,12.3));
#8744=CARTESIAN_POINT('',(179.268351500013,-121.363038996654,12.3));
#8745=CARTESIAN_POINT('',(179.585324915146,-121.402234634009,12.3));
#8746=CARTESIAN_POINT('',(178.95137808488,-121.323843359298,12.5));
#8747=CARTESIAN_POINT('',(178.95137808488,-121.323843359298,12.3));
#8748=CARTESIAN_POINT('',(179.585324915146,-121.402234634009,12.5));
#8749=CARTESIAN_POINT('',(179.435358998309,-121.957790189564,12.5));
#8750=CARTESIAN_POINT('',(179.029769359591,-122.264538655822,12.5));
#8751=CARTESIAN_POINT('',(178.624179720872,-122.57128712208,12.5));
#8752=CARTESIAN_POINT('',(177.993641206898,-122.57128712208,12.5));
#8753=CARTESIAN_POINT('',(177.19950351092,-122.57128712208,12.5));
#8754=CARTESIAN_POINT('',(176.734268337096,-122.082193734213,12.5));
#8755=CARTESIAN_POINT('',(176.269033163272,-121.593100346347,12.5));
#8756=CARTESIAN_POINT('',(176.269033163272,-120.710346426783,12.5));
#8757=CARTESIAN_POINT('',(176.269033163272,-119.796917660594,12.5));
#8758=CARTESIAN_POINT('',(176.739380811533,-119.292486849414,12.5));
#8759=CARTESIAN_POINT('',(177.209728459795,-118.788056038235,12.5));
#8760=CARTESIAN_POINT('',(177.95955804398,-118.788056038235,12.5));
#8761=CARTESIAN_POINT('',(178.685529414124,-118.788056038235,12.5));
#8762=CARTESIAN_POINT('',(179.14565211351,-119.282261900539,12.5));
#8763=CARTESIAN_POINT('',(179.605774812897,-119.776467762843,12.5));
#8764=CARTESIAN_POINT('',(179.605774812897,-120.672854947574,12.5));
#8765=CARTESIAN_POINT('',(179.605774812897,-120.727388008242,12.5));
#8766=CARTESIAN_POINT('',(179.602366496605,-120.836454129578,12.5));
#8767=CARTESIAN_POINT('',(179.602366496605,-120.836454129578,12.5));
#8768=CARTESIAN_POINT('',(179.602366496605,-120.836454129578,12.3));
#8769=CARTESIAN_POINT('',(179.585324915146,-121.402234634009,12.3));
#8770=CARTESIAN_POINT('',(179.435358998309,-121.957790189564,12.3));
#8771=CARTESIAN_POINT('',(179.029769359591,-122.264538655822,12.3));
#8772=CARTESIAN_POINT('',(178.624179720872,-122.57128712208,12.3));
#8773=CARTESIAN_POINT('',(177.993641206898,-122.57128712208,12.3));
#8774=CARTESIAN_POINT('',(177.19950351092,-122.57128712208,12.3));
#8775=CARTESIAN_POINT('',(176.734268337096,-122.082193734213,12.3));
#8776=CARTESIAN_POINT('',(176.269033163272,-121.593100346347,12.3));
#8777=CARTESIAN_POINT('',(176.269033163272,-120.710346426783,12.3));
#8778=CARTESIAN_POINT('',(176.269033163272,-119.796917660594,12.3));
#8779=CARTESIAN_POINT('',(176.739380811533,-119.292486849414,12.3));
#8780=CARTESIAN_POINT('',(177.209728459795,-118.788056038235,12.3));
#8781=CARTESIAN_POINT('',(177.95955804398,-118.788056038235,12.3));
#8782=CARTESIAN_POINT('',(178.685529414124,-118.788056038235,12.3));
#8783=CARTESIAN_POINT('',(179.14565211351,-119.282261900539,12.3));
#8784=CARTESIAN_POINT('',(179.605774812897,-119.776467762843,12.3));
#8785=CARTESIAN_POINT('',(179.605774812897,-120.672854947574,12.3));
#8786=CARTESIAN_POINT('',(179.605774812897,-120.727388008242,12.3));
#8787=CARTESIAN_POINT('',(179.602366496605,-120.836454129578,12.3));
#8788=CARTESIAN_POINT('',(176.902979993537,-120.836454129578,12.5));
#8789=CARTESIAN_POINT('',(176.902979993537,-120.836454129578,12.3));
#8790=CARTESIAN_POINT('',(179.602366496605,-120.836454129578,12.3));
#8791=CARTESIAN_POINT('',(178.252673245071,-120.836454129578,12.3));
#8792=CARTESIAN_POINT('',(176.902979993537,-120.836454129578,12.3));
#8793=CARTESIAN_POINT('',(176.902979993537,-120.836454129578,12.5));
#8794=CARTESIAN_POINT('',(176.937063156455,-121.432909480635,12.5));
#8795=CARTESIAN_POINT('',(177.240403306421,-121.749882895767,12.5));
#8796=CARTESIAN_POINT('',(177.543743456387,-122.0668563109,12.5));
#8797=CARTESIAN_POINT('',(177.99704952319,-122.0668563109,12.5));
#8798=CARTESIAN_POINT('',(178.334472836073,-122.0668563109,12.5));
#8799=CARTESIAN_POINT('',(178.573054976496,-121.889623863729,12.5));
#8800=CARTESIAN_POINT('',(178.811637116918,-121.712391416558,12.5));
#8801=CARTESIAN_POINT('',(178.95137808488,-121.323843359298,12.5));
#8802=CARTESIAN_POINT('',(176.902979993537,-120.836454129578,12.3));
#8803=CARTESIAN_POINT('',(176.937063156455,-121.432909480635,12.3));
#8804=CARTESIAN_POINT('',(177.240403306421,-121.749882895767,12.3));
#8805=CARTESIAN_POINT('',(177.543743456387,-122.0668563109,12.3));
#8806=CARTESIAN_POINT('',(177.99704952319,-122.0668563109,12.3));
#8807=CARTESIAN_POINT('',(178.334472836073,-122.0668563109,12.3));
#8808=CARTESIAN_POINT('',(178.573054976496,-121.889623863729,12.3));
#8809=CARTESIAN_POINT('',(178.811637116918,-121.712391416558,12.3));
#8810=CARTESIAN_POINT('',(178.95137808488,-121.323843359298,12.3));
#8811=CARTESIAN_POINT('',(178.958194717464,-120.332023318399,12.5));
#8812=CARTESIAN_POINT('',(178.958194717464,-120.332023318399,12.3));
#8813=CARTESIAN_POINT('',(176.937063156455,-120.332023318399,12.3));
#8814=CARTESIAN_POINT('',(177.947628936959,-120.332023318399,12.3));
#8815=CARTESIAN_POINT('',(178.958194717464,-120.332023318399,12.3));
#8816=CARTESIAN_POINT('',(176.937063156455,-120.332023318399,12.5));
#8817=CARTESIAN_POINT('',(176.937063156455,-120.332023318399,12.3));
#8818=CARTESIAN_POINT('',(178.958194717464,-120.332023318399,12.5));
#8819=CARTESIAN_POINT('',(178.917294921963,-119.875308935304,12.5));
#8820=CARTESIAN_POINT('',(178.726429209625,-119.646951743757,12.5));
#8821=CARTESIAN_POINT('',(178.433314008534,-119.292486849414,12.5));
#8822=CARTESIAN_POINT('',(177.966374676564,-119.292486849414,12.5));
#8823=CARTESIAN_POINT('',(177.543743456387,-119.292486849414,12.5));
#8824=CARTESIAN_POINT('',(177.255740729734,-119.57537710163,12.5));
#8825=CARTESIAN_POINT('',(176.967738003081,-119.858267353845,12.5));
#8826=CARTESIAN_POINT('',(176.937063156455,-120.332023318399,12.5));
#8827=CARTESIAN_POINT('',(178.958194717464,-120.332023318399,12.3));
#8828=CARTESIAN_POINT('',(178.917294921963,-119.875308935304,12.3));
#8829=CARTESIAN_POINT('',(178.726429209625,-119.646951743757,12.3));
#8830=CARTESIAN_POINT('',(178.433314008534,-119.292486849414,12.3));
#8831=CARTESIAN_POINT('',(177.966374676564,-119.292486849414,12.3));
#8832=CARTESIAN_POINT('',(177.543743456387,-119.292486849414,12.3));
#8833=CARTESIAN_POINT('',(177.255740729734,-119.57537710163,12.3));
#8834=CARTESIAN_POINT('',(176.967738003081,-119.858267353845,12.3));
#8835=CARTESIAN_POINT('',(176.937063156455,-120.332023318399,12.3));
#8836=CARTESIAN_POINT('',(179.602366496605,-120.836454129578,12.5));
#8837=CARTESIAN_POINT('',(178.252673245071,-120.836454129578,12.5));
#8838=CARTESIAN_POINT('',(176.902979993537,-120.836454129578,12.5));
#8839=CARTESIAN_POINT('',(176.937063156455,-120.332023318399,12.5));
#8840=CARTESIAN_POINT('',(177.947628936959,-120.332023318399,12.5));
#8841=CARTESIAN_POINT('',(178.958194717464,-120.332023318399,12.5));
#8842=CARTESIAN_POINT('',(180.907751636346,-119.384511389292,12.5));
#8843=CARTESIAN_POINT('',(181.306524642481,-118.788056038235,12.5));
#8844=CARTESIAN_POINT('',(182.059762542958,-118.788056038235,12.5));
#8845=CARTESIAN_POINT('',(182.386960906966,-118.788056038235,12.5));
#8846=CARTESIAN_POINT('',(182.661330368452,-118.905642950301,12.5));
#8847=CARTESIAN_POINT('',(182.935699829938,-119.023229862366,12.5));
#8848=CARTESIAN_POINT('',(183.072032481608,-119.214095574704,12.5));
#8849=CARTESIAN_POINT('',(183.208365133278,-119.404961287042,12.5));
#8850=CARTESIAN_POINT('',(183.262898193946,-119.667401641507,12.5));
#8851=CARTESIAN_POINT('',(183.296981356864,-119.837817456095,12.5));
#8852=CARTESIAN_POINT('',(183.296981356864,-120.263856992564,12.5));
#8853=CARTESIAN_POINT('',(183.296981356864,-120.263856992564,12.5));
#8854=CARTESIAN_POINT('',(183.296981356864,-120.263856992564,12.3));
#8855=CARTESIAN_POINT('',(180.907751636346,-119.384511389292,12.3));
#8856=CARTESIAN_POINT('',(181.306524642481,-118.788056038235,12.3));
#8857=CARTESIAN_POINT('',(182.059762542958,-118.788056038235,12.3));
#8858=CARTESIAN_POINT('',(182.386960906966,-118.788056038235,12.3));
#8859=CARTESIAN_POINT('',(182.661330368452,-118.905642950301,12.3));
#8860=CARTESIAN_POINT('',(182.935699829938,-119.023229862366,12.3));
#8861=CARTESIAN_POINT('',(183.072032481608,-119.214095574704,12.3));
#8862=CARTESIAN_POINT('',(183.208365133278,-119.404961287042,12.3));
#8863=CARTESIAN_POINT('',(183.262898193946,-119.667401641507,12.3));
#8864=CARTESIAN_POINT('',(183.296981356864,-119.837817456095,12.3));
#8865=CARTESIAN_POINT('',(183.296981356864,-120.263856992564,12.3));
#8866=CARTESIAN_POINT('',(180.907751636346,-119.384511389292,12.5));
#8867=CARTESIAN_POINT('',(180.907751636346,-119.384511389292,12.3));
#8868=CARTESIAN_POINT('',(183.296981356864,-122.489487531078,12.5));
#8869=CARTESIAN_POINT('',(183.296981356864,-122.489487531078,12.3));
#8870=CARTESIAN_POINT('',(183.296981356864,-120.263856992564,12.3));
#8871=CARTESIAN_POINT('',(183.296981356864,-121.376672261821,12.3));
#8872=CARTESIAN_POINT('',(183.296981356864,-122.489487531078,12.3));
#8873=CARTESIAN_POINT('',(182.683484424349,-122.489487531078,12.5));
#8874=CARTESIAN_POINT('',(182.683484424349,-122.489487531078,12.3));
#8875=CARTESIAN_POINT('',(183.296981356864,-122.489487531078,12.3));
#8876=CARTESIAN_POINT('',(182.990232890606,-122.489487531078,12.3));
#8877=CARTESIAN_POINT('',(182.683484424349,-122.489487531078,12.3));
#8878=CARTESIAN_POINT('',(182.683484424349,-120.287715206606,12.5));
#8879=CARTESIAN_POINT('',(182.683484424349,-120.287715206606,12.3));
#8880=CARTESIAN_POINT('',(182.683484424349,-122.489487531078,12.3));
#8881=CARTESIAN_POINT('',(182.683484424349,-121.388601368842,12.3));
#8882=CARTESIAN_POINT('',(182.683484424349,-120.287715206606,12.3));
#8883=CARTESIAN_POINT('',(182.683484424349,-120.287715206606,12.5));
#8884=CARTESIAN_POINT('',(182.683484424349,-119.912800414513,12.5));
#8885=CARTESIAN_POINT('',(182.611909782222,-119.727047176613,12.5));
#8886=CARTESIAN_POINT('',(182.540335140095,-119.541293938712,12.5));
#8887=CARTESIAN_POINT('',(182.357990218486,-119.43052365923,12.5));
#8888=CARTESIAN_POINT('',(182.175645296878,-119.319753379748,12.5));
#8889=CARTESIAN_POINT('',(181.930246523871,-119.319753379748,12.5));
#8890=CARTESIAN_POINT('',(181.53829015032,-119.319753379748,12.5));
#8891=CARTESIAN_POINT('',(181.253695739959,-119.568560469046,12.5));
#8892=CARTESIAN_POINT('',(180.969101329597,-119.817367558344,12.5));
#8893=CARTESIAN_POINT('',(180.969101329597,-120.512664081862,12.5));
#8894=CARTESIAN_POINT('',(180.969101329597,-120.512664081862,12.5));
#8895=CARTESIAN_POINT('',(180.969101329597,-120.512664081862,12.3));
#8896=CARTESIAN_POINT('',(182.683484424349,-120.287715206606,12.3));
#8897=CARTESIAN_POINT('',(182.683484424349,-119.912800414513,12.3));
#8898=CARTESIAN_POINT('',(182.611909782222,-119.727047176613,12.3));
#8899=CARTESIAN_POINT('',(182.540335140095,-119.541293938712,12.3));
#8900=CARTESIAN_POINT('',(182.357990218486,-119.43052365923,12.3));
#8901=CARTESIAN_POINT('',(182.175645296878,-119.319753379748,12.3));
#8902=CARTESIAN_POINT('',(181.930246523871,-119.319753379748,12.3));
#8903=CARTESIAN_POINT('',(181.53829015032,-119.319753379748,12.3));
#8904=CARTESIAN_POINT('',(181.253695739959,-119.568560469046,12.3));
#8905=CARTESIAN_POINT('',(180.969101329597,-119.817367558344,12.3));
#8906=CARTESIAN_POINT('',(180.969101329597,-120.512664081862,12.3));
#8907=CARTESIAN_POINT('',(180.969101329597,-122.489487531078,12.5));
#8908=CARTESIAN_POINT('',(180.969101329597,-122.489487531078,12.3));
#8909=CARTESIAN_POINT('',(180.969101329597,-120.512664081862,12.3));
#8910=CARTESIAN_POINT('',(180.969101329597,-121.50107580647,12.3));
#8911=CARTESIAN_POINT('',(180.969101329597,-122.489487531078,12.3));
#8912=CARTESIAN_POINT('',(180.355604397082,-122.489487531078,12.5));
#8913=CARTESIAN_POINT('',(180.355604397082,-122.489487531078,12.3));
#8914=CARTESIAN_POINT('',(180.969101329597,-122.489487531078,12.3));
#8915=CARTESIAN_POINT('',(180.66235286334,-122.489487531078,12.3));
#8916=CARTESIAN_POINT('',(180.355604397082,-122.489487531078,12.3));
#8917=CARTESIAN_POINT('',(180.355604397082,-118.869855629237,12.5));
#8918=CARTESIAN_POINT('',(180.355604397082,-118.869855629237,12.3));
#8919=CARTESIAN_POINT('',(180.355604397082,-122.489487531078,12.3));
#8920=CARTESIAN_POINT('',(180.355604397082,-120.679671580157,12.3));
#8921=CARTESIAN_POINT('',(180.355604397082,-118.869855629237,12.3));
#8922=CARTESIAN_POINT('',(180.907751636346,-118.869855629237,12.5));
#8923=CARTESIAN_POINT('',(180.907751636346,-118.869855629237,12.3));
#8924=CARTESIAN_POINT('',(180.355604397082,-118.869855629237,12.3));
#8925=CARTESIAN_POINT('',(180.631678016714,-118.869855629237,12.3));
#8926=CARTESIAN_POINT('',(180.907751636346,-118.869855629237,12.3));
#8927=CARTESIAN_POINT('',(180.907751636346,-118.869855629237,12.3));
#8928=CARTESIAN_POINT('',(180.907751636346,-119.127183509264,12.3));
#8929=CARTESIAN_POINT('',(180.907751636346,-119.384511389292,12.3));
#8930=CARTESIAN_POINT('',(183.296981356864,-120.263856992564,12.5));
#8931=CARTESIAN_POINT('',(183.296981356864,-121.376672261821,12.5));
#8932=CARTESIAN_POINT('',(183.296981356864,-122.489487531078,12.5));
#8933=CARTESIAN_POINT('',(183.296981356864,-122.489487531078,12.5));
#8934=CARTESIAN_POINT('',(182.990232890606,-122.489487531078,12.5));
#8935=CARTESIAN_POINT('',(182.683484424349,-122.489487531078,12.5));
#8936=CARTESIAN_POINT('',(182.683484424349,-122.489487531078,12.5));
#8937=CARTESIAN_POINT('',(182.683484424349,-121.388601368842,12.5));
#8938=CARTESIAN_POINT('',(182.683484424349,-120.287715206606,12.5));
#8939=CARTESIAN_POINT('',(180.969101329597,-120.512664081862,12.5));
#8940=CARTESIAN_POINT('',(180.969101329597,-121.50107580647,12.5));
#8941=CARTESIAN_POINT('',(180.969101329597,-122.489487531078,12.5));
#8942=CARTESIAN_POINT('',(180.969101329597,-122.489487531078,12.5));
#8943=CARTESIAN_POINT('',(180.66235286334,-122.489487531078,12.5));
#8944=CARTESIAN_POINT('',(180.355604397082,-122.489487531078,12.5));
#8945=CARTESIAN_POINT('',(180.355604397082,-122.489487531078,12.5));
#8946=CARTESIAN_POINT('',(180.355604397082,-120.679671580157,12.5));
#8947=CARTESIAN_POINT('',(180.355604397082,-118.869855629237,12.5));
#8948=CARTESIAN_POINT('',(180.355604397082,-118.869855629237,12.5));
#8949=CARTESIAN_POINT('',(180.631678016714,-118.869855629237,12.5));
#8950=CARTESIAN_POINT('',(180.907751636346,-118.869855629237,12.5));
#8951=CARTESIAN_POINT('',(180.907751636346,-118.869855629237,12.5));
#8952=CARTESIAN_POINT('',(180.907751636346,-119.127183509264,12.5));
#8953=CARTESIAN_POINT('',(180.907751636346,-119.384511389292,12.5));
#8954=CARTESIAN_POINT('',(184.789823892651,-119.384511389292,12.5));
#8955=CARTESIAN_POINT('',(185.188596898786,-118.788056038235,12.5));
#8956=CARTESIAN_POINT('',(185.941834799263,-118.788056038235,12.5));
#8957=CARTESIAN_POINT('',(186.269033163272,-118.788056038235,12.5));
#8958=CARTESIAN_POINT('',(186.543402624758,-118.905642950301,12.5));
#8959=CARTESIAN_POINT('',(186.817772086244,-119.023229862366,12.5));
#8960=CARTESIAN_POINT('',(186.954104737914,-119.214095574704,12.5));
#8961=CARTESIAN_POINT('',(187.090437389584,-119.404961287042,12.5));
#8962=CARTESIAN_POINT('',(187.144970450252,-119.667401641507,12.5));
#8963=CARTESIAN_POINT('',(187.179053613169,-119.837817456095,12.5));
#8964=CARTESIAN_POINT('',(187.179053613169,-120.263856992564,12.5));
#8965=CARTESIAN_POINT('',(187.179053613169,-120.263856992564,12.5));
#8966=CARTESIAN_POINT('',(187.179053613169,-120.263856992564,12.3));
#8967=CARTESIAN_POINT('',(184.789823892651,-119.384511389292,12.3));
#8968=CARTESIAN_POINT('',(185.188596898786,-118.788056038235,12.3));
#8969=CARTESIAN_POINT('',(185.941834799263,-118.788056038235,12.3));
#8970=CARTESIAN_POINT('',(186.269033163272,-118.788056038235,12.3));
#8971=CARTESIAN_POINT('',(186.543402624758,-118.905642950301,12.3));
#8972=CARTESIAN_POINT('',(186.817772086244,-119.023229862366,12.3));
#8973=CARTESIAN_POINT('',(186.954104737914,-119.214095574704,12.3));
#8974=CARTESIAN_POINT('',(187.090437389584,-119.404961287042,12.3));
#8975=CARTESIAN_POINT('',(187.144970450252,-119.667401641507,12.3));
#8976=CARTESIAN_POINT('',(187.179053613169,-119.837817456095,12.3));
#8977=CARTESIAN_POINT('',(187.179053613169,-120.263856992564,12.3));
#8978=CARTESIAN_POINT('',(184.789823892651,-119.384511389292,12.5));
#8979=CARTESIAN_POINT('',(184.789823892651,-119.384511389292,12.3));
#8980=CARTESIAN_POINT('',(187.179053613169,-122.489487531078,12.5));
#8981=CARTESIAN_POINT('',(187.179053613169,-122.489487531078,12.3));
#8982=CARTESIAN_POINT('',(187.179053613169,-120.263856992564,12.3));
#8983=CARTESIAN_POINT('',(187.179053613169,-121.376672261821,12.3));
#8984=CARTESIAN_POINT('',(187.179053613169,-122.489487531078,12.3));
#8985=CARTESIAN_POINT('',(186.565556680654,-122.489487531078,12.5));
#8986=CARTESIAN_POINT('',(186.565556680654,-122.489487531078,12.3));
#8987=CARTESIAN_POINT('',(187.179053613169,-122.489487531078,12.3));
#8988=CARTESIAN_POINT('',(186.872305146912,-122.489487531078,12.3));
#8989=CARTESIAN_POINT('',(186.565556680654,-122.489487531078,12.3));
#8990=CARTESIAN_POINT('',(186.565556680654,-120.287715206606,12.5));
#8991=CARTESIAN_POINT('',(186.565556680654,-120.287715206606,12.3));
#8992=CARTESIAN_POINT('',(186.565556680654,-122.489487531078,12.3));
#8993=CARTESIAN_POINT('',(186.565556680654,-121.388601368842,12.3));
#8994=CARTESIAN_POINT('',(186.565556680654,-120.287715206606,12.3));
#8995=CARTESIAN_POINT('',(186.565556680654,-120.287715206606,12.5));
#8996=CARTESIAN_POINT('',(186.565556680654,-119.912800414513,12.5));
#8997=CARTESIAN_POINT('',(186.493982038527,-119.727047176613,12.5));
#8998=CARTESIAN_POINT('',(186.4224073964,-119.541293938712,12.5));
#8999=CARTESIAN_POINT('',(186.240062474792,-119.43052365923,12.5));
#9000=CARTESIAN_POINT('',(186.057717553183,-119.319753379748,12.5));
#9001=CARTESIAN_POINT('',(185.812318780177,-119.319753379748,12.5));
#9002=CARTESIAN_POINT('',(185.420362406625,-119.319753379748,12.5));
#9003=CARTESIAN_POINT('',(185.135767996264,-119.568560469046,12.5));
#9004=CARTESIAN_POINT('',(184.851173585903,-119.817367558344,12.5));
#9005=CARTESIAN_POINT('',(184.851173585903,-120.512664081862,12.5));
#9006=CARTESIAN_POINT('',(184.851173585903,-120.512664081862,12.5));
#9007=CARTESIAN_POINT('',(184.851173585903,-120.512664081862,12.3));
#9008=CARTESIAN_POINT('',(186.565556680654,-120.287715206606,12.3));
#9009=CARTESIAN_POINT('',(186.565556680654,-119.912800414513,12.3));
#9010=CARTESIAN_POINT('',(186.493982038527,-119.727047176613,12.3));
#9011=CARTESIAN_POINT('',(186.4224073964,-119.541293938712,12.3));
#9012=CARTESIAN_POINT('',(186.240062474792,-119.43052365923,12.3));
#9013=CARTESIAN_POINT('',(186.057717553183,-119.319753379748,12.3));
#9014=CARTESIAN_POINT('',(185.812318780177,-119.319753379748,12.3));
#9015=CARTESIAN_POINT('',(185.420362406625,-119.319753379748,12.3));
#9016=CARTESIAN_POINT('',(185.135767996264,-119.568560469046,12.3));
#9017=CARTESIAN_POINT('',(184.851173585903,-119.817367558344,12.3));
#9018=CARTESIAN_POINT('',(184.851173585903,-120.512664081862,12.3));
#9019=CARTESIAN_POINT('',(184.851173585903,-122.489487531078,12.5));
#9020=CARTESIAN_POINT('',(184.851173585903,-122.489487531078,12.3));
#9021=CARTESIAN_POINT('',(184.851173585903,-120.512664081862,12.3));
#9022=CARTESIAN_POINT('',(184.851173585903,-121.50107580647,12.3));
#9023=CARTESIAN_POINT('',(184.851173585903,-122.489487531078,12.3));
#9024=CARTESIAN_POINT('',(184.237676653387,-122.489487531078,12.5));
#9025=CARTESIAN_POINT('',(184.237676653387,-122.489487531078,12.3));
#9026=CARTESIAN_POINT('',(184.851173585903,-122.489487531078,12.3));
#9027=CARTESIAN_POINT('',(184.544425119645,-122.489487531078,12.3));
#9028=CARTESIAN_POINT('',(184.237676653387,-122.489487531078,12.3));
#9029=CARTESIAN_POINT('',(184.237676653387,-118.869855629237,12.5));
#9030=CARTESIAN_POINT('',(184.237676653387,-118.869855629237,12.3));
#9031=CARTESIAN_POINT('',(184.237676653387,-122.489487531078,12.3));
#9032=CARTESIAN_POINT('',(184.237676653387,-120.679671580157,12.3));
#9033=CARTESIAN_POINT('',(184.237676653387,-118.869855629237,12.3));
#9034=CARTESIAN_POINT('',(184.789823892651,-118.869855629237,12.5));
#9035=CARTESIAN_POINT('',(184.789823892651,-118.869855629237,12.3));
#9036=CARTESIAN_POINT('',(184.237676653387,-118.869855629237,12.3));
#9037=CARTESIAN_POINT('',(184.513750273019,-118.869855629237,12.3));
#9038=CARTESIAN_POINT('',(184.789823892651,-118.869855629237,12.3));
#9039=CARTESIAN_POINT('',(184.789823892651,-118.869855629237,12.3));
#9040=CARTESIAN_POINT('',(184.789823892651,-119.127183509264,12.3));
#9041=CARTESIAN_POINT('',(184.789823892651,-119.384511389292,12.3));
#9042=CARTESIAN_POINT('',(187.179053613169,-120.263856992564,12.5));
#9043=CARTESIAN_POINT('',(187.179053613169,-121.376672261821,12.5));
#9044=CARTESIAN_POINT('',(187.179053613169,-122.489487531078,12.5));
#9045=CARTESIAN_POINT('',(187.179053613169,-122.489487531078,12.5));
#9046=CARTESIAN_POINT('',(186.872305146912,-122.489487531078,12.5));
#9047=CARTESIAN_POINT('',(186.565556680654,-122.489487531078,12.5));
#9048=CARTESIAN_POINT('',(186.565556680654,-122.489487531078,12.5));
#9049=CARTESIAN_POINT('',(186.565556680654,-121.388601368842,12.5));
#9050=CARTESIAN_POINT('',(186.565556680654,-120.287715206606,12.5));
#9051=CARTESIAN_POINT('',(184.851173585903,-120.512664081862,12.5));
#9052=CARTESIAN_POINT('',(184.851173585903,-121.50107580647,12.5));
#9053=CARTESIAN_POINT('',(184.851173585903,-122.489487531078,12.5));
#9054=CARTESIAN_POINT('',(184.851173585903,-122.489487531078,12.5));
#9055=CARTESIAN_POINT('',(184.544425119645,-122.489487531078,12.5));
#9056=CARTESIAN_POINT('',(184.237676653387,-122.489487531078,12.5));
#9057=CARTESIAN_POINT('',(184.237676653387,-122.489487531078,12.5));
#9058=CARTESIAN_POINT('',(184.237676653387,-120.679671580157,12.5));
#9059=CARTESIAN_POINT('',(184.237676653387,-118.869855629237,12.5));
#9060=CARTESIAN_POINT('',(184.237676653387,-118.869855629237,12.5));
#9061=CARTESIAN_POINT('',(184.513750273019,-118.869855629237,12.5));
#9062=CARTESIAN_POINT('',(184.789823892651,-118.869855629237,12.5));
#9063=CARTESIAN_POINT('',(184.789823892651,-118.869855629237,12.5));
#9064=CARTESIAN_POINT('',(184.789823892651,-119.127183509264,12.5));
#9065=CARTESIAN_POINT('',(184.789823892651,-119.384511389292,12.5));
#9066=CARTESIAN_POINT('',(190.481712099877,-122.042998096858,12.5));
#9067=CARTESIAN_POINT('',(190.140880470702,-122.332704981657,12.5));
#9068=CARTESIAN_POINT('',(189.825611213715,-122.451996051868,12.5));
#9069=CARTESIAN_POINT('',(189.510341956728,-122.57128712208,12.5));
#9070=CARTESIAN_POINT('',(189.149060429802,-122.57128712208,12.5));
#9071=CARTESIAN_POINT('',(188.552605078745,-122.57128712208,12.5));
#9072=CARTESIAN_POINT('',(188.232223347321,-122.279876079135,12.5));
#9073=CARTESIAN_POINT('',(187.911841615896,-121.98846503619,12.5));
#9074=CARTESIAN_POINT('',(187.911841615896,-121.535158969387,12.5));
#9075=CARTESIAN_POINT('',(187.911841615896,-121.26931029863,12.5));
#9076=CARTESIAN_POINT('',(188.032836844253,-121.049473897812,12.5));
#9077=CARTESIAN_POINT('',(188.15383207261,-120.829637496994,12.5));
#9078=CARTESIAN_POINT('',(188.349810259386,-120.696713161616,12.5));
#9079=CARTESIAN_POINT('',(188.545788446162,-120.563788826238,12.5));
#9080=CARTESIAN_POINT('',(188.791187219168,-120.495622500403,12.5));
#9081=CARTESIAN_POINT('',(188.971827982631,-120.447906072318,12.5));
#9082=CARTESIAN_POINT('',(189.336517825848,-120.403597960525,12.5));
#9083=CARTESIAN_POINT('',(189.336517825848,-120.403597960525,12.5));
#9084=CARTESIAN_POINT('',(189.336517825848,-120.403597960525,12.3));
#9085=CARTESIAN_POINT('',(190.481712099877,-122.042998096858,12.3));
#9086=CARTESIAN_POINT('',(190.140880470702,-122.332704981657,12.3));
#9087=CARTESIAN_POINT('',(189.825611213715,-122.451996051868,12.3));
#9088=CARTESIAN_POINT('',(189.510341956728,-122.57128712208,12.3));
#9089=CARTESIAN_POINT('',(189.149060429802,-122.57128712208,12.3));
#9090=CARTESIAN_POINT('',(188.552605078745,-122.57128712208,12.3));
#9091=CARTESIAN_POINT('',(188.232223347321,-122.279876079135,12.3));
#9092=CARTESIAN_POINT('',(187.911841615896,-121.98846503619,12.3));
#9093=CARTESIAN_POINT('',(187.911841615896,-121.535158969387,12.3));
#9094=CARTESIAN_POINT('',(187.911841615896,-121.26931029863,12.3));
#9095=CARTESIAN_POINT('',(188.032836844253,-121.049473897812,12.3));
#9096=CARTESIAN_POINT('',(188.15383207261,-120.829637496994,12.3));
#9097=CARTESIAN_POINT('',(188.349810259386,-120.696713161616,12.3));
#9098=CARTESIAN_POINT('',(188.545788446162,-120.563788826238,12.3));
#9099=CARTESIAN_POINT('',(188.791187219168,-120.495622500403,12.3));
#9100=CARTESIAN_POINT('',(188.971827982631,-120.447906072318,12.3));
#9101=CARTESIAN_POINT('',(189.336517825848,-120.403597960525,12.3));
#9102=CARTESIAN_POINT('',(190.481712099877,-122.042998096858,12.5));
#9103=CARTESIAN_POINT('',(190.481712099877,-122.042998096858,12.3));
#9104=CARTESIAN_POINT('',(189.336517825848,-120.403597960525,12.5));
#9105=CARTESIAN_POINT('',(190.07953077745,-120.31498173694,12.5));
#9106=CARTESIAN_POINT('',(190.430587355501,-120.192282350437,12.5));
#9107=CARTESIAN_POINT('',(190.430587355501,-120.192282350437,12.5));
#9108=CARTESIAN_POINT('',(190.430587355501,-120.192282350437,12.3));
#9109=CARTESIAN_POINT('',(189.336517825848,-120.403597960525,12.3));
#9110=CARTESIAN_POINT('',(190.07953077745,-120.31498173694,12.3));
#9111=CARTESIAN_POINT('',(190.430587355501,-120.192282350437,12.3));
#9112=CARTESIAN_POINT('',(190.430587355501,-120.192282350437,12.5));
#9113=CARTESIAN_POINT('',(190.433995671792,-120.066174647642,12.5));
#9114=CARTESIAN_POINT('',(190.433995671792,-120.032091484725,12.5));
#9115=CARTESIAN_POINT('',(190.433995671792,-119.657176692632,12.5));
#9116=CARTESIAN_POINT('',(190.260171540913,-119.503802459503,12.5));
#9117=CARTESIAN_POINT('',(190.024997716782,-119.295895165706,12.5));
#9118=CARTESIAN_POINT('',(189.561466701104,-119.295895165706,12.5));
#9119=CARTESIAN_POINT('',(189.128610532051,-119.295895165706,12.5));
#9120=CARTESIAN_POINT('',(188.9224073964,-119.447565240689,12.5));
#9121=CARTESIAN_POINT('',(188.716204260749,-119.599235315672,12.5));
#9122=CARTESIAN_POINT('',(188.617363088289,-119.98437505664,12.5));
#9123=CARTESIAN_POINT('',(188.617363088289,-119.98437505664,12.5));
#9124=CARTESIAN_POINT('',(188.617363088289,-119.98437505664,12.3));
#9125=CARTESIAN_POINT('',(190.430587355501,-120.192282350437,12.3));
#9126=CARTESIAN_POINT('',(190.433995671792,-120.066174647642,12.3));
#9127=CARTESIAN_POINT('',(190.433995671792,-120.032091484725,12.3));
#9128=CARTESIAN_POINT('',(190.433995671792,-119.657176692632,12.3));
#9129=CARTESIAN_POINT('',(190.260171540913,-119.503802459503,12.3));
#9130=CARTESIAN_POINT('',(190.024997716782,-119.295895165706,12.3));
#9131=CARTESIAN_POINT('',(189.561466701104,-119.295895165706,12.3));
#9132=CARTESIAN_POINT('',(189.128610532051,-119.295895165706,12.3));
#9133=CARTESIAN_POINT('',(188.9224073964,-119.447565240689,12.3));
#9134=CARTESIAN_POINT('',(188.716204260749,-119.599235315672,12.3));
#9135=CARTESIAN_POINT('',(188.617363088289,-119.98437505664,12.3));
#9136=CARTESIAN_POINT('',(188.617363088289,-119.98437505664,12.5));
#9137=CARTESIAN_POINT('',(188.317431254614,-119.943475261139,12.5));
#9138=CARTESIAN_POINT('',(188.01749942094,-119.902575465638,12.5));
#9139=CARTESIAN_POINT('',(188.01749942094,-119.902575465638,12.5));
#9140=CARTESIAN_POINT('',(188.01749942094,-119.902575465638,12.3));
#9141=CARTESIAN_POINT('',(188.617363088289,-119.98437505664,12.3));
#9142=CARTESIAN_POINT('',(188.317431254614,-119.943475261139,12.3));
#9143=CARTESIAN_POINT('',(188.01749942094,-119.902575465638,12.3));
#9144=CARTESIAN_POINT('',(188.01749942094,-119.902575465638,12.5));
#9145=CARTESIAN_POINT('',(188.099299011942,-119.51743572467,12.5));
#9146=CARTESIAN_POINT('',(188.286756407989,-119.280557742393,12.5));
#9147=CARTESIAN_POINT('',(188.474213804035,-119.043679760116,12.5));
#9148=CARTESIAN_POINT('',(188.828678698377,-118.915867899176,12.5));
#9149=CARTESIAN_POINT('',(189.183143592719,-118.788056038235,12.5));
#9150=CARTESIAN_POINT('',(189.650082924689,-118.788056038235,12.5));
#9151=CARTESIAN_POINT('',(190.113613940368,-118.788056038235,12.5));
#9152=CARTESIAN_POINT('',(190.403320825167,-118.897122159571,12.5));
#9153=CARTESIAN_POINT('',(190.693027709965,-119.006188280907,12.5));
#9154=CARTESIAN_POINT('',(190.829360361636,-119.171491621057,12.5));
#9155=CARTESIAN_POINT('',(190.965693013306,-119.336794961207,12.5));
#9156=CARTESIAN_POINT('',(191.020226073974,-119.589010366797,12.5));
#9157=CARTESIAN_POINT('',(191.020226073974,-119.589010366797,12.5));
#9158=CARTESIAN_POINT('',(191.020226073974,-119.589010366797,12.3));
#9159=CARTESIAN_POINT('',(188.01749942094,-119.902575465638,12.3));
#9160=CARTESIAN_POINT('',(188.099299011942,-119.51743572467,12.3));
#9161=CARTESIAN_POINT('',(188.286756407989,-119.280557742393,12.3));
#9162=CARTESIAN_POINT('',(188.474213804035,-119.043679760116,12.3));
#9163=CARTESIAN_POINT('',(188.828678698377,-118.915867899176,12.3));
#9164=CARTESIAN_POINT('',(189.183143592719,-118.788056038235,12.3));
#9165=CARTESIAN_POINT('',(189.650082924689,-118.788056038235,12.3));
#9166=CARTESIAN_POINT('',(190.113613940368,-118.788056038235,12.3));
#9167=CARTESIAN_POINT('',(190.403320825167,-118.897122159571,12.3));
#9168=CARTESIAN_POINT('',(190.693027709965,-119.006188280907,12.3));
#9169=CARTESIAN_POINT('',(190.829360361636,-119.171491621057,12.3));
#9170=CARTESIAN_POINT('',(190.965693013306,-119.336794961207,12.3));
#9171=CARTESIAN_POINT('',(191.020226073974,-119.589010366797,12.3));
#9172=CARTESIAN_POINT('',(191.020226073974,-119.589010366797,12.5));
#9173=CARTESIAN_POINT('',(191.050900920599,-119.745792916217,12.5));
#9174=CARTESIAN_POINT('',(191.050900920599,-120.154790871228,12.5));
#9175=CARTESIAN_POINT('',(191.050900920599,-120.154790871228,12.5));
#9176=CARTESIAN_POINT('',(191.050900920599,-120.154790871228,12.3));
#9177=CARTESIAN_POINT('',(191.020226073974,-119.589010366797,12.3));
#9178=CARTESIAN_POINT('',(191.050900920599,-119.745792916217,12.3));
#9179=CARTESIAN_POINT('',(191.050900920599,-120.154790871228,12.3));
#9180=CARTESIAN_POINT('',(191.050900920599,-120.972786781248,12.5));
#9181=CARTESIAN_POINT('',(191.050900920599,-120.972786781248,12.3));
#9182=CARTESIAN_POINT('',(191.050900920599,-120.154790871228,12.3));
#9183=CARTESIAN_POINT('',(191.050900920599,-120.563788826238,12.3));
#9184=CARTESIAN_POINT('',(191.050900920599,-120.972786781248,12.3));
#9185=CARTESIAN_POINT('',(191.050900920599,-120.972786781248,12.5));
#9186=CARTESIAN_POINT('',(191.050900920599,-121.828274170478,12.5));
#9187=CARTESIAN_POINT('',(191.090096557955,-122.054927203879,12.5));
#9188=CARTESIAN_POINT('',(191.12929219531,-122.281580237281,12.5));
#9189=CARTESIAN_POINT('',(191.245174949229,-122.489487531078,12.5));
#9190=CARTESIAN_POINT('',(191.245174949229,-122.489487531078,12.5));
#9191=CARTESIAN_POINT('',(191.245174949229,-122.489487531078,12.3));
#9192=CARTESIAN_POINT('',(191.050900920599,-120.972786781248,12.3));
#9193=CARTESIAN_POINT('',(191.050900920599,-121.828274170478,12.3));
#9194=CARTESIAN_POINT('',(191.090096557955,-122.054927203879,12.3));
#9195=CARTESIAN_POINT('',(191.12929219531,-122.281580237281,12.3));
#9196=CARTESIAN_POINT('',(191.245174949229,-122.489487531078,12.3));
#9197=CARTESIAN_POINT('',(190.60441148638,-122.489487531078,12.5));
#9198=CARTESIAN_POINT('',(190.60441148638,-122.489487531078,12.3));
#9199=CARTESIAN_POINT('',(191.245174949229,-122.489487531078,12.3));
#9200=CARTESIAN_POINT('',(190.924793217805,-122.489487531078,12.3));
#9201=CARTESIAN_POINT('',(190.60441148638,-122.489487531078,12.3));
#9202=CARTESIAN_POINT('',(190.60441148638,-122.489487531078,12.5));
#9203=CARTESIAN_POINT('',(190.508978630211,-122.298621818739,12.5));
#9204=CARTESIAN_POINT('',(190.481712099877,-122.042998096858,12.5));
#9205=CARTESIAN_POINT('',(190.60441148638,-122.489487531078,12.3));
#9206=CARTESIAN_POINT('',(190.508978630211,-122.298621818739,12.3));
#9207=CARTESIAN_POINT('',(190.481712099877,-122.042998096858,12.3));
#9208=CARTESIAN_POINT('',(190.430587355501,-120.672854947574,12.5));
#9209=CARTESIAN_POINT('',(190.096572358909,-120.809187599244,12.5));
#9210=CARTESIAN_POINT('',(189.428542365726,-120.904620455413,12.5));
#9211=CARTESIAN_POINT('',(189.428542365726,-120.904620455413,12.5));
#9212=CARTESIAN_POINT('',(189.428542365726,-120.904620455413,12.3));
#9213=CARTESIAN_POINT('',(190.430587355501,-120.672854947574,12.3));
#9214=CARTESIAN_POINT('',(190.096572358909,-120.809187599244,12.3));
#9215=CARTESIAN_POINT('',(189.428542365726,-120.904620455413,12.3));
#9216=CARTESIAN_POINT('',(190.430587355501,-120.672854947574,12.5));
#9217=CARTESIAN_POINT('',(190.430587355501,-120.672854947574,12.3));
#9218=CARTESIAN_POINT('',(189.428542365726,-120.904620455413,12.5));
#9219=CARTESIAN_POINT('',(189.050219257341,-120.959153516081,12.5));
#9220=CARTESIAN_POINT('',(188.893436707921,-121.027319841916,12.5));
#9221=CARTESIAN_POINT('',(188.7366541585,-121.095486167751,12.5));
#9222=CARTESIAN_POINT('',(188.651446251206,-121.226706344984,12.5));
#9223=CARTESIAN_POINT('',(188.566238343912,-121.357926522216,12.5));
#9224=CARTESIAN_POINT('',(188.566238343912,-121.518117387928,12.5));
#9225=CARTESIAN_POINT('',(188.566238343912,-121.763516160934,12.5));
#9226=CARTESIAN_POINT('',(188.751991581813,-121.927115342939,12.5));
#9227=CARTESIAN_POINT('',(188.937744819713,-122.090714524943,12.5));
#9228=CARTESIAN_POINT('',(189.295618030347,-122.090714524943,12.5));
#9229=CARTESIAN_POINT('',(189.650082924689,-122.090714524943,12.5));
#9230=CARTESIAN_POINT('',(189.926156544321,-121.935636133668,12.5));
#9231=CARTESIAN_POINT('',(190.202230163953,-121.780557742393,12.5));
#9232=CARTESIAN_POINT('',(190.33174618304,-121.511300755345,12.5));
#9233=CARTESIAN_POINT('',(190.430587355501,-121.303393461548,12.5));
#9234=CARTESIAN_POINT('',(190.430587355501,-120.897803822829,12.5));
#9235=CARTESIAN_POINT('',(190.430587355501,-120.897803822829,12.5));
#9236=CARTESIAN_POINT('',(190.430587355501,-120.897803822829,12.3));
#9237=CARTESIAN_POINT('',(189.428542365726,-120.904620455413,12.3));
#9238=CARTESIAN_POINT('',(189.050219257341,-120.959153516081,12.3));
#9239=CARTESIAN_POINT('',(188.893436707921,-121.027319841916,12.3));
#9240=CARTESIAN_POINT('',(188.7366541585,-121.095486167751,12.3));
#9241=CARTESIAN_POINT('',(188.651446251206,-121.226706344984,12.3));
#9242=CARTESIAN_POINT('',(188.566238343912,-121.357926522216,12.3));
#9243=CARTESIAN_POINT('',(188.566238343912,-121.518117387928,12.3));
#9244=CARTESIAN_POINT('',(188.566238343912,-121.763516160934,12.3));
#9245=CARTESIAN_POINT('',(188.751991581813,-121.927115342939,12.3));
#9246=CARTESIAN_POINT('',(188.937744819713,-122.090714524943,12.3));
#9247=CARTESIAN_POINT('',(189.295618030347,-122.090714524943,12.3));
#9248=CARTESIAN_POINT('',(189.650082924689,-122.090714524943,12.3));
#9249=CARTESIAN_POINT('',(189.926156544321,-121.935636133668,12.3));
#9250=CARTESIAN_POINT('',(190.202230163953,-121.780557742393,12.3));
#9251=CARTESIAN_POINT('',(190.33174618304,-121.511300755345,12.3));
#9252=CARTESIAN_POINT('',(190.430587355501,-121.303393461548,12.3));
#9253=CARTESIAN_POINT('',(190.430587355501,-120.897803822829,12.3));
#9254=CARTESIAN_POINT('',(190.430587355501,-120.897803822829,12.3));
#9255=CARTESIAN_POINT('',(190.430587355501,-120.785329385202,12.3));
#9256=CARTESIAN_POINT('',(190.430587355501,-120.672854947574,12.3));
#9257=CARTESIAN_POINT('',(191.050900920599,-120.154790871228,12.5));
#9258=CARTESIAN_POINT('',(191.050900920599,-120.563788826238,12.5));
#9259=CARTESIAN_POINT('',(191.050900920599,-120.972786781248,12.5));
#9260=CARTESIAN_POINT('',(191.245174949229,-122.489487531078,12.5));
#9261=CARTESIAN_POINT('',(190.924793217805,-122.489487531078,12.5));
#9262=CARTESIAN_POINT('',(190.60441148638,-122.489487531078,12.5));
#9263=CARTESIAN_POINT('',(190.430587355501,-120.897803822829,12.5));
#9264=CARTESIAN_POINT('',(190.430587355501,-120.785329385202,12.5));
#9265=CARTESIAN_POINT('',(190.430587355501,-120.672854947574,12.5));
#9266=CARTESIAN_POINT('',(207.20423082499,-123.758581270104,-0.75));
#9267=CARTESIAN_POINT('',(207.20423082499,-126.758581270104,0.));
#9268=CARTESIAN_POINT('',(169.70423082499,-123.758581270104,-0.75));
#9269=CARTESIAN_POINT('',(166.70423082499,-123.758581270104,0.));
#9270=CARTESIAN_POINT('',(168.70423082499,-68.8585812701041,-0.75));
#9271=CARTESIAN_POINT('',(168.70423082499,-66.8585812701041,0.));
#9272=CARTESIAN_POINT('',(208.20423082499,-68.8585812701042,-0.75));
#9273=CARTESIAN_POINT('',(210.20423082499,-68.8585812701041,0.));
#9274=CARTESIAN_POINT('',(215.64173082499,-134.246081270104,0.));
#9275=CARTESIAN_POINT('',(215.64173082499,-134.246081270104,-1.5));
#9276=CARTESIAN_POINT('',(175.00423082499,-73.8585812701041,-8.65007806278647));
#9277=CARTESIAN_POINT('',(203.06231427371,-116.885825919922,-8.65007806278647));
#9278=CARTESIAN_POINT('',(210.20423082499,-123.758581270104,0.));
#9279=CARTESIAN_POINT('',(207.20423082499,-126.758581270104,0.));
#9280=CARTESIAN_POINT('',(207.20423082499,-126.758581270104,-1.5));
#9281=CARTESIAN_POINT('',(210.20423082499,-123.758581270104,-1.5));
#9282=CARTESIAN_POINT('',(169.70423082499,-126.758581270104,0.));
#9283=CARTESIAN_POINT('',(169.70423082499,-126.758581270104,-1.5));
#9284=CARTESIAN_POINT('',(166.70423082499,-123.758581270104,0.));
#9285=CARTESIAN_POINT('',(166.70423082499,-123.758581270104,-1.5));
#9286=CARTESIAN_POINT('',(166.70423082499,-68.8585812701041,0.));
#9287=CARTESIAN_POINT('',(166.70423082499,-68.8585812701041,-1.5));
#9288=CARTESIAN_POINT('',(168.70423082499,-66.8585812701041,0.));
#9289=CARTESIAN_POINT('',(168.70423082499,-66.8585812701041,-1.5));
#9290=CARTESIAN_POINT('',(208.20423082499,-66.8585812701041,0.));
#9291=CARTESIAN_POINT('',(208.20423082499,-66.8585812701041,-1.5));
#9292=CARTESIAN_POINT('',(210.20423082499,-68.8585812701041,0.));
#9293=CARTESIAN_POINT('',(210.20423082499,-68.8585812701041,-1.5));
#9294=CARTESIAN_POINT('',(176.80423082499,-73.8585812701041,0.));
#9295=CARTESIAN_POINT('',(176.80423082499,-73.8585812701041,-1.5));
#9296=CARTESIAN_POINT('',(204.86231427371,-116.885825919922,0.));
#9297=CARTESIAN_POINT('',(204.86231427371,-116.885825919922,-1.5));
#9298=CARTESIAN_POINT('',(210.20423082499,-123.758581270104,0.));
#9299=CARTESIAN_POINT('',(210.20423082499,-126.758581270104,0.));
#9300=CARTESIAN_POINT('',(207.20423082499,-126.758581270104,0.));
#9301=CARTESIAN_POINT('',(207.20423082499,-126.758581270104,0.));
#9302=CARTESIAN_POINT('',(207.20423082499,-126.758581270104,-1.5));
#9303=CARTESIAN_POINT('',(210.20423082499,-123.758581270104,-1.5));
#9304=CARTESIAN_POINT('',(210.20423082499,-126.758581270104,-1.5));
#9305=CARTESIAN_POINT('',(207.20423082499,-126.758581270104,-1.5));
#9306=CARTESIAN_POINT('',(210.20423082499,-123.758581270104,0.));
#9307=CARTESIAN_POINT('',(210.20423082499,-123.758581270104,-1.5));
#9308=CARTESIAN_POINT('',(207.20423082499,-126.758581270104,0.));
#9309=CARTESIAN_POINT('',(188.45423082499,-126.758581270104,0.));
#9310=CARTESIAN_POINT('',(169.70423082499,-126.758581270104,0.));
#9311=CARTESIAN_POINT('',(169.70423082499,-126.758581270104,0.));
#9312=CARTESIAN_POINT('',(169.70423082499,-126.758581270104,-1.5));
#9313=CARTESIAN_POINT('',(207.20423082499,-126.758581270104,-1.5));
#9314=CARTESIAN_POINT('',(188.45423082499,-126.758581270104,-1.5));
#9315=CARTESIAN_POINT('',(169.70423082499,-126.758581270104,-1.5));
#9316=CARTESIAN_POINT('',(169.70423082499,-126.758581270104,0.));
#9317=CARTESIAN_POINT('',(166.70423082499,-126.758581270104,0.));
#9318=CARTESIAN_POINT('',(166.70423082499,-123.758581270104,0.));
#9319=CARTESIAN_POINT('',(166.70423082499,-123.758581270104,0.));
#9320=CARTESIAN_POINT('',(166.70423082499,-123.758581270104,-1.5));
#9321=CARTESIAN_POINT('',(169.70423082499,-126.758581270104,-1.5));
#9322=CARTESIAN_POINT('',(166.70423082499,-126.758581270104,-1.5));
#9323=CARTESIAN_POINT('',(166.70423082499,-123.758581270104,-1.5));
#9324=CARTESIAN_POINT('',(166.70423082499,-123.758581270104,0.));
#9325=CARTESIAN_POINT('',(166.70423082499,-96.3085812701041,0.));
#9326=CARTESIAN_POINT('',(166.70423082499,-68.8585812701041,0.));
#9327=CARTESIAN_POINT('',(166.70423082499,-68.8585812701041,0.));
#9328=CARTESIAN_POINT('',(166.70423082499,-68.8585812701041,-1.5));
#9329=CARTESIAN_POINT('',(166.70423082499,-123.758581270104,-1.5));
#9330=CARTESIAN_POINT('',(166.70423082499,-96.3085812701041,-1.5));
#9331=CARTESIAN_POINT('',(166.70423082499,-68.8585812701041,-1.5));
#9332=CARTESIAN_POINT('',(166.70423082499,-68.8585812701041,0.));
#9333=CARTESIAN_POINT('',(166.70423082499,-66.8585812701041,0.));
#9334=CARTESIAN_POINT('',(168.70423082499,-66.8585812701041,0.));
#9335=CARTESIAN_POINT('',(168.70423082499,-66.8585812701041,0.));
#9336=CARTESIAN_POINT('',(168.70423082499,-66.8585812701041,-1.5));
#9337=CARTESIAN_POINT('',(166.70423082499,-68.8585812701041,-1.5));
#9338=CARTESIAN_POINT('',(166.70423082499,-66.8585812701041,-1.5));
#9339=CARTESIAN_POINT('',(168.70423082499,-66.8585812701041,-1.5));
#9340=CARTESIAN_POINT('',(168.70423082499,-66.8585812701041,0.));
#9341=CARTESIAN_POINT('',(188.45423082499,-66.8585812701041,0.));
#9342=CARTESIAN_POINT('',(208.20423082499,-66.8585812701041,0.));
#9343=CARTESIAN_POINT('',(208.20423082499,-66.8585812701041,0.));
#9344=CARTESIAN_POINT('',(208.20423082499,-66.8585812701041,-1.5));
#9345=CARTESIAN_POINT('',(168.70423082499,-66.8585812701041,-1.5));
#9346=CARTESIAN_POINT('',(188.45423082499,-66.8585812701041,-1.5));
#9347=CARTESIAN_POINT('',(208.20423082499,-66.8585812701041,-1.5));
#9348=CARTESIAN_POINT('',(208.20423082499,-66.8585812701041,0.));
#9349=CARTESIAN_POINT('',(210.20423082499,-66.8585812701041,0.));
#9350=CARTESIAN_POINT('',(210.20423082499,-68.8585812701041,0.));
#9351=CARTESIAN_POINT('',(210.20423082499,-68.8585812701041,0.));
#9352=CARTESIAN_POINT('',(210.20423082499,-68.8585812701041,-1.5));
#9353=CARTESIAN_POINT('',(208.20423082499,-66.8585812701041,-1.5));
#9354=CARTESIAN_POINT('',(210.20423082499,-66.8585812701041,-1.5));
#9355=CARTESIAN_POINT('',(210.20423082499,-68.8585812701041,-1.5));
#9356=CARTESIAN_POINT('',(210.20423082499,-68.8585812701041,0.));
#9357=CARTESIAN_POINT('',(210.20423082499,-96.3085812701041,0.));
#9358=CARTESIAN_POINT('',(210.20423082499,-123.758581270104,0.));
#9359=CARTESIAN_POINT('',(210.20423082499,-68.8585812701041,-1.5));
#9360=CARTESIAN_POINT('',(210.20423082499,-96.3085812701041,-1.5));
#9361=CARTESIAN_POINT('',(210.20423082499,-123.758581270104,-1.5));
#9362=CARTESIAN_POINT('',(176.80423082499,-73.8585812701041,0.));
#9363=CARTESIAN_POINT('',(176.80423082499,-75.6585812701041,0.));
#9364=CARTESIAN_POINT('',(175.00423082499,-75.6585812701041,0.));
#9365=CARTESIAN_POINT('',(173.20423082499,-75.6585812701041,0.));
#9366=CARTESIAN_POINT('',(173.20423082499,-73.8585812701041,0.));
#9367=CARTESIAN_POINT('',(173.20423082499,-72.0585812701041,0.));
#9368=CARTESIAN_POINT('',(175.00423082499,-72.0585812701041,0.));
#9369=CARTESIAN_POINT('',(176.80423082499,-72.0585812701041,0.));
#9370=CARTESIAN_POINT('',(176.80423082499,-73.8585812701041,0.));
#9371=CARTESIAN_POINT('',(176.80423082499,-73.8585812701041,0.));
#9372=CARTESIAN_POINT('',(176.80423082499,-73.8585812701041,-1.5));
#9373=CARTESIAN_POINT('',(176.80423082499,-73.8585812701041,-1.5));
#9374=CARTESIAN_POINT('',(176.80423082499,-72.0585812701041,-1.5));
#9375=CARTESIAN_POINT('',(175.00423082499,-72.0585812701041,-1.5));
#9376=CARTESIAN_POINT('',(173.20423082499,-72.0585812701041,-1.5));
#9377=CARTESIAN_POINT('',(173.20423082499,-73.8585812701041,-1.5));
#9378=CARTESIAN_POINT('',(173.20423082499,-75.6585812701041,-1.5));
#9379=CARTESIAN_POINT('',(175.00423082499,-75.6585812701041,-1.5));
#9380=CARTESIAN_POINT('',(176.80423082499,-75.6585812701041,-1.5));
#9381=CARTESIAN_POINT('',(176.80423082499,-73.8585812701041,-1.5));
#9382=CARTESIAN_POINT('',(204.86231427371,-116.885825919922,0.));
#9383=CARTESIAN_POINT('',(204.86231427371,-118.685825919922,0.));
#9384=CARTESIAN_POINT('',(203.06231427371,-118.685825919922,0.));
#9385=CARTESIAN_POINT('',(201.26231427371,-118.685825919922,0.));
#9386=CARTESIAN_POINT('',(201.26231427371,-116.885825919922,0.));
#9387=CARTESIAN_POINT('',(201.26231427371,-115.085825919922,0.));
#9388=CARTESIAN_POINT('',(203.06231427371,-115.085825919922,0.));
#9389=CARTESIAN_POINT('',(204.86231427371,-115.085825919922,0.));
#9390=CARTESIAN_POINT('',(204.86231427371,-116.885825919922,0.));
#9391=CARTESIAN_POINT('',(204.86231427371,-116.885825919922,0.));
#9392=CARTESIAN_POINT('',(204.86231427371,-116.885825919922,-1.5));
#9393=CARTESIAN_POINT('',(204.86231427371,-116.885825919922,-1.5));
#9394=CARTESIAN_POINT('',(204.86231427371,-115.085825919922,-1.5));
#9395=CARTESIAN_POINT('',(203.06231427371,-115.085825919922,-1.5));
#9396=CARTESIAN_POINT('',(201.26231427371,-115.085825919922,-1.5));
#9397=CARTESIAN_POINT('',(201.26231427371,-116.885825919922,-1.5));
#9398=CARTESIAN_POINT('',(201.26231427371,-118.685825919922,-1.5));
#9399=CARTESIAN_POINT('',(203.06231427371,-118.685825919922,-1.5));
#9400=CARTESIAN_POINT('',(204.86231427371,-118.685825919922,-1.5));
#9401=CARTESIAN_POINT('',(204.86231427371,-116.885825919922,-1.5));
#9402=CARTESIAN_POINT('',(167.30423082499,-83.9226721982886,7.3434046393495));
#9403=CARTESIAN_POINT('',(167.80423082499,-85.1466721982886,6.1194046393495));
#9404=CARTESIAN_POINT('',(167.20423082499,-83.9226721982886,7.34340463934951));
#9405=CARTESIAN_POINT('',(166.80423082499,-83.9226721982886,9.34340463934952));
#9406=CARTESIAN_POINT('',(166.80423082499,-85.9626721982886,9.38340463934954));
#9407=CARTESIAN_POINT('',(167.60423082499,-80.5566721982886,10.7094046393495));
#9408=CARTESIAN_POINT('',(166.60423082499,-83.9226721982886,9.34340463934952));
#9409=CARTESIAN_POINT('',(166.60423082499,-81.9226721982886,9.34340463934953));
#9410=CARTESIAN_POINT('',(166.60423082499,-81.9226721982886,7.34340463934952));
#9411=CARTESIAN_POINT('',(166.60423082499,-81.9226721982886,5.3434046393495));
#9412=CARTESIAN_POINT('',(166.60423082499,-83.9226721982886,5.34340463934952));
#9413=CARTESIAN_POINT('',(166.60423082499,-85.9226721982886,5.3434046393495));
#9414=CARTESIAN_POINT('',(166.60423082499,-85.9226721982886,7.34340463934952));
#9415=CARTESIAN_POINT('',(166.60423082499,-85.9226721982886,9.34340463934953));
#9416=CARTESIAN_POINT('',(166.60423082499,-83.9226721982886,9.34340463934952));
#9417=CARTESIAN_POINT('',(166.670897491657,-83.9226721982886,9.67673797268286));
#9418=CARTESIAN_POINT('',(166.670897491657,-81.5893388649553,9.67673797268286));
#9419=CARTESIAN_POINT('',(166.670897491657,-81.5893388649553,7.34340463934952));
#9420=CARTESIAN_POINT('',(166.670897491657,-81.5893388649553,5.01007130601619));
#9421=CARTESIAN_POINT('',(166.670897491657,-83.9226721982886,5.01007130601617));
#9422=CARTESIAN_POINT('',(166.670897491657,-86.256005531622,5.01007130601619));
#9423=CARTESIAN_POINT('',(166.670897491657,-86.256005531622,7.34340463934952));
#9424=CARTESIAN_POINT('',(166.670897491657,-86.256005531622,9.67673797268286));
#9425=CARTESIAN_POINT('',(166.670897491657,-83.9226721982886,9.67673797268286));
#9426=CARTESIAN_POINT('',(166.737564158323,-83.9226721982886,10.0100713060162));
#9427=CARTESIAN_POINT('',(166.737564158323,-81.256005531622,10.0100713060162));
#9428=CARTESIAN_POINT('',(166.737564158323,-81.256005531622,7.34340463934952));
#9429=CARTESIAN_POINT('',(166.737564158323,-81.256005531622,4.67673797268286));
#9430=CARTESIAN_POINT('',(166.737564158323,-83.9226721982886,4.67673797268283));
#9431=CARTESIAN_POINT('',(166.737564158323,-86.5893388649553,4.67673797268286));
#9432=CARTESIAN_POINT('',(166.737564158323,-86.5893388649553,7.34340463934952));
#9433=CARTESIAN_POINT('',(166.737564158323,-86.5893388649553,10.0100713060162));
#9434=CARTESIAN_POINT('',(166.737564158323,-83.9226721982886,10.0100713060162));
#9435=CARTESIAN_POINT('',(166.80423082499,-83.9226721982886,10.3434046393495));
#9436=CARTESIAN_POINT('',(166.80423082499,-80.9226721982886,10.3434046393495));
#9437=CARTESIAN_POINT('',(166.80423082499,-80.9226721982886,7.34340463934952));
#9438=CARTESIAN_POINT('',(166.80423082499,-80.9226721982886,4.34340463934953));
#9439=CARTESIAN_POINT('',(166.80423082499,-83.9226721982886,4.34340463934952));
#9440=CARTESIAN_POINT('',(166.80423082499,-86.9226721982886,4.34340463934953));
#9441=CARTESIAN_POINT('',(166.80423082499,-86.9226721982886,7.34340463934952));
#9442=CARTESIAN_POINT('',(166.80423082499,-86.9226721982886,10.3434046393495));
#9443=CARTESIAN_POINT('',(166.80423082499,-83.9226721982886,10.3434046393495));
#9444=CARTESIAN_POINT('',(167.05423082499,-83.9226721982886,7.34340463934952));
#9445=CARTESIAN_POINT('',(167.30423082499,-83.9226721982886,10.3434046393495));
#9446=CARTESIAN_POINT('',(166.60423082499,-81.8826721982886,9.38340463934954));
#9447=CARTESIAN_POINT('',(167.45423082499,-83.9226721982886,7.34340463934948));
#9448=CARTESIAN_POINT('',(167.80423082499,-83.9226721982886,6.1434046393495));
#9449=CARTESIAN_POINT('',(167.60423082499,-83.9226721982887,10.1434046393495));
#9450=CARTESIAN_POINT('',(166.80423082499,-83.9226721982886,10.1434046393495));
#9451=CARTESIAN_POINT('',(166.80423082499,-83.9226721982887,9.34340463934952));
#9452=CARTESIAN_POINT('',(167.60423082499,-83.9226721982887,10.6434046393495));
#9453=CARTESIAN_POINT('',(166.60423082499,-83.9226721982887,9.34340463934952));
#9454=CARTESIAN_POINT('',(166.80423082499,-83.9226721982886,10.3434046393495));
#9455=CARTESIAN_POINT('',(167.30423082499,-83.9226721982886,10.3434046393495));
#9456=CARTESIAN_POINT('',(167.30423082499,-83.9226721982886,10.6434046393495));
#9457=CARTESIAN_POINT('',(166.80423082499,-83.9226721982886,6.1434046393495));
#9458=CARTESIAN_POINT('',(167.80423082499,-83.9226721982886,6.1434046393495));
#9459=CARTESIAN_POINT('',(167.80423082499,-82.7226721982886,6.1434046393495));
#9460=CARTESIAN_POINT('',(167.80423082499,-82.7226721982886,7.3434046393495));
#9461=CARTESIAN_POINT('',(167.80423082499,-82.7226721982886,8.5434046393495));
#9462=CARTESIAN_POINT('',(167.80423082499,-83.9226721982886,8.5434046393495));
#9463=CARTESIAN_POINT('',(167.80423082499,-85.1226721982886,8.5434046393495));
#9464=CARTESIAN_POINT('',(167.80423082499,-85.1226721982886,7.3434046393495));
#9465=CARTESIAN_POINT('',(167.80423082499,-85.1226721982886,6.1434046393495));
#9466=CARTESIAN_POINT('',(167.80423082499,-83.9226721982886,6.1434046393495));
#9467=CARTESIAN_POINT('',(167.60423082499,-83.9226721982887,10.1434046393495));
#9468=CARTESIAN_POINT('',(167.337564158323,-83.9226721982887,10.1434046393495));
#9469=CARTESIAN_POINT('',(167.070897491657,-83.9226721982886,10.1434046393495));
#9470=CARTESIAN_POINT('',(166.80423082499,-83.9226721982886,10.1434046393495));
#9471=CARTESIAN_POINT('',(166.80423082499,-83.9226721982886,10.1434046393495));
#9472=CARTESIAN_POINT('',(166.80423082499,-81.1226721982886,10.1434046393495));
#9473=CARTESIAN_POINT('',(166.80423082499,-81.1226721982886,7.34340463934952));
#9474=CARTESIAN_POINT('',(166.80423082499,-81.1226721982886,4.5434046393495));
#9475=CARTESIAN_POINT('',(166.80423082499,-83.9226721982886,4.5434046393495));
#9476=CARTESIAN_POINT('',(166.80423082499,-86.7226721982886,4.5434046393495));
#9477=CARTESIAN_POINT('',(166.80423082499,-86.7226721982886,7.34340463934952));
#9478=CARTESIAN_POINT('',(166.80423082499,-86.7226721982886,10.1434046393495));
#9479=CARTESIAN_POINT('',(166.80423082499,-83.9226721982886,10.1434046393495));
#9480=CARTESIAN_POINT('',(167.60423082499,-83.9226721982886,10.1434046393495));
#9481=CARTESIAN_POINT('',(167.60423082499,-86.7226721982886,10.1434046393495));
#9482=CARTESIAN_POINT('',(167.60423082499,-86.7226721982886,7.34340463934952));
#9483=CARTESIAN_POINT('',(167.60423082499,-86.7226721982886,4.5434046393495));
#9484=CARTESIAN_POINT('',(167.60423082499,-83.9226721982886,4.5434046393495));
#9485=CARTESIAN_POINT('',(167.60423082499,-81.1226721982886,4.5434046393495));
#9486=CARTESIAN_POINT('',(167.60423082499,-81.1226721982886,7.34340463934952));
#9487=CARTESIAN_POINT('',(167.60423082499,-81.1226721982886,10.1434046393495));
#9488=CARTESIAN_POINT('',(167.60423082499,-83.9226721982886,10.1434046393495));
#9489=CARTESIAN_POINT('',(166.80423082499,-83.9226721982887,9.34340463934952));
#9490=CARTESIAN_POINT('',(166.80423082499,-83.9226721982887,9.6100713060162));
#9491=CARTESIAN_POINT('',(166.80423082499,-83.9226721982886,9.87673797268285));
#9492=CARTESIAN_POINT('',(166.80423082499,-83.9226721982886,10.1434046393495));
#9493=CARTESIAN_POINT('',(166.80423082499,-83.9226721982886,9.34340463934952));
#9494=CARTESIAN_POINT('',(166.80423082499,-81.9226721982886,9.34340463934953));
#9495=CARTESIAN_POINT('',(166.80423082499,-81.9226721982886,7.34340463934952));
#9496=CARTESIAN_POINT('',(166.80423082499,-81.9226721982886,5.3434046393495));
#9497=CARTESIAN_POINT('',(166.80423082499,-83.9226721982886,5.34340463934952));
#9498=CARTESIAN_POINT('',(166.80423082499,-85.9226721982886,5.3434046393495));
#9499=CARTESIAN_POINT('',(166.80423082499,-85.9226721982886,7.34340463934952));
#9500=CARTESIAN_POINT('',(166.80423082499,-85.9226721982886,9.34340463934953));
#9501=CARTESIAN_POINT('',(166.80423082499,-83.9226721982886,9.34340463934952));
#9502=CARTESIAN_POINT('',(166.60423082499,-83.9226721982887,9.34340463934952));
#9503=CARTESIAN_POINT('',(166.670897491657,-83.9226721982887,9.67673797268286));
#9504=CARTESIAN_POINT('',(166.737564158323,-83.9226721982886,10.0100713060162));
#9505=CARTESIAN_POINT('',(166.80423082499,-83.9226721982886,10.3434046393495));
#9506=CARTESIAN_POINT('',(166.80423082499,-83.9226721982886,10.3434046393495));
#9507=CARTESIAN_POINT('',(166.80423082499,-80.9226721982886,10.3434046393495));
#9508=CARTESIAN_POINT('',(166.80423082499,-80.9226721982886,7.34340463934952));
#9509=CARTESIAN_POINT('',(166.80423082499,-80.9226721982886,4.34340463934953));
#9510=CARTESIAN_POINT('',(166.80423082499,-83.9226721982886,4.34340463934952));
#9511=CARTESIAN_POINT('',(166.80423082499,-86.9226721982886,4.34340463934953));
#9512=CARTESIAN_POINT('',(166.80423082499,-86.9226721982886,7.34340463934952));
#9513=CARTESIAN_POINT('',(166.80423082499,-86.9226721982886,10.3434046393495));
#9514=CARTESIAN_POINT('',(166.80423082499,-83.9226721982886,10.3434046393495));
#9515=CARTESIAN_POINT('',(166.60423082499,-83.9226721982886,9.34340463934952));
#9516=CARTESIAN_POINT('',(166.60423082499,-85.9226721982886,9.34340463934953));
#9517=CARTESIAN_POINT('',(166.60423082499,-85.9226721982886,7.34340463934952));
#9518=CARTESIAN_POINT('',(166.60423082499,-85.9226721982886,5.3434046393495));
#9519=CARTESIAN_POINT('',(166.60423082499,-83.9226721982886,5.34340463934952));
#9520=CARTESIAN_POINT('',(166.60423082499,-81.9226721982886,5.3434046393495));
#9521=CARTESIAN_POINT('',(166.60423082499,-81.9226721982886,7.34340463934952));
#9522=CARTESIAN_POINT('',(166.60423082499,-81.9226721982886,9.34340463934953));
#9523=CARTESIAN_POINT('',(166.60423082499,-83.9226721982886,9.34340463934952));
#9524=CARTESIAN_POINT('',(166.80423082499,-83.9226721982886,10.3434046393495));
#9525=CARTESIAN_POINT('',(166.970897491657,-83.9226721982886,10.3434046393495));
#9526=CARTESIAN_POINT('',(167.137564158323,-83.9226721982886,10.3434046393495));
#9527=CARTESIAN_POINT('',(167.30423082499,-83.9226721982886,10.3434046393495));
#9528=CARTESIAN_POINT('',(167.30423082499,-83.9226721982886,10.3434046393495));
#9529=CARTESIAN_POINT('',(167.30423082499,-86.9226721982886,10.3434046393495));
#9530=CARTESIAN_POINT('',(167.30423082499,-86.9226721982886,7.34340463934952));
#9531=CARTESIAN_POINT('',(167.30423082499,-86.9226721982886,4.34340463934953));
#9532=CARTESIAN_POINT('',(167.30423082499,-83.9226721982886,4.34340463934952));
#9533=CARTESIAN_POINT('',(167.30423082499,-80.9226721982886,4.34340463934953));
#9534=CARTESIAN_POINT('',(167.30423082499,-80.9226721982886,7.34340463934952));
#9535=CARTESIAN_POINT('',(167.30423082499,-80.9226721982886,10.3434046393495));
#9536=CARTESIAN_POINT('',(167.30423082499,-83.9226721982886,10.3434046393495));
#9537=CARTESIAN_POINT('',(167.30423082499,-83.9226721982886,10.3434046393495));
#9538=CARTESIAN_POINT('',(167.30423082499,-83.9226721982886,10.4434046393495));
#9539=CARTESIAN_POINT('',(167.30423082499,-83.9226721982886,10.5434046393495));
#9540=CARTESIAN_POINT('',(167.30423082499,-83.9226721982886,10.6434046393495));
#9541=CARTESIAN_POINT('',(167.30423082499,-83.9226721982886,10.6434046393495));
#9542=CARTESIAN_POINT('',(167.30423082499,-80.6226721982886,10.6434046393495));
#9543=CARTESIAN_POINT('',(167.30423082499,-80.6226721982886,7.34340463934952));
#9544=CARTESIAN_POINT('',(167.30423082499,-80.6226721982886,4.04340463934945));
#9545=CARTESIAN_POINT('',(167.30423082499,-83.9226721982886,4.04340463934948));
#9546=CARTESIAN_POINT('',(167.30423082499,-87.2226721982886,4.04340463934945));
#9547=CARTESIAN_POINT('',(167.30423082499,-87.2226721982886,7.34340463934946));
#9548=CARTESIAN_POINT('',(167.30423082499,-87.2226721982887,10.6434046393495));
#9549=CARTESIAN_POINT('',(167.30423082499,-83.9226721982886,10.6434046393495));
#9550=CARTESIAN_POINT('',(167.30423082499,-83.9226721982886,10.6434046393495));
#9551=CARTESIAN_POINT('',(167.40423082499,-83.9226721982886,10.6434046393495));
#9552=CARTESIAN_POINT('',(167.50423082499,-83.9226721982887,10.6434046393495));
#9553=CARTESIAN_POINT('',(167.60423082499,-83.9226721982887,10.6434046393495));
#9554=CARTESIAN_POINT('',(167.60423082499,-83.9226721982886,10.6434046393495));
#9555=CARTESIAN_POINT('',(167.60423082499,-80.6226721982886,10.6434046393495));
#9556=CARTESIAN_POINT('',(167.60423082499,-80.6226721982886,7.34340463934952));
#9557=CARTESIAN_POINT('',(167.60423082499,-80.6226721982886,4.04340463934945));
#9558=CARTESIAN_POINT('',(167.60423082499,-83.9226721982886,4.04340463934948));
#9559=CARTESIAN_POINT('',(167.60423082499,-87.2226721982886,4.04340463934945));
#9560=CARTESIAN_POINT('',(167.60423082499,-87.2226721982886,7.34340463934946));
#9561=CARTESIAN_POINT('',(167.60423082499,-87.2226721982887,10.6434046393495));
#9562=CARTESIAN_POINT('',(167.60423082499,-83.9226721982886,10.6434046393495));
#9563=CARTESIAN_POINT('',(166.80423082499,-83.9226721982886,6.1434046393495));
#9564=CARTESIAN_POINT('',(166.80423082499,-82.7226721982886,6.1434046393495));
#9565=CARTESIAN_POINT('',(166.80423082499,-82.7226721982886,7.3434046393495));
#9566=CARTESIAN_POINT('',(166.80423082499,-82.7226721982886,8.5434046393495));
#9567=CARTESIAN_POINT('',(166.80423082499,-83.9226721982886,8.5434046393495));
#9568=CARTESIAN_POINT('',(166.80423082499,-85.1226721982886,8.5434046393495));
#9569=CARTESIAN_POINT('',(166.80423082499,-85.1226721982886,7.3434046393495));
#9570=CARTESIAN_POINT('',(166.80423082499,-85.1226721982886,6.1434046393495));
#9571=CARTESIAN_POINT('',(166.80423082499,-83.9226721982886,6.1434046393495));
#9572=CARTESIAN_POINT('',(166.80423082499,-83.9226721982886,6.1434046393495));
#9573=CARTESIAN_POINT('',(167.80423082499,-83.9226721982886,6.1434046393495));
#9574=CARTESIAN_POINT('',(210.20423082499,-123.758581270104,0.));
#9575=CARTESIAN_POINT('',(208.20423082499,-68.8585812701041,5.5));
#9576=CARTESIAN_POINT('',(208.20423082499,-66.8585812701041,0.));
#9577=CARTESIAN_POINT('',(168.70423082499,-68.8585812701041,5.5));
#9578=CARTESIAN_POINT('',(166.70423082499,-68.8585812701041,0.));
#9579=CARTESIAN_POINT('',(169.70423082499,-123.758581270104,5.5));
#9580=CARTESIAN_POINT('',(169.70423082499,-126.758581270104,0.));
#9581=CARTESIAN_POINT('',(207.20423082499,-123.758581270104,5.5));
#9582=CARTESIAN_POINT('',(207.20423082499,-123.758581270104,5.5));
#9583=CARTESIAN_POINT('',(207.20423082499,-125.258581270104,0.));
#9584=CARTESIAN_POINT('',(169.70423082499,-123.758581270104,5.5));
#9585=CARTESIAN_POINT('',(168.20423082499,-123.758581270104,0.));
#9586=CARTESIAN_POINT('',(168.70423082499,-68.858581270104,5.5));
#9587=CARTESIAN_POINT('',(168.70423082499,-68.3585812701041,0.));
#9588=CARTESIAN_POINT('',(208.20423082499,-68.858581270104,5.5));
#9589=CARTESIAN_POINT('',(208.70423082499,-68.8585812701041,0.));
#9590=CARTESIAN_POINT('',(161.26673082499,-134.246081270104,0.));
#9591=CARTESIAN_POINT('',(161.26673082499,-134.246081270104,11.));
#9592=CARTESIAN_POINT('',(165.453399127255,-83.9226721982886,7.34340463934952));
#9593=CARTESIAN_POINT('',(169.80462049386,-83.9226721982886,7.34340463934952));
#9594=CARTESIAN_POINT('',(167.20423082499,-79.6726721982886,11.5934046393495));
#9595=CARTESIAN_POINT('',(210.20423082499,-123.758581270104,0.));
#9596=CARTESIAN_POINT('',(210.20423082499,-68.8585812701041,0.));
#9597=CARTESIAN_POINT('',(210.20423082499,-68.8585812701041,11.));
#9598=CARTESIAN_POINT('',(210.20423082499,-123.758581270104,11.));
#9599=CARTESIAN_POINT('',(208.20423082499,-66.8585812701041,0.));
#9600=CARTESIAN_POINT('',(208.20423082499,-66.8585812701041,11.));
#9601=CARTESIAN_POINT('',(168.70423082499,-66.8585812701041,0.));
#9602=CARTESIAN_POINT('',(168.70423082499,-66.8585812701041,11.));
#9603=CARTESIAN_POINT('',(166.70423082499,-68.8585812701041,0.));
#9604=CARTESIAN_POINT('',(166.70423082499,-68.8585812701041,11.));
#9605=CARTESIAN_POINT('',(166.70423082499,-123.758581270104,0.));
#9606=CARTESIAN_POINT('',(166.70423082499,-123.758581270104,11.));
#9607=CARTESIAN_POINT('',(169.70423082499,-126.758581270104,0.));
#9608=CARTESIAN_POINT('',(169.70423082499,-126.758581270104,11.));
#9609=CARTESIAN_POINT('',(207.20423082499,-126.758581270104,0.));
#9610=CARTESIAN_POINT('',(207.20423082499,-126.758581270104,11.));
#9611=CARTESIAN_POINT('',(208.70423082499,-123.758581270104,0.));
#9612=CARTESIAN_POINT('',(207.20423082499,-125.258581270104,0.));
#9613=CARTESIAN_POINT('',(207.20423082499,-125.258581270104,11.));
#9614=CARTESIAN_POINT('',(208.70423082499,-123.758581270104,11.));
#9615=CARTESIAN_POINT('',(169.70423082499,-125.258581270104,0.));
#9616=CARTESIAN_POINT('',(169.70423082499,-125.258581270104,11.));
#9617=CARTESIAN_POINT('',(168.20423082499,-123.758581270104,0.));
#9618=CARTESIAN_POINT('',(168.20423082499,-123.758581270104,11.));
#9619=CARTESIAN_POINT('',(168.20423082499,-68.8585812701041,0.));
#9620=CARTESIAN_POINT('',(168.20423082499,-68.8585812701041,11.));
#9621=CARTESIAN_POINT('',(168.70423082499,-68.3585812701041,0.));
#9622=CARTESIAN_POINT('',(168.70423082499,-68.3585812701041,11.));
#9623=CARTESIAN_POINT('',(208.20423082499,-68.3585812701041,0.));
#9624=CARTESIAN_POINT('',(208.20423082499,-68.3585812701041,11.));
#9625=CARTESIAN_POINT('',(208.70423082499,-68.8585812701041,0.));
#9626=CARTESIAN_POINT('',(208.70423082499,-68.8585812701041,11.));
#9627=CARTESIAN_POINT('',(167.20423082499,-83.9226721982886,10.4434046393495));
#9628=CARTESIAN_POINT('',(167.20423082499,-83.9226721982886,10.7434046393495));
#9629=CARTESIAN_POINT('',(166.70423082499,-83.9226721982886,10.4434046393495));
#9630=CARTESIAN_POINT('',(168.20423082499,-83.9226721982886,10.7434046393495));
#9631=CARTESIAN_POINT('',(210.20423082499,-123.758581270104,0.));
#9632=CARTESIAN_POINT('',(210.20423082499,-96.3085812701041,0.));
#9633=CARTESIAN_POINT('',(210.20423082499,-68.8585812701041,0.));
#9634=CARTESIAN_POINT('',(210.20423082499,-68.8585812701041,0.));
#9635=CARTESIAN_POINT('',(210.20423082499,-68.8585812701041,11.));
#9636=CARTESIAN_POINT('',(210.20423082499,-123.758581270104,11.));
#9637=CARTESIAN_POINT('',(210.20423082499,-96.3085812701041,11.));
#9638=CARTESIAN_POINT('',(210.20423082499,-68.8585812701041,11.));
#9639=CARTESIAN_POINT('',(210.20423082499,-123.758581270104,0.));
#9640=CARTESIAN_POINT('',(210.20423082499,-123.758581270104,11.));
#9641=CARTESIAN_POINT('',(210.20423082499,-68.8585812701041,0.));
#9642=CARTESIAN_POINT('',(210.20423082499,-66.8585812701041,0.));
#9643=CARTESIAN_POINT('',(208.20423082499,-66.8585812701041,0.));
#9644=CARTESIAN_POINT('',(208.20423082499,-66.8585812701041,0.));
#9645=CARTESIAN_POINT('',(208.20423082499,-66.8585812701041,11.));
#9646=CARTESIAN_POINT('',(210.20423082499,-68.8585812701041,11.));
#9647=CARTESIAN_POINT('',(210.20423082499,-66.8585812701041,11.));
#9648=CARTESIAN_POINT('',(208.20423082499,-66.8585812701041,11.));
#9649=CARTESIAN_POINT('',(208.20423082499,-66.8585812701041,0.));
#9650=CARTESIAN_POINT('',(188.45423082499,-66.8585812701041,0.));
#9651=CARTESIAN_POINT('',(168.70423082499,-66.8585812701041,0.));
#9652=CARTESIAN_POINT('',(168.70423082499,-66.8585812701041,0.));
#9653=CARTESIAN_POINT('',(168.70423082499,-66.8585812701041,11.));
#9654=CARTESIAN_POINT('',(208.20423082499,-66.8585812701041,11.));
#9655=CARTESIAN_POINT('',(188.45423082499,-66.8585812701041,11.));
#9656=CARTESIAN_POINT('',(168.70423082499,-66.8585812701041,11.));
#9657=CARTESIAN_POINT('',(168.70423082499,-66.8585812701041,0.));
#9658=CARTESIAN_POINT('',(166.70423082499,-66.8585812701041,0.));
#9659=CARTESIAN_POINT('',(166.70423082499,-68.8585812701041,0.));
#9660=CARTESIAN_POINT('',(166.70423082499,-68.8585812701041,0.));
#9661=CARTESIAN_POINT('',(166.70423082499,-68.8585812701041,11.));
#9662=CARTESIAN_POINT('',(168.70423082499,-66.8585812701041,11.));
#9663=CARTESIAN_POINT('',(166.70423082499,-66.8585812701041,11.));
#9664=CARTESIAN_POINT('',(166.70423082499,-68.8585812701041,11.));
#9665=CARTESIAN_POINT('',(166.70423082499,-68.8585812701041,0.));
#9666=CARTESIAN_POINT('',(166.70423082499,-96.3085812701041,0.));
#9667=CARTESIAN_POINT('',(166.70423082499,-123.758581270104,0.));
#9668=CARTESIAN_POINT('',(166.70423082499,-123.758581270104,0.));
#9669=CARTESIAN_POINT('',(166.70423082499,-123.758581270104,11.));
#9670=CARTESIAN_POINT('',(166.70423082499,-68.8585812701041,11.));
#9671=CARTESIAN_POINT('',(166.70423082499,-96.3085812701041,11.));
#9672=CARTESIAN_POINT('',(166.70423082499,-123.758581270104,11.));
#9673=CARTESIAN_POINT('',(166.70423082499,-123.758581270104,0.));
#9674=CARTESIAN_POINT('',(166.70423082499,-126.758581270104,0.));
#9675=CARTESIAN_POINT('',(169.70423082499,-126.758581270104,0.));
#9676=CARTESIAN_POINT('',(169.70423082499,-126.758581270104,0.));
#9677=CARTESIAN_POINT('',(169.70423082499,-126.758581270104,11.));
#9678=CARTESIAN_POINT('',(166.70423082499,-123.758581270104,11.));
#9679=CARTESIAN_POINT('',(166.70423082499,-126.758581270104,11.));
#9680=CARTESIAN_POINT('',(169.70423082499,-126.758581270104,11.));
#9681=CARTESIAN_POINT('',(169.70423082499,-126.758581270104,0.));
#9682=CARTESIAN_POINT('',(188.45423082499,-126.758581270104,0.));
#9683=CARTESIAN_POINT('',(207.20423082499,-126.758581270104,0.));
#9684=CARTESIAN_POINT('',(207.20423082499,-126.758581270104,0.));
#9685=CARTESIAN_POINT('',(207.20423082499,-126.758581270104,11.));
#9686=CARTESIAN_POINT('',(169.70423082499,-126.758581270104,11.));
#9687=CARTESIAN_POINT('',(188.45423082499,-126.758581270104,11.));
#9688=CARTESIAN_POINT('',(207.20423082499,-126.758581270104,11.));
#9689=CARTESIAN_POINT('',(207.20423082499,-126.758581270104,0.));
#9690=CARTESIAN_POINT('',(210.20423082499,-126.758581270104,0.));
#9691=CARTESIAN_POINT('',(210.20423082499,-123.758581270104,0.));
#9692=CARTESIAN_POINT('',(207.20423082499,-126.758581270104,11.));
#9693=CARTESIAN_POINT('',(210.20423082499,-126.758581270104,11.));
#9694=CARTESIAN_POINT('',(210.20423082499,-123.758581270104,11.));
#9695=CARTESIAN_POINT('',(208.70423082499,-123.758581270104,0.));
#9696=CARTESIAN_POINT('',(208.70423082499,-125.258581270104,0.));
#9697=CARTESIAN_POINT('',(207.20423082499,-125.258581270104,0.));
#9698=CARTESIAN_POINT('',(207.20423082499,-125.258581270104,0.));
#9699=CARTESIAN_POINT('',(207.20423082499,-125.258581270104,11.));
#9700=CARTESIAN_POINT('',(208.70423082499,-123.758581270104,11.));
#9701=CARTESIAN_POINT('',(208.70423082499,-125.258581270104,11.));
#9702=CARTESIAN_POINT('',(207.20423082499,-125.258581270104,11.));
#9703=CARTESIAN_POINT('',(208.70423082499,-123.758581270104,0.));
#9704=CARTESIAN_POINT('',(208.70423082499,-123.758581270104,11.));
#9705=CARTESIAN_POINT('',(207.20423082499,-125.258581270104,0.));
#9706=CARTESIAN_POINT('',(188.45423082499,-125.258581270104,0.));
#9707=CARTESIAN_POINT('',(169.70423082499,-125.258581270104,0.));
#9708=CARTESIAN_POINT('',(169.70423082499,-125.258581270104,0.));
#9709=CARTESIAN_POINT('',(169.70423082499,-125.258581270104,11.));
#9710=CARTESIAN_POINT('',(207.20423082499,-125.258581270104,11.));
#9711=CARTESIAN_POINT('',(188.45423082499,-125.258581270104,11.));
#9712=CARTESIAN_POINT('',(169.70423082499,-125.258581270104,11.));
#9713=CARTESIAN_POINT('',(169.70423082499,-125.258581270104,0.));
#9714=CARTESIAN_POINT('',(168.20423082499,-125.258581270104,0.));
#9715=CARTESIAN_POINT('',(168.20423082499,-123.758581270104,0.));
#9716=CARTESIAN_POINT('',(168.20423082499,-123.758581270104,0.));
#9717=CARTESIAN_POINT('',(168.20423082499,-123.758581270104,11.));
#9718=CARTESIAN_POINT('',(169.70423082499,-125.258581270104,11.));
#9719=CARTESIAN_POINT('',(168.20423082499,-125.258581270104,11.));
#9720=CARTESIAN_POINT('',(168.20423082499,-123.758581270104,11.));
#9721=CARTESIAN_POINT('',(168.20423082499,-123.758581270104,0.));
#9722=CARTESIAN_POINT('',(168.20423082499,-96.3085812701041,0.));
#9723=CARTESIAN_POINT('',(168.20423082499,-68.8585812701041,0.));
#9724=CARTESIAN_POINT('',(168.20423082499,-68.8585812701041,0.));
#9725=CARTESIAN_POINT('',(168.20423082499,-68.8585812701041,11.));
#9726=CARTESIAN_POINT('',(168.20423082499,-123.758581270104,11.));
#9727=CARTESIAN_POINT('',(168.20423082499,-96.3085812701041,11.));
#9728=CARTESIAN_POINT('',(168.20423082499,-68.8585812701041,11.));
#9729=CARTESIAN_POINT('',(168.20423082499,-68.8585812701041,0.));
#9730=CARTESIAN_POINT('',(168.20423082499,-68.3585812701041,0.));
#9731=CARTESIAN_POINT('',(168.70423082499,-68.3585812701041,0.));
#9732=CARTESIAN_POINT('',(168.70423082499,-68.3585812701041,0.));
#9733=CARTESIAN_POINT('',(168.70423082499,-68.3585812701041,11.));
#9734=CARTESIAN_POINT('',(168.20423082499,-68.8585812701041,11.));
#9735=CARTESIAN_POINT('',(168.20423082499,-68.3585812701041,11.));
#9736=CARTESIAN_POINT('',(168.70423082499,-68.3585812701041,11.));
#9737=CARTESIAN_POINT('',(168.70423082499,-68.3585812701041,0.));
#9738=CARTESIAN_POINT('',(188.45423082499,-68.3585812701041,0.));
#9739=CARTESIAN_POINT('',(208.20423082499,-68.3585812701041,0.));
#9740=CARTESIAN_POINT('',(208.20423082499,-68.3585812701041,0.));
#9741=CARTESIAN_POINT('',(208.20423082499,-68.3585812701041,11.));
#9742=CARTESIAN_POINT('',(168.70423082499,-68.3585812701041,11.));
#9743=CARTESIAN_POINT('',(188.45423082499,-68.3585812701041,11.));
#9744=CARTESIAN_POINT('',(208.20423082499,-68.3585812701041,11.));
#9745=CARTESIAN_POINT('',(208.20423082499,-68.3585812701041,0.));
#9746=CARTESIAN_POINT('',(208.70423082499,-68.358581270104,0.));
#9747=CARTESIAN_POINT('',(208.70423082499,-68.8585812701041,0.));
#9748=CARTESIAN_POINT('',(208.70423082499,-68.8585812701041,0.));
#9749=CARTESIAN_POINT('',(208.70423082499,-68.8585812701041,11.));
#9750=CARTESIAN_POINT('',(208.20423082499,-68.3585812701041,11.));
#9751=CARTESIAN_POINT('',(208.70423082499,-68.358581270104,11.));
#9752=CARTESIAN_POINT('',(208.70423082499,-68.8585812701041,11.));
#9753=CARTESIAN_POINT('',(208.70423082499,-68.8585812701041,0.));
#9754=CARTESIAN_POINT('',(208.70423082499,-96.3085812701041,0.));
#9755=CARTESIAN_POINT('',(208.70423082499,-123.758581270104,0.));
#9756=CARTESIAN_POINT('',(208.70423082499,-68.8585812701041,11.));
#9757=CARTESIAN_POINT('',(208.70423082499,-96.3085812701041,11.));
#9758=CARTESIAN_POINT('',(208.70423082499,-123.758581270104,11.));
#9759=CARTESIAN_POINT('',(167.20423082499,-83.9226721982886,10.4434046393495));
#9760=CARTESIAN_POINT('',(167.20423082499,-87.0226721982886,10.4434046393495));
#9761=CARTESIAN_POINT('',(167.20423082499,-87.0226721982886,7.34340463934951));
#9762=CARTESIAN_POINT('',(167.20423082499,-87.0226721982886,4.24340463934952));
#9763=CARTESIAN_POINT('',(167.20423082499,-83.9226721982886,4.24340463934951));
#9764=CARTESIAN_POINT('',(167.20423082499,-80.8226721982886,4.24340463934952));
#9765=CARTESIAN_POINT('',(167.20423082499,-80.8226721982886,7.34340463934951));
#9766=CARTESIAN_POINT('',(167.20423082499,-80.8226721982886,10.4434046393495));
#9767=CARTESIAN_POINT('',(167.20423082499,-83.9226721982886,10.4434046393495));
#9768=CARTESIAN_POINT('',(167.20423082499,-83.9226721982886,10.7434046393495));
#9769=CARTESIAN_POINT('',(167.20423082499,-87.3226721982887,10.7434046393495));
#9770=CARTESIAN_POINT('',(167.20423082499,-87.3226721982886,7.34340463934947));
#9771=CARTESIAN_POINT('',(167.20423082499,-87.3226721982886,3.94340463934946));
#9772=CARTESIAN_POINT('',(167.20423082499,-83.9226721982886,3.94340463934948));
#9773=CARTESIAN_POINT('',(167.20423082499,-80.5226721982886,3.94340463934949));
#9774=CARTESIAN_POINT('',(167.20423082499,-80.5226721982886,7.3434046393495));
#9775=CARTESIAN_POINT('',(167.20423082499,-80.5226721982886,10.7434046393495));
#9776=CARTESIAN_POINT('',(167.20423082499,-83.9226721982886,10.7434046393495));
#9777=CARTESIAN_POINT('',(167.20423082499,-83.9226721982886,10.7434046393495));
#9778=CARTESIAN_POINT('',(168.20423082499,-83.9226721982886,10.7434046393495));
#9779=CARTESIAN_POINT('',(166.70423082499,-83.9226721982886,10.4434046393495));
#9780=CARTESIAN_POINT('',(166.70423082499,-87.0226721982886,10.4434046393495));
#9781=CARTESIAN_POINT('',(166.70423082499,-87.0226721982886,7.34340463934951));
#9782=CARTESIAN_POINT('',(166.70423082499,-87.0226721982886,4.24340463934952));
#9783=CARTESIAN_POINT('',(166.70423082499,-83.9226721982886,4.24340463934951));
#9784=CARTESIAN_POINT('',(166.70423082499,-80.8226721982886,4.24340463934952));
#9785=CARTESIAN_POINT('',(166.70423082499,-80.8226721982886,7.34340463934951));
#9786=CARTESIAN_POINT('',(166.70423082499,-80.8226721982886,10.4434046393495));
#9787=CARTESIAN_POINT('',(166.70423082499,-83.9226721982886,10.4434046393495));
#9788=CARTESIAN_POINT('',(168.20423082499,-83.9226721982886,10.7434046393495));
#9789=CARTESIAN_POINT('',(168.20423082499,-80.5226721982886,10.7434046393495));
#9790=CARTESIAN_POINT('',(168.20423082499,-80.5226721982886,7.3434046393495));
#9791=CARTESIAN_POINT('',(168.20423082499,-80.5226721982886,3.94340463934949));
#9792=CARTESIAN_POINT('',(168.20423082499,-83.9226721982886,3.94340463934948));
#9793=CARTESIAN_POINT('',(168.20423082499,-87.3226721982886,3.94340463934946));
#9794=CARTESIAN_POINT('',(168.20423082499,-87.3226721982886,7.34340463934947));
#9795=CARTESIAN_POINT('',(168.20423082499,-87.3226721982887,10.7434046393495));
#9796=CARTESIAN_POINT('',(168.20423082499,-83.9226721982886,10.7434046393495));
#9797=CARTESIAN_POINT('',(166.70423082499,-83.9226721982886,10.4434046393495));
#9798=CARTESIAN_POINT('',(167.20423082499,-83.9226721982886,10.4434046393495));
#9799=CARTESIAN_POINT('',(203.06231427371,-116.885825919922,1.5));
#9800=CARTESIAN_POINT('',(203.06231427371,-116.885825919922,1.5));
#9801=CARTESIAN_POINT('',(199.31231427371,-120.635825919922,0.));
#9802=CARTESIAN_POINT('',(199.31231427371,-120.635825919922,3.));
#9803=CARTESIAN_POINT('',(206.06231427371,-116.885825919922,0.));
#9804=CARTESIAN_POINT('',(206.06231427371,-116.885825919922,3.));
#9805=CARTESIAN_POINT('',(204.86231427371,-116.885825919922,0.));
#9806=CARTESIAN_POINT('',(204.86231427371,-116.885825919922,3.));
#9807=CARTESIAN_POINT('',(206.06231427371,-116.885825919922,0.));
#9808=CARTESIAN_POINT('',(206.06231427371,-113.885825919922,0.));
#9809=CARTESIAN_POINT('',(203.06231427371,-113.885825919922,0.));
#9810=CARTESIAN_POINT('',(200.06231427371,-113.885825919922,0.));
#9811=CARTESIAN_POINT('',(200.06231427371,-116.885825919922,0.));
#9812=CARTESIAN_POINT('',(200.06231427371,-119.885825919922,0.));
#9813=CARTESIAN_POINT('',(203.06231427371,-119.885825919922,0.));
#9814=CARTESIAN_POINT('',(206.06231427371,-119.885825919922,0.));
#9815=CARTESIAN_POINT('',(206.06231427371,-116.885825919922,0.));
#9816=CARTESIAN_POINT('',(206.06231427371,-116.885825919922,0.));
#9817=CARTESIAN_POINT('',(206.06231427371,-116.885825919922,3.));
#9818=CARTESIAN_POINT('',(206.06231427371,-116.885825919922,3.));
#9819=CARTESIAN_POINT('',(206.06231427371,-113.885825919922,3.));
#9820=CARTESIAN_POINT('',(203.06231427371,-113.885825919922,3.));
#9821=CARTESIAN_POINT('',(200.06231427371,-113.885825919922,3.));
#9822=CARTESIAN_POINT('',(200.06231427371,-116.885825919922,3.));
#9823=CARTESIAN_POINT('',(200.06231427371,-119.885825919922,3.));
#9824=CARTESIAN_POINT('',(203.06231427371,-119.885825919922,3.));
#9825=CARTESIAN_POINT('',(206.06231427371,-119.885825919922,3.));
#9826=CARTESIAN_POINT('',(206.06231427371,-116.885825919922,3.));
#9827=CARTESIAN_POINT('',(204.86231427371,-116.885825919922,0.));
#9828=CARTESIAN_POINT('',(204.86231427371,-118.685825919922,0.));
#9829=CARTESIAN_POINT('',(203.06231427371,-118.685825919922,0.));
#9830=CARTESIAN_POINT('',(201.26231427371,-118.685825919922,0.));
#9831=CARTESIAN_POINT('',(201.26231427371,-116.885825919922,0.));
#9832=CARTESIAN_POINT('',(201.26231427371,-115.085825919922,0.));
#9833=CARTESIAN_POINT('',(203.06231427371,-115.085825919922,0.));
#9834=CARTESIAN_POINT('',(204.86231427371,-115.085825919922,0.));
#9835=CARTESIAN_POINT('',(204.86231427371,-116.885825919922,0.));
#9836=CARTESIAN_POINT('',(204.86231427371,-116.885825919922,0.));
#9837=CARTESIAN_POINT('',(204.86231427371,-116.885825919922,3.));
#9838=CARTESIAN_POINT('',(204.86231427371,-116.885825919922,3.));
#9839=CARTESIAN_POINT('',(204.86231427371,-118.685825919922,3.));
#9840=CARTESIAN_POINT('',(203.06231427371,-118.685825919922,3.));
#9841=CARTESIAN_POINT('',(201.26231427371,-118.685825919922,3.));
#9842=CARTESIAN_POINT('',(201.26231427371,-116.885825919922,3.));
#9843=CARTESIAN_POINT('',(201.26231427371,-115.085825919922,3.));
#9844=CARTESIAN_POINT('',(203.06231427371,-115.085825919922,3.));
#9845=CARTESIAN_POINT('',(204.86231427371,-115.085825919922,3.));
#9846=CARTESIAN_POINT('',(204.86231427371,-116.885825919922,3.));
#9847=CARTESIAN_POINT('',(0.,0.,0.));
#9848=CARTESIAN_POINT('',(0.,0.,0.));
#9849=CARTESIAN_POINT('',(-12.100012,-8.,5.424012));
#9850=CARTESIAN_POINT('',(11.,-8.450012,5.424012));
#9851=CARTESIAN_POINT('',(8.6111985230775,-7.78,4.96));
#9852=CARTESIAN_POINT('',(0.5,-7.78,0.319999999999999));
#9853=CARTESIAN_POINT('',(-3.14018491736755E-16,3.14018491736755E-16,3.03));
#9854=CARTESIAN_POINT('',(-9.899988,-8.100012,-0.144012));
#9855=CARTESIAN_POINT('',(-12.1620119999999,-9.600012,1.1));
#9856=CARTESIAN_POINT('',(-8.1111985230775,-7.78,4.96));
#9857=CARTESIAN_POINT('',(3.14018491736755E-16,-3.14018491736755E-16,3.03));
#9858=CARTESIAN_POINT('',(10.78,-5.64,4.96));
#9859=CARTESIAN_POINT('',(10.78,-5.64,0.320000000000001));
#9860=CARTESIAN_POINT('',(10.679988,-3.5,5.424012));
#9861=CARTESIAN_POINT('',(-10.575,2.59012798019696E-15,4.96));
#9862=CARTESIAN_POINT('',(-10.575,2.59012798019696E-15,5.18));
#9863=CARTESIAN_POINT('',(-10.355,2.53624352103447E-15,5.18));
#9864=CARTESIAN_POINT('',(-10.135,2.48235906187198E-15,5.18));
#9865=CARTESIAN_POINT('',(-10.135,2.48235906187198E-15,4.96));
#9866=CARTESIAN_POINT('',(-10.135,2.48235906187198E-15,4.74));
#9867=CARTESIAN_POINT('',(-10.355,2.53624352103447E-15,4.74));
#9868=CARTESIAN_POINT('',(-10.575,2.59012798019696E-15,4.74));
#9869=CARTESIAN_POINT('',(-10.575,2.59012798019696E-15,4.96));
#9870=CARTESIAN_POINT('',(-10.575,-10.575,4.96));
#9871=CARTESIAN_POINT('',(-10.575,-10.575,5.18));
#9872=CARTESIAN_POINT('',(-10.355,-10.355,5.18));
#9873=CARTESIAN_POINT('',(-10.135,-10.135,5.18));
#9874=CARTESIAN_POINT('',(-10.135,-10.135,4.96));
#9875=CARTESIAN_POINT('',(-10.135,-10.135,4.74));
#9876=CARTESIAN_POINT('',(-10.355,-10.355,4.74));
#9877=CARTESIAN_POINT('',(-10.575,-10.575,4.74));
#9878=CARTESIAN_POINT('',(-10.575,-10.575,4.96));
#9879=CARTESIAN_POINT('',(-3.23765997524613E-15,-10.575,4.96));
#9880=CARTESIAN_POINT('',(-3.23765997524613E-15,-10.575,5.18));
#9881=CARTESIAN_POINT('',(-3.17030440129301E-15,-10.355,5.18));
#9882=CARTESIAN_POINT('',(-3.1029488273399E-15,-10.135,5.18));
#9883=CARTESIAN_POINT('',(-3.1029488273399E-15,-10.135,4.96));
#9884=CARTESIAN_POINT('',(-3.1029488273399E-15,-10.135,4.74));
#9885=CARTESIAN_POINT('',(-3.17030440129301E-15,-10.355,4.74));
#9886=CARTESIAN_POINT('',(-3.23765997524613E-15,-10.575,4.74));
#9887=CARTESIAN_POINT('',(-3.23765997524613E-15,-10.575,4.96));
#9888=CARTESIAN_POINT('',(10.575,-10.575,4.96));
#9889=CARTESIAN_POINT('',(10.575,-10.575,5.18));
#9890=CARTESIAN_POINT('',(10.355,-10.355,5.18));
#9891=CARTESIAN_POINT('',(10.135,-10.135,5.18));
#9892=CARTESIAN_POINT('',(10.135,-10.135,4.96));
#9893=CARTESIAN_POINT('',(10.135,-10.135,4.74));
#9894=CARTESIAN_POINT('',(10.355,-10.355,4.74));
#9895=CARTESIAN_POINT('',(10.575,-10.575,4.74));
#9896=CARTESIAN_POINT('',(10.575,-10.575,4.96));
#9897=CARTESIAN_POINT('',(10.575,-3.88519197029529E-15,4.96));
#9898=CARTESIAN_POINT('',(10.575,-3.88519197029529E-15,5.18));
#9899=CARTESIAN_POINT('',(10.355,-3.80436528155156E-15,5.18));
#9900=CARTESIAN_POINT('',(10.135,-3.72353859280782E-15,5.18));
#9901=CARTESIAN_POINT('',(10.135,-3.72353859280782E-15,4.96));
#9902=CARTESIAN_POINT('',(10.135,-3.72353859280782E-15,4.74));
#9903=CARTESIAN_POINT('',(10.355,-3.80436528155156E-15,4.74));
#9904=CARTESIAN_POINT('',(10.575,-3.88519197029529E-15,4.74));
#9905=CARTESIAN_POINT('',(10.575,-3.88519197029529E-15,4.96));
#9906=CARTESIAN_POINT('',(10.575,10.575,4.96));
#9907=CARTESIAN_POINT('',(10.575,10.575,5.18));
#9908=CARTESIAN_POINT('',(10.355,10.355,5.18));
#9909=CARTESIAN_POINT('',(10.135,10.135,5.18));
#9910=CARTESIAN_POINT('',(10.135,10.135,4.96));
#9911=CARTESIAN_POINT('',(10.135,10.135,4.74));
#9912=CARTESIAN_POINT('',(10.355,10.355,4.74));
#9913=CARTESIAN_POINT('',(10.575,10.575,4.74));
#9914=CARTESIAN_POINT('',(10.575,10.575,4.96));
#9915=CARTESIAN_POINT('',(4.53272396534445E-15,10.575,4.96));
#9916=CARTESIAN_POINT('',(4.53272396534445E-15,10.575,5.18));
#9917=CARTESIAN_POINT('',(4.4384261618101E-15,10.355,5.18));
#9918=CARTESIAN_POINT('',(4.34412835827575E-15,10.135,5.18));
#9919=CARTESIAN_POINT('',(4.34412835827575E-15,10.135,4.96));
#9920=CARTESIAN_POINT('',(4.34412835827575E-15,10.135,4.74));
#9921=CARTESIAN_POINT('',(4.4384261618101E-15,10.355,4.74));
#9922=CARTESIAN_POINT('',(4.53272396534445E-15,10.575,4.74));
#9923=CARTESIAN_POINT('',(4.53272396534445E-15,10.575,4.96));
#9924=CARTESIAN_POINT('',(-10.575,10.575,4.96));
#9925=CARTESIAN_POINT('',(-10.575,10.575,5.18));
#9926=CARTESIAN_POINT('',(-10.355,10.355,5.18));
#9927=CARTESIAN_POINT('',(-10.135,10.135,5.18));
#9928=CARTESIAN_POINT('',(-10.135,10.135,4.96));
#9929=CARTESIAN_POINT('',(-10.135,10.135,4.74));
#9930=CARTESIAN_POINT('',(-10.355,10.355,4.74));
#9931=CARTESIAN_POINT('',(-10.575,10.575,4.74));
#9932=CARTESIAN_POINT('',(-10.575,10.575,4.96));
#9933=CARTESIAN_POINT('',(-10.575,2.59012798019696E-15,4.96));
#9934=CARTESIAN_POINT('',(-10.575,2.59012798019696E-15,5.18));
#9935=CARTESIAN_POINT('',(-10.355,2.53624352103447E-15,5.18));
#9936=CARTESIAN_POINT('',(-10.135,2.48235906187198E-15,5.18));
#9937=CARTESIAN_POINT('',(-10.135,2.48235906187198E-15,4.96));
#9938=CARTESIAN_POINT('',(-10.135,2.48235906187198E-15,4.74));
#9939=CARTESIAN_POINT('',(-10.355,2.53624352103447E-15,4.74));
#9940=CARTESIAN_POINT('',(-10.575,2.59012798019696E-15,4.74));
#9941=CARTESIAN_POINT('',(-10.575,2.59012798019696E-15,4.96));
#9942=CARTESIAN_POINT('',(14.6946553947052,-9.336012,5.18));
#9943=CARTESIAN_POINT('',(-10.344436508139,-7.344436508139,0.32));
#9944=CARTESIAN_POINT('',(16.776012,9.336012,0.1));
#9945=CARTESIAN_POINT('',(13.200012,8.,5.424012));
#9946=CARTESIAN_POINT('',(-6.49253564510212,-8.34731129748246,4.96));
#9947=CARTESIAN_POINT('',(-6.49253564510212,-8.34731129748246,5.18));
#9948=CARTESIAN_POINT('',(-6.35746634562955,-8.17365564874051,5.18));
#9949=CARTESIAN_POINT('',(-6.22239704615698,-7.99999999999856,5.18));
#9950=CARTESIAN_POINT('',(-6.22239704615698,-7.99999999999856,4.96));
#9951=CARTESIAN_POINT('',(-6.22239704615698,-7.99999999999856,4.74));
#9952=CARTESIAN_POINT('',(-6.35746634562955,-8.17365564874051,4.74));
#9953=CARTESIAN_POINT('',(-6.49253564510212,-8.34731129748246,4.74));
#9954=CARTESIAN_POINT('',(-6.49253564510212,-8.34731129748246,4.96));
#9955=CARTESIAN_POINT('',(1.85477565238034,-14.8398469425846,4.96));
#9956=CARTESIAN_POINT('',(1.85477565238034,-14.8398469425846,5.18));
#9957=CARTESIAN_POINT('',(1.81618930311096,-14.5311219943701,5.18));
#9958=CARTESIAN_POINT('',(1.77760295384158,-14.2223970461555,5.18));
#9959=CARTESIAN_POINT('',(1.77760295384158,-14.2223970461555,4.96));
#9960=CARTESIAN_POINT('',(1.77760295384158,-14.2223970461555,4.74));
#9961=CARTESIAN_POINT('',(1.81618930311096,-14.5311219943701,4.74));
#9962=CARTESIAN_POINT('',(1.85477565238034,-14.8398469425846,4.74));
#9963=CARTESIAN_POINT('',(1.85477565238034,-14.8398469425846,4.96));
#9964=CARTESIAN_POINT('',(8.34731129748246,-6.49253564510212,4.96));
#9965=CARTESIAN_POINT('',(8.34731129748246,-6.49253564510212,5.18));
#9966=CARTESIAN_POINT('',(8.17365564874051,-6.35746634562955,5.18));
#9967=CARTESIAN_POINT('',(7.99999999999856,-6.22239704615698,5.18));
#9968=CARTESIAN_POINT('',(7.99999999999856,-6.22239704615698,4.96));
#9969=CARTESIAN_POINT('',(7.99999999999856,-6.22239704615698,4.74));
#9970=CARTESIAN_POINT('',(8.17365564874051,-6.35746634562955,4.74));
#9971=CARTESIAN_POINT('',(8.34731129748246,-6.49253564510212,4.74));
#9972=CARTESIAN_POINT('',(8.34731129748246,-6.49253564510212,4.96));
#9973=CARTESIAN_POINT('',(14.8398469425846,1.85477565238034,4.96));
#9974=CARTESIAN_POINT('',(14.8398469425846,1.85477565238034,5.18));
#9975=CARTESIAN_POINT('',(14.5311219943701,1.81618930311096,5.18));
#9976=CARTESIAN_POINT('',(14.2223970461555,1.77760295384158,5.18));
#9977=CARTESIAN_POINT('',(14.2223970461555,1.77760295384158,4.96));
#9978=CARTESIAN_POINT('',(14.2223970461555,1.77760295384158,4.74));
#9979=CARTESIAN_POINT('',(14.5311219943701,1.81618930311096,4.74));
#9980=CARTESIAN_POINT('',(14.8398469425846,1.85477565238034,4.74));
#9981=CARTESIAN_POINT('',(14.8398469425846,1.85477565238034,4.96));
#9982=CARTESIAN_POINT('',(6.49253564510212,8.34731129748246,4.96));
#9983=CARTESIAN_POINT('',(6.49253564510212,8.34731129748246,5.18));
#9984=CARTESIAN_POINT('',(6.35746634562955,8.17365564874051,5.18));
#9985=CARTESIAN_POINT('',(6.22239704615698,7.99999999999856,5.18));
#9986=CARTESIAN_POINT('',(6.22239704615698,7.99999999999856,4.96));
#9987=CARTESIAN_POINT('',(6.22239704615698,7.99999999999856,4.74));
#9988=CARTESIAN_POINT('',(6.35746634562955,8.17365564874051,4.74));
#9989=CARTESIAN_POINT('',(6.49253564510212,8.34731129748246,4.74));
#9990=CARTESIAN_POINT('',(6.49253564510212,8.34731129748246,4.96));
#9991=CARTESIAN_POINT('',(-1.85477565238034,14.8398469425846,4.96));
#9992=CARTESIAN_POINT('',(-1.85477565238034,14.8398469425846,5.18));
#9993=CARTESIAN_POINT('',(-1.81618930311096,14.5311219943701,5.18));
#9994=CARTESIAN_POINT('',(-1.77760295384158,14.2223970461555,5.18));
#9995=CARTESIAN_POINT('',(-1.77760295384158,14.2223970461555,4.96));
#9996=CARTESIAN_POINT('',(-1.77760295384158,14.2223970461555,4.74));
#9997=CARTESIAN_POINT('',(-1.81618930311096,14.5311219943701,4.74));
#9998=CARTESIAN_POINT('',(-1.85477565238034,14.8398469425846,4.74));
#9999=CARTESIAN_POINT('',(-1.85477565238034,14.8398469425846,4.96));
#10000=CARTESIAN_POINT('',(-8.34731129748246,6.49253564510212,4.96));
#10001=CARTESIAN_POINT('',(-8.34731129748246,6.49253564510213,5.18));
#10002=CARTESIAN_POINT('',(-8.17365564874051,6.35746634562955,5.18));
#10003=CARTESIAN_POINT('',(-7.99999999999856,6.22239704615698,5.18));
#10004=CARTESIAN_POINT('',(-7.99999999999856,6.22239704615698,4.96));
#10005=CARTESIAN_POINT('',(-7.99999999999856,6.22239704615698,4.74));
#10006=CARTESIAN_POINT('',(-8.17365564874051,6.35746634562955,4.74));
#10007=CARTESIAN_POINT('',(-8.34731129748246,6.49253564510213,4.74));
#10008=CARTESIAN_POINT('',(-8.34731129748246,6.49253564510212,4.96));
#10009=CARTESIAN_POINT('',(-14.8398469425846,-1.85477565238034,4.96));
#10010=CARTESIAN_POINT('',(-14.8398469425846,-1.85477565238033,5.18));
#10011=CARTESIAN_POINT('',(-14.5311219943701,-1.81618930311096,5.18));
#10012=CARTESIAN_POINT('',(-14.2223970461555,-1.77760295384158,5.18));
#10013=CARTESIAN_POINT('',(-14.2223970461555,-1.77760295384158,4.96));
#10014=CARTESIAN_POINT('',(-14.2223970461555,-1.77760295384158,4.74));
#10015=CARTESIAN_POINT('',(-14.5311219943701,-1.81618930311096,4.74));
#10016=CARTESIAN_POINT('',(-14.8398469425846,-1.85477565238033,4.74));
#10017=CARTESIAN_POINT('',(-14.8398469425846,-1.85477565238034,4.96));
#10018=CARTESIAN_POINT('',(-6.49253564510212,-8.34731129748246,4.96));
#10019=CARTESIAN_POINT('',(-6.49253564510212,-8.34731129748246,5.18));
#10020=CARTESIAN_POINT('',(-6.35746634562955,-8.17365564874051,5.18));
#10021=CARTESIAN_POINT('',(-6.22239704615698,-7.99999999999856,5.18));
#10022=CARTESIAN_POINT('',(-6.22239704615698,-7.99999999999856,4.96));
#10023=CARTESIAN_POINT('',(-6.22239704615698,-7.99999999999856,4.74));
#10024=CARTESIAN_POINT('',(-6.35746634562955,-8.17365564874051,4.74));
#10025=CARTESIAN_POINT('',(-6.49253564510212,-8.34731129748246,4.74));
#10026=CARTESIAN_POINT('',(-6.49253564510212,-8.34731129748246,4.96));
#10027=CARTESIAN_POINT('',(-10.344436508139,-7.344436508139,4.96));
#10028=CARTESIAN_POINT('',(-11.,-3.149988,5.424012));
#10029=CARTESIAN_POINT('',(-9.990012,1.5,5.478012));
#10030=CARTESIAN_POINT('',(-9.885,1.800012,5.368012));
#10031=CARTESIAN_POINT('',(-8.729988,-1.5,5.478012));
#10032=CARTESIAN_POINT('',(-9.785,-1.800012,5.368012));
#10033=CARTESIAN_POINT('',(9.785,1.800012,5.368012));
#10034=CARTESIAN_POINT('',(10.6240225705948,-0.5,2.34812170347901));
#10035=CARTESIAN_POINT('',(5.61442982628598,-1.600012,2.59662434071337));
#10036=CARTESIAN_POINT('',(6.0503420825656,-1.5,5.368012));
#10037=CARTESIAN_POINT('',(9.30779478975441,-1.600012,1.35876720697481));
#10038=CARTESIAN_POINT('',(10.8199495973375,-0.5,1.50532892820008));
#10039=CARTESIAN_POINT('',(9.885,-1.800012,5.368012));
#10040=CARTESIAN_POINT('',(9.5317873290329,0.5,1.97418165076821));
#10041=CARTESIAN_POINT('',(9.30779478975441,0.399988,1.35876720697481));
#10042=CARTESIAN_POINT('',(6.0503420825656,1.5,0.711988));
#10043=CARTESIAN_POINT('',(5.61442982628598,0.399988,2.59662434071337));
#10044=CARTESIAN_POINT('',(6.5473232080839,0.5,3.83191892548628));
#10045=CARTESIAN_POINT('',(-6.1189106582428,-9.336012,5.18));
#10046=CARTESIAN_POINT('',(-6.49253564510212,-8.34731129748246,4.96));
#10047=CARTESIAN_POINT('',(-6.49253564510212,-8.34731129748246,5.18));
#10048=CARTESIAN_POINT('',(-6.35746634562955,-8.17365564874051,5.18));
#10049=CARTESIAN_POINT('',(-6.22239704615698,-7.99999999999856,5.18));
#10050=CARTESIAN_POINT('',(-6.22239704615698,-7.99999999999856,4.96));
#10051=CARTESIAN_POINT('',(-6.22239704615698,-7.99999999999856,4.74));
#10052=CARTESIAN_POINT('',(-6.35746634562955,-8.17365564874051,4.74));
#10053=CARTESIAN_POINT('',(-6.49253564510212,-8.34731129748246,4.74));
#10054=CARTESIAN_POINT('',(-6.49253564510212,-8.34731129748246,4.96));
#10055=CARTESIAN_POINT('',(1.85477565238034,-14.8398469425846,4.96));
#10056=CARTESIAN_POINT('',(1.85477565238034,-14.8398469425846,5.18));
#10057=CARTESIAN_POINT('',(1.81618930311096,-14.5311219943701,5.18));
#10058=CARTESIAN_POINT('',(1.77760295384158,-14.2223970461555,5.18));
#10059=CARTESIAN_POINT('',(1.77760295384158,-14.2223970461555,4.96));
#10060=CARTESIAN_POINT('',(1.77760295384158,-14.2223970461555,4.74));
#10061=CARTESIAN_POINT('',(1.81618930311096,-14.5311219943701,4.74));
#10062=CARTESIAN_POINT('',(1.85477565238034,-14.8398469425846,4.74));
#10063=CARTESIAN_POINT('',(1.85477565238034,-14.8398469425846,4.96));
#10064=CARTESIAN_POINT('',(8.34731129748246,-6.49253564510212,4.96));
#10065=CARTESIAN_POINT('',(8.34731129748246,-6.49253564510212,5.18));
#10066=CARTESIAN_POINT('',(8.17365564874051,-6.35746634562955,5.18));
#10067=CARTESIAN_POINT('',(7.99999999999856,-6.22239704615698,5.18));
#10068=CARTESIAN_POINT('',(7.99999999999856,-6.22239704615698,4.96));
#10069=CARTESIAN_POINT('',(7.99999999999856,-6.22239704615698,4.74));
#10070=CARTESIAN_POINT('',(8.17365564874051,-6.35746634562955,4.74));
#10071=CARTESIAN_POINT('',(8.34731129748246,-6.49253564510212,4.74));
#10072=CARTESIAN_POINT('',(8.34731129748246,-6.49253564510212,4.96));
#10073=CARTESIAN_POINT('',(14.8398469425846,1.85477565238034,4.96));
#10074=CARTESIAN_POINT('',(14.8398469425846,1.85477565238034,5.18));
#10075=CARTESIAN_POINT('',(14.5311219943701,1.81618930311096,5.18));
#10076=CARTESIAN_POINT('',(14.2223970461555,1.77760295384158,5.18));
#10077=CARTESIAN_POINT('',(14.2223970461555,1.77760295384158,4.96));
#10078=CARTESIAN_POINT('',(14.2223970461555,1.77760295384158,4.74));
#10079=CARTESIAN_POINT('',(14.5311219943701,1.81618930311096,4.74));
#10080=CARTESIAN_POINT('',(14.8398469425846,1.85477565238034,4.74));
#10081=CARTESIAN_POINT('',(14.8398469425846,1.85477565238034,4.96));
#10082=CARTESIAN_POINT('',(6.49253564510212,8.34731129748246,4.96));
#10083=CARTESIAN_POINT('',(6.49253564510212,8.34731129748246,5.18));
#10084=CARTESIAN_POINT('',(6.35746634562955,8.17365564874051,5.18));
#10085=CARTESIAN_POINT('',(6.22239704615698,7.99999999999856,5.18));
#10086=CARTESIAN_POINT('',(6.22239704615698,7.99999999999856,4.96));
#10087=CARTESIAN_POINT('',(6.22239704615698,7.99999999999856,4.74));
#10088=CARTESIAN_POINT('',(6.35746634562955,8.17365564874051,4.74));
#10089=CARTESIAN_POINT('',(6.49253564510212,8.34731129748246,4.74));
#10090=CARTESIAN_POINT('',(6.49253564510212,8.34731129748246,4.96));
#10091=CARTESIAN_POINT('',(-1.85477565238034,14.8398469425846,4.96));
#10092=CARTESIAN_POINT('',(-1.85477565238034,14.8398469425846,5.18));
#10093=CARTESIAN_POINT('',(-1.81618930311096,14.5311219943701,5.18));
#10094=CARTESIAN_POINT('',(-1.77760295384158,14.2223970461555,5.18));
#10095=CARTESIAN_POINT('',(-1.77760295384158,14.2223970461555,4.96));
#10096=CARTESIAN_POINT('',(-1.77760295384158,14.2223970461555,4.74));
#10097=CARTESIAN_POINT('',(-1.81618930311096,14.5311219943701,4.74));
#10098=CARTESIAN_POINT('',(-1.85477565238034,14.8398469425846,4.74));
#10099=CARTESIAN_POINT('',(-1.85477565238034,14.8398469425846,4.96));
#10100=CARTESIAN_POINT('',(-8.34731129748246,6.49253564510212,4.96));
#10101=CARTESIAN_POINT('',(-8.34731129748246,6.49253564510213,5.18));
#10102=CARTESIAN_POINT('',(-8.17365564874051,6.35746634562955,5.18));
#10103=CARTESIAN_POINT('',(-7.99999999999856,6.22239704615698,5.18));
#10104=CARTESIAN_POINT('',(-7.99999999999856,6.22239704615698,4.96));
#10105=CARTESIAN_POINT('',(-7.99999999999856,6.22239704615698,4.74));
#10106=CARTESIAN_POINT('',(-8.17365564874051,6.35746634562955,4.74));
#10107=CARTESIAN_POINT('',(-8.34731129748246,6.49253564510213,4.74));
#10108=CARTESIAN_POINT('',(-8.34731129748246,6.49253564510212,4.96));
#10109=CARTESIAN_POINT('',(-14.8398469425846,-1.85477565238034,4.96));
#10110=CARTESIAN_POINT('',(-14.8398469425846,-1.85477565238033,5.18));
#10111=CARTESIAN_POINT('',(-14.5311219943701,-1.81618930311096,5.18));
#10112=CARTESIAN_POINT('',(-14.2223970461555,-1.77760295384158,5.18));
#10113=CARTESIAN_POINT('',(-14.2223970461555,-1.77760295384158,4.96));
#10114=CARTESIAN_POINT('',(-14.2223970461555,-1.77760295384158,4.74));
#10115=CARTESIAN_POINT('',(-14.5311219943701,-1.81618930311096,4.74));
#10116=CARTESIAN_POINT('',(-14.8398469425846,-1.85477565238033,4.74));
#10117=CARTESIAN_POINT('',(-14.8398469425846,-1.85477565238034,4.96));
#10118=CARTESIAN_POINT('',(-6.49253564510212,-8.34731129748246,4.96));
#10119=CARTESIAN_POINT('',(-6.49253564510212,-8.34731129748246,5.18));
#10120=CARTESIAN_POINT('',(-6.35746634562955,-8.17365564874051,5.18));
#10121=CARTESIAN_POINT('',(-6.22239704615698,-7.99999999999856,5.18));
#10122=CARTESIAN_POINT('',(-6.22239704615698,-7.99999999999856,4.96));
#10123=CARTESIAN_POINT('',(-6.22239704615698,-7.99999999999856,4.74));
#10124=CARTESIAN_POINT('',(-6.35746634562955,-8.17365564874051,4.74));
#10125=CARTESIAN_POINT('',(-6.49253564510212,-8.34731129748246,4.74));
#10126=CARTESIAN_POINT('',(-6.49253564510212,-8.34731129748246,4.96));
#10127=CARTESIAN_POINT('',(12.49,-3.28,4.96));
#10128=CARTESIAN_POINT('',(12.49,-3.28,0.32));
#10129=CARTESIAN_POINT('',(14.2,-4.200012,5.424012));
#10130=CARTESIAN_POINT('',(8.6111985230775,7.78,4.96));
#10131=CARTESIAN_POINT('',(10.78,5.64,4.96));
#10132=CARTESIAN_POINT('',(12.49,3.28,4.96));
#10133=CARTESIAN_POINT('',(13.98,-8.88178419700125E-16,4.96));
#10134=CARTESIAN_POINT('',(-10.78,-5.14,0.320000000000001));
#10135=CARTESIAN_POINT('',(-10.78,5.64,0.320000000000001));
#10136=CARTESIAN_POINT('',(-12.49,3.28,0.32));
#10137=CARTESIAN_POINT('',(-13.98,8.88178419700125E-16,0.320000000000001));
#10138=CARTESIAN_POINT('',(-14.639012,-2.166012,0.1));
#10139=CARTESIAN_POINT('',(-12.49,-3.28,0.32));
#10140=CARTESIAN_POINT('',(13.98,-8.88178419700125E-16,0.320000000000001));
#10141=CARTESIAN_POINT('',(12.730988,-2.166012,0.1));
#10142=CARTESIAN_POINT('',(12.49,3.28,0.32));
#10143=CARTESIAN_POINT('',(10.78,5.64,0.320000000000001));
#10144=CARTESIAN_POINT('',(-1.77635683940025E-15,7.78,0.32));
#10145=CARTESIAN_POINT('',(-10.495012,-1.800012,0.1));
#10146=CARTESIAN_POINT('',(9.174988,-1.800012,0.1));
#10147=CARTESIAN_POINT('',(11.,3.049988,5.424012));
#10148=CARTESIAN_POINT('',(-11.,8.450012,5.424012));
#10149=CARTESIAN_POINT('',(-8.6111985230775,7.78,4.96));
#10150=CARTESIAN_POINT('',(-10.78,-5.14,4.96));
#10151=CARTESIAN_POINT('',(-14.520012,-3.5,5.424012));
#10152=CARTESIAN_POINT('',(-10.480012,-1.800012,4.98));
#10153=CARTESIAN_POINT('',(-8.835,-1.800012,5.690012));
#10154=CARTESIAN_POINT('',(-9.935012,-1.800012,5.08));
#10155=CARTESIAN_POINT('',(-9.835,1.800012,5.690012));
#10156=CARTESIAN_POINT('',(-10.490012,-1.800012,4.98));
#10157=CARTESIAN_POINT('',(5.64618918283102,-1.600012,2.69148265751832));
#10158=CARTESIAN_POINT('',(9.174988,-1.800012,4.98));
#10159=CARTESIAN_POINT('',(5.64618918283102,0.399987999999999,2.69148265751832));
#10160=CARTESIAN_POINT('',(6.42821852293636,-0.95,2.35363836677246));
#10161=CARTESIAN_POINT('',(6.42821852293636,-1.05,2.35363836677246));
#10162=CARTESIAN_POINT('',(6.23109539863661,-0.339988,3.12775901398079));
#10163=CARTESIAN_POINT('',(6.42821852293636,1.05,2.35363836677246));
#10164=CARTESIAN_POINT('',(6.42821852293636,0.95,2.35363836677246));
#10165=CARTESIAN_POINT('',(6.23109539863661,1.660012,3.12775901398079));
#10166=CARTESIAN_POINT('',(-12.49,-3.28,4.96));
#10167=CARTESIAN_POINT('',(-13.98,8.88178419700125E-16,4.96));
#10168=CARTESIAN_POINT('',(-12.49,3.28,4.96));
#10169=CARTESIAN_POINT('',(-10.78,5.64,4.96));
#10170=CARTESIAN_POINT('',(14.520012,3.5,5.424012));
#10171=CARTESIAN_POINT('',(-10.679988,3.5,5.424012));
#10172=CARTESIAN_POINT('',(-13.784988,1.805,0.920012));
#10173=CARTESIAN_POINT('',(-16.1031030977,-2.166012,0.3));
#10174=CARTESIAN_POINT('',(-16.125012,-1.805,0.920012));
#10175=CARTESIAN_POINT('',(-14.2,4.200012,5.424012));
#10176=CARTESIAN_POINT('',(-16.125012,-2.166012,0.1));
#10177=CARTESIAN_POINT('',(13.784988,-1.805,0.920012));
#10178=CARTESIAN_POINT('',(14.0259859253022,-2.166012,0.3));
#10179=CARTESIAN_POINT('',(16.125012,1.805,0.920012));
#10180=CARTESIAN_POINT('',(13.784988,-2.166012,0.1));
#10181=CARTESIAN_POINT('',(-15.93,2.166012,0.920012));
#10182=CARTESIAN_POINT('',(15.93,-2.166012,0.920012));
#10183=CARTESIAN_POINT('',(11.,-8.,4.96));
#10184=CARTESIAN_POINT('',(11.,-8.,0.32));
#10185=CARTESIAN_POINT('',(-10.,-8.,0.32));
#10186=CARTESIAN_POINT('',(-10.,-8.,4.96));
#10187=CARTESIAN_POINT('',(-6.222397046155,-8.,4.96));
#10188=CARTESIAN_POINT('',(-6.222397046155,-8.,1.1));
#10189=CARTESIAN_POINT('',(6.222397046155,-8.,1.1));
#10190=CARTESIAN_POINT('',(6.222397046155,-8.,4.96));
#10191=CARTESIAN_POINT('',(11.,-3.5,4.96));
#10192=CARTESIAN_POINT('',(11.,-3.5,0.32));
#10193=CARTESIAN_POINT('',(10.78,-7.78,5.18));
#10194=CARTESIAN_POINT('',(6.833566052948,-7.78,5.18));
#10195=CARTESIAN_POINT('',(-9.908873016278,-7.78,0.1));
#10196=CARTESIAN_POINT('',(10.78,-7.78,0.1));
#10197=CARTESIAN_POINT('',(6.222397046155,8.,4.96));
#10198=CARTESIAN_POINT('',(10.135,2.96059473233375E-16,4.96));
#10199=CARTESIAN_POINT('',(10.135,-4.44089209850063E-16,1.1));
#10200=CARTESIAN_POINT('',(6.222397046155,8.,1.1));
#10201=CARTESIAN_POINT('',(-11.,-7.,4.96));
#10202=CARTESIAN_POINT('',(-11.,-7.,0.32));
#10203=CARTESIAN_POINT('',(-6.222397046155,8.,1.1));
#10204=CARTESIAN_POINT('',(-9.885,1.5,1.1));
#10205=CARTESIAN_POINT('',(-9.785,1.5,1.1));
#10206=CARTESIAN_POINT('',(-9.785,-1.5,1.1));
#10207=CARTESIAN_POINT('',(-9.885,-1.5,1.1));
#10208=CARTESIAN_POINT('',(9.785,-0.5,1.1));
#10209=CARTESIAN_POINT('',(9.785,0.5,1.1));
#10210=CARTESIAN_POINT('',(9.726371407798,0.5,1.1));
#10211=CARTESIAN_POINT('',(9.726371407798,1.5,1.1));
#10212=CARTESIAN_POINT('',(10.018751847814,1.5,1.1));
#10213=CARTESIAN_POINT('',(10.018751847814,0.5,1.1));
#10214=CARTESIAN_POINT('',(9.885,0.5,1.1));
#10215=CARTESIAN_POINT('',(9.885,-0.5,1.1));
#10216=CARTESIAN_POINT('',(10.018751847814,-0.5,1.1));
#10217=CARTESIAN_POINT('',(10.018751847814,-1.5,1.1));
#10218=CARTESIAN_POINT('',(9.726371407798,-1.5,1.1));
#10219=CARTESIAN_POINT('',(9.726371407798,-0.5,1.1));
#10220=CARTESIAN_POINT('',(-6.833566052948,-7.78,5.18));
#10221=CARTESIAN_POINT('',(-9.908873016278,-7.78,5.18));
#10222=CARTESIAN_POINT('',(-6.222397046155,8.,4.96));
#10223=CARTESIAN_POINT('',(10.78,-3.28,5.18));
#10224=CARTESIAN_POINT('',(10.78,-3.28,0.1));
#10225=CARTESIAN_POINT('',(14.2,-3.5,4.96));
#10226=CARTESIAN_POINT('',(14.2,-3.5,0.32));
#10227=CARTESIAN_POINT('',(10.355,2.66453525910025E-15,5.18));
#10228=CARTESIAN_POINT('',(6.833566052948,7.78,5.18));
#10229=CARTESIAN_POINT('',(13.98,-3.28,5.18));
#10230=CARTESIAN_POINT('',(13.98,3.28,5.18));
#10231=CARTESIAN_POINT('',(10.78,3.28,5.18));
#10232=CARTESIAN_POINT('',(10.78,7.78,5.18));
#10233=CARTESIAN_POINT('',(-10.78,-6.908873016278,0.1));
#10234=CARTESIAN_POINT('',(-10.78,3.28,0.1));
#10235=CARTESIAN_POINT('',(-10.78,7.78,0.1));
#10236=CARTESIAN_POINT('',(10.78,7.78,0.1));
#10237=CARTESIAN_POINT('',(10.78,3.28,0.1));
#10238=CARTESIAN_POINT('',(13.98,3.28,0.1));
#10239=CARTESIAN_POINT('',(13.98,1.805,0.1));
#10240=CARTESIAN_POINT('',(13.39,1.805,0.1));
#10241=CARTESIAN_POINT('',(13.39,-1.805,0.1));
#10242=CARTESIAN_POINT('',(13.98,-1.805,0.1));
#10243=CARTESIAN_POINT('',(13.98,-3.28,0.1));
#10244=CARTESIAN_POINT('',(-10.78,-3.28,0.1));
#10245=CARTESIAN_POINT('',(-13.98,-3.28,0.1));
#10246=CARTESIAN_POINT('',(-13.98,-1.805,0.1));
#10247=CARTESIAN_POINT('',(-13.39,-1.805,0.1));
#10248=CARTESIAN_POINT('',(-13.39,1.805,0.1));
#10249=CARTESIAN_POINT('',(-13.98,1.805,0.1));
#10250=CARTESIAN_POINT('',(-13.98,3.28,0.1));
#10251=CARTESIAN_POINT('',(-9.885,1.5,0.1));
#10252=CARTESIAN_POINT('',(-9.885,-1.5,0.1));
#10253=CARTESIAN_POINT('',(-9.785,-1.5,0.1));
#10254=CARTESIAN_POINT('',(-9.785,1.5,0.1));
#10255=CARTESIAN_POINT('',(9.785,-1.5,0.1));
#10256=CARTESIAN_POINT('',(9.885,-1.5,0.1));
#10257=CARTESIAN_POINT('',(9.885,1.5,0.1));
#10258=CARTESIAN_POINT('',(9.785,1.5,0.1));
#10259=CARTESIAN_POINT('',(11.,8.,0.32));
#10260=CARTESIAN_POINT('',(11.,8.,4.96));
#10261=CARTESIAN_POINT('',(-11.,8.,4.96));
#10262=CARTESIAN_POINT('',(-11.,8.,0.32));
#10263=CARTESIAN_POINT('',(-10.78,-6.908873016278,5.18));
#10264=CARTESIAN_POINT('',(-11.,-3.5,0.32));
#10265=CARTESIAN_POINT('',(-11.,-3.5,4.96));
#10266=CARTESIAN_POINT('',(-9.785,1.5,4.98));
#10267=CARTESIAN_POINT('',(-9.885,1.5,4.98));
#10268=CARTESIAN_POINT('',(-9.835,1.5,4.98));
#10269=CARTESIAN_POINT('',(-9.835,1.5,5.08));
#10270=CARTESIAN_POINT('',(-8.835,1.5,5.08));
#10271=CARTESIAN_POINT('',(-8.835,1.5,4.98));
#10272=CARTESIAN_POINT('',(-9.885,-1.5,4.98));
#10273=CARTESIAN_POINT('',(-9.785,-1.5,4.98));
#10274=CARTESIAN_POINT('',(-8.835,-1.5,4.98));
#10275=CARTESIAN_POINT('',(-8.835,-1.5,5.08));
#10276=CARTESIAN_POINT('',(-9.835,-1.5,5.08));
#10277=CARTESIAN_POINT('',(-9.835,-1.5,4.98));
#10278=CARTESIAN_POINT('',(9.785,0.5,1.185078714809));
#10279=CARTESIAN_POINT('',(9.785,1.5,1.185078714809));
#10280=CARTESIAN_POINT('',(9.785,1.5,4.98));
#10281=CARTESIAN_POINT('',(9.785,-1.5,4.98));
#10282=CARTESIAN_POINT('',(9.785,-1.5,1.185078714809));
#10283=CARTESIAN_POINT('',(9.785,-0.5,1.185078714809));
#10284=CARTESIAN_POINT('',(6.41111751577,-0.5,2.306653735733));
#10285=CARTESIAN_POINT('',(6.445319530102,-0.5,2.400622997812));
#10286=CARTESIAN_POINT('',(5.988255836416,-0.95,2.46056280023));
#10287=CARTESIAN_POINT('',(5.988255836416,-1.05,2.46056280023));
#10288=CARTESIAN_POINT('',(6.41111751577,-1.5,2.306653735733));
#10289=CARTESIAN_POINT('',(9.885,-1.5,1.148681691383));
#10290=CARTESIAN_POINT('',(9.885,-1.5,4.98));
#10291=CARTESIAN_POINT('',(6.445319530102,-1.5,2.400622997812));
#10292=CARTESIAN_POINT('',(9.885,-0.5,1.148681691383));
#10293=CARTESIAN_POINT('',(9.885,1.5,4.98));
#10294=CARTESIAN_POINT('',(9.885,1.5,1.148681691383));
#10295=CARTESIAN_POINT('',(9.885,0.5,1.148681691383));
#10296=CARTESIAN_POINT('',(6.445319530102,1.5,2.400622997812));
#10297=CARTESIAN_POINT('',(6.41111751577,1.5,2.306653735733));
#10298=CARTESIAN_POINT('',(5.988255836416,1.05,2.46056280023));
#10299=CARTESIAN_POINT('',(5.988255836416,0.95,2.46056280023));
#10300=CARTESIAN_POINT('',(6.41111751577,0.5,2.306653735733));
#10301=CARTESIAN_POINT('',(6.445319530102,0.5,2.400622997812));
#10302=CARTESIAN_POINT('',(-10.78,-3.28,5.18));
#10303=CARTESIAN_POINT('',(-6.833566052948,7.78,5.18));
#10304=CARTESIAN_POINT('',(-10.78,7.78,5.18));
#10305=CARTESIAN_POINT('',(-10.78,3.28,5.18));
#10306=CARTESIAN_POINT('',(-13.98,3.28,5.18));
#10307=CARTESIAN_POINT('',(-13.98,-3.28,5.18));
#10308=CARTESIAN_POINT('',(14.2,3.5,4.96));
#10309=CARTESIAN_POINT('',(14.2,3.5,0.32));
#10310=CARTESIAN_POINT('',(11.,3.5,4.96));
#10311=CARTESIAN_POINT('',(-11.,3.5,0.32));
#10312=CARTESIAN_POINT('',(-14.2,3.5,0.32));
#10313=CARTESIAN_POINT('',(-14.199089023,1.805,0.3));
#10314=CARTESIAN_POINT('',(-14.199089023,-1.805,0.3));
#10315=CARTESIAN_POINT('',(-14.2,-3.5,0.32));
#10316=CARTESIAN_POINT('',(14.199089023002,-1.805,0.3));
#10317=CARTESIAN_POINT('',(14.199089023002,1.805,0.3));
#10318=CARTESIAN_POINT('',(11.,3.5,0.32));
#10319=CARTESIAN_POINT('',(-11.,3.5,4.96));
#10320=CARTESIAN_POINT('',(-14.2,-3.5,4.96));
#10321=CARTESIAN_POINT('',(6.022457850749,-0.95,2.554532062309));
#10322=CARTESIAN_POINT('',(6.022457850749,-1.05,2.554532062309));
#10323=CARTESIAN_POINT('',(6.022457850749,1.05,2.554532062309));
#10324=CARTESIAN_POINT('',(6.022457850749,0.95,2.554532062309));
#10325=CARTESIAN_POINT('',(-14.2,3.5,4.96));
#10326=CARTESIAN_POINT('',(-15.93,1.805,0.1));
#10327=CARTESIAN_POINT('',(-15.93,1.805,0.3));
#10328=CARTESIAN_POINT('',(-15.93,-1.805,0.3));
#10329=CARTESIAN_POINT('',(-15.93,-1.805,0.1));
#10330=CARTESIAN_POINT('',(15.93,-1.805,0.1));
#10331=CARTESIAN_POINT('',(15.93,-1.805,0.3));
#10332=CARTESIAN_POINT('',(15.93,1.805,0.3));
#10333=CARTESIAN_POINT('',(15.93,1.805,0.1));
#10334=CARTESIAN_POINT('',(11.,-8.,4.96));
#10335=CARTESIAN_POINT('',(11.,-8.,0.32));
#10336=CARTESIAN_POINT('',(11.,-8.,0.32));
#10337=CARTESIAN_POINT('',(-10.,-8.,0.32));
#10338=CARTESIAN_POINT('',(-10.,-8.,0.32));
#10339=CARTESIAN_POINT('',(-10.,-8.,4.96));
#10340=CARTESIAN_POINT('',(-10.,-8.,4.96));
#10341=CARTESIAN_POINT('',(-6.222397046155,-8.,4.96));
#10342=CARTESIAN_POINT('',(-6.222397046155,-8.,4.96));
#10343=CARTESIAN_POINT('',(-6.222397046155,-8.,1.1));
#10344=CARTESIAN_POINT('',(-6.222397046155,-8.,1.1));
#10345=CARTESIAN_POINT('',(6.222397046155,-8.,1.1));
#10346=CARTESIAN_POINT('',(6.222397046155,-8.,1.1));
#10347=CARTESIAN_POINT('',(6.222397046155,-8.,4.96));
#10348=CARTESIAN_POINT('',(6.222397046155,-8.,4.96));
#10349=CARTESIAN_POINT('',(11.,-8.,4.96));
#10350=CARTESIAN_POINT('',(11.,-8.,4.96));
#10351=CARTESIAN_POINT('',(11.,-3.5,4.96));
#10352=CARTESIAN_POINT('',(11.,-3.5,4.96));
#10353=CARTESIAN_POINT('',(11.,-3.5,0.32));
#10354=CARTESIAN_POINT('',(11.,-3.5,0.32));
#10355=CARTESIAN_POINT('',(11.,-8.,0.32));
#10356=CARTESIAN_POINT('',(10.78,-7.78,5.18));
#10357=CARTESIAN_POINT('',(6.833566052948,-7.78,5.18));
#10358=CARTESIAN_POINT('',(6.833566052948,-7.78,5.18));
#10359=CARTESIAN_POINT('',(6.82524996725427,-7.78313365240064,5.18000000001238));
#10360=CARTESIAN_POINT('',(6.81692542284639,-7.78626589905892,5.17994643793171));
#10361=CARTESIAN_POINT('',(6.80859450253339,-7.78939595162179,5.17983940311693));
#10362=CARTESIAN_POINT('',(6.80025929804665,-7.79252301910327,5.17967897809693));
#10363=CARTESIAN_POINT('',(6.79192190993654,-7.79564630792237,5.1794652385316));
#10364=CARTESIAN_POINT('',(6.74134861957543,-7.81456376993145,5.17784576184527));
#10365=CARTESIAN_POINT('',(6.69911222465576,-7.83024468025415,5.17512687945067));
#10366=CARTESIAN_POINT('',(6.65714773334457,-7.84570588037644,5.17105075249009));
#10367=CARTESIAN_POINT('',(6.61573975295106,-7.86084586301862,5.16562084679449));
#10368=CARTESIAN_POINT('',(6.57520847510358,-7.8755555902964,5.15883615181687));
#10369=CARTESIAN_POINT('',(6.48709131478497,-7.90731339809138,5.14056500762011));
#10370=CARTESIAN_POINT('',(6.44022251851294,-7.92404720748239,5.12834238441293));
#10371=CARTESIAN_POINT('',(6.39600773377741,-7.93969088710191,5.11401125105564));
#10372=CARTESIAN_POINT('',(6.35535400341513,-7.9539532163623,5.09755688307919));
#10373=CARTESIAN_POINT('',(6.31950588652329,-7.9664445824539,5.07900813496251));
#10374=CARTESIAN_POINT('',(6.2689744570861,-7.98397087196208,5.04401967456293));
#10375=CARTESIAN_POINT('',(6.25119045788606,-7.99011004758531,5.02855518960719));
#10376=CARTESIAN_POINT('',(6.23707372438917,-7.99496443660066,5.01219322604326));
#10377=CARTESIAN_POINT('',(6.2272891826034,-7.99832137585333,4.99508305339011));
#10378=CARTESIAN_POINT('',(6.22239705016348,-7.99999999918792,4.97754366260369));
#10379=CARTESIAN_POINT('',(6.222397046155,-8.,4.96));
#10380=CARTESIAN_POINT('',(-9.908873016278,-7.78,0.1));
#10381=CARTESIAN_POINT('',(10.78,-7.78,0.1));
#10382=CARTESIAN_POINT('',(10.78,-7.78,0.1));
#10383=CARTESIAN_POINT('',(10.9999999999999,-7.99999999999994,0.1));
#10384=CARTESIAN_POINT('',(11.,-8.,0.32));
#10385=CARTESIAN_POINT('',(6.222397046155,8.,4.96));
#10386=CARTESIAN_POINT('',(10.135,4.95677886715229,4.96));
#10387=CARTESIAN_POINT('',(10.135,8.88178419700125E-16,4.96));
#10388=CARTESIAN_POINT('',(10.135,0.,4.96));
#10389=CARTESIAN_POINT('',(10.135,-4.95677886715229,4.96));
#10390=CARTESIAN_POINT('',(6.222397046155,-8.,4.96));
#10391=CARTESIAN_POINT('',(6.222397046155,-8.,1.1));
#10392=CARTESIAN_POINT('',(10.135,-4.95677886715229,1.1));
#10393=CARTESIAN_POINT('',(10.135,-8.88178419700125E-16,1.1));
#10394=CARTESIAN_POINT('',(10.135,0.,1.1));
#10395=CARTESIAN_POINT('',(10.135,4.95677886715229,1.1));
#10396=CARTESIAN_POINT('',(6.222397046155,8.,1.1));
#10397=CARTESIAN_POINT('',(6.222397046155,8.,1.1));
#10398=CARTESIAN_POINT('',(6.222397046155,8.,4.96));
#10399=CARTESIAN_POINT('',(-10.,-8.,4.96));
#10400=CARTESIAN_POINT('',(-11.,-7.,4.96));
#10401=CARTESIAN_POINT('',(-11.,-7.,4.96));
#10402=CARTESIAN_POINT('',(-11.,-7.,0.32));
#10403=CARTESIAN_POINT('',(-11.,-7.,0.32));
#10404=CARTESIAN_POINT('',(-10.,-8.,0.32));
#10405=CARTESIAN_POINT('',(6.222397046155,8.,1.1));
#10406=CARTESIAN_POINT('',(-6.222397046155,8.,1.1));
#10407=CARTESIAN_POINT('',(-9.885,1.5,1.1));
#10408=CARTESIAN_POINT('',(-9.785,1.5,1.1));
#10409=CARTESIAN_POINT('',(-9.785,1.5,1.1));
#10410=CARTESIAN_POINT('',(-9.785,-1.5,1.1));
#10411=CARTESIAN_POINT('',(-9.785,-1.5,1.1));
#10412=CARTESIAN_POINT('',(-9.885,-1.5,1.1));
#10413=CARTESIAN_POINT('',(-9.885,-1.5,1.1));
#10414=CARTESIAN_POINT('',(-9.885,1.5,1.1));
#10415=CARTESIAN_POINT('',(9.785,-0.5,1.1));
#10416=CARTESIAN_POINT('',(9.785,0.5,1.1));
#10417=CARTESIAN_POINT('',(9.785,0.5,1.1));
#10418=CARTESIAN_POINT('',(9.726371407798,0.5,1.1));
#10419=CARTESIAN_POINT('',(9.726371407798,0.5,1.1));
#10420=CARTESIAN_POINT('',(9.726371407798,1.5,1.1));
#10421=CARTESIAN_POINT('',(9.726371407798,1.5,1.1));
#10422=CARTESIAN_POINT('',(10.018751847814,1.5,1.1));
#10423=CARTESIAN_POINT('',(10.018751847814,1.5,1.1));
#10424=CARTESIAN_POINT('',(10.018751847814,0.5,1.1));
#10425=CARTESIAN_POINT('',(10.018751847814,0.5,1.1));
#10426=CARTESIAN_POINT('',(9.885,0.5,1.1));
#10427=CARTESIAN_POINT('',(9.885,0.5,1.1));
#10428=CARTESIAN_POINT('',(9.885,-0.5,1.1));
#10429=CARTESIAN_POINT('',(9.885,-0.5,1.1));
#10430=CARTESIAN_POINT('',(10.018751847814,-0.5,1.1));
#10431=CARTESIAN_POINT('',(10.018751847814,-0.5,1.1));
#10432=CARTESIAN_POINT('',(10.018751847814,-1.5,1.1));
#10433=CARTESIAN_POINT('',(10.018751847814,-1.5,1.1));
#10434=CARTESIAN_POINT('',(9.726371407798,-1.5,1.1));
#10435=CARTESIAN_POINT('',(9.726371407798,-1.5,1.1));
#10436=CARTESIAN_POINT('',(9.726371407798,-0.5,1.1));
#10437=CARTESIAN_POINT('',(9.726371407798,-0.5,1.1));
#10438=CARTESIAN_POINT('',(9.785,-0.5,1.1));
#10439=CARTESIAN_POINT('',(-6.222397046155,-8.,4.96));
#10440=CARTESIAN_POINT('',(-6.22239705010328,-7.9999999987159,4.97754366229891));
#10441=CARTESIAN_POINT('',(-6.22728918243061,-7.99832137449857,4.99508305251536));
#10442=CARTESIAN_POINT('',(-6.23707372405287,-7.99496443396387,5.01219322434073));
#10443=CARTESIAN_POINT('',(-6.25119045734238,-7.99011004332251,5.02855518685478));
#10444=CARTESIAN_POINT('',(-6.26897445629875,-7.98397086578876,5.04401967057692));
#10445=CARTESIAN_POINT('',(-6.319505885074,-7.96644457109065,5.07900812762545));
#10446=CARTESIAN_POINT('',(-6.35535400151758,-7.95395320148442,5.09755687347279));
#10447=CARTESIAN_POINT('',(-6.39600773138689,-7.93969086835891,5.11401123895359));
#10448=CARTESIAN_POINT('',(-6.44022251559805,-7.92404718462805,5.12834236965626));
#10449=CARTESIAN_POINT('',(-6.48709131132391,-7.90731337095472,5.14056499009842));
#10450=CARTESIAN_POINT('',(-6.57520847063081,-7.87555555522735,5.15883612917337));
#10451=CARTESIAN_POINT('',(-6.61573974801814,-7.86084582434173,5.16562082182147));
#10452=CARTESIAN_POINT('',(-6.65714772794631,-7.84570583805105,5.17105072516129));
#10453=CARTESIAN_POINT('',(-6.6991122187904,-7.83024463426646,5.17512684975719));
#10454=CARTESIAN_POINT('',(-6.74134861324429,-7.81456372029173,5.17784572979373));
#10455=CARTESIAN_POINT('',(-6.79192188769423,-7.79564625969398,5.17946520319034));
#10456=CARTESIAN_POINT('',(-6.80025926628477,-7.79252301532707,5.17967894172952));
#10457=CARTESIAN_POINT('',(-6.80859440501742,-7.78939581354746,5.17983936631667));
#10458=CARTESIAN_POINT('',(-6.8169253911822,-7.7862660106783,5.1799464009369));
#10459=CARTESIAN_POINT('',(-6.82524984065913,-7.78313351368173,5.17999996267133));
#10460=CARTESIAN_POINT('',(-6.833566052948,-7.78,5.18));
#10461=CARTESIAN_POINT('',(-6.833566052948,-7.78,5.18));
#10462=CARTESIAN_POINT('',(-9.908873016278,-7.78,5.18));
#10463=CARTESIAN_POINT('',(-9.908873016278,-7.78,5.18));
#10464=CARTESIAN_POINT('',(-9.99999999999996,-7.9999999999997,5.18));
#10465=CARTESIAN_POINT('',(-10.,-8.,4.96));
#10466=CARTESIAN_POINT('',(-6.222397046155,8.,1.1));
#10467=CARTESIAN_POINT('',(-10.135,4.95677886715227,1.1));
#10468=CARTESIAN_POINT('',(-10.135,8.88178419700125E-16,1.1));
#10469=CARTESIAN_POINT('',(-10.135,-4.95677886715226,1.1));
#10470=CARTESIAN_POINT('',(-6.222397046155,-8.,1.1));
#10471=CARTESIAN_POINT('',(-6.222397046155,-8.,4.96));
#10472=CARTESIAN_POINT('',(-10.135,-4.95677886715226,4.96));
#10473=CARTESIAN_POINT('',(-10.135,0.,4.96));
#10474=CARTESIAN_POINT('',(-10.135,4.95677886715226,4.96));
#10475=CARTESIAN_POINT('',(-6.222397046155,8.,4.96));
#10476=CARTESIAN_POINT('',(-6.222397046155,8.,4.96));
#10477=CARTESIAN_POINT('',(-6.222397046155,8.,1.1));
#10478=CARTESIAN_POINT('',(10.78,-3.28,5.18));
#10479=CARTESIAN_POINT('',(10.78,-7.78,5.18));
#10480=CARTESIAN_POINT('',(11.,-8.,4.96));
#10481=CARTESIAN_POINT('',(10.9999999999999,-7.99999999999994,5.18));
#10482=CARTESIAN_POINT('',(10.78,-7.78,5.18));
#10483=CARTESIAN_POINT('',(10.78,-7.78,0.1));
#10484=CARTESIAN_POINT('',(10.78,-3.28,0.1));
#10485=CARTESIAN_POINT('',(14.2,-3.5,4.96));
#10486=CARTESIAN_POINT('',(14.2,-3.5,0.32));
#10487=CARTESIAN_POINT('',(14.2,-3.5,0.32));
#10488=CARTESIAN_POINT('',(11.,-3.5,0.32));
#10489=CARTESIAN_POINT('',(11.,-3.5,4.96));
#10490=CARTESIAN_POINT('',(14.2,-3.5,4.96));
#10491=CARTESIAN_POINT('',(6.833566052948,-7.78,5.18));
#10492=CARTESIAN_POINT('',(10.355,-4.68694711076158,5.18));
#10493=CARTESIAN_POINT('',(10.355,2.66453525910038E-15,5.18));
#10494=CARTESIAN_POINT('',(10.355,2.66453525910026E-15,5.18));
#10495=CARTESIAN_POINT('',(10.135,0.,5.18));
#10496=CARTESIAN_POINT('',(10.135,0.,4.96));
#10497=CARTESIAN_POINT('',(10.78,-3.28,5.18));
#10498=CARTESIAN_POINT('',(13.98,-3.28,5.18));
#10499=CARTESIAN_POINT('',(13.98,-3.28,5.18));
#10500=CARTESIAN_POINT('',(13.98,3.28,5.18));
#10501=CARTESIAN_POINT('',(13.98,3.28,5.18));
#10502=CARTESIAN_POINT('',(10.78,3.28,5.18));
#10503=CARTESIAN_POINT('',(10.78,3.28,5.18));
#10504=CARTESIAN_POINT('',(10.78,7.78,5.18));
#10505=CARTESIAN_POINT('',(10.78,7.78,5.18));
#10506=CARTESIAN_POINT('',(6.833566052948,7.78,5.18));
#10507=CARTESIAN_POINT('',(-10.,-8.,0.32));
#10508=CARTESIAN_POINT('',(-9.99999999999996,-7.9999999999997,0.1));
#10509=CARTESIAN_POINT('',(-9.908873016278,-7.78,0.1));
#10510=CARTESIAN_POINT('',(-11.,-7.,0.32));
#10511=CARTESIAN_POINT('',(-10.9999999999997,-6.99999999999996,0.1));
#10512=CARTESIAN_POINT('',(-10.78,-6.908873016278,0.1));
#10513=CARTESIAN_POINT('',(-10.78,-6.908873016278,0.1));
#10514=CARTESIAN_POINT('',(-9.908873016278,-7.78,0.1));
#10515=CARTESIAN_POINT('',(-10.78,3.28,0.1));
#10516=CARTESIAN_POINT('',(-10.78,7.78,0.1));
#10517=CARTESIAN_POINT('',(-10.78,7.78,0.1));
#10518=CARTESIAN_POINT('',(10.78,7.78,0.1));
#10519=CARTESIAN_POINT('',(10.78,7.78,0.1));
#10520=CARTESIAN_POINT('',(10.78,3.28,0.1));
#10521=CARTESIAN_POINT('',(10.78,3.28,0.1));
#10522=CARTESIAN_POINT('',(13.98,3.28,0.1));
#10523=CARTESIAN_POINT('',(13.98,3.28,0.1));
#10524=CARTESIAN_POINT('',(13.98,1.805,0.1));
#10525=CARTESIAN_POINT('',(13.98,1.805,0.1));
#10526=CARTESIAN_POINT('',(13.39,1.805,0.1));
#10527=CARTESIAN_POINT('',(13.39,1.805,0.1));
#10528=CARTESIAN_POINT('',(13.39,-1.805,0.1));
#10529=CARTESIAN_POINT('',(13.39,-1.805,0.1));
#10530=CARTESIAN_POINT('',(13.98,-1.805,0.1));
#10531=CARTESIAN_POINT('',(13.98,-1.805,0.1));
#10532=CARTESIAN_POINT('',(13.98,-3.28,0.1));
#10533=CARTESIAN_POINT('',(13.98,-3.28,0.1));
#10534=CARTESIAN_POINT('',(10.78,-3.28,0.1));
#10535=CARTESIAN_POINT('',(-10.78,-6.908873016278,0.1));
#10536=CARTESIAN_POINT('',(-10.78,-3.28,0.1));
#10537=CARTESIAN_POINT('',(-10.78,-3.28,0.1));
#10538=CARTESIAN_POINT('',(-13.98,-3.28,0.1));
#10539=CARTESIAN_POINT('',(-13.98,-3.28,0.1));
#10540=CARTESIAN_POINT('',(-13.98,-1.805,0.1));
#10541=CARTESIAN_POINT('',(-13.98,-1.805,0.1));
#10542=CARTESIAN_POINT('',(-13.39,-1.805,0.1));
#10543=CARTESIAN_POINT('',(-13.39,-1.805,0.1));
#10544=CARTESIAN_POINT('',(-13.39,1.805,0.1));
#10545=CARTESIAN_POINT('',(-13.39,1.805,0.1));
#10546=CARTESIAN_POINT('',(-13.98,1.805,0.1));
#10547=CARTESIAN_POINT('',(-13.98,1.805,0.1));
#10548=CARTESIAN_POINT('',(-13.98,3.28,0.1));
#10549=CARTESIAN_POINT('',(-13.98,3.28,0.1));
#10550=CARTESIAN_POINT('',(-10.78,3.28,0.1));
#10551=CARTESIAN_POINT('',(-9.885,1.5,0.1));
#10552=CARTESIAN_POINT('',(-9.885,-1.5,0.1));
#10553=CARTESIAN_POINT('',(-9.885,-1.5,0.1));
#10554=CARTESIAN_POINT('',(-9.785,-1.5,0.1));
#10555=CARTESIAN_POINT('',(-9.785,-1.5,0.1));
#10556=CARTESIAN_POINT('',(-9.785,1.5,0.1));
#10557=CARTESIAN_POINT('',(-9.785,1.5,0.1));
#10558=CARTESIAN_POINT('',(-9.885,1.5,0.1));
#10559=CARTESIAN_POINT('',(9.785,-1.5,0.1));
#10560=CARTESIAN_POINT('',(9.885,-1.5,0.1));
#10561=CARTESIAN_POINT('',(9.885,-1.5,0.1));
#10562=CARTESIAN_POINT('',(9.885,1.5,0.1));
#10563=CARTESIAN_POINT('',(9.885,1.5,0.1));
#10564=CARTESIAN_POINT('',(9.785,1.5,0.1));
#10565=CARTESIAN_POINT('',(9.785,1.5,0.1));
#10566=CARTESIAN_POINT('',(9.785,-1.5,0.1));
#10567=CARTESIAN_POINT('',(11.,8.,0.32));
#10568=CARTESIAN_POINT('',(11.,8.,4.96));
#10569=CARTESIAN_POINT('',(11.,8.,4.96));
#10570=CARTESIAN_POINT('',(6.222397046155,8.,4.96));
#10571=CARTESIAN_POINT('',(-6.222397046155,8.,4.96));
#10572=CARTESIAN_POINT('',(-11.,8.,4.96));
#10573=CARTESIAN_POINT('',(-11.,8.,4.96));
#10574=CARTESIAN_POINT('',(-11.,8.,0.32));
#10575=CARTESIAN_POINT('',(-11.,8.,0.32));
#10576=CARTESIAN_POINT('',(11.,8.,0.32));
#10577=CARTESIAN_POINT('',(6.833566052948,7.78,5.18));
#10578=CARTESIAN_POINT('',(10.355,4.68694711076159,5.18));
#10579=CARTESIAN_POINT('',(10.355,2.66453525910038E-15,5.18));
#10580=CARTESIAN_POINT('',(-9.908873016278,-7.78,5.18));
#10581=CARTESIAN_POINT('',(-10.78,-6.908873016278,5.18));
#10582=CARTESIAN_POINT('',(-10.78,-6.908873016278,5.18));
#10583=CARTESIAN_POINT('',(-10.9999999999997,-6.99999999999996,5.18));
#10584=CARTESIAN_POINT('',(-11.,-7.,4.96));
#10585=CARTESIAN_POINT('',(-11.,-7.,0.32));
#10586=CARTESIAN_POINT('',(-11.,-3.5,0.32));
#10587=CARTESIAN_POINT('',(-11.,-3.5,0.32));
#10588=CARTESIAN_POINT('',(-11.,-3.5,4.96));
#10589=CARTESIAN_POINT('',(-11.,-3.5,4.96));
#10590=CARTESIAN_POINT('',(-11.,-7.,4.96));
#10591=CARTESIAN_POINT('',(-9.785,1.5,4.98));
#10592=CARTESIAN_POINT('',(-9.785,1.5,1.1));
#10593=CARTESIAN_POINT('',(-9.885,1.5,1.1));
#10594=CARTESIAN_POINT('',(-9.885,1.5,4.98));
#10595=CARTESIAN_POINT('',(-9.885,1.5,4.98));
#10596=CARTESIAN_POINT('',(-9.835,1.5,4.98));
#10597=CARTESIAN_POINT('',(-9.835,1.5,4.98));
#10598=CARTESIAN_POINT('',(-9.835,1.5,5.08));
#10599=CARTESIAN_POINT('',(-9.835,1.5,5.08));
#10600=CARTESIAN_POINT('',(-8.835,1.5,5.08));
#10601=CARTESIAN_POINT('',(-8.835,1.5,5.08));
#10602=CARTESIAN_POINT('',(-8.835,1.5,4.98));
#10603=CARTESIAN_POINT('',(-8.835,1.5,4.98));
#10604=CARTESIAN_POINT('',(-9.785,1.5,4.98));
#10605=CARTESIAN_POINT('',(-9.885,1.5,4.98));
#10606=CARTESIAN_POINT('',(-9.885,-1.5,4.98));
#10607=CARTESIAN_POINT('',(-9.885,-1.5,4.98));
#10608=CARTESIAN_POINT('',(-9.885,-1.5,1.1));
#10609=CARTESIAN_POINT('',(-9.785,-1.5,1.1));
#10610=CARTESIAN_POINT('',(-9.785,-1.5,4.98));
#10611=CARTESIAN_POINT('',(-9.785,-1.5,4.98));
#10612=CARTESIAN_POINT('',(-8.835,-1.5,4.98));
#10613=CARTESIAN_POINT('',(-8.835,-1.5,4.98));
#10614=CARTESIAN_POINT('',(-8.835,-1.5,5.08));
#10615=CARTESIAN_POINT('',(-8.835,-1.5,5.08));
#10616=CARTESIAN_POINT('',(-9.835,-1.5,5.08));
#10617=CARTESIAN_POINT('',(-9.835,-1.5,5.08));
#10618=CARTESIAN_POINT('',(-9.835,-1.5,4.98));
#10619=CARTESIAN_POINT('',(-9.835,-1.5,4.98));
#10620=CARTESIAN_POINT('',(-9.885,-1.5,4.98));
#10621=CARTESIAN_POINT('',(-9.785,-1.5,4.98));
#10622=CARTESIAN_POINT('',(-9.785,1.5,4.98));
#10623=CARTESIAN_POINT('',(9.785,0.5,1.1));
#10624=CARTESIAN_POINT('',(9.785,0.5,1.185078714809));
#10625=CARTESIAN_POINT('',(9.785,0.5,1.185078714809));
#10626=CARTESIAN_POINT('',(9.785,1.5,1.185078714809));
#10627=CARTESIAN_POINT('',(9.785,1.5,1.185078714809));
#10628=CARTESIAN_POINT('',(9.785,1.5,4.98));
#10629=CARTESIAN_POINT('',(9.785,1.5,4.98));
#10630=CARTESIAN_POINT('',(9.785,-1.5,4.98));
#10631=CARTESIAN_POINT('',(9.785,-1.5,4.98));
#10632=CARTESIAN_POINT('',(9.785,-1.5,1.185078714809));
#10633=CARTESIAN_POINT('',(9.785,-1.5,1.185078714809));
#10634=CARTESIAN_POINT('',(9.785,-0.5,1.185078714809));
#10635=CARTESIAN_POINT('',(9.785,-0.5,1.185078714809));
#10636=CARTESIAN_POINT('',(9.785,-0.5,1.1));
#10637=CARTESIAN_POINT('',(6.41111751577,-0.5,2.306653735733));
#10638=CARTESIAN_POINT('',(9.726371407798,-0.5,1.1));
#10639=CARTESIAN_POINT('',(9.785,-0.5,1.185078714809));
#10640=CARTESIAN_POINT('',(6.445319530102,-0.5,2.400622997812));
#10641=CARTESIAN_POINT('',(6.445319530102,-0.5,2.400622997812));
#10642=CARTESIAN_POINT('',(6.41111751577,-0.5,2.306653735733));
#10643=CARTESIAN_POINT('',(5.988255836416,-0.95,2.46056280023));
#10644=CARTESIAN_POINT('',(5.988255836416,-1.05,2.46056280023));
#10645=CARTESIAN_POINT('',(6.41111751577,-1.5,2.306653735733));
#10646=CARTESIAN_POINT('',(9.726371407798,-1.5,1.1));
#10647=CARTESIAN_POINT('',(9.885,-1.5,1.148681691383));
#10648=CARTESIAN_POINT('',(9.885,-1.5,4.98));
#10649=CARTESIAN_POINT('',(9.885,-1.5,4.98));
#10650=CARTESIAN_POINT('',(9.785,-1.5,4.98));
#10651=CARTESIAN_POINT('',(10.018751847814,-0.5,1.1));
#10652=CARTESIAN_POINT('',(9.885,-0.5,1.148681691383));
#10653=CARTESIAN_POINT('',(9.885,-0.5,1.148681691383));
#10654=CARTESIAN_POINT('',(9.885,-1.5,1.148681691383));
#10655=CARTESIAN_POINT('',(10.018751847814,-1.5,1.1));
#10656=CARTESIAN_POINT('',(9.885,-1.5,1.148681691383));
#10657=CARTESIAN_POINT('',(9.885,-0.5,1.148681691383));
#10658=CARTESIAN_POINT('',(9.885,-0.5,1.1));
#10659=CARTESIAN_POINT('',(9.885,-1.5,4.98));
#10660=CARTESIAN_POINT('',(9.885,1.5,4.98));
#10661=CARTESIAN_POINT('',(9.885,1.5,4.98));
#10662=CARTESIAN_POINT('',(9.885,1.5,1.148681691383));
#10663=CARTESIAN_POINT('',(9.885,1.5,1.148681691383));
#10664=CARTESIAN_POINT('',(9.885,0.5,1.148681691383));
#10665=CARTESIAN_POINT('',(9.885,0.5,1.148681691383));
#10666=CARTESIAN_POINT('',(9.885,0.5,1.1));
#10667=CARTESIAN_POINT('',(9.885,0.5,1.148681691383));
#10668=CARTESIAN_POINT('',(10.018751847814,0.5,1.1));
#10669=CARTESIAN_POINT('',(10.018751847814,1.5,1.1));
#10670=CARTESIAN_POINT('',(9.885,1.5,1.148681691383));
#10671=CARTESIAN_POINT('',(9.785,1.5,4.98));
#10672=CARTESIAN_POINT('',(9.885,1.5,4.98));
#10673=CARTESIAN_POINT('',(5.988255836416,1.05,2.46056280023));
#10674=CARTESIAN_POINT('',(5.988255836416,0.95,2.46056280023));
#10675=CARTESIAN_POINT('',(6.41111751577,0.5,2.306653735733));
#10676=CARTESIAN_POINT('',(9.726371407798,0.5,1.1));
#10677=CARTESIAN_POINT('',(9.726371407798,1.5,1.1));
#10678=CARTESIAN_POINT('',(6.41111751577,1.5,2.306653735733));
#10679=CARTESIAN_POINT('',(6.41111751577,0.5,2.306653735733));
#10680=CARTESIAN_POINT('',(6.445319530102,0.5,2.400622997812));
#10681=CARTESIAN_POINT('',(6.445319530102,0.5,2.400622997812));
#10682=CARTESIAN_POINT('',(9.785,0.5,1.185078714809));
#10683=CARTESIAN_POINT('',(-10.78,-3.28,5.18));
#10684=CARTESIAN_POINT('',(-10.78,-6.908873016278,5.18));
#10685=CARTESIAN_POINT('',(-6.833566052948,7.78,5.18));
#10686=CARTESIAN_POINT('',(-10.78,7.78,5.18));
#10687=CARTESIAN_POINT('',(-10.78,7.78,5.18));
#10688=CARTESIAN_POINT('',(-10.78,3.28,5.18));
#10689=CARTESIAN_POINT('',(-10.78,3.28,5.18));
#10690=CARTESIAN_POINT('',(-13.98,3.28,5.18));
#10691=CARTESIAN_POINT('',(-13.98,3.28,5.18));
#10692=CARTESIAN_POINT('',(-13.98,-3.28,5.18));
#10693=CARTESIAN_POINT('',(-13.98,-3.28,5.18));
#10694=CARTESIAN_POINT('',(-10.78,-3.28,5.18));
#10695=CARTESIAN_POINT('',(-6.833566052948,-7.78,5.18));
#10696=CARTESIAN_POINT('',(-10.3550000000001,-4.68694711076162,5.18));
#10697=CARTESIAN_POINT('',(-10.3550000000001,1.77635683940025E-15,5.18));
#10698=CARTESIAN_POINT('',(-10.3550000000001,4.68694711076163,5.18));
#10699=CARTESIAN_POINT('',(-6.833566052948,7.78,5.18));
#10700=CARTESIAN_POINT('',(11.,-3.5,4.96));
#10701=CARTESIAN_POINT('',(10.9999999999999,-3.49999999999994,5.18));
#10702=CARTESIAN_POINT('',(10.78,-3.28,5.18));
#10703=CARTESIAN_POINT('',(13.98,-3.28,0.1));
#10704=CARTESIAN_POINT('',(14.1999999999999,-3.49999999999994,0.1));
#10705=CARTESIAN_POINT('',(14.2,-3.5,0.32));
#10706=CARTESIAN_POINT('',(10.78,-3.28,0.1));
#10707=CARTESIAN_POINT('',(10.9999999999999,-3.49999999999994,0.1));
#10708=CARTESIAN_POINT('',(11.,-3.5,0.32));
#10709=CARTESIAN_POINT('',(14.2,-3.5,4.96));
#10710=CARTESIAN_POINT('',(14.2,3.5,4.96));
#10711=CARTESIAN_POINT('',(14.2,3.5,4.96));
#10712=CARTESIAN_POINT('',(14.2,3.5,0.32));
#10713=CARTESIAN_POINT('',(14.2,3.5,0.32));
#10714=CARTESIAN_POINT('',(14.2,-3.5,0.32));
#10715=CARTESIAN_POINT('',(10.78,7.78,5.18));
#10716=CARTESIAN_POINT('',(10.9999999999999,7.99999999999994,5.18));
#10717=CARTESIAN_POINT('',(11.,8.,4.96));
#10718=CARTESIAN_POINT('',(6.833566052948,7.78,5.18));
#10719=CARTESIAN_POINT('',(6.82524996466067,7.78313363878115,5.18000000004185));
#10720=CARTESIAN_POINT('',(6.81692542014746,7.78626588782087,5.17994643795213));
#10721=CARTESIAN_POINT('',(6.80859450046725,7.78939594546458,5.17983940313342));
#10722=CARTESIAN_POINT('',(6.80025929629604,7.79252301412129,5.17967897811971));
#10723=CARTESIAN_POINT('',(6.79192190786384,7.79564630029699,5.179465238564));
#10724=CARTESIAN_POINT('',(6.74134861713756,7.81456376311823,5.17784576185877));
#10725=CARTESIAN_POINT('',(6.69911222239849,7.83024467394174,5.17512687946426));
#10726=CARTESIAN_POINT('',(6.65714773126842,7.84570587456625,5.17105075250275));
#10727=CARTESIAN_POINT('',(6.61573975105435,7.86084585770876,5.16562084680624));
#10728=CARTESIAN_POINT('',(6.57520847338529,7.87555558548129,5.15883615182871));
#10729=CARTESIAN_POINT('',(6.48709131345796,7.90731339436406,5.14056500762994));
#10730=CARTESIAN_POINT('',(6.4402225173967,7.92404720434331,5.12834238442269));
#10731=CARTESIAN_POINT('',(6.3960077328635,7.93969088452764,5.11401125106536));
#10732=CARTESIAN_POINT('',(6.35535400269137,7.95395321431806,5.09755688308894));
#10733=CARTESIAN_POINT('',(6.31950588597133,7.96644458089263,5.07900813497137));
#10734=CARTESIAN_POINT('',(6.26897445678681,7.98397087111352,5.04401967457048));
#10735=CARTESIAN_POINT('',(6.25119045767925,7.99011004699874,5.02855518961326));
#10736=CARTESIAN_POINT('',(6.23707372426077,7.99496443623807,5.01219322604693));
#10737=CARTESIAN_POINT('',(6.2272891825374,7.99832137566655,4.99508305339345));
#10738=CARTESIAN_POINT('',(6.22239705014014,7.99999999912319,4.97754366260481));
#10739=CARTESIAN_POINT('',(6.222397046155,8.,4.96));
#10740=CARTESIAN_POINT('',(10.78,3.28,5.18));
#10741=CARTESIAN_POINT('',(10.9999999999999,3.49999999999994,5.18));
#10742=CARTESIAN_POINT('',(11.,3.5,4.96));
#10743=CARTESIAN_POINT('',(11.,3.5,4.96));
#10744=CARTESIAN_POINT('',(11.,8.,4.96));
#10745=CARTESIAN_POINT('',(13.98,3.28,5.18));
#10746=CARTESIAN_POINT('',(14.1999999999999,3.49999999999994,5.18));
#10747=CARTESIAN_POINT('',(14.2,3.5,4.96));
#10748=CARTESIAN_POINT('',(14.2,3.5,4.96));
#10749=CARTESIAN_POINT('',(11.,3.5,4.96));
#10750=CARTESIAN_POINT('',(14.2,-3.5,4.96));
#10751=CARTESIAN_POINT('',(14.1999999999999,-3.49999999999994,5.18));
#10752=CARTESIAN_POINT('',(13.98,-3.28,5.18));
#10753=CARTESIAN_POINT('',(-11.,-3.5,0.32));
#10754=CARTESIAN_POINT('',(-10.9999999999999,-3.49999999999994,0.1));
#10755=CARTESIAN_POINT('',(-10.78,-3.28,0.1));
#10756=CARTESIAN_POINT('',(-11.,3.5,0.32));
#10757=CARTESIAN_POINT('',(-11.,8.,0.32));
#10758=CARTESIAN_POINT('',(-11.,8.,0.32));
#10759=CARTESIAN_POINT('',(-10.9999999999999,7.99999999999994,0.1));
#10760=CARTESIAN_POINT('',(-10.78,7.78,0.1));
#10761=CARTESIAN_POINT('',(-14.2,3.5,0.32));
#10762=CARTESIAN_POINT('',(-11.,3.5,0.32));
#10763=CARTESIAN_POINT('',(-10.78,3.28,0.1));
#10764=CARTESIAN_POINT('',(-10.9999999999999,3.49999999999994,0.1));
#10765=CARTESIAN_POINT('',(-11.,3.5,0.32));
#10766=CARTESIAN_POINT('',(-13.98,1.805,0.0999999999999995));
#10767=CARTESIAN_POINT('',(-14.1808316044184,1.805,0.100000000000001));
#10768=CARTESIAN_POINT('',(-14.199089023,1.805,0.3));
#10769=CARTESIAN_POINT('',(-14.199089023,1.805,0.3));
#10770=CARTESIAN_POINT('',(-14.199089023,-1.805,0.3));
#10771=CARTESIAN_POINT('',(-14.199089023,-1.805,0.3));
#10772=CARTESIAN_POINT('',(-14.1808316044184,-1.805,0.1));
#10773=CARTESIAN_POINT('',(-13.98,-1.805,0.1));
#10774=CARTESIAN_POINT('',(-14.2,-3.5,0.32));
#10775=CARTESIAN_POINT('',(-14.2,3.5,0.32));
#10776=CARTESIAN_POINT('',(-13.98,3.28,0.1));
#10777=CARTESIAN_POINT('',(-14.1999999999999,3.49999999999994,0.1));
#10778=CARTESIAN_POINT('',(-14.2,3.5,0.32));
#10779=CARTESIAN_POINT('',(-13.98,1.805,0.1));
#10780=CARTESIAN_POINT('',(-13.98,-1.805,0.1));
#10781=CARTESIAN_POINT('',(-11.,-3.5,0.32));
#10782=CARTESIAN_POINT('',(-14.2,-3.5,0.32));
#10783=CARTESIAN_POINT('',(-13.98,-3.28,0.1));
#10784=CARTESIAN_POINT('',(-14.1999999999999,-3.49999999999994,0.1));
#10785=CARTESIAN_POINT('',(-14.2,-3.5,0.32));
#10786=CARTESIAN_POINT('',(13.98,-1.805,0.1));
#10787=CARTESIAN_POINT('',(14.1808316044186,-1.805,0.100000000000002));
#10788=CARTESIAN_POINT('',(14.199089023002,-1.805,0.3));
#10789=CARTESIAN_POINT('',(14.199089023002,-1.805,0.3));
#10790=CARTESIAN_POINT('',(14.199089023002,1.805,0.3));
#10791=CARTESIAN_POINT('',(14.199089023002,1.805,0.3));
#10792=CARTESIAN_POINT('',(14.1808316044186,1.805,0.1));
#10793=CARTESIAN_POINT('',(13.98,1.805,0.1));
#10794=CARTESIAN_POINT('',(13.98,-1.805,0.1));
#10795=CARTESIAN_POINT('',(13.98,1.805,0.1));
#10796=CARTESIAN_POINT('',(11.,3.5,0.32));
#10797=CARTESIAN_POINT('',(14.2,3.5,0.32));
#10798=CARTESIAN_POINT('',(13.98,3.28,0.1));
#10799=CARTESIAN_POINT('',(14.1999999999999,3.49999999999994,0.1));
#10800=CARTESIAN_POINT('',(14.2,3.5,0.32));
#10801=CARTESIAN_POINT('',(11.,8.,0.32));
#10802=CARTESIAN_POINT('',(11.,3.5,0.32));
#10803=CARTESIAN_POINT('',(10.78,3.28,0.1));
#10804=CARTESIAN_POINT('',(10.9999999999999,3.49999999999994,0.1));
#10805=CARTESIAN_POINT('',(11.,3.5,0.32));
#10806=CARTESIAN_POINT('',(10.78,7.78,0.1));
#10807=CARTESIAN_POINT('',(10.9999999999999,7.99999999999994,0.1));
#10808=CARTESIAN_POINT('',(11.,8.,0.32));
#10809=CARTESIAN_POINT('',(11.,3.5,0.32));
#10810=CARTESIAN_POINT('',(11.,3.5,4.96));
#10811=CARTESIAN_POINT('',(-11.,8.,4.96));
#10812=CARTESIAN_POINT('',(-11.,3.5,4.96));
#10813=CARTESIAN_POINT('',(-11.,3.5,4.96));
#10814=CARTESIAN_POINT('',(-11.,3.5,0.32));
#10815=CARTESIAN_POINT('',(-6.222397046155,8.,4.96));
#10816=CARTESIAN_POINT('',(-6.22239705010328,7.9999999987159,4.97754366230091));
#10817=CARTESIAN_POINT('',(-6.22728918243161,7.99832137449759,4.99508305251837));
#10818=CARTESIAN_POINT('',(-6.23707372405588,7.9949644339629,5.01219322434475));
#10819=CARTESIAN_POINT('',(-6.25119045734738,7.99011004332056,5.0285551868608));
#10820=CARTESIAN_POINT('',(-6.26897445630576,7.98397086578682,5.04401967058396));
#10821=CARTESIAN_POINT('',(-6.31950588508701,7.96644457108677,5.07900812763252));
#10822=CARTESIAN_POINT('',(-6.3553540015316,7.95395320147958,5.09755687347989));
#10823=CARTESIAN_POINT('',(-6.39600773140292,7.93969086835411,5.11401123895972));
#10824=CARTESIAN_POINT('',(-6.44022251561608,7.92404718462229,5.12834236966142));
#10825=CARTESIAN_POINT('',(-6.48709131134295,7.90731337094801,5.14056499010261));
#10826=CARTESIAN_POINT('',(-6.57520847065186,7.87555555522072,5.15883612917761));
#10827=CARTESIAN_POINT('',(-6.61573974803919,7.86084582433514,5.16562082182473));
#10828=CARTESIAN_POINT('',(-6.65714772796736,7.8457058380435,5.17105072516358));
#10829=CARTESIAN_POINT('',(-6.69911221881146,7.83024463425895,5.1751268497595));
#10830=CARTESIAN_POINT('',(-6.74134861326636,7.81456372028426,5.17784572979506));
#10831=CARTESIAN_POINT('',(-6.7919218877133,7.79564625968755,5.1794652031917));
#10832=CARTESIAN_POINT('',(-6.80025926629884,7.79252301532266,5.17967894173089));
#10833=CARTESIAN_POINT('',(-6.80859440502849,7.78939581354405,5.17983936631804));
#10834=CARTESIAN_POINT('',(-6.81692539119028,7.78626601067589,5.17994640093728));
#10835=CARTESIAN_POINT('',(-6.82524984066321,7.78313351368134,5.17999996267171));
#10836=CARTESIAN_POINT('',(-6.833566052948,7.78,5.18));
#10837=CARTESIAN_POINT('',(-11.,8.,4.96));
#10838=CARTESIAN_POINT('',(-10.9999999999999,7.99999999999994,5.18));
#10839=CARTESIAN_POINT('',(-10.78,7.78,5.18));
#10840=CARTESIAN_POINT('',(-10.78,-3.28,5.18));
#10841=CARTESIAN_POINT('',(-10.9999999999999,-3.49999999999994,5.18));
#10842=CARTESIAN_POINT('',(-11.,-3.5,4.96));
#10843=CARTESIAN_POINT('',(-14.2,-3.5,0.32));
#10844=CARTESIAN_POINT('',(-14.2,-3.5,4.96));
#10845=CARTESIAN_POINT('',(-14.2,-3.5,4.96));
#10846=CARTESIAN_POINT('',(-11.,-3.5,4.96));
#10847=CARTESIAN_POINT('',(-8.835,-1.5,4.98));
#10848=CARTESIAN_POINT('',(-8.835,1.5,4.98));
#10849=CARTESIAN_POINT('',(-8.835,-1.5,5.08));
#10850=CARTESIAN_POINT('',(-8.835,1.5,5.08));
#10851=CARTESIAN_POINT('',(-9.835,1.5,5.08));
#10852=CARTESIAN_POINT('',(-9.835,-1.5,5.08));
#10853=CARTESIAN_POINT('',(-9.835,-1.5,4.98));
#10854=CARTESIAN_POINT('',(-9.835,1.5,4.98));
#10855=CARTESIAN_POINT('',(6.022457850749,-0.95,2.554532062309));
#10856=CARTESIAN_POINT('',(6.022457850749,-1.05,2.554532062309));
#10857=CARTESIAN_POINT('',(9.785,-1.5,1.185078714809));
#10858=CARTESIAN_POINT('',(6.445319530102,-1.5,2.400622997812));
#10859=CARTESIAN_POINT('',(6.022457850749,1.05,2.554532062309));
#10860=CARTESIAN_POINT('',(6.022457850749,0.95,2.554532062309));
#10861=CARTESIAN_POINT('',(6.445319530102,1.5,2.400622997812));
#10862=CARTESIAN_POINT('',(9.785,1.5,1.185078714809));
#10863=CARTESIAN_POINT('',(5.988255836416,-0.95,2.46056280023));
#10864=CARTESIAN_POINT('',(6.022457850749,-0.95,2.554532062309));
#10865=CARTESIAN_POINT('',(6.445319530102,-0.5,2.400622997812));
#10866=CARTESIAN_POINT('',(6.02245785074838,-0.5,2.55453206230867));
#10867=CARTESIAN_POINT('',(6.022457850749,-0.95,2.554532062309));
#10868=CARTESIAN_POINT('',(6.41111751577,-0.5,2.306653735733));
#10869=CARTESIAN_POINT('',(5.98825583641638,-0.5,2.46056280022967));
#10870=CARTESIAN_POINT('',(5.988255836416,-0.95,2.46056280023));
#10871=CARTESIAN_POINT('',(6.445319530102,-1.5,2.400622997812));
#10872=CARTESIAN_POINT('',(6.41111751577,-1.5,2.306653735733));
#10873=CARTESIAN_POINT('',(6.022457850749,-1.05,2.554532062309));
#10874=CARTESIAN_POINT('',(6.02245785074838,-1.5,2.55453206230867));
#10875=CARTESIAN_POINT('',(6.445319530102,-1.5,2.400622997812));
#10876=CARTESIAN_POINT('',(6.022457850749,-1.05,2.554532062309));
#10877=CARTESIAN_POINT('',(5.988255836416,-1.05,2.46056280023));
#10878=CARTESIAN_POINT('',(5.988255836416,-1.05,2.46056280023));
#10879=CARTESIAN_POINT('',(5.98825583641638,-1.5,2.46056280022967));
#10880=CARTESIAN_POINT('',(6.41111751577,-1.5,2.306653735733));
#10881=CARTESIAN_POINT('',(5.988255836416,1.05,2.46056280023));
#10882=CARTESIAN_POINT('',(6.022457850749,1.05,2.554532062309));
#10883=CARTESIAN_POINT('',(6.445319530102,1.5,2.400622997812));
#10884=CARTESIAN_POINT('',(6.02245785074838,1.5,2.55453206230867));
#10885=CARTESIAN_POINT('',(6.022457850749,1.05,2.554532062309));
#10886=CARTESIAN_POINT('',(6.41111751577,1.5,2.306653735733));
#10887=CARTESIAN_POINT('',(6.445319530102,1.5,2.400622997812));
#10888=CARTESIAN_POINT('',(6.41111751577,1.5,2.306653735733));
#10889=CARTESIAN_POINT('',(5.98825583641638,1.5,2.46056280022967));
#10890=CARTESIAN_POINT('',(5.988255836416,1.05,2.46056280023));
#10891=CARTESIAN_POINT('',(6.022457850749,0.95,2.554532062309));
#10892=CARTESIAN_POINT('',(6.02245785074838,0.5,2.55453206230867));
#10893=CARTESIAN_POINT('',(6.445319530102,0.499999999999999,2.400622997812));
#10894=CARTESIAN_POINT('',(6.022457850749,0.95,2.554532062309));
#10895=CARTESIAN_POINT('',(5.988255836416,0.95,2.46056280023));
#10896=CARTESIAN_POINT('',(5.988255836416,0.95,2.46056280023));
#10897=CARTESIAN_POINT('',(5.98825583641638,0.5,2.46056280022967));
#10898=CARTESIAN_POINT('',(6.41111751577,0.5,2.306653735733));
#10899=CARTESIAN_POINT('',(-13.98,-3.28,5.18));
#10900=CARTESIAN_POINT('',(-14.1999999999999,-3.49999999999994,5.18));
#10901=CARTESIAN_POINT('',(-14.2,-3.5,4.96));
#10902=CARTESIAN_POINT('',(-13.98,3.28,5.18));
#10903=CARTESIAN_POINT('',(-14.1999999999999,3.49999999999994,5.18));
#10904=CARTESIAN_POINT('',(-14.2,3.5,4.96));
#10905=CARTESIAN_POINT('',(-14.2,3.5,4.96));
#10906=CARTESIAN_POINT('',(-14.2,-3.5,4.96));
#10907=CARTESIAN_POINT('',(-10.78,3.28,5.18));
#10908=CARTESIAN_POINT('',(-10.9999999999999,3.49999999999994,5.18));
#10909=CARTESIAN_POINT('',(-11.,3.5,4.96));
#10910=CARTESIAN_POINT('',(-11.,3.5,4.96));
#10911=CARTESIAN_POINT('',(-14.2,3.5,4.96));
#10912=CARTESIAN_POINT('',(-14.2,3.5,4.96));
#10913=CARTESIAN_POINT('',(-14.2,3.5,0.32));
#10914=CARTESIAN_POINT('',(-15.93,1.805,0.1));
#10915=CARTESIAN_POINT('',(-13.98,1.805,0.1));
#10916=CARTESIAN_POINT('',(-14.199089023,1.805,0.3));
#10917=CARTESIAN_POINT('',(-15.93,1.805,0.3));
#10918=CARTESIAN_POINT('',(-15.93,1.805,0.3));
#10919=CARTESIAN_POINT('',(-15.93,1.805,0.1));
#10920=CARTESIAN_POINT('',(-15.93,1.805,0.3));
#10921=CARTESIAN_POINT('',(-15.93,-1.805,0.3));
#10922=CARTESIAN_POINT('',(-15.93,-1.805,0.3));
#10923=CARTESIAN_POINT('',(-14.199089023,-1.805,0.3));
#10924=CARTESIAN_POINT('',(-13.98,-1.805,0.1));
#10925=CARTESIAN_POINT('',(-15.93,-1.805,0.1));
#10926=CARTESIAN_POINT('',(-15.93,-1.805,0.1));
#10927=CARTESIAN_POINT('',(-15.93,-1.805,0.3));
#10928=CARTESIAN_POINT('',(-15.93,1.805,0.1));
#10929=CARTESIAN_POINT('',(-15.93,-1.805,0.1));
#10930=CARTESIAN_POINT('',(15.93,-1.805,0.1));
#10931=CARTESIAN_POINT('',(13.98,-1.805,0.1));
#10932=CARTESIAN_POINT('',(14.199089023002,-1.805,0.3));
#10933=CARTESIAN_POINT('',(15.93,-1.805,0.3));
#10934=CARTESIAN_POINT('',(15.93,-1.805,0.3));
#10935=CARTESIAN_POINT('',(15.93,-1.805,0.1));
#10936=CARTESIAN_POINT('',(15.93,-1.805,0.3));
#10937=CARTESIAN_POINT('',(15.93,1.805,0.3));
#10938=CARTESIAN_POINT('',(15.93,1.805,0.3));
#10939=CARTESIAN_POINT('',(14.199089023002,1.805,0.3));
#10940=CARTESIAN_POINT('',(13.98,1.805,0.1));
#10941=CARTESIAN_POINT('',(15.93,1.805,0.1));
#10942=CARTESIAN_POINT('',(15.93,1.805,0.1));
#10943=CARTESIAN_POINT('',(15.93,1.805,0.3));
#10944=CARTESIAN_POINT('',(15.93,-1.805,0.1));
#10945=CARTESIAN_POINT('',(15.93,1.805,0.1));
#10946=CARTESIAN_POINT('',(0.,0.,0.));
#10947=CARTESIAN_POINT('',(128.27,-93.98,1.595));
#10948=CARTESIAN_POINT('',(0.,0.,0.));
#10949=CARTESIAN_POINT('',(-0.780012,-0.625,-0.198512));
#10950=CARTESIAN_POINT('',(-0.717599403603363,-0.750012,-0.195394173662294));
#10951=CARTESIAN_POINT('',(-1.158012,-0.625,-0.608012));
#10952=CARTESIAN_POINT('',(-0.702012,-0.750012,1.1));
#10953=CARTESIAN_POINT('',(0.517400596396637,-0.750012,1.76039417366229));
#10954=CARTESIAN_POINT('',(-1.538762,-0.146887,0.465));
#10955=CARTESIAN_POINT('',(-0.780012,0.625,-0.198512));
#10956=CARTESIAN_POINT('',(-0.685,1.11022302462516E-16,0.465));
#10957=CARTESIAN_POINT('',(-1.538762,-1.240637,0.465));
#10958=CARTESIAN_POINT('',(-1.608762,-0.625,-0.650012));
#10959=CARTESIAN_POINT('',(-1.095012,-0.750012,0.035));
#10960=CARTESIAN_POINT('',(0.303738,-0.625,-0.650012));
#10961=CARTESIAN_POINT('',(0.0237380000000001,-1.240637,0.465));
#10962=CARTESIAN_POINT('',(0.0237380000000001,-0.146887,0.465));
#10963=CARTESIAN_POINT('',(0.685,1.11022302462516E-16,0.465));
#10964=CARTESIAN_POINT('',(-1.158012,0.625,-0.608012));
#10965=CARTESIAN_POINT('',(-1.538762,0.46875,-0.138512));
#10966=CARTESIAN_POINT('',(-0.9125,1.240637,-0.138512));
#10967=CARTESIAN_POINT('',(-0.0237379999999999,-0.46875,-0.138512));
#10968=CARTESIAN_POINT('',(-1.593012,-0.750012,0.5));
#10969=CARTESIAN_POINT('',(-0.9125,0.146887,-0.138512));
#10970=CARTESIAN_POINT('',(-1.593012,-0.750012,0.));
#10971=CARTESIAN_POINT('',(-0.965,1.11022302462516E-16,0.035));
#10972=CARTESIAN_POINT('',(-0.9125,0.146887,-0.603512));
#10973=CARTESIAN_POINT('',(-1.,0.750012,-0.608012));
#10974=CARTESIAN_POINT('',(-0.965,1.11022302462516E-16,0.465));
#10975=CARTESIAN_POINT('',(-0.0237379999999999,-0.46875,-0.603512));
#10976=CARTESIAN_POINT('',(-0.685,1.11022302462516E-16,0.035));
#10977=CARTESIAN_POINT('',(-1.538762,0.46875,-0.603512));
#10978=CARTESIAN_POINT('',(-0.9125,1.240637,-0.603512));
#10979=CARTESIAN_POINT('',(0.9125,-0.146887,-0.603512));
#10980=CARTESIAN_POINT('',(0.0237379999999999,0.46875,-0.603512));
#10981=CARTESIAN_POINT('',(0.685,1.11022302462516E-16,0.035));
#10982=CARTESIAN_POINT('',(1.538762,-0.46875,-0.603512));
#10983=CARTESIAN_POINT('',(0.9125,-1.240637,-0.603512));
#10984=CARTESIAN_POINT('',(0.433012701892,0.600012,0.636762));
#10985=CARTESIAN_POINT('',(-0.519629438422823,-0.0500081961524227,0.636762));
#10986=CARTESIAN_POINT('',(0.519629438422823,-0.550008196152423,0.636762));
#10987=CARTESIAN_POINT('',(0.0569880000000001,-0.750012,0.));
#10988=CARTESIAN_POINT('',(0.965,1.11022302462516E-16,0.035));
#10989=CARTESIAN_POINT('',(1.,0.750012,-0.608012));
#10990=CARTESIAN_POINT('',(0.965,1.11022302462516E-16,0.465));
#10991=CARTESIAN_POINT('',(0.0569880000000001,-0.750012,0.5));
#10992=CARTESIAN_POINT('',(0.9125,-1.240637,-0.138512));
#10993=CARTESIAN_POINT('',(1.538762,-0.46875,-0.138512));
#10994=CARTESIAN_POINT('',(0.9125,-0.146887,-0.138512));
#10995=CARTESIAN_POINT('',(0.0237379999999999,0.46875,-0.138512));
#10996=CARTESIAN_POINT('',(-1.608762,0.625,-0.650012));
#10997=CARTESIAN_POINT('',(0.303738,0.625,-0.650012));
#10998=CARTESIAN_POINT('',(1.1196272422704,-0.600012,0.0175));
#10999=CARTESIAN_POINT('',(-0.65,-0.625,0.465));
#11000=CARTESIAN_POINT('',(-0.585,-0.625,1.1));
#11001=CARTESIAN_POINT('',(0.585,-0.625,1.1));
#11002=CARTESIAN_POINT('',(0.65,-0.625,0.465));
#11003=CARTESIAN_POINT('',(-0.65,0.625,0.465));
#11004=CARTESIAN_POINT('',(-0.65,0.46875,0.465));
#11005=CARTESIAN_POINT('',(-0.65,-0.46875,0.465));
#11006=CARTESIAN_POINT('',(-0.585,0.625,1.1));
#11007=CARTESIAN_POINT('',(-0.9125,-0.625,0.035));
#11008=CARTESIAN_POINT('',(-0.965,-0.625,0.035));
#11009=CARTESIAN_POINT('',(-0.965,-0.625,0.465));
#11010=CARTESIAN_POINT('',(-0.9125,-0.625,0.465));
#11011=CARTESIAN_POINT('',(0.9125,-0.625,0.465));
#11012=CARTESIAN_POINT('',(0.965,-0.625,0.465));
#11013=CARTESIAN_POINT('',(0.965,-0.625,0.035));
#11014=CARTESIAN_POINT('',(0.9125,-0.625,0.035));
#11015=CARTESIAN_POINT('',(0.585,0.625,1.1));
#11016=CARTESIAN_POINT('',(0.65,-0.46875,0.465));
#11017=CARTESIAN_POINT('',(0.65,0.46875,0.465));
#11018=CARTESIAN_POINT('',(0.65,0.625,0.465));
#11019=CARTESIAN_POINT('',(-0.9125,0.625,0.465));
#11020=CARTESIAN_POINT('',(-0.9125,0.46875,0.465));
#11021=CARTESIAN_POINT('',(-0.685,0.46875,0.5));
#11022=CARTESIAN_POINT('',(-0.685,-0.46875,0.5));
#11023=CARTESIAN_POINT('',(-0.9125,-0.46875,0.465));
#11024=CARTESIAN_POINT('',(-0.9125,-0.625,0.));
#11025=CARTESIAN_POINT('',(-0.965,-0.625,0.));
#11026=CARTESIAN_POINT('',(-1.,-0.625,0.035));
#11027=CARTESIAN_POINT('',(-1.,-0.625,0.465));
#11028=CARTESIAN_POINT('',(-0.965,-0.625,0.5));
#11029=CARTESIAN_POINT('',(-0.9125,-0.625,0.5));
#11030=CARTESIAN_POINT('',(-0.9125,-0.46875,0.035));
#11031=CARTESIAN_POINT('',(0.9125,-0.46875,0.035));
#11032=CARTESIAN_POINT('',(0.65,-0.46875,0.035));
#11033=CARTESIAN_POINT('',(0.65,0.46875,0.035));
#11034=CARTESIAN_POINT('',(0.9125,0.46875,0.035));
#11035=CARTESIAN_POINT('',(0.9125,0.625,0.035));
#11036=CARTESIAN_POINT('',(-0.9125,0.625,0.035));
#11037=CARTESIAN_POINT('',(-0.9125,0.46875,0.035));
#11038=CARTESIAN_POINT('',(-0.65,0.46875,0.035));
#11039=CARTESIAN_POINT('',(-0.65,-0.46875,0.035));
#11040=CARTESIAN_POINT('',(0.433012701892,0.5,0.035));
#11041=CARTESIAN_POINT('',(0.433012701892,-0.5,0.035));
#11042=CARTESIAN_POINT('',(-0.433012701892,0.,0.035));
#11043=CARTESIAN_POINT('',(0.965,-0.625,0.));
#11044=CARTESIAN_POINT('',(0.9125,-0.625,0.));
#11045=CARTESIAN_POINT('',(0.9125,-0.625,0.5));
#11046=CARTESIAN_POINT('',(0.965,-0.625,0.5));
#11047=CARTESIAN_POINT('',(1.,-0.625,0.465));
#11048=CARTESIAN_POINT('',(1.,-0.625,0.035));
#11049=CARTESIAN_POINT('',(0.9125,-0.46875,0.465));
#11050=CARTESIAN_POINT('',(0.9125,0.625,0.465));
#11051=CARTESIAN_POINT('',(0.9125,0.46875,0.465));
#11052=CARTESIAN_POINT('',(0.685,-0.46875,0.5));
#11053=CARTESIAN_POINT('',(0.685,0.46875,0.5));
#11054=CARTESIAN_POINT('',(-0.965,0.625,0.035));
#11055=CARTESIAN_POINT('',(-0.965,0.625,0.465));
#11056=CARTESIAN_POINT('',(0.965,0.625,0.465));
#11057=CARTESIAN_POINT('',(0.965,0.625,0.035));
#11058=CARTESIAN_POINT('',(-0.9125,0.46875,0.5));
#11059=CARTESIAN_POINT('',(-0.9125,0.625,0.5));
#11060=CARTESIAN_POINT('',(-0.9125,-0.46875,0.5));
#11061=CARTESIAN_POINT('',(-0.965,0.625,0.5));
#11062=CARTESIAN_POINT('',(-0.9125,0.625,0.));
#11063=CARTESIAN_POINT('',(-0.965,0.625,0.));
#11064=CARTESIAN_POINT('',(-0.9125,-0.46875,0.));
#11065=CARTESIAN_POINT('',(-0.685,-0.46875,0.));
#11066=CARTESIAN_POINT('',(-0.685,0.46875,0.));
#11067=CARTESIAN_POINT('',(-0.9125,0.46875,0.));
#11068=CARTESIAN_POINT('',(-1.,0.625,0.035));
#11069=CARTESIAN_POINT('',(-1.,0.625,0.465));
#11070=CARTESIAN_POINT('',(0.9125,0.46875,0.));
#11071=CARTESIAN_POINT('',(0.9125,0.625,0.));
#11072=CARTESIAN_POINT('',(0.685,0.46875,0.));
#11073=CARTESIAN_POINT('',(0.685,-0.46875,0.));
#11074=CARTESIAN_POINT('',(0.9125,-0.46875,0.));
#11075=CARTESIAN_POINT('',(0.433012701892,0.5,0.0175));
#11076=CARTESIAN_POINT('',(0.433012701892,-0.5,0.0175));
#11077=CARTESIAN_POINT('',(-0.433012701892,0.,0.0175));
#11078=CARTESIAN_POINT('',(0.965,0.625,0.));
#11079=CARTESIAN_POINT('',(1.,0.625,0.035));
#11080=CARTESIAN_POINT('',(1.,0.625,0.465));
#11081=CARTESIAN_POINT('',(0.965,0.625,0.5));
#11082=CARTESIAN_POINT('',(0.9125,0.625,0.5));
#11083=CARTESIAN_POINT('',(0.9125,0.46875,0.5));
#11084=CARTESIAN_POINT('',(0.9125,-0.46875,0.5));
#11085=CARTESIAN_POINT('',(-0.585,-0.625,1.1));
#11086=CARTESIAN_POINT('',(0.585,-0.625,1.1));
#11087=CARTESIAN_POINT('',(0.65,-0.625,0.465));
#11088=CARTESIAN_POINT('',(-0.65,-0.625,0.465));
#11089=CARTESIAN_POINT('',(-0.65,0.625,0.465));
#11090=CARTESIAN_POINT('',(-0.65,0.46875,0.465));
#11091=CARTESIAN_POINT('',(-0.65,0.46875,0.465));
#11092=CARTESIAN_POINT('',(-0.65,-0.46875,0.465));
#11093=CARTESIAN_POINT('',(-0.65,-0.46875,0.465));
#11094=CARTESIAN_POINT('',(-0.65,-0.625,0.465));
#11095=CARTESIAN_POINT('',(-0.65,-0.625,0.465));
#11096=CARTESIAN_POINT('',(-0.585,-0.625,1.1));
#11097=CARTESIAN_POINT('',(-0.585,-0.625,1.1));
#11098=CARTESIAN_POINT('',(-0.585,0.625,1.1));
#11099=CARTESIAN_POINT('',(-0.585,0.625,1.1));
#11100=CARTESIAN_POINT('',(-0.65,0.625,0.465));
#11101=CARTESIAN_POINT('',(-0.9125,-0.625,0.035));
#11102=CARTESIAN_POINT('',(-0.965,-0.625,0.035));
#11103=CARTESIAN_POINT('',(-0.965,-0.625,0.035));
#11104=CARTESIAN_POINT('',(-0.965,-0.625,0.465));
#11105=CARTESIAN_POINT('',(-0.965,-0.625,0.465));
#11106=CARTESIAN_POINT('',(-0.9125,-0.625,0.465));
#11107=CARTESIAN_POINT('',(-0.9125,-0.625,0.465));
#11108=CARTESIAN_POINT('',(-0.65,-0.625,0.465));
#11109=CARTESIAN_POINT('',(0.65,-0.625,0.465));
#11110=CARTESIAN_POINT('',(0.9125,-0.625,0.465));
#11111=CARTESIAN_POINT('',(0.9125,-0.625,0.465));
#11112=CARTESIAN_POINT('',(0.965,-0.625,0.465));
#11113=CARTESIAN_POINT('',(0.965,-0.625,0.465));
#11114=CARTESIAN_POINT('',(0.965,-0.625,0.035));
#11115=CARTESIAN_POINT('',(0.965,-0.625,0.035));
#11116=CARTESIAN_POINT('',(0.9125,-0.625,0.035));
#11117=CARTESIAN_POINT('',(0.9125,-0.625,0.035));
#11118=CARTESIAN_POINT('',(-0.9125,-0.625,0.035));
#11119=CARTESIAN_POINT('',(0.585,-0.625,1.1));
#11120=CARTESIAN_POINT('',(0.585,0.625,1.1));
#11121=CARTESIAN_POINT('',(0.585,0.625,1.1));
#11122=CARTESIAN_POINT('',(-0.585,0.625,1.1));
#11123=CARTESIAN_POINT('',(0.585,-0.625,1.1));
#11124=CARTESIAN_POINT('',(0.65,-0.625,0.465));
#11125=CARTESIAN_POINT('',(0.65,-0.625,0.465));
#11126=CARTESIAN_POINT('',(0.65,-0.46875,0.465));
#11127=CARTESIAN_POINT('',(0.65,-0.46875,0.465));
#11128=CARTESIAN_POINT('',(0.65,0.46875,0.465));
#11129=CARTESIAN_POINT('',(0.65,0.46875,0.465));
#11130=CARTESIAN_POINT('',(0.65,0.625,0.465));
#11131=CARTESIAN_POINT('',(0.65,0.625,0.465));
#11132=CARTESIAN_POINT('',(0.585,0.625,1.1));
#11133=CARTESIAN_POINT('',(-0.65,0.625,0.465));
#11134=CARTESIAN_POINT('',(-0.9125,0.625,0.465));
#11135=CARTESIAN_POINT('',(-0.9125,0.625,0.465));
#11136=CARTESIAN_POINT('',(-0.9125,0.46875,0.465));
#11137=CARTESIAN_POINT('',(-0.9125,0.46875,0.465));
#11138=CARTESIAN_POINT('',(-0.65,0.46875,0.465));
#11139=CARTESIAN_POINT('',(0.65,0.625,0.465));
#11140=CARTESIAN_POINT('',(-0.65,0.625,0.465));
#11141=CARTESIAN_POINT('',(-0.65,0.46875,0.465));
#11142=CARTESIAN_POINT('',(-0.65,0.46875,0.5));
#11143=CARTESIAN_POINT('',(-0.685,0.46875,0.5));
#11144=CARTESIAN_POINT('',(-0.685,0.46875,0.5));
#11145=CARTESIAN_POINT('',(-0.685,-0.46875,0.5));
#11146=CARTESIAN_POINT('',(-0.685,-0.46875,0.5));
#11147=CARTESIAN_POINT('',(-0.65,-0.46875,0.5));
#11148=CARTESIAN_POINT('',(-0.65,-0.46875,0.465));
#11149=CARTESIAN_POINT('',(-0.9125,-0.46875,0.465));
#11150=CARTESIAN_POINT('',(-0.9125,-0.625,0.465));
#11151=CARTESIAN_POINT('',(-0.65,-0.46875,0.465));
#11152=CARTESIAN_POINT('',(-0.9125,-0.46875,0.465));
#11153=CARTESIAN_POINT('',(-0.9125,-0.625,0.));
#11154=CARTESIAN_POINT('',(-0.965,-0.625,0.));
#11155=CARTESIAN_POINT('',(-1.,-0.625,0.035));
#11156=CARTESIAN_POINT('',(-1.,-0.625,0.465));
#11157=CARTESIAN_POINT('',(-0.965,-0.625,0.5));
#11158=CARTESIAN_POINT('',(-0.9125,-0.625,0.5));
#11159=CARTESIAN_POINT('',(-0.9125,-0.625,0.5));
#11160=CARTESIAN_POINT('',(-0.9125,-0.625,0.465));
#11161=CARTESIAN_POINT('',(-0.9125,-0.625,0.035));
#11162=CARTESIAN_POINT('',(-0.9125,-0.625,0.));
#11163=CARTESIAN_POINT('',(-0.9125,-0.46875,0.035));
#11164=CARTESIAN_POINT('',(-0.9125,-0.625,0.035));
#11165=CARTESIAN_POINT('',(0.9125,-0.625,0.035));
#11166=CARTESIAN_POINT('',(0.9125,-0.46875,0.035));
#11167=CARTESIAN_POINT('',(0.9125,-0.46875,0.035));
#11168=CARTESIAN_POINT('',(0.65,-0.46875,0.035));
#11169=CARTESIAN_POINT('',(0.65,-0.46875,0.035));
#11170=CARTESIAN_POINT('',(0.65,0.46875,0.035));
#11171=CARTESIAN_POINT('',(0.65,0.46875,0.035));
#11172=CARTESIAN_POINT('',(0.9125,0.46875,0.035));
#11173=CARTESIAN_POINT('',(0.9125,0.46875,0.035));
#11174=CARTESIAN_POINT('',(0.9125,0.625,0.035));
#11175=CARTESIAN_POINT('',(0.9125,0.625,0.035));
#11176=CARTESIAN_POINT('',(-0.9125,0.625,0.035));
#11177=CARTESIAN_POINT('',(-0.9125,0.625,0.035));
#11178=CARTESIAN_POINT('',(-0.9125,0.46875,0.035));
#11179=CARTESIAN_POINT('',(-0.9125,0.46875,0.035));
#11180=CARTESIAN_POINT('',(-0.65,0.46875,0.035));
#11181=CARTESIAN_POINT('',(-0.65,0.46875,0.035));
#11182=CARTESIAN_POINT('',(-0.65,-0.46875,0.035));
#11183=CARTESIAN_POINT('',(-0.65,-0.46875,0.035));
#11184=CARTESIAN_POINT('',(-0.9125,-0.46875,0.035));
#11185=CARTESIAN_POINT('',(0.433012701892,0.5,0.035));
#11186=CARTESIAN_POINT('',(0.433012701892,-0.5,0.035));
#11187=CARTESIAN_POINT('',(0.965,-0.625,0.));
#11188=CARTESIAN_POINT('',(0.9125,-0.625,0.));
#11189=CARTESIAN_POINT('',(0.9125,-0.625,0.));
#11190=CARTESIAN_POINT('',(0.9125,-0.625,0.035));
#11191=CARTESIAN_POINT('',(0.9125,-0.625,0.465));
#11192=CARTESIAN_POINT('',(0.9125,-0.625,0.5));
#11193=CARTESIAN_POINT('',(0.9125,-0.625,0.5));
#11194=CARTESIAN_POINT('',(0.965,-0.625,0.5));
#11195=CARTESIAN_POINT('',(1.,-0.625,0.465));
#11196=CARTESIAN_POINT('',(1.,-0.625,0.035));
#11197=CARTESIAN_POINT('',(0.9125,-0.46875,0.465));
#11198=CARTESIAN_POINT('',(0.65,-0.46875,0.465));
#11199=CARTESIAN_POINT('',(0.9125,-0.625,0.465));
#11200=CARTESIAN_POINT('',(0.9125,-0.46875,0.465));
#11201=CARTESIAN_POINT('',(0.9125,0.625,0.465));
#11202=CARTESIAN_POINT('',(0.65,0.625,0.465));
#11203=CARTESIAN_POINT('',(0.65,0.46875,0.465));
#11204=CARTESIAN_POINT('',(0.9125,0.46875,0.465));
#11205=CARTESIAN_POINT('',(0.9125,0.46875,0.465));
#11206=CARTESIAN_POINT('',(0.9125,0.625,0.465));
#11207=CARTESIAN_POINT('',(0.65,-0.46875,0.465));
#11208=CARTESIAN_POINT('',(0.65,-0.46875,0.5));
#11209=CARTESIAN_POINT('',(0.685,-0.46875,0.5));
#11210=CARTESIAN_POINT('',(0.685,-0.46875,0.5));
#11211=CARTESIAN_POINT('',(0.685,0.46875,0.5));
#11212=CARTESIAN_POINT('',(0.685,0.46875,0.5));
#11213=CARTESIAN_POINT('',(0.65,0.46875,0.5));
#11214=CARTESIAN_POINT('',(0.65,0.46875,0.465));
#11215=CARTESIAN_POINT('',(-0.9125,0.625,0.035));
#11216=CARTESIAN_POINT('',(-0.965,0.625,0.035));
#11217=CARTESIAN_POINT('',(-0.965,0.625,0.035));
#11218=CARTESIAN_POINT('',(-0.965,0.625,0.465));
#11219=CARTESIAN_POINT('',(-0.965,0.625,0.465));
#11220=CARTESIAN_POINT('',(-0.9125,0.625,0.465));
#11221=CARTESIAN_POINT('',(0.9125,0.625,0.465));
#11222=CARTESIAN_POINT('',(0.965,0.625,0.465));
#11223=CARTESIAN_POINT('',(0.965,0.625,0.465));
#11224=CARTESIAN_POINT('',(0.965,0.625,0.035));
#11225=CARTESIAN_POINT('',(0.965,0.625,0.035));
#11226=CARTESIAN_POINT('',(0.9125,0.625,0.035));
#11227=CARTESIAN_POINT('',(-0.685,0.46875,0.5));
#11228=CARTESIAN_POINT('',(-0.9125,0.46875,0.5));
#11229=CARTESIAN_POINT('',(-0.9125,0.46875,0.5));
#11230=CARTESIAN_POINT('',(-0.9125,0.46875,0.465));
#11231=CARTESIAN_POINT('',(-0.9125,0.46875,0.5));
#11232=CARTESIAN_POINT('',(-0.9125,0.625,0.5));
#11233=CARTESIAN_POINT('',(-0.9125,0.625,0.5));
#11234=CARTESIAN_POINT('',(-0.9125,0.625,0.465));
#11235=CARTESIAN_POINT('',(-0.9125,-0.46875,0.465));
#11236=CARTESIAN_POINT('',(-0.9125,-0.46875,0.5));
#11237=CARTESIAN_POINT('',(-0.9125,-0.46875,0.5));
#11238=CARTESIAN_POINT('',(-0.685,-0.46875,0.5));
#11239=CARTESIAN_POINT('',(-0.9125,0.625,0.5));
#11240=CARTESIAN_POINT('',(-0.965,0.625,0.5));
#11241=CARTESIAN_POINT('',(-0.965,0.625,0.5));
#11242=CARTESIAN_POINT('',(-0.965,-0.625,0.5));
#11243=CARTESIAN_POINT('',(-0.9125,-0.625,0.5));
#11244=CARTESIAN_POINT('',(-0.9125,-0.46875,0.5));
#11245=CARTESIAN_POINT('',(-0.9125,0.625,0.));
#11246=CARTESIAN_POINT('',(-0.965,0.625,0.));
#11247=CARTESIAN_POINT('',(-0.965,0.625,0.));
#11248=CARTESIAN_POINT('',(-0.965,-0.625,0.));
#11249=CARTESIAN_POINT('',(-0.9125,-0.625,0.));
#11250=CARTESIAN_POINT('',(-0.9125,-0.46875,0.));
#11251=CARTESIAN_POINT('',(-0.9125,-0.46875,0.));
#11252=CARTESIAN_POINT('',(-0.685,-0.46875,0.));
#11253=CARTESIAN_POINT('',(-0.685,-0.46875,0.));
#11254=CARTESIAN_POINT('',(-0.685,0.46875,0.));
#11255=CARTESIAN_POINT('',(-0.685,0.46875,0.));
#11256=CARTESIAN_POINT('',(-0.9125,0.46875,0.));
#11257=CARTESIAN_POINT('',(-0.9125,0.46875,0.));
#11258=CARTESIAN_POINT('',(-0.9125,0.625,0.));
#11259=CARTESIAN_POINT('',(-1.,-0.625,0.035));
#11260=CARTESIAN_POINT('',(-1.,0.625,0.035));
#11261=CARTESIAN_POINT('',(-1.,0.625,0.035));
#11262=CARTESIAN_POINT('',(-1.,0.625,0.));
#11263=CARTESIAN_POINT('',(-0.965,0.625,0.));
#11264=CARTESIAN_POINT('',(-0.965,-0.625,0.));
#11265=CARTESIAN_POINT('',(-1.,-0.625,0.));
#11266=CARTESIAN_POINT('',(-1.,-0.625,0.035));
#11267=CARTESIAN_POINT('',(-0.9125,-0.46875,0.035));
#11268=CARTESIAN_POINT('',(-0.9125,-0.46875,0.));
#11269=CARTESIAN_POINT('',(-1.,0.625,0.035));
#11270=CARTESIAN_POINT('',(-1.,0.625,0.465));
#11271=CARTESIAN_POINT('',(-1.,0.625,0.465));
#11272=CARTESIAN_POINT('',(-1.,-0.625,0.465));
#11273=CARTESIAN_POINT('',(-1.,-0.625,0.465));
#11274=CARTESIAN_POINT('',(-1.,-0.625,0.5));
#11275=CARTESIAN_POINT('',(-0.965,-0.625,0.5));
#11276=CARTESIAN_POINT('',(-0.965,0.625,0.5));
#11277=CARTESIAN_POINT('',(-1.,0.625,0.5));
#11278=CARTESIAN_POINT('',(-1.,0.625,0.465));
#11279=CARTESIAN_POINT('',(-0.65,-0.46875,0.035));
#11280=CARTESIAN_POINT('',(-0.65,-0.46875,0.));
#11281=CARTESIAN_POINT('',(-0.685,-0.46875,0.));
#11282=CARTESIAN_POINT('',(-0.685,0.46875,0.));
#11283=CARTESIAN_POINT('',(-0.65,0.46875,0.));
#11284=CARTESIAN_POINT('',(-0.65,0.46875,0.035));
#11285=CARTESIAN_POINT('',(-0.9125,0.46875,0.035));
#11286=CARTESIAN_POINT('',(-0.9125,0.46875,0.));
#11287=CARTESIAN_POINT('',(-0.9125,0.625,0.035));
#11288=CARTESIAN_POINT('',(-0.9125,0.625,0.));
#11289=CARTESIAN_POINT('',(0.9125,0.46875,0.035));
#11290=CARTESIAN_POINT('',(0.9125,0.46875,0.));
#11291=CARTESIAN_POINT('',(0.9125,0.46875,0.));
#11292=CARTESIAN_POINT('',(0.9125,0.625,0.));
#11293=CARTESIAN_POINT('',(0.9125,0.625,0.));
#11294=CARTESIAN_POINT('',(0.9125,0.625,0.035));
#11295=CARTESIAN_POINT('',(0.685,0.46875,0.));
#11296=CARTESIAN_POINT('',(0.9125,0.46875,0.));
#11297=CARTESIAN_POINT('',(0.65,0.46875,0.035));
#11298=CARTESIAN_POINT('',(0.65,0.46875,0.));
#11299=CARTESIAN_POINT('',(0.685,0.46875,0.));
#11300=CARTESIAN_POINT('',(0.685,0.46875,0.));
#11301=CARTESIAN_POINT('',(0.685,-0.46875,0.));
#11302=CARTESIAN_POINT('',(0.685,-0.46875,0.));
#11303=CARTESIAN_POINT('',(0.65,-0.46875,0.));
#11304=CARTESIAN_POINT('',(0.65,-0.46875,0.035));
#11305=CARTESIAN_POINT('',(0.9125,-0.46875,0.035));
#11306=CARTESIAN_POINT('',(0.9125,-0.46875,0.));
#11307=CARTESIAN_POINT('',(0.9125,-0.46875,0.));
#11308=CARTESIAN_POINT('',(0.685,-0.46875,0.));
#11309=CARTESIAN_POINT('',(0.9125,-0.625,0.));
#11310=CARTESIAN_POINT('',(0.9125,-0.46875,0.));
#11311=CARTESIAN_POINT('',(0.433012701892,0.5,0.0175));
#11312=CARTESIAN_POINT('',(0.433012701892,0.5,0.035));
#11313=CARTESIAN_POINT('',(0.433012701892,-0.5,0.035));
#11314=CARTESIAN_POINT('',(0.433012701892,-0.5,0.0175));
#11315=CARTESIAN_POINT('',(0.433012701892,-0.5,0.0175));
#11316=CARTESIAN_POINT('',(0.433012701892,0.5,0.0175));
#11317=CARTESIAN_POINT('',(-0.433012701892,0.,0.0175));
#11318=CARTESIAN_POINT('',(-0.433012701892,0.,0.035));
#11319=CARTESIAN_POINT('',(-0.433012701892,0.,0.035));
#11320=CARTESIAN_POINT('',(0.433012701892,0.5,0.035));
#11321=CARTESIAN_POINT('',(0.433012701892,0.5,0.0175));
#11322=CARTESIAN_POINT('',(-0.433012701892,0.,0.0175));
#11323=CARTESIAN_POINT('',(0.433012701892,-0.5,0.035));
#11324=CARTESIAN_POINT('',(-0.433012701892,0.,0.035));
#11325=CARTESIAN_POINT('',(-0.433012701892,0.,0.0175));
#11326=CARTESIAN_POINT('',(0.433012701892,-0.5,0.0175));
#11327=CARTESIAN_POINT('',(0.965,0.625,0.));
#11328=CARTESIAN_POINT('',(0.9125,0.625,0.));
#11329=CARTESIAN_POINT('',(0.965,-0.625,0.));
#11330=CARTESIAN_POINT('',(0.965,0.625,0.));
#11331=CARTESIAN_POINT('',(1.,-0.625,0.035));
#11332=CARTESIAN_POINT('',(1.,-0.625,0.));
#11333=CARTESIAN_POINT('',(0.965,-0.625,0.));
#11334=CARTESIAN_POINT('',(0.965,0.625,0.));
#11335=CARTESIAN_POINT('',(1.,0.625,0.));
#11336=CARTESIAN_POINT('',(1.,0.625,0.035));
#11337=CARTESIAN_POINT('',(1.,0.625,0.035));
#11338=CARTESIAN_POINT('',(1.,-0.625,0.035));
#11339=CARTESIAN_POINT('',(1.,0.625,0.035));
#11340=CARTESIAN_POINT('',(1.,0.625,0.465));
#11341=CARTESIAN_POINT('',(1.,0.625,0.465));
#11342=CARTESIAN_POINT('',(1.,-0.625,0.465));
#11343=CARTESIAN_POINT('',(1.,0.625,0.465));
#11344=CARTESIAN_POINT('',(1.,0.625,0.5));
#11345=CARTESIAN_POINT('',(0.965,0.625,0.5));
#11346=CARTESIAN_POINT('',(0.965,0.625,0.5));
#11347=CARTESIAN_POINT('',(0.965,-0.625,0.5));
#11348=CARTESIAN_POINT('',(0.965,-0.625,0.5));
#11349=CARTESIAN_POINT('',(1.,-0.625,0.5));
#11350=CARTESIAN_POINT('',(1.,-0.625,0.465));
#11351=CARTESIAN_POINT('',(0.965,0.625,0.5));
#11352=CARTESIAN_POINT('',(0.9125,0.625,0.5));
#11353=CARTESIAN_POINT('',(0.9125,0.625,0.5));
#11354=CARTESIAN_POINT('',(0.9125,0.46875,0.5));
#11355=CARTESIAN_POINT('',(0.9125,0.46875,0.5));
#11356=CARTESIAN_POINT('',(0.685,0.46875,0.5));
#11357=CARTESIAN_POINT('',(0.685,-0.46875,0.5));
#11358=CARTESIAN_POINT('',(0.9125,-0.46875,0.5));
#11359=CARTESIAN_POINT('',(0.9125,-0.46875,0.5));
#11360=CARTESIAN_POINT('',(0.9125,-0.625,0.5));
#11361=CARTESIAN_POINT('',(0.9125,-0.46875,0.465));
#11362=CARTESIAN_POINT('',(0.9125,-0.46875,0.5));
#11363=CARTESIAN_POINT('',(0.9125,0.46875,0.5));
#11364=CARTESIAN_POINT('',(0.9125,0.46875,0.465));
#11365=CARTESIAN_POINT('',(0.9125,0.625,0.465));
#11366=CARTESIAN_POINT('',(0.9125,0.625,0.5));
#11367=CARTESIAN_POINT('',(0.,0.,0.));
#11368=CARTESIAN_POINT('',(131.7475,-72.39,1.595));
#11369=CARTESIAN_POINT('',(0.,0.,0.));
#11370=CARTESIAN_POINT('',(-1.,0.720012,-0.591012));
#11371=CARTESIAN_POINT('',(-1.630012,-0.6,-0.645012));
#11372=CARTESIAN_POINT('',(-0.955,0.,0.045));
#11373=CARTESIAN_POINT('',(-0.955,0.,0.405));
#11374=CARTESIAN_POINT('',(-1.630012,0.6,-0.645012));
#11375=CARTESIAN_POINT('',(-1.576012,-0.720012,0.));
#11376=CARTESIAN_POINT('',(-0.745,0.,0.045));
#11377=CARTESIAN_POINT('',(-1.146012,-0.6,-0.591012));
#11378=CARTESIAN_POINT('',(-1.576012,-0.720012,0.45));
#11379=CARTESIAN_POINT('',(-0.745,0.,0.405));
#11380=CARTESIAN_POINT('',(-1.146012,0.6,-0.591012));
#11381=CARTESIAN_POINT('',(-0.840012,-0.720012,0.045));
#11382=CARTESIAN_POINT('',(0.0699879999999999,-0.6,-0.645012));
#11383=CARTESIAN_POINT('',(-0.840012,-0.6,-0.199512));
#11384=CARTESIAN_POINT('',(-0.7,0.720012,-0.199512));
#11385=CARTESIAN_POINT('',(0.0699879999999999,0.6,-0.645012));
#11386=CARTESIAN_POINT('',(-0.840012,0.6,-0.199512));
#11387=CARTESIAN_POINT('',(0.745,0.,0.0450000000000001));
#11388=CARTESIAN_POINT('',(0.123988,-0.720012,0.));
#11389=CARTESIAN_POINT('',(0.955,0.,0.045));
#11390=CARTESIAN_POINT('',(1.,0.720012,-0.591012));
#11391=CARTESIAN_POINT('',(0.955,0.,0.405));
#11392=CARTESIAN_POINT('',(0.123988,-0.720012,0.45));
#11393=CARTESIAN_POINT('',(0.745,0.,0.405));
#11394=CARTESIAN_POINT('',(0.7,0.720012,-0.199512));
#11395=CARTESIAN_POINT('',(-0.840012,-0.720012,0.45));
#11396=CARTESIAN_POINT('',(-1.,-0.6,0.405));
#11397=CARTESIAN_POINT('',(-1.,-0.6,0.045));
#11398=CARTESIAN_POINT('',(-1.,0.6,0.045));
#11399=CARTESIAN_POINT('',(-1.,0.6,0.405));
#11400=CARTESIAN_POINT('',(-0.745,-0.6,0.));
#11401=CARTESIAN_POINT('',(-0.955,-0.6,0.));
#11402=CARTESIAN_POINT('',(-0.955,-0.6,0.45));
#11403=CARTESIAN_POINT('',(-0.745,-0.6,0.45));
#11404=CARTESIAN_POINT('',(-0.7,-0.6,0.405));
#11405=CARTESIAN_POINT('',(-0.955,-0.6,0.405));
#11406=CARTESIAN_POINT('',(-0.955,-0.6,0.045));
#11407=CARTESIAN_POINT('',(-0.7,-0.6,0.045));
#11408=CARTESIAN_POINT('',(-0.955,0.6,0.));
#11409=CARTESIAN_POINT('',(-0.955,0.6,0.45));
#11410=CARTESIAN_POINT('',(-0.745,0.6,0.));
#11411=CARTESIAN_POINT('',(-0.745,0.6,0.45));
#11412=CARTESIAN_POINT('',(-0.7,0.6,0.405));
#11413=CARTESIAN_POINT('',(-0.955,0.6,0.405));
#11414=CARTESIAN_POINT('',(-0.955,0.6,0.045));
#11415=CARTESIAN_POINT('',(-0.7,0.6,0.045));
#11416=CARTESIAN_POINT('',(0.7,-0.6,0.405));
#11417=CARTESIAN_POINT('',(0.955,-0.6,0.405));
#11418=CARTESIAN_POINT('',(0.955,-0.6,0.045));
#11419=CARTESIAN_POINT('',(0.7,-0.6,0.045));
#11420=CARTESIAN_POINT('',(0.7,0.6,0.405));
#11421=CARTESIAN_POINT('',(0.955,0.6,0.405));
#11422=CARTESIAN_POINT('',(0.955,0.6,0.045));
#11423=CARTESIAN_POINT('',(0.7,0.6,0.045));
#11424=CARTESIAN_POINT('',(0.955,-0.6,0.));
#11425=CARTESIAN_POINT('',(0.745,-0.6,0.));
#11426=CARTESIAN_POINT('',(0.745,-0.6,0.45));
#11427=CARTESIAN_POINT('',(0.955,-0.6,0.45));
#11428=CARTESIAN_POINT('',(1.,-0.6,0.405));
#11429=CARTESIAN_POINT('',(1.,-0.6,0.045));
#11430=CARTESIAN_POINT('',(-0.7,-0.6,0.45));
#11431=CARTESIAN_POINT('',(0.7,-0.6,0.45));
#11432=CARTESIAN_POINT('',(-0.7,0.6,0.45));
#11433=CARTESIAN_POINT('',(0.955,0.6,0.));
#11434=CARTESIAN_POINT('',(0.745,0.6,0.));
#11435=CARTESIAN_POINT('',(0.745,0.6,0.45));
#11436=CARTESIAN_POINT('',(0.955,0.6,0.45));
#11437=CARTESIAN_POINT('',(1.,0.6,0.405));
#11438=CARTESIAN_POINT('',(1.,0.6,0.045));
#11439=CARTESIAN_POINT('',(0.7,0.6,0.45));
#11440=CARTESIAN_POINT('',(-1.,-0.6,0.405));
#11441=CARTESIAN_POINT('',(-1.,-0.6,0.045));
#11442=CARTESIAN_POINT('',(-1.,-0.6,0.045));
#11443=CARTESIAN_POINT('',(-1.,0.6,0.045));
#11444=CARTESIAN_POINT('',(-1.,0.6,0.045));
#11445=CARTESIAN_POINT('',(-1.,0.6,0.405));
#11446=CARTESIAN_POINT('',(-1.,0.6,0.405));
#11447=CARTESIAN_POINT('',(-1.,-0.6,0.405));
#11448=CARTESIAN_POINT('',(-0.745,-0.6,0.));
#11449=CARTESIAN_POINT('',(-0.955,-0.6,0.));
#11450=CARTESIAN_POINT('',(-0.955,-0.6,0.45));
#11451=CARTESIAN_POINT('',(-0.745,-0.6,0.45));
#11452=CARTESIAN_POINT('',(-0.7,-0.6,0.405));
#11453=CARTESIAN_POINT('',(-0.955,-0.6,0.405));
#11454=CARTESIAN_POINT('',(-0.955,-0.6,0.405));
#11455=CARTESIAN_POINT('',(-0.955,-0.6,0.045));
#11456=CARTESIAN_POINT('',(-0.955,-0.6,0.045));
#11457=CARTESIAN_POINT('',(-0.7,-0.6,0.045));
#11458=CARTESIAN_POINT('',(-1.,0.6,0.045));
#11459=CARTESIAN_POINT('',(-1.,0.6,0.));
#11460=CARTESIAN_POINT('',(-0.955,0.6,0.));
#11461=CARTESIAN_POINT('',(-0.955,0.6,0.));
#11462=CARTESIAN_POINT('',(-0.955,-0.6,0.));
#11463=CARTESIAN_POINT('',(-0.955,-0.6,5.55111512312578E-17));
#11464=CARTESIAN_POINT('',(-1.,-0.6,0.));
#11465=CARTESIAN_POINT('',(-1.,-0.6,0.045));
#11466=CARTESIAN_POINT('',(-1.,-0.6,0.405));
#11467=CARTESIAN_POINT('',(-1.,-0.6,0.45));
#11468=CARTESIAN_POINT('',(-0.955,-0.6,0.45));
#11469=CARTESIAN_POINT('',(-0.955,-0.6,0.45));
#11470=CARTESIAN_POINT('',(-0.955,0.6,0.45));
#11471=CARTESIAN_POINT('',(-0.955,0.6,0.45));
#11472=CARTESIAN_POINT('',(-1.,0.6,0.45));
#11473=CARTESIAN_POINT('',(-1.,0.6,0.405));
#11474=CARTESIAN_POINT('',(-0.745,0.6,0.));
#11475=CARTESIAN_POINT('',(-0.955,0.6,0.));
#11476=CARTESIAN_POINT('',(-0.955,0.6,0.45));
#11477=CARTESIAN_POINT('',(-0.745,0.6,0.45));
#11478=CARTESIAN_POINT('',(-0.7,0.6,0.405));
#11479=CARTESIAN_POINT('',(-0.955,0.6,0.405));
#11480=CARTESIAN_POINT('',(-0.955,0.6,0.405));
#11481=CARTESIAN_POINT('',(-0.955,0.6,0.045));
#11482=CARTESIAN_POINT('',(-0.955,0.6,0.045));
#11483=CARTESIAN_POINT('',(-0.7,0.6,0.045));
#11484=CARTESIAN_POINT('',(-0.745,-0.6,0.));
#11485=CARTESIAN_POINT('',(-0.745,0.6,0.));
#11486=CARTESIAN_POINT('',(-0.7,-0.6,0.045));
#11487=CARTESIAN_POINT('',(-0.7,-0.6,0.));
#11488=CARTESIAN_POINT('',(-0.745,-0.6,0.));
#11489=CARTESIAN_POINT('',(-0.7,0.6,0.045));
#11490=CARTESIAN_POINT('',(-0.7,0.6,0.));
#11491=CARTESIAN_POINT('',(-0.745,0.6,0.));
#11492=CARTESIAN_POINT('',(-0.7,0.6,0.045));
#11493=CARTESIAN_POINT('',(-0.7,-0.6,0.045));
#11494=CARTESIAN_POINT('',(-0.7,-0.6,0.405));
#11495=CARTESIAN_POINT('',(0.7,-0.6,0.405));
#11496=CARTESIAN_POINT('',(0.7,-0.6,0.405));
#11497=CARTESIAN_POINT('',(0.955,-0.6,0.405));
#11498=CARTESIAN_POINT('',(0.955,-0.6,0.405));
#11499=CARTESIAN_POINT('',(0.955,-0.6,0.045));
#11500=CARTESIAN_POINT('',(0.955,-0.6,0.045));
#11501=CARTESIAN_POINT('',(0.7,-0.6,0.045));
#11502=CARTESIAN_POINT('',(0.7,-0.6,0.045));
#11503=CARTESIAN_POINT('',(-0.7,-0.6,0.045));
#11504=CARTESIAN_POINT('',(-0.745,-0.6,0.45));
#11505=CARTESIAN_POINT('',(-0.745,0.6,0.45));
#11506=CARTESIAN_POINT('',(-0.7,-0.6,0.405));
#11507=CARTESIAN_POINT('',(-0.7,0.6,0.405));
#11508=CARTESIAN_POINT('',(-0.745,0.6,0.45));
#11509=CARTESIAN_POINT('',(-0.7,0.6,0.45));
#11510=CARTESIAN_POINT('',(-0.7,0.6,0.405));
#11511=CARTESIAN_POINT('',(-0.745,-0.6,0.45));
#11512=CARTESIAN_POINT('',(-0.7,-0.6,0.45));
#11513=CARTESIAN_POINT('',(-0.7,-0.6,0.405));
#11514=CARTESIAN_POINT('',(-0.7,0.6,0.405));
#11515=CARTESIAN_POINT('',(0.7,0.6,0.405));
#11516=CARTESIAN_POINT('',(0.7,0.6,0.405));
#11517=CARTESIAN_POINT('',(0.955,0.6,0.405));
#11518=CARTESIAN_POINT('',(0.955,0.6,0.405));
#11519=CARTESIAN_POINT('',(0.955,0.6,0.045));
#11520=CARTESIAN_POINT('',(0.955,0.6,0.045));
#11521=CARTESIAN_POINT('',(0.7,0.6,0.045));
#11522=CARTESIAN_POINT('',(0.7,0.6,0.045));
#11523=CARTESIAN_POINT('',(-0.7,0.6,0.045));
#11524=CARTESIAN_POINT('',(0.7,-0.6,0.045));
#11525=CARTESIAN_POINT('',(0.7,0.6,0.045));
#11526=CARTESIAN_POINT('',(0.955,-0.6,0.));
#11527=CARTESIAN_POINT('',(0.745,-0.6,0.));
#11528=CARTESIAN_POINT('',(0.745,-0.6,0.45));
#11529=CARTESIAN_POINT('',(0.955,-0.6,0.45));
#11530=CARTESIAN_POINT('',(1.,-0.6,0.405));
#11531=CARTESIAN_POINT('',(1.,-0.6,0.045));
#11532=CARTESIAN_POINT('',(-0.7,-0.6,0.405));
#11533=CARTESIAN_POINT('',(-0.7,-0.6,0.45));
#11534=CARTESIAN_POINT('',(-0.7,-0.6,0.45));
#11535=CARTESIAN_POINT('',(0.7,-0.6,0.45));
#11536=CARTESIAN_POINT('',(0.7,-0.6,0.45));
#11537=CARTESIAN_POINT('',(0.7,-0.6,0.405));
#11538=CARTESIAN_POINT('',(-0.7,0.6,0.405));
#11539=CARTESIAN_POINT('',(-0.7,0.6,0.45));
#11540=CARTESIAN_POINT('',(-0.7,0.6,0.45));
#11541=CARTESIAN_POINT('',(-0.7,-0.6,0.45));
#11542=CARTESIAN_POINT('',(0.955,0.6,0.));
#11543=CARTESIAN_POINT('',(0.745,0.6,0.));
#11544=CARTESIAN_POINT('',(0.745,0.6,0.45));
#11545=CARTESIAN_POINT('',(0.955,0.6,0.45));
#11546=CARTESIAN_POINT('',(1.,0.6,0.405));
#11547=CARTESIAN_POINT('',(1.,0.6,0.045));
#11548=CARTESIAN_POINT('',(-0.7,0.6,0.45));
#11549=CARTESIAN_POINT('',(0.7,0.6,0.45));
#11550=CARTESIAN_POINT('',(0.7,0.6,0.45));
#11551=CARTESIAN_POINT('',(0.7,0.6,0.405));
#11552=CARTESIAN_POINT('',(0.745,0.6,-2.77555756156289E-17));
#11553=CARTESIAN_POINT('',(0.7,0.6,0.));
#11554=CARTESIAN_POINT('',(0.7,0.6,0.045));
#11555=CARTESIAN_POINT('',(0.745,0.6,0.));
#11556=CARTESIAN_POINT('',(0.745,-0.6,0.));
#11557=CARTESIAN_POINT('',(0.745,-0.6,-2.77555756156289E-17));
#11558=CARTESIAN_POINT('',(0.7,-0.6,0.));
#11559=CARTESIAN_POINT('',(0.7,-0.6,0.045));
#11560=CARTESIAN_POINT('',(0.955,-0.6,0.));
#11561=CARTESIAN_POINT('',(0.955,0.6,0.));
#11562=CARTESIAN_POINT('',(1.,-0.6,0.045));
#11563=CARTESIAN_POINT('',(1.,-0.6,0.));
#11564=CARTESIAN_POINT('',(0.955,-0.6,0.));
#11565=CARTESIAN_POINT('',(1.,0.6,0.045));
#11566=CARTESIAN_POINT('',(1.,0.6,0.));
#11567=CARTESIAN_POINT('',(0.955,0.6,0.));
#11568=CARTESIAN_POINT('',(1.,0.6,0.045));
#11569=CARTESIAN_POINT('',(1.,-0.6,0.045));
#11570=CARTESIAN_POINT('',(1.,0.6,0.405));
#11571=CARTESIAN_POINT('',(1.,-0.6,0.405));
#11572=CARTESIAN_POINT('',(0.955,0.6,0.45));
#11573=CARTESIAN_POINT('',(1.,0.6,0.45));
#11574=CARTESIAN_POINT('',(1.,0.6,0.405));
#11575=CARTESIAN_POINT('',(0.955,0.6,0.45));
#11576=CARTESIAN_POINT('',(0.955,-0.6,0.45));
#11577=CARTESIAN_POINT('',(0.955,-0.6,0.45));
#11578=CARTESIAN_POINT('',(1.,-0.6,0.45));
#11579=CARTESIAN_POINT('',(1.,-0.6,0.405));
#11580=CARTESIAN_POINT('',(0.745,0.6,0.45));
#11581=CARTESIAN_POINT('',(0.745,-0.6,0.45));
#11582=CARTESIAN_POINT('',(0.7,-0.6,0.405));
#11583=CARTESIAN_POINT('',(0.7,-0.6,0.45));
#11584=CARTESIAN_POINT('',(0.745,-0.6,0.45));
#11585=CARTESIAN_POINT('',(0.7,0.6,0.405));
#11586=CARTESIAN_POINT('',(0.7,0.6,0.45));
#11587=CARTESIAN_POINT('',(0.745,0.6,0.45));
#11588=CARTESIAN_POINT('',(0.7,0.6,0.405));
#11589=CARTESIAN_POINT('',(0.7,-0.6,0.405));
#11590=CARTESIAN_POINT('',(0.7,0.6,0.45));
#11591=CARTESIAN_POINT('',(0.7,-0.6,0.45));
#11592=CARTESIAN_POINT('',(0.,0.,0.));
#11593=CARTESIAN_POINT('',(137.16,-75.8425,1.595));
#11594=CARTESIAN_POINT('',(0.,0.,0.));
#11595=CARTESIAN_POINT('',(146.05000132434,-69.84999867565,0.755));
#11596=CARTESIAN_POINT('',(105.536988,-68.58,1.661012));
#11597=CARTESIAN_POINT('',(147.32,-64.896988,1.661012));
#11598=CARTESIAN_POINT('',(104.012987341722,-130.048012054857,0.));
#11599=CARTESIAN_POINT('',(104.012987341722,-130.048012054857,1.51));
#11600=CARTESIAN_POINT('',(109.21999867565,-69.84999867565,0.755));
#11601=CARTESIAN_POINT('',(142.23999846897,-119.3799984689,0.755));
#11602=CARTESIAN_POINT('',(107.95,-124.333012,1.661012));
#11603=CARTESIAN_POINT('',(145.161012,-124.46,1.661012));
#11604=CARTESIAN_POINT('',(113.03000153102,-119.3799984689,0.755));
#11605=CARTESIAN_POINT('',(142.24,-116.84,0.755));
#11606=CARTESIAN_POINT('',(108.345,-83.735,0.755));
#11607=CARTESIAN_POINT('',(111.095,-83.735,0.755));
#11608=CARTESIAN_POINT('',(114.3,-73.66,0.755));
#11609=CARTESIAN_POINT('',(146.05,-68.58,0.));
#11610=CARTESIAN_POINT('',(146.05,-68.58,1.51));
#11611=CARTESIAN_POINT('',(147.32,-69.85,1.51));
#11612=CARTESIAN_POINT('',(147.32,-69.85,0.));
#11613=CARTESIAN_POINT('',(109.22,-68.58,0.));
#11614=CARTESIAN_POINT('',(109.22,-68.58,1.51));
#11615=CARTESIAN_POINT('',(147.32,-119.38,1.51));
#11616=CARTESIAN_POINT('',(147.32,-119.38,0.));
#11617=CARTESIAN_POINT('',(107.95,-69.85,0.));
#11618=CARTESIAN_POINT('',(107.95,-119.38,0.));
#11619=CARTESIAN_POINT('',(113.03,-124.46,0.));
#11620=CARTESIAN_POINT('',(142.24,-124.46,0.));
#11621=CARTESIAN_POINT('',(142.24,-118.09,0.));
#11622=CARTESIAN_POINT('',(108.345,-84.11,0.));
#11623=CARTESIAN_POINT('',(111.095,-84.11,0.));
#11624=CARTESIAN_POINT('',(114.3,-74.91,0.));
#11625=CARTESIAN_POINT('',(107.95,-69.85,1.51));
#11626=CARTESIAN_POINT('',(107.95,-119.38,1.51));
#11627=CARTESIAN_POINT('',(113.03,-124.46,1.51));
#11628=CARTESIAN_POINT('',(142.24,-124.46,1.51));
#11629=CARTESIAN_POINT('',(142.24,-118.09,1.51));
#11630=CARTESIAN_POINT('',(108.345,-84.11,1.51));
#11631=CARTESIAN_POINT('',(111.095,-84.11,1.51));
#11632=CARTESIAN_POINT('',(114.3,-74.91,1.51));
#11633=CARTESIAN_POINT('',(146.05,-68.58,0.));
#11634=CARTESIAN_POINT('',(146.05,-68.58,1.51));
#11635=CARTESIAN_POINT('',(146.05,-68.58,1.51));
#11636=CARTESIAN_POINT('',(146.576051451435,-68.5799994514386,1.51));
#11637=CARTESIAN_POINT('',(146.948025999998,-68.9519740000017,1.51));
#11638=CARTESIAN_POINT('',(147.320000548561,-69.3239485485648,1.51));
#11639=CARTESIAN_POINT('',(147.32,-69.85,1.51));
#11640=CARTESIAN_POINT('',(147.32,-69.85,1.51));
#11641=CARTESIAN_POINT('',(147.32,-69.85,0.));
#11642=CARTESIAN_POINT('',(147.32,-69.85,0.));
#11643=CARTESIAN_POINT('',(147.320000548561,-69.3239485485648,0.));
#11644=CARTESIAN_POINT('',(146.948025999998,-68.9519740000017,0.));
#11645=CARTESIAN_POINT('',(146.576051451435,-68.5799994514386,0.));
#11646=CARTESIAN_POINT('',(146.05,-68.58,0.));
#11647=CARTESIAN_POINT('',(109.22,-68.58,0.));
#11648=CARTESIAN_POINT('',(109.22,-68.58,1.51));
#11649=CARTESIAN_POINT('',(109.22,-68.58,1.51));
#11650=CARTESIAN_POINT('',(146.05,-68.58,1.51));
#11651=CARTESIAN_POINT('',(146.05,-68.58,0.));
#11652=CARTESIAN_POINT('',(109.22,-68.58,0.));
#11653=CARTESIAN_POINT('',(147.32,-69.85,1.51));
#11654=CARTESIAN_POINT('',(147.32,-119.38,1.51));
#11655=CARTESIAN_POINT('',(147.32,-119.38,1.51));
#11656=CARTESIAN_POINT('',(147.32,-119.38,0.));
#11657=CARTESIAN_POINT('',(147.32,-119.38,0.));
#11658=CARTESIAN_POINT('',(147.32,-69.85,0.));
#11659=CARTESIAN_POINT('',(107.95,-69.85,0.));
#11660=CARTESIAN_POINT('',(107.95,-119.38,0.));
#11661=CARTESIAN_POINT('',(113.03,-124.46,0.));
#11662=CARTESIAN_POINT('',(142.24,-124.46,0.));
#11663=CARTESIAN_POINT('',(107.95,-69.85,1.51));
#11664=CARTESIAN_POINT('',(107.95,-119.38,1.51));
#11665=CARTESIAN_POINT('',(113.03,-124.46,1.51));
#11666=CARTESIAN_POINT('',(142.24,-124.46,1.51));
#11667=CARTESIAN_POINT('',(107.95,-69.85,0.));
#11668=CARTESIAN_POINT('',(107.95,-69.85,1.51));
#11669=CARTESIAN_POINT('',(109.22,-68.58,1.51));
#11670=CARTESIAN_POINT('',(108.693948548563,-68.5799994514345,1.51));
#11671=CARTESIAN_POINT('',(108.321973999999,-68.9519739999988,1.51));
#11672=CARTESIAN_POINT('',(107.949999451435,-69.3239485485631,1.51));
#11673=CARTESIAN_POINT('',(107.95,-69.85,1.51));
#11674=CARTESIAN_POINT('',(109.22,-68.58,0.));
#11675=CARTESIAN_POINT('',(108.693948548563,-68.5799994514345,0.));
#11676=CARTESIAN_POINT('',(108.321973999999,-68.9519739999988,0.));
#11677=CARTESIAN_POINT('',(107.949999451435,-69.3239485485631,0.));
#11678=CARTESIAN_POINT('',(107.95,-69.85,0.));
#11679=CARTESIAN_POINT('',(142.24,-124.46,1.51));
#11680=CARTESIAN_POINT('',(147.3199984689,-124.4599984689,1.51));
#11681=CARTESIAN_POINT('',(147.32,-119.38,1.51));
#11682=CARTESIAN_POINT('',(142.24,-124.46,1.51));
#11683=CARTESIAN_POINT('',(142.24,-124.46,0.));
#11684=CARTESIAN_POINT('',(142.24,-124.46,0.));
#11685=CARTESIAN_POINT('',(147.3199984689,-124.4599984689,0.));
#11686=CARTESIAN_POINT('',(147.32,-119.38,0.));
#11687=CARTESIAN_POINT('',(107.95,-119.38,0.));
#11688=CARTESIAN_POINT('',(107.95,-119.38,1.51));
#11689=CARTESIAN_POINT('',(113.03,-124.46,0.));
#11690=CARTESIAN_POINT('',(113.03,-124.46,1.51));
#11691=CARTESIAN_POINT('',(107.95,-119.38,1.51));
#11692=CARTESIAN_POINT('',(107.95000153109,-124.45999846891,1.51));
#11693=CARTESIAN_POINT('',(113.03,-124.46,1.51));
#11694=CARTESIAN_POINT('',(107.95,-119.38,0.));
#11695=CARTESIAN_POINT('',(107.95000153109,-124.45999846891,0.));
#11696=CARTESIAN_POINT('',(113.03,-124.46,0.));
#11697=CARTESIAN_POINT('',(142.24,-118.09,1.51));
#11698=CARTESIAN_POINT('',(140.99,-118.09,1.51));
#11699=CARTESIAN_POINT('',(140.99,-116.84,1.51));
#11700=CARTESIAN_POINT('',(140.99,-115.59,1.51));
#11701=CARTESIAN_POINT('',(142.24,-115.59,1.51));
#11702=CARTESIAN_POINT('',(143.49,-115.59,1.51));
#11703=CARTESIAN_POINT('',(143.49,-116.84,1.51));
#11704=CARTESIAN_POINT('',(143.49,-118.09,1.51));
#11705=CARTESIAN_POINT('',(142.24,-118.09,1.51));
#11706=CARTESIAN_POINT('',(142.24,-118.09,0.));
#11707=CARTESIAN_POINT('',(140.99,-118.09,0.));
#11708=CARTESIAN_POINT('',(140.99,-116.84,0.));
#11709=CARTESIAN_POINT('',(140.99,-115.59,0.));
#11710=CARTESIAN_POINT('',(142.24,-115.59,0.));
#11711=CARTESIAN_POINT('',(143.49,-115.59,0.));
#11712=CARTESIAN_POINT('',(143.49,-116.84,0.));
#11713=CARTESIAN_POINT('',(143.49,-118.09,0.));
#11714=CARTESIAN_POINT('',(142.24,-118.09,0.));
#11715=CARTESIAN_POINT('',(142.24,-118.09,1.51));
#11716=CARTESIAN_POINT('',(142.24,-118.09,0.));
#11717=CARTESIAN_POINT('',(108.345,-84.11,1.51));
#11718=CARTESIAN_POINT('',(107.97,-84.11,1.51));
#11719=CARTESIAN_POINT('',(107.97,-83.735,1.51));
#11720=CARTESIAN_POINT('',(107.97,-83.36,1.51));
#11721=CARTESIAN_POINT('',(108.345,-83.36,1.51));
#11722=CARTESIAN_POINT('',(108.72,-83.36,1.51));
#11723=CARTESIAN_POINT('',(108.72,-83.735,1.51));
#11724=CARTESIAN_POINT('',(108.72,-84.11,1.51));
#11725=CARTESIAN_POINT('',(108.345,-84.11,1.51));
#11726=CARTESIAN_POINT('',(108.345,-84.11,0.));
#11727=CARTESIAN_POINT('',(107.97,-84.11,0.));
#11728=CARTESIAN_POINT('',(107.97,-83.735,0.));
#11729=CARTESIAN_POINT('',(107.97,-83.36,0.));
#11730=CARTESIAN_POINT('',(108.345,-83.36,0.));
#11731=CARTESIAN_POINT('',(108.72,-83.36,0.));
#11732=CARTESIAN_POINT('',(108.72,-83.735,0.));
#11733=CARTESIAN_POINT('',(108.72,-84.11,0.));
#11734=CARTESIAN_POINT('',(108.345,-84.11,0.));
#11735=CARTESIAN_POINT('',(108.345,-84.11,1.51));
#11736=CARTESIAN_POINT('',(108.345,-84.11,0.));
#11737=CARTESIAN_POINT('',(111.095,-84.11,1.51));
#11738=CARTESIAN_POINT('',(110.72,-84.11,1.51));
#11739=CARTESIAN_POINT('',(110.72,-83.735,1.51));
#11740=CARTESIAN_POINT('',(110.72,-83.36,1.51));
#11741=CARTESIAN_POINT('',(111.095,-83.36,1.51));
#11742=CARTESIAN_POINT('',(111.47,-83.36,1.51));
#11743=CARTESIAN_POINT('',(111.47,-83.735,1.51));
#11744=CARTESIAN_POINT('',(111.47,-84.11,1.51));
#11745=CARTESIAN_POINT('',(111.095,-84.11,1.51));
#11746=CARTESIAN_POINT('',(111.095,-84.11,0.));
#11747=CARTESIAN_POINT('',(110.72,-84.11,0.));
#11748=CARTESIAN_POINT('',(110.72,-83.735,0.));
#11749=CARTESIAN_POINT('',(110.72,-83.36,0.));
#11750=CARTESIAN_POINT('',(111.095,-83.36,0.));
#11751=CARTESIAN_POINT('',(111.47,-83.36,0.));
#11752=CARTESIAN_POINT('',(111.47,-83.735,0.));
#11753=CARTESIAN_POINT('',(111.47,-84.11,0.));
#11754=CARTESIAN_POINT('',(111.095,-84.11,0.));
#11755=CARTESIAN_POINT('',(111.095,-84.11,1.51));
#11756=CARTESIAN_POINT('',(111.095,-84.11,0.));
#11757=CARTESIAN_POINT('',(114.3,-74.91,1.51));
#11758=CARTESIAN_POINT('',(113.05,-74.91,1.51));
#11759=CARTESIAN_POINT('',(113.05,-73.66,1.51));
#11760=CARTESIAN_POINT('',(113.05,-72.41,1.51));
#11761=CARTESIAN_POINT('',(114.3,-72.41,1.51));
#11762=CARTESIAN_POINT('',(115.55,-72.41,1.51));
#11763=CARTESIAN_POINT('',(115.55,-73.66,1.51));
#11764=CARTESIAN_POINT('',(115.55,-74.91,1.51));
#11765=CARTESIAN_POINT('',(114.3,-74.91,1.51));
#11766=CARTESIAN_POINT('',(114.3,-74.91,0.));
#11767=CARTESIAN_POINT('',(113.05,-74.91,0.));
#11768=CARTESIAN_POINT('',(113.05,-73.66,0.));
#11769=CARTESIAN_POINT('',(113.05,-72.41,0.));
#11770=CARTESIAN_POINT('',(114.3,-72.41,0.));
#11771=CARTESIAN_POINT('',(115.55,-72.41,0.));
#11772=CARTESIAN_POINT('',(115.55,-73.66,0.));
#11773=CARTESIAN_POINT('',(115.55,-74.91,0.));
#11774=CARTESIAN_POINT('',(114.3,-74.91,0.));
#11775=CARTESIAN_POINT('',(114.3,-74.91,1.51));
#11776=CARTESIAN_POINT('',(114.3,-74.91,0.));
#11777=CARTESIAN_POINT('',(0.,0.,0.));
#11778=CARTESIAN_POINT('',(0.,0.,0.));
#11779=CARTESIAN_POINT('',(60.7042308249901,-0.198581270104086,3.));
#11780=CARTESIAN_POINT('',(175.00423082499,-73.8585812701041,1.5));
#11781=CARTESIAN_POINT('',(175.00423082499,-73.8585812701041,1.5));
#11782=CARTESIAN_POINT('',(171.25423082499,-77.6085812701041,0.));
#11783=CARTESIAN_POINT('',(171.25423082499,-77.6085812701041,3.));
#11784=CARTESIAN_POINT('',(178.00423082499,-73.8585812701041,0.));
#11785=CARTESIAN_POINT('',(178.00423082499,-73.8585812701041,3.));
#11786=CARTESIAN_POINT('',(176.80423082499,-73.8585812701041,0.));
#11787=CARTESIAN_POINT('',(176.80423082499,-73.8585812701041,3.));
#11788=CARTESIAN_POINT('',(178.00423082499,-73.8585812701041,0.));
#11789=CARTESIAN_POINT('',(178.00423082499,-70.8585812701041,0.));
#11790=CARTESIAN_POINT('',(175.00423082499,-70.8585812701041,0.));
#11791=CARTESIAN_POINT('',(172.00423082499,-70.8585812701041,0.));
#11792=CARTESIAN_POINT('',(172.00423082499,-73.8585812701041,0.));
#11793=CARTESIAN_POINT('',(172.00423082499,-76.8585812701041,0.));
#11794=CARTESIAN_POINT('',(175.00423082499,-76.8585812701041,0.));
#11795=CARTESIAN_POINT('',(178.00423082499,-76.8585812701041,0.));
#11796=CARTESIAN_POINT('',(178.00423082499,-73.8585812701041,0.));
#11797=CARTESIAN_POINT('',(178.00423082499,-73.8585812701041,0.));
#11798=CARTESIAN_POINT('',(178.00423082499,-73.8585812701041,3.));
#11799=CARTESIAN_POINT('',(178.00423082499,-73.8585812701041,3.));
#11800=CARTESIAN_POINT('',(178.00423082499,-70.8585812701041,3.));
#11801=CARTESIAN_POINT('',(175.00423082499,-70.8585812701041,3.));
#11802=CARTESIAN_POINT('',(172.00423082499,-70.8585812701041,3.));
#11803=CARTESIAN_POINT('',(172.00423082499,-73.8585812701041,3.));
#11804=CARTESIAN_POINT('',(172.00423082499,-76.8585812701041,3.));
#11805=CARTESIAN_POINT('',(175.00423082499,-76.8585812701041,3.));
#11806=CARTESIAN_POINT('',(178.00423082499,-76.8585812701041,3.));
#11807=CARTESIAN_POINT('',(178.00423082499,-73.8585812701041,3.));
#11808=CARTESIAN_POINT('',(176.80423082499,-73.8585812701041,0.));
#11809=CARTESIAN_POINT('',(176.80423082499,-75.6585812701041,0.));
#11810=CARTESIAN_POINT('',(175.00423082499,-75.6585812701041,0.));
#11811=CARTESIAN_POINT('',(173.20423082499,-75.6585812701041,0.));
#11812=CARTESIAN_POINT('',(173.20423082499,-73.8585812701041,0.));
#11813=CARTESIAN_POINT('',(173.20423082499,-72.0585812701041,0.));
#11814=CARTESIAN_POINT('',(175.00423082499,-72.0585812701041,0.));
#11815=CARTESIAN_POINT('',(176.80423082499,-72.0585812701041,0.));
#11816=CARTESIAN_POINT('',(176.80423082499,-73.8585812701041,0.));
#11817=CARTESIAN_POINT('',(176.80423082499,-73.8585812701041,0.));
#11818=CARTESIAN_POINT('',(176.80423082499,-73.8585812701041,3.));
#11819=CARTESIAN_POINT('',(176.80423082499,-73.8585812701041,3.));
#11820=CARTESIAN_POINT('',(176.80423082499,-75.6585812701041,3.));
#11821=CARTESIAN_POINT('',(175.00423082499,-75.6585812701041,3.));
#11822=CARTESIAN_POINT('',(173.20423082499,-75.6585812701041,3.));
#11823=CARTESIAN_POINT('',(173.20423082499,-73.8585812701041,3.));
#11824=CARTESIAN_POINT('',(173.20423082499,-72.0585812701041,3.));
#11825=CARTESIAN_POINT('',(175.00423082499,-72.0585812701041,3.));
#11826=CARTESIAN_POINT('',(176.80423082499,-72.0585812701041,3.));
#11827=CARTESIAN_POINT('',(176.80423082499,-73.8585812701041,3.));
#11828=CARTESIAN_POINT('',(0.,0.,0.));
ENDSEC;
END-ISO-10303-21;
