ISO-10303-21;
HEADER;
FILE_DESCRIPTION(('KiCad electronic assembly'),'2;1');
FILE_NAME('schematic.step','2026-03-07T12:27:03',('Pcbnew'),('Kicad'),
  'Open CASCADE STEP processor 7.9','KiCad to STEP converter','Unknown'
  );
FILE_SCHEMA(('AUTOMOTIVE_DESIGN { 1 0 10303 214 1 1 1 1 }'));
ENDSEC;
DATA;
#1 = APPLICATION_PROTOCOL_DEFINITION('international standard',
  'automotive_design',2000,#2);
#2 = APPLICATION_CONTEXT(
  'core data for automotive mechanical design processes');
#3 = SHAPE_DEFINITION_REPRESENTATION(#4,#10);
#4 = PRODUCT_DEFINITION_SHAPE('','',#5);
#5 = PRODUCT_DEFINITION('design','',#6,#9);
#6 = PRODUCT_DEFINITION_FORMATION('','',#7);
#7 = PRODUCT('schematic 1','schematic 1','',(#8));
#8 = PRODUCT_CONTEXT('',#2,'mechanical');
#9 = PRODUCT_DEFINITION_CONTEXT('part definition',#2,'design');
#10 = SHAPE_REPRESENTATION('',(#11,#15,#19,#23,#27,#31,#35,#39,#43,#47,
    #51,#55),#59);
#11 = AXIS2_PLACEMENT_3D('',#12,#13,#14);
#12 = CARTESIAN_POINT('',(0.,0.,0.));
#13 = DIRECTION('',(0.,0.,1.));
#14 = DIRECTION('',(1.,0.,-0.));
#15 = AXIS2_PLACEMENT_3D('',#16,#17,#18);
#16 = CARTESIAN_POINT('',(90.04,-81.79,1.595));
#17 = DIRECTION('',(0.,-0.,1.));
#18 = DIRECTION('',(1.110223024625E-16,1.,0.));
#19 = AXIS2_PLACEMENT_3D('',#20,#21,#22);
#20 = CARTESIAN_POINT('',(85.04,-81.79,1.595));
#21 = DIRECTION('',(0.,-0.,1.));
#22 = DIRECTION('',(1.110223024625E-16,1.,0.));
#23 = AXIS2_PLACEMENT_3D('',#24,#25,#26);
#24 = CARTESIAN_POINT('',(107.54,-87.5,1.595));
#25 = DIRECTION('',(-0.,0.,1.));
#26 = DIRECTION('',(1.110223024625E-16,-1.,0.));
#27 = AXIS2_PLACEMENT_3D('',#28,#29,#30);
#28 = CARTESIAN_POINT('',(89.92,-122.5,1.595));
#29 = DIRECTION('',(0.,-0.,1.));
#30 = DIRECTION('',(1.110223024625E-16,1.,0.));
#31 = AXIS2_PLACEMENT_3D('',#32,#33,#34);
#32 = CARTESIAN_POINT('',(90.,-97.5,1.595));
#33 = DIRECTION('',(0.,-0.,1.));
#34 = DIRECTION('',(1.110223024625E-16,1.,0.));
#35 = AXIS2_PLACEMENT_3D('',#36,#37,#38);
#36 = CARTESIAN_POINT('',(107.5,-107.5,1.595));
#37 = DIRECTION('',(-0.,0.,1.));
#38 = DIRECTION('',(1.110223024625E-16,-1.,0.));
#39 = AXIS2_PLACEMENT_3D('',#40,#41,#42);
#40 = CARTESIAN_POINT('',(85.,-97.5,1.595));
#41 = DIRECTION('',(0.,-0.,1.));
#42 = DIRECTION('',(1.110223024625E-16,1.,0.));
#43 = AXIS2_PLACEMENT_3D('',#44,#45,#46);
#44 = CARTESIAN_POINT('',(85.,-67.42,-8.5E-02));
#45 = DIRECTION('',(1.499759782662E-32,1.224646799147E-16,-1.));
#46 = DIRECTION('',(-1.,1.224646799147E-16,0.));
#47 = AXIS2_PLACEMENT_3D('',#48,#49,#50);
#48 = CARTESIAN_POINT('',(99.25,-117.,-8.5E-02));
#49 = DIRECTION('',(0.,-1.224646799147E-16,-1.));
#50 = DIRECTION('',(1.,0.,0.));
#51 = AXIS2_PLACEMENT_3D('',#52,#53,#54);
#52 = CARTESIAN_POINT('',(103.77,-105.,-8.5E-02));
#53 = DIRECTION('',(1.499759782662E-32,1.224646799147E-16,-1.));
#54 = DIRECTION('',(-1.,1.224646799147E-16,0.));
#55 = AXIS2_PLACEMENT_3D('',#56,#57,#58);
#56 = CARTESIAN_POINT('',(0.,0.,0.));
#57 = DIRECTION('',(0.,0.,1.));
#58 = DIRECTION('',(1.,0.,-0.));
#59 = ( GEOMETRIC_REPRESENTATION_CONTEXT(3) 
GLOBAL_UNCERTAINTY_ASSIGNED_CONTEXT((#63)) GLOBAL_UNIT_ASSIGNED_CONTEXT(
(#60,#61,#62)) REPRESENTATION_CONTEXT('Context #1',
  '3D Context with UNIT and UNCERTAINTY') );
#60 = ( LENGTH_UNIT() NAMED_UNIT(*) SI_UNIT(.MILLI.,.METRE.) );
#61 = ( NAMED_UNIT(*) PLANE_ANGLE_UNIT() SI_UNIT($,.RADIAN.) );
#62 = ( NAMED_UNIT(*) SI_UNIT($,.STERADIAN.) SOLID_ANGLE_UNIT() );
#63 = UNCERTAINTY_MEASURE_WITH_UNIT(LENGTH_MEASURE(1.E-07),#60,
  'distance_accuracy_value','confusion accuracy');
#64 = PRODUCT_RELATED_PRODUCT_CATEGORY('part',$,(#7));
#65 = SHAPE_DEFINITION_REPRESENTATION(#66,#72);
#66 = PRODUCT_DEFINITION_SHAPE('','',#67);
#67 = PRODUCT_DEFINITION('design','',#68,#71);
#68 = PRODUCT_DEFINITION_FORMATION('','',#69);
#69 = PRODUCT('C_0805_2012Metric','C_0805_2012Metric','',(#70));
#70 = PRODUCT_CONTEXT('',#2,'mechanical');
#71 = PRODUCT_DEFINITION_CONTEXT('part definition',#2,'design');
#72 = ADVANCED_BREP_SHAPE_REPRESENTATION('',(#11,#73),#927);
#73 = MANIFOLD_SOLID_BREP('',#74);
#74 = CLOSED_SHELL('',(#75,#151,#182,#207,#232,#256,#280,#305,#330,#347,
    #433,#465,#489,#514,#538,#563,#587,#612,#629,#715,#746,#771,#796,
    #820,#844,#869,#894,#911));
#75 = ADVANCED_FACE('',(#76),#146,.F.);
#76 = FACE_BOUND('',#77,.F.);
#77 = EDGE_LOOP('',(#78,#88,#97,#105,#114,#122,#131,#139));
#78 = ORIENTED_EDGE('',*,*,#79,.F.);
#79 = EDGE_CURVE('',#80,#82,#84,.T.);
#80 = VERTEX_POINT('',#81);
#81 = CARTESIAN_POINT('',(-1.,-0.625,4.E-02));
#82 = VERTEX_POINT('',#83);
#83 = CARTESIAN_POINT('',(-1.,-0.625,1.21));
#84 = LINE('',#85,#86);
#85 = CARTESIAN_POINT('',(-1.,-0.625,0.));
#86 = VECTOR('',#87,1.);
#87 = DIRECTION('',(0.,0.,1.));
#88 = ORIENTED_EDGE('',*,*,#89,.T.);
#89 = EDGE_CURVE('',#80,#90,#92,.T.);
#90 = VERTEX_POINT('',#91);
#91 = CARTESIAN_POINT('',(-1.,-0.585,0.));
#92 = CIRCLE('',#93,4.E-02);
#93 = AXIS2_PLACEMENT_3D('',#94,#95,#96);
#94 = CARTESIAN_POINT('',(-1.,-0.585,4.E-02));
#95 = DIRECTION('',(1.,0.,-0.));
#96 = DIRECTION('',(0.,0.,1.));
#97 = ORIENTED_EDGE('',*,*,#98,.T.);
#98 = EDGE_CURVE('',#90,#99,#101,.T.);
#99 = VERTEX_POINT('',#100);
#100 = CARTESIAN_POINT('',(-1.,0.585,0.));
#101 = LINE('',#102,#103);
#102 = CARTESIAN_POINT('',(-1.,-0.625,0.));
#103 = VECTOR('',#104,1.);
#104 = DIRECTION('',(0.,1.,0.));
#105 = ORIENTED_EDGE('',*,*,#106,.F.);
#106 = EDGE_CURVE('',#107,#99,#109,.T.);
#107 = VERTEX_POINT('',#108);
#108 = CARTESIAN_POINT('',(-1.,0.625,4.E-02));
#109 = CIRCLE('',#110,4.E-02);
#110 = AXIS2_PLACEMENT_3D('',#111,#112,#113);
#111 = CARTESIAN_POINT('',(-1.,0.585,4.E-02));
#112 = DIRECTION('',(-1.,0.,0.));
#113 = DIRECTION('',(0.,0.,1.));
#114 = ORIENTED_EDGE('',*,*,#115,.T.);
#115 = EDGE_CURVE('',#107,#116,#118,.T.);
#116 = VERTEX_POINT('',#117);
#117 = CARTESIAN_POINT('',(-1.,0.625,1.21));
#118 = LINE('',#119,#120);
#119 = CARTESIAN_POINT('',(-1.,0.625,0.));
#120 = VECTOR('',#121,1.);
#121 = DIRECTION('',(0.,0.,1.));
#122 = ORIENTED_EDGE('',*,*,#123,.T.);
#123 = EDGE_CURVE('',#116,#124,#126,.T.);
#124 = VERTEX_POINT('',#125);
#125 = CARTESIAN_POINT('',(-1.,0.585,1.25));
#126 = CIRCLE('',#127,4.E-02);
#127 = AXIS2_PLACEMENT_3D('',#128,#129,#130);
#128 = CARTESIAN_POINT('',(-1.,0.585,1.21));
#129 = DIRECTION('',(1.,0.,-0.));
#130 = DIRECTION('',(0.,0.,1.));
#131 = ORIENTED_EDGE('',*,*,#132,.F.);
#132 = EDGE_CURVE('',#133,#124,#135,.T.);
#133 = VERTEX_POINT('',#134);
#134 = CARTESIAN_POINT('',(-1.,-0.585,1.25));
#135 = LINE('',#136,#137);
#136 = CARTESIAN_POINT('',(-1.,-0.625,1.25));
#137 = VECTOR('',#138,1.);
#138 = DIRECTION('',(0.,1.,0.));
#139 = ORIENTED_EDGE('',*,*,#140,.F.);
#140 = EDGE_CURVE('',#82,#133,#141,.T.);
#141 = CIRCLE('',#142,4.E-02);
#142 = AXIS2_PLACEMENT_3D('',#143,#144,#145);
#143 = CARTESIAN_POINT('',(-1.,-0.585,1.21));
#144 = DIRECTION('',(-1.,0.,0.));
#145 = DIRECTION('',(0.,0.,1.));
#146 = PLANE('',#147);
#147 = AXIS2_PLACEMENT_3D('',#148,#149,#150);
#148 = CARTESIAN_POINT('',(-1.,-0.625,0.));
#149 = DIRECTION('',(1.,0.,0.));
#150 = DIRECTION('',(0.,0.,1.));
#151 = ADVANCED_FACE('',(#152),#177,.F.);
#152 = FACE_BOUND('',#153,.F.);
#153 = EDGE_LOOP('',(#154,#164,#170,#171));
#154 = ORIENTED_EDGE('',*,*,#155,.F.);
#155 = EDGE_CURVE('',#156,#158,#160,.T.);
#156 = VERTEX_POINT('',#157);
#157 = CARTESIAN_POINT('',(-0.6,-0.625,4.E-02));
#158 = VERTEX_POINT('',#159);
#159 = CARTESIAN_POINT('',(-0.6,-0.625,1.21));
#160 = LINE('',#161,#162);
#161 = CARTESIAN_POINT('',(-0.6,-0.625,0.));
#162 = VECTOR('',#163,1.);
#163 = DIRECTION('',(0.,0.,1.));
#164 = ORIENTED_EDGE('',*,*,#165,.F.);
#165 = EDGE_CURVE('',#80,#156,#166,.T.);
#166 = LINE('',#167,#168);
#167 = CARTESIAN_POINT('',(-1.,-0.625,4.E-02));
#168 = VECTOR('',#169,1.);
#169 = DIRECTION('',(1.,0.,0.));
#170 = ORIENTED_EDGE('',*,*,#79,.T.);
#171 = ORIENTED_EDGE('',*,*,#172,.T.);
#172 = EDGE_CURVE('',#82,#158,#173,.T.);
#173 = LINE('',#174,#175);
#174 = CARTESIAN_POINT('',(-1.,-0.625,1.21));
#175 = VECTOR('',#176,1.);
#176 = DIRECTION('',(1.,0.,0.));
#177 = PLANE('',#178);
#178 = AXIS2_PLACEMENT_3D('',#179,#180,#181);
#179 = CARTESIAN_POINT('',(-1.,-0.625,0.));
#180 = DIRECTION('',(0.,1.,0.));
#181 = DIRECTION('',(0.,-0.,1.));
#182 = ADVANCED_FACE('',(#183),#202,.T.);
#183 = FACE_BOUND('',#184,.T.);
#184 = EDGE_LOOP('',(#185,#186,#194,#201));
#185 = ORIENTED_EDGE('',*,*,#89,.T.);
#186 = ORIENTED_EDGE('',*,*,#187,.T.);
#187 = EDGE_CURVE('',#90,#188,#190,.T.);
#188 = VERTEX_POINT('',#189);
#189 = CARTESIAN_POINT('',(-0.6,-0.585,0.));
#190 = LINE('',#191,#192);
#191 = CARTESIAN_POINT('',(-1.,-0.585,0.));
#192 = VECTOR('',#193,1.);
#193 = DIRECTION('',(1.,0.,0.));
#194 = ORIENTED_EDGE('',*,*,#195,.F.);
#195 = EDGE_CURVE('',#156,#188,#196,.T.);
#196 = CIRCLE('',#197,4.E-02);
#197 = AXIS2_PLACEMENT_3D('',#198,#199,#200);
#198 = CARTESIAN_POINT('',(-0.6,-0.585,4.E-02));
#199 = DIRECTION('',(1.,0.,-0.));
#200 = DIRECTION('',(0.,0.,1.));
#201 = ORIENTED_EDGE('',*,*,#165,.F.);
#202 = CYLINDRICAL_SURFACE('',#203,4.E-02);
#203 = AXIS2_PLACEMENT_3D('',#204,#205,#206);
#204 = CARTESIAN_POINT('',(-1.,-0.585,4.E-02));
#205 = DIRECTION('',(1.,0.,0.));
#206 = DIRECTION('',(0.,-1.,0.));
#207 = ADVANCED_FACE('',(#208),#227,.T.);
#208 = FACE_BOUND('',#209,.T.);
#209 = EDGE_LOOP('',(#210,#211,#220,#226));
#210 = ORIENTED_EDGE('',*,*,#172,.T.);
#211 = ORIENTED_EDGE('',*,*,#212,.T.);
#212 = EDGE_CURVE('',#158,#213,#215,.T.);
#213 = VERTEX_POINT('',#214);
#214 = CARTESIAN_POINT('',(-0.6,-0.585,1.25));
#215 = CIRCLE('',#216,4.E-02);
#216 = AXIS2_PLACEMENT_3D('',#217,#218,#219);
#217 = CARTESIAN_POINT('',(-0.6,-0.585,1.21));
#218 = DIRECTION('',(-1.,0.,0.));
#219 = DIRECTION('',(0.,0.,1.));
#220 = ORIENTED_EDGE('',*,*,#221,.F.);
#221 = EDGE_CURVE('',#133,#213,#222,.T.);
#222 = LINE('',#223,#224);
#223 = CARTESIAN_POINT('',(-1.,-0.585,1.25));
#224 = VECTOR('',#225,1.);
#225 = DIRECTION('',(1.,0.,0.));
#226 = ORIENTED_EDGE('',*,*,#140,.F.);
#227 = CYLINDRICAL_SURFACE('',#228,4.E-02);
#228 = AXIS2_PLACEMENT_3D('',#229,#230,#231);
#229 = CARTESIAN_POINT('',(-1.,-0.585,1.21));
#230 = DIRECTION('',(1.,0.,0.));
#231 = DIRECTION('',(0.,-1.,0.));
#232 = ADVANCED_FACE('',(#233),#251,.F.);
#233 = FACE_BOUND('',#234,.F.);
#234 = EDGE_LOOP('',(#235,#236,#237,#245));
#235 = ORIENTED_EDGE('',*,*,#98,.F.);
#236 = ORIENTED_EDGE('',*,*,#187,.T.);
#237 = ORIENTED_EDGE('',*,*,#238,.T.);
#238 = EDGE_CURVE('',#188,#239,#241,.T.);
#239 = VERTEX_POINT('',#240);
#240 = CARTESIAN_POINT('',(-0.6,0.585,0.));
#241 = LINE('',#242,#243);
#242 = CARTESIAN_POINT('',(-0.6,-0.625,0.));
#243 = VECTOR('',#244,1.);
#244 = DIRECTION('',(0.,1.,0.));
#245 = ORIENTED_EDGE('',*,*,#246,.F.);
#246 = EDGE_CURVE('',#99,#239,#247,.T.);
#247 = LINE('',#248,#249);
#248 = CARTESIAN_POINT('',(-1.,0.585,0.));
#249 = VECTOR('',#250,1.);
#250 = DIRECTION('',(1.,0.,0.));
#251 = PLANE('',#252);
#252 = AXIS2_PLACEMENT_3D('',#253,#254,#255);
#253 = CARTESIAN_POINT('',(-1.,-0.625,0.));
#254 = DIRECTION('',(0.,0.,1.));
#255 = DIRECTION('',(1.,0.,-0.));
#256 = ADVANCED_FACE('',(#257),#275,.T.);
#257 = FACE_BOUND('',#258,.T.);
#258 = EDGE_LOOP('',(#259,#260,#261,#269));
#259 = ORIENTED_EDGE('',*,*,#132,.F.);
#260 = ORIENTED_EDGE('',*,*,#221,.T.);
#261 = ORIENTED_EDGE('',*,*,#262,.T.);
#262 = EDGE_CURVE('',#213,#263,#265,.T.);
#263 = VERTEX_POINT('',#264);
#264 = CARTESIAN_POINT('',(-0.6,0.585,1.25));
#265 = LINE('',#266,#267);
#266 = CARTESIAN_POINT('',(-0.6,-0.625,1.25));
#267 = VECTOR('',#268,1.);
#268 = DIRECTION('',(0.,1.,0.));
#269 = ORIENTED_EDGE('',*,*,#270,.F.);
#270 = EDGE_CURVE('',#124,#263,#271,.T.);
#271 = LINE('',#272,#273);
#272 = CARTESIAN_POINT('',(-1.,0.585,1.25));
#273 = VECTOR('',#274,1.);
#274 = DIRECTION('',(1.,0.,0.));
#275 = PLANE('',#276);
#276 = AXIS2_PLACEMENT_3D('',#277,#278,#279);
#277 = CARTESIAN_POINT('',(-1.,-0.625,1.25));
#278 = DIRECTION('',(0.,0.,1.));
#279 = DIRECTION('',(1.,0.,-0.));
#280 = ADVANCED_FACE('',(#281),#300,.T.);
#281 = FACE_BOUND('',#282,.T.);
#282 = EDGE_LOOP('',(#283,#291,#298,#299));
#283 = ORIENTED_EDGE('',*,*,#284,.T.);
#284 = EDGE_CURVE('',#107,#285,#287,.T.);
#285 = VERTEX_POINT('',#286);
#286 = CARTESIAN_POINT('',(-0.6,0.625,4.E-02));
#287 = LINE('',#288,#289);
#288 = CARTESIAN_POINT('',(-1.,0.625,4.E-02));
#289 = VECTOR('',#290,1.);
#290 = DIRECTION('',(1.,0.,0.));
#291 = ORIENTED_EDGE('',*,*,#292,.T.);
#292 = EDGE_CURVE('',#285,#239,#293,.T.);
#293 = CIRCLE('',#294,4.E-02);
#294 = AXIS2_PLACEMENT_3D('',#295,#296,#297);
#295 = CARTESIAN_POINT('',(-0.6,0.585,4.E-02));
#296 = DIRECTION('',(-1.,0.,0.));
#297 = DIRECTION('',(0.,0.,1.));
#298 = ORIENTED_EDGE('',*,*,#246,.F.);
#299 = ORIENTED_EDGE('',*,*,#106,.F.);
#300 = CYLINDRICAL_SURFACE('',#301,4.E-02);
#301 = AXIS2_PLACEMENT_3D('',#302,#303,#304);
#302 = CARTESIAN_POINT('',(-1.,0.585,4.E-02));
#303 = DIRECTION('',(1.,0.,0.));
#304 = DIRECTION('',(-0.,1.,0.));
#305 = ADVANCED_FACE('',(#306),#325,.T.);
#306 = FACE_BOUND('',#307,.T.);
#307 = EDGE_LOOP('',(#308,#309,#310,#319));
#308 = ORIENTED_EDGE('',*,*,#123,.T.);
#309 = ORIENTED_EDGE('',*,*,#270,.T.);
#310 = ORIENTED_EDGE('',*,*,#311,.F.);
#311 = EDGE_CURVE('',#312,#263,#314,.T.);
#312 = VERTEX_POINT('',#313);
#313 = CARTESIAN_POINT('',(-0.6,0.625,1.21));
#314 = CIRCLE('',#315,4.E-02);
#315 = AXIS2_PLACEMENT_3D('',#316,#317,#318);
#316 = CARTESIAN_POINT('',(-0.6,0.585,1.21));
#317 = DIRECTION('',(1.,0.,-0.));
#318 = DIRECTION('',(0.,0.,1.));
#319 = ORIENTED_EDGE('',*,*,#320,.F.);
#320 = EDGE_CURVE('',#116,#312,#321,.T.);
#321 = LINE('',#322,#323);
#322 = CARTESIAN_POINT('',(-1.,0.625,1.21));
#323 = VECTOR('',#324,1.);
#324 = DIRECTION('',(1.,0.,0.));
#325 = CYLINDRICAL_SURFACE('',#326,4.E-02);
#326 = AXIS2_PLACEMENT_3D('',#327,#328,#329);
#327 = CARTESIAN_POINT('',(-1.,0.585,1.21));
#328 = DIRECTION('',(1.,0.,0.));
#329 = DIRECTION('',(-0.,1.,0.));
#330 = ADVANCED_FACE('',(#331),#342,.T.);
#331 = FACE_BOUND('',#332,.T.);
#332 = EDGE_LOOP('',(#333,#339,#340,#341));
#333 = ORIENTED_EDGE('',*,*,#334,.F.);
#334 = EDGE_CURVE('',#285,#312,#335,.T.);
#335 = LINE('',#336,#337);
#336 = CARTESIAN_POINT('',(-0.6,0.625,0.));
#337 = VECTOR('',#338,1.);
#338 = DIRECTION('',(0.,0.,1.));
#339 = ORIENTED_EDGE('',*,*,#284,.F.);
#340 = ORIENTED_EDGE('',*,*,#115,.T.);
#341 = ORIENTED_EDGE('',*,*,#320,.T.);
#342 = PLANE('',#343);
#343 = AXIS2_PLACEMENT_3D('',#344,#345,#346);
#344 = CARTESIAN_POINT('',(-1.,0.625,0.));
#345 = DIRECTION('',(0.,1.,0.));
#346 = DIRECTION('',(0.,-0.,1.));
#347 = ADVANCED_FACE('',(#348,#358),#428,.T.);
#348 = FACE_BOUND('',#349,.T.);
#349 = EDGE_LOOP('',(#350,#351,#352,#353,#354,#355,#356,#357));
#350 = ORIENTED_EDGE('',*,*,#155,.F.);
#351 = ORIENTED_EDGE('',*,*,#195,.T.);
#352 = ORIENTED_EDGE('',*,*,#238,.T.);
#353 = ORIENTED_EDGE('',*,*,#292,.F.);
#354 = ORIENTED_EDGE('',*,*,#334,.T.);
#355 = ORIENTED_EDGE('',*,*,#311,.T.);
#356 = ORIENTED_EDGE('',*,*,#262,.F.);
#357 = ORIENTED_EDGE('',*,*,#212,.F.);
#358 = FACE_BOUND('',#359,.T.);
#359 = EDGE_LOOP('',(#360,#371,#379,#388,#396,#405,#413,#422));
#360 = ORIENTED_EDGE('',*,*,#361,.F.);
#361 = EDGE_CURVE('',#362,#364,#366,.T.);
#362 = VERTEX_POINT('',#363);
#363 = CARTESIAN_POINT('',(-0.6,-0.585,8.E-02));
#364 = VERTEX_POINT('',#365);
#365 = CARTESIAN_POINT('',(-0.6,-0.545,4.E-02));
#366 = CIRCLE('',#367,4.E-02);
#367 = AXIS2_PLACEMENT_3D('',#368,#369,#370);
#368 = CARTESIAN_POINT('',(-0.6,-0.545,8.E-02));
#369 = DIRECTION('',(1.,0.,-0.));
#370 = DIRECTION('',(0.,0.,1.));
#371 = ORIENTED_EDGE('',*,*,#372,.T.);
#372 = EDGE_CURVE('',#362,#373,#375,.T.);
#373 = VERTEX_POINT('',#374);
#374 = CARTESIAN_POINT('',(-0.6,-0.585,1.17));
#375 = LINE('',#376,#377);
#376 = CARTESIAN_POINT('',(-0.6,-0.585,4.E-02));
#377 = VECTOR('',#378,1.);
#378 = DIRECTION('',(0.,0.,1.));
#379 = ORIENTED_EDGE('',*,*,#380,.T.);
#380 = EDGE_CURVE('',#373,#381,#383,.T.);
#381 = VERTEX_POINT('',#382);
#382 = CARTESIAN_POINT('',(-0.6,-0.545,1.21));
#383 = CIRCLE('',#384,4.E-02);
#384 = AXIS2_PLACEMENT_3D('',#385,#386,#387);
#385 = CARTESIAN_POINT('',(-0.6,-0.545,1.17));
#386 = DIRECTION('',(-1.,0.,0.));
#387 = DIRECTION('',(0.,0.,1.));
#388 = ORIENTED_EDGE('',*,*,#389,.T.);
#389 = EDGE_CURVE('',#381,#390,#392,.T.);
#390 = VERTEX_POINT('',#391);
#391 = CARTESIAN_POINT('',(-0.6,0.545,1.21));
#392 = LINE('',#393,#394);
#393 = CARTESIAN_POINT('',(-0.6,-0.585,1.21));
#394 = VECTOR('',#395,1.);
#395 = DIRECTION('',(0.,1.,0.));
#396 = ORIENTED_EDGE('',*,*,#397,.F.);
#397 = EDGE_CURVE('',#398,#390,#400,.T.);
#398 = VERTEX_POINT('',#399);
#399 = CARTESIAN_POINT('',(-0.6,0.585,1.17));
#400 = CIRCLE('',#401,4.E-02);
#401 = AXIS2_PLACEMENT_3D('',#402,#403,#404);
#402 = CARTESIAN_POINT('',(-0.6,0.545,1.17));
#403 = DIRECTION('',(1.,0.,-0.));
#404 = DIRECTION('',(0.,0.,1.));
#405 = ORIENTED_EDGE('',*,*,#406,.F.);
#406 = EDGE_CURVE('',#407,#398,#409,.T.);
#407 = VERTEX_POINT('',#408);
#408 = CARTESIAN_POINT('',(-0.6,0.585,8.E-02));
#409 = LINE('',#410,#411);
#410 = CARTESIAN_POINT('',(-0.6,0.585,4.E-02));
#411 = VECTOR('',#412,1.);
#412 = DIRECTION('',(0.,0.,1.));
#413 = ORIENTED_EDGE('',*,*,#414,.T.);
#414 = EDGE_CURVE('',#407,#415,#417,.T.);
#415 = VERTEX_POINT('',#416);
#416 = CARTESIAN_POINT('',(-0.6,0.545,4.E-02));
#417 = CIRCLE('',#418,4.E-02);
#418 = AXIS2_PLACEMENT_3D('',#419,#420,#421);
#419 = CARTESIAN_POINT('',(-0.6,0.545,8.E-02));
#420 = DIRECTION('',(-1.,0.,0.));
#421 = DIRECTION('',(0.,0.,1.));
#422 = ORIENTED_EDGE('',*,*,#423,.F.);
#423 = EDGE_CURVE('',#364,#415,#424,.T.);
#424 = LINE('',#425,#426);
#425 = CARTESIAN_POINT('',(-0.6,-0.585,4.E-02));
#426 = VECTOR('',#427,1.);
#427 = DIRECTION('',(0.,1.,0.));
#428 = PLANE('',#429);
#429 = AXIS2_PLACEMENT_3D('',#430,#431,#432);
#430 = CARTESIAN_POINT('',(-0.6,-0.625,0.));
#431 = DIRECTION('',(1.,0.,0.));
#432 = DIRECTION('',(0.,0.,1.));
#433 = ADVANCED_FACE('',(#434),#460,.T.);
#434 = FACE_BOUND('',#435,.T.);
#435 = EDGE_LOOP('',(#436,#437,#445,#454));
#436 = ORIENTED_EDGE('',*,*,#361,.T.);
#437 = ORIENTED_EDGE('',*,*,#438,.T.);
#438 = EDGE_CURVE('',#364,#439,#441,.T.);
#439 = VERTEX_POINT('',#440);
#440 = CARTESIAN_POINT('',(0.6,-0.545,4.E-02));
#441 = LINE('',#442,#443);
#442 = CARTESIAN_POINT('',(-0.6,-0.545,4.E-02));
#443 = VECTOR('',#444,1.);
#444 = DIRECTION('',(1.,0.,0.));
#445 = ORIENTED_EDGE('',*,*,#446,.F.);
#446 = EDGE_CURVE('',#447,#439,#449,.T.);
#447 = VERTEX_POINT('',#448);
#448 = CARTESIAN_POINT('',(0.6,-0.585,8.E-02));
#449 = CIRCLE('',#450,4.E-02);
#450 = AXIS2_PLACEMENT_3D('',#451,#452,#453);
#451 = CARTESIAN_POINT('',(0.6,-0.545,8.E-02));
#452 = DIRECTION('',(1.,0.,-0.));
#453 = DIRECTION('',(0.,0.,1.));
#454 = ORIENTED_EDGE('',*,*,#455,.F.);
#455 = EDGE_CURVE('',#362,#447,#456,.T.);
#456 = LINE('',#457,#458);
#457 = CARTESIAN_POINT('',(-0.6,-0.585,8.E-02));
#458 = VECTOR('',#459,1.);
#459 = DIRECTION('',(1.,0.,0.));
#460 = CYLINDRICAL_SURFACE('',#461,4.E-02);
#461 = AXIS2_PLACEMENT_3D('',#462,#463,#464);
#462 = CARTESIAN_POINT('',(-0.6,-0.545,8.E-02));
#463 = DIRECTION('',(1.,0.,0.));
#464 = DIRECTION('',(0.,-1.,0.));
#465 = ADVANCED_FACE('',(#466),#484,.F.);
#466 = FACE_BOUND('',#467,.F.);
#467 = EDGE_LOOP('',(#468,#469,#470,#478));
#468 = ORIENTED_EDGE('',*,*,#423,.F.);
#469 = ORIENTED_EDGE('',*,*,#438,.T.);
#470 = ORIENTED_EDGE('',*,*,#471,.T.);
#471 = EDGE_CURVE('',#439,#472,#474,.T.);
#472 = VERTEX_POINT('',#473);
#473 = CARTESIAN_POINT('',(0.6,0.545,4.E-02));
#474 = LINE('',#475,#476);
#475 = CARTESIAN_POINT('',(0.6,-0.585,4.E-02));
#476 = VECTOR('',#477,1.);
#477 = DIRECTION('',(0.,1.,0.));
#478 = ORIENTED_EDGE('',*,*,#479,.F.);
#479 = EDGE_CURVE('',#415,#472,#480,.T.);
#480 = LINE('',#481,#482);
#481 = CARTESIAN_POINT('',(-0.6,0.545,4.E-02));
#482 = VECTOR('',#483,1.);
#483 = DIRECTION('',(1.,0.,0.));
#484 = PLANE('',#485);
#485 = AXIS2_PLACEMENT_3D('',#486,#487,#488);
#486 = CARTESIAN_POINT('',(-0.6,-0.585,4.E-02));
#487 = DIRECTION('',(0.,0.,1.));
#488 = DIRECTION('',(1.,0.,-0.));
#489 = ADVANCED_FACE('',(#490),#509,.T.);
#490 = FACE_BOUND('',#491,.T.);
#491 = EDGE_LOOP('',(#492,#500,#507,#508));
#492 = ORIENTED_EDGE('',*,*,#493,.T.);
#493 = EDGE_CURVE('',#407,#494,#496,.T.);
#494 = VERTEX_POINT('',#495);
#495 = CARTESIAN_POINT('',(0.6,0.585,8.E-02));
#496 = LINE('',#497,#498);
#497 = CARTESIAN_POINT('',(-0.6,0.585,8.E-02));
#498 = VECTOR('',#499,1.);
#499 = DIRECTION('',(1.,0.,0.));
#500 = ORIENTED_EDGE('',*,*,#501,.T.);
#501 = EDGE_CURVE('',#494,#472,#502,.T.);
#502 = CIRCLE('',#503,4.E-02);
#503 = AXIS2_PLACEMENT_3D('',#504,#505,#506);
#504 = CARTESIAN_POINT('',(0.6,0.545,8.E-02));
#505 = DIRECTION('',(-1.,0.,0.));
#506 = DIRECTION('',(0.,0.,1.));
#507 = ORIENTED_EDGE('',*,*,#479,.F.);
#508 = ORIENTED_EDGE('',*,*,#414,.F.);
#509 = CYLINDRICAL_SURFACE('',#510,4.E-02);
#510 = AXIS2_PLACEMENT_3D('',#511,#512,#513);
#511 = CARTESIAN_POINT('',(-0.6,0.545,8.E-02));
#512 = DIRECTION('',(1.,0.,0.));
#513 = DIRECTION('',(-0.,1.,0.));
#514 = ADVANCED_FACE('',(#515),#533,.T.);
#515 = FACE_BOUND('',#516,.T.);
#516 = EDGE_LOOP('',(#517,#525,#526,#527));
#517 = ORIENTED_EDGE('',*,*,#518,.F.);
#518 = EDGE_CURVE('',#494,#519,#521,.T.);
#519 = VERTEX_POINT('',#520);
#520 = CARTESIAN_POINT('',(0.6,0.585,1.17));
#521 = LINE('',#522,#523);
#522 = CARTESIAN_POINT('',(0.6,0.585,4.E-02));
#523 = VECTOR('',#524,1.);
#524 = DIRECTION('',(0.,0.,1.));
#525 = ORIENTED_EDGE('',*,*,#493,.F.);
#526 = ORIENTED_EDGE('',*,*,#406,.T.);
#527 = ORIENTED_EDGE('',*,*,#528,.T.);
#528 = EDGE_CURVE('',#398,#519,#529,.T.);
#529 = LINE('',#530,#531);
#530 = CARTESIAN_POINT('',(-0.6,0.585,1.17));
#531 = VECTOR('',#532,1.);
#532 = DIRECTION('',(1.,0.,0.));
#533 = PLANE('',#534);
#534 = AXIS2_PLACEMENT_3D('',#535,#536,#537);
#535 = CARTESIAN_POINT('',(-0.6,0.585,4.E-02));
#536 = DIRECTION('',(0.,1.,0.));
#537 = DIRECTION('',(0.,-0.,1.));
#538 = ADVANCED_FACE('',(#539),#558,.T.);
#539 = FACE_BOUND('',#540,.T.);
#540 = EDGE_LOOP('',(#541,#542,#550,#557));
#541 = ORIENTED_EDGE('',*,*,#397,.T.);
#542 = ORIENTED_EDGE('',*,*,#543,.T.);
#543 = EDGE_CURVE('',#390,#544,#546,.T.);
#544 = VERTEX_POINT('',#545);
#545 = CARTESIAN_POINT('',(0.6,0.545,1.21));
#546 = LINE('',#547,#548);
#547 = CARTESIAN_POINT('',(-0.6,0.545,1.21));
#548 = VECTOR('',#549,1.);
#549 = DIRECTION('',(1.,0.,0.));
#550 = ORIENTED_EDGE('',*,*,#551,.F.);
#551 = EDGE_CURVE('',#519,#544,#552,.T.);
#552 = CIRCLE('',#553,4.E-02);
#553 = AXIS2_PLACEMENT_3D('',#554,#555,#556);
#554 = CARTESIAN_POINT('',(0.6,0.545,1.17));
#555 = DIRECTION('',(1.,0.,-0.));
#556 = DIRECTION('',(0.,0.,1.));
#557 = ORIENTED_EDGE('',*,*,#528,.F.);
#558 = CYLINDRICAL_SURFACE('',#559,4.E-02);
#559 = AXIS2_PLACEMENT_3D('',#560,#561,#562);
#560 = CARTESIAN_POINT('',(-0.6,0.545,1.17));
#561 = DIRECTION('',(1.,0.,0.));
#562 = DIRECTION('',(-0.,1.,0.));
#563 = ADVANCED_FACE('',(#564),#582,.T.);
#564 = FACE_BOUND('',#565,.T.);
#565 = EDGE_LOOP('',(#566,#567,#575,#581));
#566 = ORIENTED_EDGE('',*,*,#389,.F.);
#567 = ORIENTED_EDGE('',*,*,#568,.T.);
#568 = EDGE_CURVE('',#381,#569,#571,.T.);
#569 = VERTEX_POINT('',#570);
#570 = CARTESIAN_POINT('',(0.6,-0.545,1.21));
#571 = LINE('',#572,#573);
#572 = CARTESIAN_POINT('',(-0.6,-0.545,1.21));
#573 = VECTOR('',#574,1.);
#574 = DIRECTION('',(1.,0.,0.));
#575 = ORIENTED_EDGE('',*,*,#576,.T.);
#576 = EDGE_CURVE('',#569,#544,#577,.T.);
#577 = LINE('',#578,#579);
#578 = CARTESIAN_POINT('',(0.6,-0.585,1.21));
#579 = VECTOR('',#580,1.);
#580 = DIRECTION('',(0.,1.,0.));
#581 = ORIENTED_EDGE('',*,*,#543,.F.);
#582 = PLANE('',#583);
#583 = AXIS2_PLACEMENT_3D('',#584,#585,#586);
#584 = CARTESIAN_POINT('',(-0.6,-0.585,1.21));
#585 = DIRECTION('',(0.,0.,1.));
#586 = DIRECTION('',(1.,0.,-0.));
#587 = ADVANCED_FACE('',(#588),#607,.T.);
#588 = FACE_BOUND('',#589,.T.);
#589 = EDGE_LOOP('',(#590,#598,#605,#606));
#590 = ORIENTED_EDGE('',*,*,#591,.T.);
#591 = EDGE_CURVE('',#373,#592,#594,.T.);
#592 = VERTEX_POINT('',#593);
#593 = CARTESIAN_POINT('',(0.6,-0.585,1.17));
#594 = LINE('',#595,#596);
#595 = CARTESIAN_POINT('',(-0.6,-0.585,1.17));
#596 = VECTOR('',#597,1.);
#597 = DIRECTION('',(1.,0.,0.));
#598 = ORIENTED_EDGE('',*,*,#599,.T.);
#599 = EDGE_CURVE('',#592,#569,#600,.T.);
#600 = CIRCLE('',#601,4.E-02);
#601 = AXIS2_PLACEMENT_3D('',#602,#603,#604);
#602 = CARTESIAN_POINT('',(0.6,-0.545,1.17));
#603 = DIRECTION('',(-1.,0.,0.));
#604 = DIRECTION('',(0.,0.,1.));
#605 = ORIENTED_EDGE('',*,*,#568,.F.);
#606 = ORIENTED_EDGE('',*,*,#380,.F.);
#607 = CYLINDRICAL_SURFACE('',#608,4.E-02);
#608 = AXIS2_PLACEMENT_3D('',#609,#610,#611);
#609 = CARTESIAN_POINT('',(-0.6,-0.545,1.17));
#610 = DIRECTION('',(1.,0.,0.));
#611 = DIRECTION('',(0.,-1.,0.));
#612 = ADVANCED_FACE('',(#613),#624,.F.);
#613 = FACE_BOUND('',#614,.F.);
#614 = EDGE_LOOP('',(#615,#621,#622,#623));
#615 = ORIENTED_EDGE('',*,*,#616,.F.);
#616 = EDGE_CURVE('',#447,#592,#617,.T.);
#617 = LINE('',#618,#619);
#618 = CARTESIAN_POINT('',(0.6,-0.585,4.E-02));
#619 = VECTOR('',#620,1.);
#620 = DIRECTION('',(0.,0.,1.));
#621 = ORIENTED_EDGE('',*,*,#455,.F.);
#622 = ORIENTED_EDGE('',*,*,#372,.T.);
#623 = ORIENTED_EDGE('',*,*,#591,.T.);
#624 = PLANE('',#625);
#625 = AXIS2_PLACEMENT_3D('',#626,#627,#628);
#626 = CARTESIAN_POINT('',(-0.6,-0.585,4.E-02));
#627 = DIRECTION('',(0.,1.,0.));
#628 = DIRECTION('',(0.,-0.,1.));
#629 = ADVANCED_FACE('',(#630,#700),#710,.F.);
#630 = FACE_BOUND('',#631,.F.);
#631 = EDGE_LOOP('',(#632,#642,#651,#659,#668,#676,#685,#693));
#632 = ORIENTED_EDGE('',*,*,#633,.F.);
#633 = EDGE_CURVE('',#634,#636,#638,.T.);
#634 = VERTEX_POINT('',#635);
#635 = CARTESIAN_POINT('',(0.6,-0.625,4.E-02));
#636 = VERTEX_POINT('',#637);
#637 = CARTESIAN_POINT('',(0.6,-0.625,1.21));
#638 = LINE('',#639,#640);
#639 = CARTESIAN_POINT('',(0.6,-0.625,0.));
#640 = VECTOR('',#641,1.);
#641 = DIRECTION('',(0.,0.,1.));
#642 = ORIENTED_EDGE('',*,*,#643,.T.);
#643 = EDGE_CURVE('',#634,#644,#646,.T.);
#644 = VERTEX_POINT('',#645);
#645 = CARTESIAN_POINT('',(0.6,-0.585,0.));
#646 = CIRCLE('',#647,4.E-02);
#647 = AXIS2_PLACEMENT_3D('',#648,#649,#650);
#648 = CARTESIAN_POINT('',(0.6,-0.585,4.E-02));
#649 = DIRECTION('',(1.,0.,-0.));
#650 = DIRECTION('',(0.,0.,1.));
#651 = ORIENTED_EDGE('',*,*,#652,.T.);
#652 = EDGE_CURVE('',#644,#653,#655,.T.);
#653 = VERTEX_POINT('',#654);
#654 = CARTESIAN_POINT('',(0.6,0.585,0.));
#655 = LINE('',#656,#657);
#656 = CARTESIAN_POINT('',(0.6,-0.625,0.));
#657 = VECTOR('',#658,1.);
#658 = DIRECTION('',(0.,1.,0.));
#659 = ORIENTED_EDGE('',*,*,#660,.F.);
#660 = EDGE_CURVE('',#661,#653,#663,.T.);
#661 = VERTEX_POINT('',#662);
#662 = CARTESIAN_POINT('',(0.6,0.625,4.E-02));
#663 = CIRCLE('',#664,4.E-02);
#664 = AXIS2_PLACEMENT_3D('',#665,#666,#667);
#665 = CARTESIAN_POINT('',(0.6,0.585,4.E-02));
#666 = DIRECTION('',(-1.,0.,0.));
#667 = DIRECTION('',(0.,0.,1.));
#668 = ORIENTED_EDGE('',*,*,#669,.T.);
#669 = EDGE_CURVE('',#661,#670,#672,.T.);
#670 = VERTEX_POINT('',#671);
#671 = CARTESIAN_POINT('',(0.6,0.625,1.21));
#672 = LINE('',#673,#674);
#673 = CARTESIAN_POINT('',(0.6,0.625,0.));
#674 = VECTOR('',#675,1.);
#675 = DIRECTION('',(0.,0.,1.));
#676 = ORIENTED_EDGE('',*,*,#677,.T.);
#677 = EDGE_CURVE('',#670,#678,#680,.T.);
#678 = VERTEX_POINT('',#679);
#679 = CARTESIAN_POINT('',(0.6,0.585,1.25));
#680 = CIRCLE('',#681,4.E-02);
#681 = AXIS2_PLACEMENT_3D('',#682,#683,#684);
#682 = CARTESIAN_POINT('',(0.6,0.585,1.21));
#683 = DIRECTION('',(1.,0.,-0.));
#684 = DIRECTION('',(0.,0.,1.));
#685 = ORIENTED_EDGE('',*,*,#686,.F.);
#686 = EDGE_CURVE('',#687,#678,#689,.T.);
#687 = VERTEX_POINT('',#688);
#688 = CARTESIAN_POINT('',(0.6,-0.585,1.25));
#689 = LINE('',#690,#691);
#690 = CARTESIAN_POINT('',(0.6,-0.625,1.25));
#691 = VECTOR('',#692,1.);
#692 = DIRECTION('',(0.,1.,0.));
#693 = ORIENTED_EDGE('',*,*,#694,.F.);
#694 = EDGE_CURVE('',#636,#687,#695,.T.);
#695 = CIRCLE('',#696,4.E-02);
#696 = AXIS2_PLACEMENT_3D('',#697,#698,#699);
#697 = CARTESIAN_POINT('',(0.6,-0.585,1.21));
#698 = DIRECTION('',(-1.,0.,0.));
#699 = DIRECTION('',(0.,0.,1.));
#700 = FACE_BOUND('',#701,.F.);
#701 = EDGE_LOOP('',(#702,#703,#704,#705,#706,#707,#708,#709));
#702 = ORIENTED_EDGE('',*,*,#446,.F.);
#703 = ORIENTED_EDGE('',*,*,#616,.T.);
#704 = ORIENTED_EDGE('',*,*,#599,.T.);
#705 = ORIENTED_EDGE('',*,*,#576,.T.);
#706 = ORIENTED_EDGE('',*,*,#551,.F.);
#707 = ORIENTED_EDGE('',*,*,#518,.F.);
#708 = ORIENTED_EDGE('',*,*,#501,.T.);
#709 = ORIENTED_EDGE('',*,*,#471,.F.);
#710 = PLANE('',#711);
#711 = AXIS2_PLACEMENT_3D('',#712,#713,#714);
#712 = CARTESIAN_POINT('',(0.6,-0.625,0.));
#713 = DIRECTION('',(1.,0.,0.));
#714 = DIRECTION('',(0.,0.,1.));
#715 = ADVANCED_FACE('',(#716),#741,.F.);
#716 = FACE_BOUND('',#717,.F.);
#717 = EDGE_LOOP('',(#718,#728,#734,#735));
#718 = ORIENTED_EDGE('',*,*,#719,.F.);
#719 = EDGE_CURVE('',#720,#722,#724,.T.);
#720 = VERTEX_POINT('',#721);
#721 = CARTESIAN_POINT('',(1.,-0.625,4.E-02));
#722 = VERTEX_POINT('',#723);
#723 = CARTESIAN_POINT('',(1.,-0.625,1.21));
#724 = LINE('',#725,#726);
#725 = CARTESIAN_POINT('',(1.,-0.625,0.));
#726 = VECTOR('',#727,1.);
#727 = DIRECTION('',(0.,0.,1.));
#728 = ORIENTED_EDGE('',*,*,#729,.F.);
#729 = EDGE_CURVE('',#634,#720,#730,.T.);
#730 = LINE('',#731,#732);
#731 = CARTESIAN_POINT('',(0.6,-0.625,4.E-02));
#732 = VECTOR('',#733,1.);
#733 = DIRECTION('',(1.,0.,0.));
#734 = ORIENTED_EDGE('',*,*,#633,.T.);
#735 = ORIENTED_EDGE('',*,*,#736,.T.);
#736 = EDGE_CURVE('',#636,#722,#737,.T.);
#737 = LINE('',#738,#739);
#738 = CARTESIAN_POINT('',(0.6,-0.625,1.21));
#739 = VECTOR('',#740,1.);
#740 = DIRECTION('',(1.,0.,0.));
#741 = PLANE('',#742);
#742 = AXIS2_PLACEMENT_3D('',#743,#744,#745);
#743 = CARTESIAN_POINT('',(0.6,-0.625,0.));
#744 = DIRECTION('',(0.,1.,0.));
#745 = DIRECTION('',(0.,-0.,1.));
#746 = ADVANCED_FACE('',(#747),#766,.T.);
#747 = FACE_BOUND('',#748,.T.);
#748 = EDGE_LOOP('',(#749,#750,#758,#765));
#749 = ORIENTED_EDGE('',*,*,#643,.T.);
#750 = ORIENTED_EDGE('',*,*,#751,.T.);
#751 = EDGE_CURVE('',#644,#752,#754,.T.);
#752 = VERTEX_POINT('',#753);
#753 = CARTESIAN_POINT('',(1.,-0.585,0.));
#754 = LINE('',#755,#756);
#755 = CARTESIAN_POINT('',(0.6,-0.585,0.));
#756 = VECTOR('',#757,1.);
#757 = DIRECTION('',(1.,0.,0.));
#758 = ORIENTED_EDGE('',*,*,#759,.F.);
#759 = EDGE_CURVE('',#720,#752,#760,.T.);
#760 = CIRCLE('',#761,4.E-02);
#761 = AXIS2_PLACEMENT_3D('',#762,#763,#764);
#762 = CARTESIAN_POINT('',(1.,-0.585,4.E-02));
#763 = DIRECTION('',(1.,0.,-0.));
#764 = DIRECTION('',(0.,0.,1.));
#765 = ORIENTED_EDGE('',*,*,#729,.F.);
#766 = CYLINDRICAL_SURFACE('',#767,4.E-02);
#767 = AXIS2_PLACEMENT_3D('',#768,#769,#770);
#768 = CARTESIAN_POINT('',(0.6,-0.585,4.E-02));
#769 = DIRECTION('',(1.,0.,0.));
#770 = DIRECTION('',(0.,-1.,0.));
#771 = ADVANCED_FACE('',(#772),#791,.T.);
#772 = FACE_BOUND('',#773,.T.);
#773 = EDGE_LOOP('',(#774,#775,#784,#790));
#774 = ORIENTED_EDGE('',*,*,#736,.T.);
#775 = ORIENTED_EDGE('',*,*,#776,.T.);
#776 = EDGE_CURVE('',#722,#777,#779,.T.);
#777 = VERTEX_POINT('',#778);
#778 = CARTESIAN_POINT('',(1.,-0.585,1.25));
#779 = CIRCLE('',#780,4.E-02);
#780 = AXIS2_PLACEMENT_3D('',#781,#782,#783);
#781 = CARTESIAN_POINT('',(1.,-0.585,1.21));
#782 = DIRECTION('',(-1.,0.,0.));
#783 = DIRECTION('',(0.,0.,1.));
#784 = ORIENTED_EDGE('',*,*,#785,.F.);
#785 = EDGE_CURVE('',#687,#777,#786,.T.);
#786 = LINE('',#787,#788);
#787 = CARTESIAN_POINT('',(0.6,-0.585,1.25));
#788 = VECTOR('',#789,1.);
#789 = DIRECTION('',(1.,0.,0.));
#790 = ORIENTED_EDGE('',*,*,#694,.F.);
#791 = CYLINDRICAL_SURFACE('',#792,4.E-02);
#792 = AXIS2_PLACEMENT_3D('',#793,#794,#795);
#793 = CARTESIAN_POINT('',(0.6,-0.585,1.21));
#794 = DIRECTION('',(1.,0.,0.));
#795 = DIRECTION('',(0.,-1.,0.));
#796 = ADVANCED_FACE('',(#797),#815,.F.);
#797 = FACE_BOUND('',#798,.F.);
#798 = EDGE_LOOP('',(#799,#800,#801,#809));
#799 = ORIENTED_EDGE('',*,*,#652,.F.);
#800 = ORIENTED_EDGE('',*,*,#751,.T.);
#801 = ORIENTED_EDGE('',*,*,#802,.T.);
#802 = EDGE_CURVE('',#752,#803,#805,.T.);
#803 = VERTEX_POINT('',#804);
#804 = CARTESIAN_POINT('',(1.,0.585,0.));
#805 = LINE('',#806,#807);
#806 = CARTESIAN_POINT('',(1.,-0.625,0.));
#807 = VECTOR('',#808,1.);
#808 = DIRECTION('',(0.,1.,0.));
#809 = ORIENTED_EDGE('',*,*,#810,.F.);
#810 = EDGE_CURVE('',#653,#803,#811,.T.);
#811 = LINE('',#812,#813);
#812 = CARTESIAN_POINT('',(0.6,0.585,0.));
#813 = VECTOR('',#814,1.);
#814 = DIRECTION('',(1.,0.,0.));
#815 = PLANE('',#816);
#816 = AXIS2_PLACEMENT_3D('',#817,#818,#819);
#817 = CARTESIAN_POINT('',(0.6,-0.625,0.));
#818 = DIRECTION('',(0.,0.,1.));
#819 = DIRECTION('',(1.,0.,-0.));
#820 = ADVANCED_FACE('',(#821),#839,.T.);
#821 = FACE_BOUND('',#822,.T.);
#822 = EDGE_LOOP('',(#823,#824,#825,#833));
#823 = ORIENTED_EDGE('',*,*,#686,.F.);
#824 = ORIENTED_EDGE('',*,*,#785,.T.);
#825 = ORIENTED_EDGE('',*,*,#826,.T.);
#826 = EDGE_CURVE('',#777,#827,#829,.T.);
#827 = VERTEX_POINT('',#828);
#828 = CARTESIAN_POINT('',(1.,0.585,1.25));
#829 = LINE('',#830,#831);
#830 = CARTESIAN_POINT('',(1.,-0.625,1.25));
#831 = VECTOR('',#832,1.);
#832 = DIRECTION('',(0.,1.,0.));
#833 = ORIENTED_EDGE('',*,*,#834,.F.);
#834 = EDGE_CURVE('',#678,#827,#835,.T.);
#835 = LINE('',#836,#837);
#836 = CARTESIAN_POINT('',(0.6,0.585,1.25));
#837 = VECTOR('',#838,1.);
#838 = DIRECTION('',(1.,0.,0.));
#839 = PLANE('',#840);
#840 = AXIS2_PLACEMENT_3D('',#841,#842,#843);
#841 = CARTESIAN_POINT('',(0.6,-0.625,1.25));
#842 = DIRECTION('',(0.,0.,1.));
#843 = DIRECTION('',(1.,0.,-0.));
#844 = ADVANCED_FACE('',(#845),#864,.T.);
#845 = FACE_BOUND('',#846,.T.);
#846 = EDGE_LOOP('',(#847,#855,#862,#863));
#847 = ORIENTED_EDGE('',*,*,#848,.T.);
#848 = EDGE_CURVE('',#661,#849,#851,.T.);
#849 = VERTEX_POINT('',#850);
#850 = CARTESIAN_POINT('',(1.,0.625,4.E-02));
#851 = LINE('',#852,#853);
#852 = CARTESIAN_POINT('',(0.6,0.625,4.E-02));
#853 = VECTOR('',#854,1.);
#854 = DIRECTION('',(1.,0.,0.));
#855 = ORIENTED_EDGE('',*,*,#856,.T.);
#856 = EDGE_CURVE('',#849,#803,#857,.T.);
#857 = CIRCLE('',#858,4.E-02);
#858 = AXIS2_PLACEMENT_3D('',#859,#860,#861);
#859 = CARTESIAN_POINT('',(1.,0.585,4.E-02));
#860 = DIRECTION('',(-1.,0.,0.));
#861 = DIRECTION('',(0.,0.,1.));
#862 = ORIENTED_EDGE('',*,*,#810,.F.);
#863 = ORIENTED_EDGE('',*,*,#660,.F.);
#864 = CYLINDRICAL_SURFACE('',#865,4.E-02);
#865 = AXIS2_PLACEMENT_3D('',#866,#867,#868);
#866 = CARTESIAN_POINT('',(0.6,0.585,4.E-02));
#867 = DIRECTION('',(1.,0.,0.));
#868 = DIRECTION('',(-0.,1.,0.));
#869 = ADVANCED_FACE('',(#870),#889,.T.);
#870 = FACE_BOUND('',#871,.T.);
#871 = EDGE_LOOP('',(#872,#873,#874,#883));
#872 = ORIENTED_EDGE('',*,*,#677,.T.);
#873 = ORIENTED_EDGE('',*,*,#834,.T.);
#874 = ORIENTED_EDGE('',*,*,#875,.F.);
#875 = EDGE_CURVE('',#876,#827,#878,.T.);
#876 = VERTEX_POINT('',#877);
#877 = CARTESIAN_POINT('',(1.,0.625,1.21));
#878 = CIRCLE('',#879,4.E-02);
#879 = AXIS2_PLACEMENT_3D('',#880,#881,#882);
#880 = CARTESIAN_POINT('',(1.,0.585,1.21));
#881 = DIRECTION('',(1.,0.,-0.));
#882 = DIRECTION('',(0.,0.,1.));
#883 = ORIENTED_EDGE('',*,*,#884,.F.);
#884 = EDGE_CURVE('',#670,#876,#885,.T.);
#885 = LINE('',#886,#887);
#886 = CARTESIAN_POINT('',(0.6,0.625,1.21));
#887 = VECTOR('',#888,1.);
#888 = DIRECTION('',(1.,0.,0.));
#889 = CYLINDRICAL_SURFACE('',#890,4.E-02);
#890 = AXIS2_PLACEMENT_3D('',#891,#892,#893);
#891 = CARTESIAN_POINT('',(0.6,0.585,1.21));
#892 = DIRECTION('',(1.,0.,0.));
#893 = DIRECTION('',(-0.,1.,0.));
#894 = ADVANCED_FACE('',(#895),#906,.T.);
#895 = FACE_BOUND('',#896,.T.);
#896 = EDGE_LOOP('',(#897,#903,#904,#905));
#897 = ORIENTED_EDGE('',*,*,#898,.F.);
#898 = EDGE_CURVE('',#849,#876,#899,.T.);
#899 = LINE('',#900,#901);
#900 = CARTESIAN_POINT('',(1.,0.625,0.));
#901 = VECTOR('',#902,1.);
#902 = DIRECTION('',(0.,0.,1.));
#903 = ORIENTED_EDGE('',*,*,#848,.F.);
#904 = ORIENTED_EDGE('',*,*,#669,.T.);
#905 = ORIENTED_EDGE('',*,*,#884,.T.);
#906 = PLANE('',#907);
#907 = AXIS2_PLACEMENT_3D('',#908,#909,#910);
#908 = CARTESIAN_POINT('',(0.6,0.625,0.));
#909 = DIRECTION('',(0.,1.,0.));
#910 = DIRECTION('',(0.,-0.,1.));
#911 = ADVANCED_FACE('',(#912),#922,.T.);
#912 = FACE_BOUND('',#913,.T.);
#913 = EDGE_LOOP('',(#914,#915,#916,#917,#918,#919,#920,#921));
#914 = ORIENTED_EDGE('',*,*,#719,.F.);
#915 = ORIENTED_EDGE('',*,*,#759,.T.);
#916 = ORIENTED_EDGE('',*,*,#802,.T.);
#917 = ORIENTED_EDGE('',*,*,#856,.F.);
#918 = ORIENTED_EDGE('',*,*,#898,.T.);
#919 = ORIENTED_EDGE('',*,*,#875,.T.);
#920 = ORIENTED_EDGE('',*,*,#826,.F.);
#921 = ORIENTED_EDGE('',*,*,#776,.F.);
#922 = PLANE('',#923);
#923 = AXIS2_PLACEMENT_3D('',#924,#925,#926);
#924 = CARTESIAN_POINT('',(1.,-0.625,0.));
#925 = DIRECTION('',(1.,0.,0.));
#926 = DIRECTION('',(0.,0.,1.));
#927 = ( GEOMETRIC_REPRESENTATION_CONTEXT(3) 
GLOBAL_UNCERTAINTY_ASSIGNED_CONTEXT((#931)) GLOBAL_UNIT_ASSIGNED_CONTEXT
((#928,#929,#930)) REPRESENTATION_CONTEXT('Context #1',
  '3D Context with UNIT and UNCERTAINTY') );
#928 = ( LENGTH_UNIT() NAMED_UNIT(*) SI_UNIT(.MILLI.,.METRE.) );
#929 = ( NAMED_UNIT(*) PLANE_ANGLE_UNIT() SI_UNIT($,.RADIAN.) );
#930 = ( NAMED_UNIT(*) SI_UNIT($,.STERADIAN.) SOLID_ANGLE_UNIT() );
#931 = UNCERTAINTY_MEASURE_WITH_UNIT(LENGTH_MEASURE(1.E-07),#928,
  'distance_accuracy_value','confusion accuracy');
#932 = CONTEXT_DEPENDENT_SHAPE_REPRESENTATION(#933,#935);
#933 = ( REPRESENTATION_RELATIONSHIP('','',#72,#10) 
REPRESENTATION_RELATIONSHIP_WITH_TRANSFORMATION(#934) 
SHAPE_REPRESENTATION_RELATIONSHIP() );
#934 = ITEM_DEFINED_TRANSFORMATION('','',#11,#15);
#935 = PRODUCT_DEFINITION_SHAPE('Placement','Placement of an item',#936
  );
#936 = NEXT_ASSEMBLY_USAGE_OCCURRENCE('1','C1','',#5,#67,$);
#937 = PRODUCT_RELATED_PRODUCT_CATEGORY('part',$,(#69));
#938 = CONTEXT_DEPENDENT_SHAPE_REPRESENTATION(#939,#941);
#939 = ( REPRESENTATION_RELATIONSHIP('','',#72,#10) 
REPRESENTATION_RELATIONSHIP_WITH_TRANSFORMATION(#940) 
SHAPE_REPRESENTATION_RELATIONSHIP() );
#940 = ITEM_DEFINED_TRANSFORMATION('','',#11,#19);
#941 = PRODUCT_DEFINITION_SHAPE('Placement','Placement of an item',#942
  );
#942 = NEXT_ASSEMBLY_USAGE_OCCURRENCE('2','C3','',#5,#67,$);
#943 = SHAPE_DEFINITION_REPRESENTATION(#944,#950);
#944 = PRODUCT_DEFINITION_SHAPE('','',#945);
#945 = PRODUCT_DEFINITION('design','',#946,#949);
#946 = PRODUCT_DEFINITION_FORMATION('','',#947);
#947 = PRODUCT('PinHeader_1x02_P2.54mm_Vertical',
  'PinHeader_1x02_P2.54mm_Vertical','',(#948));
#948 = PRODUCT_CONTEXT('',#2,'mechanical');
#949 = PRODUCT_DEFINITION_CONTEXT('part definition',#2,'design');
#950 = ADVANCED_BREP_SHAPE_REPRESENTATION('',(#11,#951),#2383);
#951 = MANIFOLD_SOLID_BREP('',#952);
#952 = CLOSED_SHELL('',(#953,#993,#1024,#1055,#1220,#1385,#1402,#1419,
    #1436,#1453,#1470,#1487,#1504,#1521,#1538,#1555,#1567,#1598,#1622,
    #1646,#1663,#1694,#1718,#1742,#1759,#1790,#1814,#1838,#1855,#1886,
    #1910,#1934,#1951,#1982,#2006,#2030,#2047,#2078,#2102,#2126,#2143,
    #2174,#2198,#2222,#2239,#2270,#2294,#2318,#2335,#2347,#2359,#2371));
#953 = ADVANCED_FACE('',(#954),#988,.F.);
#954 = FACE_BOUND('',#955,.F.);
#955 = EDGE_LOOP('',(#956,#966,#974,#982));
#956 = ORIENTED_EDGE('',*,*,#957,.T.);
#957 = EDGE_CURVE('',#958,#960,#962,.T.);
#958 = VERTEX_POINT('',#959);
#959 = CARTESIAN_POINT('',(-1.016,1.27,0.));
#960 = VERTEX_POINT('',#961);
#961 = CARTESIAN_POINT('',(-1.016,1.27,2.54));
#962 = LINE('',#963,#964);
#963 = CARTESIAN_POINT('',(-1.016,1.27,0.));
#964 = VECTOR('',#965,1.);
#965 = DIRECTION('',(0.,0.,1.));
#966 = ORIENTED_EDGE('',*,*,#967,.T.);
#967 = EDGE_CURVE('',#960,#968,#970,.T.);
#968 = VERTEX_POINT('',#969);
#969 = CARTESIAN_POINT('',(-1.27,1.016,2.54));
#970 = LINE('',#971,#972);
#971 = CARTESIAN_POINT('',(-1.016,1.27,2.54));
#972 = VECTOR('',#973,1.);
#973 = DIRECTION('',(-0.707106781187,-0.707106781187,0.));
#974 = ORIENTED_EDGE('',*,*,#975,.F.);
#975 = EDGE_CURVE('',#976,#968,#978,.T.);
#976 = VERTEX_POINT('',#977);
#977 = CARTESIAN_POINT('',(-1.27,1.016,0.));
#978 = LINE('',#979,#980);
#979 = CARTESIAN_POINT('',(-1.27,1.016,0.));
#980 = VECTOR('',#981,1.);
#981 = DIRECTION('',(0.,0.,1.));
#982 = ORIENTED_EDGE('',*,*,#983,.F.);
#983 = EDGE_CURVE('',#958,#976,#984,.T.);
#984 = LINE('',#985,#986);
#985 = CARTESIAN_POINT('',(-1.016,1.27,0.));
#986 = VECTOR('',#987,1.);
#987 = DIRECTION('',(-0.707106781187,-0.707106781187,0.));
#988 = PLANE('',#989);
#989 = AXIS2_PLACEMENT_3D('',#990,#991,#992);
#990 = CARTESIAN_POINT('',(-1.016,1.27,0.));
#991 = DIRECTION('',(0.707106781187,-0.707106781187,0.));
#992 = DIRECTION('',(-0.707106781187,-0.707106781187,0.));
#993 = ADVANCED_FACE('',(#994),#1019,.F.);
#994 = FACE_BOUND('',#995,.F.);
#995 = EDGE_LOOP('',(#996,#1006,#1012,#1013));
#996 = ORIENTED_EDGE('',*,*,#997,.T.);
#997 = EDGE_CURVE('',#998,#1000,#1002,.T.);
#998 = VERTEX_POINT('',#999);
#999 = CARTESIAN_POINT('',(1.016,1.27,0.));
#1000 = VERTEX_POINT('',#1001);
#1001 = CARTESIAN_POINT('',(1.016,1.27,2.54));
#1002 = LINE('',#1003,#1004);
#1003 = CARTESIAN_POINT('',(1.016,1.27,0.));
#1004 = VECTOR('',#1005,1.);
#1005 = DIRECTION('',(0.,0.,1.));
#1006 = ORIENTED_EDGE('',*,*,#1007,.T.);
#1007 = EDGE_CURVE('',#1000,#960,#1008,.T.);
#1008 = LINE('',#1009,#1010);
#1009 = CARTESIAN_POINT('',(1.016,1.27,2.54));
#1010 = VECTOR('',#1011,1.);
#1011 = DIRECTION('',(-1.,0.,0.));
#1012 = ORIENTED_EDGE('',*,*,#957,.F.);
#1013 = ORIENTED_EDGE('',*,*,#1014,.F.);
#1014 = EDGE_CURVE('',#998,#958,#1015,.T.);
#1015 = LINE('',#1016,#1017);
#1016 = CARTESIAN_POINT('',(1.016,1.27,0.));
#1017 = VECTOR('',#1018,1.);
#1018 = DIRECTION('',(-1.,0.,0.));
#1019 = PLANE('',#1020);
#1020 = AXIS2_PLACEMENT_3D('',#1021,#1022,#1023);
#1021 = CARTESIAN_POINT('',(1.016,1.27,0.));
#1022 = DIRECTION('',(0.,-1.,0.));
#1023 = DIRECTION('',(-1.,0.,0.));
#1024 = ADVANCED_FACE('',(#1025),#1050,.F.);
#1025 = FACE_BOUND('',#1026,.F.);
#1026 = EDGE_LOOP('',(#1027,#1028,#1036,#1044));
#1027 = ORIENTED_EDGE('',*,*,#975,.T.);
#1028 = ORIENTED_EDGE('',*,*,#1029,.T.);
#1029 = EDGE_CURVE('',#968,#1030,#1032,.T.);
#1030 = VERTEX_POINT('',#1031);
#1031 = CARTESIAN_POINT('',(-1.27,-1.016,2.54));
#1032 = LINE('',#1033,#1034);
#1033 = CARTESIAN_POINT('',(-1.27,1.016,2.54));
#1034 = VECTOR('',#1035,1.);
#1035 = DIRECTION('',(0.,-1.,0.));
#1036 = ORIENTED_EDGE('',*,*,#1037,.F.);
#1037 = EDGE_CURVE('',#1038,#1030,#1040,.T.);
#1038 = VERTEX_POINT('',#1039);
#1039 = CARTESIAN_POINT('',(-1.27,-1.016,0.));
#1040 = LINE('',#1041,#1042);
#1041 = CARTESIAN_POINT('',(-1.27,-1.016,0.));
#1042 = VECTOR('',#1043,1.);
#1043 = DIRECTION('',(0.,0.,1.));
#1044 = ORIENTED_EDGE('',*,*,#1045,.F.);
#1045 = EDGE_CURVE('',#976,#1038,#1046,.T.);
#1046 = LINE('',#1047,#1048);
#1047 = CARTESIAN_POINT('',(-1.27,1.016,0.));
#1048 = VECTOR('',#1049,1.);
#1049 = DIRECTION('',(0.,-1.,0.));
#1050 = PLANE('',#1051);
#1051 = AXIS2_PLACEMENT_3D('',#1052,#1053,#1054);
#1052 = CARTESIAN_POINT('',(-1.27,1.016,0.));
#1053 = DIRECTION('',(1.,0.,0.));
#1054 = DIRECTION('',(0.,-1.,0.));
#1055 = ADVANCED_FACE('',(#1056,#1147,#1181),#1215,.F.);
#1056 = FACE_BOUND('',#1057,.F.);
#1057 = EDGE_LOOP('',(#1058,#1059,#1060,#1068,#1076,#1084,#1092,#1100,
    #1108,#1116,#1124,#1132,#1140,#1146));
#1058 = ORIENTED_EDGE('',*,*,#983,.T.);
#1059 = ORIENTED_EDGE('',*,*,#1045,.T.);
#1060 = ORIENTED_EDGE('',*,*,#1061,.T.);
#1061 = EDGE_CURVE('',#1038,#1062,#1064,.T.);
#1062 = VERTEX_POINT('',#1063);
#1063 = CARTESIAN_POINT('',(-1.016,-1.27,0.));
#1064 = LINE('',#1065,#1066);
#1065 = CARTESIAN_POINT('',(-1.27,-1.016,0.));
#1066 = VECTOR('',#1067,1.);
#1067 = DIRECTION('',(0.707106781187,-0.707106781187,0.));
#1068 = ORIENTED_EDGE('',*,*,#1069,.T.);
#1069 = EDGE_CURVE('',#1062,#1070,#1072,.T.);
#1070 = VERTEX_POINT('',#1071);
#1071 = CARTESIAN_POINT('',(-1.27,-1.524,0.));
#1072 = LINE('',#1073,#1074);
#1073 = CARTESIAN_POINT('',(-1.016,-1.27,0.));
#1074 = VECTOR('',#1075,1.);
#1075 = DIRECTION('',(-0.707106781187,-0.707106781187,0.));
#1076 = ORIENTED_EDGE('',*,*,#1077,.T.);
#1077 = EDGE_CURVE('',#1070,#1078,#1080,.T.);
#1078 = VERTEX_POINT('',#1079);
#1079 = CARTESIAN_POINT('',(-1.27,-3.556,0.));
#1080 = LINE('',#1081,#1082);
#1081 = CARTESIAN_POINT('',(-1.27,-1.524,0.));
#1082 = VECTOR('',#1083,1.);
#1083 = DIRECTION('',(0.,-1.,0.));
#1084 = ORIENTED_EDGE('',*,*,#1085,.T.);
#1085 = EDGE_CURVE('',#1078,#1086,#1088,.T.);
#1086 = VERTEX_POINT('',#1087);
#1087 = CARTESIAN_POINT('',(-1.016,-3.81,0.));
#1088 = LINE('',#1089,#1090);
#1089 = CARTESIAN_POINT('',(-1.27,-3.556,0.));
#1090 = VECTOR('',#1091,1.);
#1091 = DIRECTION('',(0.707106781187,-0.707106781187,0.));
#1092 = ORIENTED_EDGE('',*,*,#1093,.T.);
#1093 = EDGE_CURVE('',#1086,#1094,#1096,.T.);
#1094 = VERTEX_POINT('',#1095);
#1095 = CARTESIAN_POINT('',(1.016,-3.81,0.));
#1096 = LINE('',#1097,#1098);
#1097 = CARTESIAN_POINT('',(-1.016,-3.81,0.));
#1098 = VECTOR('',#1099,1.);
#1099 = DIRECTION('',(1.,0.,0.));
#1100 = ORIENTED_EDGE('',*,*,#1101,.T.);
#1101 = EDGE_CURVE('',#1094,#1102,#1104,.T.);
#1102 = VERTEX_POINT('',#1103);
#1103 = CARTESIAN_POINT('',(1.27,-3.556,0.));
#1104 = LINE('',#1105,#1106);
#1105 = CARTESIAN_POINT('',(1.016,-3.81,0.));
#1106 = VECTOR('',#1107,1.);
#1107 = DIRECTION('',(0.707106781187,0.707106781187,0.));
#1108 = ORIENTED_EDGE('',*,*,#1109,.T.);
#1109 = EDGE_CURVE('',#1102,#1110,#1112,.T.);
#1110 = VERTEX_POINT('',#1111);
#1111 = CARTESIAN_POINT('',(1.27,-1.524,0.));
#1112 = LINE('',#1113,#1114);
#1113 = CARTESIAN_POINT('',(1.27,-3.556,0.));
#1114 = VECTOR('',#1115,1.);
#1115 = DIRECTION('',(0.,1.,0.));
#1116 = ORIENTED_EDGE('',*,*,#1117,.T.);
#1117 = EDGE_CURVE('',#1110,#1118,#1120,.T.);
#1118 = VERTEX_POINT('',#1119);
#1119 = CARTESIAN_POINT('',(1.016,-1.27,0.));
#1120 = LINE('',#1121,#1122);
#1121 = CARTESIAN_POINT('',(1.27,-1.524,0.));
#1122 = VECTOR('',#1123,1.);
#1123 = DIRECTION('',(-0.707106781187,0.707106781187,0.));
#1124 = ORIENTED_EDGE('',*,*,#1125,.T.);
#1125 = EDGE_CURVE('',#1118,#1126,#1128,.T.);
#1126 = VERTEX_POINT('',#1127);
#1127 = CARTESIAN_POINT('',(1.27,-1.016,0.));
#1128 = LINE('',#1129,#1130);
#1129 = CARTESIAN_POINT('',(1.016,-1.27,0.));
#1130 = VECTOR('',#1131,1.);
#1131 = DIRECTION('',(0.707106781187,0.707106781187,0.));
#1132 = ORIENTED_EDGE('',*,*,#1133,.T.);
#1133 = EDGE_CURVE('',#1126,#1134,#1136,.T.);
#1134 = VERTEX_POINT('',#1135);
#1135 = CARTESIAN_POINT('',(1.27,1.016,0.));
#1136 = LINE('',#1137,#1138);
#1137 = CARTESIAN_POINT('',(1.27,-1.016,0.));
#1138 = VECTOR('',#1139,1.);
#1139 = DIRECTION('',(0.,1.,0.));
#1140 = ORIENTED_EDGE('',*,*,#1141,.T.);
#1141 = EDGE_CURVE('',#1134,#998,#1142,.T.);
#1142 = LINE('',#1143,#1144);
#1143 = CARTESIAN_POINT('',(1.27,1.016,0.));
#1144 = VECTOR('',#1145,1.);
#1145 = DIRECTION('',(-0.707106781187,0.707106781187,0.));
#1146 = ORIENTED_EDGE('',*,*,#1014,.T.);
#1147 = FACE_BOUND('',#1148,.F.);
#1148 = EDGE_LOOP('',(#1149,#1159,#1167,#1175));
#1149 = ORIENTED_EDGE('',*,*,#1150,.T.);
#1150 = EDGE_CURVE('',#1151,#1153,#1155,.T.);
#1151 = VERTEX_POINT('',#1152);
#1152 = CARTESIAN_POINT('',(0.32,-0.32,0.));
#1153 = VERTEX_POINT('',#1154);
#1154 = CARTESIAN_POINT('',(-0.32,-0.32,0.));
#1155 = LINE('',#1156,#1157);
#1156 = CARTESIAN_POINT('',(-0.16,-0.32,0.));
#1157 = VECTOR('',#1158,1.);
#1158 = DIRECTION('',(-1.,0.,0.));
#1159 = ORIENTED_EDGE('',*,*,#1160,.T.);
#1160 = EDGE_CURVE('',#1153,#1161,#1163,.T.);
#1161 = VERTEX_POINT('',#1162);
#1162 = CARTESIAN_POINT('',(-0.32,0.32,0.));
#1163 = LINE('',#1164,#1165);
#1164 = CARTESIAN_POINT('',(-0.32,-0.795,0.));
#1165 = VECTOR('',#1166,1.);
#1166 = DIRECTION('',(0.,1.,0.));
#1167 = ORIENTED_EDGE('',*,*,#1168,.F.);
#1168 = EDGE_CURVE('',#1169,#1161,#1171,.T.);
#1169 = VERTEX_POINT('',#1170);
#1170 = CARTESIAN_POINT('',(0.32,0.32,0.));
#1171 = LINE('',#1172,#1173);
#1172 = CARTESIAN_POINT('',(-0.16,0.32,0.));
#1173 = VECTOR('',#1174,1.);
#1174 = DIRECTION('',(-1.,0.,0.));
#1175 = ORIENTED_EDGE('',*,*,#1176,.F.);
#1176 = EDGE_CURVE('',#1151,#1169,#1177,.T.);
#1177 = LINE('',#1178,#1179);
#1178 = CARTESIAN_POINT('',(0.32,-0.795,0.));
#1179 = VECTOR('',#1180,1.);
#1180 = DIRECTION('',(0.,1.,0.));
#1181 = FACE_BOUND('',#1182,.F.);
#1182 = EDGE_LOOP('',(#1183,#1193,#1201,#1209));
#1183 = ORIENTED_EDGE('',*,*,#1184,.T.);
#1184 = EDGE_CURVE('',#1185,#1187,#1189,.T.);
#1185 = VERTEX_POINT('',#1186);
#1186 = CARTESIAN_POINT('',(0.32,-2.86,0.));
#1187 = VERTEX_POINT('',#1188);
#1188 = CARTESIAN_POINT('',(-0.32,-2.86,0.));
#1189 = LINE('',#1190,#1191);
#1190 = CARTESIAN_POINT('',(-0.16,-2.86,0.));
#1191 = VECTOR('',#1192,1.);
#1192 = DIRECTION('',(-1.,0.,0.));
#1193 = ORIENTED_EDGE('',*,*,#1194,.T.);
#1194 = EDGE_CURVE('',#1187,#1195,#1197,.T.);
#1195 = VERTEX_POINT('',#1196);
#1196 = CARTESIAN_POINT('',(-0.32,-2.22,0.));
#1197 = LINE('',#1198,#1199);
#1198 = CARTESIAN_POINT('',(-0.32,-2.065,0.));
#1199 = VECTOR('',#1200,1.);
#1200 = DIRECTION('',(0.,1.,0.));
#1201 = ORIENTED_EDGE('',*,*,#1202,.F.);
#1202 = EDGE_CURVE('',#1203,#1195,#1205,.T.);
#1203 = VERTEX_POINT('',#1204);
#1204 = CARTESIAN_POINT('',(0.32,-2.22,0.));
#1205 = LINE('',#1206,#1207);
#1206 = CARTESIAN_POINT('',(-0.16,-2.22,0.));
#1207 = VECTOR('',#1208,1.);
#1208 = DIRECTION('',(-1.,0.,0.));
#1209 = ORIENTED_EDGE('',*,*,#1210,.F.);
#1210 = EDGE_CURVE('',#1185,#1203,#1211,.T.);
#1211 = LINE('',#1212,#1213);
#1212 = CARTESIAN_POINT('',(0.32,-2.065,0.));
#1213 = VECTOR('',#1214,1.);
#1214 = DIRECTION('',(0.,1.,0.));
#1215 = PLANE('',#1216);
#1216 = AXIS2_PLACEMENT_3D('',#1217,#1218,#1219);
#1217 = CARTESIAN_POINT('',(1.473843703412E-17,-1.27,0.));
#1218 = DIRECTION('',(0.,0.,1.));
#1219 = DIRECTION('',(1.,0.,-0.));
#1220 = ADVANCED_FACE('',(#1221,#1312,#1346),#1380,.T.);
#1221 = FACE_BOUND('',#1222,.T.);
#1222 = EDGE_LOOP('',(#1223,#1224,#1225,#1233,#1241,#1249,#1257,#1265,
    #1273,#1281,#1289,#1297,#1305,#1311));
#1223 = ORIENTED_EDGE('',*,*,#967,.T.);
#1224 = ORIENTED_EDGE('',*,*,#1029,.T.);
#1225 = ORIENTED_EDGE('',*,*,#1226,.T.);
#1226 = EDGE_CURVE('',#1030,#1227,#1229,.T.);
#1227 = VERTEX_POINT('',#1228);
#1228 = CARTESIAN_POINT('',(-1.016,-1.27,2.54));
#1229 = LINE('',#1230,#1231);
#1230 = CARTESIAN_POINT('',(-1.27,-1.016,2.54));
#1231 = VECTOR('',#1232,1.);
#1232 = DIRECTION('',(0.707106781187,-0.707106781187,0.));
#1233 = ORIENTED_EDGE('',*,*,#1234,.T.);
#1234 = EDGE_CURVE('',#1227,#1235,#1237,.T.);
#1235 = VERTEX_POINT('',#1236);
#1236 = CARTESIAN_POINT('',(-1.27,-1.524,2.54));
#1237 = LINE('',#1238,#1239);
#1238 = CARTESIAN_POINT('',(-1.016,-1.27,2.54));
#1239 = VECTOR('',#1240,1.);
#1240 = DIRECTION('',(-0.707106781187,-0.707106781187,0.));
#1241 = ORIENTED_EDGE('',*,*,#1242,.T.);
#1242 = EDGE_CURVE('',#1235,#1243,#1245,.T.);
#1243 = VERTEX_POINT('',#1244);
#1244 = CARTESIAN_POINT('',(-1.27,-3.556,2.54));
#1245 = LINE('',#1246,#1247);
#1246 = CARTESIAN_POINT('',(-1.27,-1.524,2.54));
#1247 = VECTOR('',#1248,1.);
#1248 = DIRECTION('',(0.,-1.,0.));
#1249 = ORIENTED_EDGE('',*,*,#1250,.T.);
#1250 = EDGE_CURVE('',#1243,#1251,#1253,.T.);
#1251 = VERTEX_POINT('',#1252);
#1252 = CARTESIAN_POINT('',(-1.016,-3.81,2.54));
#1253 = LINE('',#1254,#1255);
#1254 = CARTESIAN_POINT('',(-1.27,-3.556,2.54));
#1255 = VECTOR('',#1256,1.);
#1256 = DIRECTION('',(0.707106781187,-0.707106781187,0.));
#1257 = ORIENTED_EDGE('',*,*,#1258,.T.);
#1258 = EDGE_CURVE('',#1251,#1259,#1261,.T.);
#1259 = VERTEX_POINT('',#1260);
#1260 = CARTESIAN_POINT('',(1.016,-3.81,2.54));
#1261 = LINE('',#1262,#1263);
#1262 = CARTESIAN_POINT('',(-1.016,-3.81,2.54));
#1263 = VECTOR('',#1264,1.);
#1264 = DIRECTION('',(1.,0.,0.));
#1265 = ORIENTED_EDGE('',*,*,#1266,.T.);
#1266 = EDGE_CURVE('',#1259,#1267,#1269,.T.);
#1267 = VERTEX_POINT('',#1268);
#1268 = CARTESIAN_POINT('',(1.27,-3.556,2.54));
#1269 = LINE('',#1270,#1271);
#1270 = CARTESIAN_POINT('',(1.016,-3.81,2.54));
#1271 = VECTOR('',#1272,1.);
#1272 = DIRECTION('',(0.707106781187,0.707106781187,0.));
#1273 = ORIENTED_EDGE('',*,*,#1274,.T.);
#1274 = EDGE_CURVE('',#1267,#1275,#1277,.T.);
#1275 = VERTEX_POINT('',#1276);
#1276 = CARTESIAN_POINT('',(1.27,-1.524,2.54));
#1277 = LINE('',#1278,#1279);
#1278 = CARTESIAN_POINT('',(1.27,-3.556,2.54));
#1279 = VECTOR('',#1280,1.);
#1280 = DIRECTION('',(0.,1.,0.));
#1281 = ORIENTED_EDGE('',*,*,#1282,.T.);
#1282 = EDGE_CURVE('',#1275,#1283,#1285,.T.);
#1283 = VERTEX_POINT('',#1284);
#1284 = CARTESIAN_POINT('',(1.016,-1.27,2.54));
#1285 = LINE('',#1286,#1287);
#1286 = CARTESIAN_POINT('',(1.27,-1.524,2.54));
#1287 = VECTOR('',#1288,1.);
#1288 = DIRECTION('',(-0.707106781187,0.707106781187,0.));
#1289 = ORIENTED_EDGE('',*,*,#1290,.T.);
#1290 = EDGE_CURVE('',#1283,#1291,#1293,.T.);
#1291 = VERTEX_POINT('',#1292);
#1292 = CARTESIAN_POINT('',(1.27,-1.016,2.54));
#1293 = LINE('',#1294,#1295);
#1294 = CARTESIAN_POINT('',(1.016,-1.27,2.54));
#1295 = VECTOR('',#1296,1.);
#1296 = DIRECTION('',(0.707106781187,0.707106781187,0.));
#1297 = ORIENTED_EDGE('',*,*,#1298,.T.);
#1298 = EDGE_CURVE('',#1291,#1299,#1301,.T.);
#1299 = VERTEX_POINT('',#1300);
#1300 = CARTESIAN_POINT('',(1.27,1.016,2.54));
#1301 = LINE('',#1302,#1303);
#1302 = CARTESIAN_POINT('',(1.27,-1.016,2.54));
#1303 = VECTOR('',#1304,1.);
#1304 = DIRECTION('',(0.,1.,0.));
#1305 = ORIENTED_EDGE('',*,*,#1306,.T.);
#1306 = EDGE_CURVE('',#1299,#1000,#1307,.T.);
#1307 = LINE('',#1308,#1309);
#1308 = CARTESIAN_POINT('',(1.27,1.016,2.54));
#1309 = VECTOR('',#1310,1.);
#1310 = DIRECTION('',(-0.707106781187,0.707106781187,0.));
#1311 = ORIENTED_EDGE('',*,*,#1007,.T.);
#1312 = FACE_BOUND('',#1313,.T.);
#1313 = EDGE_LOOP('',(#1314,#1324,#1332,#1340));
#1314 = ORIENTED_EDGE('',*,*,#1315,.T.);
#1315 = EDGE_CURVE('',#1316,#1318,#1320,.T.);
#1316 = VERTEX_POINT('',#1317);
#1317 = CARTESIAN_POINT('',(0.32,-0.32,2.54));
#1318 = VERTEX_POINT('',#1319);
#1319 = CARTESIAN_POINT('',(-0.32,-0.32,2.54));
#1320 = LINE('',#1321,#1322);
#1321 = CARTESIAN_POINT('',(-0.16,-0.32,2.54));
#1322 = VECTOR('',#1323,1.);
#1323 = DIRECTION('',(-1.,0.,0.));
#1324 = ORIENTED_EDGE('',*,*,#1325,.T.);
#1325 = EDGE_CURVE('',#1318,#1326,#1328,.T.);
#1326 = VERTEX_POINT('',#1327);
#1327 = CARTESIAN_POINT('',(-0.32,0.32,2.54));
#1328 = LINE('',#1329,#1330);
#1329 = CARTESIAN_POINT('',(-0.32,-0.795,2.54));
#1330 = VECTOR('',#1331,1.);
#1331 = DIRECTION('',(0.,1.,0.));
#1332 = ORIENTED_EDGE('',*,*,#1333,.F.);
#1333 = EDGE_CURVE('',#1334,#1326,#1336,.T.);
#1334 = VERTEX_POINT('',#1335);
#1335 = CARTESIAN_POINT('',(0.32,0.32,2.54));
#1336 = LINE('',#1337,#1338);
#1337 = CARTESIAN_POINT('',(-0.16,0.32,2.54));
#1338 = VECTOR('',#1339,1.);
#1339 = DIRECTION('',(-1.,0.,0.));
#1340 = ORIENTED_EDGE('',*,*,#1341,.F.);
#1341 = EDGE_CURVE('',#1316,#1334,#1342,.T.);
#1342 = LINE('',#1343,#1344);
#1343 = CARTESIAN_POINT('',(0.32,-0.795,2.54));
#1344 = VECTOR('',#1345,1.);
#1345 = DIRECTION('',(0.,1.,0.));
#1346 = FACE_BOUND('',#1347,.T.);
#1347 = EDGE_LOOP('',(#1348,#1358,#1366,#1374));
#1348 = ORIENTED_EDGE('',*,*,#1349,.T.);
#1349 = EDGE_CURVE('',#1350,#1352,#1354,.T.);
#1350 = VERTEX_POINT('',#1351);
#1351 = CARTESIAN_POINT('',(0.32,-2.86,2.54));
#1352 = VERTEX_POINT('',#1353);
#1353 = CARTESIAN_POINT('',(-0.32,-2.86,2.54));
#1354 = LINE('',#1355,#1356);
#1355 = CARTESIAN_POINT('',(-0.16,-2.86,2.54));
#1356 = VECTOR('',#1357,1.);
#1357 = DIRECTION('',(-1.,0.,0.));
#1358 = ORIENTED_EDGE('',*,*,#1359,.T.);
#1359 = EDGE_CURVE('',#1352,#1360,#1362,.T.);
#1360 = VERTEX_POINT('',#1361);
#1361 = CARTESIAN_POINT('',(-0.32,-2.22,2.54));
#1362 = LINE('',#1363,#1364);
#1363 = CARTESIAN_POINT('',(-0.32,-2.065,2.54));
#1364 = VECTOR('',#1365,1.);
#1365 = DIRECTION('',(0.,1.,0.));
#1366 = ORIENTED_EDGE('',*,*,#1367,.F.);
#1367 = EDGE_CURVE('',#1368,#1360,#1370,.T.);
#1368 = VERTEX_POINT('',#1369);
#1369 = CARTESIAN_POINT('',(0.32,-2.22,2.54));
#1370 = LINE('',#1371,#1372);
#1371 = CARTESIAN_POINT('',(-0.16,-2.22,2.54));
#1372 = VECTOR('',#1373,1.);
#1373 = DIRECTION('',(-1.,0.,0.));
#1374 = ORIENTED_EDGE('',*,*,#1375,.F.);
#1375 = EDGE_CURVE('',#1350,#1368,#1376,.T.);
#1376 = LINE('',#1377,#1378);
#1377 = CARTESIAN_POINT('',(0.32,-2.065,2.54));
#1378 = VECTOR('',#1379,1.);
#1379 = DIRECTION('',(0.,1.,0.));
#1380 = PLANE('',#1381);
#1381 = AXIS2_PLACEMENT_3D('',#1382,#1383,#1384);
#1382 = CARTESIAN_POINT('',(1.473843703412E-17,-1.27,2.54));
#1383 = DIRECTION('',(0.,0.,1.));
#1384 = DIRECTION('',(1.,0.,-0.));
#1385 = ADVANCED_FACE('',(#1386),#1397,.F.);
#1386 = FACE_BOUND('',#1387,.F.);
#1387 = EDGE_LOOP('',(#1388,#1394,#1395,#1396));
#1388 = ORIENTED_EDGE('',*,*,#1389,.T.);
#1389 = EDGE_CURVE('',#1134,#1299,#1390,.T.);
#1390 = LINE('',#1391,#1392);
#1391 = CARTESIAN_POINT('',(1.27,1.016,0.));
#1392 = VECTOR('',#1393,1.);
#1393 = DIRECTION('',(0.,0.,1.));
#1394 = ORIENTED_EDGE('',*,*,#1306,.T.);
#1395 = ORIENTED_EDGE('',*,*,#997,.F.);
#1396 = ORIENTED_EDGE('',*,*,#1141,.F.);
#1397 = PLANE('',#1398);
#1398 = AXIS2_PLACEMENT_3D('',#1399,#1400,#1401);
#1399 = CARTESIAN_POINT('',(1.27,1.016,0.));
#1400 = DIRECTION('',(-0.707106781187,-0.707106781187,0.));
#1401 = DIRECTION('',(-0.707106781187,0.707106781187,0.));
#1402 = ADVANCED_FACE('',(#1403),#1414,.F.);
#1403 = FACE_BOUND('',#1404,.F.);
#1404 = EDGE_LOOP('',(#1405,#1406,#1407,#1413));
#1405 = ORIENTED_EDGE('',*,*,#1037,.T.);
#1406 = ORIENTED_EDGE('',*,*,#1226,.T.);
#1407 = ORIENTED_EDGE('',*,*,#1408,.F.);
#1408 = EDGE_CURVE('',#1062,#1227,#1409,.T.);
#1409 = LINE('',#1410,#1411);
#1410 = CARTESIAN_POINT('',(-1.016,-1.27,0.));
#1411 = VECTOR('',#1412,1.);
#1412 = DIRECTION('',(0.,0.,1.));
#1413 = ORIENTED_EDGE('',*,*,#1061,.F.);
#1414 = PLANE('',#1415);
#1415 = AXIS2_PLACEMENT_3D('',#1416,#1417,#1418);
#1416 = CARTESIAN_POINT('',(-1.27,-1.016,0.));
#1417 = DIRECTION('',(0.707106781187,0.707106781187,0.));
#1418 = DIRECTION('',(0.707106781187,-0.707106781187,0.));
#1419 = ADVANCED_FACE('',(#1420),#1431,.F.);
#1420 = FACE_BOUND('',#1421,.F.);
#1421 = EDGE_LOOP('',(#1422,#1428,#1429,#1430));
#1422 = ORIENTED_EDGE('',*,*,#1423,.T.);
#1423 = EDGE_CURVE('',#1126,#1291,#1424,.T.);
#1424 = LINE('',#1425,#1426);
#1425 = CARTESIAN_POINT('',(1.27,-1.016,0.));
#1426 = VECTOR('',#1427,1.);
#1427 = DIRECTION('',(0.,0.,1.));
#1428 = ORIENTED_EDGE('',*,*,#1298,.T.);
#1429 = ORIENTED_EDGE('',*,*,#1389,.F.);
#1430 = ORIENTED_EDGE('',*,*,#1133,.F.);
#1431 = PLANE('',#1432);
#1432 = AXIS2_PLACEMENT_3D('',#1433,#1434,#1435);
#1433 = CARTESIAN_POINT('',(1.27,-1.016,0.));
#1434 = DIRECTION('',(-1.,0.,0.));
#1435 = DIRECTION('',(0.,1.,0.));
#1436 = ADVANCED_FACE('',(#1437),#1448,.F.);
#1437 = FACE_BOUND('',#1438,.F.);
#1438 = EDGE_LOOP('',(#1439,#1440,#1441,#1447));
#1439 = ORIENTED_EDGE('',*,*,#1408,.T.);
#1440 = ORIENTED_EDGE('',*,*,#1234,.T.);
#1441 = ORIENTED_EDGE('',*,*,#1442,.F.);
#1442 = EDGE_CURVE('',#1070,#1235,#1443,.T.);
#1443 = LINE('',#1444,#1445);
#1444 = CARTESIAN_POINT('',(-1.27,-1.524,0.));
#1445 = VECTOR('',#1446,1.);
#1446 = DIRECTION('',(0.,0.,1.));
#1447 = ORIENTED_EDGE('',*,*,#1069,.F.);
#1448 = PLANE('',#1449);
#1449 = AXIS2_PLACEMENT_3D('',#1450,#1451,#1452);
#1450 = CARTESIAN_POINT('',(-1.016,-1.27,0.));
#1451 = DIRECTION('',(0.707106781187,-0.707106781187,0.));
#1452 = DIRECTION('',(-0.707106781187,-0.707106781187,0.));
#1453 = ADVANCED_FACE('',(#1454),#1465,.F.);
#1454 = FACE_BOUND('',#1455,.F.);
#1455 = EDGE_LOOP('',(#1456,#1462,#1463,#1464));
#1456 = ORIENTED_EDGE('',*,*,#1457,.T.);
#1457 = EDGE_CURVE('',#1118,#1283,#1458,.T.);
#1458 = LINE('',#1459,#1460);
#1459 = CARTESIAN_POINT('',(1.016,-1.27,0.));
#1460 = VECTOR('',#1461,1.);
#1461 = DIRECTION('',(0.,0.,1.));
#1462 = ORIENTED_EDGE('',*,*,#1290,.T.);
#1463 = ORIENTED_EDGE('',*,*,#1423,.F.);
#1464 = ORIENTED_EDGE('',*,*,#1125,.F.);
#1465 = PLANE('',#1466);
#1466 = AXIS2_PLACEMENT_3D('',#1467,#1468,#1469);
#1467 = CARTESIAN_POINT('',(1.016,-1.27,0.));
#1468 = DIRECTION('',(-0.707106781187,0.707106781187,0.));
#1469 = DIRECTION('',(0.707106781187,0.707106781187,0.));
#1470 = ADVANCED_FACE('',(#1471),#1482,.F.);
#1471 = FACE_BOUND('',#1472,.F.);
#1472 = EDGE_LOOP('',(#1473,#1474,#1475,#1481));
#1473 = ORIENTED_EDGE('',*,*,#1442,.T.);
#1474 = ORIENTED_EDGE('',*,*,#1242,.T.);
#1475 = ORIENTED_EDGE('',*,*,#1476,.F.);
#1476 = EDGE_CURVE('',#1078,#1243,#1477,.T.);
#1477 = LINE('',#1478,#1479);
#1478 = CARTESIAN_POINT('',(-1.27,-3.556,0.));
#1479 = VECTOR('',#1480,1.);
#1480 = DIRECTION('',(0.,0.,1.));
#1481 = ORIENTED_EDGE('',*,*,#1077,.F.);
#1482 = PLANE('',#1483);
#1483 = AXIS2_PLACEMENT_3D('',#1484,#1485,#1486);
#1484 = CARTESIAN_POINT('',(-1.27,-1.524,0.));
#1485 = DIRECTION('',(1.,0.,0.));
#1486 = DIRECTION('',(0.,-1.,0.));
#1487 = ADVANCED_FACE('',(#1488),#1499,.F.);
#1488 = FACE_BOUND('',#1489,.F.);
#1489 = EDGE_LOOP('',(#1490,#1496,#1497,#1498));
#1490 = ORIENTED_EDGE('',*,*,#1491,.T.);
#1491 = EDGE_CURVE('',#1110,#1275,#1492,.T.);
#1492 = LINE('',#1493,#1494);
#1493 = CARTESIAN_POINT('',(1.27,-1.524,0.));
#1494 = VECTOR('',#1495,1.);
#1495 = DIRECTION('',(0.,0.,1.));
#1496 = ORIENTED_EDGE('',*,*,#1282,.T.);
#1497 = ORIENTED_EDGE('',*,*,#1457,.F.);
#1498 = ORIENTED_EDGE('',*,*,#1117,.F.);
#1499 = PLANE('',#1500);
#1500 = AXIS2_PLACEMENT_3D('',#1501,#1502,#1503);
#1501 = CARTESIAN_POINT('',(1.27,-1.524,0.));
#1502 = DIRECTION('',(-0.707106781187,-0.707106781187,0.));
#1503 = DIRECTION('',(-0.707106781187,0.707106781187,0.));
#1504 = ADVANCED_FACE('',(#1505),#1516,.F.);
#1505 = FACE_BOUND('',#1506,.F.);
#1506 = EDGE_LOOP('',(#1507,#1508,#1509,#1515));
#1507 = ORIENTED_EDGE('',*,*,#1476,.T.);
#1508 = ORIENTED_EDGE('',*,*,#1250,.T.);
#1509 = ORIENTED_EDGE('',*,*,#1510,.F.);
#1510 = EDGE_CURVE('',#1086,#1251,#1511,.T.);
#1511 = LINE('',#1512,#1513);
#1512 = CARTESIAN_POINT('',(-1.016,-3.81,0.));
#1513 = VECTOR('',#1514,1.);
#1514 = DIRECTION('',(0.,0.,1.));
#1515 = ORIENTED_EDGE('',*,*,#1085,.F.);
#1516 = PLANE('',#1517);
#1517 = AXIS2_PLACEMENT_3D('',#1518,#1519,#1520);
#1518 = CARTESIAN_POINT('',(-1.27,-3.556,0.));
#1519 = DIRECTION('',(0.707106781187,0.707106781187,0.));
#1520 = DIRECTION('',(0.707106781187,-0.707106781187,0.));
#1521 = ADVANCED_FACE('',(#1522),#1533,.F.);
#1522 = FACE_BOUND('',#1523,.F.);
#1523 = EDGE_LOOP('',(#1524,#1530,#1531,#1532));
#1524 = ORIENTED_EDGE('',*,*,#1525,.T.);
#1525 = EDGE_CURVE('',#1102,#1267,#1526,.T.);
#1526 = LINE('',#1527,#1528);
#1527 = CARTESIAN_POINT('',(1.27,-3.556,0.));
#1528 = VECTOR('',#1529,1.);
#1529 = DIRECTION('',(0.,0.,1.));
#1530 = ORIENTED_EDGE('',*,*,#1274,.T.);
#1531 = ORIENTED_EDGE('',*,*,#1491,.F.);
#1532 = ORIENTED_EDGE('',*,*,#1109,.F.);
#1533 = PLANE('',#1534);
#1534 = AXIS2_PLACEMENT_3D('',#1535,#1536,#1537);
#1535 = CARTESIAN_POINT('',(1.27,-3.556,0.));
#1536 = DIRECTION('',(-1.,0.,0.));
#1537 = DIRECTION('',(0.,1.,0.));
#1538 = ADVANCED_FACE('',(#1539),#1550,.F.);
#1539 = FACE_BOUND('',#1540,.F.);
#1540 = EDGE_LOOP('',(#1541,#1542,#1543,#1549));
#1541 = ORIENTED_EDGE('',*,*,#1510,.T.);
#1542 = ORIENTED_EDGE('',*,*,#1258,.T.);
#1543 = ORIENTED_EDGE('',*,*,#1544,.F.);
#1544 = EDGE_CURVE('',#1094,#1259,#1545,.T.);
#1545 = LINE('',#1546,#1547);
#1546 = CARTESIAN_POINT('',(1.016,-3.81,0.));
#1547 = VECTOR('',#1548,1.);
#1548 = DIRECTION('',(0.,0.,1.));
#1549 = ORIENTED_EDGE('',*,*,#1093,.F.);
#1550 = PLANE('',#1551);
#1551 = AXIS2_PLACEMENT_3D('',#1552,#1553,#1554);
#1552 = CARTESIAN_POINT('',(-1.016,-3.81,0.));
#1553 = DIRECTION('',(0.,1.,0.));
#1554 = DIRECTION('',(1.,0.,0.));
#1555 = ADVANCED_FACE('',(#1556),#1562,.F.);
#1556 = FACE_BOUND('',#1557,.F.);
#1557 = EDGE_LOOP('',(#1558,#1559,#1560,#1561));
#1558 = ORIENTED_EDGE('',*,*,#1544,.T.);
#1559 = ORIENTED_EDGE('',*,*,#1266,.T.);
#1560 = ORIENTED_EDGE('',*,*,#1525,.F.);
#1561 = ORIENTED_EDGE('',*,*,#1101,.F.);
#1562 = PLANE('',#1563);
#1563 = AXIS2_PLACEMENT_3D('',#1564,#1565,#1566);
#1564 = CARTESIAN_POINT('',(1.016,-3.81,0.));
#1565 = DIRECTION('',(-0.707106781187,0.707106781187,0.));
#1566 = DIRECTION('',(0.707106781187,0.707106781187,0.));
#1567 = ADVANCED_FACE('',(#1568),#1593,.F.);
#1568 = FACE_BOUND('',#1569,.F.);
#1569 = EDGE_LOOP('',(#1570,#1578,#1586,#1592));
#1570 = ORIENTED_EDGE('',*,*,#1571,.F.);
#1571 = EDGE_CURVE('',#1572,#1151,#1574,.T.);
#1572 = VERTEX_POINT('',#1573);
#1573 = CARTESIAN_POINT('',(0.32,-0.32,-2.84));
#1574 = LINE('',#1575,#1576);
#1575 = CARTESIAN_POINT('',(0.32,-0.32,-3.));
#1576 = VECTOR('',#1577,1.);
#1577 = DIRECTION('',(0.,0.,1.));
#1578 = ORIENTED_EDGE('',*,*,#1579,.F.);
#1579 = EDGE_CURVE('',#1580,#1572,#1582,.T.);
#1580 = VERTEX_POINT('',#1581);
#1581 = CARTESIAN_POINT('',(-0.32,-0.32,-2.84));
#1582 = LINE('',#1583,#1584);
#1583 = CARTESIAN_POINT('',(-0.32,-0.32,-2.84));
#1584 = VECTOR('',#1585,1.);
#1585 = DIRECTION('',(1.,0.,0.));
#1586 = ORIENTED_EDGE('',*,*,#1587,.T.);
#1587 = EDGE_CURVE('',#1580,#1153,#1588,.T.);
#1588 = LINE('',#1589,#1590);
#1589 = CARTESIAN_POINT('',(-0.32,-0.32,-3.));
#1590 = VECTOR('',#1591,1.);
#1591 = DIRECTION('',(0.,0.,1.));
#1592 = ORIENTED_EDGE('',*,*,#1150,.F.);
#1593 = PLANE('',#1594);
#1594 = AXIS2_PLACEMENT_3D('',#1595,#1596,#1597);
#1595 = CARTESIAN_POINT('',(-0.32,-0.32,-3.));
#1596 = DIRECTION('',(0.,1.,0.));
#1597 = DIRECTION('',(0.,-0.,1.));
#1598 = ADVANCED_FACE('',(#1599),#1617,.T.);
#1599 = FACE_BOUND('',#1600,.T.);
#1600 = EDGE_LOOP('',(#1601,#1602,#1610,#1616));
#1601 = ORIENTED_EDGE('',*,*,#1571,.F.);
#1602 = ORIENTED_EDGE('',*,*,#1603,.T.);
#1603 = EDGE_CURVE('',#1572,#1604,#1606,.T.);
#1604 = VERTEX_POINT('',#1605);
#1605 = CARTESIAN_POINT('',(0.32,0.32,-2.84));
#1606 = LINE('',#1607,#1608);
#1607 = CARTESIAN_POINT('',(0.32,-0.32,-2.84));
#1608 = VECTOR('',#1609,1.);
#1609 = DIRECTION('',(0.,1.,0.));
#1610 = ORIENTED_EDGE('',*,*,#1611,.T.);
#1611 = EDGE_CURVE('',#1604,#1169,#1612,.T.);
#1612 = LINE('',#1613,#1614);
#1613 = CARTESIAN_POINT('',(0.32,0.32,-3.));
#1614 = VECTOR('',#1615,1.);
#1615 = DIRECTION('',(0.,0.,1.));
#1616 = ORIENTED_EDGE('',*,*,#1176,.F.);
#1617 = PLANE('',#1618);
#1618 = AXIS2_PLACEMENT_3D('',#1619,#1620,#1621);
#1619 = CARTESIAN_POINT('',(0.32,-0.32,-3.));
#1620 = DIRECTION('',(1.,0.,0.));
#1621 = DIRECTION('',(0.,0.,1.));
#1622 = ADVANCED_FACE('',(#1623),#1641,.T.);
#1623 = FACE_BOUND('',#1624,.T.);
#1624 = EDGE_LOOP('',(#1625,#1626,#1634,#1640));
#1625 = ORIENTED_EDGE('',*,*,#1611,.F.);
#1626 = ORIENTED_EDGE('',*,*,#1627,.F.);
#1627 = EDGE_CURVE('',#1628,#1604,#1630,.T.);
#1628 = VERTEX_POINT('',#1629);
#1629 = CARTESIAN_POINT('',(-0.32,0.32,-2.84));
#1630 = LINE('',#1631,#1632);
#1631 = CARTESIAN_POINT('',(-0.32,0.32,-2.84));
#1632 = VECTOR('',#1633,1.);
#1633 = DIRECTION('',(1.,0.,0.));
#1634 = ORIENTED_EDGE('',*,*,#1635,.T.);
#1635 = EDGE_CURVE('',#1628,#1161,#1636,.T.);
#1636 = LINE('',#1637,#1638);
#1637 = CARTESIAN_POINT('',(-0.32,0.32,-3.));
#1638 = VECTOR('',#1639,1.);
#1639 = DIRECTION('',(0.,0.,1.));
#1640 = ORIENTED_EDGE('',*,*,#1168,.F.);
#1641 = PLANE('',#1642);
#1642 = AXIS2_PLACEMENT_3D('',#1643,#1644,#1645);
#1643 = CARTESIAN_POINT('',(-0.32,0.32,-3.));
#1644 = DIRECTION('',(0.,1.,0.));
#1645 = DIRECTION('',(0.,-0.,1.));
#1646 = ADVANCED_FACE('',(#1647),#1658,.F.);
#1647 = FACE_BOUND('',#1648,.F.);
#1648 = EDGE_LOOP('',(#1649,#1650,#1656,#1657));
#1649 = ORIENTED_EDGE('',*,*,#1587,.F.);
#1650 = ORIENTED_EDGE('',*,*,#1651,.T.);
#1651 = EDGE_CURVE('',#1580,#1628,#1652,.T.);
#1652 = LINE('',#1653,#1654);
#1653 = CARTESIAN_POINT('',(-0.32,-0.32,-2.84));
#1654 = VECTOR('',#1655,1.);
#1655 = DIRECTION('',(0.,1.,0.));
#1656 = ORIENTED_EDGE('',*,*,#1635,.T.);
#1657 = ORIENTED_EDGE('',*,*,#1160,.F.);
#1658 = PLANE('',#1659);
#1659 = AXIS2_PLACEMENT_3D('',#1660,#1661,#1662);
#1660 = CARTESIAN_POINT('',(-0.32,-0.32,-3.));
#1661 = DIRECTION('',(1.,0.,0.));
#1662 = DIRECTION('',(0.,0.,1.));
#1663 = ADVANCED_FACE('',(#1664),#1689,.F.);
#1664 = FACE_BOUND('',#1665,.F.);
#1665 = EDGE_LOOP('',(#1666,#1674,#1682,#1688));
#1666 = ORIENTED_EDGE('',*,*,#1667,.F.);
#1667 = EDGE_CURVE('',#1668,#1185,#1670,.T.);
#1668 = VERTEX_POINT('',#1669);
#1669 = CARTESIAN_POINT('',(0.32,-2.86,-2.84));
#1670 = LINE('',#1671,#1672);
#1671 = CARTESIAN_POINT('',(0.32,-2.86,-3.));
#1672 = VECTOR('',#1673,1.);
#1673 = DIRECTION('',(0.,0.,1.));
#1674 = ORIENTED_EDGE('',*,*,#1675,.F.);
#1675 = EDGE_CURVE('',#1676,#1668,#1678,.T.);
#1676 = VERTEX_POINT('',#1677);
#1677 = CARTESIAN_POINT('',(-0.32,-2.86,-2.84));
#1678 = LINE('',#1679,#1680);
#1679 = CARTESIAN_POINT('',(-0.32,-2.86,-2.84));
#1680 = VECTOR('',#1681,1.);
#1681 = DIRECTION('',(1.,0.,0.));
#1682 = ORIENTED_EDGE('',*,*,#1683,.T.);
#1683 = EDGE_CURVE('',#1676,#1187,#1684,.T.);
#1684 = LINE('',#1685,#1686);
#1685 = CARTESIAN_POINT('',(-0.32,-2.86,-3.));
#1686 = VECTOR('',#1687,1.);
#1687 = DIRECTION('',(0.,0.,1.));
#1688 = ORIENTED_EDGE('',*,*,#1184,.F.);
#1689 = PLANE('',#1690);
#1690 = AXIS2_PLACEMENT_3D('',#1691,#1692,#1693);
#1691 = CARTESIAN_POINT('',(-0.32,-2.86,-3.));
#1692 = DIRECTION('',(0.,1.,0.));
#1693 = DIRECTION('',(0.,-0.,1.));
#1694 = ADVANCED_FACE('',(#1695),#1713,.T.);
#1695 = FACE_BOUND('',#1696,.T.);
#1696 = EDGE_LOOP('',(#1697,#1698,#1706,#1712));
#1697 = ORIENTED_EDGE('',*,*,#1667,.F.);
#1698 = ORIENTED_EDGE('',*,*,#1699,.T.);
#1699 = EDGE_CURVE('',#1668,#1700,#1702,.T.);
#1700 = VERTEX_POINT('',#1701);
#1701 = CARTESIAN_POINT('',(0.32,-2.22,-2.84));
#1702 = LINE('',#1703,#1704);
#1703 = CARTESIAN_POINT('',(0.32,-2.86,-2.84));
#1704 = VECTOR('',#1705,1.);
#1705 = DIRECTION('',(0.,1.,0.));
#1706 = ORIENTED_EDGE('',*,*,#1707,.T.);
#1707 = EDGE_CURVE('',#1700,#1203,#1708,.T.);
#1708 = LINE('',#1709,#1710);
#1709 = CARTESIAN_POINT('',(0.32,-2.22,-3.));
#1710 = VECTOR('',#1711,1.);
#1711 = DIRECTION('',(0.,0.,1.));
#1712 = ORIENTED_EDGE('',*,*,#1210,.F.);
#1713 = PLANE('',#1714);
#1714 = AXIS2_PLACEMENT_3D('',#1715,#1716,#1717);
#1715 = CARTESIAN_POINT('',(0.32,-2.86,-3.));
#1716 = DIRECTION('',(1.,0.,0.));
#1717 = DIRECTION('',(0.,0.,1.));
#1718 = ADVANCED_FACE('',(#1719),#1737,.T.);
#1719 = FACE_BOUND('',#1720,.T.);
#1720 = EDGE_LOOP('',(#1721,#1722,#1730,#1736));
#1721 = ORIENTED_EDGE('',*,*,#1707,.F.);
#1722 = ORIENTED_EDGE('',*,*,#1723,.F.);
#1723 = EDGE_CURVE('',#1724,#1700,#1726,.T.);
#1724 = VERTEX_POINT('',#1725);
#1725 = CARTESIAN_POINT('',(-0.32,-2.22,-2.84));
#1726 = LINE('',#1727,#1728);
#1727 = CARTESIAN_POINT('',(-0.32,-2.22,-2.84));
#1728 = VECTOR('',#1729,1.);
#1729 = DIRECTION('',(1.,0.,0.));
#1730 = ORIENTED_EDGE('',*,*,#1731,.T.);
#1731 = EDGE_CURVE('',#1724,#1195,#1732,.T.);
#1732 = LINE('',#1733,#1734);
#1733 = CARTESIAN_POINT('',(-0.32,-2.22,-3.));
#1734 = VECTOR('',#1735,1.);
#1735 = DIRECTION('',(0.,0.,1.));
#1736 = ORIENTED_EDGE('',*,*,#1202,.F.);
#1737 = PLANE('',#1738);
#1738 = AXIS2_PLACEMENT_3D('',#1739,#1740,#1741);
#1739 = CARTESIAN_POINT('',(-0.32,-2.22,-3.));
#1740 = DIRECTION('',(0.,1.,0.));
#1741 = DIRECTION('',(0.,-0.,1.));
#1742 = ADVANCED_FACE('',(#1743),#1754,.F.);
#1743 = FACE_BOUND('',#1744,.F.);
#1744 = EDGE_LOOP('',(#1745,#1746,#1752,#1753));
#1745 = ORIENTED_EDGE('',*,*,#1683,.F.);
#1746 = ORIENTED_EDGE('',*,*,#1747,.T.);
#1747 = EDGE_CURVE('',#1676,#1724,#1748,.T.);
#1748 = LINE('',#1749,#1750);
#1749 = CARTESIAN_POINT('',(-0.32,-2.86,-2.84));
#1750 = VECTOR('',#1751,1.);
#1751 = DIRECTION('',(0.,1.,0.));
#1752 = ORIENTED_EDGE('',*,*,#1731,.T.);
#1753 = ORIENTED_EDGE('',*,*,#1194,.F.);
#1754 = PLANE('',#1755);
#1755 = AXIS2_PLACEMENT_3D('',#1756,#1757,#1758);
#1756 = CARTESIAN_POINT('',(-0.32,-2.86,-3.));
#1757 = DIRECTION('',(1.,0.,0.));
#1758 = DIRECTION('',(0.,0.,1.));
#1759 = ADVANCED_FACE('',(#1760),#1785,.F.);
#1760 = FACE_BOUND('',#1761,.F.);
#1761 = EDGE_LOOP('',(#1762,#1770,#1771,#1779));
#1762 = ORIENTED_EDGE('',*,*,#1763,.F.);
#1763 = EDGE_CURVE('',#1316,#1764,#1766,.T.);
#1764 = VERTEX_POINT('',#1765);
#1765 = CARTESIAN_POINT('',(0.32,-0.32,8.38));
#1766 = LINE('',#1767,#1768);
#1767 = CARTESIAN_POINT('',(0.32,-0.32,-3.));
#1768 = VECTOR('',#1769,1.);
#1769 = DIRECTION('',(0.,0.,1.));
#1770 = ORIENTED_EDGE('',*,*,#1315,.T.);
#1771 = ORIENTED_EDGE('',*,*,#1772,.T.);
#1772 = EDGE_CURVE('',#1318,#1773,#1775,.T.);
#1773 = VERTEX_POINT('',#1774);
#1774 = CARTESIAN_POINT('',(-0.32,-0.32,8.38));
#1775 = LINE('',#1776,#1777);
#1776 = CARTESIAN_POINT('',(-0.32,-0.32,-3.));
#1777 = VECTOR('',#1778,1.);
#1778 = DIRECTION('',(0.,0.,1.));
#1779 = ORIENTED_EDGE('',*,*,#1780,.T.);
#1780 = EDGE_CURVE('',#1773,#1764,#1781,.T.);
#1781 = LINE('',#1782,#1783);
#1782 = CARTESIAN_POINT('',(-0.32,-0.32,8.38));
#1783 = VECTOR('',#1784,1.);
#1784 = DIRECTION('',(1.,0.,0.));
#1785 = PLANE('',#1786);
#1786 = AXIS2_PLACEMENT_3D('',#1787,#1788,#1789);
#1787 = CARTESIAN_POINT('',(-0.32,-0.32,-3.));
#1788 = DIRECTION('',(0.,1.,0.));
#1789 = DIRECTION('',(0.,-0.,1.));
#1790 = ADVANCED_FACE('',(#1791),#1809,.T.);
#1791 = FACE_BOUND('',#1792,.T.);
#1792 = EDGE_LOOP('',(#1793,#1794,#1795,#1803));
#1793 = ORIENTED_EDGE('',*,*,#1763,.F.);
#1794 = ORIENTED_EDGE('',*,*,#1341,.T.);
#1795 = ORIENTED_EDGE('',*,*,#1796,.T.);
#1796 = EDGE_CURVE('',#1334,#1797,#1799,.T.);
#1797 = VERTEX_POINT('',#1798);
#1798 = CARTESIAN_POINT('',(0.32,0.32,8.38));
#1799 = LINE('',#1800,#1801);
#1800 = CARTESIAN_POINT('',(0.32,0.32,-3.));
#1801 = VECTOR('',#1802,1.);
#1802 = DIRECTION('',(0.,0.,1.));
#1803 = ORIENTED_EDGE('',*,*,#1804,.F.);
#1804 = EDGE_CURVE('',#1764,#1797,#1805,.T.);
#1805 = LINE('',#1806,#1807);
#1806 = CARTESIAN_POINT('',(0.32,-0.32,8.38));
#1807 = VECTOR('',#1808,1.);
#1808 = DIRECTION('',(0.,1.,0.));
#1809 = PLANE('',#1810);
#1810 = AXIS2_PLACEMENT_3D('',#1811,#1812,#1813);
#1811 = CARTESIAN_POINT('',(0.32,-0.32,-3.));
#1812 = DIRECTION('',(1.,0.,0.));
#1813 = DIRECTION('',(0.,0.,1.));
#1814 = ADVANCED_FACE('',(#1815),#1833,.T.);
#1815 = FACE_BOUND('',#1816,.T.);
#1816 = EDGE_LOOP('',(#1817,#1818,#1819,#1827));
#1817 = ORIENTED_EDGE('',*,*,#1796,.F.);
#1818 = ORIENTED_EDGE('',*,*,#1333,.T.);
#1819 = ORIENTED_EDGE('',*,*,#1820,.T.);
#1820 = EDGE_CURVE('',#1326,#1821,#1823,.T.);
#1821 = VERTEX_POINT('',#1822);
#1822 = CARTESIAN_POINT('',(-0.32,0.32,8.38));
#1823 = LINE('',#1824,#1825);
#1824 = CARTESIAN_POINT('',(-0.32,0.32,-3.));
#1825 = VECTOR('',#1826,1.);
#1826 = DIRECTION('',(0.,0.,1.));
#1827 = ORIENTED_EDGE('',*,*,#1828,.T.);
#1828 = EDGE_CURVE('',#1821,#1797,#1829,.T.);
#1829 = LINE('',#1830,#1831);
#1830 = CARTESIAN_POINT('',(-0.32,0.32,8.38));
#1831 = VECTOR('',#1832,1.);
#1832 = DIRECTION('',(1.,0.,0.));
#1833 = PLANE('',#1834);
#1834 = AXIS2_PLACEMENT_3D('',#1835,#1836,#1837);
#1835 = CARTESIAN_POINT('',(-0.32,0.32,-3.));
#1836 = DIRECTION('',(0.,1.,0.));
#1837 = DIRECTION('',(0.,-0.,1.));
#1838 = ADVANCED_FACE('',(#1839),#1850,.F.);
#1839 = FACE_BOUND('',#1840,.F.);
#1840 = EDGE_LOOP('',(#1841,#1842,#1843,#1844));
#1841 = ORIENTED_EDGE('',*,*,#1772,.F.);
#1842 = ORIENTED_EDGE('',*,*,#1325,.T.);
#1843 = ORIENTED_EDGE('',*,*,#1820,.T.);
#1844 = ORIENTED_EDGE('',*,*,#1845,.F.);
#1845 = EDGE_CURVE('',#1773,#1821,#1846,.T.);
#1846 = LINE('',#1847,#1848);
#1847 = CARTESIAN_POINT('',(-0.32,-0.32,8.38));
#1848 = VECTOR('',#1849,1.);
#1849 = DIRECTION('',(0.,1.,0.));
#1850 = PLANE('',#1851);
#1851 = AXIS2_PLACEMENT_3D('',#1852,#1853,#1854);
#1852 = CARTESIAN_POINT('',(-0.32,-0.32,-3.));
#1853 = DIRECTION('',(1.,0.,0.));
#1854 = DIRECTION('',(0.,0.,1.));
#1855 = ADVANCED_FACE('',(#1856),#1881,.F.);
#1856 = FACE_BOUND('',#1857,.F.);
#1857 = EDGE_LOOP('',(#1858,#1866,#1867,#1875));
#1858 = ORIENTED_EDGE('',*,*,#1859,.F.);
#1859 = EDGE_CURVE('',#1350,#1860,#1862,.T.);
#1860 = VERTEX_POINT('',#1861);
#1861 = CARTESIAN_POINT('',(0.32,-2.86,8.38));
#1862 = LINE('',#1863,#1864);
#1863 = CARTESIAN_POINT('',(0.32,-2.86,-3.));
#1864 = VECTOR('',#1865,1.);
#1865 = DIRECTION('',(0.,0.,1.));
#1866 = ORIENTED_EDGE('',*,*,#1349,.T.);
#1867 = ORIENTED_EDGE('',*,*,#1868,.T.);
#1868 = EDGE_CURVE('',#1352,#1869,#1871,.T.);
#1869 = VERTEX_POINT('',#1870);
#1870 = CARTESIAN_POINT('',(-0.32,-2.86,8.38));
#1871 = LINE('',#1872,#1873);
#1872 = CARTESIAN_POINT('',(-0.32,-2.86,-3.));
#1873 = VECTOR('',#1874,1.);
#1874 = DIRECTION('',(0.,0.,1.));
#1875 = ORIENTED_EDGE('',*,*,#1876,.T.);
#1876 = EDGE_CURVE('',#1869,#1860,#1877,.T.);
#1877 = LINE('',#1878,#1879);
#1878 = CARTESIAN_POINT('',(-0.32,-2.86,8.38));
#1879 = VECTOR('',#1880,1.);
#1880 = DIRECTION('',(1.,0.,0.));
#1881 = PLANE('',#1882);
#1882 = AXIS2_PLACEMENT_3D('',#1883,#1884,#1885);
#1883 = CARTESIAN_POINT('',(-0.32,-2.86,-3.));
#1884 = DIRECTION('',(0.,1.,0.));
#1885 = DIRECTION('',(0.,-0.,1.));
#1886 = ADVANCED_FACE('',(#1887),#1905,.T.);
#1887 = FACE_BOUND('',#1888,.T.);
#1888 = EDGE_LOOP('',(#1889,#1890,#1891,#1899));
#1889 = ORIENTED_EDGE('',*,*,#1859,.F.);
#1890 = ORIENTED_EDGE('',*,*,#1375,.T.);
#1891 = ORIENTED_EDGE('',*,*,#1892,.T.);
#1892 = EDGE_CURVE('',#1368,#1893,#1895,.T.);
#1893 = VERTEX_POINT('',#1894);
#1894 = CARTESIAN_POINT('',(0.32,-2.22,8.38));
#1895 = LINE('',#1896,#1897);
#1896 = CARTESIAN_POINT('',(0.32,-2.22,-3.));
#1897 = VECTOR('',#1898,1.);
#1898 = DIRECTION('',(0.,0.,1.));
#1899 = ORIENTED_EDGE('',*,*,#1900,.F.);
#1900 = EDGE_CURVE('',#1860,#1893,#1901,.T.);
#1901 = LINE('',#1902,#1903);
#1902 = CARTESIAN_POINT('',(0.32,-2.86,8.38));
#1903 = VECTOR('',#1904,1.);
#1904 = DIRECTION('',(0.,1.,0.));
#1905 = PLANE('',#1906);
#1906 = AXIS2_PLACEMENT_3D('',#1907,#1908,#1909);
#1907 = CARTESIAN_POINT('',(0.32,-2.86,-3.));
#1908 = DIRECTION('',(1.,0.,0.));
#1909 = DIRECTION('',(0.,0.,1.));
#1910 = ADVANCED_FACE('',(#1911),#1929,.T.);
#1911 = FACE_BOUND('',#1912,.T.);
#1912 = EDGE_LOOP('',(#1913,#1914,#1915,#1923));
#1913 = ORIENTED_EDGE('',*,*,#1892,.F.);
#1914 = ORIENTED_EDGE('',*,*,#1367,.T.);
#1915 = ORIENTED_EDGE('',*,*,#1916,.T.);
#1916 = EDGE_CURVE('',#1360,#1917,#1919,.T.);
#1917 = VERTEX_POINT('',#1918);
#1918 = CARTESIAN_POINT('',(-0.32,-2.22,8.38));
#1919 = LINE('',#1920,#1921);
#1920 = CARTESIAN_POINT('',(-0.32,-2.22,-3.));
#1921 = VECTOR('',#1922,1.);
#1922 = DIRECTION('',(0.,0.,1.));
#1923 = ORIENTED_EDGE('',*,*,#1924,.T.);
#1924 = EDGE_CURVE('',#1917,#1893,#1925,.T.);
#1925 = LINE('',#1926,#1927);
#1926 = CARTESIAN_POINT('',(-0.32,-2.22,8.38));
#1927 = VECTOR('',#1928,1.);
#1928 = DIRECTION('',(1.,0.,0.));
#1929 = PLANE('',#1930);
#1930 = AXIS2_PLACEMENT_3D('',#1931,#1932,#1933);
#1931 = CARTESIAN_POINT('',(-0.32,-2.22,-3.));
#1932 = DIRECTION('',(0.,1.,0.));
#1933 = DIRECTION('',(0.,-0.,1.));
#1934 = ADVANCED_FACE('',(#1935),#1946,.F.);
#1935 = FACE_BOUND('',#1936,.F.);
#1936 = EDGE_LOOP('',(#1937,#1938,#1939,#1940));
#1937 = ORIENTED_EDGE('',*,*,#1868,.F.);
#1938 = ORIENTED_EDGE('',*,*,#1359,.T.);
#1939 = ORIENTED_EDGE('',*,*,#1916,.T.);
#1940 = ORIENTED_EDGE('',*,*,#1941,.F.);
#1941 = EDGE_CURVE('',#1869,#1917,#1942,.T.);
#1942 = LINE('',#1943,#1944);
#1943 = CARTESIAN_POINT('',(-0.32,-2.86,8.38));
#1944 = VECTOR('',#1945,1.);
#1945 = DIRECTION('',(0.,1.,0.));
#1946 = PLANE('',#1947);
#1947 = AXIS2_PLACEMENT_3D('',#1948,#1949,#1950);
#1948 = CARTESIAN_POINT('',(-0.32,-2.86,-3.));
#1949 = DIRECTION('',(1.,0.,0.));
#1950 = DIRECTION('',(0.,0.,1.));
#1951 = ADVANCED_FACE('',(#1952),#1977,.T.);
#1952 = FACE_BOUND('',#1953,.F.);
#1953 = EDGE_LOOP('',(#1954,#1962,#1963,#1971));
#1954 = ORIENTED_EDGE('',*,*,#1955,.F.);
#1955 = EDGE_CURVE('',#1580,#1956,#1958,.T.);
#1956 = VERTEX_POINT('',#1957);
#1957 = CARTESIAN_POINT('',(-0.16,-0.16,-3.));
#1958 = LINE('',#1959,#1960);
#1959 = CARTESIAN_POINT('',(-0.266666666667,-0.266666666667,
    -2.893333333333));
#1960 = VECTOR('',#1961,1.);
#1961 = DIRECTION('',(0.57735026919,0.57735026919,-0.57735026919));
#1962 = ORIENTED_EDGE('',*,*,#1579,.T.);
#1963 = ORIENTED_EDGE('',*,*,#1964,.T.);
#1964 = EDGE_CURVE('',#1572,#1965,#1967,.T.);
#1965 = VERTEX_POINT('',#1966);
#1966 = CARTESIAN_POINT('',(0.16,-0.16,-3.));
#1967 = LINE('',#1968,#1969);
#1968 = CARTESIAN_POINT('',(0.16,-0.16,-3.));
#1969 = VECTOR('',#1970,1.);
#1970 = DIRECTION('',(-0.57735026919,0.57735026919,-0.57735026919));
#1971 = ORIENTED_EDGE('',*,*,#1972,.F.);
#1972 = EDGE_CURVE('',#1956,#1965,#1973,.T.);
#1973 = LINE('',#1974,#1975);
#1974 = CARTESIAN_POINT('',(-0.32,-0.16,-3.));
#1975 = VECTOR('',#1976,1.);
#1976 = DIRECTION('',(1.,0.,0.));
#1977 = PLANE('',#1978);
#1978 = AXIS2_PLACEMENT_3D('',#1979,#1980,#1981);
#1979 = CARTESIAN_POINT('',(-0.32,-0.24,-2.92));
#1980 = DIRECTION('',(1.735167508357E-18,-0.707106781187,-0.707106781187
    ));
#1981 = DIRECTION('',(-1.,-1.226948711654E-18,-1.226948711654E-18));
#1982 = ADVANCED_FACE('',(#1983),#2001,.F.);
#1983 = FACE_BOUND('',#1984,.F.);
#1984 = EDGE_LOOP('',(#1985,#1986,#1987,#1995));
#1985 = ORIENTED_EDGE('',*,*,#1964,.F.);
#1986 = ORIENTED_EDGE('',*,*,#1603,.T.);
#1987 = ORIENTED_EDGE('',*,*,#1988,.T.);
#1988 = EDGE_CURVE('',#1604,#1989,#1991,.T.);
#1989 = VERTEX_POINT('',#1990);
#1990 = CARTESIAN_POINT('',(0.16,0.16,-3.));
#1991 = LINE('',#1992,#1993);
#1992 = CARTESIAN_POINT('',(5.333333333333E-02,5.333333333333E-02,
    -3.106666666667));
#1993 = VECTOR('',#1994,1.);
#1994 = DIRECTION('',(-0.57735026919,-0.57735026919,-0.57735026919));
#1995 = ORIENTED_EDGE('',*,*,#1996,.F.);
#1996 = EDGE_CURVE('',#1965,#1989,#1997,.T.);
#1997 = LINE('',#1998,#1999);
#1998 = CARTESIAN_POINT('',(0.16,-0.32,-3.));
#1999 = VECTOR('',#2000,1.);
#2000 = DIRECTION('',(0.,1.,0.));
#2001 = PLANE('',#2002);
#2002 = AXIS2_PLACEMENT_3D('',#2003,#2004,#2005);
#2003 = CARTESIAN_POINT('',(0.24,-0.32,-2.92));
#2004 = DIRECTION('',(-0.707106781187,1.735167508357E-18,0.707106781187)
  );
#2005 = DIRECTION('',(1.226948711654E-18,1.,-1.226948711654E-18));
#2006 = ADVANCED_FACE('',(#2007),#2025,.F.);
#2007 = FACE_BOUND('',#2008,.T.);
#2008 = EDGE_LOOP('',(#2009,#2017,#2018,#2019));
#2009 = ORIENTED_EDGE('',*,*,#2010,.F.);
#2010 = EDGE_CURVE('',#1628,#2011,#2013,.T.);
#2011 = VERTEX_POINT('',#2012);
#2012 = CARTESIAN_POINT('',(-0.16,0.16,-3.));
#2013 = LINE('',#2014,#2015);
#2014 = CARTESIAN_POINT('',(-0.16,0.16,-3.));
#2015 = VECTOR('',#2016,1.);
#2016 = DIRECTION('',(0.57735026919,-0.57735026919,-0.57735026919));
#2017 = ORIENTED_EDGE('',*,*,#1627,.T.);
#2018 = ORIENTED_EDGE('',*,*,#1988,.T.);
#2019 = ORIENTED_EDGE('',*,*,#2020,.F.);
#2020 = EDGE_CURVE('',#2011,#1989,#2021,.T.);
#2021 = LINE('',#2022,#2023);
#2022 = CARTESIAN_POINT('',(-0.32,0.16,-3.));
#2023 = VECTOR('',#2024,1.);
#2024 = DIRECTION('',(1.,0.,0.));
#2025 = PLANE('',#2026);
#2026 = AXIS2_PLACEMENT_3D('',#2027,#2028,#2029);
#2027 = CARTESIAN_POINT('',(-0.32,0.24,-2.92));
#2028 = DIRECTION('',(-1.735167508357E-18,-0.707106781187,0.707106781187
    ));
#2029 = DIRECTION('',(-1.,1.226948711654E-18,-1.226948711654E-18));
#2030 = ADVANCED_FACE('',(#2031),#2042,.T.);
#2031 = FACE_BOUND('',#2032,.T.);
#2032 = EDGE_LOOP('',(#2033,#2034,#2035,#2036));
#2033 = ORIENTED_EDGE('',*,*,#1955,.F.);
#2034 = ORIENTED_EDGE('',*,*,#1651,.T.);
#2035 = ORIENTED_EDGE('',*,*,#2010,.T.);
#2036 = ORIENTED_EDGE('',*,*,#2037,.F.);
#2037 = EDGE_CURVE('',#1956,#2011,#2038,.T.);
#2038 = LINE('',#2039,#2040);
#2039 = CARTESIAN_POINT('',(-0.16,-0.32,-3.));
#2040 = VECTOR('',#2041,1.);
#2041 = DIRECTION('',(0.,1.,0.));
#2042 = PLANE('',#2043);
#2043 = AXIS2_PLACEMENT_3D('',#2044,#2045,#2046);
#2044 = CARTESIAN_POINT('',(-0.24,-0.32,-2.92));
#2045 = DIRECTION('',(-0.707106781187,-1.735167508357E-18,
    -0.707106781187));
#2046 = DIRECTION('',(-1.226948711654E-18,1.,-1.226948711654E-18));
#2047 = ADVANCED_FACE('',(#2048),#2073,.T.);
#2048 = FACE_BOUND('',#2049,.F.);
#2049 = EDGE_LOOP('',(#2050,#2058,#2059,#2067));
#2050 = ORIENTED_EDGE('',*,*,#2051,.F.);
#2051 = EDGE_CURVE('',#1676,#2052,#2054,.T.);
#2052 = VERTEX_POINT('',#2053);
#2053 = CARTESIAN_POINT('',(-0.16,-2.7,-3.));
#2054 = LINE('',#2055,#2056);
#2055 = CARTESIAN_POINT('',(-0.266666666667,-2.806666666667,
    -2.893333333333));
#2056 = VECTOR('',#2057,1.);
#2057 = DIRECTION('',(0.57735026919,0.57735026919,-0.57735026919));
#2058 = ORIENTED_EDGE('',*,*,#1675,.T.);
#2059 = ORIENTED_EDGE('',*,*,#2060,.T.);
#2060 = EDGE_CURVE('',#1668,#2061,#2063,.T.);
#2061 = VERTEX_POINT('',#2062);
#2062 = CARTESIAN_POINT('',(0.16,-2.7,-3.));
#2063 = LINE('',#2064,#2065);
#2064 = CARTESIAN_POINT('',(0.16,-2.7,-3.));
#2065 = VECTOR('',#2066,1.);
#2066 = DIRECTION('',(-0.57735026919,0.57735026919,-0.57735026919));
#2067 = ORIENTED_EDGE('',*,*,#2068,.F.);
#2068 = EDGE_CURVE('',#2052,#2061,#2069,.T.);
#2069 = LINE('',#2070,#2071);
#2070 = CARTESIAN_POINT('',(-0.32,-2.7,-3.));
#2071 = VECTOR('',#2072,1.);
#2072 = DIRECTION('',(1.,0.,0.));
#2073 = PLANE('',#2074);
#2074 = AXIS2_PLACEMENT_3D('',#2075,#2076,#2077);
#2075 = CARTESIAN_POINT('',(-0.32,-2.78,-2.92));
#2076 = DIRECTION('',(1.735167508357E-18,-0.707106781187,-0.707106781187
    ));
#2077 = DIRECTION('',(-1.,-1.226948711654E-18,-1.226948711654E-18));
#2078 = ADVANCED_FACE('',(#2079),#2097,.F.);
#2079 = FACE_BOUND('',#2080,.F.);
#2080 = EDGE_LOOP('',(#2081,#2082,#2083,#2091));
#2081 = ORIENTED_EDGE('',*,*,#2060,.F.);
#2082 = ORIENTED_EDGE('',*,*,#1699,.T.);
#2083 = ORIENTED_EDGE('',*,*,#2084,.T.);
#2084 = EDGE_CURVE('',#1700,#2085,#2087,.T.);
#2085 = VERTEX_POINT('',#2086);
#2086 = CARTESIAN_POINT('',(0.16,-2.38,-3.));
#2087 = LINE('',#2088,#2089);
#2088 = CARTESIAN_POINT('',(5.333333333333E-02,-2.486666666667,
    -3.106666666667));
#2089 = VECTOR('',#2090,1.);
#2090 = DIRECTION('',(-0.57735026919,-0.57735026919,-0.57735026919));
#2091 = ORIENTED_EDGE('',*,*,#2092,.F.);
#2092 = EDGE_CURVE('',#2061,#2085,#2093,.T.);
#2093 = LINE('',#2094,#2095);
#2094 = CARTESIAN_POINT('',(0.16,-2.86,-3.));
#2095 = VECTOR('',#2096,1.);
#2096 = DIRECTION('',(0.,1.,0.));
#2097 = PLANE('',#2098);
#2098 = AXIS2_PLACEMENT_3D('',#2099,#2100,#2101);
#2099 = CARTESIAN_POINT('',(0.24,-2.86,-2.92));
#2100 = DIRECTION('',(-0.707106781187,1.735167508357E-18,0.707106781187)
  );
#2101 = DIRECTION('',(1.226948711654E-18,1.,-1.226948711654E-18));
#2102 = ADVANCED_FACE('',(#2103),#2121,.F.);
#2103 = FACE_BOUND('',#2104,.T.);
#2104 = EDGE_LOOP('',(#2105,#2113,#2114,#2115));
#2105 = ORIENTED_EDGE('',*,*,#2106,.F.);
#2106 = EDGE_CURVE('',#1724,#2107,#2109,.T.);
#2107 = VERTEX_POINT('',#2108);
#2108 = CARTESIAN_POINT('',(-0.16,-2.38,-3.));
#2109 = LINE('',#2110,#2111);
#2110 = CARTESIAN_POINT('',(-0.16,-2.38,-3.));
#2111 = VECTOR('',#2112,1.);
#2112 = DIRECTION('',(0.57735026919,-0.57735026919,-0.57735026919));
#2113 = ORIENTED_EDGE('',*,*,#1723,.T.);
#2114 = ORIENTED_EDGE('',*,*,#2084,.T.);
#2115 = ORIENTED_EDGE('',*,*,#2116,.F.);
#2116 = EDGE_CURVE('',#2107,#2085,#2117,.T.);
#2117 = LINE('',#2118,#2119);
#2118 = CARTESIAN_POINT('',(-0.32,-2.38,-3.));
#2119 = VECTOR('',#2120,1.);
#2120 = DIRECTION('',(1.,0.,0.));
#2121 = PLANE('',#2122);
#2122 = AXIS2_PLACEMENT_3D('',#2123,#2124,#2125);
#2123 = CARTESIAN_POINT('',(-0.32,-2.3,-2.92));
#2124 = DIRECTION('',(-1.735167508357E-18,-0.707106781187,0.707106781187
    ));
#2125 = DIRECTION('',(-1.,1.226948711654E-18,-1.226948711654E-18));
#2126 = ADVANCED_FACE('',(#2127),#2138,.T.);
#2127 = FACE_BOUND('',#2128,.T.);
#2128 = EDGE_LOOP('',(#2129,#2130,#2131,#2132));
#2129 = ORIENTED_EDGE('',*,*,#2051,.F.);
#2130 = ORIENTED_EDGE('',*,*,#1747,.T.);
#2131 = ORIENTED_EDGE('',*,*,#2106,.T.);
#2132 = ORIENTED_EDGE('',*,*,#2133,.F.);
#2133 = EDGE_CURVE('',#2052,#2107,#2134,.T.);
#2134 = LINE('',#2135,#2136);
#2135 = CARTESIAN_POINT('',(-0.16,-2.86,-3.));
#2136 = VECTOR('',#2137,1.);
#2137 = DIRECTION('',(0.,1.,0.));
#2138 = PLANE('',#2139);
#2139 = AXIS2_PLACEMENT_3D('',#2140,#2141,#2142);
#2140 = CARTESIAN_POINT('',(-0.24,-2.86,-2.92));
#2141 = DIRECTION('',(-0.707106781187,-1.735167508357E-18,
    -0.707106781187));
#2142 = DIRECTION('',(-1.226948711654E-18,1.,-1.226948711654E-18));
#2143 = ADVANCED_FACE('',(#2144),#2169,.F.);
#2144 = FACE_BOUND('',#2145,.T.);
#2145 = EDGE_LOOP('',(#2146,#2154,#2155,#2163));
#2146 = ORIENTED_EDGE('',*,*,#2147,.F.);
#2147 = EDGE_CURVE('',#1773,#2148,#2150,.T.);
#2148 = VERTEX_POINT('',#2149);
#2149 = CARTESIAN_POINT('',(-0.16,-0.16,8.54));
#2150 = LINE('',#2151,#2152);
#2151 = CARTESIAN_POINT('',(-0.266666666667,-0.266666666667,
    8.433333333333));
#2152 = VECTOR('',#2153,1.);
#2153 = DIRECTION('',(0.57735026919,0.57735026919,0.57735026919));
#2154 = ORIENTED_EDGE('',*,*,#1780,.T.);
#2155 = ORIENTED_EDGE('',*,*,#2156,.T.);
#2156 = EDGE_CURVE('',#1764,#2157,#2159,.T.);
#2157 = VERTEX_POINT('',#2158);
#2158 = CARTESIAN_POINT('',(0.16,-0.16,8.54));
#2159 = LINE('',#2160,#2161);
#2160 = CARTESIAN_POINT('',(0.16,-0.16,8.54));
#2161 = VECTOR('',#2162,1.);
#2162 = DIRECTION('',(-0.57735026919,0.57735026919,0.57735026919));
#2163 = ORIENTED_EDGE('',*,*,#2164,.F.);
#2164 = EDGE_CURVE('',#2148,#2157,#2165,.T.);
#2165 = LINE('',#2166,#2167);
#2166 = CARTESIAN_POINT('',(-0.32,-0.16,8.54));
#2167 = VECTOR('',#2168,1.);
#2168 = DIRECTION('',(1.,0.,0.));
#2169 = PLANE('',#2170);
#2170 = AXIS2_PLACEMENT_3D('',#2171,#2172,#2173);
#2171 = CARTESIAN_POINT('',(-0.32,-0.24,8.46));
#2172 = DIRECTION('',(-1.735167508357E-18,0.707106781187,-0.707106781187
    ));
#2173 = DIRECTION('',(-1.,-1.226948711654E-18,1.226948711654E-18));
#2174 = ADVANCED_FACE('',(#2175),#2193,.T.);
#2175 = FACE_BOUND('',#2176,.T.);
#2176 = EDGE_LOOP('',(#2177,#2178,#2179,#2187));
#2177 = ORIENTED_EDGE('',*,*,#2156,.F.);
#2178 = ORIENTED_EDGE('',*,*,#1804,.T.);
#2179 = ORIENTED_EDGE('',*,*,#2180,.T.);
#2180 = EDGE_CURVE('',#1797,#2181,#2183,.T.);
#2181 = VERTEX_POINT('',#2182);
#2182 = CARTESIAN_POINT('',(0.16,0.16,8.54));
#2183 = LINE('',#2184,#2185);
#2184 = CARTESIAN_POINT('',(5.333333333333E-02,5.333333333333E-02,
    8.646666666667));
#2185 = VECTOR('',#2186,1.);
#2186 = DIRECTION('',(-0.57735026919,-0.57735026919,0.57735026919));
#2187 = ORIENTED_EDGE('',*,*,#2188,.F.);
#2188 = EDGE_CURVE('',#2157,#2181,#2189,.T.);
#2189 = LINE('',#2190,#2191);
#2190 = CARTESIAN_POINT('',(0.16,-0.32,8.54));
#2191 = VECTOR('',#2192,1.);
#2192 = DIRECTION('',(0.,1.,0.));
#2193 = PLANE('',#2194);
#2194 = AXIS2_PLACEMENT_3D('',#2195,#2196,#2197);
#2195 = CARTESIAN_POINT('',(0.24,-0.32,8.46));
#2196 = DIRECTION('',(0.707106781187,-1.735167508357E-18,0.707106781187)
  );
#2197 = DIRECTION('',(1.226948711654E-18,1.,1.226948711654E-18));
#2198 = ADVANCED_FACE('',(#2199),#2217,.T.);
#2199 = FACE_BOUND('',#2200,.F.);
#2200 = EDGE_LOOP('',(#2201,#2209,#2210,#2211));
#2201 = ORIENTED_EDGE('',*,*,#2202,.F.);
#2202 = EDGE_CURVE('',#1821,#2203,#2205,.T.);
#2203 = VERTEX_POINT('',#2204);
#2204 = CARTESIAN_POINT('',(-0.16,0.16,8.54));
#2205 = LINE('',#2206,#2207);
#2206 = CARTESIAN_POINT('',(-0.16,0.16,8.54));
#2207 = VECTOR('',#2208,1.);
#2208 = DIRECTION('',(0.57735026919,-0.57735026919,0.57735026919));
#2209 = ORIENTED_EDGE('',*,*,#1828,.T.);
#2210 = ORIENTED_EDGE('',*,*,#2180,.T.);
#2211 = ORIENTED_EDGE('',*,*,#2212,.F.);
#2212 = EDGE_CURVE('',#2203,#2181,#2213,.T.);
#2213 = LINE('',#2214,#2215);
#2214 = CARTESIAN_POINT('',(-0.32,0.16,8.54));
#2215 = VECTOR('',#2216,1.);
#2216 = DIRECTION('',(1.,0.,0.));
#2217 = PLANE('',#2218);
#2218 = AXIS2_PLACEMENT_3D('',#2219,#2220,#2221);
#2219 = CARTESIAN_POINT('',(-0.32,0.24,8.46));
#2220 = DIRECTION('',(1.735167508357E-18,0.707106781187,0.707106781187)
  );
#2221 = DIRECTION('',(-1.,1.226948711654E-18,1.226948711654E-18));
#2222 = ADVANCED_FACE('',(#2223),#2234,.F.);
#2223 = FACE_BOUND('',#2224,.F.);
#2224 = EDGE_LOOP('',(#2225,#2226,#2227,#2228));
#2225 = ORIENTED_EDGE('',*,*,#2147,.F.);
#2226 = ORIENTED_EDGE('',*,*,#1845,.T.);
#2227 = ORIENTED_EDGE('',*,*,#2202,.T.);
#2228 = ORIENTED_EDGE('',*,*,#2229,.F.);
#2229 = EDGE_CURVE('',#2148,#2203,#2230,.T.);
#2230 = LINE('',#2231,#2232);
#2231 = CARTESIAN_POINT('',(-0.16,-0.32,8.54));
#2232 = VECTOR('',#2233,1.);
#2233 = DIRECTION('',(0.,1.,0.));
#2234 = PLANE('',#2235);
#2235 = AXIS2_PLACEMENT_3D('',#2236,#2237,#2238);
#2236 = CARTESIAN_POINT('',(-0.24,-0.32,8.46));
#2237 = DIRECTION('',(0.707106781187,1.735167508357E-18,-0.707106781187)
  );
#2238 = DIRECTION('',(-1.226948711654E-18,1.,1.226948711654E-18));
#2239 = ADVANCED_FACE('',(#2240),#2265,.F.);
#2240 = FACE_BOUND('',#2241,.T.);
#2241 = EDGE_LOOP('',(#2242,#2250,#2251,#2259));
#2242 = ORIENTED_EDGE('',*,*,#2243,.F.);
#2243 = EDGE_CURVE('',#1869,#2244,#2246,.T.);
#2244 = VERTEX_POINT('',#2245);
#2245 = CARTESIAN_POINT('',(-0.16,-2.7,8.54));
#2246 = LINE('',#2247,#2248);
#2247 = CARTESIAN_POINT('',(-0.266666666667,-2.806666666667,
    8.433333333333));
#2248 = VECTOR('',#2249,1.);
#2249 = DIRECTION('',(0.57735026919,0.57735026919,0.57735026919));
#2250 = ORIENTED_EDGE('',*,*,#1876,.T.);
#2251 = ORIENTED_EDGE('',*,*,#2252,.T.);
#2252 = EDGE_CURVE('',#1860,#2253,#2255,.T.);
#2253 = VERTEX_POINT('',#2254);
#2254 = CARTESIAN_POINT('',(0.16,-2.7,8.54));
#2255 = LINE('',#2256,#2257);
#2256 = CARTESIAN_POINT('',(0.16,-2.7,8.54));
#2257 = VECTOR('',#2258,1.);
#2258 = DIRECTION('',(-0.57735026919,0.57735026919,0.57735026919));
#2259 = ORIENTED_EDGE('',*,*,#2260,.F.);
#2260 = EDGE_CURVE('',#2244,#2253,#2261,.T.);
#2261 = LINE('',#2262,#2263);
#2262 = CARTESIAN_POINT('',(-0.32,-2.7,8.54));
#2263 = VECTOR('',#2264,1.);
#2264 = DIRECTION('',(1.,0.,0.));
#2265 = PLANE('',#2266);
#2266 = AXIS2_PLACEMENT_3D('',#2267,#2268,#2269);
#2267 = CARTESIAN_POINT('',(-0.32,-2.78,8.46));
#2268 = DIRECTION('',(-1.735167508357E-18,0.707106781187,-0.707106781187
    ));
#2269 = DIRECTION('',(-1.,-1.226948711654E-18,1.226948711654E-18));
#2270 = ADVANCED_FACE('',(#2271),#2289,.T.);
#2271 = FACE_BOUND('',#2272,.T.);
#2272 = EDGE_LOOP('',(#2273,#2274,#2275,#2283));
#2273 = ORIENTED_EDGE('',*,*,#2252,.F.);
#2274 = ORIENTED_EDGE('',*,*,#1900,.T.);
#2275 = ORIENTED_EDGE('',*,*,#2276,.T.);
#2276 = EDGE_CURVE('',#1893,#2277,#2279,.T.);
#2277 = VERTEX_POINT('',#2278);
#2278 = CARTESIAN_POINT('',(0.16,-2.38,8.54));
#2279 = LINE('',#2280,#2281);
#2280 = CARTESIAN_POINT('',(5.333333333333E-02,-2.486666666667,
    8.646666666667));
#2281 = VECTOR('',#2282,1.);
#2282 = DIRECTION('',(-0.57735026919,-0.57735026919,0.57735026919));
#2283 = ORIENTED_EDGE('',*,*,#2284,.F.);
#2284 = EDGE_CURVE('',#2253,#2277,#2285,.T.);
#2285 = LINE('',#2286,#2287);
#2286 = CARTESIAN_POINT('',(0.16,-2.86,8.54));
#2287 = VECTOR('',#2288,1.);
#2288 = DIRECTION('',(0.,1.,0.));
#2289 = PLANE('',#2290);
#2290 = AXIS2_PLACEMENT_3D('',#2291,#2292,#2293);
#2291 = CARTESIAN_POINT('',(0.24,-2.86,8.46));
#2292 = DIRECTION('',(0.707106781187,-1.735167508357E-18,0.707106781187)
  );
#2293 = DIRECTION('',(1.226948711654E-18,1.,1.226948711654E-18));
#2294 = ADVANCED_FACE('',(#2295),#2313,.T.);
#2295 = FACE_BOUND('',#2296,.F.);
#2296 = EDGE_LOOP('',(#2297,#2305,#2306,#2307));
#2297 = ORIENTED_EDGE('',*,*,#2298,.F.);
#2298 = EDGE_CURVE('',#1917,#2299,#2301,.T.);
#2299 = VERTEX_POINT('',#2300);
#2300 = CARTESIAN_POINT('',(-0.16,-2.38,8.54));
#2301 = LINE('',#2302,#2303);
#2302 = CARTESIAN_POINT('',(-0.16,-2.38,8.54));
#2303 = VECTOR('',#2304,1.);
#2304 = DIRECTION('',(0.57735026919,-0.57735026919,0.57735026919));
#2305 = ORIENTED_EDGE('',*,*,#1924,.T.);
#2306 = ORIENTED_EDGE('',*,*,#2276,.T.);
#2307 = ORIENTED_EDGE('',*,*,#2308,.F.);
#2308 = EDGE_CURVE('',#2299,#2277,#2309,.T.);
#2309 = LINE('',#2310,#2311);
#2310 = CARTESIAN_POINT('',(-0.32,-2.38,8.54));
#2311 = VECTOR('',#2312,1.);
#2312 = DIRECTION('',(1.,0.,0.));
#2313 = PLANE('',#2314);
#2314 = AXIS2_PLACEMENT_3D('',#2315,#2316,#2317);
#2315 = CARTESIAN_POINT('',(-0.32,-2.3,8.46));
#2316 = DIRECTION('',(1.735167508357E-18,0.707106781187,0.707106781187)
  );
#2317 = DIRECTION('',(-1.,1.226948711654E-18,1.226948711654E-18));
#2318 = ADVANCED_FACE('',(#2319),#2330,.F.);
#2319 = FACE_BOUND('',#2320,.F.);
#2320 = EDGE_LOOP('',(#2321,#2322,#2323,#2324));
#2321 = ORIENTED_EDGE('',*,*,#2243,.F.);
#2322 = ORIENTED_EDGE('',*,*,#1941,.T.);
#2323 = ORIENTED_EDGE('',*,*,#2298,.T.);
#2324 = ORIENTED_EDGE('',*,*,#2325,.F.);
#2325 = EDGE_CURVE('',#2244,#2299,#2326,.T.);
#2326 = LINE('',#2327,#2328);
#2327 = CARTESIAN_POINT('',(-0.16,-2.86,8.54));
#2328 = VECTOR('',#2329,1.);
#2329 = DIRECTION('',(0.,1.,0.));
#2330 = PLANE('',#2331);
#2331 = AXIS2_PLACEMENT_3D('',#2332,#2333,#2334);
#2332 = CARTESIAN_POINT('',(-0.24,-2.86,8.46));
#2333 = DIRECTION('',(0.707106781187,1.735167508357E-18,-0.707106781187)
  );
#2334 = DIRECTION('',(-1.226948711654E-18,1.,1.226948711654E-18));
#2335 = ADVANCED_FACE('',(#2336),#2342,.F.);
#2336 = FACE_BOUND('',#2337,.F.);
#2337 = EDGE_LOOP('',(#2338,#2339,#2340,#2341));
#2338 = ORIENTED_EDGE('',*,*,#2037,.F.);
#2339 = ORIENTED_EDGE('',*,*,#1972,.T.);
#2340 = ORIENTED_EDGE('',*,*,#1996,.T.);
#2341 = ORIENTED_EDGE('',*,*,#2020,.F.);
#2342 = PLANE('',#2343);
#2343 = AXIS2_PLACEMENT_3D('',#2344,#2345,#2346);
#2344 = CARTESIAN_POINT('',(-0.32,-0.32,-3.));
#2345 = DIRECTION('',(0.,0.,1.));
#2346 = DIRECTION('',(1.,0.,-0.));
#2347 = ADVANCED_FACE('',(#2348),#2354,.F.);
#2348 = FACE_BOUND('',#2349,.F.);
#2349 = EDGE_LOOP('',(#2350,#2351,#2352,#2353));
#2350 = ORIENTED_EDGE('',*,*,#2133,.F.);
#2351 = ORIENTED_EDGE('',*,*,#2068,.T.);
#2352 = ORIENTED_EDGE('',*,*,#2092,.T.);
#2353 = ORIENTED_EDGE('',*,*,#2116,.F.);
#2354 = PLANE('',#2355);
#2355 = AXIS2_PLACEMENT_3D('',#2356,#2357,#2358);
#2356 = CARTESIAN_POINT('',(-0.32,-2.86,-3.));
#2357 = DIRECTION('',(0.,0.,1.));
#2358 = DIRECTION('',(1.,0.,-0.));
#2359 = ADVANCED_FACE('',(#2360),#2366,.T.);
#2360 = FACE_BOUND('',#2361,.T.);
#2361 = EDGE_LOOP('',(#2362,#2363,#2364,#2365));
#2362 = ORIENTED_EDGE('',*,*,#2212,.F.);
#2363 = ORIENTED_EDGE('',*,*,#2229,.F.);
#2364 = ORIENTED_EDGE('',*,*,#2164,.T.);
#2365 = ORIENTED_EDGE('',*,*,#2188,.T.);
#2366 = PLANE('',#2367);
#2367 = AXIS2_PLACEMENT_3D('',#2368,#2369,#2370);
#2368 = CARTESIAN_POINT('',(-0.32,-0.32,8.54));
#2369 = DIRECTION('',(0.,0.,1.));
#2370 = DIRECTION('',(1.,0.,-0.));
#2371 = ADVANCED_FACE('',(#2372),#2378,.T.);
#2372 = FACE_BOUND('',#2373,.T.);
#2373 = EDGE_LOOP('',(#2374,#2375,#2376,#2377));
#2374 = ORIENTED_EDGE('',*,*,#2308,.F.);
#2375 = ORIENTED_EDGE('',*,*,#2325,.F.);
#2376 = ORIENTED_EDGE('',*,*,#2260,.T.);
#2377 = ORIENTED_EDGE('',*,*,#2284,.T.);
#2378 = PLANE('',#2379);
#2379 = AXIS2_PLACEMENT_3D('',#2380,#2381,#2382);
#2380 = CARTESIAN_POINT('',(-0.32,-2.86,8.54));
#2381 = DIRECTION('',(0.,0.,1.));
#2382 = DIRECTION('',(1.,0.,-0.));
#2383 = ( GEOMETRIC_REPRESENTATION_CONTEXT(3) 
GLOBAL_UNCERTAINTY_ASSIGNED_CONTEXT((#2387)) 
GLOBAL_UNIT_ASSIGNED_CONTEXT((#2384,#2385,#2386)) REPRESENTATION_CONTEXT
('Context #1','3D Context with UNIT and UNCERTAINTY') );
#2384 = ( LENGTH_UNIT() NAMED_UNIT(*) SI_UNIT(.MILLI.,.METRE.) );
#2385 = ( NAMED_UNIT(*) PLANE_ANGLE_UNIT() SI_UNIT($,.RADIAN.) );
#2386 = ( NAMED_UNIT(*) SI_UNIT($,.STERADIAN.) SOLID_ANGLE_UNIT() );
#2387 = UNCERTAINTY_MEASURE_WITH_UNIT(LENGTH_MEASURE(1.E-07),#2384,
  'distance_accuracy_value','confusion accuracy');
#2388 = CONTEXT_DEPENDENT_SHAPE_REPRESENTATION(#2389,#2391);
#2389 = ( REPRESENTATION_RELATIONSHIP('','',#950,#10) 
REPRESENTATION_RELATIONSHIP_WITH_TRANSFORMATION(#2390) 
SHAPE_REPRESENTATION_RELATIONSHIP() );
#2390 = ITEM_DEFINED_TRANSFORMATION('','',#11,#23);
#2391 = PRODUCT_DEFINITION_SHAPE('Placement','Placement of an item',
  #2392);
#2392 = NEXT_ASSEMBLY_USAGE_OCCURRENCE('3','BT2','',#5,#945,$);
#2393 = PRODUCT_RELATED_PRODUCT_CATEGORY('part',$,(#947));
#2394 = SHAPE_DEFINITION_REPRESENTATION(#2395,#2401);
#2395 = PRODUCT_DEFINITION_SHAPE('','',#2396);
#2396 = PRODUCT_DEFINITION('design','',#2397,#2400);
#2397 = PRODUCT_DEFINITION_FORMATION('','',#2398);
#2398 = PRODUCT('PinHeader_1x03_P2.54mm_Vertical',
  'PinHeader_1x03_P2.54mm_Vertical','',(#2399));
#2399 = PRODUCT_CONTEXT('',#2,'mechanical');
#2400 = PRODUCT_DEFINITION_CONTEXT('part definition',#2,'design');
#2401 = ADVANCED_BREP_SHAPE_REPRESENTATION('',(#11,#2402),#4508);
#2402 = MANIFOLD_SOLID_BREP('',#2403);
#2403 = CLOSED_SHELL('',(#2404,#2444,#2475,#2506,#2753,#3000,#3017,#3034
    ,#3051,#3068,#3085,#3102,#3119,#3136,#3153,#3170,#3187,#3204,#3221,
    #3238,#3255,#3272,#3284,#3315,#3339,#3363,#3380,#3411,#3435,#3459,
    #3476,#3507,#3531,#3555,#3572,#3603,#3627,#3651,#3668,#3699,#3723,
    #3747,#3764,#3795,#3819,#3843,#3860,#3891,#3915,#3939,#3956,#3987,
    #4011,#4035,#4052,#4083,#4107,#4131,#4148,#4179,#4203,#4227,#4244,
    #4275,#4299,#4323,#4340,#4371,#4395,#4419,#4436,#4448,#4460,#4472,
    #4484,#4496));
#2404 = ADVANCED_FACE('',(#2405),#2439,.F.);
#2405 = FACE_BOUND('',#2406,.F.);
#2406 = EDGE_LOOP('',(#2407,#2417,#2425,#2433));
#2407 = ORIENTED_EDGE('',*,*,#2408,.T.);
#2408 = EDGE_CURVE('',#2409,#2411,#2413,.T.);
#2409 = VERTEX_POINT('',#2410);
#2410 = CARTESIAN_POINT('',(-1.016,1.27,0.));
#2411 = VERTEX_POINT('',#2412);
#2412 = CARTESIAN_POINT('',(-1.016,1.27,2.54));
#2413 = LINE('',#2414,#2415);
#2414 = CARTESIAN_POINT('',(-1.016,1.27,0.));
#2415 = VECTOR('',#2416,1.);
#2416 = DIRECTION('',(0.,0.,1.));
#2417 = ORIENTED_EDGE('',*,*,#2418,.T.);
#2418 = EDGE_CURVE('',#2411,#2419,#2421,.T.);
#2419 = VERTEX_POINT('',#2420);
#2420 = CARTESIAN_POINT('',(-1.27,1.016,2.54));
#2421 = LINE('',#2422,#2423);
#2422 = CARTESIAN_POINT('',(-1.016,1.27,2.54));
#2423 = VECTOR('',#2424,1.);
#2424 = DIRECTION('',(-0.707106781187,-0.707106781187,0.));
#2425 = ORIENTED_EDGE('',*,*,#2426,.F.);
#2426 = EDGE_CURVE('',#2427,#2419,#2429,.T.);
#2427 = VERTEX_POINT('',#2428);
#2428 = CARTESIAN_POINT('',(-1.27,1.016,0.));
#2429 = LINE('',#2430,#2431);
#2430 = CARTESIAN_POINT('',(-1.27,1.016,0.));
#2431 = VECTOR('',#2432,1.);
#2432 = DIRECTION('',(0.,0.,1.));
#2433 = ORIENTED_EDGE('',*,*,#2434,.F.);
#2434 = EDGE_CURVE('',#2409,#2427,#2435,.T.);
#2435 = LINE('',#2436,#2437);
#2436 = CARTESIAN_POINT('',(-1.016,1.27,0.));
#2437 = VECTOR('',#2438,1.);
#2438 = DIRECTION('',(-0.707106781187,-0.707106781187,0.));
#2439 = PLANE('',#2440);
#2440 = AXIS2_PLACEMENT_3D('',#2441,#2442,#2443);
#2441 = CARTESIAN_POINT('',(-1.016,1.27,0.));
#2442 = DIRECTION('',(0.707106781187,-0.707106781187,0.));
#2443 = DIRECTION('',(-0.707106781187,-0.707106781187,0.));
#2444 = ADVANCED_FACE('',(#2445),#2470,.F.);
#2445 = FACE_BOUND('',#2446,.F.);
#2446 = EDGE_LOOP('',(#2447,#2457,#2463,#2464));
#2447 = ORIENTED_EDGE('',*,*,#2448,.T.);
#2448 = EDGE_CURVE('',#2449,#2451,#2453,.T.);
#2449 = VERTEX_POINT('',#2450);
#2450 = CARTESIAN_POINT('',(1.016,1.27,0.));
#2451 = VERTEX_POINT('',#2452);
#2452 = CARTESIAN_POINT('',(1.016,1.27,2.54));
#2453 = LINE('',#2454,#2455);
#2454 = CARTESIAN_POINT('',(1.016,1.27,0.));
#2455 = VECTOR('',#2456,1.);
#2456 = DIRECTION('',(0.,0.,1.));
#2457 = ORIENTED_EDGE('',*,*,#2458,.T.);
#2458 = EDGE_CURVE('',#2451,#2411,#2459,.T.);
#2459 = LINE('',#2460,#2461);
#2460 = CARTESIAN_POINT('',(1.016,1.27,2.54));
#2461 = VECTOR('',#2462,1.);
#2462 = DIRECTION('',(-1.,0.,0.));
#2463 = ORIENTED_EDGE('',*,*,#2408,.F.);
#2464 = ORIENTED_EDGE('',*,*,#2465,.F.);
#2465 = EDGE_CURVE('',#2449,#2409,#2466,.T.);
#2466 = LINE('',#2467,#2468);
#2467 = CARTESIAN_POINT('',(1.016,1.27,0.));
#2468 = VECTOR('',#2469,1.);
#2469 = DIRECTION('',(-1.,0.,0.));
#2470 = PLANE('',#2471);
#2471 = AXIS2_PLACEMENT_3D('',#2472,#2473,#2474);
#2472 = CARTESIAN_POINT('',(1.016,1.27,0.));
#2473 = DIRECTION('',(0.,-1.,0.));
#2474 = DIRECTION('',(-1.,0.,0.));
#2475 = ADVANCED_FACE('',(#2476),#2501,.F.);
#2476 = FACE_BOUND('',#2477,.F.);
#2477 = EDGE_LOOP('',(#2478,#2479,#2487,#2495));
#2478 = ORIENTED_EDGE('',*,*,#2426,.T.);
#2479 = ORIENTED_EDGE('',*,*,#2480,.T.);
#2480 = EDGE_CURVE('',#2419,#2481,#2483,.T.);
#2481 = VERTEX_POINT('',#2482);
#2482 = CARTESIAN_POINT('',(-1.27,-1.016,2.54));
#2483 = LINE('',#2484,#2485);
#2484 = CARTESIAN_POINT('',(-1.27,1.016,2.54));
#2485 = VECTOR('',#2486,1.);
#2486 = DIRECTION('',(0.,-1.,0.));
#2487 = ORIENTED_EDGE('',*,*,#2488,.F.);
#2488 = EDGE_CURVE('',#2489,#2481,#2491,.T.);
#2489 = VERTEX_POINT('',#2490);
#2490 = CARTESIAN_POINT('',(-1.27,-1.016,0.));
#2491 = LINE('',#2492,#2493);
#2492 = CARTESIAN_POINT('',(-1.27,-1.016,0.));
#2493 = VECTOR('',#2494,1.);
#2494 = DIRECTION('',(0.,0.,1.));
#2495 = ORIENTED_EDGE('',*,*,#2496,.F.);
#2496 = EDGE_CURVE('',#2427,#2489,#2497,.T.);
#2497 = LINE('',#2498,#2499);
#2498 = CARTESIAN_POINT('',(-1.27,1.016,0.));
#2499 = VECTOR('',#2500,1.);
#2500 = DIRECTION('',(0.,-1.,0.));
#2501 = PLANE('',#2502);
#2502 = AXIS2_PLACEMENT_3D('',#2503,#2504,#2505);
#2503 = CARTESIAN_POINT('',(-1.27,1.016,0.));
#2504 = DIRECTION('',(1.,0.,0.));
#2505 = DIRECTION('',(0.,-1.,0.));
#2506 = ADVANCED_FACE('',(#2507,#2646,#2680,#2714),#2748,.F.);
#2507 = FACE_BOUND('',#2508,.F.);
#2508 = EDGE_LOOP('',(#2509,#2510,#2511,#2519,#2527,#2535,#2543,#2551,
    #2559,#2567,#2575,#2583,#2591,#2599,#2607,#2615,#2623,#2631,#2639,
    #2645));
#2509 = ORIENTED_EDGE('',*,*,#2434,.T.);
#2510 = ORIENTED_EDGE('',*,*,#2496,.T.);
#2511 = ORIENTED_EDGE('',*,*,#2512,.T.);
#2512 = EDGE_CURVE('',#2489,#2513,#2515,.T.);
#2513 = VERTEX_POINT('',#2514);
#2514 = CARTESIAN_POINT('',(-1.016,-1.27,0.));
#2515 = LINE('',#2516,#2517);
#2516 = CARTESIAN_POINT('',(-1.27,-1.016,0.));
#2517 = VECTOR('',#2518,1.);
#2518 = DIRECTION('',(0.707106781187,-0.707106781187,0.));
#2519 = ORIENTED_EDGE('',*,*,#2520,.T.);
#2520 = EDGE_CURVE('',#2513,#2521,#2523,.T.);
#2521 = VERTEX_POINT('',#2522);
#2522 = CARTESIAN_POINT('',(-1.27,-1.524,0.));
#2523 = LINE('',#2524,#2525);
#2524 = CARTESIAN_POINT('',(-1.016,-1.27,0.));
#2525 = VECTOR('',#2526,1.);
#2526 = DIRECTION('',(-0.707106781187,-0.707106781187,0.));
#2527 = ORIENTED_EDGE('',*,*,#2528,.T.);
#2528 = EDGE_CURVE('',#2521,#2529,#2531,.T.);
#2529 = VERTEX_POINT('',#2530);
#2530 = CARTESIAN_POINT('',(-1.27,-3.556,0.));
#2531 = LINE('',#2532,#2533);
#2532 = CARTESIAN_POINT('',(-1.27,-1.524,0.));
#2533 = VECTOR('',#2534,1.);
#2534 = DIRECTION('',(0.,-1.,0.));
#2535 = ORIENTED_EDGE('',*,*,#2536,.T.);
#2536 = EDGE_CURVE('',#2529,#2537,#2539,.T.);
#2537 = VERTEX_POINT('',#2538);
#2538 = CARTESIAN_POINT('',(-1.016,-3.81,0.));
#2539 = LINE('',#2540,#2541);
#2540 = CARTESIAN_POINT('',(-1.27,-3.556,0.));
#2541 = VECTOR('',#2542,1.);
#2542 = DIRECTION('',(0.707106781187,-0.707106781187,0.));
#2543 = ORIENTED_EDGE('',*,*,#2544,.T.);
#2544 = EDGE_CURVE('',#2537,#2545,#2547,.T.);
#2545 = VERTEX_POINT('',#2546);
#2546 = CARTESIAN_POINT('',(-1.27,-4.064,0.));
#2547 = LINE('',#2548,#2549);
#2548 = CARTESIAN_POINT('',(-1.016,-3.81,0.));
#2549 = VECTOR('',#2550,1.);
#2550 = DIRECTION('',(-0.707106781187,-0.707106781187,0.));
#2551 = ORIENTED_EDGE('',*,*,#2552,.T.);
#2552 = EDGE_CURVE('',#2545,#2553,#2555,.T.);
#2553 = VERTEX_POINT('',#2554);
#2554 = CARTESIAN_POINT('',(-1.27,-6.096,0.));
#2555 = LINE('',#2556,#2557);
#2556 = CARTESIAN_POINT('',(-1.27,-4.064,0.));
#2557 = VECTOR('',#2558,1.);
#2558 = DIRECTION('',(0.,-1.,0.));
#2559 = ORIENTED_EDGE('',*,*,#2560,.T.);
#2560 = EDGE_CURVE('',#2553,#2561,#2563,.T.);
#2561 = VERTEX_POINT('',#2562);
#2562 = CARTESIAN_POINT('',(-1.016,-6.35,0.));
#2563 = LINE('',#2564,#2565);
#2564 = CARTESIAN_POINT('',(-1.27,-6.096,0.));
#2565 = VECTOR('',#2566,1.);
#2566 = DIRECTION('',(0.707106781187,-0.707106781187,0.));
#2567 = ORIENTED_EDGE('',*,*,#2568,.T.);
#2568 = EDGE_CURVE('',#2561,#2569,#2571,.T.);
#2569 = VERTEX_POINT('',#2570);
#2570 = CARTESIAN_POINT('',(1.016,-6.35,0.));
#2571 = LINE('',#2572,#2573);
#2572 = CARTESIAN_POINT('',(-1.016,-6.35,0.));
#2573 = VECTOR('',#2574,1.);
#2574 = DIRECTION('',(1.,0.,0.));
#2575 = ORIENTED_EDGE('',*,*,#2576,.T.);
#2576 = EDGE_CURVE('',#2569,#2577,#2579,.T.);
#2577 = VERTEX_POINT('',#2578);
#2578 = CARTESIAN_POINT('',(1.27,-6.096,0.));
#2579 = LINE('',#2580,#2581);
#2580 = CARTESIAN_POINT('',(1.016,-6.35,0.));
#2581 = VECTOR('',#2582,1.);
#2582 = DIRECTION('',(0.707106781187,0.707106781187,0.));
#2583 = ORIENTED_EDGE('',*,*,#2584,.T.);
#2584 = EDGE_CURVE('',#2577,#2585,#2587,.T.);
#2585 = VERTEX_POINT('',#2586);
#2586 = CARTESIAN_POINT('',(1.27,-4.064,0.));
#2587 = LINE('',#2588,#2589);
#2588 = CARTESIAN_POINT('',(1.27,-6.096,0.));
#2589 = VECTOR('',#2590,1.);
#2590 = DIRECTION('',(0.,1.,0.));
#2591 = ORIENTED_EDGE('',*,*,#2592,.T.);
#2592 = EDGE_CURVE('',#2585,#2593,#2595,.T.);
#2593 = VERTEX_POINT('',#2594);
#2594 = CARTESIAN_POINT('',(1.016,-3.81,0.));
#2595 = LINE('',#2596,#2597);
#2596 = CARTESIAN_POINT('',(1.27,-4.064,0.));
#2597 = VECTOR('',#2598,1.);
#2598 = DIRECTION('',(-0.707106781187,0.707106781187,0.));
#2599 = ORIENTED_EDGE('',*,*,#2600,.T.);
#2600 = EDGE_CURVE('',#2593,#2601,#2603,.T.);
#2601 = VERTEX_POINT('',#2602);
#2602 = CARTESIAN_POINT('',(1.27,-3.556,0.));
#2603 = LINE('',#2604,#2605);
#2604 = CARTESIAN_POINT('',(1.016,-3.81,0.));
#2605 = VECTOR('',#2606,1.);
#2606 = DIRECTION('',(0.707106781187,0.707106781187,0.));
#2607 = ORIENTED_EDGE('',*,*,#2608,.T.);
#2608 = EDGE_CURVE('',#2601,#2609,#2611,.T.);
#2609 = VERTEX_POINT('',#2610);
#2610 = CARTESIAN_POINT('',(1.27,-1.524,0.));
#2611 = LINE('',#2612,#2613);
#2612 = CARTESIAN_POINT('',(1.27,-3.556,0.));
#2613 = VECTOR('',#2614,1.);
#2614 = DIRECTION('',(0.,1.,0.));
#2615 = ORIENTED_EDGE('',*,*,#2616,.T.);
#2616 = EDGE_CURVE('',#2609,#2617,#2619,.T.);
#2617 = VERTEX_POINT('',#2618);
#2618 = CARTESIAN_POINT('',(1.016,-1.27,0.));
#2619 = LINE('',#2620,#2621);
#2620 = CARTESIAN_POINT('',(1.27,-1.524,0.));
#2621 = VECTOR('',#2622,1.);
#2622 = DIRECTION('',(-0.707106781187,0.707106781187,0.));
#2623 = ORIENTED_EDGE('',*,*,#2624,.T.);
#2624 = EDGE_CURVE('',#2617,#2625,#2627,.T.);
#2625 = VERTEX_POINT('',#2626);
#2626 = CARTESIAN_POINT('',(1.27,-1.016,0.));
#2627 = LINE('',#2628,#2629);
#2628 = CARTESIAN_POINT('',(1.016,-1.27,0.));
#2629 = VECTOR('',#2630,1.);
#2630 = DIRECTION('',(0.707106781187,0.707106781187,0.));
#2631 = ORIENTED_EDGE('',*,*,#2632,.T.);
#2632 = EDGE_CURVE('',#2625,#2633,#2635,.T.);
#2633 = VERTEX_POINT('',#2634);
#2634 = CARTESIAN_POINT('',(1.27,1.016,0.));
#2635 = LINE('',#2636,#2637);
#2636 = CARTESIAN_POINT('',(1.27,-1.016,0.));
#2637 = VECTOR('',#2638,1.);
#2638 = DIRECTION('',(0.,1.,0.));
#2639 = ORIENTED_EDGE('',*,*,#2640,.T.);
#2640 = EDGE_CURVE('',#2633,#2449,#2641,.T.);
#2641 = LINE('',#2642,#2643);
#2642 = CARTESIAN_POINT('',(1.27,1.016,0.));
#2643 = VECTOR('',#2644,1.);
#2644 = DIRECTION('',(-0.707106781187,0.707106781187,0.));
#2645 = ORIENTED_EDGE('',*,*,#2465,.T.);
#2646 = FACE_BOUND('',#2647,.F.);
#2647 = EDGE_LOOP('',(#2648,#2658,#2666,#2674));
#2648 = ORIENTED_EDGE('',*,*,#2649,.F.);
#2649 = EDGE_CURVE('',#2650,#2652,#2654,.T.);
#2650 = VERTEX_POINT('',#2651);
#2651 = CARTESIAN_POINT('',(0.32,-0.32,0.));
#2652 = VERTEX_POINT('',#2653);
#2653 = CARTESIAN_POINT('',(0.32,0.32,0.));
#2654 = LINE('',#2655,#2656);
#2655 = CARTESIAN_POINT('',(0.32,-1.43,0.));
#2656 = VECTOR('',#2657,1.);
#2657 = DIRECTION('',(0.,1.,0.));
#2658 = ORIENTED_EDGE('',*,*,#2659,.T.);
#2659 = EDGE_CURVE('',#2650,#2660,#2662,.T.);
#2660 = VERTEX_POINT('',#2661);
#2661 = CARTESIAN_POINT('',(-0.32,-0.32,0.));
#2662 = LINE('',#2663,#2664);
#2663 = CARTESIAN_POINT('',(-0.16,-0.32,0.));
#2664 = VECTOR('',#2665,1.);
#2665 = DIRECTION('',(-1.,0.,0.));
#2666 = ORIENTED_EDGE('',*,*,#2667,.T.);
#2667 = EDGE_CURVE('',#2660,#2668,#2670,.T.);
#2668 = VERTEX_POINT('',#2669);
#2669 = CARTESIAN_POINT('',(-0.32,0.32,0.));
#2670 = LINE('',#2671,#2672);
#2671 = CARTESIAN_POINT('',(-0.32,-1.43,0.));
#2672 = VECTOR('',#2673,1.);
#2673 = DIRECTION('',(0.,1.,0.));
#2674 = ORIENTED_EDGE('',*,*,#2675,.F.);
#2675 = EDGE_CURVE('',#2652,#2668,#2676,.T.);
#2676 = LINE('',#2677,#2678);
#2677 = CARTESIAN_POINT('',(-0.16,0.32,0.));
#2678 = VECTOR('',#2679,1.);
#2679 = DIRECTION('',(-1.,0.,0.));
#2680 = FACE_BOUND('',#2681,.F.);
#2681 = EDGE_LOOP('',(#2682,#2692,#2700,#2708));
#2682 = ORIENTED_EDGE('',*,*,#2683,.T.);
#2683 = EDGE_CURVE('',#2684,#2686,#2688,.T.);
#2684 = VERTEX_POINT('',#2685);
#2685 = CARTESIAN_POINT('',(0.32,-2.86,0.));
#2686 = VERTEX_POINT('',#2687);
#2687 = CARTESIAN_POINT('',(-0.32,-2.86,0.));
#2688 = LINE('',#2689,#2690);
#2689 = CARTESIAN_POINT('',(-0.16,-2.86,0.));
#2690 = VECTOR('',#2691,1.);
#2691 = DIRECTION('',(-1.,0.,0.));
#2692 = ORIENTED_EDGE('',*,*,#2693,.T.);
#2693 = EDGE_CURVE('',#2686,#2694,#2696,.T.);
#2694 = VERTEX_POINT('',#2695);
#2695 = CARTESIAN_POINT('',(-0.32,-2.22,0.));
#2696 = LINE('',#2697,#2698);
#2697 = CARTESIAN_POINT('',(-0.32,-2.7,0.));
#2698 = VECTOR('',#2699,1.);
#2699 = DIRECTION('',(0.,1.,0.));
#2700 = ORIENTED_EDGE('',*,*,#2701,.F.);
#2701 = EDGE_CURVE('',#2702,#2694,#2704,.T.);
#2702 = VERTEX_POINT('',#2703);
#2703 = CARTESIAN_POINT('',(0.32,-2.22,0.));
#2704 = LINE('',#2705,#2706);
#2705 = CARTESIAN_POINT('',(-0.16,-2.22,0.));
#2706 = VECTOR('',#2707,1.);
#2707 = DIRECTION('',(-1.,0.,0.));
#2708 = ORIENTED_EDGE('',*,*,#2709,.F.);
#2709 = EDGE_CURVE('',#2684,#2702,#2710,.T.);
#2710 = LINE('',#2711,#2712);
#2711 = CARTESIAN_POINT('',(0.32,-2.7,0.));
#2712 = VECTOR('',#2713,1.);
#2713 = DIRECTION('',(0.,1.,0.));
#2714 = FACE_BOUND('',#2715,.F.);
#2715 = EDGE_LOOP('',(#2716,#2726,#2734,#2742));
#2716 = ORIENTED_EDGE('',*,*,#2717,.F.);
#2717 = EDGE_CURVE('',#2718,#2720,#2722,.T.);
#2718 = VERTEX_POINT('',#2719);
#2719 = CARTESIAN_POINT('',(0.32,-4.76,0.));
#2720 = VERTEX_POINT('',#2721);
#2721 = CARTESIAN_POINT('',(-0.32,-4.76,0.));
#2722 = LINE('',#2723,#2724);
#2723 = CARTESIAN_POINT('',(-0.16,-4.76,0.));
#2724 = VECTOR('',#2725,1.);
#2725 = DIRECTION('',(-1.,0.,0.));
#2726 = ORIENTED_EDGE('',*,*,#2727,.F.);
#2727 = EDGE_CURVE('',#2728,#2718,#2730,.T.);
#2728 = VERTEX_POINT('',#2729);
#2729 = CARTESIAN_POINT('',(0.32,-5.4,0.));
#2730 = LINE('',#2731,#2732);
#2731 = CARTESIAN_POINT('',(0.32,-3.97,0.));
#2732 = VECTOR('',#2733,1.);
#2733 = DIRECTION('',(0.,1.,0.));
#2734 = ORIENTED_EDGE('',*,*,#2735,.T.);
#2735 = EDGE_CURVE('',#2728,#2736,#2738,.T.);
#2736 = VERTEX_POINT('',#2737);
#2737 = CARTESIAN_POINT('',(-0.32,-5.4,0.));
#2738 = LINE('',#2739,#2740);
#2739 = CARTESIAN_POINT('',(-0.16,-5.4,0.));
#2740 = VECTOR('',#2741,1.);
#2741 = DIRECTION('',(-1.,0.,0.));
#2742 = ORIENTED_EDGE('',*,*,#2743,.T.);
#2743 = EDGE_CURVE('',#2736,#2720,#2744,.T.);
#2744 = LINE('',#2745,#2746);
#2745 = CARTESIAN_POINT('',(-0.32,-3.97,0.));
#2746 = VECTOR('',#2747,1.);
#2747 = DIRECTION('',(0.,1.,0.));
#2748 = PLANE('',#2749);
#2749 = AXIS2_PLACEMENT_3D('',#2750,#2751,#2752);
#2750 = CARTESIAN_POINT('',(5.398204781459E-17,-2.54,0.));
#2751 = DIRECTION('',(0.,0.,1.));
#2752 = DIRECTION('',(1.,0.,-0.));
#2753 = ADVANCED_FACE('',(#2754,#2893,#2927,#2961),#2995,.T.);
#2754 = FACE_BOUND('',#2755,.T.);
#2755 = EDGE_LOOP('',(#2756,#2757,#2758,#2766,#2774,#2782,#2790,#2798,
    #2806,#2814,#2822,#2830,#2838,#2846,#2854,#2862,#2870,#2878,#2886,
    #2892));
#2756 = ORIENTED_EDGE('',*,*,#2418,.T.);
#2757 = ORIENTED_EDGE('',*,*,#2480,.T.);
#2758 = ORIENTED_EDGE('',*,*,#2759,.T.);
#2759 = EDGE_CURVE('',#2481,#2760,#2762,.T.);
#2760 = VERTEX_POINT('',#2761);
#2761 = CARTESIAN_POINT('',(-1.016,-1.27,2.54));
#2762 = LINE('',#2763,#2764);
#2763 = CARTESIAN_POINT('',(-1.27,-1.016,2.54));
#2764 = VECTOR('',#2765,1.);
#2765 = DIRECTION('',(0.707106781187,-0.707106781187,0.));
#2766 = ORIENTED_EDGE('',*,*,#2767,.T.);
#2767 = EDGE_CURVE('',#2760,#2768,#2770,.T.);
#2768 = VERTEX_POINT('',#2769);
#2769 = CARTESIAN_POINT('',(-1.27,-1.524,2.54));
#2770 = LINE('',#2771,#2772);
#2771 = CARTESIAN_POINT('',(-1.016,-1.27,2.54));
#2772 = VECTOR('',#2773,1.);
#2773 = DIRECTION('',(-0.707106781187,-0.707106781187,0.));
#2774 = ORIENTED_EDGE('',*,*,#2775,.T.);
#2775 = EDGE_CURVE('',#2768,#2776,#2778,.T.);
#2776 = VERTEX_POINT('',#2777);
#2777 = CARTESIAN_POINT('',(-1.27,-3.556,2.54));
#2778 = LINE('',#2779,#2780);
#2779 = CARTESIAN_POINT('',(-1.27,-1.524,2.54));
#2780 = VECTOR('',#2781,1.);
#2781 = DIRECTION('',(0.,-1.,0.));
#2782 = ORIENTED_EDGE('',*,*,#2783,.T.);
#2783 = EDGE_CURVE('',#2776,#2784,#2786,.T.);
#2784 = VERTEX_POINT('',#2785);
#2785 = CARTESIAN_POINT('',(-1.016,-3.81,2.54));
#2786 = LINE('',#2787,#2788);
#2787 = CARTESIAN_POINT('',(-1.27,-3.556,2.54));
#2788 = VECTOR('',#2789,1.);
#2789 = DIRECTION('',(0.707106781187,-0.707106781187,0.));
#2790 = ORIENTED_EDGE('',*,*,#2791,.T.);
#2791 = EDGE_CURVE('',#2784,#2792,#2794,.T.);
#2792 = VERTEX_POINT('',#2793);
#2793 = CARTESIAN_POINT('',(-1.27,-4.064,2.54));
#2794 = LINE('',#2795,#2796);
#2795 = CARTESIAN_POINT('',(-1.016,-3.81,2.54));
#2796 = VECTOR('',#2797,1.);
#2797 = DIRECTION('',(-0.707106781187,-0.707106781187,0.));
#2798 = ORIENTED_EDGE('',*,*,#2799,.T.);
#2799 = EDGE_CURVE('',#2792,#2800,#2802,.T.);
#2800 = VERTEX_POINT('',#2801);
#2801 = CARTESIAN_POINT('',(-1.27,-6.096,2.54));
#2802 = LINE('',#2803,#2804);
#2803 = CARTESIAN_POINT('',(-1.27,-4.064,2.54));
#2804 = VECTOR('',#2805,1.);
#2805 = DIRECTION('',(0.,-1.,0.));
#2806 = ORIENTED_EDGE('',*,*,#2807,.T.);
#2807 = EDGE_CURVE('',#2800,#2808,#2810,.T.);
#2808 = VERTEX_POINT('',#2809);
#2809 = CARTESIAN_POINT('',(-1.016,-6.35,2.54));
#2810 = LINE('',#2811,#2812);
#2811 = CARTESIAN_POINT('',(-1.27,-6.096,2.54));
#2812 = VECTOR('',#2813,1.);
#2813 = DIRECTION('',(0.707106781187,-0.707106781187,0.));
#2814 = ORIENTED_EDGE('',*,*,#2815,.T.);
#2815 = EDGE_CURVE('',#2808,#2816,#2818,.T.);
#2816 = VERTEX_POINT('',#2817);
#2817 = CARTESIAN_POINT('',(1.016,-6.35,2.54));
#2818 = LINE('',#2819,#2820);
#2819 = CARTESIAN_POINT('',(-1.016,-6.35,2.54));
#2820 = VECTOR('',#2821,1.);
#2821 = DIRECTION('',(1.,0.,0.));
#2822 = ORIENTED_EDGE('',*,*,#2823,.T.);
#2823 = EDGE_CURVE('',#2816,#2824,#2826,.T.);
#2824 = VERTEX_POINT('',#2825);
#2825 = CARTESIAN_POINT('',(1.27,-6.096,2.54));
#2826 = LINE('',#2827,#2828);
#2827 = CARTESIAN_POINT('',(1.016,-6.35,2.54));
#2828 = VECTOR('',#2829,1.);
#2829 = DIRECTION('',(0.707106781187,0.707106781187,0.));
#2830 = ORIENTED_EDGE('',*,*,#2831,.T.);
#2831 = EDGE_CURVE('',#2824,#2832,#2834,.T.);
#2832 = VERTEX_POINT('',#2833);
#2833 = CARTESIAN_POINT('',(1.27,-4.064,2.54));
#2834 = LINE('',#2835,#2836);
#2835 = CARTESIAN_POINT('',(1.27,-6.096,2.54));
#2836 = VECTOR('',#2837,1.);
#2837 = DIRECTION('',(0.,1.,0.));
#2838 = ORIENTED_EDGE('',*,*,#2839,.T.);
#2839 = EDGE_CURVE('',#2832,#2840,#2842,.T.);
#2840 = VERTEX_POINT('',#2841);
#2841 = CARTESIAN_POINT('',(1.016,-3.81,2.54));
#2842 = LINE('',#2843,#2844);
#2843 = CARTESIAN_POINT('',(1.27,-4.064,2.54));
#2844 = VECTOR('',#2845,1.);
#2845 = DIRECTION('',(-0.707106781187,0.707106781187,0.));
#2846 = ORIENTED_EDGE('',*,*,#2847,.T.);
#2847 = EDGE_CURVE('',#2840,#2848,#2850,.T.);
#2848 = VERTEX_POINT('',#2849);
#2849 = CARTESIAN_POINT('',(1.27,-3.556,2.54));
#2850 = LINE('',#2851,#2852);
#2851 = CARTESIAN_POINT('',(1.016,-3.81,2.54));
#2852 = VECTOR('',#2853,1.);
#2853 = DIRECTION('',(0.707106781187,0.707106781187,0.));
#2854 = ORIENTED_EDGE('',*,*,#2855,.T.);
#2855 = EDGE_CURVE('',#2848,#2856,#2858,.T.);
#2856 = VERTEX_POINT('',#2857);
#2857 = CARTESIAN_POINT('',(1.27,-1.524,2.54));
#2858 = LINE('',#2859,#2860);
#2859 = CARTESIAN_POINT('',(1.27,-3.556,2.54));
#2860 = VECTOR('',#2861,1.);
#2861 = DIRECTION('',(0.,1.,0.));
#2862 = ORIENTED_EDGE('',*,*,#2863,.T.);
#2863 = EDGE_CURVE('',#2856,#2864,#2866,.T.);
#2864 = VERTEX_POINT('',#2865);
#2865 = CARTESIAN_POINT('',(1.016,-1.27,2.54));
#2866 = LINE('',#2867,#2868);
#2867 = CARTESIAN_POINT('',(1.27,-1.524,2.54));
#2868 = VECTOR('',#2869,1.);
#2869 = DIRECTION('',(-0.707106781187,0.707106781187,0.));
#2870 = ORIENTED_EDGE('',*,*,#2871,.T.);
#2871 = EDGE_CURVE('',#2864,#2872,#2874,.T.);
#2872 = VERTEX_POINT('',#2873);
#2873 = CARTESIAN_POINT('',(1.27,-1.016,2.54));
#2874 = LINE('',#2875,#2876);
#2875 = CARTESIAN_POINT('',(1.016,-1.27,2.54));
#2876 = VECTOR('',#2877,1.);
#2877 = DIRECTION('',(0.707106781187,0.707106781187,0.));
#2878 = ORIENTED_EDGE('',*,*,#2879,.T.);
#2879 = EDGE_CURVE('',#2872,#2880,#2882,.T.);
#2880 = VERTEX_POINT('',#2881);
#2881 = CARTESIAN_POINT('',(1.27,1.016,2.54));
#2882 = LINE('',#2883,#2884);
#2883 = CARTESIAN_POINT('',(1.27,-1.016,2.54));
#2884 = VECTOR('',#2885,1.);
#2885 = DIRECTION('',(0.,1.,0.));
#2886 = ORIENTED_EDGE('',*,*,#2887,.T.);
#2887 = EDGE_CURVE('',#2880,#2451,#2888,.T.);
#2888 = LINE('',#2889,#2890);
#2889 = CARTESIAN_POINT('',(1.27,1.016,2.54));
#2890 = VECTOR('',#2891,1.);
#2891 = DIRECTION('',(-0.707106781187,0.707106781187,0.));
#2892 = ORIENTED_EDGE('',*,*,#2458,.T.);
#2893 = FACE_BOUND('',#2894,.T.);
#2894 = EDGE_LOOP('',(#2895,#2905,#2913,#2921));
#2895 = ORIENTED_EDGE('',*,*,#2896,.F.);
#2896 = EDGE_CURVE('',#2897,#2899,#2901,.T.);
#2897 = VERTEX_POINT('',#2898);
#2898 = CARTESIAN_POINT('',(0.32,-0.32,2.54));
#2899 = VERTEX_POINT('',#2900);
#2900 = CARTESIAN_POINT('',(0.32,0.32,2.54));
#2901 = LINE('',#2902,#2903);
#2902 = CARTESIAN_POINT('',(0.32,-1.43,2.54));
#2903 = VECTOR('',#2904,1.);
#2904 = DIRECTION('',(0.,1.,0.));
#2905 = ORIENTED_EDGE('',*,*,#2906,.T.);
#2906 = EDGE_CURVE('',#2897,#2907,#2909,.T.);
#2907 = VERTEX_POINT('',#2908);
#2908 = CARTESIAN_POINT('',(-0.32,-0.32,2.54));
#2909 = LINE('',#2910,#2911);
#2910 = CARTESIAN_POINT('',(-0.16,-0.32,2.54));
#2911 = VECTOR('',#2912,1.);
#2912 = DIRECTION('',(-1.,0.,0.));
#2913 = ORIENTED_EDGE('',*,*,#2914,.T.);
#2914 = EDGE_CURVE('',#2907,#2915,#2917,.T.);
#2915 = VERTEX_POINT('',#2916);
#2916 = CARTESIAN_POINT('',(-0.32,0.32,2.54));
#2917 = LINE('',#2918,#2919);
#2918 = CARTESIAN_POINT('',(-0.32,-1.43,2.54));
#2919 = VECTOR('',#2920,1.);
#2920 = DIRECTION('',(0.,1.,0.));
#2921 = ORIENTED_EDGE('',*,*,#2922,.F.);
#2922 = EDGE_CURVE('',#2899,#2915,#2923,.T.);
#2923 = LINE('',#2924,#2925);
#2924 = CARTESIAN_POINT('',(-0.16,0.32,2.54));
#2925 = VECTOR('',#2926,1.);
#2926 = DIRECTION('',(-1.,0.,0.));
#2927 = FACE_BOUND('',#2928,.T.);
#2928 = EDGE_LOOP('',(#2929,#2939,#2947,#2955));
#2929 = ORIENTED_EDGE('',*,*,#2930,.T.);
#2930 = EDGE_CURVE('',#2931,#2933,#2935,.T.);
#2931 = VERTEX_POINT('',#2932);
#2932 = CARTESIAN_POINT('',(0.32,-2.86,2.54));
#2933 = VERTEX_POINT('',#2934);
#2934 = CARTESIAN_POINT('',(-0.32,-2.86,2.54));
#2935 = LINE('',#2936,#2937);
#2936 = CARTESIAN_POINT('',(-0.16,-2.86,2.54));
#2937 = VECTOR('',#2938,1.);
#2938 = DIRECTION('',(-1.,0.,0.));
#2939 = ORIENTED_EDGE('',*,*,#2940,.T.);
#2940 = EDGE_CURVE('',#2933,#2941,#2943,.T.);
#2941 = VERTEX_POINT('',#2942);
#2942 = CARTESIAN_POINT('',(-0.32,-2.22,2.54));
#2943 = LINE('',#2944,#2945);
#2944 = CARTESIAN_POINT('',(-0.32,-2.7,2.54));
#2945 = VECTOR('',#2946,1.);
#2946 = DIRECTION('',(0.,1.,0.));
#2947 = ORIENTED_EDGE('',*,*,#2948,.F.);
#2948 = EDGE_CURVE('',#2949,#2941,#2951,.T.);
#2949 = VERTEX_POINT('',#2950);
#2950 = CARTESIAN_POINT('',(0.32,-2.22,2.54));
#2951 = LINE('',#2952,#2953);
#2952 = CARTESIAN_POINT('',(-0.16,-2.22,2.54));
#2953 = VECTOR('',#2954,1.);
#2954 = DIRECTION('',(-1.,0.,0.));
#2955 = ORIENTED_EDGE('',*,*,#2956,.F.);
#2956 = EDGE_CURVE('',#2931,#2949,#2957,.T.);
#2957 = LINE('',#2958,#2959);
#2958 = CARTESIAN_POINT('',(0.32,-2.7,2.54));
#2959 = VECTOR('',#2960,1.);
#2960 = DIRECTION('',(0.,1.,0.));
#2961 = FACE_BOUND('',#2962,.T.);
#2962 = EDGE_LOOP('',(#2963,#2973,#2981,#2989));
#2963 = ORIENTED_EDGE('',*,*,#2964,.F.);
#2964 = EDGE_CURVE('',#2965,#2967,#2969,.T.);
#2965 = VERTEX_POINT('',#2966);
#2966 = CARTESIAN_POINT('',(0.32,-4.76,2.54));
#2967 = VERTEX_POINT('',#2968);
#2968 = CARTESIAN_POINT('',(-0.32,-4.76,2.54));
#2969 = LINE('',#2970,#2971);
#2970 = CARTESIAN_POINT('',(-0.16,-4.76,2.54));
#2971 = VECTOR('',#2972,1.);
#2972 = DIRECTION('',(-1.,0.,0.));
#2973 = ORIENTED_EDGE('',*,*,#2974,.F.);
#2974 = EDGE_CURVE('',#2975,#2965,#2977,.T.);
#2975 = VERTEX_POINT('',#2976);
#2976 = CARTESIAN_POINT('',(0.32,-5.4,2.54));
#2977 = LINE('',#2978,#2979);
#2978 = CARTESIAN_POINT('',(0.32,-3.97,2.54));
#2979 = VECTOR('',#2980,1.);
#2980 = DIRECTION('',(0.,1.,0.));
#2981 = ORIENTED_EDGE('',*,*,#2982,.T.);
#2982 = EDGE_CURVE('',#2975,#2983,#2985,.T.);
#2983 = VERTEX_POINT('',#2984);
#2984 = CARTESIAN_POINT('',(-0.32,-5.4,2.54));
#2985 = LINE('',#2986,#2987);
#2986 = CARTESIAN_POINT('',(-0.16,-5.4,2.54));
#2987 = VECTOR('',#2988,1.);
#2988 = DIRECTION('',(-1.,0.,0.));
#2989 = ORIENTED_EDGE('',*,*,#2990,.T.);
#2990 = EDGE_CURVE('',#2983,#2967,#2991,.T.);
#2991 = LINE('',#2992,#2993);
#2992 = CARTESIAN_POINT('',(-0.32,-3.97,2.54));
#2993 = VECTOR('',#2994,1.);
#2994 = DIRECTION('',(0.,1.,0.));
#2995 = PLANE('',#2996);
#2996 = AXIS2_PLACEMENT_3D('',#2997,#2998,#2999);
#2997 = CARTESIAN_POINT('',(5.398204781459E-17,-2.54,2.54));
#2998 = DIRECTION('',(0.,0.,1.));
#2999 = DIRECTION('',(1.,0.,-0.));
#3000 = ADVANCED_FACE('',(#3001),#3012,.F.);
#3001 = FACE_BOUND('',#3002,.F.);
#3002 = EDGE_LOOP('',(#3003,#3009,#3010,#3011));
#3003 = ORIENTED_EDGE('',*,*,#3004,.T.);
#3004 = EDGE_CURVE('',#2633,#2880,#3005,.T.);
#3005 = LINE('',#3006,#3007);
#3006 = CARTESIAN_POINT('',(1.27,1.016,0.));
#3007 = VECTOR('',#3008,1.);
#3008 = DIRECTION('',(0.,0.,1.));
#3009 = ORIENTED_EDGE('',*,*,#2887,.T.);
#3010 = ORIENTED_EDGE('',*,*,#2448,.F.);
#3011 = ORIENTED_EDGE('',*,*,#2640,.F.);
#3012 = PLANE('',#3013);
#3013 = AXIS2_PLACEMENT_3D('',#3014,#3015,#3016);
#3014 = CARTESIAN_POINT('',(1.27,1.016,0.));
#3015 = DIRECTION('',(-0.707106781187,-0.707106781187,0.));
#3016 = DIRECTION('',(-0.707106781187,0.707106781187,0.));
#3017 = ADVANCED_FACE('',(#3018),#3029,.F.);
#3018 = FACE_BOUND('',#3019,.F.);
#3019 = EDGE_LOOP('',(#3020,#3021,#3022,#3028));
#3020 = ORIENTED_EDGE('',*,*,#2488,.T.);
#3021 = ORIENTED_EDGE('',*,*,#2759,.T.);
#3022 = ORIENTED_EDGE('',*,*,#3023,.F.);
#3023 = EDGE_CURVE('',#2513,#2760,#3024,.T.);
#3024 = LINE('',#3025,#3026);
#3025 = CARTESIAN_POINT('',(-1.016,-1.27,0.));
#3026 = VECTOR('',#3027,1.);
#3027 = DIRECTION('',(0.,0.,1.));
#3028 = ORIENTED_EDGE('',*,*,#2512,.F.);
#3029 = PLANE('',#3030);
#3030 = AXIS2_PLACEMENT_3D('',#3031,#3032,#3033);
#3031 = CARTESIAN_POINT('',(-1.27,-1.016,0.));
#3032 = DIRECTION('',(0.707106781187,0.707106781187,0.));
#3033 = DIRECTION('',(0.707106781187,-0.707106781187,0.));
#3034 = ADVANCED_FACE('',(#3035),#3046,.F.);
#3035 = FACE_BOUND('',#3036,.F.);
#3036 = EDGE_LOOP('',(#3037,#3043,#3044,#3045));
#3037 = ORIENTED_EDGE('',*,*,#3038,.T.);
#3038 = EDGE_CURVE('',#2625,#2872,#3039,.T.);
#3039 = LINE('',#3040,#3041);
#3040 = CARTESIAN_POINT('',(1.27,-1.016,0.));
#3041 = VECTOR('',#3042,1.);
#3042 = DIRECTION('',(0.,0.,1.));
#3043 = ORIENTED_EDGE('',*,*,#2879,.T.);
#3044 = ORIENTED_EDGE('',*,*,#3004,.F.);
#3045 = ORIENTED_EDGE('',*,*,#2632,.F.);
#3046 = PLANE('',#3047);
#3047 = AXIS2_PLACEMENT_3D('',#3048,#3049,#3050);
#3048 = CARTESIAN_POINT('',(1.27,-1.016,0.));
#3049 = DIRECTION('',(-1.,0.,0.));
#3050 = DIRECTION('',(0.,1.,0.));
#3051 = ADVANCED_FACE('',(#3052),#3063,.F.);
#3052 = FACE_BOUND('',#3053,.F.);
#3053 = EDGE_LOOP('',(#3054,#3055,#3056,#3062));
#3054 = ORIENTED_EDGE('',*,*,#3023,.T.);
#3055 = ORIENTED_EDGE('',*,*,#2767,.T.);
#3056 = ORIENTED_EDGE('',*,*,#3057,.F.);
#3057 = EDGE_CURVE('',#2521,#2768,#3058,.T.);
#3058 = LINE('',#3059,#3060);
#3059 = CARTESIAN_POINT('',(-1.27,-1.524,0.));
#3060 = VECTOR('',#3061,1.);
#3061 = DIRECTION('',(0.,0.,1.));
#3062 = ORIENTED_EDGE('',*,*,#2520,.F.);
#3063 = PLANE('',#3064);
#3064 = AXIS2_PLACEMENT_3D('',#3065,#3066,#3067);
#3065 = CARTESIAN_POINT('',(-1.016,-1.27,0.));
#3066 = DIRECTION('',(0.707106781187,-0.707106781187,0.));
#3067 = DIRECTION('',(-0.707106781187,-0.707106781187,0.));
#3068 = ADVANCED_FACE('',(#3069),#3080,.F.);
#3069 = FACE_BOUND('',#3070,.F.);
#3070 = EDGE_LOOP('',(#3071,#3077,#3078,#3079));
#3071 = ORIENTED_EDGE('',*,*,#3072,.T.);
#3072 = EDGE_CURVE('',#2617,#2864,#3073,.T.);
#3073 = LINE('',#3074,#3075);
#3074 = CARTESIAN_POINT('',(1.016,-1.27,0.));
#3075 = VECTOR('',#3076,1.);
#3076 = DIRECTION('',(0.,0.,1.));
#3077 = ORIENTED_EDGE('',*,*,#2871,.T.);
#3078 = ORIENTED_EDGE('',*,*,#3038,.F.);
#3079 = ORIENTED_EDGE('',*,*,#2624,.F.);
#3080 = PLANE('',#3081);
#3081 = AXIS2_PLACEMENT_3D('',#3082,#3083,#3084);
#3082 = CARTESIAN_POINT('',(1.016,-1.27,0.));
#3083 = DIRECTION('',(-0.707106781187,0.707106781187,0.));
#3084 = DIRECTION('',(0.707106781187,0.707106781187,0.));
#3085 = ADVANCED_FACE('',(#3086),#3097,.F.);
#3086 = FACE_BOUND('',#3087,.F.);
#3087 = EDGE_LOOP('',(#3088,#3089,#3090,#3096));
#3088 = ORIENTED_EDGE('',*,*,#3057,.T.);
#3089 = ORIENTED_EDGE('',*,*,#2775,.T.);
#3090 = ORIENTED_EDGE('',*,*,#3091,.F.);
#3091 = EDGE_CURVE('',#2529,#2776,#3092,.T.);
#3092 = LINE('',#3093,#3094);
#3093 = CARTESIAN_POINT('',(-1.27,-3.556,0.));
#3094 = VECTOR('',#3095,1.);
#3095 = DIRECTION('',(0.,0.,1.));
#3096 = ORIENTED_EDGE('',*,*,#2528,.F.);
#3097 = PLANE('',#3098);
#3098 = AXIS2_PLACEMENT_3D('',#3099,#3100,#3101);
#3099 = CARTESIAN_POINT('',(-1.27,-1.524,0.));
#3100 = DIRECTION('',(1.,0.,0.));
#3101 = DIRECTION('',(0.,-1.,0.));
#3102 = ADVANCED_FACE('',(#3103),#3114,.F.);
#3103 = FACE_BOUND('',#3104,.F.);
#3104 = EDGE_LOOP('',(#3105,#3111,#3112,#3113));
#3105 = ORIENTED_EDGE('',*,*,#3106,.T.);
#3106 = EDGE_CURVE('',#2609,#2856,#3107,.T.);
#3107 = LINE('',#3108,#3109);
#3108 = CARTESIAN_POINT('',(1.27,-1.524,0.));
#3109 = VECTOR('',#3110,1.);
#3110 = DIRECTION('',(0.,0.,1.));
#3111 = ORIENTED_EDGE('',*,*,#2863,.T.);
#3112 = ORIENTED_EDGE('',*,*,#3072,.F.);
#3113 = ORIENTED_EDGE('',*,*,#2616,.F.);
#3114 = PLANE('',#3115);
#3115 = AXIS2_PLACEMENT_3D('',#3116,#3117,#3118);
#3116 = CARTESIAN_POINT('',(1.27,-1.524,0.));
#3117 = DIRECTION('',(-0.707106781187,-0.707106781187,0.));
#3118 = DIRECTION('',(-0.707106781187,0.707106781187,0.));
#3119 = ADVANCED_FACE('',(#3120),#3131,.F.);
#3120 = FACE_BOUND('',#3121,.F.);
#3121 = EDGE_LOOP('',(#3122,#3123,#3124,#3130));
#3122 = ORIENTED_EDGE('',*,*,#3091,.T.);
#3123 = ORIENTED_EDGE('',*,*,#2783,.T.);
#3124 = ORIENTED_EDGE('',*,*,#3125,.F.);
#3125 = EDGE_CURVE('',#2537,#2784,#3126,.T.);
#3126 = LINE('',#3127,#3128);
#3127 = CARTESIAN_POINT('',(-1.016,-3.81,0.));
#3128 = VECTOR('',#3129,1.);
#3129 = DIRECTION('',(0.,0.,1.));
#3130 = ORIENTED_EDGE('',*,*,#2536,.F.);
#3131 = PLANE('',#3132);
#3132 = AXIS2_PLACEMENT_3D('',#3133,#3134,#3135);
#3133 = CARTESIAN_POINT('',(-1.27,-3.556,0.));
#3134 = DIRECTION('',(0.707106781187,0.707106781187,0.));
#3135 = DIRECTION('',(0.707106781187,-0.707106781187,0.));
#3136 = ADVANCED_FACE('',(#3137),#3148,.F.);
#3137 = FACE_BOUND('',#3138,.F.);
#3138 = EDGE_LOOP('',(#3139,#3145,#3146,#3147));
#3139 = ORIENTED_EDGE('',*,*,#3140,.T.);
#3140 = EDGE_CURVE('',#2601,#2848,#3141,.T.);
#3141 = LINE('',#3142,#3143);
#3142 = CARTESIAN_POINT('',(1.27,-3.556,0.));
#3143 = VECTOR('',#3144,1.);
#3144 = DIRECTION('',(0.,0.,1.));
#3145 = ORIENTED_EDGE('',*,*,#2855,.T.);
#3146 = ORIENTED_EDGE('',*,*,#3106,.F.);
#3147 = ORIENTED_EDGE('',*,*,#2608,.F.);
#3148 = PLANE('',#3149);
#3149 = AXIS2_PLACEMENT_3D('',#3150,#3151,#3152);
#3150 = CARTESIAN_POINT('',(1.27,-3.556,0.));
#3151 = DIRECTION('',(-1.,0.,0.));
#3152 = DIRECTION('',(0.,1.,0.));
#3153 = ADVANCED_FACE('',(#3154),#3165,.F.);
#3154 = FACE_BOUND('',#3155,.F.);
#3155 = EDGE_LOOP('',(#3156,#3157,#3158,#3164));
#3156 = ORIENTED_EDGE('',*,*,#3125,.T.);
#3157 = ORIENTED_EDGE('',*,*,#2791,.T.);
#3158 = ORIENTED_EDGE('',*,*,#3159,.F.);
#3159 = EDGE_CURVE('',#2545,#2792,#3160,.T.);
#3160 = LINE('',#3161,#3162);
#3161 = CARTESIAN_POINT('',(-1.27,-4.064,0.));
#3162 = VECTOR('',#3163,1.);
#3163 = DIRECTION('',(0.,0.,1.));
#3164 = ORIENTED_EDGE('',*,*,#2544,.F.);
#3165 = PLANE('',#3166);
#3166 = AXIS2_PLACEMENT_3D('',#3167,#3168,#3169);
#3167 = CARTESIAN_POINT('',(-1.016,-3.81,0.));
#3168 = DIRECTION('',(0.707106781187,-0.707106781187,0.));
#3169 = DIRECTION('',(-0.707106781187,-0.707106781187,0.));
#3170 = ADVANCED_FACE('',(#3171),#3182,.F.);
#3171 = FACE_BOUND('',#3172,.F.);
#3172 = EDGE_LOOP('',(#3173,#3179,#3180,#3181));
#3173 = ORIENTED_EDGE('',*,*,#3174,.T.);
#3174 = EDGE_CURVE('',#2593,#2840,#3175,.T.);
#3175 = LINE('',#3176,#3177);
#3176 = CARTESIAN_POINT('',(1.016,-3.81,0.));
#3177 = VECTOR('',#3178,1.);
#3178 = DIRECTION('',(0.,0.,1.));
#3179 = ORIENTED_EDGE('',*,*,#2847,.T.);
#3180 = ORIENTED_EDGE('',*,*,#3140,.F.);
#3181 = ORIENTED_EDGE('',*,*,#2600,.F.);
#3182 = PLANE('',#3183);
#3183 = AXIS2_PLACEMENT_3D('',#3184,#3185,#3186);
#3184 = CARTESIAN_POINT('',(1.016,-3.81,0.));
#3185 = DIRECTION('',(-0.707106781187,0.707106781187,0.));
#3186 = DIRECTION('',(0.707106781187,0.707106781187,0.));
#3187 = ADVANCED_FACE('',(#3188),#3199,.F.);
#3188 = FACE_BOUND('',#3189,.F.);
#3189 = EDGE_LOOP('',(#3190,#3191,#3192,#3198));
#3190 = ORIENTED_EDGE('',*,*,#3159,.T.);
#3191 = ORIENTED_EDGE('',*,*,#2799,.T.);
#3192 = ORIENTED_EDGE('',*,*,#3193,.F.);
#3193 = EDGE_CURVE('',#2553,#2800,#3194,.T.);
#3194 = LINE('',#3195,#3196);
#3195 = CARTESIAN_POINT('',(-1.27,-6.096,0.));
#3196 = VECTOR('',#3197,1.);
#3197 = DIRECTION('',(0.,0.,1.));
#3198 = ORIENTED_EDGE('',*,*,#2552,.F.);
#3199 = PLANE('',#3200);
#3200 = AXIS2_PLACEMENT_3D('',#3201,#3202,#3203);
#3201 = CARTESIAN_POINT('',(-1.27,-4.064,0.));
#3202 = DIRECTION('',(1.,0.,0.));
#3203 = DIRECTION('',(0.,-1.,0.));
#3204 = ADVANCED_FACE('',(#3205),#3216,.F.);
#3205 = FACE_BOUND('',#3206,.F.);
#3206 = EDGE_LOOP('',(#3207,#3213,#3214,#3215));
#3207 = ORIENTED_EDGE('',*,*,#3208,.T.);
#3208 = EDGE_CURVE('',#2585,#2832,#3209,.T.);
#3209 = LINE('',#3210,#3211);
#3210 = CARTESIAN_POINT('',(1.27,-4.064,0.));
#3211 = VECTOR('',#3212,1.);
#3212 = DIRECTION('',(0.,0.,1.));
#3213 = ORIENTED_EDGE('',*,*,#2839,.T.);
#3214 = ORIENTED_EDGE('',*,*,#3174,.F.);
#3215 = ORIENTED_EDGE('',*,*,#2592,.F.);
#3216 = PLANE('',#3217);
#3217 = AXIS2_PLACEMENT_3D('',#3218,#3219,#3220);
#3218 = CARTESIAN_POINT('',(1.27,-4.064,0.));
#3219 = DIRECTION('',(-0.707106781187,-0.707106781187,0.));
#3220 = DIRECTION('',(-0.707106781187,0.707106781187,0.));
#3221 = ADVANCED_FACE('',(#3222),#3233,.F.);
#3222 = FACE_BOUND('',#3223,.F.);
#3223 = EDGE_LOOP('',(#3224,#3225,#3226,#3232));
#3224 = ORIENTED_EDGE('',*,*,#3193,.T.);
#3225 = ORIENTED_EDGE('',*,*,#2807,.T.);
#3226 = ORIENTED_EDGE('',*,*,#3227,.F.);
#3227 = EDGE_CURVE('',#2561,#2808,#3228,.T.);
#3228 = LINE('',#3229,#3230);
#3229 = CARTESIAN_POINT('',(-1.016,-6.35,0.));
#3230 = VECTOR('',#3231,1.);
#3231 = DIRECTION('',(0.,0.,1.));
#3232 = ORIENTED_EDGE('',*,*,#2560,.F.);
#3233 = PLANE('',#3234);
#3234 = AXIS2_PLACEMENT_3D('',#3235,#3236,#3237);
#3235 = CARTESIAN_POINT('',(-1.27,-6.096,0.));
#3236 = DIRECTION('',(0.707106781187,0.707106781187,0.));
#3237 = DIRECTION('',(0.707106781187,-0.707106781187,0.));
#3238 = ADVANCED_FACE('',(#3239),#3250,.F.);
#3239 = FACE_BOUND('',#3240,.F.);
#3240 = EDGE_LOOP('',(#3241,#3247,#3248,#3249));
#3241 = ORIENTED_EDGE('',*,*,#3242,.T.);
#3242 = EDGE_CURVE('',#2577,#2824,#3243,.T.);
#3243 = LINE('',#3244,#3245);
#3244 = CARTESIAN_POINT('',(1.27,-6.096,0.));
#3245 = VECTOR('',#3246,1.);
#3246 = DIRECTION('',(0.,0.,1.));
#3247 = ORIENTED_EDGE('',*,*,#2831,.T.);
#3248 = ORIENTED_EDGE('',*,*,#3208,.F.);
#3249 = ORIENTED_EDGE('',*,*,#2584,.F.);
#3250 = PLANE('',#3251);
#3251 = AXIS2_PLACEMENT_3D('',#3252,#3253,#3254);
#3252 = CARTESIAN_POINT('',(1.27,-6.096,0.));
#3253 = DIRECTION('',(-1.,0.,0.));
#3254 = DIRECTION('',(0.,1.,0.));
#3255 = ADVANCED_FACE('',(#3256),#3267,.F.);
#3256 = FACE_BOUND('',#3257,.F.);
#3257 = EDGE_LOOP('',(#3258,#3259,#3260,#3266));
#3258 = ORIENTED_EDGE('',*,*,#3227,.T.);
#3259 = ORIENTED_EDGE('',*,*,#2815,.T.);
#3260 = ORIENTED_EDGE('',*,*,#3261,.F.);
#3261 = EDGE_CURVE('',#2569,#2816,#3262,.T.);
#3262 = LINE('',#3263,#3264);
#3263 = CARTESIAN_POINT('',(1.016,-6.35,0.));
#3264 = VECTOR('',#3265,1.);
#3265 = DIRECTION('',(0.,0.,1.));
#3266 = ORIENTED_EDGE('',*,*,#2568,.F.);
#3267 = PLANE('',#3268);
#3268 = AXIS2_PLACEMENT_3D('',#3269,#3270,#3271);
#3269 = CARTESIAN_POINT('',(-1.016,-6.35,0.));
#3270 = DIRECTION('',(0.,1.,0.));
#3271 = DIRECTION('',(1.,0.,0.));
#3272 = ADVANCED_FACE('',(#3273),#3279,.F.);
#3273 = FACE_BOUND('',#3274,.F.);
#3274 = EDGE_LOOP('',(#3275,#3276,#3277,#3278));
#3275 = ORIENTED_EDGE('',*,*,#3261,.T.);
#3276 = ORIENTED_EDGE('',*,*,#2823,.T.);
#3277 = ORIENTED_EDGE('',*,*,#3242,.F.);
#3278 = ORIENTED_EDGE('',*,*,#2576,.F.);
#3279 = PLANE('',#3280);
#3280 = AXIS2_PLACEMENT_3D('',#3281,#3282,#3283);
#3281 = CARTESIAN_POINT('',(1.016,-6.35,0.));
#3282 = DIRECTION('',(-0.707106781187,0.707106781187,0.));
#3283 = DIRECTION('',(0.707106781187,0.707106781187,0.));
#3284 = ADVANCED_FACE('',(#3285),#3310,.T.);
#3285 = FACE_BOUND('',#3286,.T.);
#3286 = EDGE_LOOP('',(#3287,#3295,#3303,#3309));
#3287 = ORIENTED_EDGE('',*,*,#3288,.F.);
#3288 = EDGE_CURVE('',#3289,#2650,#3291,.T.);
#3289 = VERTEX_POINT('',#3290);
#3290 = CARTESIAN_POINT('',(0.32,-0.32,-2.84));
#3291 = LINE('',#3292,#3293);
#3292 = CARTESIAN_POINT('',(0.32,-0.32,-3.));
#3293 = VECTOR('',#3294,1.);
#3294 = DIRECTION('',(0.,0.,1.));
#3295 = ORIENTED_EDGE('',*,*,#3296,.T.);
#3296 = EDGE_CURVE('',#3289,#3297,#3299,.T.);
#3297 = VERTEX_POINT('',#3298);
#3298 = CARTESIAN_POINT('',(0.32,0.32,-2.84));
#3299 = LINE('',#3300,#3301);
#3300 = CARTESIAN_POINT('',(0.32,-0.32,-2.84));
#3301 = VECTOR('',#3302,1.);
#3302 = DIRECTION('',(0.,1.,0.));
#3303 = ORIENTED_EDGE('',*,*,#3304,.T.);
#3304 = EDGE_CURVE('',#3297,#2652,#3305,.T.);
#3305 = LINE('',#3306,#3307);
#3306 = CARTESIAN_POINT('',(0.32,0.32,-3.));
#3307 = VECTOR('',#3308,1.);
#3308 = DIRECTION('',(0.,0.,1.));
#3309 = ORIENTED_EDGE('',*,*,#2649,.F.);
#3310 = PLANE('',#3311);
#3311 = AXIS2_PLACEMENT_3D('',#3312,#3313,#3314);
#3312 = CARTESIAN_POINT('',(0.32,-0.32,-3.));
#3313 = DIRECTION('',(1.,0.,0.));
#3314 = DIRECTION('',(0.,0.,1.));
#3315 = ADVANCED_FACE('',(#3316),#3334,.T.);
#3316 = FACE_BOUND('',#3317,.T.);
#3317 = EDGE_LOOP('',(#3318,#3319,#3327,#3333));
#3318 = ORIENTED_EDGE('',*,*,#3304,.F.);
#3319 = ORIENTED_EDGE('',*,*,#3320,.F.);
#3320 = EDGE_CURVE('',#3321,#3297,#3323,.T.);
#3321 = VERTEX_POINT('',#3322);
#3322 = CARTESIAN_POINT('',(-0.32,0.32,-2.84));
#3323 = LINE('',#3324,#3325);
#3324 = CARTESIAN_POINT('',(-0.32,0.32,-2.84));
#3325 = VECTOR('',#3326,1.);
#3326 = DIRECTION('',(1.,0.,0.));
#3327 = ORIENTED_EDGE('',*,*,#3328,.T.);
#3328 = EDGE_CURVE('',#3321,#2668,#3329,.T.);
#3329 = LINE('',#3330,#3331);
#3330 = CARTESIAN_POINT('',(-0.32,0.32,-3.));
#3331 = VECTOR('',#3332,1.);
#3332 = DIRECTION('',(0.,0.,1.));
#3333 = ORIENTED_EDGE('',*,*,#2675,.F.);
#3334 = PLANE('',#3335);
#3335 = AXIS2_PLACEMENT_3D('',#3336,#3337,#3338);
#3336 = CARTESIAN_POINT('',(-0.32,0.32,-3.));
#3337 = DIRECTION('',(0.,1.,0.));
#3338 = DIRECTION('',(0.,-0.,1.));
#3339 = ADVANCED_FACE('',(#3340),#3358,.F.);
#3340 = FACE_BOUND('',#3341,.F.);
#3341 = EDGE_LOOP('',(#3342,#3350,#3356,#3357));
#3342 = ORIENTED_EDGE('',*,*,#3343,.F.);
#3343 = EDGE_CURVE('',#3344,#2660,#3346,.T.);
#3344 = VERTEX_POINT('',#3345);
#3345 = CARTESIAN_POINT('',(-0.32,-0.32,-2.84));
#3346 = LINE('',#3347,#3348);
#3347 = CARTESIAN_POINT('',(-0.32,-0.32,-3.));
#3348 = VECTOR('',#3349,1.);
#3349 = DIRECTION('',(0.,0.,1.));
#3350 = ORIENTED_EDGE('',*,*,#3351,.T.);
#3351 = EDGE_CURVE('',#3344,#3321,#3352,.T.);
#3352 = LINE('',#3353,#3354);
#3353 = CARTESIAN_POINT('',(-0.32,-0.32,-2.84));
#3354 = VECTOR('',#3355,1.);
#3355 = DIRECTION('',(0.,1.,0.));
#3356 = ORIENTED_EDGE('',*,*,#3328,.T.);
#3357 = ORIENTED_EDGE('',*,*,#2667,.F.);
#3358 = PLANE('',#3359);
#3359 = AXIS2_PLACEMENT_3D('',#3360,#3361,#3362);
#3360 = CARTESIAN_POINT('',(-0.32,-0.32,-3.));
#3361 = DIRECTION('',(1.,0.,0.));
#3362 = DIRECTION('',(0.,0.,1.));
#3363 = ADVANCED_FACE('',(#3364),#3375,.F.);
#3364 = FACE_BOUND('',#3365,.F.);
#3365 = EDGE_LOOP('',(#3366,#3367,#3373,#3374));
#3366 = ORIENTED_EDGE('',*,*,#3288,.F.);
#3367 = ORIENTED_EDGE('',*,*,#3368,.F.);
#3368 = EDGE_CURVE('',#3344,#3289,#3369,.T.);
#3369 = LINE('',#3370,#3371);
#3370 = CARTESIAN_POINT('',(-0.32,-0.32,-2.84));
#3371 = VECTOR('',#3372,1.);
#3372 = DIRECTION('',(1.,0.,0.));
#3373 = ORIENTED_EDGE('',*,*,#3343,.T.);
#3374 = ORIENTED_EDGE('',*,*,#2659,.F.);
#3375 = PLANE('',#3376);
#3376 = AXIS2_PLACEMENT_3D('',#3377,#3378,#3379);
#3377 = CARTESIAN_POINT('',(-0.32,-0.32,-3.));
#3378 = DIRECTION('',(0.,1.,0.));
#3379 = DIRECTION('',(0.,-0.,1.));
#3380 = ADVANCED_FACE('',(#3381),#3406,.F.);
#3381 = FACE_BOUND('',#3382,.F.);
#3382 = EDGE_LOOP('',(#3383,#3391,#3399,#3405));
#3383 = ORIENTED_EDGE('',*,*,#3384,.F.);
#3384 = EDGE_CURVE('',#3385,#2684,#3387,.T.);
#3385 = VERTEX_POINT('',#3386);
#3386 = CARTESIAN_POINT('',(0.32,-2.86,-2.84));
#3387 = LINE('',#3388,#3389);
#3388 = CARTESIAN_POINT('',(0.32,-2.86,-3.));
#3389 = VECTOR('',#3390,1.);
#3390 = DIRECTION('',(0.,0.,1.));
#3391 = ORIENTED_EDGE('',*,*,#3392,.F.);
#3392 = EDGE_CURVE('',#3393,#3385,#3395,.T.);
#3393 = VERTEX_POINT('',#3394);
#3394 = CARTESIAN_POINT('',(-0.32,-2.86,-2.84));
#3395 = LINE('',#3396,#3397);
#3396 = CARTESIAN_POINT('',(-0.32,-2.86,-2.84));
#3397 = VECTOR('',#3398,1.);
#3398 = DIRECTION('',(1.,0.,0.));
#3399 = ORIENTED_EDGE('',*,*,#3400,.T.);
#3400 = EDGE_CURVE('',#3393,#2686,#3401,.T.);
#3401 = LINE('',#3402,#3403);
#3402 = CARTESIAN_POINT('',(-0.32,-2.86,-3.));
#3403 = VECTOR('',#3404,1.);
#3404 = DIRECTION('',(0.,0.,1.));
#3405 = ORIENTED_EDGE('',*,*,#2683,.F.);
#3406 = PLANE('',#3407);
#3407 = AXIS2_PLACEMENT_3D('',#3408,#3409,#3410);
#3408 = CARTESIAN_POINT('',(-0.32,-2.86,-3.));
#3409 = DIRECTION('',(0.,1.,0.));
#3410 = DIRECTION('',(0.,-0.,1.));
#3411 = ADVANCED_FACE('',(#3412),#3430,.T.);
#3412 = FACE_BOUND('',#3413,.T.);
#3413 = EDGE_LOOP('',(#3414,#3415,#3423,#3429));
#3414 = ORIENTED_EDGE('',*,*,#3384,.F.);
#3415 = ORIENTED_EDGE('',*,*,#3416,.T.);
#3416 = EDGE_CURVE('',#3385,#3417,#3419,.T.);
#3417 = VERTEX_POINT('',#3418);
#3418 = CARTESIAN_POINT('',(0.32,-2.22,-2.84));
#3419 = LINE('',#3420,#3421);
#3420 = CARTESIAN_POINT('',(0.32,-2.86,-2.84));
#3421 = VECTOR('',#3422,1.);
#3422 = DIRECTION('',(0.,1.,0.));
#3423 = ORIENTED_EDGE('',*,*,#3424,.T.);
#3424 = EDGE_CURVE('',#3417,#2702,#3425,.T.);
#3425 = LINE('',#3426,#3427);
#3426 = CARTESIAN_POINT('',(0.32,-2.22,-3.));
#3427 = VECTOR('',#3428,1.);
#3428 = DIRECTION('',(0.,0.,1.));
#3429 = ORIENTED_EDGE('',*,*,#2709,.F.);
#3430 = PLANE('',#3431);
#3431 = AXIS2_PLACEMENT_3D('',#3432,#3433,#3434);
#3432 = CARTESIAN_POINT('',(0.32,-2.86,-3.));
#3433 = DIRECTION('',(1.,0.,0.));
#3434 = DIRECTION('',(0.,0.,1.));
#3435 = ADVANCED_FACE('',(#3436),#3454,.T.);
#3436 = FACE_BOUND('',#3437,.T.);
#3437 = EDGE_LOOP('',(#3438,#3439,#3447,#3453));
#3438 = ORIENTED_EDGE('',*,*,#3424,.F.);
#3439 = ORIENTED_EDGE('',*,*,#3440,.F.);
#3440 = EDGE_CURVE('',#3441,#3417,#3443,.T.);
#3441 = VERTEX_POINT('',#3442);
#3442 = CARTESIAN_POINT('',(-0.32,-2.22,-2.84));
#3443 = LINE('',#3444,#3445);
#3444 = CARTESIAN_POINT('',(-0.32,-2.22,-2.84));
#3445 = VECTOR('',#3446,1.);
#3446 = DIRECTION('',(1.,0.,0.));
#3447 = ORIENTED_EDGE('',*,*,#3448,.T.);
#3448 = EDGE_CURVE('',#3441,#2694,#3449,.T.);
#3449 = LINE('',#3450,#3451);
#3450 = CARTESIAN_POINT('',(-0.32,-2.22,-3.));
#3451 = VECTOR('',#3452,1.);
#3452 = DIRECTION('',(0.,0.,1.));
#3453 = ORIENTED_EDGE('',*,*,#2701,.F.);
#3454 = PLANE('',#3455);
#3455 = AXIS2_PLACEMENT_3D('',#3456,#3457,#3458);
#3456 = CARTESIAN_POINT('',(-0.32,-2.22,-3.));
#3457 = DIRECTION('',(0.,1.,0.));
#3458 = DIRECTION('',(0.,-0.,1.));
#3459 = ADVANCED_FACE('',(#3460),#3471,.F.);
#3460 = FACE_BOUND('',#3461,.F.);
#3461 = EDGE_LOOP('',(#3462,#3463,#3469,#3470));
#3462 = ORIENTED_EDGE('',*,*,#3400,.F.);
#3463 = ORIENTED_EDGE('',*,*,#3464,.T.);
#3464 = EDGE_CURVE('',#3393,#3441,#3465,.T.);
#3465 = LINE('',#3466,#3467);
#3466 = CARTESIAN_POINT('',(-0.32,-2.86,-2.84));
#3467 = VECTOR('',#3468,1.);
#3468 = DIRECTION('',(0.,1.,0.));
#3469 = ORIENTED_EDGE('',*,*,#3448,.T.);
#3470 = ORIENTED_EDGE('',*,*,#2693,.F.);
#3471 = PLANE('',#3472);
#3472 = AXIS2_PLACEMENT_3D('',#3473,#3474,#3475);
#3473 = CARTESIAN_POINT('',(-0.32,-2.86,-3.));
#3474 = DIRECTION('',(1.,0.,0.));
#3475 = DIRECTION('',(0.,0.,1.));
#3476 = ADVANCED_FACE('',(#3477),#3502,.T.);
#3477 = FACE_BOUND('',#3478,.T.);
#3478 = EDGE_LOOP('',(#3479,#3487,#3495,#3501));
#3479 = ORIENTED_EDGE('',*,*,#3480,.F.);
#3480 = EDGE_CURVE('',#3481,#2718,#3483,.T.);
#3481 = VERTEX_POINT('',#3482);
#3482 = CARTESIAN_POINT('',(0.32,-4.76,-2.84));
#3483 = LINE('',#3484,#3485);
#3484 = CARTESIAN_POINT('',(0.32,-4.76,-3.));
#3485 = VECTOR('',#3486,1.);
#3486 = DIRECTION('',(0.,0.,1.));
#3487 = ORIENTED_EDGE('',*,*,#3488,.F.);
#3488 = EDGE_CURVE('',#3489,#3481,#3491,.T.);
#3489 = VERTEX_POINT('',#3490);
#3490 = CARTESIAN_POINT('',(-0.32,-4.76,-2.84));
#3491 = LINE('',#3492,#3493);
#3492 = CARTESIAN_POINT('',(-0.32,-4.76,-2.84));
#3493 = VECTOR('',#3494,1.);
#3494 = DIRECTION('',(1.,0.,0.));
#3495 = ORIENTED_EDGE('',*,*,#3496,.T.);
#3496 = EDGE_CURVE('',#3489,#2720,#3497,.T.);
#3497 = LINE('',#3498,#3499);
#3498 = CARTESIAN_POINT('',(-0.32,-4.76,-3.));
#3499 = VECTOR('',#3500,1.);
#3500 = DIRECTION('',(0.,0.,1.));
#3501 = ORIENTED_EDGE('',*,*,#2717,.F.);
#3502 = PLANE('',#3503);
#3503 = AXIS2_PLACEMENT_3D('',#3504,#3505,#3506);
#3504 = CARTESIAN_POINT('',(-0.32,-4.76,-3.));
#3505 = DIRECTION('',(0.,1.,0.));
#3506 = DIRECTION('',(0.,-0.,1.));
#3507 = ADVANCED_FACE('',(#3508),#3526,.F.);
#3508 = FACE_BOUND('',#3509,.F.);
#3509 = EDGE_LOOP('',(#3510,#3518,#3524,#3525));
#3510 = ORIENTED_EDGE('',*,*,#3511,.F.);
#3511 = EDGE_CURVE('',#3512,#2736,#3514,.T.);
#3512 = VERTEX_POINT('',#3513);
#3513 = CARTESIAN_POINT('',(-0.32,-5.4,-2.84));
#3514 = LINE('',#3515,#3516);
#3515 = CARTESIAN_POINT('',(-0.32,-5.4,-3.));
#3516 = VECTOR('',#3517,1.);
#3517 = DIRECTION('',(0.,0.,1.));
#3518 = ORIENTED_EDGE('',*,*,#3519,.T.);
#3519 = EDGE_CURVE('',#3512,#3489,#3520,.T.);
#3520 = LINE('',#3521,#3522);
#3521 = CARTESIAN_POINT('',(-0.32,-5.4,-2.84));
#3522 = VECTOR('',#3523,1.);
#3523 = DIRECTION('',(0.,1.,0.));
#3524 = ORIENTED_EDGE('',*,*,#3496,.T.);
#3525 = ORIENTED_EDGE('',*,*,#2743,.F.);
#3526 = PLANE('',#3527);
#3527 = AXIS2_PLACEMENT_3D('',#3528,#3529,#3530);
#3528 = CARTESIAN_POINT('',(-0.32,-5.4,-3.));
#3529 = DIRECTION('',(1.,0.,0.));
#3530 = DIRECTION('',(0.,0.,1.));
#3531 = ADVANCED_FACE('',(#3532),#3550,.F.);
#3532 = FACE_BOUND('',#3533,.F.);
#3533 = EDGE_LOOP('',(#3534,#3542,#3548,#3549));
#3534 = ORIENTED_EDGE('',*,*,#3535,.F.);
#3535 = EDGE_CURVE('',#3536,#2728,#3538,.T.);
#3536 = VERTEX_POINT('',#3537);
#3537 = CARTESIAN_POINT('',(0.32,-5.4,-2.84));
#3538 = LINE('',#3539,#3540);
#3539 = CARTESIAN_POINT('',(0.32,-5.4,-3.));
#3540 = VECTOR('',#3541,1.);
#3541 = DIRECTION('',(0.,0.,1.));
#3542 = ORIENTED_EDGE('',*,*,#3543,.F.);
#3543 = EDGE_CURVE('',#3512,#3536,#3544,.T.);
#3544 = LINE('',#3545,#3546);
#3545 = CARTESIAN_POINT('',(-0.32,-5.4,-2.84));
#3546 = VECTOR('',#3547,1.);
#3547 = DIRECTION('',(1.,0.,0.));
#3548 = ORIENTED_EDGE('',*,*,#3511,.T.);
#3549 = ORIENTED_EDGE('',*,*,#2735,.F.);
#3550 = PLANE('',#3551);
#3551 = AXIS2_PLACEMENT_3D('',#3552,#3553,#3554);
#3552 = CARTESIAN_POINT('',(-0.32,-5.4,-3.));
#3553 = DIRECTION('',(0.,1.,0.));
#3554 = DIRECTION('',(0.,-0.,1.));
#3555 = ADVANCED_FACE('',(#3556),#3567,.T.);
#3556 = FACE_BOUND('',#3557,.T.);
#3557 = EDGE_LOOP('',(#3558,#3559,#3565,#3566));
#3558 = ORIENTED_EDGE('',*,*,#3535,.F.);
#3559 = ORIENTED_EDGE('',*,*,#3560,.T.);
#3560 = EDGE_CURVE('',#3536,#3481,#3561,.T.);
#3561 = LINE('',#3562,#3563);
#3562 = CARTESIAN_POINT('',(0.32,-5.4,-2.84));
#3563 = VECTOR('',#3564,1.);
#3564 = DIRECTION('',(0.,1.,0.));
#3565 = ORIENTED_EDGE('',*,*,#3480,.T.);
#3566 = ORIENTED_EDGE('',*,*,#2727,.F.);
#3567 = PLANE('',#3568);
#3568 = AXIS2_PLACEMENT_3D('',#3569,#3570,#3571);
#3569 = CARTESIAN_POINT('',(0.32,-5.4,-3.));
#3570 = DIRECTION('',(1.,0.,0.));
#3571 = DIRECTION('',(0.,0.,1.));
#3572 = ADVANCED_FACE('',(#3573),#3598,.T.);
#3573 = FACE_BOUND('',#3574,.T.);
#3574 = EDGE_LOOP('',(#3575,#3583,#3584,#3592));
#3575 = ORIENTED_EDGE('',*,*,#3576,.F.);
#3576 = EDGE_CURVE('',#2897,#3577,#3579,.T.);
#3577 = VERTEX_POINT('',#3578);
#3578 = CARTESIAN_POINT('',(0.32,-0.32,8.38));
#3579 = LINE('',#3580,#3581);
#3580 = CARTESIAN_POINT('',(0.32,-0.32,-3.));
#3581 = VECTOR('',#3582,1.);
#3582 = DIRECTION('',(0.,0.,1.));
#3583 = ORIENTED_EDGE('',*,*,#2896,.T.);
#3584 = ORIENTED_EDGE('',*,*,#3585,.T.);
#3585 = EDGE_CURVE('',#2899,#3586,#3588,.T.);
#3586 = VERTEX_POINT('',#3587);
#3587 = CARTESIAN_POINT('',(0.32,0.32,8.38));
#3588 = LINE('',#3589,#3590);
#3589 = CARTESIAN_POINT('',(0.32,0.32,-3.));
#3590 = VECTOR('',#3591,1.);
#3591 = DIRECTION('',(0.,0.,1.));
#3592 = ORIENTED_EDGE('',*,*,#3593,.F.);
#3593 = EDGE_CURVE('',#3577,#3586,#3594,.T.);
#3594 = LINE('',#3595,#3596);
#3595 = CARTESIAN_POINT('',(0.32,-0.32,8.38));
#3596 = VECTOR('',#3597,1.);
#3597 = DIRECTION('',(0.,1.,0.));
#3598 = PLANE('',#3599);
#3599 = AXIS2_PLACEMENT_3D('',#3600,#3601,#3602);
#3600 = CARTESIAN_POINT('',(0.32,-0.32,-3.));
#3601 = DIRECTION('',(1.,0.,0.));
#3602 = DIRECTION('',(0.,0.,1.));
#3603 = ADVANCED_FACE('',(#3604),#3622,.T.);
#3604 = FACE_BOUND('',#3605,.T.);
#3605 = EDGE_LOOP('',(#3606,#3607,#3608,#3616));
#3606 = ORIENTED_EDGE('',*,*,#3585,.F.);
#3607 = ORIENTED_EDGE('',*,*,#2922,.T.);
#3608 = ORIENTED_EDGE('',*,*,#3609,.T.);
#3609 = EDGE_CURVE('',#2915,#3610,#3612,.T.);
#3610 = VERTEX_POINT('',#3611);
#3611 = CARTESIAN_POINT('',(-0.32,0.32,8.38));
#3612 = LINE('',#3613,#3614);
#3613 = CARTESIAN_POINT('',(-0.32,0.32,-3.));
#3614 = VECTOR('',#3615,1.);
#3615 = DIRECTION('',(0.,0.,1.));
#3616 = ORIENTED_EDGE('',*,*,#3617,.T.);
#3617 = EDGE_CURVE('',#3610,#3586,#3618,.T.);
#3618 = LINE('',#3619,#3620);
#3619 = CARTESIAN_POINT('',(-0.32,0.32,8.38));
#3620 = VECTOR('',#3621,1.);
#3621 = DIRECTION('',(1.,0.,0.));
#3622 = PLANE('',#3623);
#3623 = AXIS2_PLACEMENT_3D('',#3624,#3625,#3626);
#3624 = CARTESIAN_POINT('',(-0.32,0.32,-3.));
#3625 = DIRECTION('',(0.,1.,0.));
#3626 = DIRECTION('',(0.,-0.,1.));
#3627 = ADVANCED_FACE('',(#3628),#3646,.F.);
#3628 = FACE_BOUND('',#3629,.F.);
#3629 = EDGE_LOOP('',(#3630,#3638,#3639,#3640));
#3630 = ORIENTED_EDGE('',*,*,#3631,.F.);
#3631 = EDGE_CURVE('',#2907,#3632,#3634,.T.);
#3632 = VERTEX_POINT('',#3633);
#3633 = CARTESIAN_POINT('',(-0.32,-0.32,8.38));
#3634 = LINE('',#3635,#3636);
#3635 = CARTESIAN_POINT('',(-0.32,-0.32,-3.));
#3636 = VECTOR('',#3637,1.);
#3637 = DIRECTION('',(0.,0.,1.));
#3638 = ORIENTED_EDGE('',*,*,#2914,.T.);
#3639 = ORIENTED_EDGE('',*,*,#3609,.T.);
#3640 = ORIENTED_EDGE('',*,*,#3641,.F.);
#3641 = EDGE_CURVE('',#3632,#3610,#3642,.T.);
#3642 = LINE('',#3643,#3644);
#3643 = CARTESIAN_POINT('',(-0.32,-0.32,8.38));
#3644 = VECTOR('',#3645,1.);
#3645 = DIRECTION('',(0.,1.,0.));
#3646 = PLANE('',#3647);
#3647 = AXIS2_PLACEMENT_3D('',#3648,#3649,#3650);
#3648 = CARTESIAN_POINT('',(-0.32,-0.32,-3.));
#3649 = DIRECTION('',(1.,0.,0.));
#3650 = DIRECTION('',(0.,0.,1.));
#3651 = ADVANCED_FACE('',(#3652),#3663,.F.);
#3652 = FACE_BOUND('',#3653,.F.);
#3653 = EDGE_LOOP('',(#3654,#3655,#3656,#3657));
#3654 = ORIENTED_EDGE('',*,*,#3576,.F.);
#3655 = ORIENTED_EDGE('',*,*,#2906,.T.);
#3656 = ORIENTED_EDGE('',*,*,#3631,.T.);
#3657 = ORIENTED_EDGE('',*,*,#3658,.T.);
#3658 = EDGE_CURVE('',#3632,#3577,#3659,.T.);
#3659 = LINE('',#3660,#3661);
#3660 = CARTESIAN_POINT('',(-0.32,-0.32,8.38));
#3661 = VECTOR('',#3662,1.);
#3662 = DIRECTION('',(1.,0.,0.));
#3663 = PLANE('',#3664);
#3664 = AXIS2_PLACEMENT_3D('',#3665,#3666,#3667);
#3665 = CARTESIAN_POINT('',(-0.32,-0.32,-3.));
#3666 = DIRECTION('',(0.,1.,0.));
#3667 = DIRECTION('',(0.,-0.,1.));
#3668 = ADVANCED_FACE('',(#3669),#3694,.F.);
#3669 = FACE_BOUND('',#3670,.F.);
#3670 = EDGE_LOOP('',(#3671,#3679,#3680,#3688));
#3671 = ORIENTED_EDGE('',*,*,#3672,.F.);
#3672 = EDGE_CURVE('',#2931,#3673,#3675,.T.);
#3673 = VERTEX_POINT('',#3674);
#3674 = CARTESIAN_POINT('',(0.32,-2.86,8.38));
#3675 = LINE('',#3676,#3677);
#3676 = CARTESIAN_POINT('',(0.32,-2.86,-3.));
#3677 = VECTOR('',#3678,1.);
#3678 = DIRECTION('',(0.,0.,1.));
#3679 = ORIENTED_EDGE('',*,*,#2930,.T.);
#3680 = ORIENTED_EDGE('',*,*,#3681,.T.);
#3681 = EDGE_CURVE('',#2933,#3682,#3684,.T.);
#3682 = VERTEX_POINT('',#3683);
#3683 = CARTESIAN_POINT('',(-0.32,-2.86,8.38));
#3684 = LINE('',#3685,#3686);
#3685 = CARTESIAN_POINT('',(-0.32,-2.86,-3.));
#3686 = VECTOR('',#3687,1.);
#3687 = DIRECTION('',(0.,0.,1.));
#3688 = ORIENTED_EDGE('',*,*,#3689,.T.);
#3689 = EDGE_CURVE('',#3682,#3673,#3690,.T.);
#3690 = LINE('',#3691,#3692);
#3691 = CARTESIAN_POINT('',(-0.32,-2.86,8.38));
#3692 = VECTOR('',#3693,1.);
#3693 = DIRECTION('',(1.,0.,0.));
#3694 = PLANE('',#3695);
#3695 = AXIS2_PLACEMENT_3D('',#3696,#3697,#3698);
#3696 = CARTESIAN_POINT('',(-0.32,-2.86,-3.));
#3697 = DIRECTION('',(0.,1.,0.));
#3698 = DIRECTION('',(0.,-0.,1.));
#3699 = ADVANCED_FACE('',(#3700),#3718,.T.);
#3700 = FACE_BOUND('',#3701,.T.);
#3701 = EDGE_LOOP('',(#3702,#3703,#3704,#3712));
#3702 = ORIENTED_EDGE('',*,*,#3672,.F.);
#3703 = ORIENTED_EDGE('',*,*,#2956,.T.);
#3704 = ORIENTED_EDGE('',*,*,#3705,.T.);
#3705 = EDGE_CURVE('',#2949,#3706,#3708,.T.);
#3706 = VERTEX_POINT('',#3707);
#3707 = CARTESIAN_POINT('',(0.32,-2.22,8.38));
#3708 = LINE('',#3709,#3710);
#3709 = CARTESIAN_POINT('',(0.32,-2.22,-3.));
#3710 = VECTOR('',#3711,1.);
#3711 = DIRECTION('',(0.,0.,1.));
#3712 = ORIENTED_EDGE('',*,*,#3713,.F.);
#3713 = EDGE_CURVE('',#3673,#3706,#3714,.T.);
#3714 = LINE('',#3715,#3716);
#3715 = CARTESIAN_POINT('',(0.32,-2.86,8.38));
#3716 = VECTOR('',#3717,1.);
#3717 = DIRECTION('',(0.,1.,0.));
#3718 = PLANE('',#3719);
#3719 = AXIS2_PLACEMENT_3D('',#3720,#3721,#3722);
#3720 = CARTESIAN_POINT('',(0.32,-2.86,-3.));
#3721 = DIRECTION('',(1.,0.,0.));
#3722 = DIRECTION('',(0.,0.,1.));
#3723 = ADVANCED_FACE('',(#3724),#3742,.T.);
#3724 = FACE_BOUND('',#3725,.T.);
#3725 = EDGE_LOOP('',(#3726,#3727,#3728,#3736));
#3726 = ORIENTED_EDGE('',*,*,#3705,.F.);
#3727 = ORIENTED_EDGE('',*,*,#2948,.T.);
#3728 = ORIENTED_EDGE('',*,*,#3729,.T.);
#3729 = EDGE_CURVE('',#2941,#3730,#3732,.T.);
#3730 = VERTEX_POINT('',#3731);
#3731 = CARTESIAN_POINT('',(-0.32,-2.22,8.38));
#3732 = LINE('',#3733,#3734);
#3733 = CARTESIAN_POINT('',(-0.32,-2.22,-3.));
#3734 = VECTOR('',#3735,1.);
#3735 = DIRECTION('',(0.,0.,1.));
#3736 = ORIENTED_EDGE('',*,*,#3737,.T.);
#3737 = EDGE_CURVE('',#3730,#3706,#3738,.T.);
#3738 = LINE('',#3739,#3740);
#3739 = CARTESIAN_POINT('',(-0.32,-2.22,8.38));
#3740 = VECTOR('',#3741,1.);
#3741 = DIRECTION('',(1.,0.,0.));
#3742 = PLANE('',#3743);
#3743 = AXIS2_PLACEMENT_3D('',#3744,#3745,#3746);
#3744 = CARTESIAN_POINT('',(-0.32,-2.22,-3.));
#3745 = DIRECTION('',(0.,1.,0.));
#3746 = DIRECTION('',(0.,-0.,1.));
#3747 = ADVANCED_FACE('',(#3748),#3759,.F.);
#3748 = FACE_BOUND('',#3749,.F.);
#3749 = EDGE_LOOP('',(#3750,#3751,#3752,#3753));
#3750 = ORIENTED_EDGE('',*,*,#3681,.F.);
#3751 = ORIENTED_EDGE('',*,*,#2940,.T.);
#3752 = ORIENTED_EDGE('',*,*,#3729,.T.);
#3753 = ORIENTED_EDGE('',*,*,#3754,.F.);
#3754 = EDGE_CURVE('',#3682,#3730,#3755,.T.);
#3755 = LINE('',#3756,#3757);
#3756 = CARTESIAN_POINT('',(-0.32,-2.86,8.38));
#3757 = VECTOR('',#3758,1.);
#3758 = DIRECTION('',(0.,1.,0.));
#3759 = PLANE('',#3760);
#3760 = AXIS2_PLACEMENT_3D('',#3761,#3762,#3763);
#3761 = CARTESIAN_POINT('',(-0.32,-2.86,-3.));
#3762 = DIRECTION('',(1.,0.,0.));
#3763 = DIRECTION('',(0.,0.,1.));
#3764 = ADVANCED_FACE('',(#3765),#3790,.T.);
#3765 = FACE_BOUND('',#3766,.T.);
#3766 = EDGE_LOOP('',(#3767,#3775,#3776,#3784));
#3767 = ORIENTED_EDGE('',*,*,#3768,.F.);
#3768 = EDGE_CURVE('',#2965,#3769,#3771,.T.);
#3769 = VERTEX_POINT('',#3770);
#3770 = CARTESIAN_POINT('',(0.32,-4.76,8.38));
#3771 = LINE('',#3772,#3773);
#3772 = CARTESIAN_POINT('',(0.32,-4.76,-3.));
#3773 = VECTOR('',#3774,1.);
#3774 = DIRECTION('',(0.,0.,1.));
#3775 = ORIENTED_EDGE('',*,*,#2964,.T.);
#3776 = ORIENTED_EDGE('',*,*,#3777,.T.);
#3777 = EDGE_CURVE('',#2967,#3778,#3780,.T.);
#3778 = VERTEX_POINT('',#3779);
#3779 = CARTESIAN_POINT('',(-0.32,-4.76,8.38));
#3780 = LINE('',#3781,#3782);
#3781 = CARTESIAN_POINT('',(-0.32,-4.76,-3.));
#3782 = VECTOR('',#3783,1.);
#3783 = DIRECTION('',(0.,0.,1.));
#3784 = ORIENTED_EDGE('',*,*,#3785,.T.);
#3785 = EDGE_CURVE('',#3778,#3769,#3786,.T.);
#3786 = LINE('',#3787,#3788);
#3787 = CARTESIAN_POINT('',(-0.32,-4.76,8.38));
#3788 = VECTOR('',#3789,1.);
#3789 = DIRECTION('',(1.,0.,0.));
#3790 = PLANE('',#3791);
#3791 = AXIS2_PLACEMENT_3D('',#3792,#3793,#3794);
#3792 = CARTESIAN_POINT('',(-0.32,-4.76,-3.));
#3793 = DIRECTION('',(0.,1.,0.));
#3794 = DIRECTION('',(0.,-0.,1.));
#3795 = ADVANCED_FACE('',(#3796),#3814,.F.);
#3796 = FACE_BOUND('',#3797,.F.);
#3797 = EDGE_LOOP('',(#3798,#3806,#3807,#3808));
#3798 = ORIENTED_EDGE('',*,*,#3799,.F.);
#3799 = EDGE_CURVE('',#2983,#3800,#3802,.T.);
#3800 = VERTEX_POINT('',#3801);
#3801 = CARTESIAN_POINT('',(-0.32,-5.4,8.38));
#3802 = LINE('',#3803,#3804);
#3803 = CARTESIAN_POINT('',(-0.32,-5.4,-3.));
#3804 = VECTOR('',#3805,1.);
#3805 = DIRECTION('',(0.,0.,1.));
#3806 = ORIENTED_EDGE('',*,*,#2990,.T.);
#3807 = ORIENTED_EDGE('',*,*,#3777,.T.);
#3808 = ORIENTED_EDGE('',*,*,#3809,.F.);
#3809 = EDGE_CURVE('',#3800,#3778,#3810,.T.);
#3810 = LINE('',#3811,#3812);
#3811 = CARTESIAN_POINT('',(-0.32,-5.4,8.38));
#3812 = VECTOR('',#3813,1.);
#3813 = DIRECTION('',(0.,1.,0.));
#3814 = PLANE('',#3815);
#3815 = AXIS2_PLACEMENT_3D('',#3816,#3817,#3818);
#3816 = CARTESIAN_POINT('',(-0.32,-5.4,-3.));
#3817 = DIRECTION('',(1.,0.,0.));
#3818 = DIRECTION('',(0.,0.,1.));
#3819 = ADVANCED_FACE('',(#3820),#3838,.F.);
#3820 = FACE_BOUND('',#3821,.F.);
#3821 = EDGE_LOOP('',(#3822,#3830,#3831,#3832));
#3822 = ORIENTED_EDGE('',*,*,#3823,.F.);
#3823 = EDGE_CURVE('',#2975,#3824,#3826,.T.);
#3824 = VERTEX_POINT('',#3825);
#3825 = CARTESIAN_POINT('',(0.32,-5.4,8.38));
#3826 = LINE('',#3827,#3828);
#3827 = CARTESIAN_POINT('',(0.32,-5.4,-3.));
#3828 = VECTOR('',#3829,1.);
#3829 = DIRECTION('',(0.,0.,1.));
#3830 = ORIENTED_EDGE('',*,*,#2982,.T.);
#3831 = ORIENTED_EDGE('',*,*,#3799,.T.);
#3832 = ORIENTED_EDGE('',*,*,#3833,.T.);
#3833 = EDGE_CURVE('',#3800,#3824,#3834,.T.);
#3834 = LINE('',#3835,#3836);
#3835 = CARTESIAN_POINT('',(-0.32,-5.4,8.38));
#3836 = VECTOR('',#3837,1.);
#3837 = DIRECTION('',(1.,0.,0.));
#3838 = PLANE('',#3839);
#3839 = AXIS2_PLACEMENT_3D('',#3840,#3841,#3842);
#3840 = CARTESIAN_POINT('',(-0.32,-5.4,-3.));
#3841 = DIRECTION('',(0.,1.,0.));
#3842 = DIRECTION('',(0.,-0.,1.));
#3843 = ADVANCED_FACE('',(#3844),#3855,.T.);
#3844 = FACE_BOUND('',#3845,.T.);
#3845 = EDGE_LOOP('',(#3846,#3847,#3848,#3849));
#3846 = ORIENTED_EDGE('',*,*,#3823,.F.);
#3847 = ORIENTED_EDGE('',*,*,#2974,.T.);
#3848 = ORIENTED_EDGE('',*,*,#3768,.T.);
#3849 = ORIENTED_EDGE('',*,*,#3850,.F.);
#3850 = EDGE_CURVE('',#3824,#3769,#3851,.T.);
#3851 = LINE('',#3852,#3853);
#3852 = CARTESIAN_POINT('',(0.32,-5.4,8.38));
#3853 = VECTOR('',#3854,1.);
#3854 = DIRECTION('',(0.,1.,0.));
#3855 = PLANE('',#3856);
#3856 = AXIS2_PLACEMENT_3D('',#3857,#3858,#3859);
#3857 = CARTESIAN_POINT('',(0.32,-5.4,-3.));
#3858 = DIRECTION('',(1.,0.,0.));
#3859 = DIRECTION('',(0.,0.,1.));
#3860 = ADVANCED_FACE('',(#3861),#3886,.F.);
#3861 = FACE_BOUND('',#3862,.F.);
#3862 = EDGE_LOOP('',(#3863,#3871,#3872,#3880));
#3863 = ORIENTED_EDGE('',*,*,#3864,.F.);
#3864 = EDGE_CURVE('',#3289,#3865,#3867,.T.);
#3865 = VERTEX_POINT('',#3866);
#3866 = CARTESIAN_POINT('',(0.16,-0.16,-3.));
#3867 = LINE('',#3868,#3869);
#3868 = CARTESIAN_POINT('',(0.16,-0.16,-3.));
#3869 = VECTOR('',#3870,1.);
#3870 = DIRECTION('',(-0.57735026919,0.57735026919,-0.57735026919));
#3871 = ORIENTED_EDGE('',*,*,#3296,.T.);
#3872 = ORIENTED_EDGE('',*,*,#3873,.T.);
#3873 = EDGE_CURVE('',#3297,#3874,#3876,.T.);
#3874 = VERTEX_POINT('',#3875);
#3875 = CARTESIAN_POINT('',(0.16,0.16,-3.));
#3876 = LINE('',#3877,#3878);
#3877 = CARTESIAN_POINT('',(5.333333333333E-02,5.333333333333E-02,
    -3.106666666667));
#3878 = VECTOR('',#3879,1.);
#3879 = DIRECTION('',(-0.57735026919,-0.57735026919,-0.57735026919));
#3880 = ORIENTED_EDGE('',*,*,#3881,.F.);
#3881 = EDGE_CURVE('',#3865,#3874,#3882,.T.);
#3882 = LINE('',#3883,#3884);
#3883 = CARTESIAN_POINT('',(0.16,-0.32,-3.));
#3884 = VECTOR('',#3885,1.);
#3885 = DIRECTION('',(0.,1.,0.));
#3886 = PLANE('',#3887);
#3887 = AXIS2_PLACEMENT_3D('',#3888,#3889,#3890);
#3888 = CARTESIAN_POINT('',(0.24,-0.32,-2.92));
#3889 = DIRECTION('',(-0.707106781187,1.735167508357E-18,0.707106781187)
  );
#3890 = DIRECTION('',(1.226948711654E-18,1.,-1.226948711654E-18));
#3891 = ADVANCED_FACE('',(#3892),#3910,.F.);
#3892 = FACE_BOUND('',#3893,.T.);
#3893 = EDGE_LOOP('',(#3894,#3902,#3903,#3904));
#3894 = ORIENTED_EDGE('',*,*,#3895,.F.);
#3895 = EDGE_CURVE('',#3321,#3896,#3898,.T.);
#3896 = VERTEX_POINT('',#3897);
#3897 = CARTESIAN_POINT('',(-0.16,0.16,-3.));
#3898 = LINE('',#3899,#3900);
#3899 = CARTESIAN_POINT('',(-0.16,0.16,-3.));
#3900 = VECTOR('',#3901,1.);
#3901 = DIRECTION('',(0.57735026919,-0.57735026919,-0.57735026919));
#3902 = ORIENTED_EDGE('',*,*,#3320,.T.);
#3903 = ORIENTED_EDGE('',*,*,#3873,.T.);
#3904 = ORIENTED_EDGE('',*,*,#3905,.F.);
#3905 = EDGE_CURVE('',#3896,#3874,#3906,.T.);
#3906 = LINE('',#3907,#3908);
#3907 = CARTESIAN_POINT('',(-0.32,0.16,-3.));
#3908 = VECTOR('',#3909,1.);
#3909 = DIRECTION('',(1.,0.,0.));
#3910 = PLANE('',#3911);
#3911 = AXIS2_PLACEMENT_3D('',#3912,#3913,#3914);
#3912 = CARTESIAN_POINT('',(-0.32,0.24,-2.92));
#3913 = DIRECTION('',(-1.735167508357E-18,-0.707106781187,0.707106781187
    ));
#3914 = DIRECTION('',(-1.,1.226948711654E-18,-1.226948711654E-18));
#3915 = ADVANCED_FACE('',(#3916),#3934,.T.);
#3916 = FACE_BOUND('',#3917,.T.);
#3917 = EDGE_LOOP('',(#3918,#3926,#3927,#3928));
#3918 = ORIENTED_EDGE('',*,*,#3919,.F.);
#3919 = EDGE_CURVE('',#3344,#3920,#3922,.T.);
#3920 = VERTEX_POINT('',#3921);
#3921 = CARTESIAN_POINT('',(-0.16,-0.16,-3.));
#3922 = LINE('',#3923,#3924);
#3923 = CARTESIAN_POINT('',(-0.266666666667,-0.266666666667,
    -2.893333333333));
#3924 = VECTOR('',#3925,1.);
#3925 = DIRECTION('',(0.57735026919,0.57735026919,-0.57735026919));
#3926 = ORIENTED_EDGE('',*,*,#3351,.T.);
#3927 = ORIENTED_EDGE('',*,*,#3895,.T.);
#3928 = ORIENTED_EDGE('',*,*,#3929,.F.);
#3929 = EDGE_CURVE('',#3920,#3896,#3930,.T.);
#3930 = LINE('',#3931,#3932);
#3931 = CARTESIAN_POINT('',(-0.16,-0.32,-3.));
#3932 = VECTOR('',#3933,1.);
#3933 = DIRECTION('',(0.,1.,0.));
#3934 = PLANE('',#3935);
#3935 = AXIS2_PLACEMENT_3D('',#3936,#3937,#3938);
#3936 = CARTESIAN_POINT('',(-0.24,-0.32,-2.92));
#3937 = DIRECTION('',(-0.707106781187,-1.735167508357E-18,
    -0.707106781187));
#3938 = DIRECTION('',(-1.226948711654E-18,1.,-1.226948711654E-18));
#3939 = ADVANCED_FACE('',(#3940),#3951,.T.);
#3940 = FACE_BOUND('',#3941,.F.);
#3941 = EDGE_LOOP('',(#3942,#3943,#3944,#3945));
#3942 = ORIENTED_EDGE('',*,*,#3919,.F.);
#3943 = ORIENTED_EDGE('',*,*,#3368,.T.);
#3944 = ORIENTED_EDGE('',*,*,#3864,.T.);
#3945 = ORIENTED_EDGE('',*,*,#3946,.F.);
#3946 = EDGE_CURVE('',#3920,#3865,#3947,.T.);
#3947 = LINE('',#3948,#3949);
#3948 = CARTESIAN_POINT('',(-0.32,-0.16,-3.));
#3949 = VECTOR('',#3950,1.);
#3950 = DIRECTION('',(1.,0.,0.));
#3951 = PLANE('',#3952);
#3952 = AXIS2_PLACEMENT_3D('',#3953,#3954,#3955);
#3953 = CARTESIAN_POINT('',(-0.32,-0.24,-2.92));
#3954 = DIRECTION('',(1.735167508357E-18,-0.707106781187,-0.707106781187
    ));
#3955 = DIRECTION('',(-1.,-1.226948711654E-18,-1.226948711654E-18));
#3956 = ADVANCED_FACE('',(#3957),#3982,.T.);
#3957 = FACE_BOUND('',#3958,.F.);
#3958 = EDGE_LOOP('',(#3959,#3967,#3968,#3976));
#3959 = ORIENTED_EDGE('',*,*,#3960,.F.);
#3960 = EDGE_CURVE('',#3393,#3961,#3963,.T.);
#3961 = VERTEX_POINT('',#3962);
#3962 = CARTESIAN_POINT('',(-0.16,-2.7,-3.));
#3963 = LINE('',#3964,#3965);
#3964 = CARTESIAN_POINT('',(-0.266666666667,-2.806666666667,
    -2.893333333333));
#3965 = VECTOR('',#3966,1.);
#3966 = DIRECTION('',(0.57735026919,0.57735026919,-0.57735026919));
#3967 = ORIENTED_EDGE('',*,*,#3392,.T.);
#3968 = ORIENTED_EDGE('',*,*,#3969,.T.);
#3969 = EDGE_CURVE('',#3385,#3970,#3972,.T.);
#3970 = VERTEX_POINT('',#3971);
#3971 = CARTESIAN_POINT('',(0.16,-2.7,-3.));
#3972 = LINE('',#3973,#3974);
#3973 = CARTESIAN_POINT('',(0.16,-2.7,-3.));
#3974 = VECTOR('',#3975,1.);
#3975 = DIRECTION('',(-0.57735026919,0.57735026919,-0.57735026919));
#3976 = ORIENTED_EDGE('',*,*,#3977,.F.);
#3977 = EDGE_CURVE('',#3961,#3970,#3978,.T.);
#3978 = LINE('',#3979,#3980);
#3979 = CARTESIAN_POINT('',(-0.32,-2.7,-3.));
#3980 = VECTOR('',#3981,1.);
#3981 = DIRECTION('',(1.,0.,0.));
#3982 = PLANE('',#3983);
#3983 = AXIS2_PLACEMENT_3D('',#3984,#3985,#3986);
#3984 = CARTESIAN_POINT('',(-0.32,-2.78,-2.92));
#3985 = DIRECTION('',(1.735167508357E-18,-0.707106781187,-0.707106781187
    ));
#3986 = DIRECTION('',(-1.,-1.226948711654E-18,-1.226948711654E-18));
#3987 = ADVANCED_FACE('',(#3988),#4006,.F.);
#3988 = FACE_BOUND('',#3989,.F.);
#3989 = EDGE_LOOP('',(#3990,#3991,#3992,#4000));
#3990 = ORIENTED_EDGE('',*,*,#3969,.F.);
#3991 = ORIENTED_EDGE('',*,*,#3416,.T.);
#3992 = ORIENTED_EDGE('',*,*,#3993,.T.);
#3993 = EDGE_CURVE('',#3417,#3994,#3996,.T.);
#3994 = VERTEX_POINT('',#3995);
#3995 = CARTESIAN_POINT('',(0.16,-2.38,-3.));
#3996 = LINE('',#3997,#3998);
#3997 = CARTESIAN_POINT('',(5.333333333333E-02,-2.486666666667,
    -3.106666666667));
#3998 = VECTOR('',#3999,1.);
#3999 = DIRECTION('',(-0.57735026919,-0.57735026919,-0.57735026919));
#4000 = ORIENTED_EDGE('',*,*,#4001,.F.);
#4001 = EDGE_CURVE('',#3970,#3994,#4002,.T.);
#4002 = LINE('',#4003,#4004);
#4003 = CARTESIAN_POINT('',(0.16,-2.86,-3.));
#4004 = VECTOR('',#4005,1.);
#4005 = DIRECTION('',(0.,1.,0.));
#4006 = PLANE('',#4007);
#4007 = AXIS2_PLACEMENT_3D('',#4008,#4009,#4010);
#4008 = CARTESIAN_POINT('',(0.24,-2.86,-2.92));
#4009 = DIRECTION('',(-0.707106781187,1.735167508357E-18,0.707106781187)
  );
#4010 = DIRECTION('',(1.226948711654E-18,1.,-1.226948711654E-18));
#4011 = ADVANCED_FACE('',(#4012),#4030,.F.);
#4012 = FACE_BOUND('',#4013,.T.);
#4013 = EDGE_LOOP('',(#4014,#4022,#4023,#4024));
#4014 = ORIENTED_EDGE('',*,*,#4015,.F.);
#4015 = EDGE_CURVE('',#3441,#4016,#4018,.T.);
#4016 = VERTEX_POINT('',#4017);
#4017 = CARTESIAN_POINT('',(-0.16,-2.38,-3.));
#4018 = LINE('',#4019,#4020);
#4019 = CARTESIAN_POINT('',(-0.16,-2.38,-3.));
#4020 = VECTOR('',#4021,1.);
#4021 = DIRECTION('',(0.57735026919,-0.57735026919,-0.57735026919));
#4022 = ORIENTED_EDGE('',*,*,#3440,.T.);
#4023 = ORIENTED_EDGE('',*,*,#3993,.T.);
#4024 = ORIENTED_EDGE('',*,*,#4025,.F.);
#4025 = EDGE_CURVE('',#4016,#3994,#4026,.T.);
#4026 = LINE('',#4027,#4028);
#4027 = CARTESIAN_POINT('',(-0.32,-2.38,-3.));
#4028 = VECTOR('',#4029,1.);
#4029 = DIRECTION('',(1.,0.,0.));
#4030 = PLANE('',#4031);
#4031 = AXIS2_PLACEMENT_3D('',#4032,#4033,#4034);
#4032 = CARTESIAN_POINT('',(-0.32,-2.3,-2.92));
#4033 = DIRECTION('',(-1.735167508357E-18,-0.707106781187,0.707106781187
    ));
#4034 = DIRECTION('',(-1.,1.226948711654E-18,-1.226948711654E-18));
#4035 = ADVANCED_FACE('',(#4036),#4047,.T.);
#4036 = FACE_BOUND('',#4037,.T.);
#4037 = EDGE_LOOP('',(#4038,#4039,#4040,#4041));
#4038 = ORIENTED_EDGE('',*,*,#3960,.F.);
#4039 = ORIENTED_EDGE('',*,*,#3464,.T.);
#4040 = ORIENTED_EDGE('',*,*,#4015,.T.);
#4041 = ORIENTED_EDGE('',*,*,#4042,.F.);
#4042 = EDGE_CURVE('',#3961,#4016,#4043,.T.);
#4043 = LINE('',#4044,#4045);
#4044 = CARTESIAN_POINT('',(-0.16,-2.86,-3.));
#4045 = VECTOR('',#4046,1.);
#4046 = DIRECTION('',(0.,1.,0.));
#4047 = PLANE('',#4048);
#4048 = AXIS2_PLACEMENT_3D('',#4049,#4050,#4051);
#4049 = CARTESIAN_POINT('',(-0.24,-2.86,-2.92));
#4050 = DIRECTION('',(-0.707106781187,-1.735167508357E-18,
    -0.707106781187));
#4051 = DIRECTION('',(-1.226948711654E-18,1.,-1.226948711654E-18));
#4052 = ADVANCED_FACE('',(#4053),#4078,.F.);
#4053 = FACE_BOUND('',#4054,.T.);
#4054 = EDGE_LOOP('',(#4055,#4063,#4064,#4072));
#4055 = ORIENTED_EDGE('',*,*,#4056,.F.);
#4056 = EDGE_CURVE('',#3489,#4057,#4059,.T.);
#4057 = VERTEX_POINT('',#4058);
#4058 = CARTESIAN_POINT('',(-0.16,-4.92,-3.));
#4059 = LINE('',#4060,#4061);
#4060 = CARTESIAN_POINT('',(-0.16,-4.92,-3.));
#4061 = VECTOR('',#4062,1.);
#4062 = DIRECTION('',(0.57735026919,-0.57735026919,-0.57735026919));
#4063 = ORIENTED_EDGE('',*,*,#3488,.T.);
#4064 = ORIENTED_EDGE('',*,*,#4065,.T.);
#4065 = EDGE_CURVE('',#3481,#4066,#4068,.T.);
#4066 = VERTEX_POINT('',#4067);
#4067 = CARTESIAN_POINT('',(0.16,-4.92,-3.));
#4068 = LINE('',#4069,#4070);
#4069 = CARTESIAN_POINT('',(5.333333333333E-02,-5.026666666667,
    -3.106666666667));
#4070 = VECTOR('',#4071,1.);
#4071 = DIRECTION('',(-0.57735026919,-0.57735026919,-0.57735026919));
#4072 = ORIENTED_EDGE('',*,*,#4073,.F.);
#4073 = EDGE_CURVE('',#4057,#4066,#4074,.T.);
#4074 = LINE('',#4075,#4076);
#4075 = CARTESIAN_POINT('',(-0.32,-4.92,-3.));
#4076 = VECTOR('',#4077,1.);
#4077 = DIRECTION('',(1.,0.,0.));
#4078 = PLANE('',#4079);
#4079 = AXIS2_PLACEMENT_3D('',#4080,#4081,#4082);
#4080 = CARTESIAN_POINT('',(-0.32,-4.84,-2.92));
#4081 = DIRECTION('',(-1.735167508357E-18,-0.707106781187,0.707106781187
    ));
#4082 = DIRECTION('',(-1.,1.226948711654E-18,-1.226948711654E-18));
#4083 = ADVANCED_FACE('',(#4084),#4102,.T.);
#4084 = FACE_BOUND('',#4085,.T.);
#4085 = EDGE_LOOP('',(#4086,#4094,#4095,#4096));
#4086 = ORIENTED_EDGE('',*,*,#4087,.F.);
#4087 = EDGE_CURVE('',#3512,#4088,#4090,.T.);
#4088 = VERTEX_POINT('',#4089);
#4089 = CARTESIAN_POINT('',(-0.16,-5.24,-3.));
#4090 = LINE('',#4091,#4092);
#4091 = CARTESIAN_POINT('',(-0.266666666667,-5.346666666667,
    -2.893333333333));
#4092 = VECTOR('',#4093,1.);
#4093 = DIRECTION('',(0.57735026919,0.57735026919,-0.57735026919));
#4094 = ORIENTED_EDGE('',*,*,#3519,.T.);
#4095 = ORIENTED_EDGE('',*,*,#4056,.T.);
#4096 = ORIENTED_EDGE('',*,*,#4097,.F.);
#4097 = EDGE_CURVE('',#4088,#4057,#4098,.T.);
#4098 = LINE('',#4099,#4100);
#4099 = CARTESIAN_POINT('',(-0.16,-5.4,-3.));
#4100 = VECTOR('',#4101,1.);
#4101 = DIRECTION('',(0.,1.,0.));
#4102 = PLANE('',#4103);
#4103 = AXIS2_PLACEMENT_3D('',#4104,#4105,#4106);
#4104 = CARTESIAN_POINT('',(-0.24,-5.4,-2.92));
#4105 = DIRECTION('',(-0.707106781187,-1.735167508357E-18,
    -0.707106781187));
#4106 = DIRECTION('',(-1.226948711654E-18,1.,-1.226948711654E-18));
#4107 = ADVANCED_FACE('',(#4108),#4126,.T.);
#4108 = FACE_BOUND('',#4109,.F.);
#4109 = EDGE_LOOP('',(#4110,#4111,#4112,#4120));
#4110 = ORIENTED_EDGE('',*,*,#4087,.F.);
#4111 = ORIENTED_EDGE('',*,*,#3543,.T.);
#4112 = ORIENTED_EDGE('',*,*,#4113,.T.);
#4113 = EDGE_CURVE('',#3536,#4114,#4116,.T.);
#4114 = VERTEX_POINT('',#4115);
#4115 = CARTESIAN_POINT('',(0.16,-5.24,-3.));
#4116 = LINE('',#4117,#4118);
#4117 = CARTESIAN_POINT('',(0.16,-5.24,-3.));
#4118 = VECTOR('',#4119,1.);
#4119 = DIRECTION('',(-0.57735026919,0.57735026919,-0.57735026919));
#4120 = ORIENTED_EDGE('',*,*,#4121,.F.);
#4121 = EDGE_CURVE('',#4088,#4114,#4122,.T.);
#4122 = LINE('',#4123,#4124);
#4123 = CARTESIAN_POINT('',(-0.32,-5.24,-3.));
#4124 = VECTOR('',#4125,1.);
#4125 = DIRECTION('',(1.,0.,0.));
#4126 = PLANE('',#4127);
#4127 = AXIS2_PLACEMENT_3D('',#4128,#4129,#4130);
#4128 = CARTESIAN_POINT('',(-0.32,-5.32,-2.92));
#4129 = DIRECTION('',(1.735167508357E-18,-0.707106781187,-0.707106781187
    ));
#4130 = DIRECTION('',(-1.,-1.226948711654E-18,-1.226948711654E-18));
#4131 = ADVANCED_FACE('',(#4132),#4143,.F.);
#4132 = FACE_BOUND('',#4133,.F.);
#4133 = EDGE_LOOP('',(#4134,#4135,#4136,#4137));
#4134 = ORIENTED_EDGE('',*,*,#4113,.F.);
#4135 = ORIENTED_EDGE('',*,*,#3560,.T.);
#4136 = ORIENTED_EDGE('',*,*,#4065,.T.);
#4137 = ORIENTED_EDGE('',*,*,#4138,.F.);
#4138 = EDGE_CURVE('',#4114,#4066,#4139,.T.);
#4139 = LINE('',#4140,#4141);
#4140 = CARTESIAN_POINT('',(0.16,-5.4,-3.));
#4141 = VECTOR('',#4142,1.);
#4142 = DIRECTION('',(0.,1.,0.));
#4143 = PLANE('',#4144);
#4144 = AXIS2_PLACEMENT_3D('',#4145,#4146,#4147);
#4145 = CARTESIAN_POINT('',(0.24,-5.4,-2.92));
#4146 = DIRECTION('',(-0.707106781187,1.735167508357E-18,0.707106781187)
  );
#4147 = DIRECTION('',(1.226948711654E-18,1.,-1.226948711654E-18));
#4148 = ADVANCED_FACE('',(#4149),#4174,.T.);
#4149 = FACE_BOUND('',#4150,.T.);
#4150 = EDGE_LOOP('',(#4151,#4159,#4160,#4168));
#4151 = ORIENTED_EDGE('',*,*,#4152,.F.);
#4152 = EDGE_CURVE('',#3577,#4153,#4155,.T.);
#4153 = VERTEX_POINT('',#4154);
#4154 = CARTESIAN_POINT('',(0.16,-0.16,8.54));
#4155 = LINE('',#4156,#4157);
#4156 = CARTESIAN_POINT('',(0.16,-0.16,8.54));
#4157 = VECTOR('',#4158,1.);
#4158 = DIRECTION('',(-0.57735026919,0.57735026919,0.57735026919));
#4159 = ORIENTED_EDGE('',*,*,#3593,.T.);
#4160 = ORIENTED_EDGE('',*,*,#4161,.T.);
#4161 = EDGE_CURVE('',#3586,#4162,#4164,.T.);
#4162 = VERTEX_POINT('',#4163);
#4163 = CARTESIAN_POINT('',(0.16,0.16,8.54));
#4164 = LINE('',#4165,#4166);
#4165 = CARTESIAN_POINT('',(5.333333333333E-02,5.333333333333E-02,
    8.646666666667));
#4166 = VECTOR('',#4167,1.);
#4167 = DIRECTION('',(-0.57735026919,-0.57735026919,0.57735026919));
#4168 = ORIENTED_EDGE('',*,*,#4169,.F.);
#4169 = EDGE_CURVE('',#4153,#4162,#4170,.T.);
#4170 = LINE('',#4171,#4172);
#4171 = CARTESIAN_POINT('',(0.16,-0.32,8.54));
#4172 = VECTOR('',#4173,1.);
#4173 = DIRECTION('',(0.,1.,0.));
#4174 = PLANE('',#4175);
#4175 = AXIS2_PLACEMENT_3D('',#4176,#4177,#4178);
#4176 = CARTESIAN_POINT('',(0.24,-0.32,8.46));
#4177 = DIRECTION('',(0.707106781187,-1.735167508357E-18,0.707106781187)
  );
#4178 = DIRECTION('',(1.226948711654E-18,1.,1.226948711654E-18));
#4179 = ADVANCED_FACE('',(#4180),#4198,.T.);
#4180 = FACE_BOUND('',#4181,.F.);
#4181 = EDGE_LOOP('',(#4182,#4190,#4191,#4192));
#4182 = ORIENTED_EDGE('',*,*,#4183,.F.);
#4183 = EDGE_CURVE('',#3610,#4184,#4186,.T.);
#4184 = VERTEX_POINT('',#4185);
#4185 = CARTESIAN_POINT('',(-0.16,0.16,8.54));
#4186 = LINE('',#4187,#4188);
#4187 = CARTESIAN_POINT('',(-0.16,0.16,8.54));
#4188 = VECTOR('',#4189,1.);
#4189 = DIRECTION('',(0.57735026919,-0.57735026919,0.57735026919));
#4190 = ORIENTED_EDGE('',*,*,#3617,.T.);
#4191 = ORIENTED_EDGE('',*,*,#4161,.T.);
#4192 = ORIENTED_EDGE('',*,*,#4193,.F.);
#4193 = EDGE_CURVE('',#4184,#4162,#4194,.T.);
#4194 = LINE('',#4195,#4196);
#4195 = CARTESIAN_POINT('',(-0.32,0.16,8.54));
#4196 = VECTOR('',#4197,1.);
#4197 = DIRECTION('',(1.,0.,0.));
#4198 = PLANE('',#4199);
#4199 = AXIS2_PLACEMENT_3D('',#4200,#4201,#4202);
#4200 = CARTESIAN_POINT('',(-0.32,0.24,8.46));
#4201 = DIRECTION('',(1.735167508357E-18,0.707106781187,0.707106781187)
  );
#4202 = DIRECTION('',(-1.,1.226948711654E-18,1.226948711654E-18));
#4203 = ADVANCED_FACE('',(#4204),#4222,.F.);
#4204 = FACE_BOUND('',#4205,.F.);
#4205 = EDGE_LOOP('',(#4206,#4214,#4215,#4216));
#4206 = ORIENTED_EDGE('',*,*,#4207,.F.);
#4207 = EDGE_CURVE('',#3632,#4208,#4210,.T.);
#4208 = VERTEX_POINT('',#4209);
#4209 = CARTESIAN_POINT('',(-0.16,-0.16,8.54));
#4210 = LINE('',#4211,#4212);
#4211 = CARTESIAN_POINT('',(-0.266666666667,-0.266666666667,
    8.433333333333));
#4212 = VECTOR('',#4213,1.);
#4213 = DIRECTION('',(0.57735026919,0.57735026919,0.57735026919));
#4214 = ORIENTED_EDGE('',*,*,#3641,.T.);
#4215 = ORIENTED_EDGE('',*,*,#4183,.T.);
#4216 = ORIENTED_EDGE('',*,*,#4217,.F.);
#4217 = EDGE_CURVE('',#4208,#4184,#4218,.T.);
#4218 = LINE('',#4219,#4220);
#4219 = CARTESIAN_POINT('',(-0.16,-0.32,8.54));
#4220 = VECTOR('',#4221,1.);
#4221 = DIRECTION('',(0.,1.,0.));
#4222 = PLANE('',#4223);
#4223 = AXIS2_PLACEMENT_3D('',#4224,#4225,#4226);
#4224 = CARTESIAN_POINT('',(-0.24,-0.32,8.46));
#4225 = DIRECTION('',(0.707106781187,1.735167508357E-18,-0.707106781187)
  );
#4226 = DIRECTION('',(-1.226948711654E-18,1.,1.226948711654E-18));
#4227 = ADVANCED_FACE('',(#4228),#4239,.F.);
#4228 = FACE_BOUND('',#4229,.T.);
#4229 = EDGE_LOOP('',(#4230,#4231,#4232,#4233));
#4230 = ORIENTED_EDGE('',*,*,#4207,.F.);
#4231 = ORIENTED_EDGE('',*,*,#3658,.T.);
#4232 = ORIENTED_EDGE('',*,*,#4152,.T.);
#4233 = ORIENTED_EDGE('',*,*,#4234,.F.);
#4234 = EDGE_CURVE('',#4208,#4153,#4235,.T.);
#4235 = LINE('',#4236,#4237);
#4236 = CARTESIAN_POINT('',(-0.32,-0.16,8.54));
#4237 = VECTOR('',#4238,1.);
#4238 = DIRECTION('',(1.,0.,0.));
#4239 = PLANE('',#4240);
#4240 = AXIS2_PLACEMENT_3D('',#4241,#4242,#4243);
#4241 = CARTESIAN_POINT('',(-0.32,-0.24,8.46));
#4242 = DIRECTION('',(-1.735167508357E-18,0.707106781187,-0.707106781187
    ));
#4243 = DIRECTION('',(-1.,-1.226948711654E-18,1.226948711654E-18));
#4244 = ADVANCED_FACE('',(#4245),#4270,.F.);
#4245 = FACE_BOUND('',#4246,.T.);
#4246 = EDGE_LOOP('',(#4247,#4255,#4256,#4264));
#4247 = ORIENTED_EDGE('',*,*,#4248,.F.);
#4248 = EDGE_CURVE('',#3682,#4249,#4251,.T.);
#4249 = VERTEX_POINT('',#4250);
#4250 = CARTESIAN_POINT('',(-0.16,-2.7,8.54));
#4251 = LINE('',#4252,#4253);
#4252 = CARTESIAN_POINT('',(-0.266666666667,-2.806666666667,
    8.433333333333));
#4253 = VECTOR('',#4254,1.);
#4254 = DIRECTION('',(0.57735026919,0.57735026919,0.57735026919));
#4255 = ORIENTED_EDGE('',*,*,#3689,.T.);
#4256 = ORIENTED_EDGE('',*,*,#4257,.T.);
#4257 = EDGE_CURVE('',#3673,#4258,#4260,.T.);
#4258 = VERTEX_POINT('',#4259);
#4259 = CARTESIAN_POINT('',(0.16,-2.7,8.54));
#4260 = LINE('',#4261,#4262);
#4261 = CARTESIAN_POINT('',(0.16,-2.7,8.54));
#4262 = VECTOR('',#4263,1.);
#4263 = DIRECTION('',(-0.57735026919,0.57735026919,0.57735026919));
#4264 = ORIENTED_EDGE('',*,*,#4265,.F.);
#4265 = EDGE_CURVE('',#4249,#4258,#4266,.T.);
#4266 = LINE('',#4267,#4268);
#4267 = CARTESIAN_POINT('',(-0.32,-2.7,8.54));
#4268 = VECTOR('',#4269,1.);
#4269 = DIRECTION('',(1.,0.,0.));
#4270 = PLANE('',#4271);
#4271 = AXIS2_PLACEMENT_3D('',#4272,#4273,#4274);
#4272 = CARTESIAN_POINT('',(-0.32,-2.78,8.46));
#4273 = DIRECTION('',(-1.735167508357E-18,0.707106781187,-0.707106781187
    ));
#4274 = DIRECTION('',(-1.,-1.226948711654E-18,1.226948711654E-18));
#4275 = ADVANCED_FACE('',(#4276),#4294,.T.);
#4276 = FACE_BOUND('',#4277,.T.);
#4277 = EDGE_LOOP('',(#4278,#4279,#4280,#4288));
#4278 = ORIENTED_EDGE('',*,*,#4257,.F.);
#4279 = ORIENTED_EDGE('',*,*,#3713,.T.);
#4280 = ORIENTED_EDGE('',*,*,#4281,.T.);
#4281 = EDGE_CURVE('',#3706,#4282,#4284,.T.);
#4282 = VERTEX_POINT('',#4283);
#4283 = CARTESIAN_POINT('',(0.16,-2.38,8.54));
#4284 = LINE('',#4285,#4286);
#4285 = CARTESIAN_POINT('',(5.333333333333E-02,-2.486666666667,
    8.646666666667));
#4286 = VECTOR('',#4287,1.);
#4287 = DIRECTION('',(-0.57735026919,-0.57735026919,0.57735026919));
#4288 = ORIENTED_EDGE('',*,*,#4289,.F.);
#4289 = EDGE_CURVE('',#4258,#4282,#4290,.T.);
#4290 = LINE('',#4291,#4292);
#4291 = CARTESIAN_POINT('',(0.16,-2.86,8.54));
#4292 = VECTOR('',#4293,1.);
#4293 = DIRECTION('',(0.,1.,0.));
#4294 = PLANE('',#4295);
#4295 = AXIS2_PLACEMENT_3D('',#4296,#4297,#4298);
#4296 = CARTESIAN_POINT('',(0.24,-2.86,8.46));
#4297 = DIRECTION('',(0.707106781187,-1.735167508357E-18,0.707106781187)
  );
#4298 = DIRECTION('',(1.226948711654E-18,1.,1.226948711654E-18));
#4299 = ADVANCED_FACE('',(#4300),#4318,.T.);
#4300 = FACE_BOUND('',#4301,.F.);
#4301 = EDGE_LOOP('',(#4302,#4310,#4311,#4312));
#4302 = ORIENTED_EDGE('',*,*,#4303,.F.);
#4303 = EDGE_CURVE('',#3730,#4304,#4306,.T.);
#4304 = VERTEX_POINT('',#4305);
#4305 = CARTESIAN_POINT('',(-0.16,-2.38,8.54));
#4306 = LINE('',#4307,#4308);
#4307 = CARTESIAN_POINT('',(-0.16,-2.38,8.54));
#4308 = VECTOR('',#4309,1.);
#4309 = DIRECTION('',(0.57735026919,-0.57735026919,0.57735026919));
#4310 = ORIENTED_EDGE('',*,*,#3737,.T.);
#4311 = ORIENTED_EDGE('',*,*,#4281,.T.);
#4312 = ORIENTED_EDGE('',*,*,#4313,.F.);
#4313 = EDGE_CURVE('',#4304,#4282,#4314,.T.);
#4314 = LINE('',#4315,#4316);
#4315 = CARTESIAN_POINT('',(-0.32,-2.38,8.54));
#4316 = VECTOR('',#4317,1.);
#4317 = DIRECTION('',(1.,0.,0.));
#4318 = PLANE('',#4319);
#4319 = AXIS2_PLACEMENT_3D('',#4320,#4321,#4322);
#4320 = CARTESIAN_POINT('',(-0.32,-2.3,8.46));
#4321 = DIRECTION('',(1.735167508357E-18,0.707106781187,0.707106781187)
  );
#4322 = DIRECTION('',(-1.,1.226948711654E-18,1.226948711654E-18));
#4323 = ADVANCED_FACE('',(#4324),#4335,.F.);
#4324 = FACE_BOUND('',#4325,.F.);
#4325 = EDGE_LOOP('',(#4326,#4327,#4328,#4329));
#4326 = ORIENTED_EDGE('',*,*,#4248,.F.);
#4327 = ORIENTED_EDGE('',*,*,#3754,.T.);
#4328 = ORIENTED_EDGE('',*,*,#4303,.T.);
#4329 = ORIENTED_EDGE('',*,*,#4330,.F.);
#4330 = EDGE_CURVE('',#4249,#4304,#4331,.T.);
#4331 = LINE('',#4332,#4333);
#4332 = CARTESIAN_POINT('',(-0.16,-2.86,8.54));
#4333 = VECTOR('',#4334,1.);
#4334 = DIRECTION('',(0.,1.,0.));
#4335 = PLANE('',#4336);
#4336 = AXIS2_PLACEMENT_3D('',#4337,#4338,#4339);
#4337 = CARTESIAN_POINT('',(-0.24,-2.86,8.46));
#4338 = DIRECTION('',(0.707106781187,1.735167508357E-18,-0.707106781187)
  );
#4339 = DIRECTION('',(-1.226948711654E-18,1.,1.226948711654E-18));
#4340 = ADVANCED_FACE('',(#4341),#4366,.T.);
#4341 = FACE_BOUND('',#4342,.F.);
#4342 = EDGE_LOOP('',(#4343,#4351,#4352,#4360));
#4343 = ORIENTED_EDGE('',*,*,#4344,.F.);
#4344 = EDGE_CURVE('',#3778,#4345,#4347,.T.);
#4345 = VERTEX_POINT('',#4346);
#4346 = CARTESIAN_POINT('',(-0.16,-4.92,8.54));
#4347 = LINE('',#4348,#4349);
#4348 = CARTESIAN_POINT('',(-0.16,-4.92,8.54));
#4349 = VECTOR('',#4350,1.);
#4350 = DIRECTION('',(0.57735026919,-0.57735026919,0.57735026919));
#4351 = ORIENTED_EDGE('',*,*,#3785,.T.);
#4352 = ORIENTED_EDGE('',*,*,#4353,.T.);
#4353 = EDGE_CURVE('',#3769,#4354,#4356,.T.);
#4354 = VERTEX_POINT('',#4355);
#4355 = CARTESIAN_POINT('',(0.16,-4.92,8.54));
#4356 = LINE('',#4357,#4358);
#4357 = CARTESIAN_POINT('',(5.333333333333E-02,-5.026666666667,
    8.646666666667));
#4358 = VECTOR('',#4359,1.);
#4359 = DIRECTION('',(-0.57735026919,-0.57735026919,0.57735026919));
#4360 = ORIENTED_EDGE('',*,*,#4361,.F.);
#4361 = EDGE_CURVE('',#4345,#4354,#4362,.T.);
#4362 = LINE('',#4363,#4364);
#4363 = CARTESIAN_POINT('',(-0.32,-4.92,8.54));
#4364 = VECTOR('',#4365,1.);
#4365 = DIRECTION('',(1.,0.,0.));
#4366 = PLANE('',#4367);
#4367 = AXIS2_PLACEMENT_3D('',#4368,#4369,#4370);
#4368 = CARTESIAN_POINT('',(-0.32,-4.84,8.46));
#4369 = DIRECTION('',(1.735167508357E-18,0.707106781187,0.707106781187)
  );
#4370 = DIRECTION('',(-1.,1.226948711654E-18,1.226948711654E-18));
#4371 = ADVANCED_FACE('',(#4372),#4390,.F.);
#4372 = FACE_BOUND('',#4373,.F.);
#4373 = EDGE_LOOP('',(#4374,#4382,#4383,#4384));
#4374 = ORIENTED_EDGE('',*,*,#4375,.F.);
#4375 = EDGE_CURVE('',#3800,#4376,#4378,.T.);
#4376 = VERTEX_POINT('',#4377);
#4377 = CARTESIAN_POINT('',(-0.16,-5.24,8.54));
#4378 = LINE('',#4379,#4380);
#4379 = CARTESIAN_POINT('',(-0.266666666667,-5.346666666667,
    8.433333333333));
#4380 = VECTOR('',#4381,1.);
#4381 = DIRECTION('',(0.57735026919,0.57735026919,0.57735026919));
#4382 = ORIENTED_EDGE('',*,*,#3809,.T.);
#4383 = ORIENTED_EDGE('',*,*,#4344,.T.);
#4384 = ORIENTED_EDGE('',*,*,#4385,.F.);
#4385 = EDGE_CURVE('',#4376,#4345,#4386,.T.);
#4386 = LINE('',#4387,#4388);
#4387 = CARTESIAN_POINT('',(-0.16,-5.4,8.54));
#4388 = VECTOR('',#4389,1.);
#4389 = DIRECTION('',(0.,1.,0.));
#4390 = PLANE('',#4391);
#4391 = AXIS2_PLACEMENT_3D('',#4392,#4393,#4394);
#4392 = CARTESIAN_POINT('',(-0.24,-5.4,8.46));
#4393 = DIRECTION('',(0.707106781187,1.735167508357E-18,-0.707106781187)
  );
#4394 = DIRECTION('',(-1.226948711654E-18,1.,1.226948711654E-18));
#4395 = ADVANCED_FACE('',(#4396),#4414,.F.);
#4396 = FACE_BOUND('',#4397,.T.);
#4397 = EDGE_LOOP('',(#4398,#4399,#4400,#4408));
#4398 = ORIENTED_EDGE('',*,*,#4375,.F.);
#4399 = ORIENTED_EDGE('',*,*,#3833,.T.);
#4400 = ORIENTED_EDGE('',*,*,#4401,.T.);
#4401 = EDGE_CURVE('',#3824,#4402,#4404,.T.);
#4402 = VERTEX_POINT('',#4403);
#4403 = CARTESIAN_POINT('',(0.16,-5.24,8.54));
#4404 = LINE('',#4405,#4406);
#4405 = CARTESIAN_POINT('',(0.16,-5.24,8.54));
#4406 = VECTOR('',#4407,1.);
#4407 = DIRECTION('',(-0.57735026919,0.57735026919,0.57735026919));
#4408 = ORIENTED_EDGE('',*,*,#4409,.F.);
#4409 = EDGE_CURVE('',#4376,#4402,#4410,.T.);
#4410 = LINE('',#4411,#4412);
#4411 = CARTESIAN_POINT('',(-0.32,-5.24,8.54));
#4412 = VECTOR('',#4413,1.);
#4413 = DIRECTION('',(1.,0.,0.));
#4414 = PLANE('',#4415);
#4415 = AXIS2_PLACEMENT_3D('',#4416,#4417,#4418);
#4416 = CARTESIAN_POINT('',(-0.32,-5.32,8.46));
#4417 = DIRECTION('',(-1.735167508357E-18,0.707106781187,-0.707106781187
    ));
#4418 = DIRECTION('',(-1.,-1.226948711654E-18,1.226948711654E-18));
#4419 = ADVANCED_FACE('',(#4420),#4431,.T.);
#4420 = FACE_BOUND('',#4421,.T.);
#4421 = EDGE_LOOP('',(#4422,#4423,#4424,#4425));
#4422 = ORIENTED_EDGE('',*,*,#4401,.F.);
#4423 = ORIENTED_EDGE('',*,*,#3850,.T.);
#4424 = ORIENTED_EDGE('',*,*,#4353,.T.);
#4425 = ORIENTED_EDGE('',*,*,#4426,.F.);
#4426 = EDGE_CURVE('',#4402,#4354,#4427,.T.);
#4427 = LINE('',#4428,#4429);
#4428 = CARTESIAN_POINT('',(0.16,-5.4,8.54));
#4429 = VECTOR('',#4430,1.);
#4430 = DIRECTION('',(0.,1.,0.));
#4431 = PLANE('',#4432);
#4432 = AXIS2_PLACEMENT_3D('',#4433,#4434,#4435);
#4433 = CARTESIAN_POINT('',(0.24,-5.4,8.46));
#4434 = DIRECTION('',(0.707106781187,-1.735167508357E-18,0.707106781187)
  );
#4435 = DIRECTION('',(1.226948711654E-18,1.,1.226948711654E-18));
#4436 = ADVANCED_FACE('',(#4437),#4443,.F.);
#4437 = FACE_BOUND('',#4438,.F.);
#4438 = EDGE_LOOP('',(#4439,#4440,#4441,#4442));
#4439 = ORIENTED_EDGE('',*,*,#3905,.F.);
#4440 = ORIENTED_EDGE('',*,*,#3929,.F.);
#4441 = ORIENTED_EDGE('',*,*,#3946,.T.);
#4442 = ORIENTED_EDGE('',*,*,#3881,.T.);
#4443 = PLANE('',#4444);
#4444 = AXIS2_PLACEMENT_3D('',#4445,#4446,#4447);
#4445 = CARTESIAN_POINT('',(-0.32,-0.32,-3.));
#4446 = DIRECTION('',(0.,0.,1.));
#4447 = DIRECTION('',(1.,0.,-0.));
#4448 = ADVANCED_FACE('',(#4449),#4455,.F.);
#4449 = FACE_BOUND('',#4450,.F.);
#4450 = EDGE_LOOP('',(#4451,#4452,#4453,#4454));
#4451 = ORIENTED_EDGE('',*,*,#4025,.F.);
#4452 = ORIENTED_EDGE('',*,*,#4042,.F.);
#4453 = ORIENTED_EDGE('',*,*,#3977,.T.);
#4454 = ORIENTED_EDGE('',*,*,#4001,.T.);
#4455 = PLANE('',#4456);
#4456 = AXIS2_PLACEMENT_3D('',#4457,#4458,#4459);
#4457 = CARTESIAN_POINT('',(-0.32,-2.86,-3.));
#4458 = DIRECTION('',(0.,0.,1.));
#4459 = DIRECTION('',(1.,0.,-0.));
#4460 = ADVANCED_FACE('',(#4461),#4467,.F.);
#4461 = FACE_BOUND('',#4462,.F.);
#4462 = EDGE_LOOP('',(#4463,#4464,#4465,#4466));
#4463 = ORIENTED_EDGE('',*,*,#4073,.F.);
#4464 = ORIENTED_EDGE('',*,*,#4097,.F.);
#4465 = ORIENTED_EDGE('',*,*,#4121,.T.);
#4466 = ORIENTED_EDGE('',*,*,#4138,.T.);
#4467 = PLANE('',#4468);
#4468 = AXIS2_PLACEMENT_3D('',#4469,#4470,#4471);
#4469 = CARTESIAN_POINT('',(-0.32,-5.4,-3.));
#4470 = DIRECTION('',(0.,0.,1.));
#4471 = DIRECTION('',(1.,0.,-0.));
#4472 = ADVANCED_FACE('',(#4473),#4479,.T.);
#4473 = FACE_BOUND('',#4474,.T.);
#4474 = EDGE_LOOP('',(#4475,#4476,#4477,#4478));
#4475 = ORIENTED_EDGE('',*,*,#4234,.T.);
#4476 = ORIENTED_EDGE('',*,*,#4169,.T.);
#4477 = ORIENTED_EDGE('',*,*,#4193,.F.);
#4478 = ORIENTED_EDGE('',*,*,#4217,.F.);
#4479 = PLANE('',#4480);
#4480 = AXIS2_PLACEMENT_3D('',#4481,#4482,#4483);
#4481 = CARTESIAN_POINT('',(-0.32,-0.32,8.54));
#4482 = DIRECTION('',(0.,0.,1.));
#4483 = DIRECTION('',(1.,0.,-0.));
#4484 = ADVANCED_FACE('',(#4485),#4491,.T.);
#4485 = FACE_BOUND('',#4486,.T.);
#4486 = EDGE_LOOP('',(#4487,#4488,#4489,#4490));
#4487 = ORIENTED_EDGE('',*,*,#4265,.T.);
#4488 = ORIENTED_EDGE('',*,*,#4289,.T.);
#4489 = ORIENTED_EDGE('',*,*,#4313,.F.);
#4490 = ORIENTED_EDGE('',*,*,#4330,.F.);
#4491 = PLANE('',#4492);
#4492 = AXIS2_PLACEMENT_3D('',#4493,#4494,#4495);
#4493 = CARTESIAN_POINT('',(-0.32,-2.86,8.54));
#4494 = DIRECTION('',(0.,0.,1.));
#4495 = DIRECTION('',(1.,0.,-0.));
#4496 = ADVANCED_FACE('',(#4497),#4503,.T.);
#4497 = FACE_BOUND('',#4498,.T.);
#4498 = EDGE_LOOP('',(#4499,#4500,#4501,#4502));
#4499 = ORIENTED_EDGE('',*,*,#4409,.T.);
#4500 = ORIENTED_EDGE('',*,*,#4426,.T.);
#4501 = ORIENTED_EDGE('',*,*,#4361,.F.);
#4502 = ORIENTED_EDGE('',*,*,#4385,.F.);
#4503 = PLANE('',#4504);
#4504 = AXIS2_PLACEMENT_3D('',#4505,#4506,#4507);
#4505 = CARTESIAN_POINT('',(-0.32,-5.4,8.54));
#4506 = DIRECTION('',(0.,0.,1.));
#4507 = DIRECTION('',(1.,0.,-0.));
#4508 = ( GEOMETRIC_REPRESENTATION_CONTEXT(3) 
GLOBAL_UNCERTAINTY_ASSIGNED_CONTEXT((#4512)) 
GLOBAL_UNIT_ASSIGNED_CONTEXT((#4509,#4510,#4511)) REPRESENTATION_CONTEXT
('Context #1','3D Context with UNIT and UNCERTAINTY') );
#4509 = ( LENGTH_UNIT() NAMED_UNIT(*) SI_UNIT(.MILLI.,.METRE.) );
#4510 = ( NAMED_UNIT(*) PLANE_ANGLE_UNIT() SI_UNIT($,.RADIAN.) );
#4511 = ( NAMED_UNIT(*) SI_UNIT($,.STERADIAN.) SOLID_ANGLE_UNIT() );
#4512 = UNCERTAINTY_MEASURE_WITH_UNIT(LENGTH_MEASURE(1.E-07),#4509,
  'distance_accuracy_value','confusion accuracy');
#4513 = CONTEXT_DEPENDENT_SHAPE_REPRESENTATION(#4514,#4516);
#4514 = ( REPRESENTATION_RELATIONSHIP('','',#2401,#10) 
REPRESENTATION_RELATIONSHIP_WITH_TRANSFORMATION(#4515) 
SHAPE_REPRESENTATION_RELATIONSHIP() );
#4515 = ITEM_DEFINED_TRANSFORMATION('','',#11,#27);
#4516 = PRODUCT_DEFINITION_SHAPE('Placement','Placement of an item',
  #4517);
#4517 = NEXT_ASSEMBLY_USAGE_OCCURRENCE('4','DFRobot_SEN0193','',#5,#2396
  ,$);
#4518 = PRODUCT_RELATED_PRODUCT_CATEGORY('part',$,(#2398));
#4519 = CONTEXT_DEPENDENT_SHAPE_REPRESENTATION(#4520,#4522);
#4520 = ( REPRESENTATION_RELATIONSHIP('','',#72,#10) 
REPRESENTATION_RELATIONSHIP_WITH_TRANSFORMATION(#4521) 
SHAPE_REPRESENTATION_RELATIONSHIP() );
#4521 = ITEM_DEFINED_TRANSFORMATION('','',#11,#31);
#4522 = PRODUCT_DEFINITION_SHAPE('Placement','Placement of an item',
  #4523);
#4523 = NEXT_ASSEMBLY_USAGE_OCCURRENCE('5','R2','',#5,#67,$);
#4524 = CONTEXT_DEPENDENT_SHAPE_REPRESENTATION(#4525,#4527);
#4525 = ( REPRESENTATION_RELATIONSHIP('','',#72,#10) 
REPRESENTATION_RELATIONSHIP_WITH_TRANSFORMATION(#4526) 
SHAPE_REPRESENTATION_RELATIONSHIP() );
#4526 = ITEM_DEFINED_TRANSFORMATION('','',#11,#35);
#4527 = PRODUCT_DEFINITION_SHAPE('Placement','Placement of an item',
  #4528);
#4528 = NEXT_ASSEMBLY_USAGE_OCCURRENCE('6','R3','',#5,#67,$);
#4529 = CONTEXT_DEPENDENT_SHAPE_REPRESENTATION(#4530,#4532);
#4530 = ( REPRESENTATION_RELATIONSHIP('','',#72,#10) 
REPRESENTATION_RELATIONSHIP_WITH_TRANSFORMATION(#4531) 
SHAPE_REPRESENTATION_RELATIONSHIP() );
#4531 = ITEM_DEFINED_TRANSFORMATION('','',#11,#39);
#4532 = PRODUCT_DEFINITION_SHAPE('Placement','Placement of an item',
  #4533);
#4533 = NEXT_ASSEMBLY_USAGE_OCCURRENCE('7','R1','',#5,#67,$);
#4534 = SHAPE_DEFINITION_REPRESENTATION(#4535,#4541);
#4535 = PRODUCT_DEFINITION_SHAPE('','',#4536);
#4536 = PRODUCT_DEFINITION('design','',#4537,#4540);
#4537 = PRODUCT_DEFINITION_FORMATION('','',#4538);
#4538 = PRODUCT('PinHeader_1x05_P2.54mm_Vertical',
  'PinHeader_1x05_P2.54mm_Vertical','',(#4539));
#4539 = PRODUCT_CONTEXT('',#2,'mechanical');
#4540 = PRODUCT_DEFINITION_CONTEXT('part definition',#2,'design');
#4541 = ADVANCED_BREP_SHAPE_REPRESENTATION('',(#11,#4542),#7996);
#4542 = MANIFOLD_SOLID_BREP('',#4543);
#4543 = CLOSED_SHELL('',(#4544,#4584,#4615,#4646,#5057,#5468,#5485,#5502
    ,#5519,#5536,#5553,#5570,#5587,#5604,#5621,#5638,#5655,#5672,#5689,
    #5706,#5723,#5740,#5757,#5774,#5791,#5808,#5825,#5842,#5859,#5876,
    #5893,#5910,#5927,#5944,#5956,#5987,#6011,#6035,#6052,#6083,#6107,
    #6131,#6148,#6179,#6203,#6227,#6244,#6275,#6299,#6323,#6340,#6371,
    #6395,#6419,#6436,#6467,#6491,#6515,#6532,#6563,#6587,#6611,#6628,
    #6659,#6683,#6707,#6724,#6755,#6779,#6803,#6820,#6851,#6875,#6899,
    #6916,#6947,#6971,#6995,#7012,#7043,#7067,#7091,#7108,#7139,#7163,
    #7187,#7204,#7235,#7259,#7283,#7300,#7331,#7355,#7379,#7396,#7427,
    #7451,#7475,#7492,#7523,#7547,#7571,#7588,#7619,#7643,#7667,#7684,
    #7715,#7739,#7763,#7780,#7811,#7835,#7859,#7876,#7888,#7900,#7912,
    #7924,#7936,#7948,#7960,#7972,#7984));
#4544 = ADVANCED_FACE('',(#4545),#4579,.F.);
#4545 = FACE_BOUND('',#4546,.F.);
#4546 = EDGE_LOOP('',(#4547,#4557,#4565,#4573));
#4547 = ORIENTED_EDGE('',*,*,#4548,.T.);
#4548 = EDGE_CURVE('',#4549,#4551,#4553,.T.);
#4549 = VERTEX_POINT('',#4550);
#4550 = CARTESIAN_POINT('',(-1.016,1.27,0.));
#4551 = VERTEX_POINT('',#4552);
#4552 = CARTESIAN_POINT('',(-1.016,1.27,2.54));
#4553 = LINE('',#4554,#4555);
#4554 = CARTESIAN_POINT('',(-1.016,1.27,0.));
#4555 = VECTOR('',#4556,1.);
#4556 = DIRECTION('',(0.,0.,1.));
#4557 = ORIENTED_EDGE('',*,*,#4558,.T.);
#4558 = EDGE_CURVE('',#4551,#4559,#4561,.T.);
#4559 = VERTEX_POINT('',#4560);
#4560 = CARTESIAN_POINT('',(-1.27,1.016,2.54));
#4561 = LINE('',#4562,#4563);
#4562 = CARTESIAN_POINT('',(-1.016,1.27,2.54));
#4563 = VECTOR('',#4564,1.);
#4564 = DIRECTION('',(-0.707106781187,-0.707106781187,0.));
#4565 = ORIENTED_EDGE('',*,*,#4566,.F.);
#4566 = EDGE_CURVE('',#4567,#4559,#4569,.T.);
#4567 = VERTEX_POINT('',#4568);
#4568 = CARTESIAN_POINT('',(-1.27,1.016,0.));
#4569 = LINE('',#4570,#4571);
#4570 = CARTESIAN_POINT('',(-1.27,1.016,0.));
#4571 = VECTOR('',#4572,1.);
#4572 = DIRECTION('',(0.,0.,1.));
#4573 = ORIENTED_EDGE('',*,*,#4574,.F.);
#4574 = EDGE_CURVE('',#4549,#4567,#4575,.T.);
#4575 = LINE('',#4576,#4577);
#4576 = CARTESIAN_POINT('',(-1.016,1.27,0.));
#4577 = VECTOR('',#4578,1.);
#4578 = DIRECTION('',(-0.707106781187,-0.707106781187,0.));
#4579 = PLANE('',#4580);
#4580 = AXIS2_PLACEMENT_3D('',#4581,#4582,#4583);
#4581 = CARTESIAN_POINT('',(-1.016,1.27,0.));
#4582 = DIRECTION('',(0.707106781187,-0.707106781187,0.));
#4583 = DIRECTION('',(-0.707106781187,-0.707106781187,0.));
#4584 = ADVANCED_FACE('',(#4585),#4610,.F.);
#4585 = FACE_BOUND('',#4586,.F.);
#4586 = EDGE_LOOP('',(#4587,#4597,#4603,#4604));
#4587 = ORIENTED_EDGE('',*,*,#4588,.T.);
#4588 = EDGE_CURVE('',#4589,#4591,#4593,.T.);
#4589 = VERTEX_POINT('',#4590);
#4590 = CARTESIAN_POINT('',(1.016,1.27,0.));
#4591 = VERTEX_POINT('',#4592);
#4592 = CARTESIAN_POINT('',(1.016,1.27,2.54));
#4593 = LINE('',#4594,#4595);
#4594 = CARTESIAN_POINT('',(1.016,1.27,0.));
#4595 = VECTOR('',#4596,1.);
#4596 = DIRECTION('',(0.,0.,1.));
#4597 = ORIENTED_EDGE('',*,*,#4598,.T.);
#4598 = EDGE_CURVE('',#4591,#4551,#4599,.T.);
#4599 = LINE('',#4600,#4601);
#4600 = CARTESIAN_POINT('',(1.016,1.27,2.54));
#4601 = VECTOR('',#4602,1.);
#4602 = DIRECTION('',(-1.,0.,0.));
#4603 = ORIENTED_EDGE('',*,*,#4548,.F.);
#4604 = ORIENTED_EDGE('',*,*,#4605,.F.);
#4605 = EDGE_CURVE('',#4589,#4549,#4606,.T.);
#4606 = LINE('',#4607,#4608);
#4607 = CARTESIAN_POINT('',(1.016,1.27,0.));
#4608 = VECTOR('',#4609,1.);
#4609 = DIRECTION('',(-1.,0.,0.));
#4610 = PLANE('',#4611);
#4611 = AXIS2_PLACEMENT_3D('',#4612,#4613,#4614);
#4612 = CARTESIAN_POINT('',(1.016,1.27,0.));
#4613 = DIRECTION('',(0.,-1.,0.));
#4614 = DIRECTION('',(-1.,0.,0.));
#4615 = ADVANCED_FACE('',(#4616),#4641,.F.);
#4616 = FACE_BOUND('',#4617,.F.);
#4617 = EDGE_LOOP('',(#4618,#4619,#4627,#4635));
#4618 = ORIENTED_EDGE('',*,*,#4566,.T.);
#4619 = ORIENTED_EDGE('',*,*,#4620,.T.);
#4620 = EDGE_CURVE('',#4559,#4621,#4623,.T.);
#4621 = VERTEX_POINT('',#4622);
#4622 = CARTESIAN_POINT('',(-1.27,-1.016,2.54));
#4623 = LINE('',#4624,#4625);
#4624 = CARTESIAN_POINT('',(-1.27,1.016,2.54));
#4625 = VECTOR('',#4626,1.);
#4626 = DIRECTION('',(0.,-1.,0.));
#4627 = ORIENTED_EDGE('',*,*,#4628,.F.);
#4628 = EDGE_CURVE('',#4629,#4621,#4631,.T.);
#4629 = VERTEX_POINT('',#4630);
#4630 = CARTESIAN_POINT('',(-1.27,-1.016,0.));
#4631 = LINE('',#4632,#4633);
#4632 = CARTESIAN_POINT('',(-1.27,-1.016,0.));
#4633 = VECTOR('',#4634,1.);
#4634 = DIRECTION('',(0.,0.,1.));
#4635 = ORIENTED_EDGE('',*,*,#4636,.F.);
#4636 = EDGE_CURVE('',#4567,#4629,#4637,.T.);
#4637 = LINE('',#4638,#4639);
#4638 = CARTESIAN_POINT('',(-1.27,1.016,0.));
#4639 = VECTOR('',#4640,1.);
#4640 = DIRECTION('',(0.,-1.,0.));
#4641 = PLANE('',#4642);
#4642 = AXIS2_PLACEMENT_3D('',#4643,#4644,#4645);
#4643 = CARTESIAN_POINT('',(-1.27,1.016,0.));
#4644 = DIRECTION('',(1.,0.,0.));
#4645 = DIRECTION('',(0.,-1.,0.));
#4646 = ADVANCED_FACE('',(#4647,#4882,#4916,#4950,#4984,#5018),#5052,.F.
  );
#4647 = FACE_BOUND('',#4648,.F.);
#4648 = EDGE_LOOP('',(#4649,#4650,#4651,#4659,#4667,#4675,#4683,#4691,
    #4699,#4707,#4715,#4723,#4731,#4739,#4747,#4755,#4763,#4771,#4779,
    #4787,#4795,#4803,#4811,#4819,#4827,#4835,#4843,#4851,#4859,#4867,
    #4875,#4881));
#4649 = ORIENTED_EDGE('',*,*,#4574,.T.);
#4650 = ORIENTED_EDGE('',*,*,#4636,.T.);
#4651 = ORIENTED_EDGE('',*,*,#4652,.T.);
#4652 = EDGE_CURVE('',#4629,#4653,#4655,.T.);
#4653 = VERTEX_POINT('',#4654);
#4654 = CARTESIAN_POINT('',(-1.016,-1.27,0.));
#4655 = LINE('',#4656,#4657);
#4656 = CARTESIAN_POINT('',(-1.27,-1.016,0.));
#4657 = VECTOR('',#4658,1.);
#4658 = DIRECTION('',(0.707106781187,-0.707106781187,0.));
#4659 = ORIENTED_EDGE('',*,*,#4660,.T.);
#4660 = EDGE_CURVE('',#4653,#4661,#4663,.T.);
#4661 = VERTEX_POINT('',#4662);
#4662 = CARTESIAN_POINT('',(-1.27,-1.524,0.));
#4663 = LINE('',#4664,#4665);
#4664 = CARTESIAN_POINT('',(-1.016,-1.27,0.));
#4665 = VECTOR('',#4666,1.);
#4666 = DIRECTION('',(-0.707106781187,-0.707106781187,0.));
#4667 = ORIENTED_EDGE('',*,*,#4668,.T.);
#4668 = EDGE_CURVE('',#4661,#4669,#4671,.T.);
#4669 = VERTEX_POINT('',#4670);
#4670 = CARTESIAN_POINT('',(-1.27,-3.556,0.));
#4671 = LINE('',#4672,#4673);
#4672 = CARTESIAN_POINT('',(-1.27,-1.524,0.));
#4673 = VECTOR('',#4674,1.);
#4674 = DIRECTION('',(0.,-1.,0.));
#4675 = ORIENTED_EDGE('',*,*,#4676,.T.);
#4676 = EDGE_CURVE('',#4669,#4677,#4679,.T.);
#4677 = VERTEX_POINT('',#4678);
#4678 = CARTESIAN_POINT('',(-1.016,-3.81,0.));
#4679 = LINE('',#4680,#4681);
#4680 = CARTESIAN_POINT('',(-1.27,-3.556,0.));
#4681 = VECTOR('',#4682,1.);
#4682 = DIRECTION('',(0.707106781187,-0.707106781187,0.));
#4683 = ORIENTED_EDGE('',*,*,#4684,.T.);
#4684 = EDGE_CURVE('',#4677,#4685,#4687,.T.);
#4685 = VERTEX_POINT('',#4686);
#4686 = CARTESIAN_POINT('',(-1.27,-4.064,0.));
#4687 = LINE('',#4688,#4689);
#4688 = CARTESIAN_POINT('',(-1.016,-3.81,0.));
#4689 = VECTOR('',#4690,1.);
#4690 = DIRECTION('',(-0.707106781187,-0.707106781187,0.));
#4691 = ORIENTED_EDGE('',*,*,#4692,.T.);
#4692 = EDGE_CURVE('',#4685,#4693,#4695,.T.);
#4693 = VERTEX_POINT('',#4694);
#4694 = CARTESIAN_POINT('',(-1.27,-6.096,0.));
#4695 = LINE('',#4696,#4697);
#4696 = CARTESIAN_POINT('',(-1.27,-4.064,0.));
#4697 = VECTOR('',#4698,1.);
#4698 = DIRECTION('',(0.,-1.,0.));
#4699 = ORIENTED_EDGE('',*,*,#4700,.T.);
#4700 = EDGE_CURVE('',#4693,#4701,#4703,.T.);
#4701 = VERTEX_POINT('',#4702);
#4702 = CARTESIAN_POINT('',(-1.016,-6.35,0.));
#4703 = LINE('',#4704,#4705);
#4704 = CARTESIAN_POINT('',(-1.27,-6.096,0.));
#4705 = VECTOR('',#4706,1.);
#4706 = DIRECTION('',(0.707106781187,-0.707106781187,0.));
#4707 = ORIENTED_EDGE('',*,*,#4708,.T.);
#4708 = EDGE_CURVE('',#4701,#4709,#4711,.T.);
#4709 = VERTEX_POINT('',#4710);
#4710 = CARTESIAN_POINT('',(-1.27,-6.604,0.));
#4711 = LINE('',#4712,#4713);
#4712 = CARTESIAN_POINT('',(-1.016,-6.35,0.));
#4713 = VECTOR('',#4714,1.);
#4714 = DIRECTION('',(-0.707106781187,-0.707106781187,0.));
#4715 = ORIENTED_EDGE('',*,*,#4716,.T.);
#4716 = EDGE_CURVE('',#4709,#4717,#4719,.T.);
#4717 = VERTEX_POINT('',#4718);
#4718 = CARTESIAN_POINT('',(-1.27,-8.636,0.));
#4719 = LINE('',#4720,#4721);
#4720 = CARTESIAN_POINT('',(-1.27,-6.604,0.));
#4721 = VECTOR('',#4722,1.);
#4722 = DIRECTION('',(0.,-1.,0.));
#4723 = ORIENTED_EDGE('',*,*,#4724,.T.);
#4724 = EDGE_CURVE('',#4717,#4725,#4727,.T.);
#4725 = VERTEX_POINT('',#4726);
#4726 = CARTESIAN_POINT('',(-1.016,-8.89,0.));
#4727 = LINE('',#4728,#4729);
#4728 = CARTESIAN_POINT('',(-1.27,-8.636,0.));
#4729 = VECTOR('',#4730,1.);
#4730 = DIRECTION('',(0.707106781187,-0.707106781187,0.));
#4731 = ORIENTED_EDGE('',*,*,#4732,.T.);
#4732 = EDGE_CURVE('',#4725,#4733,#4735,.T.);
#4733 = VERTEX_POINT('',#4734);
#4734 = CARTESIAN_POINT('',(-1.27,-9.144,0.));
#4735 = LINE('',#4736,#4737);
#4736 = CARTESIAN_POINT('',(-1.016,-8.89,0.));
#4737 = VECTOR('',#4738,1.);
#4738 = DIRECTION('',(-0.707106781187,-0.707106781187,0.));
#4739 = ORIENTED_EDGE('',*,*,#4740,.T.);
#4740 = EDGE_CURVE('',#4733,#4741,#4743,.T.);
#4741 = VERTEX_POINT('',#4742);
#4742 = CARTESIAN_POINT('',(-1.27,-11.176,0.));
#4743 = LINE('',#4744,#4745);
#4744 = CARTESIAN_POINT('',(-1.27,-9.144,0.));
#4745 = VECTOR('',#4746,1.);
#4746 = DIRECTION('',(0.,-1.,0.));
#4747 = ORIENTED_EDGE('',*,*,#4748,.T.);
#4748 = EDGE_CURVE('',#4741,#4749,#4751,.T.);
#4749 = VERTEX_POINT('',#4750);
#4750 = CARTESIAN_POINT('',(-1.016,-11.43,0.));
#4751 = LINE('',#4752,#4753);
#4752 = CARTESIAN_POINT('',(-1.27,-11.176,0.));
#4753 = VECTOR('',#4754,1.);
#4754 = DIRECTION('',(0.707106781187,-0.707106781187,0.));
#4755 = ORIENTED_EDGE('',*,*,#4756,.T.);
#4756 = EDGE_CURVE('',#4749,#4757,#4759,.T.);
#4757 = VERTEX_POINT('',#4758);
#4758 = CARTESIAN_POINT('',(1.016,-11.43,0.));
#4759 = LINE('',#4760,#4761);
#4760 = CARTESIAN_POINT('',(-1.016,-11.43,0.));
#4761 = VECTOR('',#4762,1.);
#4762 = DIRECTION('',(1.,0.,0.));
#4763 = ORIENTED_EDGE('',*,*,#4764,.T.);
#4764 = EDGE_CURVE('',#4757,#4765,#4767,.T.);
#4765 = VERTEX_POINT('',#4766);
#4766 = CARTESIAN_POINT('',(1.27,-11.176,0.));
#4767 = LINE('',#4768,#4769);
#4768 = CARTESIAN_POINT('',(1.016,-11.43,0.));
#4769 = VECTOR('',#4770,1.);
#4770 = DIRECTION('',(0.707106781187,0.707106781187,0.));
#4771 = ORIENTED_EDGE('',*,*,#4772,.T.);
#4772 = EDGE_CURVE('',#4765,#4773,#4775,.T.);
#4773 = VERTEX_POINT('',#4774);
#4774 = CARTESIAN_POINT('',(1.27,-9.144,0.));
#4775 = LINE('',#4776,#4777);
#4776 = CARTESIAN_POINT('',(1.27,-11.176,0.));
#4777 = VECTOR('',#4778,1.);
#4778 = DIRECTION('',(0.,1.,0.));
#4779 = ORIENTED_EDGE('',*,*,#4780,.T.);
#4780 = EDGE_CURVE('',#4773,#4781,#4783,.T.);
#4781 = VERTEX_POINT('',#4782);
#4782 = CARTESIAN_POINT('',(1.016,-8.89,0.));
#4783 = LINE('',#4784,#4785);
#4784 = CARTESIAN_POINT('',(1.27,-9.144,0.));
#4785 = VECTOR('',#4786,1.);
#4786 = DIRECTION('',(-0.707106781187,0.707106781187,0.));
#4787 = ORIENTED_EDGE('',*,*,#4788,.T.);
#4788 = EDGE_CURVE('',#4781,#4789,#4791,.T.);
#4789 = VERTEX_POINT('',#4790);
#4790 = CARTESIAN_POINT('',(1.27,-8.636,0.));
#4791 = LINE('',#4792,#4793);
#4792 = CARTESIAN_POINT('',(1.016,-8.89,0.));
#4793 = VECTOR('',#4794,1.);
#4794 = DIRECTION('',(0.707106781187,0.707106781187,0.));
#4795 = ORIENTED_EDGE('',*,*,#4796,.T.);
#4796 = EDGE_CURVE('',#4789,#4797,#4799,.T.);
#4797 = VERTEX_POINT('',#4798);
#4798 = CARTESIAN_POINT('',(1.27,-6.604,0.));
#4799 = LINE('',#4800,#4801);
#4800 = CARTESIAN_POINT('',(1.27,-8.636,0.));
#4801 = VECTOR('',#4802,1.);
#4802 = DIRECTION('',(0.,1.,0.));
#4803 = ORIENTED_EDGE('',*,*,#4804,.T.);
#4804 = EDGE_CURVE('',#4797,#4805,#4807,.T.);
#4805 = VERTEX_POINT('',#4806);
#4806 = CARTESIAN_POINT('',(1.016,-6.35,0.));
#4807 = LINE('',#4808,#4809);
#4808 = CARTESIAN_POINT('',(1.27,-6.604,0.));
#4809 = VECTOR('',#4810,1.);
#4810 = DIRECTION('',(-0.707106781187,0.707106781187,0.));
#4811 = ORIENTED_EDGE('',*,*,#4812,.T.);
#4812 = EDGE_CURVE('',#4805,#4813,#4815,.T.);
#4813 = VERTEX_POINT('',#4814);
#4814 = CARTESIAN_POINT('',(1.27,-6.096,0.));
#4815 = LINE('',#4816,#4817);
#4816 = CARTESIAN_POINT('',(1.016,-6.35,0.));
#4817 = VECTOR('',#4818,1.);
#4818 = DIRECTION('',(0.707106781187,0.707106781187,0.));
#4819 = ORIENTED_EDGE('',*,*,#4820,.T.);
#4820 = EDGE_CURVE('',#4813,#4821,#4823,.T.);
#4821 = VERTEX_POINT('',#4822);
#4822 = CARTESIAN_POINT('',(1.27,-4.064,0.));
#4823 = LINE('',#4824,#4825);
#4824 = CARTESIAN_POINT('',(1.27,-6.096,0.));
#4825 = VECTOR('',#4826,1.);
#4826 = DIRECTION('',(0.,1.,0.));
#4827 = ORIENTED_EDGE('',*,*,#4828,.T.);
#4828 = EDGE_CURVE('',#4821,#4829,#4831,.T.);
#4829 = VERTEX_POINT('',#4830);
#4830 = CARTESIAN_POINT('',(1.016,-3.81,0.));
#4831 = LINE('',#4832,#4833);
#4832 = CARTESIAN_POINT('',(1.27,-4.064,0.));
#4833 = VECTOR('',#4834,1.);
#4834 = DIRECTION('',(-0.707106781187,0.707106781187,0.));
#4835 = ORIENTED_EDGE('',*,*,#4836,.T.);
#4836 = EDGE_CURVE('',#4829,#4837,#4839,.T.);
#4837 = VERTEX_POINT('',#4838);
#4838 = CARTESIAN_POINT('',(1.27,-3.556,0.));
#4839 = LINE('',#4840,#4841);
#4840 = CARTESIAN_POINT('',(1.016,-3.81,0.));
#4841 = VECTOR('',#4842,1.);
#4842 = DIRECTION('',(0.707106781187,0.707106781187,0.));
#4843 = ORIENTED_EDGE('',*,*,#4844,.T.);
#4844 = EDGE_CURVE('',#4837,#4845,#4847,.T.);
#4845 = VERTEX_POINT('',#4846);
#4846 = CARTESIAN_POINT('',(1.27,-1.524,0.));
#4847 = LINE('',#4848,#4849);
#4848 = CARTESIAN_POINT('',(1.27,-3.556,0.));
#4849 = VECTOR('',#4850,1.);
#4850 = DIRECTION('',(0.,1.,0.));
#4851 = ORIENTED_EDGE('',*,*,#4852,.T.);
#4852 = EDGE_CURVE('',#4845,#4853,#4855,.T.);
#4853 = VERTEX_POINT('',#4854);
#4854 = CARTESIAN_POINT('',(1.016,-1.27,0.));
#4855 = LINE('',#4856,#4857);
#4856 = CARTESIAN_POINT('',(1.27,-1.524,0.));
#4857 = VECTOR('',#4858,1.);
#4858 = DIRECTION('',(-0.707106781187,0.707106781187,0.));
#4859 = ORIENTED_EDGE('',*,*,#4860,.T.);
#4860 = EDGE_CURVE('',#4853,#4861,#4863,.T.);
#4861 = VERTEX_POINT('',#4862);
#4862 = CARTESIAN_POINT('',(1.27,-1.016,0.));
#4863 = LINE('',#4864,#4865);
#4864 = CARTESIAN_POINT('',(1.016,-1.27,0.));
#4865 = VECTOR('',#4866,1.);
#4866 = DIRECTION('',(0.707106781187,0.707106781187,0.));
#4867 = ORIENTED_EDGE('',*,*,#4868,.T.);
#4868 = EDGE_CURVE('',#4861,#4869,#4871,.T.);
#4869 = VERTEX_POINT('',#4870);
#4870 = CARTESIAN_POINT('',(1.27,1.016,0.));
#4871 = LINE('',#4872,#4873);
#4872 = CARTESIAN_POINT('',(1.27,-1.016,0.));
#4873 = VECTOR('',#4874,1.);
#4874 = DIRECTION('',(0.,1.,0.));
#4875 = ORIENTED_EDGE('',*,*,#4876,.T.);
#4876 = EDGE_CURVE('',#4869,#4589,#4877,.T.);
#4877 = LINE('',#4878,#4879);
#4878 = CARTESIAN_POINT('',(1.27,1.016,0.));
#4879 = VECTOR('',#4880,1.);
#4880 = DIRECTION('',(-0.707106781187,0.707106781187,0.));
#4881 = ORIENTED_EDGE('',*,*,#4605,.T.);
#4882 = FACE_BOUND('',#4883,.F.);
#4883 = EDGE_LOOP('',(#4884,#4894,#4902,#4910));
#4884 = ORIENTED_EDGE('',*,*,#4885,.F.);
#4885 = EDGE_CURVE('',#4886,#4888,#4890,.T.);
#4886 = VERTEX_POINT('',#4887);
#4887 = CARTESIAN_POINT('',(0.32,-0.32,0.));
#4888 = VERTEX_POINT('',#4889);
#4889 = CARTESIAN_POINT('',(0.32,0.32,0.));
#4890 = LINE('',#4891,#4892);
#4891 = CARTESIAN_POINT('',(0.32,-2.7,0.));
#4892 = VECTOR('',#4893,1.);
#4893 = DIRECTION('',(0.,1.,0.));
#4894 = ORIENTED_EDGE('',*,*,#4895,.T.);
#4895 = EDGE_CURVE('',#4886,#4896,#4898,.T.);
#4896 = VERTEX_POINT('',#4897);
#4897 = CARTESIAN_POINT('',(-0.32,-0.32,0.));
#4898 = LINE('',#4899,#4900);
#4899 = CARTESIAN_POINT('',(-0.16,-0.32,0.));
#4900 = VECTOR('',#4901,1.);
#4901 = DIRECTION('',(-1.,0.,0.));
#4902 = ORIENTED_EDGE('',*,*,#4903,.T.);
#4903 = EDGE_CURVE('',#4896,#4904,#4906,.T.);
#4904 = VERTEX_POINT('',#4905);
#4905 = CARTESIAN_POINT('',(-0.32,0.32,0.));
#4906 = LINE('',#4907,#4908);
#4907 = CARTESIAN_POINT('',(-0.32,-2.7,0.));
#4908 = VECTOR('',#4909,1.);
#4909 = DIRECTION('',(0.,1.,0.));
#4910 = ORIENTED_EDGE('',*,*,#4911,.F.);
#4911 = EDGE_CURVE('',#4888,#4904,#4912,.T.);
#4912 = LINE('',#4913,#4914);
#4913 = CARTESIAN_POINT('',(-0.16,0.32,0.));
#4914 = VECTOR('',#4915,1.);
#4915 = DIRECTION('',(-1.,0.,0.));
#4916 = FACE_BOUND('',#4917,.F.);
#4917 = EDGE_LOOP('',(#4918,#4928,#4936,#4944));
#4918 = ORIENTED_EDGE('',*,*,#4919,.F.);
#4919 = EDGE_CURVE('',#4920,#4922,#4924,.T.);
#4920 = VERTEX_POINT('',#4921);
#4921 = CARTESIAN_POINT('',(0.32,-2.22,0.));
#4922 = VERTEX_POINT('',#4923);
#4923 = CARTESIAN_POINT('',(-0.32,-2.22,0.));
#4924 = LINE('',#4925,#4926);
#4925 = CARTESIAN_POINT('',(-0.16,-2.22,0.));
#4926 = VECTOR('',#4927,1.);
#4927 = DIRECTION('',(-1.,0.,0.));
#4928 = ORIENTED_EDGE('',*,*,#4929,.F.);
#4929 = EDGE_CURVE('',#4930,#4920,#4932,.T.);
#4930 = VERTEX_POINT('',#4931);
#4931 = CARTESIAN_POINT('',(0.32,-2.86,0.));
#4932 = LINE('',#4933,#4934);
#4933 = CARTESIAN_POINT('',(0.32,-3.97,0.));
#4934 = VECTOR('',#4935,1.);
#4935 = DIRECTION('',(0.,1.,0.));
#4936 = ORIENTED_EDGE('',*,*,#4937,.T.);
#4937 = EDGE_CURVE('',#4930,#4938,#4940,.T.);
#4938 = VERTEX_POINT('',#4939);
#4939 = CARTESIAN_POINT('',(-0.32,-2.86,0.));
#4940 = LINE('',#4941,#4942);
#4941 = CARTESIAN_POINT('',(-0.16,-2.86,0.));
#4942 = VECTOR('',#4943,1.);
#4943 = DIRECTION('',(-1.,0.,0.));
#4944 = ORIENTED_EDGE('',*,*,#4945,.T.);
#4945 = EDGE_CURVE('',#4938,#4922,#4946,.T.);
#4946 = LINE('',#4947,#4948);
#4947 = CARTESIAN_POINT('',(-0.32,-3.97,0.));
#4948 = VECTOR('',#4949,1.);
#4949 = DIRECTION('',(0.,1.,0.));
#4950 = FACE_BOUND('',#4951,.F.);
#4951 = EDGE_LOOP('',(#4952,#4962,#4970,#4978));
#4952 = ORIENTED_EDGE('',*,*,#4953,.F.);
#4953 = EDGE_CURVE('',#4954,#4956,#4958,.T.);
#4954 = VERTEX_POINT('',#4955);
#4955 = CARTESIAN_POINT('',(0.32,-4.76,0.));
#4956 = VERTEX_POINT('',#4957);
#4957 = CARTESIAN_POINT('',(-0.32,-4.76,0.));
#4958 = LINE('',#4959,#4960);
#4959 = CARTESIAN_POINT('',(-0.16,-4.76,0.));
#4960 = VECTOR('',#4961,1.);
#4961 = DIRECTION('',(-1.,0.,0.));
#4962 = ORIENTED_EDGE('',*,*,#4963,.F.);
#4963 = EDGE_CURVE('',#4964,#4954,#4966,.T.);
#4964 = VERTEX_POINT('',#4965);
#4965 = CARTESIAN_POINT('',(0.32,-5.4,0.));
#4966 = LINE('',#4967,#4968);
#4967 = CARTESIAN_POINT('',(0.32,-5.24,0.));
#4968 = VECTOR('',#4969,1.);
#4969 = DIRECTION('',(0.,1.,0.));
#4970 = ORIENTED_EDGE('',*,*,#4971,.T.);
#4971 = EDGE_CURVE('',#4964,#4972,#4974,.T.);
#4972 = VERTEX_POINT('',#4973);
#4973 = CARTESIAN_POINT('',(-0.32,-5.4,0.));
#4974 = LINE('',#4975,#4976);
#4975 = CARTESIAN_POINT('',(-0.16,-5.4,0.));
#4976 = VECTOR('',#4977,1.);
#4977 = DIRECTION('',(-1.,0.,0.));
#4978 = ORIENTED_EDGE('',*,*,#4979,.T.);
#4979 = EDGE_CURVE('',#4972,#4956,#4980,.T.);
#4980 = LINE('',#4981,#4982);
#4981 = CARTESIAN_POINT('',(-0.32,-5.24,0.));
#4982 = VECTOR('',#4983,1.);
#4983 = DIRECTION('',(0.,1.,0.));
#4984 = FACE_BOUND('',#4985,.F.);
#4985 = EDGE_LOOP('',(#4986,#4996,#5004,#5012));
#4986 = ORIENTED_EDGE('',*,*,#4987,.F.);
#4987 = EDGE_CURVE('',#4988,#4990,#4992,.T.);
#4988 = VERTEX_POINT('',#4989);
#4989 = CARTESIAN_POINT('',(0.32,-9.84,0.));
#4990 = VERTEX_POINT('',#4991);
#4991 = CARTESIAN_POINT('',(-0.32,-9.84,0.));
#4992 = LINE('',#4993,#4994);
#4993 = CARTESIAN_POINT('',(-0.16,-9.84,0.));
#4994 = VECTOR('',#4995,1.);
#4995 = DIRECTION('',(-1.,0.,0.));
#4996 = ORIENTED_EDGE('',*,*,#4997,.F.);
#4997 = EDGE_CURVE('',#4998,#4988,#5000,.T.);
#4998 = VERTEX_POINT('',#4999);
#4999 = CARTESIAN_POINT('',(0.32,-10.48,0.));
#5000 = LINE('',#5001,#5002);
#5001 = CARTESIAN_POINT('',(0.32,-7.78,0.));
#5002 = VECTOR('',#5003,1.);
#5003 = DIRECTION('',(0.,1.,0.));
#5004 = ORIENTED_EDGE('',*,*,#5005,.T.);
#5005 = EDGE_CURVE('',#4998,#5006,#5008,.T.);
#5006 = VERTEX_POINT('',#5007);
#5007 = CARTESIAN_POINT('',(-0.32,-10.48,0.));
#5008 = LINE('',#5009,#5010);
#5009 = CARTESIAN_POINT('',(-0.16,-10.48,0.));
#5010 = VECTOR('',#5011,1.);
#5011 = DIRECTION('',(-1.,0.,0.));
#5012 = ORIENTED_EDGE('',*,*,#5013,.T.);
#5013 = EDGE_CURVE('',#5006,#4990,#5014,.T.);
#5014 = LINE('',#5015,#5016);
#5015 = CARTESIAN_POINT('',(-0.32,-7.78,0.));
#5016 = VECTOR('',#5017,1.);
#5017 = DIRECTION('',(0.,1.,0.));
#5018 = FACE_BOUND('',#5019,.F.);
#5019 = EDGE_LOOP('',(#5020,#5030,#5038,#5046));
#5020 = ORIENTED_EDGE('',*,*,#5021,.T.);
#5021 = EDGE_CURVE('',#5022,#5024,#5026,.T.);
#5022 = VERTEX_POINT('',#5023);
#5023 = CARTESIAN_POINT('',(0.32,-7.94,0.));
#5024 = VERTEX_POINT('',#5025);
#5025 = CARTESIAN_POINT('',(-0.32,-7.94,0.));
#5026 = LINE('',#5027,#5028);
#5027 = CARTESIAN_POINT('',(-0.16,-7.94,0.));
#5028 = VECTOR('',#5029,1.);
#5029 = DIRECTION('',(-1.,0.,0.));
#5030 = ORIENTED_EDGE('',*,*,#5031,.T.);
#5031 = EDGE_CURVE('',#5024,#5032,#5034,.T.);
#5032 = VERTEX_POINT('',#5033);
#5033 = CARTESIAN_POINT('',(-0.32,-7.3,0.));
#5034 = LINE('',#5035,#5036);
#5035 = CARTESIAN_POINT('',(-0.32,-6.51,0.));
#5036 = VECTOR('',#5037,1.);
#5037 = DIRECTION('',(0.,1.,0.));
#5038 = ORIENTED_EDGE('',*,*,#5039,.F.);
#5039 = EDGE_CURVE('',#5040,#5032,#5042,.T.);
#5040 = VERTEX_POINT('',#5041);
#5041 = CARTESIAN_POINT('',(0.32,-7.3,0.));
#5042 = LINE('',#5043,#5044);
#5043 = CARTESIAN_POINT('',(-0.16,-7.3,0.));
#5044 = VECTOR('',#5045,1.);
#5045 = DIRECTION('',(-1.,0.,0.));
#5046 = ORIENTED_EDGE('',*,*,#5047,.F.);
#5047 = EDGE_CURVE('',#5022,#5040,#5048,.T.);
#5048 = LINE('',#5049,#5050);
#5049 = CARTESIAN_POINT('',(0.32,-6.51,0.));
#5050 = VECTOR('',#5051,1.);
#5051 = DIRECTION('',(0.,1.,0.));
#5052 = PLANE('',#5053);
#5053 = AXIS2_PLACEMENT_3D('',#5054,#5055,#5056);
#5054 = CARTESIAN_POINT('',(-2.110141571089E-17,-5.08,0.));
#5055 = DIRECTION('',(0.,0.,1.));
#5056 = DIRECTION('',(1.,0.,-0.));
#5057 = ADVANCED_FACE('',(#5058,#5293,#5327,#5361,#5395,#5429),#5463,.T.
  );
#5058 = FACE_BOUND('',#5059,.T.);
#5059 = EDGE_LOOP('',(#5060,#5061,#5062,#5070,#5078,#5086,#5094,#5102,
    #5110,#5118,#5126,#5134,#5142,#5150,#5158,#5166,#5174,#5182,#5190,
    #5198,#5206,#5214,#5222,#5230,#5238,#5246,#5254,#5262,#5270,#5278,
    #5286,#5292));
#5060 = ORIENTED_EDGE('',*,*,#4558,.T.);
#5061 = ORIENTED_EDGE('',*,*,#4620,.T.);
#5062 = ORIENTED_EDGE('',*,*,#5063,.T.);
#5063 = EDGE_CURVE('',#4621,#5064,#5066,.T.);
#5064 = VERTEX_POINT('',#5065);
#5065 = CARTESIAN_POINT('',(-1.016,-1.27,2.54));
#5066 = LINE('',#5067,#5068);
#5067 = CARTESIAN_POINT('',(-1.27,-1.016,2.54));
#5068 = VECTOR('',#5069,1.);
#5069 = DIRECTION('',(0.707106781187,-0.707106781187,0.));
#5070 = ORIENTED_EDGE('',*,*,#5071,.T.);
#5071 = EDGE_CURVE('',#5064,#5072,#5074,.T.);
#5072 = VERTEX_POINT('',#5073);
#5073 = CARTESIAN_POINT('',(-1.27,-1.524,2.54));
#5074 = LINE('',#5075,#5076);
#5075 = CARTESIAN_POINT('',(-1.016,-1.27,2.54));
#5076 = VECTOR('',#5077,1.);
#5077 = DIRECTION('',(-0.707106781187,-0.707106781187,0.));
#5078 = ORIENTED_EDGE('',*,*,#5079,.T.);
#5079 = EDGE_CURVE('',#5072,#5080,#5082,.T.);
#5080 = VERTEX_POINT('',#5081);
#5081 = CARTESIAN_POINT('',(-1.27,-3.556,2.54));
#5082 = LINE('',#5083,#5084);
#5083 = CARTESIAN_POINT('',(-1.27,-1.524,2.54));
#5084 = VECTOR('',#5085,1.);
#5085 = DIRECTION('',(0.,-1.,0.));
#5086 = ORIENTED_EDGE('',*,*,#5087,.T.);
#5087 = EDGE_CURVE('',#5080,#5088,#5090,.T.);
#5088 = VERTEX_POINT('',#5089);
#5089 = CARTESIAN_POINT('',(-1.016,-3.81,2.54));
#5090 = LINE('',#5091,#5092);
#5091 = CARTESIAN_POINT('',(-1.27,-3.556,2.54));
#5092 = VECTOR('',#5093,1.);
#5093 = DIRECTION('',(0.707106781187,-0.707106781187,0.));
#5094 = ORIENTED_EDGE('',*,*,#5095,.T.);
#5095 = EDGE_CURVE('',#5088,#5096,#5098,.T.);
#5096 = VERTEX_POINT('',#5097);
#5097 = CARTESIAN_POINT('',(-1.27,-4.064,2.54));
#5098 = LINE('',#5099,#5100);
#5099 = CARTESIAN_POINT('',(-1.016,-3.81,2.54));
#5100 = VECTOR('',#5101,1.);
#5101 = DIRECTION('',(-0.707106781187,-0.707106781187,0.));
#5102 = ORIENTED_EDGE('',*,*,#5103,.T.);
#5103 = EDGE_CURVE('',#5096,#5104,#5106,.T.);
#5104 = VERTEX_POINT('',#5105);
#5105 = CARTESIAN_POINT('',(-1.27,-6.096,2.54));
#5106 = LINE('',#5107,#5108);
#5107 = CARTESIAN_POINT('',(-1.27,-4.064,2.54));
#5108 = VECTOR('',#5109,1.);
#5109 = DIRECTION('',(0.,-1.,0.));
#5110 = ORIENTED_EDGE('',*,*,#5111,.T.);
#5111 = EDGE_CURVE('',#5104,#5112,#5114,.T.);
#5112 = VERTEX_POINT('',#5113);
#5113 = CARTESIAN_POINT('',(-1.016,-6.35,2.54));
#5114 = LINE('',#5115,#5116);
#5115 = CARTESIAN_POINT('',(-1.27,-6.096,2.54));
#5116 = VECTOR('',#5117,1.);
#5117 = DIRECTION('',(0.707106781187,-0.707106781187,0.));
#5118 = ORIENTED_EDGE('',*,*,#5119,.T.);
#5119 = EDGE_CURVE('',#5112,#5120,#5122,.T.);
#5120 = VERTEX_POINT('',#5121);
#5121 = CARTESIAN_POINT('',(-1.27,-6.604,2.54));
#5122 = LINE('',#5123,#5124);
#5123 = CARTESIAN_POINT('',(-1.016,-6.35,2.54));
#5124 = VECTOR('',#5125,1.);
#5125 = DIRECTION('',(-0.707106781187,-0.707106781187,0.));
#5126 = ORIENTED_EDGE('',*,*,#5127,.T.);
#5127 = EDGE_CURVE('',#5120,#5128,#5130,.T.);
#5128 = VERTEX_POINT('',#5129);
#5129 = CARTESIAN_POINT('',(-1.27,-8.636,2.54));
#5130 = LINE('',#5131,#5132);
#5131 = CARTESIAN_POINT('',(-1.27,-6.604,2.54));
#5132 = VECTOR('',#5133,1.);
#5133 = DIRECTION('',(0.,-1.,0.));
#5134 = ORIENTED_EDGE('',*,*,#5135,.T.);
#5135 = EDGE_CURVE('',#5128,#5136,#5138,.T.);
#5136 = VERTEX_POINT('',#5137);
#5137 = CARTESIAN_POINT('',(-1.016,-8.89,2.54));
#5138 = LINE('',#5139,#5140);
#5139 = CARTESIAN_POINT('',(-1.27,-8.636,2.54));
#5140 = VECTOR('',#5141,1.);
#5141 = DIRECTION('',(0.707106781187,-0.707106781187,0.));
#5142 = ORIENTED_EDGE('',*,*,#5143,.T.);
#5143 = EDGE_CURVE('',#5136,#5144,#5146,.T.);
#5144 = VERTEX_POINT('',#5145);
#5145 = CARTESIAN_POINT('',(-1.27,-9.144,2.54));
#5146 = LINE('',#5147,#5148);
#5147 = CARTESIAN_POINT('',(-1.016,-8.89,2.54));
#5148 = VECTOR('',#5149,1.);
#5149 = DIRECTION('',(-0.707106781187,-0.707106781187,0.));
#5150 = ORIENTED_EDGE('',*,*,#5151,.T.);
#5151 = EDGE_CURVE('',#5144,#5152,#5154,.T.);
#5152 = VERTEX_POINT('',#5153);
#5153 = CARTESIAN_POINT('',(-1.27,-11.176,2.54));
#5154 = LINE('',#5155,#5156);
#5155 = CARTESIAN_POINT('',(-1.27,-9.144,2.54));
#5156 = VECTOR('',#5157,1.);
#5157 = DIRECTION('',(0.,-1.,0.));
#5158 = ORIENTED_EDGE('',*,*,#5159,.T.);
#5159 = EDGE_CURVE('',#5152,#5160,#5162,.T.);
#5160 = VERTEX_POINT('',#5161);
#5161 = CARTESIAN_POINT('',(-1.016,-11.43,2.54));
#5162 = LINE('',#5163,#5164);
#5163 = CARTESIAN_POINT('',(-1.27,-11.176,2.54));
#5164 = VECTOR('',#5165,1.);
#5165 = DIRECTION('',(0.707106781187,-0.707106781187,0.));
#5166 = ORIENTED_EDGE('',*,*,#5167,.T.);
#5167 = EDGE_CURVE('',#5160,#5168,#5170,.T.);
#5168 = VERTEX_POINT('',#5169);
#5169 = CARTESIAN_POINT('',(1.016,-11.43,2.54));
#5170 = LINE('',#5171,#5172);
#5171 = CARTESIAN_POINT('',(-1.016,-11.43,2.54));
#5172 = VECTOR('',#5173,1.);
#5173 = DIRECTION('',(1.,0.,0.));
#5174 = ORIENTED_EDGE('',*,*,#5175,.T.);
#5175 = EDGE_CURVE('',#5168,#5176,#5178,.T.);
#5176 = VERTEX_POINT('',#5177);
#5177 = CARTESIAN_POINT('',(1.27,-11.176,2.54));
#5178 = LINE('',#5179,#5180);
#5179 = CARTESIAN_POINT('',(1.016,-11.43,2.54));
#5180 = VECTOR('',#5181,1.);
#5181 = DIRECTION('',(0.707106781187,0.707106781187,0.));
#5182 = ORIENTED_EDGE('',*,*,#5183,.T.);
#5183 = EDGE_CURVE('',#5176,#5184,#5186,.T.);
#5184 = VERTEX_POINT('',#5185);
#5185 = CARTESIAN_POINT('',(1.27,-9.144,2.54));
#5186 = LINE('',#5187,#5188);
#5187 = CARTESIAN_POINT('',(1.27,-11.176,2.54));
#5188 = VECTOR('',#5189,1.);
#5189 = DIRECTION('',(0.,1.,0.));
#5190 = ORIENTED_EDGE('',*,*,#5191,.T.);
#5191 = EDGE_CURVE('',#5184,#5192,#5194,.T.);
#5192 = VERTEX_POINT('',#5193);
#5193 = CARTESIAN_POINT('',(1.016,-8.89,2.54));
#5194 = LINE('',#5195,#5196);
#5195 = CARTESIAN_POINT('',(1.27,-9.144,2.54));
#5196 = VECTOR('',#5197,1.);
#5197 = DIRECTION('',(-0.707106781187,0.707106781187,0.));
#5198 = ORIENTED_EDGE('',*,*,#5199,.T.);
#5199 = EDGE_CURVE('',#5192,#5200,#5202,.T.);
#5200 = VERTEX_POINT('',#5201);
#5201 = CARTESIAN_POINT('',(1.27,-8.636,2.54));
#5202 = LINE('',#5203,#5204);
#5203 = CARTESIAN_POINT('',(1.016,-8.89,2.54));
#5204 = VECTOR('',#5205,1.);
#5205 = DIRECTION('',(0.707106781187,0.707106781187,0.));
#5206 = ORIENTED_EDGE('',*,*,#5207,.T.);
#5207 = EDGE_CURVE('',#5200,#5208,#5210,.T.);
#5208 = VERTEX_POINT('',#5209);
#5209 = CARTESIAN_POINT('',(1.27,-6.604,2.54));
#5210 = LINE('',#5211,#5212);
#5211 = CARTESIAN_POINT('',(1.27,-8.636,2.54));
#5212 = VECTOR('',#5213,1.);
#5213 = DIRECTION('',(0.,1.,0.));
#5214 = ORIENTED_EDGE('',*,*,#5215,.T.);
#5215 = EDGE_CURVE('',#5208,#5216,#5218,.T.);
#5216 = VERTEX_POINT('',#5217);
#5217 = CARTESIAN_POINT('',(1.016,-6.35,2.54));
#5218 = LINE('',#5219,#5220);
#5219 = CARTESIAN_POINT('',(1.27,-6.604,2.54));
#5220 = VECTOR('',#5221,1.);
#5221 = DIRECTION('',(-0.707106781187,0.707106781187,0.));
#5222 = ORIENTED_EDGE('',*,*,#5223,.T.);
#5223 = EDGE_CURVE('',#5216,#5224,#5226,.T.);
#5224 = VERTEX_POINT('',#5225);
#5225 = CARTESIAN_POINT('',(1.27,-6.096,2.54));
#5226 = LINE('',#5227,#5228);
#5227 = CARTESIAN_POINT('',(1.016,-6.35,2.54));
#5228 = VECTOR('',#5229,1.);
#5229 = DIRECTION('',(0.707106781187,0.707106781187,0.));
#5230 = ORIENTED_EDGE('',*,*,#5231,.T.);
#5231 = EDGE_CURVE('',#5224,#5232,#5234,.T.);
#5232 = VERTEX_POINT('',#5233);
#5233 = CARTESIAN_POINT('',(1.27,-4.064,2.54));
#5234 = LINE('',#5235,#5236);
#5235 = CARTESIAN_POINT('',(1.27,-6.096,2.54));
#5236 = VECTOR('',#5237,1.);
#5237 = DIRECTION('',(0.,1.,0.));
#5238 = ORIENTED_EDGE('',*,*,#5239,.T.);
#5239 = EDGE_CURVE('',#5232,#5240,#5242,.T.);
#5240 = VERTEX_POINT('',#5241);
#5241 = CARTESIAN_POINT('',(1.016,-3.81,2.54));
#5242 = LINE('',#5243,#5244);
#5243 = CARTESIAN_POINT('',(1.27,-4.064,2.54));
#5244 = VECTOR('',#5245,1.);
#5245 = DIRECTION('',(-0.707106781187,0.707106781187,0.));
#5246 = ORIENTED_EDGE('',*,*,#5247,.T.);
#5247 = EDGE_CURVE('',#5240,#5248,#5250,.T.);
#5248 = VERTEX_POINT('',#5249);
#5249 = CARTESIAN_POINT('',(1.27,-3.556,2.54));
#5250 = LINE('',#5251,#5252);
#5251 = CARTESIAN_POINT('',(1.016,-3.81,2.54));
#5252 = VECTOR('',#5253,1.);
#5253 = DIRECTION('',(0.707106781187,0.707106781187,0.));
#5254 = ORIENTED_EDGE('',*,*,#5255,.T.);
#5255 = EDGE_CURVE('',#5248,#5256,#5258,.T.);
#5256 = VERTEX_POINT('',#5257);
#5257 = CARTESIAN_POINT('',(1.27,-1.524,2.54));
#5258 = LINE('',#5259,#5260);
#5259 = CARTESIAN_POINT('',(1.27,-3.556,2.54));
#5260 = VECTOR('',#5261,1.);
#5261 = DIRECTION('',(0.,1.,0.));
#5262 = ORIENTED_EDGE('',*,*,#5263,.T.);
#5263 = EDGE_CURVE('',#5256,#5264,#5266,.T.);
#5264 = VERTEX_POINT('',#5265);
#5265 = CARTESIAN_POINT('',(1.016,-1.27,2.54));
#5266 = LINE('',#5267,#5268);
#5267 = CARTESIAN_POINT('',(1.27,-1.524,2.54));
#5268 = VECTOR('',#5269,1.);
#5269 = DIRECTION('',(-0.707106781187,0.707106781187,0.));
#5270 = ORIENTED_EDGE('',*,*,#5271,.T.);
#5271 = EDGE_CURVE('',#5264,#5272,#5274,.T.);
#5272 = VERTEX_POINT('',#5273);
#5273 = CARTESIAN_POINT('',(1.27,-1.016,2.54));
#5274 = LINE('',#5275,#5276);
#5275 = CARTESIAN_POINT('',(1.016,-1.27,2.54));
#5276 = VECTOR('',#5277,1.);
#5277 = DIRECTION('',(0.707106781187,0.707106781187,0.));
#5278 = ORIENTED_EDGE('',*,*,#5279,.T.);
#5279 = EDGE_CURVE('',#5272,#5280,#5282,.T.);
#5280 = VERTEX_POINT('',#5281);
#5281 = CARTESIAN_POINT('',(1.27,1.016,2.54));
#5282 = LINE('',#5283,#5284);
#5283 = CARTESIAN_POINT('',(1.27,-1.016,2.54));
#5284 = VECTOR('',#5285,1.);
#5285 = DIRECTION('',(0.,1.,0.));
#5286 = ORIENTED_EDGE('',*,*,#5287,.T.);
#5287 = EDGE_CURVE('',#5280,#4591,#5288,.T.);
#5288 = LINE('',#5289,#5290);
#5289 = CARTESIAN_POINT('',(1.27,1.016,2.54));
#5290 = VECTOR('',#5291,1.);
#5291 = DIRECTION('',(-0.707106781187,0.707106781187,0.));
#5292 = ORIENTED_EDGE('',*,*,#4598,.T.);
#5293 = FACE_BOUND('',#5294,.T.);
#5294 = EDGE_LOOP('',(#5295,#5305,#5313,#5321));
#5295 = ORIENTED_EDGE('',*,*,#5296,.F.);
#5296 = EDGE_CURVE('',#5297,#5299,#5301,.T.);
#5297 = VERTEX_POINT('',#5298);
#5298 = CARTESIAN_POINT('',(0.32,-0.32,2.54));
#5299 = VERTEX_POINT('',#5300);
#5300 = CARTESIAN_POINT('',(0.32,0.32,2.54));
#5301 = LINE('',#5302,#5303);
#5302 = CARTESIAN_POINT('',(0.32,-2.7,2.54));
#5303 = VECTOR('',#5304,1.);
#5304 = DIRECTION('',(0.,1.,0.));
#5305 = ORIENTED_EDGE('',*,*,#5306,.T.);
#5306 = EDGE_CURVE('',#5297,#5307,#5309,.T.);
#5307 = VERTEX_POINT('',#5308);
#5308 = CARTESIAN_POINT('',(-0.32,-0.32,2.54));
#5309 = LINE('',#5310,#5311);
#5310 = CARTESIAN_POINT('',(-0.16,-0.32,2.54));
#5311 = VECTOR('',#5312,1.);
#5312 = DIRECTION('',(-1.,0.,0.));
#5313 = ORIENTED_EDGE('',*,*,#5314,.T.);
#5314 = EDGE_CURVE('',#5307,#5315,#5317,.T.);
#5315 = VERTEX_POINT('',#5316);
#5316 = CARTESIAN_POINT('',(-0.32,0.32,2.54));
#5317 = LINE('',#5318,#5319);
#5318 = CARTESIAN_POINT('',(-0.32,-2.7,2.54));
#5319 = VECTOR('',#5320,1.);
#5320 = DIRECTION('',(0.,1.,0.));
#5321 = ORIENTED_EDGE('',*,*,#5322,.F.);
#5322 = EDGE_CURVE('',#5299,#5315,#5323,.T.);
#5323 = LINE('',#5324,#5325);
#5324 = CARTESIAN_POINT('',(-0.16,0.32,2.54));
#5325 = VECTOR('',#5326,1.);
#5326 = DIRECTION('',(-1.,0.,0.));
#5327 = FACE_BOUND('',#5328,.T.);
#5328 = EDGE_LOOP('',(#5329,#5339,#5347,#5355));
#5329 = ORIENTED_EDGE('',*,*,#5330,.F.);
#5330 = EDGE_CURVE('',#5331,#5333,#5335,.T.);
#5331 = VERTEX_POINT('',#5332);
#5332 = CARTESIAN_POINT('',(0.32,-2.22,2.54));
#5333 = VERTEX_POINT('',#5334);
#5334 = CARTESIAN_POINT('',(-0.32,-2.22,2.54));
#5335 = LINE('',#5336,#5337);
#5336 = CARTESIAN_POINT('',(-0.16,-2.22,2.54));
#5337 = VECTOR('',#5338,1.);
#5338 = DIRECTION('',(-1.,0.,0.));
#5339 = ORIENTED_EDGE('',*,*,#5340,.F.);
#5340 = EDGE_CURVE('',#5341,#5331,#5343,.T.);
#5341 = VERTEX_POINT('',#5342);
#5342 = CARTESIAN_POINT('',(0.32,-2.86,2.54));
#5343 = LINE('',#5344,#5345);
#5344 = CARTESIAN_POINT('',(0.32,-3.97,2.54));
#5345 = VECTOR('',#5346,1.);
#5346 = DIRECTION('',(0.,1.,0.));
#5347 = ORIENTED_EDGE('',*,*,#5348,.T.);
#5348 = EDGE_CURVE('',#5341,#5349,#5351,.T.);
#5349 = VERTEX_POINT('',#5350);
#5350 = CARTESIAN_POINT('',(-0.32,-2.86,2.54));
#5351 = LINE('',#5352,#5353);
#5352 = CARTESIAN_POINT('',(-0.16,-2.86,2.54));
#5353 = VECTOR('',#5354,1.);
#5354 = DIRECTION('',(-1.,0.,0.));
#5355 = ORIENTED_EDGE('',*,*,#5356,.T.);
#5356 = EDGE_CURVE('',#5349,#5333,#5357,.T.);
#5357 = LINE('',#5358,#5359);
#5358 = CARTESIAN_POINT('',(-0.32,-3.97,2.54));
#5359 = VECTOR('',#5360,1.);
#5360 = DIRECTION('',(0.,1.,0.));
#5361 = FACE_BOUND('',#5362,.T.);
#5362 = EDGE_LOOP('',(#5363,#5373,#5381,#5389));
#5363 = ORIENTED_EDGE('',*,*,#5364,.F.);
#5364 = EDGE_CURVE('',#5365,#5367,#5369,.T.);
#5365 = VERTEX_POINT('',#5366);
#5366 = CARTESIAN_POINT('',(0.32,-4.76,2.54));
#5367 = VERTEX_POINT('',#5368);
#5368 = CARTESIAN_POINT('',(-0.32,-4.76,2.54));
#5369 = LINE('',#5370,#5371);
#5370 = CARTESIAN_POINT('',(-0.16,-4.76,2.54));
#5371 = VECTOR('',#5372,1.);
#5372 = DIRECTION('',(-1.,0.,0.));
#5373 = ORIENTED_EDGE('',*,*,#5374,.F.);
#5374 = EDGE_CURVE('',#5375,#5365,#5377,.T.);
#5375 = VERTEX_POINT('',#5376);
#5376 = CARTESIAN_POINT('',(0.32,-5.4,2.54));
#5377 = LINE('',#5378,#5379);
#5378 = CARTESIAN_POINT('',(0.32,-5.24,2.54));
#5379 = VECTOR('',#5380,1.);
#5380 = DIRECTION('',(0.,1.,0.));
#5381 = ORIENTED_EDGE('',*,*,#5382,.T.);
#5382 = EDGE_CURVE('',#5375,#5383,#5385,.T.);
#5383 = VERTEX_POINT('',#5384);
#5384 = CARTESIAN_POINT('',(-0.32,-5.4,2.54));
#5385 = LINE('',#5386,#5387);
#5386 = CARTESIAN_POINT('',(-0.16,-5.4,2.54));
#5387 = VECTOR('',#5388,1.);
#5388 = DIRECTION('',(-1.,0.,0.));
#5389 = ORIENTED_EDGE('',*,*,#5390,.T.);
#5390 = EDGE_CURVE('',#5383,#5367,#5391,.T.);
#5391 = LINE('',#5392,#5393);
#5392 = CARTESIAN_POINT('',(-0.32,-5.24,2.54));
#5393 = VECTOR('',#5394,1.);
#5394 = DIRECTION('',(0.,1.,0.));
#5395 = FACE_BOUND('',#5396,.T.);
#5396 = EDGE_LOOP('',(#5397,#5407,#5415,#5423));
#5397 = ORIENTED_EDGE('',*,*,#5398,.F.);
#5398 = EDGE_CURVE('',#5399,#5401,#5403,.T.);
#5399 = VERTEX_POINT('',#5400);
#5400 = CARTESIAN_POINT('',(0.32,-9.84,2.54));
#5401 = VERTEX_POINT('',#5402);
#5402 = CARTESIAN_POINT('',(-0.32,-9.84,2.54));
#5403 = LINE('',#5404,#5405);
#5404 = CARTESIAN_POINT('',(-0.16,-9.84,2.54));
#5405 = VECTOR('',#5406,1.);
#5406 = DIRECTION('',(-1.,0.,0.));
#5407 = ORIENTED_EDGE('',*,*,#5408,.F.);
#5408 = EDGE_CURVE('',#5409,#5399,#5411,.T.);
#5409 = VERTEX_POINT('',#5410);
#5410 = CARTESIAN_POINT('',(0.32,-10.48,2.54));
#5411 = LINE('',#5412,#5413);
#5412 = CARTESIAN_POINT('',(0.32,-7.78,2.54));
#5413 = VECTOR('',#5414,1.);
#5414 = DIRECTION('',(0.,1.,0.));
#5415 = ORIENTED_EDGE('',*,*,#5416,.T.);
#5416 = EDGE_CURVE('',#5409,#5417,#5419,.T.);
#5417 = VERTEX_POINT('',#5418);
#5418 = CARTESIAN_POINT('',(-0.32,-10.48,2.54));
#5419 = LINE('',#5420,#5421);
#5420 = CARTESIAN_POINT('',(-0.16,-10.48,2.54));
#5421 = VECTOR('',#5422,1.);
#5422 = DIRECTION('',(-1.,0.,0.));
#5423 = ORIENTED_EDGE('',*,*,#5424,.T.);
#5424 = EDGE_CURVE('',#5417,#5401,#5425,.T.);
#5425 = LINE('',#5426,#5427);
#5426 = CARTESIAN_POINT('',(-0.32,-7.78,2.54));
#5427 = VECTOR('',#5428,1.);
#5428 = DIRECTION('',(0.,1.,0.));
#5429 = FACE_BOUND('',#5430,.T.);
#5430 = EDGE_LOOP('',(#5431,#5441,#5449,#5457));
#5431 = ORIENTED_EDGE('',*,*,#5432,.T.);
#5432 = EDGE_CURVE('',#5433,#5435,#5437,.T.);
#5433 = VERTEX_POINT('',#5434);
#5434 = CARTESIAN_POINT('',(0.32,-7.94,2.54));
#5435 = VERTEX_POINT('',#5436);
#5436 = CARTESIAN_POINT('',(-0.32,-7.94,2.54));
#5437 = LINE('',#5438,#5439);
#5438 = CARTESIAN_POINT('',(-0.16,-7.94,2.54));
#5439 = VECTOR('',#5440,1.);
#5440 = DIRECTION('',(-1.,0.,0.));
#5441 = ORIENTED_EDGE('',*,*,#5442,.T.);
#5442 = EDGE_CURVE('',#5435,#5443,#5445,.T.);
#5443 = VERTEX_POINT('',#5444);
#5444 = CARTESIAN_POINT('',(-0.32,-7.3,2.54));
#5445 = LINE('',#5446,#5447);
#5446 = CARTESIAN_POINT('',(-0.32,-6.51,2.54));
#5447 = VECTOR('',#5448,1.);
#5448 = DIRECTION('',(0.,1.,0.));
#5449 = ORIENTED_EDGE('',*,*,#5450,.F.);
#5450 = EDGE_CURVE('',#5451,#5443,#5453,.T.);
#5451 = VERTEX_POINT('',#5452);
#5452 = CARTESIAN_POINT('',(0.32,-7.3,2.54));
#5453 = LINE('',#5454,#5455);
#5454 = CARTESIAN_POINT('',(-0.16,-7.3,2.54));
#5455 = VECTOR('',#5456,1.);
#5456 = DIRECTION('',(-1.,0.,0.));
#5457 = ORIENTED_EDGE('',*,*,#5458,.F.);
#5458 = EDGE_CURVE('',#5433,#5451,#5459,.T.);
#5459 = LINE('',#5460,#5461);
#5460 = CARTESIAN_POINT('',(0.32,-6.51,2.54));
#5461 = VECTOR('',#5462,1.);
#5462 = DIRECTION('',(0.,1.,0.));
#5463 = PLANE('',#5464);
#5464 = AXIS2_PLACEMENT_3D('',#5465,#5466,#5467);
#5465 = CARTESIAN_POINT('',(-2.110141571089E-17,-5.08,2.54));
#5466 = DIRECTION('',(0.,0.,1.));
#5467 = DIRECTION('',(1.,0.,-0.));
#5468 = ADVANCED_FACE('',(#5469),#5480,.F.);
#5469 = FACE_BOUND('',#5470,.F.);
#5470 = EDGE_LOOP('',(#5471,#5477,#5478,#5479));
#5471 = ORIENTED_EDGE('',*,*,#5472,.T.);
#5472 = EDGE_CURVE('',#4869,#5280,#5473,.T.);
#5473 = LINE('',#5474,#5475);
#5474 = CARTESIAN_POINT('',(1.27,1.016,0.));
#5475 = VECTOR('',#5476,1.);
#5476 = DIRECTION('',(0.,0.,1.));
#5477 = ORIENTED_EDGE('',*,*,#5287,.T.);
#5478 = ORIENTED_EDGE('',*,*,#4588,.F.);
#5479 = ORIENTED_EDGE('',*,*,#4876,.F.);
#5480 = PLANE('',#5481);
#5481 = AXIS2_PLACEMENT_3D('',#5482,#5483,#5484);
#5482 = CARTESIAN_POINT('',(1.27,1.016,0.));
#5483 = DIRECTION('',(-0.707106781187,-0.707106781187,0.));
#5484 = DIRECTION('',(-0.707106781187,0.707106781187,0.));
#5485 = ADVANCED_FACE('',(#5486),#5497,.F.);
#5486 = FACE_BOUND('',#5487,.F.);
#5487 = EDGE_LOOP('',(#5488,#5489,#5490,#5496));
#5488 = ORIENTED_EDGE('',*,*,#4628,.T.);
#5489 = ORIENTED_EDGE('',*,*,#5063,.T.);
#5490 = ORIENTED_EDGE('',*,*,#5491,.F.);
#5491 = EDGE_CURVE('',#4653,#5064,#5492,.T.);
#5492 = LINE('',#5493,#5494);
#5493 = CARTESIAN_POINT('',(-1.016,-1.27,0.));
#5494 = VECTOR('',#5495,1.);
#5495 = DIRECTION('',(0.,0.,1.));
#5496 = ORIENTED_EDGE('',*,*,#4652,.F.);
#5497 = PLANE('',#5498);
#5498 = AXIS2_PLACEMENT_3D('',#5499,#5500,#5501);
#5499 = CARTESIAN_POINT('',(-1.27,-1.016,0.));
#5500 = DIRECTION('',(0.707106781187,0.707106781187,0.));
#5501 = DIRECTION('',(0.707106781187,-0.707106781187,0.));
#5502 = ADVANCED_FACE('',(#5503),#5514,.F.);
#5503 = FACE_BOUND('',#5504,.F.);
#5504 = EDGE_LOOP('',(#5505,#5511,#5512,#5513));
#5505 = ORIENTED_EDGE('',*,*,#5506,.T.);
#5506 = EDGE_CURVE('',#4861,#5272,#5507,.T.);
#5507 = LINE('',#5508,#5509);
#5508 = CARTESIAN_POINT('',(1.27,-1.016,0.));
#5509 = VECTOR('',#5510,1.);
#5510 = DIRECTION('',(0.,0.,1.));
#5511 = ORIENTED_EDGE('',*,*,#5279,.T.);
#5512 = ORIENTED_EDGE('',*,*,#5472,.F.);
#5513 = ORIENTED_EDGE('',*,*,#4868,.F.);
#5514 = PLANE('',#5515);
#5515 = AXIS2_PLACEMENT_3D('',#5516,#5517,#5518);
#5516 = CARTESIAN_POINT('',(1.27,-1.016,0.));
#5517 = DIRECTION('',(-1.,0.,0.));
#5518 = DIRECTION('',(0.,1.,0.));
#5519 = ADVANCED_FACE('',(#5520),#5531,.F.);
#5520 = FACE_BOUND('',#5521,.F.);
#5521 = EDGE_LOOP('',(#5522,#5523,#5524,#5530));
#5522 = ORIENTED_EDGE('',*,*,#5491,.T.);
#5523 = ORIENTED_EDGE('',*,*,#5071,.T.);
#5524 = ORIENTED_EDGE('',*,*,#5525,.F.);
#5525 = EDGE_CURVE('',#4661,#5072,#5526,.T.);
#5526 = LINE('',#5527,#5528);
#5527 = CARTESIAN_POINT('',(-1.27,-1.524,0.));
#5528 = VECTOR('',#5529,1.);
#5529 = DIRECTION('',(0.,0.,1.));
#5530 = ORIENTED_EDGE('',*,*,#4660,.F.);
#5531 = PLANE('',#5532);
#5532 = AXIS2_PLACEMENT_3D('',#5533,#5534,#5535);
#5533 = CARTESIAN_POINT('',(-1.016,-1.27,0.));
#5534 = DIRECTION('',(0.707106781187,-0.707106781187,0.));
#5535 = DIRECTION('',(-0.707106781187,-0.707106781187,0.));
#5536 = ADVANCED_FACE('',(#5537),#5548,.F.);
#5537 = FACE_BOUND('',#5538,.F.);
#5538 = EDGE_LOOP('',(#5539,#5545,#5546,#5547));
#5539 = ORIENTED_EDGE('',*,*,#5540,.T.);
#5540 = EDGE_CURVE('',#4853,#5264,#5541,.T.);
#5541 = LINE('',#5542,#5543);
#5542 = CARTESIAN_POINT('',(1.016,-1.27,0.));
#5543 = VECTOR('',#5544,1.);
#5544 = DIRECTION('',(0.,0.,1.));
#5545 = ORIENTED_EDGE('',*,*,#5271,.T.);
#5546 = ORIENTED_EDGE('',*,*,#5506,.F.);
#5547 = ORIENTED_EDGE('',*,*,#4860,.F.);
#5548 = PLANE('',#5549);
#5549 = AXIS2_PLACEMENT_3D('',#5550,#5551,#5552);
#5550 = CARTESIAN_POINT('',(1.016,-1.27,0.));
#5551 = DIRECTION('',(-0.707106781187,0.707106781187,0.));
#5552 = DIRECTION('',(0.707106781187,0.707106781187,0.));
#5553 = ADVANCED_FACE('',(#5554),#5565,.F.);
#5554 = FACE_BOUND('',#5555,.F.);
#5555 = EDGE_LOOP('',(#5556,#5557,#5558,#5564));
#5556 = ORIENTED_EDGE('',*,*,#5525,.T.);
#5557 = ORIENTED_EDGE('',*,*,#5079,.T.);
#5558 = ORIENTED_EDGE('',*,*,#5559,.F.);
#5559 = EDGE_CURVE('',#4669,#5080,#5560,.T.);
#5560 = LINE('',#5561,#5562);
#5561 = CARTESIAN_POINT('',(-1.27,-3.556,0.));
#5562 = VECTOR('',#5563,1.);
#5563 = DIRECTION('',(0.,0.,1.));
#5564 = ORIENTED_EDGE('',*,*,#4668,.F.);
#5565 = PLANE('',#5566);
#5566 = AXIS2_PLACEMENT_3D('',#5567,#5568,#5569);
#5567 = CARTESIAN_POINT('',(-1.27,-1.524,0.));
#5568 = DIRECTION('',(1.,0.,0.));
#5569 = DIRECTION('',(0.,-1.,0.));
#5570 = ADVANCED_FACE('',(#5571),#5582,.F.);
#5571 = FACE_BOUND('',#5572,.F.);
#5572 = EDGE_LOOP('',(#5573,#5579,#5580,#5581));
#5573 = ORIENTED_EDGE('',*,*,#5574,.T.);
#5574 = EDGE_CURVE('',#4845,#5256,#5575,.T.);
#5575 = LINE('',#5576,#5577);
#5576 = CARTESIAN_POINT('',(1.27,-1.524,0.));
#5577 = VECTOR('',#5578,1.);
#5578 = DIRECTION('',(0.,0.,1.));
#5579 = ORIENTED_EDGE('',*,*,#5263,.T.);
#5580 = ORIENTED_EDGE('',*,*,#5540,.F.);
#5581 = ORIENTED_EDGE('',*,*,#4852,.F.);
#5582 = PLANE('',#5583);
#5583 = AXIS2_PLACEMENT_3D('',#5584,#5585,#5586);
#5584 = CARTESIAN_POINT('',(1.27,-1.524,0.));
#5585 = DIRECTION('',(-0.707106781187,-0.707106781187,0.));
#5586 = DIRECTION('',(-0.707106781187,0.707106781187,0.));
#5587 = ADVANCED_FACE('',(#5588),#5599,.F.);
#5588 = FACE_BOUND('',#5589,.F.);
#5589 = EDGE_LOOP('',(#5590,#5591,#5592,#5598));
#5590 = ORIENTED_EDGE('',*,*,#5559,.T.);
#5591 = ORIENTED_EDGE('',*,*,#5087,.T.);
#5592 = ORIENTED_EDGE('',*,*,#5593,.F.);
#5593 = EDGE_CURVE('',#4677,#5088,#5594,.T.);
#5594 = LINE('',#5595,#5596);
#5595 = CARTESIAN_POINT('',(-1.016,-3.81,0.));
#5596 = VECTOR('',#5597,1.);
#5597 = DIRECTION('',(0.,0.,1.));
#5598 = ORIENTED_EDGE('',*,*,#4676,.F.);
#5599 = PLANE('',#5600);
#5600 = AXIS2_PLACEMENT_3D('',#5601,#5602,#5603);
#5601 = CARTESIAN_POINT('',(-1.27,-3.556,0.));
#5602 = DIRECTION('',(0.707106781187,0.707106781187,0.));
#5603 = DIRECTION('',(0.707106781187,-0.707106781187,0.));
#5604 = ADVANCED_FACE('',(#5605),#5616,.F.);
#5605 = FACE_BOUND('',#5606,.F.);
#5606 = EDGE_LOOP('',(#5607,#5613,#5614,#5615));
#5607 = ORIENTED_EDGE('',*,*,#5608,.T.);
#5608 = EDGE_CURVE('',#4837,#5248,#5609,.T.);
#5609 = LINE('',#5610,#5611);
#5610 = CARTESIAN_POINT('',(1.27,-3.556,0.));
#5611 = VECTOR('',#5612,1.);
#5612 = DIRECTION('',(0.,0.,1.));
#5613 = ORIENTED_EDGE('',*,*,#5255,.T.);
#5614 = ORIENTED_EDGE('',*,*,#5574,.F.);
#5615 = ORIENTED_EDGE('',*,*,#4844,.F.);
#5616 = PLANE('',#5617);
#5617 = AXIS2_PLACEMENT_3D('',#5618,#5619,#5620);
#5618 = CARTESIAN_POINT('',(1.27,-3.556,0.));
#5619 = DIRECTION('',(-1.,0.,0.));
#5620 = DIRECTION('',(0.,1.,0.));
#5621 = ADVANCED_FACE('',(#5622),#5633,.F.);
#5622 = FACE_BOUND('',#5623,.F.);
#5623 = EDGE_LOOP('',(#5624,#5625,#5626,#5632));
#5624 = ORIENTED_EDGE('',*,*,#5593,.T.);
#5625 = ORIENTED_EDGE('',*,*,#5095,.T.);
#5626 = ORIENTED_EDGE('',*,*,#5627,.F.);
#5627 = EDGE_CURVE('',#4685,#5096,#5628,.T.);
#5628 = LINE('',#5629,#5630);
#5629 = CARTESIAN_POINT('',(-1.27,-4.064,0.));
#5630 = VECTOR('',#5631,1.);
#5631 = DIRECTION('',(0.,0.,1.));
#5632 = ORIENTED_EDGE('',*,*,#4684,.F.);
#5633 = PLANE('',#5634);
#5634 = AXIS2_PLACEMENT_3D('',#5635,#5636,#5637);
#5635 = CARTESIAN_POINT('',(-1.016,-3.81,0.));
#5636 = DIRECTION('',(0.707106781187,-0.707106781187,0.));
#5637 = DIRECTION('',(-0.707106781187,-0.707106781187,0.));
#5638 = ADVANCED_FACE('',(#5639),#5650,.F.);
#5639 = FACE_BOUND('',#5640,.F.);
#5640 = EDGE_LOOP('',(#5641,#5647,#5648,#5649));
#5641 = ORIENTED_EDGE('',*,*,#5642,.T.);
#5642 = EDGE_CURVE('',#4829,#5240,#5643,.T.);
#5643 = LINE('',#5644,#5645);
#5644 = CARTESIAN_POINT('',(1.016,-3.81,0.));
#5645 = VECTOR('',#5646,1.);
#5646 = DIRECTION('',(0.,0.,1.));
#5647 = ORIENTED_EDGE('',*,*,#5247,.T.);
#5648 = ORIENTED_EDGE('',*,*,#5608,.F.);
#5649 = ORIENTED_EDGE('',*,*,#4836,.F.);
#5650 = PLANE('',#5651);
#5651 = AXIS2_PLACEMENT_3D('',#5652,#5653,#5654);
#5652 = CARTESIAN_POINT('',(1.016,-3.81,0.));
#5653 = DIRECTION('',(-0.707106781187,0.707106781187,0.));
#5654 = DIRECTION('',(0.707106781187,0.707106781187,0.));
#5655 = ADVANCED_FACE('',(#5656),#5667,.F.);
#5656 = FACE_BOUND('',#5657,.F.);
#5657 = EDGE_LOOP('',(#5658,#5659,#5660,#5666));
#5658 = ORIENTED_EDGE('',*,*,#5627,.T.);
#5659 = ORIENTED_EDGE('',*,*,#5103,.T.);
#5660 = ORIENTED_EDGE('',*,*,#5661,.F.);
#5661 = EDGE_CURVE('',#4693,#5104,#5662,.T.);
#5662 = LINE('',#5663,#5664);
#5663 = CARTESIAN_POINT('',(-1.27,-6.096,0.));
#5664 = VECTOR('',#5665,1.);
#5665 = DIRECTION('',(0.,0.,1.));
#5666 = ORIENTED_EDGE('',*,*,#4692,.F.);
#5667 = PLANE('',#5668);
#5668 = AXIS2_PLACEMENT_3D('',#5669,#5670,#5671);
#5669 = CARTESIAN_POINT('',(-1.27,-4.064,0.));
#5670 = DIRECTION('',(1.,0.,0.));
#5671 = DIRECTION('',(0.,-1.,0.));
#5672 = ADVANCED_FACE('',(#5673),#5684,.F.);
#5673 = FACE_BOUND('',#5674,.F.);
#5674 = EDGE_LOOP('',(#5675,#5681,#5682,#5683));
#5675 = ORIENTED_EDGE('',*,*,#5676,.T.);
#5676 = EDGE_CURVE('',#4821,#5232,#5677,.T.);
#5677 = LINE('',#5678,#5679);
#5678 = CARTESIAN_POINT('',(1.27,-4.064,0.));
#5679 = VECTOR('',#5680,1.);
#5680 = DIRECTION('',(0.,0.,1.));
#5681 = ORIENTED_EDGE('',*,*,#5239,.T.);
#5682 = ORIENTED_EDGE('',*,*,#5642,.F.);
#5683 = ORIENTED_EDGE('',*,*,#4828,.F.);
#5684 = PLANE('',#5685);
#5685 = AXIS2_PLACEMENT_3D('',#5686,#5687,#5688);
#5686 = CARTESIAN_POINT('',(1.27,-4.064,0.));
#5687 = DIRECTION('',(-0.707106781187,-0.707106781187,0.));
#5688 = DIRECTION('',(-0.707106781187,0.707106781187,0.));
#5689 = ADVANCED_FACE('',(#5690),#5701,.F.);
#5690 = FACE_BOUND('',#5691,.F.);
#5691 = EDGE_LOOP('',(#5692,#5693,#5694,#5700));
#5692 = ORIENTED_EDGE('',*,*,#5661,.T.);
#5693 = ORIENTED_EDGE('',*,*,#5111,.T.);
#5694 = ORIENTED_EDGE('',*,*,#5695,.F.);
#5695 = EDGE_CURVE('',#4701,#5112,#5696,.T.);
#5696 = LINE('',#5697,#5698);
#5697 = CARTESIAN_POINT('',(-1.016,-6.35,0.));
#5698 = VECTOR('',#5699,1.);
#5699 = DIRECTION('',(0.,0.,1.));
#5700 = ORIENTED_EDGE('',*,*,#4700,.F.);
#5701 = PLANE('',#5702);
#5702 = AXIS2_PLACEMENT_3D('',#5703,#5704,#5705);
#5703 = CARTESIAN_POINT('',(-1.27,-6.096,0.));
#5704 = DIRECTION('',(0.707106781187,0.707106781187,0.));
#5705 = DIRECTION('',(0.707106781187,-0.707106781187,0.));
#5706 = ADVANCED_FACE('',(#5707),#5718,.F.);
#5707 = FACE_BOUND('',#5708,.F.);
#5708 = EDGE_LOOP('',(#5709,#5715,#5716,#5717));
#5709 = ORIENTED_EDGE('',*,*,#5710,.T.);
#5710 = EDGE_CURVE('',#4813,#5224,#5711,.T.);
#5711 = LINE('',#5712,#5713);
#5712 = CARTESIAN_POINT('',(1.27,-6.096,0.));
#5713 = VECTOR('',#5714,1.);
#5714 = DIRECTION('',(0.,0.,1.));
#5715 = ORIENTED_EDGE('',*,*,#5231,.T.);
#5716 = ORIENTED_EDGE('',*,*,#5676,.F.);
#5717 = ORIENTED_EDGE('',*,*,#4820,.F.);
#5718 = PLANE('',#5719);
#5719 = AXIS2_PLACEMENT_3D('',#5720,#5721,#5722);
#5720 = CARTESIAN_POINT('',(1.27,-6.096,0.));
#5721 = DIRECTION('',(-1.,0.,0.));
#5722 = DIRECTION('',(0.,1.,0.));
#5723 = ADVANCED_FACE('',(#5724),#5735,.F.);
#5724 = FACE_BOUND('',#5725,.F.);
#5725 = EDGE_LOOP('',(#5726,#5727,#5728,#5734));
#5726 = ORIENTED_EDGE('',*,*,#5695,.T.);
#5727 = ORIENTED_EDGE('',*,*,#5119,.T.);
#5728 = ORIENTED_EDGE('',*,*,#5729,.F.);
#5729 = EDGE_CURVE('',#4709,#5120,#5730,.T.);
#5730 = LINE('',#5731,#5732);
#5731 = CARTESIAN_POINT('',(-1.27,-6.604,0.));
#5732 = VECTOR('',#5733,1.);
#5733 = DIRECTION('',(0.,0.,1.));
#5734 = ORIENTED_EDGE('',*,*,#4708,.F.);
#5735 = PLANE('',#5736);
#5736 = AXIS2_PLACEMENT_3D('',#5737,#5738,#5739);
#5737 = CARTESIAN_POINT('',(-1.016,-6.35,0.));
#5738 = DIRECTION('',(0.707106781187,-0.707106781187,0.));
#5739 = DIRECTION('',(-0.707106781187,-0.707106781187,0.));
#5740 = ADVANCED_FACE('',(#5741),#5752,.F.);
#5741 = FACE_BOUND('',#5742,.F.);
#5742 = EDGE_LOOP('',(#5743,#5749,#5750,#5751));
#5743 = ORIENTED_EDGE('',*,*,#5744,.T.);
#5744 = EDGE_CURVE('',#4805,#5216,#5745,.T.);
#5745 = LINE('',#5746,#5747);
#5746 = CARTESIAN_POINT('',(1.016,-6.35,0.));
#5747 = VECTOR('',#5748,1.);
#5748 = DIRECTION('',(0.,0.,1.));
#5749 = ORIENTED_EDGE('',*,*,#5223,.T.);
#5750 = ORIENTED_EDGE('',*,*,#5710,.F.);
#5751 = ORIENTED_EDGE('',*,*,#4812,.F.);
#5752 = PLANE('',#5753);
#5753 = AXIS2_PLACEMENT_3D('',#5754,#5755,#5756);
#5754 = CARTESIAN_POINT('',(1.016,-6.35,0.));
#5755 = DIRECTION('',(-0.707106781187,0.707106781187,0.));
#5756 = DIRECTION('',(0.707106781187,0.707106781187,0.));
#5757 = ADVANCED_FACE('',(#5758),#5769,.F.);
#5758 = FACE_BOUND('',#5759,.F.);
#5759 = EDGE_LOOP('',(#5760,#5761,#5762,#5768));
#5760 = ORIENTED_EDGE('',*,*,#5729,.T.);
#5761 = ORIENTED_EDGE('',*,*,#5127,.T.);
#5762 = ORIENTED_EDGE('',*,*,#5763,.F.);
#5763 = EDGE_CURVE('',#4717,#5128,#5764,.T.);
#5764 = LINE('',#5765,#5766);
#5765 = CARTESIAN_POINT('',(-1.27,-8.636,0.));
#5766 = VECTOR('',#5767,1.);
#5767 = DIRECTION('',(0.,0.,1.));
#5768 = ORIENTED_EDGE('',*,*,#4716,.F.);
#5769 = PLANE('',#5770);
#5770 = AXIS2_PLACEMENT_3D('',#5771,#5772,#5773);
#5771 = CARTESIAN_POINT('',(-1.27,-6.604,0.));
#5772 = DIRECTION('',(1.,0.,0.));
#5773 = DIRECTION('',(0.,-1.,0.));
#5774 = ADVANCED_FACE('',(#5775),#5786,.F.);
#5775 = FACE_BOUND('',#5776,.F.);
#5776 = EDGE_LOOP('',(#5777,#5783,#5784,#5785));
#5777 = ORIENTED_EDGE('',*,*,#5778,.T.);
#5778 = EDGE_CURVE('',#4797,#5208,#5779,.T.);
#5779 = LINE('',#5780,#5781);
#5780 = CARTESIAN_POINT('',(1.27,-6.604,0.));
#5781 = VECTOR('',#5782,1.);
#5782 = DIRECTION('',(0.,0.,1.));
#5783 = ORIENTED_EDGE('',*,*,#5215,.T.);
#5784 = ORIENTED_EDGE('',*,*,#5744,.F.);
#5785 = ORIENTED_EDGE('',*,*,#4804,.F.);
#5786 = PLANE('',#5787);
#5787 = AXIS2_PLACEMENT_3D('',#5788,#5789,#5790);
#5788 = CARTESIAN_POINT('',(1.27,-6.604,0.));
#5789 = DIRECTION('',(-0.707106781187,-0.707106781187,0.));
#5790 = DIRECTION('',(-0.707106781187,0.707106781187,0.));
#5791 = ADVANCED_FACE('',(#5792),#5803,.F.);
#5792 = FACE_BOUND('',#5793,.F.);
#5793 = EDGE_LOOP('',(#5794,#5795,#5796,#5802));
#5794 = ORIENTED_EDGE('',*,*,#5763,.T.);
#5795 = ORIENTED_EDGE('',*,*,#5135,.T.);
#5796 = ORIENTED_EDGE('',*,*,#5797,.F.);
#5797 = EDGE_CURVE('',#4725,#5136,#5798,.T.);
#5798 = LINE('',#5799,#5800);
#5799 = CARTESIAN_POINT('',(-1.016,-8.89,0.));
#5800 = VECTOR('',#5801,1.);
#5801 = DIRECTION('',(0.,0.,1.));
#5802 = ORIENTED_EDGE('',*,*,#4724,.F.);
#5803 = PLANE('',#5804);
#5804 = AXIS2_PLACEMENT_3D('',#5805,#5806,#5807);
#5805 = CARTESIAN_POINT('',(-1.27,-8.636,0.));
#5806 = DIRECTION('',(0.707106781187,0.707106781187,0.));
#5807 = DIRECTION('',(0.707106781187,-0.707106781187,0.));
#5808 = ADVANCED_FACE('',(#5809),#5820,.F.);
#5809 = FACE_BOUND('',#5810,.F.);
#5810 = EDGE_LOOP('',(#5811,#5817,#5818,#5819));
#5811 = ORIENTED_EDGE('',*,*,#5812,.T.);
#5812 = EDGE_CURVE('',#4789,#5200,#5813,.T.);
#5813 = LINE('',#5814,#5815);
#5814 = CARTESIAN_POINT('',(1.27,-8.636,0.));
#5815 = VECTOR('',#5816,1.);
#5816 = DIRECTION('',(0.,0.,1.));
#5817 = ORIENTED_EDGE('',*,*,#5207,.T.);
#5818 = ORIENTED_EDGE('',*,*,#5778,.F.);
#5819 = ORIENTED_EDGE('',*,*,#4796,.F.);
#5820 = PLANE('',#5821);
#5821 = AXIS2_PLACEMENT_3D('',#5822,#5823,#5824);
#5822 = CARTESIAN_POINT('',(1.27,-8.636,0.));
#5823 = DIRECTION('',(-1.,0.,0.));
#5824 = DIRECTION('',(0.,1.,0.));
#5825 = ADVANCED_FACE('',(#5826),#5837,.F.);
#5826 = FACE_BOUND('',#5827,.F.);
#5827 = EDGE_LOOP('',(#5828,#5829,#5830,#5836));
#5828 = ORIENTED_EDGE('',*,*,#5797,.T.);
#5829 = ORIENTED_EDGE('',*,*,#5143,.T.);
#5830 = ORIENTED_EDGE('',*,*,#5831,.F.);
#5831 = EDGE_CURVE('',#4733,#5144,#5832,.T.);
#5832 = LINE('',#5833,#5834);
#5833 = CARTESIAN_POINT('',(-1.27,-9.144,0.));
#5834 = VECTOR('',#5835,1.);
#5835 = DIRECTION('',(0.,0.,1.));
#5836 = ORIENTED_EDGE('',*,*,#4732,.F.);
#5837 = PLANE('',#5838);
#5838 = AXIS2_PLACEMENT_3D('',#5839,#5840,#5841);
#5839 = CARTESIAN_POINT('',(-1.016,-8.89,0.));
#5840 = DIRECTION('',(0.707106781187,-0.707106781187,0.));
#5841 = DIRECTION('',(-0.707106781187,-0.707106781187,0.));
#5842 = ADVANCED_FACE('',(#5843),#5854,.F.);
#5843 = FACE_BOUND('',#5844,.F.);
#5844 = EDGE_LOOP('',(#5845,#5851,#5852,#5853));
#5845 = ORIENTED_EDGE('',*,*,#5846,.T.);
#5846 = EDGE_CURVE('',#4781,#5192,#5847,.T.);
#5847 = LINE('',#5848,#5849);
#5848 = CARTESIAN_POINT('',(1.016,-8.89,0.));
#5849 = VECTOR('',#5850,1.);
#5850 = DIRECTION('',(0.,0.,1.));
#5851 = ORIENTED_EDGE('',*,*,#5199,.T.);
#5852 = ORIENTED_EDGE('',*,*,#5812,.F.);
#5853 = ORIENTED_EDGE('',*,*,#4788,.F.);
#5854 = PLANE('',#5855);
#5855 = AXIS2_PLACEMENT_3D('',#5856,#5857,#5858);
#5856 = CARTESIAN_POINT('',(1.016,-8.89,0.));
#5857 = DIRECTION('',(-0.707106781187,0.707106781187,0.));
#5858 = DIRECTION('',(0.707106781187,0.707106781187,0.));
#5859 = ADVANCED_FACE('',(#5860),#5871,.F.);
#5860 = FACE_BOUND('',#5861,.F.);
#5861 = EDGE_LOOP('',(#5862,#5863,#5864,#5870));
#5862 = ORIENTED_EDGE('',*,*,#5831,.T.);
#5863 = ORIENTED_EDGE('',*,*,#5151,.T.);
#5864 = ORIENTED_EDGE('',*,*,#5865,.F.);
#5865 = EDGE_CURVE('',#4741,#5152,#5866,.T.);
#5866 = LINE('',#5867,#5868);
#5867 = CARTESIAN_POINT('',(-1.27,-11.176,0.));
#5868 = VECTOR('',#5869,1.);
#5869 = DIRECTION('',(0.,0.,1.));
#5870 = ORIENTED_EDGE('',*,*,#4740,.F.);
#5871 = PLANE('',#5872);
#5872 = AXIS2_PLACEMENT_3D('',#5873,#5874,#5875);
#5873 = CARTESIAN_POINT('',(-1.27,-9.144,0.));
#5874 = DIRECTION('',(1.,0.,0.));
#5875 = DIRECTION('',(0.,-1.,0.));
#5876 = ADVANCED_FACE('',(#5877),#5888,.F.);
#5877 = FACE_BOUND('',#5878,.F.);
#5878 = EDGE_LOOP('',(#5879,#5885,#5886,#5887));
#5879 = ORIENTED_EDGE('',*,*,#5880,.T.);
#5880 = EDGE_CURVE('',#4773,#5184,#5881,.T.);
#5881 = LINE('',#5882,#5883);
#5882 = CARTESIAN_POINT('',(1.27,-9.144,0.));
#5883 = VECTOR('',#5884,1.);
#5884 = DIRECTION('',(0.,0.,1.));
#5885 = ORIENTED_EDGE('',*,*,#5191,.T.);
#5886 = ORIENTED_EDGE('',*,*,#5846,.F.);
#5887 = ORIENTED_EDGE('',*,*,#4780,.F.);
#5888 = PLANE('',#5889);
#5889 = AXIS2_PLACEMENT_3D('',#5890,#5891,#5892);
#5890 = CARTESIAN_POINT('',(1.27,-9.144,0.));
#5891 = DIRECTION('',(-0.707106781187,-0.707106781187,0.));
#5892 = DIRECTION('',(-0.707106781187,0.707106781187,0.));
#5893 = ADVANCED_FACE('',(#5894),#5905,.F.);
#5894 = FACE_BOUND('',#5895,.F.);
#5895 = EDGE_LOOP('',(#5896,#5897,#5898,#5904));
#5896 = ORIENTED_EDGE('',*,*,#5865,.T.);
#5897 = ORIENTED_EDGE('',*,*,#5159,.T.);
#5898 = ORIENTED_EDGE('',*,*,#5899,.F.);
#5899 = EDGE_CURVE('',#4749,#5160,#5900,.T.);
#5900 = LINE('',#5901,#5902);
#5901 = CARTESIAN_POINT('',(-1.016,-11.43,0.));
#5902 = VECTOR('',#5903,1.);
#5903 = DIRECTION('',(0.,0.,1.));
#5904 = ORIENTED_EDGE('',*,*,#4748,.F.);
#5905 = PLANE('',#5906);
#5906 = AXIS2_PLACEMENT_3D('',#5907,#5908,#5909);
#5907 = CARTESIAN_POINT('',(-1.27,-11.176,0.));
#5908 = DIRECTION('',(0.707106781187,0.707106781187,0.));
#5909 = DIRECTION('',(0.707106781187,-0.707106781187,0.));
#5910 = ADVANCED_FACE('',(#5911),#5922,.F.);
#5911 = FACE_BOUND('',#5912,.F.);
#5912 = EDGE_LOOP('',(#5913,#5919,#5920,#5921));
#5913 = ORIENTED_EDGE('',*,*,#5914,.T.);
#5914 = EDGE_CURVE('',#4765,#5176,#5915,.T.);
#5915 = LINE('',#5916,#5917);
#5916 = CARTESIAN_POINT('',(1.27,-11.176,0.));
#5917 = VECTOR('',#5918,1.);
#5918 = DIRECTION('',(0.,0.,1.));
#5919 = ORIENTED_EDGE('',*,*,#5183,.T.);
#5920 = ORIENTED_EDGE('',*,*,#5880,.F.);
#5921 = ORIENTED_EDGE('',*,*,#4772,.F.);
#5922 = PLANE('',#5923);
#5923 = AXIS2_PLACEMENT_3D('',#5924,#5925,#5926);
#5924 = CARTESIAN_POINT('',(1.27,-11.176,0.));
#5925 = DIRECTION('',(-1.,0.,0.));
#5926 = DIRECTION('',(0.,1.,0.));
#5927 = ADVANCED_FACE('',(#5928),#5939,.F.);
#5928 = FACE_BOUND('',#5929,.F.);
#5929 = EDGE_LOOP('',(#5930,#5931,#5932,#5938));
#5930 = ORIENTED_EDGE('',*,*,#5899,.T.);
#5931 = ORIENTED_EDGE('',*,*,#5167,.T.);
#5932 = ORIENTED_EDGE('',*,*,#5933,.F.);
#5933 = EDGE_CURVE('',#4757,#5168,#5934,.T.);
#5934 = LINE('',#5935,#5936);
#5935 = CARTESIAN_POINT('',(1.016,-11.43,0.));
#5936 = VECTOR('',#5937,1.);
#5937 = DIRECTION('',(0.,0.,1.));
#5938 = ORIENTED_EDGE('',*,*,#4756,.F.);
#5939 = PLANE('',#5940);
#5940 = AXIS2_PLACEMENT_3D('',#5941,#5942,#5943);
#5941 = CARTESIAN_POINT('',(-1.016,-11.43,0.));
#5942 = DIRECTION('',(0.,1.,0.));
#5943 = DIRECTION('',(1.,0.,0.));
#5944 = ADVANCED_FACE('',(#5945),#5951,.F.);
#5945 = FACE_BOUND('',#5946,.F.);
#5946 = EDGE_LOOP('',(#5947,#5948,#5949,#5950));
#5947 = ORIENTED_EDGE('',*,*,#5933,.T.);
#5948 = ORIENTED_EDGE('',*,*,#5175,.T.);
#5949 = ORIENTED_EDGE('',*,*,#5914,.F.);
#5950 = ORIENTED_EDGE('',*,*,#4764,.F.);
#5951 = PLANE('',#5952);
#5952 = AXIS2_PLACEMENT_3D('',#5953,#5954,#5955);
#5953 = CARTESIAN_POINT('',(1.016,-11.43,0.));
#5954 = DIRECTION('',(-0.707106781187,0.707106781187,0.));
#5955 = DIRECTION('',(0.707106781187,0.707106781187,0.));
#5956 = ADVANCED_FACE('',(#5957),#5982,.T.);
#5957 = FACE_BOUND('',#5958,.T.);
#5958 = EDGE_LOOP('',(#5959,#5967,#5975,#5981));
#5959 = ORIENTED_EDGE('',*,*,#5960,.F.);
#5960 = EDGE_CURVE('',#5961,#4886,#5963,.T.);
#5961 = VERTEX_POINT('',#5962);
#5962 = CARTESIAN_POINT('',(0.32,-0.32,-2.84));
#5963 = LINE('',#5964,#5965);
#5964 = CARTESIAN_POINT('',(0.32,-0.32,-3.));
#5965 = VECTOR('',#5966,1.);
#5966 = DIRECTION('',(0.,0.,1.));
#5967 = ORIENTED_EDGE('',*,*,#5968,.T.);
#5968 = EDGE_CURVE('',#5961,#5969,#5971,.T.);
#5969 = VERTEX_POINT('',#5970);
#5970 = CARTESIAN_POINT('',(0.32,0.32,-2.84));
#5971 = LINE('',#5972,#5973);
#5972 = CARTESIAN_POINT('',(0.32,-0.32,-2.84));
#5973 = VECTOR('',#5974,1.);
#5974 = DIRECTION('',(0.,1.,0.));
#5975 = ORIENTED_EDGE('',*,*,#5976,.T.);
#5976 = EDGE_CURVE('',#5969,#4888,#5977,.T.);
#5977 = LINE('',#5978,#5979);
#5978 = CARTESIAN_POINT('',(0.32,0.32,-3.));
#5979 = VECTOR('',#5980,1.);
#5980 = DIRECTION('',(0.,0.,1.));
#5981 = ORIENTED_EDGE('',*,*,#4885,.F.);
#5982 = PLANE('',#5983);
#5983 = AXIS2_PLACEMENT_3D('',#5984,#5985,#5986);
#5984 = CARTESIAN_POINT('',(0.32,-0.32,-3.));
#5985 = DIRECTION('',(1.,0.,0.));
#5986 = DIRECTION('',(0.,0.,1.));
#5987 = ADVANCED_FACE('',(#5988),#6006,.T.);
#5988 = FACE_BOUND('',#5989,.T.);
#5989 = EDGE_LOOP('',(#5990,#5991,#5999,#6005));
#5990 = ORIENTED_EDGE('',*,*,#5976,.F.);
#5991 = ORIENTED_EDGE('',*,*,#5992,.F.);
#5992 = EDGE_CURVE('',#5993,#5969,#5995,.T.);
#5993 = VERTEX_POINT('',#5994);
#5994 = CARTESIAN_POINT('',(-0.32,0.32,-2.84));
#5995 = LINE('',#5996,#5997);
#5996 = CARTESIAN_POINT('',(-0.32,0.32,-2.84));
#5997 = VECTOR('',#5998,1.);
#5998 = DIRECTION('',(1.,0.,0.));
#5999 = ORIENTED_EDGE('',*,*,#6000,.T.);
#6000 = EDGE_CURVE('',#5993,#4904,#6001,.T.);
#6001 = LINE('',#6002,#6003);
#6002 = CARTESIAN_POINT('',(-0.32,0.32,-3.));
#6003 = VECTOR('',#6004,1.);
#6004 = DIRECTION('',(0.,0.,1.));
#6005 = ORIENTED_EDGE('',*,*,#4911,.F.);
#6006 = PLANE('',#6007);
#6007 = AXIS2_PLACEMENT_3D('',#6008,#6009,#6010);
#6008 = CARTESIAN_POINT('',(-0.32,0.32,-3.));
#6009 = DIRECTION('',(0.,1.,0.));
#6010 = DIRECTION('',(0.,-0.,1.));
#6011 = ADVANCED_FACE('',(#6012),#6030,.F.);
#6012 = FACE_BOUND('',#6013,.F.);
#6013 = EDGE_LOOP('',(#6014,#6022,#6028,#6029));
#6014 = ORIENTED_EDGE('',*,*,#6015,.F.);
#6015 = EDGE_CURVE('',#6016,#4896,#6018,.T.);
#6016 = VERTEX_POINT('',#6017);
#6017 = CARTESIAN_POINT('',(-0.32,-0.32,-2.84));
#6018 = LINE('',#6019,#6020);
#6019 = CARTESIAN_POINT('',(-0.32,-0.32,-3.));
#6020 = VECTOR('',#6021,1.);
#6021 = DIRECTION('',(0.,0.,1.));
#6022 = ORIENTED_EDGE('',*,*,#6023,.T.);
#6023 = EDGE_CURVE('',#6016,#5993,#6024,.T.);
#6024 = LINE('',#6025,#6026);
#6025 = CARTESIAN_POINT('',(-0.32,-0.32,-2.84));
#6026 = VECTOR('',#6027,1.);
#6027 = DIRECTION('',(0.,1.,0.));
#6028 = ORIENTED_EDGE('',*,*,#6000,.T.);
#6029 = ORIENTED_EDGE('',*,*,#4903,.F.);
#6030 = PLANE('',#6031);
#6031 = AXIS2_PLACEMENT_3D('',#6032,#6033,#6034);
#6032 = CARTESIAN_POINT('',(-0.32,-0.32,-3.));
#6033 = DIRECTION('',(1.,0.,0.));
#6034 = DIRECTION('',(0.,0.,1.));
#6035 = ADVANCED_FACE('',(#6036),#6047,.F.);
#6036 = FACE_BOUND('',#6037,.F.);
#6037 = EDGE_LOOP('',(#6038,#6039,#6045,#6046));
#6038 = ORIENTED_EDGE('',*,*,#5960,.F.);
#6039 = ORIENTED_EDGE('',*,*,#6040,.F.);
#6040 = EDGE_CURVE('',#6016,#5961,#6041,.T.);
#6041 = LINE('',#6042,#6043);
#6042 = CARTESIAN_POINT('',(-0.32,-0.32,-2.84));
#6043 = VECTOR('',#6044,1.);
#6044 = DIRECTION('',(1.,0.,0.));
#6045 = ORIENTED_EDGE('',*,*,#6015,.T.);
#6046 = ORIENTED_EDGE('',*,*,#4895,.F.);
#6047 = PLANE('',#6048);
#6048 = AXIS2_PLACEMENT_3D('',#6049,#6050,#6051);
#6049 = CARTESIAN_POINT('',(-0.32,-0.32,-3.));
#6050 = DIRECTION('',(0.,1.,0.));
#6051 = DIRECTION('',(0.,-0.,1.));
#6052 = ADVANCED_FACE('',(#6053),#6078,.T.);
#6053 = FACE_BOUND('',#6054,.T.);
#6054 = EDGE_LOOP('',(#6055,#6063,#6071,#6077));
#6055 = ORIENTED_EDGE('',*,*,#6056,.F.);
#6056 = EDGE_CURVE('',#6057,#4920,#6059,.T.);
#6057 = VERTEX_POINT('',#6058);
#6058 = CARTESIAN_POINT('',(0.32,-2.22,-2.84));
#6059 = LINE('',#6060,#6061);
#6060 = CARTESIAN_POINT('',(0.32,-2.22,-3.));
#6061 = VECTOR('',#6062,1.);
#6062 = DIRECTION('',(0.,0.,1.));
#6063 = ORIENTED_EDGE('',*,*,#6064,.F.);
#6064 = EDGE_CURVE('',#6065,#6057,#6067,.T.);
#6065 = VERTEX_POINT('',#6066);
#6066 = CARTESIAN_POINT('',(-0.32,-2.22,-2.84));
#6067 = LINE('',#6068,#6069);
#6068 = CARTESIAN_POINT('',(-0.32,-2.22,-2.84));
#6069 = VECTOR('',#6070,1.);
#6070 = DIRECTION('',(1.,0.,0.));
#6071 = ORIENTED_EDGE('',*,*,#6072,.T.);
#6072 = EDGE_CURVE('',#6065,#4922,#6073,.T.);
#6073 = LINE('',#6074,#6075);
#6074 = CARTESIAN_POINT('',(-0.32,-2.22,-3.));
#6075 = VECTOR('',#6076,1.);
#6076 = DIRECTION('',(0.,0.,1.));
#6077 = ORIENTED_EDGE('',*,*,#4919,.F.);
#6078 = PLANE('',#6079);
#6079 = AXIS2_PLACEMENT_3D('',#6080,#6081,#6082);
#6080 = CARTESIAN_POINT('',(-0.32,-2.22,-3.));
#6081 = DIRECTION('',(0.,1.,0.));
#6082 = DIRECTION('',(0.,-0.,1.));
#6083 = ADVANCED_FACE('',(#6084),#6102,.F.);
#6084 = FACE_BOUND('',#6085,.F.);
#6085 = EDGE_LOOP('',(#6086,#6094,#6100,#6101));
#6086 = ORIENTED_EDGE('',*,*,#6087,.F.);
#6087 = EDGE_CURVE('',#6088,#4938,#6090,.T.);
#6088 = VERTEX_POINT('',#6089);
#6089 = CARTESIAN_POINT('',(-0.32,-2.86,-2.84));
#6090 = LINE('',#6091,#6092);
#6091 = CARTESIAN_POINT('',(-0.32,-2.86,-3.));
#6092 = VECTOR('',#6093,1.);
#6093 = DIRECTION('',(0.,0.,1.));
#6094 = ORIENTED_EDGE('',*,*,#6095,.T.);
#6095 = EDGE_CURVE('',#6088,#6065,#6096,.T.);
#6096 = LINE('',#6097,#6098);
#6097 = CARTESIAN_POINT('',(-0.32,-2.86,-2.84));
#6098 = VECTOR('',#6099,1.);
#6099 = DIRECTION('',(0.,1.,0.));
#6100 = ORIENTED_EDGE('',*,*,#6072,.T.);
#6101 = ORIENTED_EDGE('',*,*,#4945,.F.);
#6102 = PLANE('',#6103);
#6103 = AXIS2_PLACEMENT_3D('',#6104,#6105,#6106);
#6104 = CARTESIAN_POINT('',(-0.32,-2.86,-3.));
#6105 = DIRECTION('',(1.,0.,0.));
#6106 = DIRECTION('',(0.,0.,1.));
#6107 = ADVANCED_FACE('',(#6108),#6126,.F.);
#6108 = FACE_BOUND('',#6109,.F.);
#6109 = EDGE_LOOP('',(#6110,#6118,#6124,#6125));
#6110 = ORIENTED_EDGE('',*,*,#6111,.F.);
#6111 = EDGE_CURVE('',#6112,#4930,#6114,.T.);
#6112 = VERTEX_POINT('',#6113);
#6113 = CARTESIAN_POINT('',(0.32,-2.86,-2.84));
#6114 = LINE('',#6115,#6116);
#6115 = CARTESIAN_POINT('',(0.32,-2.86,-3.));
#6116 = VECTOR('',#6117,1.);
#6117 = DIRECTION('',(0.,0.,1.));
#6118 = ORIENTED_EDGE('',*,*,#6119,.F.);
#6119 = EDGE_CURVE('',#6088,#6112,#6120,.T.);
#6120 = LINE('',#6121,#6122);
#6121 = CARTESIAN_POINT('',(-0.32,-2.86,-2.84));
#6122 = VECTOR('',#6123,1.);
#6123 = DIRECTION('',(1.,0.,0.));
#6124 = ORIENTED_EDGE('',*,*,#6087,.T.);
#6125 = ORIENTED_EDGE('',*,*,#4937,.F.);
#6126 = PLANE('',#6127);
#6127 = AXIS2_PLACEMENT_3D('',#6128,#6129,#6130);
#6128 = CARTESIAN_POINT('',(-0.32,-2.86,-3.));
#6129 = DIRECTION('',(0.,1.,0.));
#6130 = DIRECTION('',(0.,-0.,1.));
#6131 = ADVANCED_FACE('',(#6132),#6143,.T.);
#6132 = FACE_BOUND('',#6133,.T.);
#6133 = EDGE_LOOP('',(#6134,#6135,#6141,#6142));
#6134 = ORIENTED_EDGE('',*,*,#6111,.F.);
#6135 = ORIENTED_EDGE('',*,*,#6136,.T.);
#6136 = EDGE_CURVE('',#6112,#6057,#6137,.T.);
#6137 = LINE('',#6138,#6139);
#6138 = CARTESIAN_POINT('',(0.32,-2.86,-2.84));
#6139 = VECTOR('',#6140,1.);
#6140 = DIRECTION('',(0.,1.,0.));
#6141 = ORIENTED_EDGE('',*,*,#6056,.T.);
#6142 = ORIENTED_EDGE('',*,*,#4929,.F.);
#6143 = PLANE('',#6144);
#6144 = AXIS2_PLACEMENT_3D('',#6145,#6146,#6147);
#6145 = CARTESIAN_POINT('',(0.32,-2.86,-3.));
#6146 = DIRECTION('',(1.,0.,0.));
#6147 = DIRECTION('',(0.,0.,1.));
#6148 = ADVANCED_FACE('',(#6149),#6174,.T.);
#6149 = FACE_BOUND('',#6150,.T.);
#6150 = EDGE_LOOP('',(#6151,#6159,#6167,#6173));
#6151 = ORIENTED_EDGE('',*,*,#6152,.F.);
#6152 = EDGE_CURVE('',#6153,#4954,#6155,.T.);
#6153 = VERTEX_POINT('',#6154);
#6154 = CARTESIAN_POINT('',(0.32,-4.76,-2.84));
#6155 = LINE('',#6156,#6157);
#6156 = CARTESIAN_POINT('',(0.32,-4.76,-3.));
#6157 = VECTOR('',#6158,1.);
#6158 = DIRECTION('',(0.,0.,1.));
#6159 = ORIENTED_EDGE('',*,*,#6160,.F.);
#6160 = EDGE_CURVE('',#6161,#6153,#6163,.T.);
#6161 = VERTEX_POINT('',#6162);
#6162 = CARTESIAN_POINT('',(-0.32,-4.76,-2.84));
#6163 = LINE('',#6164,#6165);
#6164 = CARTESIAN_POINT('',(-0.32,-4.76,-2.84));
#6165 = VECTOR('',#6166,1.);
#6166 = DIRECTION('',(1.,0.,0.));
#6167 = ORIENTED_EDGE('',*,*,#6168,.T.);
#6168 = EDGE_CURVE('',#6161,#4956,#6169,.T.);
#6169 = LINE('',#6170,#6171);
#6170 = CARTESIAN_POINT('',(-0.32,-4.76,-3.));
#6171 = VECTOR('',#6172,1.);
#6172 = DIRECTION('',(0.,0.,1.));
#6173 = ORIENTED_EDGE('',*,*,#4953,.F.);
#6174 = PLANE('',#6175);
#6175 = AXIS2_PLACEMENT_3D('',#6176,#6177,#6178);
#6176 = CARTESIAN_POINT('',(-0.32,-4.76,-3.));
#6177 = DIRECTION('',(0.,1.,0.));
#6178 = DIRECTION('',(0.,-0.,1.));
#6179 = ADVANCED_FACE('',(#6180),#6198,.F.);
#6180 = FACE_BOUND('',#6181,.F.);
#6181 = EDGE_LOOP('',(#6182,#6190,#6196,#6197));
#6182 = ORIENTED_EDGE('',*,*,#6183,.F.);
#6183 = EDGE_CURVE('',#6184,#4972,#6186,.T.);
#6184 = VERTEX_POINT('',#6185);
#6185 = CARTESIAN_POINT('',(-0.32,-5.4,-2.84));
#6186 = LINE('',#6187,#6188);
#6187 = CARTESIAN_POINT('',(-0.32,-5.4,-3.));
#6188 = VECTOR('',#6189,1.);
#6189 = DIRECTION('',(0.,0.,1.));
#6190 = ORIENTED_EDGE('',*,*,#6191,.T.);
#6191 = EDGE_CURVE('',#6184,#6161,#6192,.T.);
#6192 = LINE('',#6193,#6194);
#6193 = CARTESIAN_POINT('',(-0.32,-5.4,-2.84));
#6194 = VECTOR('',#6195,1.);
#6195 = DIRECTION('',(0.,1.,0.));
#6196 = ORIENTED_EDGE('',*,*,#6168,.T.);
#6197 = ORIENTED_EDGE('',*,*,#4979,.F.);
#6198 = PLANE('',#6199);
#6199 = AXIS2_PLACEMENT_3D('',#6200,#6201,#6202);
#6200 = CARTESIAN_POINT('',(-0.32,-5.4,-3.));
#6201 = DIRECTION('',(1.,0.,0.));
#6202 = DIRECTION('',(0.,0.,1.));
#6203 = ADVANCED_FACE('',(#6204),#6222,.F.);
#6204 = FACE_BOUND('',#6205,.F.);
#6205 = EDGE_LOOP('',(#6206,#6214,#6220,#6221));
#6206 = ORIENTED_EDGE('',*,*,#6207,.F.);
#6207 = EDGE_CURVE('',#6208,#4964,#6210,.T.);
#6208 = VERTEX_POINT('',#6209);
#6209 = CARTESIAN_POINT('',(0.32,-5.4,-2.84));
#6210 = LINE('',#6211,#6212);
#6211 = CARTESIAN_POINT('',(0.32,-5.4,-3.));
#6212 = VECTOR('',#6213,1.);
#6213 = DIRECTION('',(0.,0.,1.));
#6214 = ORIENTED_EDGE('',*,*,#6215,.F.);
#6215 = EDGE_CURVE('',#6184,#6208,#6216,.T.);
#6216 = LINE('',#6217,#6218);
#6217 = CARTESIAN_POINT('',(-0.32,-5.4,-2.84));
#6218 = VECTOR('',#6219,1.);
#6219 = DIRECTION('',(1.,0.,0.));
#6220 = ORIENTED_EDGE('',*,*,#6183,.T.);
#6221 = ORIENTED_EDGE('',*,*,#4971,.F.);
#6222 = PLANE('',#6223);
#6223 = AXIS2_PLACEMENT_3D('',#6224,#6225,#6226);
#6224 = CARTESIAN_POINT('',(-0.32,-5.4,-3.));
#6225 = DIRECTION('',(0.,1.,0.));
#6226 = DIRECTION('',(0.,-0.,1.));
#6227 = ADVANCED_FACE('',(#6228),#6239,.T.);
#6228 = FACE_BOUND('',#6229,.T.);
#6229 = EDGE_LOOP('',(#6230,#6231,#6237,#6238));
#6230 = ORIENTED_EDGE('',*,*,#6207,.F.);
#6231 = ORIENTED_EDGE('',*,*,#6232,.T.);
#6232 = EDGE_CURVE('',#6208,#6153,#6233,.T.);
#6233 = LINE('',#6234,#6235);
#6234 = CARTESIAN_POINT('',(0.32,-5.4,-2.84));
#6235 = VECTOR('',#6236,1.);
#6236 = DIRECTION('',(0.,1.,0.));
#6237 = ORIENTED_EDGE('',*,*,#6152,.T.);
#6238 = ORIENTED_EDGE('',*,*,#4963,.F.);
#6239 = PLANE('',#6240);
#6240 = AXIS2_PLACEMENT_3D('',#6241,#6242,#6243);
#6241 = CARTESIAN_POINT('',(0.32,-5.4,-3.));
#6242 = DIRECTION('',(1.,0.,0.));
#6243 = DIRECTION('',(0.,0.,1.));
#6244 = ADVANCED_FACE('',(#6245),#6270,.T.);
#6245 = FACE_BOUND('',#6246,.T.);
#6246 = EDGE_LOOP('',(#6247,#6255,#6263,#6269));
#6247 = ORIENTED_EDGE('',*,*,#6248,.F.);
#6248 = EDGE_CURVE('',#6249,#4988,#6251,.T.);
#6249 = VERTEX_POINT('',#6250);
#6250 = CARTESIAN_POINT('',(0.32,-9.84,-2.84));
#6251 = LINE('',#6252,#6253);
#6252 = CARTESIAN_POINT('',(0.32,-9.84,-3.));
#6253 = VECTOR('',#6254,1.);
#6254 = DIRECTION('',(0.,0.,1.));
#6255 = ORIENTED_EDGE('',*,*,#6256,.F.);
#6256 = EDGE_CURVE('',#6257,#6249,#6259,.T.);
#6257 = VERTEX_POINT('',#6258);
#6258 = CARTESIAN_POINT('',(-0.32,-9.84,-2.84));
#6259 = LINE('',#6260,#6261);
#6260 = CARTESIAN_POINT('',(-0.32,-9.84,-2.84));
#6261 = VECTOR('',#6262,1.);
#6262 = DIRECTION('',(1.,0.,0.));
#6263 = ORIENTED_EDGE('',*,*,#6264,.T.);
#6264 = EDGE_CURVE('',#6257,#4990,#6265,.T.);
#6265 = LINE('',#6266,#6267);
#6266 = CARTESIAN_POINT('',(-0.32,-9.84,-3.));
#6267 = VECTOR('',#6268,1.);
#6268 = DIRECTION('',(0.,0.,1.));
#6269 = ORIENTED_EDGE('',*,*,#4987,.F.);
#6270 = PLANE('',#6271);
#6271 = AXIS2_PLACEMENT_3D('',#6272,#6273,#6274);
#6272 = CARTESIAN_POINT('',(-0.32,-9.84,-3.));
#6273 = DIRECTION('',(0.,1.,0.));
#6274 = DIRECTION('',(0.,-0.,1.));
#6275 = ADVANCED_FACE('',(#6276),#6294,.F.);
#6276 = FACE_BOUND('',#6277,.F.);
#6277 = EDGE_LOOP('',(#6278,#6286,#6292,#6293));
#6278 = ORIENTED_EDGE('',*,*,#6279,.F.);
#6279 = EDGE_CURVE('',#6280,#5006,#6282,.T.);
#6280 = VERTEX_POINT('',#6281);
#6281 = CARTESIAN_POINT('',(-0.32,-10.48,-2.84));
#6282 = LINE('',#6283,#6284);
#6283 = CARTESIAN_POINT('',(-0.32,-10.48,-3.));
#6284 = VECTOR('',#6285,1.);
#6285 = DIRECTION('',(0.,0.,1.));
#6286 = ORIENTED_EDGE('',*,*,#6287,.T.);
#6287 = EDGE_CURVE('',#6280,#6257,#6288,.T.);
#6288 = LINE('',#6289,#6290);
#6289 = CARTESIAN_POINT('',(-0.32,-10.48,-2.84));
#6290 = VECTOR('',#6291,1.);
#6291 = DIRECTION('',(0.,1.,0.));
#6292 = ORIENTED_EDGE('',*,*,#6264,.T.);
#6293 = ORIENTED_EDGE('',*,*,#5013,.F.);
#6294 = PLANE('',#6295);
#6295 = AXIS2_PLACEMENT_3D('',#6296,#6297,#6298);
#6296 = CARTESIAN_POINT('',(-0.32,-10.48,-3.));
#6297 = DIRECTION('',(1.,0.,0.));
#6298 = DIRECTION('',(0.,0.,1.));
#6299 = ADVANCED_FACE('',(#6300),#6318,.F.);
#6300 = FACE_BOUND('',#6301,.F.);
#6301 = EDGE_LOOP('',(#6302,#6310,#6316,#6317));
#6302 = ORIENTED_EDGE('',*,*,#6303,.F.);
#6303 = EDGE_CURVE('',#6304,#4998,#6306,.T.);
#6304 = VERTEX_POINT('',#6305);
#6305 = CARTESIAN_POINT('',(0.32,-10.48,-2.84));
#6306 = LINE('',#6307,#6308);
#6307 = CARTESIAN_POINT('',(0.32,-10.48,-3.));
#6308 = VECTOR('',#6309,1.);
#6309 = DIRECTION('',(0.,0.,1.));
#6310 = ORIENTED_EDGE('',*,*,#6311,.F.);
#6311 = EDGE_CURVE('',#6280,#6304,#6312,.T.);
#6312 = LINE('',#6313,#6314);
#6313 = CARTESIAN_POINT('',(-0.32,-10.48,-2.84));
#6314 = VECTOR('',#6315,1.);
#6315 = DIRECTION('',(1.,0.,0.));
#6316 = ORIENTED_EDGE('',*,*,#6279,.T.);
#6317 = ORIENTED_EDGE('',*,*,#5005,.F.);
#6318 = PLANE('',#6319);
#6319 = AXIS2_PLACEMENT_3D('',#6320,#6321,#6322);
#6320 = CARTESIAN_POINT('',(-0.32,-10.48,-3.));
#6321 = DIRECTION('',(0.,1.,0.));
#6322 = DIRECTION('',(0.,-0.,1.));
#6323 = ADVANCED_FACE('',(#6324),#6335,.T.);
#6324 = FACE_BOUND('',#6325,.T.);
#6325 = EDGE_LOOP('',(#6326,#6327,#6333,#6334));
#6326 = ORIENTED_EDGE('',*,*,#6303,.F.);
#6327 = ORIENTED_EDGE('',*,*,#6328,.T.);
#6328 = EDGE_CURVE('',#6304,#6249,#6329,.T.);
#6329 = LINE('',#6330,#6331);
#6330 = CARTESIAN_POINT('',(0.32,-10.48,-2.84));
#6331 = VECTOR('',#6332,1.);
#6332 = DIRECTION('',(0.,1.,0.));
#6333 = ORIENTED_EDGE('',*,*,#6248,.T.);
#6334 = ORIENTED_EDGE('',*,*,#4997,.F.);
#6335 = PLANE('',#6336);
#6336 = AXIS2_PLACEMENT_3D('',#6337,#6338,#6339);
#6337 = CARTESIAN_POINT('',(0.32,-10.48,-3.));
#6338 = DIRECTION('',(1.,0.,0.));
#6339 = DIRECTION('',(0.,0.,1.));
#6340 = ADVANCED_FACE('',(#6341),#6366,.F.);
#6341 = FACE_BOUND('',#6342,.F.);
#6342 = EDGE_LOOP('',(#6343,#6351,#6359,#6365));
#6343 = ORIENTED_EDGE('',*,*,#6344,.F.);
#6344 = EDGE_CURVE('',#6345,#5022,#6347,.T.);
#6345 = VERTEX_POINT('',#6346);
#6346 = CARTESIAN_POINT('',(0.32,-7.94,-2.84));
#6347 = LINE('',#6348,#6349);
#6348 = CARTESIAN_POINT('',(0.32,-7.94,-3.));
#6349 = VECTOR('',#6350,1.);
#6350 = DIRECTION('',(0.,0.,1.));
#6351 = ORIENTED_EDGE('',*,*,#6352,.F.);
#6352 = EDGE_CURVE('',#6353,#6345,#6355,.T.);
#6353 = VERTEX_POINT('',#6354);
#6354 = CARTESIAN_POINT('',(-0.32,-7.94,-2.84));
#6355 = LINE('',#6356,#6357);
#6356 = CARTESIAN_POINT('',(-0.32,-7.94,-2.84));
#6357 = VECTOR('',#6358,1.);
#6358 = DIRECTION('',(1.,0.,0.));
#6359 = ORIENTED_EDGE('',*,*,#6360,.T.);
#6360 = EDGE_CURVE('',#6353,#5024,#6361,.T.);
#6361 = LINE('',#6362,#6363);
#6362 = CARTESIAN_POINT('',(-0.32,-7.94,-3.));
#6363 = VECTOR('',#6364,1.);
#6364 = DIRECTION('',(0.,0.,1.));
#6365 = ORIENTED_EDGE('',*,*,#5021,.F.);
#6366 = PLANE('',#6367);
#6367 = AXIS2_PLACEMENT_3D('',#6368,#6369,#6370);
#6368 = CARTESIAN_POINT('',(-0.32,-7.94,-3.));
#6369 = DIRECTION('',(0.,1.,0.));
#6370 = DIRECTION('',(0.,-0.,1.));
#6371 = ADVANCED_FACE('',(#6372),#6390,.T.);
#6372 = FACE_BOUND('',#6373,.T.);
#6373 = EDGE_LOOP('',(#6374,#6375,#6383,#6389));
#6374 = ORIENTED_EDGE('',*,*,#6344,.F.);
#6375 = ORIENTED_EDGE('',*,*,#6376,.T.);
#6376 = EDGE_CURVE('',#6345,#6377,#6379,.T.);
#6377 = VERTEX_POINT('',#6378);
#6378 = CARTESIAN_POINT('',(0.32,-7.3,-2.84));
#6379 = LINE('',#6380,#6381);
#6380 = CARTESIAN_POINT('',(0.32,-7.94,-2.84));
#6381 = VECTOR('',#6382,1.);
#6382 = DIRECTION('',(0.,1.,0.));
#6383 = ORIENTED_EDGE('',*,*,#6384,.T.);
#6384 = EDGE_CURVE('',#6377,#5040,#6385,.T.);
#6385 = LINE('',#6386,#6387);
#6386 = CARTESIAN_POINT('',(0.32,-7.3,-3.));
#6387 = VECTOR('',#6388,1.);
#6388 = DIRECTION('',(0.,0.,1.));
#6389 = ORIENTED_EDGE('',*,*,#5047,.F.);
#6390 = PLANE('',#6391);
#6391 = AXIS2_PLACEMENT_3D('',#6392,#6393,#6394);
#6392 = CARTESIAN_POINT('',(0.32,-7.94,-3.));
#6393 = DIRECTION('',(1.,0.,0.));
#6394 = DIRECTION('',(0.,0.,1.));
#6395 = ADVANCED_FACE('',(#6396),#6414,.T.);
#6396 = FACE_BOUND('',#6397,.T.);
#6397 = EDGE_LOOP('',(#6398,#6399,#6407,#6413));
#6398 = ORIENTED_EDGE('',*,*,#6384,.F.);
#6399 = ORIENTED_EDGE('',*,*,#6400,.F.);
#6400 = EDGE_CURVE('',#6401,#6377,#6403,.T.);
#6401 = VERTEX_POINT('',#6402);
#6402 = CARTESIAN_POINT('',(-0.32,-7.3,-2.84));
#6403 = LINE('',#6404,#6405);
#6404 = CARTESIAN_POINT('',(-0.32,-7.3,-2.84));
#6405 = VECTOR('',#6406,1.);
#6406 = DIRECTION('',(1.,0.,0.));
#6407 = ORIENTED_EDGE('',*,*,#6408,.T.);
#6408 = EDGE_CURVE('',#6401,#5032,#6409,.T.);
#6409 = LINE('',#6410,#6411);
#6410 = CARTESIAN_POINT('',(-0.32,-7.3,-3.));
#6411 = VECTOR('',#6412,1.);
#6412 = DIRECTION('',(0.,0.,1.));
#6413 = ORIENTED_EDGE('',*,*,#5039,.F.);
#6414 = PLANE('',#6415);
#6415 = AXIS2_PLACEMENT_3D('',#6416,#6417,#6418);
#6416 = CARTESIAN_POINT('',(-0.32,-7.3,-3.));
#6417 = DIRECTION('',(0.,1.,0.));
#6418 = DIRECTION('',(0.,-0.,1.));
#6419 = ADVANCED_FACE('',(#6420),#6431,.F.);
#6420 = FACE_BOUND('',#6421,.F.);
#6421 = EDGE_LOOP('',(#6422,#6423,#6429,#6430));
#6422 = ORIENTED_EDGE('',*,*,#6360,.F.);
#6423 = ORIENTED_EDGE('',*,*,#6424,.T.);
#6424 = EDGE_CURVE('',#6353,#6401,#6425,.T.);
#6425 = LINE('',#6426,#6427);
#6426 = CARTESIAN_POINT('',(-0.32,-7.94,-2.84));
#6427 = VECTOR('',#6428,1.);
#6428 = DIRECTION('',(0.,1.,0.));
#6429 = ORIENTED_EDGE('',*,*,#6408,.T.);
#6430 = ORIENTED_EDGE('',*,*,#5031,.F.);
#6431 = PLANE('',#6432);
#6432 = AXIS2_PLACEMENT_3D('',#6433,#6434,#6435);
#6433 = CARTESIAN_POINT('',(-0.32,-7.94,-3.));
#6434 = DIRECTION('',(1.,0.,0.));
#6435 = DIRECTION('',(0.,0.,1.));
#6436 = ADVANCED_FACE('',(#6437),#6462,.T.);
#6437 = FACE_BOUND('',#6438,.T.);
#6438 = EDGE_LOOP('',(#6439,#6447,#6448,#6456));
#6439 = ORIENTED_EDGE('',*,*,#6440,.F.);
#6440 = EDGE_CURVE('',#5297,#6441,#6443,.T.);
#6441 = VERTEX_POINT('',#6442);
#6442 = CARTESIAN_POINT('',(0.32,-0.32,8.38));
#6443 = LINE('',#6444,#6445);
#6444 = CARTESIAN_POINT('',(0.32,-0.32,-3.));
#6445 = VECTOR('',#6446,1.);
#6446 = DIRECTION('',(0.,0.,1.));
#6447 = ORIENTED_EDGE('',*,*,#5296,.T.);
#6448 = ORIENTED_EDGE('',*,*,#6449,.T.);
#6449 = EDGE_CURVE('',#5299,#6450,#6452,.T.);
#6450 = VERTEX_POINT('',#6451);
#6451 = CARTESIAN_POINT('',(0.32,0.32,8.38));
#6452 = LINE('',#6453,#6454);
#6453 = CARTESIAN_POINT('',(0.32,0.32,-3.));
#6454 = VECTOR('',#6455,1.);
#6455 = DIRECTION('',(0.,0.,1.));
#6456 = ORIENTED_EDGE('',*,*,#6457,.F.);
#6457 = EDGE_CURVE('',#6441,#6450,#6458,.T.);
#6458 = LINE('',#6459,#6460);
#6459 = CARTESIAN_POINT('',(0.32,-0.32,8.38));
#6460 = VECTOR('',#6461,1.);
#6461 = DIRECTION('',(0.,1.,0.));
#6462 = PLANE('',#6463);
#6463 = AXIS2_PLACEMENT_3D('',#6464,#6465,#6466);
#6464 = CARTESIAN_POINT('',(0.32,-0.32,-3.));
#6465 = DIRECTION('',(1.,0.,0.));
#6466 = DIRECTION('',(0.,0.,1.));
#6467 = ADVANCED_FACE('',(#6468),#6486,.T.);
#6468 = FACE_BOUND('',#6469,.T.);
#6469 = EDGE_LOOP('',(#6470,#6471,#6472,#6480));
#6470 = ORIENTED_EDGE('',*,*,#6449,.F.);
#6471 = ORIENTED_EDGE('',*,*,#5322,.T.);
#6472 = ORIENTED_EDGE('',*,*,#6473,.T.);
#6473 = EDGE_CURVE('',#5315,#6474,#6476,.T.);
#6474 = VERTEX_POINT('',#6475);
#6475 = CARTESIAN_POINT('',(-0.32,0.32,8.38));
#6476 = LINE('',#6477,#6478);
#6477 = CARTESIAN_POINT('',(-0.32,0.32,-3.));
#6478 = VECTOR('',#6479,1.);
#6479 = DIRECTION('',(0.,0.,1.));
#6480 = ORIENTED_EDGE('',*,*,#6481,.T.);
#6481 = EDGE_CURVE('',#6474,#6450,#6482,.T.);
#6482 = LINE('',#6483,#6484);
#6483 = CARTESIAN_POINT('',(-0.32,0.32,8.38));
#6484 = VECTOR('',#6485,1.);
#6485 = DIRECTION('',(1.,0.,0.));
#6486 = PLANE('',#6487);
#6487 = AXIS2_PLACEMENT_3D('',#6488,#6489,#6490);
#6488 = CARTESIAN_POINT('',(-0.32,0.32,-3.));
#6489 = DIRECTION('',(0.,1.,0.));
#6490 = DIRECTION('',(0.,-0.,1.));
#6491 = ADVANCED_FACE('',(#6492),#6510,.F.);
#6492 = FACE_BOUND('',#6493,.F.);
#6493 = EDGE_LOOP('',(#6494,#6502,#6503,#6504));
#6494 = ORIENTED_EDGE('',*,*,#6495,.F.);
#6495 = EDGE_CURVE('',#5307,#6496,#6498,.T.);
#6496 = VERTEX_POINT('',#6497);
#6497 = CARTESIAN_POINT('',(-0.32,-0.32,8.38));
#6498 = LINE('',#6499,#6500);
#6499 = CARTESIAN_POINT('',(-0.32,-0.32,-3.));
#6500 = VECTOR('',#6501,1.);
#6501 = DIRECTION('',(0.,0.,1.));
#6502 = ORIENTED_EDGE('',*,*,#5314,.T.);
#6503 = ORIENTED_EDGE('',*,*,#6473,.T.);
#6504 = ORIENTED_EDGE('',*,*,#6505,.F.);
#6505 = EDGE_CURVE('',#6496,#6474,#6506,.T.);
#6506 = LINE('',#6507,#6508);
#6507 = CARTESIAN_POINT('',(-0.32,-0.32,8.38));
#6508 = VECTOR('',#6509,1.);
#6509 = DIRECTION('',(0.,1.,0.));
#6510 = PLANE('',#6511);
#6511 = AXIS2_PLACEMENT_3D('',#6512,#6513,#6514);
#6512 = CARTESIAN_POINT('',(-0.32,-0.32,-3.));
#6513 = DIRECTION('',(1.,0.,0.));
#6514 = DIRECTION('',(0.,0.,1.));
#6515 = ADVANCED_FACE('',(#6516),#6527,.F.);
#6516 = FACE_BOUND('',#6517,.F.);
#6517 = EDGE_LOOP('',(#6518,#6519,#6520,#6521));
#6518 = ORIENTED_EDGE('',*,*,#6440,.F.);
#6519 = ORIENTED_EDGE('',*,*,#5306,.T.);
#6520 = ORIENTED_EDGE('',*,*,#6495,.T.);
#6521 = ORIENTED_EDGE('',*,*,#6522,.T.);
#6522 = EDGE_CURVE('',#6496,#6441,#6523,.T.);
#6523 = LINE('',#6524,#6525);
#6524 = CARTESIAN_POINT('',(-0.32,-0.32,8.38));
#6525 = VECTOR('',#6526,1.);
#6526 = DIRECTION('',(1.,0.,0.));
#6527 = PLANE('',#6528);
#6528 = AXIS2_PLACEMENT_3D('',#6529,#6530,#6531);
#6529 = CARTESIAN_POINT('',(-0.32,-0.32,-3.));
#6530 = DIRECTION('',(0.,1.,0.));
#6531 = DIRECTION('',(0.,-0.,1.));
#6532 = ADVANCED_FACE('',(#6533),#6558,.T.);
#6533 = FACE_BOUND('',#6534,.T.);
#6534 = EDGE_LOOP('',(#6535,#6543,#6544,#6552));
#6535 = ORIENTED_EDGE('',*,*,#6536,.F.);
#6536 = EDGE_CURVE('',#5331,#6537,#6539,.T.);
#6537 = VERTEX_POINT('',#6538);
#6538 = CARTESIAN_POINT('',(0.32,-2.22,8.38));
#6539 = LINE('',#6540,#6541);
#6540 = CARTESIAN_POINT('',(0.32,-2.22,-3.));
#6541 = VECTOR('',#6542,1.);
#6542 = DIRECTION('',(0.,0.,1.));
#6543 = ORIENTED_EDGE('',*,*,#5330,.T.);
#6544 = ORIENTED_EDGE('',*,*,#6545,.T.);
#6545 = EDGE_CURVE('',#5333,#6546,#6548,.T.);
#6546 = VERTEX_POINT('',#6547);
#6547 = CARTESIAN_POINT('',(-0.32,-2.22,8.38));
#6548 = LINE('',#6549,#6550);
#6549 = CARTESIAN_POINT('',(-0.32,-2.22,-3.));
#6550 = VECTOR('',#6551,1.);
#6551 = DIRECTION('',(0.,0.,1.));
#6552 = ORIENTED_EDGE('',*,*,#6553,.T.);
#6553 = EDGE_CURVE('',#6546,#6537,#6554,.T.);
#6554 = LINE('',#6555,#6556);
#6555 = CARTESIAN_POINT('',(-0.32,-2.22,8.38));
#6556 = VECTOR('',#6557,1.);
#6557 = DIRECTION('',(1.,0.,0.));
#6558 = PLANE('',#6559);
#6559 = AXIS2_PLACEMENT_3D('',#6560,#6561,#6562);
#6560 = CARTESIAN_POINT('',(-0.32,-2.22,-3.));
#6561 = DIRECTION('',(0.,1.,0.));
#6562 = DIRECTION('',(0.,-0.,1.));
#6563 = ADVANCED_FACE('',(#6564),#6582,.F.);
#6564 = FACE_BOUND('',#6565,.F.);
#6565 = EDGE_LOOP('',(#6566,#6574,#6575,#6576));
#6566 = ORIENTED_EDGE('',*,*,#6567,.F.);
#6567 = EDGE_CURVE('',#5349,#6568,#6570,.T.);
#6568 = VERTEX_POINT('',#6569);
#6569 = CARTESIAN_POINT('',(-0.32,-2.86,8.38));
#6570 = LINE('',#6571,#6572);
#6571 = CARTESIAN_POINT('',(-0.32,-2.86,-3.));
#6572 = VECTOR('',#6573,1.);
#6573 = DIRECTION('',(0.,0.,1.));
#6574 = ORIENTED_EDGE('',*,*,#5356,.T.);
#6575 = ORIENTED_EDGE('',*,*,#6545,.T.);
#6576 = ORIENTED_EDGE('',*,*,#6577,.F.);
#6577 = EDGE_CURVE('',#6568,#6546,#6578,.T.);
#6578 = LINE('',#6579,#6580);
#6579 = CARTESIAN_POINT('',(-0.32,-2.86,8.38));
#6580 = VECTOR('',#6581,1.);
#6581 = DIRECTION('',(0.,1.,0.));
#6582 = PLANE('',#6583);
#6583 = AXIS2_PLACEMENT_3D('',#6584,#6585,#6586);
#6584 = CARTESIAN_POINT('',(-0.32,-2.86,-3.));
#6585 = DIRECTION('',(1.,0.,0.));
#6586 = DIRECTION('',(0.,0.,1.));
#6587 = ADVANCED_FACE('',(#6588),#6606,.F.);
#6588 = FACE_BOUND('',#6589,.F.);
#6589 = EDGE_LOOP('',(#6590,#6598,#6599,#6600));
#6590 = ORIENTED_EDGE('',*,*,#6591,.F.);
#6591 = EDGE_CURVE('',#5341,#6592,#6594,.T.);
#6592 = VERTEX_POINT('',#6593);
#6593 = CARTESIAN_POINT('',(0.32,-2.86,8.38));
#6594 = LINE('',#6595,#6596);
#6595 = CARTESIAN_POINT('',(0.32,-2.86,-3.));
#6596 = VECTOR('',#6597,1.);
#6597 = DIRECTION('',(0.,0.,1.));
#6598 = ORIENTED_EDGE('',*,*,#5348,.T.);
#6599 = ORIENTED_EDGE('',*,*,#6567,.T.);
#6600 = ORIENTED_EDGE('',*,*,#6601,.T.);
#6601 = EDGE_CURVE('',#6568,#6592,#6602,.T.);
#6602 = LINE('',#6603,#6604);
#6603 = CARTESIAN_POINT('',(-0.32,-2.86,8.38));
#6604 = VECTOR('',#6605,1.);
#6605 = DIRECTION('',(1.,0.,0.));
#6606 = PLANE('',#6607);
#6607 = AXIS2_PLACEMENT_3D('',#6608,#6609,#6610);
#6608 = CARTESIAN_POINT('',(-0.32,-2.86,-3.));
#6609 = DIRECTION('',(0.,1.,0.));
#6610 = DIRECTION('',(0.,-0.,1.));
#6611 = ADVANCED_FACE('',(#6612),#6623,.T.);
#6612 = FACE_BOUND('',#6613,.T.);
#6613 = EDGE_LOOP('',(#6614,#6615,#6616,#6617));
#6614 = ORIENTED_EDGE('',*,*,#6591,.F.);
#6615 = ORIENTED_EDGE('',*,*,#5340,.T.);
#6616 = ORIENTED_EDGE('',*,*,#6536,.T.);
#6617 = ORIENTED_EDGE('',*,*,#6618,.F.);
#6618 = EDGE_CURVE('',#6592,#6537,#6619,.T.);
#6619 = LINE('',#6620,#6621);
#6620 = CARTESIAN_POINT('',(0.32,-2.86,8.38));
#6621 = VECTOR('',#6622,1.);
#6622 = DIRECTION('',(0.,1.,0.));
#6623 = PLANE('',#6624);
#6624 = AXIS2_PLACEMENT_3D('',#6625,#6626,#6627);
#6625 = CARTESIAN_POINT('',(0.32,-2.86,-3.));
#6626 = DIRECTION('',(1.,0.,0.));
#6627 = DIRECTION('',(0.,0.,1.));
#6628 = ADVANCED_FACE('',(#6629),#6654,.T.);
#6629 = FACE_BOUND('',#6630,.T.);
#6630 = EDGE_LOOP('',(#6631,#6639,#6640,#6648));
#6631 = ORIENTED_EDGE('',*,*,#6632,.F.);
#6632 = EDGE_CURVE('',#5365,#6633,#6635,.T.);
#6633 = VERTEX_POINT('',#6634);
#6634 = CARTESIAN_POINT('',(0.32,-4.76,8.38));
#6635 = LINE('',#6636,#6637);
#6636 = CARTESIAN_POINT('',(0.32,-4.76,-3.));
#6637 = VECTOR('',#6638,1.);
#6638 = DIRECTION('',(0.,0.,1.));
#6639 = ORIENTED_EDGE('',*,*,#5364,.T.);
#6640 = ORIENTED_EDGE('',*,*,#6641,.T.);
#6641 = EDGE_CURVE('',#5367,#6642,#6644,.T.);
#6642 = VERTEX_POINT('',#6643);
#6643 = CARTESIAN_POINT('',(-0.32,-4.76,8.38));
#6644 = LINE('',#6645,#6646);
#6645 = CARTESIAN_POINT('',(-0.32,-4.76,-3.));
#6646 = VECTOR('',#6647,1.);
#6647 = DIRECTION('',(0.,0.,1.));
#6648 = ORIENTED_EDGE('',*,*,#6649,.T.);
#6649 = EDGE_CURVE('',#6642,#6633,#6650,.T.);
#6650 = LINE('',#6651,#6652);
#6651 = CARTESIAN_POINT('',(-0.32,-4.76,8.38));
#6652 = VECTOR('',#6653,1.);
#6653 = DIRECTION('',(1.,0.,0.));
#6654 = PLANE('',#6655);
#6655 = AXIS2_PLACEMENT_3D('',#6656,#6657,#6658);
#6656 = CARTESIAN_POINT('',(-0.32,-4.76,-3.));
#6657 = DIRECTION('',(0.,1.,0.));
#6658 = DIRECTION('',(0.,-0.,1.));
#6659 = ADVANCED_FACE('',(#6660),#6678,.F.);
#6660 = FACE_BOUND('',#6661,.F.);
#6661 = EDGE_LOOP('',(#6662,#6670,#6671,#6672));
#6662 = ORIENTED_EDGE('',*,*,#6663,.F.);
#6663 = EDGE_CURVE('',#5383,#6664,#6666,.T.);
#6664 = VERTEX_POINT('',#6665);
#6665 = CARTESIAN_POINT('',(-0.32,-5.4,8.38));
#6666 = LINE('',#6667,#6668);
#6667 = CARTESIAN_POINT('',(-0.32,-5.4,-3.));
#6668 = VECTOR('',#6669,1.);
#6669 = DIRECTION('',(0.,0.,1.));
#6670 = ORIENTED_EDGE('',*,*,#5390,.T.);
#6671 = ORIENTED_EDGE('',*,*,#6641,.T.);
#6672 = ORIENTED_EDGE('',*,*,#6673,.F.);
#6673 = EDGE_CURVE('',#6664,#6642,#6674,.T.);
#6674 = LINE('',#6675,#6676);
#6675 = CARTESIAN_POINT('',(-0.32,-5.4,8.38));
#6676 = VECTOR('',#6677,1.);
#6677 = DIRECTION('',(0.,1.,0.));
#6678 = PLANE('',#6679);
#6679 = AXIS2_PLACEMENT_3D('',#6680,#6681,#6682);
#6680 = CARTESIAN_POINT('',(-0.32,-5.4,-3.));
#6681 = DIRECTION('',(1.,0.,0.));
#6682 = DIRECTION('',(0.,0.,1.));
#6683 = ADVANCED_FACE('',(#6684),#6702,.F.);
#6684 = FACE_BOUND('',#6685,.F.);
#6685 = EDGE_LOOP('',(#6686,#6694,#6695,#6696));
#6686 = ORIENTED_EDGE('',*,*,#6687,.F.);
#6687 = EDGE_CURVE('',#5375,#6688,#6690,.T.);
#6688 = VERTEX_POINT('',#6689);
#6689 = CARTESIAN_POINT('',(0.32,-5.4,8.38));
#6690 = LINE('',#6691,#6692);
#6691 = CARTESIAN_POINT('',(0.32,-5.4,-3.));
#6692 = VECTOR('',#6693,1.);
#6693 = DIRECTION('',(0.,0.,1.));
#6694 = ORIENTED_EDGE('',*,*,#5382,.T.);
#6695 = ORIENTED_EDGE('',*,*,#6663,.T.);
#6696 = ORIENTED_EDGE('',*,*,#6697,.T.);
#6697 = EDGE_CURVE('',#6664,#6688,#6698,.T.);
#6698 = LINE('',#6699,#6700);
#6699 = CARTESIAN_POINT('',(-0.32,-5.4,8.38));
#6700 = VECTOR('',#6701,1.);
#6701 = DIRECTION('',(1.,0.,0.));
#6702 = PLANE('',#6703);
#6703 = AXIS2_PLACEMENT_3D('',#6704,#6705,#6706);
#6704 = CARTESIAN_POINT('',(-0.32,-5.4,-3.));
#6705 = DIRECTION('',(0.,1.,0.));
#6706 = DIRECTION('',(0.,-0.,1.));
#6707 = ADVANCED_FACE('',(#6708),#6719,.T.);
#6708 = FACE_BOUND('',#6709,.T.);
#6709 = EDGE_LOOP('',(#6710,#6711,#6712,#6713));
#6710 = ORIENTED_EDGE('',*,*,#6687,.F.);
#6711 = ORIENTED_EDGE('',*,*,#5374,.T.);
#6712 = ORIENTED_EDGE('',*,*,#6632,.T.);
#6713 = ORIENTED_EDGE('',*,*,#6714,.F.);
#6714 = EDGE_CURVE('',#6688,#6633,#6715,.T.);
#6715 = LINE('',#6716,#6717);
#6716 = CARTESIAN_POINT('',(0.32,-5.4,8.38));
#6717 = VECTOR('',#6718,1.);
#6718 = DIRECTION('',(0.,1.,0.));
#6719 = PLANE('',#6720);
#6720 = AXIS2_PLACEMENT_3D('',#6721,#6722,#6723);
#6721 = CARTESIAN_POINT('',(0.32,-5.4,-3.));
#6722 = DIRECTION('',(1.,0.,0.));
#6723 = DIRECTION('',(0.,0.,1.));
#6724 = ADVANCED_FACE('',(#6725),#6750,.T.);
#6725 = FACE_BOUND('',#6726,.T.);
#6726 = EDGE_LOOP('',(#6727,#6735,#6736,#6744));
#6727 = ORIENTED_EDGE('',*,*,#6728,.F.);
#6728 = EDGE_CURVE('',#5399,#6729,#6731,.T.);
#6729 = VERTEX_POINT('',#6730);
#6730 = CARTESIAN_POINT('',(0.32,-9.84,8.38));
#6731 = LINE('',#6732,#6733);
#6732 = CARTESIAN_POINT('',(0.32,-9.84,-3.));
#6733 = VECTOR('',#6734,1.);
#6734 = DIRECTION('',(0.,0.,1.));
#6735 = ORIENTED_EDGE('',*,*,#5398,.T.);
#6736 = ORIENTED_EDGE('',*,*,#6737,.T.);
#6737 = EDGE_CURVE('',#5401,#6738,#6740,.T.);
#6738 = VERTEX_POINT('',#6739);
#6739 = CARTESIAN_POINT('',(-0.32,-9.84,8.38));
#6740 = LINE('',#6741,#6742);
#6741 = CARTESIAN_POINT('',(-0.32,-9.84,-3.));
#6742 = VECTOR('',#6743,1.);
#6743 = DIRECTION('',(0.,0.,1.));
#6744 = ORIENTED_EDGE('',*,*,#6745,.T.);
#6745 = EDGE_CURVE('',#6738,#6729,#6746,.T.);
#6746 = LINE('',#6747,#6748);
#6747 = CARTESIAN_POINT('',(-0.32,-9.84,8.38));
#6748 = VECTOR('',#6749,1.);
#6749 = DIRECTION('',(1.,0.,0.));
#6750 = PLANE('',#6751);
#6751 = AXIS2_PLACEMENT_3D('',#6752,#6753,#6754);
#6752 = CARTESIAN_POINT('',(-0.32,-9.84,-3.));
#6753 = DIRECTION('',(0.,1.,0.));
#6754 = DIRECTION('',(0.,-0.,1.));
#6755 = ADVANCED_FACE('',(#6756),#6774,.F.);
#6756 = FACE_BOUND('',#6757,.F.);
#6757 = EDGE_LOOP('',(#6758,#6766,#6767,#6768));
#6758 = ORIENTED_EDGE('',*,*,#6759,.F.);
#6759 = EDGE_CURVE('',#5417,#6760,#6762,.T.);
#6760 = VERTEX_POINT('',#6761);
#6761 = CARTESIAN_POINT('',(-0.32,-10.48,8.38));
#6762 = LINE('',#6763,#6764);
#6763 = CARTESIAN_POINT('',(-0.32,-10.48,-3.));
#6764 = VECTOR('',#6765,1.);
#6765 = DIRECTION('',(0.,0.,1.));
#6766 = ORIENTED_EDGE('',*,*,#5424,.T.);
#6767 = ORIENTED_EDGE('',*,*,#6737,.T.);
#6768 = ORIENTED_EDGE('',*,*,#6769,.F.);
#6769 = EDGE_CURVE('',#6760,#6738,#6770,.T.);
#6770 = LINE('',#6771,#6772);
#6771 = CARTESIAN_POINT('',(-0.32,-10.48,8.38));
#6772 = VECTOR('',#6773,1.);
#6773 = DIRECTION('',(0.,1.,0.));
#6774 = PLANE('',#6775);
#6775 = AXIS2_PLACEMENT_3D('',#6776,#6777,#6778);
#6776 = CARTESIAN_POINT('',(-0.32,-10.48,-3.));
#6777 = DIRECTION('',(1.,0.,0.));
#6778 = DIRECTION('',(0.,0.,1.));
#6779 = ADVANCED_FACE('',(#6780),#6798,.F.);
#6780 = FACE_BOUND('',#6781,.F.);
#6781 = EDGE_LOOP('',(#6782,#6790,#6791,#6792));
#6782 = ORIENTED_EDGE('',*,*,#6783,.F.);
#6783 = EDGE_CURVE('',#5409,#6784,#6786,.T.);
#6784 = VERTEX_POINT('',#6785);
#6785 = CARTESIAN_POINT('',(0.32,-10.48,8.38));
#6786 = LINE('',#6787,#6788);
#6787 = CARTESIAN_POINT('',(0.32,-10.48,-3.));
#6788 = VECTOR('',#6789,1.);
#6789 = DIRECTION('',(0.,0.,1.));
#6790 = ORIENTED_EDGE('',*,*,#5416,.T.);
#6791 = ORIENTED_EDGE('',*,*,#6759,.T.);
#6792 = ORIENTED_EDGE('',*,*,#6793,.T.);
#6793 = EDGE_CURVE('',#6760,#6784,#6794,.T.);
#6794 = LINE('',#6795,#6796);
#6795 = CARTESIAN_POINT('',(-0.32,-10.48,8.38));
#6796 = VECTOR('',#6797,1.);
#6797 = DIRECTION('',(1.,0.,0.));
#6798 = PLANE('',#6799);
#6799 = AXIS2_PLACEMENT_3D('',#6800,#6801,#6802);
#6800 = CARTESIAN_POINT('',(-0.32,-10.48,-3.));
#6801 = DIRECTION('',(0.,1.,0.));
#6802 = DIRECTION('',(0.,-0.,1.));
#6803 = ADVANCED_FACE('',(#6804),#6815,.T.);
#6804 = FACE_BOUND('',#6805,.T.);
#6805 = EDGE_LOOP('',(#6806,#6807,#6808,#6809));
#6806 = ORIENTED_EDGE('',*,*,#6783,.F.);
#6807 = ORIENTED_EDGE('',*,*,#5408,.T.);
#6808 = ORIENTED_EDGE('',*,*,#6728,.T.);
#6809 = ORIENTED_EDGE('',*,*,#6810,.F.);
#6810 = EDGE_CURVE('',#6784,#6729,#6811,.T.);
#6811 = LINE('',#6812,#6813);
#6812 = CARTESIAN_POINT('',(0.32,-10.48,8.38));
#6813 = VECTOR('',#6814,1.);
#6814 = DIRECTION('',(0.,1.,0.));
#6815 = PLANE('',#6816);
#6816 = AXIS2_PLACEMENT_3D('',#6817,#6818,#6819);
#6817 = CARTESIAN_POINT('',(0.32,-10.48,-3.));
#6818 = DIRECTION('',(1.,0.,0.));
#6819 = DIRECTION('',(0.,0.,1.));
#6820 = ADVANCED_FACE('',(#6821),#6846,.F.);
#6821 = FACE_BOUND('',#6822,.F.);
#6822 = EDGE_LOOP('',(#6823,#6831,#6832,#6840));
#6823 = ORIENTED_EDGE('',*,*,#6824,.F.);
#6824 = EDGE_CURVE('',#5433,#6825,#6827,.T.);
#6825 = VERTEX_POINT('',#6826);
#6826 = CARTESIAN_POINT('',(0.32,-7.94,8.38));
#6827 = LINE('',#6828,#6829);
#6828 = CARTESIAN_POINT('',(0.32,-7.94,-3.));
#6829 = VECTOR('',#6830,1.);
#6830 = DIRECTION('',(0.,0.,1.));
#6831 = ORIENTED_EDGE('',*,*,#5432,.T.);
#6832 = ORIENTED_EDGE('',*,*,#6833,.T.);
#6833 = EDGE_CURVE('',#5435,#6834,#6836,.T.);
#6834 = VERTEX_POINT('',#6835);
#6835 = CARTESIAN_POINT('',(-0.32,-7.94,8.38));
#6836 = LINE('',#6837,#6838);
#6837 = CARTESIAN_POINT('',(-0.32,-7.94,-3.));
#6838 = VECTOR('',#6839,1.);
#6839 = DIRECTION('',(0.,0.,1.));
#6840 = ORIENTED_EDGE('',*,*,#6841,.T.);
#6841 = EDGE_CURVE('',#6834,#6825,#6842,.T.);
#6842 = LINE('',#6843,#6844);
#6843 = CARTESIAN_POINT('',(-0.32,-7.94,8.38));
#6844 = VECTOR('',#6845,1.);
#6845 = DIRECTION('',(1.,0.,0.));
#6846 = PLANE('',#6847);
#6847 = AXIS2_PLACEMENT_3D('',#6848,#6849,#6850);
#6848 = CARTESIAN_POINT('',(-0.32,-7.94,-3.));
#6849 = DIRECTION('',(0.,1.,0.));
#6850 = DIRECTION('',(0.,-0.,1.));
#6851 = ADVANCED_FACE('',(#6852),#6870,.T.);
#6852 = FACE_BOUND('',#6853,.T.);
#6853 = EDGE_LOOP('',(#6854,#6855,#6856,#6864));
#6854 = ORIENTED_EDGE('',*,*,#6824,.F.);
#6855 = ORIENTED_EDGE('',*,*,#5458,.T.);
#6856 = ORIENTED_EDGE('',*,*,#6857,.T.);
#6857 = EDGE_CURVE('',#5451,#6858,#6860,.T.);
#6858 = VERTEX_POINT('',#6859);
#6859 = CARTESIAN_POINT('',(0.32,-7.3,8.38));
#6860 = LINE('',#6861,#6862);
#6861 = CARTESIAN_POINT('',(0.32,-7.3,-3.));
#6862 = VECTOR('',#6863,1.);
#6863 = DIRECTION('',(0.,0.,1.));
#6864 = ORIENTED_EDGE('',*,*,#6865,.F.);
#6865 = EDGE_CURVE('',#6825,#6858,#6866,.T.);
#6866 = LINE('',#6867,#6868);
#6867 = CARTESIAN_POINT('',(0.32,-7.94,8.38));
#6868 = VECTOR('',#6869,1.);
#6869 = DIRECTION('',(0.,1.,0.));
#6870 = PLANE('',#6871);
#6871 = AXIS2_PLACEMENT_3D('',#6872,#6873,#6874);
#6872 = CARTESIAN_POINT('',(0.32,-7.94,-3.));
#6873 = DIRECTION('',(1.,0.,0.));
#6874 = DIRECTION('',(0.,0.,1.));
#6875 = ADVANCED_FACE('',(#6876),#6894,.T.);
#6876 = FACE_BOUND('',#6877,.T.);
#6877 = EDGE_LOOP('',(#6878,#6879,#6880,#6888));
#6878 = ORIENTED_EDGE('',*,*,#6857,.F.);
#6879 = ORIENTED_EDGE('',*,*,#5450,.T.);
#6880 = ORIENTED_EDGE('',*,*,#6881,.T.);
#6881 = EDGE_CURVE('',#5443,#6882,#6884,.T.);
#6882 = VERTEX_POINT('',#6883);
#6883 = CARTESIAN_POINT('',(-0.32,-7.3,8.38));
#6884 = LINE('',#6885,#6886);
#6885 = CARTESIAN_POINT('',(-0.32,-7.3,-3.));
#6886 = VECTOR('',#6887,1.);
#6887 = DIRECTION('',(0.,0.,1.));
#6888 = ORIENTED_EDGE('',*,*,#6889,.T.);
#6889 = EDGE_CURVE('',#6882,#6858,#6890,.T.);
#6890 = LINE('',#6891,#6892);
#6891 = CARTESIAN_POINT('',(-0.32,-7.3,8.38));
#6892 = VECTOR('',#6893,1.);
#6893 = DIRECTION('',(1.,0.,0.));
#6894 = PLANE('',#6895);
#6895 = AXIS2_PLACEMENT_3D('',#6896,#6897,#6898);
#6896 = CARTESIAN_POINT('',(-0.32,-7.3,-3.));
#6897 = DIRECTION('',(0.,1.,0.));
#6898 = DIRECTION('',(0.,-0.,1.));
#6899 = ADVANCED_FACE('',(#6900),#6911,.F.);
#6900 = FACE_BOUND('',#6901,.F.);
#6901 = EDGE_LOOP('',(#6902,#6903,#6904,#6905));
#6902 = ORIENTED_EDGE('',*,*,#6833,.F.);
#6903 = ORIENTED_EDGE('',*,*,#5442,.T.);
#6904 = ORIENTED_EDGE('',*,*,#6881,.T.);
#6905 = ORIENTED_EDGE('',*,*,#6906,.F.);
#6906 = EDGE_CURVE('',#6834,#6882,#6907,.T.);
#6907 = LINE('',#6908,#6909);
#6908 = CARTESIAN_POINT('',(-0.32,-7.94,8.38));
#6909 = VECTOR('',#6910,1.);
#6910 = DIRECTION('',(0.,1.,0.));
#6911 = PLANE('',#6912);
#6912 = AXIS2_PLACEMENT_3D('',#6913,#6914,#6915);
#6913 = CARTESIAN_POINT('',(-0.32,-7.94,-3.));
#6914 = DIRECTION('',(1.,0.,0.));
#6915 = DIRECTION('',(0.,0.,1.));
#6916 = ADVANCED_FACE('',(#6917),#6942,.F.);
#6917 = FACE_BOUND('',#6918,.F.);
#6918 = EDGE_LOOP('',(#6919,#6927,#6928,#6936));
#6919 = ORIENTED_EDGE('',*,*,#6920,.F.);
#6920 = EDGE_CURVE('',#5961,#6921,#6923,.T.);
#6921 = VERTEX_POINT('',#6922);
#6922 = CARTESIAN_POINT('',(0.16,-0.16,-3.));
#6923 = LINE('',#6924,#6925);
#6924 = CARTESIAN_POINT('',(0.16,-0.16,-3.));
#6925 = VECTOR('',#6926,1.);
#6926 = DIRECTION('',(-0.57735026919,0.57735026919,-0.57735026919));
#6927 = ORIENTED_EDGE('',*,*,#5968,.T.);
#6928 = ORIENTED_EDGE('',*,*,#6929,.T.);
#6929 = EDGE_CURVE('',#5969,#6930,#6932,.T.);
#6930 = VERTEX_POINT('',#6931);
#6931 = CARTESIAN_POINT('',(0.16,0.16,-3.));
#6932 = LINE('',#6933,#6934);
#6933 = CARTESIAN_POINT('',(5.333333333333E-02,5.333333333333E-02,
    -3.106666666667));
#6934 = VECTOR('',#6935,1.);
#6935 = DIRECTION('',(-0.57735026919,-0.57735026919,-0.57735026919));
#6936 = ORIENTED_EDGE('',*,*,#6937,.F.);
#6937 = EDGE_CURVE('',#6921,#6930,#6938,.T.);
#6938 = LINE('',#6939,#6940);
#6939 = CARTESIAN_POINT('',(0.16,-0.32,-3.));
#6940 = VECTOR('',#6941,1.);
#6941 = DIRECTION('',(0.,1.,0.));
#6942 = PLANE('',#6943);
#6943 = AXIS2_PLACEMENT_3D('',#6944,#6945,#6946);
#6944 = CARTESIAN_POINT('',(0.24,-0.32,-2.92));
#6945 = DIRECTION('',(-0.707106781187,1.735167508357E-18,0.707106781187)
  );
#6946 = DIRECTION('',(1.226948711654E-18,1.,-1.226948711654E-18));
#6947 = ADVANCED_FACE('',(#6948),#6966,.F.);
#6948 = FACE_BOUND('',#6949,.T.);
#6949 = EDGE_LOOP('',(#6950,#6958,#6959,#6960));
#6950 = ORIENTED_EDGE('',*,*,#6951,.F.);
#6951 = EDGE_CURVE('',#5993,#6952,#6954,.T.);
#6952 = VERTEX_POINT('',#6953);
#6953 = CARTESIAN_POINT('',(-0.16,0.16,-3.));
#6954 = LINE('',#6955,#6956);
#6955 = CARTESIAN_POINT('',(-0.16,0.16,-3.));
#6956 = VECTOR('',#6957,1.);
#6957 = DIRECTION('',(0.57735026919,-0.57735026919,-0.57735026919));
#6958 = ORIENTED_EDGE('',*,*,#5992,.T.);
#6959 = ORIENTED_EDGE('',*,*,#6929,.T.);
#6960 = ORIENTED_EDGE('',*,*,#6961,.F.);
#6961 = EDGE_CURVE('',#6952,#6930,#6962,.T.);
#6962 = LINE('',#6963,#6964);
#6963 = CARTESIAN_POINT('',(-0.32,0.16,-3.));
#6964 = VECTOR('',#6965,1.);
#6965 = DIRECTION('',(1.,0.,0.));
#6966 = PLANE('',#6967);
#6967 = AXIS2_PLACEMENT_3D('',#6968,#6969,#6970);
#6968 = CARTESIAN_POINT('',(-0.32,0.24,-2.92));
#6969 = DIRECTION('',(-1.735167508357E-18,-0.707106781187,0.707106781187
    ));
#6970 = DIRECTION('',(-1.,1.226948711654E-18,-1.226948711654E-18));
#6971 = ADVANCED_FACE('',(#6972),#6990,.T.);
#6972 = FACE_BOUND('',#6973,.T.);
#6973 = EDGE_LOOP('',(#6974,#6982,#6983,#6984));
#6974 = ORIENTED_EDGE('',*,*,#6975,.F.);
#6975 = EDGE_CURVE('',#6016,#6976,#6978,.T.);
#6976 = VERTEX_POINT('',#6977);
#6977 = CARTESIAN_POINT('',(-0.16,-0.16,-3.));
#6978 = LINE('',#6979,#6980);
#6979 = CARTESIAN_POINT('',(-0.266666666667,-0.266666666667,
    -2.893333333333));
#6980 = VECTOR('',#6981,1.);
#6981 = DIRECTION('',(0.57735026919,0.57735026919,-0.57735026919));
#6982 = ORIENTED_EDGE('',*,*,#6023,.T.);
#6983 = ORIENTED_EDGE('',*,*,#6951,.T.);
#6984 = ORIENTED_EDGE('',*,*,#6985,.F.);
#6985 = EDGE_CURVE('',#6976,#6952,#6986,.T.);
#6986 = LINE('',#6987,#6988);
#6987 = CARTESIAN_POINT('',(-0.16,-0.32,-3.));
#6988 = VECTOR('',#6989,1.);
#6989 = DIRECTION('',(0.,1.,0.));
#6990 = PLANE('',#6991);
#6991 = AXIS2_PLACEMENT_3D('',#6992,#6993,#6994);
#6992 = CARTESIAN_POINT('',(-0.24,-0.32,-2.92));
#6993 = DIRECTION('',(-0.707106781187,-1.735167508357E-18,
    -0.707106781187));
#6994 = DIRECTION('',(-1.226948711654E-18,1.,-1.226948711654E-18));
#6995 = ADVANCED_FACE('',(#6996),#7007,.T.);
#6996 = FACE_BOUND('',#6997,.F.);
#6997 = EDGE_LOOP('',(#6998,#6999,#7000,#7001));
#6998 = ORIENTED_EDGE('',*,*,#6975,.F.);
#6999 = ORIENTED_EDGE('',*,*,#6040,.T.);
#7000 = ORIENTED_EDGE('',*,*,#6920,.T.);
#7001 = ORIENTED_EDGE('',*,*,#7002,.F.);
#7002 = EDGE_CURVE('',#6976,#6921,#7003,.T.);
#7003 = LINE('',#7004,#7005);
#7004 = CARTESIAN_POINT('',(-0.32,-0.16,-3.));
#7005 = VECTOR('',#7006,1.);
#7006 = DIRECTION('',(1.,0.,0.));
#7007 = PLANE('',#7008);
#7008 = AXIS2_PLACEMENT_3D('',#7009,#7010,#7011);
#7009 = CARTESIAN_POINT('',(-0.32,-0.24,-2.92));
#7010 = DIRECTION('',(1.735167508357E-18,-0.707106781187,-0.707106781187
    ));
#7011 = DIRECTION('',(-1.,-1.226948711654E-18,-1.226948711654E-18));
#7012 = ADVANCED_FACE('',(#7013),#7038,.F.);
#7013 = FACE_BOUND('',#7014,.T.);
#7014 = EDGE_LOOP('',(#7015,#7023,#7024,#7032));
#7015 = ORIENTED_EDGE('',*,*,#7016,.F.);
#7016 = EDGE_CURVE('',#6065,#7017,#7019,.T.);
#7017 = VERTEX_POINT('',#7018);
#7018 = CARTESIAN_POINT('',(-0.16,-2.38,-3.));
#7019 = LINE('',#7020,#7021);
#7020 = CARTESIAN_POINT('',(-0.16,-2.38,-3.));
#7021 = VECTOR('',#7022,1.);
#7022 = DIRECTION('',(0.57735026919,-0.57735026919,-0.57735026919));
#7023 = ORIENTED_EDGE('',*,*,#6064,.T.);
#7024 = ORIENTED_EDGE('',*,*,#7025,.T.);
#7025 = EDGE_CURVE('',#6057,#7026,#7028,.T.);
#7026 = VERTEX_POINT('',#7027);
#7027 = CARTESIAN_POINT('',(0.16,-2.38,-3.));
#7028 = LINE('',#7029,#7030);
#7029 = CARTESIAN_POINT('',(5.333333333333E-02,-2.486666666667,
    -3.106666666667));
#7030 = VECTOR('',#7031,1.);
#7031 = DIRECTION('',(-0.57735026919,-0.57735026919,-0.57735026919));
#7032 = ORIENTED_EDGE('',*,*,#7033,.F.);
#7033 = EDGE_CURVE('',#7017,#7026,#7034,.T.);
#7034 = LINE('',#7035,#7036);
#7035 = CARTESIAN_POINT('',(-0.32,-2.38,-3.));
#7036 = VECTOR('',#7037,1.);
#7037 = DIRECTION('',(1.,0.,0.));
#7038 = PLANE('',#7039);
#7039 = AXIS2_PLACEMENT_3D('',#7040,#7041,#7042);
#7040 = CARTESIAN_POINT('',(-0.32,-2.3,-2.92));
#7041 = DIRECTION('',(-1.735167508357E-18,-0.707106781187,0.707106781187
    ));
#7042 = DIRECTION('',(-1.,1.226948711654E-18,-1.226948711654E-18));
#7043 = ADVANCED_FACE('',(#7044),#7062,.T.);
#7044 = FACE_BOUND('',#7045,.T.);
#7045 = EDGE_LOOP('',(#7046,#7054,#7055,#7056));
#7046 = ORIENTED_EDGE('',*,*,#7047,.F.);
#7047 = EDGE_CURVE('',#6088,#7048,#7050,.T.);
#7048 = VERTEX_POINT('',#7049);
#7049 = CARTESIAN_POINT('',(-0.16,-2.7,-3.));
#7050 = LINE('',#7051,#7052);
#7051 = CARTESIAN_POINT('',(-0.266666666667,-2.806666666667,
    -2.893333333333));
#7052 = VECTOR('',#7053,1.);
#7053 = DIRECTION('',(0.57735026919,0.57735026919,-0.57735026919));
#7054 = ORIENTED_EDGE('',*,*,#6095,.T.);
#7055 = ORIENTED_EDGE('',*,*,#7016,.T.);
#7056 = ORIENTED_EDGE('',*,*,#7057,.F.);
#7057 = EDGE_CURVE('',#7048,#7017,#7058,.T.);
#7058 = LINE('',#7059,#7060);
#7059 = CARTESIAN_POINT('',(-0.16,-2.86,-3.));
#7060 = VECTOR('',#7061,1.);
#7061 = DIRECTION('',(0.,1.,0.));
#7062 = PLANE('',#7063);
#7063 = AXIS2_PLACEMENT_3D('',#7064,#7065,#7066);
#7064 = CARTESIAN_POINT('',(-0.24,-2.86,-2.92));
#7065 = DIRECTION('',(-0.707106781187,-1.735167508357E-18,
    -0.707106781187));
#7066 = DIRECTION('',(-1.226948711654E-18,1.,-1.226948711654E-18));
#7067 = ADVANCED_FACE('',(#7068),#7086,.T.);
#7068 = FACE_BOUND('',#7069,.F.);
#7069 = EDGE_LOOP('',(#7070,#7071,#7072,#7080));
#7070 = ORIENTED_EDGE('',*,*,#7047,.F.);
#7071 = ORIENTED_EDGE('',*,*,#6119,.T.);
#7072 = ORIENTED_EDGE('',*,*,#7073,.T.);
#7073 = EDGE_CURVE('',#6112,#7074,#7076,.T.);
#7074 = VERTEX_POINT('',#7075);
#7075 = CARTESIAN_POINT('',(0.16,-2.7,-3.));
#7076 = LINE('',#7077,#7078);
#7077 = CARTESIAN_POINT('',(0.16,-2.7,-3.));
#7078 = VECTOR('',#7079,1.);
#7079 = DIRECTION('',(-0.57735026919,0.57735026919,-0.57735026919));
#7080 = ORIENTED_EDGE('',*,*,#7081,.F.);
#7081 = EDGE_CURVE('',#7048,#7074,#7082,.T.);
#7082 = LINE('',#7083,#7084);
#7083 = CARTESIAN_POINT('',(-0.32,-2.7,-3.));
#7084 = VECTOR('',#7085,1.);
#7085 = DIRECTION('',(1.,0.,0.));
#7086 = PLANE('',#7087);
#7087 = AXIS2_PLACEMENT_3D('',#7088,#7089,#7090);
#7088 = CARTESIAN_POINT('',(-0.32,-2.78,-2.92));
#7089 = DIRECTION('',(1.735167508357E-18,-0.707106781187,-0.707106781187
    ));
#7090 = DIRECTION('',(-1.,-1.226948711654E-18,-1.226948711654E-18));
#7091 = ADVANCED_FACE('',(#7092),#7103,.F.);
#7092 = FACE_BOUND('',#7093,.F.);
#7093 = EDGE_LOOP('',(#7094,#7095,#7096,#7097));
#7094 = ORIENTED_EDGE('',*,*,#7073,.F.);
#7095 = ORIENTED_EDGE('',*,*,#6136,.T.);
#7096 = ORIENTED_EDGE('',*,*,#7025,.T.);
#7097 = ORIENTED_EDGE('',*,*,#7098,.F.);
#7098 = EDGE_CURVE('',#7074,#7026,#7099,.T.);
#7099 = LINE('',#7100,#7101);
#7100 = CARTESIAN_POINT('',(0.16,-2.86,-3.));
#7101 = VECTOR('',#7102,1.);
#7102 = DIRECTION('',(0.,1.,0.));
#7103 = PLANE('',#7104);
#7104 = AXIS2_PLACEMENT_3D('',#7105,#7106,#7107);
#7105 = CARTESIAN_POINT('',(0.24,-2.86,-2.92));
#7106 = DIRECTION('',(-0.707106781187,1.735167508357E-18,0.707106781187)
  );
#7107 = DIRECTION('',(1.226948711654E-18,1.,-1.226948711654E-18));
#7108 = ADVANCED_FACE('',(#7109),#7134,.F.);
#7109 = FACE_BOUND('',#7110,.T.);
#7110 = EDGE_LOOP('',(#7111,#7119,#7120,#7128));
#7111 = ORIENTED_EDGE('',*,*,#7112,.F.);
#7112 = EDGE_CURVE('',#6161,#7113,#7115,.T.);
#7113 = VERTEX_POINT('',#7114);
#7114 = CARTESIAN_POINT('',(-0.16,-4.92,-3.));
#7115 = LINE('',#7116,#7117);
#7116 = CARTESIAN_POINT('',(-0.16,-4.92,-3.));
#7117 = VECTOR('',#7118,1.);
#7118 = DIRECTION('',(0.57735026919,-0.57735026919,-0.57735026919));
#7119 = ORIENTED_EDGE('',*,*,#6160,.T.);
#7120 = ORIENTED_EDGE('',*,*,#7121,.T.);
#7121 = EDGE_CURVE('',#6153,#7122,#7124,.T.);
#7122 = VERTEX_POINT('',#7123);
#7123 = CARTESIAN_POINT('',(0.16,-4.92,-3.));
#7124 = LINE('',#7125,#7126);
#7125 = CARTESIAN_POINT('',(5.333333333333E-02,-5.026666666667,
    -3.106666666667));
#7126 = VECTOR('',#7127,1.);
#7127 = DIRECTION('',(-0.57735026919,-0.57735026919,-0.57735026919));
#7128 = ORIENTED_EDGE('',*,*,#7129,.F.);
#7129 = EDGE_CURVE('',#7113,#7122,#7130,.T.);
#7130 = LINE('',#7131,#7132);
#7131 = CARTESIAN_POINT('',(-0.32,-4.92,-3.));
#7132 = VECTOR('',#7133,1.);
#7133 = DIRECTION('',(1.,0.,0.));
#7134 = PLANE('',#7135);
#7135 = AXIS2_PLACEMENT_3D('',#7136,#7137,#7138);
#7136 = CARTESIAN_POINT('',(-0.32,-4.84,-2.92));
#7137 = DIRECTION('',(-1.735167508357E-18,-0.707106781187,0.707106781187
    ));
#7138 = DIRECTION('',(-1.,1.226948711654E-18,-1.226948711654E-18));
#7139 = ADVANCED_FACE('',(#7140),#7158,.T.);
#7140 = FACE_BOUND('',#7141,.T.);
#7141 = EDGE_LOOP('',(#7142,#7150,#7151,#7152));
#7142 = ORIENTED_EDGE('',*,*,#7143,.F.);
#7143 = EDGE_CURVE('',#6184,#7144,#7146,.T.);
#7144 = VERTEX_POINT('',#7145);
#7145 = CARTESIAN_POINT('',(-0.16,-5.24,-3.));
#7146 = LINE('',#7147,#7148);
#7147 = CARTESIAN_POINT('',(-0.266666666667,-5.346666666667,
    -2.893333333333));
#7148 = VECTOR('',#7149,1.);
#7149 = DIRECTION('',(0.57735026919,0.57735026919,-0.57735026919));
#7150 = ORIENTED_EDGE('',*,*,#6191,.T.);
#7151 = ORIENTED_EDGE('',*,*,#7112,.T.);
#7152 = ORIENTED_EDGE('',*,*,#7153,.F.);
#7153 = EDGE_CURVE('',#7144,#7113,#7154,.T.);
#7154 = LINE('',#7155,#7156);
#7155 = CARTESIAN_POINT('',(-0.16,-5.4,-3.));
#7156 = VECTOR('',#7157,1.);
#7157 = DIRECTION('',(0.,1.,0.));
#7158 = PLANE('',#7159);
#7159 = AXIS2_PLACEMENT_3D('',#7160,#7161,#7162);
#7160 = CARTESIAN_POINT('',(-0.24,-5.4,-2.92));
#7161 = DIRECTION('',(-0.707106781187,-1.735167508357E-18,
    -0.707106781187));
#7162 = DIRECTION('',(-1.226948711654E-18,1.,-1.226948711654E-18));
#7163 = ADVANCED_FACE('',(#7164),#7182,.T.);
#7164 = FACE_BOUND('',#7165,.F.);
#7165 = EDGE_LOOP('',(#7166,#7167,#7168,#7176));
#7166 = ORIENTED_EDGE('',*,*,#7143,.F.);
#7167 = ORIENTED_EDGE('',*,*,#6215,.T.);
#7168 = ORIENTED_EDGE('',*,*,#7169,.T.);
#7169 = EDGE_CURVE('',#6208,#7170,#7172,.T.);
#7170 = VERTEX_POINT('',#7171);
#7171 = CARTESIAN_POINT('',(0.16,-5.24,-3.));
#7172 = LINE('',#7173,#7174);
#7173 = CARTESIAN_POINT('',(0.16,-5.24,-3.));
#7174 = VECTOR('',#7175,1.);
#7175 = DIRECTION('',(-0.57735026919,0.57735026919,-0.57735026919));
#7176 = ORIENTED_EDGE('',*,*,#7177,.F.);
#7177 = EDGE_CURVE('',#7144,#7170,#7178,.T.);
#7178 = LINE('',#7179,#7180);
#7179 = CARTESIAN_POINT('',(-0.32,-5.24,-3.));
#7180 = VECTOR('',#7181,1.);
#7181 = DIRECTION('',(1.,0.,0.));
#7182 = PLANE('',#7183);
#7183 = AXIS2_PLACEMENT_3D('',#7184,#7185,#7186);
#7184 = CARTESIAN_POINT('',(-0.32,-5.32,-2.92));
#7185 = DIRECTION('',(1.735167508357E-18,-0.707106781187,-0.707106781187
    ));
#7186 = DIRECTION('',(-1.,-1.226948711654E-18,-1.226948711654E-18));
#7187 = ADVANCED_FACE('',(#7188),#7199,.F.);
#7188 = FACE_BOUND('',#7189,.F.);
#7189 = EDGE_LOOP('',(#7190,#7191,#7192,#7193));
#7190 = ORIENTED_EDGE('',*,*,#7169,.F.);
#7191 = ORIENTED_EDGE('',*,*,#6232,.T.);
#7192 = ORIENTED_EDGE('',*,*,#7121,.T.);
#7193 = ORIENTED_EDGE('',*,*,#7194,.F.);
#7194 = EDGE_CURVE('',#7170,#7122,#7195,.T.);
#7195 = LINE('',#7196,#7197);
#7196 = CARTESIAN_POINT('',(0.16,-5.4,-3.));
#7197 = VECTOR('',#7198,1.);
#7198 = DIRECTION('',(0.,1.,0.));
#7199 = PLANE('',#7200);
#7200 = AXIS2_PLACEMENT_3D('',#7201,#7202,#7203);
#7201 = CARTESIAN_POINT('',(0.24,-5.4,-2.92));
#7202 = DIRECTION('',(-0.707106781187,1.735167508357E-18,0.707106781187)
  );
#7203 = DIRECTION('',(1.226948711654E-18,1.,-1.226948711654E-18));
#7204 = ADVANCED_FACE('',(#7205),#7230,.F.);
#7205 = FACE_BOUND('',#7206,.T.);
#7206 = EDGE_LOOP('',(#7207,#7215,#7216,#7224));
#7207 = ORIENTED_EDGE('',*,*,#7208,.F.);
#7208 = EDGE_CURVE('',#6257,#7209,#7211,.T.);
#7209 = VERTEX_POINT('',#7210);
#7210 = CARTESIAN_POINT('',(-0.16,-10.,-3.));
#7211 = LINE('',#7212,#7213);
#7212 = CARTESIAN_POINT('',(-0.16,-10.,-3.));
#7213 = VECTOR('',#7214,1.);
#7214 = DIRECTION('',(0.57735026919,-0.57735026919,-0.57735026919));
#7215 = ORIENTED_EDGE('',*,*,#6256,.T.);
#7216 = ORIENTED_EDGE('',*,*,#7217,.T.);
#7217 = EDGE_CURVE('',#6249,#7218,#7220,.T.);
#7218 = VERTEX_POINT('',#7219);
#7219 = CARTESIAN_POINT('',(0.16,-10.,-3.));
#7220 = LINE('',#7221,#7222);
#7221 = CARTESIAN_POINT('',(5.333333333333E-02,-10.10666666666,
    -3.106666666667));
#7222 = VECTOR('',#7223,1.);
#7223 = DIRECTION('',(-0.57735026919,-0.57735026919,-0.57735026919));
#7224 = ORIENTED_EDGE('',*,*,#7225,.F.);
#7225 = EDGE_CURVE('',#7209,#7218,#7226,.T.);
#7226 = LINE('',#7227,#7228);
#7227 = CARTESIAN_POINT('',(-0.32,-10.,-3.));
#7228 = VECTOR('',#7229,1.);
#7229 = DIRECTION('',(1.,0.,0.));
#7230 = PLANE('',#7231);
#7231 = AXIS2_PLACEMENT_3D('',#7232,#7233,#7234);
#7232 = CARTESIAN_POINT('',(-0.32,-9.92,-2.92));
#7233 = DIRECTION('',(-1.735167508357E-18,-0.707106781187,0.707106781187
    ));
#7234 = DIRECTION('',(-1.,1.226948711654E-18,-1.226948711654E-18));
#7235 = ADVANCED_FACE('',(#7236),#7254,.T.);
#7236 = FACE_BOUND('',#7237,.T.);
#7237 = EDGE_LOOP('',(#7238,#7246,#7247,#7248));
#7238 = ORIENTED_EDGE('',*,*,#7239,.F.);
#7239 = EDGE_CURVE('',#6280,#7240,#7242,.T.);
#7240 = VERTEX_POINT('',#7241);
#7241 = CARTESIAN_POINT('',(-0.16,-10.32,-3.));
#7242 = LINE('',#7243,#7244);
#7243 = CARTESIAN_POINT('',(-0.266666666667,-10.42666666666,
    -2.893333333333));
#7244 = VECTOR('',#7245,1.);
#7245 = DIRECTION('',(0.57735026919,0.57735026919,-0.57735026919));
#7246 = ORIENTED_EDGE('',*,*,#6287,.T.);
#7247 = ORIENTED_EDGE('',*,*,#7208,.T.);
#7248 = ORIENTED_EDGE('',*,*,#7249,.F.);
#7249 = EDGE_CURVE('',#7240,#7209,#7250,.T.);
#7250 = LINE('',#7251,#7252);
#7251 = CARTESIAN_POINT('',(-0.16,-10.48,-3.));
#7252 = VECTOR('',#7253,1.);
#7253 = DIRECTION('',(0.,1.,0.));
#7254 = PLANE('',#7255);
#7255 = AXIS2_PLACEMENT_3D('',#7256,#7257,#7258);
#7256 = CARTESIAN_POINT('',(-0.24,-10.48,-2.92));
#7257 = DIRECTION('',(-0.707106781187,-1.735167508357E-18,
    -0.707106781187));
#7258 = DIRECTION('',(-1.226948711654E-18,1.,-1.226948711654E-18));
#7259 = ADVANCED_FACE('',(#7260),#7278,.T.);
#7260 = FACE_BOUND('',#7261,.F.);
#7261 = EDGE_LOOP('',(#7262,#7263,#7264,#7272));
#7262 = ORIENTED_EDGE('',*,*,#7239,.F.);
#7263 = ORIENTED_EDGE('',*,*,#6311,.T.);
#7264 = ORIENTED_EDGE('',*,*,#7265,.T.);
#7265 = EDGE_CURVE('',#6304,#7266,#7268,.T.);
#7266 = VERTEX_POINT('',#7267);
#7267 = CARTESIAN_POINT('',(0.16,-10.32,-3.));
#7268 = LINE('',#7269,#7270);
#7269 = CARTESIAN_POINT('',(0.16,-10.32,-3.));
#7270 = VECTOR('',#7271,1.);
#7271 = DIRECTION('',(-0.57735026919,0.57735026919,-0.57735026919));
#7272 = ORIENTED_EDGE('',*,*,#7273,.F.);
#7273 = EDGE_CURVE('',#7240,#7266,#7274,.T.);
#7274 = LINE('',#7275,#7276);
#7275 = CARTESIAN_POINT('',(-0.32,-10.32,-3.));
#7276 = VECTOR('',#7277,1.);
#7277 = DIRECTION('',(1.,0.,0.));
#7278 = PLANE('',#7279);
#7279 = AXIS2_PLACEMENT_3D('',#7280,#7281,#7282);
#7280 = CARTESIAN_POINT('',(-0.32,-10.4,-2.92));
#7281 = DIRECTION('',(1.735167508357E-18,-0.707106781187,-0.707106781187
    ));
#7282 = DIRECTION('',(-1.,-1.226948711654E-18,-1.226948711654E-18));
#7283 = ADVANCED_FACE('',(#7284),#7295,.F.);
#7284 = FACE_BOUND('',#7285,.F.);
#7285 = EDGE_LOOP('',(#7286,#7287,#7288,#7289));
#7286 = ORIENTED_EDGE('',*,*,#7265,.F.);
#7287 = ORIENTED_EDGE('',*,*,#6328,.T.);
#7288 = ORIENTED_EDGE('',*,*,#7217,.T.);
#7289 = ORIENTED_EDGE('',*,*,#7290,.F.);
#7290 = EDGE_CURVE('',#7266,#7218,#7291,.T.);
#7291 = LINE('',#7292,#7293);
#7292 = CARTESIAN_POINT('',(0.16,-10.48,-3.));
#7293 = VECTOR('',#7294,1.);
#7294 = DIRECTION('',(0.,1.,0.));
#7295 = PLANE('',#7296);
#7296 = AXIS2_PLACEMENT_3D('',#7297,#7298,#7299);
#7297 = CARTESIAN_POINT('',(0.24,-10.48,-2.92));
#7298 = DIRECTION('',(-0.707106781187,1.735167508357E-18,0.707106781187)
  );
#7299 = DIRECTION('',(1.226948711654E-18,1.,-1.226948711654E-18));
#7300 = ADVANCED_FACE('',(#7301),#7326,.T.);
#7301 = FACE_BOUND('',#7302,.F.);
#7302 = EDGE_LOOP('',(#7303,#7311,#7312,#7320));
#7303 = ORIENTED_EDGE('',*,*,#7304,.F.);
#7304 = EDGE_CURVE('',#6353,#7305,#7307,.T.);
#7305 = VERTEX_POINT('',#7306);
#7306 = CARTESIAN_POINT('',(-0.16,-7.78,-3.));
#7307 = LINE('',#7308,#7309);
#7308 = CARTESIAN_POINT('',(-0.266666666667,-7.886666666667,
    -2.893333333333));
#7309 = VECTOR('',#7310,1.);
#7310 = DIRECTION('',(0.57735026919,0.57735026919,-0.57735026919));
#7311 = ORIENTED_EDGE('',*,*,#6352,.T.);
#7312 = ORIENTED_EDGE('',*,*,#7313,.T.);
#7313 = EDGE_CURVE('',#6345,#7314,#7316,.T.);
#7314 = VERTEX_POINT('',#7315);
#7315 = CARTESIAN_POINT('',(0.16,-7.78,-3.));
#7316 = LINE('',#7317,#7318);
#7317 = CARTESIAN_POINT('',(0.16,-7.78,-3.));
#7318 = VECTOR('',#7319,1.);
#7319 = DIRECTION('',(-0.57735026919,0.57735026919,-0.57735026919));
#7320 = ORIENTED_EDGE('',*,*,#7321,.F.);
#7321 = EDGE_CURVE('',#7305,#7314,#7322,.T.);
#7322 = LINE('',#7323,#7324);
#7323 = CARTESIAN_POINT('',(-0.32,-7.78,-3.));
#7324 = VECTOR('',#7325,1.);
#7325 = DIRECTION('',(1.,0.,0.));
#7326 = PLANE('',#7327);
#7327 = AXIS2_PLACEMENT_3D('',#7328,#7329,#7330);
#7328 = CARTESIAN_POINT('',(-0.32,-7.86,-2.92));
#7329 = DIRECTION('',(1.735167508357E-18,-0.707106781187,-0.707106781187
    ));
#7330 = DIRECTION('',(-1.,-1.226948711654E-18,-1.226948711654E-18));
#7331 = ADVANCED_FACE('',(#7332),#7350,.F.);
#7332 = FACE_BOUND('',#7333,.F.);
#7333 = EDGE_LOOP('',(#7334,#7335,#7336,#7344));
#7334 = ORIENTED_EDGE('',*,*,#7313,.F.);
#7335 = ORIENTED_EDGE('',*,*,#6376,.T.);
#7336 = ORIENTED_EDGE('',*,*,#7337,.T.);
#7337 = EDGE_CURVE('',#6377,#7338,#7340,.T.);
#7338 = VERTEX_POINT('',#7339);
#7339 = CARTESIAN_POINT('',(0.16,-7.46,-3.));
#7340 = LINE('',#7341,#7342);
#7341 = CARTESIAN_POINT('',(5.333333333333E-02,-7.566666666667,
    -3.106666666667));
#7342 = VECTOR('',#7343,1.);
#7343 = DIRECTION('',(-0.57735026919,-0.57735026919,-0.57735026919));
#7344 = ORIENTED_EDGE('',*,*,#7345,.F.);
#7345 = EDGE_CURVE('',#7314,#7338,#7346,.T.);
#7346 = LINE('',#7347,#7348);
#7347 = CARTESIAN_POINT('',(0.16,-7.94,-3.));
#7348 = VECTOR('',#7349,1.);
#7349 = DIRECTION('',(0.,1.,0.));
#7350 = PLANE('',#7351);
#7351 = AXIS2_PLACEMENT_3D('',#7352,#7353,#7354);
#7352 = CARTESIAN_POINT('',(0.24,-7.94,-2.92));
#7353 = DIRECTION('',(-0.707106781187,1.735167508357E-18,0.707106781187)
  );
#7354 = DIRECTION('',(1.226948711654E-18,1.,-1.226948711654E-18));
#7355 = ADVANCED_FACE('',(#7356),#7374,.F.);
#7356 = FACE_BOUND('',#7357,.T.);
#7357 = EDGE_LOOP('',(#7358,#7366,#7367,#7368));
#7358 = ORIENTED_EDGE('',*,*,#7359,.F.);
#7359 = EDGE_CURVE('',#6401,#7360,#7362,.T.);
#7360 = VERTEX_POINT('',#7361);
#7361 = CARTESIAN_POINT('',(-0.16,-7.46,-3.));
#7362 = LINE('',#7363,#7364);
#7363 = CARTESIAN_POINT('',(-0.16,-7.46,-3.));
#7364 = VECTOR('',#7365,1.);
#7365 = DIRECTION('',(0.57735026919,-0.57735026919,-0.57735026919));
#7366 = ORIENTED_EDGE('',*,*,#6400,.T.);
#7367 = ORIENTED_EDGE('',*,*,#7337,.T.);
#7368 = ORIENTED_EDGE('',*,*,#7369,.F.);
#7369 = EDGE_CURVE('',#7360,#7338,#7370,.T.);
#7370 = LINE('',#7371,#7372);
#7371 = CARTESIAN_POINT('',(-0.32,-7.46,-3.));
#7372 = VECTOR('',#7373,1.);
#7373 = DIRECTION('',(1.,0.,0.));
#7374 = PLANE('',#7375);
#7375 = AXIS2_PLACEMENT_3D('',#7376,#7377,#7378);
#7376 = CARTESIAN_POINT('',(-0.32,-7.38,-2.92));
#7377 = DIRECTION('',(-1.735167508357E-18,-0.707106781187,0.707106781187
    ));
#7378 = DIRECTION('',(-1.,1.226948711654E-18,-1.226948711654E-18));
#7379 = ADVANCED_FACE('',(#7380),#7391,.T.);
#7380 = FACE_BOUND('',#7381,.T.);
#7381 = EDGE_LOOP('',(#7382,#7383,#7384,#7385));
#7382 = ORIENTED_EDGE('',*,*,#7304,.F.);
#7383 = ORIENTED_EDGE('',*,*,#6424,.T.);
#7384 = ORIENTED_EDGE('',*,*,#7359,.T.);
#7385 = ORIENTED_EDGE('',*,*,#7386,.F.);
#7386 = EDGE_CURVE('',#7305,#7360,#7387,.T.);
#7387 = LINE('',#7388,#7389);
#7388 = CARTESIAN_POINT('',(-0.16,-7.94,-3.));
#7389 = VECTOR('',#7390,1.);
#7390 = DIRECTION('',(0.,1.,0.));
#7391 = PLANE('',#7392);
#7392 = AXIS2_PLACEMENT_3D('',#7393,#7394,#7395);
#7393 = CARTESIAN_POINT('',(-0.24,-7.94,-2.92));
#7394 = DIRECTION('',(-0.707106781187,-1.735167508357E-18,
    -0.707106781187));
#7395 = DIRECTION('',(-1.226948711654E-18,1.,-1.226948711654E-18));
#7396 = ADVANCED_FACE('',(#7397),#7422,.T.);
#7397 = FACE_BOUND('',#7398,.T.);
#7398 = EDGE_LOOP('',(#7399,#7407,#7408,#7416));
#7399 = ORIENTED_EDGE('',*,*,#7400,.F.);
#7400 = EDGE_CURVE('',#6441,#7401,#7403,.T.);
#7401 = VERTEX_POINT('',#7402);
#7402 = CARTESIAN_POINT('',(0.16,-0.16,8.54));
#7403 = LINE('',#7404,#7405);
#7404 = CARTESIAN_POINT('',(0.16,-0.16,8.54));
#7405 = VECTOR('',#7406,1.);
#7406 = DIRECTION('',(-0.57735026919,0.57735026919,0.57735026919));
#7407 = ORIENTED_EDGE('',*,*,#6457,.T.);
#7408 = ORIENTED_EDGE('',*,*,#7409,.T.);
#7409 = EDGE_CURVE('',#6450,#7410,#7412,.T.);
#7410 = VERTEX_POINT('',#7411);
#7411 = CARTESIAN_POINT('',(0.16,0.16,8.54));
#7412 = LINE('',#7413,#7414);
#7413 = CARTESIAN_POINT('',(5.333333333333E-02,5.333333333333E-02,
    8.646666666667));
#7414 = VECTOR('',#7415,1.);
#7415 = DIRECTION('',(-0.57735026919,-0.57735026919,0.57735026919));
#7416 = ORIENTED_EDGE('',*,*,#7417,.F.);
#7417 = EDGE_CURVE('',#7401,#7410,#7418,.T.);
#7418 = LINE('',#7419,#7420);
#7419 = CARTESIAN_POINT('',(0.16,-0.32,8.54));
#7420 = VECTOR('',#7421,1.);
#7421 = DIRECTION('',(0.,1.,0.));
#7422 = PLANE('',#7423);
#7423 = AXIS2_PLACEMENT_3D('',#7424,#7425,#7426);
#7424 = CARTESIAN_POINT('',(0.24,-0.32,8.46));
#7425 = DIRECTION('',(0.707106781187,-1.735167508357E-18,0.707106781187)
  );
#7426 = DIRECTION('',(1.226948711654E-18,1.,1.226948711654E-18));
#7427 = ADVANCED_FACE('',(#7428),#7446,.T.);
#7428 = FACE_BOUND('',#7429,.F.);
#7429 = EDGE_LOOP('',(#7430,#7438,#7439,#7440));
#7430 = ORIENTED_EDGE('',*,*,#7431,.F.);
#7431 = EDGE_CURVE('',#6474,#7432,#7434,.T.);
#7432 = VERTEX_POINT('',#7433);
#7433 = CARTESIAN_POINT('',(-0.16,0.16,8.54));
#7434 = LINE('',#7435,#7436);
#7435 = CARTESIAN_POINT('',(-0.16,0.16,8.54));
#7436 = VECTOR('',#7437,1.);
#7437 = DIRECTION('',(0.57735026919,-0.57735026919,0.57735026919));
#7438 = ORIENTED_EDGE('',*,*,#6481,.T.);
#7439 = ORIENTED_EDGE('',*,*,#7409,.T.);
#7440 = ORIENTED_EDGE('',*,*,#7441,.F.);
#7441 = EDGE_CURVE('',#7432,#7410,#7442,.T.);
#7442 = LINE('',#7443,#7444);
#7443 = CARTESIAN_POINT('',(-0.32,0.16,8.54));
#7444 = VECTOR('',#7445,1.);
#7445 = DIRECTION('',(1.,0.,0.));
#7446 = PLANE('',#7447);
#7447 = AXIS2_PLACEMENT_3D('',#7448,#7449,#7450);
#7448 = CARTESIAN_POINT('',(-0.32,0.24,8.46));
#7449 = DIRECTION('',(1.735167508357E-18,0.707106781187,0.707106781187)
  );
#7450 = DIRECTION('',(-1.,1.226948711654E-18,1.226948711654E-18));
#7451 = ADVANCED_FACE('',(#7452),#7470,.F.);
#7452 = FACE_BOUND('',#7453,.F.);
#7453 = EDGE_LOOP('',(#7454,#7462,#7463,#7464));
#7454 = ORIENTED_EDGE('',*,*,#7455,.F.);
#7455 = EDGE_CURVE('',#6496,#7456,#7458,.T.);
#7456 = VERTEX_POINT('',#7457);
#7457 = CARTESIAN_POINT('',(-0.16,-0.16,8.54));
#7458 = LINE('',#7459,#7460);
#7459 = CARTESIAN_POINT('',(-0.266666666667,-0.266666666667,
    8.433333333333));
#7460 = VECTOR('',#7461,1.);
#7461 = DIRECTION('',(0.57735026919,0.57735026919,0.57735026919));
#7462 = ORIENTED_EDGE('',*,*,#6505,.T.);
#7463 = ORIENTED_EDGE('',*,*,#7431,.T.);
#7464 = ORIENTED_EDGE('',*,*,#7465,.F.);
#7465 = EDGE_CURVE('',#7456,#7432,#7466,.T.);
#7466 = LINE('',#7467,#7468);
#7467 = CARTESIAN_POINT('',(-0.16,-0.32,8.54));
#7468 = VECTOR('',#7469,1.);
#7469 = DIRECTION('',(0.,1.,0.));
#7470 = PLANE('',#7471);
#7471 = AXIS2_PLACEMENT_3D('',#7472,#7473,#7474);
#7472 = CARTESIAN_POINT('',(-0.24,-0.32,8.46));
#7473 = DIRECTION('',(0.707106781187,1.735167508357E-18,-0.707106781187)
  );
#7474 = DIRECTION('',(-1.226948711654E-18,1.,1.226948711654E-18));
#7475 = ADVANCED_FACE('',(#7476),#7487,.F.);
#7476 = FACE_BOUND('',#7477,.T.);
#7477 = EDGE_LOOP('',(#7478,#7479,#7480,#7481));
#7478 = ORIENTED_EDGE('',*,*,#7455,.F.);
#7479 = ORIENTED_EDGE('',*,*,#6522,.T.);
#7480 = ORIENTED_EDGE('',*,*,#7400,.T.);
#7481 = ORIENTED_EDGE('',*,*,#7482,.F.);
#7482 = EDGE_CURVE('',#7456,#7401,#7483,.T.);
#7483 = LINE('',#7484,#7485);
#7484 = CARTESIAN_POINT('',(-0.32,-0.16,8.54));
#7485 = VECTOR('',#7486,1.);
#7486 = DIRECTION('',(1.,0.,0.));
#7487 = PLANE('',#7488);
#7488 = AXIS2_PLACEMENT_3D('',#7489,#7490,#7491);
#7489 = CARTESIAN_POINT('',(-0.32,-0.24,8.46));
#7490 = DIRECTION('',(-1.735167508357E-18,0.707106781187,-0.707106781187
    ));
#7491 = DIRECTION('',(-1.,-1.226948711654E-18,1.226948711654E-18));
#7492 = ADVANCED_FACE('',(#7493),#7518,.T.);
#7493 = FACE_BOUND('',#7494,.F.);
#7494 = EDGE_LOOP('',(#7495,#7503,#7504,#7512));
#7495 = ORIENTED_EDGE('',*,*,#7496,.F.);
#7496 = EDGE_CURVE('',#6546,#7497,#7499,.T.);
#7497 = VERTEX_POINT('',#7498);
#7498 = CARTESIAN_POINT('',(-0.16,-2.38,8.54));
#7499 = LINE('',#7500,#7501);
#7500 = CARTESIAN_POINT('',(-0.16,-2.38,8.54));
#7501 = VECTOR('',#7502,1.);
#7502 = DIRECTION('',(0.57735026919,-0.57735026919,0.57735026919));
#7503 = ORIENTED_EDGE('',*,*,#6553,.T.);
#7504 = ORIENTED_EDGE('',*,*,#7505,.T.);
#7505 = EDGE_CURVE('',#6537,#7506,#7508,.T.);
#7506 = VERTEX_POINT('',#7507);
#7507 = CARTESIAN_POINT('',(0.16,-2.38,8.54));
#7508 = LINE('',#7509,#7510);
#7509 = CARTESIAN_POINT('',(5.333333333333E-02,-2.486666666667,
    8.646666666667));
#7510 = VECTOR('',#7511,1.);
#7511 = DIRECTION('',(-0.57735026919,-0.57735026919,0.57735026919));
#7512 = ORIENTED_EDGE('',*,*,#7513,.F.);
#7513 = EDGE_CURVE('',#7497,#7506,#7514,.T.);
#7514 = LINE('',#7515,#7516);
#7515 = CARTESIAN_POINT('',(-0.32,-2.38,8.54));
#7516 = VECTOR('',#7517,1.);
#7517 = DIRECTION('',(1.,0.,0.));
#7518 = PLANE('',#7519);
#7519 = AXIS2_PLACEMENT_3D('',#7520,#7521,#7522);
#7520 = CARTESIAN_POINT('',(-0.32,-2.3,8.46));
#7521 = DIRECTION('',(1.735167508357E-18,0.707106781187,0.707106781187)
  );
#7522 = DIRECTION('',(-1.,1.226948711654E-18,1.226948711654E-18));
#7523 = ADVANCED_FACE('',(#7524),#7542,.F.);
#7524 = FACE_BOUND('',#7525,.F.);
#7525 = EDGE_LOOP('',(#7526,#7534,#7535,#7536));
#7526 = ORIENTED_EDGE('',*,*,#7527,.F.);
#7527 = EDGE_CURVE('',#6568,#7528,#7530,.T.);
#7528 = VERTEX_POINT('',#7529);
#7529 = CARTESIAN_POINT('',(-0.16,-2.7,8.54));
#7530 = LINE('',#7531,#7532);
#7531 = CARTESIAN_POINT('',(-0.266666666667,-2.806666666667,
    8.433333333333));
#7532 = VECTOR('',#7533,1.);
#7533 = DIRECTION('',(0.57735026919,0.57735026919,0.57735026919));
#7534 = ORIENTED_EDGE('',*,*,#6577,.T.);
#7535 = ORIENTED_EDGE('',*,*,#7496,.T.);
#7536 = ORIENTED_EDGE('',*,*,#7537,.F.);
#7537 = EDGE_CURVE('',#7528,#7497,#7538,.T.);
#7538 = LINE('',#7539,#7540);
#7539 = CARTESIAN_POINT('',(-0.16,-2.86,8.54));
#7540 = VECTOR('',#7541,1.);
#7541 = DIRECTION('',(0.,1.,0.));
#7542 = PLANE('',#7543);
#7543 = AXIS2_PLACEMENT_3D('',#7544,#7545,#7546);
#7544 = CARTESIAN_POINT('',(-0.24,-2.86,8.46));
#7545 = DIRECTION('',(0.707106781187,1.735167508357E-18,-0.707106781187)
  );
#7546 = DIRECTION('',(-1.226948711654E-18,1.,1.226948711654E-18));
#7547 = ADVANCED_FACE('',(#7548),#7566,.F.);
#7548 = FACE_BOUND('',#7549,.T.);
#7549 = EDGE_LOOP('',(#7550,#7551,#7552,#7560));
#7550 = ORIENTED_EDGE('',*,*,#7527,.F.);
#7551 = ORIENTED_EDGE('',*,*,#6601,.T.);
#7552 = ORIENTED_EDGE('',*,*,#7553,.T.);
#7553 = EDGE_CURVE('',#6592,#7554,#7556,.T.);
#7554 = VERTEX_POINT('',#7555);
#7555 = CARTESIAN_POINT('',(0.16,-2.7,8.54));
#7556 = LINE('',#7557,#7558);
#7557 = CARTESIAN_POINT('',(0.16,-2.7,8.54));
#7558 = VECTOR('',#7559,1.);
#7559 = DIRECTION('',(-0.57735026919,0.57735026919,0.57735026919));
#7560 = ORIENTED_EDGE('',*,*,#7561,.F.);
#7561 = EDGE_CURVE('',#7528,#7554,#7562,.T.);
#7562 = LINE('',#7563,#7564);
#7563 = CARTESIAN_POINT('',(-0.32,-2.7,8.54));
#7564 = VECTOR('',#7565,1.);
#7565 = DIRECTION('',(1.,0.,0.));
#7566 = PLANE('',#7567);
#7567 = AXIS2_PLACEMENT_3D('',#7568,#7569,#7570);
#7568 = CARTESIAN_POINT('',(-0.32,-2.78,8.46));
#7569 = DIRECTION('',(-1.735167508357E-18,0.707106781187,-0.707106781187
    ));
#7570 = DIRECTION('',(-1.,-1.226948711654E-18,1.226948711654E-18));
#7571 = ADVANCED_FACE('',(#7572),#7583,.T.);
#7572 = FACE_BOUND('',#7573,.T.);
#7573 = EDGE_LOOP('',(#7574,#7575,#7576,#7577));
#7574 = ORIENTED_EDGE('',*,*,#7553,.F.);
#7575 = ORIENTED_EDGE('',*,*,#6618,.T.);
#7576 = ORIENTED_EDGE('',*,*,#7505,.T.);
#7577 = ORIENTED_EDGE('',*,*,#7578,.F.);
#7578 = EDGE_CURVE('',#7554,#7506,#7579,.T.);
#7579 = LINE('',#7580,#7581);
#7580 = CARTESIAN_POINT('',(0.16,-2.86,8.54));
#7581 = VECTOR('',#7582,1.);
#7582 = DIRECTION('',(0.,1.,0.));
#7583 = PLANE('',#7584);
#7584 = AXIS2_PLACEMENT_3D('',#7585,#7586,#7587);
#7585 = CARTESIAN_POINT('',(0.24,-2.86,8.46));
#7586 = DIRECTION('',(0.707106781187,-1.735167508357E-18,0.707106781187)
  );
#7587 = DIRECTION('',(1.226948711654E-18,1.,1.226948711654E-18));
#7588 = ADVANCED_FACE('',(#7589),#7614,.T.);
#7589 = FACE_BOUND('',#7590,.F.);
#7590 = EDGE_LOOP('',(#7591,#7599,#7600,#7608));
#7591 = ORIENTED_EDGE('',*,*,#7592,.F.);
#7592 = EDGE_CURVE('',#6642,#7593,#7595,.T.);
#7593 = VERTEX_POINT('',#7594);
#7594 = CARTESIAN_POINT('',(-0.16,-4.92,8.54));
#7595 = LINE('',#7596,#7597);
#7596 = CARTESIAN_POINT('',(-0.16,-4.92,8.54));
#7597 = VECTOR('',#7598,1.);
#7598 = DIRECTION('',(0.57735026919,-0.57735026919,0.57735026919));
#7599 = ORIENTED_EDGE('',*,*,#6649,.T.);
#7600 = ORIENTED_EDGE('',*,*,#7601,.T.);
#7601 = EDGE_CURVE('',#6633,#7602,#7604,.T.);
#7602 = VERTEX_POINT('',#7603);
#7603 = CARTESIAN_POINT('',(0.16,-4.92,8.54));
#7604 = LINE('',#7605,#7606);
#7605 = CARTESIAN_POINT('',(5.333333333333E-02,-5.026666666667,
    8.646666666667));
#7606 = VECTOR('',#7607,1.);
#7607 = DIRECTION('',(-0.57735026919,-0.57735026919,0.57735026919));
#7608 = ORIENTED_EDGE('',*,*,#7609,.F.);
#7609 = EDGE_CURVE('',#7593,#7602,#7610,.T.);
#7610 = LINE('',#7611,#7612);
#7611 = CARTESIAN_POINT('',(-0.32,-4.92,8.54));
#7612 = VECTOR('',#7613,1.);
#7613 = DIRECTION('',(1.,0.,0.));
#7614 = PLANE('',#7615);
#7615 = AXIS2_PLACEMENT_3D('',#7616,#7617,#7618);
#7616 = CARTESIAN_POINT('',(-0.32,-4.84,8.46));
#7617 = DIRECTION('',(1.735167508357E-18,0.707106781187,0.707106781187)
  );
#7618 = DIRECTION('',(-1.,1.226948711654E-18,1.226948711654E-18));
#7619 = ADVANCED_FACE('',(#7620),#7638,.F.);
#7620 = FACE_BOUND('',#7621,.F.);
#7621 = EDGE_LOOP('',(#7622,#7630,#7631,#7632));
#7622 = ORIENTED_EDGE('',*,*,#7623,.F.);
#7623 = EDGE_CURVE('',#6664,#7624,#7626,.T.);
#7624 = VERTEX_POINT('',#7625);
#7625 = CARTESIAN_POINT('',(-0.16,-5.24,8.54));
#7626 = LINE('',#7627,#7628);
#7627 = CARTESIAN_POINT('',(-0.266666666667,-5.346666666667,
    8.433333333333));
#7628 = VECTOR('',#7629,1.);
#7629 = DIRECTION('',(0.57735026919,0.57735026919,0.57735026919));
#7630 = ORIENTED_EDGE('',*,*,#6673,.T.);
#7631 = ORIENTED_EDGE('',*,*,#7592,.T.);
#7632 = ORIENTED_EDGE('',*,*,#7633,.F.);
#7633 = EDGE_CURVE('',#7624,#7593,#7634,.T.);
#7634 = LINE('',#7635,#7636);
#7635 = CARTESIAN_POINT('',(-0.16,-5.4,8.54));
#7636 = VECTOR('',#7637,1.);
#7637 = DIRECTION('',(0.,1.,0.));
#7638 = PLANE('',#7639);
#7639 = AXIS2_PLACEMENT_3D('',#7640,#7641,#7642);
#7640 = CARTESIAN_POINT('',(-0.24,-5.4,8.46));
#7641 = DIRECTION('',(0.707106781187,1.735167508357E-18,-0.707106781187)
  );
#7642 = DIRECTION('',(-1.226948711654E-18,1.,1.226948711654E-18));
#7643 = ADVANCED_FACE('',(#7644),#7662,.F.);
#7644 = FACE_BOUND('',#7645,.T.);
#7645 = EDGE_LOOP('',(#7646,#7647,#7648,#7656));
#7646 = ORIENTED_EDGE('',*,*,#7623,.F.);
#7647 = ORIENTED_EDGE('',*,*,#6697,.T.);
#7648 = ORIENTED_EDGE('',*,*,#7649,.T.);
#7649 = EDGE_CURVE('',#6688,#7650,#7652,.T.);
#7650 = VERTEX_POINT('',#7651);
#7651 = CARTESIAN_POINT('',(0.16,-5.24,8.54));
#7652 = LINE('',#7653,#7654);
#7653 = CARTESIAN_POINT('',(0.16,-5.24,8.54));
#7654 = VECTOR('',#7655,1.);
#7655 = DIRECTION('',(-0.57735026919,0.57735026919,0.57735026919));
#7656 = ORIENTED_EDGE('',*,*,#7657,.F.);
#7657 = EDGE_CURVE('',#7624,#7650,#7658,.T.);
#7658 = LINE('',#7659,#7660);
#7659 = CARTESIAN_POINT('',(-0.32,-5.24,8.54));
#7660 = VECTOR('',#7661,1.);
#7661 = DIRECTION('',(1.,0.,0.));
#7662 = PLANE('',#7663);
#7663 = AXIS2_PLACEMENT_3D('',#7664,#7665,#7666);
#7664 = CARTESIAN_POINT('',(-0.32,-5.32,8.46));
#7665 = DIRECTION('',(-1.735167508357E-18,0.707106781187,-0.707106781187
    ));
#7666 = DIRECTION('',(-1.,-1.226948711654E-18,1.226948711654E-18));
#7667 = ADVANCED_FACE('',(#7668),#7679,.T.);
#7668 = FACE_BOUND('',#7669,.T.);
#7669 = EDGE_LOOP('',(#7670,#7671,#7672,#7673));
#7670 = ORIENTED_EDGE('',*,*,#7649,.F.);
#7671 = ORIENTED_EDGE('',*,*,#6714,.T.);
#7672 = ORIENTED_EDGE('',*,*,#7601,.T.);
#7673 = ORIENTED_EDGE('',*,*,#7674,.F.);
#7674 = EDGE_CURVE('',#7650,#7602,#7675,.T.);
#7675 = LINE('',#7676,#7677);
#7676 = CARTESIAN_POINT('',(0.16,-5.4,8.54));
#7677 = VECTOR('',#7678,1.);
#7678 = DIRECTION('',(0.,1.,0.));
#7679 = PLANE('',#7680);
#7680 = AXIS2_PLACEMENT_3D('',#7681,#7682,#7683);
#7681 = CARTESIAN_POINT('',(0.24,-5.4,8.46));
#7682 = DIRECTION('',(0.707106781187,-1.735167508357E-18,0.707106781187)
  );
#7683 = DIRECTION('',(1.226948711654E-18,1.,1.226948711654E-18));
#7684 = ADVANCED_FACE('',(#7685),#7710,.T.);
#7685 = FACE_BOUND('',#7686,.F.);
#7686 = EDGE_LOOP('',(#7687,#7695,#7696,#7704));
#7687 = ORIENTED_EDGE('',*,*,#7688,.F.);
#7688 = EDGE_CURVE('',#6738,#7689,#7691,.T.);
#7689 = VERTEX_POINT('',#7690);
#7690 = CARTESIAN_POINT('',(-0.16,-10.,8.54));
#7691 = LINE('',#7692,#7693);
#7692 = CARTESIAN_POINT('',(-0.16,-10.,8.54));
#7693 = VECTOR('',#7694,1.);
#7694 = DIRECTION('',(0.57735026919,-0.57735026919,0.57735026919));
#7695 = ORIENTED_EDGE('',*,*,#6745,.T.);
#7696 = ORIENTED_EDGE('',*,*,#7697,.T.);
#7697 = EDGE_CURVE('',#6729,#7698,#7700,.T.);
#7698 = VERTEX_POINT('',#7699);
#7699 = CARTESIAN_POINT('',(0.16,-10.,8.54));
#7700 = LINE('',#7701,#7702);
#7701 = CARTESIAN_POINT('',(5.333333333333E-02,-10.10666666666,
    8.646666666667));
#7702 = VECTOR('',#7703,1.);
#7703 = DIRECTION('',(-0.57735026919,-0.57735026919,0.57735026919));
#7704 = ORIENTED_EDGE('',*,*,#7705,.F.);
#7705 = EDGE_CURVE('',#7689,#7698,#7706,.T.);
#7706 = LINE('',#7707,#7708);
#7707 = CARTESIAN_POINT('',(-0.32,-10.,8.54));
#7708 = VECTOR('',#7709,1.);
#7709 = DIRECTION('',(1.,0.,0.));
#7710 = PLANE('',#7711);
#7711 = AXIS2_PLACEMENT_3D('',#7712,#7713,#7714);
#7712 = CARTESIAN_POINT('',(-0.32,-9.92,8.46));
#7713 = DIRECTION('',(1.735167508357E-18,0.707106781187,0.707106781187)
  );
#7714 = DIRECTION('',(-1.,1.226948711654E-18,1.226948711654E-18));
#7715 = ADVANCED_FACE('',(#7716),#7734,.F.);
#7716 = FACE_BOUND('',#7717,.F.);
#7717 = EDGE_LOOP('',(#7718,#7726,#7727,#7728));
#7718 = ORIENTED_EDGE('',*,*,#7719,.F.);
#7719 = EDGE_CURVE('',#6760,#7720,#7722,.T.);
#7720 = VERTEX_POINT('',#7721);
#7721 = CARTESIAN_POINT('',(-0.16,-10.32,8.54));
#7722 = LINE('',#7723,#7724);
#7723 = CARTESIAN_POINT('',(-0.266666666667,-10.42666666666,
    8.433333333333));
#7724 = VECTOR('',#7725,1.);
#7725 = DIRECTION('',(0.57735026919,0.57735026919,0.57735026919));
#7726 = ORIENTED_EDGE('',*,*,#6769,.T.);
#7727 = ORIENTED_EDGE('',*,*,#7688,.T.);
#7728 = ORIENTED_EDGE('',*,*,#7729,.F.);
#7729 = EDGE_CURVE('',#7720,#7689,#7730,.T.);
#7730 = LINE('',#7731,#7732);
#7731 = CARTESIAN_POINT('',(-0.16,-10.48,8.54));
#7732 = VECTOR('',#7733,1.);
#7733 = DIRECTION('',(0.,1.,0.));
#7734 = PLANE('',#7735);
#7735 = AXIS2_PLACEMENT_3D('',#7736,#7737,#7738);
#7736 = CARTESIAN_POINT('',(-0.24,-10.48,8.46));
#7737 = DIRECTION('',(0.707106781187,1.735167508357E-18,-0.707106781187)
  );
#7738 = DIRECTION('',(-1.226948711654E-18,1.,1.226948711654E-18));
#7739 = ADVANCED_FACE('',(#7740),#7758,.F.);
#7740 = FACE_BOUND('',#7741,.T.);
#7741 = EDGE_LOOP('',(#7742,#7743,#7744,#7752));
#7742 = ORIENTED_EDGE('',*,*,#7719,.F.);
#7743 = ORIENTED_EDGE('',*,*,#6793,.T.);
#7744 = ORIENTED_EDGE('',*,*,#7745,.T.);
#7745 = EDGE_CURVE('',#6784,#7746,#7748,.T.);
#7746 = VERTEX_POINT('',#7747);
#7747 = CARTESIAN_POINT('',(0.16,-10.32,8.54));
#7748 = LINE('',#7749,#7750);
#7749 = CARTESIAN_POINT('',(0.16,-10.32,8.54));
#7750 = VECTOR('',#7751,1.);
#7751 = DIRECTION('',(-0.57735026919,0.57735026919,0.57735026919));
#7752 = ORIENTED_EDGE('',*,*,#7753,.F.);
#7753 = EDGE_CURVE('',#7720,#7746,#7754,.T.);
#7754 = LINE('',#7755,#7756);
#7755 = CARTESIAN_POINT('',(-0.32,-10.32,8.54));
#7756 = VECTOR('',#7757,1.);
#7757 = DIRECTION('',(1.,0.,0.));
#7758 = PLANE('',#7759);
#7759 = AXIS2_PLACEMENT_3D('',#7760,#7761,#7762);
#7760 = CARTESIAN_POINT('',(-0.32,-10.4,8.46));
#7761 = DIRECTION('',(-1.735167508357E-18,0.707106781187,-0.707106781187
    ));
#7762 = DIRECTION('',(-1.,-1.226948711654E-18,1.226948711654E-18));
#7763 = ADVANCED_FACE('',(#7764),#7775,.T.);
#7764 = FACE_BOUND('',#7765,.T.);
#7765 = EDGE_LOOP('',(#7766,#7767,#7768,#7769));
#7766 = ORIENTED_EDGE('',*,*,#7745,.F.);
#7767 = ORIENTED_EDGE('',*,*,#6810,.T.);
#7768 = ORIENTED_EDGE('',*,*,#7697,.T.);
#7769 = ORIENTED_EDGE('',*,*,#7770,.F.);
#7770 = EDGE_CURVE('',#7746,#7698,#7771,.T.);
#7771 = LINE('',#7772,#7773);
#7772 = CARTESIAN_POINT('',(0.16,-10.48,8.54));
#7773 = VECTOR('',#7774,1.);
#7774 = DIRECTION('',(0.,1.,0.));
#7775 = PLANE('',#7776);
#7776 = AXIS2_PLACEMENT_3D('',#7777,#7778,#7779);
#7777 = CARTESIAN_POINT('',(0.24,-10.48,8.46));
#7778 = DIRECTION('',(0.707106781187,-1.735167508357E-18,0.707106781187)
  );
#7779 = DIRECTION('',(1.226948711654E-18,1.,1.226948711654E-18));
#7780 = ADVANCED_FACE('',(#7781),#7806,.F.);
#7781 = FACE_BOUND('',#7782,.T.);
#7782 = EDGE_LOOP('',(#7783,#7791,#7792,#7800));
#7783 = ORIENTED_EDGE('',*,*,#7784,.F.);
#7784 = EDGE_CURVE('',#6834,#7785,#7787,.T.);
#7785 = VERTEX_POINT('',#7786);
#7786 = CARTESIAN_POINT('',(-0.16,-7.78,8.54));
#7787 = LINE('',#7788,#7789);
#7788 = CARTESIAN_POINT('',(-0.266666666667,-7.886666666667,
    8.433333333333));
#7789 = VECTOR('',#7790,1.);
#7790 = DIRECTION('',(0.57735026919,0.57735026919,0.57735026919));
#7791 = ORIENTED_EDGE('',*,*,#6841,.T.);
#7792 = ORIENTED_EDGE('',*,*,#7793,.T.);
#7793 = EDGE_CURVE('',#6825,#7794,#7796,.T.);
#7794 = VERTEX_POINT('',#7795);
#7795 = CARTESIAN_POINT('',(0.16,-7.78,8.54));
#7796 = LINE('',#7797,#7798);
#7797 = CARTESIAN_POINT('',(0.16,-7.78,8.54));
#7798 = VECTOR('',#7799,1.);
#7799 = DIRECTION('',(-0.57735026919,0.57735026919,0.57735026919));
#7800 = ORIENTED_EDGE('',*,*,#7801,.F.);
#7801 = EDGE_CURVE('',#7785,#7794,#7802,.T.);
#7802 = LINE('',#7803,#7804);
#7803 = CARTESIAN_POINT('',(-0.32,-7.78,8.54));
#7804 = VECTOR('',#7805,1.);
#7805 = DIRECTION('',(1.,0.,0.));
#7806 = PLANE('',#7807);
#7807 = AXIS2_PLACEMENT_3D('',#7808,#7809,#7810);
#7808 = CARTESIAN_POINT('',(-0.32,-7.86,8.46));
#7809 = DIRECTION('',(-1.735167508357E-18,0.707106781187,-0.707106781187
    ));
#7810 = DIRECTION('',(-1.,-1.226948711654E-18,1.226948711654E-18));
#7811 = ADVANCED_FACE('',(#7812),#7830,.T.);
#7812 = FACE_BOUND('',#7813,.T.);
#7813 = EDGE_LOOP('',(#7814,#7815,#7816,#7824));
#7814 = ORIENTED_EDGE('',*,*,#7793,.F.);
#7815 = ORIENTED_EDGE('',*,*,#6865,.T.);
#7816 = ORIENTED_EDGE('',*,*,#7817,.T.);
#7817 = EDGE_CURVE('',#6858,#7818,#7820,.T.);
#7818 = VERTEX_POINT('',#7819);
#7819 = CARTESIAN_POINT('',(0.16,-7.46,8.54));
#7820 = LINE('',#7821,#7822);
#7821 = CARTESIAN_POINT('',(5.333333333333E-02,-7.566666666667,
    8.646666666667));
#7822 = VECTOR('',#7823,1.);
#7823 = DIRECTION('',(-0.57735026919,-0.57735026919,0.57735026919));
#7824 = ORIENTED_EDGE('',*,*,#7825,.F.);
#7825 = EDGE_CURVE('',#7794,#7818,#7826,.T.);
#7826 = LINE('',#7827,#7828);
#7827 = CARTESIAN_POINT('',(0.16,-7.94,8.54));
#7828 = VECTOR('',#7829,1.);
#7829 = DIRECTION('',(0.,1.,0.));
#7830 = PLANE('',#7831);
#7831 = AXIS2_PLACEMENT_3D('',#7832,#7833,#7834);
#7832 = CARTESIAN_POINT('',(0.24,-7.94,8.46));
#7833 = DIRECTION('',(0.707106781187,-1.735167508357E-18,0.707106781187)
  );
#7834 = DIRECTION('',(1.226948711654E-18,1.,1.226948711654E-18));
#7835 = ADVANCED_FACE('',(#7836),#7854,.T.);
#7836 = FACE_BOUND('',#7837,.F.);
#7837 = EDGE_LOOP('',(#7838,#7846,#7847,#7848));
#7838 = ORIENTED_EDGE('',*,*,#7839,.F.);
#7839 = EDGE_CURVE('',#6882,#7840,#7842,.T.);
#7840 = VERTEX_POINT('',#7841);
#7841 = CARTESIAN_POINT('',(-0.16,-7.46,8.54));
#7842 = LINE('',#7843,#7844);
#7843 = CARTESIAN_POINT('',(-0.16,-7.46,8.54));
#7844 = VECTOR('',#7845,1.);
#7845 = DIRECTION('',(0.57735026919,-0.57735026919,0.57735026919));
#7846 = ORIENTED_EDGE('',*,*,#6889,.T.);
#7847 = ORIENTED_EDGE('',*,*,#7817,.T.);
#7848 = ORIENTED_EDGE('',*,*,#7849,.F.);
#7849 = EDGE_CURVE('',#7840,#7818,#7850,.T.);
#7850 = LINE('',#7851,#7852);
#7851 = CARTESIAN_POINT('',(-0.32,-7.46,8.54));
#7852 = VECTOR('',#7853,1.);
#7853 = DIRECTION('',(1.,0.,0.));
#7854 = PLANE('',#7855);
#7855 = AXIS2_PLACEMENT_3D('',#7856,#7857,#7858);
#7856 = CARTESIAN_POINT('',(-0.32,-7.38,8.46));
#7857 = DIRECTION('',(1.735167508357E-18,0.707106781187,0.707106781187)
  );
#7858 = DIRECTION('',(-1.,1.226948711654E-18,1.226948711654E-18));
#7859 = ADVANCED_FACE('',(#7860),#7871,.F.);
#7860 = FACE_BOUND('',#7861,.F.);
#7861 = EDGE_LOOP('',(#7862,#7863,#7864,#7865));
#7862 = ORIENTED_EDGE('',*,*,#7784,.F.);
#7863 = ORIENTED_EDGE('',*,*,#6906,.T.);
#7864 = ORIENTED_EDGE('',*,*,#7839,.T.);
#7865 = ORIENTED_EDGE('',*,*,#7866,.F.);
#7866 = EDGE_CURVE('',#7785,#7840,#7867,.T.);
#7867 = LINE('',#7868,#7869);
#7868 = CARTESIAN_POINT('',(-0.16,-7.94,8.54));
#7869 = VECTOR('',#7870,1.);
#7870 = DIRECTION('',(0.,1.,0.));
#7871 = PLANE('',#7872);
#7872 = AXIS2_PLACEMENT_3D('',#7873,#7874,#7875);
#7873 = CARTESIAN_POINT('',(-0.24,-7.94,8.46));
#7874 = DIRECTION('',(0.707106781187,1.735167508357E-18,-0.707106781187)
  );
#7875 = DIRECTION('',(-1.226948711654E-18,1.,1.226948711654E-18));
#7876 = ADVANCED_FACE('',(#7877),#7883,.F.);
#7877 = FACE_BOUND('',#7878,.F.);
#7878 = EDGE_LOOP('',(#7879,#7880,#7881,#7882));
#7879 = ORIENTED_EDGE('',*,*,#7002,.T.);
#7880 = ORIENTED_EDGE('',*,*,#6937,.T.);
#7881 = ORIENTED_EDGE('',*,*,#6961,.F.);
#7882 = ORIENTED_EDGE('',*,*,#6985,.F.);
#7883 = PLANE('',#7884);
#7884 = AXIS2_PLACEMENT_3D('',#7885,#7886,#7887);
#7885 = CARTESIAN_POINT('',(-0.32,-0.32,-3.));
#7886 = DIRECTION('',(0.,0.,1.));
#7887 = DIRECTION('',(1.,0.,-0.));
#7888 = ADVANCED_FACE('',(#7889),#7895,.F.);
#7889 = FACE_BOUND('',#7890,.F.);
#7890 = EDGE_LOOP('',(#7891,#7892,#7893,#7894));
#7891 = ORIENTED_EDGE('',*,*,#7081,.T.);
#7892 = ORIENTED_EDGE('',*,*,#7098,.T.);
#7893 = ORIENTED_EDGE('',*,*,#7033,.F.);
#7894 = ORIENTED_EDGE('',*,*,#7057,.F.);
#7895 = PLANE('',#7896);
#7896 = AXIS2_PLACEMENT_3D('',#7897,#7898,#7899);
#7897 = CARTESIAN_POINT('',(-0.32,-2.86,-3.));
#7898 = DIRECTION('',(0.,0.,1.));
#7899 = DIRECTION('',(1.,0.,-0.));
#7900 = ADVANCED_FACE('',(#7901),#7907,.F.);
#7901 = FACE_BOUND('',#7902,.F.);
#7902 = EDGE_LOOP('',(#7903,#7904,#7905,#7906));
#7903 = ORIENTED_EDGE('',*,*,#7177,.T.);
#7904 = ORIENTED_EDGE('',*,*,#7194,.T.);
#7905 = ORIENTED_EDGE('',*,*,#7129,.F.);
#7906 = ORIENTED_EDGE('',*,*,#7153,.F.);
#7907 = PLANE('',#7908);
#7908 = AXIS2_PLACEMENT_3D('',#7909,#7910,#7911);
#7909 = CARTESIAN_POINT('',(-0.32,-5.4,-3.));
#7910 = DIRECTION('',(0.,0.,1.));
#7911 = DIRECTION('',(1.,0.,-0.));
#7912 = ADVANCED_FACE('',(#7913),#7919,.F.);
#7913 = FACE_BOUND('',#7914,.F.);
#7914 = EDGE_LOOP('',(#7915,#7916,#7917,#7918));
#7915 = ORIENTED_EDGE('',*,*,#7273,.T.);
#7916 = ORIENTED_EDGE('',*,*,#7290,.T.);
#7917 = ORIENTED_EDGE('',*,*,#7225,.F.);
#7918 = ORIENTED_EDGE('',*,*,#7249,.F.);
#7919 = PLANE('',#7920);
#7920 = AXIS2_PLACEMENT_3D('',#7921,#7922,#7923);
#7921 = CARTESIAN_POINT('',(-0.32,-10.48,-3.));
#7922 = DIRECTION('',(0.,0.,1.));
#7923 = DIRECTION('',(1.,0.,-0.));
#7924 = ADVANCED_FACE('',(#7925),#7931,.F.);
#7925 = FACE_BOUND('',#7926,.F.);
#7926 = EDGE_LOOP('',(#7927,#7928,#7929,#7930));
#7927 = ORIENTED_EDGE('',*,*,#7321,.T.);
#7928 = ORIENTED_EDGE('',*,*,#7345,.T.);
#7929 = ORIENTED_EDGE('',*,*,#7369,.F.);
#7930 = ORIENTED_EDGE('',*,*,#7386,.F.);
#7931 = PLANE('',#7932);
#7932 = AXIS2_PLACEMENT_3D('',#7933,#7934,#7935);
#7933 = CARTESIAN_POINT('',(-0.32,-7.94,-3.));
#7934 = DIRECTION('',(0.,0.,1.));
#7935 = DIRECTION('',(1.,0.,-0.));
#7936 = ADVANCED_FACE('',(#7937),#7943,.T.);
#7937 = FACE_BOUND('',#7938,.T.);
#7938 = EDGE_LOOP('',(#7939,#7940,#7941,#7942));
#7939 = ORIENTED_EDGE('',*,*,#7417,.T.);
#7940 = ORIENTED_EDGE('',*,*,#7441,.F.);
#7941 = ORIENTED_EDGE('',*,*,#7465,.F.);
#7942 = ORIENTED_EDGE('',*,*,#7482,.T.);
#7943 = PLANE('',#7944);
#7944 = AXIS2_PLACEMENT_3D('',#7945,#7946,#7947);
#7945 = CARTESIAN_POINT('',(-0.32,-0.32,8.54));
#7946 = DIRECTION('',(0.,0.,1.));
#7947 = DIRECTION('',(1.,0.,-0.));
#7948 = ADVANCED_FACE('',(#7949),#7955,.T.);
#7949 = FACE_BOUND('',#7950,.T.);
#7950 = EDGE_LOOP('',(#7951,#7952,#7953,#7954));
#7951 = ORIENTED_EDGE('',*,*,#7578,.T.);
#7952 = ORIENTED_EDGE('',*,*,#7513,.F.);
#7953 = ORIENTED_EDGE('',*,*,#7537,.F.);
#7954 = ORIENTED_EDGE('',*,*,#7561,.T.);
#7955 = PLANE('',#7956);
#7956 = AXIS2_PLACEMENT_3D('',#7957,#7958,#7959);
#7957 = CARTESIAN_POINT('',(-0.32,-2.86,8.54));
#7958 = DIRECTION('',(0.,0.,1.));
#7959 = DIRECTION('',(1.,0.,-0.));
#7960 = ADVANCED_FACE('',(#7961),#7967,.T.);
#7961 = FACE_BOUND('',#7962,.T.);
#7962 = EDGE_LOOP('',(#7963,#7964,#7965,#7966));
#7963 = ORIENTED_EDGE('',*,*,#7674,.T.);
#7964 = ORIENTED_EDGE('',*,*,#7609,.F.);
#7965 = ORIENTED_EDGE('',*,*,#7633,.F.);
#7966 = ORIENTED_EDGE('',*,*,#7657,.T.);
#7967 = PLANE('',#7968);
#7968 = AXIS2_PLACEMENT_3D('',#7969,#7970,#7971);
#7969 = CARTESIAN_POINT('',(-0.32,-5.4,8.54));
#7970 = DIRECTION('',(0.,0.,1.));
#7971 = DIRECTION('',(1.,0.,-0.));
#7972 = ADVANCED_FACE('',(#7973),#7979,.T.);
#7973 = FACE_BOUND('',#7974,.T.);
#7974 = EDGE_LOOP('',(#7975,#7976,#7977,#7978));
#7975 = ORIENTED_EDGE('',*,*,#7770,.T.);
#7976 = ORIENTED_EDGE('',*,*,#7705,.F.);
#7977 = ORIENTED_EDGE('',*,*,#7729,.F.);
#7978 = ORIENTED_EDGE('',*,*,#7753,.T.);
#7979 = PLANE('',#7980);
#7980 = AXIS2_PLACEMENT_3D('',#7981,#7982,#7983);
#7981 = CARTESIAN_POINT('',(-0.32,-10.48,8.54));
#7982 = DIRECTION('',(0.,0.,1.));
#7983 = DIRECTION('',(1.,0.,-0.));
#7984 = ADVANCED_FACE('',(#7985),#7991,.T.);
#7985 = FACE_BOUND('',#7986,.T.);
#7986 = EDGE_LOOP('',(#7987,#7988,#7989,#7990));
#7987 = ORIENTED_EDGE('',*,*,#7825,.T.);
#7988 = ORIENTED_EDGE('',*,*,#7849,.F.);
#7989 = ORIENTED_EDGE('',*,*,#7866,.F.);
#7990 = ORIENTED_EDGE('',*,*,#7801,.T.);
#7991 = PLANE('',#7992);
#7992 = AXIS2_PLACEMENT_3D('',#7993,#7994,#7995);
#7993 = CARTESIAN_POINT('',(-0.32,-7.94,8.54));
#7994 = DIRECTION('',(0.,0.,1.));
#7995 = DIRECTION('',(1.,0.,-0.));
#7996 = ( GEOMETRIC_REPRESENTATION_CONTEXT(3) 
GLOBAL_UNCERTAINTY_ASSIGNED_CONTEXT((#8000)) 
GLOBAL_UNIT_ASSIGNED_CONTEXT((#7997,#7998,#7999)) REPRESENTATION_CONTEXT
('Context #1','3D Context with UNIT and UNCERTAINTY') );
#7997 = ( LENGTH_UNIT() NAMED_UNIT(*) SI_UNIT(.MILLI.,.METRE.) );
#7998 = ( NAMED_UNIT(*) PLANE_ANGLE_UNIT() SI_UNIT($,.RADIAN.) );
#7999 = ( NAMED_UNIT(*) SI_UNIT($,.STERADIAN.) SOLID_ANGLE_UNIT() );
#8000 = UNCERTAINTY_MEASURE_WITH_UNIT(LENGTH_MEASURE(1.E-07),#7997,
  'distance_accuracy_value','confusion accuracy');
#8001 = CONTEXT_DEPENDENT_SHAPE_REPRESENTATION(#8002,#8004);
#8002 = ( REPRESENTATION_RELATIONSHIP('','',#4541,#10) 
REPRESENTATION_RELATIONSHIP_WITH_TRANSFORMATION(#8003) 
SHAPE_REPRESENTATION_RELATIONSHIP() );
#8003 = ITEM_DEFINED_TRANSFORMATION('','',#11,#43);
#8004 = PRODUCT_DEFINITION_SHAPE('Placement','Placement of an item',
  #8005);
#8005 = NEXT_ASSEMBLY_USAGE_OCCURRENCE('8','J1','',#5,#4536,$);
#8006 = PRODUCT_RELATED_PRODUCT_CATEGORY('part',$,(#4538));
#8007 = SHAPE_DEFINITION_REPRESENTATION(#8008,#8014);
#8008 = PRODUCT_DEFINITION_SHAPE('','',#8009);
#8009 = PRODUCT_DEFINITION('design','',#8010,#8013);
#8010 = PRODUCT_DEFINITION_FORMATION('','',#8011);
#8011 = PRODUCT('SW_PUSH_6mm','SW_PUSH_6mm','',(#8012));
#8012 = PRODUCT_CONTEXT('',#2,'mechanical');
#8013 = PRODUCT_DEFINITION_CONTEXT('part definition',#2,'design');
#8014 = ADVANCED_BREP_SHAPE_REPRESENTATION('',(#11,#8015),#11244);
#8015 = MANIFOLD_SOLID_BREP('',#8016);
#8016 = CLOSED_SHELL('',(#8017,#8034,#8059,#8182,#8213,#8238,#8263,#8287
    ,#8311,#8336,#8361,#8378,#8403,#8428,#8453,#8478,#8509,#8534,#8559,
    #8647,#8735,#8760,#8785,#8802,#8811,#8837,#8846,#8855,#8899,#9049,
    #9073,#9216,#9366,#9516,#9533,#9683,#9707,#9850,#10000,#10150,#10167
    ,#10176,#10193,#10210,#10227,#10244,#10266,#10283,#10300,#10317,
    #10334,#10346,#10363,#10380,#10397,#10414,#10431,#10448,#10465,
    #10482,#10494,#10516,#10533,#10550,#10567,#10584,#10596,#10613,
    #10630,#10647,#10664,#10681,#10698,#10715,#10732,#10744,#10766,
    #10783,#10800,#10817,#10834,#10846,#10863,#10880,#10897,#10914,
    #10931,#10948,#10965,#10982,#10994,#11016,#11033,#11050,#11067,
    #11084,#11096,#11113,#11130,#11147,#11164,#11181,#11198,#11215,
    #11232));
#8017 = ADVANCED_FACE('',(#8018),#8029,.F.);
#8018 = FACE_BOUND('',#8019,.T.);
#8019 = EDGE_LOOP('',(#8020));
#8020 = ORIENTED_EDGE('',*,*,#8021,.T.);
#8021 = EDGE_CURVE('',#8022,#8022,#8024,.T.);
#8022 = VERTEX_POINT('',#8023);
#8023 = CARTESIAN_POINT('',(1.65,-4.25,4.1));
#8024 = CIRCLE('',#8025,0.5);
#8025 = AXIS2_PLACEMENT_3D('',#8026,#8027,#8028);
#8026 = CARTESIAN_POINT('',(1.15,-4.25,4.1));
#8027 = DIRECTION('',(0.,0.,1.));
#8028 = DIRECTION('',(1.,0.,-0.));
#8029 = PLANE('',#8030);
#8030 = AXIS2_PLACEMENT_3D('',#8031,#8032,#8033);
#8031 = CARTESIAN_POINT('',(1.65,-4.25,4.1));
#8032 = DIRECTION('',(0.,0.,-1.));
#8033 = DIRECTION('',(-1.,0.,0.));
#8034 = ADVANCED_FACE('',(#8035),#8054,.T.);
#8035 = FACE_BOUND('',#8036,.T.);
#8036 = EDGE_LOOP('',(#8037,#8045,#8046,#8047));
#8037 = ORIENTED_EDGE('',*,*,#8038,.T.);
#8038 = EDGE_CURVE('',#8039,#8022,#8041,.T.);
#8039 = VERTEX_POINT('',#8040);
#8040 = CARTESIAN_POINT('',(1.65,-4.25,3.6));
#8041 = LINE('',#8042,#8043);
#8042 = CARTESIAN_POINT('',(1.65,-4.25,3.5));
#8043 = VECTOR('',#8044,1.);
#8044 = DIRECTION('',(0.,0.,1.));
#8045 = ORIENTED_EDGE('',*,*,#8021,.F.);
#8046 = ORIENTED_EDGE('',*,*,#8038,.F.);
#8047 = ORIENTED_EDGE('',*,*,#8048,.F.);
#8048 = EDGE_CURVE('',#8039,#8039,#8049,.T.);
#8049 = CIRCLE('',#8050,0.5);
#8050 = AXIS2_PLACEMENT_3D('',#8051,#8052,#8053);
#8051 = CARTESIAN_POINT('',(1.15,-4.25,3.6));
#8052 = DIRECTION('',(0.,0.,-1.));
#8053 = DIRECTION('',(1.,0.,0.));
#8054 = CYLINDRICAL_SURFACE('',#8055,0.5);
#8055 = AXIS2_PLACEMENT_3D('',#8056,#8057,#8058);
#8056 = CARTESIAN_POINT('',(1.15,-4.25,3.5));
#8057 = DIRECTION('',(-0.,-0.,-1.));
#8058 = DIRECTION('',(1.,0.,0.));
#8059 = ADVANCED_FACE('',(#8060,#8130,#8141,#8152,#8163,#8174),#8177,.F.
  );
#8060 = FACE_BOUND('',#8061,.F.);
#8061 = EDGE_LOOP('',(#8062,#8072,#8081,#8089,#8098,#8106,#8115,#8123));
#8062 = ORIENTED_EDGE('',*,*,#8063,.F.);
#8063 = EDGE_CURVE('',#8064,#8066,#8068,.T.);
#8064 = VERTEX_POINT('',#8065);
#8065 = CARTESIAN_POINT('',(0.45,-5.25,3.6));
#8066 = VERTEX_POINT('',#8067);
#8067 = CARTESIAN_POINT('',(5.85,-5.25,3.6));
#8068 = LINE('',#8069,#8070);
#8069 = CARTESIAN_POINT('',(0.15,-5.25,3.6));
#8070 = VECTOR('',#8071,1.);
#8071 = DIRECTION('',(1.,0.,0.));
#8072 = ORIENTED_EDGE('',*,*,#8073,.T.);
#8073 = EDGE_CURVE('',#8064,#8074,#8076,.T.);
#8074 = VERTEX_POINT('',#8075);
#8075 = CARTESIAN_POINT('',(0.15,-4.95,3.6));
#8076 = CIRCLE('',#8077,0.3);
#8077 = AXIS2_PLACEMENT_3D('',#8078,#8079,#8080);
#8078 = CARTESIAN_POINT('',(0.45,-4.95,3.6));
#8079 = DIRECTION('',(-0.,-0.,-1.));
#8080 = DIRECTION('',(0.,-1.,0.));
#8081 = ORIENTED_EDGE('',*,*,#8082,.F.);
#8082 = EDGE_CURVE('',#8083,#8074,#8085,.T.);
#8083 = VERTEX_POINT('',#8084);
#8084 = CARTESIAN_POINT('',(0.15,0.45,3.6));
#8085 = LINE('',#8086,#8087);
#8086 = CARTESIAN_POINT('',(0.15,0.75,3.6));
#8087 = VECTOR('',#8088,1.);
#8088 = DIRECTION('',(0.,-1.,0.));
#8089 = ORIENTED_EDGE('',*,*,#8090,.F.);
#8090 = EDGE_CURVE('',#8091,#8083,#8093,.T.);
#8091 = VERTEX_POINT('',#8092);
#8092 = CARTESIAN_POINT('',(0.45,0.75,3.6));
#8093 = CIRCLE('',#8094,0.3);
#8094 = AXIS2_PLACEMENT_3D('',#8095,#8096,#8097);
#8095 = CARTESIAN_POINT('',(0.45,0.45,3.6));
#8096 = DIRECTION('',(-0.,0.,1.));
#8097 = DIRECTION('',(0.,-1.,0.));
#8098 = ORIENTED_EDGE('',*,*,#8099,.F.);
#8099 = EDGE_CURVE('',#8100,#8091,#8102,.T.);
#8100 = VERTEX_POINT('',#8101);
#8101 = CARTESIAN_POINT('',(5.85,0.75,3.6));
#8102 = LINE('',#8103,#8104);
#8103 = CARTESIAN_POINT('',(6.15,0.75,3.6));
#8104 = VECTOR('',#8105,1.);
#8105 = DIRECTION('',(-1.,0.,0.));
#8106 = ORIENTED_EDGE('',*,*,#8107,.F.);
#8107 = EDGE_CURVE('',#8108,#8100,#8110,.T.);
#8108 = VERTEX_POINT('',#8109);
#8109 = CARTESIAN_POINT('',(6.15,0.45,3.6));
#8110 = CIRCLE('',#8111,0.3);
#8111 = AXIS2_PLACEMENT_3D('',#8112,#8113,#8114);
#8112 = CARTESIAN_POINT('',(5.85,0.45,3.6));
#8113 = DIRECTION('',(-0.,0.,1.));
#8114 = DIRECTION('',(0.,-1.,0.));
#8115 = ORIENTED_EDGE('',*,*,#8116,.F.);
#8116 = EDGE_CURVE('',#8117,#8108,#8119,.T.);
#8117 = VERTEX_POINT('',#8118);
#8118 = CARTESIAN_POINT('',(6.15,-4.95,3.6));
#8119 = LINE('',#8120,#8121);
#8120 = CARTESIAN_POINT('',(6.15,-5.25,3.6));
#8121 = VECTOR('',#8122,1.);
#8122 = DIRECTION('',(0.,1.,0.));
#8123 = ORIENTED_EDGE('',*,*,#8124,.F.);
#8124 = EDGE_CURVE('',#8066,#8117,#8125,.T.);
#8125 = CIRCLE('',#8126,0.3);
#8126 = AXIS2_PLACEMENT_3D('',#8127,#8128,#8129);
#8127 = CARTESIAN_POINT('',(5.85,-4.95,3.6));
#8128 = DIRECTION('',(-0.,0.,1.));
#8129 = DIRECTION('',(0.,-1.,0.));
#8130 = FACE_BOUND('',#8131,.F.);
#8131 = EDGE_LOOP('',(#8132));
#8132 = ORIENTED_EDGE('',*,*,#8133,.F.);
#8133 = EDGE_CURVE('',#8134,#8134,#8136,.T.);
#8134 = VERTEX_POINT('',#8135);
#8135 = CARTESIAN_POINT('',(5.65,-4.25,3.6));
#8136 = CIRCLE('',#8137,0.5);
#8137 = AXIS2_PLACEMENT_3D('',#8138,#8139,#8140);
#8138 = CARTESIAN_POINT('',(5.15,-4.25,3.6));
#8139 = DIRECTION('',(0.,0.,-1.));
#8140 = DIRECTION('',(1.,0.,0.));
#8141 = FACE_BOUND('',#8142,.F.);
#8142 = EDGE_LOOP('',(#8143));
#8143 = ORIENTED_EDGE('',*,*,#8144,.F.);
#8144 = EDGE_CURVE('',#8145,#8145,#8147,.T.);
#8145 = VERTEX_POINT('',#8146);
#8146 = CARTESIAN_POINT('',(4.9,-2.25,3.6));
#8147 = CIRCLE('',#8148,1.75);
#8148 = AXIS2_PLACEMENT_3D('',#8149,#8150,#8151);
#8149 = CARTESIAN_POINT('',(3.15,-2.25,3.6));
#8150 = DIRECTION('',(0.,0.,-1.));
#8151 = DIRECTION('',(1.,0.,0.));
#8152 = FACE_BOUND('',#8153,.F.);
#8153 = EDGE_LOOP('',(#8154));
#8154 = ORIENTED_EDGE('',*,*,#8155,.F.);
#8155 = EDGE_CURVE('',#8156,#8156,#8158,.T.);
#8156 = VERTEX_POINT('',#8157);
#8157 = CARTESIAN_POINT('',(1.65,-0.25,3.6));
#8158 = CIRCLE('',#8159,0.5);
#8159 = AXIS2_PLACEMENT_3D('',#8160,#8161,#8162);
#8160 = CARTESIAN_POINT('',(1.15,-0.25,3.6));
#8161 = DIRECTION('',(0.,0.,-1.));
#8162 = DIRECTION('',(1.,0.,0.));
#8163 = FACE_BOUND('',#8164,.F.);
#8164 = EDGE_LOOP('',(#8165));
#8165 = ORIENTED_EDGE('',*,*,#8166,.F.);
#8166 = EDGE_CURVE('',#8167,#8167,#8169,.T.);
#8167 = VERTEX_POINT('',#8168);
#8168 = CARTESIAN_POINT('',(5.65,-0.25,3.6));
#8169 = CIRCLE('',#8170,0.5);
#8170 = AXIS2_PLACEMENT_3D('',#8171,#8172,#8173);
#8171 = CARTESIAN_POINT('',(5.15,-0.25,3.6));
#8172 = DIRECTION('',(0.,0.,-1.));
#8173 = DIRECTION('',(1.,0.,0.));
#8174 = FACE_BOUND('',#8175,.F.);
#8175 = EDGE_LOOP('',(#8176));
#8176 = ORIENTED_EDGE('',*,*,#8048,.F.);
#8177 = PLANE('',#8178);
#8178 = AXIS2_PLACEMENT_3D('',#8179,#8180,#8181);
#8179 = CARTESIAN_POINT('',(0.15,-5.25,3.6));
#8180 = DIRECTION('',(0.,0.,-1.));
#8181 = DIRECTION('',(-1.,0.,0.));
#8182 = ADVANCED_FACE('',(#8183),#8208,.F.);
#8183 = FACE_BOUND('',#8184,.F.);
#8184 = EDGE_LOOP('',(#8185,#8195,#8201,#8202));
#8185 = ORIENTED_EDGE('',*,*,#8186,.F.);
#8186 = EDGE_CURVE('',#8187,#8189,#8191,.T.);
#8187 = VERTEX_POINT('',#8188);
#8188 = CARTESIAN_POINT('',(0.45,-5.25,3.5));
#8189 = VERTEX_POINT('',#8190);
#8190 = CARTESIAN_POINT('',(5.85,-5.25,3.5));
#8191 = LINE('',#8192,#8193);
#8192 = CARTESIAN_POINT('',(0.15,-5.25,3.5));
#8193 = VECTOR('',#8194,1.);
#8194 = DIRECTION('',(1.,0.,0.));
#8195 = ORIENTED_EDGE('',*,*,#8196,.T.);
#8196 = EDGE_CURVE('',#8187,#8064,#8197,.T.);
#8197 = LINE('',#8198,#8199);
#8198 = CARTESIAN_POINT('',(0.45,-5.25,3.5));
#8199 = VECTOR('',#8200,1.);
#8200 = DIRECTION('',(0.,0.,1.));
#8201 = ORIENTED_EDGE('',*,*,#8063,.T.);
#8202 = ORIENTED_EDGE('',*,*,#8203,.F.);
#8203 = EDGE_CURVE('',#8189,#8066,#8204,.T.);
#8204 = LINE('',#8205,#8206);
#8205 = CARTESIAN_POINT('',(5.85,-5.25,3.5));
#8206 = VECTOR('',#8207,1.);
#8207 = DIRECTION('',(0.,0.,1.));
#8208 = PLANE('',#8209);
#8209 = AXIS2_PLACEMENT_3D('',#8210,#8211,#8212);
#8210 = CARTESIAN_POINT('',(0.15,-5.25,3.5));
#8211 = DIRECTION('',(0.,1.,0.));
#8212 = DIRECTION('',(1.,0.,0.));
#8213 = ADVANCED_FACE('',(#8214),#8233,.T.);
#8214 = FACE_BOUND('',#8215,.T.);
#8215 = EDGE_LOOP('',(#8216,#8217,#8218,#8226));
#8216 = ORIENTED_EDGE('',*,*,#8196,.T.);
#8217 = ORIENTED_EDGE('',*,*,#8073,.T.);
#8218 = ORIENTED_EDGE('',*,*,#8219,.F.);
#8219 = EDGE_CURVE('',#8220,#8074,#8222,.T.);
#8220 = VERTEX_POINT('',#8221);
#8221 = CARTESIAN_POINT('',(0.15,-4.95,3.5));
#8222 = LINE('',#8223,#8224);
#8223 = CARTESIAN_POINT('',(0.15,-4.95,3.5));
#8224 = VECTOR('',#8225,1.);
#8225 = DIRECTION('',(0.,0.,1.));
#8226 = ORIENTED_EDGE('',*,*,#8227,.F.);
#8227 = EDGE_CURVE('',#8187,#8220,#8228,.T.);
#8228 = CIRCLE('',#8229,0.3);
#8229 = AXIS2_PLACEMENT_3D('',#8230,#8231,#8232);
#8230 = CARTESIAN_POINT('',(0.45,-4.95,3.5));
#8231 = DIRECTION('',(-0.,-0.,-1.));
#8232 = DIRECTION('',(0.,-1.,0.));
#8233 = CYLINDRICAL_SURFACE('',#8234,0.3);
#8234 = AXIS2_PLACEMENT_3D('',#8235,#8236,#8237);
#8235 = CARTESIAN_POINT('',(0.45,-4.95,3.5));
#8236 = DIRECTION('',(0.,0.,1.));
#8237 = DIRECTION('',(0.,-1.,0.));
#8238 = ADVANCED_FACE('',(#8239),#8258,.T.);
#8239 = FACE_BOUND('',#8240,.T.);
#8240 = EDGE_LOOP('',(#8241,#8250,#8256,#8257));
#8241 = ORIENTED_EDGE('',*,*,#8242,.T.);
#8242 = EDGE_CURVE('',#8189,#8243,#8245,.T.);
#8243 = VERTEX_POINT('',#8244);
#8244 = CARTESIAN_POINT('',(6.15,-4.95,3.5));
#8245 = CIRCLE('',#8246,0.3);
#8246 = AXIS2_PLACEMENT_3D('',#8247,#8248,#8249);
#8247 = CARTESIAN_POINT('',(5.85,-4.95,3.5));
#8248 = DIRECTION('',(-0.,0.,1.));
#8249 = DIRECTION('',(0.,-1.,0.));
#8250 = ORIENTED_EDGE('',*,*,#8251,.T.);
#8251 = EDGE_CURVE('',#8243,#8117,#8252,.T.);
#8252 = LINE('',#8253,#8254);
#8253 = CARTESIAN_POINT('',(6.15,-4.95,3.5));
#8254 = VECTOR('',#8255,1.);
#8255 = DIRECTION('',(0.,0.,1.));
#8256 = ORIENTED_EDGE('',*,*,#8124,.F.);
#8257 = ORIENTED_EDGE('',*,*,#8203,.F.);
#8258 = CYLINDRICAL_SURFACE('',#8259,0.3);
#8259 = AXIS2_PLACEMENT_3D('',#8260,#8261,#8262);
#8260 = CARTESIAN_POINT('',(5.85,-4.95,3.5));
#8261 = DIRECTION('',(0.,0.,1.));
#8262 = DIRECTION('',(0.,-1.,0.));
#8263 = ADVANCED_FACE('',(#8264),#8282,.F.);
#8264 = FACE_BOUND('',#8265,.F.);
#8265 = EDGE_LOOP('',(#8266,#8274,#8280,#8281));
#8266 = ORIENTED_EDGE('',*,*,#8267,.F.);
#8267 = EDGE_CURVE('',#8268,#8220,#8270,.T.);
#8268 = VERTEX_POINT('',#8269);
#8269 = CARTESIAN_POINT('',(0.15,0.45,3.5));
#8270 = LINE('',#8271,#8272);
#8271 = CARTESIAN_POINT('',(0.15,0.75,3.5));
#8272 = VECTOR('',#8273,1.);
#8273 = DIRECTION('',(0.,-1.,0.));
#8274 = ORIENTED_EDGE('',*,*,#8275,.T.);
#8275 = EDGE_CURVE('',#8268,#8083,#8276,.T.);
#8276 = LINE('',#8277,#8278);
#8277 = CARTESIAN_POINT('',(0.15,0.45,3.5));
#8278 = VECTOR('',#8279,1.);
#8279 = DIRECTION('',(0.,0.,1.));
#8280 = ORIENTED_EDGE('',*,*,#8082,.T.);
#8281 = ORIENTED_EDGE('',*,*,#8219,.F.);
#8282 = PLANE('',#8283);
#8283 = AXIS2_PLACEMENT_3D('',#8284,#8285,#8286);
#8284 = CARTESIAN_POINT('',(0.15,0.75,3.5));
#8285 = DIRECTION('',(1.,0.,0.));
#8286 = DIRECTION('',(0.,-1.,0.));
#8287 = ADVANCED_FACE('',(#8288),#8306,.F.);
#8288 = FACE_BOUND('',#8289,.F.);
#8289 = EDGE_LOOP('',(#8290,#8298,#8299,#8300));
#8290 = ORIENTED_EDGE('',*,*,#8291,.F.);
#8291 = EDGE_CURVE('',#8243,#8292,#8294,.T.);
#8292 = VERTEX_POINT('',#8293);
#8293 = CARTESIAN_POINT('',(6.15,0.45,3.5));
#8294 = LINE('',#8295,#8296);
#8295 = CARTESIAN_POINT('',(6.15,-5.25,3.5));
#8296 = VECTOR('',#8297,1.);
#8297 = DIRECTION('',(0.,1.,0.));
#8298 = ORIENTED_EDGE('',*,*,#8251,.T.);
#8299 = ORIENTED_EDGE('',*,*,#8116,.T.);
#8300 = ORIENTED_EDGE('',*,*,#8301,.F.);
#8301 = EDGE_CURVE('',#8292,#8108,#8302,.T.);
#8302 = LINE('',#8303,#8304);
#8303 = CARTESIAN_POINT('',(6.15,0.45,3.5));
#8304 = VECTOR('',#8305,1.);
#8305 = DIRECTION('',(0.,0.,1.));
#8306 = PLANE('',#8307);
#8307 = AXIS2_PLACEMENT_3D('',#8308,#8309,#8310);
#8308 = CARTESIAN_POINT('',(6.15,-5.25,3.5));
#8309 = DIRECTION('',(-1.,0.,0.));
#8310 = DIRECTION('',(0.,1.,0.));
#8311 = ADVANCED_FACE('',(#8312),#8331,.T.);
#8312 = FACE_BOUND('',#8313,.T.);
#8313 = EDGE_LOOP('',(#8314,#8323,#8324,#8325));
#8314 = ORIENTED_EDGE('',*,*,#8315,.T.);
#8315 = EDGE_CURVE('',#8316,#8268,#8318,.T.);
#8316 = VERTEX_POINT('',#8317);
#8317 = CARTESIAN_POINT('',(0.45,0.75,3.5));
#8318 = CIRCLE('',#8319,0.3);
#8319 = AXIS2_PLACEMENT_3D('',#8320,#8321,#8322);
#8320 = CARTESIAN_POINT('',(0.45,0.45,3.5));
#8321 = DIRECTION('',(-0.,0.,1.));
#8322 = DIRECTION('',(0.,-1.,0.));
#8323 = ORIENTED_EDGE('',*,*,#8275,.T.);
#8324 = ORIENTED_EDGE('',*,*,#8090,.F.);
#8325 = ORIENTED_EDGE('',*,*,#8326,.F.);
#8326 = EDGE_CURVE('',#8316,#8091,#8327,.T.);
#8327 = LINE('',#8328,#8329);
#8328 = CARTESIAN_POINT('',(0.45,0.75,3.5));
#8329 = VECTOR('',#8330,1.);
#8330 = DIRECTION('',(0.,0.,1.));
#8331 = CYLINDRICAL_SURFACE('',#8332,0.3);
#8332 = AXIS2_PLACEMENT_3D('',#8333,#8334,#8335);
#8333 = CARTESIAN_POINT('',(0.45,0.45,3.5));
#8334 = DIRECTION('',(0.,0.,1.));
#8335 = DIRECTION('',(0.,1.,0.));
#8336 = ADVANCED_FACE('',(#8337),#8356,.T.);
#8337 = FACE_BOUND('',#8338,.T.);
#8338 = EDGE_LOOP('',(#8339,#8348,#8354,#8355));
#8339 = ORIENTED_EDGE('',*,*,#8340,.T.);
#8340 = EDGE_CURVE('',#8292,#8341,#8343,.T.);
#8341 = VERTEX_POINT('',#8342);
#8342 = CARTESIAN_POINT('',(5.85,0.75,3.5));
#8343 = CIRCLE('',#8344,0.3);
#8344 = AXIS2_PLACEMENT_3D('',#8345,#8346,#8347);
#8345 = CARTESIAN_POINT('',(5.85,0.45,3.5));
#8346 = DIRECTION('',(-0.,0.,1.));
#8347 = DIRECTION('',(0.,-1.,0.));
#8348 = ORIENTED_EDGE('',*,*,#8349,.T.);
#8349 = EDGE_CURVE('',#8341,#8100,#8350,.T.);
#8350 = LINE('',#8351,#8352);
#8351 = CARTESIAN_POINT('',(5.85,0.75,3.5));
#8352 = VECTOR('',#8353,1.);
#8353 = DIRECTION('',(0.,0.,1.));
#8354 = ORIENTED_EDGE('',*,*,#8107,.F.);
#8355 = ORIENTED_EDGE('',*,*,#8301,.F.);
#8356 = CYLINDRICAL_SURFACE('',#8357,0.3);
#8357 = AXIS2_PLACEMENT_3D('',#8358,#8359,#8360);
#8358 = CARTESIAN_POINT('',(5.85,0.45,3.5));
#8359 = DIRECTION('',(0.,0.,1.));
#8360 = DIRECTION('',(1.,0.,-0.));
#8361 = ADVANCED_FACE('',(#8362),#8373,.F.);
#8362 = FACE_BOUND('',#8363,.F.);
#8363 = EDGE_LOOP('',(#8364,#8370,#8371,#8372));
#8364 = ORIENTED_EDGE('',*,*,#8365,.F.);
#8365 = EDGE_CURVE('',#8341,#8316,#8366,.T.);
#8366 = LINE('',#8367,#8368);
#8367 = CARTESIAN_POINT('',(6.15,0.75,3.5));
#8368 = VECTOR('',#8369,1.);
#8369 = DIRECTION('',(-1.,0.,0.));
#8370 = ORIENTED_EDGE('',*,*,#8349,.T.);
#8371 = ORIENTED_EDGE('',*,*,#8099,.T.);
#8372 = ORIENTED_EDGE('',*,*,#8326,.F.);
#8373 = PLANE('',#8374);
#8374 = AXIS2_PLACEMENT_3D('',#8375,#8376,#8377);
#8375 = CARTESIAN_POINT('',(6.15,0.75,3.5));
#8376 = DIRECTION('',(0.,-1.,0.));
#8377 = DIRECTION('',(-1.,0.,0.));
#8378 = ADVANCED_FACE('',(#8379),#8398,.T.);
#8379 = FACE_BOUND('',#8380,.T.);
#8380 = EDGE_LOOP('',(#8381,#8389,#8396,#8397));
#8381 = ORIENTED_EDGE('',*,*,#8382,.T.);
#8382 = EDGE_CURVE('',#8134,#8383,#8385,.T.);
#8383 = VERTEX_POINT('',#8384);
#8384 = CARTESIAN_POINT('',(5.65,-4.25,4.1));
#8385 = LINE('',#8386,#8387);
#8386 = CARTESIAN_POINT('',(5.65,-4.25,3.5));
#8387 = VECTOR('',#8388,1.);
#8388 = DIRECTION('',(0.,0.,1.));
#8389 = ORIENTED_EDGE('',*,*,#8390,.F.);
#8390 = EDGE_CURVE('',#8383,#8383,#8391,.T.);
#8391 = CIRCLE('',#8392,0.5);
#8392 = AXIS2_PLACEMENT_3D('',#8393,#8394,#8395);
#8393 = CARTESIAN_POINT('',(5.15,-4.25,4.1));
#8394 = DIRECTION('',(0.,0.,1.));
#8395 = DIRECTION('',(1.,0.,-0.));
#8396 = ORIENTED_EDGE('',*,*,#8382,.F.);
#8397 = ORIENTED_EDGE('',*,*,#8133,.F.);
#8398 = CYLINDRICAL_SURFACE('',#8399,0.5);
#8399 = AXIS2_PLACEMENT_3D('',#8400,#8401,#8402);
#8400 = CARTESIAN_POINT('',(5.15,-4.25,3.5));
#8401 = DIRECTION('',(-0.,-0.,-1.));
#8402 = DIRECTION('',(1.,0.,0.));
#8403 = ADVANCED_FACE('',(#8404),#8423,.T.);
#8404 = FACE_BOUND('',#8405,.T.);
#8405 = EDGE_LOOP('',(#8406,#8414,#8421,#8422));
#8406 = ORIENTED_EDGE('',*,*,#8407,.T.);
#8407 = EDGE_CURVE('',#8145,#8408,#8410,.T.);
#8408 = VERTEX_POINT('',#8409);
#8409 = CARTESIAN_POINT('',(4.9,-2.25,4.2));
#8410 = LINE('',#8411,#8412);
#8411 = CARTESIAN_POINT('',(4.9,-2.25,3.5));
#8412 = VECTOR('',#8413,1.);
#8413 = DIRECTION('',(0.,0.,1.));
#8414 = ORIENTED_EDGE('',*,*,#8415,.F.);
#8415 = EDGE_CURVE('',#8408,#8408,#8416,.T.);
#8416 = CIRCLE('',#8417,1.75);
#8417 = AXIS2_PLACEMENT_3D('',#8418,#8419,#8420);
#8418 = CARTESIAN_POINT('',(3.15,-2.25,4.2));
#8419 = DIRECTION('',(0.,0.,1.));
#8420 = DIRECTION('',(1.,0.,-0.));
#8421 = ORIENTED_EDGE('',*,*,#8407,.F.);
#8422 = ORIENTED_EDGE('',*,*,#8144,.F.);
#8423 = CYLINDRICAL_SURFACE('',#8424,1.75);
#8424 = AXIS2_PLACEMENT_3D('',#8425,#8426,#8427);
#8425 = CARTESIAN_POINT('',(3.15,-2.25,3.5));
#8426 = DIRECTION('',(-0.,-0.,-1.));
#8427 = DIRECTION('',(1.,0.,0.));
#8428 = ADVANCED_FACE('',(#8429),#8448,.T.);
#8429 = FACE_BOUND('',#8430,.T.);
#8430 = EDGE_LOOP('',(#8431,#8439,#8446,#8447));
#8431 = ORIENTED_EDGE('',*,*,#8432,.T.);
#8432 = EDGE_CURVE('',#8156,#8433,#8435,.T.);
#8433 = VERTEX_POINT('',#8434);
#8434 = CARTESIAN_POINT('',(1.65,-0.25,4.1));
#8435 = LINE('',#8436,#8437);
#8436 = CARTESIAN_POINT('',(1.65,-0.25,3.5));
#8437 = VECTOR('',#8438,1.);
#8438 = DIRECTION('',(0.,0.,1.));
#8439 = ORIENTED_EDGE('',*,*,#8440,.F.);
#8440 = EDGE_CURVE('',#8433,#8433,#8441,.T.);
#8441 = CIRCLE('',#8442,0.5);
#8442 = AXIS2_PLACEMENT_3D('',#8443,#8444,#8445);
#8443 = CARTESIAN_POINT('',(1.15,-0.25,4.1));
#8444 = DIRECTION('',(0.,0.,1.));
#8445 = DIRECTION('',(1.,0.,-0.));
#8446 = ORIENTED_EDGE('',*,*,#8432,.F.);
#8447 = ORIENTED_EDGE('',*,*,#8155,.F.);
#8448 = CYLINDRICAL_SURFACE('',#8449,0.5);
#8449 = AXIS2_PLACEMENT_3D('',#8450,#8451,#8452);
#8450 = CARTESIAN_POINT('',(1.15,-0.25,3.5));
#8451 = DIRECTION('',(-0.,-0.,-1.));
#8452 = DIRECTION('',(1.,0.,0.));
#8453 = ADVANCED_FACE('',(#8454),#8473,.T.);
#8454 = FACE_BOUND('',#8455,.T.);
#8455 = EDGE_LOOP('',(#8456,#8464,#8471,#8472));
#8456 = ORIENTED_EDGE('',*,*,#8457,.T.);
#8457 = EDGE_CURVE('',#8167,#8458,#8460,.T.);
#8458 = VERTEX_POINT('',#8459);
#8459 = CARTESIAN_POINT('',(5.65,-0.25,4.1));
#8460 = LINE('',#8461,#8462);
#8461 = CARTESIAN_POINT('',(5.65,-0.25,3.5));
#8462 = VECTOR('',#8463,1.);
#8463 = DIRECTION('',(0.,0.,1.));
#8464 = ORIENTED_EDGE('',*,*,#8465,.F.);
#8465 = EDGE_CURVE('',#8458,#8458,#8466,.T.);
#8466 = CIRCLE('',#8467,0.5);
#8467 = AXIS2_PLACEMENT_3D('',#8468,#8469,#8470);
#8468 = CARTESIAN_POINT('',(5.15,-0.25,4.1));
#8469 = DIRECTION('',(0.,0.,1.));
#8470 = DIRECTION('',(1.,0.,-0.));
#8471 = ORIENTED_EDGE('',*,*,#8457,.F.);
#8472 = ORIENTED_EDGE('',*,*,#8166,.F.);
#8473 = CYLINDRICAL_SURFACE('',#8474,0.5);
#8474 = AXIS2_PLACEMENT_3D('',#8475,#8476,#8477);
#8475 = CARTESIAN_POINT('',(5.15,-0.25,3.5));
#8476 = DIRECTION('',(-0.,-0.,-1.));
#8477 = DIRECTION('',(1.,0.,0.));
#8478 = ADVANCED_FACE('',(#8479),#8504,.F.);
#8479 = FACE_BOUND('',#8480,.F.);
#8480 = EDGE_LOOP('',(#8481,#8491,#8497,#8498));
#8481 = ORIENTED_EDGE('',*,*,#8482,.F.);
#8482 = EDGE_CURVE('',#8483,#8485,#8487,.T.);
#8483 = VERTEX_POINT('',#8484);
#8484 = CARTESIAN_POINT('',(0.45,-5.25,0.));
#8485 = VERTEX_POINT('',#8486);
#8486 = CARTESIAN_POINT('',(5.85,-5.25,0.));
#8487 = LINE('',#8488,#8489);
#8488 = CARTESIAN_POINT('',(0.15,-5.25,0.));
#8489 = VECTOR('',#8490,1.);
#8490 = DIRECTION('',(1.,0.,0.));
#8491 = ORIENTED_EDGE('',*,*,#8492,.T.);
#8492 = EDGE_CURVE('',#8483,#8187,#8493,.T.);
#8493 = LINE('',#8494,#8495);
#8494 = CARTESIAN_POINT('',(0.45,-5.25,0.));
#8495 = VECTOR('',#8496,1.);
#8496 = DIRECTION('',(0.,0.,1.));
#8497 = ORIENTED_EDGE('',*,*,#8186,.T.);
#8498 = ORIENTED_EDGE('',*,*,#8499,.F.);
#8499 = EDGE_CURVE('',#8485,#8189,#8500,.T.);
#8500 = LINE('',#8501,#8502);
#8501 = CARTESIAN_POINT('',(5.85,-5.25,0.));
#8502 = VECTOR('',#8503,1.);
#8503 = DIRECTION('',(0.,0.,1.));
#8504 = PLANE('',#8505);
#8505 = AXIS2_PLACEMENT_3D('',#8506,#8507,#8508);
#8506 = CARTESIAN_POINT('',(0.15,-5.25,0.));
#8507 = DIRECTION('',(0.,1.,0.));
#8508 = DIRECTION('',(1.,0.,0.));
#8509 = ADVANCED_FACE('',(#8510),#8529,.T.);
#8510 = FACE_BOUND('',#8511,.T.);
#8511 = EDGE_LOOP('',(#8512,#8513,#8514,#8522));
#8512 = ORIENTED_EDGE('',*,*,#8492,.T.);
#8513 = ORIENTED_EDGE('',*,*,#8227,.T.);
#8514 = ORIENTED_EDGE('',*,*,#8515,.F.);
#8515 = EDGE_CURVE('',#8516,#8220,#8518,.T.);
#8516 = VERTEX_POINT('',#8517);
#8517 = CARTESIAN_POINT('',(0.15,-4.95,0.));
#8518 = LINE('',#8519,#8520);
#8519 = CARTESIAN_POINT('',(0.15,-4.95,0.));
#8520 = VECTOR('',#8521,1.);
#8521 = DIRECTION('',(0.,0.,1.));
#8522 = ORIENTED_EDGE('',*,*,#8523,.F.);
#8523 = EDGE_CURVE('',#8483,#8516,#8524,.T.);
#8524 = CIRCLE('',#8525,0.3);
#8525 = AXIS2_PLACEMENT_3D('',#8526,#8527,#8528);
#8526 = CARTESIAN_POINT('',(0.45,-4.95,0.));
#8527 = DIRECTION('',(-0.,-0.,-1.));
#8528 = DIRECTION('',(0.,-1.,0.));
#8529 = CYLINDRICAL_SURFACE('',#8530,0.3);
#8530 = AXIS2_PLACEMENT_3D('',#8531,#8532,#8533);
#8531 = CARTESIAN_POINT('',(0.45,-4.95,0.));
#8532 = DIRECTION('',(0.,0.,1.));
#8533 = DIRECTION('',(0.,-1.,0.));
#8534 = ADVANCED_FACE('',(#8535),#8554,.T.);
#8535 = FACE_BOUND('',#8536,.T.);
#8536 = EDGE_LOOP('',(#8537,#8546,#8552,#8553));
#8537 = ORIENTED_EDGE('',*,*,#8538,.T.);
#8538 = EDGE_CURVE('',#8485,#8539,#8541,.T.);
#8539 = VERTEX_POINT('',#8540);
#8540 = CARTESIAN_POINT('',(6.15,-4.95,0.));
#8541 = CIRCLE('',#8542,0.3);
#8542 = AXIS2_PLACEMENT_3D('',#8543,#8544,#8545);
#8543 = CARTESIAN_POINT('',(5.85,-4.95,0.));
#8544 = DIRECTION('',(-0.,0.,1.));
#8545 = DIRECTION('',(0.,-1.,0.));
#8546 = ORIENTED_EDGE('',*,*,#8547,.T.);
#8547 = EDGE_CURVE('',#8539,#8243,#8548,.T.);
#8548 = LINE('',#8549,#8550);
#8549 = CARTESIAN_POINT('',(6.15,-4.95,0.));
#8550 = VECTOR('',#8551,1.);
#8551 = DIRECTION('',(0.,0.,1.));
#8552 = ORIENTED_EDGE('',*,*,#8242,.F.);
#8553 = ORIENTED_EDGE('',*,*,#8499,.F.);
#8554 = CYLINDRICAL_SURFACE('',#8555,0.3);
#8555 = AXIS2_PLACEMENT_3D('',#8556,#8557,#8558);
#8556 = CARTESIAN_POINT('',(5.85,-4.95,0.));
#8557 = DIRECTION('',(0.,0.,1.));
#8558 = DIRECTION('',(0.,-1.,0.));
#8559 = ADVANCED_FACE('',(#8560),#8642,.F.);
#8560 = FACE_BOUND('',#8561,.F.);
#8561 = EDGE_LOOP('',(#8562,#8572,#8578,#8579,#8580,#8588,#8596,#8604,
    #8612,#8620,#8628,#8636));
#8562 = ORIENTED_EDGE('',*,*,#8563,.F.);
#8563 = EDGE_CURVE('',#8564,#8566,#8568,.T.);
#8564 = VERTEX_POINT('',#8565);
#8565 = CARTESIAN_POINT('',(0.15,0.45,0.));
#8566 = VERTEX_POINT('',#8567);
#8567 = CARTESIAN_POINT('',(0.15,0.35,0.));
#8568 = LINE('',#8569,#8570);
#8569 = CARTESIAN_POINT('',(0.15,0.75,0.));
#8570 = VECTOR('',#8571,1.);
#8571 = DIRECTION('',(0.,-1.,0.));
#8572 = ORIENTED_EDGE('',*,*,#8573,.T.);
#8573 = EDGE_CURVE('',#8564,#8268,#8574,.T.);
#8574 = LINE('',#8575,#8576);
#8575 = CARTESIAN_POINT('',(0.15,0.45,0.));
#8576 = VECTOR('',#8577,1.);
#8577 = DIRECTION('',(0.,0.,1.));
#8578 = ORIENTED_EDGE('',*,*,#8267,.T.);
#8579 = ORIENTED_EDGE('',*,*,#8515,.F.);
#8580 = ORIENTED_EDGE('',*,*,#8581,.F.);
#8581 = EDGE_CURVE('',#8582,#8516,#8584,.T.);
#8582 = VERTEX_POINT('',#8583);
#8583 = CARTESIAN_POINT('',(0.15,-4.85,0.));
#8584 = LINE('',#8585,#8586);
#8585 = CARTESIAN_POINT('',(0.15,0.75,0.));
#8586 = VECTOR('',#8587,1.);
#8587 = DIRECTION('',(0.,-1.,0.));
#8588 = ORIENTED_EDGE('',*,*,#8589,.F.);
#8589 = EDGE_CURVE('',#8590,#8582,#8592,.T.);
#8590 = VERTEX_POINT('',#8591);
#8591 = CARTESIAN_POINT('',(0.15,-4.85,1.5));
#8592 = LINE('',#8593,#8594);
#8593 = CARTESIAN_POINT('',(0.15,-4.85,1.5));
#8594 = VECTOR('',#8595,1.);
#8595 = DIRECTION('',(0.,5.551115123126E-16,-1.));
#8596 = ORIENTED_EDGE('',*,*,#8597,.T.);
#8597 = EDGE_CURVE('',#8590,#8598,#8600,.T.);
#8598 = VERTEX_POINT('',#8599);
#8599 = CARTESIAN_POINT('',(0.15,-4.15,1.5));
#8600 = LINE('',#8601,#8602);
#8601 = CARTESIAN_POINT('',(0.15,-4.85,1.5));
#8602 = VECTOR('',#8603,1.);
#8603 = DIRECTION('',(0.,1.,3.330669073875E-16));
#8604 = ORIENTED_EDGE('',*,*,#8605,.T.);
#8605 = EDGE_CURVE('',#8598,#8606,#8608,.T.);
#8606 = VERTEX_POINT('',#8607);
#8607 = CARTESIAN_POINT('',(0.15,-4.15,0.));
#8608 = LINE('',#8609,#8610);
#8609 = CARTESIAN_POINT('',(0.15,-4.15,1.5));
#8610 = VECTOR('',#8611,1.);
#8611 = DIRECTION('',(0.,5.551115123126E-16,-1.));
#8612 = ORIENTED_EDGE('',*,*,#8613,.F.);
#8613 = EDGE_CURVE('',#8614,#8606,#8616,.T.);
#8614 = VERTEX_POINT('',#8615);
#8615 = CARTESIAN_POINT('',(0.15,-0.35,0.));
#8616 = LINE('',#8617,#8618);
#8617 = CARTESIAN_POINT('',(0.15,0.75,0.));
#8618 = VECTOR('',#8619,1.);
#8619 = DIRECTION('',(0.,-1.,0.));
#8620 = ORIENTED_EDGE('',*,*,#8621,.F.);
#8621 = EDGE_CURVE('',#8622,#8614,#8624,.T.);
#8622 = VERTEX_POINT('',#8623);
#8623 = CARTESIAN_POINT('',(0.15,-0.35,1.5));
#8624 = LINE('',#8625,#8626);
#8625 = CARTESIAN_POINT('',(0.15,-0.35,1.5));
#8626 = VECTOR('',#8627,1.);
#8627 = DIRECTION('',(0.,5.551115123126E-16,-1.));
#8628 = ORIENTED_EDGE('',*,*,#8629,.T.);
#8629 = EDGE_CURVE('',#8622,#8630,#8632,.T.);
#8630 = VERTEX_POINT('',#8631);
#8631 = CARTESIAN_POINT('',(0.15,0.35,1.5));
#8632 = LINE('',#8633,#8634);
#8633 = CARTESIAN_POINT('',(0.15,-0.35,1.5));
#8634 = VECTOR('',#8635,1.);
#8635 = DIRECTION('',(0.,1.,3.330669073875E-16));
#8636 = ORIENTED_EDGE('',*,*,#8637,.T.);
#8637 = EDGE_CURVE('',#8630,#8566,#8638,.T.);
#8638 = LINE('',#8639,#8640);
#8639 = CARTESIAN_POINT('',(0.15,0.35,1.5));
#8640 = VECTOR('',#8641,1.);
#8641 = DIRECTION('',(0.,5.551115123126E-16,-1.));
#8642 = PLANE('',#8643);
#8643 = AXIS2_PLACEMENT_3D('',#8644,#8645,#8646);
#8644 = CARTESIAN_POINT('',(0.15,0.75,0.));
#8645 = DIRECTION('',(1.,0.,0.));
#8646 = DIRECTION('',(0.,-1.,0.));
#8647 = ADVANCED_FACE('',(#8648),#8730,.F.);
#8648 = FACE_BOUND('',#8649,.F.);
#8649 = EDGE_LOOP('',(#8650,#8658,#8659,#8660,#8668,#8676,#8684,#8692,
    #8700,#8708,#8716,#8724));
#8650 = ORIENTED_EDGE('',*,*,#8651,.F.);
#8651 = EDGE_CURVE('',#8539,#8652,#8654,.T.);
#8652 = VERTEX_POINT('',#8653);
#8653 = CARTESIAN_POINT('',(6.15,-4.85,0.));
#8654 = LINE('',#8655,#8656);
#8655 = CARTESIAN_POINT('',(6.15,-5.25,0.));
#8656 = VECTOR('',#8657,1.);
#8657 = DIRECTION('',(0.,1.,0.));
#8658 = ORIENTED_EDGE('',*,*,#8547,.T.);
#8659 = ORIENTED_EDGE('',*,*,#8291,.T.);
#8660 = ORIENTED_EDGE('',*,*,#8661,.F.);
#8661 = EDGE_CURVE('',#8662,#8292,#8664,.T.);
#8662 = VERTEX_POINT('',#8663);
#8663 = CARTESIAN_POINT('',(6.15,0.45,0.));
#8664 = LINE('',#8665,#8666);
#8665 = CARTESIAN_POINT('',(6.15,0.45,0.));
#8666 = VECTOR('',#8667,1.);
#8667 = DIRECTION('',(0.,0.,1.));
#8668 = ORIENTED_EDGE('',*,*,#8669,.F.);
#8669 = EDGE_CURVE('',#8670,#8662,#8672,.T.);
#8670 = VERTEX_POINT('',#8671);
#8671 = CARTESIAN_POINT('',(6.15,0.35,0.));
#8672 = LINE('',#8673,#8674);
#8673 = CARTESIAN_POINT('',(6.15,-5.25,0.));
#8674 = VECTOR('',#8675,1.);
#8675 = DIRECTION('',(0.,1.,0.));
#8676 = ORIENTED_EDGE('',*,*,#8677,.F.);
#8677 = EDGE_CURVE('',#8678,#8670,#8680,.T.);
#8678 = VERTEX_POINT('',#8679);
#8679 = CARTESIAN_POINT('',(6.15,0.35,1.5));
#8680 = LINE('',#8681,#8682);
#8681 = CARTESIAN_POINT('',(6.15,0.35,1.5));
#8682 = VECTOR('',#8683,1.);
#8683 = DIRECTION('',(0.,5.551115123126E-16,-1.));
#8684 = ORIENTED_EDGE('',*,*,#8685,.F.);
#8685 = EDGE_CURVE('',#8686,#8678,#8688,.T.);
#8686 = VERTEX_POINT('',#8687);
#8687 = CARTESIAN_POINT('',(6.15,-0.35,1.5));
#8688 = LINE('',#8689,#8690);
#8689 = CARTESIAN_POINT('',(6.15,-0.35,1.5));
#8690 = VECTOR('',#8691,1.);
#8691 = DIRECTION('',(0.,1.,3.330669073875E-16));
#8692 = ORIENTED_EDGE('',*,*,#8693,.T.);
#8693 = EDGE_CURVE('',#8686,#8694,#8696,.T.);
#8694 = VERTEX_POINT('',#8695);
#8695 = CARTESIAN_POINT('',(6.15,-0.35,0.));
#8696 = LINE('',#8697,#8698);
#8697 = CARTESIAN_POINT('',(6.15,-0.35,1.5));
#8698 = VECTOR('',#8699,1.);
#8699 = DIRECTION('',(0.,5.551115123126E-16,-1.));
#8700 = ORIENTED_EDGE('',*,*,#8701,.F.);
#8701 = EDGE_CURVE('',#8702,#8694,#8704,.T.);
#8702 = VERTEX_POINT('',#8703);
#8703 = CARTESIAN_POINT('',(6.15,-4.15,0.));
#8704 = LINE('',#8705,#8706);
#8705 = CARTESIAN_POINT('',(6.15,-5.25,0.));
#8706 = VECTOR('',#8707,1.);
#8707 = DIRECTION('',(0.,1.,0.));
#8708 = ORIENTED_EDGE('',*,*,#8709,.F.);
#8709 = EDGE_CURVE('',#8710,#8702,#8712,.T.);
#8710 = VERTEX_POINT('',#8711);
#8711 = CARTESIAN_POINT('',(6.15,-4.15,1.5));
#8712 = LINE('',#8713,#8714);
#8713 = CARTESIAN_POINT('',(6.15,-4.15,1.5));
#8714 = VECTOR('',#8715,1.);
#8715 = DIRECTION('',(0.,5.551115123126E-16,-1.));
#8716 = ORIENTED_EDGE('',*,*,#8717,.F.);
#8717 = EDGE_CURVE('',#8718,#8710,#8720,.T.);
#8718 = VERTEX_POINT('',#8719);
#8719 = CARTESIAN_POINT('',(6.15,-4.85,1.5));
#8720 = LINE('',#8721,#8722);
#8721 = CARTESIAN_POINT('',(6.15,-4.85,1.5));
#8722 = VECTOR('',#8723,1.);
#8723 = DIRECTION('',(0.,1.,3.330669073875E-16));
#8724 = ORIENTED_EDGE('',*,*,#8725,.T.);
#8725 = EDGE_CURVE('',#8718,#8652,#8726,.T.);
#8726 = LINE('',#8727,#8728);
#8727 = CARTESIAN_POINT('',(6.15,-4.85,1.5));
#8728 = VECTOR('',#8729,1.);
#8729 = DIRECTION('',(0.,5.551115123126E-16,-1.));
#8730 = PLANE('',#8731);
#8731 = AXIS2_PLACEMENT_3D('',#8732,#8733,#8734);
#8732 = CARTESIAN_POINT('',(6.15,-5.25,0.));
#8733 = DIRECTION('',(-1.,0.,0.));
#8734 = DIRECTION('',(0.,1.,0.));
#8735 = ADVANCED_FACE('',(#8736),#8755,.T.);
#8736 = FACE_BOUND('',#8737,.T.);
#8737 = EDGE_LOOP('',(#8738,#8747,#8748,#8749));
#8738 = ORIENTED_EDGE('',*,*,#8739,.T.);
#8739 = EDGE_CURVE('',#8740,#8564,#8742,.T.);
#8740 = VERTEX_POINT('',#8741);
#8741 = CARTESIAN_POINT('',(0.45,0.75,0.));
#8742 = CIRCLE('',#8743,0.3);
#8743 = AXIS2_PLACEMENT_3D('',#8744,#8745,#8746);
#8744 = CARTESIAN_POINT('',(0.45,0.45,0.));
#8745 = DIRECTION('',(-0.,0.,1.));
#8746 = DIRECTION('',(0.,-1.,0.));
#8747 = ORIENTED_EDGE('',*,*,#8573,.T.);
#8748 = ORIENTED_EDGE('',*,*,#8315,.F.);
#8749 = ORIENTED_EDGE('',*,*,#8750,.F.);
#8750 = EDGE_CURVE('',#8740,#8316,#8751,.T.);
#8751 = LINE('',#8752,#8753);
#8752 = CARTESIAN_POINT('',(0.45,0.75,0.));
#8753 = VECTOR('',#8754,1.);
#8754 = DIRECTION('',(0.,0.,1.));
#8755 = CYLINDRICAL_SURFACE('',#8756,0.3);
#8756 = AXIS2_PLACEMENT_3D('',#8757,#8758,#8759);
#8757 = CARTESIAN_POINT('',(0.45,0.45,0.));
#8758 = DIRECTION('',(0.,0.,1.));
#8759 = DIRECTION('',(0.,1.,0.));
#8760 = ADVANCED_FACE('',(#8761),#8780,.T.);
#8761 = FACE_BOUND('',#8762,.T.);
#8762 = EDGE_LOOP('',(#8763,#8772,#8778,#8779));
#8763 = ORIENTED_EDGE('',*,*,#8764,.T.);
#8764 = EDGE_CURVE('',#8662,#8765,#8767,.T.);
#8765 = VERTEX_POINT('',#8766);
#8766 = CARTESIAN_POINT('',(5.85,0.75,0.));
#8767 = CIRCLE('',#8768,0.3);
#8768 = AXIS2_PLACEMENT_3D('',#8769,#8770,#8771);
#8769 = CARTESIAN_POINT('',(5.85,0.45,0.));
#8770 = DIRECTION('',(-0.,0.,1.));
#8771 = DIRECTION('',(0.,-1.,0.));
#8772 = ORIENTED_EDGE('',*,*,#8773,.T.);
#8773 = EDGE_CURVE('',#8765,#8341,#8774,.T.);
#8774 = LINE('',#8775,#8776);
#8775 = CARTESIAN_POINT('',(5.85,0.75,0.));
#8776 = VECTOR('',#8777,1.);
#8777 = DIRECTION('',(0.,0.,1.));
#8778 = ORIENTED_EDGE('',*,*,#8340,.F.);
#8779 = ORIENTED_EDGE('',*,*,#8661,.F.);
#8780 = CYLINDRICAL_SURFACE('',#8781,0.3);
#8781 = AXIS2_PLACEMENT_3D('',#8782,#8783,#8784);
#8782 = CARTESIAN_POINT('',(5.85,0.45,0.));
#8783 = DIRECTION('',(0.,0.,1.));
#8784 = DIRECTION('',(1.,0.,-0.));
#8785 = ADVANCED_FACE('',(#8786),#8797,.F.);
#8786 = FACE_BOUND('',#8787,.F.);
#8787 = EDGE_LOOP('',(#8788,#8794,#8795,#8796));
#8788 = ORIENTED_EDGE('',*,*,#8789,.F.);
#8789 = EDGE_CURVE('',#8765,#8740,#8790,.T.);
#8790 = LINE('',#8791,#8792);
#8791 = CARTESIAN_POINT('',(6.15,0.75,0.));
#8792 = VECTOR('',#8793,1.);
#8793 = DIRECTION('',(-1.,0.,0.));
#8794 = ORIENTED_EDGE('',*,*,#8773,.T.);
#8795 = ORIENTED_EDGE('',*,*,#8365,.T.);
#8796 = ORIENTED_EDGE('',*,*,#8750,.F.);
#8797 = PLANE('',#8798);
#8798 = AXIS2_PLACEMENT_3D('',#8799,#8800,#8801);
#8799 = CARTESIAN_POINT('',(6.15,0.75,0.));
#8800 = DIRECTION('',(0.,-1.,0.));
#8801 = DIRECTION('',(-1.,0.,0.));
#8802 = ADVANCED_FACE('',(#8803),#8806,.F.);
#8803 = FACE_BOUND('',#8804,.T.);
#8804 = EDGE_LOOP('',(#8805));
#8805 = ORIENTED_EDGE('',*,*,#8390,.T.);
#8806 = PLANE('',#8807);
#8807 = AXIS2_PLACEMENT_3D('',#8808,#8809,#8810);
#8808 = CARTESIAN_POINT('',(5.65,-4.25,4.1));
#8809 = DIRECTION('',(0.,0.,-1.));
#8810 = DIRECTION('',(-1.,0.,0.));
#8811 = ADVANCED_FACE('',(#8812),#8832,.T.);
#8812 = FACE_BOUND('',#8813,.T.);
#8813 = EDGE_LOOP('',(#8814,#8815,#8824,#8831));
#8814 = ORIENTED_EDGE('',*,*,#8415,.T.);
#8815 = ORIENTED_EDGE('',*,*,#8816,.F.);
#8816 = EDGE_CURVE('',#8817,#8408,#8819,.T.);
#8817 = VERTEX_POINT('',#8818);
#8818 = CARTESIAN_POINT('',(4.8,-2.25,4.3));
#8819 = CIRCLE('',#8820,0.1);
#8820 = AXIS2_PLACEMENT_3D('',#8821,#8822,#8823);
#8821 = CARTESIAN_POINT('',(4.8,-2.25,4.2));
#8822 = DIRECTION('',(-0.,1.,0.));
#8823 = DIRECTION('',(1.,0.,0.));
#8824 = ORIENTED_EDGE('',*,*,#8825,.F.);
#8825 = EDGE_CURVE('',#8817,#8817,#8826,.T.);
#8826 = CIRCLE('',#8827,1.65);
#8827 = AXIS2_PLACEMENT_3D('',#8828,#8829,#8830);
#8828 = CARTESIAN_POINT('',(3.15,-2.25,4.3));
#8829 = DIRECTION('',(0.,0.,1.));
#8830 = DIRECTION('',(1.,0.,-0.));
#8831 = ORIENTED_EDGE('',*,*,#8816,.T.);
#8832 = TOROIDAL_SURFACE('',#8833,1.65,0.1);
#8833 = AXIS2_PLACEMENT_3D('',#8834,#8835,#8836);
#8834 = CARTESIAN_POINT('',(3.15,-2.25,4.2));
#8835 = DIRECTION('',(0.,0.,-1.));
#8836 = DIRECTION('',(1.,0.,0.));
#8837 = ADVANCED_FACE('',(#8838),#8841,.F.);
#8838 = FACE_BOUND('',#8839,.T.);
#8839 = EDGE_LOOP('',(#8840));
#8840 = ORIENTED_EDGE('',*,*,#8440,.T.);
#8841 = PLANE('',#8842);
#8842 = AXIS2_PLACEMENT_3D('',#8843,#8844,#8845);
#8843 = CARTESIAN_POINT('',(1.65,-0.25,4.1));
#8844 = DIRECTION('',(0.,0.,-1.));
#8845 = DIRECTION('',(-1.,0.,0.));
#8846 = ADVANCED_FACE('',(#8847),#8850,.F.);
#8847 = FACE_BOUND('',#8848,.T.);
#8848 = EDGE_LOOP('',(#8849));
#8849 = ORIENTED_EDGE('',*,*,#8465,.T.);
#8850 = PLANE('',#8851);
#8851 = AXIS2_PLACEMENT_3D('',#8852,#8853,#8854);
#8852 = CARTESIAN_POINT('',(5.65,-0.25,4.1));
#8853 = DIRECTION('',(0.,0.,-1.));
#8854 = DIRECTION('',(-1.,0.,0.));
#8855 = ADVANCED_FACE('',(#8856),#8894,.T.);
#8856 = FACE_BOUND('',#8857,.T.);
#8857 = EDGE_LOOP('',(#8858,#8859,#8860,#8861,#8867,#8868,#8874,#8875,
    #8876,#8877,#8878,#8879,#8885,#8886,#8892,#8893));
#8858 = ORIENTED_EDGE('',*,*,#8482,.F.);
#8859 = ORIENTED_EDGE('',*,*,#8523,.T.);
#8860 = ORIENTED_EDGE('',*,*,#8581,.F.);
#8861 = ORIENTED_EDGE('',*,*,#8862,.F.);
#8862 = EDGE_CURVE('',#8606,#8582,#8863,.T.);
#8863 = LINE('',#8864,#8865);
#8864 = CARTESIAN_POINT('',(0.15,0.75,0.));
#8865 = VECTOR('',#8866,1.);
#8866 = DIRECTION('',(0.,-1.,0.));
#8867 = ORIENTED_EDGE('',*,*,#8613,.F.);
#8868 = ORIENTED_EDGE('',*,*,#8869,.F.);
#8869 = EDGE_CURVE('',#8566,#8614,#8870,.T.);
#8870 = LINE('',#8871,#8872);
#8871 = CARTESIAN_POINT('',(0.15,0.75,0.));
#8872 = VECTOR('',#8873,1.);
#8873 = DIRECTION('',(0.,-1.,0.));
#8874 = ORIENTED_EDGE('',*,*,#8563,.F.);
#8875 = ORIENTED_EDGE('',*,*,#8739,.F.);
#8876 = ORIENTED_EDGE('',*,*,#8789,.F.);
#8877 = ORIENTED_EDGE('',*,*,#8764,.F.);
#8878 = ORIENTED_EDGE('',*,*,#8669,.F.);
#8879 = ORIENTED_EDGE('',*,*,#8880,.F.);
#8880 = EDGE_CURVE('',#8694,#8670,#8881,.T.);
#8881 = LINE('',#8882,#8883);
#8882 = CARTESIAN_POINT('',(6.15,-5.25,0.));
#8883 = VECTOR('',#8884,1.);
#8884 = DIRECTION('',(0.,1.,0.));
#8885 = ORIENTED_EDGE('',*,*,#8701,.F.);
#8886 = ORIENTED_EDGE('',*,*,#8887,.F.);
#8887 = EDGE_CURVE('',#8652,#8702,#8888,.T.);
#8888 = LINE('',#8889,#8890);
#8889 = CARTESIAN_POINT('',(6.15,-5.25,0.));
#8890 = VECTOR('',#8891,1.);
#8891 = DIRECTION('',(0.,1.,0.));
#8892 = ORIENTED_EDGE('',*,*,#8651,.F.);
#8893 = ORIENTED_EDGE('',*,*,#8538,.F.);
#8894 = PLANE('',#8895);
#8895 = AXIS2_PLACEMENT_3D('',#8896,#8897,#8898);
#8896 = CARTESIAN_POINT('',(0.15,-5.25,0.));
#8897 = DIRECTION('',(0.,0.,-1.));
#8898 = DIRECTION('',(-1.,0.,0.));
#8899 = ADVANCED_FACE('',(#8900),#9044,.F.);
#8900 = FACE_BOUND('',#8901,.F.);
#8901 = EDGE_LOOP('',(#8902,#8912,#8921,#8929,#8938,#8946,#8954,#8962,
    #8971,#8979,#8988,#8996,#9005,#9011,#9012,#9020,#9029,#9037));
#8902 = ORIENTED_EDGE('',*,*,#8903,.T.);
#8903 = EDGE_CURVE('',#8904,#8906,#8908,.T.);
#8904 = VERTEX_POINT('',#8905);
#8905 = CARTESIAN_POINT('',(-0.162230377286,0.35,-0.540767924286));
#8906 = VERTEX_POINT('',#8907);
#8907 = CARTESIAN_POINT('',(-0.425000733956,0.35,-1.416669113186));
#8908 = LINE('',#8909,#8910);
#8909 = CARTESIAN_POINT('',(-0.15,0.35,-0.5));
#8910 = VECTOR('',#8911,1.);
#8911 = DIRECTION('',(-0.287347885566,5.31700397722E-16,-0.957826285221)
  );
#8912 = ORIENTED_EDGE('',*,*,#8913,.T.);
#8913 = EDGE_CURVE('',#8906,#8914,#8916,.T.);
#8914 = VERTEX_POINT('',#8915);
#8915 = CARTESIAN_POINT('',(-0.425000733956,0.35,-1.583330886814));
#8916 = CIRCLE('',#8917,0.29);
#8917 = AXIS2_PLACEMENT_3D('',#8918,#8919,#8920);
#8918 = CARTESIAN_POINT('',(-0.147231111242,0.35,-1.5));
#8919 = DIRECTION('',(0.,-1.,-3.330669073875E-16));
#8920 = DIRECTION('',(0.,-3.330669073875E-16,1.));
#8921 = ORIENTED_EDGE('',*,*,#8922,.T.);
#8922 = EDGE_CURVE('',#8914,#8923,#8925,.T.);
#8923 = VERTEX_POINT('',#8924);
#8924 = CARTESIAN_POINT('',(-0.162230377286,0.35,-2.459232075714));
#8925 = LINE('',#8926,#8927);
#8926 = CARTESIAN_POINT('',(-0.45,0.35,-1.5));
#8927 = VECTOR('',#8928,1.);
#8928 = DIRECTION('',(0.287347885566,5.31700397722E-16,-0.957826285221)
  );
#8929 = ORIENTED_EDGE('',*,*,#8930,.F.);
#8930 = EDGE_CURVE('',#8931,#8923,#8933,.T.);
#8931 = VERTEX_POINT('',#8932);
#8932 = CARTESIAN_POINT('',(-0.15,0.35,-2.542562962528));
#8933 = CIRCLE('',#8934,0.29);
#8934 = AXIS2_PLACEMENT_3D('',#8935,#8936,#8937);
#8935 = CARTESIAN_POINT('',(-0.44,0.35,-2.542562962528));
#8936 = DIRECTION('',(0.,-1.,-3.330669073875E-16));
#8937 = DIRECTION('',(0.,-3.330669073875E-16,1.));
#8938 = ORIENTED_EDGE('',*,*,#8939,.F.);
#8939 = EDGE_CURVE('',#8940,#8931,#8942,.T.);
#8940 = VERTEX_POINT('',#8941);
#8941 = CARTESIAN_POINT('',(-0.15,0.35,-3.5));
#8942 = LINE('',#8943,#8944);
#8943 = CARTESIAN_POINT('',(-0.15,0.35,-3.5));
#8944 = VECTOR('',#8945,1.);
#8945 = DIRECTION('',(0.,-5.551115123126E-16,1.));
#8946 = ORIENTED_EDGE('',*,*,#8947,.F.);
#8947 = EDGE_CURVE('',#8948,#8940,#8950,.T.);
#8948 = VERTEX_POINT('',#8949);
#8949 = CARTESIAN_POINT('',(0.15,0.35,-3.5));
#8950 = LINE('',#8951,#8952);
#8951 = CARTESIAN_POINT('',(0.15,0.35,-3.5));
#8952 = VECTOR('',#8953,1.);
#8953 = DIRECTION('',(-1.,-0.,0.));
#8954 = ORIENTED_EDGE('',*,*,#8955,.F.);
#8955 = EDGE_CURVE('',#8956,#8948,#8958,.T.);
#8956 = VERTEX_POINT('',#8957);
#8957 = CARTESIAN_POINT('',(0.15,0.35,-2.542562962528));
#8958 = LINE('',#8959,#8960);
#8959 = CARTESIAN_POINT('',(0.15,0.35,-2.5));
#8960 = VECTOR('',#8961,1.);
#8961 = DIRECTION('',(0.,5.551115123126E-16,-1.));
#8962 = ORIENTED_EDGE('',*,*,#8963,.F.);
#8963 = EDGE_CURVE('',#8964,#8956,#8966,.T.);
#8964 = VERTEX_POINT('',#8965);
#8965 = CARTESIAN_POINT('',(0.137769622714,0.35,-2.459232075714));
#8966 = CIRCLE('',#8967,0.29);
#8967 = AXIS2_PLACEMENT_3D('',#8968,#8969,#8970);
#8968 = CARTESIAN_POINT('',(-0.14,0.35,-2.542562962528));
#8969 = DIRECTION('',(-0.,1.,3.330669073875E-16));
#8970 = DIRECTION('',(0.,-3.330669073875E-16,1.));
#8971 = ORIENTED_EDGE('',*,*,#8972,.T.);
#8972 = EDGE_CURVE('',#8964,#8973,#8975,.T.);
#8973 = VERTEX_POINT('',#8974);
#8974 = CARTESIAN_POINT('',(-0.125000733956,0.35,-1.583330886814));
#8975 = LINE('',#8976,#8977);
#8976 = CARTESIAN_POINT('',(0.15,0.35,-2.5));
#8977 = VECTOR('',#8978,1.);
#8978 = DIRECTION('',(-0.287347885566,-5.31700397722E-16,0.957826285221)
  );
#8979 = ORIENTED_EDGE('',*,*,#8980,.F.);
#8980 = EDGE_CURVE('',#8981,#8973,#8983,.T.);
#8981 = VERTEX_POINT('',#8982);
#8982 = CARTESIAN_POINT('',(-0.125000733956,0.35,-1.416669113186));
#8983 = CIRCLE('',#8984,0.29);
#8984 = AXIS2_PLACEMENT_3D('',#8985,#8986,#8987);
#8985 = CARTESIAN_POINT('',(0.152768888758,0.35,-1.5));
#8986 = DIRECTION('',(0.,-1.,-3.330669073875E-16));
#8987 = DIRECTION('',(0.,-3.330669073875E-16,1.));
#8988 = ORIENTED_EDGE('',*,*,#8989,.T.);
#8989 = EDGE_CURVE('',#8981,#8990,#8992,.T.);
#8990 = VERTEX_POINT('',#8991);
#8991 = CARTESIAN_POINT('',(0.137769622714,0.35,-0.540767924286));
#8992 = LINE('',#8993,#8994);
#8993 = CARTESIAN_POINT('',(-0.15,0.35,-1.5));
#8994 = VECTOR('',#8995,1.);
#8995 = DIRECTION('',(0.287347885566,-5.31700397722E-16,0.957826285221)
  );
#8996 = ORIENTED_EDGE('',*,*,#8997,.F.);
#8997 = EDGE_CURVE('',#8998,#8990,#9000,.T.);
#8998 = VERTEX_POINT('',#8999);
#8999 = CARTESIAN_POINT('',(0.15,0.35,-0.457437037472));
#9000 = CIRCLE('',#9001,0.29);
#9001 = AXIS2_PLACEMENT_3D('',#9002,#9003,#9004);
#9002 = CARTESIAN_POINT('',(-0.14,0.35,-0.457437037472));
#9003 = DIRECTION('',(-0.,1.,3.330669073875E-16));
#9004 = DIRECTION('',(0.,-3.330669073875E-16,1.));
#9005 = ORIENTED_EDGE('',*,*,#9006,.F.);
#9006 = EDGE_CURVE('',#8566,#8998,#9007,.T.);
#9007 = LINE('',#9008,#9009);
#9008 = CARTESIAN_POINT('',(0.15,0.35,1.5));
#9009 = VECTOR('',#9010,1.);
#9010 = DIRECTION('',(0.,5.551115123126E-16,-1.));
#9011 = ORIENTED_EDGE('',*,*,#8637,.F.);
#9012 = ORIENTED_EDGE('',*,*,#9013,.F.);
#9013 = EDGE_CURVE('',#9014,#8630,#9016,.T.);
#9014 = VERTEX_POINT('',#9015);
#9015 = CARTESIAN_POINT('',(0.14,0.35,1.5));
#9016 = LINE('',#9017,#9018);
#9017 = CARTESIAN_POINT('',(-0.15,0.35,1.5));
#9018 = VECTOR('',#9019,1.);
#9019 = DIRECTION('',(1.,0.,0.));
#9020 = ORIENTED_EDGE('',*,*,#9021,.F.);
#9021 = EDGE_CURVE('',#9022,#9014,#9024,.T.);
#9022 = VERTEX_POINT('',#9023);
#9023 = CARTESIAN_POINT('',(-0.15,0.35,1.21));
#9024 = CIRCLE('',#9025,0.29);
#9025 = AXIS2_PLACEMENT_3D('',#9026,#9027,#9028);
#9026 = CARTESIAN_POINT('',(0.14,0.35,1.21));
#9027 = DIRECTION('',(-0.,1.,3.330669073875E-16));
#9028 = DIRECTION('',(0.,-3.330669073875E-16,1.));
#9029 = ORIENTED_EDGE('',*,*,#9030,.F.);
#9030 = EDGE_CURVE('',#9031,#9022,#9033,.T.);
#9031 = VERTEX_POINT('',#9032);
#9032 = CARTESIAN_POINT('',(-0.15,0.35,-0.457437037472));
#9033 = LINE('',#9034,#9035);
#9034 = CARTESIAN_POINT('',(-0.15,0.35,-0.5));
#9035 = VECTOR('',#9036,1.);
#9036 = DIRECTION('',(0.,-5.551115123126E-16,1.));
#9037 = ORIENTED_EDGE('',*,*,#9038,.F.);
#9038 = EDGE_CURVE('',#8904,#9031,#9039,.T.);
#9039 = CIRCLE('',#9040,0.29);
#9040 = AXIS2_PLACEMENT_3D('',#9041,#9042,#9043);
#9041 = CARTESIAN_POINT('',(-0.44,0.35,-0.457437037472));
#9042 = DIRECTION('',(0.,-1.,-3.330669073875E-16));
#9043 = DIRECTION('',(0.,-3.330669073875E-16,1.));
#9044 = PLANE('',#9045);
#9045 = AXIS2_PLACEMENT_3D('',#9046,#9047,#9048);
#9046 = CARTESIAN_POINT('',(-0.15,0.35,-0.5));
#9047 = DIRECTION('',(1.64346021921E-31,-1.,-5.551115123126E-16));
#9048 = DIRECTION('',(0.,5.551115123126E-16,-1.));
#9049 = ADVANCED_FACE('',(#9050),#9068,.F.);
#9050 = FACE_BOUND('',#9051,.F.);
#9051 = EDGE_LOOP('',(#9052,#9060,#9066,#9067));
#9052 = ORIENTED_EDGE('',*,*,#9053,.F.);
#9053 = EDGE_CURVE('',#9054,#8622,#9056,.T.);
#9054 = VERTEX_POINT('',#9055);
#9055 = CARTESIAN_POINT('',(0.14,-0.35,1.5));
#9056 = LINE('',#9057,#9058);
#9057 = CARTESIAN_POINT('',(-0.15,-0.35,1.5));
#9058 = VECTOR('',#9059,1.);
#9059 = DIRECTION('',(1.,0.,0.));
#9060 = ORIENTED_EDGE('',*,*,#9061,.T.);
#9061 = EDGE_CURVE('',#9054,#9014,#9062,.T.);
#9062 = LINE('',#9063,#9064);
#9063 = CARTESIAN_POINT('',(0.14,-0.35,1.5));
#9064 = VECTOR('',#9065,1.);
#9065 = DIRECTION('',(0.,1.,3.330669073875E-16));
#9066 = ORIENTED_EDGE('',*,*,#9013,.T.);
#9067 = ORIENTED_EDGE('',*,*,#8629,.F.);
#9068 = PLANE('',#9069);
#9069 = AXIS2_PLACEMENT_3D('',#9070,#9071,#9072);
#9070 = CARTESIAN_POINT('',(-0.15,-0.35,1.5));
#9071 = DIRECTION('',(0.,3.330669073875E-16,-1.));
#9072 = DIRECTION('',(1.,0.,0.));
#9073 = ADVANCED_FACE('',(#9074),#9211,.T.);
#9074 = FACE_BOUND('',#9075,.T.);
#9075 = EDGE_LOOP('',(#9076,#9086,#9095,#9103,#9112,#9120,#9128,#9136,
    #9145,#9153,#9162,#9170,#9179,#9185,#9186,#9187,#9196,#9204));
#9076 = ORIENTED_EDGE('',*,*,#9077,.T.);
#9077 = EDGE_CURVE('',#9078,#9080,#9082,.T.);
#9078 = VERTEX_POINT('',#9079);
#9079 = CARTESIAN_POINT('',(-0.162230377286,-0.35,-0.540767924286));
#9080 = VERTEX_POINT('',#9081);
#9081 = CARTESIAN_POINT('',(-0.425000733956,-0.35,-1.416669113186));
#9082 = LINE('',#9083,#9084);
#9083 = CARTESIAN_POINT('',(-0.15,-0.35,-0.5));
#9084 = VECTOR('',#9085,1.);
#9085 = DIRECTION('',(-0.287347885566,5.31700397722E-16,-0.957826285221)
  );
#9086 = ORIENTED_EDGE('',*,*,#9087,.T.);
#9087 = EDGE_CURVE('',#9080,#9088,#9090,.T.);
#9088 = VERTEX_POINT('',#9089);
#9089 = CARTESIAN_POINT('',(-0.425000733956,-0.35,-1.583330886814));
#9090 = CIRCLE('',#9091,0.29);
#9091 = AXIS2_PLACEMENT_3D('',#9092,#9093,#9094);
#9092 = CARTESIAN_POINT('',(-0.147231111242,-0.35,-1.5));
#9093 = DIRECTION('',(0.,-1.,-3.330669073875E-16));
#9094 = DIRECTION('',(0.,-3.330669073875E-16,1.));
#9095 = ORIENTED_EDGE('',*,*,#9096,.T.);
#9096 = EDGE_CURVE('',#9088,#9097,#9099,.T.);
#9097 = VERTEX_POINT('',#9098);
#9098 = CARTESIAN_POINT('',(-0.162230377286,-0.35,-2.459232075714));
#9099 = LINE('',#9100,#9101);
#9100 = CARTESIAN_POINT('',(-0.45,-0.35,-1.5));
#9101 = VECTOR('',#9102,1.);
#9102 = DIRECTION('',(0.287347885566,5.31700397722E-16,-0.957826285221)
  );
#9103 = ORIENTED_EDGE('',*,*,#9104,.F.);
#9104 = EDGE_CURVE('',#9105,#9097,#9107,.T.);
#9105 = VERTEX_POINT('',#9106);
#9106 = CARTESIAN_POINT('',(-0.15,-0.35,-2.542562962528));
#9107 = CIRCLE('',#9108,0.29);
#9108 = AXIS2_PLACEMENT_3D('',#9109,#9110,#9111);
#9109 = CARTESIAN_POINT('',(-0.44,-0.35,-2.542562962528));
#9110 = DIRECTION('',(0.,-1.,-3.330669073875E-16));
#9111 = DIRECTION('',(0.,-3.330669073875E-16,1.));
#9112 = ORIENTED_EDGE('',*,*,#9113,.F.);
#9113 = EDGE_CURVE('',#9114,#9105,#9116,.T.);
#9114 = VERTEX_POINT('',#9115);
#9115 = CARTESIAN_POINT('',(-0.15,-0.35,-3.5));
#9116 = LINE('',#9117,#9118);
#9117 = CARTESIAN_POINT('',(-0.15,-0.35,-3.5));
#9118 = VECTOR('',#9119,1.);
#9119 = DIRECTION('',(0.,-5.551115123126E-16,1.));
#9120 = ORIENTED_EDGE('',*,*,#9121,.F.);
#9121 = EDGE_CURVE('',#9122,#9114,#9124,.T.);
#9122 = VERTEX_POINT('',#9123);
#9123 = CARTESIAN_POINT('',(0.15,-0.35,-3.5));
#9124 = LINE('',#9125,#9126);
#9125 = CARTESIAN_POINT('',(0.15,-0.35,-3.5));
#9126 = VECTOR('',#9127,1.);
#9127 = DIRECTION('',(-1.,-0.,0.));
#9128 = ORIENTED_EDGE('',*,*,#9129,.F.);
#9129 = EDGE_CURVE('',#9130,#9122,#9132,.T.);
#9130 = VERTEX_POINT('',#9131);
#9131 = CARTESIAN_POINT('',(0.15,-0.35,-2.542562962528));
#9132 = LINE('',#9133,#9134);
#9133 = CARTESIAN_POINT('',(0.15,-0.35,-2.5));
#9134 = VECTOR('',#9135,1.);
#9135 = DIRECTION('',(0.,5.551115123126E-16,-1.));
#9136 = ORIENTED_EDGE('',*,*,#9137,.F.);
#9137 = EDGE_CURVE('',#9138,#9130,#9140,.T.);
#9138 = VERTEX_POINT('',#9139);
#9139 = CARTESIAN_POINT('',(0.137769622714,-0.35,-2.459232075714));
#9140 = CIRCLE('',#9141,0.29);
#9141 = AXIS2_PLACEMENT_3D('',#9142,#9143,#9144);
#9142 = CARTESIAN_POINT('',(-0.14,-0.35,-2.542562962528));
#9143 = DIRECTION('',(-0.,1.,3.330669073875E-16));
#9144 = DIRECTION('',(0.,-3.330669073875E-16,1.));
#9145 = ORIENTED_EDGE('',*,*,#9146,.T.);
#9146 = EDGE_CURVE('',#9138,#9147,#9149,.T.);
#9147 = VERTEX_POINT('',#9148);
#9148 = CARTESIAN_POINT('',(-0.125000733956,-0.35,-1.583330886814));
#9149 = LINE('',#9150,#9151);
#9150 = CARTESIAN_POINT('',(0.15,-0.35,-2.5));
#9151 = VECTOR('',#9152,1.);
#9152 = DIRECTION('',(-0.287347885566,-5.31700397722E-16,0.957826285221)
  );
#9153 = ORIENTED_EDGE('',*,*,#9154,.F.);
#9154 = EDGE_CURVE('',#9155,#9147,#9157,.T.);
#9155 = VERTEX_POINT('',#9156);
#9156 = CARTESIAN_POINT('',(-0.125000733956,-0.35,-1.416669113186));
#9157 = CIRCLE('',#9158,0.29);
#9158 = AXIS2_PLACEMENT_3D('',#9159,#9160,#9161);
#9159 = CARTESIAN_POINT('',(0.152768888758,-0.35,-1.5));
#9160 = DIRECTION('',(0.,-1.,-3.330669073875E-16));
#9161 = DIRECTION('',(0.,-3.330669073875E-16,1.));
#9162 = ORIENTED_EDGE('',*,*,#9163,.T.);
#9163 = EDGE_CURVE('',#9155,#9164,#9166,.T.);
#9164 = VERTEX_POINT('',#9165);
#9165 = CARTESIAN_POINT('',(0.137769622714,-0.35,-0.540767924286));
#9166 = LINE('',#9167,#9168);
#9167 = CARTESIAN_POINT('',(-0.15,-0.35,-1.5));
#9168 = VECTOR('',#9169,1.);
#9169 = DIRECTION('',(0.287347885566,-5.31700397722E-16,0.957826285221)
  );
#9170 = ORIENTED_EDGE('',*,*,#9171,.F.);
#9171 = EDGE_CURVE('',#9172,#9164,#9174,.T.);
#9172 = VERTEX_POINT('',#9173);
#9173 = CARTESIAN_POINT('',(0.15,-0.35,-0.457437037472));
#9174 = CIRCLE('',#9175,0.29);
#9175 = AXIS2_PLACEMENT_3D('',#9176,#9177,#9178);
#9176 = CARTESIAN_POINT('',(-0.14,-0.35,-0.457437037472));
#9177 = DIRECTION('',(-0.,1.,3.330669073875E-16));
#9178 = DIRECTION('',(0.,-3.330669073875E-16,1.));
#9179 = ORIENTED_EDGE('',*,*,#9180,.F.);
#9180 = EDGE_CURVE('',#8614,#9172,#9181,.T.);
#9181 = LINE('',#9182,#9183);
#9182 = CARTESIAN_POINT('',(0.15,-0.35,1.5));
#9183 = VECTOR('',#9184,1.);
#9184 = DIRECTION('',(0.,5.551115123126E-16,-1.));
#9185 = ORIENTED_EDGE('',*,*,#8621,.F.);
#9186 = ORIENTED_EDGE('',*,*,#9053,.F.);
#9187 = ORIENTED_EDGE('',*,*,#9188,.F.);
#9188 = EDGE_CURVE('',#9189,#9054,#9191,.T.);
#9189 = VERTEX_POINT('',#9190);
#9190 = CARTESIAN_POINT('',(-0.15,-0.35,1.21));
#9191 = CIRCLE('',#9192,0.29);
#9192 = AXIS2_PLACEMENT_3D('',#9193,#9194,#9195);
#9193 = CARTESIAN_POINT('',(0.14,-0.35,1.21));
#9194 = DIRECTION('',(-0.,1.,3.330669073875E-16));
#9195 = DIRECTION('',(0.,-3.330669073875E-16,1.));
#9196 = ORIENTED_EDGE('',*,*,#9197,.F.);
#9197 = EDGE_CURVE('',#9198,#9189,#9200,.T.);
#9198 = VERTEX_POINT('',#9199);
#9199 = CARTESIAN_POINT('',(-0.15,-0.35,-0.457437037472));
#9200 = LINE('',#9201,#9202);
#9201 = CARTESIAN_POINT('',(-0.15,-0.35,-0.5));
#9202 = VECTOR('',#9203,1.);
#9203 = DIRECTION('',(0.,-5.551115123126E-16,1.));
#9204 = ORIENTED_EDGE('',*,*,#9205,.F.);
#9205 = EDGE_CURVE('',#9078,#9198,#9206,.T.);
#9206 = CIRCLE('',#9207,0.29);
#9207 = AXIS2_PLACEMENT_3D('',#9208,#9209,#9210);
#9208 = CARTESIAN_POINT('',(-0.44,-0.35,-0.457437037472));
#9209 = DIRECTION('',(0.,-1.,-3.330669073875E-16));
#9210 = DIRECTION('',(0.,-3.330669073875E-16,1.));
#9211 = PLANE('',#9212);
#9212 = AXIS2_PLACEMENT_3D('',#9213,#9214,#9215);
#9213 = CARTESIAN_POINT('',(-0.15,-0.35,-0.5));
#9214 = DIRECTION('',(1.64346021921E-31,-1.,-5.551115123126E-16));
#9215 = DIRECTION('',(0.,5.551115123126E-16,-1.));
#9216 = ADVANCED_FACE('',(#9217),#9361,.T.);
#9217 = FACE_BOUND('',#9218,.T.);
#9218 = EDGE_LOOP('',(#9219,#9229,#9238,#9246,#9255,#9263,#9271,#9279,
    #9288,#9296,#9305,#9313,#9322,#9328,#9329,#9337,#9346,#9354));
#9219 = ORIENTED_EDGE('',*,*,#9220,.T.);
#9220 = EDGE_CURVE('',#9221,#9223,#9225,.T.);
#9221 = VERTEX_POINT('',#9222);
#9222 = CARTESIAN_POINT('',(-0.162230377286,-4.85,-0.540767924286));
#9223 = VERTEX_POINT('',#9224);
#9224 = CARTESIAN_POINT('',(-0.425000733956,-4.85,-1.416669113186));
#9225 = LINE('',#9226,#9227);
#9226 = CARTESIAN_POINT('',(-0.15,-4.85,-0.5));
#9227 = VECTOR('',#9228,1.);
#9228 = DIRECTION('',(-0.287347885566,5.31700397722E-16,-0.957826285221)
  );
#9229 = ORIENTED_EDGE('',*,*,#9230,.T.);
#9230 = EDGE_CURVE('',#9223,#9231,#9233,.T.);
#9231 = VERTEX_POINT('',#9232);
#9232 = CARTESIAN_POINT('',(-0.425000733956,-4.85,-1.583330886814));
#9233 = CIRCLE('',#9234,0.29);
#9234 = AXIS2_PLACEMENT_3D('',#9235,#9236,#9237);
#9235 = CARTESIAN_POINT('',(-0.147231111242,-4.85,-1.5));
#9236 = DIRECTION('',(0.,-1.,-3.330669073875E-16));
#9237 = DIRECTION('',(0.,-3.330669073875E-16,1.));
#9238 = ORIENTED_EDGE('',*,*,#9239,.T.);
#9239 = EDGE_CURVE('',#9231,#9240,#9242,.T.);
#9240 = VERTEX_POINT('',#9241);
#9241 = CARTESIAN_POINT('',(-0.162230377286,-4.85,-2.459232075714));
#9242 = LINE('',#9243,#9244);
#9243 = CARTESIAN_POINT('',(-0.45,-4.85,-1.5));
#9244 = VECTOR('',#9245,1.);
#9245 = DIRECTION('',(0.287347885566,5.31700397722E-16,-0.957826285221)
  );
#9246 = ORIENTED_EDGE('',*,*,#9247,.F.);
#9247 = EDGE_CURVE('',#9248,#9240,#9250,.T.);
#9248 = VERTEX_POINT('',#9249);
#9249 = CARTESIAN_POINT('',(-0.15,-4.85,-2.542562962528));
#9250 = CIRCLE('',#9251,0.29);
#9251 = AXIS2_PLACEMENT_3D('',#9252,#9253,#9254);
#9252 = CARTESIAN_POINT('',(-0.44,-4.85,-2.542562962528));
#9253 = DIRECTION('',(0.,-1.,-3.330669073875E-16));
#9254 = DIRECTION('',(0.,-3.330669073875E-16,1.));
#9255 = ORIENTED_EDGE('',*,*,#9256,.F.);
#9256 = EDGE_CURVE('',#9257,#9248,#9259,.T.);
#9257 = VERTEX_POINT('',#9258);
#9258 = CARTESIAN_POINT('',(-0.15,-4.85,-3.5));
#9259 = LINE('',#9260,#9261);
#9260 = CARTESIAN_POINT('',(-0.15,-4.85,-3.5));
#9261 = VECTOR('',#9262,1.);
#9262 = DIRECTION('',(0.,-5.551115123126E-16,1.));
#9263 = ORIENTED_EDGE('',*,*,#9264,.F.);
#9264 = EDGE_CURVE('',#9265,#9257,#9267,.T.);
#9265 = VERTEX_POINT('',#9266);
#9266 = CARTESIAN_POINT('',(0.15,-4.85,-3.5));
#9267 = LINE('',#9268,#9269);
#9268 = CARTESIAN_POINT('',(0.15,-4.85,-3.5));
#9269 = VECTOR('',#9270,1.);
#9270 = DIRECTION('',(-1.,-0.,0.));
#9271 = ORIENTED_EDGE('',*,*,#9272,.F.);
#9272 = EDGE_CURVE('',#9273,#9265,#9275,.T.);
#9273 = VERTEX_POINT('',#9274);
#9274 = CARTESIAN_POINT('',(0.15,-4.85,-2.542562962528));
#9275 = LINE('',#9276,#9277);
#9276 = CARTESIAN_POINT('',(0.15,-4.85,-2.5));
#9277 = VECTOR('',#9278,1.);
#9278 = DIRECTION('',(0.,5.551115123126E-16,-1.));
#9279 = ORIENTED_EDGE('',*,*,#9280,.F.);
#9280 = EDGE_CURVE('',#9281,#9273,#9283,.T.);
#9281 = VERTEX_POINT('',#9282);
#9282 = CARTESIAN_POINT('',(0.137769622714,-4.85,-2.459232075714));
#9283 = CIRCLE('',#9284,0.29);
#9284 = AXIS2_PLACEMENT_3D('',#9285,#9286,#9287);
#9285 = CARTESIAN_POINT('',(-0.14,-4.85,-2.542562962528));
#9286 = DIRECTION('',(-0.,1.,3.330669073875E-16));
#9287 = DIRECTION('',(0.,-3.330669073875E-16,1.));
#9288 = ORIENTED_EDGE('',*,*,#9289,.T.);
#9289 = EDGE_CURVE('',#9281,#9290,#9292,.T.);
#9290 = VERTEX_POINT('',#9291);
#9291 = CARTESIAN_POINT('',(-0.125000733956,-4.85,-1.583330886814));
#9292 = LINE('',#9293,#9294);
#9293 = CARTESIAN_POINT('',(0.15,-4.85,-2.5));
#9294 = VECTOR('',#9295,1.);
#9295 = DIRECTION('',(-0.287347885566,-5.31700397722E-16,0.957826285221)
  );
#9296 = ORIENTED_EDGE('',*,*,#9297,.F.);
#9297 = EDGE_CURVE('',#9298,#9290,#9300,.T.);
#9298 = VERTEX_POINT('',#9299);
#9299 = CARTESIAN_POINT('',(-0.125000733956,-4.85,-1.416669113186));
#9300 = CIRCLE('',#9301,0.29);
#9301 = AXIS2_PLACEMENT_3D('',#9302,#9303,#9304);
#9302 = CARTESIAN_POINT('',(0.152768888758,-4.85,-1.5));
#9303 = DIRECTION('',(0.,-1.,-3.330669073875E-16));
#9304 = DIRECTION('',(0.,-3.330669073875E-16,1.));
#9305 = ORIENTED_EDGE('',*,*,#9306,.T.);
#9306 = EDGE_CURVE('',#9298,#9307,#9309,.T.);
#9307 = VERTEX_POINT('',#9308);
#9308 = CARTESIAN_POINT('',(0.137769622714,-4.85,-0.540767924286));
#9309 = LINE('',#9310,#9311);
#9310 = CARTESIAN_POINT('',(-0.15,-4.85,-1.5));
#9311 = VECTOR('',#9312,1.);
#9312 = DIRECTION('',(0.287347885566,-5.31700397722E-16,0.957826285221)
  );
#9313 = ORIENTED_EDGE('',*,*,#9314,.F.);
#9314 = EDGE_CURVE('',#9315,#9307,#9317,.T.);
#9315 = VERTEX_POINT('',#9316);
#9316 = CARTESIAN_POINT('',(0.15,-4.85,-0.457437037472));
#9317 = CIRCLE('',#9318,0.29);
#9318 = AXIS2_PLACEMENT_3D('',#9319,#9320,#9321);
#9319 = CARTESIAN_POINT('',(-0.14,-4.85,-0.457437037472));
#9320 = DIRECTION('',(-0.,1.,3.330669073875E-16));
#9321 = DIRECTION('',(0.,-3.330669073875E-16,1.));
#9322 = ORIENTED_EDGE('',*,*,#9323,.F.);
#9323 = EDGE_CURVE('',#8582,#9315,#9324,.T.);
#9324 = LINE('',#9325,#9326);
#9325 = CARTESIAN_POINT('',(0.15,-4.85,1.5));
#9326 = VECTOR('',#9327,1.);
#9327 = DIRECTION('',(0.,5.551115123126E-16,-1.));
#9328 = ORIENTED_EDGE('',*,*,#8589,.F.);
#9329 = ORIENTED_EDGE('',*,*,#9330,.F.);
#9330 = EDGE_CURVE('',#9331,#8590,#9333,.T.);
#9331 = VERTEX_POINT('',#9332);
#9332 = CARTESIAN_POINT('',(0.14,-4.85,1.5));
#9333 = LINE('',#9334,#9335);
#9334 = CARTESIAN_POINT('',(-0.15,-4.85,1.5));
#9335 = VECTOR('',#9336,1.);
#9336 = DIRECTION('',(1.,0.,0.));
#9337 = ORIENTED_EDGE('',*,*,#9338,.F.);
#9338 = EDGE_CURVE('',#9339,#9331,#9341,.T.);
#9339 = VERTEX_POINT('',#9340);
#9340 = CARTESIAN_POINT('',(-0.15,-4.85,1.21));
#9341 = CIRCLE('',#9342,0.29);
#9342 = AXIS2_PLACEMENT_3D('',#9343,#9344,#9345);
#9343 = CARTESIAN_POINT('',(0.14,-4.85,1.21));
#9344 = DIRECTION('',(-0.,1.,3.330669073875E-16));
#9345 = DIRECTION('',(0.,-3.330669073875E-16,1.));
#9346 = ORIENTED_EDGE('',*,*,#9347,.F.);
#9347 = EDGE_CURVE('',#9348,#9339,#9350,.T.);
#9348 = VERTEX_POINT('',#9349);
#9349 = CARTESIAN_POINT('',(-0.15,-4.85,-0.457437037472));
#9350 = LINE('',#9351,#9352);
#9351 = CARTESIAN_POINT('',(-0.15,-4.85,-0.5));
#9352 = VECTOR('',#9353,1.);
#9353 = DIRECTION('',(0.,-5.551115123126E-16,1.));
#9354 = ORIENTED_EDGE('',*,*,#9355,.F.);
#9355 = EDGE_CURVE('',#9221,#9348,#9356,.T.);
#9356 = CIRCLE('',#9357,0.29);
#9357 = AXIS2_PLACEMENT_3D('',#9358,#9359,#9360);
#9358 = CARTESIAN_POINT('',(-0.44,-4.85,-0.457437037472));
#9359 = DIRECTION('',(0.,-1.,-3.330669073875E-16));
#9360 = DIRECTION('',(0.,-3.330669073875E-16,1.));
#9361 = PLANE('',#9362);
#9362 = AXIS2_PLACEMENT_3D('',#9363,#9364,#9365);
#9363 = CARTESIAN_POINT('',(-0.15,-4.85,-0.5));
#9364 = DIRECTION('',(0.,-1.,-3.330669073875E-16));
#9365 = DIRECTION('',(0.,3.330669073875E-16,-1.));
#9366 = ADVANCED_FACE('',(#9367),#9511,.F.);
#9367 = FACE_BOUND('',#9368,.F.);
#9368 = EDGE_LOOP('',(#9369,#9379,#9388,#9396,#9405,#9413,#9421,#9429,
    #9438,#9446,#9455,#9463,#9472,#9478,#9479,#9487,#9496,#9504));
#9369 = ORIENTED_EDGE('',*,*,#9370,.T.);
#9370 = EDGE_CURVE('',#9371,#9373,#9375,.T.);
#9371 = VERTEX_POINT('',#9372);
#9372 = CARTESIAN_POINT('',(-0.162230377286,-4.15,-0.540767924286));
#9373 = VERTEX_POINT('',#9374);
#9374 = CARTESIAN_POINT('',(-0.425000733956,-4.15,-1.416669113186));
#9375 = LINE('',#9376,#9377);
#9376 = CARTESIAN_POINT('',(-0.15,-4.15,-0.5));
#9377 = VECTOR('',#9378,1.);
#9378 = DIRECTION('',(-0.287347885566,5.31700397722E-16,-0.957826285221)
  );
#9379 = ORIENTED_EDGE('',*,*,#9380,.T.);
#9380 = EDGE_CURVE('',#9373,#9381,#9383,.T.);
#9381 = VERTEX_POINT('',#9382);
#9382 = CARTESIAN_POINT('',(-0.425000733956,-4.15,-1.583330886814));
#9383 = CIRCLE('',#9384,0.29);
#9384 = AXIS2_PLACEMENT_3D('',#9385,#9386,#9387);
#9385 = CARTESIAN_POINT('',(-0.147231111242,-4.15,-1.5));
#9386 = DIRECTION('',(0.,-1.,-3.330669073875E-16));
#9387 = DIRECTION('',(0.,-3.330669073875E-16,1.));
#9388 = ORIENTED_EDGE('',*,*,#9389,.T.);
#9389 = EDGE_CURVE('',#9381,#9390,#9392,.T.);
#9390 = VERTEX_POINT('',#9391);
#9391 = CARTESIAN_POINT('',(-0.162230377286,-4.15,-2.459232075714));
#9392 = LINE('',#9393,#9394);
#9393 = CARTESIAN_POINT('',(-0.45,-4.15,-1.5));
#9394 = VECTOR('',#9395,1.);
#9395 = DIRECTION('',(0.287347885566,5.31700397722E-16,-0.957826285221)
  );
#9396 = ORIENTED_EDGE('',*,*,#9397,.F.);
#9397 = EDGE_CURVE('',#9398,#9390,#9400,.T.);
#9398 = VERTEX_POINT('',#9399);
#9399 = CARTESIAN_POINT('',(-0.15,-4.15,-2.542562962528));
#9400 = CIRCLE('',#9401,0.29);
#9401 = AXIS2_PLACEMENT_3D('',#9402,#9403,#9404);
#9402 = CARTESIAN_POINT('',(-0.44,-4.15,-2.542562962528));
#9403 = DIRECTION('',(0.,-1.,-3.330669073875E-16));
#9404 = DIRECTION('',(0.,-3.330669073875E-16,1.));
#9405 = ORIENTED_EDGE('',*,*,#9406,.F.);
#9406 = EDGE_CURVE('',#9407,#9398,#9409,.T.);
#9407 = VERTEX_POINT('',#9408);
#9408 = CARTESIAN_POINT('',(-0.15,-4.15,-3.5));
#9409 = LINE('',#9410,#9411);
#9410 = CARTESIAN_POINT('',(-0.15,-4.15,-3.5));
#9411 = VECTOR('',#9412,1.);
#9412 = DIRECTION('',(0.,-5.551115123126E-16,1.));
#9413 = ORIENTED_EDGE('',*,*,#9414,.F.);
#9414 = EDGE_CURVE('',#9415,#9407,#9417,.T.);
#9415 = VERTEX_POINT('',#9416);
#9416 = CARTESIAN_POINT('',(0.15,-4.15,-3.5));
#9417 = LINE('',#9418,#9419);
#9418 = CARTESIAN_POINT('',(0.15,-4.15,-3.5));
#9419 = VECTOR('',#9420,1.);
#9420 = DIRECTION('',(-1.,-0.,0.));
#9421 = ORIENTED_EDGE('',*,*,#9422,.F.);
#9422 = EDGE_CURVE('',#9423,#9415,#9425,.T.);
#9423 = VERTEX_POINT('',#9424);
#9424 = CARTESIAN_POINT('',(0.15,-4.15,-2.542562962528));
#9425 = LINE('',#9426,#9427);
#9426 = CARTESIAN_POINT('',(0.15,-4.15,-2.5));
#9427 = VECTOR('',#9428,1.);
#9428 = DIRECTION('',(0.,5.551115123126E-16,-1.));
#9429 = ORIENTED_EDGE('',*,*,#9430,.F.);
#9430 = EDGE_CURVE('',#9431,#9423,#9433,.T.);
#9431 = VERTEX_POINT('',#9432);
#9432 = CARTESIAN_POINT('',(0.137769622714,-4.15,-2.459232075714));
#9433 = CIRCLE('',#9434,0.29);
#9434 = AXIS2_PLACEMENT_3D('',#9435,#9436,#9437);
#9435 = CARTESIAN_POINT('',(-0.14,-4.15,-2.542562962528));
#9436 = DIRECTION('',(-0.,1.,3.330669073875E-16));
#9437 = DIRECTION('',(0.,-3.330669073875E-16,1.));
#9438 = ORIENTED_EDGE('',*,*,#9439,.T.);
#9439 = EDGE_CURVE('',#9431,#9440,#9442,.T.);
#9440 = VERTEX_POINT('',#9441);
#9441 = CARTESIAN_POINT('',(-0.125000733956,-4.15,-1.583330886814));
#9442 = LINE('',#9443,#9444);
#9443 = CARTESIAN_POINT('',(0.15,-4.15,-2.5));
#9444 = VECTOR('',#9445,1.);
#9445 = DIRECTION('',(-0.287347885566,-5.31700397722E-16,0.957826285221)
  );
#9446 = ORIENTED_EDGE('',*,*,#9447,.F.);
#9447 = EDGE_CURVE('',#9448,#9440,#9450,.T.);
#9448 = VERTEX_POINT('',#9449);
#9449 = CARTESIAN_POINT('',(-0.125000733956,-4.15,-1.416669113186));
#9450 = CIRCLE('',#9451,0.29);
#9451 = AXIS2_PLACEMENT_3D('',#9452,#9453,#9454);
#9452 = CARTESIAN_POINT('',(0.152768888758,-4.15,-1.5));
#9453 = DIRECTION('',(0.,-1.,-3.330669073875E-16));
#9454 = DIRECTION('',(0.,-3.330669073875E-16,1.));
#9455 = ORIENTED_EDGE('',*,*,#9456,.T.);
#9456 = EDGE_CURVE('',#9448,#9457,#9459,.T.);
#9457 = VERTEX_POINT('',#9458);
#9458 = CARTESIAN_POINT('',(0.137769622714,-4.15,-0.540767924286));
#9459 = LINE('',#9460,#9461);
#9460 = CARTESIAN_POINT('',(-0.15,-4.15,-1.5));
#9461 = VECTOR('',#9462,1.);
#9462 = DIRECTION('',(0.287347885566,-5.31700397722E-16,0.957826285221)
  );
#9463 = ORIENTED_EDGE('',*,*,#9464,.F.);
#9464 = EDGE_CURVE('',#9465,#9457,#9467,.T.);
#9465 = VERTEX_POINT('',#9466);
#9466 = CARTESIAN_POINT('',(0.15,-4.15,-0.457437037472));
#9467 = CIRCLE('',#9468,0.29);
#9468 = AXIS2_PLACEMENT_3D('',#9469,#9470,#9471);
#9469 = CARTESIAN_POINT('',(-0.14,-4.15,-0.457437037472));
#9470 = DIRECTION('',(-0.,1.,3.330669073875E-16));
#9471 = DIRECTION('',(0.,-3.330669073875E-16,1.));
#9472 = ORIENTED_EDGE('',*,*,#9473,.F.);
#9473 = EDGE_CURVE('',#8606,#9465,#9474,.T.);
#9474 = LINE('',#9475,#9476);
#9475 = CARTESIAN_POINT('',(0.15,-4.15,1.5));
#9476 = VECTOR('',#9477,1.);
#9477 = DIRECTION('',(0.,5.551115123126E-16,-1.));
#9478 = ORIENTED_EDGE('',*,*,#8605,.F.);
#9479 = ORIENTED_EDGE('',*,*,#9480,.F.);
#9480 = EDGE_CURVE('',#9481,#8598,#9483,.T.);
#9481 = VERTEX_POINT('',#9482);
#9482 = CARTESIAN_POINT('',(0.14,-4.15,1.5));
#9483 = LINE('',#9484,#9485);
#9484 = CARTESIAN_POINT('',(-0.15,-4.15,1.5));
#9485 = VECTOR('',#9486,1.);
#9486 = DIRECTION('',(1.,0.,0.));
#9487 = ORIENTED_EDGE('',*,*,#9488,.F.);
#9488 = EDGE_CURVE('',#9489,#9481,#9491,.T.);
#9489 = VERTEX_POINT('',#9490);
#9490 = CARTESIAN_POINT('',(-0.15,-4.15,1.21));
#9491 = CIRCLE('',#9492,0.29);
#9492 = AXIS2_PLACEMENT_3D('',#9493,#9494,#9495);
#9493 = CARTESIAN_POINT('',(0.14,-4.15,1.21));
#9494 = DIRECTION('',(-0.,1.,3.330669073875E-16));
#9495 = DIRECTION('',(0.,-3.330669073875E-16,1.));
#9496 = ORIENTED_EDGE('',*,*,#9497,.F.);
#9497 = EDGE_CURVE('',#9498,#9489,#9500,.T.);
#9498 = VERTEX_POINT('',#9499);
#9499 = CARTESIAN_POINT('',(-0.15,-4.15,-0.457437037472));
#9500 = LINE('',#9501,#9502);
#9501 = CARTESIAN_POINT('',(-0.15,-4.15,-0.5));
#9502 = VECTOR('',#9503,1.);
#9503 = DIRECTION('',(0.,-5.551115123126E-16,1.));
#9504 = ORIENTED_EDGE('',*,*,#9505,.F.);
#9505 = EDGE_CURVE('',#9371,#9498,#9506,.T.);
#9506 = CIRCLE('',#9507,0.29);
#9507 = AXIS2_PLACEMENT_3D('',#9508,#9509,#9510);
#9508 = CARTESIAN_POINT('',(-0.44,-4.15,-0.457437037472));
#9509 = DIRECTION('',(0.,-1.,-3.330669073875E-16));
#9510 = DIRECTION('',(0.,-3.330669073875E-16,1.));
#9511 = PLANE('',#9512);
#9512 = AXIS2_PLACEMENT_3D('',#9513,#9514,#9515);
#9513 = CARTESIAN_POINT('',(-0.15,-4.15,-0.5));
#9514 = DIRECTION('',(0.,-1.,-3.330669073875E-16));
#9515 = DIRECTION('',(0.,3.330669073875E-16,-1.));
#9516 = ADVANCED_FACE('',(#9517),#9528,.F.);
#9517 = FACE_BOUND('',#9518,.F.);
#9518 = EDGE_LOOP('',(#9519,#9520,#9526,#9527));
#9519 = ORIENTED_EDGE('',*,*,#9330,.F.);
#9520 = ORIENTED_EDGE('',*,*,#9521,.T.);
#9521 = EDGE_CURVE('',#9331,#9481,#9522,.T.);
#9522 = LINE('',#9523,#9524);
#9523 = CARTESIAN_POINT('',(0.14,-4.85,1.5));
#9524 = VECTOR('',#9525,1.);
#9525 = DIRECTION('',(0.,1.,3.330669073875E-16));
#9526 = ORIENTED_EDGE('',*,*,#9480,.T.);
#9527 = ORIENTED_EDGE('',*,*,#8597,.F.);
#9528 = PLANE('',#9529);
#9529 = AXIS2_PLACEMENT_3D('',#9530,#9531,#9532);
#9530 = CARTESIAN_POINT('',(-0.15,-4.85,1.5));
#9531 = DIRECTION('',(0.,3.330669073875E-16,-1.));
#9532 = DIRECTION('',(1.,0.,0.));
#9533 = ADVANCED_FACE('',(#9534),#9678,.F.);
#9534 = FACE_BOUND('',#9535,.F.);
#9535 = EDGE_LOOP('',(#9536,#9546,#9555,#9563,#9572,#9580,#9588,#9596,
    #9605,#9613,#9622,#9630,#9639,#9645,#9646,#9654,#9663,#9671));
#9536 = ORIENTED_EDGE('',*,*,#9537,.T.);
#9537 = EDGE_CURVE('',#9538,#9540,#9542,.T.);
#9538 = VERTEX_POINT('',#9539);
#9539 = CARTESIAN_POINT('',(6.462230377286,-4.85,-0.540767924286));
#9540 = VERTEX_POINT('',#9541);
#9541 = CARTESIAN_POINT('',(6.725000733956,-4.85,-1.416669113186));
#9542 = LINE('',#9543,#9544);
#9543 = CARTESIAN_POINT('',(6.45,-4.85,-0.5));
#9544 = VECTOR('',#9545,1.);
#9545 = DIRECTION('',(0.287347885566,5.31700397722E-16,-0.957826285221)
  );
#9546 = ORIENTED_EDGE('',*,*,#9547,.T.);
#9547 = EDGE_CURVE('',#9540,#9548,#9550,.T.);
#9548 = VERTEX_POINT('',#9549);
#9549 = CARTESIAN_POINT('',(6.725000733956,-4.85,-1.583330886814));
#9550 = CIRCLE('',#9551,0.29);
#9551 = AXIS2_PLACEMENT_3D('',#9552,#9553,#9554);
#9552 = CARTESIAN_POINT('',(6.447231111242,-4.85,-1.5));
#9553 = DIRECTION('',(-0.,1.,3.330669073875E-16));
#9554 = DIRECTION('',(0.,-3.330669073875E-16,1.));
#9555 = ORIENTED_EDGE('',*,*,#9556,.T.);
#9556 = EDGE_CURVE('',#9548,#9557,#9559,.T.);
#9557 = VERTEX_POINT('',#9558);
#9558 = CARTESIAN_POINT('',(6.462230377286,-4.85,-2.459232075714));
#9559 = LINE('',#9560,#9561);
#9560 = CARTESIAN_POINT('',(6.75,-4.85,-1.5));
#9561 = VECTOR('',#9562,1.);
#9562 = DIRECTION('',(-0.287347885566,5.31700397722E-16,-0.957826285221)
  );
#9563 = ORIENTED_EDGE('',*,*,#9564,.F.);
#9564 = EDGE_CURVE('',#9565,#9557,#9567,.T.);
#9565 = VERTEX_POINT('',#9566);
#9566 = CARTESIAN_POINT('',(6.45,-4.85,-2.542562962528));
#9567 = CIRCLE('',#9568,0.29);
#9568 = AXIS2_PLACEMENT_3D('',#9569,#9570,#9571);
#9569 = CARTESIAN_POINT('',(6.74,-4.85,-2.542562962528));
#9570 = DIRECTION('',(-0.,1.,3.330669073875E-16));
#9571 = DIRECTION('',(0.,-3.330669073875E-16,1.));
#9572 = ORIENTED_EDGE('',*,*,#9573,.F.);
#9573 = EDGE_CURVE('',#9574,#9565,#9576,.T.);
#9574 = VERTEX_POINT('',#9575);
#9575 = CARTESIAN_POINT('',(6.45,-4.85,-3.5));
#9576 = LINE('',#9577,#9578);
#9577 = CARTESIAN_POINT('',(6.45,-4.85,-3.5));
#9578 = VECTOR('',#9579,1.);
#9579 = DIRECTION('',(0.,-5.551115123126E-16,1.));
#9580 = ORIENTED_EDGE('',*,*,#9581,.F.);
#9581 = EDGE_CURVE('',#9582,#9574,#9584,.T.);
#9582 = VERTEX_POINT('',#9583);
#9583 = CARTESIAN_POINT('',(6.15,-4.85,-3.5));
#9584 = LINE('',#9585,#9586);
#9585 = CARTESIAN_POINT('',(6.15,-4.85,-3.5));
#9586 = VECTOR('',#9587,1.);
#9587 = DIRECTION('',(1.,0.,0.));
#9588 = ORIENTED_EDGE('',*,*,#9589,.F.);
#9589 = EDGE_CURVE('',#9590,#9582,#9592,.T.);
#9590 = VERTEX_POINT('',#9591);
#9591 = CARTESIAN_POINT('',(6.15,-4.85,-2.542562962528));
#9592 = LINE('',#9593,#9594);
#9593 = CARTESIAN_POINT('',(6.15,-4.85,-2.5));
#9594 = VECTOR('',#9595,1.);
#9595 = DIRECTION('',(0.,5.551115123126E-16,-1.));
#9596 = ORIENTED_EDGE('',*,*,#9597,.F.);
#9597 = EDGE_CURVE('',#9598,#9590,#9600,.T.);
#9598 = VERTEX_POINT('',#9599);
#9599 = CARTESIAN_POINT('',(6.162230377286,-4.85,-2.459232075714));
#9600 = CIRCLE('',#9601,0.29);
#9601 = AXIS2_PLACEMENT_3D('',#9602,#9603,#9604);
#9602 = CARTESIAN_POINT('',(6.44,-4.85,-2.542562962528));
#9603 = DIRECTION('',(0.,-1.,-3.330669073875E-16));
#9604 = DIRECTION('',(0.,-3.330669073875E-16,1.));
#9605 = ORIENTED_EDGE('',*,*,#9606,.T.);
#9606 = EDGE_CURVE('',#9598,#9607,#9609,.T.);
#9607 = VERTEX_POINT('',#9608);
#9608 = CARTESIAN_POINT('',(6.425000733956,-4.85,-1.583330886814));
#9609 = LINE('',#9610,#9611);
#9610 = CARTESIAN_POINT('',(6.15,-4.85,-2.5));
#9611 = VECTOR('',#9612,1.);
#9612 = DIRECTION('',(0.287347885566,-5.31700397722E-16,0.957826285221)
  );
#9613 = ORIENTED_EDGE('',*,*,#9614,.F.);
#9614 = EDGE_CURVE('',#9615,#9607,#9617,.T.);
#9615 = VERTEX_POINT('',#9616);
#9616 = CARTESIAN_POINT('',(6.425000733956,-4.85,-1.416669113186));
#9617 = CIRCLE('',#9618,0.29);
#9618 = AXIS2_PLACEMENT_3D('',#9619,#9620,#9621);
#9619 = CARTESIAN_POINT('',(6.147231111242,-4.85,-1.5));
#9620 = DIRECTION('',(-0.,1.,3.330669073875E-16));
#9621 = DIRECTION('',(0.,-3.330669073875E-16,1.));
#9622 = ORIENTED_EDGE('',*,*,#9623,.T.);
#9623 = EDGE_CURVE('',#9615,#9624,#9626,.T.);
#9624 = VERTEX_POINT('',#9625);
#9625 = CARTESIAN_POINT('',(6.162230377286,-4.85,-0.540767924286));
#9626 = LINE('',#9627,#9628);
#9627 = CARTESIAN_POINT('',(6.45,-4.85,-1.5));
#9628 = VECTOR('',#9629,1.);
#9629 = DIRECTION('',(-0.287347885566,-5.31700397722E-16,0.957826285221)
  );
#9630 = ORIENTED_EDGE('',*,*,#9631,.F.);
#9631 = EDGE_CURVE('',#9632,#9624,#9634,.T.);
#9632 = VERTEX_POINT('',#9633);
#9633 = CARTESIAN_POINT('',(6.15,-4.85,-0.457437037472));
#9634 = CIRCLE('',#9635,0.29);
#9635 = AXIS2_PLACEMENT_3D('',#9636,#9637,#9638);
#9636 = CARTESIAN_POINT('',(6.44,-4.85,-0.457437037472));
#9637 = DIRECTION('',(0.,-1.,-3.330669073875E-16));
#9638 = DIRECTION('',(0.,-3.330669073875E-16,1.));
#9639 = ORIENTED_EDGE('',*,*,#9640,.F.);
#9640 = EDGE_CURVE('',#8652,#9632,#9641,.T.);
#9641 = LINE('',#9642,#9643);
#9642 = CARTESIAN_POINT('',(6.15,-4.85,1.5));
#9643 = VECTOR('',#9644,1.);
#9644 = DIRECTION('',(0.,5.551115123126E-16,-1.));
#9645 = ORIENTED_EDGE('',*,*,#8725,.F.);
#9646 = ORIENTED_EDGE('',*,*,#9647,.F.);
#9647 = EDGE_CURVE('',#9648,#8718,#9650,.T.);
#9648 = VERTEX_POINT('',#9649);
#9649 = CARTESIAN_POINT('',(6.16,-4.85,1.5));
#9650 = LINE('',#9651,#9652);
#9651 = CARTESIAN_POINT('',(6.45,-4.85,1.5));
#9652 = VECTOR('',#9653,1.);
#9653 = DIRECTION('',(-1.,-0.,0.));
#9654 = ORIENTED_EDGE('',*,*,#9655,.F.);
#9655 = EDGE_CURVE('',#9656,#9648,#9658,.T.);
#9656 = VERTEX_POINT('',#9657);
#9657 = CARTESIAN_POINT('',(6.45,-4.85,1.21));
#9658 = CIRCLE('',#9659,0.29);
#9659 = AXIS2_PLACEMENT_3D('',#9660,#9661,#9662);
#9660 = CARTESIAN_POINT('',(6.16,-4.85,1.21));
#9661 = DIRECTION('',(0.,-1.,-3.330669073875E-16));
#9662 = DIRECTION('',(0.,-3.330669073875E-16,1.));
#9663 = ORIENTED_EDGE('',*,*,#9664,.F.);
#9664 = EDGE_CURVE('',#9665,#9656,#9667,.T.);
#9665 = VERTEX_POINT('',#9666);
#9666 = CARTESIAN_POINT('',(6.45,-4.85,-0.457437037472));
#9667 = LINE('',#9668,#9669);
#9668 = CARTESIAN_POINT('',(6.45,-4.85,-0.5));
#9669 = VECTOR('',#9670,1.);
#9670 = DIRECTION('',(0.,-5.551115123126E-16,1.));
#9671 = ORIENTED_EDGE('',*,*,#9672,.F.);
#9672 = EDGE_CURVE('',#9538,#9665,#9673,.T.);
#9673 = CIRCLE('',#9674,0.29);
#9674 = AXIS2_PLACEMENT_3D('',#9675,#9676,#9677);
#9675 = CARTESIAN_POINT('',(6.74,-4.85,-0.457437037472));
#9676 = DIRECTION('',(-0.,1.,3.330669073875E-16));
#9677 = DIRECTION('',(0.,-3.330669073875E-16,1.));
#9678 = PLANE('',#9679);
#9679 = AXIS2_PLACEMENT_3D('',#9680,#9681,#9682);
#9680 = CARTESIAN_POINT('',(6.45,-4.85,-0.5));
#9681 = DIRECTION('',(0.,1.,3.330669073875E-16));
#9682 = DIRECTION('',(0.,-3.330669073875E-16,1.));
#9683 = ADVANCED_FACE('',(#9684),#9702,.T.);
#9684 = FACE_BOUND('',#9685,.T.);
#9685 = EDGE_LOOP('',(#9686,#9687,#9695,#9701));
#9686 = ORIENTED_EDGE('',*,*,#9647,.F.);
#9687 = ORIENTED_EDGE('',*,*,#9688,.T.);
#9688 = EDGE_CURVE('',#9648,#9689,#9691,.T.);
#9689 = VERTEX_POINT('',#9690);
#9690 = CARTESIAN_POINT('',(6.16,-4.15,1.5));
#9691 = LINE('',#9692,#9693);
#9692 = CARTESIAN_POINT('',(6.16,-4.85,1.5));
#9693 = VECTOR('',#9694,1.);
#9694 = DIRECTION('',(0.,1.,3.330669073875E-16));
#9695 = ORIENTED_EDGE('',*,*,#9696,.T.);
#9696 = EDGE_CURVE('',#9689,#8710,#9697,.T.);
#9697 = LINE('',#9698,#9699);
#9698 = CARTESIAN_POINT('',(6.45,-4.15,1.5));
#9699 = VECTOR('',#9700,1.);
#9700 = DIRECTION('',(-1.,-0.,0.));
#9701 = ORIENTED_EDGE('',*,*,#8717,.F.);
#9702 = PLANE('',#9703);
#9703 = AXIS2_PLACEMENT_3D('',#9704,#9705,#9706);
#9704 = CARTESIAN_POINT('',(6.45,-4.85,1.5));
#9705 = DIRECTION('',(0.,-3.330669073875E-16,1.));
#9706 = DIRECTION('',(-1.,0.,0.));
#9707 = ADVANCED_FACE('',(#9708),#9845,.T.);
#9708 = FACE_BOUND('',#9709,.T.);
#9709 = EDGE_LOOP('',(#9710,#9720,#9729,#9737,#9746,#9754,#9762,#9770,
    #9779,#9787,#9796,#9804,#9813,#9819,#9820,#9821,#9830,#9838));
#9710 = ORIENTED_EDGE('',*,*,#9711,.T.);
#9711 = EDGE_CURVE('',#9712,#9714,#9716,.T.);
#9712 = VERTEX_POINT('',#9713);
#9713 = CARTESIAN_POINT('',(6.462230377286,-4.15,-0.540767924286));
#9714 = VERTEX_POINT('',#9715);
#9715 = CARTESIAN_POINT('',(6.725000733956,-4.15,-1.416669113186));
#9716 = LINE('',#9717,#9718);
#9717 = CARTESIAN_POINT('',(6.45,-4.15,-0.5));
#9718 = VECTOR('',#9719,1.);
#9719 = DIRECTION('',(0.287347885566,5.31700397722E-16,-0.957826285221)
  );
#9720 = ORIENTED_EDGE('',*,*,#9721,.T.);
#9721 = EDGE_CURVE('',#9714,#9722,#9724,.T.);
#9722 = VERTEX_POINT('',#9723);
#9723 = CARTESIAN_POINT('',(6.725000733956,-4.15,-1.583330886814));
#9724 = CIRCLE('',#9725,0.29);
#9725 = AXIS2_PLACEMENT_3D('',#9726,#9727,#9728);
#9726 = CARTESIAN_POINT('',(6.447231111242,-4.15,-1.5));
#9727 = DIRECTION('',(-0.,1.,3.330669073875E-16));
#9728 = DIRECTION('',(0.,-3.330669073875E-16,1.));
#9729 = ORIENTED_EDGE('',*,*,#9730,.T.);
#9730 = EDGE_CURVE('',#9722,#9731,#9733,.T.);
#9731 = VERTEX_POINT('',#9732);
#9732 = CARTESIAN_POINT('',(6.462230377286,-4.15,-2.459232075714));
#9733 = LINE('',#9734,#9735);
#9734 = CARTESIAN_POINT('',(6.75,-4.15,-1.5));
#9735 = VECTOR('',#9736,1.);
#9736 = DIRECTION('',(-0.287347885566,5.31700397722E-16,-0.957826285221)
  );
#9737 = ORIENTED_EDGE('',*,*,#9738,.F.);
#9738 = EDGE_CURVE('',#9739,#9731,#9741,.T.);
#9739 = VERTEX_POINT('',#9740);
#9740 = CARTESIAN_POINT('',(6.45,-4.15,-2.542562962528));
#9741 = CIRCLE('',#9742,0.29);
#9742 = AXIS2_PLACEMENT_3D('',#9743,#9744,#9745);
#9743 = CARTESIAN_POINT('',(6.74,-4.15,-2.542562962528));
#9744 = DIRECTION('',(-0.,1.,3.330669073875E-16));
#9745 = DIRECTION('',(0.,-3.330669073875E-16,1.));
#9746 = ORIENTED_EDGE('',*,*,#9747,.F.);
#9747 = EDGE_CURVE('',#9748,#9739,#9750,.T.);
#9748 = VERTEX_POINT('',#9749);
#9749 = CARTESIAN_POINT('',(6.45,-4.15,-3.5));
#9750 = LINE('',#9751,#9752);
#9751 = CARTESIAN_POINT('',(6.45,-4.15,-3.5));
#9752 = VECTOR('',#9753,1.);
#9753 = DIRECTION('',(0.,-5.551115123126E-16,1.));
#9754 = ORIENTED_EDGE('',*,*,#9755,.F.);
#9755 = EDGE_CURVE('',#9756,#9748,#9758,.T.);
#9756 = VERTEX_POINT('',#9757);
#9757 = CARTESIAN_POINT('',(6.15,-4.15,-3.5));
#9758 = LINE('',#9759,#9760);
#9759 = CARTESIAN_POINT('',(6.15,-4.15,-3.5));
#9760 = VECTOR('',#9761,1.);
#9761 = DIRECTION('',(1.,0.,0.));
#9762 = ORIENTED_EDGE('',*,*,#9763,.F.);
#9763 = EDGE_CURVE('',#9764,#9756,#9766,.T.);
#9764 = VERTEX_POINT('',#9765);
#9765 = CARTESIAN_POINT('',(6.15,-4.15,-2.542562962528));
#9766 = LINE('',#9767,#9768);
#9767 = CARTESIAN_POINT('',(6.15,-4.15,-2.5));
#9768 = VECTOR('',#9769,1.);
#9769 = DIRECTION('',(0.,5.551115123126E-16,-1.));
#9770 = ORIENTED_EDGE('',*,*,#9771,.F.);
#9771 = EDGE_CURVE('',#9772,#9764,#9774,.T.);
#9772 = VERTEX_POINT('',#9773);
#9773 = CARTESIAN_POINT('',(6.162230377286,-4.15,-2.459232075714));
#9774 = CIRCLE('',#9775,0.29);
#9775 = AXIS2_PLACEMENT_3D('',#9776,#9777,#9778);
#9776 = CARTESIAN_POINT('',(6.44,-4.15,-2.542562962528));
#9777 = DIRECTION('',(0.,-1.,-3.330669073875E-16));
#9778 = DIRECTION('',(0.,-3.330669073875E-16,1.));
#9779 = ORIENTED_EDGE('',*,*,#9780,.T.);
#9780 = EDGE_CURVE('',#9772,#9781,#9783,.T.);
#9781 = VERTEX_POINT('',#9782);
#9782 = CARTESIAN_POINT('',(6.425000733956,-4.15,-1.583330886814));
#9783 = LINE('',#9784,#9785);
#9784 = CARTESIAN_POINT('',(6.15,-4.15,-2.5));
#9785 = VECTOR('',#9786,1.);
#9786 = DIRECTION('',(0.287347885566,-5.31700397722E-16,0.957826285221)
  );
#9787 = ORIENTED_EDGE('',*,*,#9788,.F.);
#9788 = EDGE_CURVE('',#9789,#9781,#9791,.T.);
#9789 = VERTEX_POINT('',#9790);
#9790 = CARTESIAN_POINT('',(6.425000733956,-4.15,-1.416669113186));
#9791 = CIRCLE('',#9792,0.29);
#9792 = AXIS2_PLACEMENT_3D('',#9793,#9794,#9795);
#9793 = CARTESIAN_POINT('',(6.147231111242,-4.15,-1.5));
#9794 = DIRECTION('',(-0.,1.,3.330669073875E-16));
#9795 = DIRECTION('',(0.,-3.330669073875E-16,1.));
#9796 = ORIENTED_EDGE('',*,*,#9797,.T.);
#9797 = EDGE_CURVE('',#9789,#9798,#9800,.T.);
#9798 = VERTEX_POINT('',#9799);
#9799 = CARTESIAN_POINT('',(6.162230377286,-4.15,-0.540767924286));
#9800 = LINE('',#9801,#9802);
#9801 = CARTESIAN_POINT('',(6.45,-4.15,-1.5));
#9802 = VECTOR('',#9803,1.);
#9803 = DIRECTION('',(-0.287347885566,-5.31700397722E-16,0.957826285221)
  );
#9804 = ORIENTED_EDGE('',*,*,#9805,.F.);
#9805 = EDGE_CURVE('',#9806,#9798,#9808,.T.);
#9806 = VERTEX_POINT('',#9807);
#9807 = CARTESIAN_POINT('',(6.15,-4.15,-0.457437037472));
#9808 = CIRCLE('',#9809,0.29);
#9809 = AXIS2_PLACEMENT_3D('',#9810,#9811,#9812);
#9810 = CARTESIAN_POINT('',(6.44,-4.15,-0.457437037472));
#9811 = DIRECTION('',(0.,-1.,-3.330669073875E-16));
#9812 = DIRECTION('',(0.,-3.330669073875E-16,1.));
#9813 = ORIENTED_EDGE('',*,*,#9814,.F.);
#9814 = EDGE_CURVE('',#8702,#9806,#9815,.T.);
#9815 = LINE('',#9816,#9817);
#9816 = CARTESIAN_POINT('',(6.15,-4.15,1.5));
#9817 = VECTOR('',#9818,1.);
#9818 = DIRECTION('',(0.,5.551115123126E-16,-1.));
#9819 = ORIENTED_EDGE('',*,*,#8709,.F.);
#9820 = ORIENTED_EDGE('',*,*,#9696,.F.);
#9821 = ORIENTED_EDGE('',*,*,#9822,.F.);
#9822 = EDGE_CURVE('',#9823,#9689,#9825,.T.);
#9823 = VERTEX_POINT('',#9824);
#9824 = CARTESIAN_POINT('',(6.45,-4.15,1.21));
#9825 = CIRCLE('',#9826,0.29);
#9826 = AXIS2_PLACEMENT_3D('',#9827,#9828,#9829);
#9827 = CARTESIAN_POINT('',(6.16,-4.15,1.21));
#9828 = DIRECTION('',(0.,-1.,-3.330669073875E-16));
#9829 = DIRECTION('',(0.,-3.330669073875E-16,1.));
#9830 = ORIENTED_EDGE('',*,*,#9831,.F.);
#9831 = EDGE_CURVE('',#9832,#9823,#9834,.T.);
#9832 = VERTEX_POINT('',#9833);
#9833 = CARTESIAN_POINT('',(6.45,-4.15,-0.457437037472));
#9834 = LINE('',#9835,#9836);
#9835 = CARTESIAN_POINT('',(6.45,-4.15,-0.5));
#9836 = VECTOR('',#9837,1.);
#9837 = DIRECTION('',(0.,-5.551115123126E-16,1.));
#9838 = ORIENTED_EDGE('',*,*,#9839,.F.);
#9839 = EDGE_CURVE('',#9712,#9832,#9840,.T.);
#9840 = CIRCLE('',#9841,0.29);
#9841 = AXIS2_PLACEMENT_3D('',#9842,#9843,#9844);
#9842 = CARTESIAN_POINT('',(6.74,-4.15,-0.457437037472));
#9843 = DIRECTION('',(-0.,1.,3.330669073875E-16));
#9844 = DIRECTION('',(0.,-3.330669073875E-16,1.));
#9845 = PLANE('',#9846);
#9846 = AXIS2_PLACEMENT_3D('',#9847,#9848,#9849);
#9847 = CARTESIAN_POINT('',(6.45,-4.15,-0.5));
#9848 = DIRECTION('',(0.,1.,3.330669073875E-16));
#9849 = DIRECTION('',(0.,-3.330669073875E-16,1.));
#9850 = ADVANCED_FACE('',(#9851),#9995,.T.);
#9851 = FACE_BOUND('',#9852,.T.);
#9852 = EDGE_LOOP('',(#9853,#9863,#9872,#9880,#9889,#9897,#9905,#9913,
    #9922,#9930,#9939,#9947,#9956,#9962,#9963,#9971,#9980,#9988));
#9853 = ORIENTED_EDGE('',*,*,#9854,.T.);
#9854 = EDGE_CURVE('',#9855,#9857,#9859,.T.);
#9855 = VERTEX_POINT('',#9856);
#9856 = CARTESIAN_POINT('',(6.462230377286,0.35,-0.540767924286));
#9857 = VERTEX_POINT('',#9858);
#9858 = CARTESIAN_POINT('',(6.725000733956,0.35,-1.416669113186));
#9859 = LINE('',#9860,#9861);
#9860 = CARTESIAN_POINT('',(6.45,0.35,-0.5));
#9861 = VECTOR('',#9862,1.);
#9862 = DIRECTION('',(0.287347885566,5.31700397722E-16,-0.957826285221)
  );
#9863 = ORIENTED_EDGE('',*,*,#9864,.T.);
#9864 = EDGE_CURVE('',#9857,#9865,#9867,.T.);
#9865 = VERTEX_POINT('',#9866);
#9866 = CARTESIAN_POINT('',(6.725000733956,0.35,-1.583330886814));
#9867 = CIRCLE('',#9868,0.29);
#9868 = AXIS2_PLACEMENT_3D('',#9869,#9870,#9871);
#9869 = CARTESIAN_POINT('',(6.447231111242,0.35,-1.5));
#9870 = DIRECTION('',(-0.,1.,3.330669073875E-16));
#9871 = DIRECTION('',(0.,-3.330669073875E-16,1.));
#9872 = ORIENTED_EDGE('',*,*,#9873,.T.);
#9873 = EDGE_CURVE('',#9865,#9874,#9876,.T.);
#9874 = VERTEX_POINT('',#9875);
#9875 = CARTESIAN_POINT('',(6.462230377286,0.35,-2.459232075714));
#9876 = LINE('',#9877,#9878);
#9877 = CARTESIAN_POINT('',(6.75,0.35,-1.5));
#9878 = VECTOR('',#9879,1.);
#9879 = DIRECTION('',(-0.287347885566,5.31700397722E-16,-0.957826285221)
  );
#9880 = ORIENTED_EDGE('',*,*,#9881,.F.);
#9881 = EDGE_CURVE('',#9882,#9874,#9884,.T.);
#9882 = VERTEX_POINT('',#9883);
#9883 = CARTESIAN_POINT('',(6.45,0.35,-2.542562962528));
#9884 = CIRCLE('',#9885,0.29);
#9885 = AXIS2_PLACEMENT_3D('',#9886,#9887,#9888);
#9886 = CARTESIAN_POINT('',(6.74,0.35,-2.542562962528));
#9887 = DIRECTION('',(-0.,1.,3.330669073875E-16));
#9888 = DIRECTION('',(0.,-3.330669073875E-16,1.));
#9889 = ORIENTED_EDGE('',*,*,#9890,.F.);
#9890 = EDGE_CURVE('',#9891,#9882,#9893,.T.);
#9891 = VERTEX_POINT('',#9892);
#9892 = CARTESIAN_POINT('',(6.45,0.35,-3.5));
#9893 = LINE('',#9894,#9895);
#9894 = CARTESIAN_POINT('',(6.45,0.35,-3.5));
#9895 = VECTOR('',#9896,1.);
#9896 = DIRECTION('',(0.,-5.551115123126E-16,1.));
#9897 = ORIENTED_EDGE('',*,*,#9898,.F.);
#9898 = EDGE_CURVE('',#9899,#9891,#9901,.T.);
#9899 = VERTEX_POINT('',#9900);
#9900 = CARTESIAN_POINT('',(6.15,0.35,-3.5));
#9901 = LINE('',#9902,#9903);
#9902 = CARTESIAN_POINT('',(6.15,0.35,-3.5));
#9903 = VECTOR('',#9904,1.);
#9904 = DIRECTION('',(1.,0.,0.));
#9905 = ORIENTED_EDGE('',*,*,#9906,.F.);
#9906 = EDGE_CURVE('',#9907,#9899,#9909,.T.);
#9907 = VERTEX_POINT('',#9908);
#9908 = CARTESIAN_POINT('',(6.15,0.35,-2.542562962528));
#9909 = LINE('',#9910,#9911);
#9910 = CARTESIAN_POINT('',(6.15,0.35,-2.5));
#9911 = VECTOR('',#9912,1.);
#9912 = DIRECTION('',(0.,5.551115123126E-16,-1.));
#9913 = ORIENTED_EDGE('',*,*,#9914,.F.);
#9914 = EDGE_CURVE('',#9915,#9907,#9917,.T.);
#9915 = VERTEX_POINT('',#9916);
#9916 = CARTESIAN_POINT('',(6.162230377286,0.35,-2.459232075714));
#9917 = CIRCLE('',#9918,0.29);
#9918 = AXIS2_PLACEMENT_3D('',#9919,#9920,#9921);
#9919 = CARTESIAN_POINT('',(6.44,0.35,-2.542562962528));
#9920 = DIRECTION('',(0.,-1.,-3.330669073875E-16));
#9921 = DIRECTION('',(0.,-3.330669073875E-16,1.));
#9922 = ORIENTED_EDGE('',*,*,#9923,.T.);
#9923 = EDGE_CURVE('',#9915,#9924,#9926,.T.);
#9924 = VERTEX_POINT('',#9925);
#9925 = CARTESIAN_POINT('',(6.425000733956,0.35,-1.583330886814));
#9926 = LINE('',#9927,#9928);
#9927 = CARTESIAN_POINT('',(6.15,0.35,-2.5));
#9928 = VECTOR('',#9929,1.);
#9929 = DIRECTION('',(0.287347885566,-5.31700397722E-16,0.957826285221)
  );
#9930 = ORIENTED_EDGE('',*,*,#9931,.F.);
#9931 = EDGE_CURVE('',#9932,#9924,#9934,.T.);
#9932 = VERTEX_POINT('',#9933);
#9933 = CARTESIAN_POINT('',(6.425000733956,0.35,-1.416669113186));
#9934 = CIRCLE('',#9935,0.29);
#9935 = AXIS2_PLACEMENT_3D('',#9936,#9937,#9938);
#9936 = CARTESIAN_POINT('',(6.147231111242,0.35,-1.5));
#9937 = DIRECTION('',(-0.,1.,3.330669073875E-16));
#9938 = DIRECTION('',(0.,-3.330669073875E-16,1.));
#9939 = ORIENTED_EDGE('',*,*,#9940,.T.);
#9940 = EDGE_CURVE('',#9932,#9941,#9943,.T.);
#9941 = VERTEX_POINT('',#9942);
#9942 = CARTESIAN_POINT('',(6.162230377286,0.35,-0.540767924286));
#9943 = LINE('',#9944,#9945);
#9944 = CARTESIAN_POINT('',(6.45,0.35,-1.5));
#9945 = VECTOR('',#9946,1.);
#9946 = DIRECTION('',(-0.287347885566,-5.31700397722E-16,0.957826285221)
  );
#9947 = ORIENTED_EDGE('',*,*,#9948,.F.);
#9948 = EDGE_CURVE('',#9949,#9941,#9951,.T.);
#9949 = VERTEX_POINT('',#9950);
#9950 = CARTESIAN_POINT('',(6.15,0.35,-0.457437037472));
#9951 = CIRCLE('',#9952,0.29);
#9952 = AXIS2_PLACEMENT_3D('',#9953,#9954,#9955);
#9953 = CARTESIAN_POINT('',(6.44,0.35,-0.457437037472));
#9954 = DIRECTION('',(0.,-1.,-3.330669073875E-16));
#9955 = DIRECTION('',(0.,-3.330669073875E-16,1.));
#9956 = ORIENTED_EDGE('',*,*,#9957,.F.);
#9957 = EDGE_CURVE('',#8670,#9949,#9958,.T.);
#9958 = LINE('',#9959,#9960);
#9959 = CARTESIAN_POINT('',(6.15,0.35,1.5));
#9960 = VECTOR('',#9961,1.);
#9961 = DIRECTION('',(0.,5.551115123126E-16,-1.));
#9962 = ORIENTED_EDGE('',*,*,#8677,.F.);
#9963 = ORIENTED_EDGE('',*,*,#9964,.F.);
#9964 = EDGE_CURVE('',#9965,#8678,#9967,.T.);
#9965 = VERTEX_POINT('',#9966);
#9966 = CARTESIAN_POINT('',(6.16,0.35,1.5));
#9967 = LINE('',#9968,#9969);
#9968 = CARTESIAN_POINT('',(6.45,0.35,1.5));
#9969 = VECTOR('',#9970,1.);
#9970 = DIRECTION('',(-1.,-0.,0.));
#9971 = ORIENTED_EDGE('',*,*,#9972,.F.);
#9972 = EDGE_CURVE('',#9973,#9965,#9975,.T.);
#9973 = VERTEX_POINT('',#9974);
#9974 = CARTESIAN_POINT('',(6.45,0.35,1.21));
#9975 = CIRCLE('',#9976,0.29);
#9976 = AXIS2_PLACEMENT_3D('',#9977,#9978,#9979);
#9977 = CARTESIAN_POINT('',(6.16,0.35,1.21));
#9978 = DIRECTION('',(0.,-1.,-3.330669073875E-16));
#9979 = DIRECTION('',(0.,-3.330669073875E-16,1.));
#9980 = ORIENTED_EDGE('',*,*,#9981,.F.);
#9981 = EDGE_CURVE('',#9982,#9973,#9984,.T.);
#9982 = VERTEX_POINT('',#9983);
#9983 = CARTESIAN_POINT('',(6.45,0.35,-0.457437037472));
#9984 = LINE('',#9985,#9986);
#9985 = CARTESIAN_POINT('',(6.45,0.35,-0.5));
#9986 = VECTOR('',#9987,1.);
#9987 = DIRECTION('',(0.,-5.551115123126E-16,1.));
#9988 = ORIENTED_EDGE('',*,*,#9989,.F.);
#9989 = EDGE_CURVE('',#9855,#9982,#9990,.T.);
#9990 = CIRCLE('',#9991,0.29);
#9991 = AXIS2_PLACEMENT_3D('',#9992,#9993,#9994);
#9992 = CARTESIAN_POINT('',(6.74,0.35,-0.457437037472));
#9993 = DIRECTION('',(-0.,1.,3.330669073875E-16));
#9994 = DIRECTION('',(0.,-3.330669073875E-16,1.));
#9995 = PLANE('',#9996);
#9996 = AXIS2_PLACEMENT_3D('',#9997,#9998,#9999);
#9997 = CARTESIAN_POINT('',(6.45,0.35,-0.5));
#9998 = DIRECTION('',(1.64346021921E-31,1.,5.551115123126E-16));
#9999 = DIRECTION('',(0.,-5.551115123126E-16,1.));
#10000 = ADVANCED_FACE('',(#10001),#10145,.F.);
#10001 = FACE_BOUND('',#10002,.F.);
#10002 = EDGE_LOOP('',(#10003,#10013,#10022,#10030,#10039,#10047,#10055,
    #10063,#10072,#10080,#10089,#10097,#10106,#10112,#10113,#10121,
    #10130,#10138));
#10003 = ORIENTED_EDGE('',*,*,#10004,.T.);
#10004 = EDGE_CURVE('',#10005,#10007,#10009,.T.);
#10005 = VERTEX_POINT('',#10006);
#10006 = CARTESIAN_POINT('',(6.462230377286,-0.35,-0.540767924286));
#10007 = VERTEX_POINT('',#10008);
#10008 = CARTESIAN_POINT('',(6.725000733956,-0.35,-1.416669113186));
#10009 = LINE('',#10010,#10011);
#10010 = CARTESIAN_POINT('',(6.45,-0.35,-0.5));
#10011 = VECTOR('',#10012,1.);
#10012 = DIRECTION('',(0.287347885566,5.31700397722E-16,-0.957826285221)
  );
#10013 = ORIENTED_EDGE('',*,*,#10014,.T.);
#10014 = EDGE_CURVE('',#10007,#10015,#10017,.T.);
#10015 = VERTEX_POINT('',#10016);
#10016 = CARTESIAN_POINT('',(6.725000733956,-0.35,-1.583330886814));
#10017 = CIRCLE('',#10018,0.29);
#10018 = AXIS2_PLACEMENT_3D('',#10019,#10020,#10021);
#10019 = CARTESIAN_POINT('',(6.447231111242,-0.35,-1.5));
#10020 = DIRECTION('',(-0.,1.,3.330669073875E-16));
#10021 = DIRECTION('',(0.,-3.330669073875E-16,1.));
#10022 = ORIENTED_EDGE('',*,*,#10023,.T.);
#10023 = EDGE_CURVE('',#10015,#10024,#10026,.T.);
#10024 = VERTEX_POINT('',#10025);
#10025 = CARTESIAN_POINT('',(6.462230377286,-0.35,-2.459232075714));
#10026 = LINE('',#10027,#10028);
#10027 = CARTESIAN_POINT('',(6.75,-0.35,-1.5));
#10028 = VECTOR('',#10029,1.);
#10029 = DIRECTION('',(-0.287347885566,5.31700397722E-16,-0.957826285221
    ));
#10030 = ORIENTED_EDGE('',*,*,#10031,.F.);
#10031 = EDGE_CURVE('',#10032,#10024,#10034,.T.);
#10032 = VERTEX_POINT('',#10033);
#10033 = CARTESIAN_POINT('',(6.45,-0.35,-2.542562962528));
#10034 = CIRCLE('',#10035,0.29);
#10035 = AXIS2_PLACEMENT_3D('',#10036,#10037,#10038);
#10036 = CARTESIAN_POINT('',(6.74,-0.35,-2.542562962528));
#10037 = DIRECTION('',(-0.,1.,3.330669073875E-16));
#10038 = DIRECTION('',(0.,-3.330669073875E-16,1.));
#10039 = ORIENTED_EDGE('',*,*,#10040,.F.);
#10040 = EDGE_CURVE('',#10041,#10032,#10043,.T.);
#10041 = VERTEX_POINT('',#10042);
#10042 = CARTESIAN_POINT('',(6.45,-0.35,-3.5));
#10043 = LINE('',#10044,#10045);
#10044 = CARTESIAN_POINT('',(6.45,-0.35,-3.5));
#10045 = VECTOR('',#10046,1.);
#10046 = DIRECTION('',(0.,-5.551115123126E-16,1.));
#10047 = ORIENTED_EDGE('',*,*,#10048,.F.);
#10048 = EDGE_CURVE('',#10049,#10041,#10051,.T.);
#10049 = VERTEX_POINT('',#10050);
#10050 = CARTESIAN_POINT('',(6.15,-0.35,-3.5));
#10051 = LINE('',#10052,#10053);
#10052 = CARTESIAN_POINT('',(6.15,-0.35,-3.5));
#10053 = VECTOR('',#10054,1.);
#10054 = DIRECTION('',(1.,0.,0.));
#10055 = ORIENTED_EDGE('',*,*,#10056,.F.);
#10056 = EDGE_CURVE('',#10057,#10049,#10059,.T.);
#10057 = VERTEX_POINT('',#10058);
#10058 = CARTESIAN_POINT('',(6.15,-0.35,-2.542562962528));
#10059 = LINE('',#10060,#10061);
#10060 = CARTESIAN_POINT('',(6.15,-0.35,-2.5));
#10061 = VECTOR('',#10062,1.);
#10062 = DIRECTION('',(0.,5.551115123126E-16,-1.));
#10063 = ORIENTED_EDGE('',*,*,#10064,.F.);
#10064 = EDGE_CURVE('',#10065,#10057,#10067,.T.);
#10065 = VERTEX_POINT('',#10066);
#10066 = CARTESIAN_POINT('',(6.162230377286,-0.35,-2.459232075714));
#10067 = CIRCLE('',#10068,0.29);
#10068 = AXIS2_PLACEMENT_3D('',#10069,#10070,#10071);
#10069 = CARTESIAN_POINT('',(6.44,-0.35,-2.542562962528));
#10070 = DIRECTION('',(0.,-1.,-3.330669073875E-16));
#10071 = DIRECTION('',(0.,-3.330669073875E-16,1.));
#10072 = ORIENTED_EDGE('',*,*,#10073,.T.);
#10073 = EDGE_CURVE('',#10065,#10074,#10076,.T.);
#10074 = VERTEX_POINT('',#10075);
#10075 = CARTESIAN_POINT('',(6.425000733956,-0.35,-1.583330886814));
#10076 = LINE('',#10077,#10078);
#10077 = CARTESIAN_POINT('',(6.15,-0.35,-2.5));
#10078 = VECTOR('',#10079,1.);
#10079 = DIRECTION('',(0.287347885566,-5.31700397722E-16,0.957826285221)
  );
#10080 = ORIENTED_EDGE('',*,*,#10081,.F.);
#10081 = EDGE_CURVE('',#10082,#10074,#10084,.T.);
#10082 = VERTEX_POINT('',#10083);
#10083 = CARTESIAN_POINT('',(6.425000733956,-0.35,-1.416669113186));
#10084 = CIRCLE('',#10085,0.29);
#10085 = AXIS2_PLACEMENT_3D('',#10086,#10087,#10088);
#10086 = CARTESIAN_POINT('',(6.147231111242,-0.35,-1.5));
#10087 = DIRECTION('',(-0.,1.,3.330669073875E-16));
#10088 = DIRECTION('',(0.,-3.330669073875E-16,1.));
#10089 = ORIENTED_EDGE('',*,*,#10090,.T.);
#10090 = EDGE_CURVE('',#10082,#10091,#10093,.T.);
#10091 = VERTEX_POINT('',#10092);
#10092 = CARTESIAN_POINT('',(6.162230377286,-0.35,-0.540767924286));
#10093 = LINE('',#10094,#10095);
#10094 = CARTESIAN_POINT('',(6.45,-0.35,-1.5));
#10095 = VECTOR('',#10096,1.);
#10096 = DIRECTION('',(-0.287347885566,-5.31700397722E-16,0.957826285221
    ));
#10097 = ORIENTED_EDGE('',*,*,#10098,.F.);
#10098 = EDGE_CURVE('',#10099,#10091,#10101,.T.);
#10099 = VERTEX_POINT('',#10100);
#10100 = CARTESIAN_POINT('',(6.15,-0.35,-0.457437037472));
#10101 = CIRCLE('',#10102,0.29);
#10102 = AXIS2_PLACEMENT_3D('',#10103,#10104,#10105);
#10103 = CARTESIAN_POINT('',(6.44,-0.35,-0.457437037472));
#10104 = DIRECTION('',(0.,-1.,-3.330669073875E-16));
#10105 = DIRECTION('',(0.,-3.330669073875E-16,1.));
#10106 = ORIENTED_EDGE('',*,*,#10107,.F.);
#10107 = EDGE_CURVE('',#8694,#10099,#10108,.T.);
#10108 = LINE('',#10109,#10110);
#10109 = CARTESIAN_POINT('',(6.15,-0.35,1.5));
#10110 = VECTOR('',#10111,1.);
#10111 = DIRECTION('',(0.,5.551115123126E-16,-1.));
#10112 = ORIENTED_EDGE('',*,*,#8693,.F.);
#10113 = ORIENTED_EDGE('',*,*,#10114,.F.);
#10114 = EDGE_CURVE('',#10115,#8686,#10117,.T.);
#10115 = VERTEX_POINT('',#10116);
#10116 = CARTESIAN_POINT('',(6.16,-0.35,1.5));
#10117 = LINE('',#10118,#10119);
#10118 = CARTESIAN_POINT('',(6.45,-0.35,1.5));
#10119 = VECTOR('',#10120,1.);
#10120 = DIRECTION('',(-1.,-0.,0.));
#10121 = ORIENTED_EDGE('',*,*,#10122,.F.);
#10122 = EDGE_CURVE('',#10123,#10115,#10125,.T.);
#10123 = VERTEX_POINT('',#10124);
#10124 = CARTESIAN_POINT('',(6.45,-0.35,1.21));
#10125 = CIRCLE('',#10126,0.29);
#10126 = AXIS2_PLACEMENT_3D('',#10127,#10128,#10129);
#10127 = CARTESIAN_POINT('',(6.16,-0.35,1.21));
#10128 = DIRECTION('',(0.,-1.,-3.330669073875E-16));
#10129 = DIRECTION('',(0.,-3.330669073875E-16,1.));
#10130 = ORIENTED_EDGE('',*,*,#10131,.F.);
#10131 = EDGE_CURVE('',#10132,#10123,#10134,.T.);
#10132 = VERTEX_POINT('',#10133);
#10133 = CARTESIAN_POINT('',(6.45,-0.35,-0.457437037472));
#10134 = LINE('',#10135,#10136);
#10135 = CARTESIAN_POINT('',(6.45,-0.35,-0.5));
#10136 = VECTOR('',#10137,1.);
#10137 = DIRECTION('',(0.,-5.551115123126E-16,1.));
#10138 = ORIENTED_EDGE('',*,*,#10139,.F.);
#10139 = EDGE_CURVE('',#10005,#10132,#10140,.T.);
#10140 = CIRCLE('',#10141,0.29);
#10141 = AXIS2_PLACEMENT_3D('',#10142,#10143,#10144);
#10142 = CARTESIAN_POINT('',(6.74,-0.35,-0.457437037472));
#10143 = DIRECTION('',(-0.,1.,3.330669073875E-16));
#10144 = DIRECTION('',(0.,-3.330669073875E-16,1.));
#10145 = PLANE('',#10146);
#10146 = AXIS2_PLACEMENT_3D('',#10147,#10148,#10149);
#10147 = CARTESIAN_POINT('',(6.45,-0.35,-0.5));
#10148 = DIRECTION('',(1.64346021921E-31,1.,5.551115123126E-16));
#10149 = DIRECTION('',(0.,-5.551115123126E-16,1.));
#10150 = ADVANCED_FACE('',(#10151),#10162,.T.);
#10151 = FACE_BOUND('',#10152,.T.);
#10152 = EDGE_LOOP('',(#10153,#10154,#10160,#10161));
#10153 = ORIENTED_EDGE('',*,*,#10114,.F.);
#10154 = ORIENTED_EDGE('',*,*,#10155,.T.);
#10155 = EDGE_CURVE('',#10115,#9965,#10156,.T.);
#10156 = LINE('',#10157,#10158);
#10157 = CARTESIAN_POINT('',(6.16,-0.35,1.5));
#10158 = VECTOR('',#10159,1.);
#10159 = DIRECTION('',(0.,1.,3.330669073875E-16));
#10160 = ORIENTED_EDGE('',*,*,#9964,.T.);
#10161 = ORIENTED_EDGE('',*,*,#8685,.F.);
#10162 = PLANE('',#10163);
#10163 = AXIS2_PLACEMENT_3D('',#10164,#10165,#10166);
#10164 = CARTESIAN_POINT('',(6.45,-0.35,1.5));
#10165 = DIRECTION('',(0.,-3.330669073875E-16,1.));
#10166 = DIRECTION('',(-1.,0.,0.));
#10167 = ADVANCED_FACE('',(#10168),#10171,.F.);
#10168 = FACE_BOUND('',#10169,.F.);
#10169 = EDGE_LOOP('',(#10170));
#10170 = ORIENTED_EDGE('',*,*,#8825,.F.);
#10171 = PLANE('',#10172);
#10172 = AXIS2_PLACEMENT_3D('',#10173,#10174,#10175);
#10173 = CARTESIAN_POINT('',(4.9,-2.25,4.3));
#10174 = DIRECTION('',(0.,0.,-1.));
#10175 = DIRECTION('',(-1.,0.,0.));
#10176 = ADVANCED_FACE('',(#10177),#10188,.F.);
#10177 = FACE_BOUND('',#10178,.F.);
#10178 = EDGE_LOOP('',(#10179,#10180,#10181,#10182));
#10179 = ORIENTED_EDGE('',*,*,#9323,.F.);
#10180 = ORIENTED_EDGE('',*,*,#8862,.F.);
#10181 = ORIENTED_EDGE('',*,*,#9473,.T.);
#10182 = ORIENTED_EDGE('',*,*,#10183,.F.);
#10183 = EDGE_CURVE('',#9315,#9465,#10184,.T.);
#10184 = LINE('',#10185,#10186);
#10185 = CARTESIAN_POINT('',(0.15,-4.85,-0.457437037472));
#10186 = VECTOR('',#10187,1.);
#10187 = DIRECTION('',(0.,1.,3.330669073875E-16));
#10188 = PLANE('',#10189);
#10189 = AXIS2_PLACEMENT_3D('',#10190,#10191,#10192);
#10190 = CARTESIAN_POINT('',(0.15,-4.85,1.5));
#10191 = DIRECTION('',(-1.,0.,-0.));
#10192 = DIRECTION('',(0.,5.551115123126E-16,-1.));
#10193 = ADVANCED_FACE('',(#10194),#10205,.T.);
#10194 = FACE_BOUND('',#10195,.T.);
#10195 = EDGE_LOOP('',(#10196,#10197,#10198,#10199));
#10196 = ORIENTED_EDGE('',*,*,#9640,.F.);
#10197 = ORIENTED_EDGE('',*,*,#8887,.T.);
#10198 = ORIENTED_EDGE('',*,*,#9814,.T.);
#10199 = ORIENTED_EDGE('',*,*,#10200,.F.);
#10200 = EDGE_CURVE('',#9632,#9806,#10201,.T.);
#10201 = LINE('',#10202,#10203);
#10202 = CARTESIAN_POINT('',(6.15,-4.85,-0.457437037472));
#10203 = VECTOR('',#10204,1.);
#10204 = DIRECTION('',(0.,1.,3.330669073875E-16));
#10205 = PLANE('',#10206);
#10206 = AXIS2_PLACEMENT_3D('',#10207,#10208,#10209);
#10207 = CARTESIAN_POINT('',(6.15,-4.85,1.5));
#10208 = DIRECTION('',(-1.,0.,-0.));
#10209 = DIRECTION('',(0.,5.551115123126E-16,-1.));
#10210 = ADVANCED_FACE('',(#10211),#10222,.F.);
#10211 = FACE_BOUND('',#10212,.F.);
#10212 = EDGE_LOOP('',(#10213,#10214,#10215,#10216));
#10213 = ORIENTED_EDGE('',*,*,#9180,.F.);
#10214 = ORIENTED_EDGE('',*,*,#8869,.F.);
#10215 = ORIENTED_EDGE('',*,*,#9006,.T.);
#10216 = ORIENTED_EDGE('',*,*,#10217,.F.);
#10217 = EDGE_CURVE('',#9172,#8998,#10218,.T.);
#10218 = LINE('',#10219,#10220);
#10219 = CARTESIAN_POINT('',(0.15,-0.35,-0.457437037472));
#10220 = VECTOR('',#10221,1.);
#10221 = DIRECTION('',(0.,1.,3.330669073875E-16));
#10222 = PLANE('',#10223);
#10223 = AXIS2_PLACEMENT_3D('',#10224,#10225,#10226);
#10224 = CARTESIAN_POINT('',(0.15,-0.35,1.5));
#10225 = DIRECTION('',(-1.,0.,-0.));
#10226 = DIRECTION('',(0.,5.551115123126E-16,-1.));
#10227 = ADVANCED_FACE('',(#10228),#10239,.T.);
#10228 = FACE_BOUND('',#10229,.T.);
#10229 = EDGE_LOOP('',(#10230,#10231,#10232,#10233));
#10230 = ORIENTED_EDGE('',*,*,#10107,.F.);
#10231 = ORIENTED_EDGE('',*,*,#8880,.T.);
#10232 = ORIENTED_EDGE('',*,*,#9957,.T.);
#10233 = ORIENTED_EDGE('',*,*,#10234,.F.);
#10234 = EDGE_CURVE('',#10099,#9949,#10235,.T.);
#10235 = LINE('',#10236,#10237);
#10236 = CARTESIAN_POINT('',(6.15,-0.35,-0.457437037472));
#10237 = VECTOR('',#10238,1.);
#10238 = DIRECTION('',(0.,1.,3.330669073875E-16));
#10239 = PLANE('',#10240);
#10240 = AXIS2_PLACEMENT_3D('',#10241,#10242,#10243);
#10241 = CARTESIAN_POINT('',(6.15,-0.35,1.5));
#10242 = DIRECTION('',(-1.,0.,-0.));
#10243 = DIRECTION('',(0.,5.551115123126E-16,-1.));
#10244 = ADVANCED_FACE('',(#10245),#10261,.T.);
#10245 = FACE_BOUND('',#10246,.T.);
#10246 = EDGE_LOOP('',(#10247,#10248,#10254,#10255));
#10247 = ORIENTED_EDGE('',*,*,#9077,.F.);
#10248 = ORIENTED_EDGE('',*,*,#10249,.T.);
#10249 = EDGE_CURVE('',#9078,#8904,#10250,.T.);
#10250 = LINE('',#10251,#10252);
#10251 = CARTESIAN_POINT('',(-0.162230377286,-0.35,-0.540767924286));
#10252 = VECTOR('',#10253,1.);
#10253 = DIRECTION('',(0.,1.,3.330669073875E-16));
#10254 = ORIENTED_EDGE('',*,*,#8903,.T.);
#10255 = ORIENTED_EDGE('',*,*,#10256,.F.);
#10256 = EDGE_CURVE('',#9080,#8906,#10257,.T.);
#10257 = LINE('',#10258,#10259);
#10258 = CARTESIAN_POINT('',(-0.425000733956,-0.35,-1.416669113186));
#10259 = VECTOR('',#10260,1.);
#10260 = DIRECTION('',(0.,1.,3.330669073875E-16));
#10261 = PLANE('',#10262);
#10262 = AXIS2_PLACEMENT_3D('',#10263,#10264,#10265);
#10263 = CARTESIAN_POINT('',(-0.15,-0.35,-0.5));
#10264 = DIRECTION('',(-0.957826285221,-9.570607158995E-17,
    0.287347885566));
#10265 = DIRECTION('',(-0.287347885566,5.31700397722E-16,-0.957826285221
    ));
#10266 = ADVANCED_FACE('',(#10267),#10278,.F.);
#10267 = FACE_BOUND('',#10268,.F.);
#10268 = EDGE_LOOP('',(#10269,#10270,#10271,#10277));
#10269 = ORIENTED_EDGE('',*,*,#10249,.T.);
#10270 = ORIENTED_EDGE('',*,*,#9038,.T.);
#10271 = ORIENTED_EDGE('',*,*,#10272,.F.);
#10272 = EDGE_CURVE('',#9198,#9031,#10273,.T.);
#10273 = LINE('',#10274,#10275);
#10274 = CARTESIAN_POINT('',(-0.15,-0.35,-0.457437037472));
#10275 = VECTOR('',#10276,1.);
#10276 = DIRECTION('',(0.,1.,3.330669073875E-16));
#10277 = ORIENTED_EDGE('',*,*,#9205,.F.);
#10278 = CYLINDRICAL_SURFACE('',#10279,0.29);
#10279 = AXIS2_PLACEMENT_3D('',#10280,#10281,#10282);
#10280 = CARTESIAN_POINT('',(-0.44,-0.35,-0.457437037472));
#10281 = DIRECTION('',(0.,1.,3.330669073875E-16));
#10282 = DIRECTION('',(0.957826285221,9.570607158983E-17,-0.287347885566
    ));
#10283 = ADVANCED_FACE('',(#10284),#10295,.T.);
#10284 = FACE_BOUND('',#10285,.T.);
#10285 = EDGE_LOOP('',(#10286,#10287,#10288,#10294));
#10286 = ORIENTED_EDGE('',*,*,#10256,.T.);
#10287 = ORIENTED_EDGE('',*,*,#8913,.T.);
#10288 = ORIENTED_EDGE('',*,*,#10289,.F.);
#10289 = EDGE_CURVE('',#9088,#8914,#10290,.T.);
#10290 = LINE('',#10291,#10292);
#10291 = CARTESIAN_POINT('',(-0.425000733956,-0.35,-1.583330886814));
#10292 = VECTOR('',#10293,1.);
#10293 = DIRECTION('',(0.,1.,3.330669073875E-16));
#10294 = ORIENTED_EDGE('',*,*,#9087,.F.);
#10295 = CYLINDRICAL_SURFACE('',#10296,0.29);
#10296 = AXIS2_PLACEMENT_3D('',#10297,#10298,#10299);
#10297 = CARTESIAN_POINT('',(-0.147231111242,-0.35,-1.5));
#10298 = DIRECTION('',(0.,1.,3.330669073875E-16));
#10299 = DIRECTION('',(-0.957826285221,-9.570607158983E-17,
    0.287347885566));
#10300 = ADVANCED_FACE('',(#10301),#10312,.F.);
#10301 = FACE_BOUND('',#10302,.F.);
#10302 = EDGE_LOOP('',(#10303,#10304,#10305,#10306));
#10303 = ORIENTED_EDGE('',*,*,#9197,.F.);
#10304 = ORIENTED_EDGE('',*,*,#10272,.T.);
#10305 = ORIENTED_EDGE('',*,*,#9030,.T.);
#10306 = ORIENTED_EDGE('',*,*,#10307,.F.);
#10307 = EDGE_CURVE('',#9189,#9022,#10308,.T.);
#10308 = LINE('',#10309,#10310);
#10309 = CARTESIAN_POINT('',(-0.15,-0.35,1.21));
#10310 = VECTOR('',#10311,1.);
#10311 = DIRECTION('',(0.,1.,3.330669073875E-16));
#10312 = PLANE('',#10313);
#10313 = AXIS2_PLACEMENT_3D('',#10314,#10315,#10316);
#10314 = CARTESIAN_POINT('',(-0.15,-0.35,-0.5));
#10315 = DIRECTION('',(1.,0.,0.));
#10316 = DIRECTION('',(0.,-5.551115123126E-16,1.));
#10317 = ADVANCED_FACE('',(#10318),#10329,.T.);
#10318 = FACE_BOUND('',#10319,.T.);
#10319 = EDGE_LOOP('',(#10320,#10321,#10322,#10323));
#10320 = ORIENTED_EDGE('',*,*,#9096,.F.);
#10321 = ORIENTED_EDGE('',*,*,#10289,.T.);
#10322 = ORIENTED_EDGE('',*,*,#8922,.T.);
#10323 = ORIENTED_EDGE('',*,*,#10324,.F.);
#10324 = EDGE_CURVE('',#9097,#8923,#10325,.T.);
#10325 = LINE('',#10326,#10327);
#10326 = CARTESIAN_POINT('',(-0.162230377286,-0.35,-2.459232075714));
#10327 = VECTOR('',#10328,1.);
#10328 = DIRECTION('',(0.,1.,3.330669073875E-16));
#10329 = PLANE('',#10330);
#10330 = AXIS2_PLACEMENT_3D('',#10331,#10332,#10333);
#10331 = CARTESIAN_POINT('',(-0.45,-0.35,-1.5));
#10332 = DIRECTION('',(-0.957826285221,9.570607158995E-17,
    -0.287347885566));
#10333 = DIRECTION('',(0.287347885566,5.31700397722E-16,-0.957826285221)
  );
#10334 = ADVANCED_FACE('',(#10335),#10341,.T.);
#10335 = FACE_BOUND('',#10336,.T.);
#10336 = EDGE_LOOP('',(#10337,#10338,#10339,#10340));
#10337 = ORIENTED_EDGE('',*,*,#9188,.T.);
#10338 = ORIENTED_EDGE('',*,*,#9061,.T.);
#10339 = ORIENTED_EDGE('',*,*,#9021,.F.);
#10340 = ORIENTED_EDGE('',*,*,#10307,.F.);
#10341 = CYLINDRICAL_SURFACE('',#10342,0.29);
#10342 = AXIS2_PLACEMENT_3D('',#10343,#10344,#10345);
#10343 = CARTESIAN_POINT('',(0.14,-0.35,1.21));
#10344 = DIRECTION('',(0.,1.,3.330669073875E-16));
#10345 = DIRECTION('',(-1.,0.,0.));
#10346 = ADVANCED_FACE('',(#10347),#10358,.F.);
#10347 = FACE_BOUND('',#10348,.F.);
#10348 = EDGE_LOOP('',(#10349,#10355,#10356,#10357));
#10349 = ORIENTED_EDGE('',*,*,#10350,.T.);
#10350 = EDGE_CURVE('',#9105,#8931,#10351,.T.);
#10351 = LINE('',#10352,#10353);
#10352 = CARTESIAN_POINT('',(-0.15,-0.35,-2.542562962528));
#10353 = VECTOR('',#10354,1.);
#10354 = DIRECTION('',(0.,1.,3.330669073875E-16));
#10355 = ORIENTED_EDGE('',*,*,#8930,.T.);
#10356 = ORIENTED_EDGE('',*,*,#10324,.F.);
#10357 = ORIENTED_EDGE('',*,*,#9104,.F.);
#10358 = CYLINDRICAL_SURFACE('',#10359,0.29);
#10359 = AXIS2_PLACEMENT_3D('',#10360,#10361,#10362);
#10360 = CARTESIAN_POINT('',(-0.44,-0.35,-2.542562962528));
#10361 = DIRECTION('',(0.,1.,3.330669073875E-16));
#10362 = DIRECTION('',(1.,0.,-0.));
#10363 = ADVANCED_FACE('',(#10364),#10375,.F.);
#10364 = FACE_BOUND('',#10365,.F.);
#10365 = EDGE_LOOP('',(#10366,#10367,#10373,#10374));
#10366 = ORIENTED_EDGE('',*,*,#9113,.F.);
#10367 = ORIENTED_EDGE('',*,*,#10368,.T.);
#10368 = EDGE_CURVE('',#9114,#8940,#10369,.T.);
#10369 = LINE('',#10370,#10371);
#10370 = CARTESIAN_POINT('',(-0.15,-0.35,-3.5));
#10371 = VECTOR('',#10372,1.);
#10372 = DIRECTION('',(0.,1.,3.330669073875E-16));
#10373 = ORIENTED_EDGE('',*,*,#8939,.T.);
#10374 = ORIENTED_EDGE('',*,*,#10350,.F.);
#10375 = PLANE('',#10376);
#10376 = AXIS2_PLACEMENT_3D('',#10377,#10378,#10379);
#10377 = CARTESIAN_POINT('',(-0.15,-0.35,-3.5));
#10378 = DIRECTION('',(1.,0.,0.));
#10379 = DIRECTION('',(0.,-5.551115123126E-16,1.));
#10380 = ADVANCED_FACE('',(#10381),#10392,.F.);
#10381 = FACE_BOUND('',#10382,.F.);
#10382 = EDGE_LOOP('',(#10383,#10389,#10390,#10391));
#10383 = ORIENTED_EDGE('',*,*,#10384,.T.);
#10384 = EDGE_CURVE('',#9122,#8948,#10385,.T.);
#10385 = LINE('',#10386,#10387);
#10386 = CARTESIAN_POINT('',(0.15,-0.35,-3.5));
#10387 = VECTOR('',#10388,1.);
#10388 = DIRECTION('',(0.,1.,3.330669073875E-16));
#10389 = ORIENTED_EDGE('',*,*,#8947,.T.);
#10390 = ORIENTED_EDGE('',*,*,#10368,.F.);
#10391 = ORIENTED_EDGE('',*,*,#9121,.F.);
#10392 = PLANE('',#10393);
#10393 = AXIS2_PLACEMENT_3D('',#10394,#10395,#10396);
#10394 = CARTESIAN_POINT('',(0.15,-0.35,-3.5));
#10395 = DIRECTION('',(0.,-3.330669073875E-16,1.));
#10396 = DIRECTION('',(-1.,0.,0.));
#10397 = ADVANCED_FACE('',(#10398),#10409,.F.);
#10398 = FACE_BOUND('',#10399,.F.);
#10399 = EDGE_LOOP('',(#10400,#10401,#10407,#10408));
#10400 = ORIENTED_EDGE('',*,*,#9129,.F.);
#10401 = ORIENTED_EDGE('',*,*,#10402,.T.);
#10402 = EDGE_CURVE('',#9130,#8956,#10403,.T.);
#10403 = LINE('',#10404,#10405);
#10404 = CARTESIAN_POINT('',(0.15,-0.35,-2.542562962528));
#10405 = VECTOR('',#10406,1.);
#10406 = DIRECTION('',(0.,1.,3.330669073875E-16));
#10407 = ORIENTED_EDGE('',*,*,#8955,.T.);
#10408 = ORIENTED_EDGE('',*,*,#10384,.F.);
#10409 = PLANE('',#10410);
#10410 = AXIS2_PLACEMENT_3D('',#10411,#10412,#10413);
#10411 = CARTESIAN_POINT('',(0.15,-0.35,-2.5));
#10412 = DIRECTION('',(-1.,0.,-0.));
#10413 = DIRECTION('',(0.,5.551115123126E-16,-1.));
#10414 = ADVANCED_FACE('',(#10415),#10426,.T.);
#10415 = FACE_BOUND('',#10416,.T.);
#10416 = EDGE_LOOP('',(#10417,#10418,#10424,#10425));
#10417 = ORIENTED_EDGE('',*,*,#9171,.T.);
#10418 = ORIENTED_EDGE('',*,*,#10419,.T.);
#10419 = EDGE_CURVE('',#9164,#8990,#10420,.T.);
#10420 = LINE('',#10421,#10422);
#10421 = CARTESIAN_POINT('',(0.137769622714,-0.35,-0.540767924286));
#10422 = VECTOR('',#10423,1.);
#10423 = DIRECTION('',(0.,1.,3.330669073875E-16));
#10424 = ORIENTED_EDGE('',*,*,#8997,.F.);
#10425 = ORIENTED_EDGE('',*,*,#10217,.F.);
#10426 = CYLINDRICAL_SURFACE('',#10427,0.29);
#10427 = AXIS2_PLACEMENT_3D('',#10428,#10429,#10430);
#10428 = CARTESIAN_POINT('',(-0.14,-0.35,-0.457437037472));
#10429 = DIRECTION('',(0.,1.,3.330669073875E-16));
#10430 = DIRECTION('',(1.,0.,-0.));
#10431 = ADVANCED_FACE('',(#10432),#10443,.T.);
#10432 = FACE_BOUND('',#10433,.T.);
#10433 = EDGE_LOOP('',(#10434,#10435,#10436,#10437));
#10434 = ORIENTED_EDGE('',*,*,#9137,.T.);
#10435 = ORIENTED_EDGE('',*,*,#10402,.T.);
#10436 = ORIENTED_EDGE('',*,*,#8963,.F.);
#10437 = ORIENTED_EDGE('',*,*,#10438,.F.);
#10438 = EDGE_CURVE('',#9138,#8964,#10439,.T.);
#10439 = LINE('',#10440,#10441);
#10440 = CARTESIAN_POINT('',(0.137769622714,-0.35,-2.459232075714));
#10441 = VECTOR('',#10442,1.);
#10442 = DIRECTION('',(0.,1.,3.330669073875E-16));
#10443 = CYLINDRICAL_SURFACE('',#10444,0.29);
#10444 = AXIS2_PLACEMENT_3D('',#10445,#10446,#10447);
#10445 = CARTESIAN_POINT('',(-0.14,-0.35,-2.542562962528));
#10446 = DIRECTION('',(0.,1.,3.330669073875E-16));
#10447 = DIRECTION('',(0.957826285221,-9.570607158983E-17,0.287347885566
    ));
#10448 = ADVANCED_FACE('',(#10449),#10460,.T.);
#10449 = FACE_BOUND('',#10450,.T.);
#10450 = EDGE_LOOP('',(#10451,#10452,#10458,#10459));
#10451 = ORIENTED_EDGE('',*,*,#9163,.F.);
#10452 = ORIENTED_EDGE('',*,*,#10453,.T.);
#10453 = EDGE_CURVE('',#9155,#8981,#10454,.T.);
#10454 = LINE('',#10455,#10456);
#10455 = CARTESIAN_POINT('',(-0.125000733956,-0.35,-1.416669113186));
#10456 = VECTOR('',#10457,1.);
#10457 = DIRECTION('',(0.,1.,3.330669073875E-16));
#10458 = ORIENTED_EDGE('',*,*,#8989,.T.);
#10459 = ORIENTED_EDGE('',*,*,#10419,.F.);
#10460 = PLANE('',#10461);
#10461 = AXIS2_PLACEMENT_3D('',#10462,#10463,#10464);
#10462 = CARTESIAN_POINT('',(-0.15,-0.35,-1.5));
#10463 = DIRECTION('',(0.957826285221,9.570607158995E-17,-0.287347885566
    ));
#10464 = DIRECTION('',(0.287347885566,-5.31700397722E-16,0.957826285221)
  );
#10465 = ADVANCED_FACE('',(#10466),#10477,.T.);
#10466 = FACE_BOUND('',#10467,.T.);
#10467 = EDGE_LOOP('',(#10468,#10469,#10470,#10471));
#10468 = ORIENTED_EDGE('',*,*,#9146,.F.);
#10469 = ORIENTED_EDGE('',*,*,#10438,.T.);
#10470 = ORIENTED_EDGE('',*,*,#8972,.T.);
#10471 = ORIENTED_EDGE('',*,*,#10472,.F.);
#10472 = EDGE_CURVE('',#9147,#8973,#10473,.T.);
#10473 = LINE('',#10474,#10475);
#10474 = CARTESIAN_POINT('',(-0.125000733956,-0.35,-1.583330886814));
#10475 = VECTOR('',#10476,1.);
#10476 = DIRECTION('',(0.,1.,3.330669073875E-16));
#10477 = PLANE('',#10478);
#10478 = AXIS2_PLACEMENT_3D('',#10479,#10480,#10481);
#10479 = CARTESIAN_POINT('',(0.15,-0.35,-2.5));
#10480 = DIRECTION('',(0.957826285221,-9.570607158995E-17,0.287347885566
    ));
#10481 = DIRECTION('',(-0.287347885566,-5.31700397722E-16,0.957826285221
    ));
#10482 = ADVANCED_FACE('',(#10483),#10489,.F.);
#10483 = FACE_BOUND('',#10484,.F.);
#10484 = EDGE_LOOP('',(#10485,#10486,#10487,#10488));
#10485 = ORIENTED_EDGE('',*,*,#10453,.T.);
#10486 = ORIENTED_EDGE('',*,*,#8980,.T.);
#10487 = ORIENTED_EDGE('',*,*,#10472,.F.);
#10488 = ORIENTED_EDGE('',*,*,#9154,.F.);
#10489 = CYLINDRICAL_SURFACE('',#10490,0.29);
#10490 = AXIS2_PLACEMENT_3D('',#10491,#10492,#10493);
#10491 = CARTESIAN_POINT('',(0.152768888758,-0.35,-1.5));
#10492 = DIRECTION('',(0.,1.,3.330669073875E-16));
#10493 = DIRECTION('',(-0.957826285221,-9.570607158983E-17,
    0.287347885566));
#10494 = ADVANCED_FACE('',(#10495),#10511,.T.);
#10495 = FACE_BOUND('',#10496,.T.);
#10496 = EDGE_LOOP('',(#10497,#10498,#10504,#10505));
#10497 = ORIENTED_EDGE('',*,*,#9220,.F.);
#10498 = ORIENTED_EDGE('',*,*,#10499,.T.);
#10499 = EDGE_CURVE('',#9221,#9371,#10500,.T.);
#10500 = LINE('',#10501,#10502);
#10501 = CARTESIAN_POINT('',(-0.162230377286,-4.85,-0.540767924286));
#10502 = VECTOR('',#10503,1.);
#10503 = DIRECTION('',(0.,1.,3.330669073875E-16));
#10504 = ORIENTED_EDGE('',*,*,#9370,.T.);
#10505 = ORIENTED_EDGE('',*,*,#10506,.F.);
#10506 = EDGE_CURVE('',#9223,#9373,#10507,.T.);
#10507 = LINE('',#10508,#10509);
#10508 = CARTESIAN_POINT('',(-0.425000733956,-4.85,-1.416669113186));
#10509 = VECTOR('',#10510,1.);
#10510 = DIRECTION('',(0.,1.,3.330669073875E-16));
#10511 = PLANE('',#10512);
#10512 = AXIS2_PLACEMENT_3D('',#10513,#10514,#10515);
#10513 = CARTESIAN_POINT('',(-0.15,-4.85,-0.5));
#10514 = DIRECTION('',(-0.957826285221,-9.570607158995E-17,
    0.287347885566));
#10515 = DIRECTION('',(-0.287347885566,5.31700397722E-16,-0.957826285221
    ));
#10516 = ADVANCED_FACE('',(#10517),#10528,.F.);
#10517 = FACE_BOUND('',#10518,.F.);
#10518 = EDGE_LOOP('',(#10519,#10520,#10521,#10527));
#10519 = ORIENTED_EDGE('',*,*,#10499,.T.);
#10520 = ORIENTED_EDGE('',*,*,#9505,.T.);
#10521 = ORIENTED_EDGE('',*,*,#10522,.F.);
#10522 = EDGE_CURVE('',#9348,#9498,#10523,.T.);
#10523 = LINE('',#10524,#10525);
#10524 = CARTESIAN_POINT('',(-0.15,-4.85,-0.457437037472));
#10525 = VECTOR('',#10526,1.);
#10526 = DIRECTION('',(0.,1.,3.330669073875E-16));
#10527 = ORIENTED_EDGE('',*,*,#9355,.F.);
#10528 = CYLINDRICAL_SURFACE('',#10529,0.29);
#10529 = AXIS2_PLACEMENT_3D('',#10530,#10531,#10532);
#10530 = CARTESIAN_POINT('',(-0.44,-4.85,-0.457437037472));
#10531 = DIRECTION('',(0.,1.,3.330669073875E-16));
#10532 = DIRECTION('',(0.957826285221,9.570607158983E-17,-0.287347885566
    ));
#10533 = ADVANCED_FACE('',(#10534),#10545,.T.);
#10534 = FACE_BOUND('',#10535,.T.);
#10535 = EDGE_LOOP('',(#10536,#10537,#10538,#10544));
#10536 = ORIENTED_EDGE('',*,*,#10506,.T.);
#10537 = ORIENTED_EDGE('',*,*,#9380,.T.);
#10538 = ORIENTED_EDGE('',*,*,#10539,.F.);
#10539 = EDGE_CURVE('',#9231,#9381,#10540,.T.);
#10540 = LINE('',#10541,#10542);
#10541 = CARTESIAN_POINT('',(-0.425000733956,-4.85,-1.583330886814));
#10542 = VECTOR('',#10543,1.);
#10543 = DIRECTION('',(0.,1.,3.330669073875E-16));
#10544 = ORIENTED_EDGE('',*,*,#9230,.F.);
#10545 = CYLINDRICAL_SURFACE('',#10546,0.29);
#10546 = AXIS2_PLACEMENT_3D('',#10547,#10548,#10549);
#10547 = CARTESIAN_POINT('',(-0.147231111242,-4.85,-1.5));
#10548 = DIRECTION('',(0.,1.,3.330669073875E-16));
#10549 = DIRECTION('',(-0.957826285221,-9.570607158983E-17,
    0.287347885566));
#10550 = ADVANCED_FACE('',(#10551),#10562,.F.);
#10551 = FACE_BOUND('',#10552,.F.);
#10552 = EDGE_LOOP('',(#10553,#10554,#10555,#10556));
#10553 = ORIENTED_EDGE('',*,*,#9347,.F.);
#10554 = ORIENTED_EDGE('',*,*,#10522,.T.);
#10555 = ORIENTED_EDGE('',*,*,#9497,.T.);
#10556 = ORIENTED_EDGE('',*,*,#10557,.F.);
#10557 = EDGE_CURVE('',#9339,#9489,#10558,.T.);
#10558 = LINE('',#10559,#10560);
#10559 = CARTESIAN_POINT('',(-0.15,-4.85,1.21));
#10560 = VECTOR('',#10561,1.);
#10561 = DIRECTION('',(0.,1.,3.330669073875E-16));
#10562 = PLANE('',#10563);
#10563 = AXIS2_PLACEMENT_3D('',#10564,#10565,#10566);
#10564 = CARTESIAN_POINT('',(-0.15,-4.85,-0.5));
#10565 = DIRECTION('',(1.,0.,0.));
#10566 = DIRECTION('',(0.,-5.551115123126E-16,1.));
#10567 = ADVANCED_FACE('',(#10568),#10579,.T.);
#10568 = FACE_BOUND('',#10569,.T.);
#10569 = EDGE_LOOP('',(#10570,#10571,#10572,#10573));
#10570 = ORIENTED_EDGE('',*,*,#9239,.F.);
#10571 = ORIENTED_EDGE('',*,*,#10539,.T.);
#10572 = ORIENTED_EDGE('',*,*,#9389,.T.);
#10573 = ORIENTED_EDGE('',*,*,#10574,.F.);
#10574 = EDGE_CURVE('',#9240,#9390,#10575,.T.);
#10575 = LINE('',#10576,#10577);
#10576 = CARTESIAN_POINT('',(-0.162230377286,-4.85,-2.459232075714));
#10577 = VECTOR('',#10578,1.);
#10578 = DIRECTION('',(0.,1.,3.330669073875E-16));
#10579 = PLANE('',#10580);
#10580 = AXIS2_PLACEMENT_3D('',#10581,#10582,#10583);
#10581 = CARTESIAN_POINT('',(-0.45,-4.85,-1.5));
#10582 = DIRECTION('',(-0.957826285221,9.570607158995E-17,
    -0.287347885566));
#10583 = DIRECTION('',(0.287347885566,5.31700397722E-16,-0.957826285221)
  );
#10584 = ADVANCED_FACE('',(#10585),#10591,.T.);
#10585 = FACE_BOUND('',#10586,.T.);
#10586 = EDGE_LOOP('',(#10587,#10588,#10589,#10590));
#10587 = ORIENTED_EDGE('',*,*,#9338,.T.);
#10588 = ORIENTED_EDGE('',*,*,#9521,.T.);
#10589 = ORIENTED_EDGE('',*,*,#9488,.F.);
#10590 = ORIENTED_EDGE('',*,*,#10557,.F.);
#10591 = CYLINDRICAL_SURFACE('',#10592,0.29);
#10592 = AXIS2_PLACEMENT_3D('',#10593,#10594,#10595);
#10593 = CARTESIAN_POINT('',(0.14,-4.85,1.21));
#10594 = DIRECTION('',(0.,1.,3.330669073875E-16));
#10595 = DIRECTION('',(-1.,0.,0.));
#10596 = ADVANCED_FACE('',(#10597),#10608,.F.);
#10597 = FACE_BOUND('',#10598,.F.);
#10598 = EDGE_LOOP('',(#10599,#10605,#10606,#10607));
#10599 = ORIENTED_EDGE('',*,*,#10600,.T.);
#10600 = EDGE_CURVE('',#9248,#9398,#10601,.T.);
#10601 = LINE('',#10602,#10603);
#10602 = CARTESIAN_POINT('',(-0.15,-4.85,-2.542562962528));
#10603 = VECTOR('',#10604,1.);
#10604 = DIRECTION('',(0.,1.,3.330669073875E-16));
#10605 = ORIENTED_EDGE('',*,*,#9397,.T.);
#10606 = ORIENTED_EDGE('',*,*,#10574,.F.);
#10607 = ORIENTED_EDGE('',*,*,#9247,.F.);
#10608 = CYLINDRICAL_SURFACE('',#10609,0.29);
#10609 = AXIS2_PLACEMENT_3D('',#10610,#10611,#10612);
#10610 = CARTESIAN_POINT('',(-0.44,-4.85,-2.542562962528));
#10611 = DIRECTION('',(0.,1.,3.330669073875E-16));
#10612 = DIRECTION('',(1.,0.,-0.));
#10613 = ADVANCED_FACE('',(#10614),#10625,.F.);
#10614 = FACE_BOUND('',#10615,.F.);
#10615 = EDGE_LOOP('',(#10616,#10617,#10623,#10624));
#10616 = ORIENTED_EDGE('',*,*,#9256,.F.);
#10617 = ORIENTED_EDGE('',*,*,#10618,.T.);
#10618 = EDGE_CURVE('',#9257,#9407,#10619,.T.);
#10619 = LINE('',#10620,#10621);
#10620 = CARTESIAN_POINT('',(-0.15,-4.85,-3.5));
#10621 = VECTOR('',#10622,1.);
#10622 = DIRECTION('',(0.,1.,3.330669073875E-16));
#10623 = ORIENTED_EDGE('',*,*,#9406,.T.);
#10624 = ORIENTED_EDGE('',*,*,#10600,.F.);
#10625 = PLANE('',#10626);
#10626 = AXIS2_PLACEMENT_3D('',#10627,#10628,#10629);
#10627 = CARTESIAN_POINT('',(-0.15,-4.85,-3.5));
#10628 = DIRECTION('',(1.,0.,0.));
#10629 = DIRECTION('',(0.,-5.551115123126E-16,1.));
#10630 = ADVANCED_FACE('',(#10631),#10642,.F.);
#10631 = FACE_BOUND('',#10632,.F.);
#10632 = EDGE_LOOP('',(#10633,#10639,#10640,#10641));
#10633 = ORIENTED_EDGE('',*,*,#10634,.T.);
#10634 = EDGE_CURVE('',#9265,#9415,#10635,.T.);
#10635 = LINE('',#10636,#10637);
#10636 = CARTESIAN_POINT('',(0.15,-4.85,-3.5));
#10637 = VECTOR('',#10638,1.);
#10638 = DIRECTION('',(0.,1.,3.330669073875E-16));
#10639 = ORIENTED_EDGE('',*,*,#9414,.T.);
#10640 = ORIENTED_EDGE('',*,*,#10618,.F.);
#10641 = ORIENTED_EDGE('',*,*,#9264,.F.);
#10642 = PLANE('',#10643);
#10643 = AXIS2_PLACEMENT_3D('',#10644,#10645,#10646);
#10644 = CARTESIAN_POINT('',(0.15,-4.85,-3.5));
#10645 = DIRECTION('',(0.,-3.330669073875E-16,1.));
#10646 = DIRECTION('',(-1.,0.,0.));
#10647 = ADVANCED_FACE('',(#10648),#10659,.F.);
#10648 = FACE_BOUND('',#10649,.F.);
#10649 = EDGE_LOOP('',(#10650,#10651,#10657,#10658));
#10650 = ORIENTED_EDGE('',*,*,#9272,.F.);
#10651 = ORIENTED_EDGE('',*,*,#10652,.T.);
#10652 = EDGE_CURVE('',#9273,#9423,#10653,.T.);
#10653 = LINE('',#10654,#10655);
#10654 = CARTESIAN_POINT('',(0.15,-4.85,-2.542562962528));
#10655 = VECTOR('',#10656,1.);
#10656 = DIRECTION('',(0.,1.,3.330669073875E-16));
#10657 = ORIENTED_EDGE('',*,*,#9422,.T.);
#10658 = ORIENTED_EDGE('',*,*,#10634,.F.);
#10659 = PLANE('',#10660);
#10660 = AXIS2_PLACEMENT_3D('',#10661,#10662,#10663);
#10661 = CARTESIAN_POINT('',(0.15,-4.85,-2.5));
#10662 = DIRECTION('',(-1.,0.,-0.));
#10663 = DIRECTION('',(0.,5.551115123126E-16,-1.));
#10664 = ADVANCED_FACE('',(#10665),#10676,.T.);
#10665 = FACE_BOUND('',#10666,.T.);
#10666 = EDGE_LOOP('',(#10667,#10668,#10674,#10675));
#10667 = ORIENTED_EDGE('',*,*,#9314,.T.);
#10668 = ORIENTED_EDGE('',*,*,#10669,.T.);
#10669 = EDGE_CURVE('',#9307,#9457,#10670,.T.);
#10670 = LINE('',#10671,#10672);
#10671 = CARTESIAN_POINT('',(0.137769622714,-4.85,-0.540767924286));
#10672 = VECTOR('',#10673,1.);
#10673 = DIRECTION('',(0.,1.,3.330669073875E-16));
#10674 = ORIENTED_EDGE('',*,*,#9464,.F.);
#10675 = ORIENTED_EDGE('',*,*,#10183,.F.);
#10676 = CYLINDRICAL_SURFACE('',#10677,0.29);
#10677 = AXIS2_PLACEMENT_3D('',#10678,#10679,#10680);
#10678 = CARTESIAN_POINT('',(-0.14,-4.85,-0.457437037472));
#10679 = DIRECTION('',(0.,1.,3.330669073875E-16));
#10680 = DIRECTION('',(1.,0.,-0.));
#10681 = ADVANCED_FACE('',(#10682),#10693,.T.);
#10682 = FACE_BOUND('',#10683,.T.);
#10683 = EDGE_LOOP('',(#10684,#10685,#10686,#10687));
#10684 = ORIENTED_EDGE('',*,*,#9280,.T.);
#10685 = ORIENTED_EDGE('',*,*,#10652,.T.);
#10686 = ORIENTED_EDGE('',*,*,#9430,.F.);
#10687 = ORIENTED_EDGE('',*,*,#10688,.F.);
#10688 = EDGE_CURVE('',#9281,#9431,#10689,.T.);
#10689 = LINE('',#10690,#10691);
#10690 = CARTESIAN_POINT('',(0.137769622714,-4.85,-2.459232075714));
#10691 = VECTOR('',#10692,1.);
#10692 = DIRECTION('',(0.,1.,3.330669073875E-16));
#10693 = CYLINDRICAL_SURFACE('',#10694,0.29);
#10694 = AXIS2_PLACEMENT_3D('',#10695,#10696,#10697);
#10695 = CARTESIAN_POINT('',(-0.14,-4.85,-2.542562962528));
#10696 = DIRECTION('',(0.,1.,3.330669073875E-16));
#10697 = DIRECTION('',(0.957826285221,-9.570607158983E-17,0.287347885566
    ));
#10698 = ADVANCED_FACE('',(#10699),#10710,.T.);
#10699 = FACE_BOUND('',#10700,.T.);
#10700 = EDGE_LOOP('',(#10701,#10702,#10708,#10709));
#10701 = ORIENTED_EDGE('',*,*,#9306,.F.);
#10702 = ORIENTED_EDGE('',*,*,#10703,.T.);
#10703 = EDGE_CURVE('',#9298,#9448,#10704,.T.);
#10704 = LINE('',#10705,#10706);
#10705 = CARTESIAN_POINT('',(-0.125000733956,-4.85,-1.416669113186));
#10706 = VECTOR('',#10707,1.);
#10707 = DIRECTION('',(0.,1.,3.330669073875E-16));
#10708 = ORIENTED_EDGE('',*,*,#9456,.T.);
#10709 = ORIENTED_EDGE('',*,*,#10669,.F.);
#10710 = PLANE('',#10711);
#10711 = AXIS2_PLACEMENT_3D('',#10712,#10713,#10714);
#10712 = CARTESIAN_POINT('',(-0.15,-4.85,-1.5));
#10713 = DIRECTION('',(0.957826285221,9.570607158995E-17,-0.287347885566
    ));
#10714 = DIRECTION('',(0.287347885566,-5.31700397722E-16,0.957826285221)
  );
#10715 = ADVANCED_FACE('',(#10716),#10727,.T.);
#10716 = FACE_BOUND('',#10717,.T.);
#10717 = EDGE_LOOP('',(#10718,#10719,#10720,#10721));
#10718 = ORIENTED_EDGE('',*,*,#9289,.F.);
#10719 = ORIENTED_EDGE('',*,*,#10688,.T.);
#10720 = ORIENTED_EDGE('',*,*,#9439,.T.);
#10721 = ORIENTED_EDGE('',*,*,#10722,.F.);
#10722 = EDGE_CURVE('',#9290,#9440,#10723,.T.);
#10723 = LINE('',#10724,#10725);
#10724 = CARTESIAN_POINT('',(-0.125000733956,-4.85,-1.583330886814));
#10725 = VECTOR('',#10726,1.);
#10726 = DIRECTION('',(0.,1.,3.330669073875E-16));
#10727 = PLANE('',#10728);
#10728 = AXIS2_PLACEMENT_3D('',#10729,#10730,#10731);
#10729 = CARTESIAN_POINT('',(0.15,-4.85,-2.5));
#10730 = DIRECTION('',(0.957826285221,-9.570607158995E-17,0.287347885566
    ));
#10731 = DIRECTION('',(-0.287347885566,-5.31700397722E-16,0.957826285221
    ));
#10732 = ADVANCED_FACE('',(#10733),#10739,.F.);
#10733 = FACE_BOUND('',#10734,.F.);
#10734 = EDGE_LOOP('',(#10735,#10736,#10737,#10738));
#10735 = ORIENTED_EDGE('',*,*,#10703,.T.);
#10736 = ORIENTED_EDGE('',*,*,#9447,.T.);
#10737 = ORIENTED_EDGE('',*,*,#10722,.F.);
#10738 = ORIENTED_EDGE('',*,*,#9297,.F.);
#10739 = CYLINDRICAL_SURFACE('',#10740,0.29);
#10740 = AXIS2_PLACEMENT_3D('',#10741,#10742,#10743);
#10741 = CARTESIAN_POINT('',(0.152768888758,-4.85,-1.5));
#10742 = DIRECTION('',(0.,1.,3.330669073875E-16));
#10743 = DIRECTION('',(-0.957826285221,-9.570607158983E-17,
    0.287347885566));
#10744 = ADVANCED_FACE('',(#10745),#10761,.F.);
#10745 = FACE_BOUND('',#10746,.F.);
#10746 = EDGE_LOOP('',(#10747,#10748,#10754,#10755));
#10747 = ORIENTED_EDGE('',*,*,#9537,.F.);
#10748 = ORIENTED_EDGE('',*,*,#10749,.T.);
#10749 = EDGE_CURVE('',#9538,#9712,#10750,.T.);
#10750 = LINE('',#10751,#10752);
#10751 = CARTESIAN_POINT('',(6.462230377286,-4.85,-0.540767924286));
#10752 = VECTOR('',#10753,1.);
#10753 = DIRECTION('',(0.,1.,3.330669073875E-16));
#10754 = ORIENTED_EDGE('',*,*,#9711,.T.);
#10755 = ORIENTED_EDGE('',*,*,#10756,.F.);
#10756 = EDGE_CURVE('',#9540,#9714,#10757,.T.);
#10757 = LINE('',#10758,#10759);
#10758 = CARTESIAN_POINT('',(6.725000733956,-4.85,-1.416669113186));
#10759 = VECTOR('',#10760,1.);
#10760 = DIRECTION('',(0.,1.,3.330669073875E-16));
#10761 = PLANE('',#10762);
#10762 = AXIS2_PLACEMENT_3D('',#10763,#10764,#10765);
#10763 = CARTESIAN_POINT('',(6.45,-4.85,-0.5));
#10764 = DIRECTION('',(-0.957826285221,9.570607158995E-17,
    -0.287347885566));
#10765 = DIRECTION('',(0.287347885566,5.31700397722E-16,-0.957826285221)
  );
#10766 = ADVANCED_FACE('',(#10767),#10778,.F.);
#10767 = FACE_BOUND('',#10768,.F.);
#10768 = EDGE_LOOP('',(#10769,#10770,#10776,#10777));
#10769 = ORIENTED_EDGE('',*,*,#9672,.T.);
#10770 = ORIENTED_EDGE('',*,*,#10771,.T.);
#10771 = EDGE_CURVE('',#9665,#9832,#10772,.T.);
#10772 = LINE('',#10773,#10774);
#10773 = CARTESIAN_POINT('',(6.45,-4.85,-0.457437037472));
#10774 = VECTOR('',#10775,1.);
#10775 = DIRECTION('',(0.,1.,3.330669073875E-16));
#10776 = ORIENTED_EDGE('',*,*,#9839,.F.);
#10777 = ORIENTED_EDGE('',*,*,#10749,.F.);
#10778 = CYLINDRICAL_SURFACE('',#10779,0.29);
#10779 = AXIS2_PLACEMENT_3D('',#10780,#10781,#10782);
#10780 = CARTESIAN_POINT('',(6.74,-4.85,-0.457437037472));
#10781 = DIRECTION('',(0.,1.,3.330669073875E-16));
#10782 = DIRECTION('',(-0.957826285221,9.570607158983E-17,
    -0.287347885566));
#10783 = ADVANCED_FACE('',(#10784),#10795,.T.);
#10784 = FACE_BOUND('',#10785,.T.);
#10785 = EDGE_LOOP('',(#10786,#10787,#10793,#10794));
#10786 = ORIENTED_EDGE('',*,*,#9547,.T.);
#10787 = ORIENTED_EDGE('',*,*,#10788,.T.);
#10788 = EDGE_CURVE('',#9548,#9722,#10789,.T.);
#10789 = LINE('',#10790,#10791);
#10790 = CARTESIAN_POINT('',(6.725000733956,-4.85,-1.583330886814));
#10791 = VECTOR('',#10792,1.);
#10792 = DIRECTION('',(0.,1.,3.330669073875E-16));
#10793 = ORIENTED_EDGE('',*,*,#9721,.F.);
#10794 = ORIENTED_EDGE('',*,*,#10756,.F.);
#10795 = CYLINDRICAL_SURFACE('',#10796,0.29);
#10796 = AXIS2_PLACEMENT_3D('',#10797,#10798,#10799);
#10797 = CARTESIAN_POINT('',(6.447231111242,-4.85,-1.5));
#10798 = DIRECTION('',(0.,1.,3.330669073875E-16));
#10799 = DIRECTION('',(0.957826285221,-9.570607158983E-17,0.287347885566
    ));
#10800 = ADVANCED_FACE('',(#10801),#10812,.T.);
#10801 = FACE_BOUND('',#10802,.T.);
#10802 = EDGE_LOOP('',(#10803,#10804,#10805,#10806));
#10803 = ORIENTED_EDGE('',*,*,#9664,.F.);
#10804 = ORIENTED_EDGE('',*,*,#10771,.T.);
#10805 = ORIENTED_EDGE('',*,*,#9831,.T.);
#10806 = ORIENTED_EDGE('',*,*,#10807,.F.);
#10807 = EDGE_CURVE('',#9656,#9823,#10808,.T.);
#10808 = LINE('',#10809,#10810);
#10809 = CARTESIAN_POINT('',(6.45,-4.85,1.21));
#10810 = VECTOR('',#10811,1.);
#10811 = DIRECTION('',(0.,1.,3.330669073875E-16));
#10812 = PLANE('',#10813);
#10813 = AXIS2_PLACEMENT_3D('',#10814,#10815,#10816);
#10814 = CARTESIAN_POINT('',(6.45,-4.85,-0.5));
#10815 = DIRECTION('',(1.,0.,0.));
#10816 = DIRECTION('',(0.,-5.551115123126E-16,1.));
#10817 = ADVANCED_FACE('',(#10818),#10829,.F.);
#10818 = FACE_BOUND('',#10819,.F.);
#10819 = EDGE_LOOP('',(#10820,#10821,#10822,#10823));
#10820 = ORIENTED_EDGE('',*,*,#9556,.F.);
#10821 = ORIENTED_EDGE('',*,*,#10788,.T.);
#10822 = ORIENTED_EDGE('',*,*,#9730,.T.);
#10823 = ORIENTED_EDGE('',*,*,#10824,.F.);
#10824 = EDGE_CURVE('',#9557,#9731,#10825,.T.);
#10825 = LINE('',#10826,#10827);
#10826 = CARTESIAN_POINT('',(6.462230377286,-4.85,-2.459232075714));
#10827 = VECTOR('',#10828,1.);
#10828 = DIRECTION('',(0.,1.,3.330669073875E-16));
#10829 = PLANE('',#10830);
#10830 = AXIS2_PLACEMENT_3D('',#10831,#10832,#10833);
#10831 = CARTESIAN_POINT('',(6.75,-4.85,-1.5));
#10832 = DIRECTION('',(-0.957826285221,-9.570607158995E-17,
    0.287347885566));
#10833 = DIRECTION('',(-0.287347885566,5.31700397722E-16,-0.957826285221
    ));
#10834 = ADVANCED_FACE('',(#10835),#10841,.T.);
#10835 = FACE_BOUND('',#10836,.T.);
#10836 = EDGE_LOOP('',(#10837,#10838,#10839,#10840));
#10837 = ORIENTED_EDGE('',*,*,#10807,.T.);
#10838 = ORIENTED_EDGE('',*,*,#9822,.T.);
#10839 = ORIENTED_EDGE('',*,*,#9688,.F.);
#10840 = ORIENTED_EDGE('',*,*,#9655,.F.);
#10841 = CYLINDRICAL_SURFACE('',#10842,0.29);
#10842 = AXIS2_PLACEMENT_3D('',#10843,#10844,#10845);
#10843 = CARTESIAN_POINT('',(6.16,-4.85,1.21));
#10844 = DIRECTION('',(0.,1.,3.330669073875E-16));
#10845 = DIRECTION('',(1.,0.,-0.));
#10846 = ADVANCED_FACE('',(#10847),#10858,.F.);
#10847 = FACE_BOUND('',#10848,.F.);
#10848 = EDGE_LOOP('',(#10849,#10850,#10851,#10852));
#10849 = ORIENTED_EDGE('',*,*,#9564,.T.);
#10850 = ORIENTED_EDGE('',*,*,#10824,.T.);
#10851 = ORIENTED_EDGE('',*,*,#9738,.F.);
#10852 = ORIENTED_EDGE('',*,*,#10853,.F.);
#10853 = EDGE_CURVE('',#9565,#9739,#10854,.T.);
#10854 = LINE('',#10855,#10856);
#10855 = CARTESIAN_POINT('',(6.45,-4.85,-2.542562962528));
#10856 = VECTOR('',#10857,1.);
#10857 = DIRECTION('',(0.,1.,3.330669073875E-16));
#10858 = CYLINDRICAL_SURFACE('',#10859,0.29);
#10859 = AXIS2_PLACEMENT_3D('',#10860,#10861,#10862);
#10860 = CARTESIAN_POINT('',(6.74,-4.85,-2.542562962528));
#10861 = DIRECTION('',(0.,1.,3.330669073875E-16));
#10862 = DIRECTION('',(-1.,0.,0.));
#10863 = ADVANCED_FACE('',(#10864),#10875,.T.);
#10864 = FACE_BOUND('',#10865,.T.);
#10865 = EDGE_LOOP('',(#10866,#10867,#10873,#10874));
#10866 = ORIENTED_EDGE('',*,*,#9573,.F.);
#10867 = ORIENTED_EDGE('',*,*,#10868,.T.);
#10868 = EDGE_CURVE('',#9574,#9748,#10869,.T.);
#10869 = LINE('',#10870,#10871);
#10870 = CARTESIAN_POINT('',(6.45,-4.85,-3.5));
#10871 = VECTOR('',#10872,1.);
#10872 = DIRECTION('',(0.,1.,3.330669073875E-16));
#10873 = ORIENTED_EDGE('',*,*,#9747,.T.);
#10874 = ORIENTED_EDGE('',*,*,#10853,.F.);
#10875 = PLANE('',#10876);
#10876 = AXIS2_PLACEMENT_3D('',#10877,#10878,#10879);
#10877 = CARTESIAN_POINT('',(6.45,-4.85,-3.5));
#10878 = DIRECTION('',(1.,0.,0.));
#10879 = DIRECTION('',(0.,-5.551115123126E-16,1.));
#10880 = ADVANCED_FACE('',(#10881),#10892,.T.);
#10881 = FACE_BOUND('',#10882,.T.);
#10882 = EDGE_LOOP('',(#10883,#10889,#10890,#10891));
#10883 = ORIENTED_EDGE('',*,*,#10884,.T.);
#10884 = EDGE_CURVE('',#9582,#9756,#10885,.T.);
#10885 = LINE('',#10886,#10887);
#10886 = CARTESIAN_POINT('',(6.15,-4.85,-3.5));
#10887 = VECTOR('',#10888,1.);
#10888 = DIRECTION('',(0.,1.,3.330669073875E-16));
#10889 = ORIENTED_EDGE('',*,*,#9755,.T.);
#10890 = ORIENTED_EDGE('',*,*,#10868,.F.);
#10891 = ORIENTED_EDGE('',*,*,#9581,.F.);
#10892 = PLANE('',#10893);
#10893 = AXIS2_PLACEMENT_3D('',#10894,#10895,#10896);
#10894 = CARTESIAN_POINT('',(6.15,-4.85,-3.5));
#10895 = DIRECTION('',(0.,3.330669073875E-16,-1.));
#10896 = DIRECTION('',(1.,0.,0.));
#10897 = ADVANCED_FACE('',(#10898),#10909,.T.);
#10898 = FACE_BOUND('',#10899,.T.);
#10899 = EDGE_LOOP('',(#10900,#10901,#10907,#10908));
#10900 = ORIENTED_EDGE('',*,*,#9589,.F.);
#10901 = ORIENTED_EDGE('',*,*,#10902,.T.);
#10902 = EDGE_CURVE('',#9590,#9764,#10903,.T.);
#10903 = LINE('',#10904,#10905);
#10904 = CARTESIAN_POINT('',(6.15,-4.85,-2.542562962528));
#10905 = VECTOR('',#10906,1.);
#10906 = DIRECTION('',(0.,1.,3.330669073875E-16));
#10907 = ORIENTED_EDGE('',*,*,#9763,.T.);
#10908 = ORIENTED_EDGE('',*,*,#10884,.F.);
#10909 = PLANE('',#10910);
#10910 = AXIS2_PLACEMENT_3D('',#10911,#10912,#10913);
#10911 = CARTESIAN_POINT('',(6.15,-4.85,-2.5));
#10912 = DIRECTION('',(-1.,0.,-0.));
#10913 = DIRECTION('',(0.,5.551115123126E-16,-1.));
#10914 = ADVANCED_FACE('',(#10915),#10926,.T.);
#10915 = FACE_BOUND('',#10916,.T.);
#10916 = EDGE_LOOP('',(#10917,#10918,#10919,#10925));
#10917 = ORIENTED_EDGE('',*,*,#10200,.T.);
#10918 = ORIENTED_EDGE('',*,*,#9805,.T.);
#10919 = ORIENTED_EDGE('',*,*,#10920,.F.);
#10920 = EDGE_CURVE('',#9624,#9798,#10921,.T.);
#10921 = LINE('',#10922,#10923);
#10922 = CARTESIAN_POINT('',(6.162230377286,-4.85,-0.540767924286));
#10923 = VECTOR('',#10924,1.);
#10924 = DIRECTION('',(0.,1.,3.330669073875E-16));
#10925 = ORIENTED_EDGE('',*,*,#9631,.F.);
#10926 = CYLINDRICAL_SURFACE('',#10927,0.29);
#10927 = AXIS2_PLACEMENT_3D('',#10928,#10929,#10930);
#10928 = CARTESIAN_POINT('',(6.44,-4.85,-0.457437037472));
#10929 = DIRECTION('',(0.,1.,3.330669073875E-16));
#10930 = DIRECTION('',(-1.,0.,0.));
#10931 = ADVANCED_FACE('',(#10932),#10943,.T.);
#10932 = FACE_BOUND('',#10933,.T.);
#10933 = EDGE_LOOP('',(#10934,#10940,#10941,#10942));
#10934 = ORIENTED_EDGE('',*,*,#10935,.T.);
#10935 = EDGE_CURVE('',#9598,#9772,#10936,.T.);
#10936 = LINE('',#10937,#10938);
#10937 = CARTESIAN_POINT('',(6.162230377286,-4.85,-2.459232075714));
#10938 = VECTOR('',#10939,1.);
#10939 = DIRECTION('',(0.,1.,3.330669073875E-16));
#10940 = ORIENTED_EDGE('',*,*,#9771,.T.);
#10941 = ORIENTED_EDGE('',*,*,#10902,.F.);
#10942 = ORIENTED_EDGE('',*,*,#9597,.F.);
#10943 = CYLINDRICAL_SURFACE('',#10944,0.29);
#10944 = AXIS2_PLACEMENT_3D('',#10945,#10946,#10947);
#10945 = CARTESIAN_POINT('',(6.44,-4.85,-2.542562962528));
#10946 = DIRECTION('',(0.,1.,3.330669073875E-16));
#10947 = DIRECTION('',(-0.957826285221,-9.570607158983E-17,
    0.287347885566));
#10948 = ADVANCED_FACE('',(#10949),#10960,.F.);
#10949 = FACE_BOUND('',#10950,.F.);
#10950 = EDGE_LOOP('',(#10951,#10952,#10958,#10959));
#10951 = ORIENTED_EDGE('',*,*,#9623,.F.);
#10952 = ORIENTED_EDGE('',*,*,#10953,.T.);
#10953 = EDGE_CURVE('',#9615,#9789,#10954,.T.);
#10954 = LINE('',#10955,#10956);
#10955 = CARTESIAN_POINT('',(6.425000733956,-4.85,-1.416669113186));
#10956 = VECTOR('',#10957,1.);
#10957 = DIRECTION('',(0.,1.,3.330669073875E-16));
#10958 = ORIENTED_EDGE('',*,*,#9797,.T.);
#10959 = ORIENTED_EDGE('',*,*,#10920,.F.);
#10960 = PLANE('',#10961);
#10961 = AXIS2_PLACEMENT_3D('',#10962,#10963,#10964);
#10962 = CARTESIAN_POINT('',(6.45,-4.85,-1.5));
#10963 = DIRECTION('',(0.957826285221,-9.570607158995E-17,0.287347885566
    ));
#10964 = DIRECTION('',(-0.287347885566,-5.31700397722E-16,0.957826285221
    ));
#10965 = ADVANCED_FACE('',(#10966),#10977,.F.);
#10966 = FACE_BOUND('',#10967,.F.);
#10967 = EDGE_LOOP('',(#10968,#10969,#10970,#10971));
#10968 = ORIENTED_EDGE('',*,*,#9606,.F.);
#10969 = ORIENTED_EDGE('',*,*,#10935,.T.);
#10970 = ORIENTED_EDGE('',*,*,#9780,.T.);
#10971 = ORIENTED_EDGE('',*,*,#10972,.F.);
#10972 = EDGE_CURVE('',#9607,#9781,#10973,.T.);
#10973 = LINE('',#10974,#10975);
#10974 = CARTESIAN_POINT('',(6.425000733956,-4.85,-1.583330886814));
#10975 = VECTOR('',#10976,1.);
#10976 = DIRECTION('',(0.,1.,3.330669073875E-16));
#10977 = PLANE('',#10978);
#10978 = AXIS2_PLACEMENT_3D('',#10979,#10980,#10981);
#10979 = CARTESIAN_POINT('',(6.15,-4.85,-2.5));
#10980 = DIRECTION('',(0.957826285221,9.570607158995E-17,-0.287347885566
    ));
#10981 = DIRECTION('',(0.287347885566,-5.31700397722E-16,0.957826285221)
  );
#10982 = ADVANCED_FACE('',(#10983),#10989,.F.);
#10983 = FACE_BOUND('',#10984,.F.);
#10984 = EDGE_LOOP('',(#10985,#10986,#10987,#10988));
#10985 = ORIENTED_EDGE('',*,*,#9614,.T.);
#10986 = ORIENTED_EDGE('',*,*,#10972,.T.);
#10987 = ORIENTED_EDGE('',*,*,#9788,.F.);
#10988 = ORIENTED_EDGE('',*,*,#10953,.F.);
#10989 = CYLINDRICAL_SURFACE('',#10990,0.29);
#10990 = AXIS2_PLACEMENT_3D('',#10991,#10992,#10993);
#10991 = CARTESIAN_POINT('',(6.147231111242,-4.85,-1.5));
#10992 = DIRECTION('',(0.,1.,3.330669073875E-16));
#10993 = DIRECTION('',(0.957826285221,-9.570607158983E-17,0.287347885566
    ));
#10994 = ADVANCED_FACE('',(#10995),#11011,.F.);
#10995 = FACE_BOUND('',#10996,.F.);
#10996 = EDGE_LOOP('',(#10997,#10998,#11004,#11005));
#10997 = ORIENTED_EDGE('',*,*,#10004,.F.);
#10998 = ORIENTED_EDGE('',*,*,#10999,.T.);
#10999 = EDGE_CURVE('',#10005,#9855,#11000,.T.);
#11000 = LINE('',#11001,#11002);
#11001 = CARTESIAN_POINT('',(6.462230377286,-0.35,-0.540767924286));
#11002 = VECTOR('',#11003,1.);
#11003 = DIRECTION('',(0.,1.,3.330669073875E-16));
#11004 = ORIENTED_EDGE('',*,*,#9854,.T.);
#11005 = ORIENTED_EDGE('',*,*,#11006,.F.);
#11006 = EDGE_CURVE('',#10007,#9857,#11007,.T.);
#11007 = LINE('',#11008,#11009);
#11008 = CARTESIAN_POINT('',(6.725000733956,-0.35,-1.416669113186));
#11009 = VECTOR('',#11010,1.);
#11010 = DIRECTION('',(0.,1.,3.330669073875E-16));
#11011 = PLANE('',#11012);
#11012 = AXIS2_PLACEMENT_3D('',#11013,#11014,#11015);
#11013 = CARTESIAN_POINT('',(6.45,-0.35,-0.5));
#11014 = DIRECTION('',(-0.957826285221,9.570607158995E-17,
    -0.287347885566));
#11015 = DIRECTION('',(0.287347885566,5.31700397722E-16,-0.957826285221)
  );
#11016 = ADVANCED_FACE('',(#11017),#11028,.F.);
#11017 = FACE_BOUND('',#11018,.F.);
#11018 = EDGE_LOOP('',(#11019,#11020,#11026,#11027));
#11019 = ORIENTED_EDGE('',*,*,#10139,.T.);
#11020 = ORIENTED_EDGE('',*,*,#11021,.T.);
#11021 = EDGE_CURVE('',#10132,#9982,#11022,.T.);
#11022 = LINE('',#11023,#11024);
#11023 = CARTESIAN_POINT('',(6.45,-0.35,-0.457437037472));
#11024 = VECTOR('',#11025,1.);
#11025 = DIRECTION('',(0.,1.,3.330669073875E-16));
#11026 = ORIENTED_EDGE('',*,*,#9989,.F.);
#11027 = ORIENTED_EDGE('',*,*,#10999,.F.);
#11028 = CYLINDRICAL_SURFACE('',#11029,0.29);
#11029 = AXIS2_PLACEMENT_3D('',#11030,#11031,#11032);
#11030 = CARTESIAN_POINT('',(6.74,-0.35,-0.457437037472));
#11031 = DIRECTION('',(0.,1.,3.330669073875E-16));
#11032 = DIRECTION('',(-0.957826285221,9.570607158983E-17,
    -0.287347885566));
#11033 = ADVANCED_FACE('',(#11034),#11045,.T.);
#11034 = FACE_BOUND('',#11035,.T.);
#11035 = EDGE_LOOP('',(#11036,#11037,#11043,#11044));
#11036 = ORIENTED_EDGE('',*,*,#10014,.T.);
#11037 = ORIENTED_EDGE('',*,*,#11038,.T.);
#11038 = EDGE_CURVE('',#10015,#9865,#11039,.T.);
#11039 = LINE('',#11040,#11041);
#11040 = CARTESIAN_POINT('',(6.725000733956,-0.35,-1.583330886814));
#11041 = VECTOR('',#11042,1.);
#11042 = DIRECTION('',(0.,1.,3.330669073875E-16));
#11043 = ORIENTED_EDGE('',*,*,#9864,.F.);
#11044 = ORIENTED_EDGE('',*,*,#11006,.F.);
#11045 = CYLINDRICAL_SURFACE('',#11046,0.29);
#11046 = AXIS2_PLACEMENT_3D('',#11047,#11048,#11049);
#11047 = CARTESIAN_POINT('',(6.447231111242,-0.35,-1.5));
#11048 = DIRECTION('',(0.,1.,3.330669073875E-16));
#11049 = DIRECTION('',(0.957826285221,-9.570607158983E-17,0.287347885566
    ));
#11050 = ADVANCED_FACE('',(#11051),#11062,.T.);
#11051 = FACE_BOUND('',#11052,.T.);
#11052 = EDGE_LOOP('',(#11053,#11054,#11055,#11056));
#11053 = ORIENTED_EDGE('',*,*,#10131,.F.);
#11054 = ORIENTED_EDGE('',*,*,#11021,.T.);
#11055 = ORIENTED_EDGE('',*,*,#9981,.T.);
#11056 = ORIENTED_EDGE('',*,*,#11057,.F.);
#11057 = EDGE_CURVE('',#10123,#9973,#11058,.T.);
#11058 = LINE('',#11059,#11060);
#11059 = CARTESIAN_POINT('',(6.45,-0.35,1.21));
#11060 = VECTOR('',#11061,1.);
#11061 = DIRECTION('',(0.,1.,3.330669073875E-16));
#11062 = PLANE('',#11063);
#11063 = AXIS2_PLACEMENT_3D('',#11064,#11065,#11066);
#11064 = CARTESIAN_POINT('',(6.45,-0.35,-0.5));
#11065 = DIRECTION('',(1.,0.,0.));
#11066 = DIRECTION('',(0.,-5.551115123126E-16,1.));
#11067 = ADVANCED_FACE('',(#11068),#11079,.F.);
#11068 = FACE_BOUND('',#11069,.F.);
#11069 = EDGE_LOOP('',(#11070,#11071,#11072,#11073));
#11070 = ORIENTED_EDGE('',*,*,#10023,.F.);
#11071 = ORIENTED_EDGE('',*,*,#11038,.T.);
#11072 = ORIENTED_EDGE('',*,*,#9873,.T.);
#11073 = ORIENTED_EDGE('',*,*,#11074,.F.);
#11074 = EDGE_CURVE('',#10024,#9874,#11075,.T.);
#11075 = LINE('',#11076,#11077);
#11076 = CARTESIAN_POINT('',(6.462230377286,-0.35,-2.459232075714));
#11077 = VECTOR('',#11078,1.);
#11078 = DIRECTION('',(0.,1.,3.330669073875E-16));
#11079 = PLANE('',#11080);
#11080 = AXIS2_PLACEMENT_3D('',#11081,#11082,#11083);
#11081 = CARTESIAN_POINT('',(6.75,-0.35,-1.5));
#11082 = DIRECTION('',(-0.957826285221,-9.570607158995E-17,
    0.287347885566));
#11083 = DIRECTION('',(-0.287347885566,5.31700397722E-16,-0.957826285221
    ));
#11084 = ADVANCED_FACE('',(#11085),#11091,.T.);
#11085 = FACE_BOUND('',#11086,.T.);
#11086 = EDGE_LOOP('',(#11087,#11088,#11089,#11090));
#11087 = ORIENTED_EDGE('',*,*,#11057,.T.);
#11088 = ORIENTED_EDGE('',*,*,#9972,.T.);
#11089 = ORIENTED_EDGE('',*,*,#10155,.F.);
#11090 = ORIENTED_EDGE('',*,*,#10122,.F.);
#11091 = CYLINDRICAL_SURFACE('',#11092,0.29);
#11092 = AXIS2_PLACEMENT_3D('',#11093,#11094,#11095);
#11093 = CARTESIAN_POINT('',(6.16,-0.35,1.21));
#11094 = DIRECTION('',(0.,1.,3.330669073875E-16));
#11095 = DIRECTION('',(1.,0.,-0.));
#11096 = ADVANCED_FACE('',(#11097),#11108,.F.);
#11097 = FACE_BOUND('',#11098,.F.);
#11098 = EDGE_LOOP('',(#11099,#11100,#11101,#11102));
#11099 = ORIENTED_EDGE('',*,*,#10031,.T.);
#11100 = ORIENTED_EDGE('',*,*,#11074,.T.);
#11101 = ORIENTED_EDGE('',*,*,#9881,.F.);
#11102 = ORIENTED_EDGE('',*,*,#11103,.F.);
#11103 = EDGE_CURVE('',#10032,#9882,#11104,.T.);
#11104 = LINE('',#11105,#11106);
#11105 = CARTESIAN_POINT('',(6.45,-0.35,-2.542562962528));
#11106 = VECTOR('',#11107,1.);
#11107 = DIRECTION('',(0.,1.,3.330669073875E-16));
#11108 = CYLINDRICAL_SURFACE('',#11109,0.29);
#11109 = AXIS2_PLACEMENT_3D('',#11110,#11111,#11112);
#11110 = CARTESIAN_POINT('',(6.74,-0.35,-2.542562962528));
#11111 = DIRECTION('',(0.,1.,3.330669073875E-16));
#11112 = DIRECTION('',(-1.,0.,0.));
#11113 = ADVANCED_FACE('',(#11114),#11125,.T.);
#11114 = FACE_BOUND('',#11115,.T.);
#11115 = EDGE_LOOP('',(#11116,#11117,#11123,#11124));
#11116 = ORIENTED_EDGE('',*,*,#10040,.F.);
#11117 = ORIENTED_EDGE('',*,*,#11118,.T.);
#11118 = EDGE_CURVE('',#10041,#9891,#11119,.T.);
#11119 = LINE('',#11120,#11121);
#11120 = CARTESIAN_POINT('',(6.45,-0.35,-3.5));
#11121 = VECTOR('',#11122,1.);
#11122 = DIRECTION('',(0.,1.,3.330669073875E-16));
#11123 = ORIENTED_EDGE('',*,*,#9890,.T.);
#11124 = ORIENTED_EDGE('',*,*,#11103,.F.);
#11125 = PLANE('',#11126);
#11126 = AXIS2_PLACEMENT_3D('',#11127,#11128,#11129);
#11127 = CARTESIAN_POINT('',(6.45,-0.35,-3.5));
#11128 = DIRECTION('',(1.,0.,0.));
#11129 = DIRECTION('',(0.,-5.551115123126E-16,1.));
#11130 = ADVANCED_FACE('',(#11131),#11142,.T.);
#11131 = FACE_BOUND('',#11132,.T.);
#11132 = EDGE_LOOP('',(#11133,#11139,#11140,#11141));
#11133 = ORIENTED_EDGE('',*,*,#11134,.T.);
#11134 = EDGE_CURVE('',#10049,#9899,#11135,.T.);
#11135 = LINE('',#11136,#11137);
#11136 = CARTESIAN_POINT('',(6.15,-0.35,-3.5));
#11137 = VECTOR('',#11138,1.);
#11138 = DIRECTION('',(0.,1.,3.330669073875E-16));
#11139 = ORIENTED_EDGE('',*,*,#9898,.T.);
#11140 = ORIENTED_EDGE('',*,*,#11118,.F.);
#11141 = ORIENTED_EDGE('',*,*,#10048,.F.);
#11142 = PLANE('',#11143);
#11143 = AXIS2_PLACEMENT_3D('',#11144,#11145,#11146);
#11144 = CARTESIAN_POINT('',(6.15,-0.35,-3.5));
#11145 = DIRECTION('',(0.,3.330669073875E-16,-1.));
#11146 = DIRECTION('',(1.,0.,0.));
#11147 = ADVANCED_FACE('',(#11148),#11159,.T.);
#11148 = FACE_BOUND('',#11149,.T.);
#11149 = EDGE_LOOP('',(#11150,#11151,#11157,#11158));
#11150 = ORIENTED_EDGE('',*,*,#10056,.F.);
#11151 = ORIENTED_EDGE('',*,*,#11152,.T.);
#11152 = EDGE_CURVE('',#10057,#9907,#11153,.T.);
#11153 = LINE('',#11154,#11155);
#11154 = CARTESIAN_POINT('',(6.15,-0.35,-2.542562962528));
#11155 = VECTOR('',#11156,1.);
#11156 = DIRECTION('',(0.,1.,3.330669073875E-16));
#11157 = ORIENTED_EDGE('',*,*,#9906,.T.);
#11158 = ORIENTED_EDGE('',*,*,#11134,.F.);
#11159 = PLANE('',#11160);
#11160 = AXIS2_PLACEMENT_3D('',#11161,#11162,#11163);
#11161 = CARTESIAN_POINT('',(6.15,-0.35,-2.5));
#11162 = DIRECTION('',(-1.,0.,-0.));
#11163 = DIRECTION('',(0.,5.551115123126E-16,-1.));
#11164 = ADVANCED_FACE('',(#11165),#11176,.T.);
#11165 = FACE_BOUND('',#11166,.T.);
#11166 = EDGE_LOOP('',(#11167,#11168,#11169,#11175));
#11167 = ORIENTED_EDGE('',*,*,#10234,.T.);
#11168 = ORIENTED_EDGE('',*,*,#9948,.T.);
#11169 = ORIENTED_EDGE('',*,*,#11170,.F.);
#11170 = EDGE_CURVE('',#10091,#9941,#11171,.T.);
#11171 = LINE('',#11172,#11173);
#11172 = CARTESIAN_POINT('',(6.162230377286,-0.35,-0.540767924286));
#11173 = VECTOR('',#11174,1.);
#11174 = DIRECTION('',(0.,1.,3.330669073875E-16));
#11175 = ORIENTED_EDGE('',*,*,#10098,.F.);
#11176 = CYLINDRICAL_SURFACE('',#11177,0.29);
#11177 = AXIS2_PLACEMENT_3D('',#11178,#11179,#11180);
#11178 = CARTESIAN_POINT('',(6.44,-0.35,-0.457437037472));
#11179 = DIRECTION('',(0.,1.,3.330669073875E-16));
#11180 = DIRECTION('',(-1.,0.,0.));
#11181 = ADVANCED_FACE('',(#11182),#11193,.T.);
#11182 = FACE_BOUND('',#11183,.T.);
#11183 = EDGE_LOOP('',(#11184,#11190,#11191,#11192));
#11184 = ORIENTED_EDGE('',*,*,#11185,.T.);
#11185 = EDGE_CURVE('',#10065,#9915,#11186,.T.);
#11186 = LINE('',#11187,#11188);
#11187 = CARTESIAN_POINT('',(6.162230377286,-0.35,-2.459232075714));
#11188 = VECTOR('',#11189,1.);
#11189 = DIRECTION('',(0.,1.,3.330669073875E-16));
#11190 = ORIENTED_EDGE('',*,*,#9914,.T.);
#11191 = ORIENTED_EDGE('',*,*,#11152,.F.);
#11192 = ORIENTED_EDGE('',*,*,#10064,.F.);
#11193 = CYLINDRICAL_SURFACE('',#11194,0.29);
#11194 = AXIS2_PLACEMENT_3D('',#11195,#11196,#11197);
#11195 = CARTESIAN_POINT('',(6.44,-0.35,-2.542562962528));
#11196 = DIRECTION('',(0.,1.,3.330669073875E-16));
#11197 = DIRECTION('',(-0.957826285221,-9.570607158983E-17,
    0.287347885566));
#11198 = ADVANCED_FACE('',(#11199),#11210,.F.);
#11199 = FACE_BOUND('',#11200,.F.);
#11200 = EDGE_LOOP('',(#11201,#11202,#11208,#11209));
#11201 = ORIENTED_EDGE('',*,*,#10090,.F.);
#11202 = ORIENTED_EDGE('',*,*,#11203,.T.);
#11203 = EDGE_CURVE('',#10082,#9932,#11204,.T.);
#11204 = LINE('',#11205,#11206);
#11205 = CARTESIAN_POINT('',(6.425000733956,-0.35,-1.416669113186));
#11206 = VECTOR('',#11207,1.);
#11207 = DIRECTION('',(0.,1.,3.330669073875E-16));
#11208 = ORIENTED_EDGE('',*,*,#9940,.T.);
#11209 = ORIENTED_EDGE('',*,*,#11170,.F.);
#11210 = PLANE('',#11211);
#11211 = AXIS2_PLACEMENT_3D('',#11212,#11213,#11214);
#11212 = CARTESIAN_POINT('',(6.45,-0.35,-1.5));
#11213 = DIRECTION('',(0.957826285221,-9.570607158995E-17,0.287347885566
    ));
#11214 = DIRECTION('',(-0.287347885566,-5.31700397722E-16,0.957826285221
    ));
#11215 = ADVANCED_FACE('',(#11216),#11227,.F.);
#11216 = FACE_BOUND('',#11217,.F.);
#11217 = EDGE_LOOP('',(#11218,#11219,#11220,#11221));
#11218 = ORIENTED_EDGE('',*,*,#10073,.F.);
#11219 = ORIENTED_EDGE('',*,*,#11185,.T.);
#11220 = ORIENTED_EDGE('',*,*,#9923,.T.);
#11221 = ORIENTED_EDGE('',*,*,#11222,.F.);
#11222 = EDGE_CURVE('',#10074,#9924,#11223,.T.);
#11223 = LINE('',#11224,#11225);
#11224 = CARTESIAN_POINT('',(6.425000733956,-0.35,-1.583330886814));
#11225 = VECTOR('',#11226,1.);
#11226 = DIRECTION('',(0.,1.,3.330669073875E-16));
#11227 = PLANE('',#11228);
#11228 = AXIS2_PLACEMENT_3D('',#11229,#11230,#11231);
#11229 = CARTESIAN_POINT('',(6.15,-0.35,-2.5));
#11230 = DIRECTION('',(0.957826285221,9.570607158995E-17,-0.287347885566
    ));
#11231 = DIRECTION('',(0.287347885566,-5.31700397722E-16,0.957826285221)
  );
#11232 = ADVANCED_FACE('',(#11233),#11239,.F.);
#11233 = FACE_BOUND('',#11234,.F.);
#11234 = EDGE_LOOP('',(#11235,#11236,#11237,#11238));
#11235 = ORIENTED_EDGE('',*,*,#10081,.T.);
#11236 = ORIENTED_EDGE('',*,*,#11222,.T.);
#11237 = ORIENTED_EDGE('',*,*,#9931,.F.);
#11238 = ORIENTED_EDGE('',*,*,#11203,.F.);
#11239 = CYLINDRICAL_SURFACE('',#11240,0.29);
#11240 = AXIS2_PLACEMENT_3D('',#11241,#11242,#11243);
#11241 = CARTESIAN_POINT('',(6.147231111242,-0.35,-1.5));
#11242 = DIRECTION('',(0.,1.,3.330669073875E-16));
#11243 = DIRECTION('',(0.957826285221,-9.570607158983E-17,0.287347885566
    ));
#11244 = ( GEOMETRIC_REPRESENTATION_CONTEXT(3) 
GLOBAL_UNCERTAINTY_ASSIGNED_CONTEXT((#11248)) 
GLOBAL_UNIT_ASSIGNED_CONTEXT((#11245,#11246,#11247)) 
REPRESENTATION_CONTEXT('Context #1',
  '3D Context with UNIT and UNCERTAINTY') );
#11245 = ( LENGTH_UNIT() NAMED_UNIT(*) SI_UNIT(.MILLI.,.METRE.) );
#11246 = ( NAMED_UNIT(*) PLANE_ANGLE_UNIT() SI_UNIT($,.RADIAN.) );
#11247 = ( NAMED_UNIT(*) SI_UNIT($,.STERADIAN.) SOLID_ANGLE_UNIT() );
#11248 = UNCERTAINTY_MEASURE_WITH_UNIT(LENGTH_MEASURE(1.E-07),#11245,
  'distance_accuracy_value','confusion accuracy');
#11249 = CONTEXT_DEPENDENT_SHAPE_REPRESENTATION(#11250,#11252);
#11250 = ( REPRESENTATION_RELATIONSHIP('','',#8014,#10) 
REPRESENTATION_RELATIONSHIP_WITH_TRANSFORMATION(#11251) 
SHAPE_REPRESENTATION_RELATIONSHIP() );
#11251 = ITEM_DEFINED_TRANSFORMATION('','',#11,#47);
#11252 = PRODUCT_DEFINITION_SHAPE('Placement','Placement of an item',
  #11253);
#11253 = NEXT_ASSEMBLY_USAGE_OCCURRENCE('9','SW1','',#5,#8009,$);
#11254 = PRODUCT_RELATED_PRODUCT_CATEGORY('part',$,(#8011));
#11255 = SHAPE_DEFINITION_REPRESENTATION(#11256,#11262);
#11256 = PRODUCT_DEFINITION_SHAPE('','',#11257);
#11257 = PRODUCT_DEFINITION('design','',#11258,#11261);
#11258 = PRODUCT_DEFINITION_FORMATION('','',#11259);
#11259 = PRODUCT('LED_D5.0mm-4_RGB','LED_D5.0mm-4_RGB','',(#11260));
#11260 = PRODUCT_CONTEXT('',#2,'mechanical');
#11261 = PRODUCT_DEFINITION_CONTEXT('part definition',#2,'design');
#11262 = ADVANCED_BREP_SHAPE_REPRESENTATION('',(#11,#11263),#11991);
#11263 = MANIFOLD_SOLID_BREP('',#11264);
#11264 = CLOSED_SHELL('',(#11265,#11292,#11326,#11363,#11395,#11413,
    #11559,#11590,#11614,#11638,#11655,#11686,#11710,#11734,#11751,
    #11782,#11806,#11830,#11847,#11878,#11902,#11926,#11943,#11955,
    #11967,#11979));
#11265 = ADVANCED_FACE('',(#11266),#11287,.T.);
#11266 = FACE_BOUND('',#11267,.T.);
#11267 = EDGE_LOOP('',(#11268,#11279,#11280));
#11268 = ORIENTED_EDGE('',*,*,#11269,.T.);
#11269 = EDGE_CURVE('',#11270,#11272,#11274,.T.);
#11270 = VERTEX_POINT('',#11271);
#11271 = CARTESIAN_POINT('',(4.405,6.061817714453E-15,9.1));
#11272 = VERTEX_POINT('',#11273);
#11273 = CARTESIAN_POINT('',(1.905,7.727152251391E-15,11.6));
#11274 = CIRCLE('',#11275,2.5);
#11275 = AXIS2_PLACEMENT_3D('',#11276,#11277,#11278);
#11276 = CARTESIAN_POINT('',(1.905,6.061817714453E-15,9.1));
#11277 = DIRECTION('',(0.,-1.,6.661338147751E-16));
#11278 = DIRECTION('',(1.,0.,0.));
#11279 = ORIENTED_EDGE('',*,*,#11269,.F.);
#11280 = ORIENTED_EDGE('',*,*,#11281,.F.);
#11281 = EDGE_CURVE('',#11270,#11270,#11282,.T.);
#11282 = CIRCLE('',#11283,2.5);
#11283 = AXIS2_PLACEMENT_3D('',#11284,#11285,#11286);
#11284 = CARTESIAN_POINT('',(1.905,4.041211809636E-15,9.1));
#11285 = DIRECTION('',(4.379057701015E-47,-4.440892098501E-16,-1.));
#11286 = DIRECTION('',(1.,8.082423619271E-16,-3.589317118756E-31));
#11287 = SPHERICAL_SURFACE('',#11288,2.5);
#11288 = AXIS2_PLACEMENT_3D('',#11289,#11290,#11291);
#11289 = CARTESIAN_POINT('',(1.905,6.061817714453E-15,9.1));
#11290 = DIRECTION('',(0.,4.440892098501E-16,1.));
#11291 = DIRECTION('',(1.,1.365071914847E-15,-6.06213708053E-31));
#11292 = ADVANCED_FACE('',(#11293),#11321,.T.);
#11293 = FACE_BOUND('',#11294,.T.);
#11294 = EDGE_LOOP('',(#11295,#11303,#11304,#11305,#11314));
#11295 = ORIENTED_EDGE('',*,*,#11296,.F.);
#11296 = EDGE_CURVE('',#11270,#11297,#11299,.T.);
#11297 = VERTEX_POINT('',#11298);
#11298 = CARTESIAN_POINT('',(4.405,2.6645352591E-15,4.));
#11299 = LINE('',#11300,#11301);
#11300 = CARTESIAN_POINT('',(4.405,6.061817714453E-15,9.1));
#11301 = VECTOR('',#11302,1.);
#11302 = DIRECTION('',(0.,-6.661338147751E-16,-1.));
#11303 = ORIENTED_EDGE('',*,*,#11281,.T.);
#11304 = ORIENTED_EDGE('',*,*,#11296,.T.);
#11305 = ORIENTED_EDGE('',*,*,#11306,.F.);
#11306 = EDGE_CURVE('',#11307,#11297,#11309,.T.);
#11307 = VERTEX_POINT('',#11308);
#11308 = CARTESIAN_POINT('',(-0.595,2.844521316595E-15,4.));
#11309 = CIRCLE('',#11310,2.5);
#11310 = AXIS2_PLACEMENT_3D('',#11311,#11312,#11313);
#11311 = CARTESIAN_POINT('',(1.905,1.7763568394E-15,4.));
#11312 = DIRECTION('',(0.,-4.440892098501E-16,-1.));
#11313 = DIRECTION('',(1.,3.552713678801E-16,-1.577721810442E-31));
#11314 = ORIENTED_EDGE('',*,*,#11315,.F.);
#11315 = EDGE_CURVE('',#11297,#11307,#11316,.T.);
#11316 = CIRCLE('',#11317,2.5);
#11317 = AXIS2_PLACEMENT_3D('',#11318,#11319,#11320);
#11318 = CARTESIAN_POINT('',(1.905,1.7763568394E-15,4.));
#11319 = DIRECTION('',(0.,-4.440892098501E-16,-1.));
#11320 = DIRECTION('',(1.,3.552713678801E-16,-1.577721810442E-31));
#11321 = CYLINDRICAL_SURFACE('',#11322,2.5);
#11322 = AXIS2_PLACEMENT_3D('',#11323,#11324,#11325);
#11323 = CARTESIAN_POINT('',(1.905,4.041211809636E-15,9.1));
#11324 = DIRECTION('',(0.,-4.440892098501E-16,-1.));
#11325 = DIRECTION('',(1.,8.082423619271E-16,-3.589317118756E-31));
#11326 = ADVANCED_FACE('',(#11327,#11354),#11358,.F.);
#11327 = FACE_BOUND('',#11328,.F.);
#11328 = EDGE_LOOP('',(#11329,#11340,#11348));
#11329 = ORIENTED_EDGE('',*,*,#11330,.F.);
#11330 = EDGE_CURVE('',#11331,#11333,#11335,.T.);
#11331 = VERTEX_POINT('',#11332);
#11332 = CARTESIAN_POINT('',(-0.595,-1.46969384567,4.));
#11333 = VERTEX_POINT('',#11334);
#11334 = CARTESIAN_POINT('',(-0.595000000001,1.469693845669,4.));
#11335 = CIRCLE('',#11336,2.9);
#11336 = AXIS2_PLACEMENT_3D('',#11337,#11338,#11339);
#11337 = CARTESIAN_POINT('',(1.905,0.,4.));
#11338 = DIRECTION('',(0.,0.,1.));
#11339 = DIRECTION('',(1.,0.,-0.));
#11340 = ORIENTED_EDGE('',*,*,#11341,.T.);
#11341 = EDGE_CURVE('',#11331,#11342,#11344,.T.);
#11342 = VERTEX_POINT('',#11343);
#11343 = CARTESIAN_POINT('',(-0.595,2.844521316595E-15,4.));
#11344 = LINE('',#11345,#11346);
#11345 = CARTESIAN_POINT('',(-0.595000000001,-1.46969384567,4.));
#11346 = VECTOR('',#11347,1.);
#11347 = DIRECTION('',(0.,1.,0.));
#11348 = ORIENTED_EDGE('',*,*,#11349,.T.);
#11349 = EDGE_CURVE('',#11342,#11333,#11350,.T.);
#11350 = LINE('',#11351,#11352);
#11351 = CARTESIAN_POINT('',(-0.595000000001,-1.46969384567,4.));
#11352 = VECTOR('',#11353,1.);
#11353 = DIRECTION('',(0.,1.,0.));
#11354 = FACE_BOUND('',#11355,.F.);
#11355 = EDGE_LOOP('',(#11356,#11357));
#11356 = ORIENTED_EDGE('',*,*,#11306,.F.);
#11357 = ORIENTED_EDGE('',*,*,#11315,.F.);
#11358 = PLANE('',#11359);
#11359 = AXIS2_PLACEMENT_3D('',#11360,#11361,#11362);
#11360 = CARTESIAN_POINT('',(-0.594999999999,-1.469693845671,4.));
#11361 = DIRECTION('',(0.,0.,-1.));
#11362 = DIRECTION('',(-1.,0.,0.));
#11363 = ADVANCED_FACE('',(#11364),#11390,.T.);
#11364 = FACE_BOUND('',#11365,.T.);
#11365 = EDGE_LOOP('',(#11366,#11377,#11383,#11384));
#11366 = ORIENTED_EDGE('',*,*,#11367,.T.);
#11367 = EDGE_CURVE('',#11368,#11370,#11372,.T.);
#11368 = VERTEX_POINT('',#11369);
#11369 = CARTESIAN_POINT('',(-0.595,-1.46969384567,3.));
#11370 = VERTEX_POINT('',#11371);
#11371 = CARTESIAN_POINT('',(-0.595000000001,1.469693845669,3.));
#11372 = CIRCLE('',#11373,2.9);
#11373 = AXIS2_PLACEMENT_3D('',#11374,#11375,#11376);
#11374 = CARTESIAN_POINT('',(1.905,0.,3.));
#11375 = DIRECTION('',(0.,0.,1.));
#11376 = DIRECTION('',(1.,0.,-0.));
#11377 = ORIENTED_EDGE('',*,*,#11378,.T.);
#11378 = EDGE_CURVE('',#11370,#11333,#11379,.T.);
#11379 = LINE('',#11380,#11381);
#11380 = CARTESIAN_POINT('',(-0.595000000001,1.469693845669,3.));
#11381 = VECTOR('',#11382,1.);
#11382 = DIRECTION('',(0.,0.,1.));
#11383 = ORIENTED_EDGE('',*,*,#11330,.F.);
#11384 = ORIENTED_EDGE('',*,*,#11385,.F.);
#11385 = EDGE_CURVE('',#11368,#11331,#11386,.T.);
#11386 = LINE('',#11387,#11388);
#11387 = CARTESIAN_POINT('',(-0.595,-1.46969384567,3.));
#11388 = VECTOR('',#11389,1.);
#11389 = DIRECTION('',(0.,0.,1.));
#11390 = CYLINDRICAL_SURFACE('',#11391,2.9);
#11391 = AXIS2_PLACEMENT_3D('',#11392,#11393,#11394);
#11392 = CARTESIAN_POINT('',(1.905,0.,3.));
#11393 = DIRECTION('',(-0.,-0.,-1.));
#11394 = DIRECTION('',(1.,0.,0.));
#11395 = ADVANCED_FACE('',(#11396),#11408,.T.);
#11396 = FACE_BOUND('',#11397,.T.);
#11397 = EDGE_LOOP('',(#11398,#11399,#11400,#11401,#11402));
#11398 = ORIENTED_EDGE('',*,*,#11385,.T.);
#11399 = ORIENTED_EDGE('',*,*,#11341,.T.);
#11400 = ORIENTED_EDGE('',*,*,#11349,.T.);
#11401 = ORIENTED_EDGE('',*,*,#11378,.F.);
#11402 = ORIENTED_EDGE('',*,*,#11403,.F.);
#11403 = EDGE_CURVE('',#11368,#11370,#11404,.T.);
#11404 = LINE('',#11405,#11406);
#11405 = CARTESIAN_POINT('',(-0.595000000001,-1.46969384567,3.));
#11406 = VECTOR('',#11407,1.);
#11407 = DIRECTION('',(0.,1.,0.));
#11408 = PLANE('',#11409);
#11409 = AXIS2_PLACEMENT_3D('',#11410,#11411,#11412);
#11410 = CARTESIAN_POINT('',(-0.595000000001,-1.46969384567,3.));
#11411 = DIRECTION('',(-1.,0.,0.));
#11412 = DIRECTION('',(0.,1.,0.));
#11413 = ADVANCED_FACE('',(#11414,#11418,#11452,#11486,#11520),#11554,
  .T.);
#11414 = FACE_BOUND('',#11415,.T.);
#11415 = EDGE_LOOP('',(#11416,#11417));
#11416 = ORIENTED_EDGE('',*,*,#11367,.F.);
#11417 = ORIENTED_EDGE('',*,*,#11403,.T.);
#11418 = FACE_BOUND('',#11419,.T.);
#11419 = EDGE_LOOP('',(#11420,#11430,#11438,#11446));
#11420 = ORIENTED_EDGE('',*,*,#11421,.T.);
#11421 = EDGE_CURVE('',#11422,#11424,#11426,.T.);
#11422 = VERTEX_POINT('',#11423);
#11423 = CARTESIAN_POINT('',(1.47,0.2,3.));
#11424 = VERTEX_POINT('',#11425);
#11425 = CARTESIAN_POINT('',(1.07,0.2,3.));
#11426 = LINE('',#11427,#11428);
#11427 = CARTESIAN_POINT('',(0.2375,0.2,3.));
#11428 = VECTOR('',#11429,1.);
#11429 = DIRECTION('',(-1.,-0.,-0.));
#11430 = ORIENTED_EDGE('',*,*,#11431,.T.);
#11431 = EDGE_CURVE('',#11424,#11432,#11434,.T.);
#11432 = VERTEX_POINT('',#11433);
#11433 = CARTESIAN_POINT('',(1.07,-0.2,3.));
#11434 = LINE('',#11435,#11436);
#11435 = CARTESIAN_POINT('',(1.07,-0.834846922835,3.));
#11436 = VECTOR('',#11437,1.);
#11437 = DIRECTION('',(0.,-1.,0.));
#11438 = ORIENTED_EDGE('',*,*,#11439,.T.);
#11439 = EDGE_CURVE('',#11432,#11440,#11442,.T.);
#11440 = VERTEX_POINT('',#11441);
#11441 = CARTESIAN_POINT('',(1.47,-0.2,3.));
#11442 = LINE('',#11443,#11444);
#11443 = CARTESIAN_POINT('',(0.4375,-0.2,3.));
#11444 = VECTOR('',#11445,1.);
#11445 = DIRECTION('',(1.,0.,0.));
#11446 = ORIENTED_EDGE('',*,*,#11447,.T.);
#11447 = EDGE_CURVE('',#11440,#11422,#11448,.T.);
#11448 = LINE('',#11449,#11450);
#11449 = CARTESIAN_POINT('',(1.47,-0.634846922835,3.));
#11450 = VECTOR('',#11451,1.);
#11451 = DIRECTION('',(0.,1.,0.));
#11452 = FACE_BOUND('',#11453,.T.);
#11453 = EDGE_LOOP('',(#11454,#11464,#11472,#11480));
#11454 = ORIENTED_EDGE('',*,*,#11455,.T.);
#11455 = EDGE_CURVE('',#11456,#11458,#11460,.T.);
#11456 = VERTEX_POINT('',#11457);
#11457 = CARTESIAN_POINT('',(0.2,0.2,3.));
#11458 = VERTEX_POINT('',#11459);
#11459 = CARTESIAN_POINT('',(-0.2,0.2,3.));
#11460 = LINE('',#11461,#11462);
#11461 = CARTESIAN_POINT('',(-0.3975,0.2,3.));
#11462 = VECTOR('',#11463,1.);
#11463 = DIRECTION('',(-1.,-0.,-0.));
#11464 = ORIENTED_EDGE('',*,*,#11465,.T.);
#11465 = EDGE_CURVE('',#11458,#11466,#11468,.T.);
#11466 = VERTEX_POINT('',#11467);
#11467 = CARTESIAN_POINT('',(-0.2,-0.2,3.));
#11468 = LINE('',#11469,#11470);
#11469 = CARTESIAN_POINT('',(-0.2,-0.834846922835,3.));
#11470 = VECTOR('',#11471,1.);
#11471 = DIRECTION('',(0.,-1.,0.));
#11472 = ORIENTED_EDGE('',*,*,#11473,.T.);
#11473 = EDGE_CURVE('',#11466,#11474,#11476,.T.);
#11474 = VERTEX_POINT('',#11475);
#11475 = CARTESIAN_POINT('',(0.2,-0.2,3.));
#11476 = LINE('',#11477,#11478);
#11477 = CARTESIAN_POINT('',(-0.1975,-0.2,3.));
#11478 = VECTOR('',#11479,1.);
#11479 = DIRECTION('',(1.,0.,0.));
#11480 = ORIENTED_EDGE('',*,*,#11481,.T.);
#11481 = EDGE_CURVE('',#11474,#11456,#11482,.T.);
#11482 = LINE('',#11483,#11484);
#11483 = CARTESIAN_POINT('',(0.2,-0.634846922835,3.));
#11484 = VECTOR('',#11485,1.);
#11485 = DIRECTION('',(0.,1.,0.));
#11486 = FACE_BOUND('',#11487,.T.);
#11487 = EDGE_LOOP('',(#11488,#11498,#11506,#11514));
#11488 = ORIENTED_EDGE('',*,*,#11489,.T.);
#11489 = EDGE_CURVE('',#11490,#11492,#11494,.T.);
#11490 = VERTEX_POINT('',#11491);
#11491 = CARTESIAN_POINT('',(2.34,-0.2,3.));
#11492 = VERTEX_POINT('',#11493);
#11493 = CARTESIAN_POINT('',(2.74,-0.2,3.));
#11494 = LINE('',#11495,#11496);
#11495 = CARTESIAN_POINT('',(1.0725,-0.2,3.));
#11496 = VECTOR('',#11497,1.);
#11497 = DIRECTION('',(1.,0.,0.));
#11498 = ORIENTED_EDGE('',*,*,#11499,.T.);
#11499 = EDGE_CURVE('',#11492,#11500,#11502,.T.);
#11500 = VERTEX_POINT('',#11501);
#11501 = CARTESIAN_POINT('',(2.74,0.2,3.));
#11502 = LINE('',#11503,#11504);
#11503 = CARTESIAN_POINT('',(2.74,-0.634846922835,3.));
#11504 = VECTOR('',#11505,1.);
#11505 = DIRECTION('',(0.,1.,0.));
#11506 = ORIENTED_EDGE('',*,*,#11507,.T.);
#11507 = EDGE_CURVE('',#11500,#11508,#11510,.T.);
#11508 = VERTEX_POINT('',#11509);
#11509 = CARTESIAN_POINT('',(2.34,0.2,3.));
#11510 = LINE('',#11511,#11512);
#11511 = CARTESIAN_POINT('',(0.8725,0.2,3.));
#11512 = VECTOR('',#11513,1.);
#11513 = DIRECTION('',(-1.,-0.,-0.));
#11514 = ORIENTED_EDGE('',*,*,#11515,.T.);
#11515 = EDGE_CURVE('',#11508,#11490,#11516,.T.);
#11516 = LINE('',#11517,#11518);
#11517 = CARTESIAN_POINT('',(2.34,-0.834846922835,3.));
#11518 = VECTOR('',#11519,1.);
#11519 = DIRECTION('',(0.,-1.,0.));
#11520 = FACE_BOUND('',#11521,.T.);
#11521 = EDGE_LOOP('',(#11522,#11532,#11540,#11548));
#11522 = ORIENTED_EDGE('',*,*,#11523,.T.);
#11523 = EDGE_CURVE('',#11524,#11526,#11528,.T.);
#11524 = VERTEX_POINT('',#11525);
#11525 = CARTESIAN_POINT('',(3.61,-0.2,3.));
#11526 = VERTEX_POINT('',#11527);
#11527 = CARTESIAN_POINT('',(4.01,-0.2,3.));
#11528 = LINE('',#11529,#11530);
#11529 = CARTESIAN_POINT('',(1.7075,-0.2,3.));
#11530 = VECTOR('',#11531,1.);
#11531 = DIRECTION('',(1.,0.,0.));
#11532 = ORIENTED_EDGE('',*,*,#11533,.T.);
#11533 = EDGE_CURVE('',#11526,#11534,#11536,.T.);
#11534 = VERTEX_POINT('',#11535);
#11535 = CARTESIAN_POINT('',(4.01,0.2,3.));
#11536 = LINE('',#11537,#11538);
#11537 = CARTESIAN_POINT('',(4.01,-0.634846922835,3.));
#11538 = VECTOR('',#11539,1.);
#11539 = DIRECTION('',(0.,1.,0.));
#11540 = ORIENTED_EDGE('',*,*,#11541,.T.);
#11541 = EDGE_CURVE('',#11534,#11542,#11544,.T.);
#11542 = VERTEX_POINT('',#11543);
#11543 = CARTESIAN_POINT('',(3.61,0.2,3.));
#11544 = LINE('',#11545,#11546);
#11545 = CARTESIAN_POINT('',(1.5075,0.2,3.));
#11546 = VECTOR('',#11547,1.);
#11547 = DIRECTION('',(-1.,-0.,-0.));
#11548 = ORIENTED_EDGE('',*,*,#11549,.T.);
#11549 = EDGE_CURVE('',#11542,#11524,#11550,.T.);
#11550 = LINE('',#11551,#11552);
#11551 = CARTESIAN_POINT('',(3.61,-0.834846922835,3.));
#11552 = VECTOR('',#11553,1.);
#11553 = DIRECTION('',(0.,-1.,0.));
#11554 = PLANE('',#11555);
#11555 = AXIS2_PLACEMENT_3D('',#11556,#11557,#11558);
#11556 = CARTESIAN_POINT('',(-0.594999999999,-1.469693845671,3.));
#11557 = DIRECTION('',(0.,0.,-1.));
#11558 = DIRECTION('',(-1.,0.,0.));
#11559 = ADVANCED_FACE('',(#11560),#11585,.F.);
#11560 = FACE_BOUND('',#11561,.F.);
#11561 = EDGE_LOOP('',(#11562,#11563,#11571,#11579));
#11562 = ORIENTED_EDGE('',*,*,#11421,.T.);
#11563 = ORIENTED_EDGE('',*,*,#11564,.T.);
#11564 = EDGE_CURVE('',#11424,#11565,#11567,.T.);
#11565 = VERTEX_POINT('',#11566);
#11566 = CARTESIAN_POINT('',(1.07,0.2,-2.5));
#11567 = LINE('',#11568,#11569);
#11568 = CARTESIAN_POINT('',(1.07,0.2,3.5));
#11569 = VECTOR('',#11570,1.);
#11570 = DIRECTION('',(-0.,-0.,-1.));
#11571 = ORIENTED_EDGE('',*,*,#11572,.T.);
#11572 = EDGE_CURVE('',#11565,#11573,#11575,.T.);
#11573 = VERTEX_POINT('',#11574);
#11574 = CARTESIAN_POINT('',(1.47,0.2,-2.5));
#11575 = LINE('',#11576,#11577);
#11576 = CARTESIAN_POINT('',(1.07,0.2,-2.5));
#11577 = VECTOR('',#11578,1.);
#11578 = DIRECTION('',(1.,0.,0.));
#11579 = ORIENTED_EDGE('',*,*,#11580,.F.);
#11580 = EDGE_CURVE('',#11422,#11573,#11581,.T.);
#11581 = LINE('',#11582,#11583);
#11582 = CARTESIAN_POINT('',(1.47,0.2,3.5));
#11583 = VECTOR('',#11584,1.);
#11584 = DIRECTION('',(-0.,-0.,-1.));
#11585 = PLANE('',#11586);
#11586 = AXIS2_PLACEMENT_3D('',#11587,#11588,#11589);
#11587 = CARTESIAN_POINT('',(1.07,0.2,3.5));
#11588 = DIRECTION('',(0.,-1.,0.));
#11589 = DIRECTION('',(1.,0.,0.));
#11590 = ADVANCED_FACE('',(#11591),#11609,.F.);
#11591 = FACE_BOUND('',#11592,.F.);
#11592 = EDGE_LOOP('',(#11593,#11594,#11595,#11603));
#11593 = ORIENTED_EDGE('',*,*,#11447,.T.);
#11594 = ORIENTED_EDGE('',*,*,#11580,.T.);
#11595 = ORIENTED_EDGE('',*,*,#11596,.T.);
#11596 = EDGE_CURVE('',#11573,#11597,#11599,.T.);
#11597 = VERTEX_POINT('',#11598);
#11598 = CARTESIAN_POINT('',(1.47,-0.2,-2.5));
#11599 = LINE('',#11600,#11601);
#11600 = CARTESIAN_POINT('',(1.47,0.2,-2.5));
#11601 = VECTOR('',#11602,1.);
#11602 = DIRECTION('',(0.,-1.,0.));
#11603 = ORIENTED_EDGE('',*,*,#11604,.F.);
#11604 = EDGE_CURVE('',#11440,#11597,#11605,.T.);
#11605 = LINE('',#11606,#11607);
#11606 = CARTESIAN_POINT('',(1.47,-0.2,3.5));
#11607 = VECTOR('',#11608,1.);
#11608 = DIRECTION('',(-0.,-0.,-1.));
#11609 = PLANE('',#11610);
#11610 = AXIS2_PLACEMENT_3D('',#11611,#11612,#11613);
#11611 = CARTESIAN_POINT('',(1.47,0.2,3.5));
#11612 = DIRECTION('',(-1.,0.,0.));
#11613 = DIRECTION('',(0.,-1.,0.));
#11614 = ADVANCED_FACE('',(#11615),#11633,.F.);
#11615 = FACE_BOUND('',#11616,.F.);
#11616 = EDGE_LOOP('',(#11617,#11618,#11619,#11627));
#11617 = ORIENTED_EDGE('',*,*,#11439,.T.);
#11618 = ORIENTED_EDGE('',*,*,#11604,.T.);
#11619 = ORIENTED_EDGE('',*,*,#11620,.T.);
#11620 = EDGE_CURVE('',#11597,#11621,#11623,.T.);
#11621 = VERTEX_POINT('',#11622);
#11622 = CARTESIAN_POINT('',(1.07,-0.2,-2.5));
#11623 = LINE('',#11624,#11625);
#11624 = CARTESIAN_POINT('',(1.47,-0.2,-2.5));
#11625 = VECTOR('',#11626,1.);
#11626 = DIRECTION('',(-1.,0.,0.));
#11627 = ORIENTED_EDGE('',*,*,#11628,.F.);
#11628 = EDGE_CURVE('',#11432,#11621,#11629,.T.);
#11629 = LINE('',#11630,#11631);
#11630 = CARTESIAN_POINT('',(1.07,-0.2,3.5));
#11631 = VECTOR('',#11632,1.);
#11632 = DIRECTION('',(-0.,-0.,-1.));
#11633 = PLANE('',#11634);
#11634 = AXIS2_PLACEMENT_3D('',#11635,#11636,#11637);
#11635 = CARTESIAN_POINT('',(1.47,-0.2,3.5));
#11636 = DIRECTION('',(0.,1.,0.));
#11637 = DIRECTION('',(-1.,0.,0.));
#11638 = ADVANCED_FACE('',(#11639),#11650,.F.);
#11639 = FACE_BOUND('',#11640,.F.);
#11640 = EDGE_LOOP('',(#11641,#11642,#11643,#11649));
#11641 = ORIENTED_EDGE('',*,*,#11431,.T.);
#11642 = ORIENTED_EDGE('',*,*,#11628,.T.);
#11643 = ORIENTED_EDGE('',*,*,#11644,.T.);
#11644 = EDGE_CURVE('',#11621,#11565,#11645,.T.);
#11645 = LINE('',#11646,#11647);
#11646 = CARTESIAN_POINT('',(1.07,-0.2,-2.5));
#11647 = VECTOR('',#11648,1.);
#11648 = DIRECTION('',(0.,1.,0.));
#11649 = ORIENTED_EDGE('',*,*,#11564,.F.);
#11650 = PLANE('',#11651);
#11651 = AXIS2_PLACEMENT_3D('',#11652,#11653,#11654);
#11652 = CARTESIAN_POINT('',(1.07,-0.2,3.5));
#11653 = DIRECTION('',(1.,0.,0.));
#11654 = DIRECTION('',(-0.,1.,0.));
#11655 = ADVANCED_FACE('',(#11656),#11681,.F.);
#11656 = FACE_BOUND('',#11657,.F.);
#11657 = EDGE_LOOP('',(#11658,#11659,#11667,#11675));
#11658 = ORIENTED_EDGE('',*,*,#11455,.T.);
#11659 = ORIENTED_EDGE('',*,*,#11660,.T.);
#11660 = EDGE_CURVE('',#11458,#11661,#11663,.T.);
#11661 = VERTEX_POINT('',#11662);
#11662 = CARTESIAN_POINT('',(-0.2,0.2,-2.5));
#11663 = LINE('',#11664,#11665);
#11664 = CARTESIAN_POINT('',(-0.2,0.2,3.5));
#11665 = VECTOR('',#11666,1.);
#11666 = DIRECTION('',(-0.,-0.,-1.));
#11667 = ORIENTED_EDGE('',*,*,#11668,.T.);
#11668 = EDGE_CURVE('',#11661,#11669,#11671,.T.);
#11669 = VERTEX_POINT('',#11670);
#11670 = CARTESIAN_POINT('',(0.2,0.2,-2.5));
#11671 = LINE('',#11672,#11673);
#11672 = CARTESIAN_POINT('',(-0.2,0.2,-2.5));
#11673 = VECTOR('',#11674,1.);
#11674 = DIRECTION('',(1.,0.,0.));
#11675 = ORIENTED_EDGE('',*,*,#11676,.F.);
#11676 = EDGE_CURVE('',#11456,#11669,#11677,.T.);
#11677 = LINE('',#11678,#11679);
#11678 = CARTESIAN_POINT('',(0.2,0.2,3.5));
#11679 = VECTOR('',#11680,1.);
#11680 = DIRECTION('',(-0.,-0.,-1.));
#11681 = PLANE('',#11682);
#11682 = AXIS2_PLACEMENT_3D('',#11683,#11684,#11685);
#11683 = CARTESIAN_POINT('',(-0.2,0.2,3.5));
#11684 = DIRECTION('',(0.,-1.,0.));
#11685 = DIRECTION('',(1.,0.,0.));
#11686 = ADVANCED_FACE('',(#11687),#11705,.F.);
#11687 = FACE_BOUND('',#11688,.F.);
#11688 = EDGE_LOOP('',(#11689,#11690,#11691,#11699));
#11689 = ORIENTED_EDGE('',*,*,#11481,.T.);
#11690 = ORIENTED_EDGE('',*,*,#11676,.T.);
#11691 = ORIENTED_EDGE('',*,*,#11692,.T.);
#11692 = EDGE_CURVE('',#11669,#11693,#11695,.T.);
#11693 = VERTEX_POINT('',#11694);
#11694 = CARTESIAN_POINT('',(0.2,-0.2,-2.5));
#11695 = LINE('',#11696,#11697);
#11696 = CARTESIAN_POINT('',(0.2,0.2,-2.5));
#11697 = VECTOR('',#11698,1.);
#11698 = DIRECTION('',(0.,-1.,0.));
#11699 = ORIENTED_EDGE('',*,*,#11700,.F.);
#11700 = EDGE_CURVE('',#11474,#11693,#11701,.T.);
#11701 = LINE('',#11702,#11703);
#11702 = CARTESIAN_POINT('',(0.2,-0.2,3.5));
#11703 = VECTOR('',#11704,1.);
#11704 = DIRECTION('',(-0.,-0.,-1.));
#11705 = PLANE('',#11706);
#11706 = AXIS2_PLACEMENT_3D('',#11707,#11708,#11709);
#11707 = CARTESIAN_POINT('',(0.2,0.2,3.5));
#11708 = DIRECTION('',(-1.,0.,0.));
#11709 = DIRECTION('',(0.,-1.,0.));
#11710 = ADVANCED_FACE('',(#11711),#11729,.F.);
#11711 = FACE_BOUND('',#11712,.F.);
#11712 = EDGE_LOOP('',(#11713,#11714,#11715,#11723));
#11713 = ORIENTED_EDGE('',*,*,#11473,.T.);
#11714 = ORIENTED_EDGE('',*,*,#11700,.T.);
#11715 = ORIENTED_EDGE('',*,*,#11716,.T.);
#11716 = EDGE_CURVE('',#11693,#11717,#11719,.T.);
#11717 = VERTEX_POINT('',#11718);
#11718 = CARTESIAN_POINT('',(-0.2,-0.2,-2.5));
#11719 = LINE('',#11720,#11721);
#11720 = CARTESIAN_POINT('',(0.2,-0.2,-2.5));
#11721 = VECTOR('',#11722,1.);
#11722 = DIRECTION('',(-1.,0.,0.));
#11723 = ORIENTED_EDGE('',*,*,#11724,.F.);
#11724 = EDGE_CURVE('',#11466,#11717,#11725,.T.);
#11725 = LINE('',#11726,#11727);
#11726 = CARTESIAN_POINT('',(-0.2,-0.2,3.5));
#11727 = VECTOR('',#11728,1.);
#11728 = DIRECTION('',(-0.,-0.,-1.));
#11729 = PLANE('',#11730);
#11730 = AXIS2_PLACEMENT_3D('',#11731,#11732,#11733);
#11731 = CARTESIAN_POINT('',(0.2,-0.2,3.5));
#11732 = DIRECTION('',(0.,1.,0.));
#11733 = DIRECTION('',(-1.,0.,0.));
#11734 = ADVANCED_FACE('',(#11735),#11746,.F.);
#11735 = FACE_BOUND('',#11736,.F.);
#11736 = EDGE_LOOP('',(#11737,#11738,#11739,#11745));
#11737 = ORIENTED_EDGE('',*,*,#11465,.T.);
#11738 = ORIENTED_EDGE('',*,*,#11724,.T.);
#11739 = ORIENTED_EDGE('',*,*,#11740,.T.);
#11740 = EDGE_CURVE('',#11717,#11661,#11741,.T.);
#11741 = LINE('',#11742,#11743);
#11742 = CARTESIAN_POINT('',(-0.2,-0.2,-2.5));
#11743 = VECTOR('',#11744,1.);
#11744 = DIRECTION('',(0.,1.,0.));
#11745 = ORIENTED_EDGE('',*,*,#11660,.F.);
#11746 = PLANE('',#11747);
#11747 = AXIS2_PLACEMENT_3D('',#11748,#11749,#11750);
#11748 = CARTESIAN_POINT('',(-0.2,-0.2,3.5));
#11749 = DIRECTION('',(1.,0.,0.));
#11750 = DIRECTION('',(-0.,1.,0.));
#11751 = ADVANCED_FACE('',(#11752),#11777,.F.);
#11752 = FACE_BOUND('',#11753,.F.);
#11753 = EDGE_LOOP('',(#11754,#11755,#11763,#11771));
#11754 = ORIENTED_EDGE('',*,*,#11489,.T.);
#11755 = ORIENTED_EDGE('',*,*,#11756,.T.);
#11756 = EDGE_CURVE('',#11492,#11757,#11759,.T.);
#11757 = VERTEX_POINT('',#11758);
#11758 = CARTESIAN_POINT('',(2.74,-0.2,-2.5));
#11759 = LINE('',#11760,#11761);
#11760 = CARTESIAN_POINT('',(2.74,-0.2,3.5));
#11761 = VECTOR('',#11762,1.);
#11762 = DIRECTION('',(-0.,-0.,-1.));
#11763 = ORIENTED_EDGE('',*,*,#11764,.T.);
#11764 = EDGE_CURVE('',#11757,#11765,#11767,.T.);
#11765 = VERTEX_POINT('',#11766);
#11766 = CARTESIAN_POINT('',(2.34,-0.2,-2.5));
#11767 = LINE('',#11768,#11769);
#11768 = CARTESIAN_POINT('',(2.74,-0.2,-2.5));
#11769 = VECTOR('',#11770,1.);
#11770 = DIRECTION('',(-1.,0.,0.));
#11771 = ORIENTED_EDGE('',*,*,#11772,.F.);
#11772 = EDGE_CURVE('',#11490,#11765,#11773,.T.);
#11773 = LINE('',#11774,#11775);
#11774 = CARTESIAN_POINT('',(2.34,-0.2,3.5));
#11775 = VECTOR('',#11776,1.);
#11776 = DIRECTION('',(-0.,-0.,-1.));
#11777 = PLANE('',#11778);
#11778 = AXIS2_PLACEMENT_3D('',#11779,#11780,#11781);
#11779 = CARTESIAN_POINT('',(2.74,-0.2,3.5));
#11780 = DIRECTION('',(0.,1.,0.));
#11781 = DIRECTION('',(-1.,0.,0.));
#11782 = ADVANCED_FACE('',(#11783),#11801,.F.);
#11783 = FACE_BOUND('',#11784,.F.);
#11784 = EDGE_LOOP('',(#11785,#11786,#11787,#11795));
#11785 = ORIENTED_EDGE('',*,*,#11515,.T.);
#11786 = ORIENTED_EDGE('',*,*,#11772,.T.);
#11787 = ORIENTED_EDGE('',*,*,#11788,.T.);
#11788 = EDGE_CURVE('',#11765,#11789,#11791,.T.);
#11789 = VERTEX_POINT('',#11790);
#11790 = CARTESIAN_POINT('',(2.34,0.2,-2.5));
#11791 = LINE('',#11792,#11793);
#11792 = CARTESIAN_POINT('',(2.34,-0.2,-2.5));
#11793 = VECTOR('',#11794,1.);
#11794 = DIRECTION('',(0.,1.,0.));
#11795 = ORIENTED_EDGE('',*,*,#11796,.F.);
#11796 = EDGE_CURVE('',#11508,#11789,#11797,.T.);
#11797 = LINE('',#11798,#11799);
#11798 = CARTESIAN_POINT('',(2.34,0.2,3.5));
#11799 = VECTOR('',#11800,1.);
#11800 = DIRECTION('',(-0.,-0.,-1.));
#11801 = PLANE('',#11802);
#11802 = AXIS2_PLACEMENT_3D('',#11803,#11804,#11805);
#11803 = CARTESIAN_POINT('',(2.34,-0.2,3.5));
#11804 = DIRECTION('',(1.,0.,0.));
#11805 = DIRECTION('',(-0.,1.,0.));
#11806 = ADVANCED_FACE('',(#11807),#11825,.F.);
#11807 = FACE_BOUND('',#11808,.F.);
#11808 = EDGE_LOOP('',(#11809,#11810,#11811,#11819));
#11809 = ORIENTED_EDGE('',*,*,#11507,.T.);
#11810 = ORIENTED_EDGE('',*,*,#11796,.T.);
#11811 = ORIENTED_EDGE('',*,*,#11812,.T.);
#11812 = EDGE_CURVE('',#11789,#11813,#11815,.T.);
#11813 = VERTEX_POINT('',#11814);
#11814 = CARTESIAN_POINT('',(2.74,0.2,-2.5));
#11815 = LINE('',#11816,#11817);
#11816 = CARTESIAN_POINT('',(2.34,0.2,-2.5));
#11817 = VECTOR('',#11818,1.);
#11818 = DIRECTION('',(1.,0.,0.));
#11819 = ORIENTED_EDGE('',*,*,#11820,.F.);
#11820 = EDGE_CURVE('',#11500,#11813,#11821,.T.);
#11821 = LINE('',#11822,#11823);
#11822 = CARTESIAN_POINT('',(2.74,0.2,3.5));
#11823 = VECTOR('',#11824,1.);
#11824 = DIRECTION('',(-0.,-0.,-1.));
#11825 = PLANE('',#11826);
#11826 = AXIS2_PLACEMENT_3D('',#11827,#11828,#11829);
#11827 = CARTESIAN_POINT('',(2.34,0.2,3.5));
#11828 = DIRECTION('',(0.,-1.,0.));
#11829 = DIRECTION('',(1.,0.,0.));
#11830 = ADVANCED_FACE('',(#11831),#11842,.F.);
#11831 = FACE_BOUND('',#11832,.F.);
#11832 = EDGE_LOOP('',(#11833,#11834,#11835,#11841));
#11833 = ORIENTED_EDGE('',*,*,#11499,.T.);
#11834 = ORIENTED_EDGE('',*,*,#11820,.T.);
#11835 = ORIENTED_EDGE('',*,*,#11836,.T.);
#11836 = EDGE_CURVE('',#11813,#11757,#11837,.T.);
#11837 = LINE('',#11838,#11839);
#11838 = CARTESIAN_POINT('',(2.74,0.2,-2.5));
#11839 = VECTOR('',#11840,1.);
#11840 = DIRECTION('',(0.,-1.,0.));
#11841 = ORIENTED_EDGE('',*,*,#11756,.F.);
#11842 = PLANE('',#11843);
#11843 = AXIS2_PLACEMENT_3D('',#11844,#11845,#11846);
#11844 = CARTESIAN_POINT('',(2.74,0.2,3.5));
#11845 = DIRECTION('',(-1.,0.,0.));
#11846 = DIRECTION('',(0.,-1.,0.));
#11847 = ADVANCED_FACE('',(#11848),#11873,.F.);
#11848 = FACE_BOUND('',#11849,.F.);
#11849 = EDGE_LOOP('',(#11850,#11851,#11859,#11867));
#11850 = ORIENTED_EDGE('',*,*,#11523,.T.);
#11851 = ORIENTED_EDGE('',*,*,#11852,.T.);
#11852 = EDGE_CURVE('',#11526,#11853,#11855,.T.);
#11853 = VERTEX_POINT('',#11854);
#11854 = CARTESIAN_POINT('',(4.01,-0.2,-2.5));
#11855 = LINE('',#11856,#11857);
#11856 = CARTESIAN_POINT('',(4.01,-0.2,3.5));
#11857 = VECTOR('',#11858,1.);
#11858 = DIRECTION('',(-0.,-0.,-1.));
#11859 = ORIENTED_EDGE('',*,*,#11860,.T.);
#11860 = EDGE_CURVE('',#11853,#11861,#11863,.T.);
#11861 = VERTEX_POINT('',#11862);
#11862 = CARTESIAN_POINT('',(3.61,-0.2,-2.5));
#11863 = LINE('',#11864,#11865);
#11864 = CARTESIAN_POINT('',(4.01,-0.2,-2.5));
#11865 = VECTOR('',#11866,1.);
#11866 = DIRECTION('',(-1.,0.,0.));
#11867 = ORIENTED_EDGE('',*,*,#11868,.F.);
#11868 = EDGE_CURVE('',#11524,#11861,#11869,.T.);
#11869 = LINE('',#11870,#11871);
#11870 = CARTESIAN_POINT('',(3.61,-0.2,3.5));
#11871 = VECTOR('',#11872,1.);
#11872 = DIRECTION('',(-0.,-0.,-1.));
#11873 = PLANE('',#11874);
#11874 = AXIS2_PLACEMENT_3D('',#11875,#11876,#11877);
#11875 = CARTESIAN_POINT('',(4.01,-0.2,3.5));
#11876 = DIRECTION('',(0.,1.,0.));
#11877 = DIRECTION('',(-1.,0.,0.));
#11878 = ADVANCED_FACE('',(#11879),#11897,.F.);
#11879 = FACE_BOUND('',#11880,.F.);
#11880 = EDGE_LOOP('',(#11881,#11882,#11883,#11891));
#11881 = ORIENTED_EDGE('',*,*,#11549,.T.);
#11882 = ORIENTED_EDGE('',*,*,#11868,.T.);
#11883 = ORIENTED_EDGE('',*,*,#11884,.T.);
#11884 = EDGE_CURVE('',#11861,#11885,#11887,.T.);
#11885 = VERTEX_POINT('',#11886);
#11886 = CARTESIAN_POINT('',(3.61,0.2,-2.5));
#11887 = LINE('',#11888,#11889);
#11888 = CARTESIAN_POINT('',(3.61,-0.2,-2.5));
#11889 = VECTOR('',#11890,1.);
#11890 = DIRECTION('',(0.,1.,0.));
#11891 = ORIENTED_EDGE('',*,*,#11892,.F.);
#11892 = EDGE_CURVE('',#11542,#11885,#11893,.T.);
#11893 = LINE('',#11894,#11895);
#11894 = CARTESIAN_POINT('',(3.61,0.2,3.5));
#11895 = VECTOR('',#11896,1.);
#11896 = DIRECTION('',(-0.,-0.,-1.));
#11897 = PLANE('',#11898);
#11898 = AXIS2_PLACEMENT_3D('',#11899,#11900,#11901);
#11899 = CARTESIAN_POINT('',(3.61,-0.2,3.5));
#11900 = DIRECTION('',(1.,0.,0.));
#11901 = DIRECTION('',(-0.,1.,0.));
#11902 = ADVANCED_FACE('',(#11903),#11921,.F.);
#11903 = FACE_BOUND('',#11904,.F.);
#11904 = EDGE_LOOP('',(#11905,#11906,#11907,#11915));
#11905 = ORIENTED_EDGE('',*,*,#11541,.T.);
#11906 = ORIENTED_EDGE('',*,*,#11892,.T.);
#11907 = ORIENTED_EDGE('',*,*,#11908,.T.);
#11908 = EDGE_CURVE('',#11885,#11909,#11911,.T.);
#11909 = VERTEX_POINT('',#11910);
#11910 = CARTESIAN_POINT('',(4.01,0.2,-2.5));
#11911 = LINE('',#11912,#11913);
#11912 = CARTESIAN_POINT('',(3.61,0.2,-2.5));
#11913 = VECTOR('',#11914,1.);
#11914 = DIRECTION('',(1.,0.,0.));
#11915 = ORIENTED_EDGE('',*,*,#11916,.F.);
#11916 = EDGE_CURVE('',#11534,#11909,#11917,.T.);
#11917 = LINE('',#11918,#11919);
#11918 = CARTESIAN_POINT('',(4.01,0.2,3.5));
#11919 = VECTOR('',#11920,1.);
#11920 = DIRECTION('',(-0.,-0.,-1.));
#11921 = PLANE('',#11922);
#11922 = AXIS2_PLACEMENT_3D('',#11923,#11924,#11925);
#11923 = CARTESIAN_POINT('',(3.61,0.2,3.5));
#11924 = DIRECTION('',(0.,-1.,0.));
#11925 = DIRECTION('',(1.,0.,0.));
#11926 = ADVANCED_FACE('',(#11927),#11938,.F.);
#11927 = FACE_BOUND('',#11928,.F.);
#11928 = EDGE_LOOP('',(#11929,#11930,#11931,#11937));
#11929 = ORIENTED_EDGE('',*,*,#11533,.T.);
#11930 = ORIENTED_EDGE('',*,*,#11916,.T.);
#11931 = ORIENTED_EDGE('',*,*,#11932,.T.);
#11932 = EDGE_CURVE('',#11909,#11853,#11933,.T.);
#11933 = LINE('',#11934,#11935);
#11934 = CARTESIAN_POINT('',(4.01,0.2,-2.5));
#11935 = VECTOR('',#11936,1.);
#11936 = DIRECTION('',(0.,-1.,0.));
#11937 = ORIENTED_EDGE('',*,*,#11852,.F.);
#11938 = PLANE('',#11939);
#11939 = AXIS2_PLACEMENT_3D('',#11940,#11941,#11942);
#11940 = CARTESIAN_POINT('',(4.01,0.2,3.5));
#11941 = DIRECTION('',(-1.,0.,0.));
#11942 = DIRECTION('',(0.,-1.,0.));
#11943 = ADVANCED_FACE('',(#11944),#11950,.F.);
#11944 = FACE_BOUND('',#11945,.T.);
#11945 = EDGE_LOOP('',(#11946,#11947,#11948,#11949));
#11946 = ORIENTED_EDGE('',*,*,#11572,.T.);
#11947 = ORIENTED_EDGE('',*,*,#11596,.T.);
#11948 = ORIENTED_EDGE('',*,*,#11620,.T.);
#11949 = ORIENTED_EDGE('',*,*,#11644,.T.);
#11950 = PLANE('',#11951);
#11951 = AXIS2_PLACEMENT_3D('',#11952,#11953,#11954);
#11952 = CARTESIAN_POINT('',(1.07,0.2,-2.5));
#11953 = DIRECTION('',(0.,0.,1.));
#11954 = DIRECTION('',(1.,0.,-0.));
#11955 = ADVANCED_FACE('',(#11956),#11962,.F.);
#11956 = FACE_BOUND('',#11957,.T.);
#11957 = EDGE_LOOP('',(#11958,#11959,#11960,#11961));
#11958 = ORIENTED_EDGE('',*,*,#11668,.T.);
#11959 = ORIENTED_EDGE('',*,*,#11692,.T.);
#11960 = ORIENTED_EDGE('',*,*,#11716,.T.);
#11961 = ORIENTED_EDGE('',*,*,#11740,.T.);
#11962 = PLANE('',#11963);
#11963 = AXIS2_PLACEMENT_3D('',#11964,#11965,#11966);
#11964 = CARTESIAN_POINT('',(-0.2,0.2,-2.5));
#11965 = DIRECTION('',(0.,0.,1.));
#11966 = DIRECTION('',(1.,0.,-0.));
#11967 = ADVANCED_FACE('',(#11968),#11974,.F.);
#11968 = FACE_BOUND('',#11969,.T.);
#11969 = EDGE_LOOP('',(#11970,#11971,#11972,#11973));
#11970 = ORIENTED_EDGE('',*,*,#11812,.T.);
#11971 = ORIENTED_EDGE('',*,*,#11836,.T.);
#11972 = ORIENTED_EDGE('',*,*,#11764,.T.);
#11973 = ORIENTED_EDGE('',*,*,#11788,.T.);
#11974 = PLANE('',#11975);
#11975 = AXIS2_PLACEMENT_3D('',#11976,#11977,#11978);
#11976 = CARTESIAN_POINT('',(2.34,0.2,-2.5));
#11977 = DIRECTION('',(0.,0.,1.));
#11978 = DIRECTION('',(1.,0.,-0.));
#11979 = ADVANCED_FACE('',(#11980),#11986,.F.);
#11980 = FACE_BOUND('',#11981,.T.);
#11981 = EDGE_LOOP('',(#11982,#11983,#11984,#11985));
#11982 = ORIENTED_EDGE('',*,*,#11908,.T.);
#11983 = ORIENTED_EDGE('',*,*,#11932,.T.);
#11984 = ORIENTED_EDGE('',*,*,#11860,.T.);
#11985 = ORIENTED_EDGE('',*,*,#11884,.T.);
#11986 = PLANE('',#11987);
#11987 = AXIS2_PLACEMENT_3D('',#11988,#11989,#11990);
#11988 = CARTESIAN_POINT('',(3.61,0.2,-2.5));
#11989 = DIRECTION('',(0.,0.,1.));
#11990 = DIRECTION('',(1.,0.,-0.));
#11991 = ( GEOMETRIC_REPRESENTATION_CONTEXT(3) 
GLOBAL_UNCERTAINTY_ASSIGNED_CONTEXT((#11995)) 
GLOBAL_UNIT_ASSIGNED_CONTEXT((#11992,#11993,#11994)) 
REPRESENTATION_CONTEXT('Context #1',
  '3D Context with UNIT and UNCERTAINTY') );
#11992 = ( LENGTH_UNIT() NAMED_UNIT(*) SI_UNIT(.MILLI.,.METRE.) );
#11993 = ( NAMED_UNIT(*) PLANE_ANGLE_UNIT() SI_UNIT($,.RADIAN.) );
#11994 = ( NAMED_UNIT(*) SI_UNIT($,.STERADIAN.) SOLID_ANGLE_UNIT() );
#11995 = UNCERTAINTY_MEASURE_WITH_UNIT(LENGTH_MEASURE(1.E-07),#11992,
  'distance_accuracy_value','confusion accuracy');
#11996 = CONTEXT_DEPENDENT_SHAPE_REPRESENTATION(#11997,#11999);
#11997 = ( REPRESENTATION_RELATIONSHIP('','',#11262,#10) 
REPRESENTATION_RELATIONSHIP_WITH_TRANSFORMATION(#11998) 
SHAPE_REPRESENTATION_RELATIONSHIP() );
#11998 = ITEM_DEFINED_TRANSFORMATION('','',#11,#51);
#11999 = PRODUCT_DEFINITION_SHAPE('Placement','Placement of an item',
  #12000);
#12000 = NEXT_ASSEMBLY_USAGE_OCCURRENCE('10','D1','',#5,#11257,$);
#12001 = PRODUCT_RELATED_PRODUCT_CATEGORY('part',$,(#11259));
#12002 = SHAPE_DEFINITION_REPRESENTATION(#12003,#12009);
#12003 = PRODUCT_DEFINITION_SHAPE('','',#12004);
#12004 = PRODUCT_DEFINITION('design','',#12005,#12008);
#12005 = PRODUCT_DEFINITION_FORMATION('','',#12006);
#12006 = PRODUCT('schematic_PCB','schematic_PCB','',(#12007));
#12007 = PRODUCT_CONTEXT('',#2,'mechanical');
#12008 = PRODUCT_DEFINITION_CONTEXT('part definition',#2,'design');
#12009 = ADVANCED_BREP_SHAPE_REPRESENTATION('',(#11,#12010),#13782);
#12010 = MANIFOLD_SOLID_BREP('',#12011);
#12011 = CLOSED_SHELL('',(#12012,#12054,#12085,#12116,#12586,#13056,
    #13073,#13090,#13107,#13124,#13136,#13153,#13170,#13187,#13204,
    #13221,#13238,#13255,#13272,#13289,#13306,#13323,#13340,#13357,
    #13374,#13391,#13408,#13425,#13442,#13459,#13476,#13493,#13510,
    #13527,#13544,#13561,#13578,#13595,#13612,#13629,#13646,#13663,
    #13680,#13697,#13714,#13731,#13748,#13765));
#12012 = ADVANCED_FACE('',(#12013),#12049,.T.);
#12013 = FACE_BOUND('',#12014,.T.);
#12014 = EDGE_LOOP('',(#12015,#12025,#12034,#12042));
#12015 = ORIENTED_EDGE('',*,*,#12016,.T.);
#12016 = EDGE_CURVE('',#12017,#12019,#12021,.T.);
#12017 = VERTEX_POINT('',#12018);
#12018 = CARTESIAN_POINT('',(108.5,-62.5,0.));
#12019 = VERTEX_POINT('',#12020);
#12020 = CARTESIAN_POINT('',(108.5,-62.5,1.51));
#12021 = LINE('',#12022,#12023);
#12022 = CARTESIAN_POINT('',(108.5,-62.5,0.));
#12023 = VECTOR('',#12024,1.);
#12024 = DIRECTION('',(0.,0.,1.));
#12025 = ORIENTED_EDGE('',*,*,#12026,.T.);
#12026 = EDGE_CURVE('',#12019,#12027,#12029,.T.);
#12027 = VERTEX_POINT('',#12028);
#12028 = CARTESIAN_POINT('',(112.5,-66.5,1.51));
#12029 = CIRCLE('',#12030,4.00000042591);
#12030 = AXIS2_PLACEMENT_3D('',#12031,#12032,#12033);
#12031 = CARTESIAN_POINT('',(108.49999957409,-66.50000042591,1.51));
#12032 = DIRECTION('',(0.,0.,-1.));
#12033 = DIRECTION('',(1.064775354421E-07,1.,0.));
#12034 = ORIENTED_EDGE('',*,*,#12035,.F.);
#12035 = EDGE_CURVE('',#12036,#12027,#12038,.T.);
#12036 = VERTEX_POINT('',#12037);
#12037 = CARTESIAN_POINT('',(112.5,-66.5,0.));
#12038 = LINE('',#12039,#12040);
#12039 = CARTESIAN_POINT('',(112.5,-66.5,0.));
#12040 = VECTOR('',#12041,1.);
#12041 = DIRECTION('',(0.,0.,1.));
#12042 = ORIENTED_EDGE('',*,*,#12043,.F.);
#12043 = EDGE_CURVE('',#12017,#12036,#12044,.T.);
#12044 = CIRCLE('',#12045,4.00000042591);
#12045 = AXIS2_PLACEMENT_3D('',#12046,#12047,#12048);
#12046 = CARTESIAN_POINT('',(108.49999957409,-66.50000042591,0.));
#12047 = DIRECTION('',(0.,0.,-1.));
#12048 = DIRECTION('',(1.064775354421E-07,1.,0.));
#12049 = CYLINDRICAL_SURFACE('',#12050,4.00000042591);
#12050 = AXIS2_PLACEMENT_3D('',#12051,#12052,#12053);
#12051 = CARTESIAN_POINT('',(108.49999957409,-66.50000042591,0.));
#12052 = DIRECTION('',(0.,0.,-1.));
#12053 = DIRECTION('',(1.064775354421E-07,1.,0.));
#12054 = ADVANCED_FACE('',(#12055),#12080,.T.);
#12055 = FACE_BOUND('',#12056,.T.);
#12056 = EDGE_LOOP('',(#12057,#12067,#12073,#12074));
#12057 = ORIENTED_EDGE('',*,*,#12058,.T.);
#12058 = EDGE_CURVE('',#12059,#12061,#12063,.T.);
#12059 = VERTEX_POINT('',#12060);
#12060 = CARTESIAN_POINT('',(76.38,-62.5,0.));
#12061 = VERTEX_POINT('',#12062);
#12062 = CARTESIAN_POINT('',(76.38,-62.5,1.51));
#12063 = LINE('',#12064,#12065);
#12064 = CARTESIAN_POINT('',(76.38,-62.5,0.));
#12065 = VECTOR('',#12066,1.);
#12066 = DIRECTION('',(0.,0.,1.));
#12067 = ORIENTED_EDGE('',*,*,#12068,.T.);
#12068 = EDGE_CURVE('',#12061,#12019,#12069,.T.);
#12069 = LINE('',#12070,#12071);
#12070 = CARTESIAN_POINT('',(76.38,-62.5,1.51));
#12071 = VECTOR('',#12072,1.);
#12072 = DIRECTION('',(1.,0.,0.));
#12073 = ORIENTED_EDGE('',*,*,#12016,.F.);
#12074 = ORIENTED_EDGE('',*,*,#12075,.F.);
#12075 = EDGE_CURVE('',#12059,#12017,#12076,.T.);
#12076 = LINE('',#12077,#12078);
#12077 = CARTESIAN_POINT('',(76.38,-62.5,0.));
#12078 = VECTOR('',#12079,1.);
#12079 = DIRECTION('',(1.,0.,0.));
#12080 = PLANE('',#12081);
#12081 = AXIS2_PLACEMENT_3D('',#12082,#12083,#12084);
#12082 = CARTESIAN_POINT('',(76.38,-62.5,0.));
#12083 = DIRECTION('',(0.,1.,0.));
#12084 = DIRECTION('',(1.,0.,0.));
#12085 = ADVANCED_FACE('',(#12086),#12111,.T.);
#12086 = FACE_BOUND('',#12087,.T.);
#12087 = EDGE_LOOP('',(#12088,#12089,#12097,#12105));
#12088 = ORIENTED_EDGE('',*,*,#12035,.T.);
#12089 = ORIENTED_EDGE('',*,*,#12090,.T.);
#12090 = EDGE_CURVE('',#12027,#12091,#12093,.T.);
#12091 = VERTEX_POINT('',#12092);
#12092 = CARTESIAN_POINT('',(112.5,-123.5,1.51));
#12093 = LINE('',#12094,#12095);
#12094 = CARTESIAN_POINT('',(112.5,-66.5,1.51));
#12095 = VECTOR('',#12096,1.);
#12096 = DIRECTION('',(0.,-1.,0.));
#12097 = ORIENTED_EDGE('',*,*,#12098,.F.);
#12098 = EDGE_CURVE('',#12099,#12091,#12101,.T.);
#12099 = VERTEX_POINT('',#12100);
#12100 = CARTESIAN_POINT('',(112.5,-123.5,0.));
#12101 = LINE('',#12102,#12103);
#12102 = CARTESIAN_POINT('',(112.5,-123.5,0.));
#12103 = VECTOR('',#12104,1.);
#12104 = DIRECTION('',(0.,0.,1.));
#12105 = ORIENTED_EDGE('',*,*,#12106,.F.);
#12106 = EDGE_CURVE('',#12036,#12099,#12107,.T.);
#12107 = LINE('',#12108,#12109);
#12108 = CARTESIAN_POINT('',(112.5,-66.5,0.));
#12109 = VECTOR('',#12110,1.);
#12110 = DIRECTION('',(0.,-1.,0.));
#12111 = PLANE('',#12112);
#12112 = AXIS2_PLACEMENT_3D('',#12113,#12114,#12115);
#12113 = CARTESIAN_POINT('',(112.5,-66.5,0.));
#12114 = DIRECTION('',(1.,0.,-0.));
#12115 = DIRECTION('',(0.,-1.,0.));
#12116 = ADVANCED_FACE('',(#12117,#12163,#12174,#12185,#12196,#12207,
    #12218,#12229,#12240,#12251,#12262,#12273,#12284,#12295,#12306,
    #12317,#12328,#12339,#12350,#12361,#12372,#12383,#12394,#12405,
    #12416,#12427,#12438,#12449,#12460,#12471,#12482,#12493,#12504,
    #12515,#12526,#12537,#12548,#12559,#12570),#12581,.F.);
#12117 = FACE_BOUND('',#12118,.F.);
#12118 = EDGE_LOOP('',(#12119,#12120,#12121,#12130,#12138,#12147,#12155,
    #12162));
#12119 = ORIENTED_EDGE('',*,*,#12043,.F.);
#12120 = ORIENTED_EDGE('',*,*,#12075,.F.);
#12121 = ORIENTED_EDGE('',*,*,#12122,.F.);
#12122 = EDGE_CURVE('',#12123,#12059,#12125,.T.);
#12123 = VERTEX_POINT('',#12124);
#12124 = CARTESIAN_POINT('',(72.38,-66.5,0.));
#12125 = CIRCLE('',#12126,4.00000042591);
#12126 = AXIS2_PLACEMENT_3D('',#12127,#12128,#12129);
#12127 = CARTESIAN_POINT('',(76.38000042591,-66.50000042591,0.));
#12128 = DIRECTION('',(0.,0.,-1.));
#12129 = DIRECTION('',(-1.,1.064775389949E-07,0.));
#12130 = ORIENTED_EDGE('',*,*,#12131,.F.);
#12131 = EDGE_CURVE('',#12132,#12123,#12134,.T.);
#12132 = VERTEX_POINT('',#12133);
#12133 = CARTESIAN_POINT('',(72.38,-123.5,0.));
#12134 = LINE('',#12135,#12136);
#12135 = CARTESIAN_POINT('',(72.38,-123.5,0.));
#12136 = VECTOR('',#12137,1.);
#12137 = DIRECTION('',(0.,1.,0.));
#12138 = ORIENTED_EDGE('',*,*,#12139,.F.);
#12139 = EDGE_CURVE('',#12140,#12132,#12142,.T.);
#12140 = VERTEX_POINT('',#12141);
#12141 = CARTESIAN_POINT('',(76.38,-127.5,0.));
#12142 = CIRCLE('',#12143,4.00000042591);
#12143 = AXIS2_PLACEMENT_3D('',#12144,#12145,#12146);
#12144 = CARTESIAN_POINT('',(76.38000042591,-123.499999574,0.));
#12145 = DIRECTION('',(0.,0.,-1.));
#12146 = DIRECTION('',(-1.064775389949E-07,-1.,-0.));
#12147 = ORIENTED_EDGE('',*,*,#12148,.F.);
#12148 = EDGE_CURVE('',#12149,#12140,#12151,.T.);
#12149 = VERTEX_POINT('',#12150);
#12150 = CARTESIAN_POINT('',(108.5,-127.5,0.));
#12151 = LINE('',#12152,#12153);
#12152 = CARTESIAN_POINT('',(108.5,-127.5,0.));
#12153 = VECTOR('',#12154,1.);
#12154 = DIRECTION('',(-1.,0.,0.));
#12155 = ORIENTED_EDGE('',*,*,#12156,.F.);
#12156 = EDGE_CURVE('',#12099,#12149,#12157,.T.);
#12157 = CIRCLE('',#12158,4.00000042591);
#12158 = AXIS2_PLACEMENT_3D('',#12159,#12160,#12161);
#12159 = CARTESIAN_POINT('',(108.49999957409,-123.499999574,0.));
#12160 = DIRECTION('',(0.,0.,-1.));
#12161 = DIRECTION('',(1.,-1.064775318894E-07,0.));
#12162 = ORIENTED_EDGE('',*,*,#12106,.F.);
#12163 = FACE_BOUND('',#12164,.F.);
#12164 = EDGE_LOOP('',(#12165));
#12165 = ORIENTED_EDGE('',*,*,#12166,.T.);
#12166 = EDGE_CURVE('',#12167,#12167,#12169,.T.);
#12167 = VERTEX_POINT('',#12168);
#12168 = CARTESIAN_POINT('',(77.5,-123.6,0.));
#12169 = CIRCLE('',#12170,1.1);
#12170 = AXIS2_PLACEMENT_3D('',#12171,#12172,#12173);
#12171 = CARTESIAN_POINT('',(77.5,-122.5,0.));
#12172 = DIRECTION('',(-0.,0.,-1.));
#12173 = DIRECTION('',(-0.,-1.,0.));
#12174 = FACE_BOUND('',#12175,.F.);
#12175 = EDGE_LOOP('',(#12176));
#12176 = ORIENTED_EDGE('',*,*,#12177,.T.);
#12177 = EDGE_CURVE('',#12178,#12178,#12180,.T.);
#12178 = VERTEX_POINT('',#12179);
#12179 = CARTESIAN_POINT('',(89.92,-123.,0.));
#12180 = CIRCLE('',#12181,0.5);
#12181 = AXIS2_PLACEMENT_3D('',#12182,#12183,#12184);
#12182 = CARTESIAN_POINT('',(89.92,-122.5,0.));
#12183 = DIRECTION('',(-0.,0.,-1.));
#12184 = DIRECTION('',(-0.,-1.,0.));
#12185 = FACE_BOUND('',#12186,.F.);
#12186 = EDGE_LOOP('',(#12187));
#12187 = ORIENTED_EDGE('',*,*,#12188,.T.);
#12188 = EDGE_CURVE('',#12189,#12189,#12191,.T.);
#12189 = VERTEX_POINT('',#12190);
#12190 = CARTESIAN_POINT('',(92.46,-123.,0.));
#12191 = CIRCLE('',#12192,0.5);
#12192 = AXIS2_PLACEMENT_3D('',#12193,#12194,#12195);
#12193 = CARTESIAN_POINT('',(92.46,-122.5,0.));
#12194 = DIRECTION('',(-0.,0.,-1.));
#12195 = DIRECTION('',(-0.,-1.,0.));
#12196 = FACE_BOUND('',#12197,.F.);
#12197 = EDGE_LOOP('',(#12198));
#12198 = ORIENTED_EDGE('',*,*,#12199,.T.);
#12199 = EDGE_CURVE('',#12200,#12200,#12202,.T.);
#12200 = VERTEX_POINT('',#12201);
#12201 = CARTESIAN_POINT('',(77.3,-105.628,0.));
#12202 = CIRCLE('',#12203,0.508);
#12203 = AXIS2_PLACEMENT_3D('',#12204,#12205,#12206);
#12204 = CARTESIAN_POINT('',(77.3,-105.12,0.));
#12205 = DIRECTION('',(-0.,0.,-1.));
#12206 = DIRECTION('',(-2.797412345512E-14,-1.,0.));
#12207 = FACE_BOUND('',#12208,.F.);
#12208 = EDGE_LOOP('',(#12209));
#12209 = ORIENTED_EDGE('',*,*,#12210,.T.);
#12210 = EDGE_CURVE('',#12211,#12211,#12213,.T.);
#12211 = VERTEX_POINT('',#12212);
#12212 = CARTESIAN_POINT('',(79.84,-105.628,0.));
#12213 = CIRCLE('',#12214,0.508);
#12214 = AXIS2_PLACEMENT_3D('',#12215,#12216,#12217);
#12215 = CARTESIAN_POINT('',(79.84,-105.12,0.));
#12216 = DIRECTION('',(-0.,0.,-1.));
#12217 = DIRECTION('',(-0.,-1.,0.));
#12218 = FACE_BOUND('',#12219,.F.);
#12219 = EDGE_LOOP('',(#12220));
#12220 = ORIENTED_EDGE('',*,*,#12221,.T.);
#12221 = EDGE_CURVE('',#12222,#12222,#12224,.T.);
#12222 = VERTEX_POINT('',#12223);
#12223 = CARTESIAN_POINT('',(82.38,-105.628,0.));
#12224 = CIRCLE('',#12225,0.508);
#12225 = AXIS2_PLACEMENT_3D('',#12226,#12227,#12228);
#12226 = CARTESIAN_POINT('',(82.38,-105.12,0.));
#12227 = DIRECTION('',(-0.,0.,-1.));
#12228 = DIRECTION('',(-0.,-1.,0.));
#12229 = FACE_BOUND('',#12230,.F.);
#12230 = EDGE_LOOP('',(#12231));
#12231 = ORIENTED_EDGE('',*,*,#12232,.T.);
#12232 = EDGE_CURVE('',#12233,#12233,#12235,.T.);
#12233 = VERTEX_POINT('',#12234);
#12234 = CARTESIAN_POINT('',(84.92,-105.628,0.));
#12235 = CIRCLE('',#12236,0.508);
#12236 = AXIS2_PLACEMENT_3D('',#12237,#12238,#12239);
#12237 = CARTESIAN_POINT('',(84.92,-105.12,0.));
#12238 = DIRECTION('',(-0.,0.,-1.));
#12239 = DIRECTION('',(-0.,-1.,0.));
#12240 = FACE_BOUND('',#12241,.F.);
#12241 = EDGE_LOOP('',(#12242));
#12242 = ORIENTED_EDGE('',*,*,#12243,.T.);
#12243 = EDGE_CURVE('',#12244,#12244,#12246,.T.);
#12244 = VERTEX_POINT('',#12245);
#12245 = CARTESIAN_POINT('',(87.46,-105.628,0.));
#12246 = CIRCLE('',#12247,0.508);
#12247 = AXIS2_PLACEMENT_3D('',#12248,#12249,#12250);
#12248 = CARTESIAN_POINT('',(87.46,-105.12,0.));
#12249 = DIRECTION('',(-0.,0.,-1.));
#12250 = DIRECTION('',(-2.797412345512E-14,-1.,0.));
#12251 = FACE_BOUND('',#12252,.F.);
#12252 = EDGE_LOOP('',(#12253));
#12253 = ORIENTED_EDGE('',*,*,#12254,.T.);
#12254 = EDGE_CURVE('',#12255,#12255,#12257,.T.);
#12255 = VERTEX_POINT('',#12256);
#12256 = CARTESIAN_POINT('',(90.,-105.628,0.));
#12257 = CIRCLE('',#12258,0.508);
#12258 = AXIS2_PLACEMENT_3D('',#12259,#12260,#12261);
#12259 = CARTESIAN_POINT('',(90.,-105.12,0.));
#12260 = DIRECTION('',(-0.,0.,-1.));
#12261 = DIRECTION('',(-0.,-1.,0.));
#12262 = FACE_BOUND('',#12263,.F.);
#12263 = EDGE_LOOP('',(#12264));
#12264 = ORIENTED_EDGE('',*,*,#12265,.T.);
#12265 = EDGE_CURVE('',#12266,#12266,#12268,.T.);
#12266 = VERTEX_POINT('',#12267);
#12267 = CARTESIAN_POINT('',(95.,-123.,0.));
#12268 = CIRCLE('',#12269,0.5);
#12269 = AXIS2_PLACEMENT_3D('',#12270,#12271,#12272);
#12270 = CARTESIAN_POINT('',(95.,-122.5,0.));
#12271 = DIRECTION('',(-0.,0.,-1.));
#12272 = DIRECTION('',(-0.,-1.,0.));
#12273 = FACE_BOUND('',#12274,.F.);
#12274 = EDGE_LOOP('',(#12275));
#12275 = ORIENTED_EDGE('',*,*,#12276,.T.);
#12276 = EDGE_CURVE('',#12277,#12277,#12279,.T.);
#12277 = VERTEX_POINT('',#12278);
#12278 = CARTESIAN_POINT('',(99.25,-117.55,0.));
#12279 = CIRCLE('',#12280,0.55);
#12280 = AXIS2_PLACEMENT_3D('',#12281,#12282,#12283);
#12281 = CARTESIAN_POINT('',(99.25,-117.,0.));
#12282 = DIRECTION('',(-0.,0.,-1.));
#12283 = DIRECTION('',(-0.,-1.,0.));
#12284 = FACE_BOUND('',#12285,.F.);
#12285 = EDGE_LOOP('',(#12286));
#12286 = ORIENTED_EDGE('',*,*,#12287,.T.);
#12287 = EDGE_CURVE('',#12288,#12288,#12290,.T.);
#12288 = VERTEX_POINT('',#12289);
#12289 = CARTESIAN_POINT('',(99.25,-113.05,0.));
#12290 = CIRCLE('',#12291,0.55);
#12291 = AXIS2_PLACEMENT_3D('',#12292,#12293,#12294);
#12292 = CARTESIAN_POINT('',(99.25,-112.5,0.));
#12293 = DIRECTION('',(-0.,0.,-1.));
#12294 = DIRECTION('',(-0.,-1.,0.));
#12295 = FACE_BOUND('',#12296,.F.);
#12296 = EDGE_LOOP('',(#12297));
#12297 = ORIENTED_EDGE('',*,*,#12298,.T.);
#12298 = EDGE_CURVE('',#12299,#12299,#12301,.T.);
#12299 = VERTEX_POINT('',#12300);
#12300 = CARTESIAN_POINT('',(107.5,-123.6,0.));
#12301 = CIRCLE('',#12302,1.1);
#12302 = AXIS2_PLACEMENT_3D('',#12303,#12304,#12305);
#12303 = CARTESIAN_POINT('',(107.5,-122.5,0.));
#12304 = DIRECTION('',(-0.,0.,-1.));
#12305 = DIRECTION('',(-0.,-1.,0.));
#12306 = FACE_BOUND('',#12307,.F.);
#12307 = EDGE_LOOP('',(#12308));
#12308 = ORIENTED_EDGE('',*,*,#12309,.T.);
#12309 = EDGE_CURVE('',#12310,#12310,#12312,.T.);
#12310 = VERTEX_POINT('',#12311);
#12311 = CARTESIAN_POINT('',(105.75,-117.55,0.));
#12312 = CIRCLE('',#12313,0.55);
#12313 = AXIS2_PLACEMENT_3D('',#12314,#12315,#12316);
#12314 = CARTESIAN_POINT('',(105.75,-117.,0.));
#12315 = DIRECTION('',(-0.,0.,-1.));
#12316 = DIRECTION('',(-0.,-1.,0.));
#12317 = FACE_BOUND('',#12318,.F.);
#12318 = EDGE_LOOP('',(#12319));
#12319 = ORIENTED_EDGE('',*,*,#12320,.T.);
#12320 = EDGE_CURVE('',#12321,#12321,#12323,.T.);
#12321 = VERTEX_POINT('',#12322);
#12322 = CARTESIAN_POINT('',(105.75,-113.05,0.));
#12323 = CIRCLE('',#12324,0.55);
#12324 = AXIS2_PLACEMENT_3D('',#12325,#12326,#12327);
#12325 = CARTESIAN_POINT('',(105.75,-112.5,0.));
#12326 = DIRECTION('',(-0.,0.,-1.));
#12327 = DIRECTION('',(-0.,-1.,0.));
#12328 = FACE_BOUND('',#12329,.F.);
#12329 = EDGE_LOOP('',(#12330));
#12330 = ORIENTED_EDGE('',*,*,#12331,.T.);
#12331 = EDGE_CURVE('',#12332,#12332,#12334,.T.);
#12332 = VERTEX_POINT('',#12333);
#12333 = CARTESIAN_POINT('',(92.54,-105.628,0.));
#12334 = CIRCLE('',#12335,0.508);
#12335 = AXIS2_PLACEMENT_3D('',#12336,#12337,#12338);
#12336 = CARTESIAN_POINT('',(92.54,-105.12,0.));
#12337 = DIRECTION('',(-0.,0.,-1.));
#12338 = DIRECTION('',(2.797412345512E-14,-1.,-0.));
#12339 = FACE_BOUND('',#12340,.F.);
#12340 = EDGE_LOOP('',(#12341));
#12341 = ORIENTED_EDGE('',*,*,#12342,.T.);
#12342 = EDGE_CURVE('',#12343,#12343,#12345,.T.);
#12343 = VERTEX_POINT('',#12344);
#12344 = CARTESIAN_POINT('',(99.96,-105.45,0.));
#12345 = CIRCLE('',#12346,0.45);
#12346 = AXIS2_PLACEMENT_3D('',#12347,#12348,#12349);
#12347 = CARTESIAN_POINT('',(99.96,-105.,0.));
#12348 = DIRECTION('',(-0.,0.,-1.));
#12349 = DIRECTION('',(-3.157967714489E-14,-1.,0.));
#12350 = FACE_BOUND('',#12351,.F.);
#12351 = EDGE_LOOP('',(#12352));
#12352 = ORIENTED_EDGE('',*,*,#12353,.T.);
#12353 = EDGE_CURVE('',#12354,#12354,#12356,.T.);
#12354 = VERTEX_POINT('',#12355);
#12355 = CARTESIAN_POINT('',(101.23,-105.45,0.));
#12356 = CIRCLE('',#12357,0.45);
#12357 = AXIS2_PLACEMENT_3D('',#12358,#12359,#12360);
#12358 = CARTESIAN_POINT('',(101.23,-105.,0.));
#12359 = DIRECTION('',(-0.,0.,-1.));
#12360 = DIRECTION('',(-0.,-1.,0.));
#12361 = FACE_BOUND('',#12362,.F.);
#12362 = EDGE_LOOP('',(#12363));
#12363 = ORIENTED_EDGE('',*,*,#12364,.T.);
#12364 = EDGE_CURVE('',#12365,#12365,#12367,.T.);
#12365 = VERTEX_POINT('',#12366);
#12366 = CARTESIAN_POINT('',(102.5,-105.45,0.));
#12367 = CIRCLE('',#12368,0.45);
#12368 = AXIS2_PLACEMENT_3D('',#12369,#12370,#12371);
#12369 = CARTESIAN_POINT('',(102.5,-105.,0.));
#12370 = DIRECTION('',(-0.,0.,-1.));
#12371 = DIRECTION('',(-0.,-1.,0.));
#12372 = FACE_BOUND('',#12373,.F.);
#12373 = EDGE_LOOP('',(#12374));
#12374 = ORIENTED_EDGE('',*,*,#12375,.T.);
#12375 = EDGE_CURVE('',#12376,#12376,#12378,.T.);
#12376 = VERTEX_POINT('',#12377);
#12377 = CARTESIAN_POINT('',(103.77,-105.45,0.));
#12378 = CIRCLE('',#12379,0.45);
#12379 = AXIS2_PLACEMENT_3D('',#12380,#12381,#12382);
#12380 = CARTESIAN_POINT('',(103.77,-105.,0.));
#12381 = DIRECTION('',(-0.,0.,-1.));
#12382 = DIRECTION('',(-0.,-1.,0.));
#12383 = FACE_BOUND('',#12384,.F.);
#12384 = EDGE_LOOP('',(#12385));
#12385 = ORIENTED_EDGE('',*,*,#12386,.T.);
#12386 = EDGE_CURVE('',#12387,#12387,#12389,.T.);
#12387 = VERTEX_POINT('',#12388);
#12388 = CARTESIAN_POINT('',(102.7,-100.548,0.));
#12389 = CIRCLE('',#12390,0.508);
#12390 = AXIS2_PLACEMENT_3D('',#12391,#12392,#12393);
#12391 = CARTESIAN_POINT('',(102.7,-100.04,0.));
#12392 = DIRECTION('',(-0.,0.,-1.));
#12393 = DIRECTION('',(2.797412345512E-14,-1.,-0.));
#12394 = FACE_BOUND('',#12395,.F.);
#12395 = EDGE_LOOP('',(#12396));
#12396 = ORIENTED_EDGE('',*,*,#12397,.T.);
#12397 = EDGE_CURVE('',#12398,#12398,#12400,.T.);
#12398 = VERTEX_POINT('',#12399);
#12399 = CARTESIAN_POINT('',(77.3,-90.388,0.));
#12400 = CIRCLE('',#12401,0.508);
#12401 = AXIS2_PLACEMENT_3D('',#12402,#12403,#12404);
#12402 = CARTESIAN_POINT('',(77.3,-89.88,0.));
#12403 = DIRECTION('',(-0.,0.,-1.));
#12404 = DIRECTION('',(-2.797412345512E-14,-1.,0.));
#12405 = FACE_BOUND('',#12406,.F.);
#12406 = EDGE_LOOP('',(#12407));
#12407 = ORIENTED_EDGE('',*,*,#12408,.T.);
#12408 = EDGE_CURVE('',#12409,#12409,#12411,.T.);
#12409 = VERTEX_POINT('',#12410);
#12410 = CARTESIAN_POINT('',(79.84,-90.388,0.));
#12411 = CIRCLE('',#12412,0.508);
#12412 = AXIS2_PLACEMENT_3D('',#12413,#12414,#12415);
#12413 = CARTESIAN_POINT('',(79.84,-89.88,0.));
#12414 = DIRECTION('',(-0.,0.,-1.));
#12415 = DIRECTION('',(-0.,-1.,0.));
#12416 = FACE_BOUND('',#12417,.F.);
#12417 = EDGE_LOOP('',(#12418));
#12418 = ORIENTED_EDGE('',*,*,#12419,.T.);
#12419 = EDGE_CURVE('',#12420,#12420,#12422,.T.);
#12420 = VERTEX_POINT('',#12421);
#12421 = CARTESIAN_POINT('',(82.38,-90.388,0.));
#12422 = CIRCLE('',#12423,0.508);
#12423 = AXIS2_PLACEMENT_3D('',#12424,#12425,#12426);
#12424 = CARTESIAN_POINT('',(82.38,-89.88,0.));
#12425 = DIRECTION('',(-0.,0.,-1.));
#12426 = DIRECTION('',(-0.,-1.,0.));
#12427 = FACE_BOUND('',#12428,.F.);
#12428 = EDGE_LOOP('',(#12429));
#12429 = ORIENTED_EDGE('',*,*,#12430,.T.);
#12430 = EDGE_CURVE('',#12431,#12431,#12433,.T.);
#12431 = VERTEX_POINT('',#12432);
#12432 = CARTESIAN_POINT('',(84.92,-90.388,0.));
#12433 = CIRCLE('',#12434,0.508);
#12434 = AXIS2_PLACEMENT_3D('',#12435,#12436,#12437);
#12435 = CARTESIAN_POINT('',(84.92,-89.88,0.));
#12436 = DIRECTION('',(-0.,0.,-1.));
#12437 = DIRECTION('',(-0.,-1.,0.));
#12438 = FACE_BOUND('',#12439,.F.);
#12439 = EDGE_LOOP('',(#12440));
#12440 = ORIENTED_EDGE('',*,*,#12441,.T.);
#12441 = EDGE_CURVE('',#12442,#12442,#12444,.T.);
#12442 = VERTEX_POINT('',#12443);
#12443 = CARTESIAN_POINT('',(87.46,-90.388,0.));
#12444 = CIRCLE('',#12445,0.508);
#12445 = AXIS2_PLACEMENT_3D('',#12446,#12447,#12448);
#12446 = CARTESIAN_POINT('',(87.46,-89.88,0.));
#12447 = DIRECTION('',(-0.,0.,-1.));
#12448 = DIRECTION('',(-2.797412345512E-14,-1.,0.));
#12449 = FACE_BOUND('',#12450,.F.);
#12450 = EDGE_LOOP('',(#12451));
#12451 = ORIENTED_EDGE('',*,*,#12452,.T.);
#12452 = EDGE_CURVE('',#12453,#12453,#12455,.T.);
#12453 = VERTEX_POINT('',#12454);
#12454 = CARTESIAN_POINT('',(90.,-90.388,0.));
#12455 = CIRCLE('',#12456,0.508);
#12456 = AXIS2_PLACEMENT_3D('',#12457,#12458,#12459);
#12457 = CARTESIAN_POINT('',(90.,-89.88,0.));
#12458 = DIRECTION('',(-0.,0.,-1.));
#12459 = DIRECTION('',(-0.,-1.,0.));
#12460 = FACE_BOUND('',#12461,.F.);
#12461 = EDGE_LOOP('',(#12462));
#12462 = ORIENTED_EDGE('',*,*,#12463,.T.);
#12463 = EDGE_CURVE('',#12464,#12464,#12466,.T.);
#12464 = VERTEX_POINT('',#12465);
#12465 = CARTESIAN_POINT('',(77.5,-68.6,0.));
#12466 = CIRCLE('',#12467,1.1);
#12467 = AXIS2_PLACEMENT_3D('',#12468,#12469,#12470);
#12468 = CARTESIAN_POINT('',(77.5,-67.5,0.));
#12469 = DIRECTION('',(-0.,0.,-1.));
#12470 = DIRECTION('',(-0.,-1.,0.));
#12471 = FACE_BOUND('',#12472,.F.);
#12472 = EDGE_LOOP('',(#12473));
#12473 = ORIENTED_EDGE('',*,*,#12474,.T.);
#12474 = EDGE_CURVE('',#12475,#12475,#12477,.T.);
#12475 = VERTEX_POINT('',#12476);
#12476 = CARTESIAN_POINT('',(85.,-78.08,0.));
#12477 = CIRCLE('',#12478,0.5);
#12478 = AXIS2_PLACEMENT_3D('',#12479,#12480,#12481);
#12479 = CARTESIAN_POINT('',(85.,-77.58,0.));
#12480 = DIRECTION('',(-0.,0.,-1.));
#12481 = DIRECTION('',(-0.,-1.,0.));
#12482 = FACE_BOUND('',#12483,.F.);
#12483 = EDGE_LOOP('',(#12484));
#12484 = ORIENTED_EDGE('',*,*,#12485,.T.);
#12485 = EDGE_CURVE('',#12486,#12486,#12488,.T.);
#12486 = VERTEX_POINT('',#12487);
#12487 = CARTESIAN_POINT('',(85.,-75.54,0.));
#12488 = CIRCLE('',#12489,0.5);
#12489 = AXIS2_PLACEMENT_3D('',#12490,#12491,#12492);
#12490 = CARTESIAN_POINT('',(85.,-75.04,0.));
#12491 = DIRECTION('',(-0.,0.,-1.));
#12492 = DIRECTION('',(-0.,-1.,0.));
#12493 = FACE_BOUND('',#12494,.F.);
#12494 = EDGE_LOOP('',(#12495));
#12495 = ORIENTED_EDGE('',*,*,#12496,.T.);
#12496 = EDGE_CURVE('',#12497,#12497,#12499,.T.);
#12497 = VERTEX_POINT('',#12498);
#12498 = CARTESIAN_POINT('',(85.,-73.,0.));
#12499 = CIRCLE('',#12500,0.5);
#12500 = AXIS2_PLACEMENT_3D('',#12501,#12502,#12503);
#12501 = CARTESIAN_POINT('',(85.,-72.5,0.));
#12502 = DIRECTION('',(-0.,0.,-1.));
#12503 = DIRECTION('',(-0.,-1.,0.));
#12504 = FACE_BOUND('',#12505,.F.);
#12505 = EDGE_LOOP('',(#12506));
#12506 = ORIENTED_EDGE('',*,*,#12507,.T.);
#12507 = EDGE_CURVE('',#12508,#12508,#12510,.T.);
#12508 = VERTEX_POINT('',#12509);
#12509 = CARTESIAN_POINT('',(85.,-70.46,0.));
#12510 = CIRCLE('',#12511,0.5);
#12511 = AXIS2_PLACEMENT_3D('',#12512,#12513,#12514);
#12512 = CARTESIAN_POINT('',(85.,-69.96,0.));
#12513 = DIRECTION('',(-0.,0.,-1.));
#12514 = DIRECTION('',(-0.,-1.,0.));
#12515 = FACE_BOUND('',#12516,.F.);
#12516 = EDGE_LOOP('',(#12517));
#12517 = ORIENTED_EDGE('',*,*,#12518,.T.);
#12518 = EDGE_CURVE('',#12519,#12519,#12521,.T.);
#12519 = VERTEX_POINT('',#12520);
#12520 = CARTESIAN_POINT('',(85.,-67.92,0.));
#12521 = CIRCLE('',#12522,0.5);
#12522 = AXIS2_PLACEMENT_3D('',#12523,#12524,#12525);
#12523 = CARTESIAN_POINT('',(85.,-67.42,0.));
#12524 = DIRECTION('',(-0.,0.,-1.));
#12525 = DIRECTION('',(-0.,-1.,0.));
#12526 = FACE_BOUND('',#12527,.F.);
#12527 = EDGE_LOOP('',(#12528));
#12528 = ORIENTED_EDGE('',*,*,#12529,.T.);
#12529 = EDGE_CURVE('',#12530,#12530,#12532,.T.);
#12530 = VERTEX_POINT('',#12531);
#12531 = CARTESIAN_POINT('',(92.54,-90.388,0.));
#12532 = CIRCLE('',#12533,0.508);
#12533 = AXIS2_PLACEMENT_3D('',#12534,#12535,#12536);
#12534 = CARTESIAN_POINT('',(92.54,-89.88,0.));
#12535 = DIRECTION('',(-0.,0.,-1.));
#12536 = DIRECTION('',(2.797412345512E-14,-1.,-0.));
#12537 = FACE_BOUND('',#12538,.F.);
#12538 = EDGE_LOOP('',(#12539));
#12539 = ORIENTED_EDGE('',*,*,#12540,.T.);
#12540 = EDGE_CURVE('',#12541,#12541,#12543,.T.);
#12541 = VERTEX_POINT('',#12542);
#12542 = CARTESIAN_POINT('',(102.7,-95.468,0.));
#12543 = CIRCLE('',#12544,0.508);
#12544 = AXIS2_PLACEMENT_3D('',#12545,#12546,#12547);
#12545 = CARTESIAN_POINT('',(102.7,-94.96,0.));
#12546 = DIRECTION('',(-0.,0.,-1.));
#12547 = DIRECTION('',(2.797412345512E-14,-1.,-0.));
#12548 = FACE_BOUND('',#12549,.F.);
#12549 = EDGE_LOOP('',(#12550));
#12550 = ORIENTED_EDGE('',*,*,#12551,.T.);
#12551 = EDGE_CURVE('',#12552,#12552,#12554,.T.);
#12552 = VERTEX_POINT('',#12553);
#12553 = CARTESIAN_POINT('',(105.,-88.,0.));
#12554 = CIRCLE('',#12555,0.5);
#12555 = AXIS2_PLACEMENT_3D('',#12556,#12557,#12558);
#12556 = CARTESIAN_POINT('',(105.,-87.5,0.));
#12557 = DIRECTION('',(-0.,0.,-1.));
#12558 = DIRECTION('',(-0.,-1.,0.));
#12559 = FACE_BOUND('',#12560,.F.);
#12560 = EDGE_LOOP('',(#12561));
#12561 = ORIENTED_EDGE('',*,*,#12562,.T.);
#12562 = EDGE_CURVE('',#12563,#12563,#12565,.T.);
#12563 = VERTEX_POINT('',#12564);
#12564 = CARTESIAN_POINT('',(107.54,-88.,0.));
#12565 = CIRCLE('',#12566,0.5);
#12566 = AXIS2_PLACEMENT_3D('',#12567,#12568,#12569);
#12567 = CARTESIAN_POINT('',(107.54,-87.5,0.));
#12568 = DIRECTION('',(-0.,0.,-1.));
#12569 = DIRECTION('',(-0.,-1.,0.));
#12570 = FACE_BOUND('',#12571,.F.);
#12571 = EDGE_LOOP('',(#12572));
#12572 = ORIENTED_EDGE('',*,*,#12573,.T.);
#12573 = EDGE_CURVE('',#12574,#12574,#12576,.T.);
#12574 = VERTEX_POINT('',#12575);
#12575 = CARTESIAN_POINT('',(107.5,-68.6,0.));
#12576 = CIRCLE('',#12577,1.1);
#12577 = AXIS2_PLACEMENT_3D('',#12578,#12579,#12580);
#12578 = CARTESIAN_POINT('',(107.5,-67.5,0.));
#12579 = DIRECTION('',(-0.,0.,-1.));
#12580 = DIRECTION('',(-0.,-1.,0.));
#12581 = PLANE('',#12582);
#12582 = AXIS2_PLACEMENT_3D('',#12583,#12584,#12585);
#12583 = CARTESIAN_POINT('',(0.,0.,0.));
#12584 = DIRECTION('',(0.,0.,1.));
#12585 = DIRECTION('',(1.,0.,-0.));
#12586 = ADVANCED_FACE('',(#12587,#12633,#12644,#12655,#12666,#12677,
    #12688,#12699,#12710,#12721,#12732,#12743,#12754,#12765,#12776,
    #12787,#12798,#12809,#12820,#12831,#12842,#12853,#12864,#12875,
    #12886,#12897,#12908,#12919,#12930,#12941,#12952,#12963,#12974,
    #12985,#12996,#13007,#13018,#13029,#13040),#13051,.T.);
#12587 = FACE_BOUND('',#12588,.T.);
#12588 = EDGE_LOOP('',(#12589,#12590,#12591,#12600,#12608,#12617,#12625,
    #12632));
#12589 = ORIENTED_EDGE('',*,*,#12026,.F.);
#12590 = ORIENTED_EDGE('',*,*,#12068,.F.);
#12591 = ORIENTED_EDGE('',*,*,#12592,.F.);
#12592 = EDGE_CURVE('',#12593,#12061,#12595,.T.);
#12593 = VERTEX_POINT('',#12594);
#12594 = CARTESIAN_POINT('',(72.38,-66.5,1.51));
#12595 = CIRCLE('',#12596,4.00000042591);
#12596 = AXIS2_PLACEMENT_3D('',#12597,#12598,#12599);
#12597 = CARTESIAN_POINT('',(76.38000042591,-66.50000042591,1.51));
#12598 = DIRECTION('',(0.,0.,-1.));
#12599 = DIRECTION('',(-1.,1.064775389949E-07,0.));
#12600 = ORIENTED_EDGE('',*,*,#12601,.F.);
#12601 = EDGE_CURVE('',#12602,#12593,#12604,.T.);
#12602 = VERTEX_POINT('',#12603);
#12603 = CARTESIAN_POINT('',(72.38,-123.5,1.51));
#12604 = LINE('',#12605,#12606);
#12605 = CARTESIAN_POINT('',(72.38,-123.5,1.51));
#12606 = VECTOR('',#12607,1.);
#12607 = DIRECTION('',(0.,1.,0.));
#12608 = ORIENTED_EDGE('',*,*,#12609,.F.);
#12609 = EDGE_CURVE('',#12610,#12602,#12612,.T.);
#12610 = VERTEX_POINT('',#12611);
#12611 = CARTESIAN_POINT('',(76.38,-127.5,1.51));
#12612 = CIRCLE('',#12613,4.00000042591);
#12613 = AXIS2_PLACEMENT_3D('',#12614,#12615,#12616);
#12614 = CARTESIAN_POINT('',(76.38000042591,-123.499999574,1.51));
#12615 = DIRECTION('',(0.,0.,-1.));
#12616 = DIRECTION('',(-1.064775389949E-07,-1.,-0.));
#12617 = ORIENTED_EDGE('',*,*,#12618,.F.);
#12618 = EDGE_CURVE('',#12619,#12610,#12621,.T.);
#12619 = VERTEX_POINT('',#12620);
#12620 = CARTESIAN_POINT('',(108.5,-127.5,1.51));
#12621 = LINE('',#12622,#12623);
#12622 = CARTESIAN_POINT('',(108.5,-127.5,1.51));
#12623 = VECTOR('',#12624,1.);
#12624 = DIRECTION('',(-1.,0.,0.));
#12625 = ORIENTED_EDGE('',*,*,#12626,.F.);
#12626 = EDGE_CURVE('',#12091,#12619,#12627,.T.);
#12627 = CIRCLE('',#12628,4.00000042591);
#12628 = AXIS2_PLACEMENT_3D('',#12629,#12630,#12631);
#12629 = CARTESIAN_POINT('',(108.49999957409,-123.499999574,1.51));
#12630 = DIRECTION('',(0.,0.,-1.));
#12631 = DIRECTION('',(1.,-1.064775318894E-07,0.));
#12632 = ORIENTED_EDGE('',*,*,#12090,.F.);
#12633 = FACE_BOUND('',#12634,.T.);
#12634 = EDGE_LOOP('',(#12635));
#12635 = ORIENTED_EDGE('',*,*,#12636,.T.);
#12636 = EDGE_CURVE('',#12637,#12637,#12639,.T.);
#12637 = VERTEX_POINT('',#12638);
#12638 = CARTESIAN_POINT('',(77.5,-123.6,1.51));
#12639 = CIRCLE('',#12640,1.1);
#12640 = AXIS2_PLACEMENT_3D('',#12641,#12642,#12643);
#12641 = CARTESIAN_POINT('',(77.5,-122.5,1.51));
#12642 = DIRECTION('',(-0.,0.,-1.));
#12643 = DIRECTION('',(-0.,-1.,0.));
#12644 = FACE_BOUND('',#12645,.T.);
#12645 = EDGE_LOOP('',(#12646));
#12646 = ORIENTED_EDGE('',*,*,#12647,.T.);
#12647 = EDGE_CURVE('',#12648,#12648,#12650,.T.);
#12648 = VERTEX_POINT('',#12649);
#12649 = CARTESIAN_POINT('',(89.92,-123.,1.51));
#12650 = CIRCLE('',#12651,0.5);
#12651 = AXIS2_PLACEMENT_3D('',#12652,#12653,#12654);
#12652 = CARTESIAN_POINT('',(89.92,-122.5,1.51));
#12653 = DIRECTION('',(-0.,0.,-1.));
#12654 = DIRECTION('',(-0.,-1.,0.));
#12655 = FACE_BOUND('',#12656,.T.);
#12656 = EDGE_LOOP('',(#12657));
#12657 = ORIENTED_EDGE('',*,*,#12658,.T.);
#12658 = EDGE_CURVE('',#12659,#12659,#12661,.T.);
#12659 = VERTEX_POINT('',#12660);
#12660 = CARTESIAN_POINT('',(92.46,-123.,1.51));
#12661 = CIRCLE('',#12662,0.5);
#12662 = AXIS2_PLACEMENT_3D('',#12663,#12664,#12665);
#12663 = CARTESIAN_POINT('',(92.46,-122.5,1.51));
#12664 = DIRECTION('',(-0.,0.,-1.));
#12665 = DIRECTION('',(-0.,-1.,0.));
#12666 = FACE_BOUND('',#12667,.T.);
#12667 = EDGE_LOOP('',(#12668));
#12668 = ORIENTED_EDGE('',*,*,#12669,.T.);
#12669 = EDGE_CURVE('',#12670,#12670,#12672,.T.);
#12670 = VERTEX_POINT('',#12671);
#12671 = CARTESIAN_POINT('',(77.3,-105.628,1.51));
#12672 = CIRCLE('',#12673,0.508);
#12673 = AXIS2_PLACEMENT_3D('',#12674,#12675,#12676);
#12674 = CARTESIAN_POINT('',(77.3,-105.12,1.51));
#12675 = DIRECTION('',(-0.,0.,-1.));
#12676 = DIRECTION('',(-2.797412345512E-14,-1.,0.));
#12677 = FACE_BOUND('',#12678,.T.);
#12678 = EDGE_LOOP('',(#12679));
#12679 = ORIENTED_EDGE('',*,*,#12680,.T.);
#12680 = EDGE_CURVE('',#12681,#12681,#12683,.T.);
#12681 = VERTEX_POINT('',#12682);
#12682 = CARTESIAN_POINT('',(79.84,-105.628,1.51));
#12683 = CIRCLE('',#12684,0.508);
#12684 = AXIS2_PLACEMENT_3D('',#12685,#12686,#12687);
#12685 = CARTESIAN_POINT('',(79.84,-105.12,1.51));
#12686 = DIRECTION('',(-0.,0.,-1.));
#12687 = DIRECTION('',(-0.,-1.,0.));
#12688 = FACE_BOUND('',#12689,.T.);
#12689 = EDGE_LOOP('',(#12690));
#12690 = ORIENTED_EDGE('',*,*,#12691,.T.);
#12691 = EDGE_CURVE('',#12692,#12692,#12694,.T.);
#12692 = VERTEX_POINT('',#12693);
#12693 = CARTESIAN_POINT('',(82.38,-105.628,1.51));
#12694 = CIRCLE('',#12695,0.508);
#12695 = AXIS2_PLACEMENT_3D('',#12696,#12697,#12698);
#12696 = CARTESIAN_POINT('',(82.38,-105.12,1.51));
#12697 = DIRECTION('',(-0.,0.,-1.));
#12698 = DIRECTION('',(-0.,-1.,0.));
#12699 = FACE_BOUND('',#12700,.T.);
#12700 = EDGE_LOOP('',(#12701));
#12701 = ORIENTED_EDGE('',*,*,#12702,.T.);
#12702 = EDGE_CURVE('',#12703,#12703,#12705,.T.);
#12703 = VERTEX_POINT('',#12704);
#12704 = CARTESIAN_POINT('',(84.92,-105.628,1.51));
#12705 = CIRCLE('',#12706,0.508);
#12706 = AXIS2_PLACEMENT_3D('',#12707,#12708,#12709);
#12707 = CARTESIAN_POINT('',(84.92,-105.12,1.51));
#12708 = DIRECTION('',(-0.,0.,-1.));
#12709 = DIRECTION('',(-0.,-1.,0.));
#12710 = FACE_BOUND('',#12711,.T.);
#12711 = EDGE_LOOP('',(#12712));
#12712 = ORIENTED_EDGE('',*,*,#12713,.T.);
#12713 = EDGE_CURVE('',#12714,#12714,#12716,.T.);
#12714 = VERTEX_POINT('',#12715);
#12715 = CARTESIAN_POINT('',(87.46,-105.628,1.51));
#12716 = CIRCLE('',#12717,0.508);
#12717 = AXIS2_PLACEMENT_3D('',#12718,#12719,#12720);
#12718 = CARTESIAN_POINT('',(87.46,-105.12,1.51));
#12719 = DIRECTION('',(-0.,0.,-1.));
#12720 = DIRECTION('',(-2.797412345512E-14,-1.,0.));
#12721 = FACE_BOUND('',#12722,.T.);
#12722 = EDGE_LOOP('',(#12723));
#12723 = ORIENTED_EDGE('',*,*,#12724,.T.);
#12724 = EDGE_CURVE('',#12725,#12725,#12727,.T.);
#12725 = VERTEX_POINT('',#12726);
#12726 = CARTESIAN_POINT('',(90.,-105.628,1.51));
#12727 = CIRCLE('',#12728,0.508);
#12728 = AXIS2_PLACEMENT_3D('',#12729,#12730,#12731);
#12729 = CARTESIAN_POINT('',(90.,-105.12,1.51));
#12730 = DIRECTION('',(-0.,0.,-1.));
#12731 = DIRECTION('',(-0.,-1.,0.));
#12732 = FACE_BOUND('',#12733,.T.);
#12733 = EDGE_LOOP('',(#12734));
#12734 = ORIENTED_EDGE('',*,*,#12735,.T.);
#12735 = EDGE_CURVE('',#12736,#12736,#12738,.T.);
#12736 = VERTEX_POINT('',#12737);
#12737 = CARTESIAN_POINT('',(95.,-123.,1.51));
#12738 = CIRCLE('',#12739,0.5);
#12739 = AXIS2_PLACEMENT_3D('',#12740,#12741,#12742);
#12740 = CARTESIAN_POINT('',(95.,-122.5,1.51));
#12741 = DIRECTION('',(-0.,0.,-1.));
#12742 = DIRECTION('',(-0.,-1.,0.));
#12743 = FACE_BOUND('',#12744,.T.);
#12744 = EDGE_LOOP('',(#12745));
#12745 = ORIENTED_EDGE('',*,*,#12746,.T.);
#12746 = EDGE_CURVE('',#12747,#12747,#12749,.T.);
#12747 = VERTEX_POINT('',#12748);
#12748 = CARTESIAN_POINT('',(99.25,-117.55,1.51));
#12749 = CIRCLE('',#12750,0.55);
#12750 = AXIS2_PLACEMENT_3D('',#12751,#12752,#12753);
#12751 = CARTESIAN_POINT('',(99.25,-117.,1.51));
#12752 = DIRECTION('',(-0.,0.,-1.));
#12753 = DIRECTION('',(-0.,-1.,0.));
#12754 = FACE_BOUND('',#12755,.T.);
#12755 = EDGE_LOOP('',(#12756));
#12756 = ORIENTED_EDGE('',*,*,#12757,.T.);
#12757 = EDGE_CURVE('',#12758,#12758,#12760,.T.);
#12758 = VERTEX_POINT('',#12759);
#12759 = CARTESIAN_POINT('',(99.25,-113.05,1.51));
#12760 = CIRCLE('',#12761,0.55);
#12761 = AXIS2_PLACEMENT_3D('',#12762,#12763,#12764);
#12762 = CARTESIAN_POINT('',(99.25,-112.5,1.51));
#12763 = DIRECTION('',(-0.,0.,-1.));
#12764 = DIRECTION('',(-0.,-1.,0.));
#12765 = FACE_BOUND('',#12766,.T.);
#12766 = EDGE_LOOP('',(#12767));
#12767 = ORIENTED_EDGE('',*,*,#12768,.T.);
#12768 = EDGE_CURVE('',#12769,#12769,#12771,.T.);
#12769 = VERTEX_POINT('',#12770);
#12770 = CARTESIAN_POINT('',(107.5,-123.6,1.51));
#12771 = CIRCLE('',#12772,1.1);
#12772 = AXIS2_PLACEMENT_3D('',#12773,#12774,#12775);
#12773 = CARTESIAN_POINT('',(107.5,-122.5,1.51));
#12774 = DIRECTION('',(-0.,0.,-1.));
#12775 = DIRECTION('',(-0.,-1.,0.));
#12776 = FACE_BOUND('',#12777,.T.);
#12777 = EDGE_LOOP('',(#12778));
#12778 = ORIENTED_EDGE('',*,*,#12779,.T.);
#12779 = EDGE_CURVE('',#12780,#12780,#12782,.T.);
#12780 = VERTEX_POINT('',#12781);
#12781 = CARTESIAN_POINT('',(105.75,-117.55,1.51));
#12782 = CIRCLE('',#12783,0.55);
#12783 = AXIS2_PLACEMENT_3D('',#12784,#12785,#12786);
#12784 = CARTESIAN_POINT('',(105.75,-117.,1.51));
#12785 = DIRECTION('',(-0.,0.,-1.));
#12786 = DIRECTION('',(-0.,-1.,0.));
#12787 = FACE_BOUND('',#12788,.T.);
#12788 = EDGE_LOOP('',(#12789));
#12789 = ORIENTED_EDGE('',*,*,#12790,.T.);
#12790 = EDGE_CURVE('',#12791,#12791,#12793,.T.);
#12791 = VERTEX_POINT('',#12792);
#12792 = CARTESIAN_POINT('',(105.75,-113.05,1.51));
#12793 = CIRCLE('',#12794,0.55);
#12794 = AXIS2_PLACEMENT_3D('',#12795,#12796,#12797);
#12795 = CARTESIAN_POINT('',(105.75,-112.5,1.51));
#12796 = DIRECTION('',(-0.,0.,-1.));
#12797 = DIRECTION('',(-0.,-1.,0.));
#12798 = FACE_BOUND('',#12799,.T.);
#12799 = EDGE_LOOP('',(#12800));
#12800 = ORIENTED_EDGE('',*,*,#12801,.T.);
#12801 = EDGE_CURVE('',#12802,#12802,#12804,.T.);
#12802 = VERTEX_POINT('',#12803);
#12803 = CARTESIAN_POINT('',(92.54,-105.628,1.51));
#12804 = CIRCLE('',#12805,0.508);
#12805 = AXIS2_PLACEMENT_3D('',#12806,#12807,#12808);
#12806 = CARTESIAN_POINT('',(92.54,-105.12,1.51));
#12807 = DIRECTION('',(-0.,0.,-1.));
#12808 = DIRECTION('',(2.797412345512E-14,-1.,-0.));
#12809 = FACE_BOUND('',#12810,.T.);
#12810 = EDGE_LOOP('',(#12811));
#12811 = ORIENTED_EDGE('',*,*,#12812,.T.);
#12812 = EDGE_CURVE('',#12813,#12813,#12815,.T.);
#12813 = VERTEX_POINT('',#12814);
#12814 = CARTESIAN_POINT('',(99.96,-105.45,1.51));
#12815 = CIRCLE('',#12816,0.45);
#12816 = AXIS2_PLACEMENT_3D('',#12817,#12818,#12819);
#12817 = CARTESIAN_POINT('',(99.96,-105.,1.51));
#12818 = DIRECTION('',(-0.,0.,-1.));
#12819 = DIRECTION('',(-3.157967714489E-14,-1.,0.));
#12820 = FACE_BOUND('',#12821,.T.);
#12821 = EDGE_LOOP('',(#12822));
#12822 = ORIENTED_EDGE('',*,*,#12823,.T.);
#12823 = EDGE_CURVE('',#12824,#12824,#12826,.T.);
#12824 = VERTEX_POINT('',#12825);
#12825 = CARTESIAN_POINT('',(101.23,-105.45,1.51));
#12826 = CIRCLE('',#12827,0.45);
#12827 = AXIS2_PLACEMENT_3D('',#12828,#12829,#12830);
#12828 = CARTESIAN_POINT('',(101.23,-105.,1.51));
#12829 = DIRECTION('',(-0.,0.,-1.));
#12830 = DIRECTION('',(-0.,-1.,0.));
#12831 = FACE_BOUND('',#12832,.T.);
#12832 = EDGE_LOOP('',(#12833));
#12833 = ORIENTED_EDGE('',*,*,#12834,.T.);
#12834 = EDGE_CURVE('',#12835,#12835,#12837,.T.);
#12835 = VERTEX_POINT('',#12836);
#12836 = CARTESIAN_POINT('',(102.5,-105.45,1.51));
#12837 = CIRCLE('',#12838,0.45);
#12838 = AXIS2_PLACEMENT_3D('',#12839,#12840,#12841);
#12839 = CARTESIAN_POINT('',(102.5,-105.,1.51));
#12840 = DIRECTION('',(-0.,0.,-1.));
#12841 = DIRECTION('',(-0.,-1.,0.));
#12842 = FACE_BOUND('',#12843,.T.);
#12843 = EDGE_LOOP('',(#12844));
#12844 = ORIENTED_EDGE('',*,*,#12845,.T.);
#12845 = EDGE_CURVE('',#12846,#12846,#12848,.T.);
#12846 = VERTEX_POINT('',#12847);
#12847 = CARTESIAN_POINT('',(103.77,-105.45,1.51));
#12848 = CIRCLE('',#12849,0.45);
#12849 = AXIS2_PLACEMENT_3D('',#12850,#12851,#12852);
#12850 = CARTESIAN_POINT('',(103.77,-105.,1.51));
#12851 = DIRECTION('',(-0.,0.,-1.));
#12852 = DIRECTION('',(-0.,-1.,0.));
#12853 = FACE_BOUND('',#12854,.T.);
#12854 = EDGE_LOOP('',(#12855));
#12855 = ORIENTED_EDGE('',*,*,#12856,.T.);
#12856 = EDGE_CURVE('',#12857,#12857,#12859,.T.);
#12857 = VERTEX_POINT('',#12858);
#12858 = CARTESIAN_POINT('',(102.7,-100.548,1.51));
#12859 = CIRCLE('',#12860,0.508);
#12860 = AXIS2_PLACEMENT_3D('',#12861,#12862,#12863);
#12861 = CARTESIAN_POINT('',(102.7,-100.04,1.51));
#12862 = DIRECTION('',(-0.,0.,-1.));
#12863 = DIRECTION('',(2.797412345512E-14,-1.,-0.));
#12864 = FACE_BOUND('',#12865,.T.);
#12865 = EDGE_LOOP('',(#12866));
#12866 = ORIENTED_EDGE('',*,*,#12867,.T.);
#12867 = EDGE_CURVE('',#12868,#12868,#12870,.T.);
#12868 = VERTEX_POINT('',#12869);
#12869 = CARTESIAN_POINT('',(77.3,-90.388,1.51));
#12870 = CIRCLE('',#12871,0.508);
#12871 = AXIS2_PLACEMENT_3D('',#12872,#12873,#12874);
#12872 = CARTESIAN_POINT('',(77.3,-89.88,1.51));
#12873 = DIRECTION('',(-0.,0.,-1.));
#12874 = DIRECTION('',(-2.797412345512E-14,-1.,0.));
#12875 = FACE_BOUND('',#12876,.T.);
#12876 = EDGE_LOOP('',(#12877));
#12877 = ORIENTED_EDGE('',*,*,#12878,.T.);
#12878 = EDGE_CURVE('',#12879,#12879,#12881,.T.);
#12879 = VERTEX_POINT('',#12880);
#12880 = CARTESIAN_POINT('',(79.84,-90.388,1.51));
#12881 = CIRCLE('',#12882,0.508);
#12882 = AXIS2_PLACEMENT_3D('',#12883,#12884,#12885);
#12883 = CARTESIAN_POINT('',(79.84,-89.88,1.51));
#12884 = DIRECTION('',(-0.,0.,-1.));
#12885 = DIRECTION('',(-0.,-1.,0.));
#12886 = FACE_BOUND('',#12887,.T.);
#12887 = EDGE_LOOP('',(#12888));
#12888 = ORIENTED_EDGE('',*,*,#12889,.T.);
#12889 = EDGE_CURVE('',#12890,#12890,#12892,.T.);
#12890 = VERTEX_POINT('',#12891);
#12891 = CARTESIAN_POINT('',(82.38,-90.388,1.51));
#12892 = CIRCLE('',#12893,0.508);
#12893 = AXIS2_PLACEMENT_3D('',#12894,#12895,#12896);
#12894 = CARTESIAN_POINT('',(82.38,-89.88,1.51));
#12895 = DIRECTION('',(-0.,0.,-1.));
#12896 = DIRECTION('',(-0.,-1.,0.));
#12897 = FACE_BOUND('',#12898,.T.);
#12898 = EDGE_LOOP('',(#12899));
#12899 = ORIENTED_EDGE('',*,*,#12900,.T.);
#12900 = EDGE_CURVE('',#12901,#12901,#12903,.T.);
#12901 = VERTEX_POINT('',#12902);
#12902 = CARTESIAN_POINT('',(84.92,-90.388,1.51));
#12903 = CIRCLE('',#12904,0.508);
#12904 = AXIS2_PLACEMENT_3D('',#12905,#12906,#12907);
#12905 = CARTESIAN_POINT('',(84.92,-89.88,1.51));
#12906 = DIRECTION('',(-0.,0.,-1.));
#12907 = DIRECTION('',(-0.,-1.,0.));
#12908 = FACE_BOUND('',#12909,.T.);
#12909 = EDGE_LOOP('',(#12910));
#12910 = ORIENTED_EDGE('',*,*,#12911,.T.);
#12911 = EDGE_CURVE('',#12912,#12912,#12914,.T.);
#12912 = VERTEX_POINT('',#12913);
#12913 = CARTESIAN_POINT('',(87.46,-90.388,1.51));
#12914 = CIRCLE('',#12915,0.508);
#12915 = AXIS2_PLACEMENT_3D('',#12916,#12917,#12918);
#12916 = CARTESIAN_POINT('',(87.46,-89.88,1.51));
#12917 = DIRECTION('',(-0.,0.,-1.));
#12918 = DIRECTION('',(-2.797412345512E-14,-1.,0.));
#12919 = FACE_BOUND('',#12920,.T.);
#12920 = EDGE_LOOP('',(#12921));
#12921 = ORIENTED_EDGE('',*,*,#12922,.T.);
#12922 = EDGE_CURVE('',#12923,#12923,#12925,.T.);
#12923 = VERTEX_POINT('',#12924);
#12924 = CARTESIAN_POINT('',(90.,-90.388,1.51));
#12925 = CIRCLE('',#12926,0.508);
#12926 = AXIS2_PLACEMENT_3D('',#12927,#12928,#12929);
#12927 = CARTESIAN_POINT('',(90.,-89.88,1.51));
#12928 = DIRECTION('',(-0.,0.,-1.));
#12929 = DIRECTION('',(-0.,-1.,0.));
#12930 = FACE_BOUND('',#12931,.T.);
#12931 = EDGE_LOOP('',(#12932));
#12932 = ORIENTED_EDGE('',*,*,#12933,.T.);
#12933 = EDGE_CURVE('',#12934,#12934,#12936,.T.);
#12934 = VERTEX_POINT('',#12935);
#12935 = CARTESIAN_POINT('',(77.5,-68.6,1.51));
#12936 = CIRCLE('',#12937,1.1);
#12937 = AXIS2_PLACEMENT_3D('',#12938,#12939,#12940);
#12938 = CARTESIAN_POINT('',(77.5,-67.5,1.51));
#12939 = DIRECTION('',(-0.,0.,-1.));
#12940 = DIRECTION('',(-0.,-1.,0.));
#12941 = FACE_BOUND('',#12942,.T.);
#12942 = EDGE_LOOP('',(#12943));
#12943 = ORIENTED_EDGE('',*,*,#12944,.T.);
#12944 = EDGE_CURVE('',#12945,#12945,#12947,.T.);
#12945 = VERTEX_POINT('',#12946);
#12946 = CARTESIAN_POINT('',(85.,-78.08,1.51));
#12947 = CIRCLE('',#12948,0.5);
#12948 = AXIS2_PLACEMENT_3D('',#12949,#12950,#12951);
#12949 = CARTESIAN_POINT('',(85.,-77.58,1.51));
#12950 = DIRECTION('',(-0.,0.,-1.));
#12951 = DIRECTION('',(-0.,-1.,0.));
#12952 = FACE_BOUND('',#12953,.T.);
#12953 = EDGE_LOOP('',(#12954));
#12954 = ORIENTED_EDGE('',*,*,#12955,.T.);
#12955 = EDGE_CURVE('',#12956,#12956,#12958,.T.);
#12956 = VERTEX_POINT('',#12957);
#12957 = CARTESIAN_POINT('',(85.,-75.54,1.51));
#12958 = CIRCLE('',#12959,0.5);
#12959 = AXIS2_PLACEMENT_3D('',#12960,#12961,#12962);
#12960 = CARTESIAN_POINT('',(85.,-75.04,1.51));
#12961 = DIRECTION('',(-0.,0.,-1.));
#12962 = DIRECTION('',(-0.,-1.,0.));
#12963 = FACE_BOUND('',#12964,.T.);
#12964 = EDGE_LOOP('',(#12965));
#12965 = ORIENTED_EDGE('',*,*,#12966,.T.);
#12966 = EDGE_CURVE('',#12967,#12967,#12969,.T.);
#12967 = VERTEX_POINT('',#12968);
#12968 = CARTESIAN_POINT('',(85.,-73.,1.51));
#12969 = CIRCLE('',#12970,0.5);
#12970 = AXIS2_PLACEMENT_3D('',#12971,#12972,#12973);
#12971 = CARTESIAN_POINT('',(85.,-72.5,1.51));
#12972 = DIRECTION('',(-0.,0.,-1.));
#12973 = DIRECTION('',(-0.,-1.,0.));
#12974 = FACE_BOUND('',#12975,.T.);
#12975 = EDGE_LOOP('',(#12976));
#12976 = ORIENTED_EDGE('',*,*,#12977,.T.);
#12977 = EDGE_CURVE('',#12978,#12978,#12980,.T.);
#12978 = VERTEX_POINT('',#12979);
#12979 = CARTESIAN_POINT('',(85.,-70.46,1.51));
#12980 = CIRCLE('',#12981,0.5);
#12981 = AXIS2_PLACEMENT_3D('',#12982,#12983,#12984);
#12982 = CARTESIAN_POINT('',(85.,-69.96,1.51));
#12983 = DIRECTION('',(-0.,0.,-1.));
#12984 = DIRECTION('',(-0.,-1.,0.));
#12985 = FACE_BOUND('',#12986,.T.);
#12986 = EDGE_LOOP('',(#12987));
#12987 = ORIENTED_EDGE('',*,*,#12988,.T.);
#12988 = EDGE_CURVE('',#12989,#12989,#12991,.T.);
#12989 = VERTEX_POINT('',#12990);
#12990 = CARTESIAN_POINT('',(85.,-67.92,1.51));
#12991 = CIRCLE('',#12992,0.5);
#12992 = AXIS2_PLACEMENT_3D('',#12993,#12994,#12995);
#12993 = CARTESIAN_POINT('',(85.,-67.42,1.51));
#12994 = DIRECTION('',(-0.,0.,-1.));
#12995 = DIRECTION('',(-0.,-1.,0.));
#12996 = FACE_BOUND('',#12997,.T.);
#12997 = EDGE_LOOP('',(#12998));
#12998 = ORIENTED_EDGE('',*,*,#12999,.T.);
#12999 = EDGE_CURVE('',#13000,#13000,#13002,.T.);
#13000 = VERTEX_POINT('',#13001);
#13001 = CARTESIAN_POINT('',(92.54,-90.388,1.51));
#13002 = CIRCLE('',#13003,0.508);
#13003 = AXIS2_PLACEMENT_3D('',#13004,#13005,#13006);
#13004 = CARTESIAN_POINT('',(92.54,-89.88,1.51));
#13005 = DIRECTION('',(-0.,0.,-1.));
#13006 = DIRECTION('',(2.797412345512E-14,-1.,-0.));
#13007 = FACE_BOUND('',#13008,.T.);
#13008 = EDGE_LOOP('',(#13009));
#13009 = ORIENTED_EDGE('',*,*,#13010,.T.);
#13010 = EDGE_CURVE('',#13011,#13011,#13013,.T.);
#13011 = VERTEX_POINT('',#13012);
#13012 = CARTESIAN_POINT('',(102.7,-95.468,1.51));
#13013 = CIRCLE('',#13014,0.508);
#13014 = AXIS2_PLACEMENT_3D('',#13015,#13016,#13017);
#13015 = CARTESIAN_POINT('',(102.7,-94.96,1.51));
#13016 = DIRECTION('',(-0.,0.,-1.));
#13017 = DIRECTION('',(2.797412345512E-14,-1.,-0.));
#13018 = FACE_BOUND('',#13019,.T.);
#13019 = EDGE_LOOP('',(#13020));
#13020 = ORIENTED_EDGE('',*,*,#13021,.T.);
#13021 = EDGE_CURVE('',#13022,#13022,#13024,.T.);
#13022 = VERTEX_POINT('',#13023);
#13023 = CARTESIAN_POINT('',(105.,-88.,1.51));
#13024 = CIRCLE('',#13025,0.5);
#13025 = AXIS2_PLACEMENT_3D('',#13026,#13027,#13028);
#13026 = CARTESIAN_POINT('',(105.,-87.5,1.51));
#13027 = DIRECTION('',(-0.,0.,-1.));
#13028 = DIRECTION('',(-0.,-1.,0.));
#13029 = FACE_BOUND('',#13030,.T.);
#13030 = EDGE_LOOP('',(#13031));
#13031 = ORIENTED_EDGE('',*,*,#13032,.T.);
#13032 = EDGE_CURVE('',#13033,#13033,#13035,.T.);
#13033 = VERTEX_POINT('',#13034);
#13034 = CARTESIAN_POINT('',(107.54,-88.,1.51));
#13035 = CIRCLE('',#13036,0.5);
#13036 = AXIS2_PLACEMENT_3D('',#13037,#13038,#13039);
#13037 = CARTESIAN_POINT('',(107.54,-87.5,1.51));
#13038 = DIRECTION('',(-0.,0.,-1.));
#13039 = DIRECTION('',(-0.,-1.,0.));
#13040 = FACE_BOUND('',#13041,.T.);
#13041 = EDGE_LOOP('',(#13042));
#13042 = ORIENTED_EDGE('',*,*,#13043,.T.);
#13043 = EDGE_CURVE('',#13044,#13044,#13046,.T.);
#13044 = VERTEX_POINT('',#13045);
#13045 = CARTESIAN_POINT('',(107.5,-68.6,1.51));
#13046 = CIRCLE('',#13047,1.1);
#13047 = AXIS2_PLACEMENT_3D('',#13048,#13049,#13050);
#13048 = CARTESIAN_POINT('',(107.5,-67.5,1.51));
#13049 = DIRECTION('',(-0.,0.,-1.));
#13050 = DIRECTION('',(-0.,-1.,0.));
#13051 = PLANE('',#13052);
#13052 = AXIS2_PLACEMENT_3D('',#13053,#13054,#13055);
#13053 = CARTESIAN_POINT('',(0.,0.,1.51));
#13054 = DIRECTION('',(0.,0.,1.));
#13055 = DIRECTION('',(1.,0.,-0.));
#13056 = ADVANCED_FACE('',(#13057),#13068,.T.);
#13057 = FACE_BOUND('',#13058,.T.);
#13058 = EDGE_LOOP('',(#13059,#13065,#13066,#13067));
#13059 = ORIENTED_EDGE('',*,*,#13060,.T.);
#13060 = EDGE_CURVE('',#12123,#12593,#13061,.T.);
#13061 = LINE('',#13062,#13063);
#13062 = CARTESIAN_POINT('',(72.38,-66.5,0.));
#13063 = VECTOR('',#13064,1.);
#13064 = DIRECTION('',(0.,0.,1.));
#13065 = ORIENTED_EDGE('',*,*,#12592,.T.);
#13066 = ORIENTED_EDGE('',*,*,#12058,.F.);
#13067 = ORIENTED_EDGE('',*,*,#12122,.F.);
#13068 = CYLINDRICAL_SURFACE('',#13069,4.00000042591);
#13069 = AXIS2_PLACEMENT_3D('',#13070,#13071,#13072);
#13070 = CARTESIAN_POINT('',(76.38000042591,-66.50000042591,0.));
#13071 = DIRECTION('',(0.,0.,-1.));
#13072 = DIRECTION('',(-1.,1.064775389949E-07,0.));
#13073 = ADVANCED_FACE('',(#13074),#13085,.T.);
#13074 = FACE_BOUND('',#13075,.T.);
#13075 = EDGE_LOOP('',(#13076,#13077,#13078,#13084));
#13076 = ORIENTED_EDGE('',*,*,#12098,.T.);
#13077 = ORIENTED_EDGE('',*,*,#12626,.T.);
#13078 = ORIENTED_EDGE('',*,*,#13079,.F.);
#13079 = EDGE_CURVE('',#12149,#12619,#13080,.T.);
#13080 = LINE('',#13081,#13082);
#13081 = CARTESIAN_POINT('',(108.5,-127.5,0.));
#13082 = VECTOR('',#13083,1.);
#13083 = DIRECTION('',(0.,0.,1.));
#13084 = ORIENTED_EDGE('',*,*,#12156,.F.);
#13085 = CYLINDRICAL_SURFACE('',#13086,4.00000042591);
#13086 = AXIS2_PLACEMENT_3D('',#13087,#13088,#13089);
#13087 = CARTESIAN_POINT('',(108.49999957409,-123.499999574,0.));
#13088 = DIRECTION('',(0.,0.,-1.));
#13089 = DIRECTION('',(1.,-1.064775318894E-07,0.));
#13090 = ADVANCED_FACE('',(#13091),#13102,.T.);
#13091 = FACE_BOUND('',#13092,.T.);
#13092 = EDGE_LOOP('',(#13093,#13099,#13100,#13101));
#13093 = ORIENTED_EDGE('',*,*,#13094,.T.);
#13094 = EDGE_CURVE('',#12132,#12602,#13095,.T.);
#13095 = LINE('',#13096,#13097);
#13096 = CARTESIAN_POINT('',(72.38,-123.5,0.));
#13097 = VECTOR('',#13098,1.);
#13098 = DIRECTION('',(0.,0.,1.));
#13099 = ORIENTED_EDGE('',*,*,#12601,.T.);
#13100 = ORIENTED_EDGE('',*,*,#13060,.F.);
#13101 = ORIENTED_EDGE('',*,*,#12131,.F.);
#13102 = PLANE('',#13103);
#13103 = AXIS2_PLACEMENT_3D('',#13104,#13105,#13106);
#13104 = CARTESIAN_POINT('',(72.38,-123.5,0.));
#13105 = DIRECTION('',(-1.,0.,0.));
#13106 = DIRECTION('',(0.,1.,0.));
#13107 = ADVANCED_FACE('',(#13108),#13119,.T.);
#13108 = FACE_BOUND('',#13109,.T.);
#13109 = EDGE_LOOP('',(#13110,#13111,#13112,#13118));
#13110 = ORIENTED_EDGE('',*,*,#13079,.T.);
#13111 = ORIENTED_EDGE('',*,*,#12618,.T.);
#13112 = ORIENTED_EDGE('',*,*,#13113,.F.);
#13113 = EDGE_CURVE('',#12140,#12610,#13114,.T.);
#13114 = LINE('',#13115,#13116);
#13115 = CARTESIAN_POINT('',(76.38,-127.5,0.));
#13116 = VECTOR('',#13117,1.);
#13117 = DIRECTION('',(0.,0.,1.));
#13118 = ORIENTED_EDGE('',*,*,#12148,.F.);
#13119 = PLANE('',#13120);
#13120 = AXIS2_PLACEMENT_3D('',#13121,#13122,#13123);
#13121 = CARTESIAN_POINT('',(108.5,-127.5,0.));
#13122 = DIRECTION('',(0.,-1.,0.));
#13123 = DIRECTION('',(-1.,0.,0.));
#13124 = ADVANCED_FACE('',(#13125),#13131,.T.);
#13125 = FACE_BOUND('',#13126,.T.);
#13126 = EDGE_LOOP('',(#13127,#13128,#13129,#13130));
#13127 = ORIENTED_EDGE('',*,*,#13113,.T.);
#13128 = ORIENTED_EDGE('',*,*,#12609,.T.);
#13129 = ORIENTED_EDGE('',*,*,#13094,.F.);
#13130 = ORIENTED_EDGE('',*,*,#12139,.F.);
#13131 = CYLINDRICAL_SURFACE('',#13132,4.00000042591);
#13132 = AXIS2_PLACEMENT_3D('',#13133,#13134,#13135);
#13133 = CARTESIAN_POINT('',(76.38000042591,-123.499999574,0.));
#13134 = DIRECTION('',(0.,0.,-1.));
#13135 = DIRECTION('',(-1.064775389949E-07,-1.,-0.));
#13136 = ADVANCED_FACE('',(#13137),#13148,.F.);
#13137 = FACE_BOUND('',#13138,.T.);
#13138 = EDGE_LOOP('',(#13139,#13140,#13146,#13147));
#13139 = ORIENTED_EDGE('',*,*,#12166,.T.);
#13140 = ORIENTED_EDGE('',*,*,#13141,.T.);
#13141 = EDGE_CURVE('',#12167,#12637,#13142,.T.);
#13142 = LINE('',#13143,#13144);
#13143 = CARTESIAN_POINT('',(77.5,-123.6,-4.6E-02));
#13144 = VECTOR('',#13145,1.);
#13145 = DIRECTION('',(0.,0.,1.));
#13146 = ORIENTED_EDGE('',*,*,#12636,.F.);
#13147 = ORIENTED_EDGE('',*,*,#13141,.F.);
#13148 = CYLINDRICAL_SURFACE('',#13149,1.1);
#13149 = AXIS2_PLACEMENT_3D('',#13150,#13151,#13152);
#13150 = CARTESIAN_POINT('',(77.5,-122.5,-4.6E-02));
#13151 = DIRECTION('',(-0.,-0.,-1.));
#13152 = DIRECTION('',(-0.,-1.,0.));
#13153 = ADVANCED_FACE('',(#13154),#13165,.F.);
#13154 = FACE_BOUND('',#13155,.T.);
#13155 = EDGE_LOOP('',(#13156,#13157,#13163,#13164));
#13156 = ORIENTED_EDGE('',*,*,#12177,.T.);
#13157 = ORIENTED_EDGE('',*,*,#13158,.T.);
#13158 = EDGE_CURVE('',#12178,#12648,#13159,.T.);
#13159 = LINE('',#13160,#13161);
#13160 = CARTESIAN_POINT('',(89.92,-123.,-4.6E-02));
#13161 = VECTOR('',#13162,1.);
#13162 = DIRECTION('',(0.,0.,1.));
#13163 = ORIENTED_EDGE('',*,*,#12647,.F.);
#13164 = ORIENTED_EDGE('',*,*,#13158,.F.);
#13165 = CYLINDRICAL_SURFACE('',#13166,0.5);
#13166 = AXIS2_PLACEMENT_3D('',#13167,#13168,#13169);
#13167 = CARTESIAN_POINT('',(89.92,-122.5,-4.6E-02));
#13168 = DIRECTION('',(-0.,-0.,-1.));
#13169 = DIRECTION('',(-0.,-1.,0.));
#13170 = ADVANCED_FACE('',(#13171),#13182,.F.);
#13171 = FACE_BOUND('',#13172,.T.);
#13172 = EDGE_LOOP('',(#13173,#13174,#13180,#13181));
#13173 = ORIENTED_EDGE('',*,*,#12188,.T.);
#13174 = ORIENTED_EDGE('',*,*,#13175,.T.);
#13175 = EDGE_CURVE('',#12189,#12659,#13176,.T.);
#13176 = LINE('',#13177,#13178);
#13177 = CARTESIAN_POINT('',(92.46,-123.,-4.6E-02));
#13178 = VECTOR('',#13179,1.);
#13179 = DIRECTION('',(0.,0.,1.));
#13180 = ORIENTED_EDGE('',*,*,#12658,.F.);
#13181 = ORIENTED_EDGE('',*,*,#13175,.F.);
#13182 = CYLINDRICAL_SURFACE('',#13183,0.5);
#13183 = AXIS2_PLACEMENT_3D('',#13184,#13185,#13186);
#13184 = CARTESIAN_POINT('',(92.46,-122.5,-4.6E-02));
#13185 = DIRECTION('',(-0.,-0.,-1.));
#13186 = DIRECTION('',(-0.,-1.,0.));
#13187 = ADVANCED_FACE('',(#13188),#13199,.F.);
#13188 = FACE_BOUND('',#13189,.T.);
#13189 = EDGE_LOOP('',(#13190,#13191,#13197,#13198));
#13190 = ORIENTED_EDGE('',*,*,#12199,.T.);
#13191 = ORIENTED_EDGE('',*,*,#13192,.T.);
#13192 = EDGE_CURVE('',#12200,#12670,#13193,.T.);
#13193 = LINE('',#13194,#13195);
#13194 = CARTESIAN_POINT('',(77.3,-105.628,-4.6E-02));
#13195 = VECTOR('',#13196,1.);
#13196 = DIRECTION('',(0.,0.,1.));
#13197 = ORIENTED_EDGE('',*,*,#12669,.F.);
#13198 = ORIENTED_EDGE('',*,*,#13192,.F.);
#13199 = CYLINDRICAL_SURFACE('',#13200,0.508);
#13200 = AXIS2_PLACEMENT_3D('',#13201,#13202,#13203);
#13201 = CARTESIAN_POINT('',(77.3,-105.12,-4.6E-02));
#13202 = DIRECTION('',(-0.,-0.,-1.));
#13203 = DIRECTION('',(-2.797412345512E-14,-1.,0.));
#13204 = ADVANCED_FACE('',(#13205),#13216,.F.);
#13205 = FACE_BOUND('',#13206,.T.);
#13206 = EDGE_LOOP('',(#13207,#13208,#13214,#13215));
#13207 = ORIENTED_EDGE('',*,*,#12210,.T.);
#13208 = ORIENTED_EDGE('',*,*,#13209,.T.);
#13209 = EDGE_CURVE('',#12211,#12681,#13210,.T.);
#13210 = LINE('',#13211,#13212);
#13211 = CARTESIAN_POINT('',(79.84,-105.628,-4.6E-02));
#13212 = VECTOR('',#13213,1.);
#13213 = DIRECTION('',(0.,0.,1.));
#13214 = ORIENTED_EDGE('',*,*,#12680,.F.);
#13215 = ORIENTED_EDGE('',*,*,#13209,.F.);
#13216 = CYLINDRICAL_SURFACE('',#13217,0.508);
#13217 = AXIS2_PLACEMENT_3D('',#13218,#13219,#13220);
#13218 = CARTESIAN_POINT('',(79.84,-105.12,-4.6E-02));
#13219 = DIRECTION('',(-0.,-0.,-1.));
#13220 = DIRECTION('',(-0.,-1.,0.));
#13221 = ADVANCED_FACE('',(#13222),#13233,.F.);
#13222 = FACE_BOUND('',#13223,.T.);
#13223 = EDGE_LOOP('',(#13224,#13225,#13231,#13232));
#13224 = ORIENTED_EDGE('',*,*,#12221,.T.);
#13225 = ORIENTED_EDGE('',*,*,#13226,.T.);
#13226 = EDGE_CURVE('',#12222,#12692,#13227,.T.);
#13227 = LINE('',#13228,#13229);
#13228 = CARTESIAN_POINT('',(82.38,-105.628,-4.6E-02));
#13229 = VECTOR('',#13230,1.);
#13230 = DIRECTION('',(0.,0.,1.));
#13231 = ORIENTED_EDGE('',*,*,#12691,.F.);
#13232 = ORIENTED_EDGE('',*,*,#13226,.F.);
#13233 = CYLINDRICAL_SURFACE('',#13234,0.508);
#13234 = AXIS2_PLACEMENT_3D('',#13235,#13236,#13237);
#13235 = CARTESIAN_POINT('',(82.38,-105.12,-4.6E-02));
#13236 = DIRECTION('',(-0.,-0.,-1.));
#13237 = DIRECTION('',(-0.,-1.,0.));
#13238 = ADVANCED_FACE('',(#13239),#13250,.F.);
#13239 = FACE_BOUND('',#13240,.T.);
#13240 = EDGE_LOOP('',(#13241,#13242,#13248,#13249));
#13241 = ORIENTED_EDGE('',*,*,#12232,.T.);
#13242 = ORIENTED_EDGE('',*,*,#13243,.T.);
#13243 = EDGE_CURVE('',#12233,#12703,#13244,.T.);
#13244 = LINE('',#13245,#13246);
#13245 = CARTESIAN_POINT('',(84.92,-105.628,-4.6E-02));
#13246 = VECTOR('',#13247,1.);
#13247 = DIRECTION('',(0.,0.,1.));
#13248 = ORIENTED_EDGE('',*,*,#12702,.F.);
#13249 = ORIENTED_EDGE('',*,*,#13243,.F.);
#13250 = CYLINDRICAL_SURFACE('',#13251,0.508);
#13251 = AXIS2_PLACEMENT_3D('',#13252,#13253,#13254);
#13252 = CARTESIAN_POINT('',(84.92,-105.12,-4.6E-02));
#13253 = DIRECTION('',(-0.,-0.,-1.));
#13254 = DIRECTION('',(-0.,-1.,0.));
#13255 = ADVANCED_FACE('',(#13256),#13267,.F.);
#13256 = FACE_BOUND('',#13257,.T.);
#13257 = EDGE_LOOP('',(#13258,#13259,#13265,#13266));
#13258 = ORIENTED_EDGE('',*,*,#12243,.T.);
#13259 = ORIENTED_EDGE('',*,*,#13260,.T.);
#13260 = EDGE_CURVE('',#12244,#12714,#13261,.T.);
#13261 = LINE('',#13262,#13263);
#13262 = CARTESIAN_POINT('',(87.46,-105.628,-4.6E-02));
#13263 = VECTOR('',#13264,1.);
#13264 = DIRECTION('',(0.,0.,1.));
#13265 = ORIENTED_EDGE('',*,*,#12713,.F.);
#13266 = ORIENTED_EDGE('',*,*,#13260,.F.);
#13267 = CYLINDRICAL_SURFACE('',#13268,0.508);
#13268 = AXIS2_PLACEMENT_3D('',#13269,#13270,#13271);
#13269 = CARTESIAN_POINT('',(87.46,-105.12,-4.6E-02));
#13270 = DIRECTION('',(-0.,-0.,-1.));
#13271 = DIRECTION('',(-2.797412345512E-14,-1.,0.));
#13272 = ADVANCED_FACE('',(#13273),#13284,.F.);
#13273 = FACE_BOUND('',#13274,.T.);
#13274 = EDGE_LOOP('',(#13275,#13276,#13282,#13283));
#13275 = ORIENTED_EDGE('',*,*,#12254,.T.);
#13276 = ORIENTED_EDGE('',*,*,#13277,.T.);
#13277 = EDGE_CURVE('',#12255,#12725,#13278,.T.);
#13278 = LINE('',#13279,#13280);
#13279 = CARTESIAN_POINT('',(90.,-105.628,-4.6E-02));
#13280 = VECTOR('',#13281,1.);
#13281 = DIRECTION('',(0.,0.,1.));
#13282 = ORIENTED_EDGE('',*,*,#12724,.F.);
#13283 = ORIENTED_EDGE('',*,*,#13277,.F.);
#13284 = CYLINDRICAL_SURFACE('',#13285,0.508);
#13285 = AXIS2_PLACEMENT_3D('',#13286,#13287,#13288);
#13286 = CARTESIAN_POINT('',(90.,-105.12,-4.6E-02));
#13287 = DIRECTION('',(-0.,-0.,-1.));
#13288 = DIRECTION('',(-0.,-1.,0.));
#13289 = ADVANCED_FACE('',(#13290),#13301,.F.);
#13290 = FACE_BOUND('',#13291,.T.);
#13291 = EDGE_LOOP('',(#13292,#13293,#13299,#13300));
#13292 = ORIENTED_EDGE('',*,*,#12265,.T.);
#13293 = ORIENTED_EDGE('',*,*,#13294,.T.);
#13294 = EDGE_CURVE('',#12266,#12736,#13295,.T.);
#13295 = LINE('',#13296,#13297);
#13296 = CARTESIAN_POINT('',(95.,-123.,-4.6E-02));
#13297 = VECTOR('',#13298,1.);
#13298 = DIRECTION('',(0.,0.,1.));
#13299 = ORIENTED_EDGE('',*,*,#12735,.F.);
#13300 = ORIENTED_EDGE('',*,*,#13294,.F.);
#13301 = CYLINDRICAL_SURFACE('',#13302,0.5);
#13302 = AXIS2_PLACEMENT_3D('',#13303,#13304,#13305);
#13303 = CARTESIAN_POINT('',(95.,-122.5,-4.6E-02));
#13304 = DIRECTION('',(-0.,-0.,-1.));
#13305 = DIRECTION('',(-0.,-1.,0.));
#13306 = ADVANCED_FACE('',(#13307),#13318,.F.);
#13307 = FACE_BOUND('',#13308,.T.);
#13308 = EDGE_LOOP('',(#13309,#13310,#13316,#13317));
#13309 = ORIENTED_EDGE('',*,*,#12276,.T.);
#13310 = ORIENTED_EDGE('',*,*,#13311,.T.);
#13311 = EDGE_CURVE('',#12277,#12747,#13312,.T.);
#13312 = LINE('',#13313,#13314);
#13313 = CARTESIAN_POINT('',(99.25,-117.55,-4.6E-02));
#13314 = VECTOR('',#13315,1.);
#13315 = DIRECTION('',(0.,0.,1.));
#13316 = ORIENTED_EDGE('',*,*,#12746,.F.);
#13317 = ORIENTED_EDGE('',*,*,#13311,.F.);
#13318 = CYLINDRICAL_SURFACE('',#13319,0.55);
#13319 = AXIS2_PLACEMENT_3D('',#13320,#13321,#13322);
#13320 = CARTESIAN_POINT('',(99.25,-117.,-4.6E-02));
#13321 = DIRECTION('',(-0.,-0.,-1.));
#13322 = DIRECTION('',(-0.,-1.,0.));
#13323 = ADVANCED_FACE('',(#13324),#13335,.F.);
#13324 = FACE_BOUND('',#13325,.T.);
#13325 = EDGE_LOOP('',(#13326,#13327,#13333,#13334));
#13326 = ORIENTED_EDGE('',*,*,#12287,.T.);
#13327 = ORIENTED_EDGE('',*,*,#13328,.T.);
#13328 = EDGE_CURVE('',#12288,#12758,#13329,.T.);
#13329 = LINE('',#13330,#13331);
#13330 = CARTESIAN_POINT('',(99.25,-113.05,-4.6E-02));
#13331 = VECTOR('',#13332,1.);
#13332 = DIRECTION('',(0.,0.,1.));
#13333 = ORIENTED_EDGE('',*,*,#12757,.F.);
#13334 = ORIENTED_EDGE('',*,*,#13328,.F.);
#13335 = CYLINDRICAL_SURFACE('',#13336,0.55);
#13336 = AXIS2_PLACEMENT_3D('',#13337,#13338,#13339);
#13337 = CARTESIAN_POINT('',(99.25,-112.5,-4.6E-02));
#13338 = DIRECTION('',(-0.,-0.,-1.));
#13339 = DIRECTION('',(-0.,-1.,0.));
#13340 = ADVANCED_FACE('',(#13341),#13352,.F.);
#13341 = FACE_BOUND('',#13342,.T.);
#13342 = EDGE_LOOP('',(#13343,#13344,#13350,#13351));
#13343 = ORIENTED_EDGE('',*,*,#12298,.T.);
#13344 = ORIENTED_EDGE('',*,*,#13345,.T.);
#13345 = EDGE_CURVE('',#12299,#12769,#13346,.T.);
#13346 = LINE('',#13347,#13348);
#13347 = CARTESIAN_POINT('',(107.5,-123.6,-4.6E-02));
#13348 = VECTOR('',#13349,1.);
#13349 = DIRECTION('',(0.,0.,1.));
#13350 = ORIENTED_EDGE('',*,*,#12768,.F.);
#13351 = ORIENTED_EDGE('',*,*,#13345,.F.);
#13352 = CYLINDRICAL_SURFACE('',#13353,1.1);
#13353 = AXIS2_PLACEMENT_3D('',#13354,#13355,#13356);
#13354 = CARTESIAN_POINT('',(107.5,-122.5,-4.6E-02));
#13355 = DIRECTION('',(-0.,-0.,-1.));
#13356 = DIRECTION('',(-0.,-1.,0.));
#13357 = ADVANCED_FACE('',(#13358),#13369,.F.);
#13358 = FACE_BOUND('',#13359,.T.);
#13359 = EDGE_LOOP('',(#13360,#13361,#13367,#13368));
#13360 = ORIENTED_EDGE('',*,*,#12309,.T.);
#13361 = ORIENTED_EDGE('',*,*,#13362,.T.);
#13362 = EDGE_CURVE('',#12310,#12780,#13363,.T.);
#13363 = LINE('',#13364,#13365);
#13364 = CARTESIAN_POINT('',(105.75,-117.55,-4.6E-02));
#13365 = VECTOR('',#13366,1.);
#13366 = DIRECTION('',(0.,0.,1.));
#13367 = ORIENTED_EDGE('',*,*,#12779,.F.);
#13368 = ORIENTED_EDGE('',*,*,#13362,.F.);
#13369 = CYLINDRICAL_SURFACE('',#13370,0.55);
#13370 = AXIS2_PLACEMENT_3D('',#13371,#13372,#13373);
#13371 = CARTESIAN_POINT('',(105.75,-117.,-4.6E-02));
#13372 = DIRECTION('',(-0.,-0.,-1.));
#13373 = DIRECTION('',(-0.,-1.,0.));
#13374 = ADVANCED_FACE('',(#13375),#13386,.F.);
#13375 = FACE_BOUND('',#13376,.T.);
#13376 = EDGE_LOOP('',(#13377,#13378,#13384,#13385));
#13377 = ORIENTED_EDGE('',*,*,#12320,.T.);
#13378 = ORIENTED_EDGE('',*,*,#13379,.T.);
#13379 = EDGE_CURVE('',#12321,#12791,#13380,.T.);
#13380 = LINE('',#13381,#13382);
#13381 = CARTESIAN_POINT('',(105.75,-113.05,-4.6E-02));
#13382 = VECTOR('',#13383,1.);
#13383 = DIRECTION('',(0.,0.,1.));
#13384 = ORIENTED_EDGE('',*,*,#12790,.F.);
#13385 = ORIENTED_EDGE('',*,*,#13379,.F.);
#13386 = CYLINDRICAL_SURFACE('',#13387,0.55);
#13387 = AXIS2_PLACEMENT_3D('',#13388,#13389,#13390);
#13388 = CARTESIAN_POINT('',(105.75,-112.5,-4.6E-02));
#13389 = DIRECTION('',(-0.,-0.,-1.));
#13390 = DIRECTION('',(-0.,-1.,0.));
#13391 = ADVANCED_FACE('',(#13392),#13403,.F.);
#13392 = FACE_BOUND('',#13393,.T.);
#13393 = EDGE_LOOP('',(#13394,#13395,#13401,#13402));
#13394 = ORIENTED_EDGE('',*,*,#12331,.T.);
#13395 = ORIENTED_EDGE('',*,*,#13396,.T.);
#13396 = EDGE_CURVE('',#12332,#12802,#13397,.T.);
#13397 = LINE('',#13398,#13399);
#13398 = CARTESIAN_POINT('',(92.54,-105.628,-4.6E-02));
#13399 = VECTOR('',#13400,1.);
#13400 = DIRECTION('',(0.,0.,1.));
#13401 = ORIENTED_EDGE('',*,*,#12801,.F.);
#13402 = ORIENTED_EDGE('',*,*,#13396,.F.);
#13403 = CYLINDRICAL_SURFACE('',#13404,0.508);
#13404 = AXIS2_PLACEMENT_3D('',#13405,#13406,#13407);
#13405 = CARTESIAN_POINT('',(92.54,-105.12,-4.6E-02));
#13406 = DIRECTION('',(-0.,0.,-1.));
#13407 = DIRECTION('',(2.797412345512E-14,-1.,-0.));
#13408 = ADVANCED_FACE('',(#13409),#13420,.F.);
#13409 = FACE_BOUND('',#13410,.T.);
#13410 = EDGE_LOOP('',(#13411,#13412,#13418,#13419));
#13411 = ORIENTED_EDGE('',*,*,#12342,.T.);
#13412 = ORIENTED_EDGE('',*,*,#13413,.T.);
#13413 = EDGE_CURVE('',#12343,#12813,#13414,.T.);
#13414 = LINE('',#13415,#13416);
#13415 = CARTESIAN_POINT('',(99.96,-105.45,-4.6E-02));
#13416 = VECTOR('',#13417,1.);
#13417 = DIRECTION('',(0.,0.,1.));
#13418 = ORIENTED_EDGE('',*,*,#12812,.F.);
#13419 = ORIENTED_EDGE('',*,*,#13413,.F.);
#13420 = CYLINDRICAL_SURFACE('',#13421,0.45);
#13421 = AXIS2_PLACEMENT_3D('',#13422,#13423,#13424);
#13422 = CARTESIAN_POINT('',(99.96,-105.,-4.6E-02));
#13423 = DIRECTION('',(-0.,-0.,-1.));
#13424 = DIRECTION('',(-3.157967714489E-14,-1.,0.));
#13425 = ADVANCED_FACE('',(#13426),#13437,.F.);
#13426 = FACE_BOUND('',#13427,.T.);
#13427 = EDGE_LOOP('',(#13428,#13429,#13435,#13436));
#13428 = ORIENTED_EDGE('',*,*,#12353,.T.);
#13429 = ORIENTED_EDGE('',*,*,#13430,.T.);
#13430 = EDGE_CURVE('',#12354,#12824,#13431,.T.);
#13431 = LINE('',#13432,#13433);
#13432 = CARTESIAN_POINT('',(101.23,-105.45,-4.6E-02));
#13433 = VECTOR('',#13434,1.);
#13434 = DIRECTION('',(0.,0.,1.));
#13435 = ORIENTED_EDGE('',*,*,#12823,.F.);
#13436 = ORIENTED_EDGE('',*,*,#13430,.F.);
#13437 = CYLINDRICAL_SURFACE('',#13438,0.45);
#13438 = AXIS2_PLACEMENT_3D('',#13439,#13440,#13441);
#13439 = CARTESIAN_POINT('',(101.23,-105.,-4.6E-02));
#13440 = DIRECTION('',(-0.,-0.,-1.));
#13441 = DIRECTION('',(-0.,-1.,0.));
#13442 = ADVANCED_FACE('',(#13443),#13454,.F.);
#13443 = FACE_BOUND('',#13444,.T.);
#13444 = EDGE_LOOP('',(#13445,#13446,#13452,#13453));
#13445 = ORIENTED_EDGE('',*,*,#12364,.T.);
#13446 = ORIENTED_EDGE('',*,*,#13447,.T.);
#13447 = EDGE_CURVE('',#12365,#12835,#13448,.T.);
#13448 = LINE('',#13449,#13450);
#13449 = CARTESIAN_POINT('',(102.5,-105.45,-4.6E-02));
#13450 = VECTOR('',#13451,1.);
#13451 = DIRECTION('',(0.,0.,1.));
#13452 = ORIENTED_EDGE('',*,*,#12834,.F.);
#13453 = ORIENTED_EDGE('',*,*,#13447,.F.);
#13454 = CYLINDRICAL_SURFACE('',#13455,0.45);
#13455 = AXIS2_PLACEMENT_3D('',#13456,#13457,#13458);
#13456 = CARTESIAN_POINT('',(102.5,-105.,-4.6E-02));
#13457 = DIRECTION('',(-0.,-0.,-1.));
#13458 = DIRECTION('',(-0.,-1.,0.));
#13459 = ADVANCED_FACE('',(#13460),#13471,.F.);
#13460 = FACE_BOUND('',#13461,.T.);
#13461 = EDGE_LOOP('',(#13462,#13463,#13469,#13470));
#13462 = ORIENTED_EDGE('',*,*,#12375,.T.);
#13463 = ORIENTED_EDGE('',*,*,#13464,.T.);
#13464 = EDGE_CURVE('',#12376,#12846,#13465,.T.);
#13465 = LINE('',#13466,#13467);
#13466 = CARTESIAN_POINT('',(103.77,-105.45,-4.6E-02));
#13467 = VECTOR('',#13468,1.);
#13468 = DIRECTION('',(0.,0.,1.));
#13469 = ORIENTED_EDGE('',*,*,#12845,.F.);
#13470 = ORIENTED_EDGE('',*,*,#13464,.F.);
#13471 = CYLINDRICAL_SURFACE('',#13472,0.45);
#13472 = AXIS2_PLACEMENT_3D('',#13473,#13474,#13475);
#13473 = CARTESIAN_POINT('',(103.77,-105.,-4.6E-02));
#13474 = DIRECTION('',(-0.,-0.,-1.));
#13475 = DIRECTION('',(-0.,-1.,0.));
#13476 = ADVANCED_FACE('',(#13477),#13488,.F.);
#13477 = FACE_BOUND('',#13478,.T.);
#13478 = EDGE_LOOP('',(#13479,#13480,#13486,#13487));
#13479 = ORIENTED_EDGE('',*,*,#12386,.T.);
#13480 = ORIENTED_EDGE('',*,*,#13481,.T.);
#13481 = EDGE_CURVE('',#12387,#12857,#13482,.T.);
#13482 = LINE('',#13483,#13484);
#13483 = CARTESIAN_POINT('',(102.7,-100.548,-4.6E-02));
#13484 = VECTOR('',#13485,1.);
#13485 = DIRECTION('',(0.,0.,1.));
#13486 = ORIENTED_EDGE('',*,*,#12856,.F.);
#13487 = ORIENTED_EDGE('',*,*,#13481,.F.);
#13488 = CYLINDRICAL_SURFACE('',#13489,0.508);
#13489 = AXIS2_PLACEMENT_3D('',#13490,#13491,#13492);
#13490 = CARTESIAN_POINT('',(102.7,-100.04,-4.6E-02));
#13491 = DIRECTION('',(-0.,0.,-1.));
#13492 = DIRECTION('',(2.797412345512E-14,-1.,-0.));
#13493 = ADVANCED_FACE('',(#13494),#13505,.F.);
#13494 = FACE_BOUND('',#13495,.T.);
#13495 = EDGE_LOOP('',(#13496,#13497,#13503,#13504));
#13496 = ORIENTED_EDGE('',*,*,#12397,.T.);
#13497 = ORIENTED_EDGE('',*,*,#13498,.T.);
#13498 = EDGE_CURVE('',#12398,#12868,#13499,.T.);
#13499 = LINE('',#13500,#13501);
#13500 = CARTESIAN_POINT('',(77.3,-90.388,-4.6E-02));
#13501 = VECTOR('',#13502,1.);
#13502 = DIRECTION('',(0.,0.,1.));
#13503 = ORIENTED_EDGE('',*,*,#12867,.F.);
#13504 = ORIENTED_EDGE('',*,*,#13498,.F.);
#13505 = CYLINDRICAL_SURFACE('',#13506,0.508);
#13506 = AXIS2_PLACEMENT_3D('',#13507,#13508,#13509);
#13507 = CARTESIAN_POINT('',(77.3,-89.88,-4.6E-02));
#13508 = DIRECTION('',(-0.,-0.,-1.));
#13509 = DIRECTION('',(-2.797412345512E-14,-1.,0.));
#13510 = ADVANCED_FACE('',(#13511),#13522,.F.);
#13511 = FACE_BOUND('',#13512,.T.);
#13512 = EDGE_LOOP('',(#13513,#13514,#13520,#13521));
#13513 = ORIENTED_EDGE('',*,*,#12408,.T.);
#13514 = ORIENTED_EDGE('',*,*,#13515,.T.);
#13515 = EDGE_CURVE('',#12409,#12879,#13516,.T.);
#13516 = LINE('',#13517,#13518);
#13517 = CARTESIAN_POINT('',(79.84,-90.388,-4.6E-02));
#13518 = VECTOR('',#13519,1.);
#13519 = DIRECTION('',(0.,0.,1.));
#13520 = ORIENTED_EDGE('',*,*,#12878,.F.);
#13521 = ORIENTED_EDGE('',*,*,#13515,.F.);
#13522 = CYLINDRICAL_SURFACE('',#13523,0.508);
#13523 = AXIS2_PLACEMENT_3D('',#13524,#13525,#13526);
#13524 = CARTESIAN_POINT('',(79.84,-89.88,-4.6E-02));
#13525 = DIRECTION('',(-0.,-0.,-1.));
#13526 = DIRECTION('',(-0.,-1.,0.));
#13527 = ADVANCED_FACE('',(#13528),#13539,.F.);
#13528 = FACE_BOUND('',#13529,.T.);
#13529 = EDGE_LOOP('',(#13530,#13531,#13537,#13538));
#13530 = ORIENTED_EDGE('',*,*,#12419,.T.);
#13531 = ORIENTED_EDGE('',*,*,#13532,.T.);
#13532 = EDGE_CURVE('',#12420,#12890,#13533,.T.);
#13533 = LINE('',#13534,#13535);
#13534 = CARTESIAN_POINT('',(82.38,-90.388,-4.6E-02));
#13535 = VECTOR('',#13536,1.);
#13536 = DIRECTION('',(0.,0.,1.));
#13537 = ORIENTED_EDGE('',*,*,#12889,.F.);
#13538 = ORIENTED_EDGE('',*,*,#13532,.F.);
#13539 = CYLINDRICAL_SURFACE('',#13540,0.508);
#13540 = AXIS2_PLACEMENT_3D('',#13541,#13542,#13543);
#13541 = CARTESIAN_POINT('',(82.38,-89.88,-4.6E-02));
#13542 = DIRECTION('',(-0.,-0.,-1.));
#13543 = DIRECTION('',(-0.,-1.,0.));
#13544 = ADVANCED_FACE('',(#13545),#13556,.F.);
#13545 = FACE_BOUND('',#13546,.T.);
#13546 = EDGE_LOOP('',(#13547,#13548,#13554,#13555));
#13547 = ORIENTED_EDGE('',*,*,#12430,.T.);
#13548 = ORIENTED_EDGE('',*,*,#13549,.T.);
#13549 = EDGE_CURVE('',#12431,#12901,#13550,.T.);
#13550 = LINE('',#13551,#13552);
#13551 = CARTESIAN_POINT('',(84.92,-90.388,-4.6E-02));
#13552 = VECTOR('',#13553,1.);
#13553 = DIRECTION('',(0.,0.,1.));
#13554 = ORIENTED_EDGE('',*,*,#12900,.F.);
#13555 = ORIENTED_EDGE('',*,*,#13549,.F.);
#13556 = CYLINDRICAL_SURFACE('',#13557,0.508);
#13557 = AXIS2_PLACEMENT_3D('',#13558,#13559,#13560);
#13558 = CARTESIAN_POINT('',(84.92,-89.88,-4.6E-02));
#13559 = DIRECTION('',(-0.,-0.,-1.));
#13560 = DIRECTION('',(-0.,-1.,0.));
#13561 = ADVANCED_FACE('',(#13562),#13573,.F.);
#13562 = FACE_BOUND('',#13563,.T.);
#13563 = EDGE_LOOP('',(#13564,#13565,#13571,#13572));
#13564 = ORIENTED_EDGE('',*,*,#12441,.T.);
#13565 = ORIENTED_EDGE('',*,*,#13566,.T.);
#13566 = EDGE_CURVE('',#12442,#12912,#13567,.T.);
#13567 = LINE('',#13568,#13569);
#13568 = CARTESIAN_POINT('',(87.46,-90.388,-4.6E-02));
#13569 = VECTOR('',#13570,1.);
#13570 = DIRECTION('',(0.,0.,1.));
#13571 = ORIENTED_EDGE('',*,*,#12911,.F.);
#13572 = ORIENTED_EDGE('',*,*,#13566,.F.);
#13573 = CYLINDRICAL_SURFACE('',#13574,0.508);
#13574 = AXIS2_PLACEMENT_3D('',#13575,#13576,#13577);
#13575 = CARTESIAN_POINT('',(87.46,-89.88,-4.6E-02));
#13576 = DIRECTION('',(-0.,-0.,-1.));
#13577 = DIRECTION('',(-2.797412345512E-14,-1.,0.));
#13578 = ADVANCED_FACE('',(#13579),#13590,.F.);
#13579 = FACE_BOUND('',#13580,.T.);
#13580 = EDGE_LOOP('',(#13581,#13582,#13588,#13589));
#13581 = ORIENTED_EDGE('',*,*,#12452,.T.);
#13582 = ORIENTED_EDGE('',*,*,#13583,.T.);
#13583 = EDGE_CURVE('',#12453,#12923,#13584,.T.);
#13584 = LINE('',#13585,#13586);
#13585 = CARTESIAN_POINT('',(90.,-90.388,-4.6E-02));
#13586 = VECTOR('',#13587,1.);
#13587 = DIRECTION('',(0.,0.,1.));
#13588 = ORIENTED_EDGE('',*,*,#12922,.F.);
#13589 = ORIENTED_EDGE('',*,*,#13583,.F.);
#13590 = CYLINDRICAL_SURFACE('',#13591,0.508);
#13591 = AXIS2_PLACEMENT_3D('',#13592,#13593,#13594);
#13592 = CARTESIAN_POINT('',(90.,-89.88,-4.6E-02));
#13593 = DIRECTION('',(-0.,-0.,-1.));
#13594 = DIRECTION('',(-0.,-1.,0.));
#13595 = ADVANCED_FACE('',(#13596),#13607,.F.);
#13596 = FACE_BOUND('',#13597,.T.);
#13597 = EDGE_LOOP('',(#13598,#13599,#13605,#13606));
#13598 = ORIENTED_EDGE('',*,*,#12463,.T.);
#13599 = ORIENTED_EDGE('',*,*,#13600,.T.);
#13600 = EDGE_CURVE('',#12464,#12934,#13601,.T.);
#13601 = LINE('',#13602,#13603);
#13602 = CARTESIAN_POINT('',(77.5,-68.6,-4.6E-02));
#13603 = VECTOR('',#13604,1.);
#13604 = DIRECTION('',(0.,0.,1.));
#13605 = ORIENTED_EDGE('',*,*,#12933,.F.);
#13606 = ORIENTED_EDGE('',*,*,#13600,.F.);
#13607 = CYLINDRICAL_SURFACE('',#13608,1.1);
#13608 = AXIS2_PLACEMENT_3D('',#13609,#13610,#13611);
#13609 = CARTESIAN_POINT('',(77.5,-67.5,-4.6E-02));
#13610 = DIRECTION('',(-0.,-0.,-1.));
#13611 = DIRECTION('',(-0.,-1.,0.));
#13612 = ADVANCED_FACE('',(#13613),#13624,.F.);
#13613 = FACE_BOUND('',#13614,.T.);
#13614 = EDGE_LOOP('',(#13615,#13616,#13622,#13623));
#13615 = ORIENTED_EDGE('',*,*,#12474,.T.);
#13616 = ORIENTED_EDGE('',*,*,#13617,.T.);
#13617 = EDGE_CURVE('',#12475,#12945,#13618,.T.);
#13618 = LINE('',#13619,#13620);
#13619 = CARTESIAN_POINT('',(85.,-78.08,-4.6E-02));
#13620 = VECTOR('',#13621,1.);
#13621 = DIRECTION('',(0.,0.,1.));
#13622 = ORIENTED_EDGE('',*,*,#12944,.F.);
#13623 = ORIENTED_EDGE('',*,*,#13617,.F.);
#13624 = CYLINDRICAL_SURFACE('',#13625,0.5);
#13625 = AXIS2_PLACEMENT_3D('',#13626,#13627,#13628);
#13626 = CARTESIAN_POINT('',(85.,-77.58,-4.6E-02));
#13627 = DIRECTION('',(-0.,-0.,-1.));
#13628 = DIRECTION('',(-0.,-1.,0.));
#13629 = ADVANCED_FACE('',(#13630),#13641,.F.);
#13630 = FACE_BOUND('',#13631,.T.);
#13631 = EDGE_LOOP('',(#13632,#13633,#13639,#13640));
#13632 = ORIENTED_EDGE('',*,*,#12485,.T.);
#13633 = ORIENTED_EDGE('',*,*,#13634,.T.);
#13634 = EDGE_CURVE('',#12486,#12956,#13635,.T.);
#13635 = LINE('',#13636,#13637);
#13636 = CARTESIAN_POINT('',(85.,-75.54,-4.6E-02));
#13637 = VECTOR('',#13638,1.);
#13638 = DIRECTION('',(0.,0.,1.));
#13639 = ORIENTED_EDGE('',*,*,#12955,.F.);
#13640 = ORIENTED_EDGE('',*,*,#13634,.F.);
#13641 = CYLINDRICAL_SURFACE('',#13642,0.5);
#13642 = AXIS2_PLACEMENT_3D('',#13643,#13644,#13645);
#13643 = CARTESIAN_POINT('',(85.,-75.04,-4.6E-02));
#13644 = DIRECTION('',(-0.,-0.,-1.));
#13645 = DIRECTION('',(-0.,-1.,0.));
#13646 = ADVANCED_FACE('',(#13647),#13658,.F.);
#13647 = FACE_BOUND('',#13648,.T.);
#13648 = EDGE_LOOP('',(#13649,#13650,#13656,#13657));
#13649 = ORIENTED_EDGE('',*,*,#12496,.T.);
#13650 = ORIENTED_EDGE('',*,*,#13651,.T.);
#13651 = EDGE_CURVE('',#12497,#12967,#13652,.T.);
#13652 = LINE('',#13653,#13654);
#13653 = CARTESIAN_POINT('',(85.,-73.,-4.6E-02));
#13654 = VECTOR('',#13655,1.);
#13655 = DIRECTION('',(0.,0.,1.));
#13656 = ORIENTED_EDGE('',*,*,#12966,.F.);
#13657 = ORIENTED_EDGE('',*,*,#13651,.F.);
#13658 = CYLINDRICAL_SURFACE('',#13659,0.5);
#13659 = AXIS2_PLACEMENT_3D('',#13660,#13661,#13662);
#13660 = CARTESIAN_POINT('',(85.,-72.5,-4.6E-02));
#13661 = DIRECTION('',(-0.,-0.,-1.));
#13662 = DIRECTION('',(-0.,-1.,0.));
#13663 = ADVANCED_FACE('',(#13664),#13675,.F.);
#13664 = FACE_BOUND('',#13665,.T.);
#13665 = EDGE_LOOP('',(#13666,#13667,#13673,#13674));
#13666 = ORIENTED_EDGE('',*,*,#12507,.T.);
#13667 = ORIENTED_EDGE('',*,*,#13668,.T.);
#13668 = EDGE_CURVE('',#12508,#12978,#13669,.T.);
#13669 = LINE('',#13670,#13671);
#13670 = CARTESIAN_POINT('',(85.,-70.46,-4.6E-02));
#13671 = VECTOR('',#13672,1.);
#13672 = DIRECTION('',(0.,0.,1.));
#13673 = ORIENTED_EDGE('',*,*,#12977,.F.);
#13674 = ORIENTED_EDGE('',*,*,#13668,.F.);
#13675 = CYLINDRICAL_SURFACE('',#13676,0.5);
#13676 = AXIS2_PLACEMENT_3D('',#13677,#13678,#13679);
#13677 = CARTESIAN_POINT('',(85.,-69.96,-4.6E-02));
#13678 = DIRECTION('',(-0.,-0.,-1.));
#13679 = DIRECTION('',(-0.,-1.,0.));
#13680 = ADVANCED_FACE('',(#13681),#13692,.F.);
#13681 = FACE_BOUND('',#13682,.T.);
#13682 = EDGE_LOOP('',(#13683,#13684,#13690,#13691));
#13683 = ORIENTED_EDGE('',*,*,#12518,.T.);
#13684 = ORIENTED_EDGE('',*,*,#13685,.T.);
#13685 = EDGE_CURVE('',#12519,#12989,#13686,.T.);
#13686 = LINE('',#13687,#13688);
#13687 = CARTESIAN_POINT('',(85.,-67.92,-4.6E-02));
#13688 = VECTOR('',#13689,1.);
#13689 = DIRECTION('',(0.,0.,1.));
#13690 = ORIENTED_EDGE('',*,*,#12988,.F.);
#13691 = ORIENTED_EDGE('',*,*,#13685,.F.);
#13692 = CYLINDRICAL_SURFACE('',#13693,0.5);
#13693 = AXIS2_PLACEMENT_3D('',#13694,#13695,#13696);
#13694 = CARTESIAN_POINT('',(85.,-67.42,-4.6E-02));
#13695 = DIRECTION('',(-0.,-0.,-1.));
#13696 = DIRECTION('',(-0.,-1.,0.));
#13697 = ADVANCED_FACE('',(#13698),#13709,.F.);
#13698 = FACE_BOUND('',#13699,.T.);
#13699 = EDGE_LOOP('',(#13700,#13701,#13707,#13708));
#13700 = ORIENTED_EDGE('',*,*,#12529,.T.);
#13701 = ORIENTED_EDGE('',*,*,#13702,.T.);
#13702 = EDGE_CURVE('',#12530,#13000,#13703,.T.);
#13703 = LINE('',#13704,#13705);
#13704 = CARTESIAN_POINT('',(92.54,-90.388,-4.6E-02));
#13705 = VECTOR('',#13706,1.);
#13706 = DIRECTION('',(0.,0.,1.));
#13707 = ORIENTED_EDGE('',*,*,#12999,.F.);
#13708 = ORIENTED_EDGE('',*,*,#13702,.F.);
#13709 = CYLINDRICAL_SURFACE('',#13710,0.508);
#13710 = AXIS2_PLACEMENT_3D('',#13711,#13712,#13713);
#13711 = CARTESIAN_POINT('',(92.54,-89.88,-4.6E-02));
#13712 = DIRECTION('',(-0.,0.,-1.));
#13713 = DIRECTION('',(2.797412345512E-14,-1.,-0.));
#13714 = ADVANCED_FACE('',(#13715),#13726,.F.);
#13715 = FACE_BOUND('',#13716,.T.);
#13716 = EDGE_LOOP('',(#13717,#13718,#13724,#13725));
#13717 = ORIENTED_EDGE('',*,*,#12540,.T.);
#13718 = ORIENTED_EDGE('',*,*,#13719,.T.);
#13719 = EDGE_CURVE('',#12541,#13011,#13720,.T.);
#13720 = LINE('',#13721,#13722);
#13721 = CARTESIAN_POINT('',(102.7,-95.468,-4.6E-02));
#13722 = VECTOR('',#13723,1.);
#13723 = DIRECTION('',(0.,0.,1.));
#13724 = ORIENTED_EDGE('',*,*,#13010,.F.);
#13725 = ORIENTED_EDGE('',*,*,#13719,.F.);
#13726 = CYLINDRICAL_SURFACE('',#13727,0.508);
#13727 = AXIS2_PLACEMENT_3D('',#13728,#13729,#13730);
#13728 = CARTESIAN_POINT('',(102.7,-94.96,-4.6E-02));
#13729 = DIRECTION('',(-0.,0.,-1.));
#13730 = DIRECTION('',(2.797412345512E-14,-1.,-0.));
#13731 = ADVANCED_FACE('',(#13732),#13743,.F.);
#13732 = FACE_BOUND('',#13733,.T.);
#13733 = EDGE_LOOP('',(#13734,#13735,#13741,#13742));
#13734 = ORIENTED_EDGE('',*,*,#12551,.T.);
#13735 = ORIENTED_EDGE('',*,*,#13736,.T.);
#13736 = EDGE_CURVE('',#12552,#13022,#13737,.T.);
#13737 = LINE('',#13738,#13739);
#13738 = CARTESIAN_POINT('',(105.,-88.,-4.6E-02));
#13739 = VECTOR('',#13740,1.);
#13740 = DIRECTION('',(0.,0.,1.));
#13741 = ORIENTED_EDGE('',*,*,#13021,.F.);
#13742 = ORIENTED_EDGE('',*,*,#13736,.F.);
#13743 = CYLINDRICAL_SURFACE('',#13744,0.5);
#13744 = AXIS2_PLACEMENT_3D('',#13745,#13746,#13747);
#13745 = CARTESIAN_POINT('',(105.,-87.5,-4.6E-02));
#13746 = DIRECTION('',(-0.,-0.,-1.));
#13747 = DIRECTION('',(-0.,-1.,0.));
#13748 = ADVANCED_FACE('',(#13749),#13760,.F.);
#13749 = FACE_BOUND('',#13750,.T.);
#13750 = EDGE_LOOP('',(#13751,#13752,#13758,#13759));
#13751 = ORIENTED_EDGE('',*,*,#12562,.T.);
#13752 = ORIENTED_EDGE('',*,*,#13753,.T.);
#13753 = EDGE_CURVE('',#12563,#13033,#13754,.T.);
#13754 = LINE('',#13755,#13756);
#13755 = CARTESIAN_POINT('',(107.54,-88.,-4.6E-02));
#13756 = VECTOR('',#13757,1.);
#13757 = DIRECTION('',(0.,0.,1.));
#13758 = ORIENTED_EDGE('',*,*,#13032,.F.);
#13759 = ORIENTED_EDGE('',*,*,#13753,.F.);
#13760 = CYLINDRICAL_SURFACE('',#13761,0.5);
#13761 = AXIS2_PLACEMENT_3D('',#13762,#13763,#13764);
#13762 = CARTESIAN_POINT('',(107.54,-87.5,-4.6E-02));
#13763 = DIRECTION('',(-0.,-0.,-1.));
#13764 = DIRECTION('',(-0.,-1.,0.));
#13765 = ADVANCED_FACE('',(#13766),#13777,.F.);
#13766 = FACE_BOUND('',#13767,.T.);
#13767 = EDGE_LOOP('',(#13768,#13769,#13775,#13776));
#13768 = ORIENTED_EDGE('',*,*,#12573,.T.);
#13769 = ORIENTED_EDGE('',*,*,#13770,.T.);
#13770 = EDGE_CURVE('',#12574,#13044,#13771,.T.);
#13771 = LINE('',#13772,#13773);
#13772 = CARTESIAN_POINT('',(107.5,-68.6,-4.6E-02));
#13773 = VECTOR('',#13774,1.);
#13774 = DIRECTION('',(0.,0.,1.));
#13775 = ORIENTED_EDGE('',*,*,#13043,.F.);
#13776 = ORIENTED_EDGE('',*,*,#13770,.F.);
#13777 = CYLINDRICAL_SURFACE('',#13778,1.1);
#13778 = AXIS2_PLACEMENT_3D('',#13779,#13780,#13781);
#13779 = CARTESIAN_POINT('',(107.5,-67.5,-4.6E-02));
#13780 = DIRECTION('',(-0.,-0.,-1.));
#13781 = DIRECTION('',(-0.,-1.,0.));
#13782 = ( GEOMETRIC_REPRESENTATION_CONTEXT(3) 
GLOBAL_UNCERTAINTY_ASSIGNED_CONTEXT((#13786)) 
GLOBAL_UNIT_ASSIGNED_CONTEXT((#13783,#13784,#13785)) 
REPRESENTATION_CONTEXT('Context #1',
  '3D Context with UNIT and UNCERTAINTY') );
#13783 = ( LENGTH_UNIT() NAMED_UNIT(*) SI_UNIT(.MILLI.,.METRE.) );
#13784 = ( NAMED_UNIT(*) PLANE_ANGLE_UNIT() SI_UNIT($,.RADIAN.) );
#13785 = ( NAMED_UNIT(*) SI_UNIT($,.STERADIAN.) SOLID_ANGLE_UNIT() );
#13786 = UNCERTAINTY_MEASURE_WITH_UNIT(LENGTH_MEASURE(1.E-07),#13783,
  'distance_accuracy_value','confusion accuracy');
#13787 = CONTEXT_DEPENDENT_SHAPE_REPRESENTATION(#13788,#13790);
#13788 = ( REPRESENTATION_RELATIONSHIP('','',#12009,#10) 
REPRESENTATION_RELATIONSHIP_WITH_TRANSFORMATION(#13789) 
SHAPE_REPRESENTATION_RELATIONSHIP() );
#13789 = ITEM_DEFINED_TRANSFORMATION('','',#11,#55);
#13790 = PRODUCT_DEFINITION_SHAPE('Placement','Placement of an item',
  #13791);
#13791 = NEXT_ASSEMBLY_USAGE_OCCURRENCE('11','=>[0:1:1:8]','',#5,#12004,
  $);
#13792 = PRODUCT_RELATED_PRODUCT_CATEGORY('part',$,(#12006));
#13793 = MECHANICAL_DESIGN_GEOMETRIC_PRESENTATION_REPRESENTATION('',(
    #13794,#13802,#13809,#13816,#13823,#13830,#13837,#13844,#13851,
    #13858,#13865,#13872,#13879,#13886,#13893,#13900,#13907,#13914,
    #13921,#13928,#13935,#13942,#13949,#13956,#13963,#13970,#13977,
    #13984,#13991,#13998,#14005,#14012,#14019,#14026,#14033,#14041,
    #14048,#14055,#14062,#14069,#14076,#14083,#14090,#14097,#14104,
    #14111,#14118,#14125,#14132,#14139,#14146,#14153,#14160,#14167,
    #14174,#14181,#14188,#14195,#14202,#14209,#14216,#14223,#14230,
    #14237,#14244,#14251,#14258,#14265,#14272,#14279,#14286,#14293,
    #14300,#14307,#14314,#14321,#14328,#14335,#14342,#14349,#14356,
    #14363,#14370,#14377,#14384,#14391,#14398,#14405,#14412,#14419,
    #14426,#14433,#14440,#14447,#14454,#14461,#14468,#14475,#14482,
    #14489,#14496,#14503,#14510,#14517,#14524,#14531,#14538,#14545,
    #14552,#14559,#14566,#14573,#14580,#14587,#14594,#14601,#14608,
    #14615,#14622,#14629,#14636,#14643,#14650,#14657),#7996);
#13794 = STYLED_ITEM('color',(#13795),#4544);
#13795 = PRESENTATION_STYLE_ASSIGNMENT((#13796));
#13796 = SURFACE_STYLE_USAGE(.BOTH.,#13797);
#13797 = SURFACE_SIDE_STYLE('',(#13798));
#13798 = SURFACE_STYLE_FILL_AREA(#13799);
#13799 = FILL_AREA_STYLE('',(#13800));
#13800 = FILL_AREA_STYLE_COLOUR('',#13801);
#13801 = COLOUR_RGB('',0.147999998088,0.144999993226,0.144999993226);
#13802 = STYLED_ITEM('color',(#13803),#4584);
#13803 = PRESENTATION_STYLE_ASSIGNMENT((#13804));
#13804 = SURFACE_STYLE_USAGE(.BOTH.,#13805);
#13805 = SURFACE_SIDE_STYLE('',(#13806));
#13806 = SURFACE_STYLE_FILL_AREA(#13807);
#13807 = FILL_AREA_STYLE('',(#13808));
#13808 = FILL_AREA_STYLE_COLOUR('',#13801);
#13809 = STYLED_ITEM('color',(#13810),#4615);
#13810 = PRESENTATION_STYLE_ASSIGNMENT((#13811));
#13811 = SURFACE_STYLE_USAGE(.BOTH.,#13812);
#13812 = SURFACE_SIDE_STYLE('',(#13813));
#13813 = SURFACE_STYLE_FILL_AREA(#13814);
#13814 = FILL_AREA_STYLE('',(#13815));
#13815 = FILL_AREA_STYLE_COLOUR('',#13801);
#13816 = STYLED_ITEM('color',(#13817),#4646);
#13817 = PRESENTATION_STYLE_ASSIGNMENT((#13818));
#13818 = SURFACE_STYLE_USAGE(.BOTH.,#13819);
#13819 = SURFACE_SIDE_STYLE('',(#13820));
#13820 = SURFACE_STYLE_FILL_AREA(#13821);
#13821 = FILL_AREA_STYLE('',(#13822));
#13822 = FILL_AREA_STYLE_COLOUR('',#13801);
#13823 = STYLED_ITEM('color',(#13824),#5057);
#13824 = PRESENTATION_STYLE_ASSIGNMENT((#13825));
#13825 = SURFACE_STYLE_USAGE(.BOTH.,#13826);
#13826 = SURFACE_SIDE_STYLE('',(#13827));
#13827 = SURFACE_STYLE_FILL_AREA(#13828);
#13828 = FILL_AREA_STYLE('',(#13829));
#13829 = FILL_AREA_STYLE_COLOUR('',#13801);
#13830 = STYLED_ITEM('color',(#13831),#5468);
#13831 = PRESENTATION_STYLE_ASSIGNMENT((#13832));
#13832 = SURFACE_STYLE_USAGE(.BOTH.,#13833);
#13833 = SURFACE_SIDE_STYLE('',(#13834));
#13834 = SURFACE_STYLE_FILL_AREA(#13835);
#13835 = FILL_AREA_STYLE('',(#13836));
#13836 = FILL_AREA_STYLE_COLOUR('',#13801);
#13837 = STYLED_ITEM('color',(#13838),#5485);
#13838 = PRESENTATION_STYLE_ASSIGNMENT((#13839));
#13839 = SURFACE_STYLE_USAGE(.BOTH.,#13840);
#13840 = SURFACE_SIDE_STYLE('',(#13841));
#13841 = SURFACE_STYLE_FILL_AREA(#13842);
#13842 = FILL_AREA_STYLE('',(#13843));
#13843 = FILL_AREA_STYLE_COLOUR('',#13801);
#13844 = STYLED_ITEM('color',(#13845),#5502);
#13845 = PRESENTATION_STYLE_ASSIGNMENT((#13846));
#13846 = SURFACE_STYLE_USAGE(.BOTH.,#13847);
#13847 = SURFACE_SIDE_STYLE('',(#13848));
#13848 = SURFACE_STYLE_FILL_AREA(#13849);
#13849 = FILL_AREA_STYLE('',(#13850));
#13850 = FILL_AREA_STYLE_COLOUR('',#13801);
#13851 = STYLED_ITEM('color',(#13852),#5519);
#13852 = PRESENTATION_STYLE_ASSIGNMENT((#13853));
#13853 = SURFACE_STYLE_USAGE(.BOTH.,#13854);
#13854 = SURFACE_SIDE_STYLE('',(#13855));
#13855 = SURFACE_STYLE_FILL_AREA(#13856);
#13856 = FILL_AREA_STYLE('',(#13857));
#13857 = FILL_AREA_STYLE_COLOUR('',#13801);
#13858 = STYLED_ITEM('color',(#13859),#5536);
#13859 = PRESENTATION_STYLE_ASSIGNMENT((#13860));
#13860 = SURFACE_STYLE_USAGE(.BOTH.,#13861);
#13861 = SURFACE_SIDE_STYLE('',(#13862));
#13862 = SURFACE_STYLE_FILL_AREA(#13863);
#13863 = FILL_AREA_STYLE('',(#13864));
#13864 = FILL_AREA_STYLE_COLOUR('',#13801);
#13865 = STYLED_ITEM('color',(#13866),#5553);
#13866 = PRESENTATION_STYLE_ASSIGNMENT((#13867));
#13867 = SURFACE_STYLE_USAGE(.BOTH.,#13868);
#13868 = SURFACE_SIDE_STYLE('',(#13869));
#13869 = SURFACE_STYLE_FILL_AREA(#13870);
#13870 = FILL_AREA_STYLE('',(#13871));
#13871 = FILL_AREA_STYLE_COLOUR('',#13801);
#13872 = STYLED_ITEM('color',(#13873),#5570);
#13873 = PRESENTATION_STYLE_ASSIGNMENT((#13874));
#13874 = SURFACE_STYLE_USAGE(.BOTH.,#13875);
#13875 = SURFACE_SIDE_STYLE('',(#13876));
#13876 = SURFACE_STYLE_FILL_AREA(#13877);
#13877 = FILL_AREA_STYLE('',(#13878));
#13878 = FILL_AREA_STYLE_COLOUR('',#13801);
#13879 = STYLED_ITEM('color',(#13880),#5587);
#13880 = PRESENTATION_STYLE_ASSIGNMENT((#13881));
#13881 = SURFACE_STYLE_USAGE(.BOTH.,#13882);
#13882 = SURFACE_SIDE_STYLE('',(#13883));
#13883 = SURFACE_STYLE_FILL_AREA(#13884);
#13884 = FILL_AREA_STYLE('',(#13885));
#13885 = FILL_AREA_STYLE_COLOUR('',#13801);
#13886 = STYLED_ITEM('color',(#13887),#5604);
#13887 = PRESENTATION_STYLE_ASSIGNMENT((#13888));
#13888 = SURFACE_STYLE_USAGE(.BOTH.,#13889);
#13889 = SURFACE_SIDE_STYLE('',(#13890));
#13890 = SURFACE_STYLE_FILL_AREA(#13891);
#13891 = FILL_AREA_STYLE('',(#13892));
#13892 = FILL_AREA_STYLE_COLOUR('',#13801);
#13893 = STYLED_ITEM('color',(#13894),#5621);
#13894 = PRESENTATION_STYLE_ASSIGNMENT((#13895));
#13895 = SURFACE_STYLE_USAGE(.BOTH.,#13896);
#13896 = SURFACE_SIDE_STYLE('',(#13897));
#13897 = SURFACE_STYLE_FILL_AREA(#13898);
#13898 = FILL_AREA_STYLE('',(#13899));
#13899 = FILL_AREA_STYLE_COLOUR('',#13801);
#13900 = STYLED_ITEM('color',(#13901),#5638);
#13901 = PRESENTATION_STYLE_ASSIGNMENT((#13902));
#13902 = SURFACE_STYLE_USAGE(.BOTH.,#13903);
#13903 = SURFACE_SIDE_STYLE('',(#13904));
#13904 = SURFACE_STYLE_FILL_AREA(#13905);
#13905 = FILL_AREA_STYLE('',(#13906));
#13906 = FILL_AREA_STYLE_COLOUR('',#13801);
#13907 = STYLED_ITEM('color',(#13908),#5655);
#13908 = PRESENTATION_STYLE_ASSIGNMENT((#13909));
#13909 = SURFACE_STYLE_USAGE(.BOTH.,#13910);
#13910 = SURFACE_SIDE_STYLE('',(#13911));
#13911 = SURFACE_STYLE_FILL_AREA(#13912);
#13912 = FILL_AREA_STYLE('',(#13913));
#13913 = FILL_AREA_STYLE_COLOUR('',#13801);
#13914 = STYLED_ITEM('color',(#13915),#5672);
#13915 = PRESENTATION_STYLE_ASSIGNMENT((#13916));
#13916 = SURFACE_STYLE_USAGE(.BOTH.,#13917);
#13917 = SURFACE_SIDE_STYLE('',(#13918));
#13918 = SURFACE_STYLE_FILL_AREA(#13919);
#13919 = FILL_AREA_STYLE('',(#13920));
#13920 = FILL_AREA_STYLE_COLOUR('',#13801);
#13921 = STYLED_ITEM('color',(#13922),#5689);
#13922 = PRESENTATION_STYLE_ASSIGNMENT((#13923));
#13923 = SURFACE_STYLE_USAGE(.BOTH.,#13924);
#13924 = SURFACE_SIDE_STYLE('',(#13925));
#13925 = SURFACE_STYLE_FILL_AREA(#13926);
#13926 = FILL_AREA_STYLE('',(#13927));
#13927 = FILL_AREA_STYLE_COLOUR('',#13801);
#13928 = STYLED_ITEM('color',(#13929),#5706);
#13929 = PRESENTATION_STYLE_ASSIGNMENT((#13930));
#13930 = SURFACE_STYLE_USAGE(.BOTH.,#13931);
#13931 = SURFACE_SIDE_STYLE('',(#13932));
#13932 = SURFACE_STYLE_FILL_AREA(#13933);
#13933 = FILL_AREA_STYLE('',(#13934));
#13934 = FILL_AREA_STYLE_COLOUR('',#13801);
#13935 = STYLED_ITEM('color',(#13936),#5723);
#13936 = PRESENTATION_STYLE_ASSIGNMENT((#13937));
#13937 = SURFACE_STYLE_USAGE(.BOTH.,#13938);
#13938 = SURFACE_SIDE_STYLE('',(#13939));
#13939 = SURFACE_STYLE_FILL_AREA(#13940);
#13940 = FILL_AREA_STYLE('',(#13941));
#13941 = FILL_AREA_STYLE_COLOUR('',#13801);
#13942 = STYLED_ITEM('color',(#13943),#5740);
#13943 = PRESENTATION_STYLE_ASSIGNMENT((#13944));
#13944 = SURFACE_STYLE_USAGE(.BOTH.,#13945);
#13945 = SURFACE_SIDE_STYLE('',(#13946));
#13946 = SURFACE_STYLE_FILL_AREA(#13947);
#13947 = FILL_AREA_STYLE('',(#13948));
#13948 = FILL_AREA_STYLE_COLOUR('',#13801);
#13949 = STYLED_ITEM('color',(#13950),#5757);
#13950 = PRESENTATION_STYLE_ASSIGNMENT((#13951));
#13951 = SURFACE_STYLE_USAGE(.BOTH.,#13952);
#13952 = SURFACE_SIDE_STYLE('',(#13953));
#13953 = SURFACE_STYLE_FILL_AREA(#13954);
#13954 = FILL_AREA_STYLE('',(#13955));
#13955 = FILL_AREA_STYLE_COLOUR('',#13801);
#13956 = STYLED_ITEM('color',(#13957),#5774);
#13957 = PRESENTATION_STYLE_ASSIGNMENT((#13958));
#13958 = SURFACE_STYLE_USAGE(.BOTH.,#13959);
#13959 = SURFACE_SIDE_STYLE('',(#13960));
#13960 = SURFACE_STYLE_FILL_AREA(#13961);
#13961 = FILL_AREA_STYLE('',(#13962));
#13962 = FILL_AREA_STYLE_COLOUR('',#13801);
#13963 = STYLED_ITEM('color',(#13964),#5791);
#13964 = PRESENTATION_STYLE_ASSIGNMENT((#13965));
#13965 = SURFACE_STYLE_USAGE(.BOTH.,#13966);
#13966 = SURFACE_SIDE_STYLE('',(#13967));
#13967 = SURFACE_STYLE_FILL_AREA(#13968);
#13968 = FILL_AREA_STYLE('',(#13969));
#13969 = FILL_AREA_STYLE_COLOUR('',#13801);
#13970 = STYLED_ITEM('color',(#13971),#5808);
#13971 = PRESENTATION_STYLE_ASSIGNMENT((#13972));
#13972 = SURFACE_STYLE_USAGE(.BOTH.,#13973);
#13973 = SURFACE_SIDE_STYLE('',(#13974));
#13974 = SURFACE_STYLE_FILL_AREA(#13975);
#13975 = FILL_AREA_STYLE('',(#13976));
#13976 = FILL_AREA_STYLE_COLOUR('',#13801);
#13977 = STYLED_ITEM('color',(#13978),#5825);
#13978 = PRESENTATION_STYLE_ASSIGNMENT((#13979));
#13979 = SURFACE_STYLE_USAGE(.BOTH.,#13980);
#13980 = SURFACE_SIDE_STYLE('',(#13981));
#13981 = SURFACE_STYLE_FILL_AREA(#13982);
#13982 = FILL_AREA_STYLE('',(#13983));
#13983 = FILL_AREA_STYLE_COLOUR('',#13801);
#13984 = STYLED_ITEM('color',(#13985),#5842);
#13985 = PRESENTATION_STYLE_ASSIGNMENT((#13986));
#13986 = SURFACE_STYLE_USAGE(.BOTH.,#13987);
#13987 = SURFACE_SIDE_STYLE('',(#13988));
#13988 = SURFACE_STYLE_FILL_AREA(#13989);
#13989 = FILL_AREA_STYLE('',(#13990));
#13990 = FILL_AREA_STYLE_COLOUR('',#13801);
#13991 = STYLED_ITEM('color',(#13992),#5859);
#13992 = PRESENTATION_STYLE_ASSIGNMENT((#13993));
#13993 = SURFACE_STYLE_USAGE(.BOTH.,#13994);
#13994 = SURFACE_SIDE_STYLE('',(#13995));
#13995 = SURFACE_STYLE_FILL_AREA(#13996);
#13996 = FILL_AREA_STYLE('',(#13997));
#13997 = FILL_AREA_STYLE_COLOUR('',#13801);
#13998 = STYLED_ITEM('color',(#13999),#5876);
#13999 = PRESENTATION_STYLE_ASSIGNMENT((#14000));
#14000 = SURFACE_STYLE_USAGE(.BOTH.,#14001);
#14001 = SURFACE_SIDE_STYLE('',(#14002));
#14002 = SURFACE_STYLE_FILL_AREA(#14003);
#14003 = FILL_AREA_STYLE('',(#14004));
#14004 = FILL_AREA_STYLE_COLOUR('',#13801);
#14005 = STYLED_ITEM('color',(#14006),#5893);
#14006 = PRESENTATION_STYLE_ASSIGNMENT((#14007));
#14007 = SURFACE_STYLE_USAGE(.BOTH.,#14008);
#14008 = SURFACE_SIDE_STYLE('',(#14009));
#14009 = SURFACE_STYLE_FILL_AREA(#14010);
#14010 = FILL_AREA_STYLE('',(#14011));
#14011 = FILL_AREA_STYLE_COLOUR('',#13801);
#14012 = STYLED_ITEM('color',(#14013),#5910);
#14013 = PRESENTATION_STYLE_ASSIGNMENT((#14014));
#14014 = SURFACE_STYLE_USAGE(.BOTH.,#14015);
#14015 = SURFACE_SIDE_STYLE('',(#14016));
#14016 = SURFACE_STYLE_FILL_AREA(#14017);
#14017 = FILL_AREA_STYLE('',(#14018));
#14018 = FILL_AREA_STYLE_COLOUR('',#13801);
#14019 = STYLED_ITEM('color',(#14020),#5927);
#14020 = PRESENTATION_STYLE_ASSIGNMENT((#14021));
#14021 = SURFACE_STYLE_USAGE(.BOTH.,#14022);
#14022 = SURFACE_SIDE_STYLE('',(#14023));
#14023 = SURFACE_STYLE_FILL_AREA(#14024);
#14024 = FILL_AREA_STYLE('',(#14025));
#14025 = FILL_AREA_STYLE_COLOUR('',#13801);
#14026 = STYLED_ITEM('color',(#14027),#5944);
#14027 = PRESENTATION_STYLE_ASSIGNMENT((#14028));
#14028 = SURFACE_STYLE_USAGE(.BOTH.,#14029);
#14029 = SURFACE_SIDE_STYLE('',(#14030));
#14030 = SURFACE_STYLE_FILL_AREA(#14031);
#14031 = FILL_AREA_STYLE('',(#14032));
#14032 = FILL_AREA_STYLE_COLOUR('',#13801);
#14033 = STYLED_ITEM('color',(#14034),#5956);
#14034 = PRESENTATION_STYLE_ASSIGNMENT((#14035));
#14035 = SURFACE_STYLE_USAGE(.BOTH.,#14036);
#14036 = SURFACE_SIDE_STYLE('',(#14037));
#14037 = SURFACE_STYLE_FILL_AREA(#14038);
#14038 = FILL_AREA_STYLE('',(#14039));
#14039 = FILL_AREA_STYLE_COLOUR('',#14040);
#14040 = COLOUR_RGB('',0.859000020776,0.737999965183,0.495999988746);
#14041 = STYLED_ITEM('color',(#14042),#5987);
#14042 = PRESENTATION_STYLE_ASSIGNMENT((#14043));
#14043 = SURFACE_STYLE_USAGE(.BOTH.,#14044);
#14044 = SURFACE_SIDE_STYLE('',(#14045));
#14045 = SURFACE_STYLE_FILL_AREA(#14046);
#14046 = FILL_AREA_STYLE('',(#14047));
#14047 = FILL_AREA_STYLE_COLOUR('',#14040);
#14048 = STYLED_ITEM('color',(#14049),#6011);
#14049 = PRESENTATION_STYLE_ASSIGNMENT((#14050));
#14050 = SURFACE_STYLE_USAGE(.BOTH.,#14051);
#14051 = SURFACE_SIDE_STYLE('',(#14052));
#14052 = SURFACE_STYLE_FILL_AREA(#14053);
#14053 = FILL_AREA_STYLE('',(#14054));
#14054 = FILL_AREA_STYLE_COLOUR('',#14040);
#14055 = STYLED_ITEM('color',(#14056),#6035);
#14056 = PRESENTATION_STYLE_ASSIGNMENT((#14057));
#14057 = SURFACE_STYLE_USAGE(.BOTH.,#14058);
#14058 = SURFACE_SIDE_STYLE('',(#14059));
#14059 = SURFACE_STYLE_FILL_AREA(#14060);
#14060 = FILL_AREA_STYLE('',(#14061));
#14061 = FILL_AREA_STYLE_COLOUR('',#14040);
#14062 = STYLED_ITEM('color',(#14063),#6052);
#14063 = PRESENTATION_STYLE_ASSIGNMENT((#14064));
#14064 = SURFACE_STYLE_USAGE(.BOTH.,#14065);
#14065 = SURFACE_SIDE_STYLE('',(#14066));
#14066 = SURFACE_STYLE_FILL_AREA(#14067);
#14067 = FILL_AREA_STYLE('',(#14068));
#14068 = FILL_AREA_STYLE_COLOUR('',#14040);
#14069 = STYLED_ITEM('color',(#14070),#6083);
#14070 = PRESENTATION_STYLE_ASSIGNMENT((#14071));
#14071 = SURFACE_STYLE_USAGE(.BOTH.,#14072);
#14072 = SURFACE_SIDE_STYLE('',(#14073));
#14073 = SURFACE_STYLE_FILL_AREA(#14074);
#14074 = FILL_AREA_STYLE('',(#14075));
#14075 = FILL_AREA_STYLE_COLOUR('',#14040);
#14076 = STYLED_ITEM('color',(#14077),#6107);
#14077 = PRESENTATION_STYLE_ASSIGNMENT((#14078));
#14078 = SURFACE_STYLE_USAGE(.BOTH.,#14079);
#14079 = SURFACE_SIDE_STYLE('',(#14080));
#14080 = SURFACE_STYLE_FILL_AREA(#14081);
#14081 = FILL_AREA_STYLE('',(#14082));
#14082 = FILL_AREA_STYLE_COLOUR('',#14040);
#14083 = STYLED_ITEM('color',(#14084),#6131);
#14084 = PRESENTATION_STYLE_ASSIGNMENT((#14085));
#14085 = SURFACE_STYLE_USAGE(.BOTH.,#14086);
#14086 = SURFACE_SIDE_STYLE('',(#14087));
#14087 = SURFACE_STYLE_FILL_AREA(#14088);
#14088 = FILL_AREA_STYLE('',(#14089));
#14089 = FILL_AREA_STYLE_COLOUR('',#14040);
#14090 = STYLED_ITEM('color',(#14091),#6148);
#14091 = PRESENTATION_STYLE_ASSIGNMENT((#14092));
#14092 = SURFACE_STYLE_USAGE(.BOTH.,#14093);
#14093 = SURFACE_SIDE_STYLE('',(#14094));
#14094 = SURFACE_STYLE_FILL_AREA(#14095);
#14095 = FILL_AREA_STYLE('',(#14096));
#14096 = FILL_AREA_STYLE_COLOUR('',#14040);
#14097 = STYLED_ITEM('color',(#14098),#6179);
#14098 = PRESENTATION_STYLE_ASSIGNMENT((#14099));
#14099 = SURFACE_STYLE_USAGE(.BOTH.,#14100);
#14100 = SURFACE_SIDE_STYLE('',(#14101));
#14101 = SURFACE_STYLE_FILL_AREA(#14102);
#14102 = FILL_AREA_STYLE('',(#14103));
#14103 = FILL_AREA_STYLE_COLOUR('',#14040);
#14104 = STYLED_ITEM('color',(#14105),#6203);
#14105 = PRESENTATION_STYLE_ASSIGNMENT((#14106));
#14106 = SURFACE_STYLE_USAGE(.BOTH.,#14107);
#14107 = SURFACE_SIDE_STYLE('',(#14108));
#14108 = SURFACE_STYLE_FILL_AREA(#14109);
#14109 = FILL_AREA_STYLE('',(#14110));
#14110 = FILL_AREA_STYLE_COLOUR('',#14040);
#14111 = STYLED_ITEM('color',(#14112),#6227);
#14112 = PRESENTATION_STYLE_ASSIGNMENT((#14113));
#14113 = SURFACE_STYLE_USAGE(.BOTH.,#14114);
#14114 = SURFACE_SIDE_STYLE('',(#14115));
#14115 = SURFACE_STYLE_FILL_AREA(#14116);
#14116 = FILL_AREA_STYLE('',(#14117));
#14117 = FILL_AREA_STYLE_COLOUR('',#14040);
#14118 = STYLED_ITEM('color',(#14119),#6244);
#14119 = PRESENTATION_STYLE_ASSIGNMENT((#14120));
#14120 = SURFACE_STYLE_USAGE(.BOTH.,#14121);
#14121 = SURFACE_SIDE_STYLE('',(#14122));
#14122 = SURFACE_STYLE_FILL_AREA(#14123);
#14123 = FILL_AREA_STYLE('',(#14124));
#14124 = FILL_AREA_STYLE_COLOUR('',#14040);
#14125 = STYLED_ITEM('color',(#14126),#6275);
#14126 = PRESENTATION_STYLE_ASSIGNMENT((#14127));
#14127 = SURFACE_STYLE_USAGE(.BOTH.,#14128);
#14128 = SURFACE_SIDE_STYLE('',(#14129));
#14129 = SURFACE_STYLE_FILL_AREA(#14130);
#14130 = FILL_AREA_STYLE('',(#14131));
#14131 = FILL_AREA_STYLE_COLOUR('',#14040);
#14132 = STYLED_ITEM('color',(#14133),#6299);
#14133 = PRESENTATION_STYLE_ASSIGNMENT((#14134));
#14134 = SURFACE_STYLE_USAGE(.BOTH.,#14135);
#14135 = SURFACE_SIDE_STYLE('',(#14136));
#14136 = SURFACE_STYLE_FILL_AREA(#14137);
#14137 = FILL_AREA_STYLE('',(#14138));
#14138 = FILL_AREA_STYLE_COLOUR('',#14040);
#14139 = STYLED_ITEM('color',(#14140),#6323);
#14140 = PRESENTATION_STYLE_ASSIGNMENT((#14141));
#14141 = SURFACE_STYLE_USAGE(.BOTH.,#14142);
#14142 = SURFACE_SIDE_STYLE('',(#14143));
#14143 = SURFACE_STYLE_FILL_AREA(#14144);
#14144 = FILL_AREA_STYLE('',(#14145));
#14145 = FILL_AREA_STYLE_COLOUR('',#14040);
#14146 = STYLED_ITEM('color',(#14147),#6340);
#14147 = PRESENTATION_STYLE_ASSIGNMENT((#14148));
#14148 = SURFACE_STYLE_USAGE(.BOTH.,#14149);
#14149 = SURFACE_SIDE_STYLE('',(#14150));
#14150 = SURFACE_STYLE_FILL_AREA(#14151);
#14151 = FILL_AREA_STYLE('',(#14152));
#14152 = FILL_AREA_STYLE_COLOUR('',#14040);
#14153 = STYLED_ITEM('color',(#14154),#6371);
#14154 = PRESENTATION_STYLE_ASSIGNMENT((#14155));
#14155 = SURFACE_STYLE_USAGE(.BOTH.,#14156);
#14156 = SURFACE_SIDE_STYLE('',(#14157));
#14157 = SURFACE_STYLE_FILL_AREA(#14158);
#14158 = FILL_AREA_STYLE('',(#14159));
#14159 = FILL_AREA_STYLE_COLOUR('',#14040);
#14160 = STYLED_ITEM('color',(#14161),#6395);
#14161 = PRESENTATION_STYLE_ASSIGNMENT((#14162));
#14162 = SURFACE_STYLE_USAGE(.BOTH.,#14163);
#14163 = SURFACE_SIDE_STYLE('',(#14164));
#14164 = SURFACE_STYLE_FILL_AREA(#14165);
#14165 = FILL_AREA_STYLE('',(#14166));
#14166 = FILL_AREA_STYLE_COLOUR('',#14040);
#14167 = STYLED_ITEM('color',(#14168),#6419);
#14168 = PRESENTATION_STYLE_ASSIGNMENT((#14169));
#14169 = SURFACE_STYLE_USAGE(.BOTH.,#14170);
#14170 = SURFACE_SIDE_STYLE('',(#14171));
#14171 = SURFACE_STYLE_FILL_AREA(#14172);
#14172 = FILL_AREA_STYLE('',(#14173));
#14173 = FILL_AREA_STYLE_COLOUR('',#14040);
#14174 = STYLED_ITEM('color',(#14175),#6436);
#14175 = PRESENTATION_STYLE_ASSIGNMENT((#14176));
#14176 = SURFACE_STYLE_USAGE(.BOTH.,#14177);
#14177 = SURFACE_SIDE_STYLE('',(#14178));
#14178 = SURFACE_STYLE_FILL_AREA(#14179);
#14179 = FILL_AREA_STYLE('',(#14180));
#14180 = FILL_AREA_STYLE_COLOUR('',#14040);
#14181 = STYLED_ITEM('color',(#14182),#6467);
#14182 = PRESENTATION_STYLE_ASSIGNMENT((#14183));
#14183 = SURFACE_STYLE_USAGE(.BOTH.,#14184);
#14184 = SURFACE_SIDE_STYLE('',(#14185));
#14185 = SURFACE_STYLE_FILL_AREA(#14186);
#14186 = FILL_AREA_STYLE('',(#14187));
#14187 = FILL_AREA_STYLE_COLOUR('',#14040);
#14188 = STYLED_ITEM('color',(#14189),#6491);
#14189 = PRESENTATION_STYLE_ASSIGNMENT((#14190));
#14190 = SURFACE_STYLE_USAGE(.BOTH.,#14191);
#14191 = SURFACE_SIDE_STYLE('',(#14192));
#14192 = SURFACE_STYLE_FILL_AREA(#14193);
#14193 = FILL_AREA_STYLE('',(#14194));
#14194 = FILL_AREA_STYLE_COLOUR('',#14040);
#14195 = STYLED_ITEM('color',(#14196),#6515);
#14196 = PRESENTATION_STYLE_ASSIGNMENT((#14197));
#14197 = SURFACE_STYLE_USAGE(.BOTH.,#14198);
#14198 = SURFACE_SIDE_STYLE('',(#14199));
#14199 = SURFACE_STYLE_FILL_AREA(#14200);
#14200 = FILL_AREA_STYLE('',(#14201));
#14201 = FILL_AREA_STYLE_COLOUR('',#14040);
#14202 = STYLED_ITEM('color',(#14203),#6532);
#14203 = PRESENTATION_STYLE_ASSIGNMENT((#14204));
#14204 = SURFACE_STYLE_USAGE(.BOTH.,#14205);
#14205 = SURFACE_SIDE_STYLE('',(#14206));
#14206 = SURFACE_STYLE_FILL_AREA(#14207);
#14207 = FILL_AREA_STYLE('',(#14208));
#14208 = FILL_AREA_STYLE_COLOUR('',#14040);
#14209 = STYLED_ITEM('color',(#14210),#6563);
#14210 = PRESENTATION_STYLE_ASSIGNMENT((#14211));
#14211 = SURFACE_STYLE_USAGE(.BOTH.,#14212);
#14212 = SURFACE_SIDE_STYLE('',(#14213));
#14213 = SURFACE_STYLE_FILL_AREA(#14214);
#14214 = FILL_AREA_STYLE('',(#14215));
#14215 = FILL_AREA_STYLE_COLOUR('',#14040);
#14216 = STYLED_ITEM('color',(#14217),#6587);
#14217 = PRESENTATION_STYLE_ASSIGNMENT((#14218));
#14218 = SURFACE_STYLE_USAGE(.BOTH.,#14219);
#14219 = SURFACE_SIDE_STYLE('',(#14220));
#14220 = SURFACE_STYLE_FILL_AREA(#14221);
#14221 = FILL_AREA_STYLE('',(#14222));
#14222 = FILL_AREA_STYLE_COLOUR('',#14040);
#14223 = STYLED_ITEM('color',(#14224),#6611);
#14224 = PRESENTATION_STYLE_ASSIGNMENT((#14225));
#14225 = SURFACE_STYLE_USAGE(.BOTH.,#14226);
#14226 = SURFACE_SIDE_STYLE('',(#14227));
#14227 = SURFACE_STYLE_FILL_AREA(#14228);
#14228 = FILL_AREA_STYLE('',(#14229));
#14229 = FILL_AREA_STYLE_COLOUR('',#14040);
#14230 = STYLED_ITEM('color',(#14231),#6628);
#14231 = PRESENTATION_STYLE_ASSIGNMENT((#14232));
#14232 = SURFACE_STYLE_USAGE(.BOTH.,#14233);
#14233 = SURFACE_SIDE_STYLE('',(#14234));
#14234 = SURFACE_STYLE_FILL_AREA(#14235);
#14235 = FILL_AREA_STYLE('',(#14236));
#14236 = FILL_AREA_STYLE_COLOUR('',#14040);
#14237 = STYLED_ITEM('color',(#14238),#6659);
#14238 = PRESENTATION_STYLE_ASSIGNMENT((#14239));
#14239 = SURFACE_STYLE_USAGE(.BOTH.,#14240);
#14240 = SURFACE_SIDE_STYLE('',(#14241));
#14241 = SURFACE_STYLE_FILL_AREA(#14242);
#14242 = FILL_AREA_STYLE('',(#14243));
#14243 = FILL_AREA_STYLE_COLOUR('',#14040);
#14244 = STYLED_ITEM('color',(#14245),#6683);
#14245 = PRESENTATION_STYLE_ASSIGNMENT((#14246));
#14246 = SURFACE_STYLE_USAGE(.BOTH.,#14247);
#14247 = SURFACE_SIDE_STYLE('',(#14248));
#14248 = SURFACE_STYLE_FILL_AREA(#14249);
#14249 = FILL_AREA_STYLE('',(#14250));
#14250 = FILL_AREA_STYLE_COLOUR('',#14040);
#14251 = STYLED_ITEM('color',(#14252),#6707);
#14252 = PRESENTATION_STYLE_ASSIGNMENT((#14253));
#14253 = SURFACE_STYLE_USAGE(.BOTH.,#14254);
#14254 = SURFACE_SIDE_STYLE('',(#14255));
#14255 = SURFACE_STYLE_FILL_AREA(#14256);
#14256 = FILL_AREA_STYLE('',(#14257));
#14257 = FILL_AREA_STYLE_COLOUR('',#14040);
#14258 = STYLED_ITEM('color',(#14259),#6724);
#14259 = PRESENTATION_STYLE_ASSIGNMENT((#14260));
#14260 = SURFACE_STYLE_USAGE(.BOTH.,#14261);
#14261 = SURFACE_SIDE_STYLE('',(#14262));
#14262 = SURFACE_STYLE_FILL_AREA(#14263);
#14263 = FILL_AREA_STYLE('',(#14264));
#14264 = FILL_AREA_STYLE_COLOUR('',#14040);
#14265 = STYLED_ITEM('color',(#14266),#6755);
#14266 = PRESENTATION_STYLE_ASSIGNMENT((#14267));
#14267 = SURFACE_STYLE_USAGE(.BOTH.,#14268);
#14268 = SURFACE_SIDE_STYLE('',(#14269));
#14269 = SURFACE_STYLE_FILL_AREA(#14270);
#14270 = FILL_AREA_STYLE('',(#14271));
#14271 = FILL_AREA_STYLE_COLOUR('',#14040);
#14272 = STYLED_ITEM('color',(#14273),#6779);
#14273 = PRESENTATION_STYLE_ASSIGNMENT((#14274));
#14274 = SURFACE_STYLE_USAGE(.BOTH.,#14275);
#14275 = SURFACE_SIDE_STYLE('',(#14276));
#14276 = SURFACE_STYLE_FILL_AREA(#14277);
#14277 = FILL_AREA_STYLE('',(#14278));
#14278 = FILL_AREA_STYLE_COLOUR('',#14040);
#14279 = STYLED_ITEM('color',(#14280),#6803);
#14280 = PRESENTATION_STYLE_ASSIGNMENT((#14281));
#14281 = SURFACE_STYLE_USAGE(.BOTH.,#14282);
#14282 = SURFACE_SIDE_STYLE('',(#14283));
#14283 = SURFACE_STYLE_FILL_AREA(#14284);
#14284 = FILL_AREA_STYLE('',(#14285));
#14285 = FILL_AREA_STYLE_COLOUR('',#14040);
#14286 = STYLED_ITEM('color',(#14287),#6820);
#14287 = PRESENTATION_STYLE_ASSIGNMENT((#14288));
#14288 = SURFACE_STYLE_USAGE(.BOTH.,#14289);
#14289 = SURFACE_SIDE_STYLE('',(#14290));
#14290 = SURFACE_STYLE_FILL_AREA(#14291);
#14291 = FILL_AREA_STYLE('',(#14292));
#14292 = FILL_AREA_STYLE_COLOUR('',#14040);
#14293 = STYLED_ITEM('color',(#14294),#6851);
#14294 = PRESENTATION_STYLE_ASSIGNMENT((#14295));
#14295 = SURFACE_STYLE_USAGE(.BOTH.,#14296);
#14296 = SURFACE_SIDE_STYLE('',(#14297));
#14297 = SURFACE_STYLE_FILL_AREA(#14298);
#14298 = FILL_AREA_STYLE('',(#14299));
#14299 = FILL_AREA_STYLE_COLOUR('',#14040);
#14300 = STYLED_ITEM('color',(#14301),#6875);
#14301 = PRESENTATION_STYLE_ASSIGNMENT((#14302));
#14302 = SURFACE_STYLE_USAGE(.BOTH.,#14303);
#14303 = SURFACE_SIDE_STYLE('',(#14304));
#14304 = SURFACE_STYLE_FILL_AREA(#14305);
#14305 = FILL_AREA_STYLE('',(#14306));
#14306 = FILL_AREA_STYLE_COLOUR('',#14040);
#14307 = STYLED_ITEM('color',(#14308),#6899);
#14308 = PRESENTATION_STYLE_ASSIGNMENT((#14309));
#14309 = SURFACE_STYLE_USAGE(.BOTH.,#14310);
#14310 = SURFACE_SIDE_STYLE('',(#14311));
#14311 = SURFACE_STYLE_FILL_AREA(#14312);
#14312 = FILL_AREA_STYLE('',(#14313));
#14313 = FILL_AREA_STYLE_COLOUR('',#14040);
#14314 = STYLED_ITEM('color',(#14315),#6916);
#14315 = PRESENTATION_STYLE_ASSIGNMENT((#14316));
#14316 = SURFACE_STYLE_USAGE(.BOTH.,#14317);
#14317 = SURFACE_SIDE_STYLE('',(#14318));
#14318 = SURFACE_STYLE_FILL_AREA(#14319);
#14319 = FILL_AREA_STYLE('',(#14320));
#14320 = FILL_AREA_STYLE_COLOUR('',#14040);
#14321 = STYLED_ITEM('color',(#14322),#6947);
#14322 = PRESENTATION_STYLE_ASSIGNMENT((#14323));
#14323 = SURFACE_STYLE_USAGE(.BOTH.,#14324);
#14324 = SURFACE_SIDE_STYLE('',(#14325));
#14325 = SURFACE_STYLE_FILL_AREA(#14326);
#14326 = FILL_AREA_STYLE('',(#14327));
#14327 = FILL_AREA_STYLE_COLOUR('',#14040);
#14328 = STYLED_ITEM('color',(#14329),#6971);
#14329 = PRESENTATION_STYLE_ASSIGNMENT((#14330));
#14330 = SURFACE_STYLE_USAGE(.BOTH.,#14331);
#14331 = SURFACE_SIDE_STYLE('',(#14332));
#14332 = SURFACE_STYLE_FILL_AREA(#14333);
#14333 = FILL_AREA_STYLE('',(#14334));
#14334 = FILL_AREA_STYLE_COLOUR('',#14040);
#14335 = STYLED_ITEM('color',(#14336),#6995);
#14336 = PRESENTATION_STYLE_ASSIGNMENT((#14337));
#14337 = SURFACE_STYLE_USAGE(.BOTH.,#14338);
#14338 = SURFACE_SIDE_STYLE('',(#14339));
#14339 = SURFACE_STYLE_FILL_AREA(#14340);
#14340 = FILL_AREA_STYLE('',(#14341));
#14341 = FILL_AREA_STYLE_COLOUR('',#14040);
#14342 = STYLED_ITEM('color',(#14343),#7012);
#14343 = PRESENTATION_STYLE_ASSIGNMENT((#14344));
#14344 = SURFACE_STYLE_USAGE(.BOTH.,#14345);
#14345 = SURFACE_SIDE_STYLE('',(#14346));
#14346 = SURFACE_STYLE_FILL_AREA(#14347);
#14347 = FILL_AREA_STYLE('',(#14348));
#14348 = FILL_AREA_STYLE_COLOUR('',#14040);
#14349 = STYLED_ITEM('color',(#14350),#7043);
#14350 = PRESENTATION_STYLE_ASSIGNMENT((#14351));
#14351 = SURFACE_STYLE_USAGE(.BOTH.,#14352);
#14352 = SURFACE_SIDE_STYLE('',(#14353));
#14353 = SURFACE_STYLE_FILL_AREA(#14354);
#14354 = FILL_AREA_STYLE('',(#14355));
#14355 = FILL_AREA_STYLE_COLOUR('',#14040);
#14356 = STYLED_ITEM('color',(#14357),#7067);
#14357 = PRESENTATION_STYLE_ASSIGNMENT((#14358));
#14358 = SURFACE_STYLE_USAGE(.BOTH.,#14359);
#14359 = SURFACE_SIDE_STYLE('',(#14360));
#14360 = SURFACE_STYLE_FILL_AREA(#14361);
#14361 = FILL_AREA_STYLE('',(#14362));
#14362 = FILL_AREA_STYLE_COLOUR('',#14040);
#14363 = STYLED_ITEM('color',(#14364),#7091);
#14364 = PRESENTATION_STYLE_ASSIGNMENT((#14365));
#14365 = SURFACE_STYLE_USAGE(.BOTH.,#14366);
#14366 = SURFACE_SIDE_STYLE('',(#14367));
#14367 = SURFACE_STYLE_FILL_AREA(#14368);
#14368 = FILL_AREA_STYLE('',(#14369));
#14369 = FILL_AREA_STYLE_COLOUR('',#14040);
#14370 = STYLED_ITEM('color',(#14371),#7108);
#14371 = PRESENTATION_STYLE_ASSIGNMENT((#14372));
#14372 = SURFACE_STYLE_USAGE(.BOTH.,#14373);
#14373 = SURFACE_SIDE_STYLE('',(#14374));
#14374 = SURFACE_STYLE_FILL_AREA(#14375);
#14375 = FILL_AREA_STYLE('',(#14376));
#14376 = FILL_AREA_STYLE_COLOUR('',#14040);
#14377 = STYLED_ITEM('color',(#14378),#7139);
#14378 = PRESENTATION_STYLE_ASSIGNMENT((#14379));
#14379 = SURFACE_STYLE_USAGE(.BOTH.,#14380);
#14380 = SURFACE_SIDE_STYLE('',(#14381));
#14381 = SURFACE_STYLE_FILL_AREA(#14382);
#14382 = FILL_AREA_STYLE('',(#14383));
#14383 = FILL_AREA_STYLE_COLOUR('',#14040);
#14384 = STYLED_ITEM('color',(#14385),#7163);
#14385 = PRESENTATION_STYLE_ASSIGNMENT((#14386));
#14386 = SURFACE_STYLE_USAGE(.BOTH.,#14387);
#14387 = SURFACE_SIDE_STYLE('',(#14388));
#14388 = SURFACE_STYLE_FILL_AREA(#14389);
#14389 = FILL_AREA_STYLE('',(#14390));
#14390 = FILL_AREA_STYLE_COLOUR('',#14040);
#14391 = STYLED_ITEM('color',(#14392),#7187);
#14392 = PRESENTATION_STYLE_ASSIGNMENT((#14393));
#14393 = SURFACE_STYLE_USAGE(.BOTH.,#14394);
#14394 = SURFACE_SIDE_STYLE('',(#14395));
#14395 = SURFACE_STYLE_FILL_AREA(#14396);
#14396 = FILL_AREA_STYLE('',(#14397));
#14397 = FILL_AREA_STYLE_COLOUR('',#14040);
#14398 = STYLED_ITEM('color',(#14399),#7204);
#14399 = PRESENTATION_STYLE_ASSIGNMENT((#14400));
#14400 = SURFACE_STYLE_USAGE(.BOTH.,#14401);
#14401 = SURFACE_SIDE_STYLE('',(#14402));
#14402 = SURFACE_STYLE_FILL_AREA(#14403);
#14403 = FILL_AREA_STYLE('',(#14404));
#14404 = FILL_AREA_STYLE_COLOUR('',#14040);
#14405 = STYLED_ITEM('color',(#14406),#7235);
#14406 = PRESENTATION_STYLE_ASSIGNMENT((#14407));
#14407 = SURFACE_STYLE_USAGE(.BOTH.,#14408);
#14408 = SURFACE_SIDE_STYLE('',(#14409));
#14409 = SURFACE_STYLE_FILL_AREA(#14410);
#14410 = FILL_AREA_STYLE('',(#14411));
#14411 = FILL_AREA_STYLE_COLOUR('',#14040);
#14412 = STYLED_ITEM('color',(#14413),#7259);
#14413 = PRESENTATION_STYLE_ASSIGNMENT((#14414));
#14414 = SURFACE_STYLE_USAGE(.BOTH.,#14415);
#14415 = SURFACE_SIDE_STYLE('',(#14416));
#14416 = SURFACE_STYLE_FILL_AREA(#14417);
#14417 = FILL_AREA_STYLE('',(#14418));
#14418 = FILL_AREA_STYLE_COLOUR('',#14040);
#14419 = STYLED_ITEM('color',(#14420),#7283);
#14420 = PRESENTATION_STYLE_ASSIGNMENT((#14421));
#14421 = SURFACE_STYLE_USAGE(.BOTH.,#14422);
#14422 = SURFACE_SIDE_STYLE('',(#14423));
#14423 = SURFACE_STYLE_FILL_AREA(#14424);
#14424 = FILL_AREA_STYLE('',(#14425));
#14425 = FILL_AREA_STYLE_COLOUR('',#14040);
#14426 = STYLED_ITEM('color',(#14427),#7300);
#14427 = PRESENTATION_STYLE_ASSIGNMENT((#14428));
#14428 = SURFACE_STYLE_USAGE(.BOTH.,#14429);
#14429 = SURFACE_SIDE_STYLE('',(#14430));
#14430 = SURFACE_STYLE_FILL_AREA(#14431);
#14431 = FILL_AREA_STYLE('',(#14432));
#14432 = FILL_AREA_STYLE_COLOUR('',#14040);
#14433 = STYLED_ITEM('color',(#14434),#7331);
#14434 = PRESENTATION_STYLE_ASSIGNMENT((#14435));
#14435 = SURFACE_STYLE_USAGE(.BOTH.,#14436);
#14436 = SURFACE_SIDE_STYLE('',(#14437));
#14437 = SURFACE_STYLE_FILL_AREA(#14438);
#14438 = FILL_AREA_STYLE('',(#14439));
#14439 = FILL_AREA_STYLE_COLOUR('',#14040);
#14440 = STYLED_ITEM('color',(#14441),#7355);
#14441 = PRESENTATION_STYLE_ASSIGNMENT((#14442));
#14442 = SURFACE_STYLE_USAGE(.BOTH.,#14443);
#14443 = SURFACE_SIDE_STYLE('',(#14444));
#14444 = SURFACE_STYLE_FILL_AREA(#14445);
#14445 = FILL_AREA_STYLE('',(#14446));
#14446 = FILL_AREA_STYLE_COLOUR('',#14040);
#14447 = STYLED_ITEM('color',(#14448),#7379);
#14448 = PRESENTATION_STYLE_ASSIGNMENT((#14449));
#14449 = SURFACE_STYLE_USAGE(.BOTH.,#14450);
#14450 = SURFACE_SIDE_STYLE('',(#14451));
#14451 = SURFACE_STYLE_FILL_AREA(#14452);
#14452 = FILL_AREA_STYLE('',(#14453));
#14453 = FILL_AREA_STYLE_COLOUR('',#14040);
#14454 = STYLED_ITEM('color',(#14455),#7396);
#14455 = PRESENTATION_STYLE_ASSIGNMENT((#14456));
#14456 = SURFACE_STYLE_USAGE(.BOTH.,#14457);
#14457 = SURFACE_SIDE_STYLE('',(#14458));
#14458 = SURFACE_STYLE_FILL_AREA(#14459);
#14459 = FILL_AREA_STYLE('',(#14460));
#14460 = FILL_AREA_STYLE_COLOUR('',#14040);
#14461 = STYLED_ITEM('color',(#14462),#7427);
#14462 = PRESENTATION_STYLE_ASSIGNMENT((#14463));
#14463 = SURFACE_STYLE_USAGE(.BOTH.,#14464);
#14464 = SURFACE_SIDE_STYLE('',(#14465));
#14465 = SURFACE_STYLE_FILL_AREA(#14466);
#14466 = FILL_AREA_STYLE('',(#14467));
#14467 = FILL_AREA_STYLE_COLOUR('',#14040);
#14468 = STYLED_ITEM('color',(#14469),#7451);
#14469 = PRESENTATION_STYLE_ASSIGNMENT((#14470));
#14470 = SURFACE_STYLE_USAGE(.BOTH.,#14471);
#14471 = SURFACE_SIDE_STYLE('',(#14472));
#14472 = SURFACE_STYLE_FILL_AREA(#14473);
#14473 = FILL_AREA_STYLE('',(#14474));
#14474 = FILL_AREA_STYLE_COLOUR('',#14040);
#14475 = STYLED_ITEM('color',(#14476),#7475);
#14476 = PRESENTATION_STYLE_ASSIGNMENT((#14477));
#14477 = SURFACE_STYLE_USAGE(.BOTH.,#14478);
#14478 = SURFACE_SIDE_STYLE('',(#14479));
#14479 = SURFACE_STYLE_FILL_AREA(#14480);
#14480 = FILL_AREA_STYLE('',(#14481));
#14481 = FILL_AREA_STYLE_COLOUR('',#14040);
#14482 = STYLED_ITEM('color',(#14483),#7492);
#14483 = PRESENTATION_STYLE_ASSIGNMENT((#14484));
#14484 = SURFACE_STYLE_USAGE(.BOTH.,#14485);
#14485 = SURFACE_SIDE_STYLE('',(#14486));
#14486 = SURFACE_STYLE_FILL_AREA(#14487);
#14487 = FILL_AREA_STYLE('',(#14488));
#14488 = FILL_AREA_STYLE_COLOUR('',#14040);
#14489 = STYLED_ITEM('color',(#14490),#7523);
#14490 = PRESENTATION_STYLE_ASSIGNMENT((#14491));
#14491 = SURFACE_STYLE_USAGE(.BOTH.,#14492);
#14492 = SURFACE_SIDE_STYLE('',(#14493));
#14493 = SURFACE_STYLE_FILL_AREA(#14494);
#14494 = FILL_AREA_STYLE('',(#14495));
#14495 = FILL_AREA_STYLE_COLOUR('',#14040);
#14496 = STYLED_ITEM('color',(#14497),#7547);
#14497 = PRESENTATION_STYLE_ASSIGNMENT((#14498));
#14498 = SURFACE_STYLE_USAGE(.BOTH.,#14499);
#14499 = SURFACE_SIDE_STYLE('',(#14500));
#14500 = SURFACE_STYLE_FILL_AREA(#14501);
#14501 = FILL_AREA_STYLE('',(#14502));
#14502 = FILL_AREA_STYLE_COLOUR('',#14040);
#14503 = STYLED_ITEM('color',(#14504),#7571);
#14504 = PRESENTATION_STYLE_ASSIGNMENT((#14505));
#14505 = SURFACE_STYLE_USAGE(.BOTH.,#14506);
#14506 = SURFACE_SIDE_STYLE('',(#14507));
#14507 = SURFACE_STYLE_FILL_AREA(#14508);
#14508 = FILL_AREA_STYLE('',(#14509));
#14509 = FILL_AREA_STYLE_COLOUR('',#14040);
#14510 = STYLED_ITEM('color',(#14511),#7588);
#14511 = PRESENTATION_STYLE_ASSIGNMENT((#14512));
#14512 = SURFACE_STYLE_USAGE(.BOTH.,#14513);
#14513 = SURFACE_SIDE_STYLE('',(#14514));
#14514 = SURFACE_STYLE_FILL_AREA(#14515);
#14515 = FILL_AREA_STYLE('',(#14516));
#14516 = FILL_AREA_STYLE_COLOUR('',#14040);
#14517 = STYLED_ITEM('color',(#14518),#7619);
#14518 = PRESENTATION_STYLE_ASSIGNMENT((#14519));
#14519 = SURFACE_STYLE_USAGE(.BOTH.,#14520);
#14520 = SURFACE_SIDE_STYLE('',(#14521));
#14521 = SURFACE_STYLE_FILL_AREA(#14522);
#14522 = FILL_AREA_STYLE('',(#14523));
#14523 = FILL_AREA_STYLE_COLOUR('',#14040);
#14524 = STYLED_ITEM('color',(#14525),#7643);
#14525 = PRESENTATION_STYLE_ASSIGNMENT((#14526));
#14526 = SURFACE_STYLE_USAGE(.BOTH.,#14527);
#14527 = SURFACE_SIDE_STYLE('',(#14528));
#14528 = SURFACE_STYLE_FILL_AREA(#14529);
#14529 = FILL_AREA_STYLE('',(#14530));
#14530 = FILL_AREA_STYLE_COLOUR('',#14040);
#14531 = STYLED_ITEM('color',(#14532),#7667);
#14532 = PRESENTATION_STYLE_ASSIGNMENT((#14533));
#14533 = SURFACE_STYLE_USAGE(.BOTH.,#14534);
#14534 = SURFACE_SIDE_STYLE('',(#14535));
#14535 = SURFACE_STYLE_FILL_AREA(#14536);
#14536 = FILL_AREA_STYLE('',(#14537));
#14537 = FILL_AREA_STYLE_COLOUR('',#14040);
#14538 = STYLED_ITEM('color',(#14539),#7684);
#14539 = PRESENTATION_STYLE_ASSIGNMENT((#14540));
#14540 = SURFACE_STYLE_USAGE(.BOTH.,#14541);
#14541 = SURFACE_SIDE_STYLE('',(#14542));
#14542 = SURFACE_STYLE_FILL_AREA(#14543);
#14543 = FILL_AREA_STYLE('',(#14544));
#14544 = FILL_AREA_STYLE_COLOUR('',#14040);
#14545 = STYLED_ITEM('color',(#14546),#7715);
#14546 = PRESENTATION_STYLE_ASSIGNMENT((#14547));
#14547 = SURFACE_STYLE_USAGE(.BOTH.,#14548);
#14548 = SURFACE_SIDE_STYLE('',(#14549));
#14549 = SURFACE_STYLE_FILL_AREA(#14550);
#14550 = FILL_AREA_STYLE('',(#14551));
#14551 = FILL_AREA_STYLE_COLOUR('',#14040);
#14552 = STYLED_ITEM('color',(#14553),#7739);
#14553 = PRESENTATION_STYLE_ASSIGNMENT((#14554));
#14554 = SURFACE_STYLE_USAGE(.BOTH.,#14555);
#14555 = SURFACE_SIDE_STYLE('',(#14556));
#14556 = SURFACE_STYLE_FILL_AREA(#14557);
#14557 = FILL_AREA_STYLE('',(#14558));
#14558 = FILL_AREA_STYLE_COLOUR('',#14040);
#14559 = STYLED_ITEM('color',(#14560),#7763);
#14560 = PRESENTATION_STYLE_ASSIGNMENT((#14561));
#14561 = SURFACE_STYLE_USAGE(.BOTH.,#14562);
#14562 = SURFACE_SIDE_STYLE('',(#14563));
#14563 = SURFACE_STYLE_FILL_AREA(#14564);
#14564 = FILL_AREA_STYLE('',(#14565));
#14565 = FILL_AREA_STYLE_COLOUR('',#14040);
#14566 = STYLED_ITEM('color',(#14567),#7780);
#14567 = PRESENTATION_STYLE_ASSIGNMENT((#14568));
#14568 = SURFACE_STYLE_USAGE(.BOTH.,#14569);
#14569 = SURFACE_SIDE_STYLE('',(#14570));
#14570 = SURFACE_STYLE_FILL_AREA(#14571);
#14571 = FILL_AREA_STYLE('',(#14572));
#14572 = FILL_AREA_STYLE_COLOUR('',#14040);
#14573 = STYLED_ITEM('color',(#14574),#7811);
#14574 = PRESENTATION_STYLE_ASSIGNMENT((#14575));
#14575 = SURFACE_STYLE_USAGE(.BOTH.,#14576);
#14576 = SURFACE_SIDE_STYLE('',(#14577));
#14577 = SURFACE_STYLE_FILL_AREA(#14578);
#14578 = FILL_AREA_STYLE('',(#14579));
#14579 = FILL_AREA_STYLE_COLOUR('',#14040);
#14580 = STYLED_ITEM('color',(#14581),#7835);
#14581 = PRESENTATION_STYLE_ASSIGNMENT((#14582));
#14582 = SURFACE_STYLE_USAGE(.BOTH.,#14583);
#14583 = SURFACE_SIDE_STYLE('',(#14584));
#14584 = SURFACE_STYLE_FILL_AREA(#14585);
#14585 = FILL_AREA_STYLE('',(#14586));
#14586 = FILL_AREA_STYLE_COLOUR('',#14040);
#14587 = STYLED_ITEM('color',(#14588),#7859);
#14588 = PRESENTATION_STYLE_ASSIGNMENT((#14589));
#14589 = SURFACE_STYLE_USAGE(.BOTH.,#14590);
#14590 = SURFACE_SIDE_STYLE('',(#14591));
#14591 = SURFACE_STYLE_FILL_AREA(#14592);
#14592 = FILL_AREA_STYLE('',(#14593));
#14593 = FILL_AREA_STYLE_COLOUR('',#14040);
#14594 = STYLED_ITEM('color',(#14595),#7876);
#14595 = PRESENTATION_STYLE_ASSIGNMENT((#14596));
#14596 = SURFACE_STYLE_USAGE(.BOTH.,#14597);
#14597 = SURFACE_SIDE_STYLE('',(#14598));
#14598 = SURFACE_STYLE_FILL_AREA(#14599);
#14599 = FILL_AREA_STYLE('',(#14600));
#14600 = FILL_AREA_STYLE_COLOUR('',#14040);
#14601 = STYLED_ITEM('color',(#14602),#7888);
#14602 = PRESENTATION_STYLE_ASSIGNMENT((#14603));
#14603 = SURFACE_STYLE_USAGE(.BOTH.,#14604);
#14604 = SURFACE_SIDE_STYLE('',(#14605));
#14605 = SURFACE_STYLE_FILL_AREA(#14606);
#14606 = FILL_AREA_STYLE('',(#14607));
#14607 = FILL_AREA_STYLE_COLOUR('',#14040);
#14608 = STYLED_ITEM('color',(#14609),#7900);
#14609 = PRESENTATION_STYLE_ASSIGNMENT((#14610));
#14610 = SURFACE_STYLE_USAGE(.BOTH.,#14611);
#14611 = SURFACE_SIDE_STYLE('',(#14612));
#14612 = SURFACE_STYLE_FILL_AREA(#14613);
#14613 = FILL_AREA_STYLE('',(#14614));
#14614 = FILL_AREA_STYLE_COLOUR('',#14040);
#14615 = STYLED_ITEM('color',(#14616),#7912);
#14616 = PRESENTATION_STYLE_ASSIGNMENT((#14617));
#14617 = SURFACE_STYLE_USAGE(.BOTH.,#14618);
#14618 = SURFACE_SIDE_STYLE('',(#14619));
#14619 = SURFACE_STYLE_FILL_AREA(#14620);
#14620 = FILL_AREA_STYLE('',(#14621));
#14621 = FILL_AREA_STYLE_COLOUR('',#14040);
#14622 = STYLED_ITEM('color',(#14623),#7924);
#14623 = PRESENTATION_STYLE_ASSIGNMENT((#14624));
#14624 = SURFACE_STYLE_USAGE(.BOTH.,#14625);
#14625 = SURFACE_SIDE_STYLE('',(#14626));
#14626 = SURFACE_STYLE_FILL_AREA(#14627);
#14627 = FILL_AREA_STYLE('',(#14628));
#14628 = FILL_AREA_STYLE_COLOUR('',#14040);
#14629 = STYLED_ITEM('color',(#14630),#7936);
#14630 = PRESENTATION_STYLE_ASSIGNMENT((#14631));
#14631 = SURFACE_STYLE_USAGE(.BOTH.,#14632);
#14632 = SURFACE_SIDE_STYLE('',(#14633));
#14633 = SURFACE_STYLE_FILL_AREA(#14634);
#14634 = FILL_AREA_STYLE('',(#14635));
#14635 = FILL_AREA_STYLE_COLOUR('',#14040);
#14636 = STYLED_ITEM('color',(#14637),#7948);
#14637 = PRESENTATION_STYLE_ASSIGNMENT((#14638));
#14638 = SURFACE_STYLE_USAGE(.BOTH.,#14639);
#14639 = SURFACE_SIDE_STYLE('',(#14640));
#14640 = SURFACE_STYLE_FILL_AREA(#14641);
#14641 = FILL_AREA_STYLE('',(#14642));
#14642 = FILL_AREA_STYLE_COLOUR('',#14040);
#14643 = STYLED_ITEM('color',(#14644),#7960);
#14644 = PRESENTATION_STYLE_ASSIGNMENT((#14645));
#14645 = SURFACE_STYLE_USAGE(.BOTH.,#14646);
#14646 = SURFACE_SIDE_STYLE('',(#14647));
#14647 = SURFACE_STYLE_FILL_AREA(#14648);
#14648 = FILL_AREA_STYLE('',(#14649));
#14649 = FILL_AREA_STYLE_COLOUR('',#14040);
#14650 = STYLED_ITEM('color',(#14651),#7972);
#14651 = PRESENTATION_STYLE_ASSIGNMENT((#14652));
#14652 = SURFACE_STYLE_USAGE(.BOTH.,#14653);
#14653 = SURFACE_SIDE_STYLE('',(#14654));
#14654 = SURFACE_STYLE_FILL_AREA(#14655);
#14655 = FILL_AREA_STYLE('',(#14656));
#14656 = FILL_AREA_STYLE_COLOUR('',#14040);
#14657 = STYLED_ITEM('color',(#14658),#7984);
#14658 = PRESENTATION_STYLE_ASSIGNMENT((#14659));
#14659 = SURFACE_STYLE_USAGE(.BOTH.,#14660);
#14660 = SURFACE_SIDE_STYLE('',(#14661));
#14661 = SURFACE_STYLE_FILL_AREA(#14662);
#14662 = FILL_AREA_STYLE('',(#14663));
#14663 = FILL_AREA_STYLE_COLOUR('',#14040);
#14664 = MECHANICAL_DESIGN_GEOMETRIC_PRESENTATION_REPRESENTATION('',(
    #14665,#14672,#14679,#14686,#14693,#14700,#14707,#14714,#14721,
    #14728,#14735,#14742,#14749,#14756,#14763,#14770,#14777,#14784,
    #14791,#14798,#14805,#14812,#14819,#14826,#14833,#14840,#14847,
    #14854,#14861,#14868,#14875,#14882,#14889,#14896,#14903,#14910,
    #14917,#14924,#14931,#14938,#14945,#14952,#14959,#14966,#14973,
    #14980,#14987,#14994,#15001,#15008,#15015,#15022,#15029,#15036,
    #15043,#15050,#15057,#15064,#15071,#15078,#15085,#15092,#15099,
    #15106,#15113,#15120,#15127,#15134,#15141,#15148,#15155,#15162,
    #15169,#15176,#15183,#15190),#4508);
#14665 = STYLED_ITEM('color',(#14666),#2404);
#14666 = PRESENTATION_STYLE_ASSIGNMENT((#14667));
#14667 = SURFACE_STYLE_USAGE(.BOTH.,#14668);
#14668 = SURFACE_SIDE_STYLE('',(#14669));
#14669 = SURFACE_STYLE_FILL_AREA(#14670);
#14670 = FILL_AREA_STYLE('',(#14671));
#14671 = FILL_AREA_STYLE_COLOUR('',#13801);
#14672 = STYLED_ITEM('color',(#14673),#2444);
#14673 = PRESENTATION_STYLE_ASSIGNMENT((#14674));
#14674 = SURFACE_STYLE_USAGE(.BOTH.,#14675);
#14675 = SURFACE_SIDE_STYLE('',(#14676));
#14676 = SURFACE_STYLE_FILL_AREA(#14677);
#14677 = FILL_AREA_STYLE('',(#14678));
#14678 = FILL_AREA_STYLE_COLOUR('',#13801);
#14679 = STYLED_ITEM('color',(#14680),#2475);
#14680 = PRESENTATION_STYLE_ASSIGNMENT((#14681));
#14681 = SURFACE_STYLE_USAGE(.BOTH.,#14682);
#14682 = SURFACE_SIDE_STYLE('',(#14683));
#14683 = SURFACE_STYLE_FILL_AREA(#14684);
#14684 = FILL_AREA_STYLE('',(#14685));
#14685 = FILL_AREA_STYLE_COLOUR('',#13801);
#14686 = STYLED_ITEM('color',(#14687),#2506);
#14687 = PRESENTATION_STYLE_ASSIGNMENT((#14688));
#14688 = SURFACE_STYLE_USAGE(.BOTH.,#14689);
#14689 = SURFACE_SIDE_STYLE('',(#14690));
#14690 = SURFACE_STYLE_FILL_AREA(#14691);
#14691 = FILL_AREA_STYLE('',(#14692));
#14692 = FILL_AREA_STYLE_COLOUR('',#13801);
#14693 = STYLED_ITEM('color',(#14694),#2753);
#14694 = PRESENTATION_STYLE_ASSIGNMENT((#14695));
#14695 = SURFACE_STYLE_USAGE(.BOTH.,#14696);
#14696 = SURFACE_SIDE_STYLE('',(#14697));
#14697 = SURFACE_STYLE_FILL_AREA(#14698);
#14698 = FILL_AREA_STYLE('',(#14699));
#14699 = FILL_AREA_STYLE_COLOUR('',#13801);
#14700 = STYLED_ITEM('color',(#14701),#3000);
#14701 = PRESENTATION_STYLE_ASSIGNMENT((#14702));
#14702 = SURFACE_STYLE_USAGE(.BOTH.,#14703);
#14703 = SURFACE_SIDE_STYLE('',(#14704));
#14704 = SURFACE_STYLE_FILL_AREA(#14705);
#14705 = FILL_AREA_STYLE('',(#14706));
#14706 = FILL_AREA_STYLE_COLOUR('',#13801);
#14707 = STYLED_ITEM('color',(#14708),#3017);
#14708 = PRESENTATION_STYLE_ASSIGNMENT((#14709));
#14709 = SURFACE_STYLE_USAGE(.BOTH.,#14710);
#14710 = SURFACE_SIDE_STYLE('',(#14711));
#14711 = SURFACE_STYLE_FILL_AREA(#14712);
#14712 = FILL_AREA_STYLE('',(#14713));
#14713 = FILL_AREA_STYLE_COLOUR('',#13801);
#14714 = STYLED_ITEM('color',(#14715),#3034);
#14715 = PRESENTATION_STYLE_ASSIGNMENT((#14716));
#14716 = SURFACE_STYLE_USAGE(.BOTH.,#14717);
#14717 = SURFACE_SIDE_STYLE('',(#14718));
#14718 = SURFACE_STYLE_FILL_AREA(#14719);
#14719 = FILL_AREA_STYLE('',(#14720));
#14720 = FILL_AREA_STYLE_COLOUR('',#13801);
#14721 = STYLED_ITEM('color',(#14722),#3051);
#14722 = PRESENTATION_STYLE_ASSIGNMENT((#14723));
#14723 = SURFACE_STYLE_USAGE(.BOTH.,#14724);
#14724 = SURFACE_SIDE_STYLE('',(#14725));
#14725 = SURFACE_STYLE_FILL_AREA(#14726);
#14726 = FILL_AREA_STYLE('',(#14727));
#14727 = FILL_AREA_STYLE_COLOUR('',#13801);
#14728 = STYLED_ITEM('color',(#14729),#3068);
#14729 = PRESENTATION_STYLE_ASSIGNMENT((#14730));
#14730 = SURFACE_STYLE_USAGE(.BOTH.,#14731);
#14731 = SURFACE_SIDE_STYLE('',(#14732));
#14732 = SURFACE_STYLE_FILL_AREA(#14733);
#14733 = FILL_AREA_STYLE('',(#14734));
#14734 = FILL_AREA_STYLE_COLOUR('',#13801);
#14735 = STYLED_ITEM('color',(#14736),#3085);
#14736 = PRESENTATION_STYLE_ASSIGNMENT((#14737));
#14737 = SURFACE_STYLE_USAGE(.BOTH.,#14738);
#14738 = SURFACE_SIDE_STYLE('',(#14739));
#14739 = SURFACE_STYLE_FILL_AREA(#14740);
#14740 = FILL_AREA_STYLE('',(#14741));
#14741 = FILL_AREA_STYLE_COLOUR('',#13801);
#14742 = STYLED_ITEM('color',(#14743),#3102);
#14743 = PRESENTATION_STYLE_ASSIGNMENT((#14744));
#14744 = SURFACE_STYLE_USAGE(.BOTH.,#14745);
#14745 = SURFACE_SIDE_STYLE('',(#14746));
#14746 = SURFACE_STYLE_FILL_AREA(#14747);
#14747 = FILL_AREA_STYLE('',(#14748));
#14748 = FILL_AREA_STYLE_COLOUR('',#13801);
#14749 = STYLED_ITEM('color',(#14750),#3119);
#14750 = PRESENTATION_STYLE_ASSIGNMENT((#14751));
#14751 = SURFACE_STYLE_USAGE(.BOTH.,#14752);
#14752 = SURFACE_SIDE_STYLE('',(#14753));
#14753 = SURFACE_STYLE_FILL_AREA(#14754);
#14754 = FILL_AREA_STYLE('',(#14755));
#14755 = FILL_AREA_STYLE_COLOUR('',#13801);
#14756 = STYLED_ITEM('color',(#14757),#3136);
#14757 = PRESENTATION_STYLE_ASSIGNMENT((#14758));
#14758 = SURFACE_STYLE_USAGE(.BOTH.,#14759);
#14759 = SURFACE_SIDE_STYLE('',(#14760));
#14760 = SURFACE_STYLE_FILL_AREA(#14761);
#14761 = FILL_AREA_STYLE('',(#14762));
#14762 = FILL_AREA_STYLE_COLOUR('',#13801);
#14763 = STYLED_ITEM('color',(#14764),#3153);
#14764 = PRESENTATION_STYLE_ASSIGNMENT((#14765));
#14765 = SURFACE_STYLE_USAGE(.BOTH.,#14766);
#14766 = SURFACE_SIDE_STYLE('',(#14767));
#14767 = SURFACE_STYLE_FILL_AREA(#14768);
#14768 = FILL_AREA_STYLE('',(#14769));
#14769 = FILL_AREA_STYLE_COLOUR('',#13801);
#14770 = STYLED_ITEM('color',(#14771),#3170);
#14771 = PRESENTATION_STYLE_ASSIGNMENT((#14772));
#14772 = SURFACE_STYLE_USAGE(.BOTH.,#14773);
#14773 = SURFACE_SIDE_STYLE('',(#14774));
#14774 = SURFACE_STYLE_FILL_AREA(#14775);
#14775 = FILL_AREA_STYLE('',(#14776));
#14776 = FILL_AREA_STYLE_COLOUR('',#13801);
#14777 = STYLED_ITEM('color',(#14778),#3187);
#14778 = PRESENTATION_STYLE_ASSIGNMENT((#14779));
#14779 = SURFACE_STYLE_USAGE(.BOTH.,#14780);
#14780 = SURFACE_SIDE_STYLE('',(#14781));
#14781 = SURFACE_STYLE_FILL_AREA(#14782);
#14782 = FILL_AREA_STYLE('',(#14783));
#14783 = FILL_AREA_STYLE_COLOUR('',#13801);
#14784 = STYLED_ITEM('color',(#14785),#3204);
#14785 = PRESENTATION_STYLE_ASSIGNMENT((#14786));
#14786 = SURFACE_STYLE_USAGE(.BOTH.,#14787);
#14787 = SURFACE_SIDE_STYLE('',(#14788));
#14788 = SURFACE_STYLE_FILL_AREA(#14789);
#14789 = FILL_AREA_STYLE('',(#14790));
#14790 = FILL_AREA_STYLE_COLOUR('',#13801);
#14791 = STYLED_ITEM('color',(#14792),#3221);
#14792 = PRESENTATION_STYLE_ASSIGNMENT((#14793));
#14793 = SURFACE_STYLE_USAGE(.BOTH.,#14794);
#14794 = SURFACE_SIDE_STYLE('',(#14795));
#14795 = SURFACE_STYLE_FILL_AREA(#14796);
#14796 = FILL_AREA_STYLE('',(#14797));
#14797 = FILL_AREA_STYLE_COLOUR('',#13801);
#14798 = STYLED_ITEM('color',(#14799),#3238);
#14799 = PRESENTATION_STYLE_ASSIGNMENT((#14800));
#14800 = SURFACE_STYLE_USAGE(.BOTH.,#14801);
#14801 = SURFACE_SIDE_STYLE('',(#14802));
#14802 = SURFACE_STYLE_FILL_AREA(#14803);
#14803 = FILL_AREA_STYLE('',(#14804));
#14804 = FILL_AREA_STYLE_COLOUR('',#13801);
#14805 = STYLED_ITEM('color',(#14806),#3255);
#14806 = PRESENTATION_STYLE_ASSIGNMENT((#14807));
#14807 = SURFACE_STYLE_USAGE(.BOTH.,#14808);
#14808 = SURFACE_SIDE_STYLE('',(#14809));
#14809 = SURFACE_STYLE_FILL_AREA(#14810);
#14810 = FILL_AREA_STYLE('',(#14811));
#14811 = FILL_AREA_STYLE_COLOUR('',#13801);
#14812 = STYLED_ITEM('color',(#14813),#3272);
#14813 = PRESENTATION_STYLE_ASSIGNMENT((#14814));
#14814 = SURFACE_STYLE_USAGE(.BOTH.,#14815);
#14815 = SURFACE_SIDE_STYLE('',(#14816));
#14816 = SURFACE_STYLE_FILL_AREA(#14817);
#14817 = FILL_AREA_STYLE('',(#14818));
#14818 = FILL_AREA_STYLE_COLOUR('',#13801);
#14819 = STYLED_ITEM('color',(#14820),#3284);
#14820 = PRESENTATION_STYLE_ASSIGNMENT((#14821));
#14821 = SURFACE_STYLE_USAGE(.BOTH.,#14822);
#14822 = SURFACE_SIDE_STYLE('',(#14823));
#14823 = SURFACE_STYLE_FILL_AREA(#14824);
#14824 = FILL_AREA_STYLE('',(#14825));
#14825 = FILL_AREA_STYLE_COLOUR('',#14040);
#14826 = STYLED_ITEM('color',(#14827),#3315);
#14827 = PRESENTATION_STYLE_ASSIGNMENT((#14828));
#14828 = SURFACE_STYLE_USAGE(.BOTH.,#14829);
#14829 = SURFACE_SIDE_STYLE('',(#14830));
#14830 = SURFACE_STYLE_FILL_AREA(#14831);
#14831 = FILL_AREA_STYLE('',(#14832));
#14832 = FILL_AREA_STYLE_COLOUR('',#14040);
#14833 = STYLED_ITEM('color',(#14834),#3339);
#14834 = PRESENTATION_STYLE_ASSIGNMENT((#14835));
#14835 = SURFACE_STYLE_USAGE(.BOTH.,#14836);
#14836 = SURFACE_SIDE_STYLE('',(#14837));
#14837 = SURFACE_STYLE_FILL_AREA(#14838);
#14838 = FILL_AREA_STYLE('',(#14839));
#14839 = FILL_AREA_STYLE_COLOUR('',#14040);
#14840 = STYLED_ITEM('color',(#14841),#3363);
#14841 = PRESENTATION_STYLE_ASSIGNMENT((#14842));
#14842 = SURFACE_STYLE_USAGE(.BOTH.,#14843);
#14843 = SURFACE_SIDE_STYLE('',(#14844));
#14844 = SURFACE_STYLE_FILL_AREA(#14845);
#14845 = FILL_AREA_STYLE('',(#14846));
#14846 = FILL_AREA_STYLE_COLOUR('',#14040);
#14847 = STYLED_ITEM('color',(#14848),#3380);
#14848 = PRESENTATION_STYLE_ASSIGNMENT((#14849));
#14849 = SURFACE_STYLE_USAGE(.BOTH.,#14850);
#14850 = SURFACE_SIDE_STYLE('',(#14851));
#14851 = SURFACE_STYLE_FILL_AREA(#14852);
#14852 = FILL_AREA_STYLE('',(#14853));
#14853 = FILL_AREA_STYLE_COLOUR('',#14040);
#14854 = STYLED_ITEM('color',(#14855),#3411);
#14855 = PRESENTATION_STYLE_ASSIGNMENT((#14856));
#14856 = SURFACE_STYLE_USAGE(.BOTH.,#14857);
#14857 = SURFACE_SIDE_STYLE('',(#14858));
#14858 = SURFACE_STYLE_FILL_AREA(#14859);
#14859 = FILL_AREA_STYLE('',(#14860));
#14860 = FILL_AREA_STYLE_COLOUR('',#14040);
#14861 = STYLED_ITEM('color',(#14862),#3435);
#14862 = PRESENTATION_STYLE_ASSIGNMENT((#14863));
#14863 = SURFACE_STYLE_USAGE(.BOTH.,#14864);
#14864 = SURFACE_SIDE_STYLE('',(#14865));
#14865 = SURFACE_STYLE_FILL_AREA(#14866);
#14866 = FILL_AREA_STYLE('',(#14867));
#14867 = FILL_AREA_STYLE_COLOUR('',#14040);
#14868 = STYLED_ITEM('color',(#14869),#3459);
#14869 = PRESENTATION_STYLE_ASSIGNMENT((#14870));
#14870 = SURFACE_STYLE_USAGE(.BOTH.,#14871);
#14871 = SURFACE_SIDE_STYLE('',(#14872));
#14872 = SURFACE_STYLE_FILL_AREA(#14873);
#14873 = FILL_AREA_STYLE('',(#14874));
#14874 = FILL_AREA_STYLE_COLOUR('',#14040);
#14875 = STYLED_ITEM('color',(#14876),#3476);
#14876 = PRESENTATION_STYLE_ASSIGNMENT((#14877));
#14877 = SURFACE_STYLE_USAGE(.BOTH.,#14878);
#14878 = SURFACE_SIDE_STYLE('',(#14879));
#14879 = SURFACE_STYLE_FILL_AREA(#14880);
#14880 = FILL_AREA_STYLE('',(#14881));
#14881 = FILL_AREA_STYLE_COLOUR('',#14040);
#14882 = STYLED_ITEM('color',(#14883),#3507);
#14883 = PRESENTATION_STYLE_ASSIGNMENT((#14884));
#14884 = SURFACE_STYLE_USAGE(.BOTH.,#14885);
#14885 = SURFACE_SIDE_STYLE('',(#14886));
#14886 = SURFACE_STYLE_FILL_AREA(#14887);
#14887 = FILL_AREA_STYLE('',(#14888));
#14888 = FILL_AREA_STYLE_COLOUR('',#14040);
#14889 = STYLED_ITEM('color',(#14890),#3531);
#14890 = PRESENTATION_STYLE_ASSIGNMENT((#14891));
#14891 = SURFACE_STYLE_USAGE(.BOTH.,#14892);
#14892 = SURFACE_SIDE_STYLE('',(#14893));
#14893 = SURFACE_STYLE_FILL_AREA(#14894);
#14894 = FILL_AREA_STYLE('',(#14895));
#14895 = FILL_AREA_STYLE_COLOUR('',#14040);
#14896 = STYLED_ITEM('color',(#14897),#3555);
#14897 = PRESENTATION_STYLE_ASSIGNMENT((#14898));
#14898 = SURFACE_STYLE_USAGE(.BOTH.,#14899);
#14899 = SURFACE_SIDE_STYLE('',(#14900));
#14900 = SURFACE_STYLE_FILL_AREA(#14901);
#14901 = FILL_AREA_STYLE('',(#14902));
#14902 = FILL_AREA_STYLE_COLOUR('',#14040);
#14903 = STYLED_ITEM('color',(#14904),#3572);
#14904 = PRESENTATION_STYLE_ASSIGNMENT((#14905));
#14905 = SURFACE_STYLE_USAGE(.BOTH.,#14906);
#14906 = SURFACE_SIDE_STYLE('',(#14907));
#14907 = SURFACE_STYLE_FILL_AREA(#14908);
#14908 = FILL_AREA_STYLE('',(#14909));
#14909 = FILL_AREA_STYLE_COLOUR('',#14040);
#14910 = STYLED_ITEM('color',(#14911),#3603);
#14911 = PRESENTATION_STYLE_ASSIGNMENT((#14912));
#14912 = SURFACE_STYLE_USAGE(.BOTH.,#14913);
#14913 = SURFACE_SIDE_STYLE('',(#14914));
#14914 = SURFACE_STYLE_FILL_AREA(#14915);
#14915 = FILL_AREA_STYLE('',(#14916));
#14916 = FILL_AREA_STYLE_COLOUR('',#14040);
#14917 = STYLED_ITEM('color',(#14918),#3627);
#14918 = PRESENTATION_STYLE_ASSIGNMENT((#14919));
#14919 = SURFACE_STYLE_USAGE(.BOTH.,#14920);
#14920 = SURFACE_SIDE_STYLE('',(#14921));
#14921 = SURFACE_STYLE_FILL_AREA(#14922);
#14922 = FILL_AREA_STYLE('',(#14923));
#14923 = FILL_AREA_STYLE_COLOUR('',#14040);
#14924 = STYLED_ITEM('color',(#14925),#3651);
#14925 = PRESENTATION_STYLE_ASSIGNMENT((#14926));
#14926 = SURFACE_STYLE_USAGE(.BOTH.,#14927);
#14927 = SURFACE_SIDE_STYLE('',(#14928));
#14928 = SURFACE_STYLE_FILL_AREA(#14929);
#14929 = FILL_AREA_STYLE('',(#14930));
#14930 = FILL_AREA_STYLE_COLOUR('',#14040);
#14931 = STYLED_ITEM('color',(#14932),#3668);
#14932 = PRESENTATION_STYLE_ASSIGNMENT((#14933));
#14933 = SURFACE_STYLE_USAGE(.BOTH.,#14934);
#14934 = SURFACE_SIDE_STYLE('',(#14935));
#14935 = SURFACE_STYLE_FILL_AREA(#14936);
#14936 = FILL_AREA_STYLE('',(#14937));
#14937 = FILL_AREA_STYLE_COLOUR('',#14040);
#14938 = STYLED_ITEM('color',(#14939),#3699);
#14939 = PRESENTATION_STYLE_ASSIGNMENT((#14940));
#14940 = SURFACE_STYLE_USAGE(.BOTH.,#14941);
#14941 = SURFACE_SIDE_STYLE('',(#14942));
#14942 = SURFACE_STYLE_FILL_AREA(#14943);
#14943 = FILL_AREA_STYLE('',(#14944));
#14944 = FILL_AREA_STYLE_COLOUR('',#14040);
#14945 = STYLED_ITEM('color',(#14946),#3723);
#14946 = PRESENTATION_STYLE_ASSIGNMENT((#14947));
#14947 = SURFACE_STYLE_USAGE(.BOTH.,#14948);
#14948 = SURFACE_SIDE_STYLE('',(#14949));
#14949 = SURFACE_STYLE_FILL_AREA(#14950);
#14950 = FILL_AREA_STYLE('',(#14951));
#14951 = FILL_AREA_STYLE_COLOUR('',#14040);
#14952 = STYLED_ITEM('color',(#14953),#3747);
#14953 = PRESENTATION_STYLE_ASSIGNMENT((#14954));
#14954 = SURFACE_STYLE_USAGE(.BOTH.,#14955);
#14955 = SURFACE_SIDE_STYLE('',(#14956));
#14956 = SURFACE_STYLE_FILL_AREA(#14957);
#14957 = FILL_AREA_STYLE('',(#14958));
#14958 = FILL_AREA_STYLE_COLOUR('',#14040);
#14959 = STYLED_ITEM('color',(#14960),#3764);
#14960 = PRESENTATION_STYLE_ASSIGNMENT((#14961));
#14961 = SURFACE_STYLE_USAGE(.BOTH.,#14962);
#14962 = SURFACE_SIDE_STYLE('',(#14963));
#14963 = SURFACE_STYLE_FILL_AREA(#14964);
#14964 = FILL_AREA_STYLE('',(#14965));
#14965 = FILL_AREA_STYLE_COLOUR('',#14040);
#14966 = STYLED_ITEM('color',(#14967),#3795);
#14967 = PRESENTATION_STYLE_ASSIGNMENT((#14968));
#14968 = SURFACE_STYLE_USAGE(.BOTH.,#14969);
#14969 = SURFACE_SIDE_STYLE('',(#14970));
#14970 = SURFACE_STYLE_FILL_AREA(#14971);
#14971 = FILL_AREA_STYLE('',(#14972));
#14972 = FILL_AREA_STYLE_COLOUR('',#14040);
#14973 = STYLED_ITEM('color',(#14974),#3819);
#14974 = PRESENTATION_STYLE_ASSIGNMENT((#14975));
#14975 = SURFACE_STYLE_USAGE(.BOTH.,#14976);
#14976 = SURFACE_SIDE_STYLE('',(#14977));
#14977 = SURFACE_STYLE_FILL_AREA(#14978);
#14978 = FILL_AREA_STYLE('',(#14979));
#14979 = FILL_AREA_STYLE_COLOUR('',#14040);
#14980 = STYLED_ITEM('color',(#14981),#3843);
#14981 = PRESENTATION_STYLE_ASSIGNMENT((#14982));
#14982 = SURFACE_STYLE_USAGE(.BOTH.,#14983);
#14983 = SURFACE_SIDE_STYLE('',(#14984));
#14984 = SURFACE_STYLE_FILL_AREA(#14985);
#14985 = FILL_AREA_STYLE('',(#14986));
#14986 = FILL_AREA_STYLE_COLOUR('',#14040);
#14987 = STYLED_ITEM('color',(#14988),#3860);
#14988 = PRESENTATION_STYLE_ASSIGNMENT((#14989));
#14989 = SURFACE_STYLE_USAGE(.BOTH.,#14990);
#14990 = SURFACE_SIDE_STYLE('',(#14991));
#14991 = SURFACE_STYLE_FILL_AREA(#14992);
#14992 = FILL_AREA_STYLE('',(#14993));
#14993 = FILL_AREA_STYLE_COLOUR('',#14040);
#14994 = STYLED_ITEM('color',(#14995),#3891);
#14995 = PRESENTATION_STYLE_ASSIGNMENT((#14996));
#14996 = SURFACE_STYLE_USAGE(.BOTH.,#14997);
#14997 = SURFACE_SIDE_STYLE('',(#14998));
#14998 = SURFACE_STYLE_FILL_AREA(#14999);
#14999 = FILL_AREA_STYLE('',(#15000));
#15000 = FILL_AREA_STYLE_COLOUR('',#14040);
#15001 = STYLED_ITEM('color',(#15002),#3915);
#15002 = PRESENTATION_STYLE_ASSIGNMENT((#15003));
#15003 = SURFACE_STYLE_USAGE(.BOTH.,#15004);
#15004 = SURFACE_SIDE_STYLE('',(#15005));
#15005 = SURFACE_STYLE_FILL_AREA(#15006);
#15006 = FILL_AREA_STYLE('',(#15007));
#15007 = FILL_AREA_STYLE_COLOUR('',#14040);
#15008 = STYLED_ITEM('color',(#15009),#3939);
#15009 = PRESENTATION_STYLE_ASSIGNMENT((#15010));
#15010 = SURFACE_STYLE_USAGE(.BOTH.,#15011);
#15011 = SURFACE_SIDE_STYLE('',(#15012));
#15012 = SURFACE_STYLE_FILL_AREA(#15013);
#15013 = FILL_AREA_STYLE('',(#15014));
#15014 = FILL_AREA_STYLE_COLOUR('',#14040);
#15015 = STYLED_ITEM('color',(#15016),#3956);
#15016 = PRESENTATION_STYLE_ASSIGNMENT((#15017));
#15017 = SURFACE_STYLE_USAGE(.BOTH.,#15018);
#15018 = SURFACE_SIDE_STYLE('',(#15019));
#15019 = SURFACE_STYLE_FILL_AREA(#15020);
#15020 = FILL_AREA_STYLE('',(#15021));
#15021 = FILL_AREA_STYLE_COLOUR('',#14040);
#15022 = STYLED_ITEM('color',(#15023),#3987);
#15023 = PRESENTATION_STYLE_ASSIGNMENT((#15024));
#15024 = SURFACE_STYLE_USAGE(.BOTH.,#15025);
#15025 = SURFACE_SIDE_STYLE('',(#15026));
#15026 = SURFACE_STYLE_FILL_AREA(#15027);
#15027 = FILL_AREA_STYLE('',(#15028));
#15028 = FILL_AREA_STYLE_COLOUR('',#14040);
#15029 = STYLED_ITEM('color',(#15030),#4011);
#15030 = PRESENTATION_STYLE_ASSIGNMENT((#15031));
#15031 = SURFACE_STYLE_USAGE(.BOTH.,#15032);
#15032 = SURFACE_SIDE_STYLE('',(#15033));
#15033 = SURFACE_STYLE_FILL_AREA(#15034);
#15034 = FILL_AREA_STYLE('',(#15035));
#15035 = FILL_AREA_STYLE_COLOUR('',#14040);
#15036 = STYLED_ITEM('color',(#15037),#4035);
#15037 = PRESENTATION_STYLE_ASSIGNMENT((#15038));
#15038 = SURFACE_STYLE_USAGE(.BOTH.,#15039);
#15039 = SURFACE_SIDE_STYLE('',(#15040));
#15040 = SURFACE_STYLE_FILL_AREA(#15041);
#15041 = FILL_AREA_STYLE('',(#15042));
#15042 = FILL_AREA_STYLE_COLOUR('',#14040);
#15043 = STYLED_ITEM('color',(#15044),#4052);
#15044 = PRESENTATION_STYLE_ASSIGNMENT((#15045));
#15045 = SURFACE_STYLE_USAGE(.BOTH.,#15046);
#15046 = SURFACE_SIDE_STYLE('',(#15047));
#15047 = SURFACE_STYLE_FILL_AREA(#15048);
#15048 = FILL_AREA_STYLE('',(#15049));
#15049 = FILL_AREA_STYLE_COLOUR('',#14040);
#15050 = STYLED_ITEM('color',(#15051),#4083);
#15051 = PRESENTATION_STYLE_ASSIGNMENT((#15052));
#15052 = SURFACE_STYLE_USAGE(.BOTH.,#15053);
#15053 = SURFACE_SIDE_STYLE('',(#15054));
#15054 = SURFACE_STYLE_FILL_AREA(#15055);
#15055 = FILL_AREA_STYLE('',(#15056));
#15056 = FILL_AREA_STYLE_COLOUR('',#14040);
#15057 = STYLED_ITEM('color',(#15058),#4107);
#15058 = PRESENTATION_STYLE_ASSIGNMENT((#15059));
#15059 = SURFACE_STYLE_USAGE(.BOTH.,#15060);
#15060 = SURFACE_SIDE_STYLE('',(#15061));
#15061 = SURFACE_STYLE_FILL_AREA(#15062);
#15062 = FILL_AREA_STYLE('',(#15063));
#15063 = FILL_AREA_STYLE_COLOUR('',#14040);
#15064 = STYLED_ITEM('color',(#15065),#4131);
#15065 = PRESENTATION_STYLE_ASSIGNMENT((#15066));
#15066 = SURFACE_STYLE_USAGE(.BOTH.,#15067);
#15067 = SURFACE_SIDE_STYLE('',(#15068));
#15068 = SURFACE_STYLE_FILL_AREA(#15069);
#15069 = FILL_AREA_STYLE('',(#15070));
#15070 = FILL_AREA_STYLE_COLOUR('',#14040);
#15071 = STYLED_ITEM('color',(#15072),#4148);
#15072 = PRESENTATION_STYLE_ASSIGNMENT((#15073));
#15073 = SURFACE_STYLE_USAGE(.BOTH.,#15074);
#15074 = SURFACE_SIDE_STYLE('',(#15075));
#15075 = SURFACE_STYLE_FILL_AREA(#15076);
#15076 = FILL_AREA_STYLE('',(#15077));
#15077 = FILL_AREA_STYLE_COLOUR('',#14040);
#15078 = STYLED_ITEM('color',(#15079),#4179);
#15079 = PRESENTATION_STYLE_ASSIGNMENT((#15080));
#15080 = SURFACE_STYLE_USAGE(.BOTH.,#15081);
#15081 = SURFACE_SIDE_STYLE('',(#15082));
#15082 = SURFACE_STYLE_FILL_AREA(#15083);
#15083 = FILL_AREA_STYLE('',(#15084));
#15084 = FILL_AREA_STYLE_COLOUR('',#14040);
#15085 = STYLED_ITEM('color',(#15086),#4203);
#15086 = PRESENTATION_STYLE_ASSIGNMENT((#15087));
#15087 = SURFACE_STYLE_USAGE(.BOTH.,#15088);
#15088 = SURFACE_SIDE_STYLE('',(#15089));
#15089 = SURFACE_STYLE_FILL_AREA(#15090);
#15090 = FILL_AREA_STYLE('',(#15091));
#15091 = FILL_AREA_STYLE_COLOUR('',#14040);
#15092 = STYLED_ITEM('color',(#15093),#4227);
#15093 = PRESENTATION_STYLE_ASSIGNMENT((#15094));
#15094 = SURFACE_STYLE_USAGE(.BOTH.,#15095);
#15095 = SURFACE_SIDE_STYLE('',(#15096));
#15096 = SURFACE_STYLE_FILL_AREA(#15097);
#15097 = FILL_AREA_STYLE('',(#15098));
#15098 = FILL_AREA_STYLE_COLOUR('',#14040);
#15099 = STYLED_ITEM('color',(#15100),#4244);
#15100 = PRESENTATION_STYLE_ASSIGNMENT((#15101));
#15101 = SURFACE_STYLE_USAGE(.BOTH.,#15102);
#15102 = SURFACE_SIDE_STYLE('',(#15103));
#15103 = SURFACE_STYLE_FILL_AREA(#15104);
#15104 = FILL_AREA_STYLE('',(#15105));
#15105 = FILL_AREA_STYLE_COLOUR('',#14040);
#15106 = STYLED_ITEM('color',(#15107),#4275);
#15107 = PRESENTATION_STYLE_ASSIGNMENT((#15108));
#15108 = SURFACE_STYLE_USAGE(.BOTH.,#15109);
#15109 = SURFACE_SIDE_STYLE('',(#15110));
#15110 = SURFACE_STYLE_FILL_AREA(#15111);
#15111 = FILL_AREA_STYLE('',(#15112));
#15112 = FILL_AREA_STYLE_COLOUR('',#14040);
#15113 = STYLED_ITEM('color',(#15114),#4299);
#15114 = PRESENTATION_STYLE_ASSIGNMENT((#15115));
#15115 = SURFACE_STYLE_USAGE(.BOTH.,#15116);
#15116 = SURFACE_SIDE_STYLE('',(#15117));
#15117 = SURFACE_STYLE_FILL_AREA(#15118);
#15118 = FILL_AREA_STYLE('',(#15119));
#15119 = FILL_AREA_STYLE_COLOUR('',#14040);
#15120 = STYLED_ITEM('color',(#15121),#4323);
#15121 = PRESENTATION_STYLE_ASSIGNMENT((#15122));
#15122 = SURFACE_STYLE_USAGE(.BOTH.,#15123);
#15123 = SURFACE_SIDE_STYLE('',(#15124));
#15124 = SURFACE_STYLE_FILL_AREA(#15125);
#15125 = FILL_AREA_STYLE('',(#15126));
#15126 = FILL_AREA_STYLE_COLOUR('',#14040);
#15127 = STYLED_ITEM('color',(#15128),#4340);
#15128 = PRESENTATION_STYLE_ASSIGNMENT((#15129));
#15129 = SURFACE_STYLE_USAGE(.BOTH.,#15130);
#15130 = SURFACE_SIDE_STYLE('',(#15131));
#15131 = SURFACE_STYLE_FILL_AREA(#15132);
#15132 = FILL_AREA_STYLE('',(#15133));
#15133 = FILL_AREA_STYLE_COLOUR('',#14040);
#15134 = STYLED_ITEM('color',(#15135),#4371);
#15135 = PRESENTATION_STYLE_ASSIGNMENT((#15136));
#15136 = SURFACE_STYLE_USAGE(.BOTH.,#15137);
#15137 = SURFACE_SIDE_STYLE('',(#15138));
#15138 = SURFACE_STYLE_FILL_AREA(#15139);
#15139 = FILL_AREA_STYLE('',(#15140));
#15140 = FILL_AREA_STYLE_COLOUR('',#14040);
#15141 = STYLED_ITEM('color',(#15142),#4395);
#15142 = PRESENTATION_STYLE_ASSIGNMENT((#15143));
#15143 = SURFACE_STYLE_USAGE(.BOTH.,#15144);
#15144 = SURFACE_SIDE_STYLE('',(#15145));
#15145 = SURFACE_STYLE_FILL_AREA(#15146);
#15146 = FILL_AREA_STYLE('',(#15147));
#15147 = FILL_AREA_STYLE_COLOUR('',#14040);
#15148 = STYLED_ITEM('color',(#15149),#4419);
#15149 = PRESENTATION_STYLE_ASSIGNMENT((#15150));
#15150 = SURFACE_STYLE_USAGE(.BOTH.,#15151);
#15151 = SURFACE_SIDE_STYLE('',(#15152));
#15152 = SURFACE_STYLE_FILL_AREA(#15153);
#15153 = FILL_AREA_STYLE('',(#15154));
#15154 = FILL_AREA_STYLE_COLOUR('',#14040);
#15155 = STYLED_ITEM('color',(#15156),#4436);
#15156 = PRESENTATION_STYLE_ASSIGNMENT((#15157));
#15157 = SURFACE_STYLE_USAGE(.BOTH.,#15158);
#15158 = SURFACE_SIDE_STYLE('',(#15159));
#15159 = SURFACE_STYLE_FILL_AREA(#15160);
#15160 = FILL_AREA_STYLE('',(#15161));
#15161 = FILL_AREA_STYLE_COLOUR('',#14040);
#15162 = STYLED_ITEM('color',(#15163),#4448);
#15163 = PRESENTATION_STYLE_ASSIGNMENT((#15164));
#15164 = SURFACE_STYLE_USAGE(.BOTH.,#15165);
#15165 = SURFACE_SIDE_STYLE('',(#15166));
#15166 = SURFACE_STYLE_FILL_AREA(#15167);
#15167 = FILL_AREA_STYLE('',(#15168));
#15168 = FILL_AREA_STYLE_COLOUR('',#14040);
#15169 = STYLED_ITEM('color',(#15170),#4460);
#15170 = PRESENTATION_STYLE_ASSIGNMENT((#15171));
#15171 = SURFACE_STYLE_USAGE(.BOTH.,#15172);
#15172 = SURFACE_SIDE_STYLE('',(#15173));
#15173 = SURFACE_STYLE_FILL_AREA(#15174);
#15174 = FILL_AREA_STYLE('',(#15175));
#15175 = FILL_AREA_STYLE_COLOUR('',#14040);
#15176 = STYLED_ITEM('color',(#15177),#4472);
#15177 = PRESENTATION_STYLE_ASSIGNMENT((#15178));
#15178 = SURFACE_STYLE_USAGE(.BOTH.,#15179);
#15179 = SURFACE_SIDE_STYLE('',(#15180));
#15180 = SURFACE_STYLE_FILL_AREA(#15181);
#15181 = FILL_AREA_STYLE('',(#15182));
#15182 = FILL_AREA_STYLE_COLOUR('',#14040);
#15183 = STYLED_ITEM('color',(#15184),#4484);
#15184 = PRESENTATION_STYLE_ASSIGNMENT((#15185));
#15185 = SURFACE_STYLE_USAGE(.BOTH.,#15186);
#15186 = SURFACE_SIDE_STYLE('',(#15187));
#15187 = SURFACE_STYLE_FILL_AREA(#15188);
#15188 = FILL_AREA_STYLE('',(#15189));
#15189 = FILL_AREA_STYLE_COLOUR('',#14040);
#15190 = STYLED_ITEM('color',(#15191),#4496);
#15191 = PRESENTATION_STYLE_ASSIGNMENT((#15192));
#15192 = SURFACE_STYLE_USAGE(.BOTH.,#15193);
#15193 = SURFACE_SIDE_STYLE('',(#15194));
#15194 = SURFACE_STYLE_FILL_AREA(#15195);
#15195 = FILL_AREA_STYLE('',(#15196));
#15196 = FILL_AREA_STYLE_COLOUR('',#14040);
#15197 = MECHANICAL_DESIGN_GEOMETRIC_PRESENTATION_REPRESENTATION('',(
    #15198),#13782);
#15198 = STYLED_ITEM('color',(#15199),#12010);
#15199 = PRESENTATION_STYLE_ASSIGNMENT((#15200));
#15200 = SURFACE_STYLE_USAGE(.BOTH.,#15201);
#15201 = SURFACE_SIDE_STYLE('',(#15202));
#15202 = SURFACE_STYLE_FILL_AREA(#15203);
#15203 = FILL_AREA_STYLE('',(#15204));
#15204 = FILL_AREA_STYLE_COLOUR('',#15205);
#15205 = COLOUR_RGB('',0.313304153717,0.484529207832,0.410020903123);
#15206 = MECHANICAL_DESIGN_GEOMETRIC_PRESENTATION_REPRESENTATION('',(
    #15207,#15214,#15221,#15229,#15236,#15243,#15250,#15257,#15264,
    #15271,#15278,#15285,#15292,#15299,#15306,#15313,#15320,#15327,
    #15334,#15341,#15348,#15355,#15362,#15369,#15376,#15383,#15390,
    #15397,#15404,#15411,#15418,#15425,#15432,#15439,#15446,#15453,
    #15460,#15467,#15474,#15481,#15488,#15495,#15502,#15509,#15516,
    #15523,#15530,#15537,#15544,#15551,#15558,#15565,#15572,#15579,
    #15586,#15593,#15600,#15607,#15614,#15621,#15628,#15635,#15642,
    #15649,#15656,#15663,#15670,#15677,#15684,#15691,#15698,#15705,
    #15712,#15719,#15726,#15733,#15740,#15747,#15754,#15761,#15768,
    #15775,#15782,#15789,#15796,#15803,#15810,#15817,#15824,#15831,
    #15838,#15845,#15852,#15859,#15866,#15873,#15880,#15887,#15894,
    #15901,#15908,#15915,#15922,#15929,#15936),#11244);
#15207 = STYLED_ITEM('color',(#15208),#8017);
#15208 = PRESENTATION_STYLE_ASSIGNMENT((#15209));
#15209 = SURFACE_STYLE_USAGE(.BOTH.,#15210);
#15210 = SURFACE_SIDE_STYLE('',(#15211));
#15211 = SURFACE_STYLE_FILL_AREA(#15212);
#15212 = FILL_AREA_STYLE('',(#15213));
#15213 = FILL_AREA_STYLE_COLOUR('',#13801);
#15214 = STYLED_ITEM('color',(#15215),#8034);
#15215 = PRESENTATION_STYLE_ASSIGNMENT((#15216));
#15216 = SURFACE_STYLE_USAGE(.BOTH.,#15217);
#15217 = SURFACE_SIDE_STYLE('',(#15218));
#15218 = SURFACE_STYLE_FILL_AREA(#15219);
#15219 = FILL_AREA_STYLE('',(#15220));
#15220 = FILL_AREA_STYLE_COLOUR('',#13801);
#15221 = STYLED_ITEM('color',(#15222),#8059);
#15222 = PRESENTATION_STYLE_ASSIGNMENT((#15223));
#15223 = SURFACE_STYLE_USAGE(.BOTH.,#15224);
#15224 = SURFACE_SIDE_STYLE('',(#15225));
#15225 = SURFACE_STYLE_FILL_AREA(#15226);
#15226 = FILL_AREA_STYLE('',(#15227));
#15227 = FILL_AREA_STYLE_COLOUR('',#15228);
#15228 = COLOUR_RGB('',0.823999987314,0.819999987296,0.781000009244);
#15229 = STYLED_ITEM('color',(#15230),#8182);
#15230 = PRESENTATION_STYLE_ASSIGNMENT((#15231));
#15231 = SURFACE_STYLE_USAGE(.BOTH.,#15232);
#15232 = SURFACE_SIDE_STYLE('',(#15233));
#15233 = SURFACE_STYLE_FILL_AREA(#15234);
#15234 = FILL_AREA_STYLE('',(#15235));
#15235 = FILL_AREA_STYLE_COLOUR('',#15228);
#15236 = STYLED_ITEM('color',(#15237),#8213);
#15237 = PRESENTATION_STYLE_ASSIGNMENT((#15238));
#15238 = SURFACE_STYLE_USAGE(.BOTH.,#15239);
#15239 = SURFACE_SIDE_STYLE('',(#15240));
#15240 = SURFACE_STYLE_FILL_AREA(#15241);
#15241 = FILL_AREA_STYLE('',(#15242));
#15242 = FILL_AREA_STYLE_COLOUR('',#15228);
#15243 = STYLED_ITEM('color',(#15244),#8238);
#15244 = PRESENTATION_STYLE_ASSIGNMENT((#15245));
#15245 = SURFACE_STYLE_USAGE(.BOTH.,#15246);
#15246 = SURFACE_SIDE_STYLE('',(#15247));
#15247 = SURFACE_STYLE_FILL_AREA(#15248);
#15248 = FILL_AREA_STYLE('',(#15249));
#15249 = FILL_AREA_STYLE_COLOUR('',#15228);
#15250 = STYLED_ITEM('color',(#15251),#8263);
#15251 = PRESENTATION_STYLE_ASSIGNMENT((#15252));
#15252 = SURFACE_STYLE_USAGE(.BOTH.,#15253);
#15253 = SURFACE_SIDE_STYLE('',(#15254));
#15254 = SURFACE_STYLE_FILL_AREA(#15255);
#15255 = FILL_AREA_STYLE('',(#15256));
#15256 = FILL_AREA_STYLE_COLOUR('',#15228);
#15257 = STYLED_ITEM('color',(#15258),#8287);
#15258 = PRESENTATION_STYLE_ASSIGNMENT((#15259));
#15259 = SURFACE_STYLE_USAGE(.BOTH.,#15260);
#15260 = SURFACE_SIDE_STYLE('',(#15261));
#15261 = SURFACE_STYLE_FILL_AREA(#15262);
#15262 = FILL_AREA_STYLE('',(#15263));
#15263 = FILL_AREA_STYLE_COLOUR('',#15228);
#15264 = STYLED_ITEM('color',(#15265),#8311);
#15265 = PRESENTATION_STYLE_ASSIGNMENT((#15266));
#15266 = SURFACE_STYLE_USAGE(.BOTH.,#15267);
#15267 = SURFACE_SIDE_STYLE('',(#15268));
#15268 = SURFACE_STYLE_FILL_AREA(#15269);
#15269 = FILL_AREA_STYLE('',(#15270));
#15270 = FILL_AREA_STYLE_COLOUR('',#15228);
#15271 = STYLED_ITEM('color',(#15272),#8336);
#15272 = PRESENTATION_STYLE_ASSIGNMENT((#15273));
#15273 = SURFACE_STYLE_USAGE(.BOTH.,#15274);
#15274 = SURFACE_SIDE_STYLE('',(#15275));
#15275 = SURFACE_STYLE_FILL_AREA(#15276);
#15276 = FILL_AREA_STYLE('',(#15277));
#15277 = FILL_AREA_STYLE_COLOUR('',#15228);
#15278 = STYLED_ITEM('color',(#15279),#8361);
#15279 = PRESENTATION_STYLE_ASSIGNMENT((#15280));
#15280 = SURFACE_STYLE_USAGE(.BOTH.,#15281);
#15281 = SURFACE_SIDE_STYLE('',(#15282));
#15282 = SURFACE_STYLE_FILL_AREA(#15283);
#15283 = FILL_AREA_STYLE('',(#15284));
#15284 = FILL_AREA_STYLE_COLOUR('',#15228);
#15285 = STYLED_ITEM('color',(#15286),#8378);
#15286 = PRESENTATION_STYLE_ASSIGNMENT((#15287));
#15287 = SURFACE_STYLE_USAGE(.BOTH.,#15288);
#15288 = SURFACE_SIDE_STYLE('',(#15289));
#15289 = SURFACE_STYLE_FILL_AREA(#15290);
#15290 = FILL_AREA_STYLE('',(#15291));
#15291 = FILL_AREA_STYLE_COLOUR('',#13801);
#15292 = STYLED_ITEM('color',(#15293),#8403);
#15293 = PRESENTATION_STYLE_ASSIGNMENT((#15294));
#15294 = SURFACE_STYLE_USAGE(.BOTH.,#15295);
#15295 = SURFACE_SIDE_STYLE('',(#15296));
#15296 = SURFACE_STYLE_FILL_AREA(#15297);
#15297 = FILL_AREA_STYLE('',(#15298));
#15298 = FILL_AREA_STYLE_COLOUR('',#13801);
#15299 = STYLED_ITEM('color',(#15300),#8428);
#15300 = PRESENTATION_STYLE_ASSIGNMENT((#15301));
#15301 = SURFACE_STYLE_USAGE(.BOTH.,#15302);
#15302 = SURFACE_SIDE_STYLE('',(#15303));
#15303 = SURFACE_STYLE_FILL_AREA(#15304);
#15304 = FILL_AREA_STYLE('',(#15305));
#15305 = FILL_AREA_STYLE_COLOUR('',#13801);
#15306 = STYLED_ITEM('color',(#15307),#8453);
#15307 = PRESENTATION_STYLE_ASSIGNMENT((#15308));
#15308 = SURFACE_STYLE_USAGE(.BOTH.,#15309);
#15309 = SURFACE_SIDE_STYLE('',(#15310));
#15310 = SURFACE_STYLE_FILL_AREA(#15311);
#15311 = FILL_AREA_STYLE('',(#15312));
#15312 = FILL_AREA_STYLE_COLOUR('',#13801);
#15313 = STYLED_ITEM('color',(#15314),#8478);
#15314 = PRESENTATION_STYLE_ASSIGNMENT((#15315));
#15315 = SURFACE_STYLE_USAGE(.BOTH.,#15316);
#15316 = SURFACE_SIDE_STYLE('',(#15317));
#15317 = SURFACE_STYLE_FILL_AREA(#15318);
#15318 = FILL_AREA_STYLE('',(#15319));
#15319 = FILL_AREA_STYLE_COLOUR('',#13801);
#15320 = STYLED_ITEM('color',(#15321),#8509);
#15321 = PRESENTATION_STYLE_ASSIGNMENT((#15322));
#15322 = SURFACE_STYLE_USAGE(.BOTH.,#15323);
#15323 = SURFACE_SIDE_STYLE('',(#15324));
#15324 = SURFACE_STYLE_FILL_AREA(#15325);
#15325 = FILL_AREA_STYLE('',(#15326));
#15326 = FILL_AREA_STYLE_COLOUR('',#13801);
#15327 = STYLED_ITEM('color',(#15328),#8534);
#15328 = PRESENTATION_STYLE_ASSIGNMENT((#15329));
#15329 = SURFACE_STYLE_USAGE(.BOTH.,#15330);
#15330 = SURFACE_SIDE_STYLE('',(#15331));
#15331 = SURFACE_STYLE_FILL_AREA(#15332);
#15332 = FILL_AREA_STYLE('',(#15333));
#15333 = FILL_AREA_STYLE_COLOUR('',#13801);
#15334 = STYLED_ITEM('color',(#15335),#8559);
#15335 = PRESENTATION_STYLE_ASSIGNMENT((#15336));
#15336 = SURFACE_STYLE_USAGE(.BOTH.,#15337);
#15337 = SURFACE_SIDE_STYLE('',(#15338));
#15338 = SURFACE_STYLE_FILL_AREA(#15339);
#15339 = FILL_AREA_STYLE('',(#15340));
#15340 = FILL_AREA_STYLE_COLOUR('',#13801);
#15341 = STYLED_ITEM('color',(#15342),#8647);
#15342 = PRESENTATION_STYLE_ASSIGNMENT((#15343));
#15343 = SURFACE_STYLE_USAGE(.BOTH.,#15344);
#15344 = SURFACE_SIDE_STYLE('',(#15345));
#15345 = SURFACE_STYLE_FILL_AREA(#15346);
#15346 = FILL_AREA_STYLE('',(#15347));
#15347 = FILL_AREA_STYLE_COLOUR('',#13801);
#15348 = STYLED_ITEM('color',(#15349),#8735);
#15349 = PRESENTATION_STYLE_ASSIGNMENT((#15350));
#15350 = SURFACE_STYLE_USAGE(.BOTH.,#15351);
#15351 = SURFACE_SIDE_STYLE('',(#15352));
#15352 = SURFACE_STYLE_FILL_AREA(#15353);
#15353 = FILL_AREA_STYLE('',(#15354));
#15354 = FILL_AREA_STYLE_COLOUR('',#13801);
#15355 = STYLED_ITEM('color',(#15356),#8760);
#15356 = PRESENTATION_STYLE_ASSIGNMENT((#15357));
#15357 = SURFACE_STYLE_USAGE(.BOTH.,#15358);
#15358 = SURFACE_SIDE_STYLE('',(#15359));
#15359 = SURFACE_STYLE_FILL_AREA(#15360);
#15360 = FILL_AREA_STYLE('',(#15361));
#15361 = FILL_AREA_STYLE_COLOUR('',#13801);
#15362 = STYLED_ITEM('color',(#15363),#8785);
#15363 = PRESENTATION_STYLE_ASSIGNMENT((#15364));
#15364 = SURFACE_STYLE_USAGE(.BOTH.,#15365);
#15365 = SURFACE_SIDE_STYLE('',(#15366));
#15366 = SURFACE_STYLE_FILL_AREA(#15367);
#15367 = FILL_AREA_STYLE('',(#15368));
#15368 = FILL_AREA_STYLE_COLOUR('',#13801);
#15369 = STYLED_ITEM('color',(#15370),#8802);
#15370 = PRESENTATION_STYLE_ASSIGNMENT((#15371));
#15371 = SURFACE_STYLE_USAGE(.BOTH.,#15372);
#15372 = SURFACE_SIDE_STYLE('',(#15373));
#15373 = SURFACE_STYLE_FILL_AREA(#15374);
#15374 = FILL_AREA_STYLE('',(#15375));
#15375 = FILL_AREA_STYLE_COLOUR('',#13801);
#15376 = STYLED_ITEM('color',(#15377),#8811);
#15377 = PRESENTATION_STYLE_ASSIGNMENT((#15378));
#15378 = SURFACE_STYLE_USAGE(.BOTH.,#15379);
#15379 = SURFACE_SIDE_STYLE('',(#15380));
#15380 = SURFACE_STYLE_FILL_AREA(#15381);
#15381 = FILL_AREA_STYLE('',(#15382));
#15382 = FILL_AREA_STYLE_COLOUR('',#13801);
#15383 = STYLED_ITEM('color',(#15384),#8837);
#15384 = PRESENTATION_STYLE_ASSIGNMENT((#15385));
#15385 = SURFACE_STYLE_USAGE(.BOTH.,#15386);
#15386 = SURFACE_SIDE_STYLE('',(#15387));
#15387 = SURFACE_STYLE_FILL_AREA(#15388);
#15388 = FILL_AREA_STYLE('',(#15389));
#15389 = FILL_AREA_STYLE_COLOUR('',#13801);
#15390 = STYLED_ITEM('color',(#15391),#8846);
#15391 = PRESENTATION_STYLE_ASSIGNMENT((#15392));
#15392 = SURFACE_STYLE_USAGE(.BOTH.,#15393);
#15393 = SURFACE_SIDE_STYLE('',(#15394));
#15394 = SURFACE_STYLE_FILL_AREA(#15395);
#15395 = FILL_AREA_STYLE('',(#15396));
#15396 = FILL_AREA_STYLE_COLOUR('',#13801);
#15397 = STYLED_ITEM('color',(#15398),#8855);
#15398 = PRESENTATION_STYLE_ASSIGNMENT((#15399));
#15399 = SURFACE_STYLE_USAGE(.BOTH.,#15400);
#15400 = SURFACE_SIDE_STYLE('',(#15401));
#15401 = SURFACE_STYLE_FILL_AREA(#15402);
#15402 = FILL_AREA_STYLE('',(#15403));
#15403 = FILL_AREA_STYLE_COLOUR('',#13801);
#15404 = STYLED_ITEM('color',(#15405),#8899);
#15405 = PRESENTATION_STYLE_ASSIGNMENT((#15406));
#15406 = SURFACE_STYLE_USAGE(.BOTH.,#15407);
#15407 = SURFACE_SIDE_STYLE('',(#15408));
#15408 = SURFACE_STYLE_FILL_AREA(#15409);
#15409 = FILL_AREA_STYLE('',(#15410));
#15410 = FILL_AREA_STYLE_COLOUR('',#15228);
#15411 = STYLED_ITEM('color',(#15412),#9049);
#15412 = PRESENTATION_STYLE_ASSIGNMENT((#15413));
#15413 = SURFACE_STYLE_USAGE(.BOTH.,#15414);
#15414 = SURFACE_SIDE_STYLE('',(#15415));
#15415 = SURFACE_STYLE_FILL_AREA(#15416);
#15416 = FILL_AREA_STYLE('',(#15417));
#15417 = FILL_AREA_STYLE_COLOUR('',#15228);
#15418 = STYLED_ITEM('color',(#15419),#9073);
#15419 = PRESENTATION_STYLE_ASSIGNMENT((#15420));
#15420 = SURFACE_STYLE_USAGE(.BOTH.,#15421);
#15421 = SURFACE_SIDE_STYLE('',(#15422));
#15422 = SURFACE_STYLE_FILL_AREA(#15423);
#15423 = FILL_AREA_STYLE('',(#15424));
#15424 = FILL_AREA_STYLE_COLOUR('',#15228);
#15425 = STYLED_ITEM('color',(#15426),#9216);
#15426 = PRESENTATION_STYLE_ASSIGNMENT((#15427));
#15427 = SURFACE_STYLE_USAGE(.BOTH.,#15428);
#15428 = SURFACE_SIDE_STYLE('',(#15429));
#15429 = SURFACE_STYLE_FILL_AREA(#15430);
#15430 = FILL_AREA_STYLE('',(#15431));
#15431 = FILL_AREA_STYLE_COLOUR('',#15228);
#15432 = STYLED_ITEM('color',(#15433),#9366);
#15433 = PRESENTATION_STYLE_ASSIGNMENT((#15434));
#15434 = SURFACE_STYLE_USAGE(.BOTH.,#15435);
#15435 = SURFACE_SIDE_STYLE('',(#15436));
#15436 = SURFACE_STYLE_FILL_AREA(#15437);
#15437 = FILL_AREA_STYLE('',(#15438));
#15438 = FILL_AREA_STYLE_COLOUR('',#15228);
#15439 = STYLED_ITEM('color',(#15440),#9516);
#15440 = PRESENTATION_STYLE_ASSIGNMENT((#15441));
#15441 = SURFACE_STYLE_USAGE(.BOTH.,#15442);
#15442 = SURFACE_SIDE_STYLE('',(#15443));
#15443 = SURFACE_STYLE_FILL_AREA(#15444);
#15444 = FILL_AREA_STYLE('',(#15445));
#15445 = FILL_AREA_STYLE_COLOUR('',#15228);
#15446 = STYLED_ITEM('color',(#15447),#9533);
#15447 = PRESENTATION_STYLE_ASSIGNMENT((#15448));
#15448 = SURFACE_STYLE_USAGE(.BOTH.,#15449);
#15449 = SURFACE_SIDE_STYLE('',(#15450));
#15450 = SURFACE_STYLE_FILL_AREA(#15451);
#15451 = FILL_AREA_STYLE('',(#15452));
#15452 = FILL_AREA_STYLE_COLOUR('',#15228);
#15453 = STYLED_ITEM('color',(#15454),#9683);
#15454 = PRESENTATION_STYLE_ASSIGNMENT((#15455));
#15455 = SURFACE_STYLE_USAGE(.BOTH.,#15456);
#15456 = SURFACE_SIDE_STYLE('',(#15457));
#15457 = SURFACE_STYLE_FILL_AREA(#15458);
#15458 = FILL_AREA_STYLE('',(#15459));
#15459 = FILL_AREA_STYLE_COLOUR('',#15228);
#15460 = STYLED_ITEM('color',(#15461),#9707);
#15461 = PRESENTATION_STYLE_ASSIGNMENT((#15462));
#15462 = SURFACE_STYLE_USAGE(.BOTH.,#15463);
#15463 = SURFACE_SIDE_STYLE('',(#15464));
#15464 = SURFACE_STYLE_FILL_AREA(#15465);
#15465 = FILL_AREA_STYLE('',(#15466));
#15466 = FILL_AREA_STYLE_COLOUR('',#15228);
#15467 = STYLED_ITEM('color',(#15468),#9850);
#15468 = PRESENTATION_STYLE_ASSIGNMENT((#15469));
#15469 = SURFACE_STYLE_USAGE(.BOTH.,#15470);
#15470 = SURFACE_SIDE_STYLE('',(#15471));
#15471 = SURFACE_STYLE_FILL_AREA(#15472);
#15472 = FILL_AREA_STYLE('',(#15473));
#15473 = FILL_AREA_STYLE_COLOUR('',#15228);
#15474 = STYLED_ITEM('color',(#15475),#10000);
#15475 = PRESENTATION_STYLE_ASSIGNMENT((#15476));
#15476 = SURFACE_STYLE_USAGE(.BOTH.,#15477);
#15477 = SURFACE_SIDE_STYLE('',(#15478));
#15478 = SURFACE_STYLE_FILL_AREA(#15479);
#15479 = FILL_AREA_STYLE('',(#15480));
#15480 = FILL_AREA_STYLE_COLOUR('',#15228);
#15481 = STYLED_ITEM('color',(#15482),#10150);
#15482 = PRESENTATION_STYLE_ASSIGNMENT((#15483));
#15483 = SURFACE_STYLE_USAGE(.BOTH.,#15484);
#15484 = SURFACE_SIDE_STYLE('',(#15485));
#15485 = SURFACE_STYLE_FILL_AREA(#15486);
#15486 = FILL_AREA_STYLE('',(#15487));
#15487 = FILL_AREA_STYLE_COLOUR('',#15228);
#15488 = STYLED_ITEM('color',(#15489),#10167);
#15489 = PRESENTATION_STYLE_ASSIGNMENT((#15490));
#15490 = SURFACE_STYLE_USAGE(.BOTH.,#15491);
#15491 = SURFACE_SIDE_STYLE('',(#15492));
#15492 = SURFACE_STYLE_FILL_AREA(#15493);
#15493 = FILL_AREA_STYLE('',(#15494));
#15494 = FILL_AREA_STYLE_COLOUR('',#13801);
#15495 = STYLED_ITEM('color',(#15496),#10176);
#15496 = PRESENTATION_STYLE_ASSIGNMENT((#15497));
#15497 = SURFACE_STYLE_USAGE(.BOTH.,#15498);
#15498 = SURFACE_SIDE_STYLE('',(#15499));
#15499 = SURFACE_STYLE_FILL_AREA(#15500);
#15500 = FILL_AREA_STYLE('',(#15501));
#15501 = FILL_AREA_STYLE_COLOUR('',#15228);
#15502 = STYLED_ITEM('color',(#15503),#10193);
#15503 = PRESENTATION_STYLE_ASSIGNMENT((#15504));
#15504 = SURFACE_STYLE_USAGE(.BOTH.,#15505);
#15505 = SURFACE_SIDE_STYLE('',(#15506));
#15506 = SURFACE_STYLE_FILL_AREA(#15507);
#15507 = FILL_AREA_STYLE('',(#15508));
#15508 = FILL_AREA_STYLE_COLOUR('',#15228);
#15509 = STYLED_ITEM('color',(#15510),#10210);
#15510 = PRESENTATION_STYLE_ASSIGNMENT((#15511));
#15511 = SURFACE_STYLE_USAGE(.BOTH.,#15512);
#15512 = SURFACE_SIDE_STYLE('',(#15513));
#15513 = SURFACE_STYLE_FILL_AREA(#15514);
#15514 = FILL_AREA_STYLE('',(#15515));
#15515 = FILL_AREA_STYLE_COLOUR('',#15228);
#15516 = STYLED_ITEM('color',(#15517),#10227);
#15517 = PRESENTATION_STYLE_ASSIGNMENT((#15518));
#15518 = SURFACE_STYLE_USAGE(.BOTH.,#15519);
#15519 = SURFACE_SIDE_STYLE('',(#15520));
#15520 = SURFACE_STYLE_FILL_AREA(#15521);
#15521 = FILL_AREA_STYLE('',(#15522));
#15522 = FILL_AREA_STYLE_COLOUR('',#15228);
#15523 = STYLED_ITEM('color',(#15524),#10244);
#15524 = PRESENTATION_STYLE_ASSIGNMENT((#15525));
#15525 = SURFACE_STYLE_USAGE(.BOTH.,#15526);
#15526 = SURFACE_SIDE_STYLE('',(#15527));
#15527 = SURFACE_STYLE_FILL_AREA(#15528);
#15528 = FILL_AREA_STYLE('',(#15529));
#15529 = FILL_AREA_STYLE_COLOUR('',#15228);
#15530 = STYLED_ITEM('color',(#15531),#10266);
#15531 = PRESENTATION_STYLE_ASSIGNMENT((#15532));
#15532 = SURFACE_STYLE_USAGE(.BOTH.,#15533);
#15533 = SURFACE_SIDE_STYLE('',(#15534));
#15534 = SURFACE_STYLE_FILL_AREA(#15535);
#15535 = FILL_AREA_STYLE('',(#15536));
#15536 = FILL_AREA_STYLE_COLOUR('',#15228);
#15537 = STYLED_ITEM('color',(#15538),#10283);
#15538 = PRESENTATION_STYLE_ASSIGNMENT((#15539));
#15539 = SURFACE_STYLE_USAGE(.BOTH.,#15540);
#15540 = SURFACE_SIDE_STYLE('',(#15541));
#15541 = SURFACE_STYLE_FILL_AREA(#15542);
#15542 = FILL_AREA_STYLE('',(#15543));
#15543 = FILL_AREA_STYLE_COLOUR('',#15228);
#15544 = STYLED_ITEM('color',(#15545),#10300);
#15545 = PRESENTATION_STYLE_ASSIGNMENT((#15546));
#15546 = SURFACE_STYLE_USAGE(.BOTH.,#15547);
#15547 = SURFACE_SIDE_STYLE('',(#15548));
#15548 = SURFACE_STYLE_FILL_AREA(#15549);
#15549 = FILL_AREA_STYLE('',(#15550));
#15550 = FILL_AREA_STYLE_COLOUR('',#15228);
#15551 = STYLED_ITEM('color',(#15552),#10317);
#15552 = PRESENTATION_STYLE_ASSIGNMENT((#15553));
#15553 = SURFACE_STYLE_USAGE(.BOTH.,#15554);
#15554 = SURFACE_SIDE_STYLE('',(#15555));
#15555 = SURFACE_STYLE_FILL_AREA(#15556);
#15556 = FILL_AREA_STYLE('',(#15557));
#15557 = FILL_AREA_STYLE_COLOUR('',#15228);
#15558 = STYLED_ITEM('color',(#15559),#10334);
#15559 = PRESENTATION_STYLE_ASSIGNMENT((#15560));
#15560 = SURFACE_STYLE_USAGE(.BOTH.,#15561);
#15561 = SURFACE_SIDE_STYLE('',(#15562));
#15562 = SURFACE_STYLE_FILL_AREA(#15563);
#15563 = FILL_AREA_STYLE('',(#15564));
#15564 = FILL_AREA_STYLE_COLOUR('',#15228);
#15565 = STYLED_ITEM('color',(#15566),#10346);
#15566 = PRESENTATION_STYLE_ASSIGNMENT((#15567));
#15567 = SURFACE_STYLE_USAGE(.BOTH.,#15568);
#15568 = SURFACE_SIDE_STYLE('',(#15569));
#15569 = SURFACE_STYLE_FILL_AREA(#15570);
#15570 = FILL_AREA_STYLE('',(#15571));
#15571 = FILL_AREA_STYLE_COLOUR('',#15228);
#15572 = STYLED_ITEM('color',(#15573),#10363);
#15573 = PRESENTATION_STYLE_ASSIGNMENT((#15574));
#15574 = SURFACE_STYLE_USAGE(.BOTH.,#15575);
#15575 = SURFACE_SIDE_STYLE('',(#15576));
#15576 = SURFACE_STYLE_FILL_AREA(#15577);
#15577 = FILL_AREA_STYLE('',(#15578));
#15578 = FILL_AREA_STYLE_COLOUR('',#15228);
#15579 = STYLED_ITEM('color',(#15580),#10380);
#15580 = PRESENTATION_STYLE_ASSIGNMENT((#15581));
#15581 = SURFACE_STYLE_USAGE(.BOTH.,#15582);
#15582 = SURFACE_SIDE_STYLE('',(#15583));
#15583 = SURFACE_STYLE_FILL_AREA(#15584);
#15584 = FILL_AREA_STYLE('',(#15585));
#15585 = FILL_AREA_STYLE_COLOUR('',#15228);
#15586 = STYLED_ITEM('color',(#15587),#10397);
#15587 = PRESENTATION_STYLE_ASSIGNMENT((#15588));
#15588 = SURFACE_STYLE_USAGE(.BOTH.,#15589);
#15589 = SURFACE_SIDE_STYLE('',(#15590));
#15590 = SURFACE_STYLE_FILL_AREA(#15591);
#15591 = FILL_AREA_STYLE('',(#15592));
#15592 = FILL_AREA_STYLE_COLOUR('',#15228);
#15593 = STYLED_ITEM('color',(#15594),#10414);
#15594 = PRESENTATION_STYLE_ASSIGNMENT((#15595));
#15595 = SURFACE_STYLE_USAGE(.BOTH.,#15596);
#15596 = SURFACE_SIDE_STYLE('',(#15597));
#15597 = SURFACE_STYLE_FILL_AREA(#15598);
#15598 = FILL_AREA_STYLE('',(#15599));
#15599 = FILL_AREA_STYLE_COLOUR('',#15228);
#15600 = STYLED_ITEM('color',(#15601),#10431);
#15601 = PRESENTATION_STYLE_ASSIGNMENT((#15602));
#15602 = SURFACE_STYLE_USAGE(.BOTH.,#15603);
#15603 = SURFACE_SIDE_STYLE('',(#15604));
#15604 = SURFACE_STYLE_FILL_AREA(#15605);
#15605 = FILL_AREA_STYLE('',(#15606));
#15606 = FILL_AREA_STYLE_COLOUR('',#15228);
#15607 = STYLED_ITEM('color',(#15608),#10448);
#15608 = PRESENTATION_STYLE_ASSIGNMENT((#15609));
#15609 = SURFACE_STYLE_USAGE(.BOTH.,#15610);
#15610 = SURFACE_SIDE_STYLE('',(#15611));
#15611 = SURFACE_STYLE_FILL_AREA(#15612);
#15612 = FILL_AREA_STYLE('',(#15613));
#15613 = FILL_AREA_STYLE_COLOUR('',#15228);
#15614 = STYLED_ITEM('color',(#15615),#10465);
#15615 = PRESENTATION_STYLE_ASSIGNMENT((#15616));
#15616 = SURFACE_STYLE_USAGE(.BOTH.,#15617);
#15617 = SURFACE_SIDE_STYLE('',(#15618));
#15618 = SURFACE_STYLE_FILL_AREA(#15619);
#15619 = FILL_AREA_STYLE('',(#15620));
#15620 = FILL_AREA_STYLE_COLOUR('',#15228);
#15621 = STYLED_ITEM('color',(#15622),#10482);
#15622 = PRESENTATION_STYLE_ASSIGNMENT((#15623));
#15623 = SURFACE_STYLE_USAGE(.BOTH.,#15624);
#15624 = SURFACE_SIDE_STYLE('',(#15625));
#15625 = SURFACE_STYLE_FILL_AREA(#15626);
#15626 = FILL_AREA_STYLE('',(#15627));
#15627 = FILL_AREA_STYLE_COLOUR('',#15228);
#15628 = STYLED_ITEM('color',(#15629),#10494);
#15629 = PRESENTATION_STYLE_ASSIGNMENT((#15630));
#15630 = SURFACE_STYLE_USAGE(.BOTH.,#15631);
#15631 = SURFACE_SIDE_STYLE('',(#15632));
#15632 = SURFACE_STYLE_FILL_AREA(#15633);
#15633 = FILL_AREA_STYLE('',(#15634));
#15634 = FILL_AREA_STYLE_COLOUR('',#15228);
#15635 = STYLED_ITEM('color',(#15636),#10516);
#15636 = PRESENTATION_STYLE_ASSIGNMENT((#15637));
#15637 = SURFACE_STYLE_USAGE(.BOTH.,#15638);
#15638 = SURFACE_SIDE_STYLE('',(#15639));
#15639 = SURFACE_STYLE_FILL_AREA(#15640);
#15640 = FILL_AREA_STYLE('',(#15641));
#15641 = FILL_AREA_STYLE_COLOUR('',#15228);
#15642 = STYLED_ITEM('color',(#15643),#10533);
#15643 = PRESENTATION_STYLE_ASSIGNMENT((#15644));
#15644 = SURFACE_STYLE_USAGE(.BOTH.,#15645);
#15645 = SURFACE_SIDE_STYLE('',(#15646));
#15646 = SURFACE_STYLE_FILL_AREA(#15647);
#15647 = FILL_AREA_STYLE('',(#15648));
#15648 = FILL_AREA_STYLE_COLOUR('',#15228);
#15649 = STYLED_ITEM('color',(#15650),#10550);
#15650 = PRESENTATION_STYLE_ASSIGNMENT((#15651));
#15651 = SURFACE_STYLE_USAGE(.BOTH.,#15652);
#15652 = SURFACE_SIDE_STYLE('',(#15653));
#15653 = SURFACE_STYLE_FILL_AREA(#15654);
#15654 = FILL_AREA_STYLE('',(#15655));
#15655 = FILL_AREA_STYLE_COLOUR('',#15228);
#15656 = STYLED_ITEM('color',(#15657),#10567);
#15657 = PRESENTATION_STYLE_ASSIGNMENT((#15658));
#15658 = SURFACE_STYLE_USAGE(.BOTH.,#15659);
#15659 = SURFACE_SIDE_STYLE('',(#15660));
#15660 = SURFACE_STYLE_FILL_AREA(#15661);
#15661 = FILL_AREA_STYLE('',(#15662));
#15662 = FILL_AREA_STYLE_COLOUR('',#15228);
#15663 = STYLED_ITEM('color',(#15664),#10584);
#15664 = PRESENTATION_STYLE_ASSIGNMENT((#15665));
#15665 = SURFACE_STYLE_USAGE(.BOTH.,#15666);
#15666 = SURFACE_SIDE_STYLE('',(#15667));
#15667 = SURFACE_STYLE_FILL_AREA(#15668);
#15668 = FILL_AREA_STYLE('',(#15669));
#15669 = FILL_AREA_STYLE_COLOUR('',#15228);
#15670 = STYLED_ITEM('color',(#15671),#10596);
#15671 = PRESENTATION_STYLE_ASSIGNMENT((#15672));
#15672 = SURFACE_STYLE_USAGE(.BOTH.,#15673);
#15673 = SURFACE_SIDE_STYLE('',(#15674));
#15674 = SURFACE_STYLE_FILL_AREA(#15675);
#15675 = FILL_AREA_STYLE('',(#15676));
#15676 = FILL_AREA_STYLE_COLOUR('',#15228);
#15677 = STYLED_ITEM('color',(#15678),#10613);
#15678 = PRESENTATION_STYLE_ASSIGNMENT((#15679));
#15679 = SURFACE_STYLE_USAGE(.BOTH.,#15680);
#15680 = SURFACE_SIDE_STYLE('',(#15681));
#15681 = SURFACE_STYLE_FILL_AREA(#15682);
#15682 = FILL_AREA_STYLE('',(#15683));
#15683 = FILL_AREA_STYLE_COLOUR('',#15228);
#15684 = STYLED_ITEM('color',(#15685),#10630);
#15685 = PRESENTATION_STYLE_ASSIGNMENT((#15686));
#15686 = SURFACE_STYLE_USAGE(.BOTH.,#15687);
#15687 = SURFACE_SIDE_STYLE('',(#15688));
#15688 = SURFACE_STYLE_FILL_AREA(#15689);
#15689 = FILL_AREA_STYLE('',(#15690));
#15690 = FILL_AREA_STYLE_COLOUR('',#15228);
#15691 = STYLED_ITEM('color',(#15692),#10647);
#15692 = PRESENTATION_STYLE_ASSIGNMENT((#15693));
#15693 = SURFACE_STYLE_USAGE(.BOTH.,#15694);
#15694 = SURFACE_SIDE_STYLE('',(#15695));
#15695 = SURFACE_STYLE_FILL_AREA(#15696);
#15696 = FILL_AREA_STYLE('',(#15697));
#15697 = FILL_AREA_STYLE_COLOUR('',#15228);
#15698 = STYLED_ITEM('color',(#15699),#10664);
#15699 = PRESENTATION_STYLE_ASSIGNMENT((#15700));
#15700 = SURFACE_STYLE_USAGE(.BOTH.,#15701);
#15701 = SURFACE_SIDE_STYLE('',(#15702));
#15702 = SURFACE_STYLE_FILL_AREA(#15703);
#15703 = FILL_AREA_STYLE('',(#15704));
#15704 = FILL_AREA_STYLE_COLOUR('',#15228);
#15705 = STYLED_ITEM('color',(#15706),#10681);
#15706 = PRESENTATION_STYLE_ASSIGNMENT((#15707));
#15707 = SURFACE_STYLE_USAGE(.BOTH.,#15708);
#15708 = SURFACE_SIDE_STYLE('',(#15709));
#15709 = SURFACE_STYLE_FILL_AREA(#15710);
#15710 = FILL_AREA_STYLE('',(#15711));
#15711 = FILL_AREA_STYLE_COLOUR('',#15228);
#15712 = STYLED_ITEM('color',(#15713),#10698);
#15713 = PRESENTATION_STYLE_ASSIGNMENT((#15714));
#15714 = SURFACE_STYLE_USAGE(.BOTH.,#15715);
#15715 = SURFACE_SIDE_STYLE('',(#15716));
#15716 = SURFACE_STYLE_FILL_AREA(#15717);
#15717 = FILL_AREA_STYLE('',(#15718));
#15718 = FILL_AREA_STYLE_COLOUR('',#15228);
#15719 = STYLED_ITEM('color',(#15720),#10715);
#15720 = PRESENTATION_STYLE_ASSIGNMENT((#15721));
#15721 = SURFACE_STYLE_USAGE(.BOTH.,#15722);
#15722 = SURFACE_SIDE_STYLE('',(#15723));
#15723 = SURFACE_STYLE_FILL_AREA(#15724);
#15724 = FILL_AREA_STYLE('',(#15725));
#15725 = FILL_AREA_STYLE_COLOUR('',#15228);
#15726 = STYLED_ITEM('color',(#15727),#10732);
#15727 = PRESENTATION_STYLE_ASSIGNMENT((#15728));
#15728 = SURFACE_STYLE_USAGE(.BOTH.,#15729);
#15729 = SURFACE_SIDE_STYLE('',(#15730));
#15730 = SURFACE_STYLE_FILL_AREA(#15731);
#15731 = FILL_AREA_STYLE('',(#15732));
#15732 = FILL_AREA_STYLE_COLOUR('',#15228);
#15733 = STYLED_ITEM('color',(#15734),#10744);
#15734 = PRESENTATION_STYLE_ASSIGNMENT((#15735));
#15735 = SURFACE_STYLE_USAGE(.BOTH.,#15736);
#15736 = SURFACE_SIDE_STYLE('',(#15737));
#15737 = SURFACE_STYLE_FILL_AREA(#15738);
#15738 = FILL_AREA_STYLE('',(#15739));
#15739 = FILL_AREA_STYLE_COLOUR('',#15228);
#15740 = STYLED_ITEM('color',(#15741),#10766);
#15741 = PRESENTATION_STYLE_ASSIGNMENT((#15742));
#15742 = SURFACE_STYLE_USAGE(.BOTH.,#15743);
#15743 = SURFACE_SIDE_STYLE('',(#15744));
#15744 = SURFACE_STYLE_FILL_AREA(#15745);
#15745 = FILL_AREA_STYLE('',(#15746));
#15746 = FILL_AREA_STYLE_COLOUR('',#15228);
#15747 = STYLED_ITEM('color',(#15748),#10783);
#15748 = PRESENTATION_STYLE_ASSIGNMENT((#15749));
#15749 = SURFACE_STYLE_USAGE(.BOTH.,#15750);
#15750 = SURFACE_SIDE_STYLE('',(#15751));
#15751 = SURFACE_STYLE_FILL_AREA(#15752);
#15752 = FILL_AREA_STYLE('',(#15753));
#15753 = FILL_AREA_STYLE_COLOUR('',#15228);
#15754 = STYLED_ITEM('color',(#15755),#10800);
#15755 = PRESENTATION_STYLE_ASSIGNMENT((#15756));
#15756 = SURFACE_STYLE_USAGE(.BOTH.,#15757);
#15757 = SURFACE_SIDE_STYLE('',(#15758));
#15758 = SURFACE_STYLE_FILL_AREA(#15759);
#15759 = FILL_AREA_STYLE('',(#15760));
#15760 = FILL_AREA_STYLE_COLOUR('',#15228);
#15761 = STYLED_ITEM('color',(#15762),#10817);
#15762 = PRESENTATION_STYLE_ASSIGNMENT((#15763));
#15763 = SURFACE_STYLE_USAGE(.BOTH.,#15764);
#15764 = SURFACE_SIDE_STYLE('',(#15765));
#15765 = SURFACE_STYLE_FILL_AREA(#15766);
#15766 = FILL_AREA_STYLE('',(#15767));
#15767 = FILL_AREA_STYLE_COLOUR('',#15228);
#15768 = STYLED_ITEM('color',(#15769),#10834);
#15769 = PRESENTATION_STYLE_ASSIGNMENT((#15770));
#15770 = SURFACE_STYLE_USAGE(.BOTH.,#15771);
#15771 = SURFACE_SIDE_STYLE('',(#15772));
#15772 = SURFACE_STYLE_FILL_AREA(#15773);
#15773 = FILL_AREA_STYLE('',(#15774));
#15774 = FILL_AREA_STYLE_COLOUR('',#15228);
#15775 = STYLED_ITEM('color',(#15776),#10846);
#15776 = PRESENTATION_STYLE_ASSIGNMENT((#15777));
#15777 = SURFACE_STYLE_USAGE(.BOTH.,#15778);
#15778 = SURFACE_SIDE_STYLE('',(#15779));
#15779 = SURFACE_STYLE_FILL_AREA(#15780);
#15780 = FILL_AREA_STYLE('',(#15781));
#15781 = FILL_AREA_STYLE_COLOUR('',#15228);
#15782 = STYLED_ITEM('color',(#15783),#10863);
#15783 = PRESENTATION_STYLE_ASSIGNMENT((#15784));
#15784 = SURFACE_STYLE_USAGE(.BOTH.,#15785);
#15785 = SURFACE_SIDE_STYLE('',(#15786));
#15786 = SURFACE_STYLE_FILL_AREA(#15787);
#15787 = FILL_AREA_STYLE('',(#15788));
#15788 = FILL_AREA_STYLE_COLOUR('',#15228);
#15789 = STYLED_ITEM('color',(#15790),#10880);
#15790 = PRESENTATION_STYLE_ASSIGNMENT((#15791));
#15791 = SURFACE_STYLE_USAGE(.BOTH.,#15792);
#15792 = SURFACE_SIDE_STYLE('',(#15793));
#15793 = SURFACE_STYLE_FILL_AREA(#15794);
#15794 = FILL_AREA_STYLE('',(#15795));
#15795 = FILL_AREA_STYLE_COLOUR('',#15228);
#15796 = STYLED_ITEM('color',(#15797),#10897);
#15797 = PRESENTATION_STYLE_ASSIGNMENT((#15798));
#15798 = SURFACE_STYLE_USAGE(.BOTH.,#15799);
#15799 = SURFACE_SIDE_STYLE('',(#15800));
#15800 = SURFACE_STYLE_FILL_AREA(#15801);
#15801 = FILL_AREA_STYLE('',(#15802));
#15802 = FILL_AREA_STYLE_COLOUR('',#15228);
#15803 = STYLED_ITEM('color',(#15804),#10914);
#15804 = PRESENTATION_STYLE_ASSIGNMENT((#15805));
#15805 = SURFACE_STYLE_USAGE(.BOTH.,#15806);
#15806 = SURFACE_SIDE_STYLE('',(#15807));
#15807 = SURFACE_STYLE_FILL_AREA(#15808);
#15808 = FILL_AREA_STYLE('',(#15809));
#15809 = FILL_AREA_STYLE_COLOUR('',#15228);
#15810 = STYLED_ITEM('color',(#15811),#10931);
#15811 = PRESENTATION_STYLE_ASSIGNMENT((#15812));
#15812 = SURFACE_STYLE_USAGE(.BOTH.,#15813);
#15813 = SURFACE_SIDE_STYLE('',(#15814));
#15814 = SURFACE_STYLE_FILL_AREA(#15815);
#15815 = FILL_AREA_STYLE('',(#15816));
#15816 = FILL_AREA_STYLE_COLOUR('',#15228);
#15817 = STYLED_ITEM('color',(#15818),#10948);
#15818 = PRESENTATION_STYLE_ASSIGNMENT((#15819));
#15819 = SURFACE_STYLE_USAGE(.BOTH.,#15820);
#15820 = SURFACE_SIDE_STYLE('',(#15821));
#15821 = SURFACE_STYLE_FILL_AREA(#15822);
#15822 = FILL_AREA_STYLE('',(#15823));
#15823 = FILL_AREA_STYLE_COLOUR('',#15228);
#15824 = STYLED_ITEM('color',(#15825),#10965);
#15825 = PRESENTATION_STYLE_ASSIGNMENT((#15826));
#15826 = SURFACE_STYLE_USAGE(.BOTH.,#15827);
#15827 = SURFACE_SIDE_STYLE('',(#15828));
#15828 = SURFACE_STYLE_FILL_AREA(#15829);
#15829 = FILL_AREA_STYLE('',(#15830));
#15830 = FILL_AREA_STYLE_COLOUR('',#15228);
#15831 = STYLED_ITEM('color',(#15832),#10982);
#15832 = PRESENTATION_STYLE_ASSIGNMENT((#15833));
#15833 = SURFACE_STYLE_USAGE(.BOTH.,#15834);
#15834 = SURFACE_SIDE_STYLE('',(#15835));
#15835 = SURFACE_STYLE_FILL_AREA(#15836);
#15836 = FILL_AREA_STYLE('',(#15837));
#15837 = FILL_AREA_STYLE_COLOUR('',#15228);
#15838 = STYLED_ITEM('color',(#15839),#10994);
#15839 = PRESENTATION_STYLE_ASSIGNMENT((#15840));
#15840 = SURFACE_STYLE_USAGE(.BOTH.,#15841);
#15841 = SURFACE_SIDE_STYLE('',(#15842));
#15842 = SURFACE_STYLE_FILL_AREA(#15843);
#15843 = FILL_AREA_STYLE('',(#15844));
#15844 = FILL_AREA_STYLE_COLOUR('',#15228);
#15845 = STYLED_ITEM('color',(#15846),#11016);
#15846 = PRESENTATION_STYLE_ASSIGNMENT((#15847));
#15847 = SURFACE_STYLE_USAGE(.BOTH.,#15848);
#15848 = SURFACE_SIDE_STYLE('',(#15849));
#15849 = SURFACE_STYLE_FILL_AREA(#15850);
#15850 = FILL_AREA_STYLE('',(#15851));
#15851 = FILL_AREA_STYLE_COLOUR('',#15228);
#15852 = STYLED_ITEM('color',(#15853),#11033);
#15853 = PRESENTATION_STYLE_ASSIGNMENT((#15854));
#15854 = SURFACE_STYLE_USAGE(.BOTH.,#15855);
#15855 = SURFACE_SIDE_STYLE('',(#15856));
#15856 = SURFACE_STYLE_FILL_AREA(#15857);
#15857 = FILL_AREA_STYLE('',(#15858));
#15858 = FILL_AREA_STYLE_COLOUR('',#15228);
#15859 = STYLED_ITEM('color',(#15860),#11050);
#15860 = PRESENTATION_STYLE_ASSIGNMENT((#15861));
#15861 = SURFACE_STYLE_USAGE(.BOTH.,#15862);
#15862 = SURFACE_SIDE_STYLE('',(#15863));
#15863 = SURFACE_STYLE_FILL_AREA(#15864);
#15864 = FILL_AREA_STYLE('',(#15865));
#15865 = FILL_AREA_STYLE_COLOUR('',#15228);
#15866 = STYLED_ITEM('color',(#15867),#11067);
#15867 = PRESENTATION_STYLE_ASSIGNMENT((#15868));
#15868 = SURFACE_STYLE_USAGE(.BOTH.,#15869);
#15869 = SURFACE_SIDE_STYLE('',(#15870));
#15870 = SURFACE_STYLE_FILL_AREA(#15871);
#15871 = FILL_AREA_STYLE('',(#15872));
#15872 = FILL_AREA_STYLE_COLOUR('',#15228);
#15873 = STYLED_ITEM('color',(#15874),#11084);
#15874 = PRESENTATION_STYLE_ASSIGNMENT((#15875));
#15875 = SURFACE_STYLE_USAGE(.BOTH.,#15876);
#15876 = SURFACE_SIDE_STYLE('',(#15877));
#15877 = SURFACE_STYLE_FILL_AREA(#15878);
#15878 = FILL_AREA_STYLE('',(#15879));
#15879 = FILL_AREA_STYLE_COLOUR('',#15228);
#15880 = STYLED_ITEM('color',(#15881),#11096);
#15881 = PRESENTATION_STYLE_ASSIGNMENT((#15882));
#15882 = SURFACE_STYLE_USAGE(.BOTH.,#15883);
#15883 = SURFACE_SIDE_STYLE('',(#15884));
#15884 = SURFACE_STYLE_FILL_AREA(#15885);
#15885 = FILL_AREA_STYLE('',(#15886));
#15886 = FILL_AREA_STYLE_COLOUR('',#15228);
#15887 = STYLED_ITEM('color',(#15888),#11113);
#15888 = PRESENTATION_STYLE_ASSIGNMENT((#15889));
#15889 = SURFACE_STYLE_USAGE(.BOTH.,#15890);
#15890 = SURFACE_SIDE_STYLE('',(#15891));
#15891 = SURFACE_STYLE_FILL_AREA(#15892);
#15892 = FILL_AREA_STYLE('',(#15893));
#15893 = FILL_AREA_STYLE_COLOUR('',#15228);
#15894 = STYLED_ITEM('color',(#15895),#11130);
#15895 = PRESENTATION_STYLE_ASSIGNMENT((#15896));
#15896 = SURFACE_STYLE_USAGE(.BOTH.,#15897);
#15897 = SURFACE_SIDE_STYLE('',(#15898));
#15898 = SURFACE_STYLE_FILL_AREA(#15899);
#15899 = FILL_AREA_STYLE('',(#15900));
#15900 = FILL_AREA_STYLE_COLOUR('',#15228);
#15901 = STYLED_ITEM('color',(#15902),#11147);
#15902 = PRESENTATION_STYLE_ASSIGNMENT((#15903));
#15903 = SURFACE_STYLE_USAGE(.BOTH.,#15904);
#15904 = SURFACE_SIDE_STYLE('',(#15905));
#15905 = SURFACE_STYLE_FILL_AREA(#15906);
#15906 = FILL_AREA_STYLE('',(#15907));
#15907 = FILL_AREA_STYLE_COLOUR('',#15228);
#15908 = STYLED_ITEM('color',(#15909),#11164);
#15909 = PRESENTATION_STYLE_ASSIGNMENT((#15910));
#15910 = SURFACE_STYLE_USAGE(.BOTH.,#15911);
#15911 = SURFACE_SIDE_STYLE('',(#15912));
#15912 = SURFACE_STYLE_FILL_AREA(#15913);
#15913 = FILL_AREA_STYLE('',(#15914));
#15914 = FILL_AREA_STYLE_COLOUR('',#15228);
#15915 = STYLED_ITEM('color',(#15916),#11181);
#15916 = PRESENTATION_STYLE_ASSIGNMENT((#15917));
#15917 = SURFACE_STYLE_USAGE(.BOTH.,#15918);
#15918 = SURFACE_SIDE_STYLE('',(#15919));
#15919 = SURFACE_STYLE_FILL_AREA(#15920);
#15920 = FILL_AREA_STYLE('',(#15921));
#15921 = FILL_AREA_STYLE_COLOUR('',#15228);
#15922 = STYLED_ITEM('color',(#15923),#11198);
#15923 = PRESENTATION_STYLE_ASSIGNMENT((#15924));
#15924 = SURFACE_STYLE_USAGE(.BOTH.,#15925);
#15925 = SURFACE_SIDE_STYLE('',(#15926));
#15926 = SURFACE_STYLE_FILL_AREA(#15927);
#15927 = FILL_AREA_STYLE('',(#15928));
#15928 = FILL_AREA_STYLE_COLOUR('',#15228);
#15929 = STYLED_ITEM('color',(#15930),#11215);
#15930 = PRESENTATION_STYLE_ASSIGNMENT((#15931));
#15931 = SURFACE_STYLE_USAGE(.BOTH.,#15932);
#15932 = SURFACE_SIDE_STYLE('',(#15933));
#15933 = SURFACE_STYLE_FILL_AREA(#15934);
#15934 = FILL_AREA_STYLE('',(#15935));
#15935 = FILL_AREA_STYLE_COLOUR('',#15228);
#15936 = STYLED_ITEM('color',(#15937),#11232);
#15937 = PRESENTATION_STYLE_ASSIGNMENT((#15938));
#15938 = SURFACE_STYLE_USAGE(.BOTH.,#15939);
#15939 = SURFACE_SIDE_STYLE('',(#15940));
#15940 = SURFACE_STYLE_FILL_AREA(#15941);
#15941 = FILL_AREA_STYLE('',(#15942));
#15942 = FILL_AREA_STYLE_COLOUR('',#15228);
#15943 = MECHANICAL_DESIGN_GEOMETRIC_PRESENTATION_REPRESENTATION('',(
    #15944,#15952,#15959,#15966,#15973,#15980,#15987,#15994,#16001,
    #16008,#16015,#16022,#16029,#16036,#16043,#16050,#16057,#16064,
    #16071,#16078,#16085,#16092,#16099,#16106,#16113,#16120),#11991);
#15944 = STYLED_ITEM('color',(#15945),#11265);
#15945 = PRESENTATION_STYLE_ASSIGNMENT((#15946));
#15946 = SURFACE_STYLE_USAGE(.BOTH.,#15947);
#15947 = SURFACE_SIDE_STYLE('',(#15948));
#15948 = SURFACE_STYLE_FILL_AREA(#15949);
#15949 = FILL_AREA_STYLE('',(#15950));
#15950 = FILL_AREA_STYLE_COLOUR('',#15951);
#15951 = COLOUR_RGB('',0.894999966383,0.890999961016,0.813000030345);
#15952 = STYLED_ITEM('color',(#15953),#11292);
#15953 = PRESENTATION_STYLE_ASSIGNMENT((#15954));
#15954 = SURFACE_STYLE_USAGE(.BOTH.,#15955);
#15955 = SURFACE_SIDE_STYLE('',(#15956));
#15956 = SURFACE_STYLE_FILL_AREA(#15957);
#15957 = FILL_AREA_STYLE('',(#15958));
#15958 = FILL_AREA_STYLE_COLOUR('',#15951);
#15959 = STYLED_ITEM('color',(#15960),#11326);
#15960 = PRESENTATION_STYLE_ASSIGNMENT((#15961));
#15961 = SURFACE_STYLE_USAGE(.BOTH.,#15962);
#15962 = SURFACE_SIDE_STYLE('',(#15963));
#15963 = SURFACE_STYLE_FILL_AREA(#15964);
#15964 = FILL_AREA_STYLE('',(#15965));
#15965 = FILL_AREA_STYLE_COLOUR('',#15951);
#15966 = STYLED_ITEM('color',(#15967),#11363);
#15967 = PRESENTATION_STYLE_ASSIGNMENT((#15968));
#15968 = SURFACE_STYLE_USAGE(.BOTH.,#15969);
#15969 = SURFACE_SIDE_STYLE('',(#15970));
#15970 = SURFACE_STYLE_FILL_AREA(#15971);
#15971 = FILL_AREA_STYLE('',(#15972));
#15972 = FILL_AREA_STYLE_COLOUR('',#15951);
#15973 = STYLED_ITEM('color',(#15974),#11395);
#15974 = PRESENTATION_STYLE_ASSIGNMENT((#15975));
#15975 = SURFACE_STYLE_USAGE(.BOTH.,#15976);
#15976 = SURFACE_SIDE_STYLE('',(#15977));
#15977 = SURFACE_STYLE_FILL_AREA(#15978);
#15978 = FILL_AREA_STYLE('',(#15979));
#15979 = FILL_AREA_STYLE_COLOUR('',#15951);
#15980 = STYLED_ITEM('color',(#15981),#11413);
#15981 = PRESENTATION_STYLE_ASSIGNMENT((#15982));
#15982 = SURFACE_STYLE_USAGE(.BOTH.,#15983);
#15983 = SURFACE_SIDE_STYLE('',(#15984));
#15984 = SURFACE_STYLE_FILL_AREA(#15985);
#15985 = FILL_AREA_STYLE('',(#15986));
#15986 = FILL_AREA_STYLE_COLOUR('',#15951);
#15987 = STYLED_ITEM('color',(#15988),#11559);
#15988 = PRESENTATION_STYLE_ASSIGNMENT((#15989));
#15989 = SURFACE_STYLE_USAGE(.BOTH.,#15990);
#15990 = SURFACE_SIDE_STYLE('',(#15991));
#15991 = SURFACE_STYLE_FILL_AREA(#15992);
#15992 = FILL_AREA_STYLE('',(#15993));
#15993 = FILL_AREA_STYLE_COLOUR('',#15228);
#15994 = STYLED_ITEM('color',(#15995),#11590);
#15995 = PRESENTATION_STYLE_ASSIGNMENT((#15996));
#15996 = SURFACE_STYLE_USAGE(.BOTH.,#15997);
#15997 = SURFACE_SIDE_STYLE('',(#15998));
#15998 = SURFACE_STYLE_FILL_AREA(#15999);
#15999 = FILL_AREA_STYLE('',(#16000));
#16000 = FILL_AREA_STYLE_COLOUR('',#15228);
#16001 = STYLED_ITEM('color',(#16002),#11614);
#16002 = PRESENTATION_STYLE_ASSIGNMENT((#16003));
#16003 = SURFACE_STYLE_USAGE(.BOTH.,#16004);
#16004 = SURFACE_SIDE_STYLE('',(#16005));
#16005 = SURFACE_STYLE_FILL_AREA(#16006);
#16006 = FILL_AREA_STYLE('',(#16007));
#16007 = FILL_AREA_STYLE_COLOUR('',#15228);
#16008 = STYLED_ITEM('color',(#16009),#11638);
#16009 = PRESENTATION_STYLE_ASSIGNMENT((#16010));
#16010 = SURFACE_STYLE_USAGE(.BOTH.,#16011);
#16011 = SURFACE_SIDE_STYLE('',(#16012));
#16012 = SURFACE_STYLE_FILL_AREA(#16013);
#16013 = FILL_AREA_STYLE('',(#16014));
#16014 = FILL_AREA_STYLE_COLOUR('',#15228);
#16015 = STYLED_ITEM('color',(#16016),#11655);
#16016 = PRESENTATION_STYLE_ASSIGNMENT((#16017));
#16017 = SURFACE_STYLE_USAGE(.BOTH.,#16018);
#16018 = SURFACE_SIDE_STYLE('',(#16019));
#16019 = SURFACE_STYLE_FILL_AREA(#16020);
#16020 = FILL_AREA_STYLE('',(#16021));
#16021 = FILL_AREA_STYLE_COLOUR('',#15228);
#16022 = STYLED_ITEM('color',(#16023),#11686);
#16023 = PRESENTATION_STYLE_ASSIGNMENT((#16024));
#16024 = SURFACE_STYLE_USAGE(.BOTH.,#16025);
#16025 = SURFACE_SIDE_STYLE('',(#16026));
#16026 = SURFACE_STYLE_FILL_AREA(#16027);
#16027 = FILL_AREA_STYLE('',(#16028));
#16028 = FILL_AREA_STYLE_COLOUR('',#15228);
#16029 = STYLED_ITEM('color',(#16030),#11710);
#16030 = PRESENTATION_STYLE_ASSIGNMENT((#16031));
#16031 = SURFACE_STYLE_USAGE(.BOTH.,#16032);
#16032 = SURFACE_SIDE_STYLE('',(#16033));
#16033 = SURFACE_STYLE_FILL_AREA(#16034);
#16034 = FILL_AREA_STYLE('',(#16035));
#16035 = FILL_AREA_STYLE_COLOUR('',#15228);
#16036 = STYLED_ITEM('color',(#16037),#11734);
#16037 = PRESENTATION_STYLE_ASSIGNMENT((#16038));
#16038 = SURFACE_STYLE_USAGE(.BOTH.,#16039);
#16039 = SURFACE_SIDE_STYLE('',(#16040));
#16040 = SURFACE_STYLE_FILL_AREA(#16041);
#16041 = FILL_AREA_STYLE('',(#16042));
#16042 = FILL_AREA_STYLE_COLOUR('',#15228);
#16043 = STYLED_ITEM('color',(#16044),#11751);
#16044 = PRESENTATION_STYLE_ASSIGNMENT((#16045));
#16045 = SURFACE_STYLE_USAGE(.BOTH.,#16046);
#16046 = SURFACE_SIDE_STYLE('',(#16047));
#16047 = SURFACE_STYLE_FILL_AREA(#16048);
#16048 = FILL_AREA_STYLE('',(#16049));
#16049 = FILL_AREA_STYLE_COLOUR('',#15228);
#16050 = STYLED_ITEM('color',(#16051),#11782);
#16051 = PRESENTATION_STYLE_ASSIGNMENT((#16052));
#16052 = SURFACE_STYLE_USAGE(.BOTH.,#16053);
#16053 = SURFACE_SIDE_STYLE('',(#16054));
#16054 = SURFACE_STYLE_FILL_AREA(#16055);
#16055 = FILL_AREA_STYLE('',(#16056));
#16056 = FILL_AREA_STYLE_COLOUR('',#15228);
#16057 = STYLED_ITEM('color',(#16058),#11806);
#16058 = PRESENTATION_STYLE_ASSIGNMENT((#16059));
#16059 = SURFACE_STYLE_USAGE(.BOTH.,#16060);
#16060 = SURFACE_SIDE_STYLE('',(#16061));
#16061 = SURFACE_STYLE_FILL_AREA(#16062);
#16062 = FILL_AREA_STYLE('',(#16063));
#16063 = FILL_AREA_STYLE_COLOUR('',#15228);
#16064 = STYLED_ITEM('color',(#16065),#11830);
#16065 = PRESENTATION_STYLE_ASSIGNMENT((#16066));
#16066 = SURFACE_STYLE_USAGE(.BOTH.,#16067);
#16067 = SURFACE_SIDE_STYLE('',(#16068));
#16068 = SURFACE_STYLE_FILL_AREA(#16069);
#16069 = FILL_AREA_STYLE('',(#16070));
#16070 = FILL_AREA_STYLE_COLOUR('',#15228);
#16071 = STYLED_ITEM('color',(#16072),#11847);
#16072 = PRESENTATION_STYLE_ASSIGNMENT((#16073));
#16073 = SURFACE_STYLE_USAGE(.BOTH.,#16074);
#16074 = SURFACE_SIDE_STYLE('',(#16075));
#16075 = SURFACE_STYLE_FILL_AREA(#16076);
#16076 = FILL_AREA_STYLE('',(#16077));
#16077 = FILL_AREA_STYLE_COLOUR('',#15228);
#16078 = STYLED_ITEM('color',(#16079),#11878);
#16079 = PRESENTATION_STYLE_ASSIGNMENT((#16080));
#16080 = SURFACE_STYLE_USAGE(.BOTH.,#16081);
#16081 = SURFACE_SIDE_STYLE('',(#16082));
#16082 = SURFACE_STYLE_FILL_AREA(#16083);
#16083 = FILL_AREA_STYLE('',(#16084));
#16084 = FILL_AREA_STYLE_COLOUR('',#15228);
#16085 = STYLED_ITEM('color',(#16086),#11902);
#16086 = PRESENTATION_STYLE_ASSIGNMENT((#16087));
#16087 = SURFACE_STYLE_USAGE(.BOTH.,#16088);
#16088 = SURFACE_SIDE_STYLE('',(#16089));
#16089 = SURFACE_STYLE_FILL_AREA(#16090);
#16090 = FILL_AREA_STYLE('',(#16091));
#16091 = FILL_AREA_STYLE_COLOUR('',#15228);
#16092 = STYLED_ITEM('color',(#16093),#11926);
#16093 = PRESENTATION_STYLE_ASSIGNMENT((#16094));
#16094 = SURFACE_STYLE_USAGE(.BOTH.,#16095);
#16095 = SURFACE_SIDE_STYLE('',(#16096));
#16096 = SURFACE_STYLE_FILL_AREA(#16097);
#16097 = FILL_AREA_STYLE('',(#16098));
#16098 = FILL_AREA_STYLE_COLOUR('',#15228);
#16099 = STYLED_ITEM('color',(#16100),#11943);
#16100 = PRESENTATION_STYLE_ASSIGNMENT((#16101));
#16101 = SURFACE_STYLE_USAGE(.BOTH.,#16102);
#16102 = SURFACE_SIDE_STYLE('',(#16103));
#16103 = SURFACE_STYLE_FILL_AREA(#16104);
#16104 = FILL_AREA_STYLE('',(#16105));
#16105 = FILL_AREA_STYLE_COLOUR('',#15228);
#16106 = STYLED_ITEM('color',(#16107),#11955);
#16107 = PRESENTATION_STYLE_ASSIGNMENT((#16108));
#16108 = SURFACE_STYLE_USAGE(.BOTH.,#16109);
#16109 = SURFACE_SIDE_STYLE('',(#16110));
#16110 = SURFACE_STYLE_FILL_AREA(#16111);
#16111 = FILL_AREA_STYLE('',(#16112));
#16112 = FILL_AREA_STYLE_COLOUR('',#15228);
#16113 = STYLED_ITEM('color',(#16114),#11967);
#16114 = PRESENTATION_STYLE_ASSIGNMENT((#16115));
#16115 = SURFACE_STYLE_USAGE(.BOTH.,#16116);
#16116 = SURFACE_SIDE_STYLE('',(#16117));
#16117 = SURFACE_STYLE_FILL_AREA(#16118);
#16118 = FILL_AREA_STYLE('',(#16119));
#16119 = FILL_AREA_STYLE_COLOUR('',#15228);
#16120 = STYLED_ITEM('color',(#16121),#11979);
#16121 = PRESENTATION_STYLE_ASSIGNMENT((#16122));
#16122 = SURFACE_STYLE_USAGE(.BOTH.,#16123);
#16123 = SURFACE_SIDE_STYLE('',(#16124));
#16124 = SURFACE_STYLE_FILL_AREA(#16125);
#16125 = FILL_AREA_STYLE('',(#16126));
#16126 = FILL_AREA_STYLE_COLOUR('',#15228);
#16127 = MECHANICAL_DESIGN_GEOMETRIC_PRESENTATION_REPRESENTATION('',(
    #16128,#16135,#16142,#16149,#16156,#16163,#16170,#16177,#16184,
    #16191,#16198,#16205,#16212,#16219,#16226,#16233,#16240,#16247,
    #16254,#16261,#16268,#16275,#16282,#16289,#16296,#16303,#16310,
    #16317,#16324,#16331,#16338,#16345,#16352,#16359,#16366,#16373,
    #16380,#16387,#16394,#16401,#16408,#16415,#16422,#16429,#16436,
    #16443,#16450,#16457,#16464,#16471,#16478,#16485),#2383);
#16128 = STYLED_ITEM('color',(#16129),#953);
#16129 = PRESENTATION_STYLE_ASSIGNMENT((#16130));
#16130 = SURFACE_STYLE_USAGE(.BOTH.,#16131);
#16131 = SURFACE_SIDE_STYLE('',(#16132));
#16132 = SURFACE_STYLE_FILL_AREA(#16133);
#16133 = FILL_AREA_STYLE('',(#16134));
#16134 = FILL_AREA_STYLE_COLOUR('',#13801);
#16135 = STYLED_ITEM('color',(#16136),#993);
#16136 = PRESENTATION_STYLE_ASSIGNMENT((#16137));
#16137 = SURFACE_STYLE_USAGE(.BOTH.,#16138);
#16138 = SURFACE_SIDE_STYLE('',(#16139));
#16139 = SURFACE_STYLE_FILL_AREA(#16140);
#16140 = FILL_AREA_STYLE('',(#16141));
#16141 = FILL_AREA_STYLE_COLOUR('',#13801);
#16142 = STYLED_ITEM('color',(#16143),#1024);
#16143 = PRESENTATION_STYLE_ASSIGNMENT((#16144));
#16144 = SURFACE_STYLE_USAGE(.BOTH.,#16145);
#16145 = SURFACE_SIDE_STYLE('',(#16146));
#16146 = SURFACE_STYLE_FILL_AREA(#16147);
#16147 = FILL_AREA_STYLE('',(#16148));
#16148 = FILL_AREA_STYLE_COLOUR('',#13801);
#16149 = STYLED_ITEM('color',(#16150),#1055);
#16150 = PRESENTATION_STYLE_ASSIGNMENT((#16151));
#16151 = SURFACE_STYLE_USAGE(.BOTH.,#16152);
#16152 = SURFACE_SIDE_STYLE('',(#16153));
#16153 = SURFACE_STYLE_FILL_AREA(#16154);
#16154 = FILL_AREA_STYLE('',(#16155));
#16155 = FILL_AREA_STYLE_COLOUR('',#13801);
#16156 = STYLED_ITEM('color',(#16157),#1220);
#16157 = PRESENTATION_STYLE_ASSIGNMENT((#16158));
#16158 = SURFACE_STYLE_USAGE(.BOTH.,#16159);
#16159 = SURFACE_SIDE_STYLE('',(#16160));
#16160 = SURFACE_STYLE_FILL_AREA(#16161);
#16161 = FILL_AREA_STYLE('',(#16162));
#16162 = FILL_AREA_STYLE_COLOUR('',#13801);
#16163 = STYLED_ITEM('color',(#16164),#1385);
#16164 = PRESENTATION_STYLE_ASSIGNMENT((#16165));
#16165 = SURFACE_STYLE_USAGE(.BOTH.,#16166);
#16166 = SURFACE_SIDE_STYLE('',(#16167));
#16167 = SURFACE_STYLE_FILL_AREA(#16168);
#16168 = FILL_AREA_STYLE('',(#16169));
#16169 = FILL_AREA_STYLE_COLOUR('',#13801);
#16170 = STYLED_ITEM('color',(#16171),#1402);
#16171 = PRESENTATION_STYLE_ASSIGNMENT((#16172));
#16172 = SURFACE_STYLE_USAGE(.BOTH.,#16173);
#16173 = SURFACE_SIDE_STYLE('',(#16174));
#16174 = SURFACE_STYLE_FILL_AREA(#16175);
#16175 = FILL_AREA_STYLE('',(#16176));
#16176 = FILL_AREA_STYLE_COLOUR('',#13801);
#16177 = STYLED_ITEM('color',(#16178),#1419);
#16178 = PRESENTATION_STYLE_ASSIGNMENT((#16179));
#16179 = SURFACE_STYLE_USAGE(.BOTH.,#16180);
#16180 = SURFACE_SIDE_STYLE('',(#16181));
#16181 = SURFACE_STYLE_FILL_AREA(#16182);
#16182 = FILL_AREA_STYLE('',(#16183));
#16183 = FILL_AREA_STYLE_COLOUR('',#13801);
#16184 = STYLED_ITEM('color',(#16185),#1436);
#16185 = PRESENTATION_STYLE_ASSIGNMENT((#16186));
#16186 = SURFACE_STYLE_USAGE(.BOTH.,#16187);
#16187 = SURFACE_SIDE_STYLE('',(#16188));
#16188 = SURFACE_STYLE_FILL_AREA(#16189);
#16189 = FILL_AREA_STYLE('',(#16190));
#16190 = FILL_AREA_STYLE_COLOUR('',#13801);
#16191 = STYLED_ITEM('color',(#16192),#1453);
#16192 = PRESENTATION_STYLE_ASSIGNMENT((#16193));
#16193 = SURFACE_STYLE_USAGE(.BOTH.,#16194);
#16194 = SURFACE_SIDE_STYLE('',(#16195));
#16195 = SURFACE_STYLE_FILL_AREA(#16196);
#16196 = FILL_AREA_STYLE('',(#16197));
#16197 = FILL_AREA_STYLE_COLOUR('',#13801);
#16198 = STYLED_ITEM('color',(#16199),#1470);
#16199 = PRESENTATION_STYLE_ASSIGNMENT((#16200));
#16200 = SURFACE_STYLE_USAGE(.BOTH.,#16201);
#16201 = SURFACE_SIDE_STYLE('',(#16202));
#16202 = SURFACE_STYLE_FILL_AREA(#16203);
#16203 = FILL_AREA_STYLE('',(#16204));
#16204 = FILL_AREA_STYLE_COLOUR('',#13801);
#16205 = STYLED_ITEM('color',(#16206),#1487);
#16206 = PRESENTATION_STYLE_ASSIGNMENT((#16207));
#16207 = SURFACE_STYLE_USAGE(.BOTH.,#16208);
#16208 = SURFACE_SIDE_STYLE('',(#16209));
#16209 = SURFACE_STYLE_FILL_AREA(#16210);
#16210 = FILL_AREA_STYLE('',(#16211));
#16211 = FILL_AREA_STYLE_COLOUR('',#13801);
#16212 = STYLED_ITEM('color',(#16213),#1504);
#16213 = PRESENTATION_STYLE_ASSIGNMENT((#16214));
#16214 = SURFACE_STYLE_USAGE(.BOTH.,#16215);
#16215 = SURFACE_SIDE_STYLE('',(#16216));
#16216 = SURFACE_STYLE_FILL_AREA(#16217);
#16217 = FILL_AREA_STYLE('',(#16218));
#16218 = FILL_AREA_STYLE_COLOUR('',#13801);
#16219 = STYLED_ITEM('color',(#16220),#1521);
#16220 = PRESENTATION_STYLE_ASSIGNMENT((#16221));
#16221 = SURFACE_STYLE_USAGE(.BOTH.,#16222);
#16222 = SURFACE_SIDE_STYLE('',(#16223));
#16223 = SURFACE_STYLE_FILL_AREA(#16224);
#16224 = FILL_AREA_STYLE('',(#16225));
#16225 = FILL_AREA_STYLE_COLOUR('',#13801);
#16226 = STYLED_ITEM('color',(#16227),#1538);
#16227 = PRESENTATION_STYLE_ASSIGNMENT((#16228));
#16228 = SURFACE_STYLE_USAGE(.BOTH.,#16229);
#16229 = SURFACE_SIDE_STYLE('',(#16230));
#16230 = SURFACE_STYLE_FILL_AREA(#16231);
#16231 = FILL_AREA_STYLE('',(#16232));
#16232 = FILL_AREA_STYLE_COLOUR('',#13801);
#16233 = STYLED_ITEM('color',(#16234),#1555);
#16234 = PRESENTATION_STYLE_ASSIGNMENT((#16235));
#16235 = SURFACE_STYLE_USAGE(.BOTH.,#16236);
#16236 = SURFACE_SIDE_STYLE('',(#16237));
#16237 = SURFACE_STYLE_FILL_AREA(#16238);
#16238 = FILL_AREA_STYLE('',(#16239));
#16239 = FILL_AREA_STYLE_COLOUR('',#13801);
#16240 = STYLED_ITEM('color',(#16241),#1567);
#16241 = PRESENTATION_STYLE_ASSIGNMENT((#16242));
#16242 = SURFACE_STYLE_USAGE(.BOTH.,#16243);
#16243 = SURFACE_SIDE_STYLE('',(#16244));
#16244 = SURFACE_STYLE_FILL_AREA(#16245);
#16245 = FILL_AREA_STYLE('',(#16246));
#16246 = FILL_AREA_STYLE_COLOUR('',#14040);
#16247 = STYLED_ITEM('color',(#16248),#1598);
#16248 = PRESENTATION_STYLE_ASSIGNMENT((#16249));
#16249 = SURFACE_STYLE_USAGE(.BOTH.,#16250);
#16250 = SURFACE_SIDE_STYLE('',(#16251));
#16251 = SURFACE_STYLE_FILL_AREA(#16252);
#16252 = FILL_AREA_STYLE('',(#16253));
#16253 = FILL_AREA_STYLE_COLOUR('',#14040);
#16254 = STYLED_ITEM('color',(#16255),#1622);
#16255 = PRESENTATION_STYLE_ASSIGNMENT((#16256));
#16256 = SURFACE_STYLE_USAGE(.BOTH.,#16257);
#16257 = SURFACE_SIDE_STYLE('',(#16258));
#16258 = SURFACE_STYLE_FILL_AREA(#16259);
#16259 = FILL_AREA_STYLE('',(#16260));
#16260 = FILL_AREA_STYLE_COLOUR('',#14040);
#16261 = STYLED_ITEM('color',(#16262),#1646);
#16262 = PRESENTATION_STYLE_ASSIGNMENT((#16263));
#16263 = SURFACE_STYLE_USAGE(.BOTH.,#16264);
#16264 = SURFACE_SIDE_STYLE('',(#16265));
#16265 = SURFACE_STYLE_FILL_AREA(#16266);
#16266 = FILL_AREA_STYLE('',(#16267));
#16267 = FILL_AREA_STYLE_COLOUR('',#14040);
#16268 = STYLED_ITEM('color',(#16269),#1663);
#16269 = PRESENTATION_STYLE_ASSIGNMENT((#16270));
#16270 = SURFACE_STYLE_USAGE(.BOTH.,#16271);
#16271 = SURFACE_SIDE_STYLE('',(#16272));
#16272 = SURFACE_STYLE_FILL_AREA(#16273);
#16273 = FILL_AREA_STYLE('',(#16274));
#16274 = FILL_AREA_STYLE_COLOUR('',#14040);
#16275 = STYLED_ITEM('color',(#16276),#1694);
#16276 = PRESENTATION_STYLE_ASSIGNMENT((#16277));
#16277 = SURFACE_STYLE_USAGE(.BOTH.,#16278);
#16278 = SURFACE_SIDE_STYLE('',(#16279));
#16279 = SURFACE_STYLE_FILL_AREA(#16280);
#16280 = FILL_AREA_STYLE('',(#16281));
#16281 = FILL_AREA_STYLE_COLOUR('',#14040);
#16282 = STYLED_ITEM('color',(#16283),#1718);
#16283 = PRESENTATION_STYLE_ASSIGNMENT((#16284));
#16284 = SURFACE_STYLE_USAGE(.BOTH.,#16285);
#16285 = SURFACE_SIDE_STYLE('',(#16286));
#16286 = SURFACE_STYLE_FILL_AREA(#16287);
#16287 = FILL_AREA_STYLE('',(#16288));
#16288 = FILL_AREA_STYLE_COLOUR('',#14040);
#16289 = STYLED_ITEM('color',(#16290),#1742);
#16290 = PRESENTATION_STYLE_ASSIGNMENT((#16291));
#16291 = SURFACE_STYLE_USAGE(.BOTH.,#16292);
#16292 = SURFACE_SIDE_STYLE('',(#16293));
#16293 = SURFACE_STYLE_FILL_AREA(#16294);
#16294 = FILL_AREA_STYLE('',(#16295));
#16295 = FILL_AREA_STYLE_COLOUR('',#14040);
#16296 = STYLED_ITEM('color',(#16297),#1759);
#16297 = PRESENTATION_STYLE_ASSIGNMENT((#16298));
#16298 = SURFACE_STYLE_USAGE(.BOTH.,#16299);
#16299 = SURFACE_SIDE_STYLE('',(#16300));
#16300 = SURFACE_STYLE_FILL_AREA(#16301);
#16301 = FILL_AREA_STYLE('',(#16302));
#16302 = FILL_AREA_STYLE_COLOUR('',#14040);
#16303 = STYLED_ITEM('color',(#16304),#1790);
#16304 = PRESENTATION_STYLE_ASSIGNMENT((#16305));
#16305 = SURFACE_STYLE_USAGE(.BOTH.,#16306);
#16306 = SURFACE_SIDE_STYLE('',(#16307));
#16307 = SURFACE_STYLE_FILL_AREA(#16308);
#16308 = FILL_AREA_STYLE('',(#16309));
#16309 = FILL_AREA_STYLE_COLOUR('',#14040);
#16310 = STYLED_ITEM('color',(#16311),#1814);
#16311 = PRESENTATION_STYLE_ASSIGNMENT((#16312));
#16312 = SURFACE_STYLE_USAGE(.BOTH.,#16313);
#16313 = SURFACE_SIDE_STYLE('',(#16314));
#16314 = SURFACE_STYLE_FILL_AREA(#16315);
#16315 = FILL_AREA_STYLE('',(#16316));
#16316 = FILL_AREA_STYLE_COLOUR('',#14040);
#16317 = STYLED_ITEM('color',(#16318),#1838);
#16318 = PRESENTATION_STYLE_ASSIGNMENT((#16319));
#16319 = SURFACE_STYLE_USAGE(.BOTH.,#16320);
#16320 = SURFACE_SIDE_STYLE('',(#16321));
#16321 = SURFACE_STYLE_FILL_AREA(#16322);
#16322 = FILL_AREA_STYLE('',(#16323));
#16323 = FILL_AREA_STYLE_COLOUR('',#14040);
#16324 = STYLED_ITEM('color',(#16325),#1855);
#16325 = PRESENTATION_STYLE_ASSIGNMENT((#16326));
#16326 = SURFACE_STYLE_USAGE(.BOTH.,#16327);
#16327 = SURFACE_SIDE_STYLE('',(#16328));
#16328 = SURFACE_STYLE_FILL_AREA(#16329);
#16329 = FILL_AREA_STYLE('',(#16330));
#16330 = FILL_AREA_STYLE_COLOUR('',#14040);
#16331 = STYLED_ITEM('color',(#16332),#1886);
#16332 = PRESENTATION_STYLE_ASSIGNMENT((#16333));
#16333 = SURFACE_STYLE_USAGE(.BOTH.,#16334);
#16334 = SURFACE_SIDE_STYLE('',(#16335));
#16335 = SURFACE_STYLE_FILL_AREA(#16336);
#16336 = FILL_AREA_STYLE('',(#16337));
#16337 = FILL_AREA_STYLE_COLOUR('',#14040);
#16338 = STYLED_ITEM('color',(#16339),#1910);
#16339 = PRESENTATION_STYLE_ASSIGNMENT((#16340));
#16340 = SURFACE_STYLE_USAGE(.BOTH.,#16341);
#16341 = SURFACE_SIDE_STYLE('',(#16342));
#16342 = SURFACE_STYLE_FILL_AREA(#16343);
#16343 = FILL_AREA_STYLE('',(#16344));
#16344 = FILL_AREA_STYLE_COLOUR('',#14040);
#16345 = STYLED_ITEM('color',(#16346),#1934);
#16346 = PRESENTATION_STYLE_ASSIGNMENT((#16347));
#16347 = SURFACE_STYLE_USAGE(.BOTH.,#16348);
#16348 = SURFACE_SIDE_STYLE('',(#16349));
#16349 = SURFACE_STYLE_FILL_AREA(#16350);
#16350 = FILL_AREA_STYLE('',(#16351));
#16351 = FILL_AREA_STYLE_COLOUR('',#14040);
#16352 = STYLED_ITEM('color',(#16353),#1951);
#16353 = PRESENTATION_STYLE_ASSIGNMENT((#16354));
#16354 = SURFACE_STYLE_USAGE(.BOTH.,#16355);
#16355 = SURFACE_SIDE_STYLE('',(#16356));
#16356 = SURFACE_STYLE_FILL_AREA(#16357);
#16357 = FILL_AREA_STYLE('',(#16358));
#16358 = FILL_AREA_STYLE_COLOUR('',#14040);
#16359 = STYLED_ITEM('color',(#16360),#1982);
#16360 = PRESENTATION_STYLE_ASSIGNMENT((#16361));
#16361 = SURFACE_STYLE_USAGE(.BOTH.,#16362);
#16362 = SURFACE_SIDE_STYLE('',(#16363));
#16363 = SURFACE_STYLE_FILL_AREA(#16364);
#16364 = FILL_AREA_STYLE('',(#16365));
#16365 = FILL_AREA_STYLE_COLOUR('',#14040);
#16366 = STYLED_ITEM('color',(#16367),#2006);
#16367 = PRESENTATION_STYLE_ASSIGNMENT((#16368));
#16368 = SURFACE_STYLE_USAGE(.BOTH.,#16369);
#16369 = SURFACE_SIDE_STYLE('',(#16370));
#16370 = SURFACE_STYLE_FILL_AREA(#16371);
#16371 = FILL_AREA_STYLE('',(#16372));
#16372 = FILL_AREA_STYLE_COLOUR('',#14040);
#16373 = STYLED_ITEM('color',(#16374),#2030);
#16374 = PRESENTATION_STYLE_ASSIGNMENT((#16375));
#16375 = SURFACE_STYLE_USAGE(.BOTH.,#16376);
#16376 = SURFACE_SIDE_STYLE('',(#16377));
#16377 = SURFACE_STYLE_FILL_AREA(#16378);
#16378 = FILL_AREA_STYLE('',(#16379));
#16379 = FILL_AREA_STYLE_COLOUR('',#14040);
#16380 = STYLED_ITEM('color',(#16381),#2047);
#16381 = PRESENTATION_STYLE_ASSIGNMENT((#16382));
#16382 = SURFACE_STYLE_USAGE(.BOTH.,#16383);
#16383 = SURFACE_SIDE_STYLE('',(#16384));
#16384 = SURFACE_STYLE_FILL_AREA(#16385);
#16385 = FILL_AREA_STYLE('',(#16386));
#16386 = FILL_AREA_STYLE_COLOUR('',#14040);
#16387 = STYLED_ITEM('color',(#16388),#2078);
#16388 = PRESENTATION_STYLE_ASSIGNMENT((#16389));
#16389 = SURFACE_STYLE_USAGE(.BOTH.,#16390);
#16390 = SURFACE_SIDE_STYLE('',(#16391));
#16391 = SURFACE_STYLE_FILL_AREA(#16392);
#16392 = FILL_AREA_STYLE('',(#16393));
#16393 = FILL_AREA_STYLE_COLOUR('',#14040);
#16394 = STYLED_ITEM('color',(#16395),#2102);
#16395 = PRESENTATION_STYLE_ASSIGNMENT((#16396));
#16396 = SURFACE_STYLE_USAGE(.BOTH.,#16397);
#16397 = SURFACE_SIDE_STYLE('',(#16398));
#16398 = SURFACE_STYLE_FILL_AREA(#16399);
#16399 = FILL_AREA_STYLE('',(#16400));
#16400 = FILL_AREA_STYLE_COLOUR('',#14040);
#16401 = STYLED_ITEM('color',(#16402),#2126);
#16402 = PRESENTATION_STYLE_ASSIGNMENT((#16403));
#16403 = SURFACE_STYLE_USAGE(.BOTH.,#16404);
#16404 = SURFACE_SIDE_STYLE('',(#16405));
#16405 = SURFACE_STYLE_FILL_AREA(#16406);
#16406 = FILL_AREA_STYLE('',(#16407));
#16407 = FILL_AREA_STYLE_COLOUR('',#14040);
#16408 = STYLED_ITEM('color',(#16409),#2143);
#16409 = PRESENTATION_STYLE_ASSIGNMENT((#16410));
#16410 = SURFACE_STYLE_USAGE(.BOTH.,#16411);
#16411 = SURFACE_SIDE_STYLE('',(#16412));
#16412 = SURFACE_STYLE_FILL_AREA(#16413);
#16413 = FILL_AREA_STYLE('',(#16414));
#16414 = FILL_AREA_STYLE_COLOUR('',#14040);
#16415 = STYLED_ITEM('color',(#16416),#2174);
#16416 = PRESENTATION_STYLE_ASSIGNMENT((#16417));
#16417 = SURFACE_STYLE_USAGE(.BOTH.,#16418);
#16418 = SURFACE_SIDE_STYLE('',(#16419));
#16419 = SURFACE_STYLE_FILL_AREA(#16420);
#16420 = FILL_AREA_STYLE('',(#16421));
#16421 = FILL_AREA_STYLE_COLOUR('',#14040);
#16422 = STYLED_ITEM('color',(#16423),#2198);
#16423 = PRESENTATION_STYLE_ASSIGNMENT((#16424));
#16424 = SURFACE_STYLE_USAGE(.BOTH.,#16425);
#16425 = SURFACE_SIDE_STYLE('',(#16426));
#16426 = SURFACE_STYLE_FILL_AREA(#16427);
#16427 = FILL_AREA_STYLE('',(#16428));
#16428 = FILL_AREA_STYLE_COLOUR('',#14040);
#16429 = STYLED_ITEM('color',(#16430),#2222);
#16430 = PRESENTATION_STYLE_ASSIGNMENT((#16431));
#16431 = SURFACE_STYLE_USAGE(.BOTH.,#16432);
#16432 = SURFACE_SIDE_STYLE('',(#16433));
#16433 = SURFACE_STYLE_FILL_AREA(#16434);
#16434 = FILL_AREA_STYLE('',(#16435));
#16435 = FILL_AREA_STYLE_COLOUR('',#14040);
#16436 = STYLED_ITEM('color',(#16437),#2239);
#16437 = PRESENTATION_STYLE_ASSIGNMENT((#16438));
#16438 = SURFACE_STYLE_USAGE(.BOTH.,#16439);
#16439 = SURFACE_SIDE_STYLE('',(#16440));
#16440 = SURFACE_STYLE_FILL_AREA(#16441);
#16441 = FILL_AREA_STYLE('',(#16442));
#16442 = FILL_AREA_STYLE_COLOUR('',#14040);
#16443 = STYLED_ITEM('color',(#16444),#2270);
#16444 = PRESENTATION_STYLE_ASSIGNMENT((#16445));
#16445 = SURFACE_STYLE_USAGE(.BOTH.,#16446);
#16446 = SURFACE_SIDE_STYLE('',(#16447));
#16447 = SURFACE_STYLE_FILL_AREA(#16448);
#16448 = FILL_AREA_STYLE('',(#16449));
#16449 = FILL_AREA_STYLE_COLOUR('',#14040);
#16450 = STYLED_ITEM('color',(#16451),#2294);
#16451 = PRESENTATION_STYLE_ASSIGNMENT((#16452));
#16452 = SURFACE_STYLE_USAGE(.BOTH.,#16453);
#16453 = SURFACE_SIDE_STYLE('',(#16454));
#16454 = SURFACE_STYLE_FILL_AREA(#16455);
#16455 = FILL_AREA_STYLE('',(#16456));
#16456 = FILL_AREA_STYLE_COLOUR('',#14040);
#16457 = STYLED_ITEM('color',(#16458),#2318);
#16458 = PRESENTATION_STYLE_ASSIGNMENT((#16459));
#16459 = SURFACE_STYLE_USAGE(.BOTH.,#16460);
#16460 = SURFACE_SIDE_STYLE('',(#16461));
#16461 = SURFACE_STYLE_FILL_AREA(#16462);
#16462 = FILL_AREA_STYLE('',(#16463));
#16463 = FILL_AREA_STYLE_COLOUR('',#14040);
#16464 = STYLED_ITEM('color',(#16465),#2335);
#16465 = PRESENTATION_STYLE_ASSIGNMENT((#16466));
#16466 = SURFACE_STYLE_USAGE(.BOTH.,#16467);
#16467 = SURFACE_SIDE_STYLE('',(#16468));
#16468 = SURFACE_STYLE_FILL_AREA(#16469);
#16469 = FILL_AREA_STYLE('',(#16470));
#16470 = FILL_AREA_STYLE_COLOUR('',#14040);
#16471 = STYLED_ITEM('color',(#16472),#2347);
#16472 = PRESENTATION_STYLE_ASSIGNMENT((#16473));
#16473 = SURFACE_STYLE_USAGE(.BOTH.,#16474);
#16474 = SURFACE_SIDE_STYLE('',(#16475));
#16475 = SURFACE_STYLE_FILL_AREA(#16476);
#16476 = FILL_AREA_STYLE('',(#16477));
#16477 = FILL_AREA_STYLE_COLOUR('',#14040);
#16478 = STYLED_ITEM('color',(#16479),#2359);
#16479 = PRESENTATION_STYLE_ASSIGNMENT((#16480));
#16480 = SURFACE_STYLE_USAGE(.BOTH.,#16481);
#16481 = SURFACE_SIDE_STYLE('',(#16482));
#16482 = SURFACE_STYLE_FILL_AREA(#16483);
#16483 = FILL_AREA_STYLE('',(#16484));
#16484 = FILL_AREA_STYLE_COLOUR('',#14040);
#16485 = STYLED_ITEM('color',(#16486),#2371);
#16486 = PRESENTATION_STYLE_ASSIGNMENT((#16487));
#16487 = SURFACE_STYLE_USAGE(.BOTH.,#16488);
#16488 = SURFACE_SIDE_STYLE('',(#16489));
#16489 = SURFACE_STYLE_FILL_AREA(#16490);
#16490 = FILL_AREA_STYLE('',(#16491));
#16491 = FILL_AREA_STYLE_COLOUR('',#14040);
#16492 = MECHANICAL_DESIGN_GEOMETRIC_PRESENTATION_REPRESENTATION('',(
    #16493,#16500,#16507,#16514,#16521,#16528,#16535,#16542,#16549,
    #16556,#16563,#16571,#16578,#16585,#16592,#16599,#16606,#16613,
    #16620,#16627,#16634,#16641,#16648,#16655,#16662,#16669,#16676,
    #16683),#927);
#16493 = STYLED_ITEM('color',(#16494),#75);
#16494 = PRESENTATION_STYLE_ASSIGNMENT((#16495));
#16495 = SURFACE_STYLE_USAGE(.BOTH.,#16496);
#16496 = SURFACE_SIDE_STYLE('',(#16497));
#16497 = SURFACE_STYLE_FILL_AREA(#16498);
#16498 = FILL_AREA_STYLE('',(#16499));
#16499 = FILL_AREA_STYLE_COLOUR('',#15228);
#16500 = STYLED_ITEM('color',(#16501),#151);
#16501 = PRESENTATION_STYLE_ASSIGNMENT((#16502));
#16502 = SURFACE_STYLE_USAGE(.BOTH.,#16503);
#16503 = SURFACE_SIDE_STYLE('',(#16504));
#16504 = SURFACE_STYLE_FILL_AREA(#16505);
#16505 = FILL_AREA_STYLE('',(#16506));
#16506 = FILL_AREA_STYLE_COLOUR('',#15228);
#16507 = STYLED_ITEM('color',(#16508),#182);
#16508 = PRESENTATION_STYLE_ASSIGNMENT((#16509));
#16509 = SURFACE_STYLE_USAGE(.BOTH.,#16510);
#16510 = SURFACE_SIDE_STYLE('',(#16511));
#16511 = SURFACE_STYLE_FILL_AREA(#16512);
#16512 = FILL_AREA_STYLE('',(#16513));
#16513 = FILL_AREA_STYLE_COLOUR('',#15228);
#16514 = STYLED_ITEM('color',(#16515),#207);
#16515 = PRESENTATION_STYLE_ASSIGNMENT((#16516));
#16516 = SURFACE_STYLE_USAGE(.BOTH.,#16517);
#16517 = SURFACE_SIDE_STYLE('',(#16518));
#16518 = SURFACE_STYLE_FILL_AREA(#16519);
#16519 = FILL_AREA_STYLE('',(#16520));
#16520 = FILL_AREA_STYLE_COLOUR('',#15228);
#16521 = STYLED_ITEM('color',(#16522),#232);
#16522 = PRESENTATION_STYLE_ASSIGNMENT((#16523));
#16523 = SURFACE_STYLE_USAGE(.BOTH.,#16524);
#16524 = SURFACE_SIDE_STYLE('',(#16525));
#16525 = SURFACE_STYLE_FILL_AREA(#16526);
#16526 = FILL_AREA_STYLE('',(#16527));
#16527 = FILL_AREA_STYLE_COLOUR('',#15228);
#16528 = STYLED_ITEM('color',(#16529),#256);
#16529 = PRESENTATION_STYLE_ASSIGNMENT((#16530));
#16530 = SURFACE_STYLE_USAGE(.BOTH.,#16531);
#16531 = SURFACE_SIDE_STYLE('',(#16532));
#16532 = SURFACE_STYLE_FILL_AREA(#16533);
#16533 = FILL_AREA_STYLE('',(#16534));
#16534 = FILL_AREA_STYLE_COLOUR('',#15228);
#16535 = STYLED_ITEM('color',(#16536),#280);
#16536 = PRESENTATION_STYLE_ASSIGNMENT((#16537));
#16537 = SURFACE_STYLE_USAGE(.BOTH.,#16538);
#16538 = SURFACE_SIDE_STYLE('',(#16539));
#16539 = SURFACE_STYLE_FILL_AREA(#16540);
#16540 = FILL_AREA_STYLE('',(#16541));
#16541 = FILL_AREA_STYLE_COLOUR('',#15228);
#16542 = STYLED_ITEM('color',(#16543),#305);
#16543 = PRESENTATION_STYLE_ASSIGNMENT((#16544));
#16544 = SURFACE_STYLE_USAGE(.BOTH.,#16545);
#16545 = SURFACE_SIDE_STYLE('',(#16546));
#16546 = SURFACE_STYLE_FILL_AREA(#16547);
#16547 = FILL_AREA_STYLE('',(#16548));
#16548 = FILL_AREA_STYLE_COLOUR('',#15228);
#16549 = STYLED_ITEM('color',(#16550),#330);
#16550 = PRESENTATION_STYLE_ASSIGNMENT((#16551));
#16551 = SURFACE_STYLE_USAGE(.BOTH.,#16552);
#16552 = SURFACE_SIDE_STYLE('',(#16553));
#16553 = SURFACE_STYLE_FILL_AREA(#16554);
#16554 = FILL_AREA_STYLE('',(#16555));
#16555 = FILL_AREA_STYLE_COLOUR('',#15228);
#16556 = STYLED_ITEM('color',(#16557),#347);
#16557 = PRESENTATION_STYLE_ASSIGNMENT((#16558));
#16558 = SURFACE_STYLE_USAGE(.BOTH.,#16559);
#16559 = SURFACE_SIDE_STYLE('',(#16560));
#16560 = SURFACE_STYLE_FILL_AREA(#16561);
#16561 = FILL_AREA_STYLE('',(#16562));
#16562 = FILL_AREA_STYLE_COLOUR('',#15228);
#16563 = STYLED_ITEM('color',(#16564),#433);
#16564 = PRESENTATION_STYLE_ASSIGNMENT((#16565));
#16565 = SURFACE_STYLE_USAGE(.BOTH.,#16566);
#16566 = SURFACE_SIDE_STYLE('',(#16567));
#16567 = SURFACE_STYLE_FILL_AREA(#16568);
#16568 = FILL_AREA_STYLE('',(#16569));
#16569 = FILL_AREA_STYLE_COLOUR('',#16570);
#16570 = COLOUR_RGB('',0.379000005575,0.270000008848,0.214999999939);
#16571 = STYLED_ITEM('color',(#16572),#465);
#16572 = PRESENTATION_STYLE_ASSIGNMENT((#16573));
#16573 = SURFACE_STYLE_USAGE(.BOTH.,#16574);
#16574 = SURFACE_SIDE_STYLE('',(#16575));
#16575 = SURFACE_STYLE_FILL_AREA(#16576);
#16576 = FILL_AREA_STYLE('',(#16577));
#16577 = FILL_AREA_STYLE_COLOUR('',#16570);
#16578 = STYLED_ITEM('color',(#16579),#489);
#16579 = PRESENTATION_STYLE_ASSIGNMENT((#16580));
#16580 = SURFACE_STYLE_USAGE(.BOTH.,#16581);
#16581 = SURFACE_SIDE_STYLE('',(#16582));
#16582 = SURFACE_STYLE_FILL_AREA(#16583);
#16583 = FILL_AREA_STYLE('',(#16584));
#16584 = FILL_AREA_STYLE_COLOUR('',#16570);
#16585 = STYLED_ITEM('color',(#16586),#514);
#16586 = PRESENTATION_STYLE_ASSIGNMENT((#16587));
#16587 = SURFACE_STYLE_USAGE(.BOTH.,#16588);
#16588 = SURFACE_SIDE_STYLE('',(#16589));
#16589 = SURFACE_STYLE_FILL_AREA(#16590);
#16590 = FILL_AREA_STYLE('',(#16591));
#16591 = FILL_AREA_STYLE_COLOUR('',#16570);
#16592 = STYLED_ITEM('color',(#16593),#538);
#16593 = PRESENTATION_STYLE_ASSIGNMENT((#16594));
#16594 = SURFACE_STYLE_USAGE(.BOTH.,#16595);
#16595 = SURFACE_SIDE_STYLE('',(#16596));
#16596 = SURFACE_STYLE_FILL_AREA(#16597);
#16597 = FILL_AREA_STYLE('',(#16598));
#16598 = FILL_AREA_STYLE_COLOUR('',#16570);
#16599 = STYLED_ITEM('color',(#16600),#563);
#16600 = PRESENTATION_STYLE_ASSIGNMENT((#16601));
#16601 = SURFACE_STYLE_USAGE(.BOTH.,#16602);
#16602 = SURFACE_SIDE_STYLE('',(#16603));
#16603 = SURFACE_STYLE_FILL_AREA(#16604);
#16604 = FILL_AREA_STYLE('',(#16605));
#16605 = FILL_AREA_STYLE_COLOUR('',#16570);
#16606 = STYLED_ITEM('color',(#16607),#587);
#16607 = PRESENTATION_STYLE_ASSIGNMENT((#16608));
#16608 = SURFACE_STYLE_USAGE(.BOTH.,#16609);
#16609 = SURFACE_SIDE_STYLE('',(#16610));
#16610 = SURFACE_STYLE_FILL_AREA(#16611);
#16611 = FILL_AREA_STYLE('',(#16612));
#16612 = FILL_AREA_STYLE_COLOUR('',#16570);
#16613 = STYLED_ITEM('color',(#16614),#612);
#16614 = PRESENTATION_STYLE_ASSIGNMENT((#16615));
#16615 = SURFACE_STYLE_USAGE(.BOTH.,#16616);
#16616 = SURFACE_SIDE_STYLE('',(#16617));
#16617 = SURFACE_STYLE_FILL_AREA(#16618);
#16618 = FILL_AREA_STYLE('',(#16619));
#16619 = FILL_AREA_STYLE_COLOUR('',#16570);
#16620 = STYLED_ITEM('color',(#16621),#629);
#16621 = PRESENTATION_STYLE_ASSIGNMENT((#16622));
#16622 = SURFACE_STYLE_USAGE(.BOTH.,#16623);
#16623 = SURFACE_SIDE_STYLE('',(#16624));
#16624 = SURFACE_STYLE_FILL_AREA(#16625);
#16625 = FILL_AREA_STYLE('',(#16626));
#16626 = FILL_AREA_STYLE_COLOUR('',#15228);
#16627 = STYLED_ITEM('color',(#16628),#715);
#16628 = PRESENTATION_STYLE_ASSIGNMENT((#16629));
#16629 = SURFACE_STYLE_USAGE(.BOTH.,#16630);
#16630 = SURFACE_SIDE_STYLE('',(#16631));
#16631 = SURFACE_STYLE_FILL_AREA(#16632);
#16632 = FILL_AREA_STYLE('',(#16633));
#16633 = FILL_AREA_STYLE_COLOUR('',#15228);
#16634 = STYLED_ITEM('color',(#16635),#746);
#16635 = PRESENTATION_STYLE_ASSIGNMENT((#16636));
#16636 = SURFACE_STYLE_USAGE(.BOTH.,#16637);
#16637 = SURFACE_SIDE_STYLE('',(#16638));
#16638 = SURFACE_STYLE_FILL_AREA(#16639);
#16639 = FILL_AREA_STYLE('',(#16640));
#16640 = FILL_AREA_STYLE_COLOUR('',#15228);
#16641 = STYLED_ITEM('color',(#16642),#771);
#16642 = PRESENTATION_STYLE_ASSIGNMENT((#16643));
#16643 = SURFACE_STYLE_USAGE(.BOTH.,#16644);
#16644 = SURFACE_SIDE_STYLE('',(#16645));
#16645 = SURFACE_STYLE_FILL_AREA(#16646);
#16646 = FILL_AREA_STYLE('',(#16647));
#16647 = FILL_AREA_STYLE_COLOUR('',#15228);
#16648 = STYLED_ITEM('color',(#16649),#796);
#16649 = PRESENTATION_STYLE_ASSIGNMENT((#16650));
#16650 = SURFACE_STYLE_USAGE(.BOTH.,#16651);
#16651 = SURFACE_SIDE_STYLE('',(#16652));
#16652 = SURFACE_STYLE_FILL_AREA(#16653);
#16653 = FILL_AREA_STYLE('',(#16654));
#16654 = FILL_AREA_STYLE_COLOUR('',#15228);
#16655 = STYLED_ITEM('color',(#16656),#820);
#16656 = PRESENTATION_STYLE_ASSIGNMENT((#16657));
#16657 = SURFACE_STYLE_USAGE(.BOTH.,#16658);
#16658 = SURFACE_SIDE_STYLE('',(#16659));
#16659 = SURFACE_STYLE_FILL_AREA(#16660);
#16660 = FILL_AREA_STYLE('',(#16661));
#16661 = FILL_AREA_STYLE_COLOUR('',#15228);
#16662 = STYLED_ITEM('color',(#16663),#844);
#16663 = PRESENTATION_STYLE_ASSIGNMENT((#16664));
#16664 = SURFACE_STYLE_USAGE(.BOTH.,#16665);
#16665 = SURFACE_SIDE_STYLE('',(#16666));
#16666 = SURFACE_STYLE_FILL_AREA(#16667);
#16667 = FILL_AREA_STYLE('',(#16668));
#16668 = FILL_AREA_STYLE_COLOUR('',#15228);
#16669 = STYLED_ITEM('color',(#16670),#869);
#16670 = PRESENTATION_STYLE_ASSIGNMENT((#16671));
#16671 = SURFACE_STYLE_USAGE(.BOTH.,#16672);
#16672 = SURFACE_SIDE_STYLE('',(#16673));
#16673 = SURFACE_STYLE_FILL_AREA(#16674);
#16674 = FILL_AREA_STYLE('',(#16675));
#16675 = FILL_AREA_STYLE_COLOUR('',#15228);
#16676 = STYLED_ITEM('color',(#16677),#894);
#16677 = PRESENTATION_STYLE_ASSIGNMENT((#16678));
#16678 = SURFACE_STYLE_USAGE(.BOTH.,#16679);
#16679 = SURFACE_SIDE_STYLE('',(#16680));
#16680 = SURFACE_STYLE_FILL_AREA(#16681);
#16681 = FILL_AREA_STYLE('',(#16682));
#16682 = FILL_AREA_STYLE_COLOUR('',#15228);
#16683 = STYLED_ITEM('color',(#16684),#911);
#16684 = PRESENTATION_STYLE_ASSIGNMENT((#16685));
#16685 = SURFACE_STYLE_USAGE(.BOTH.,#16686);
#16686 = SURFACE_SIDE_STYLE('',(#16687));
#16687 = SURFACE_STYLE_FILL_AREA(#16688);
#16688 = FILL_AREA_STYLE('',(#16689));
#16689 = FILL_AREA_STYLE_COLOUR('',#15228);
ENDSEC;
END-ISO-10303-21;
