ISO-10303-21;
HEADER;
FILE_DESCRIPTION(('KiCad electronic assembly'),'2;1');
FILE_NAME('schematic.step','2026-03-05T17:02:42',('Pcbnew'),('Kicad'),
  'Open CASCADE STEP processor 7.9','KiCad to STEP converter','Unknown'
  );
FILE_SCHEMA(('AUTOMOTIVE_DESIGN { 1 0 10303 214 1 1 1 1 }'));
ENDSEC;
DATA;
#1 = APPLICATION_PROTOCOL_DEFINITION('international standard',
  'automotive_design',2000,#2);
#2 = APPLICATION_CONTEXT(
  'core data for automotive mechanical design processes');
#3 = SHAPE_DEFINITION_REPRESENTATION(#4,#10);
#4 = PRODUCT_DEFINITION_SHAPE('','',#5);
#5 = PRODUCT_DEFINITION('design','',#6,#9);
#6 = PRODUCT_DEFINITION_FORMATION('','',#7);
#7 = PRODUCT('schematic 1','schematic 1','',(#8));
#8 = PRODUCT_CONTEXT('',#2,'mechanical');
#9 = PRODUCT_DEFINITION_CONTEXT('part definition',#2,'design');
#10 = SHAPE_REPRESENTATION('',(#11,#15,#19,#23,#27,#31,#35,#39,#43),#47
  );
#11 = AXIS2_PLACEMENT_3D('',#12,#13,#14);
#12 = CARTESIAN_POINT('',(0.,0.,0.));
#13 = DIRECTION('',(0.,0.,1.));
#14 = DIRECTION('',(1.,0.,-0.));
#15 = AXIS2_PLACEMENT_3D('',#16,#17,#18);
#16 = CARTESIAN_POINT('',(155.16,-96.60612,1.595));
#17 = DIRECTION('',(0.,0.,1.));
#18 = DIRECTION('',(-1.,1.224646799147E-16,0.));
#19 = AXIS2_PLACEMENT_3D('',#20,#21,#22);
#20 = CARTESIAN_POINT('',(165.16,-76.56612,1.595));
#21 = DIRECTION('',(0.,0.,1.));
#22 = DIRECTION('',(1.,0.,0.));
#23 = AXIS2_PLACEMENT_3D('',#24,#25,#26);
#24 = CARTESIAN_POINT('',(165.16,-81.56612,1.595));
#25 = DIRECTION('',(0.,0.,1.));
#26 = DIRECTION('',(1.,0.,0.));
#27 = AXIS2_PLACEMENT_3D('',#28,#29,#30);
#28 = CARTESIAN_POINT('',(161.16,-87.06612,1.595));
#29 = DIRECTION('',(0.,0.,1.));
#30 = DIRECTION('',(1.,0.,0.));
#31 = AXIS2_PLACEMENT_3D('',#32,#33,#34);
#32 = CARTESIAN_POINT('',(165.16,-66.56612,1.595));
#33 = DIRECTION('',(0.,0.,1.));
#34 = DIRECTION('',(1.,0.,0.));
#35 = AXIS2_PLACEMENT_3D('',#36,#37,#38);
#36 = CARTESIAN_POINT('',(162.62,-96.56612,1.595));
#37 = DIRECTION('',(0.,-0.,1.));
#38 = DIRECTION('',(1.110223024625E-16,1.,0.));
#39 = AXIS2_PLACEMENT_3D('',#40,#41,#42);
#40 = CARTESIAN_POINT('',(165.16,-71.56612,1.595));
#41 = DIRECTION('',(0.,0.,1.));
#42 = DIRECTION('',(1.,0.,0.));
#43 = AXIS2_PLACEMENT_3D('',#44,#45,#46);
#44 = CARTESIAN_POINT('',(0.,0.,0.));
#45 = DIRECTION('',(0.,0.,1.));
#46 = DIRECTION('',(1.,0.,-0.));
#47 = ( GEOMETRIC_REPRESENTATION_CONTEXT(3) 
GLOBAL_UNCERTAINTY_ASSIGNED_CONTEXT((#51)) GLOBAL_UNIT_ASSIGNED_CONTEXT(
(#48,#49,#50)) REPRESENTATION_CONTEXT('Context #1',
  '3D Context with UNIT and UNCERTAINTY') );
#48 = ( LENGTH_UNIT() NAMED_UNIT(*) SI_UNIT(.MILLI.,.METRE.) );
#49 = ( NAMED_UNIT(*) PLANE_ANGLE_UNIT() SI_UNIT($,.RADIAN.) );
#50 = ( NAMED_UNIT(*) SI_UNIT($,.STERADIAN.) SOLID_ANGLE_UNIT() );
#51 = UNCERTAINTY_MEASURE_WITH_UNIT(LENGTH_MEASURE(1.E-07),#48,
  'distance_accuracy_value','confusion accuracy');
#52 = PRODUCT_RELATED_PRODUCT_CATEGORY('part',$,(#7));
#53 = SHAPE_DEFINITION_REPRESENTATION(#54,#60);
#54 = PRODUCT_DEFINITION_SHAPE('','',#55);
#55 = PRODUCT_DEFINITION('design','',#56,#59);
#56 = PRODUCT_DEFINITION_FORMATION('','',#57);
#57 = PRODUCT('PinHeader_1x02_P2.54mm_Vertical',
  'PinHeader_1x02_P2.54mm_Vertical','',(#58));
#58 = PRODUCT_CONTEXT('',#2,'mechanical');
#59 = PRODUCT_DEFINITION_CONTEXT('part definition',#2,'design');
#60 = ADVANCED_BREP_SHAPE_REPRESENTATION('',(#11,#61),#1493);
#61 = MANIFOLD_SOLID_BREP('',#62);
#62 = CLOSED_SHELL('',(#63,#103,#134,#165,#330,#495,#512,#529,#546,#563,
    #580,#597,#614,#631,#648,#665,#677,#708,#732,#756,#773,#804,#828,
    #852,#869,#900,#924,#948,#965,#996,#1020,#1044,#1061,#1092,#1116,
    #1140,#1157,#1188,#1212,#1236,#1253,#1284,#1308,#1332,#1349,#1380,
    #1404,#1428,#1445,#1457,#1469,#1481));
#63 = ADVANCED_FACE('',(#64),#98,.F.);
#64 = FACE_BOUND('',#65,.F.);
#65 = EDGE_LOOP('',(#66,#76,#84,#92));
#66 = ORIENTED_EDGE('',*,*,#67,.T.);
#67 = EDGE_CURVE('',#68,#70,#72,.T.);
#68 = VERTEX_POINT('',#69);
#69 = CARTESIAN_POINT('',(-1.016,1.27,0.));
#70 = VERTEX_POINT('',#71);
#71 = CARTESIAN_POINT('',(-1.016,1.27,2.54));
#72 = LINE('',#73,#74);
#73 = CARTESIAN_POINT('',(-1.016,1.27,0.));
#74 = VECTOR('',#75,1.);
#75 = DIRECTION('',(0.,0.,1.));
#76 = ORIENTED_EDGE('',*,*,#77,.T.);
#77 = EDGE_CURVE('',#70,#78,#80,.T.);
#78 = VERTEX_POINT('',#79);
#79 = CARTESIAN_POINT('',(-1.27,1.016,2.54));
#80 = LINE('',#81,#82);
#81 = CARTESIAN_POINT('',(-1.016,1.27,2.54));
#82 = VECTOR('',#83,1.);
#83 = DIRECTION('',(-0.707106781187,-0.707106781187,0.));
#84 = ORIENTED_EDGE('',*,*,#85,.F.);
#85 = EDGE_CURVE('',#86,#78,#88,.T.);
#86 = VERTEX_POINT('',#87);
#87 = CARTESIAN_POINT('',(-1.27,1.016,0.));
#88 = LINE('',#89,#90);
#89 = CARTESIAN_POINT('',(-1.27,1.016,0.));
#90 = VECTOR('',#91,1.);
#91 = DIRECTION('',(0.,0.,1.));
#92 = ORIENTED_EDGE('',*,*,#93,.F.);
#93 = EDGE_CURVE('',#68,#86,#94,.T.);
#94 = LINE('',#95,#96);
#95 = CARTESIAN_POINT('',(-1.016,1.27,0.));
#96 = VECTOR('',#97,1.);
#97 = DIRECTION('',(-0.707106781187,-0.707106781187,0.));
#98 = PLANE('',#99);
#99 = AXIS2_PLACEMENT_3D('',#100,#101,#102);
#100 = CARTESIAN_POINT('',(-1.016,1.27,0.));
#101 = DIRECTION('',(0.707106781187,-0.707106781187,0.));
#102 = DIRECTION('',(-0.707106781187,-0.707106781187,0.));
#103 = ADVANCED_FACE('',(#104),#129,.F.);
#104 = FACE_BOUND('',#105,.F.);
#105 = EDGE_LOOP('',(#106,#116,#122,#123));
#106 = ORIENTED_EDGE('',*,*,#107,.T.);
#107 = EDGE_CURVE('',#108,#110,#112,.T.);
#108 = VERTEX_POINT('',#109);
#109 = CARTESIAN_POINT('',(1.016,1.27,0.));
#110 = VERTEX_POINT('',#111);
#111 = CARTESIAN_POINT('',(1.016,1.27,2.54));
#112 = LINE('',#113,#114);
#113 = CARTESIAN_POINT('',(1.016,1.27,0.));
#114 = VECTOR('',#115,1.);
#115 = DIRECTION('',(0.,0.,1.));
#116 = ORIENTED_EDGE('',*,*,#117,.T.);
#117 = EDGE_CURVE('',#110,#70,#118,.T.);
#118 = LINE('',#119,#120);
#119 = CARTESIAN_POINT('',(1.016,1.27,2.54));
#120 = VECTOR('',#121,1.);
#121 = DIRECTION('',(-1.,0.,0.));
#122 = ORIENTED_EDGE('',*,*,#67,.F.);
#123 = ORIENTED_EDGE('',*,*,#124,.F.);
#124 = EDGE_CURVE('',#108,#68,#125,.T.);
#125 = LINE('',#126,#127);
#126 = CARTESIAN_POINT('',(1.016,1.27,0.));
#127 = VECTOR('',#128,1.);
#128 = DIRECTION('',(-1.,0.,0.));
#129 = PLANE('',#130);
#130 = AXIS2_PLACEMENT_3D('',#131,#132,#133);
#131 = CARTESIAN_POINT('',(1.016,1.27,0.));
#132 = DIRECTION('',(0.,-1.,0.));
#133 = DIRECTION('',(-1.,0.,0.));
#134 = ADVANCED_FACE('',(#135),#160,.F.);
#135 = FACE_BOUND('',#136,.F.);
#136 = EDGE_LOOP('',(#137,#138,#146,#154));
#137 = ORIENTED_EDGE('',*,*,#85,.T.);
#138 = ORIENTED_EDGE('',*,*,#139,.T.);
#139 = EDGE_CURVE('',#78,#140,#142,.T.);
#140 = VERTEX_POINT('',#141);
#141 = CARTESIAN_POINT('',(-1.27,-1.016,2.54));
#142 = LINE('',#143,#144);
#143 = CARTESIAN_POINT('',(-1.27,1.016,2.54));
#144 = VECTOR('',#145,1.);
#145 = DIRECTION('',(0.,-1.,0.));
#146 = ORIENTED_EDGE('',*,*,#147,.F.);
#147 = EDGE_CURVE('',#148,#140,#150,.T.);
#148 = VERTEX_POINT('',#149);
#149 = CARTESIAN_POINT('',(-1.27,-1.016,0.));
#150 = LINE('',#151,#152);
#151 = CARTESIAN_POINT('',(-1.27,-1.016,0.));
#152 = VECTOR('',#153,1.);
#153 = DIRECTION('',(0.,0.,1.));
#154 = ORIENTED_EDGE('',*,*,#155,.F.);
#155 = EDGE_CURVE('',#86,#148,#156,.T.);
#156 = LINE('',#157,#158);
#157 = CARTESIAN_POINT('',(-1.27,1.016,0.));
#158 = VECTOR('',#159,1.);
#159 = DIRECTION('',(0.,-1.,0.));
#160 = PLANE('',#161);
#161 = AXIS2_PLACEMENT_3D('',#162,#163,#164);
#162 = CARTESIAN_POINT('',(-1.27,1.016,0.));
#163 = DIRECTION('',(1.,0.,0.));
#164 = DIRECTION('',(0.,-1.,0.));
#165 = ADVANCED_FACE('',(#166,#257,#291),#325,.F.);
#166 = FACE_BOUND('',#167,.F.);
#167 = EDGE_LOOP('',(#168,#169,#170,#178,#186,#194,#202,#210,#218,#226,
    #234,#242,#250,#256));
#168 = ORIENTED_EDGE('',*,*,#93,.T.);
#169 = ORIENTED_EDGE('',*,*,#155,.T.);
#170 = ORIENTED_EDGE('',*,*,#171,.T.);
#171 = EDGE_CURVE('',#148,#172,#174,.T.);
#172 = VERTEX_POINT('',#173);
#173 = CARTESIAN_POINT('',(-1.016,-1.27,0.));
#174 = LINE('',#175,#176);
#175 = CARTESIAN_POINT('',(-1.27,-1.016,0.));
#176 = VECTOR('',#177,1.);
#177 = DIRECTION('',(0.707106781187,-0.707106781187,0.));
#178 = ORIENTED_EDGE('',*,*,#179,.T.);
#179 = EDGE_CURVE('',#172,#180,#182,.T.);
#180 = VERTEX_POINT('',#181);
#181 = CARTESIAN_POINT('',(-1.27,-1.524,0.));
#182 = LINE('',#183,#184);
#183 = CARTESIAN_POINT('',(-1.016,-1.27,0.));
#184 = VECTOR('',#185,1.);
#185 = DIRECTION('',(-0.707106781187,-0.707106781187,0.));
#186 = ORIENTED_EDGE('',*,*,#187,.T.);
#187 = EDGE_CURVE('',#180,#188,#190,.T.);
#188 = VERTEX_POINT('',#189);
#189 = CARTESIAN_POINT('',(-1.27,-3.556,0.));
#190 = LINE('',#191,#192);
#191 = CARTESIAN_POINT('',(-1.27,-1.524,0.));
#192 = VECTOR('',#193,1.);
#193 = DIRECTION('',(0.,-1.,0.));
#194 = ORIENTED_EDGE('',*,*,#195,.T.);
#195 = EDGE_CURVE('',#188,#196,#198,.T.);
#196 = VERTEX_POINT('',#197);
#197 = CARTESIAN_POINT('',(-1.016,-3.81,0.));
#198 = LINE('',#199,#200);
#199 = CARTESIAN_POINT('',(-1.27,-3.556,0.));
#200 = VECTOR('',#201,1.);
#201 = DIRECTION('',(0.707106781187,-0.707106781187,0.));
#202 = ORIENTED_EDGE('',*,*,#203,.T.);
#203 = EDGE_CURVE('',#196,#204,#206,.T.);
#204 = VERTEX_POINT('',#205);
#205 = CARTESIAN_POINT('',(1.016,-3.81,0.));
#206 = LINE('',#207,#208);
#207 = CARTESIAN_POINT('',(-1.016,-3.81,0.));
#208 = VECTOR('',#209,1.);
#209 = DIRECTION('',(1.,0.,0.));
#210 = ORIENTED_EDGE('',*,*,#211,.T.);
#211 = EDGE_CURVE('',#204,#212,#214,.T.);
#212 = VERTEX_POINT('',#213);
#213 = CARTESIAN_POINT('',(1.27,-3.556,0.));
#214 = LINE('',#215,#216);
#215 = CARTESIAN_POINT('',(1.016,-3.81,0.));
#216 = VECTOR('',#217,1.);
#217 = DIRECTION('',(0.707106781187,0.707106781187,0.));
#218 = ORIENTED_EDGE('',*,*,#219,.T.);
#219 = EDGE_CURVE('',#212,#220,#222,.T.);
#220 = VERTEX_POINT('',#221);
#221 = CARTESIAN_POINT('',(1.27,-1.524,0.));
#222 = LINE('',#223,#224);
#223 = CARTESIAN_POINT('',(1.27,-3.556,0.));
#224 = VECTOR('',#225,1.);
#225 = DIRECTION('',(0.,1.,0.));
#226 = ORIENTED_EDGE('',*,*,#227,.T.);
#227 = EDGE_CURVE('',#220,#228,#230,.T.);
#228 = VERTEX_POINT('',#229);
#229 = CARTESIAN_POINT('',(1.016,-1.27,0.));
#230 = LINE('',#231,#232);
#231 = CARTESIAN_POINT('',(1.27,-1.524,0.));
#232 = VECTOR('',#233,1.);
#233 = DIRECTION('',(-0.707106781187,0.707106781187,0.));
#234 = ORIENTED_EDGE('',*,*,#235,.T.);
#235 = EDGE_CURVE('',#228,#236,#238,.T.);
#236 = VERTEX_POINT('',#237);
#237 = CARTESIAN_POINT('',(1.27,-1.016,0.));
#238 = LINE('',#239,#240);
#239 = CARTESIAN_POINT('',(1.016,-1.27,0.));
#240 = VECTOR('',#241,1.);
#241 = DIRECTION('',(0.707106781187,0.707106781187,0.));
#242 = ORIENTED_EDGE('',*,*,#243,.T.);
#243 = EDGE_CURVE('',#236,#244,#246,.T.);
#244 = VERTEX_POINT('',#245);
#245 = CARTESIAN_POINT('',(1.27,1.016,0.));
#246 = LINE('',#247,#248);
#247 = CARTESIAN_POINT('',(1.27,-1.016,0.));
#248 = VECTOR('',#249,1.);
#249 = DIRECTION('',(0.,1.,0.));
#250 = ORIENTED_EDGE('',*,*,#251,.T.);
#251 = EDGE_CURVE('',#244,#108,#252,.T.);
#252 = LINE('',#253,#254);
#253 = CARTESIAN_POINT('',(1.27,1.016,0.));
#254 = VECTOR('',#255,1.);
#255 = DIRECTION('',(-0.707106781187,0.707106781187,0.));
#256 = ORIENTED_EDGE('',*,*,#124,.T.);
#257 = FACE_BOUND('',#258,.F.);
#258 = EDGE_LOOP('',(#259,#269,#277,#285));
#259 = ORIENTED_EDGE('',*,*,#260,.T.);
#260 = EDGE_CURVE('',#261,#263,#265,.T.);
#261 = VERTEX_POINT('',#262);
#262 = CARTESIAN_POINT('',(0.32,-0.32,0.));
#263 = VERTEX_POINT('',#264);
#264 = CARTESIAN_POINT('',(-0.32,-0.32,0.));
#265 = LINE('',#266,#267);
#266 = CARTESIAN_POINT('',(-0.16,-0.32,0.));
#267 = VECTOR('',#268,1.);
#268 = DIRECTION('',(-1.,0.,0.));
#269 = ORIENTED_EDGE('',*,*,#270,.T.);
#270 = EDGE_CURVE('',#263,#271,#273,.T.);
#271 = VERTEX_POINT('',#272);
#272 = CARTESIAN_POINT('',(-0.32,0.32,0.));
#273 = LINE('',#274,#275);
#274 = CARTESIAN_POINT('',(-0.32,-0.795,0.));
#275 = VECTOR('',#276,1.);
#276 = DIRECTION('',(0.,1.,0.));
#277 = ORIENTED_EDGE('',*,*,#278,.F.);
#278 = EDGE_CURVE('',#279,#271,#281,.T.);
#279 = VERTEX_POINT('',#280);
#280 = CARTESIAN_POINT('',(0.32,0.32,0.));
#281 = LINE('',#282,#283);
#282 = CARTESIAN_POINT('',(-0.16,0.32,0.));
#283 = VECTOR('',#284,1.);
#284 = DIRECTION('',(-1.,0.,0.));
#285 = ORIENTED_EDGE('',*,*,#286,.F.);
#286 = EDGE_CURVE('',#261,#279,#287,.T.);
#287 = LINE('',#288,#289);
#288 = CARTESIAN_POINT('',(0.32,-0.795,0.));
#289 = VECTOR('',#290,1.);
#290 = DIRECTION('',(0.,1.,0.));
#291 = FACE_BOUND('',#292,.F.);
#292 = EDGE_LOOP('',(#293,#303,#311,#319));
#293 = ORIENTED_EDGE('',*,*,#294,.T.);
#294 = EDGE_CURVE('',#295,#297,#299,.T.);
#295 = VERTEX_POINT('',#296);
#296 = CARTESIAN_POINT('',(0.32,-2.86,0.));
#297 = VERTEX_POINT('',#298);
#298 = CARTESIAN_POINT('',(-0.32,-2.86,0.));
#299 = LINE('',#300,#301);
#300 = CARTESIAN_POINT('',(-0.16,-2.86,0.));
#301 = VECTOR('',#302,1.);
#302 = DIRECTION('',(-1.,0.,0.));
#303 = ORIENTED_EDGE('',*,*,#304,.T.);
#304 = EDGE_CURVE('',#297,#305,#307,.T.);
#305 = VERTEX_POINT('',#306);
#306 = CARTESIAN_POINT('',(-0.32,-2.22,0.));
#307 = LINE('',#308,#309);
#308 = CARTESIAN_POINT('',(-0.32,-2.065,0.));
#309 = VECTOR('',#310,1.);
#310 = DIRECTION('',(0.,1.,0.));
#311 = ORIENTED_EDGE('',*,*,#312,.F.);
#312 = EDGE_CURVE('',#313,#305,#315,.T.);
#313 = VERTEX_POINT('',#314);
#314 = CARTESIAN_POINT('',(0.32,-2.22,0.));
#315 = LINE('',#316,#317);
#316 = CARTESIAN_POINT('',(-0.16,-2.22,0.));
#317 = VECTOR('',#318,1.);
#318 = DIRECTION('',(-1.,0.,0.));
#319 = ORIENTED_EDGE('',*,*,#320,.F.);
#320 = EDGE_CURVE('',#295,#313,#321,.T.);
#321 = LINE('',#322,#323);
#322 = CARTESIAN_POINT('',(0.32,-2.065,0.));
#323 = VECTOR('',#324,1.);
#324 = DIRECTION('',(0.,1.,0.));
#325 = PLANE('',#326);
#326 = AXIS2_PLACEMENT_3D('',#327,#328,#329);
#327 = CARTESIAN_POINT('',(1.473843703412E-17,-1.27,0.));
#328 = DIRECTION('',(0.,0.,1.));
#329 = DIRECTION('',(1.,0.,-0.));
#330 = ADVANCED_FACE('',(#331,#422,#456),#490,.T.);
#331 = FACE_BOUND('',#332,.T.);
#332 = EDGE_LOOP('',(#333,#334,#335,#343,#351,#359,#367,#375,#383,#391,
    #399,#407,#415,#421));
#333 = ORIENTED_EDGE('',*,*,#77,.T.);
#334 = ORIENTED_EDGE('',*,*,#139,.T.);
#335 = ORIENTED_EDGE('',*,*,#336,.T.);
#336 = EDGE_CURVE('',#140,#337,#339,.T.);
#337 = VERTEX_POINT('',#338);
#338 = CARTESIAN_POINT('',(-1.016,-1.27,2.54));
#339 = LINE('',#340,#341);
#340 = CARTESIAN_POINT('',(-1.27,-1.016,2.54));
#341 = VECTOR('',#342,1.);
#342 = DIRECTION('',(0.707106781187,-0.707106781187,0.));
#343 = ORIENTED_EDGE('',*,*,#344,.T.);
#344 = EDGE_CURVE('',#337,#345,#347,.T.);
#345 = VERTEX_POINT('',#346);
#346 = CARTESIAN_POINT('',(-1.27,-1.524,2.54));
#347 = LINE('',#348,#349);
#348 = CARTESIAN_POINT('',(-1.016,-1.27,2.54));
#349 = VECTOR('',#350,1.);
#350 = DIRECTION('',(-0.707106781187,-0.707106781187,0.));
#351 = ORIENTED_EDGE('',*,*,#352,.T.);
#352 = EDGE_CURVE('',#345,#353,#355,.T.);
#353 = VERTEX_POINT('',#354);
#354 = CARTESIAN_POINT('',(-1.27,-3.556,2.54));
#355 = LINE('',#356,#357);
#356 = CARTESIAN_POINT('',(-1.27,-1.524,2.54));
#357 = VECTOR('',#358,1.);
#358 = DIRECTION('',(0.,-1.,0.));
#359 = ORIENTED_EDGE('',*,*,#360,.T.);
#360 = EDGE_CURVE('',#353,#361,#363,.T.);
#361 = VERTEX_POINT('',#362);
#362 = CARTESIAN_POINT('',(-1.016,-3.81,2.54));
#363 = LINE('',#364,#365);
#364 = CARTESIAN_POINT('',(-1.27,-3.556,2.54));
#365 = VECTOR('',#366,1.);
#366 = DIRECTION('',(0.707106781187,-0.707106781187,0.));
#367 = ORIENTED_EDGE('',*,*,#368,.T.);
#368 = EDGE_CURVE('',#361,#369,#371,.T.);
#369 = VERTEX_POINT('',#370);
#370 = CARTESIAN_POINT('',(1.016,-3.81,2.54));
#371 = LINE('',#372,#373);
#372 = CARTESIAN_POINT('',(-1.016,-3.81,2.54));
#373 = VECTOR('',#374,1.);
#374 = DIRECTION('',(1.,0.,0.));
#375 = ORIENTED_EDGE('',*,*,#376,.T.);
#376 = EDGE_CURVE('',#369,#377,#379,.T.);
#377 = VERTEX_POINT('',#378);
#378 = CARTESIAN_POINT('',(1.27,-3.556,2.54));
#379 = LINE('',#380,#381);
#380 = CARTESIAN_POINT('',(1.016,-3.81,2.54));
#381 = VECTOR('',#382,1.);
#382 = DIRECTION('',(0.707106781187,0.707106781187,0.));
#383 = ORIENTED_EDGE('',*,*,#384,.T.);
#384 = EDGE_CURVE('',#377,#385,#387,.T.);
#385 = VERTEX_POINT('',#386);
#386 = CARTESIAN_POINT('',(1.27,-1.524,2.54));
#387 = LINE('',#388,#389);
#388 = CARTESIAN_POINT('',(1.27,-3.556,2.54));
#389 = VECTOR('',#390,1.);
#390 = DIRECTION('',(0.,1.,0.));
#391 = ORIENTED_EDGE('',*,*,#392,.T.);
#392 = EDGE_CURVE('',#385,#393,#395,.T.);
#393 = VERTEX_POINT('',#394);
#394 = CARTESIAN_POINT('',(1.016,-1.27,2.54));
#395 = LINE('',#396,#397);
#396 = CARTESIAN_POINT('',(1.27,-1.524,2.54));
#397 = VECTOR('',#398,1.);
#398 = DIRECTION('',(-0.707106781187,0.707106781187,0.));
#399 = ORIENTED_EDGE('',*,*,#400,.T.);
#400 = EDGE_CURVE('',#393,#401,#403,.T.);
#401 = VERTEX_POINT('',#402);
#402 = CARTESIAN_POINT('',(1.27,-1.016,2.54));
#403 = LINE('',#404,#405);
#404 = CARTESIAN_POINT('',(1.016,-1.27,2.54));
#405 = VECTOR('',#406,1.);
#406 = DIRECTION('',(0.707106781187,0.707106781187,0.));
#407 = ORIENTED_EDGE('',*,*,#408,.T.);
#408 = EDGE_CURVE('',#401,#409,#411,.T.);
#409 = VERTEX_POINT('',#410);
#410 = CARTESIAN_POINT('',(1.27,1.016,2.54));
#411 = LINE('',#412,#413);
#412 = CARTESIAN_POINT('',(1.27,-1.016,2.54));
#413 = VECTOR('',#414,1.);
#414 = DIRECTION('',(0.,1.,0.));
#415 = ORIENTED_EDGE('',*,*,#416,.T.);
#416 = EDGE_CURVE('',#409,#110,#417,.T.);
#417 = LINE('',#418,#419);
#418 = CARTESIAN_POINT('',(1.27,1.016,2.54));
#419 = VECTOR('',#420,1.);
#420 = DIRECTION('',(-0.707106781187,0.707106781187,0.));
#421 = ORIENTED_EDGE('',*,*,#117,.T.);
#422 = FACE_BOUND('',#423,.T.);
#423 = EDGE_LOOP('',(#424,#434,#442,#450));
#424 = ORIENTED_EDGE('',*,*,#425,.T.);
#425 = EDGE_CURVE('',#426,#428,#430,.T.);
#426 = VERTEX_POINT('',#427);
#427 = CARTESIAN_POINT('',(0.32,-0.32,2.54));
#428 = VERTEX_POINT('',#429);
#429 = CARTESIAN_POINT('',(-0.32,-0.32,2.54));
#430 = LINE('',#431,#432);
#431 = CARTESIAN_POINT('',(-0.16,-0.32,2.54));
#432 = VECTOR('',#433,1.);
#433 = DIRECTION('',(-1.,0.,0.));
#434 = ORIENTED_EDGE('',*,*,#435,.T.);
#435 = EDGE_CURVE('',#428,#436,#438,.T.);
#436 = VERTEX_POINT('',#437);
#437 = CARTESIAN_POINT('',(-0.32,0.32,2.54));
#438 = LINE('',#439,#440);
#439 = CARTESIAN_POINT('',(-0.32,-0.795,2.54));
#440 = VECTOR('',#441,1.);
#441 = DIRECTION('',(0.,1.,0.));
#442 = ORIENTED_EDGE('',*,*,#443,.F.);
#443 = EDGE_CURVE('',#444,#436,#446,.T.);
#444 = VERTEX_POINT('',#445);
#445 = CARTESIAN_POINT('',(0.32,0.32,2.54));
#446 = LINE('',#447,#448);
#447 = CARTESIAN_POINT('',(-0.16,0.32,2.54));
#448 = VECTOR('',#449,1.);
#449 = DIRECTION('',(-1.,0.,0.));
#450 = ORIENTED_EDGE('',*,*,#451,.F.);
#451 = EDGE_CURVE('',#426,#444,#452,.T.);
#452 = LINE('',#453,#454);
#453 = CARTESIAN_POINT('',(0.32,-0.795,2.54));
#454 = VECTOR('',#455,1.);
#455 = DIRECTION('',(0.,1.,0.));
#456 = FACE_BOUND('',#457,.T.);
#457 = EDGE_LOOP('',(#458,#468,#476,#484));
#458 = ORIENTED_EDGE('',*,*,#459,.T.);
#459 = EDGE_CURVE('',#460,#462,#464,.T.);
#460 = VERTEX_POINT('',#461);
#461 = CARTESIAN_POINT('',(0.32,-2.86,2.54));
#462 = VERTEX_POINT('',#463);
#463 = CARTESIAN_POINT('',(-0.32,-2.86,2.54));
#464 = LINE('',#465,#466);
#465 = CARTESIAN_POINT('',(-0.16,-2.86,2.54));
#466 = VECTOR('',#467,1.);
#467 = DIRECTION('',(-1.,0.,0.));
#468 = ORIENTED_EDGE('',*,*,#469,.T.);
#469 = EDGE_CURVE('',#462,#470,#472,.T.);
#470 = VERTEX_POINT('',#471);
#471 = CARTESIAN_POINT('',(-0.32,-2.22,2.54));
#472 = LINE('',#473,#474);
#473 = CARTESIAN_POINT('',(-0.32,-2.065,2.54));
#474 = VECTOR('',#475,1.);
#475 = DIRECTION('',(0.,1.,0.));
#476 = ORIENTED_EDGE('',*,*,#477,.F.);
#477 = EDGE_CURVE('',#478,#470,#480,.T.);
#478 = VERTEX_POINT('',#479);
#479 = CARTESIAN_POINT('',(0.32,-2.22,2.54));
#480 = LINE('',#481,#482);
#481 = CARTESIAN_POINT('',(-0.16,-2.22,2.54));
#482 = VECTOR('',#483,1.);
#483 = DIRECTION('',(-1.,0.,0.));
#484 = ORIENTED_EDGE('',*,*,#485,.F.);
#485 = EDGE_CURVE('',#460,#478,#486,.T.);
#486 = LINE('',#487,#488);
#487 = CARTESIAN_POINT('',(0.32,-2.065,2.54));
#488 = VECTOR('',#489,1.);
#489 = DIRECTION('',(0.,1.,0.));
#490 = PLANE('',#491);
#491 = AXIS2_PLACEMENT_3D('',#492,#493,#494);
#492 = CARTESIAN_POINT('',(1.473843703412E-17,-1.27,2.54));
#493 = DIRECTION('',(0.,0.,1.));
#494 = DIRECTION('',(1.,0.,-0.));
#495 = ADVANCED_FACE('',(#496),#507,.F.);
#496 = FACE_BOUND('',#497,.F.);
#497 = EDGE_LOOP('',(#498,#504,#505,#506));
#498 = ORIENTED_EDGE('',*,*,#499,.T.);
#499 = EDGE_CURVE('',#244,#409,#500,.T.);
#500 = LINE('',#501,#502);
#501 = CARTESIAN_POINT('',(1.27,1.016,0.));
#502 = VECTOR('',#503,1.);
#503 = DIRECTION('',(0.,0.,1.));
#504 = ORIENTED_EDGE('',*,*,#416,.T.);
#505 = ORIENTED_EDGE('',*,*,#107,.F.);
#506 = ORIENTED_EDGE('',*,*,#251,.F.);
#507 = PLANE('',#508);
#508 = AXIS2_PLACEMENT_3D('',#509,#510,#511);
#509 = CARTESIAN_POINT('',(1.27,1.016,0.));
#510 = DIRECTION('',(-0.707106781187,-0.707106781187,0.));
#511 = DIRECTION('',(-0.707106781187,0.707106781187,0.));
#512 = ADVANCED_FACE('',(#513),#524,.F.);
#513 = FACE_BOUND('',#514,.F.);
#514 = EDGE_LOOP('',(#515,#516,#517,#523));
#515 = ORIENTED_EDGE('',*,*,#147,.T.);
#516 = ORIENTED_EDGE('',*,*,#336,.T.);
#517 = ORIENTED_EDGE('',*,*,#518,.F.);
#518 = EDGE_CURVE('',#172,#337,#519,.T.);
#519 = LINE('',#520,#521);
#520 = CARTESIAN_POINT('',(-1.016,-1.27,0.));
#521 = VECTOR('',#522,1.);
#522 = DIRECTION('',(0.,0.,1.));
#523 = ORIENTED_EDGE('',*,*,#171,.F.);
#524 = PLANE('',#525);
#525 = AXIS2_PLACEMENT_3D('',#526,#527,#528);
#526 = CARTESIAN_POINT('',(-1.27,-1.016,0.));
#527 = DIRECTION('',(0.707106781187,0.707106781187,0.));
#528 = DIRECTION('',(0.707106781187,-0.707106781187,0.));
#529 = ADVANCED_FACE('',(#530),#541,.F.);
#530 = FACE_BOUND('',#531,.F.);
#531 = EDGE_LOOP('',(#532,#538,#539,#540));
#532 = ORIENTED_EDGE('',*,*,#533,.T.);
#533 = EDGE_CURVE('',#236,#401,#534,.T.);
#534 = LINE('',#535,#536);
#535 = CARTESIAN_POINT('',(1.27,-1.016,0.));
#536 = VECTOR('',#537,1.);
#537 = DIRECTION('',(0.,0.,1.));
#538 = ORIENTED_EDGE('',*,*,#408,.T.);
#539 = ORIENTED_EDGE('',*,*,#499,.F.);
#540 = ORIENTED_EDGE('',*,*,#243,.F.);
#541 = PLANE('',#542);
#542 = AXIS2_PLACEMENT_3D('',#543,#544,#545);
#543 = CARTESIAN_POINT('',(1.27,-1.016,0.));
#544 = DIRECTION('',(-1.,0.,0.));
#545 = DIRECTION('',(0.,1.,0.));
#546 = ADVANCED_FACE('',(#547),#558,.F.);
#547 = FACE_BOUND('',#548,.F.);
#548 = EDGE_LOOP('',(#549,#550,#551,#557));
#549 = ORIENTED_EDGE('',*,*,#518,.T.);
#550 = ORIENTED_EDGE('',*,*,#344,.T.);
#551 = ORIENTED_EDGE('',*,*,#552,.F.);
#552 = EDGE_CURVE('',#180,#345,#553,.T.);
#553 = LINE('',#554,#555);
#554 = CARTESIAN_POINT('',(-1.27,-1.524,0.));
#555 = VECTOR('',#556,1.);
#556 = DIRECTION('',(0.,0.,1.));
#557 = ORIENTED_EDGE('',*,*,#179,.F.);
#558 = PLANE('',#559);
#559 = AXIS2_PLACEMENT_3D('',#560,#561,#562);
#560 = CARTESIAN_POINT('',(-1.016,-1.27,0.));
#561 = DIRECTION('',(0.707106781187,-0.707106781187,0.));
#562 = DIRECTION('',(-0.707106781187,-0.707106781187,0.));
#563 = ADVANCED_FACE('',(#564),#575,.F.);
#564 = FACE_BOUND('',#565,.F.);
#565 = EDGE_LOOP('',(#566,#572,#573,#574));
#566 = ORIENTED_EDGE('',*,*,#567,.T.);
#567 = EDGE_CURVE('',#228,#393,#568,.T.);
#568 = LINE('',#569,#570);
#569 = CARTESIAN_POINT('',(1.016,-1.27,0.));
#570 = VECTOR('',#571,1.);
#571 = DIRECTION('',(0.,0.,1.));
#572 = ORIENTED_EDGE('',*,*,#400,.T.);
#573 = ORIENTED_EDGE('',*,*,#533,.F.);
#574 = ORIENTED_EDGE('',*,*,#235,.F.);
#575 = PLANE('',#576);
#576 = AXIS2_PLACEMENT_3D('',#577,#578,#579);
#577 = CARTESIAN_POINT('',(1.016,-1.27,0.));
#578 = DIRECTION('',(-0.707106781187,0.707106781187,0.));
#579 = DIRECTION('',(0.707106781187,0.707106781187,0.));
#580 = ADVANCED_FACE('',(#581),#592,.F.);
#581 = FACE_BOUND('',#582,.F.);
#582 = EDGE_LOOP('',(#583,#584,#585,#591));
#583 = ORIENTED_EDGE('',*,*,#552,.T.);
#584 = ORIENTED_EDGE('',*,*,#352,.T.);
#585 = ORIENTED_EDGE('',*,*,#586,.F.);
#586 = EDGE_CURVE('',#188,#353,#587,.T.);
#587 = LINE('',#588,#589);
#588 = CARTESIAN_POINT('',(-1.27,-3.556,0.));
#589 = VECTOR('',#590,1.);
#590 = DIRECTION('',(0.,0.,1.));
#591 = ORIENTED_EDGE('',*,*,#187,.F.);
#592 = PLANE('',#593);
#593 = AXIS2_PLACEMENT_3D('',#594,#595,#596);
#594 = CARTESIAN_POINT('',(-1.27,-1.524,0.));
#595 = DIRECTION('',(1.,0.,0.));
#596 = DIRECTION('',(0.,-1.,0.));
#597 = ADVANCED_FACE('',(#598),#609,.F.);
#598 = FACE_BOUND('',#599,.F.);
#599 = EDGE_LOOP('',(#600,#606,#607,#608));
#600 = ORIENTED_EDGE('',*,*,#601,.T.);
#601 = EDGE_CURVE('',#220,#385,#602,.T.);
#602 = LINE('',#603,#604);
#603 = CARTESIAN_POINT('',(1.27,-1.524,0.));
#604 = VECTOR('',#605,1.);
#605 = DIRECTION('',(0.,0.,1.));
#606 = ORIENTED_EDGE('',*,*,#392,.T.);
#607 = ORIENTED_EDGE('',*,*,#567,.F.);
#608 = ORIENTED_EDGE('',*,*,#227,.F.);
#609 = PLANE('',#610);
#610 = AXIS2_PLACEMENT_3D('',#611,#612,#613);
#611 = CARTESIAN_POINT('',(1.27,-1.524,0.));
#612 = DIRECTION('',(-0.707106781187,-0.707106781187,0.));
#613 = DIRECTION('',(-0.707106781187,0.707106781187,0.));
#614 = ADVANCED_FACE('',(#615),#626,.F.);
#615 = FACE_BOUND('',#616,.F.);
#616 = EDGE_LOOP('',(#617,#618,#619,#625));
#617 = ORIENTED_EDGE('',*,*,#586,.T.);
#618 = ORIENTED_EDGE('',*,*,#360,.T.);
#619 = ORIENTED_EDGE('',*,*,#620,.F.);
#620 = EDGE_CURVE('',#196,#361,#621,.T.);
#621 = LINE('',#622,#623);
#622 = CARTESIAN_POINT('',(-1.016,-3.81,0.));
#623 = VECTOR('',#624,1.);
#624 = DIRECTION('',(0.,0.,1.));
#625 = ORIENTED_EDGE('',*,*,#195,.F.);
#626 = PLANE('',#627);
#627 = AXIS2_PLACEMENT_3D('',#628,#629,#630);
#628 = CARTESIAN_POINT('',(-1.27,-3.556,0.));
#629 = DIRECTION('',(0.707106781187,0.707106781187,0.));
#630 = DIRECTION('',(0.707106781187,-0.707106781187,0.));
#631 = ADVANCED_FACE('',(#632),#643,.F.);
#632 = FACE_BOUND('',#633,.F.);
#633 = EDGE_LOOP('',(#634,#640,#641,#642));
#634 = ORIENTED_EDGE('',*,*,#635,.T.);
#635 = EDGE_CURVE('',#212,#377,#636,.T.);
#636 = LINE('',#637,#638);
#637 = CARTESIAN_POINT('',(1.27,-3.556,0.));
#638 = VECTOR('',#639,1.);
#639 = DIRECTION('',(0.,0.,1.));
#640 = ORIENTED_EDGE('',*,*,#384,.T.);
#641 = ORIENTED_EDGE('',*,*,#601,.F.);
#642 = ORIENTED_EDGE('',*,*,#219,.F.);
#643 = PLANE('',#644);
#644 = AXIS2_PLACEMENT_3D('',#645,#646,#647);
#645 = CARTESIAN_POINT('',(1.27,-3.556,0.));
#646 = DIRECTION('',(-1.,0.,0.));
#647 = DIRECTION('',(0.,1.,0.));
#648 = ADVANCED_FACE('',(#649),#660,.F.);
#649 = FACE_BOUND('',#650,.F.);
#650 = EDGE_LOOP('',(#651,#652,#653,#659));
#651 = ORIENTED_EDGE('',*,*,#620,.T.);
#652 = ORIENTED_EDGE('',*,*,#368,.T.);
#653 = ORIENTED_EDGE('',*,*,#654,.F.);
#654 = EDGE_CURVE('',#204,#369,#655,.T.);
#655 = LINE('',#656,#657);
#656 = CARTESIAN_POINT('',(1.016,-3.81,0.));
#657 = VECTOR('',#658,1.);
#658 = DIRECTION('',(0.,0.,1.));
#659 = ORIENTED_EDGE('',*,*,#203,.F.);
#660 = PLANE('',#661);
#661 = AXIS2_PLACEMENT_3D('',#662,#663,#664);
#662 = CARTESIAN_POINT('',(-1.016,-3.81,0.));
#663 = DIRECTION('',(0.,1.,0.));
#664 = DIRECTION('',(1.,0.,0.));
#665 = ADVANCED_FACE('',(#666),#672,.F.);
#666 = FACE_BOUND('',#667,.F.);
#667 = EDGE_LOOP('',(#668,#669,#670,#671));
#668 = ORIENTED_EDGE('',*,*,#654,.T.);
#669 = ORIENTED_EDGE('',*,*,#376,.T.);
#670 = ORIENTED_EDGE('',*,*,#635,.F.);
#671 = ORIENTED_EDGE('',*,*,#211,.F.);
#672 = PLANE('',#673);
#673 = AXIS2_PLACEMENT_3D('',#674,#675,#676);
#674 = CARTESIAN_POINT('',(1.016,-3.81,0.));
#675 = DIRECTION('',(-0.707106781187,0.707106781187,0.));
#676 = DIRECTION('',(0.707106781187,0.707106781187,0.));
#677 = ADVANCED_FACE('',(#678),#703,.F.);
#678 = FACE_BOUND('',#679,.F.);
#679 = EDGE_LOOP('',(#680,#688,#696,#702));
#680 = ORIENTED_EDGE('',*,*,#681,.F.);
#681 = EDGE_CURVE('',#682,#261,#684,.T.);
#682 = VERTEX_POINT('',#683);
#683 = CARTESIAN_POINT('',(0.32,-0.32,-2.84));
#684 = LINE('',#685,#686);
#685 = CARTESIAN_POINT('',(0.32,-0.32,-3.));
#686 = VECTOR('',#687,1.);
#687 = DIRECTION('',(0.,0.,1.));
#688 = ORIENTED_EDGE('',*,*,#689,.F.);
#689 = EDGE_CURVE('',#690,#682,#692,.T.);
#690 = VERTEX_POINT('',#691);
#691 = CARTESIAN_POINT('',(-0.32,-0.32,-2.84));
#692 = LINE('',#693,#694);
#693 = CARTESIAN_POINT('',(-0.32,-0.32,-2.84));
#694 = VECTOR('',#695,1.);
#695 = DIRECTION('',(1.,0.,0.));
#696 = ORIENTED_EDGE('',*,*,#697,.T.);
#697 = EDGE_CURVE('',#690,#263,#698,.T.);
#698 = LINE('',#699,#700);
#699 = CARTESIAN_POINT('',(-0.32,-0.32,-3.));
#700 = VECTOR('',#701,1.);
#701 = DIRECTION('',(0.,0.,1.));
#702 = ORIENTED_EDGE('',*,*,#260,.F.);
#703 = PLANE('',#704);
#704 = AXIS2_PLACEMENT_3D('',#705,#706,#707);
#705 = CARTESIAN_POINT('',(-0.32,-0.32,-3.));
#706 = DIRECTION('',(0.,1.,0.));
#707 = DIRECTION('',(0.,-0.,1.));
#708 = ADVANCED_FACE('',(#709),#727,.T.);
#709 = FACE_BOUND('',#710,.T.);
#710 = EDGE_LOOP('',(#711,#712,#720,#726));
#711 = ORIENTED_EDGE('',*,*,#681,.F.);
#712 = ORIENTED_EDGE('',*,*,#713,.T.);
#713 = EDGE_CURVE('',#682,#714,#716,.T.);
#714 = VERTEX_POINT('',#715);
#715 = CARTESIAN_POINT('',(0.32,0.32,-2.84));
#716 = LINE('',#717,#718);
#717 = CARTESIAN_POINT('',(0.32,-0.32,-2.84));
#718 = VECTOR('',#719,1.);
#719 = DIRECTION('',(0.,1.,0.));
#720 = ORIENTED_EDGE('',*,*,#721,.T.);
#721 = EDGE_CURVE('',#714,#279,#722,.T.);
#722 = LINE('',#723,#724);
#723 = CARTESIAN_POINT('',(0.32,0.32,-3.));
#724 = VECTOR('',#725,1.);
#725 = DIRECTION('',(0.,0.,1.));
#726 = ORIENTED_EDGE('',*,*,#286,.F.);
#727 = PLANE('',#728);
#728 = AXIS2_PLACEMENT_3D('',#729,#730,#731);
#729 = CARTESIAN_POINT('',(0.32,-0.32,-3.));
#730 = DIRECTION('',(1.,0.,0.));
#731 = DIRECTION('',(0.,0.,1.));
#732 = ADVANCED_FACE('',(#733),#751,.T.);
#733 = FACE_BOUND('',#734,.T.);
#734 = EDGE_LOOP('',(#735,#736,#744,#750));
#735 = ORIENTED_EDGE('',*,*,#721,.F.);
#736 = ORIENTED_EDGE('',*,*,#737,.F.);
#737 = EDGE_CURVE('',#738,#714,#740,.T.);
#738 = VERTEX_POINT('',#739);
#739 = CARTESIAN_POINT('',(-0.32,0.32,-2.84));
#740 = LINE('',#741,#742);
#741 = CARTESIAN_POINT('',(-0.32,0.32,-2.84));
#742 = VECTOR('',#743,1.);
#743 = DIRECTION('',(1.,0.,0.));
#744 = ORIENTED_EDGE('',*,*,#745,.T.);
#745 = EDGE_CURVE('',#738,#271,#746,.T.);
#746 = LINE('',#747,#748);
#747 = CARTESIAN_POINT('',(-0.32,0.32,-3.));
#748 = VECTOR('',#749,1.);
#749 = DIRECTION('',(0.,0.,1.));
#750 = ORIENTED_EDGE('',*,*,#278,.F.);
#751 = PLANE('',#752);
#752 = AXIS2_PLACEMENT_3D('',#753,#754,#755);
#753 = CARTESIAN_POINT('',(-0.32,0.32,-3.));
#754 = DIRECTION('',(0.,1.,0.));
#755 = DIRECTION('',(0.,-0.,1.));
#756 = ADVANCED_FACE('',(#757),#768,.F.);
#757 = FACE_BOUND('',#758,.F.);
#758 = EDGE_LOOP('',(#759,#760,#766,#767));
#759 = ORIENTED_EDGE('',*,*,#697,.F.);
#760 = ORIENTED_EDGE('',*,*,#761,.T.);
#761 = EDGE_CURVE('',#690,#738,#762,.T.);
#762 = LINE('',#763,#764);
#763 = CARTESIAN_POINT('',(-0.32,-0.32,-2.84));
#764 = VECTOR('',#765,1.);
#765 = DIRECTION('',(0.,1.,0.));
#766 = ORIENTED_EDGE('',*,*,#745,.T.);
#767 = ORIENTED_EDGE('',*,*,#270,.F.);
#768 = PLANE('',#769);
#769 = AXIS2_PLACEMENT_3D('',#770,#771,#772);
#770 = CARTESIAN_POINT('',(-0.32,-0.32,-3.));
#771 = DIRECTION('',(1.,0.,0.));
#772 = DIRECTION('',(0.,0.,1.));
#773 = ADVANCED_FACE('',(#774),#799,.F.);
#774 = FACE_BOUND('',#775,.F.);
#775 = EDGE_LOOP('',(#776,#784,#792,#798));
#776 = ORIENTED_EDGE('',*,*,#777,.F.);
#777 = EDGE_CURVE('',#778,#295,#780,.T.);
#778 = VERTEX_POINT('',#779);
#779 = CARTESIAN_POINT('',(0.32,-2.86,-2.84));
#780 = LINE('',#781,#782);
#781 = CARTESIAN_POINT('',(0.32,-2.86,-3.));
#782 = VECTOR('',#783,1.);
#783 = DIRECTION('',(0.,0.,1.));
#784 = ORIENTED_EDGE('',*,*,#785,.F.);
#785 = EDGE_CURVE('',#786,#778,#788,.T.);
#786 = VERTEX_POINT('',#787);
#787 = CARTESIAN_POINT('',(-0.32,-2.86,-2.84));
#788 = LINE('',#789,#790);
#789 = CARTESIAN_POINT('',(-0.32,-2.86,-2.84));
#790 = VECTOR('',#791,1.);
#791 = DIRECTION('',(1.,0.,0.));
#792 = ORIENTED_EDGE('',*,*,#793,.T.);
#793 = EDGE_CURVE('',#786,#297,#794,.T.);
#794 = LINE('',#795,#796);
#795 = CARTESIAN_POINT('',(-0.32,-2.86,-3.));
#796 = VECTOR('',#797,1.);
#797 = DIRECTION('',(0.,0.,1.));
#798 = ORIENTED_EDGE('',*,*,#294,.F.);
#799 = PLANE('',#800);
#800 = AXIS2_PLACEMENT_3D('',#801,#802,#803);
#801 = CARTESIAN_POINT('',(-0.32,-2.86,-3.));
#802 = DIRECTION('',(0.,1.,0.));
#803 = DIRECTION('',(0.,-0.,1.));
#804 = ADVANCED_FACE('',(#805),#823,.T.);
#805 = FACE_BOUND('',#806,.T.);
#806 = EDGE_LOOP('',(#807,#808,#816,#822));
#807 = ORIENTED_EDGE('',*,*,#777,.F.);
#808 = ORIENTED_EDGE('',*,*,#809,.T.);
#809 = EDGE_CURVE('',#778,#810,#812,.T.);
#810 = VERTEX_POINT('',#811);
#811 = CARTESIAN_POINT('',(0.32,-2.22,-2.84));
#812 = LINE('',#813,#814);
#813 = CARTESIAN_POINT('',(0.32,-2.86,-2.84));
#814 = VECTOR('',#815,1.);
#815 = DIRECTION('',(0.,1.,0.));
#816 = ORIENTED_EDGE('',*,*,#817,.T.);
#817 = EDGE_CURVE('',#810,#313,#818,.T.);
#818 = LINE('',#819,#820);
#819 = CARTESIAN_POINT('',(0.32,-2.22,-3.));
#820 = VECTOR('',#821,1.);
#821 = DIRECTION('',(0.,0.,1.));
#822 = ORIENTED_EDGE('',*,*,#320,.F.);
#823 = PLANE('',#824);
#824 = AXIS2_PLACEMENT_3D('',#825,#826,#827);
#825 = CARTESIAN_POINT('',(0.32,-2.86,-3.));
#826 = DIRECTION('',(1.,0.,0.));
#827 = DIRECTION('',(0.,0.,1.));
#828 = ADVANCED_FACE('',(#829),#847,.T.);
#829 = FACE_BOUND('',#830,.T.);
#830 = EDGE_LOOP('',(#831,#832,#840,#846));
#831 = ORIENTED_EDGE('',*,*,#817,.F.);
#832 = ORIENTED_EDGE('',*,*,#833,.F.);
#833 = EDGE_CURVE('',#834,#810,#836,.T.);
#834 = VERTEX_POINT('',#835);
#835 = CARTESIAN_POINT('',(-0.32,-2.22,-2.84));
#836 = LINE('',#837,#838);
#837 = CARTESIAN_POINT('',(-0.32,-2.22,-2.84));
#838 = VECTOR('',#839,1.);
#839 = DIRECTION('',(1.,0.,0.));
#840 = ORIENTED_EDGE('',*,*,#841,.T.);
#841 = EDGE_CURVE('',#834,#305,#842,.T.);
#842 = LINE('',#843,#844);
#843 = CARTESIAN_POINT('',(-0.32,-2.22,-3.));
#844 = VECTOR('',#845,1.);
#845 = DIRECTION('',(0.,0.,1.));
#846 = ORIENTED_EDGE('',*,*,#312,.F.);
#847 = PLANE('',#848);
#848 = AXIS2_PLACEMENT_3D('',#849,#850,#851);
#849 = CARTESIAN_POINT('',(-0.32,-2.22,-3.));
#850 = DIRECTION('',(0.,1.,0.));
#851 = DIRECTION('',(0.,-0.,1.));
#852 = ADVANCED_FACE('',(#853),#864,.F.);
#853 = FACE_BOUND('',#854,.F.);
#854 = EDGE_LOOP('',(#855,#856,#862,#863));
#855 = ORIENTED_EDGE('',*,*,#793,.F.);
#856 = ORIENTED_EDGE('',*,*,#857,.T.);
#857 = EDGE_CURVE('',#786,#834,#858,.T.);
#858 = LINE('',#859,#860);
#859 = CARTESIAN_POINT('',(-0.32,-2.86,-2.84));
#860 = VECTOR('',#861,1.);
#861 = DIRECTION('',(0.,1.,0.));
#862 = ORIENTED_EDGE('',*,*,#841,.T.);
#863 = ORIENTED_EDGE('',*,*,#304,.F.);
#864 = PLANE('',#865);
#865 = AXIS2_PLACEMENT_3D('',#866,#867,#868);
#866 = CARTESIAN_POINT('',(-0.32,-2.86,-3.));
#867 = DIRECTION('',(1.,0.,0.));
#868 = DIRECTION('',(0.,0.,1.));
#869 = ADVANCED_FACE('',(#870),#895,.F.);
#870 = FACE_BOUND('',#871,.F.);
#871 = EDGE_LOOP('',(#872,#880,#881,#889));
#872 = ORIENTED_EDGE('',*,*,#873,.F.);
#873 = EDGE_CURVE('',#426,#874,#876,.T.);
#874 = VERTEX_POINT('',#875);
#875 = CARTESIAN_POINT('',(0.32,-0.32,8.38));
#876 = LINE('',#877,#878);
#877 = CARTESIAN_POINT('',(0.32,-0.32,-3.));
#878 = VECTOR('',#879,1.);
#879 = DIRECTION('',(0.,0.,1.));
#880 = ORIENTED_EDGE('',*,*,#425,.T.);
#881 = ORIENTED_EDGE('',*,*,#882,.T.);
#882 = EDGE_CURVE('',#428,#883,#885,.T.);
#883 = VERTEX_POINT('',#884);
#884 = CARTESIAN_POINT('',(-0.32,-0.32,8.38));
#885 = LINE('',#886,#887);
#886 = CARTESIAN_POINT('',(-0.32,-0.32,-3.));
#887 = VECTOR('',#888,1.);
#888 = DIRECTION('',(0.,0.,1.));
#889 = ORIENTED_EDGE('',*,*,#890,.T.);
#890 = EDGE_CURVE('',#883,#874,#891,.T.);
#891 = LINE('',#892,#893);
#892 = CARTESIAN_POINT('',(-0.32,-0.32,8.38));
#893 = VECTOR('',#894,1.);
#894 = DIRECTION('',(1.,0.,0.));
#895 = PLANE('',#896);
#896 = AXIS2_PLACEMENT_3D('',#897,#898,#899);
#897 = CARTESIAN_POINT('',(-0.32,-0.32,-3.));
#898 = DIRECTION('',(0.,1.,0.));
#899 = DIRECTION('',(0.,-0.,1.));
#900 = ADVANCED_FACE('',(#901),#919,.T.);
#901 = FACE_BOUND('',#902,.T.);
#902 = EDGE_LOOP('',(#903,#904,#905,#913));
#903 = ORIENTED_EDGE('',*,*,#873,.F.);
#904 = ORIENTED_EDGE('',*,*,#451,.T.);
#905 = ORIENTED_EDGE('',*,*,#906,.T.);
#906 = EDGE_CURVE('',#444,#907,#909,.T.);
#907 = VERTEX_POINT('',#908);
#908 = CARTESIAN_POINT('',(0.32,0.32,8.38));
#909 = LINE('',#910,#911);
#910 = CARTESIAN_POINT('',(0.32,0.32,-3.));
#911 = VECTOR('',#912,1.);
#912 = DIRECTION('',(0.,0.,1.));
#913 = ORIENTED_EDGE('',*,*,#914,.F.);
#914 = EDGE_CURVE('',#874,#907,#915,.T.);
#915 = LINE('',#916,#917);
#916 = CARTESIAN_POINT('',(0.32,-0.32,8.38));
#917 = VECTOR('',#918,1.);
#918 = DIRECTION('',(0.,1.,0.));
#919 = PLANE('',#920);
#920 = AXIS2_PLACEMENT_3D('',#921,#922,#923);
#921 = CARTESIAN_POINT('',(0.32,-0.32,-3.));
#922 = DIRECTION('',(1.,0.,0.));
#923 = DIRECTION('',(0.,0.,1.));
#924 = ADVANCED_FACE('',(#925),#943,.T.);
#925 = FACE_BOUND('',#926,.T.);
#926 = EDGE_LOOP('',(#927,#928,#929,#937));
#927 = ORIENTED_EDGE('',*,*,#906,.F.);
#928 = ORIENTED_EDGE('',*,*,#443,.T.);
#929 = ORIENTED_EDGE('',*,*,#930,.T.);
#930 = EDGE_CURVE('',#436,#931,#933,.T.);
#931 = VERTEX_POINT('',#932);
#932 = CARTESIAN_POINT('',(-0.32,0.32,8.38));
#933 = LINE('',#934,#935);
#934 = CARTESIAN_POINT('',(-0.32,0.32,-3.));
#935 = VECTOR('',#936,1.);
#936 = DIRECTION('',(0.,0.,1.));
#937 = ORIENTED_EDGE('',*,*,#938,.T.);
#938 = EDGE_CURVE('',#931,#907,#939,.T.);
#939 = LINE('',#940,#941);
#940 = CARTESIAN_POINT('',(-0.32,0.32,8.38));
#941 = VECTOR('',#942,1.);
#942 = DIRECTION('',(1.,0.,0.));
#943 = PLANE('',#944);
#944 = AXIS2_PLACEMENT_3D('',#945,#946,#947);
#945 = CARTESIAN_POINT('',(-0.32,0.32,-3.));
#946 = DIRECTION('',(0.,1.,0.));
#947 = DIRECTION('',(0.,-0.,1.));
#948 = ADVANCED_FACE('',(#949),#960,.F.);
#949 = FACE_BOUND('',#950,.F.);
#950 = EDGE_LOOP('',(#951,#952,#953,#954));
#951 = ORIENTED_EDGE('',*,*,#882,.F.);
#952 = ORIENTED_EDGE('',*,*,#435,.T.);
#953 = ORIENTED_EDGE('',*,*,#930,.T.);
#954 = ORIENTED_EDGE('',*,*,#955,.F.);
#955 = EDGE_CURVE('',#883,#931,#956,.T.);
#956 = LINE('',#957,#958);
#957 = CARTESIAN_POINT('',(-0.32,-0.32,8.38));
#958 = VECTOR('',#959,1.);
#959 = DIRECTION('',(0.,1.,0.));
#960 = PLANE('',#961);
#961 = AXIS2_PLACEMENT_3D('',#962,#963,#964);
#962 = CARTESIAN_POINT('',(-0.32,-0.32,-3.));
#963 = DIRECTION('',(1.,0.,0.));
#964 = DIRECTION('',(0.,0.,1.));
#965 = ADVANCED_FACE('',(#966),#991,.F.);
#966 = FACE_BOUND('',#967,.F.);
#967 = EDGE_LOOP('',(#968,#976,#977,#985));
#968 = ORIENTED_EDGE('',*,*,#969,.F.);
#969 = EDGE_CURVE('',#460,#970,#972,.T.);
#970 = VERTEX_POINT('',#971);
#971 = CARTESIAN_POINT('',(0.32,-2.86,8.38));
#972 = LINE('',#973,#974);
#973 = CARTESIAN_POINT('',(0.32,-2.86,-3.));
#974 = VECTOR('',#975,1.);
#975 = DIRECTION('',(0.,0.,1.));
#976 = ORIENTED_EDGE('',*,*,#459,.T.);
#977 = ORIENTED_EDGE('',*,*,#978,.T.);
#978 = EDGE_CURVE('',#462,#979,#981,.T.);
#979 = VERTEX_POINT('',#980);
#980 = CARTESIAN_POINT('',(-0.32,-2.86,8.38));
#981 = LINE('',#982,#983);
#982 = CARTESIAN_POINT('',(-0.32,-2.86,-3.));
#983 = VECTOR('',#984,1.);
#984 = DIRECTION('',(0.,0.,1.));
#985 = ORIENTED_EDGE('',*,*,#986,.T.);
#986 = EDGE_CURVE('',#979,#970,#987,.T.);
#987 = LINE('',#988,#989);
#988 = CARTESIAN_POINT('',(-0.32,-2.86,8.38));
#989 = VECTOR('',#990,1.);
#990 = DIRECTION('',(1.,0.,0.));
#991 = PLANE('',#992);
#992 = AXIS2_PLACEMENT_3D('',#993,#994,#995);
#993 = CARTESIAN_POINT('',(-0.32,-2.86,-3.));
#994 = DIRECTION('',(0.,1.,0.));
#995 = DIRECTION('',(0.,-0.,1.));
#996 = ADVANCED_FACE('',(#997),#1015,.T.);
#997 = FACE_BOUND('',#998,.T.);
#998 = EDGE_LOOP('',(#999,#1000,#1001,#1009));
#999 = ORIENTED_EDGE('',*,*,#969,.F.);
#1000 = ORIENTED_EDGE('',*,*,#485,.T.);
#1001 = ORIENTED_EDGE('',*,*,#1002,.T.);
#1002 = EDGE_CURVE('',#478,#1003,#1005,.T.);
#1003 = VERTEX_POINT('',#1004);
#1004 = CARTESIAN_POINT('',(0.32,-2.22,8.38));
#1005 = LINE('',#1006,#1007);
#1006 = CARTESIAN_POINT('',(0.32,-2.22,-3.));
#1007 = VECTOR('',#1008,1.);
#1008 = DIRECTION('',(0.,0.,1.));
#1009 = ORIENTED_EDGE('',*,*,#1010,.F.);
#1010 = EDGE_CURVE('',#970,#1003,#1011,.T.);
#1011 = LINE('',#1012,#1013);
#1012 = CARTESIAN_POINT('',(0.32,-2.86,8.38));
#1013 = VECTOR('',#1014,1.);
#1014 = DIRECTION('',(0.,1.,0.));
#1015 = PLANE('',#1016);
#1016 = AXIS2_PLACEMENT_3D('',#1017,#1018,#1019);
#1017 = CARTESIAN_POINT('',(0.32,-2.86,-3.));
#1018 = DIRECTION('',(1.,0.,0.));
#1019 = DIRECTION('',(0.,0.,1.));
#1020 = ADVANCED_FACE('',(#1021),#1039,.T.);
#1021 = FACE_BOUND('',#1022,.T.);
#1022 = EDGE_LOOP('',(#1023,#1024,#1025,#1033));
#1023 = ORIENTED_EDGE('',*,*,#1002,.F.);
#1024 = ORIENTED_EDGE('',*,*,#477,.T.);
#1025 = ORIENTED_EDGE('',*,*,#1026,.T.);
#1026 = EDGE_CURVE('',#470,#1027,#1029,.T.);
#1027 = VERTEX_POINT('',#1028);
#1028 = CARTESIAN_POINT('',(-0.32,-2.22,8.38));
#1029 = LINE('',#1030,#1031);
#1030 = CARTESIAN_POINT('',(-0.32,-2.22,-3.));
#1031 = VECTOR('',#1032,1.);
#1032 = DIRECTION('',(0.,0.,1.));
#1033 = ORIENTED_EDGE('',*,*,#1034,.T.);
#1034 = EDGE_CURVE('',#1027,#1003,#1035,.T.);
#1035 = LINE('',#1036,#1037);
#1036 = CARTESIAN_POINT('',(-0.32,-2.22,8.38));
#1037 = VECTOR('',#1038,1.);
#1038 = DIRECTION('',(1.,0.,0.));
#1039 = PLANE('',#1040);
#1040 = AXIS2_PLACEMENT_3D('',#1041,#1042,#1043);
#1041 = CARTESIAN_POINT('',(-0.32,-2.22,-3.));
#1042 = DIRECTION('',(0.,1.,0.));
#1043 = DIRECTION('',(0.,-0.,1.));
#1044 = ADVANCED_FACE('',(#1045),#1056,.F.);
#1045 = FACE_BOUND('',#1046,.F.);
#1046 = EDGE_LOOP('',(#1047,#1048,#1049,#1050));
#1047 = ORIENTED_EDGE('',*,*,#978,.F.);
#1048 = ORIENTED_EDGE('',*,*,#469,.T.);
#1049 = ORIENTED_EDGE('',*,*,#1026,.T.);
#1050 = ORIENTED_EDGE('',*,*,#1051,.F.);
#1051 = EDGE_CURVE('',#979,#1027,#1052,.T.);
#1052 = LINE('',#1053,#1054);
#1053 = CARTESIAN_POINT('',(-0.32,-2.86,8.38));
#1054 = VECTOR('',#1055,1.);
#1055 = DIRECTION('',(0.,1.,0.));
#1056 = PLANE('',#1057);
#1057 = AXIS2_PLACEMENT_3D('',#1058,#1059,#1060);
#1058 = CARTESIAN_POINT('',(-0.32,-2.86,-3.));
#1059 = DIRECTION('',(1.,0.,0.));
#1060 = DIRECTION('',(0.,0.,1.));
#1061 = ADVANCED_FACE('',(#1062),#1087,.T.);
#1062 = FACE_BOUND('',#1063,.F.);
#1063 = EDGE_LOOP('',(#1064,#1072,#1073,#1081));
#1064 = ORIENTED_EDGE('',*,*,#1065,.F.);
#1065 = EDGE_CURVE('',#690,#1066,#1068,.T.);
#1066 = VERTEX_POINT('',#1067);
#1067 = CARTESIAN_POINT('',(-0.16,-0.16,-3.));
#1068 = LINE('',#1069,#1070);
#1069 = CARTESIAN_POINT('',(-0.266666666667,-0.266666666667,
    -2.893333333333));
#1070 = VECTOR('',#1071,1.);
#1071 = DIRECTION('',(0.57735026919,0.57735026919,-0.57735026919));
#1072 = ORIENTED_EDGE('',*,*,#689,.T.);
#1073 = ORIENTED_EDGE('',*,*,#1074,.T.);
#1074 = EDGE_CURVE('',#682,#1075,#1077,.T.);
#1075 = VERTEX_POINT('',#1076);
#1076 = CARTESIAN_POINT('',(0.16,-0.16,-3.));
#1077 = LINE('',#1078,#1079);
#1078 = CARTESIAN_POINT('',(0.16,-0.16,-3.));
#1079 = VECTOR('',#1080,1.);
#1080 = DIRECTION('',(-0.57735026919,0.57735026919,-0.57735026919));
#1081 = ORIENTED_EDGE('',*,*,#1082,.F.);
#1082 = EDGE_CURVE('',#1066,#1075,#1083,.T.);
#1083 = LINE('',#1084,#1085);
#1084 = CARTESIAN_POINT('',(-0.32,-0.16,-3.));
#1085 = VECTOR('',#1086,1.);
#1086 = DIRECTION('',(1.,0.,0.));
#1087 = PLANE('',#1088);
#1088 = AXIS2_PLACEMENT_3D('',#1089,#1090,#1091);
#1089 = CARTESIAN_POINT('',(-0.32,-0.24,-2.92));
#1090 = DIRECTION('',(1.735167508357E-18,-0.707106781187,-0.707106781187
    ));
#1091 = DIRECTION('',(-1.,-1.226948711654E-18,-1.226948711654E-18));
#1092 = ADVANCED_FACE('',(#1093),#1111,.F.);
#1093 = FACE_BOUND('',#1094,.F.);
#1094 = EDGE_LOOP('',(#1095,#1096,#1097,#1105));
#1095 = ORIENTED_EDGE('',*,*,#1074,.F.);
#1096 = ORIENTED_EDGE('',*,*,#713,.T.);
#1097 = ORIENTED_EDGE('',*,*,#1098,.T.);
#1098 = EDGE_CURVE('',#714,#1099,#1101,.T.);
#1099 = VERTEX_POINT('',#1100);
#1100 = CARTESIAN_POINT('',(0.16,0.16,-3.));
#1101 = LINE('',#1102,#1103);
#1102 = CARTESIAN_POINT('',(5.333333333333E-02,5.333333333333E-02,
    -3.106666666667));
#1103 = VECTOR('',#1104,1.);
#1104 = DIRECTION('',(-0.57735026919,-0.57735026919,-0.57735026919));
#1105 = ORIENTED_EDGE('',*,*,#1106,.F.);
#1106 = EDGE_CURVE('',#1075,#1099,#1107,.T.);
#1107 = LINE('',#1108,#1109);
#1108 = CARTESIAN_POINT('',(0.16,-0.32,-3.));
#1109 = VECTOR('',#1110,1.);
#1110 = DIRECTION('',(0.,1.,0.));
#1111 = PLANE('',#1112);
#1112 = AXIS2_PLACEMENT_3D('',#1113,#1114,#1115);
#1113 = CARTESIAN_POINT('',(0.24,-0.32,-2.92));
#1114 = DIRECTION('',(-0.707106781187,1.735167508357E-18,0.707106781187)
  );
#1115 = DIRECTION('',(1.226948711654E-18,1.,-1.226948711654E-18));
#1116 = ADVANCED_FACE('',(#1117),#1135,.F.);
#1117 = FACE_BOUND('',#1118,.T.);
#1118 = EDGE_LOOP('',(#1119,#1127,#1128,#1129));
#1119 = ORIENTED_EDGE('',*,*,#1120,.F.);
#1120 = EDGE_CURVE('',#738,#1121,#1123,.T.);
#1121 = VERTEX_POINT('',#1122);
#1122 = CARTESIAN_POINT('',(-0.16,0.16,-3.));
#1123 = LINE('',#1124,#1125);
#1124 = CARTESIAN_POINT('',(-0.16,0.16,-3.));
#1125 = VECTOR('',#1126,1.);
#1126 = DIRECTION('',(0.57735026919,-0.57735026919,-0.57735026919));
#1127 = ORIENTED_EDGE('',*,*,#737,.T.);
#1128 = ORIENTED_EDGE('',*,*,#1098,.T.);
#1129 = ORIENTED_EDGE('',*,*,#1130,.F.);
#1130 = EDGE_CURVE('',#1121,#1099,#1131,.T.);
#1131 = LINE('',#1132,#1133);
#1132 = CARTESIAN_POINT('',(-0.32,0.16,-3.));
#1133 = VECTOR('',#1134,1.);
#1134 = DIRECTION('',(1.,0.,0.));
#1135 = PLANE('',#1136);
#1136 = AXIS2_PLACEMENT_3D('',#1137,#1138,#1139);
#1137 = CARTESIAN_POINT('',(-0.32,0.24,-2.92));
#1138 = DIRECTION('',(-1.735167508357E-18,-0.707106781187,0.707106781187
    ));
#1139 = DIRECTION('',(-1.,1.226948711654E-18,-1.226948711654E-18));
#1140 = ADVANCED_FACE('',(#1141),#1152,.T.);
#1141 = FACE_BOUND('',#1142,.T.);
#1142 = EDGE_LOOP('',(#1143,#1144,#1145,#1146));
#1143 = ORIENTED_EDGE('',*,*,#1065,.F.);
#1144 = ORIENTED_EDGE('',*,*,#761,.T.);
#1145 = ORIENTED_EDGE('',*,*,#1120,.T.);
#1146 = ORIENTED_EDGE('',*,*,#1147,.F.);
#1147 = EDGE_CURVE('',#1066,#1121,#1148,.T.);
#1148 = LINE('',#1149,#1150);
#1149 = CARTESIAN_POINT('',(-0.16,-0.32,-3.));
#1150 = VECTOR('',#1151,1.);
#1151 = DIRECTION('',(0.,1.,0.));
#1152 = PLANE('',#1153);
#1153 = AXIS2_PLACEMENT_3D('',#1154,#1155,#1156);
#1154 = CARTESIAN_POINT('',(-0.24,-0.32,-2.92));
#1155 = DIRECTION('',(-0.707106781187,-1.735167508357E-18,
    -0.707106781187));
#1156 = DIRECTION('',(-1.226948711654E-18,1.,-1.226948711654E-18));
#1157 = ADVANCED_FACE('',(#1158),#1183,.T.);
#1158 = FACE_BOUND('',#1159,.F.);
#1159 = EDGE_LOOP('',(#1160,#1168,#1169,#1177));
#1160 = ORIENTED_EDGE('',*,*,#1161,.F.);
#1161 = EDGE_CURVE('',#786,#1162,#1164,.T.);
#1162 = VERTEX_POINT('',#1163);
#1163 = CARTESIAN_POINT('',(-0.16,-2.7,-3.));
#1164 = LINE('',#1165,#1166);
#1165 = CARTESIAN_POINT('',(-0.266666666667,-2.806666666667,
    -2.893333333333));
#1166 = VECTOR('',#1167,1.);
#1167 = DIRECTION('',(0.57735026919,0.57735026919,-0.57735026919));
#1168 = ORIENTED_EDGE('',*,*,#785,.T.);
#1169 = ORIENTED_EDGE('',*,*,#1170,.T.);
#1170 = EDGE_CURVE('',#778,#1171,#1173,.T.);
#1171 = VERTEX_POINT('',#1172);
#1172 = CARTESIAN_POINT('',(0.16,-2.7,-3.));
#1173 = LINE('',#1174,#1175);
#1174 = CARTESIAN_POINT('',(0.16,-2.7,-3.));
#1175 = VECTOR('',#1176,1.);
#1176 = DIRECTION('',(-0.57735026919,0.57735026919,-0.57735026919));
#1177 = ORIENTED_EDGE('',*,*,#1178,.F.);
#1178 = EDGE_CURVE('',#1162,#1171,#1179,.T.);
#1179 = LINE('',#1180,#1181);
#1180 = CARTESIAN_POINT('',(-0.32,-2.7,-3.));
#1181 = VECTOR('',#1182,1.);
#1182 = DIRECTION('',(1.,0.,0.));
#1183 = PLANE('',#1184);
#1184 = AXIS2_PLACEMENT_3D('',#1185,#1186,#1187);
#1185 = CARTESIAN_POINT('',(-0.32,-2.78,-2.92));
#1186 = DIRECTION('',(1.735167508357E-18,-0.707106781187,-0.707106781187
    ));
#1187 = DIRECTION('',(-1.,-1.226948711654E-18,-1.226948711654E-18));
#1188 = ADVANCED_FACE('',(#1189),#1207,.F.);
#1189 = FACE_BOUND('',#1190,.F.);
#1190 = EDGE_LOOP('',(#1191,#1192,#1193,#1201));
#1191 = ORIENTED_EDGE('',*,*,#1170,.F.);
#1192 = ORIENTED_EDGE('',*,*,#809,.T.);
#1193 = ORIENTED_EDGE('',*,*,#1194,.T.);
#1194 = EDGE_CURVE('',#810,#1195,#1197,.T.);
#1195 = VERTEX_POINT('',#1196);
#1196 = CARTESIAN_POINT('',(0.16,-2.38,-3.));
#1197 = LINE('',#1198,#1199);
#1198 = CARTESIAN_POINT('',(5.333333333333E-02,-2.486666666667,
    -3.106666666667));
#1199 = VECTOR('',#1200,1.);
#1200 = DIRECTION('',(-0.57735026919,-0.57735026919,-0.57735026919));
#1201 = ORIENTED_EDGE('',*,*,#1202,.F.);
#1202 = EDGE_CURVE('',#1171,#1195,#1203,.T.);
#1203 = LINE('',#1204,#1205);
#1204 = CARTESIAN_POINT('',(0.16,-2.86,-3.));
#1205 = VECTOR('',#1206,1.);
#1206 = DIRECTION('',(0.,1.,0.));
#1207 = PLANE('',#1208);
#1208 = AXIS2_PLACEMENT_3D('',#1209,#1210,#1211);
#1209 = CARTESIAN_POINT('',(0.24,-2.86,-2.92));
#1210 = DIRECTION('',(-0.707106781187,1.735167508357E-18,0.707106781187)
  );
#1211 = DIRECTION('',(1.226948711654E-18,1.,-1.226948711654E-18));
#1212 = ADVANCED_FACE('',(#1213),#1231,.F.);
#1213 = FACE_BOUND('',#1214,.T.);
#1214 = EDGE_LOOP('',(#1215,#1223,#1224,#1225));
#1215 = ORIENTED_EDGE('',*,*,#1216,.F.);
#1216 = EDGE_CURVE('',#834,#1217,#1219,.T.);
#1217 = VERTEX_POINT('',#1218);
#1218 = CARTESIAN_POINT('',(-0.16,-2.38,-3.));
#1219 = LINE('',#1220,#1221);
#1220 = CARTESIAN_POINT('',(-0.16,-2.38,-3.));
#1221 = VECTOR('',#1222,1.);
#1222 = DIRECTION('',(0.57735026919,-0.57735026919,-0.57735026919));
#1223 = ORIENTED_EDGE('',*,*,#833,.T.);
#1224 = ORIENTED_EDGE('',*,*,#1194,.T.);
#1225 = ORIENTED_EDGE('',*,*,#1226,.F.);
#1226 = EDGE_CURVE('',#1217,#1195,#1227,.T.);
#1227 = LINE('',#1228,#1229);
#1228 = CARTESIAN_POINT('',(-0.32,-2.38,-3.));
#1229 = VECTOR('',#1230,1.);
#1230 = DIRECTION('',(1.,0.,0.));
#1231 = PLANE('',#1232);
#1232 = AXIS2_PLACEMENT_3D('',#1233,#1234,#1235);
#1233 = CARTESIAN_POINT('',(-0.32,-2.3,-2.92));
#1234 = DIRECTION('',(-1.735167508357E-18,-0.707106781187,0.707106781187
    ));
#1235 = DIRECTION('',(-1.,1.226948711654E-18,-1.226948711654E-18));
#1236 = ADVANCED_FACE('',(#1237),#1248,.T.);
#1237 = FACE_BOUND('',#1238,.T.);
#1238 = EDGE_LOOP('',(#1239,#1240,#1241,#1242));
#1239 = ORIENTED_EDGE('',*,*,#1161,.F.);
#1240 = ORIENTED_EDGE('',*,*,#857,.T.);
#1241 = ORIENTED_EDGE('',*,*,#1216,.T.);
#1242 = ORIENTED_EDGE('',*,*,#1243,.F.);
#1243 = EDGE_CURVE('',#1162,#1217,#1244,.T.);
#1244 = LINE('',#1245,#1246);
#1245 = CARTESIAN_POINT('',(-0.16,-2.86,-3.));
#1246 = VECTOR('',#1247,1.);
#1247 = DIRECTION('',(0.,1.,0.));
#1248 = PLANE('',#1249);
#1249 = AXIS2_PLACEMENT_3D('',#1250,#1251,#1252);
#1250 = CARTESIAN_POINT('',(-0.24,-2.86,-2.92));
#1251 = DIRECTION('',(-0.707106781187,-1.735167508357E-18,
    -0.707106781187));
#1252 = DIRECTION('',(-1.226948711654E-18,1.,-1.226948711654E-18));
#1253 = ADVANCED_FACE('',(#1254),#1279,.F.);
#1254 = FACE_BOUND('',#1255,.T.);
#1255 = EDGE_LOOP('',(#1256,#1264,#1265,#1273));
#1256 = ORIENTED_EDGE('',*,*,#1257,.F.);
#1257 = EDGE_CURVE('',#883,#1258,#1260,.T.);
#1258 = VERTEX_POINT('',#1259);
#1259 = CARTESIAN_POINT('',(-0.16,-0.16,8.54));
#1260 = LINE('',#1261,#1262);
#1261 = CARTESIAN_POINT('',(-0.266666666667,-0.266666666667,
    8.433333333333));
#1262 = VECTOR('',#1263,1.);
#1263 = DIRECTION('',(0.57735026919,0.57735026919,0.57735026919));
#1264 = ORIENTED_EDGE('',*,*,#890,.T.);
#1265 = ORIENTED_EDGE('',*,*,#1266,.T.);
#1266 = EDGE_CURVE('',#874,#1267,#1269,.T.);
#1267 = VERTEX_POINT('',#1268);
#1268 = CARTESIAN_POINT('',(0.16,-0.16,8.54));
#1269 = LINE('',#1270,#1271);
#1270 = CARTESIAN_POINT('',(0.16,-0.16,8.54));
#1271 = VECTOR('',#1272,1.);
#1272 = DIRECTION('',(-0.57735026919,0.57735026919,0.57735026919));
#1273 = ORIENTED_EDGE('',*,*,#1274,.F.);
#1274 = EDGE_CURVE('',#1258,#1267,#1275,.T.);
#1275 = LINE('',#1276,#1277);
#1276 = CARTESIAN_POINT('',(-0.32,-0.16,8.54));
#1277 = VECTOR('',#1278,1.);
#1278 = DIRECTION('',(1.,0.,0.));
#1279 = PLANE('',#1280);
#1280 = AXIS2_PLACEMENT_3D('',#1281,#1282,#1283);
#1281 = CARTESIAN_POINT('',(-0.32,-0.24,8.46));
#1282 = DIRECTION('',(-1.735167508357E-18,0.707106781187,-0.707106781187
    ));
#1283 = DIRECTION('',(-1.,-1.226948711654E-18,1.226948711654E-18));
#1284 = ADVANCED_FACE('',(#1285),#1303,.T.);
#1285 = FACE_BOUND('',#1286,.T.);
#1286 = EDGE_LOOP('',(#1287,#1288,#1289,#1297));
#1287 = ORIENTED_EDGE('',*,*,#1266,.F.);
#1288 = ORIENTED_EDGE('',*,*,#914,.T.);
#1289 = ORIENTED_EDGE('',*,*,#1290,.T.);
#1290 = EDGE_CURVE('',#907,#1291,#1293,.T.);
#1291 = VERTEX_POINT('',#1292);
#1292 = CARTESIAN_POINT('',(0.16,0.16,8.54));
#1293 = LINE('',#1294,#1295);
#1294 = CARTESIAN_POINT('',(5.333333333333E-02,5.333333333333E-02,
    8.646666666667));
#1295 = VECTOR('',#1296,1.);
#1296 = DIRECTION('',(-0.57735026919,-0.57735026919,0.57735026919));
#1297 = ORIENTED_EDGE('',*,*,#1298,.F.);
#1298 = EDGE_CURVE('',#1267,#1291,#1299,.T.);
#1299 = LINE('',#1300,#1301);
#1300 = CARTESIAN_POINT('',(0.16,-0.32,8.54));
#1301 = VECTOR('',#1302,1.);
#1302 = DIRECTION('',(0.,1.,0.));
#1303 = PLANE('',#1304);
#1304 = AXIS2_PLACEMENT_3D('',#1305,#1306,#1307);
#1305 = CARTESIAN_POINT('',(0.24,-0.32,8.46));
#1306 = DIRECTION('',(0.707106781187,-1.735167508357E-18,0.707106781187)
  );
#1307 = DIRECTION('',(1.226948711654E-18,1.,1.226948711654E-18));
#1308 = ADVANCED_FACE('',(#1309),#1327,.T.);
#1309 = FACE_BOUND('',#1310,.F.);
#1310 = EDGE_LOOP('',(#1311,#1319,#1320,#1321));
#1311 = ORIENTED_EDGE('',*,*,#1312,.F.);
#1312 = EDGE_CURVE('',#931,#1313,#1315,.T.);
#1313 = VERTEX_POINT('',#1314);
#1314 = CARTESIAN_POINT('',(-0.16,0.16,8.54));
#1315 = LINE('',#1316,#1317);
#1316 = CARTESIAN_POINT('',(-0.16,0.16,8.54));
#1317 = VECTOR('',#1318,1.);
#1318 = DIRECTION('',(0.57735026919,-0.57735026919,0.57735026919));
#1319 = ORIENTED_EDGE('',*,*,#938,.T.);
#1320 = ORIENTED_EDGE('',*,*,#1290,.T.);
#1321 = ORIENTED_EDGE('',*,*,#1322,.F.);
#1322 = EDGE_CURVE('',#1313,#1291,#1323,.T.);
#1323 = LINE('',#1324,#1325);
#1324 = CARTESIAN_POINT('',(-0.32,0.16,8.54));
#1325 = VECTOR('',#1326,1.);
#1326 = DIRECTION('',(1.,0.,0.));
#1327 = PLANE('',#1328);
#1328 = AXIS2_PLACEMENT_3D('',#1329,#1330,#1331);
#1329 = CARTESIAN_POINT('',(-0.32,0.24,8.46));
#1330 = DIRECTION('',(1.735167508357E-18,0.707106781187,0.707106781187)
  );
#1331 = DIRECTION('',(-1.,1.226948711654E-18,1.226948711654E-18));
#1332 = ADVANCED_FACE('',(#1333),#1344,.F.);
#1333 = FACE_BOUND('',#1334,.F.);
#1334 = EDGE_LOOP('',(#1335,#1336,#1337,#1338));
#1335 = ORIENTED_EDGE('',*,*,#1257,.F.);
#1336 = ORIENTED_EDGE('',*,*,#955,.T.);
#1337 = ORIENTED_EDGE('',*,*,#1312,.T.);
#1338 = ORIENTED_EDGE('',*,*,#1339,.F.);
#1339 = EDGE_CURVE('',#1258,#1313,#1340,.T.);
#1340 = LINE('',#1341,#1342);
#1341 = CARTESIAN_POINT('',(-0.16,-0.32,8.54));
#1342 = VECTOR('',#1343,1.);
#1343 = DIRECTION('',(0.,1.,0.));
#1344 = PLANE('',#1345);
#1345 = AXIS2_PLACEMENT_3D('',#1346,#1347,#1348);
#1346 = CARTESIAN_POINT('',(-0.24,-0.32,8.46));
#1347 = DIRECTION('',(0.707106781187,1.735167508357E-18,-0.707106781187)
  );
#1348 = DIRECTION('',(-1.226948711654E-18,1.,1.226948711654E-18));
#1349 = ADVANCED_FACE('',(#1350),#1375,.F.);
#1350 = FACE_BOUND('',#1351,.T.);
#1351 = EDGE_LOOP('',(#1352,#1360,#1361,#1369));
#1352 = ORIENTED_EDGE('',*,*,#1353,.F.);
#1353 = EDGE_CURVE('',#979,#1354,#1356,.T.);
#1354 = VERTEX_POINT('',#1355);
#1355 = CARTESIAN_POINT('',(-0.16,-2.7,8.54));
#1356 = LINE('',#1357,#1358);
#1357 = CARTESIAN_POINT('',(-0.266666666667,-2.806666666667,
    8.433333333333));
#1358 = VECTOR('',#1359,1.);
#1359 = DIRECTION('',(0.57735026919,0.57735026919,0.57735026919));
#1360 = ORIENTED_EDGE('',*,*,#986,.T.);
#1361 = ORIENTED_EDGE('',*,*,#1362,.T.);
#1362 = EDGE_CURVE('',#970,#1363,#1365,.T.);
#1363 = VERTEX_POINT('',#1364);
#1364 = CARTESIAN_POINT('',(0.16,-2.7,8.54));
#1365 = LINE('',#1366,#1367);
#1366 = CARTESIAN_POINT('',(0.16,-2.7,8.54));
#1367 = VECTOR('',#1368,1.);
#1368 = DIRECTION('',(-0.57735026919,0.57735026919,0.57735026919));
#1369 = ORIENTED_EDGE('',*,*,#1370,.F.);
#1370 = EDGE_CURVE('',#1354,#1363,#1371,.T.);
#1371 = LINE('',#1372,#1373);
#1372 = CARTESIAN_POINT('',(-0.32,-2.7,8.54));
#1373 = VECTOR('',#1374,1.);
#1374 = DIRECTION('',(1.,0.,0.));
#1375 = PLANE('',#1376);
#1376 = AXIS2_PLACEMENT_3D('',#1377,#1378,#1379);
#1377 = CARTESIAN_POINT('',(-0.32,-2.78,8.46));
#1378 = DIRECTION('',(-1.735167508357E-18,0.707106781187,-0.707106781187
    ));
#1379 = DIRECTION('',(-1.,-1.226948711654E-18,1.226948711654E-18));
#1380 = ADVANCED_FACE('',(#1381),#1399,.T.);
#1381 = FACE_BOUND('',#1382,.T.);
#1382 = EDGE_LOOP('',(#1383,#1384,#1385,#1393));
#1383 = ORIENTED_EDGE('',*,*,#1362,.F.);
#1384 = ORIENTED_EDGE('',*,*,#1010,.T.);
#1385 = ORIENTED_EDGE('',*,*,#1386,.T.);
#1386 = EDGE_CURVE('',#1003,#1387,#1389,.T.);
#1387 = VERTEX_POINT('',#1388);
#1388 = CARTESIAN_POINT('',(0.16,-2.38,8.54));
#1389 = LINE('',#1390,#1391);
#1390 = CARTESIAN_POINT('',(5.333333333333E-02,-2.486666666667,
    8.646666666667));
#1391 = VECTOR('',#1392,1.);
#1392 = DIRECTION('',(-0.57735026919,-0.57735026919,0.57735026919));
#1393 = ORIENTED_EDGE('',*,*,#1394,.F.);
#1394 = EDGE_CURVE('',#1363,#1387,#1395,.T.);
#1395 = LINE('',#1396,#1397);
#1396 = CARTESIAN_POINT('',(0.16,-2.86,8.54));
#1397 = VECTOR('',#1398,1.);
#1398 = DIRECTION('',(0.,1.,0.));
#1399 = PLANE('',#1400);
#1400 = AXIS2_PLACEMENT_3D('',#1401,#1402,#1403);
#1401 = CARTESIAN_POINT('',(0.24,-2.86,8.46));
#1402 = DIRECTION('',(0.707106781187,-1.735167508357E-18,0.707106781187)
  );
#1403 = DIRECTION('',(1.226948711654E-18,1.,1.226948711654E-18));
#1404 = ADVANCED_FACE('',(#1405),#1423,.T.);
#1405 = FACE_BOUND('',#1406,.F.);
#1406 = EDGE_LOOP('',(#1407,#1415,#1416,#1417));
#1407 = ORIENTED_EDGE('',*,*,#1408,.F.);
#1408 = EDGE_CURVE('',#1027,#1409,#1411,.T.);
#1409 = VERTEX_POINT('',#1410);
#1410 = CARTESIAN_POINT('',(-0.16,-2.38,8.54));
#1411 = LINE('',#1412,#1413);
#1412 = CARTESIAN_POINT('',(-0.16,-2.38,8.54));
#1413 = VECTOR('',#1414,1.);
#1414 = DIRECTION('',(0.57735026919,-0.57735026919,0.57735026919));
#1415 = ORIENTED_EDGE('',*,*,#1034,.T.);
#1416 = ORIENTED_EDGE('',*,*,#1386,.T.);
#1417 = ORIENTED_EDGE('',*,*,#1418,.F.);
#1418 = EDGE_CURVE('',#1409,#1387,#1419,.T.);
#1419 = LINE('',#1420,#1421);
#1420 = CARTESIAN_POINT('',(-0.32,-2.38,8.54));
#1421 = VECTOR('',#1422,1.);
#1422 = DIRECTION('',(1.,0.,0.));
#1423 = PLANE('',#1424);
#1424 = AXIS2_PLACEMENT_3D('',#1425,#1426,#1427);
#1425 = CARTESIAN_POINT('',(-0.32,-2.3,8.46));
#1426 = DIRECTION('',(1.735167508357E-18,0.707106781187,0.707106781187)
  );
#1427 = DIRECTION('',(-1.,1.226948711654E-18,1.226948711654E-18));
#1428 = ADVANCED_FACE('',(#1429),#1440,.F.);
#1429 = FACE_BOUND('',#1430,.F.);
#1430 = EDGE_LOOP('',(#1431,#1432,#1433,#1434));
#1431 = ORIENTED_EDGE('',*,*,#1353,.F.);
#1432 = ORIENTED_EDGE('',*,*,#1051,.T.);
#1433 = ORIENTED_EDGE('',*,*,#1408,.T.);
#1434 = ORIENTED_EDGE('',*,*,#1435,.F.);
#1435 = EDGE_CURVE('',#1354,#1409,#1436,.T.);
#1436 = LINE('',#1437,#1438);
#1437 = CARTESIAN_POINT('',(-0.16,-2.86,8.54));
#1438 = VECTOR('',#1439,1.);
#1439 = DIRECTION('',(0.,1.,0.));
#1440 = PLANE('',#1441);
#1441 = AXIS2_PLACEMENT_3D('',#1442,#1443,#1444);
#1442 = CARTESIAN_POINT('',(-0.24,-2.86,8.46));
#1443 = DIRECTION('',(0.707106781187,1.735167508357E-18,-0.707106781187)
  );
#1444 = DIRECTION('',(-1.226948711654E-18,1.,1.226948711654E-18));
#1445 = ADVANCED_FACE('',(#1446),#1452,.F.);
#1446 = FACE_BOUND('',#1447,.F.);
#1447 = EDGE_LOOP('',(#1448,#1449,#1450,#1451));
#1448 = ORIENTED_EDGE('',*,*,#1147,.F.);
#1449 = ORIENTED_EDGE('',*,*,#1082,.T.);
#1450 = ORIENTED_EDGE('',*,*,#1106,.T.);
#1451 = ORIENTED_EDGE('',*,*,#1130,.F.);
#1452 = PLANE('',#1453);
#1453 = AXIS2_PLACEMENT_3D('',#1454,#1455,#1456);
#1454 = CARTESIAN_POINT('',(-0.32,-0.32,-3.));
#1455 = DIRECTION('',(0.,0.,1.));
#1456 = DIRECTION('',(1.,0.,-0.));
#1457 = ADVANCED_FACE('',(#1458),#1464,.F.);
#1458 = FACE_BOUND('',#1459,.F.);
#1459 = EDGE_LOOP('',(#1460,#1461,#1462,#1463));
#1460 = ORIENTED_EDGE('',*,*,#1243,.F.);
#1461 = ORIENTED_EDGE('',*,*,#1178,.T.);
#1462 = ORIENTED_EDGE('',*,*,#1202,.T.);
#1463 = ORIENTED_EDGE('',*,*,#1226,.F.);
#1464 = PLANE('',#1465);
#1465 = AXIS2_PLACEMENT_3D('',#1466,#1467,#1468);
#1466 = CARTESIAN_POINT('',(-0.32,-2.86,-3.));
#1467 = DIRECTION('',(0.,0.,1.));
#1468 = DIRECTION('',(1.,0.,-0.));
#1469 = ADVANCED_FACE('',(#1470),#1476,.T.);
#1470 = FACE_BOUND('',#1471,.T.);
#1471 = EDGE_LOOP('',(#1472,#1473,#1474,#1475));
#1472 = ORIENTED_EDGE('',*,*,#1322,.F.);
#1473 = ORIENTED_EDGE('',*,*,#1339,.F.);
#1474 = ORIENTED_EDGE('',*,*,#1274,.T.);
#1475 = ORIENTED_EDGE('',*,*,#1298,.T.);
#1476 = PLANE('',#1477);
#1477 = AXIS2_PLACEMENT_3D('',#1478,#1479,#1480);
#1478 = CARTESIAN_POINT('',(-0.32,-0.32,8.54));
#1479 = DIRECTION('',(0.,0.,1.));
#1480 = DIRECTION('',(1.,0.,-0.));
#1481 = ADVANCED_FACE('',(#1482),#1488,.T.);
#1482 = FACE_BOUND('',#1483,.T.);
#1483 = EDGE_LOOP('',(#1484,#1485,#1486,#1487));
#1484 = ORIENTED_EDGE('',*,*,#1418,.F.);
#1485 = ORIENTED_EDGE('',*,*,#1435,.F.);
#1486 = ORIENTED_EDGE('',*,*,#1370,.T.);
#1487 = ORIENTED_EDGE('',*,*,#1394,.T.);
#1488 = PLANE('',#1489);
#1489 = AXIS2_PLACEMENT_3D('',#1490,#1491,#1492);
#1490 = CARTESIAN_POINT('',(-0.32,-2.86,8.54));
#1491 = DIRECTION('',(0.,0.,1.));
#1492 = DIRECTION('',(1.,0.,-0.));
#1493 = ( GEOMETRIC_REPRESENTATION_CONTEXT(3) 
GLOBAL_UNCERTAINTY_ASSIGNED_CONTEXT((#1497)) 
GLOBAL_UNIT_ASSIGNED_CONTEXT((#1494,#1495,#1496)) REPRESENTATION_CONTEXT
('Context #1','3D Context with UNIT and UNCERTAINTY') );
#1494 = ( LENGTH_UNIT() NAMED_UNIT(*) SI_UNIT(.MILLI.,.METRE.) );
#1495 = ( NAMED_UNIT(*) PLANE_ANGLE_UNIT() SI_UNIT($,.RADIAN.) );
#1496 = ( NAMED_UNIT(*) SI_UNIT($,.STERADIAN.) SOLID_ANGLE_UNIT() );
#1497 = UNCERTAINTY_MEASURE_WITH_UNIT(LENGTH_MEASURE(1.E-07),#1494,
  'distance_accuracy_value','confusion accuracy');
#1498 = CONTEXT_DEPENDENT_SHAPE_REPRESENTATION(#1499,#1501);
#1499 = ( REPRESENTATION_RELATIONSHIP('','',#60,#10) 
REPRESENTATION_RELATIONSHIP_WITH_TRANSFORMATION(#1500) 
SHAPE_REPRESENTATION_RELATIONSHIP() );
#1500 = ITEM_DEFINED_TRANSFORMATION('','',#11,#15);
#1501 = PRODUCT_DEFINITION_SHAPE('Placement','Placement of an item',
  #1502);
#1502 = NEXT_ASSEMBLY_USAGE_OCCURRENCE('1','BT1','',#5,#55,$);
#1503 = PRODUCT_RELATED_PRODUCT_CATEGORY('part',$,(#57));
#1504 = SHAPE_DEFINITION_REPRESENTATION(#1505,#1511);
#1505 = PRODUCT_DEFINITION_SHAPE('','',#1506);
#1506 = PRODUCT_DEFINITION('design','',#1507,#1510);
#1507 = PRODUCT_DEFINITION_FORMATION('','',#1508);
#1508 = PRODUCT('LED_0805_2012Metric','LED_0805_2012Metric','',(#1509));
#1509 = PRODUCT_CONTEXT('',#2,'mechanical');
#1510 = PRODUCT_DEFINITION_CONTEXT('part definition',#2,'design');
#1511 = ADVANCED_BREP_SHAPE_REPRESENTATION('',(#11,#1512),#3035);
#1512 = MANIFOLD_SOLID_BREP('',#1513);
#1513 = CLOSED_SHELL('',(#1514,#1554,#1601,#1680,#1704,#1744,#1775,#1792
    ,#1825,#1849,#1916,#2037,#2104,#2128,#2159,#2192,#2248,#2272,#2296,
    #2320,#2353,#2365,#2428,#2453,#2470,#2494,#2512,#2530,#2548,#2565,
    #2582,#2613,#2638,#2663,#2687,#2704,#2735,#2759,#2776,#2804,#2829,
    #2853,#2878,#2925,#2942,#2954,#2976,#2988,#3006,#3024));
#1514 = ADVANCED_FACE('',(#1515),#1549,.F.);
#1515 = FACE_BOUND('',#1516,.F.);
#1516 = EDGE_LOOP('',(#1517,#1527,#1535,#1543));
#1517 = ORIENTED_EDGE('',*,*,#1518,.T.);
#1518 = EDGE_CURVE('',#1519,#1521,#1523,.T.);
#1519 = VERTEX_POINT('',#1520);
#1520 = CARTESIAN_POINT('',(-0.65,-0.625,0.465));
#1521 = VERTEX_POINT('',#1522);
#1522 = CARTESIAN_POINT('',(-0.585,-0.625,1.1));
#1523 = LINE('',#1524,#1525);
#1524 = CARTESIAN_POINT('',(-0.65,-0.625,0.465));
#1525 = VECTOR('',#1526,1.);
#1526 = DIRECTION('',(0.101830105936,0.,0.994801804142));
#1527 = ORIENTED_EDGE('',*,*,#1528,.T.);
#1528 = EDGE_CURVE('',#1521,#1529,#1531,.T.);
#1529 = VERTEX_POINT('',#1530);
#1530 = CARTESIAN_POINT('',(0.585,-0.625,1.1));
#1531 = LINE('',#1532,#1533);
#1532 = CARTESIAN_POINT('',(-0.585,-0.625,1.1));
#1533 = VECTOR('',#1534,1.);
#1534 = DIRECTION('',(1.,0.,0.));
#1535 = ORIENTED_EDGE('',*,*,#1536,.T.);
#1536 = EDGE_CURVE('',#1529,#1537,#1539,.T.);
#1537 = VERTEX_POINT('',#1538);
#1538 = CARTESIAN_POINT('',(0.65,-0.625,0.465));
#1539 = LINE('',#1540,#1541);
#1540 = CARTESIAN_POINT('',(0.585,-0.625,1.1));
#1541 = VECTOR('',#1542,1.);
#1542 = DIRECTION('',(0.101830105936,0.,-0.994801804142));
#1543 = ORIENTED_EDGE('',*,*,#1544,.T.);
#1544 = EDGE_CURVE('',#1537,#1519,#1545,.T.);
#1545 = LINE('',#1546,#1547);
#1546 = CARTESIAN_POINT('',(0.65,-0.625,0.465));
#1547 = VECTOR('',#1548,1.);
#1548 = DIRECTION('',(-1.,0.,-4.270088556251E-17));
#1549 = PLANE('',#1550);
#1550 = AXIS2_PLACEMENT_3D('',#1551,#1552,#1553);
#1551 = CARTESIAN_POINT('',(1.481626402817E-17,-0.625,0.771483451357));
#1552 = DIRECTION('',(-5.57234551408E-33,1.,3.18580557984E-32));
#1553 = DIRECTION('',(0.,-3.18580557984E-32,1.));
#1554 = ADVANCED_FACE('',(#1555),#1596,.T.);
#1555 = FACE_BOUND('',#1556,.T.);
#1556 = EDGE_LOOP('',(#1557,#1567,#1575,#1581,#1582,#1590));
#1557 = ORIENTED_EDGE('',*,*,#1558,.T.);
#1558 = EDGE_CURVE('',#1559,#1561,#1563,.T.);
#1559 = VERTEX_POINT('',#1560);
#1560 = CARTESIAN_POINT('',(-0.65,0.625,0.465));
#1561 = VERTEX_POINT('',#1562);
#1562 = CARTESIAN_POINT('',(-0.65,0.46875,0.465));
#1563 = LINE('',#1564,#1565);
#1564 = CARTESIAN_POINT('',(-0.65,0.625,0.465));
#1565 = VECTOR('',#1566,1.);
#1566 = DIRECTION('',(0.,-1.,0.));
#1567 = ORIENTED_EDGE('',*,*,#1568,.F.);
#1568 = EDGE_CURVE('',#1569,#1561,#1571,.T.);
#1569 = VERTEX_POINT('',#1570);
#1570 = CARTESIAN_POINT('',(-0.65,-0.46875,0.465));
#1571 = LINE('',#1572,#1573);
#1572 = CARTESIAN_POINT('',(-0.65,-0.625,0.465));
#1573 = VECTOR('',#1574,1.);
#1574 = DIRECTION('',(0.,1.,0.));
#1575 = ORIENTED_EDGE('',*,*,#1576,.T.);
#1576 = EDGE_CURVE('',#1569,#1519,#1577,.T.);
#1577 = LINE('',#1578,#1579);
#1578 = CARTESIAN_POINT('',(-0.65,0.625,0.465));
#1579 = VECTOR('',#1580,1.);
#1580 = DIRECTION('',(0.,-1.,0.));
#1581 = ORIENTED_EDGE('',*,*,#1518,.T.);
#1582 = ORIENTED_EDGE('',*,*,#1583,.F.);
#1583 = EDGE_CURVE('',#1584,#1521,#1586,.T.);
#1584 = VERTEX_POINT('',#1585);
#1585 = CARTESIAN_POINT('',(-0.585,0.625,1.1));
#1586 = LINE('',#1587,#1588);
#1587 = CARTESIAN_POINT('',(-0.585,0.625,1.1));
#1588 = VECTOR('',#1589,1.);
#1589 = DIRECTION('',(0.,-1.,0.));
#1590 = ORIENTED_EDGE('',*,*,#1591,.F.);
#1591 = EDGE_CURVE('',#1559,#1584,#1592,.T.);
#1592 = LINE('',#1593,#1594);
#1593 = CARTESIAN_POINT('',(-0.65,0.625,0.465));
#1594 = VECTOR('',#1595,1.);
#1595 = DIRECTION('',(0.101830105936,0.,0.994801804142));
#1596 = PLANE('',#1597);
#1597 = AXIS2_PLACEMENT_3D('',#1598,#1599,#1600);
#1598 = CARTESIAN_POINT('',(-0.65,0.625,0.465));
#1599 = DIRECTION('',(-0.994801804142,0.,0.101830105936));
#1600 = DIRECTION('',(0.101830105936,0.,0.994801804142));
#1601 = ADVANCED_FACE('',(#1602),#1675,.F.);
#1602 = FACE_BOUND('',#1603,.F.);
#1603 = EDGE_LOOP('',(#1604,#1614,#1622,#1630,#1636,#1637,#1645,#1653,
    #1661,#1669));
#1604 = ORIENTED_EDGE('',*,*,#1605,.F.);
#1605 = EDGE_CURVE('',#1606,#1608,#1610,.T.);
#1606 = VERTEX_POINT('',#1607);
#1607 = CARTESIAN_POINT('',(-0.965,-0.625,3.5E-02));
#1608 = VERTEX_POINT('',#1609);
#1609 = CARTESIAN_POINT('',(-0.9125,-0.625,3.5E-02));
#1610 = LINE('',#1611,#1612);
#1611 = CARTESIAN_POINT('',(-0.965,-0.625,3.5E-02));
#1612 = VECTOR('',#1613,1.);
#1613 = DIRECTION('',(1.,0.,0.));
#1614 = ORIENTED_EDGE('',*,*,#1615,.T.);
#1615 = EDGE_CURVE('',#1606,#1616,#1618,.T.);
#1616 = VERTEX_POINT('',#1617);
#1617 = CARTESIAN_POINT('',(-0.965,-0.625,0.465));
#1618 = LINE('',#1619,#1620);
#1619 = CARTESIAN_POINT('',(-0.965,-0.625,3.5E-02));
#1620 = VECTOR('',#1621,1.);
#1621 = DIRECTION('',(0.,0.,1.));
#1622 = ORIENTED_EDGE('',*,*,#1623,.T.);
#1623 = EDGE_CURVE('',#1616,#1624,#1626,.T.);
#1624 = VERTEX_POINT('',#1625);
#1625 = CARTESIAN_POINT('',(-0.9125,-0.625,0.465));
#1626 = LINE('',#1627,#1628);
#1627 = CARTESIAN_POINT('',(-0.965,-0.625,0.465));
#1628 = VECTOR('',#1629,1.);
#1629 = DIRECTION('',(1.,0.,0.));
#1630 = ORIENTED_EDGE('',*,*,#1631,.T.);
#1631 = EDGE_CURVE('',#1624,#1519,#1632,.T.);
#1632 = LINE('',#1633,#1634);
#1633 = CARTESIAN_POINT('',(-0.965,-0.625,0.465));
#1634 = VECTOR('',#1635,1.);
#1635 = DIRECTION('',(1.,0.,0.));
#1636 = ORIENTED_EDGE('',*,*,#1544,.F.);
#1637 = ORIENTED_EDGE('',*,*,#1638,.T.);
#1638 = EDGE_CURVE('',#1537,#1639,#1641,.T.);
#1639 = VERTEX_POINT('',#1640);
#1640 = CARTESIAN_POINT('',(0.9125,-0.625,0.465));
#1641 = LINE('',#1642,#1643);
#1642 = CARTESIAN_POINT('',(-0.965,-0.625,0.465));
#1643 = VECTOR('',#1644,1.);
#1644 = DIRECTION('',(1.,0.,0.));
#1645 = ORIENTED_EDGE('',*,*,#1646,.T.);
#1646 = EDGE_CURVE('',#1639,#1647,#1649,.T.);
#1647 = VERTEX_POINT('',#1648);
#1648 = CARTESIAN_POINT('',(0.965,-0.625,0.465));
#1649 = LINE('',#1650,#1651);
#1650 = CARTESIAN_POINT('',(-0.965,-0.625,0.465));
#1651 = VECTOR('',#1652,1.);
#1652 = DIRECTION('',(1.,0.,0.));
#1653 = ORIENTED_EDGE('',*,*,#1654,.F.);
#1654 = EDGE_CURVE('',#1655,#1647,#1657,.T.);
#1655 = VERTEX_POINT('',#1656);
#1656 = CARTESIAN_POINT('',(0.965,-0.625,3.5E-02));
#1657 = LINE('',#1658,#1659);
#1658 = CARTESIAN_POINT('',(0.965,-0.625,3.5E-02));
#1659 = VECTOR('',#1660,1.);
#1660 = DIRECTION('',(0.,0.,1.));
#1661 = ORIENTED_EDGE('',*,*,#1662,.F.);
#1662 = EDGE_CURVE('',#1663,#1655,#1665,.T.);
#1663 = VERTEX_POINT('',#1664);
#1664 = CARTESIAN_POINT('',(0.9125,-0.625,3.5E-02));
#1665 = LINE('',#1666,#1667);
#1666 = CARTESIAN_POINT('',(-0.965,-0.625,3.5E-02));
#1667 = VECTOR('',#1668,1.);
#1668 = DIRECTION('',(1.,0.,0.));
#1669 = ORIENTED_EDGE('',*,*,#1670,.F.);
#1670 = EDGE_CURVE('',#1608,#1663,#1671,.T.);
#1671 = LINE('',#1672,#1673);
#1672 = CARTESIAN_POINT('',(-0.965,-0.625,3.5E-02));
#1673 = VECTOR('',#1674,1.);
#1674 = DIRECTION('',(1.,0.,0.));
#1675 = PLANE('',#1676);
#1676 = AXIS2_PLACEMENT_3D('',#1677,#1678,#1679);
#1677 = CARTESIAN_POINT('',(-0.965,-0.625,3.5E-02));
#1678 = DIRECTION('',(0.,1.,0.));
#1679 = DIRECTION('',(0.,-0.,1.));
#1680 = ADVANCED_FACE('',(#1681),#1699,.T.);
#1681 = FACE_BOUND('',#1682,.T.);
#1682 = EDGE_LOOP('',(#1683,#1684,#1685,#1693));
#1683 = ORIENTED_EDGE('',*,*,#1583,.T.);
#1684 = ORIENTED_EDGE('',*,*,#1528,.T.);
#1685 = ORIENTED_EDGE('',*,*,#1686,.F.);
#1686 = EDGE_CURVE('',#1687,#1529,#1689,.T.);
#1687 = VERTEX_POINT('',#1688);
#1688 = CARTESIAN_POINT('',(0.585,0.625,1.1));
#1689 = LINE('',#1690,#1691);
#1690 = CARTESIAN_POINT('',(0.585,0.625,1.1));
#1691 = VECTOR('',#1692,1.);
#1692 = DIRECTION('',(0.,-1.,0.));
#1693 = ORIENTED_EDGE('',*,*,#1694,.F.);
#1694 = EDGE_CURVE('',#1584,#1687,#1695,.T.);
#1695 = LINE('',#1696,#1697);
#1696 = CARTESIAN_POINT('',(-0.585,0.625,1.1));
#1697 = VECTOR('',#1698,1.);
#1698 = DIRECTION('',(1.,0.,0.));
#1699 = PLANE('',#1700);
#1700 = AXIS2_PLACEMENT_3D('',#1701,#1702,#1703);
#1701 = CARTESIAN_POINT('',(-0.585,0.625,1.1));
#1702 = DIRECTION('',(0.,0.,1.));
#1703 = DIRECTION('',(1.,0.,-0.));
#1704 = ADVANCED_FACE('',(#1705),#1739,.T.);
#1705 = FACE_BOUND('',#1706,.T.);
#1706 = EDGE_LOOP('',(#1707,#1708,#1709,#1717,#1725,#1733));
#1707 = ORIENTED_EDGE('',*,*,#1686,.T.);
#1708 = ORIENTED_EDGE('',*,*,#1536,.T.);
#1709 = ORIENTED_EDGE('',*,*,#1710,.F.);
#1710 = EDGE_CURVE('',#1711,#1537,#1713,.T.);
#1711 = VERTEX_POINT('',#1712);
#1712 = CARTESIAN_POINT('',(0.65,-0.46875,0.465));
#1713 = LINE('',#1714,#1715);
#1714 = CARTESIAN_POINT('',(0.65,0.625,0.465));
#1715 = VECTOR('',#1716,1.);
#1716 = DIRECTION('',(0.,-1.,0.));
#1717 = ORIENTED_EDGE('',*,*,#1718,.F.);
#1718 = EDGE_CURVE('',#1719,#1711,#1721,.T.);
#1719 = VERTEX_POINT('',#1720);
#1720 = CARTESIAN_POINT('',(0.65,0.46875,0.465));
#1721 = LINE('',#1722,#1723);
#1722 = CARTESIAN_POINT('',(0.65,0.625,0.465));
#1723 = VECTOR('',#1724,1.);
#1724 = DIRECTION('',(0.,-1.,0.));
#1725 = ORIENTED_EDGE('',*,*,#1726,.F.);
#1726 = EDGE_CURVE('',#1727,#1719,#1729,.T.);
#1727 = VERTEX_POINT('',#1728);
#1728 = CARTESIAN_POINT('',(0.65,0.625,0.465));
#1729 = LINE('',#1730,#1731);
#1730 = CARTESIAN_POINT('',(0.65,0.625,0.465));
#1731 = VECTOR('',#1732,1.);
#1732 = DIRECTION('',(0.,-1.,0.));
#1733 = ORIENTED_EDGE('',*,*,#1734,.F.);
#1734 = EDGE_CURVE('',#1687,#1727,#1735,.T.);
#1735 = LINE('',#1736,#1737);
#1736 = CARTESIAN_POINT('',(0.585,0.625,1.1));
#1737 = VECTOR('',#1738,1.);
#1738 = DIRECTION('',(0.101830105936,0.,-0.994801804142));
#1739 = PLANE('',#1740);
#1740 = AXIS2_PLACEMENT_3D('',#1741,#1742,#1743);
#1741 = CARTESIAN_POINT('',(0.585,0.625,1.1));
#1742 = DIRECTION('',(0.994801804142,0.,0.101830105936));
#1743 = DIRECTION('',(0.101830105936,0.,-0.994801804142));
#1744 = ADVANCED_FACE('',(#1745),#1770,.T.);
#1745 = FACE_BOUND('',#1746,.T.);
#1746 = EDGE_LOOP('',(#1747,#1755,#1763,#1769));
#1747 = ORIENTED_EDGE('',*,*,#1748,.F.);
#1748 = EDGE_CURVE('',#1749,#1559,#1751,.T.);
#1749 = VERTEX_POINT('',#1750);
#1750 = CARTESIAN_POINT('',(-0.9125,0.625,0.465));
#1751 = LINE('',#1752,#1753);
#1752 = CARTESIAN_POINT('',(-0.965,0.625,0.465));
#1753 = VECTOR('',#1754,1.);
#1754 = DIRECTION('',(1.,0.,0.));
#1755 = ORIENTED_EDGE('',*,*,#1756,.F.);
#1756 = EDGE_CURVE('',#1757,#1749,#1759,.T.);
#1757 = VERTEX_POINT('',#1758);
#1758 = CARTESIAN_POINT('',(-0.9125,0.46875,0.465));
#1759 = LINE('',#1760,#1761);
#1760 = CARTESIAN_POINT('',(-0.9125,7.8125E-02,0.465));
#1761 = VECTOR('',#1762,1.);
#1762 = DIRECTION('',(0.,1.,0.));
#1763 = ORIENTED_EDGE('',*,*,#1764,.F.);
#1764 = EDGE_CURVE('',#1561,#1757,#1765,.T.);
#1765 = LINE('',#1766,#1767);
#1766 = CARTESIAN_POINT('',(-0.93875,0.46875,0.465));
#1767 = VECTOR('',#1768,1.);
#1768 = DIRECTION('',(-1.,0.,0.));
#1769 = ORIENTED_EDGE('',*,*,#1558,.F.);
#1770 = PLANE('',#1771);
#1771 = AXIS2_PLACEMENT_3D('',#1772,#1773,#1774);
#1772 = CARTESIAN_POINT('',(-0.965,-0.625,0.465));
#1773 = DIRECTION('',(0.,0.,1.));
#1774 = DIRECTION('',(1.,0.,-0.));
#1775 = ADVANCED_FACE('',(#1776),#1787,.T.);
#1776 = FACE_BOUND('',#1777,.T.);
#1777 = EDGE_LOOP('',(#1778,#1779,#1780,#1781));
#1778 = ORIENTED_EDGE('',*,*,#1591,.T.);
#1779 = ORIENTED_EDGE('',*,*,#1694,.T.);
#1780 = ORIENTED_EDGE('',*,*,#1734,.T.);
#1781 = ORIENTED_EDGE('',*,*,#1782,.T.);
#1782 = EDGE_CURVE('',#1727,#1559,#1783,.T.);
#1783 = LINE('',#1784,#1785);
#1784 = CARTESIAN_POINT('',(0.65,0.625,0.465));
#1785 = VECTOR('',#1786,1.);
#1786 = DIRECTION('',(-1.,0.,-4.270088556251E-17));
#1787 = PLANE('',#1788);
#1788 = AXIS2_PLACEMENT_3D('',#1789,#1790,#1791);
#1789 = CARTESIAN_POINT('',(1.481626402817E-17,0.625,0.771483451357));
#1790 = DIRECTION('',(-5.57234551408E-33,1.,3.18580557984E-32));
#1791 = DIRECTION('',(0.,-3.18580557984E-32,1.));
#1792 = ADVANCED_FACE('',(#1793),#1820,.T.);
#1793 = FACE_BOUND('',#1794,.T.);
#1794 = EDGE_LOOP('',(#1795,#1804,#1812,#1819));
#1795 = ORIENTED_EDGE('',*,*,#1796,.F.);
#1796 = EDGE_CURVE('',#1797,#1561,#1799,.T.);
#1797 = VERTEX_POINT('',#1798);
#1798 = CARTESIAN_POINT('',(-0.685,0.46875,0.5));
#1799 = CIRCLE('',#1800,3.5E-02);
#1800 = AXIS2_PLACEMENT_3D('',#1801,#1802,#1803);
#1801 = CARTESIAN_POINT('',(-0.685,0.46875,0.465));
#1802 = DIRECTION('',(-0.,1.,0.));
#1803 = DIRECTION('',(1.,0.,0.));
#1804 = ORIENTED_EDGE('',*,*,#1805,.F.);
#1805 = EDGE_CURVE('',#1806,#1797,#1808,.T.);
#1806 = VERTEX_POINT('',#1807);
#1807 = CARTESIAN_POINT('',(-0.685,-0.46875,0.5));
#1808 = LINE('',#1809,#1810);
#1809 = CARTESIAN_POINT('',(-0.685,-0.625,0.5));
#1810 = VECTOR('',#1811,1.);
#1811 = DIRECTION('',(0.,1.,0.));
#1812 = ORIENTED_EDGE('',*,*,#1813,.T.);
#1813 = EDGE_CURVE('',#1806,#1569,#1814,.T.);
#1814 = CIRCLE('',#1815,3.5E-02);
#1815 = AXIS2_PLACEMENT_3D('',#1816,#1817,#1818);
#1816 = CARTESIAN_POINT('',(-0.685,-0.46875,0.465));
#1817 = DIRECTION('',(-0.,1.,0.));
#1818 = DIRECTION('',(1.,0.,0.));
#1819 = ORIENTED_EDGE('',*,*,#1568,.T.);
#1820 = CYLINDRICAL_SURFACE('',#1821,3.5E-02);
#1821 = AXIS2_PLACEMENT_3D('',#1822,#1823,#1824);
#1822 = CARTESIAN_POINT('',(-0.685,-0.625,0.465));
#1823 = DIRECTION('',(0.,1.,0.));
#1824 = DIRECTION('',(1.,0.,0.));
#1825 = ADVANCED_FACE('',(#1826),#1844,.T.);
#1826 = FACE_BOUND('',#1827,.T.);
#1827 = EDGE_LOOP('',(#1828,#1836,#1837,#1838));
#1828 = ORIENTED_EDGE('',*,*,#1829,.F.);
#1829 = EDGE_CURVE('',#1624,#1830,#1832,.T.);
#1830 = VERTEX_POINT('',#1831);
#1831 = CARTESIAN_POINT('',(-0.9125,-0.46875,0.465));
#1832 = LINE('',#1833,#1834);
#1833 = CARTESIAN_POINT('',(-0.9125,-0.546875,0.465));
#1834 = VECTOR('',#1835,1.);
#1835 = DIRECTION('',(0.,1.,0.));
#1836 = ORIENTED_EDGE('',*,*,#1631,.T.);
#1837 = ORIENTED_EDGE('',*,*,#1576,.F.);
#1838 = ORIENTED_EDGE('',*,*,#1839,.F.);
#1839 = EDGE_CURVE('',#1830,#1569,#1840,.T.);
#1840 = LINE('',#1841,#1842);
#1841 = CARTESIAN_POINT('',(-2.625E-02,-0.46875,0.465));
#1842 = VECTOR('',#1843,1.);
#1843 = DIRECTION('',(1.,0.,0.));
#1844 = PLANE('',#1845);
#1845 = AXIS2_PLACEMENT_3D('',#1846,#1847,#1848);
#1846 = CARTESIAN_POINT('',(-0.965,-0.625,0.465));
#1847 = DIRECTION('',(0.,0.,1.));
#1848 = DIRECTION('',(1.,0.,-0.));
#1849 = ADVANCED_FACE('',(#1850),#1911,.F.);
#1850 = FACE_BOUND('',#1851,.F.);
#1851 = EDGE_LOOP('',(#1852,#1862,#1871,#1879,#1888,#1896,#1902,#1903,
    #1904,#1905));
#1852 = ORIENTED_EDGE('',*,*,#1853,.F.);
#1853 = EDGE_CURVE('',#1854,#1856,#1858,.T.);
#1854 = VERTEX_POINT('',#1855);
#1855 = CARTESIAN_POINT('',(-0.965,-0.625,-6.938893903907E-18));
#1856 = VERTEX_POINT('',#1857);
#1857 = CARTESIAN_POINT('',(-0.9125,-0.625,0.));
#1858 = LINE('',#1859,#1860);
#1859 = CARTESIAN_POINT('',(-1.,-0.625,0.));
#1860 = VECTOR('',#1861,1.);
#1861 = DIRECTION('',(1.,0.,0.));
#1862 = ORIENTED_EDGE('',*,*,#1863,.F.);
#1863 = EDGE_CURVE('',#1864,#1854,#1866,.T.);
#1864 = VERTEX_POINT('',#1865);
#1865 = CARTESIAN_POINT('',(-1.,-0.625,3.5E-02));
#1866 = CIRCLE('',#1867,3.5E-02);
#1867 = AXIS2_PLACEMENT_3D('',#1868,#1869,#1870);
#1868 = CARTESIAN_POINT('',(-0.965,-0.625,3.5E-02));
#1869 = DIRECTION('',(0.,-1.,0.));
#1870 = DIRECTION('',(0.,0.,1.));
#1871 = ORIENTED_EDGE('',*,*,#1872,.T.);
#1872 = EDGE_CURVE('',#1864,#1873,#1875,.T.);
#1873 = VERTEX_POINT('',#1874);
#1874 = CARTESIAN_POINT('',(-1.,-0.625,0.465));
#1875 = LINE('',#1876,#1877);
#1876 = CARTESIAN_POINT('',(-1.,-0.625,0.));
#1877 = VECTOR('',#1878,1.);
#1878 = DIRECTION('',(0.,0.,1.));
#1879 = ORIENTED_EDGE('',*,*,#1880,.T.);
#1880 = EDGE_CURVE('',#1873,#1881,#1883,.T.);
#1881 = VERTEX_POINT('',#1882);
#1882 = CARTESIAN_POINT('',(-0.965,-0.625,0.5));
#1883 = CIRCLE('',#1884,3.5E-02);
#1884 = AXIS2_PLACEMENT_3D('',#1885,#1886,#1887);
#1885 = CARTESIAN_POINT('',(-0.965,-0.625,0.465));
#1886 = DIRECTION('',(0.,1.,0.));
#1887 = DIRECTION('',(0.,-0.,1.));
#1888 = ORIENTED_EDGE('',*,*,#1889,.T.);
#1889 = EDGE_CURVE('',#1881,#1890,#1892,.T.);
#1890 = VERTEX_POINT('',#1891);
#1891 = CARTESIAN_POINT('',(-0.9125,-0.625,0.5));
#1892 = LINE('',#1893,#1894);
#1893 = CARTESIAN_POINT('',(-1.,-0.625,0.5));
#1894 = VECTOR('',#1895,1.);
#1895 = DIRECTION('',(1.,0.,0.));
#1896 = ORIENTED_EDGE('',*,*,#1897,.F.);
#1897 = EDGE_CURVE('',#1624,#1890,#1898,.T.);
#1898 = LINE('',#1899,#1900);
#1899 = CARTESIAN_POINT('',(-0.9125,-0.625,0.375));
#1900 = VECTOR('',#1901,1.);
#1901 = DIRECTION('',(0.,0.,1.));
#1902 = ORIENTED_EDGE('',*,*,#1623,.F.);
#1903 = ORIENTED_EDGE('',*,*,#1615,.F.);
#1904 = ORIENTED_EDGE('',*,*,#1605,.T.);
#1905 = ORIENTED_EDGE('',*,*,#1906,.F.);
#1906 = EDGE_CURVE('',#1856,#1608,#1907,.T.);
#1907 = LINE('',#1908,#1909);
#1908 = CARTESIAN_POINT('',(-0.9125,-0.625,0.375));
#1909 = VECTOR('',#1910,1.);
#1910 = DIRECTION('',(0.,0.,1.));
#1911 = PLANE('',#1912);
#1912 = AXIS2_PLACEMENT_3D('',#1913,#1914,#1915);
#1913 = CARTESIAN_POINT('',(-1.,-0.625,0.));
#1914 = DIRECTION('',(0.,1.,0.));
#1915 = DIRECTION('',(0.,-0.,1.));
#1916 = ADVANCED_FACE('',(#1917,#2006),#2032,.F.);
#1917 = FACE_BOUND('',#1918,.F.);
#1918 = EDGE_LOOP('',(#1919,#1927,#1928,#1936,#1944,#1952,#1960,#1968,
    #1976,#1984,#1992,#2000));
#1919 = ORIENTED_EDGE('',*,*,#1920,.F.);
#1920 = EDGE_CURVE('',#1608,#1921,#1923,.T.);
#1921 = VERTEX_POINT('',#1922);
#1922 = CARTESIAN_POINT('',(-0.9125,-0.46875,3.5E-02));
#1923 = LINE('',#1924,#1925);
#1924 = CARTESIAN_POINT('',(-0.9125,-0.546875,3.5E-02));
#1925 = VECTOR('',#1926,1.);
#1926 = DIRECTION('',(0.,1.,0.));
#1927 = ORIENTED_EDGE('',*,*,#1670,.T.);
#1928 = ORIENTED_EDGE('',*,*,#1929,.F.);
#1929 = EDGE_CURVE('',#1930,#1663,#1932,.T.);
#1930 = VERTEX_POINT('',#1931);
#1931 = CARTESIAN_POINT('',(0.9125,-0.46875,3.5E-02));
#1932 = LINE('',#1933,#1934);
#1933 = CARTESIAN_POINT('',(0.9125,-0.703125,3.5E-02));
#1934 = VECTOR('',#1935,1.);
#1935 = DIRECTION('',(0.,-1.,0.));
#1936 = ORIENTED_EDGE('',*,*,#1937,.F.);
#1937 = EDGE_CURVE('',#1938,#1930,#1940,.T.);
#1938 = VERTEX_POINT('',#1939);
#1939 = CARTESIAN_POINT('',(0.65,-0.46875,3.5E-02));
#1940 = LINE('',#1941,#1942);
#1941 = CARTESIAN_POINT('',(-2.625E-02,-0.46875,3.5E-02));
#1942 = VECTOR('',#1943,1.);
#1943 = DIRECTION('',(1.,0.,0.));
#1944 = ORIENTED_EDGE('',*,*,#1945,.T.);
#1945 = EDGE_CURVE('',#1938,#1946,#1948,.T.);
#1946 = VERTEX_POINT('',#1947);
#1947 = CARTESIAN_POINT('',(0.65,0.46875,3.5E-02));
#1948 = LINE('',#1949,#1950);
#1949 = CARTESIAN_POINT('',(0.65,-0.625,3.5E-02));
#1950 = VECTOR('',#1951,1.);
#1951 = DIRECTION('',(0.,1.,0.));
#1952 = ORIENTED_EDGE('',*,*,#1953,.F.);
#1953 = EDGE_CURVE('',#1954,#1946,#1956,.T.);
#1954 = VERTEX_POINT('',#1955);
#1955 = CARTESIAN_POINT('',(0.9125,0.46875,3.5E-02));
#1956 = LINE('',#1957,#1958);
#1957 = CARTESIAN_POINT('',(-0.93875,0.46875,3.5E-02));
#1958 = VECTOR('',#1959,1.);
#1959 = DIRECTION('',(-1.,0.,0.));
#1960 = ORIENTED_EDGE('',*,*,#1961,.F.);
#1961 = EDGE_CURVE('',#1962,#1954,#1964,.T.);
#1962 = VERTEX_POINT('',#1963);
#1963 = CARTESIAN_POINT('',(0.9125,0.625,3.5E-02));
#1964 = LINE('',#1965,#1966);
#1965 = CARTESIAN_POINT('',(0.9125,-7.8125E-02,3.5E-02));
#1966 = VECTOR('',#1967,1.);
#1967 = DIRECTION('',(0.,-1.,0.));
#1968 = ORIENTED_EDGE('',*,*,#1969,.F.);
#1969 = EDGE_CURVE('',#1970,#1962,#1972,.T.);
#1970 = VERTEX_POINT('',#1971);
#1971 = CARTESIAN_POINT('',(-0.9125,0.625,3.5E-02));
#1972 = LINE('',#1973,#1974);
#1973 = CARTESIAN_POINT('',(-0.965,0.625,3.5E-02));
#1974 = VECTOR('',#1975,1.);
#1975 = DIRECTION('',(1.,0.,0.));
#1976 = ORIENTED_EDGE('',*,*,#1977,.F.);
#1977 = EDGE_CURVE('',#1978,#1970,#1980,.T.);
#1978 = VERTEX_POINT('',#1979);
#1979 = CARTESIAN_POINT('',(-0.9125,0.46875,3.5E-02));
#1980 = LINE('',#1981,#1982);
#1981 = CARTESIAN_POINT('',(-0.9125,7.8125E-02,3.5E-02));
#1982 = VECTOR('',#1983,1.);
#1983 = DIRECTION('',(0.,1.,0.));
#1984 = ORIENTED_EDGE('',*,*,#1985,.F.);
#1985 = EDGE_CURVE('',#1986,#1978,#1988,.T.);
#1986 = VERTEX_POINT('',#1987);
#1987 = CARTESIAN_POINT('',(-0.65,0.46875,3.5E-02));
#1988 = LINE('',#1989,#1990);
#1989 = CARTESIAN_POINT('',(-0.93875,0.46875,3.5E-02));
#1990 = VECTOR('',#1991,1.);
#1991 = DIRECTION('',(-1.,0.,0.));
#1992 = ORIENTED_EDGE('',*,*,#1993,.F.);
#1993 = EDGE_CURVE('',#1994,#1986,#1996,.T.);
#1994 = VERTEX_POINT('',#1995);
#1995 = CARTESIAN_POINT('',(-0.65,-0.46875,3.5E-02));
#1996 = LINE('',#1997,#1998);
#1997 = CARTESIAN_POINT('',(-0.65,-0.625,3.5E-02));
#1998 = VECTOR('',#1999,1.);
#1999 = DIRECTION('',(0.,1.,0.));
#2000 = ORIENTED_EDGE('',*,*,#2001,.F.);
#2001 = EDGE_CURVE('',#1921,#1994,#2002,.T.);
#2002 = LINE('',#2003,#2004);
#2003 = CARTESIAN_POINT('',(-2.625E-02,-0.46875,3.5E-02));
#2004 = VECTOR('',#2005,1.);
#2005 = DIRECTION('',(1.,0.,0.));
#2006 = FACE_BOUND('',#2007,.F.);
#2007 = EDGE_LOOP('',(#2008,#2018,#2026));
#2008 = ORIENTED_EDGE('',*,*,#2009,.T.);
#2009 = EDGE_CURVE('',#2010,#2012,#2014,.T.);
#2010 = VERTEX_POINT('',#2011);
#2011 = CARTESIAN_POINT('',(0.433012701892,0.5,3.5E-02));
#2012 = VERTEX_POINT('',#2013);
#2013 = CARTESIAN_POINT('',(0.433012701892,-0.5,3.5E-02));
#2014 = LINE('',#2015,#2016);
#2015 = CARTESIAN_POINT('',(0.433012701892,0.5,3.5E-02));
#2016 = VECTOR('',#2017,1.);
#2017 = DIRECTION('',(0.,-1.,0.));
#2018 = ORIENTED_EDGE('',*,*,#2019,.T.);
#2019 = EDGE_CURVE('',#2012,#2020,#2022,.T.);
#2020 = VERTEX_POINT('',#2021);
#2021 = CARTESIAN_POINT('',(-0.433012701892,0.,3.5E-02));
#2022 = LINE('',#2023,#2024);
#2023 = CARTESIAN_POINT('',(0.433012701892,-0.5,3.5E-02));
#2024 = VECTOR('',#2025,1.);
#2025 = DIRECTION('',(-0.866025403784,0.5,0.));
#2026 = ORIENTED_EDGE('',*,*,#2027,.T.);
#2027 = EDGE_CURVE('',#2020,#2010,#2028,.T.);
#2028 = LINE('',#2029,#2030);
#2029 = CARTESIAN_POINT('',(-0.433012701892,0.,3.5E-02));
#2030 = VECTOR('',#2031,1.);
#2031 = DIRECTION('',(0.866025403784,0.5,0.));
#2032 = PLANE('',#2033);
#2033 = AXIS2_PLACEMENT_3D('',#2034,#2035,#2036);
#2034 = CARTESIAN_POINT('',(-0.965,-0.625,3.5E-02));
#2035 = DIRECTION('',(0.,0.,1.));
#2036 = DIRECTION('',(1.,0.,-0.));
#2037 = ADVANCED_FACE('',(#2038),#2099,.F.);
#2038 = FACE_BOUND('',#2039,.F.);
#2039 = EDGE_LOOP('',(#2040,#2050,#2056,#2057,#2058,#2059,#2067,#2075,
    #2084,#2092));
#2040 = ORIENTED_EDGE('',*,*,#2041,.F.);
#2041 = EDGE_CURVE('',#2042,#2044,#2046,.T.);
#2042 = VERTEX_POINT('',#2043);
#2043 = CARTESIAN_POINT('',(0.9125,-0.625,0.));
#2044 = VERTEX_POINT('',#2045);
#2045 = CARTESIAN_POINT('',(0.965,-0.625,-6.938893903907E-18));
#2046 = LINE('',#2047,#2048);
#2047 = CARTESIAN_POINT('',(0.65,-0.625,0.));
#2048 = VECTOR('',#2049,1.);
#2049 = DIRECTION('',(1.,0.,0.));
#2050 = ORIENTED_EDGE('',*,*,#2051,.F.);
#2051 = EDGE_CURVE('',#1663,#2042,#2052,.T.);
#2052 = LINE('',#2053,#2054);
#2053 = CARTESIAN_POINT('',(0.9125,-0.625,0.375));
#2054 = VECTOR('',#2055,1.);
#2055 = DIRECTION('',(0.,0.,-1.));
#2056 = ORIENTED_EDGE('',*,*,#1662,.T.);
#2057 = ORIENTED_EDGE('',*,*,#1654,.T.);
#2058 = ORIENTED_EDGE('',*,*,#1646,.F.);
#2059 = ORIENTED_EDGE('',*,*,#2060,.F.);
#2060 = EDGE_CURVE('',#2061,#1639,#2063,.T.);
#2061 = VERTEX_POINT('',#2062);
#2062 = CARTESIAN_POINT('',(0.9125,-0.625,0.5));
#2063 = LINE('',#2064,#2065);
#2064 = CARTESIAN_POINT('',(0.9125,-0.625,0.375));
#2065 = VECTOR('',#2066,1.);
#2066 = DIRECTION('',(0.,0.,-1.));
#2067 = ORIENTED_EDGE('',*,*,#2068,.T.);
#2068 = EDGE_CURVE('',#2061,#2069,#2071,.T.);
#2069 = VERTEX_POINT('',#2070);
#2070 = CARTESIAN_POINT('',(0.965,-0.625,0.5));
#2071 = LINE('',#2072,#2073);
#2072 = CARTESIAN_POINT('',(0.65,-0.625,0.5));
#2073 = VECTOR('',#2074,1.);
#2074 = DIRECTION('',(1.,0.,0.));
#2075 = ORIENTED_EDGE('',*,*,#2076,.F.);
#2076 = EDGE_CURVE('',#2077,#2069,#2079,.T.);
#2077 = VERTEX_POINT('',#2078);
#2078 = CARTESIAN_POINT('',(1.,-0.625,0.465));
#2079 = CIRCLE('',#2080,3.5E-02);
#2080 = AXIS2_PLACEMENT_3D('',#2081,#2082,#2083);
#2081 = CARTESIAN_POINT('',(0.965,-0.625,0.465));
#2082 = DIRECTION('',(0.,-1.,0.));
#2083 = DIRECTION('',(0.,0.,1.));
#2084 = ORIENTED_EDGE('',*,*,#2085,.F.);
#2085 = EDGE_CURVE('',#2086,#2077,#2088,.T.);
#2086 = VERTEX_POINT('',#2087);
#2087 = CARTESIAN_POINT('',(1.,-0.625,3.5E-02));
#2088 = LINE('',#2089,#2090);
#2089 = CARTESIAN_POINT('',(1.,-0.625,0.));
#2090 = VECTOR('',#2091,1.);
#2091 = DIRECTION('',(0.,0.,1.));
#2092 = ORIENTED_EDGE('',*,*,#2093,.T.);
#2093 = EDGE_CURVE('',#2086,#2044,#2094,.T.);
#2094 = CIRCLE('',#2095,3.5E-02);
#2095 = AXIS2_PLACEMENT_3D('',#2096,#2097,#2098);
#2096 = CARTESIAN_POINT('',(0.965,-0.625,3.5E-02));
#2097 = DIRECTION('',(0.,1.,0.));
#2098 = DIRECTION('',(0.,-0.,1.));
#2099 = PLANE('',#2100);
#2100 = AXIS2_PLACEMENT_3D('',#2101,#2102,#2103);
#2101 = CARTESIAN_POINT('',(0.65,-0.625,0.));
#2102 = DIRECTION('',(0.,1.,0.));
#2103 = DIRECTION('',(0.,-0.,1.));
#2104 = ADVANCED_FACE('',(#2105),#2123,.T.);
#2105 = FACE_BOUND('',#2106,.T.);
#2106 = EDGE_LOOP('',(#2107,#2115,#2116,#2117));
#2107 = ORIENTED_EDGE('',*,*,#2108,.F.);
#2108 = EDGE_CURVE('',#1711,#2109,#2111,.T.);
#2109 = VERTEX_POINT('',#2110);
#2110 = CARTESIAN_POINT('',(0.9125,-0.46875,0.465));
#2111 = LINE('',#2112,#2113);
#2112 = CARTESIAN_POINT('',(-2.625E-02,-0.46875,0.465));
#2113 = VECTOR('',#2114,1.);
#2114 = DIRECTION('',(1.,0.,0.));
#2115 = ORIENTED_EDGE('',*,*,#1710,.T.);
#2116 = ORIENTED_EDGE('',*,*,#1638,.T.);
#2117 = ORIENTED_EDGE('',*,*,#2118,.F.);
#2118 = EDGE_CURVE('',#2109,#1639,#2119,.T.);
#2119 = LINE('',#2120,#2121);
#2120 = CARTESIAN_POINT('',(0.9125,-0.703125,0.465));
#2121 = VECTOR('',#2122,1.);
#2122 = DIRECTION('',(0.,-1.,0.));
#2123 = PLANE('',#2124);
#2124 = AXIS2_PLACEMENT_3D('',#2125,#2126,#2127);
#2125 = CARTESIAN_POINT('',(-0.965,-0.625,0.465));
#2126 = DIRECTION('',(0.,0.,1.));
#2127 = DIRECTION('',(1.,0.,-0.));
#2128 = ADVANCED_FACE('',(#2129),#2154,.T.);
#2129 = FACE_BOUND('',#2130,.T.);
#2130 = EDGE_LOOP('',(#2131,#2139,#2140,#2148));
#2131 = ORIENTED_EDGE('',*,*,#2132,.F.);
#2132 = EDGE_CURVE('',#1727,#2133,#2135,.T.);
#2133 = VERTEX_POINT('',#2134);
#2134 = CARTESIAN_POINT('',(0.9125,0.625,0.465));
#2135 = LINE('',#2136,#2137);
#2136 = CARTESIAN_POINT('',(-0.965,0.625,0.465));
#2137 = VECTOR('',#2138,1.);
#2138 = DIRECTION('',(1.,0.,0.));
#2139 = ORIENTED_EDGE('',*,*,#1726,.T.);
#2140 = ORIENTED_EDGE('',*,*,#2141,.F.);
#2141 = EDGE_CURVE('',#2142,#1719,#2144,.T.);
#2142 = VERTEX_POINT('',#2143);
#2143 = CARTESIAN_POINT('',(0.9125,0.46875,0.465));
#2144 = LINE('',#2145,#2146);
#2145 = CARTESIAN_POINT('',(-0.93875,0.46875,0.465));
#2146 = VECTOR('',#2147,1.);
#2147 = DIRECTION('',(-1.,0.,0.));
#2148 = ORIENTED_EDGE('',*,*,#2149,.F.);
#2149 = EDGE_CURVE('',#2133,#2142,#2150,.T.);
#2150 = LINE('',#2151,#2152);
#2151 = CARTESIAN_POINT('',(0.9125,-7.8125E-02,0.465));
#2152 = VECTOR('',#2153,1.);
#2153 = DIRECTION('',(0.,-1.,0.));
#2154 = PLANE('',#2155);
#2155 = AXIS2_PLACEMENT_3D('',#2156,#2157,#2158);
#2156 = CARTESIAN_POINT('',(-0.965,-0.625,0.465));
#2157 = DIRECTION('',(0.,0.,1.));
#2158 = DIRECTION('',(1.,0.,-0.));
#2159 = ADVANCED_FACE('',(#2160),#2187,.T.);
#2160 = FACE_BOUND('',#2161,.T.);
#2161 = EDGE_LOOP('',(#2162,#2163,#2172,#2180));
#2162 = ORIENTED_EDGE('',*,*,#1718,.T.);
#2163 = ORIENTED_EDGE('',*,*,#2164,.T.);
#2164 = EDGE_CURVE('',#1711,#2165,#2167,.T.);
#2165 = VERTEX_POINT('',#2166);
#2166 = CARTESIAN_POINT('',(0.685,-0.46875,0.5));
#2167 = CIRCLE('',#2168,3.5E-02);
#2168 = AXIS2_PLACEMENT_3D('',#2169,#2170,#2171);
#2169 = CARTESIAN_POINT('',(0.685,-0.46875,0.465));
#2170 = DIRECTION('',(0.,1.,-0.));
#2171 = DIRECTION('',(-1.,0.,0.));
#2172 = ORIENTED_EDGE('',*,*,#2173,.T.);
#2173 = EDGE_CURVE('',#2165,#2174,#2176,.T.);
#2174 = VERTEX_POINT('',#2175);
#2175 = CARTESIAN_POINT('',(0.685,0.46875,0.5));
#2176 = LINE('',#2177,#2178);
#2177 = CARTESIAN_POINT('',(0.685,-0.625,0.5));
#2178 = VECTOR('',#2179,1.);
#2179 = DIRECTION('',(0.,1.,0.));
#2180 = ORIENTED_EDGE('',*,*,#2181,.F.);
#2181 = EDGE_CURVE('',#1719,#2174,#2182,.T.);
#2182 = CIRCLE('',#2183,3.5E-02);
#2183 = AXIS2_PLACEMENT_3D('',#2184,#2185,#2186);
#2184 = CARTESIAN_POINT('',(0.685,0.46875,0.465));
#2185 = DIRECTION('',(0.,1.,-0.));
#2186 = DIRECTION('',(-1.,0.,0.));
#2187 = CYLINDRICAL_SURFACE('',#2188,3.5E-02);
#2188 = AXIS2_PLACEMENT_3D('',#2189,#2190,#2191);
#2189 = CARTESIAN_POINT('',(0.685,-0.625,0.465));
#2190 = DIRECTION('',(0.,1.,0.));
#2191 = DIRECTION('',(-1.,0.,0.));
#2192 = ADVANCED_FACE('',(#2193),#2243,.T.);
#2193 = FACE_BOUND('',#2194,.T.);
#2194 = EDGE_LOOP('',(#2195,#2203,#2211,#2217,#2218,#2219,#2220,#2228,
    #2236,#2242));
#2195 = ORIENTED_EDGE('',*,*,#2196,.F.);
#2196 = EDGE_CURVE('',#2197,#1970,#2199,.T.);
#2197 = VERTEX_POINT('',#2198);
#2198 = CARTESIAN_POINT('',(-0.965,0.625,3.5E-02));
#2199 = LINE('',#2200,#2201);
#2200 = CARTESIAN_POINT('',(-0.965,0.625,3.5E-02));
#2201 = VECTOR('',#2202,1.);
#2202 = DIRECTION('',(1.,0.,0.));
#2203 = ORIENTED_EDGE('',*,*,#2204,.T.);
#2204 = EDGE_CURVE('',#2197,#2205,#2207,.T.);
#2205 = VERTEX_POINT('',#2206);
#2206 = CARTESIAN_POINT('',(-0.965,0.625,0.465));
#2207 = LINE('',#2208,#2209);
#2208 = CARTESIAN_POINT('',(-0.965,0.625,3.5E-02));
#2209 = VECTOR('',#2210,1.);
#2210 = DIRECTION('',(0.,0.,1.));
#2211 = ORIENTED_EDGE('',*,*,#2212,.T.);
#2212 = EDGE_CURVE('',#2205,#1749,#2213,.T.);
#2213 = LINE('',#2214,#2215);
#2214 = CARTESIAN_POINT('',(-0.965,0.625,0.465));
#2215 = VECTOR('',#2216,1.);
#2216 = DIRECTION('',(1.,0.,0.));
#2217 = ORIENTED_EDGE('',*,*,#1748,.T.);
#2218 = ORIENTED_EDGE('',*,*,#1782,.F.);
#2219 = ORIENTED_EDGE('',*,*,#2132,.T.);
#2220 = ORIENTED_EDGE('',*,*,#2221,.T.);
#2221 = EDGE_CURVE('',#2133,#2222,#2224,.T.);
#2222 = VERTEX_POINT('',#2223);
#2223 = CARTESIAN_POINT('',(0.965,0.625,0.465));
#2224 = LINE('',#2225,#2226);
#2225 = CARTESIAN_POINT('',(-0.965,0.625,0.465));
#2226 = VECTOR('',#2227,1.);
#2227 = DIRECTION('',(1.,0.,0.));
#2228 = ORIENTED_EDGE('',*,*,#2229,.F.);
#2229 = EDGE_CURVE('',#2230,#2222,#2232,.T.);
#2230 = VERTEX_POINT('',#2231);
#2231 = CARTESIAN_POINT('',(0.965,0.625,3.5E-02));
#2232 = LINE('',#2233,#2234);
#2233 = CARTESIAN_POINT('',(0.965,0.625,3.5E-02));
#2234 = VECTOR('',#2235,1.);
#2235 = DIRECTION('',(0.,0.,1.));
#2236 = ORIENTED_EDGE('',*,*,#2237,.F.);
#2237 = EDGE_CURVE('',#1962,#2230,#2238,.T.);
#2238 = LINE('',#2239,#2240);
#2239 = CARTESIAN_POINT('',(-0.965,0.625,3.5E-02));
#2240 = VECTOR('',#2241,1.);
#2241 = DIRECTION('',(1.,0.,0.));
#2242 = ORIENTED_EDGE('',*,*,#1969,.F.);
#2243 = PLANE('',#2244);
#2244 = AXIS2_PLACEMENT_3D('',#2245,#2246,#2247);
#2245 = CARTESIAN_POINT('',(-0.965,0.625,3.5E-02));
#2246 = DIRECTION('',(0.,1.,0.));
#2247 = DIRECTION('',(0.,-0.,1.));
#2248 = ADVANCED_FACE('',(#2249),#2267,.F.);
#2249 = FACE_BOUND('',#2250,.F.);
#2250 = EDGE_LOOP('',(#2251,#2259,#2265,#2266));
#2251 = ORIENTED_EDGE('',*,*,#2252,.F.);
#2252 = EDGE_CURVE('',#2253,#1797,#2255,.T.);
#2253 = VERTEX_POINT('',#2254);
#2254 = CARTESIAN_POINT('',(-0.9125,0.46875,0.5));
#2255 = LINE('',#2256,#2257);
#2256 = CARTESIAN_POINT('',(-0.95625,0.46875,0.5));
#2257 = VECTOR('',#2258,1.);
#2258 = DIRECTION('',(1.,0.,0.));
#2259 = ORIENTED_EDGE('',*,*,#2260,.T.);
#2260 = EDGE_CURVE('',#2253,#1757,#2261,.T.);
#2261 = LINE('',#2262,#2263);
#2262 = CARTESIAN_POINT('',(-0.9125,0.46875,0.75));
#2263 = VECTOR('',#2264,1.);
#2264 = DIRECTION('',(-0.,-0.,-1.));
#2265 = ORIENTED_EDGE('',*,*,#1764,.F.);
#2266 = ORIENTED_EDGE('',*,*,#1796,.F.);
#2267 = PLANE('',#2268);
#2268 = AXIS2_PLACEMENT_3D('',#2269,#2270,#2271);
#2269 = CARTESIAN_POINT('',(-0.9125,0.46875,0.75));
#2270 = DIRECTION('',(0.,-1.,0.));
#2271 = DIRECTION('',(1.,0.,0.));
#2272 = ADVANCED_FACE('',(#2273),#2291,.F.);
#2273 = FACE_BOUND('',#2274,.F.);
#2274 = EDGE_LOOP('',(#2275,#2276,#2284,#2290));
#2275 = ORIENTED_EDGE('',*,*,#2260,.F.);
#2276 = ORIENTED_EDGE('',*,*,#2277,.F.);
#2277 = EDGE_CURVE('',#2278,#2253,#2280,.T.);
#2278 = VERTEX_POINT('',#2279);
#2279 = CARTESIAN_POINT('',(-0.9125,0.625,0.5));
#2280 = LINE('',#2281,#2282);
#2281 = CARTESIAN_POINT('',(-0.9125,7.8125E-02,0.5));
#2282 = VECTOR('',#2283,1.);
#2283 = DIRECTION('',(0.,-1.,0.));
#2284 = ORIENTED_EDGE('',*,*,#2285,.F.);
#2285 = EDGE_CURVE('',#1749,#2278,#2286,.T.);
#2286 = LINE('',#2287,#2288);
#2287 = CARTESIAN_POINT('',(-0.9125,0.625,0.375));
#2288 = VECTOR('',#2289,1.);
#2289 = DIRECTION('',(0.,0.,1.));
#2290 = ORIENTED_EDGE('',*,*,#1756,.F.);
#2291 = PLANE('',#2292);
#2292 = AXIS2_PLACEMENT_3D('',#2293,#2294,#2295);
#2293 = CARTESIAN_POINT('',(-0.9125,0.78125,0.75));
#2294 = DIRECTION('',(-1.,0.,0.));
#2295 = DIRECTION('',(0.,-1.,0.));
#2296 = ADVANCED_FACE('',(#2297),#2315,.F.);
#2297 = FACE_BOUND('',#2298,.F.);
#2298 = EDGE_LOOP('',(#2299,#2307,#2313,#2314));
#2299 = ORIENTED_EDGE('',*,*,#2300,.F.);
#2300 = EDGE_CURVE('',#2301,#1830,#2303,.T.);
#2301 = VERTEX_POINT('',#2302);
#2302 = CARTESIAN_POINT('',(-0.9125,-0.46875,0.5));
#2303 = LINE('',#2304,#2305);
#2304 = CARTESIAN_POINT('',(-0.9125,-0.46875,0.75));
#2305 = VECTOR('',#2306,1.);
#2306 = DIRECTION('',(-0.,-0.,-1.));
#2307 = ORIENTED_EDGE('',*,*,#2308,.F.);
#2308 = EDGE_CURVE('',#1806,#2301,#2309,.T.);
#2309 = LINE('',#2310,#2311);
#2310 = CARTESIAN_POINT('',(-4.375E-02,-0.46875,0.5));
#2311 = VECTOR('',#2312,1.);
#2312 = DIRECTION('',(-1.,0.,0.));
#2313 = ORIENTED_EDGE('',*,*,#1813,.T.);
#2314 = ORIENTED_EDGE('',*,*,#1839,.F.);
#2315 = PLANE('',#2316);
#2316 = AXIS2_PLACEMENT_3D('',#2317,#2318,#2319);
#2317 = CARTESIAN_POINT('',(0.9125,-0.46875,0.75));
#2318 = DIRECTION('',(0.,1.,0.));
#2319 = DIRECTION('',(-1.,0.,0.));
#2320 = ADVANCED_FACE('',(#2321),#2348,.T.);
#2321 = FACE_BOUND('',#2322,.T.);
#2322 = EDGE_LOOP('',(#2323,#2331,#2337,#2338,#2344,#2345,#2346,#2347));
#2323 = ORIENTED_EDGE('',*,*,#2324,.F.);
#2324 = EDGE_CURVE('',#2325,#2278,#2327,.T.);
#2325 = VERTEX_POINT('',#2326);
#2326 = CARTESIAN_POINT('',(-0.965,0.625,0.5));
#2327 = LINE('',#2328,#2329);
#2328 = CARTESIAN_POINT('',(-1.,0.625,0.5));
#2329 = VECTOR('',#2330,1.);
#2330 = DIRECTION('',(1.,0.,0.));
#2331 = ORIENTED_EDGE('',*,*,#2332,.F.);
#2332 = EDGE_CURVE('',#1881,#2325,#2333,.T.);
#2333 = LINE('',#2334,#2335);
#2334 = CARTESIAN_POINT('',(-0.965,-0.625,0.5));
#2335 = VECTOR('',#2336,1.);
#2336 = DIRECTION('',(0.,1.,0.));
#2337 = ORIENTED_EDGE('',*,*,#1889,.T.);
#2338 = ORIENTED_EDGE('',*,*,#2339,.F.);
#2339 = EDGE_CURVE('',#2301,#1890,#2340,.T.);
#2340 = LINE('',#2341,#2342);
#2341 = CARTESIAN_POINT('',(-0.9125,-0.546875,0.5));
#2342 = VECTOR('',#2343,1.);
#2343 = DIRECTION('',(0.,-1.,0.));
#2344 = ORIENTED_EDGE('',*,*,#2308,.F.);
#2345 = ORIENTED_EDGE('',*,*,#1805,.T.);
#2346 = ORIENTED_EDGE('',*,*,#2252,.F.);
#2347 = ORIENTED_EDGE('',*,*,#2277,.F.);
#2348 = PLANE('',#2349);
#2349 = AXIS2_PLACEMENT_3D('',#2350,#2351,#2352);
#2350 = CARTESIAN_POINT('',(-1.,-0.625,0.5));
#2351 = DIRECTION('',(0.,0.,1.));
#2352 = DIRECTION('',(1.,0.,-0.));
#2353 = ADVANCED_FACE('',(#2354),#2360,.F.);
#2354 = FACE_BOUND('',#2355,.F.);
#2355 = EDGE_LOOP('',(#2356,#2357,#2358,#2359));
#2356 = ORIENTED_EDGE('',*,*,#2339,.F.);
#2357 = ORIENTED_EDGE('',*,*,#2300,.T.);
#2358 = ORIENTED_EDGE('',*,*,#1829,.F.);
#2359 = ORIENTED_EDGE('',*,*,#1897,.T.);
#2360 = PLANE('',#2361);
#2361 = AXIS2_PLACEMENT_3D('',#2362,#2363,#2364);
#2362 = CARTESIAN_POINT('',(-0.9125,-0.46875,0.75));
#2363 = DIRECTION('',(-1.,0.,0.));
#2364 = DIRECTION('',(0.,-1.,0.));
#2365 = ADVANCED_FACE('',(#2366),#2423,.F.);
#2366 = FACE_BOUND('',#2367,.F.);
#2367 = EDGE_LOOP('',(#2368,#2378,#2384,#2385,#2393,#2401,#2409,#2417));
#2368 = ORIENTED_EDGE('',*,*,#2369,.F.);
#2369 = EDGE_CURVE('',#2370,#2372,#2374,.T.);
#2370 = VERTEX_POINT('',#2371);
#2371 = CARTESIAN_POINT('',(-0.965,0.625,-6.938893903907E-18));
#2372 = VERTEX_POINT('',#2373);
#2373 = CARTESIAN_POINT('',(-0.9125,0.625,0.));
#2374 = LINE('',#2375,#2376);
#2375 = CARTESIAN_POINT('',(-1.,0.625,0.));
#2376 = VECTOR('',#2377,1.);
#2377 = DIRECTION('',(1.,0.,0.));
#2378 = ORIENTED_EDGE('',*,*,#2379,.F.);
#2379 = EDGE_CURVE('',#1854,#2370,#2380,.T.);
#2380 = LINE('',#2381,#2382);
#2381 = CARTESIAN_POINT('',(-0.965,-0.625,-6.938893903907E-18));
#2382 = VECTOR('',#2383,1.);
#2383 = DIRECTION('',(0.,1.,0.));
#2384 = ORIENTED_EDGE('',*,*,#1853,.T.);
#2385 = ORIENTED_EDGE('',*,*,#2386,.F.);
#2386 = EDGE_CURVE('',#2387,#1856,#2389,.T.);
#2387 = VERTEX_POINT('',#2388);
#2388 = CARTESIAN_POINT('',(-0.9125,-0.46875,0.));
#2389 = LINE('',#2390,#2391);
#2390 = CARTESIAN_POINT('',(-0.9125,-0.546875,0.));
#2391 = VECTOR('',#2392,1.);
#2392 = DIRECTION('',(0.,-1.,0.));
#2393 = ORIENTED_EDGE('',*,*,#2394,.F.);
#2394 = EDGE_CURVE('',#2395,#2387,#2397,.T.);
#2395 = VERTEX_POINT('',#2396);
#2396 = CARTESIAN_POINT('',(-0.685,-0.46875,-6.938893903907E-18));
#2397 = LINE('',#2398,#2399);
#2398 = CARTESIAN_POINT('',(-4.375E-02,-0.46875,0.));
#2399 = VECTOR('',#2400,1.);
#2400 = DIRECTION('',(-1.,0.,0.));
#2401 = ORIENTED_EDGE('',*,*,#2402,.T.);
#2402 = EDGE_CURVE('',#2395,#2403,#2405,.T.);
#2403 = VERTEX_POINT('',#2404);
#2404 = CARTESIAN_POINT('',(-0.685,0.46875,-6.938893903907E-18));
#2405 = LINE('',#2406,#2407);
#2406 = CARTESIAN_POINT('',(-0.685,-0.625,-6.938893903907E-18));
#2407 = VECTOR('',#2408,1.);
#2408 = DIRECTION('',(0.,1.,0.));
#2409 = ORIENTED_EDGE('',*,*,#2410,.F.);
#2410 = EDGE_CURVE('',#2411,#2403,#2413,.T.);
#2411 = VERTEX_POINT('',#2412);
#2412 = CARTESIAN_POINT('',(-0.9125,0.46875,0.));
#2413 = LINE('',#2414,#2415);
#2414 = CARTESIAN_POINT('',(-0.95625,0.46875,0.));
#2415 = VECTOR('',#2416,1.);
#2416 = DIRECTION('',(1.,0.,0.));
#2417 = ORIENTED_EDGE('',*,*,#2418,.F.);
#2418 = EDGE_CURVE('',#2372,#2411,#2419,.T.);
#2419 = LINE('',#2420,#2421);
#2420 = CARTESIAN_POINT('',(-0.9125,7.8125E-02,0.));
#2421 = VECTOR('',#2422,1.);
#2422 = DIRECTION('',(0.,-1.,0.));
#2423 = PLANE('',#2424);
#2424 = AXIS2_PLACEMENT_3D('',#2425,#2426,#2427);
#2425 = CARTESIAN_POINT('',(-1.,-0.625,0.));
#2426 = DIRECTION('',(0.,0.,1.));
#2427 = DIRECTION('',(1.,0.,-0.));
#2428 = ADVANCED_FACE('',(#2429),#2448,.T.);
#2429 = FACE_BOUND('',#2430,.T.);
#2430 = EDGE_LOOP('',(#2431,#2439,#2446,#2447));
#2431 = ORIENTED_EDGE('',*,*,#2432,.T.);
#2432 = EDGE_CURVE('',#1864,#2433,#2435,.T.);
#2433 = VERTEX_POINT('',#2434);
#2434 = CARTESIAN_POINT('',(-1.,0.625,3.5E-02));
#2435 = LINE('',#2436,#2437);
#2436 = CARTESIAN_POINT('',(-1.,-0.625,3.5E-02));
#2437 = VECTOR('',#2438,1.);
#2438 = DIRECTION('',(0.,1.,0.));
#2439 = ORIENTED_EDGE('',*,*,#2440,.T.);
#2440 = EDGE_CURVE('',#2433,#2370,#2441,.T.);
#2441 = CIRCLE('',#2442,3.5E-02);
#2442 = AXIS2_PLACEMENT_3D('',#2443,#2444,#2445);
#2443 = CARTESIAN_POINT('',(-0.965,0.625,3.5E-02));
#2444 = DIRECTION('',(0.,-1.,0.));
#2445 = DIRECTION('',(0.,0.,1.));
#2446 = ORIENTED_EDGE('',*,*,#2379,.F.);
#2447 = ORIENTED_EDGE('',*,*,#1863,.F.);
#2448 = CYLINDRICAL_SURFACE('',#2449,3.5E-02);
#2449 = AXIS2_PLACEMENT_3D('',#2450,#2451,#2452);
#2450 = CARTESIAN_POINT('',(-0.965,-0.625,3.5E-02));
#2451 = DIRECTION('',(0.,1.,0.));
#2452 = DIRECTION('',(-1.,0.,0.));
#2453 = ADVANCED_FACE('',(#2454),#2465,.F.);
#2454 = FACE_BOUND('',#2455,.F.);
#2455 = EDGE_LOOP('',(#2456,#2457,#2463,#2464));
#2456 = ORIENTED_EDGE('',*,*,#1920,.T.);
#2457 = ORIENTED_EDGE('',*,*,#2458,.T.);
#2458 = EDGE_CURVE('',#1921,#2387,#2459,.T.);
#2459 = LINE('',#2460,#2461);
#2460 = CARTESIAN_POINT('',(-0.9125,-0.46875,0.75));
#2461 = VECTOR('',#2462,1.);
#2462 = DIRECTION('',(-0.,-0.,-1.));
#2463 = ORIENTED_EDGE('',*,*,#2386,.T.);
#2464 = ORIENTED_EDGE('',*,*,#1906,.T.);
#2465 = PLANE('',#2466);
#2466 = AXIS2_PLACEMENT_3D('',#2467,#2468,#2469);
#2467 = CARTESIAN_POINT('',(-0.9125,-0.46875,0.75));
#2468 = DIRECTION('',(-1.,0.,0.));
#2469 = DIRECTION('',(0.,-1.,0.));
#2470 = ADVANCED_FACE('',(#2471),#2489,.F.);
#2471 = FACE_BOUND('',#2472,.F.);
#2472 = EDGE_LOOP('',(#2473,#2474,#2475,#2483));
#2473 = ORIENTED_EDGE('',*,*,#1872,.F.);
#2474 = ORIENTED_EDGE('',*,*,#2432,.T.);
#2475 = ORIENTED_EDGE('',*,*,#2476,.T.);
#2476 = EDGE_CURVE('',#2433,#2477,#2479,.T.);
#2477 = VERTEX_POINT('',#2478);
#2478 = CARTESIAN_POINT('',(-1.,0.625,0.465));
#2479 = LINE('',#2480,#2481);
#2480 = CARTESIAN_POINT('',(-1.,0.625,0.));
#2481 = VECTOR('',#2482,1.);
#2482 = DIRECTION('',(0.,0.,1.));
#2483 = ORIENTED_EDGE('',*,*,#2484,.F.);
#2484 = EDGE_CURVE('',#1873,#2477,#2485,.T.);
#2485 = LINE('',#2486,#2487);
#2486 = CARTESIAN_POINT('',(-1.,-0.625,0.465));
#2487 = VECTOR('',#2488,1.);
#2488 = DIRECTION('',(0.,1.,0.));
#2489 = PLANE('',#2490);
#2490 = AXIS2_PLACEMENT_3D('',#2491,#2492,#2493);
#2491 = CARTESIAN_POINT('',(-1.,-0.625,0.));
#2492 = DIRECTION('',(1.,0.,0.));
#2493 = DIRECTION('',(0.,0.,1.));
#2494 = ADVANCED_FACE('',(#2495),#2507,.T.);
#2495 = FACE_BOUND('',#2496,.T.);
#2496 = EDGE_LOOP('',(#2497,#2498,#2499,#2506));
#2497 = ORIENTED_EDGE('',*,*,#1880,.T.);
#2498 = ORIENTED_EDGE('',*,*,#2332,.T.);
#2499 = ORIENTED_EDGE('',*,*,#2500,.F.);
#2500 = EDGE_CURVE('',#2477,#2325,#2501,.T.);
#2501 = CIRCLE('',#2502,3.5E-02);
#2502 = AXIS2_PLACEMENT_3D('',#2503,#2504,#2505);
#2503 = CARTESIAN_POINT('',(-0.965,0.625,0.465));
#2504 = DIRECTION('',(0.,1.,0.));
#2505 = DIRECTION('',(0.,-0.,1.));
#2506 = ORIENTED_EDGE('',*,*,#2484,.F.);
#2507 = CYLINDRICAL_SURFACE('',#2508,3.5E-02);
#2508 = AXIS2_PLACEMENT_3D('',#2509,#2510,#2511);
#2509 = CARTESIAN_POINT('',(-0.965,-0.625,0.465));
#2510 = DIRECTION('',(0.,1.,0.));
#2511 = DIRECTION('',(-1.,0.,0.));
#2512 = ADVANCED_FACE('',(#2513),#2525,.F.);
#2513 = FACE_BOUND('',#2514,.F.);
#2514 = EDGE_LOOP('',(#2515,#2516,#2517,#2524));
#2515 = ORIENTED_EDGE('',*,*,#2458,.F.);
#2516 = ORIENTED_EDGE('',*,*,#2001,.T.);
#2517 = ORIENTED_EDGE('',*,*,#2518,.T.);
#2518 = EDGE_CURVE('',#1994,#2395,#2519,.T.);
#2519 = CIRCLE('',#2520,3.5E-02);
#2520 = AXIS2_PLACEMENT_3D('',#2521,#2522,#2523);
#2521 = CARTESIAN_POINT('',(-0.685,-0.46875,3.5E-02));
#2522 = DIRECTION('',(-0.,1.,0.));
#2523 = DIRECTION('',(1.,0.,0.));
#2524 = ORIENTED_EDGE('',*,*,#2394,.T.);
#2525 = PLANE('',#2526);
#2526 = AXIS2_PLACEMENT_3D('',#2527,#2528,#2529);
#2527 = CARTESIAN_POINT('',(0.9125,-0.46875,0.75));
#2528 = DIRECTION('',(0.,1.,0.));
#2529 = DIRECTION('',(-1.,0.,0.));
#2530 = ADVANCED_FACE('',(#2531),#2543,.T.);
#2531 = FACE_BOUND('',#2532,.T.);
#2532 = EDGE_LOOP('',(#2533,#2534,#2535,#2536));
#2533 = ORIENTED_EDGE('',*,*,#1993,.F.);
#2534 = ORIENTED_EDGE('',*,*,#2518,.T.);
#2535 = ORIENTED_EDGE('',*,*,#2402,.T.);
#2536 = ORIENTED_EDGE('',*,*,#2537,.F.);
#2537 = EDGE_CURVE('',#1986,#2403,#2538,.T.);
#2538 = CIRCLE('',#2539,3.5E-02);
#2539 = AXIS2_PLACEMENT_3D('',#2540,#2541,#2542);
#2540 = CARTESIAN_POINT('',(-0.685,0.46875,3.5E-02));
#2541 = DIRECTION('',(-0.,1.,0.));
#2542 = DIRECTION('',(1.,0.,0.));
#2543 = CYLINDRICAL_SURFACE('',#2544,3.5E-02);
#2544 = AXIS2_PLACEMENT_3D('',#2545,#2546,#2547);
#2545 = CARTESIAN_POINT('',(-0.685,-0.625,3.5E-02));
#2546 = DIRECTION('',(0.,1.,0.));
#2547 = DIRECTION('',(1.,0.,0.));
#2548 = ADVANCED_FACE('',(#2549),#2560,.F.);
#2549 = FACE_BOUND('',#2550,.F.);
#2550 = EDGE_LOOP('',(#2551,#2552,#2558,#2559));
#2551 = ORIENTED_EDGE('',*,*,#1985,.T.);
#2552 = ORIENTED_EDGE('',*,*,#2553,.T.);
#2553 = EDGE_CURVE('',#1978,#2411,#2554,.T.);
#2554 = LINE('',#2555,#2556);
#2555 = CARTESIAN_POINT('',(-0.9125,0.46875,0.75));
#2556 = VECTOR('',#2557,1.);
#2557 = DIRECTION('',(-0.,-0.,-1.));
#2558 = ORIENTED_EDGE('',*,*,#2410,.T.);
#2559 = ORIENTED_EDGE('',*,*,#2537,.F.);
#2560 = PLANE('',#2561);
#2561 = AXIS2_PLACEMENT_3D('',#2562,#2563,#2564);
#2562 = CARTESIAN_POINT('',(-0.9125,0.46875,0.75));
#2563 = DIRECTION('',(0.,-1.,0.));
#2564 = DIRECTION('',(1.,0.,0.));
#2565 = ADVANCED_FACE('',(#2566),#2577,.F.);
#2566 = FACE_BOUND('',#2567,.F.);
#2567 = EDGE_LOOP('',(#2568,#2569,#2570,#2576));
#2568 = ORIENTED_EDGE('',*,*,#2553,.F.);
#2569 = ORIENTED_EDGE('',*,*,#1977,.T.);
#2570 = ORIENTED_EDGE('',*,*,#2571,.F.);
#2571 = EDGE_CURVE('',#2372,#1970,#2572,.T.);
#2572 = LINE('',#2573,#2574);
#2573 = CARTESIAN_POINT('',(-0.9125,0.625,0.375));
#2574 = VECTOR('',#2575,1.);
#2575 = DIRECTION('',(0.,0.,1.));
#2576 = ORIENTED_EDGE('',*,*,#2418,.T.);
#2577 = PLANE('',#2578);
#2578 = AXIS2_PLACEMENT_3D('',#2579,#2580,#2581);
#2579 = CARTESIAN_POINT('',(-0.9125,0.78125,0.75));
#2580 = DIRECTION('',(-1.,0.,0.));
#2581 = DIRECTION('',(0.,-1.,0.));
#2582 = ADVANCED_FACE('',(#2583),#2608,.F.);
#2583 = FACE_BOUND('',#2584,.F.);
#2584 = EDGE_LOOP('',(#2585,#2586,#2594,#2602));
#2585 = ORIENTED_EDGE('',*,*,#1961,.T.);
#2586 = ORIENTED_EDGE('',*,*,#2587,.T.);
#2587 = EDGE_CURVE('',#1954,#2588,#2590,.T.);
#2588 = VERTEX_POINT('',#2589);
#2589 = CARTESIAN_POINT('',(0.9125,0.46875,0.));
#2590 = LINE('',#2591,#2592);
#2591 = CARTESIAN_POINT('',(0.9125,0.46875,0.75));
#2592 = VECTOR('',#2593,1.);
#2593 = DIRECTION('',(-0.,-0.,-1.));
#2594 = ORIENTED_EDGE('',*,*,#2595,.T.);
#2595 = EDGE_CURVE('',#2588,#2596,#2598,.T.);
#2596 = VERTEX_POINT('',#2597);
#2597 = CARTESIAN_POINT('',(0.9125,0.625,0.));
#2598 = LINE('',#2599,#2600);
#2599 = CARTESIAN_POINT('',(0.9125,-7.8125E-02,0.));
#2600 = VECTOR('',#2601,1.);
#2601 = DIRECTION('',(0.,1.,0.));
#2602 = ORIENTED_EDGE('',*,*,#2603,.F.);
#2603 = EDGE_CURVE('',#1962,#2596,#2604,.T.);
#2604 = LINE('',#2605,#2606);
#2605 = CARTESIAN_POINT('',(0.9125,0.625,0.375));
#2606 = VECTOR('',#2607,1.);
#2607 = DIRECTION('',(0.,0.,-1.));
#2608 = PLANE('',#2609);
#2609 = AXIS2_PLACEMENT_3D('',#2610,#2611,#2612);
#2610 = CARTESIAN_POINT('',(0.9125,0.46875,0.75));
#2611 = DIRECTION('',(1.,0.,0.));
#2612 = DIRECTION('',(-0.,1.,0.));
#2613 = ADVANCED_FACE('',(#2614),#2633,.F.);
#2614 = FACE_BOUND('',#2615,.F.);
#2615 = EDGE_LOOP('',(#2616,#2617,#2618,#2627));
#2616 = ORIENTED_EDGE('',*,*,#2587,.F.);
#2617 = ORIENTED_EDGE('',*,*,#1953,.T.);
#2618 = ORIENTED_EDGE('',*,*,#2619,.F.);
#2619 = EDGE_CURVE('',#2620,#1946,#2622,.T.);
#2620 = VERTEX_POINT('',#2621);
#2621 = CARTESIAN_POINT('',(0.685,0.46875,-6.938893903907E-18));
#2622 = CIRCLE('',#2623,3.5E-02);
#2623 = AXIS2_PLACEMENT_3D('',#2624,#2625,#2626);
#2624 = CARTESIAN_POINT('',(0.685,0.46875,3.5E-02));
#2625 = DIRECTION('',(0.,1.,-0.));
#2626 = DIRECTION('',(-1.,0.,0.));
#2627 = ORIENTED_EDGE('',*,*,#2628,.T.);
#2628 = EDGE_CURVE('',#2620,#2588,#2629,.T.);
#2629 = LINE('',#2630,#2631);
#2630 = CARTESIAN_POINT('',(-0.13125,0.46875,0.));
#2631 = VECTOR('',#2632,1.);
#2632 = DIRECTION('',(1.,0.,0.));
#2633 = PLANE('',#2634);
#2634 = AXIS2_PLACEMENT_3D('',#2635,#2636,#2637);
#2635 = CARTESIAN_POINT('',(-0.9125,0.46875,0.75));
#2636 = DIRECTION('',(0.,-1.,0.));
#2637 = DIRECTION('',(1.,0.,0.));
#2638 = ADVANCED_FACE('',(#2639),#2658,.T.);
#2639 = FACE_BOUND('',#2640,.T.);
#2640 = EDGE_LOOP('',(#2641,#2642,#2650,#2657));
#2641 = ORIENTED_EDGE('',*,*,#2619,.F.);
#2642 = ORIENTED_EDGE('',*,*,#2643,.F.);
#2643 = EDGE_CURVE('',#2644,#2620,#2646,.T.);
#2644 = VERTEX_POINT('',#2645);
#2645 = CARTESIAN_POINT('',(0.685,-0.46875,-6.938893903907E-18));
#2646 = LINE('',#2647,#2648);
#2647 = CARTESIAN_POINT('',(0.685,-0.625,-6.938893903907E-18));
#2648 = VECTOR('',#2649,1.);
#2649 = DIRECTION('',(0.,1.,0.));
#2650 = ORIENTED_EDGE('',*,*,#2651,.T.);
#2651 = EDGE_CURVE('',#2644,#1938,#2652,.T.);
#2652 = CIRCLE('',#2653,3.5E-02);
#2653 = AXIS2_PLACEMENT_3D('',#2654,#2655,#2656);
#2654 = CARTESIAN_POINT('',(0.685,-0.46875,3.5E-02));
#2655 = DIRECTION('',(0.,1.,-0.));
#2656 = DIRECTION('',(-1.,0.,0.));
#2657 = ORIENTED_EDGE('',*,*,#1945,.T.);
#2658 = CYLINDRICAL_SURFACE('',#2659,3.5E-02);
#2659 = AXIS2_PLACEMENT_3D('',#2660,#2661,#2662);
#2660 = CARTESIAN_POINT('',(0.685,-0.625,3.5E-02));
#2661 = DIRECTION('',(0.,1.,0.));
#2662 = DIRECTION('',(-1.,0.,0.));
#2663 = ADVANCED_FACE('',(#2664),#2682,.F.);
#2664 = FACE_BOUND('',#2665,.F.);
#2665 = EDGE_LOOP('',(#2666,#2667,#2675,#2681));
#2666 = ORIENTED_EDGE('',*,*,#1937,.T.);
#2667 = ORIENTED_EDGE('',*,*,#2668,.T.);
#2668 = EDGE_CURVE('',#1930,#2669,#2671,.T.);
#2669 = VERTEX_POINT('',#2670);
#2670 = CARTESIAN_POINT('',(0.9125,-0.46875,0.));
#2671 = LINE('',#2672,#2673);
#2672 = CARTESIAN_POINT('',(0.9125,-0.46875,0.75));
#2673 = VECTOR('',#2674,1.);
#2674 = DIRECTION('',(-0.,-0.,-1.));
#2675 = ORIENTED_EDGE('',*,*,#2676,.T.);
#2676 = EDGE_CURVE('',#2669,#2644,#2677,.T.);
#2677 = LINE('',#2678,#2679);
#2678 = CARTESIAN_POINT('',(0.78125,-0.46875,0.));
#2679 = VECTOR('',#2680,1.);
#2680 = DIRECTION('',(-1.,0.,0.));
#2681 = ORIENTED_EDGE('',*,*,#2651,.T.);
#2682 = PLANE('',#2683);
#2683 = AXIS2_PLACEMENT_3D('',#2684,#2685,#2686);
#2684 = CARTESIAN_POINT('',(0.9125,-0.46875,0.75));
#2685 = DIRECTION('',(0.,1.,0.));
#2686 = DIRECTION('',(-1.,0.,0.));
#2687 = ADVANCED_FACE('',(#2688),#2699,.F.);
#2688 = FACE_BOUND('',#2689,.F.);
#2689 = EDGE_LOOP('',(#2690,#2691,#2692,#2693));
#2690 = ORIENTED_EDGE('',*,*,#2668,.F.);
#2691 = ORIENTED_EDGE('',*,*,#1929,.T.);
#2692 = ORIENTED_EDGE('',*,*,#2051,.T.);
#2693 = ORIENTED_EDGE('',*,*,#2694,.T.);
#2694 = EDGE_CURVE('',#2042,#2669,#2695,.T.);
#2695 = LINE('',#2696,#2697);
#2696 = CARTESIAN_POINT('',(0.9125,-0.703125,0.));
#2697 = VECTOR('',#2698,1.);
#2698 = DIRECTION('',(0.,1.,0.));
#2699 = PLANE('',#2700);
#2700 = AXIS2_PLACEMENT_3D('',#2701,#2702,#2703);
#2701 = CARTESIAN_POINT('',(0.9125,-0.78125,0.75));
#2702 = DIRECTION('',(1.,0.,0.));
#2703 = DIRECTION('',(-0.,1.,0.));
#2704 = ADVANCED_FACE('',(#2705),#2730,.T.);
#2705 = FACE_BOUND('',#2706,.T.);
#2706 = EDGE_LOOP('',(#2707,#2715,#2716,#2724));
#2707 = ORIENTED_EDGE('',*,*,#2708,.T.);
#2708 = EDGE_CURVE('',#2709,#2010,#2711,.T.);
#2709 = VERTEX_POINT('',#2710);
#2710 = CARTESIAN_POINT('',(0.433012701892,0.5,1.75E-02));
#2711 = LINE('',#2712,#2713);
#2712 = CARTESIAN_POINT('',(0.433012701892,0.5,1.75E-02));
#2713 = VECTOR('',#2714,1.);
#2714 = DIRECTION('',(0.,0.,1.));
#2715 = ORIENTED_EDGE('',*,*,#2009,.T.);
#2716 = ORIENTED_EDGE('',*,*,#2717,.F.);
#2717 = EDGE_CURVE('',#2718,#2012,#2720,.T.);
#2718 = VERTEX_POINT('',#2719);
#2719 = CARTESIAN_POINT('',(0.433012701892,-0.5,1.75E-02));
#2720 = LINE('',#2721,#2722);
#2721 = CARTESIAN_POINT('',(0.433012701892,-0.5,1.75E-02));
#2722 = VECTOR('',#2723,1.);
#2723 = DIRECTION('',(0.,0.,1.));
#2724 = ORIENTED_EDGE('',*,*,#2725,.F.);
#2725 = EDGE_CURVE('',#2709,#2718,#2726,.T.);
#2726 = LINE('',#2727,#2728);
#2727 = CARTESIAN_POINT('',(0.433012701892,0.5,1.75E-02));
#2728 = VECTOR('',#2729,1.);
#2729 = DIRECTION('',(0.,-1.,0.));
#2730 = PLANE('',#2731);
#2731 = AXIS2_PLACEMENT_3D('',#2732,#2733,#2734);
#2732 = CARTESIAN_POINT('',(0.433012701892,0.5,1.75E-02));
#2733 = DIRECTION('',(1.,0.,0.));
#2734 = DIRECTION('',(0.,-1.,0.));
#2735 = ADVANCED_FACE('',(#2736),#2754,.T.);
#2736 = FACE_BOUND('',#2737,.T.);
#2737 = EDGE_LOOP('',(#2738,#2746,#2747,#2748));
#2738 = ORIENTED_EDGE('',*,*,#2739,.T.);
#2739 = EDGE_CURVE('',#2740,#2020,#2742,.T.);
#2740 = VERTEX_POINT('',#2741);
#2741 = CARTESIAN_POINT('',(-0.433012701892,0.,1.75E-02));
#2742 = LINE('',#2743,#2744);
#2743 = CARTESIAN_POINT('',(-0.433012701892,0.,1.75E-02));
#2744 = VECTOR('',#2745,1.);
#2745 = DIRECTION('',(0.,0.,1.));
#2746 = ORIENTED_EDGE('',*,*,#2027,.T.);
#2747 = ORIENTED_EDGE('',*,*,#2708,.F.);
#2748 = ORIENTED_EDGE('',*,*,#2749,.F.);
#2749 = EDGE_CURVE('',#2740,#2709,#2750,.T.);
#2750 = LINE('',#2751,#2752);
#2751 = CARTESIAN_POINT('',(-0.433012701892,0.,1.75E-02));
#2752 = VECTOR('',#2753,1.);
#2753 = DIRECTION('',(0.866025403784,0.5,0.));
#2754 = PLANE('',#2755);
#2755 = AXIS2_PLACEMENT_3D('',#2756,#2757,#2758);
#2756 = CARTESIAN_POINT('',(-0.433012701892,0.,1.75E-02));
#2757 = DIRECTION('',(-0.5,0.866025403784,0.));
#2758 = DIRECTION('',(0.866025403784,0.5,0.));
#2759 = ADVANCED_FACE('',(#2760),#2771,.T.);
#2760 = FACE_BOUND('',#2761,.T.);
#2761 = EDGE_LOOP('',(#2762,#2763,#2764,#2765));
#2762 = ORIENTED_EDGE('',*,*,#2717,.T.);
#2763 = ORIENTED_EDGE('',*,*,#2019,.T.);
#2764 = ORIENTED_EDGE('',*,*,#2739,.F.);
#2765 = ORIENTED_EDGE('',*,*,#2766,.F.);
#2766 = EDGE_CURVE('',#2718,#2740,#2767,.T.);
#2767 = LINE('',#2768,#2769);
#2768 = CARTESIAN_POINT('',(0.433012701892,-0.5,1.75E-02));
#2769 = VECTOR('',#2770,1.);
#2770 = DIRECTION('',(-0.866025403784,0.5,0.));
#2771 = PLANE('',#2772);
#2772 = AXIS2_PLACEMENT_3D('',#2773,#2774,#2775);
#2773 = CARTESIAN_POINT('',(0.433012701892,-0.5,1.75E-02));
#2774 = DIRECTION('',(-0.5,-0.866025403784,0.));
#2775 = DIRECTION('',(-0.866025403784,0.5,0.));
#2776 = ADVANCED_FACE('',(#2777),#2799,.F.);
#2777 = FACE_BOUND('',#2778,.F.);
#2778 = EDGE_LOOP('',(#2779,#2787,#2788,#2789,#2790,#2791,#2792,#2793));
#2779 = ORIENTED_EDGE('',*,*,#2780,.F.);
#2780 = EDGE_CURVE('',#2596,#2781,#2783,.T.);
#2781 = VERTEX_POINT('',#2782);
#2782 = CARTESIAN_POINT('',(0.965,0.625,-6.938893903907E-18));
#2783 = LINE('',#2784,#2785);
#2784 = CARTESIAN_POINT('',(0.65,0.625,0.));
#2785 = VECTOR('',#2786,1.);
#2786 = DIRECTION('',(1.,0.,0.));
#2787 = ORIENTED_EDGE('',*,*,#2595,.F.);
#2788 = ORIENTED_EDGE('',*,*,#2628,.F.);
#2789 = ORIENTED_EDGE('',*,*,#2643,.F.);
#2790 = ORIENTED_EDGE('',*,*,#2676,.F.);
#2791 = ORIENTED_EDGE('',*,*,#2694,.F.);
#2792 = ORIENTED_EDGE('',*,*,#2041,.T.);
#2793 = ORIENTED_EDGE('',*,*,#2794,.T.);
#2794 = EDGE_CURVE('',#2044,#2781,#2795,.T.);
#2795 = LINE('',#2796,#2797);
#2796 = CARTESIAN_POINT('',(0.965,-0.625,-6.938893903907E-18));
#2797 = VECTOR('',#2798,1.);
#2798 = DIRECTION('',(0.,1.,0.));
#2799 = PLANE('',#2800);
#2800 = AXIS2_PLACEMENT_3D('',#2801,#2802,#2803);
#2801 = CARTESIAN_POINT('',(0.65,-0.625,0.));
#2802 = DIRECTION('',(0.,0.,1.));
#2803 = DIRECTION('',(1.,0.,-0.));
#2804 = ADVANCED_FACE('',(#2805),#2824,.T.);
#2805 = FACE_BOUND('',#2806,.T.);
#2806 = EDGE_LOOP('',(#2807,#2808,#2809,#2818));
#2807 = ORIENTED_EDGE('',*,*,#2093,.T.);
#2808 = ORIENTED_EDGE('',*,*,#2794,.T.);
#2809 = ORIENTED_EDGE('',*,*,#2810,.F.);
#2810 = EDGE_CURVE('',#2811,#2781,#2813,.T.);
#2811 = VERTEX_POINT('',#2812);
#2812 = CARTESIAN_POINT('',(1.,0.625,3.5E-02));
#2813 = CIRCLE('',#2814,3.5E-02);
#2814 = AXIS2_PLACEMENT_3D('',#2815,#2816,#2817);
#2815 = CARTESIAN_POINT('',(0.965,0.625,3.5E-02));
#2816 = DIRECTION('',(0.,1.,0.));
#2817 = DIRECTION('',(0.,-0.,1.));
#2818 = ORIENTED_EDGE('',*,*,#2819,.F.);
#2819 = EDGE_CURVE('',#2086,#2811,#2820,.T.);
#2820 = LINE('',#2821,#2822);
#2821 = CARTESIAN_POINT('',(1.,-0.625,3.5E-02));
#2822 = VECTOR('',#2823,1.);
#2823 = DIRECTION('',(0.,1.,0.));
#2824 = CYLINDRICAL_SURFACE('',#2825,3.5E-02);
#2825 = AXIS2_PLACEMENT_3D('',#2826,#2827,#2828);
#2826 = CARTESIAN_POINT('',(0.965,-0.625,3.5E-02));
#2827 = DIRECTION('',(0.,1.,0.));
#2828 = DIRECTION('',(1.,0.,0.));
#2829 = ADVANCED_FACE('',(#2830),#2848,.T.);
#2830 = FACE_BOUND('',#2831,.T.);
#2831 = EDGE_LOOP('',(#2832,#2833,#2834,#2842));
#2832 = ORIENTED_EDGE('',*,*,#2085,.F.);
#2833 = ORIENTED_EDGE('',*,*,#2819,.T.);
#2834 = ORIENTED_EDGE('',*,*,#2835,.T.);
#2835 = EDGE_CURVE('',#2811,#2836,#2838,.T.);
#2836 = VERTEX_POINT('',#2837);
#2837 = CARTESIAN_POINT('',(1.,0.625,0.465));
#2838 = LINE('',#2839,#2840);
#2839 = CARTESIAN_POINT('',(1.,0.625,0.));
#2840 = VECTOR('',#2841,1.);
#2841 = DIRECTION('',(0.,0.,1.));
#2842 = ORIENTED_EDGE('',*,*,#2843,.F.);
#2843 = EDGE_CURVE('',#2077,#2836,#2844,.T.);
#2844 = LINE('',#2845,#2846);
#2845 = CARTESIAN_POINT('',(1.,-0.625,0.465));
#2846 = VECTOR('',#2847,1.);
#2847 = DIRECTION('',(0.,1.,0.));
#2848 = PLANE('',#2849);
#2849 = AXIS2_PLACEMENT_3D('',#2850,#2851,#2852);
#2850 = CARTESIAN_POINT('',(1.,-0.625,0.));
#2851 = DIRECTION('',(1.,0.,0.));
#2852 = DIRECTION('',(0.,0.,1.));
#2853 = ADVANCED_FACE('',(#2854),#2873,.T.);
#2854 = FACE_BOUND('',#2855,.T.);
#2855 = EDGE_LOOP('',(#2856,#2857,#2866,#2872));
#2856 = ORIENTED_EDGE('',*,*,#2843,.T.);
#2857 = ORIENTED_EDGE('',*,*,#2858,.T.);
#2858 = EDGE_CURVE('',#2836,#2859,#2861,.T.);
#2859 = VERTEX_POINT('',#2860);
#2860 = CARTESIAN_POINT('',(0.965,0.625,0.5));
#2861 = CIRCLE('',#2862,3.5E-02);
#2862 = AXIS2_PLACEMENT_3D('',#2863,#2864,#2865);
#2863 = CARTESIAN_POINT('',(0.965,0.625,0.465));
#2864 = DIRECTION('',(0.,-1.,0.));
#2865 = DIRECTION('',(0.,0.,1.));
#2866 = ORIENTED_EDGE('',*,*,#2867,.F.);
#2867 = EDGE_CURVE('',#2069,#2859,#2868,.T.);
#2868 = LINE('',#2869,#2870);
#2869 = CARTESIAN_POINT('',(0.965,-0.625,0.5));
#2870 = VECTOR('',#2871,1.);
#2871 = DIRECTION('',(0.,1.,0.));
#2872 = ORIENTED_EDGE('',*,*,#2076,.F.);
#2873 = CYLINDRICAL_SURFACE('',#2874,3.5E-02);
#2874 = AXIS2_PLACEMENT_3D('',#2875,#2876,#2877);
#2875 = CARTESIAN_POINT('',(0.965,-0.625,0.465));
#2876 = DIRECTION('',(0.,1.,0.));
#2877 = DIRECTION('',(1.,0.,0.));
#2878 = ADVANCED_FACE('',(#2879),#2920,.T.);
#2879 = FACE_BOUND('',#2880,.T.);
#2880 = EDGE_LOOP('',(#2881,#2889,#2897,#2903,#2904,#2912,#2918,#2919));
#2881 = ORIENTED_EDGE('',*,*,#2882,.F.);
#2882 = EDGE_CURVE('',#2883,#2859,#2885,.T.);
#2883 = VERTEX_POINT('',#2884);
#2884 = CARTESIAN_POINT('',(0.9125,0.625,0.5));
#2885 = LINE('',#2886,#2887);
#2886 = CARTESIAN_POINT('',(0.65,0.625,0.5));
#2887 = VECTOR('',#2888,1.);
#2888 = DIRECTION('',(1.,0.,0.));
#2889 = ORIENTED_EDGE('',*,*,#2890,.F.);
#2890 = EDGE_CURVE('',#2891,#2883,#2893,.T.);
#2891 = VERTEX_POINT('',#2892);
#2892 = CARTESIAN_POINT('',(0.9125,0.46875,0.5));
#2893 = LINE('',#2894,#2895);
#2894 = CARTESIAN_POINT('',(0.9125,-7.8125E-02,0.5));
#2895 = VECTOR('',#2896,1.);
#2896 = DIRECTION('',(0.,1.,0.));
#2897 = ORIENTED_EDGE('',*,*,#2898,.F.);
#2898 = EDGE_CURVE('',#2174,#2891,#2899,.T.);
#2899 = LINE('',#2900,#2901);
#2900 = CARTESIAN_POINT('',(-0.13125,0.46875,0.5));
#2901 = VECTOR('',#2902,1.);
#2902 = DIRECTION('',(1.,0.,0.));
#2903 = ORIENTED_EDGE('',*,*,#2173,.F.);
#2904 = ORIENTED_EDGE('',*,*,#2905,.F.);
#2905 = EDGE_CURVE('',#2906,#2165,#2908,.T.);
#2906 = VERTEX_POINT('',#2907);
#2907 = CARTESIAN_POINT('',(0.9125,-0.46875,0.5));
#2908 = LINE('',#2909,#2910);
#2909 = CARTESIAN_POINT('',(0.78125,-0.46875,0.5));
#2910 = VECTOR('',#2911,1.);
#2911 = DIRECTION('',(-1.,0.,0.));
#2912 = ORIENTED_EDGE('',*,*,#2913,.F.);
#2913 = EDGE_CURVE('',#2061,#2906,#2914,.T.);
#2914 = LINE('',#2915,#2916);
#2915 = CARTESIAN_POINT('',(0.9125,-0.703125,0.5));
#2916 = VECTOR('',#2917,1.);
#2917 = DIRECTION('',(0.,1.,0.));
#2918 = ORIENTED_EDGE('',*,*,#2068,.T.);
#2919 = ORIENTED_EDGE('',*,*,#2867,.T.);
#2920 = PLANE('',#2921);
#2921 = AXIS2_PLACEMENT_3D('',#2922,#2923,#2924);
#2922 = CARTESIAN_POINT('',(0.65,-0.625,0.5));
#2923 = DIRECTION('',(0.,0.,1.));
#2924 = DIRECTION('',(1.,0.,-0.));
#2925 = ADVANCED_FACE('',(#2926),#2937,.F.);
#2926 = FACE_BOUND('',#2927,.F.);
#2927 = EDGE_LOOP('',(#2928,#2934,#2935,#2936));
#2928 = ORIENTED_EDGE('',*,*,#2929,.F.);
#2929 = EDGE_CURVE('',#2906,#2109,#2930,.T.);
#2930 = LINE('',#2931,#2932);
#2931 = CARTESIAN_POINT('',(0.9125,-0.46875,0.75));
#2932 = VECTOR('',#2933,1.);
#2933 = DIRECTION('',(-0.,-0.,-1.));
#2934 = ORIENTED_EDGE('',*,*,#2913,.F.);
#2935 = ORIENTED_EDGE('',*,*,#2060,.T.);
#2936 = ORIENTED_EDGE('',*,*,#2118,.F.);
#2937 = PLANE('',#2938);
#2938 = AXIS2_PLACEMENT_3D('',#2939,#2940,#2941);
#2939 = CARTESIAN_POINT('',(0.9125,-0.78125,0.75));
#2940 = DIRECTION('',(1.,0.,0.));
#2941 = DIRECTION('',(-0.,1.,0.));
#2942 = ADVANCED_FACE('',(#2943),#2949,.F.);
#2943 = FACE_BOUND('',#2944,.F.);
#2944 = EDGE_LOOP('',(#2945,#2946,#2947,#2948));
#2945 = ORIENTED_EDGE('',*,*,#2905,.F.);
#2946 = ORIENTED_EDGE('',*,*,#2929,.T.);
#2947 = ORIENTED_EDGE('',*,*,#2108,.F.);
#2948 = ORIENTED_EDGE('',*,*,#2164,.T.);
#2949 = PLANE('',#2950);
#2950 = AXIS2_PLACEMENT_3D('',#2951,#2952,#2953);
#2951 = CARTESIAN_POINT('',(0.9125,-0.46875,0.75));
#2952 = DIRECTION('',(0.,1.,0.));
#2953 = DIRECTION('',(-1.,0.,0.));
#2954 = ADVANCED_FACE('',(#2955),#2971,.F.);
#2955 = FACE_BOUND('',#2956,.F.);
#2956 = EDGE_LOOP('',(#2957,#2958,#2964,#2965));
#2957 = ORIENTED_EDGE('',*,*,#2890,.F.);
#2958 = ORIENTED_EDGE('',*,*,#2959,.T.);
#2959 = EDGE_CURVE('',#2891,#2142,#2960,.T.);
#2960 = LINE('',#2961,#2962);
#2961 = CARTESIAN_POINT('',(0.9125,0.46875,0.75));
#2962 = VECTOR('',#2963,1.);
#2963 = DIRECTION('',(-0.,-0.,-1.));
#2964 = ORIENTED_EDGE('',*,*,#2149,.F.);
#2965 = ORIENTED_EDGE('',*,*,#2966,.F.);
#2966 = EDGE_CURVE('',#2883,#2133,#2967,.T.);
#2967 = LINE('',#2968,#2969);
#2968 = CARTESIAN_POINT('',(0.9125,0.625,0.375));
#2969 = VECTOR('',#2970,1.);
#2970 = DIRECTION('',(0.,0.,-1.));
#2971 = PLANE('',#2972);
#2972 = AXIS2_PLACEMENT_3D('',#2973,#2974,#2975);
#2973 = CARTESIAN_POINT('',(0.9125,0.46875,0.75));
#2974 = DIRECTION('',(1.,0.,0.));
#2975 = DIRECTION('',(-0.,1.,0.));
#2976 = ADVANCED_FACE('',(#2977),#2983,.F.);
#2977 = FACE_BOUND('',#2978,.F.);
#2978 = EDGE_LOOP('',(#2979,#2980,#2981,#2982));
#2979 = ORIENTED_EDGE('',*,*,#2959,.F.);
#2980 = ORIENTED_EDGE('',*,*,#2898,.F.);
#2981 = ORIENTED_EDGE('',*,*,#2181,.F.);
#2982 = ORIENTED_EDGE('',*,*,#2141,.F.);
#2983 = PLANE('',#2984);
#2984 = AXIS2_PLACEMENT_3D('',#2985,#2986,#2987);
#2985 = CARTESIAN_POINT('',(-0.9125,0.46875,0.75));
#2986 = DIRECTION('',(0.,-1.,0.));
#2987 = DIRECTION('',(1.,0.,0.));
#2988 = ADVANCED_FACE('',(#2989),#3001,.T.);
#2989 = FACE_BOUND('',#2990,.T.);
#2990 = EDGE_LOOP('',(#2991,#2992,#2993,#2994,#2995,#2996,#2997,#2998,
    #2999,#3000));
#2991 = ORIENTED_EDGE('',*,*,#2369,.F.);
#2992 = ORIENTED_EDGE('',*,*,#2440,.F.);
#2993 = ORIENTED_EDGE('',*,*,#2476,.T.);
#2994 = ORIENTED_EDGE('',*,*,#2500,.T.);
#2995 = ORIENTED_EDGE('',*,*,#2324,.T.);
#2996 = ORIENTED_EDGE('',*,*,#2285,.F.);
#2997 = ORIENTED_EDGE('',*,*,#2212,.F.);
#2998 = ORIENTED_EDGE('',*,*,#2204,.F.);
#2999 = ORIENTED_EDGE('',*,*,#2196,.T.);
#3000 = ORIENTED_EDGE('',*,*,#2571,.F.);
#3001 = PLANE('',#3002);
#3002 = AXIS2_PLACEMENT_3D('',#3003,#3004,#3005);
#3003 = CARTESIAN_POINT('',(-1.,0.625,0.));
#3004 = DIRECTION('',(0.,1.,0.));
#3005 = DIRECTION('',(0.,-0.,1.));
#3006 = ADVANCED_FACE('',(#3007),#3019,.T.);
#3007 = FACE_BOUND('',#3008,.T.);
#3008 = EDGE_LOOP('',(#3009,#3010,#3011,#3012,#3013,#3014,#3015,#3016,
    #3017,#3018));
#3009 = ORIENTED_EDGE('',*,*,#2780,.F.);
#3010 = ORIENTED_EDGE('',*,*,#2603,.F.);
#3011 = ORIENTED_EDGE('',*,*,#2237,.T.);
#3012 = ORIENTED_EDGE('',*,*,#2229,.T.);
#3013 = ORIENTED_EDGE('',*,*,#2221,.F.);
#3014 = ORIENTED_EDGE('',*,*,#2966,.F.);
#3015 = ORIENTED_EDGE('',*,*,#2882,.T.);
#3016 = ORIENTED_EDGE('',*,*,#2858,.F.);
#3017 = ORIENTED_EDGE('',*,*,#2835,.F.);
#3018 = ORIENTED_EDGE('',*,*,#2810,.T.);
#3019 = PLANE('',#3020);
#3020 = AXIS2_PLACEMENT_3D('',#3021,#3022,#3023);
#3021 = CARTESIAN_POINT('',(0.65,0.625,0.));
#3022 = DIRECTION('',(0.,1.,0.));
#3023 = DIRECTION('',(0.,-0.,1.));
#3024 = ADVANCED_FACE('',(#3025),#3030,.T.);
#3025 = FACE_BOUND('',#3026,.T.);
#3026 = EDGE_LOOP('',(#3027,#3028,#3029));
#3027 = ORIENTED_EDGE('',*,*,#2749,.T.);
#3028 = ORIENTED_EDGE('',*,*,#2725,.T.);
#3029 = ORIENTED_EDGE('',*,*,#2766,.T.);
#3030 = PLANE('',#3031);
#3031 = AXIS2_PLACEMENT_3D('',#3032,#3033,#3034);
#3032 = CARTESIAN_POINT('',(0.144337567297,9.251858538543E-18,1.75E-02)
  );
#3033 = DIRECTION('',(-0.,-0.,-1.));
#3034 = DIRECTION('',(-1.,0.,0.));
#3035 = ( GEOMETRIC_REPRESENTATION_CONTEXT(3) 
GLOBAL_UNCERTAINTY_ASSIGNED_CONTEXT((#3039)) 
GLOBAL_UNIT_ASSIGNED_CONTEXT((#3036,#3037,#3038)) REPRESENTATION_CONTEXT
('Context #1','3D Context with UNIT and UNCERTAINTY') );
#3036 = ( LENGTH_UNIT() NAMED_UNIT(*) SI_UNIT(.MILLI.,.METRE.) );
#3037 = ( NAMED_UNIT(*) PLANE_ANGLE_UNIT() SI_UNIT($,.RADIAN.) );
#3038 = ( NAMED_UNIT(*) SI_UNIT($,.STERADIAN.) SOLID_ANGLE_UNIT() );
#3039 = UNCERTAINTY_MEASURE_WITH_UNIT(LENGTH_MEASURE(1.E-07),#3036,
  'distance_accuracy_value','confusion accuracy');
#3040 = CONTEXT_DEPENDENT_SHAPE_REPRESENTATION(#3041,#3043);
#3041 = ( REPRESENTATION_RELATIONSHIP('','',#1511,#10) 
REPRESENTATION_RELATIONSHIP_WITH_TRANSFORMATION(#3042) 
SHAPE_REPRESENTATION_RELATIONSHIP() );
#3042 = ITEM_DEFINED_TRANSFORMATION('','',#11,#19);
#3043 = PRODUCT_DEFINITION_SHAPE('Placement','Placement of an item',
  #3044);
#3044 = NEXT_ASSEMBLY_USAGE_OCCURRENCE('2','D2','',#5,#1506,$);
#3045 = PRODUCT_RELATED_PRODUCT_CATEGORY('part',$,(#1508));
#3046 = SHAPE_DEFINITION_REPRESENTATION(#3047,#3053);
#3047 = PRODUCT_DEFINITION_SHAPE('','',#3048);
#3048 = PRODUCT_DEFINITION('design','',#3049,#3052);
#3049 = PRODUCT_DEFINITION_FORMATION('','',#3050);
#3050 = PRODUCT('C_0805_2012Metric','C_0805_2012Metric','',(#3051));
#3051 = PRODUCT_CONTEXT('',#2,'mechanical');
#3052 = PRODUCT_DEFINITION_CONTEXT('part definition',#2,'design');
#3053 = ADVANCED_BREP_SHAPE_REPRESENTATION('',(#11,#3054),#3908);
#3054 = MANIFOLD_SOLID_BREP('',#3055);
#3055 = CLOSED_SHELL('',(#3056,#3132,#3163,#3188,#3213,#3237,#3261,#3286
    ,#3311,#3328,#3414,#3446,#3470,#3495,#3519,#3544,#3568,#3593,#3610,
    #3696,#3727,#3752,#3777,#3801,#3825,#3850,#3875,#3892));
#3056 = ADVANCED_FACE('',(#3057),#3127,.F.);
#3057 = FACE_BOUND('',#3058,.F.);
#3058 = EDGE_LOOP('',(#3059,#3069,#3078,#3086,#3095,#3103,#3112,#3120));
#3059 = ORIENTED_EDGE('',*,*,#3060,.F.);
#3060 = EDGE_CURVE('',#3061,#3063,#3065,.T.);
#3061 = VERTEX_POINT('',#3062);
#3062 = CARTESIAN_POINT('',(-1.,-0.625,4.E-02));
#3063 = VERTEX_POINT('',#3064);
#3064 = CARTESIAN_POINT('',(-1.,-0.625,1.21));
#3065 = LINE('',#3066,#3067);
#3066 = CARTESIAN_POINT('',(-1.,-0.625,0.));
#3067 = VECTOR('',#3068,1.);
#3068 = DIRECTION('',(0.,0.,1.));
#3069 = ORIENTED_EDGE('',*,*,#3070,.T.);
#3070 = EDGE_CURVE('',#3061,#3071,#3073,.T.);
#3071 = VERTEX_POINT('',#3072);
#3072 = CARTESIAN_POINT('',(-1.,-0.585,0.));
#3073 = CIRCLE('',#3074,4.E-02);
#3074 = AXIS2_PLACEMENT_3D('',#3075,#3076,#3077);
#3075 = CARTESIAN_POINT('',(-1.,-0.585,4.E-02));
#3076 = DIRECTION('',(1.,0.,-0.));
#3077 = DIRECTION('',(0.,0.,1.));
#3078 = ORIENTED_EDGE('',*,*,#3079,.T.);
#3079 = EDGE_CURVE('',#3071,#3080,#3082,.T.);
#3080 = VERTEX_POINT('',#3081);
#3081 = CARTESIAN_POINT('',(-1.,0.585,0.));
#3082 = LINE('',#3083,#3084);
#3083 = CARTESIAN_POINT('',(-1.,-0.625,0.));
#3084 = VECTOR('',#3085,1.);
#3085 = DIRECTION('',(0.,1.,0.));
#3086 = ORIENTED_EDGE('',*,*,#3087,.F.);
#3087 = EDGE_CURVE('',#3088,#3080,#3090,.T.);
#3088 = VERTEX_POINT('',#3089);
#3089 = CARTESIAN_POINT('',(-1.,0.625,4.E-02));
#3090 = CIRCLE('',#3091,4.E-02);
#3091 = AXIS2_PLACEMENT_3D('',#3092,#3093,#3094);
#3092 = CARTESIAN_POINT('',(-1.,0.585,4.E-02));
#3093 = DIRECTION('',(-1.,0.,0.));
#3094 = DIRECTION('',(0.,0.,1.));
#3095 = ORIENTED_EDGE('',*,*,#3096,.T.);
#3096 = EDGE_CURVE('',#3088,#3097,#3099,.T.);
#3097 = VERTEX_POINT('',#3098);
#3098 = CARTESIAN_POINT('',(-1.,0.625,1.21));
#3099 = LINE('',#3100,#3101);
#3100 = CARTESIAN_POINT('',(-1.,0.625,0.));
#3101 = VECTOR('',#3102,1.);
#3102 = DIRECTION('',(0.,0.,1.));
#3103 = ORIENTED_EDGE('',*,*,#3104,.T.);
#3104 = EDGE_CURVE('',#3097,#3105,#3107,.T.);
#3105 = VERTEX_POINT('',#3106);
#3106 = CARTESIAN_POINT('',(-1.,0.585,1.25));
#3107 = CIRCLE('',#3108,4.E-02);
#3108 = AXIS2_PLACEMENT_3D('',#3109,#3110,#3111);
#3109 = CARTESIAN_POINT('',(-1.,0.585,1.21));
#3110 = DIRECTION('',(1.,0.,-0.));
#3111 = DIRECTION('',(0.,0.,1.));
#3112 = ORIENTED_EDGE('',*,*,#3113,.F.);
#3113 = EDGE_CURVE('',#3114,#3105,#3116,.T.);
#3114 = VERTEX_POINT('',#3115);
#3115 = CARTESIAN_POINT('',(-1.,-0.585,1.25));
#3116 = LINE('',#3117,#3118);
#3117 = CARTESIAN_POINT('',(-1.,-0.625,1.25));
#3118 = VECTOR('',#3119,1.);
#3119 = DIRECTION('',(0.,1.,0.));
#3120 = ORIENTED_EDGE('',*,*,#3121,.F.);
#3121 = EDGE_CURVE('',#3063,#3114,#3122,.T.);
#3122 = CIRCLE('',#3123,4.E-02);
#3123 = AXIS2_PLACEMENT_3D('',#3124,#3125,#3126);
#3124 = CARTESIAN_POINT('',(-1.,-0.585,1.21));
#3125 = DIRECTION('',(-1.,0.,0.));
#3126 = DIRECTION('',(0.,0.,1.));
#3127 = PLANE('',#3128);
#3128 = AXIS2_PLACEMENT_3D('',#3129,#3130,#3131);
#3129 = CARTESIAN_POINT('',(-1.,-0.625,0.));
#3130 = DIRECTION('',(1.,0.,0.));
#3131 = DIRECTION('',(0.,0.,1.));
#3132 = ADVANCED_FACE('',(#3133),#3158,.F.);
#3133 = FACE_BOUND('',#3134,.F.);
#3134 = EDGE_LOOP('',(#3135,#3145,#3151,#3152));
#3135 = ORIENTED_EDGE('',*,*,#3136,.F.);
#3136 = EDGE_CURVE('',#3137,#3139,#3141,.T.);
#3137 = VERTEX_POINT('',#3138);
#3138 = CARTESIAN_POINT('',(-0.6,-0.625,4.E-02));
#3139 = VERTEX_POINT('',#3140);
#3140 = CARTESIAN_POINT('',(-0.6,-0.625,1.21));
#3141 = LINE('',#3142,#3143);
#3142 = CARTESIAN_POINT('',(-0.6,-0.625,0.));
#3143 = VECTOR('',#3144,1.);
#3144 = DIRECTION('',(0.,0.,1.));
#3145 = ORIENTED_EDGE('',*,*,#3146,.F.);
#3146 = EDGE_CURVE('',#3061,#3137,#3147,.T.);
#3147 = LINE('',#3148,#3149);
#3148 = CARTESIAN_POINT('',(-1.,-0.625,4.E-02));
#3149 = VECTOR('',#3150,1.);
#3150 = DIRECTION('',(1.,0.,0.));
#3151 = ORIENTED_EDGE('',*,*,#3060,.T.);
#3152 = ORIENTED_EDGE('',*,*,#3153,.T.);
#3153 = EDGE_CURVE('',#3063,#3139,#3154,.T.);
#3154 = LINE('',#3155,#3156);
#3155 = CARTESIAN_POINT('',(-1.,-0.625,1.21));
#3156 = VECTOR('',#3157,1.);
#3157 = DIRECTION('',(1.,0.,0.));
#3158 = PLANE('',#3159);
#3159 = AXIS2_PLACEMENT_3D('',#3160,#3161,#3162);
#3160 = CARTESIAN_POINT('',(-1.,-0.625,0.));
#3161 = DIRECTION('',(0.,1.,0.));
#3162 = DIRECTION('',(0.,-0.,1.));
#3163 = ADVANCED_FACE('',(#3164),#3183,.T.);
#3164 = FACE_BOUND('',#3165,.T.);
#3165 = EDGE_LOOP('',(#3166,#3167,#3175,#3182));
#3166 = ORIENTED_EDGE('',*,*,#3070,.T.);
#3167 = ORIENTED_EDGE('',*,*,#3168,.T.);
#3168 = EDGE_CURVE('',#3071,#3169,#3171,.T.);
#3169 = VERTEX_POINT('',#3170);
#3170 = CARTESIAN_POINT('',(-0.6,-0.585,0.));
#3171 = LINE('',#3172,#3173);
#3172 = CARTESIAN_POINT('',(-1.,-0.585,0.));
#3173 = VECTOR('',#3174,1.);
#3174 = DIRECTION('',(1.,0.,0.));
#3175 = ORIENTED_EDGE('',*,*,#3176,.F.);
#3176 = EDGE_CURVE('',#3137,#3169,#3177,.T.);
#3177 = CIRCLE('',#3178,4.E-02);
#3178 = AXIS2_PLACEMENT_3D('',#3179,#3180,#3181);
#3179 = CARTESIAN_POINT('',(-0.6,-0.585,4.E-02));
#3180 = DIRECTION('',(1.,0.,-0.));
#3181 = DIRECTION('',(0.,0.,1.));
#3182 = ORIENTED_EDGE('',*,*,#3146,.F.);
#3183 = CYLINDRICAL_SURFACE('',#3184,4.E-02);
#3184 = AXIS2_PLACEMENT_3D('',#3185,#3186,#3187);
#3185 = CARTESIAN_POINT('',(-1.,-0.585,4.E-02));
#3186 = DIRECTION('',(1.,0.,0.));
#3187 = DIRECTION('',(0.,-1.,0.));
#3188 = ADVANCED_FACE('',(#3189),#3208,.T.);
#3189 = FACE_BOUND('',#3190,.T.);
#3190 = EDGE_LOOP('',(#3191,#3192,#3201,#3207));
#3191 = ORIENTED_EDGE('',*,*,#3153,.T.);
#3192 = ORIENTED_EDGE('',*,*,#3193,.T.);
#3193 = EDGE_CURVE('',#3139,#3194,#3196,.T.);
#3194 = VERTEX_POINT('',#3195);
#3195 = CARTESIAN_POINT('',(-0.6,-0.585,1.25));
#3196 = CIRCLE('',#3197,4.E-02);
#3197 = AXIS2_PLACEMENT_3D('',#3198,#3199,#3200);
#3198 = CARTESIAN_POINT('',(-0.6,-0.585,1.21));
#3199 = DIRECTION('',(-1.,0.,0.));
#3200 = DIRECTION('',(0.,0.,1.));
#3201 = ORIENTED_EDGE('',*,*,#3202,.F.);
#3202 = EDGE_CURVE('',#3114,#3194,#3203,.T.);
#3203 = LINE('',#3204,#3205);
#3204 = CARTESIAN_POINT('',(-1.,-0.585,1.25));
#3205 = VECTOR('',#3206,1.);
#3206 = DIRECTION('',(1.,0.,0.));
#3207 = ORIENTED_EDGE('',*,*,#3121,.F.);
#3208 = CYLINDRICAL_SURFACE('',#3209,4.E-02);
#3209 = AXIS2_PLACEMENT_3D('',#3210,#3211,#3212);
#3210 = CARTESIAN_POINT('',(-1.,-0.585,1.21));
#3211 = DIRECTION('',(1.,0.,0.));
#3212 = DIRECTION('',(0.,-1.,0.));
#3213 = ADVANCED_FACE('',(#3214),#3232,.F.);
#3214 = FACE_BOUND('',#3215,.F.);
#3215 = EDGE_LOOP('',(#3216,#3217,#3218,#3226));
#3216 = ORIENTED_EDGE('',*,*,#3079,.F.);
#3217 = ORIENTED_EDGE('',*,*,#3168,.T.);
#3218 = ORIENTED_EDGE('',*,*,#3219,.T.);
#3219 = EDGE_CURVE('',#3169,#3220,#3222,.T.);
#3220 = VERTEX_POINT('',#3221);
#3221 = CARTESIAN_POINT('',(-0.6,0.585,0.));
#3222 = LINE('',#3223,#3224);
#3223 = CARTESIAN_POINT('',(-0.6,-0.625,0.));
#3224 = VECTOR('',#3225,1.);
#3225 = DIRECTION('',(0.,1.,0.));
#3226 = ORIENTED_EDGE('',*,*,#3227,.F.);
#3227 = EDGE_CURVE('',#3080,#3220,#3228,.T.);
#3228 = LINE('',#3229,#3230);
#3229 = CARTESIAN_POINT('',(-1.,0.585,0.));
#3230 = VECTOR('',#3231,1.);
#3231 = DIRECTION('',(1.,0.,0.));
#3232 = PLANE('',#3233);
#3233 = AXIS2_PLACEMENT_3D('',#3234,#3235,#3236);
#3234 = CARTESIAN_POINT('',(-1.,-0.625,0.));
#3235 = DIRECTION('',(0.,0.,1.));
#3236 = DIRECTION('',(1.,0.,-0.));
#3237 = ADVANCED_FACE('',(#3238),#3256,.T.);
#3238 = FACE_BOUND('',#3239,.T.);
#3239 = EDGE_LOOP('',(#3240,#3241,#3242,#3250));
#3240 = ORIENTED_EDGE('',*,*,#3113,.F.);
#3241 = ORIENTED_EDGE('',*,*,#3202,.T.);
#3242 = ORIENTED_EDGE('',*,*,#3243,.T.);
#3243 = EDGE_CURVE('',#3194,#3244,#3246,.T.);
#3244 = VERTEX_POINT('',#3245);
#3245 = CARTESIAN_POINT('',(-0.6,0.585,1.25));
#3246 = LINE('',#3247,#3248);
#3247 = CARTESIAN_POINT('',(-0.6,-0.625,1.25));
#3248 = VECTOR('',#3249,1.);
#3249 = DIRECTION('',(0.,1.,0.));
#3250 = ORIENTED_EDGE('',*,*,#3251,.F.);
#3251 = EDGE_CURVE('',#3105,#3244,#3252,.T.);
#3252 = LINE('',#3253,#3254);
#3253 = CARTESIAN_POINT('',(-1.,0.585,1.25));
#3254 = VECTOR('',#3255,1.);
#3255 = DIRECTION('',(1.,0.,0.));
#3256 = PLANE('',#3257);
#3257 = AXIS2_PLACEMENT_3D('',#3258,#3259,#3260);
#3258 = CARTESIAN_POINT('',(-1.,-0.625,1.25));
#3259 = DIRECTION('',(0.,0.,1.));
#3260 = DIRECTION('',(1.,0.,-0.));
#3261 = ADVANCED_FACE('',(#3262),#3281,.T.);
#3262 = FACE_BOUND('',#3263,.T.);
#3263 = EDGE_LOOP('',(#3264,#3272,#3279,#3280));
#3264 = ORIENTED_EDGE('',*,*,#3265,.T.);
#3265 = EDGE_CURVE('',#3088,#3266,#3268,.T.);
#3266 = VERTEX_POINT('',#3267);
#3267 = CARTESIAN_POINT('',(-0.6,0.625,4.E-02));
#3268 = LINE('',#3269,#3270);
#3269 = CARTESIAN_POINT('',(-1.,0.625,4.E-02));
#3270 = VECTOR('',#3271,1.);
#3271 = DIRECTION('',(1.,0.,0.));
#3272 = ORIENTED_EDGE('',*,*,#3273,.T.);
#3273 = EDGE_CURVE('',#3266,#3220,#3274,.T.);
#3274 = CIRCLE('',#3275,4.E-02);
#3275 = AXIS2_PLACEMENT_3D('',#3276,#3277,#3278);
#3276 = CARTESIAN_POINT('',(-0.6,0.585,4.E-02));
#3277 = DIRECTION('',(-1.,0.,0.));
#3278 = DIRECTION('',(0.,0.,1.));
#3279 = ORIENTED_EDGE('',*,*,#3227,.F.);
#3280 = ORIENTED_EDGE('',*,*,#3087,.F.);
#3281 = CYLINDRICAL_SURFACE('',#3282,4.E-02);
#3282 = AXIS2_PLACEMENT_3D('',#3283,#3284,#3285);
#3283 = CARTESIAN_POINT('',(-1.,0.585,4.E-02));
#3284 = DIRECTION('',(1.,0.,0.));
#3285 = DIRECTION('',(-0.,1.,0.));
#3286 = ADVANCED_FACE('',(#3287),#3306,.T.);
#3287 = FACE_BOUND('',#3288,.T.);
#3288 = EDGE_LOOP('',(#3289,#3290,#3291,#3300));
#3289 = ORIENTED_EDGE('',*,*,#3104,.T.);
#3290 = ORIENTED_EDGE('',*,*,#3251,.T.);
#3291 = ORIENTED_EDGE('',*,*,#3292,.F.);
#3292 = EDGE_CURVE('',#3293,#3244,#3295,.T.);
#3293 = VERTEX_POINT('',#3294);
#3294 = CARTESIAN_POINT('',(-0.6,0.625,1.21));
#3295 = CIRCLE('',#3296,4.E-02);
#3296 = AXIS2_PLACEMENT_3D('',#3297,#3298,#3299);
#3297 = CARTESIAN_POINT('',(-0.6,0.585,1.21));
#3298 = DIRECTION('',(1.,0.,-0.));
#3299 = DIRECTION('',(0.,0.,1.));
#3300 = ORIENTED_EDGE('',*,*,#3301,.F.);
#3301 = EDGE_CURVE('',#3097,#3293,#3302,.T.);
#3302 = LINE('',#3303,#3304);
#3303 = CARTESIAN_POINT('',(-1.,0.625,1.21));
#3304 = VECTOR('',#3305,1.);
#3305 = DIRECTION('',(1.,0.,0.));
#3306 = CYLINDRICAL_SURFACE('',#3307,4.E-02);
#3307 = AXIS2_PLACEMENT_3D('',#3308,#3309,#3310);
#3308 = CARTESIAN_POINT('',(-1.,0.585,1.21));
#3309 = DIRECTION('',(1.,0.,0.));
#3310 = DIRECTION('',(-0.,1.,0.));
#3311 = ADVANCED_FACE('',(#3312),#3323,.T.);
#3312 = FACE_BOUND('',#3313,.T.);
#3313 = EDGE_LOOP('',(#3314,#3320,#3321,#3322));
#3314 = ORIENTED_EDGE('',*,*,#3315,.F.);
#3315 = EDGE_CURVE('',#3266,#3293,#3316,.T.);
#3316 = LINE('',#3317,#3318);
#3317 = CARTESIAN_POINT('',(-0.6,0.625,0.));
#3318 = VECTOR('',#3319,1.);
#3319 = DIRECTION('',(0.,0.,1.));
#3320 = ORIENTED_EDGE('',*,*,#3265,.F.);
#3321 = ORIENTED_EDGE('',*,*,#3096,.T.);
#3322 = ORIENTED_EDGE('',*,*,#3301,.T.);
#3323 = PLANE('',#3324);
#3324 = AXIS2_PLACEMENT_3D('',#3325,#3326,#3327);
#3325 = CARTESIAN_POINT('',(-1.,0.625,0.));
#3326 = DIRECTION('',(0.,1.,0.));
#3327 = DIRECTION('',(0.,-0.,1.));
#3328 = ADVANCED_FACE('',(#3329,#3339),#3409,.T.);
#3329 = FACE_BOUND('',#3330,.T.);
#3330 = EDGE_LOOP('',(#3331,#3332,#3333,#3334,#3335,#3336,#3337,#3338));
#3331 = ORIENTED_EDGE('',*,*,#3136,.F.);
#3332 = ORIENTED_EDGE('',*,*,#3176,.T.);
#3333 = ORIENTED_EDGE('',*,*,#3219,.T.);
#3334 = ORIENTED_EDGE('',*,*,#3273,.F.);
#3335 = ORIENTED_EDGE('',*,*,#3315,.T.);
#3336 = ORIENTED_EDGE('',*,*,#3292,.T.);
#3337 = ORIENTED_EDGE('',*,*,#3243,.F.);
#3338 = ORIENTED_EDGE('',*,*,#3193,.F.);
#3339 = FACE_BOUND('',#3340,.T.);
#3340 = EDGE_LOOP('',(#3341,#3352,#3360,#3369,#3377,#3386,#3394,#3403));
#3341 = ORIENTED_EDGE('',*,*,#3342,.F.);
#3342 = EDGE_CURVE('',#3343,#3345,#3347,.T.);
#3343 = VERTEX_POINT('',#3344);
#3344 = CARTESIAN_POINT('',(-0.6,-0.585,8.E-02));
#3345 = VERTEX_POINT('',#3346);
#3346 = CARTESIAN_POINT('',(-0.6,-0.545,4.E-02));
#3347 = CIRCLE('',#3348,4.E-02);
#3348 = AXIS2_PLACEMENT_3D('',#3349,#3350,#3351);
#3349 = CARTESIAN_POINT('',(-0.6,-0.545,8.E-02));
#3350 = DIRECTION('',(1.,0.,-0.));
#3351 = DIRECTION('',(0.,0.,1.));
#3352 = ORIENTED_EDGE('',*,*,#3353,.T.);
#3353 = EDGE_CURVE('',#3343,#3354,#3356,.T.);
#3354 = VERTEX_POINT('',#3355);
#3355 = CARTESIAN_POINT('',(-0.6,-0.585,1.17));
#3356 = LINE('',#3357,#3358);
#3357 = CARTESIAN_POINT('',(-0.6,-0.585,4.E-02));
#3358 = VECTOR('',#3359,1.);
#3359 = DIRECTION('',(0.,0.,1.));
#3360 = ORIENTED_EDGE('',*,*,#3361,.T.);
#3361 = EDGE_CURVE('',#3354,#3362,#3364,.T.);
#3362 = VERTEX_POINT('',#3363);
#3363 = CARTESIAN_POINT('',(-0.6,-0.545,1.21));
#3364 = CIRCLE('',#3365,4.E-02);
#3365 = AXIS2_PLACEMENT_3D('',#3366,#3367,#3368);
#3366 = CARTESIAN_POINT('',(-0.6,-0.545,1.17));
#3367 = DIRECTION('',(-1.,0.,0.));
#3368 = DIRECTION('',(0.,0.,1.));
#3369 = ORIENTED_EDGE('',*,*,#3370,.T.);
#3370 = EDGE_CURVE('',#3362,#3371,#3373,.T.);
#3371 = VERTEX_POINT('',#3372);
#3372 = CARTESIAN_POINT('',(-0.6,0.545,1.21));
#3373 = LINE('',#3374,#3375);
#3374 = CARTESIAN_POINT('',(-0.6,-0.585,1.21));
#3375 = VECTOR('',#3376,1.);
#3376 = DIRECTION('',(0.,1.,0.));
#3377 = ORIENTED_EDGE('',*,*,#3378,.F.);
#3378 = EDGE_CURVE('',#3379,#3371,#3381,.T.);
#3379 = VERTEX_POINT('',#3380);
#3380 = CARTESIAN_POINT('',(-0.6,0.585,1.17));
#3381 = CIRCLE('',#3382,4.E-02);
#3382 = AXIS2_PLACEMENT_3D('',#3383,#3384,#3385);
#3383 = CARTESIAN_POINT('',(-0.6,0.545,1.17));
#3384 = DIRECTION('',(1.,0.,-0.));
#3385 = DIRECTION('',(0.,0.,1.));
#3386 = ORIENTED_EDGE('',*,*,#3387,.F.);
#3387 = EDGE_CURVE('',#3388,#3379,#3390,.T.);
#3388 = VERTEX_POINT('',#3389);
#3389 = CARTESIAN_POINT('',(-0.6,0.585,8.E-02));
#3390 = LINE('',#3391,#3392);
#3391 = CARTESIAN_POINT('',(-0.6,0.585,4.E-02));
#3392 = VECTOR('',#3393,1.);
#3393 = DIRECTION('',(0.,0.,1.));
#3394 = ORIENTED_EDGE('',*,*,#3395,.T.);
#3395 = EDGE_CURVE('',#3388,#3396,#3398,.T.);
#3396 = VERTEX_POINT('',#3397);
#3397 = CARTESIAN_POINT('',(-0.6,0.545,4.E-02));
#3398 = CIRCLE('',#3399,4.E-02);
#3399 = AXIS2_PLACEMENT_3D('',#3400,#3401,#3402);
#3400 = CARTESIAN_POINT('',(-0.6,0.545,8.E-02));
#3401 = DIRECTION('',(-1.,0.,0.));
#3402 = DIRECTION('',(0.,0.,1.));
#3403 = ORIENTED_EDGE('',*,*,#3404,.F.);
#3404 = EDGE_CURVE('',#3345,#3396,#3405,.T.);
#3405 = LINE('',#3406,#3407);
#3406 = CARTESIAN_POINT('',(-0.6,-0.585,4.E-02));
#3407 = VECTOR('',#3408,1.);
#3408 = DIRECTION('',(0.,1.,0.));
#3409 = PLANE('',#3410);
#3410 = AXIS2_PLACEMENT_3D('',#3411,#3412,#3413);
#3411 = CARTESIAN_POINT('',(-0.6,-0.625,0.));
#3412 = DIRECTION('',(1.,0.,0.));
#3413 = DIRECTION('',(0.,0.,1.));
#3414 = ADVANCED_FACE('',(#3415),#3441,.T.);
#3415 = FACE_BOUND('',#3416,.T.);
#3416 = EDGE_LOOP('',(#3417,#3418,#3426,#3435));
#3417 = ORIENTED_EDGE('',*,*,#3342,.T.);
#3418 = ORIENTED_EDGE('',*,*,#3419,.T.);
#3419 = EDGE_CURVE('',#3345,#3420,#3422,.T.);
#3420 = VERTEX_POINT('',#3421);
#3421 = CARTESIAN_POINT('',(0.6,-0.545,4.E-02));
#3422 = LINE('',#3423,#3424);
#3423 = CARTESIAN_POINT('',(-0.6,-0.545,4.E-02));
#3424 = VECTOR('',#3425,1.);
#3425 = DIRECTION('',(1.,0.,0.));
#3426 = ORIENTED_EDGE('',*,*,#3427,.F.);
#3427 = EDGE_CURVE('',#3428,#3420,#3430,.T.);
#3428 = VERTEX_POINT('',#3429);
#3429 = CARTESIAN_POINT('',(0.6,-0.585,8.E-02));
#3430 = CIRCLE('',#3431,4.E-02);
#3431 = AXIS2_PLACEMENT_3D('',#3432,#3433,#3434);
#3432 = CARTESIAN_POINT('',(0.6,-0.545,8.E-02));
#3433 = DIRECTION('',(1.,0.,-0.));
#3434 = DIRECTION('',(0.,0.,1.));
#3435 = ORIENTED_EDGE('',*,*,#3436,.F.);
#3436 = EDGE_CURVE('',#3343,#3428,#3437,.T.);
#3437 = LINE('',#3438,#3439);
#3438 = CARTESIAN_POINT('',(-0.6,-0.585,8.E-02));
#3439 = VECTOR('',#3440,1.);
#3440 = DIRECTION('',(1.,0.,0.));
#3441 = CYLINDRICAL_SURFACE('',#3442,4.E-02);
#3442 = AXIS2_PLACEMENT_3D('',#3443,#3444,#3445);
#3443 = CARTESIAN_POINT('',(-0.6,-0.545,8.E-02));
#3444 = DIRECTION('',(1.,0.,0.));
#3445 = DIRECTION('',(0.,-1.,0.));
#3446 = ADVANCED_FACE('',(#3447),#3465,.F.);
#3447 = FACE_BOUND('',#3448,.F.);
#3448 = EDGE_LOOP('',(#3449,#3450,#3451,#3459));
#3449 = ORIENTED_EDGE('',*,*,#3404,.F.);
#3450 = ORIENTED_EDGE('',*,*,#3419,.T.);
#3451 = ORIENTED_EDGE('',*,*,#3452,.T.);
#3452 = EDGE_CURVE('',#3420,#3453,#3455,.T.);
#3453 = VERTEX_POINT('',#3454);
#3454 = CARTESIAN_POINT('',(0.6,0.545,4.E-02));
#3455 = LINE('',#3456,#3457);
#3456 = CARTESIAN_POINT('',(0.6,-0.585,4.E-02));
#3457 = VECTOR('',#3458,1.);
#3458 = DIRECTION('',(0.,1.,0.));
#3459 = ORIENTED_EDGE('',*,*,#3460,.F.);
#3460 = EDGE_CURVE('',#3396,#3453,#3461,.T.);
#3461 = LINE('',#3462,#3463);
#3462 = CARTESIAN_POINT('',(-0.6,0.545,4.E-02));
#3463 = VECTOR('',#3464,1.);
#3464 = DIRECTION('',(1.,0.,0.));
#3465 = PLANE('',#3466);
#3466 = AXIS2_PLACEMENT_3D('',#3467,#3468,#3469);
#3467 = CARTESIAN_POINT('',(-0.6,-0.585,4.E-02));
#3468 = DIRECTION('',(0.,0.,1.));
#3469 = DIRECTION('',(1.,0.,-0.));
#3470 = ADVANCED_FACE('',(#3471),#3490,.T.);
#3471 = FACE_BOUND('',#3472,.T.);
#3472 = EDGE_LOOP('',(#3473,#3481,#3488,#3489));
#3473 = ORIENTED_EDGE('',*,*,#3474,.T.);
#3474 = EDGE_CURVE('',#3388,#3475,#3477,.T.);
#3475 = VERTEX_POINT('',#3476);
#3476 = CARTESIAN_POINT('',(0.6,0.585,8.E-02));
#3477 = LINE('',#3478,#3479);
#3478 = CARTESIAN_POINT('',(-0.6,0.585,8.E-02));
#3479 = VECTOR('',#3480,1.);
#3480 = DIRECTION('',(1.,0.,0.));
#3481 = ORIENTED_EDGE('',*,*,#3482,.T.);
#3482 = EDGE_CURVE('',#3475,#3453,#3483,.T.);
#3483 = CIRCLE('',#3484,4.E-02);
#3484 = AXIS2_PLACEMENT_3D('',#3485,#3486,#3487);
#3485 = CARTESIAN_POINT('',(0.6,0.545,8.E-02));
#3486 = DIRECTION('',(-1.,0.,0.));
#3487 = DIRECTION('',(0.,0.,1.));
#3488 = ORIENTED_EDGE('',*,*,#3460,.F.);
#3489 = ORIENTED_EDGE('',*,*,#3395,.F.);
#3490 = CYLINDRICAL_SURFACE('',#3491,4.E-02);
#3491 = AXIS2_PLACEMENT_3D('',#3492,#3493,#3494);
#3492 = CARTESIAN_POINT('',(-0.6,0.545,8.E-02));
#3493 = DIRECTION('',(1.,0.,0.));
#3494 = DIRECTION('',(-0.,1.,0.));
#3495 = ADVANCED_FACE('',(#3496),#3514,.T.);
#3496 = FACE_BOUND('',#3497,.T.);
#3497 = EDGE_LOOP('',(#3498,#3506,#3507,#3508));
#3498 = ORIENTED_EDGE('',*,*,#3499,.F.);
#3499 = EDGE_CURVE('',#3475,#3500,#3502,.T.);
#3500 = VERTEX_POINT('',#3501);
#3501 = CARTESIAN_POINT('',(0.6,0.585,1.17));
#3502 = LINE('',#3503,#3504);
#3503 = CARTESIAN_POINT('',(0.6,0.585,4.E-02));
#3504 = VECTOR('',#3505,1.);
#3505 = DIRECTION('',(0.,0.,1.));
#3506 = ORIENTED_EDGE('',*,*,#3474,.F.);
#3507 = ORIENTED_EDGE('',*,*,#3387,.T.);
#3508 = ORIENTED_EDGE('',*,*,#3509,.T.);
#3509 = EDGE_CURVE('',#3379,#3500,#3510,.T.);
#3510 = LINE('',#3511,#3512);
#3511 = CARTESIAN_POINT('',(-0.6,0.585,1.17));
#3512 = VECTOR('',#3513,1.);
#3513 = DIRECTION('',(1.,0.,0.));
#3514 = PLANE('',#3515);
#3515 = AXIS2_PLACEMENT_3D('',#3516,#3517,#3518);
#3516 = CARTESIAN_POINT('',(-0.6,0.585,4.E-02));
#3517 = DIRECTION('',(0.,1.,0.));
#3518 = DIRECTION('',(0.,-0.,1.));
#3519 = ADVANCED_FACE('',(#3520),#3539,.T.);
#3520 = FACE_BOUND('',#3521,.T.);
#3521 = EDGE_LOOP('',(#3522,#3523,#3531,#3538));
#3522 = ORIENTED_EDGE('',*,*,#3378,.T.);
#3523 = ORIENTED_EDGE('',*,*,#3524,.T.);
#3524 = EDGE_CURVE('',#3371,#3525,#3527,.T.);
#3525 = VERTEX_POINT('',#3526);
#3526 = CARTESIAN_POINT('',(0.6,0.545,1.21));
#3527 = LINE('',#3528,#3529);
#3528 = CARTESIAN_POINT('',(-0.6,0.545,1.21));
#3529 = VECTOR('',#3530,1.);
#3530 = DIRECTION('',(1.,0.,0.));
#3531 = ORIENTED_EDGE('',*,*,#3532,.F.);
#3532 = EDGE_CURVE('',#3500,#3525,#3533,.T.);
#3533 = CIRCLE('',#3534,4.E-02);
#3534 = AXIS2_PLACEMENT_3D('',#3535,#3536,#3537);
#3535 = CARTESIAN_POINT('',(0.6,0.545,1.17));
#3536 = DIRECTION('',(1.,0.,-0.));
#3537 = DIRECTION('',(0.,0.,1.));
#3538 = ORIENTED_EDGE('',*,*,#3509,.F.);
#3539 = CYLINDRICAL_SURFACE('',#3540,4.E-02);
#3540 = AXIS2_PLACEMENT_3D('',#3541,#3542,#3543);
#3541 = CARTESIAN_POINT('',(-0.6,0.545,1.17));
#3542 = DIRECTION('',(1.,0.,0.));
#3543 = DIRECTION('',(-0.,1.,0.));
#3544 = ADVANCED_FACE('',(#3545),#3563,.T.);
#3545 = FACE_BOUND('',#3546,.T.);
#3546 = EDGE_LOOP('',(#3547,#3548,#3556,#3562));
#3547 = ORIENTED_EDGE('',*,*,#3370,.F.);
#3548 = ORIENTED_EDGE('',*,*,#3549,.T.);
#3549 = EDGE_CURVE('',#3362,#3550,#3552,.T.);
#3550 = VERTEX_POINT('',#3551);
#3551 = CARTESIAN_POINT('',(0.6,-0.545,1.21));
#3552 = LINE('',#3553,#3554);
#3553 = CARTESIAN_POINT('',(-0.6,-0.545,1.21));
#3554 = VECTOR('',#3555,1.);
#3555 = DIRECTION('',(1.,0.,0.));
#3556 = ORIENTED_EDGE('',*,*,#3557,.T.);
#3557 = EDGE_CURVE('',#3550,#3525,#3558,.T.);
#3558 = LINE('',#3559,#3560);
#3559 = CARTESIAN_POINT('',(0.6,-0.585,1.21));
#3560 = VECTOR('',#3561,1.);
#3561 = DIRECTION('',(0.,1.,0.));
#3562 = ORIENTED_EDGE('',*,*,#3524,.F.);
#3563 = PLANE('',#3564);
#3564 = AXIS2_PLACEMENT_3D('',#3565,#3566,#3567);
#3565 = CARTESIAN_POINT('',(-0.6,-0.585,1.21));
#3566 = DIRECTION('',(0.,0.,1.));
#3567 = DIRECTION('',(1.,0.,-0.));
#3568 = ADVANCED_FACE('',(#3569),#3588,.T.);
#3569 = FACE_BOUND('',#3570,.T.);
#3570 = EDGE_LOOP('',(#3571,#3579,#3586,#3587));
#3571 = ORIENTED_EDGE('',*,*,#3572,.T.);
#3572 = EDGE_CURVE('',#3354,#3573,#3575,.T.);
#3573 = VERTEX_POINT('',#3574);
#3574 = CARTESIAN_POINT('',(0.6,-0.585,1.17));
#3575 = LINE('',#3576,#3577);
#3576 = CARTESIAN_POINT('',(-0.6,-0.585,1.17));
#3577 = VECTOR('',#3578,1.);
#3578 = DIRECTION('',(1.,0.,0.));
#3579 = ORIENTED_EDGE('',*,*,#3580,.T.);
#3580 = EDGE_CURVE('',#3573,#3550,#3581,.T.);
#3581 = CIRCLE('',#3582,4.E-02);
#3582 = AXIS2_PLACEMENT_3D('',#3583,#3584,#3585);
#3583 = CARTESIAN_POINT('',(0.6,-0.545,1.17));
#3584 = DIRECTION('',(-1.,0.,0.));
#3585 = DIRECTION('',(0.,0.,1.));
#3586 = ORIENTED_EDGE('',*,*,#3549,.F.);
#3587 = ORIENTED_EDGE('',*,*,#3361,.F.);
#3588 = CYLINDRICAL_SURFACE('',#3589,4.E-02);
#3589 = AXIS2_PLACEMENT_3D('',#3590,#3591,#3592);
#3590 = CARTESIAN_POINT('',(-0.6,-0.545,1.17));
#3591 = DIRECTION('',(1.,0.,0.));
#3592 = DIRECTION('',(0.,-1.,0.));
#3593 = ADVANCED_FACE('',(#3594),#3605,.F.);
#3594 = FACE_BOUND('',#3595,.F.);
#3595 = EDGE_LOOP('',(#3596,#3602,#3603,#3604));
#3596 = ORIENTED_EDGE('',*,*,#3597,.F.);
#3597 = EDGE_CURVE('',#3428,#3573,#3598,.T.);
#3598 = LINE('',#3599,#3600);
#3599 = CARTESIAN_POINT('',(0.6,-0.585,4.E-02));
#3600 = VECTOR('',#3601,1.);
#3601 = DIRECTION('',(0.,0.,1.));
#3602 = ORIENTED_EDGE('',*,*,#3436,.F.);
#3603 = ORIENTED_EDGE('',*,*,#3353,.T.);
#3604 = ORIENTED_EDGE('',*,*,#3572,.T.);
#3605 = PLANE('',#3606);
#3606 = AXIS2_PLACEMENT_3D('',#3607,#3608,#3609);
#3607 = CARTESIAN_POINT('',(-0.6,-0.585,4.E-02));
#3608 = DIRECTION('',(0.,1.,0.));
#3609 = DIRECTION('',(0.,-0.,1.));
#3610 = ADVANCED_FACE('',(#3611,#3681),#3691,.F.);
#3611 = FACE_BOUND('',#3612,.F.);
#3612 = EDGE_LOOP('',(#3613,#3623,#3632,#3640,#3649,#3657,#3666,#3674));
#3613 = ORIENTED_EDGE('',*,*,#3614,.F.);
#3614 = EDGE_CURVE('',#3615,#3617,#3619,.T.);
#3615 = VERTEX_POINT('',#3616);
#3616 = CARTESIAN_POINT('',(0.6,-0.625,4.E-02));
#3617 = VERTEX_POINT('',#3618);
#3618 = CARTESIAN_POINT('',(0.6,-0.625,1.21));
#3619 = LINE('',#3620,#3621);
#3620 = CARTESIAN_POINT('',(0.6,-0.625,0.));
#3621 = VECTOR('',#3622,1.);
#3622 = DIRECTION('',(0.,0.,1.));
#3623 = ORIENTED_EDGE('',*,*,#3624,.T.);
#3624 = EDGE_CURVE('',#3615,#3625,#3627,.T.);
#3625 = VERTEX_POINT('',#3626);
#3626 = CARTESIAN_POINT('',(0.6,-0.585,0.));
#3627 = CIRCLE('',#3628,4.E-02);
#3628 = AXIS2_PLACEMENT_3D('',#3629,#3630,#3631);
#3629 = CARTESIAN_POINT('',(0.6,-0.585,4.E-02));
#3630 = DIRECTION('',(1.,0.,-0.));
#3631 = DIRECTION('',(0.,0.,1.));
#3632 = ORIENTED_EDGE('',*,*,#3633,.T.);
#3633 = EDGE_CURVE('',#3625,#3634,#3636,.T.);
#3634 = VERTEX_POINT('',#3635);
#3635 = CARTESIAN_POINT('',(0.6,0.585,0.));
#3636 = LINE('',#3637,#3638);
#3637 = CARTESIAN_POINT('',(0.6,-0.625,0.));
#3638 = VECTOR('',#3639,1.);
#3639 = DIRECTION('',(0.,1.,0.));
#3640 = ORIENTED_EDGE('',*,*,#3641,.F.);
#3641 = EDGE_CURVE('',#3642,#3634,#3644,.T.);
#3642 = VERTEX_POINT('',#3643);
#3643 = CARTESIAN_POINT('',(0.6,0.625,4.E-02));
#3644 = CIRCLE('',#3645,4.E-02);
#3645 = AXIS2_PLACEMENT_3D('',#3646,#3647,#3648);
#3646 = CARTESIAN_POINT('',(0.6,0.585,4.E-02));
#3647 = DIRECTION('',(-1.,0.,0.));
#3648 = DIRECTION('',(0.,0.,1.));
#3649 = ORIENTED_EDGE('',*,*,#3650,.T.);
#3650 = EDGE_CURVE('',#3642,#3651,#3653,.T.);
#3651 = VERTEX_POINT('',#3652);
#3652 = CARTESIAN_POINT('',(0.6,0.625,1.21));
#3653 = LINE('',#3654,#3655);
#3654 = CARTESIAN_POINT('',(0.6,0.625,0.));
#3655 = VECTOR('',#3656,1.);
#3656 = DIRECTION('',(0.,0.,1.));
#3657 = ORIENTED_EDGE('',*,*,#3658,.T.);
#3658 = EDGE_CURVE('',#3651,#3659,#3661,.T.);
#3659 = VERTEX_POINT('',#3660);
#3660 = CARTESIAN_POINT('',(0.6,0.585,1.25));
#3661 = CIRCLE('',#3662,4.E-02);
#3662 = AXIS2_PLACEMENT_3D('',#3663,#3664,#3665);
#3663 = CARTESIAN_POINT('',(0.6,0.585,1.21));
#3664 = DIRECTION('',(1.,0.,-0.));
#3665 = DIRECTION('',(0.,0.,1.));
#3666 = ORIENTED_EDGE('',*,*,#3667,.F.);
#3667 = EDGE_CURVE('',#3668,#3659,#3670,.T.);
#3668 = VERTEX_POINT('',#3669);
#3669 = CARTESIAN_POINT('',(0.6,-0.585,1.25));
#3670 = LINE('',#3671,#3672);
#3671 = CARTESIAN_POINT('',(0.6,-0.625,1.25));
#3672 = VECTOR('',#3673,1.);
#3673 = DIRECTION('',(0.,1.,0.));
#3674 = ORIENTED_EDGE('',*,*,#3675,.F.);
#3675 = EDGE_CURVE('',#3617,#3668,#3676,.T.);
#3676 = CIRCLE('',#3677,4.E-02);
#3677 = AXIS2_PLACEMENT_3D('',#3678,#3679,#3680);
#3678 = CARTESIAN_POINT('',(0.6,-0.585,1.21));
#3679 = DIRECTION('',(-1.,0.,0.));
#3680 = DIRECTION('',(0.,0.,1.));
#3681 = FACE_BOUND('',#3682,.F.);
#3682 = EDGE_LOOP('',(#3683,#3684,#3685,#3686,#3687,#3688,#3689,#3690));
#3683 = ORIENTED_EDGE('',*,*,#3427,.F.);
#3684 = ORIENTED_EDGE('',*,*,#3597,.T.);
#3685 = ORIENTED_EDGE('',*,*,#3580,.T.);
#3686 = ORIENTED_EDGE('',*,*,#3557,.T.);
#3687 = ORIENTED_EDGE('',*,*,#3532,.F.);
#3688 = ORIENTED_EDGE('',*,*,#3499,.F.);
#3689 = ORIENTED_EDGE('',*,*,#3482,.T.);
#3690 = ORIENTED_EDGE('',*,*,#3452,.F.);
#3691 = PLANE('',#3692);
#3692 = AXIS2_PLACEMENT_3D('',#3693,#3694,#3695);
#3693 = CARTESIAN_POINT('',(0.6,-0.625,0.));
#3694 = DIRECTION('',(1.,0.,0.));
#3695 = DIRECTION('',(0.,0.,1.));
#3696 = ADVANCED_FACE('',(#3697),#3722,.F.);
#3697 = FACE_BOUND('',#3698,.F.);
#3698 = EDGE_LOOP('',(#3699,#3709,#3715,#3716));
#3699 = ORIENTED_EDGE('',*,*,#3700,.F.);
#3700 = EDGE_CURVE('',#3701,#3703,#3705,.T.);
#3701 = VERTEX_POINT('',#3702);
#3702 = CARTESIAN_POINT('',(1.,-0.625,4.E-02));
#3703 = VERTEX_POINT('',#3704);
#3704 = CARTESIAN_POINT('',(1.,-0.625,1.21));
#3705 = LINE('',#3706,#3707);
#3706 = CARTESIAN_POINT('',(1.,-0.625,0.));
#3707 = VECTOR('',#3708,1.);
#3708 = DIRECTION('',(0.,0.,1.));
#3709 = ORIENTED_EDGE('',*,*,#3710,.F.);
#3710 = EDGE_CURVE('',#3615,#3701,#3711,.T.);
#3711 = LINE('',#3712,#3713);
#3712 = CARTESIAN_POINT('',(0.6,-0.625,4.E-02));
#3713 = VECTOR('',#3714,1.);
#3714 = DIRECTION('',(1.,0.,0.));
#3715 = ORIENTED_EDGE('',*,*,#3614,.T.);
#3716 = ORIENTED_EDGE('',*,*,#3717,.T.);
#3717 = EDGE_CURVE('',#3617,#3703,#3718,.T.);
#3718 = LINE('',#3719,#3720);
#3719 = CARTESIAN_POINT('',(0.6,-0.625,1.21));
#3720 = VECTOR('',#3721,1.);
#3721 = DIRECTION('',(1.,0.,0.));
#3722 = PLANE('',#3723);
#3723 = AXIS2_PLACEMENT_3D('',#3724,#3725,#3726);
#3724 = CARTESIAN_POINT('',(0.6,-0.625,0.));
#3725 = DIRECTION('',(0.,1.,0.));
#3726 = DIRECTION('',(0.,-0.,1.));
#3727 = ADVANCED_FACE('',(#3728),#3747,.T.);
#3728 = FACE_BOUND('',#3729,.T.);
#3729 = EDGE_LOOP('',(#3730,#3731,#3739,#3746));
#3730 = ORIENTED_EDGE('',*,*,#3624,.T.);
#3731 = ORIENTED_EDGE('',*,*,#3732,.T.);
#3732 = EDGE_CURVE('',#3625,#3733,#3735,.T.);
#3733 = VERTEX_POINT('',#3734);
#3734 = CARTESIAN_POINT('',(1.,-0.585,0.));
#3735 = LINE('',#3736,#3737);
#3736 = CARTESIAN_POINT('',(0.6,-0.585,0.));
#3737 = VECTOR('',#3738,1.);
#3738 = DIRECTION('',(1.,0.,0.));
#3739 = ORIENTED_EDGE('',*,*,#3740,.F.);
#3740 = EDGE_CURVE('',#3701,#3733,#3741,.T.);
#3741 = CIRCLE('',#3742,4.E-02);
#3742 = AXIS2_PLACEMENT_3D('',#3743,#3744,#3745);
#3743 = CARTESIAN_POINT('',(1.,-0.585,4.E-02));
#3744 = DIRECTION('',(1.,0.,-0.));
#3745 = DIRECTION('',(0.,0.,1.));
#3746 = ORIENTED_EDGE('',*,*,#3710,.F.);
#3747 = CYLINDRICAL_SURFACE('',#3748,4.E-02);
#3748 = AXIS2_PLACEMENT_3D('',#3749,#3750,#3751);
#3749 = CARTESIAN_POINT('',(0.6,-0.585,4.E-02));
#3750 = DIRECTION('',(1.,0.,0.));
#3751 = DIRECTION('',(0.,-1.,0.));
#3752 = ADVANCED_FACE('',(#3753),#3772,.T.);
#3753 = FACE_BOUND('',#3754,.T.);
#3754 = EDGE_LOOP('',(#3755,#3756,#3765,#3771));
#3755 = ORIENTED_EDGE('',*,*,#3717,.T.);
#3756 = ORIENTED_EDGE('',*,*,#3757,.T.);
#3757 = EDGE_CURVE('',#3703,#3758,#3760,.T.);
#3758 = VERTEX_POINT('',#3759);
#3759 = CARTESIAN_POINT('',(1.,-0.585,1.25));
#3760 = CIRCLE('',#3761,4.E-02);
#3761 = AXIS2_PLACEMENT_3D('',#3762,#3763,#3764);
#3762 = CARTESIAN_POINT('',(1.,-0.585,1.21));
#3763 = DIRECTION('',(-1.,0.,0.));
#3764 = DIRECTION('',(0.,0.,1.));
#3765 = ORIENTED_EDGE('',*,*,#3766,.F.);
#3766 = EDGE_CURVE('',#3668,#3758,#3767,.T.);
#3767 = LINE('',#3768,#3769);
#3768 = CARTESIAN_POINT('',(0.6,-0.585,1.25));
#3769 = VECTOR('',#3770,1.);
#3770 = DIRECTION('',(1.,0.,0.));
#3771 = ORIENTED_EDGE('',*,*,#3675,.F.);
#3772 = CYLINDRICAL_SURFACE('',#3773,4.E-02);
#3773 = AXIS2_PLACEMENT_3D('',#3774,#3775,#3776);
#3774 = CARTESIAN_POINT('',(0.6,-0.585,1.21));
#3775 = DIRECTION('',(1.,0.,0.));
#3776 = DIRECTION('',(0.,-1.,0.));
#3777 = ADVANCED_FACE('',(#3778),#3796,.F.);
#3778 = FACE_BOUND('',#3779,.F.);
#3779 = EDGE_LOOP('',(#3780,#3781,#3782,#3790));
#3780 = ORIENTED_EDGE('',*,*,#3633,.F.);
#3781 = ORIENTED_EDGE('',*,*,#3732,.T.);
#3782 = ORIENTED_EDGE('',*,*,#3783,.T.);
#3783 = EDGE_CURVE('',#3733,#3784,#3786,.T.);
#3784 = VERTEX_POINT('',#3785);
#3785 = CARTESIAN_POINT('',(1.,0.585,0.));
#3786 = LINE('',#3787,#3788);
#3787 = CARTESIAN_POINT('',(1.,-0.625,0.));
#3788 = VECTOR('',#3789,1.);
#3789 = DIRECTION('',(0.,1.,0.));
#3790 = ORIENTED_EDGE('',*,*,#3791,.F.);
#3791 = EDGE_CURVE('',#3634,#3784,#3792,.T.);
#3792 = LINE('',#3793,#3794);
#3793 = CARTESIAN_POINT('',(0.6,0.585,0.));
#3794 = VECTOR('',#3795,1.);
#3795 = DIRECTION('',(1.,0.,0.));
#3796 = PLANE('',#3797);
#3797 = AXIS2_PLACEMENT_3D('',#3798,#3799,#3800);
#3798 = CARTESIAN_POINT('',(0.6,-0.625,0.));
#3799 = DIRECTION('',(0.,0.,1.));
#3800 = DIRECTION('',(1.,0.,-0.));
#3801 = ADVANCED_FACE('',(#3802),#3820,.T.);
#3802 = FACE_BOUND('',#3803,.T.);
#3803 = EDGE_LOOP('',(#3804,#3805,#3806,#3814));
#3804 = ORIENTED_EDGE('',*,*,#3667,.F.);
#3805 = ORIENTED_EDGE('',*,*,#3766,.T.);
#3806 = ORIENTED_EDGE('',*,*,#3807,.T.);
#3807 = EDGE_CURVE('',#3758,#3808,#3810,.T.);
#3808 = VERTEX_POINT('',#3809);
#3809 = CARTESIAN_POINT('',(1.,0.585,1.25));
#3810 = LINE('',#3811,#3812);
#3811 = CARTESIAN_POINT('',(1.,-0.625,1.25));
#3812 = VECTOR('',#3813,1.);
#3813 = DIRECTION('',(0.,1.,0.));
#3814 = ORIENTED_EDGE('',*,*,#3815,.F.);
#3815 = EDGE_CURVE('',#3659,#3808,#3816,.T.);
#3816 = LINE('',#3817,#3818);
#3817 = CARTESIAN_POINT('',(0.6,0.585,1.25));
#3818 = VECTOR('',#3819,1.);
#3819 = DIRECTION('',(1.,0.,0.));
#3820 = PLANE('',#3821);
#3821 = AXIS2_PLACEMENT_3D('',#3822,#3823,#3824);
#3822 = CARTESIAN_POINT('',(0.6,-0.625,1.25));
#3823 = DIRECTION('',(0.,0.,1.));
#3824 = DIRECTION('',(1.,0.,-0.));
#3825 = ADVANCED_FACE('',(#3826),#3845,.T.);
#3826 = FACE_BOUND('',#3827,.T.);
#3827 = EDGE_LOOP('',(#3828,#3836,#3843,#3844));
#3828 = ORIENTED_EDGE('',*,*,#3829,.T.);
#3829 = EDGE_CURVE('',#3642,#3830,#3832,.T.);
#3830 = VERTEX_POINT('',#3831);
#3831 = CARTESIAN_POINT('',(1.,0.625,4.E-02));
#3832 = LINE('',#3833,#3834);
#3833 = CARTESIAN_POINT('',(0.6,0.625,4.E-02));
#3834 = VECTOR('',#3835,1.);
#3835 = DIRECTION('',(1.,0.,0.));
#3836 = ORIENTED_EDGE('',*,*,#3837,.T.);
#3837 = EDGE_CURVE('',#3830,#3784,#3838,.T.);
#3838 = CIRCLE('',#3839,4.E-02);
#3839 = AXIS2_PLACEMENT_3D('',#3840,#3841,#3842);
#3840 = CARTESIAN_POINT('',(1.,0.585,4.E-02));
#3841 = DIRECTION('',(-1.,0.,0.));
#3842 = DIRECTION('',(0.,0.,1.));
#3843 = ORIENTED_EDGE('',*,*,#3791,.F.);
#3844 = ORIENTED_EDGE('',*,*,#3641,.F.);
#3845 = CYLINDRICAL_SURFACE('',#3846,4.E-02);
#3846 = AXIS2_PLACEMENT_3D('',#3847,#3848,#3849);
#3847 = CARTESIAN_POINT('',(0.6,0.585,4.E-02));
#3848 = DIRECTION('',(1.,0.,0.));
#3849 = DIRECTION('',(-0.,1.,0.));
#3850 = ADVANCED_FACE('',(#3851),#3870,.T.);
#3851 = FACE_BOUND('',#3852,.T.);
#3852 = EDGE_LOOP('',(#3853,#3854,#3855,#3864));
#3853 = ORIENTED_EDGE('',*,*,#3658,.T.);
#3854 = ORIENTED_EDGE('',*,*,#3815,.T.);
#3855 = ORIENTED_EDGE('',*,*,#3856,.F.);
#3856 = EDGE_CURVE('',#3857,#3808,#3859,.T.);
#3857 = VERTEX_POINT('',#3858);
#3858 = CARTESIAN_POINT('',(1.,0.625,1.21));
#3859 = CIRCLE('',#3860,4.E-02);
#3860 = AXIS2_PLACEMENT_3D('',#3861,#3862,#3863);
#3861 = CARTESIAN_POINT('',(1.,0.585,1.21));
#3862 = DIRECTION('',(1.,0.,-0.));
#3863 = DIRECTION('',(0.,0.,1.));
#3864 = ORIENTED_EDGE('',*,*,#3865,.F.);
#3865 = EDGE_CURVE('',#3651,#3857,#3866,.T.);
#3866 = LINE('',#3867,#3868);
#3867 = CARTESIAN_POINT('',(0.6,0.625,1.21));
#3868 = VECTOR('',#3869,1.);
#3869 = DIRECTION('',(1.,0.,0.));
#3870 = CYLINDRICAL_SURFACE('',#3871,4.E-02);
#3871 = AXIS2_PLACEMENT_3D('',#3872,#3873,#3874);
#3872 = CARTESIAN_POINT('',(0.6,0.585,1.21));
#3873 = DIRECTION('',(1.,0.,0.));
#3874 = DIRECTION('',(-0.,1.,0.));
#3875 = ADVANCED_FACE('',(#3876),#3887,.T.);
#3876 = FACE_BOUND('',#3877,.T.);
#3877 = EDGE_LOOP('',(#3878,#3884,#3885,#3886));
#3878 = ORIENTED_EDGE('',*,*,#3879,.F.);
#3879 = EDGE_CURVE('',#3830,#3857,#3880,.T.);
#3880 = LINE('',#3881,#3882);
#3881 = CARTESIAN_POINT('',(1.,0.625,0.));
#3882 = VECTOR('',#3883,1.);
#3883 = DIRECTION('',(0.,0.,1.));
#3884 = ORIENTED_EDGE('',*,*,#3829,.F.);
#3885 = ORIENTED_EDGE('',*,*,#3650,.T.);
#3886 = ORIENTED_EDGE('',*,*,#3865,.T.);
#3887 = PLANE('',#3888);
#3888 = AXIS2_PLACEMENT_3D('',#3889,#3890,#3891);
#3889 = CARTESIAN_POINT('',(0.6,0.625,0.));
#3890 = DIRECTION('',(0.,1.,0.));
#3891 = DIRECTION('',(0.,-0.,1.));
#3892 = ADVANCED_FACE('',(#3893),#3903,.T.);
#3893 = FACE_BOUND('',#3894,.T.);
#3894 = EDGE_LOOP('',(#3895,#3896,#3897,#3898,#3899,#3900,#3901,#3902));
#3895 = ORIENTED_EDGE('',*,*,#3700,.F.);
#3896 = ORIENTED_EDGE('',*,*,#3740,.T.);
#3897 = ORIENTED_EDGE('',*,*,#3783,.T.);
#3898 = ORIENTED_EDGE('',*,*,#3837,.F.);
#3899 = ORIENTED_EDGE('',*,*,#3879,.T.);
#3900 = ORIENTED_EDGE('',*,*,#3856,.T.);
#3901 = ORIENTED_EDGE('',*,*,#3807,.F.);
#3902 = ORIENTED_EDGE('',*,*,#3757,.F.);
#3903 = PLANE('',#3904);
#3904 = AXIS2_PLACEMENT_3D('',#3905,#3906,#3907);
#3905 = CARTESIAN_POINT('',(1.,-0.625,0.));
#3906 = DIRECTION('',(1.,0.,0.));
#3907 = DIRECTION('',(0.,0.,1.));
#3908 = ( GEOMETRIC_REPRESENTATION_CONTEXT(3) 
GLOBAL_UNCERTAINTY_ASSIGNED_CONTEXT((#3912)) 
GLOBAL_UNIT_ASSIGNED_CONTEXT((#3909,#3910,#3911)) REPRESENTATION_CONTEXT
('Context #1','3D Context with UNIT and UNCERTAINTY') );
#3909 = ( LENGTH_UNIT() NAMED_UNIT(*) SI_UNIT(.MILLI.,.METRE.) );
#3910 = ( NAMED_UNIT(*) PLANE_ANGLE_UNIT() SI_UNIT($,.RADIAN.) );
#3911 = ( NAMED_UNIT(*) SI_UNIT($,.STERADIAN.) SOLID_ANGLE_UNIT() );
#3912 = UNCERTAINTY_MEASURE_WITH_UNIT(LENGTH_MEASURE(1.E-07),#3909,
  'distance_accuracy_value','confusion accuracy');
#3913 = CONTEXT_DEPENDENT_SHAPE_REPRESENTATION(#3914,#3916);
#3914 = ( REPRESENTATION_RELATIONSHIP('','',#3053,#10) 
REPRESENTATION_RELATIONSHIP_WITH_TRANSFORMATION(#3915) 
SHAPE_REPRESENTATION_RELATIONSHIP() );
#3915 = ITEM_DEFINED_TRANSFORMATION('','',#11,#23);
#3916 = PRODUCT_DEFINITION_SHAPE('Placement','Placement of an item',
  #3917);
#3917 = NEXT_ASSEMBLY_USAGE_OCCURRENCE('3','R4','',#5,#3048,$);
#3918 = PRODUCT_RELATED_PRODUCT_CATEGORY('part',$,(#3050));
#3919 = SHAPE_DEFINITION_REPRESENTATION(#3920,#3926);
#3920 = PRODUCT_DEFINITION_SHAPE('','',#3921);
#3921 = PRODUCT_DEFINITION('design','',#3922,#3925);
#3922 = PRODUCT_DEFINITION_FORMATION('','',#3923);
#3923 = PRODUCT('SW_PUSH_6mm','SW_PUSH_6mm','',(#3924));
#3924 = PRODUCT_CONTEXT('',#2,'mechanical');
#3925 = PRODUCT_DEFINITION_CONTEXT('part definition',#2,'design');
#3926 = ADVANCED_BREP_SHAPE_REPRESENTATION('',(#11,#3927),#7156);
#3927 = MANIFOLD_SOLID_BREP('',#3928);
#3928 = CLOSED_SHELL('',(#3929,#3946,#3971,#4094,#4125,#4150,#4175,#4199
    ,#4223,#4248,#4273,#4290,#4315,#4340,#4365,#4390,#4421,#4446,#4471,
    #4559,#4647,#4672,#4697,#4714,#4723,#4749,#4758,#4767,#4811,#4961,
    #4985,#5128,#5278,#5428,#5445,#5595,#5619,#5762,#5912,#6062,#6079,
    #6088,#6105,#6122,#6139,#6156,#6178,#6195,#6212,#6229,#6246,#6258,
    #6275,#6292,#6309,#6326,#6343,#6360,#6377,#6394,#6406,#6428,#6445,
    #6462,#6479,#6496,#6508,#6525,#6542,#6559,#6576,#6593,#6610,#6627,
    #6644,#6656,#6678,#6695,#6712,#6729,#6746,#6758,#6775,#6792,#6809,
    #6826,#6843,#6860,#6877,#6894,#6906,#6928,#6945,#6962,#6979,#6996,
    #7008,#7025,#7042,#7059,#7076,#7093,#7110,#7127,#7144));
#3929 = ADVANCED_FACE('',(#3930),#3941,.F.);
#3930 = FACE_BOUND('',#3931,.T.);
#3931 = EDGE_LOOP('',(#3932));
#3932 = ORIENTED_EDGE('',*,*,#3933,.T.);
#3933 = EDGE_CURVE('',#3934,#3934,#3936,.T.);
#3934 = VERTEX_POINT('',#3935);
#3935 = CARTESIAN_POINT('',(1.65,-4.25,4.1));
#3936 = CIRCLE('',#3937,0.5);
#3937 = AXIS2_PLACEMENT_3D('',#3938,#3939,#3940);
#3938 = CARTESIAN_POINT('',(1.15,-4.25,4.1));
#3939 = DIRECTION('',(0.,0.,1.));
#3940 = DIRECTION('',(1.,0.,-0.));
#3941 = PLANE('',#3942);
#3942 = AXIS2_PLACEMENT_3D('',#3943,#3944,#3945);
#3943 = CARTESIAN_POINT('',(1.65,-4.25,4.1));
#3944 = DIRECTION('',(0.,0.,-1.));
#3945 = DIRECTION('',(-1.,0.,0.));
#3946 = ADVANCED_FACE('',(#3947),#3966,.T.);
#3947 = FACE_BOUND('',#3948,.T.);
#3948 = EDGE_LOOP('',(#3949,#3957,#3958,#3959));
#3949 = ORIENTED_EDGE('',*,*,#3950,.T.);
#3950 = EDGE_CURVE('',#3951,#3934,#3953,.T.);
#3951 = VERTEX_POINT('',#3952);
#3952 = CARTESIAN_POINT('',(1.65,-4.25,3.6));
#3953 = LINE('',#3954,#3955);
#3954 = CARTESIAN_POINT('',(1.65,-4.25,3.5));
#3955 = VECTOR('',#3956,1.);
#3956 = DIRECTION('',(0.,0.,1.));
#3957 = ORIENTED_EDGE('',*,*,#3933,.F.);
#3958 = ORIENTED_EDGE('',*,*,#3950,.F.);
#3959 = ORIENTED_EDGE('',*,*,#3960,.F.);
#3960 = EDGE_CURVE('',#3951,#3951,#3961,.T.);
#3961 = CIRCLE('',#3962,0.5);
#3962 = AXIS2_PLACEMENT_3D('',#3963,#3964,#3965);
#3963 = CARTESIAN_POINT('',(1.15,-4.25,3.6));
#3964 = DIRECTION('',(0.,0.,-1.));
#3965 = DIRECTION('',(1.,0.,0.));
#3966 = CYLINDRICAL_SURFACE('',#3967,0.5);
#3967 = AXIS2_PLACEMENT_3D('',#3968,#3969,#3970);
#3968 = CARTESIAN_POINT('',(1.15,-4.25,3.5));
#3969 = DIRECTION('',(-0.,-0.,-1.));
#3970 = DIRECTION('',(1.,0.,0.));
#3971 = ADVANCED_FACE('',(#3972,#4042,#4053,#4064,#4075,#4086),#4089,.F.
  );
#3972 = FACE_BOUND('',#3973,.F.);
#3973 = EDGE_LOOP('',(#3974,#3984,#3993,#4001,#4010,#4018,#4027,#4035));
#3974 = ORIENTED_EDGE('',*,*,#3975,.F.);
#3975 = EDGE_CURVE('',#3976,#3978,#3980,.T.);
#3976 = VERTEX_POINT('',#3977);
#3977 = CARTESIAN_POINT('',(0.45,-5.25,3.6));
#3978 = VERTEX_POINT('',#3979);
#3979 = CARTESIAN_POINT('',(5.85,-5.25,3.6));
#3980 = LINE('',#3981,#3982);
#3981 = CARTESIAN_POINT('',(0.15,-5.25,3.6));
#3982 = VECTOR('',#3983,1.);
#3983 = DIRECTION('',(1.,0.,0.));
#3984 = ORIENTED_EDGE('',*,*,#3985,.T.);
#3985 = EDGE_CURVE('',#3976,#3986,#3988,.T.);
#3986 = VERTEX_POINT('',#3987);
#3987 = CARTESIAN_POINT('',(0.15,-4.95,3.6));
#3988 = CIRCLE('',#3989,0.3);
#3989 = AXIS2_PLACEMENT_3D('',#3990,#3991,#3992);
#3990 = CARTESIAN_POINT('',(0.45,-4.95,3.6));
#3991 = DIRECTION('',(-0.,-0.,-1.));
#3992 = DIRECTION('',(0.,-1.,0.));
#3993 = ORIENTED_EDGE('',*,*,#3994,.F.);
#3994 = EDGE_CURVE('',#3995,#3986,#3997,.T.);
#3995 = VERTEX_POINT('',#3996);
#3996 = CARTESIAN_POINT('',(0.15,0.45,3.6));
#3997 = LINE('',#3998,#3999);
#3998 = CARTESIAN_POINT('',(0.15,0.75,3.6));
#3999 = VECTOR('',#4000,1.);
#4000 = DIRECTION('',(0.,-1.,0.));
#4001 = ORIENTED_EDGE('',*,*,#4002,.F.);
#4002 = EDGE_CURVE('',#4003,#3995,#4005,.T.);
#4003 = VERTEX_POINT('',#4004);
#4004 = CARTESIAN_POINT('',(0.45,0.75,3.6));
#4005 = CIRCLE('',#4006,0.3);
#4006 = AXIS2_PLACEMENT_3D('',#4007,#4008,#4009);
#4007 = CARTESIAN_POINT('',(0.45,0.45,3.6));
#4008 = DIRECTION('',(-0.,0.,1.));
#4009 = DIRECTION('',(0.,-1.,0.));
#4010 = ORIENTED_EDGE('',*,*,#4011,.F.);
#4011 = EDGE_CURVE('',#4012,#4003,#4014,.T.);
#4012 = VERTEX_POINT('',#4013);
#4013 = CARTESIAN_POINT('',(5.85,0.75,3.6));
#4014 = LINE('',#4015,#4016);
#4015 = CARTESIAN_POINT('',(6.15,0.75,3.6));
#4016 = VECTOR('',#4017,1.);
#4017 = DIRECTION('',(-1.,0.,0.));
#4018 = ORIENTED_EDGE('',*,*,#4019,.F.);
#4019 = EDGE_CURVE('',#4020,#4012,#4022,.T.);
#4020 = VERTEX_POINT('',#4021);
#4021 = CARTESIAN_POINT('',(6.15,0.45,3.6));
#4022 = CIRCLE('',#4023,0.3);
#4023 = AXIS2_PLACEMENT_3D('',#4024,#4025,#4026);
#4024 = CARTESIAN_POINT('',(5.85,0.45,3.6));
#4025 = DIRECTION('',(-0.,0.,1.));
#4026 = DIRECTION('',(0.,-1.,0.));
#4027 = ORIENTED_EDGE('',*,*,#4028,.F.);
#4028 = EDGE_CURVE('',#4029,#4020,#4031,.T.);
#4029 = VERTEX_POINT('',#4030);
#4030 = CARTESIAN_POINT('',(6.15,-4.95,3.6));
#4031 = LINE('',#4032,#4033);
#4032 = CARTESIAN_POINT('',(6.15,-5.25,3.6));
#4033 = VECTOR('',#4034,1.);
#4034 = DIRECTION('',(0.,1.,0.));
#4035 = ORIENTED_EDGE('',*,*,#4036,.F.);
#4036 = EDGE_CURVE('',#3978,#4029,#4037,.T.);
#4037 = CIRCLE('',#4038,0.3);
#4038 = AXIS2_PLACEMENT_3D('',#4039,#4040,#4041);
#4039 = CARTESIAN_POINT('',(5.85,-4.95,3.6));
#4040 = DIRECTION('',(-0.,0.,1.));
#4041 = DIRECTION('',(0.,-1.,0.));
#4042 = FACE_BOUND('',#4043,.F.);
#4043 = EDGE_LOOP('',(#4044));
#4044 = ORIENTED_EDGE('',*,*,#4045,.F.);
#4045 = EDGE_CURVE('',#4046,#4046,#4048,.T.);
#4046 = VERTEX_POINT('',#4047);
#4047 = CARTESIAN_POINT('',(5.65,-4.25,3.6));
#4048 = CIRCLE('',#4049,0.5);
#4049 = AXIS2_PLACEMENT_3D('',#4050,#4051,#4052);
#4050 = CARTESIAN_POINT('',(5.15,-4.25,3.6));
#4051 = DIRECTION('',(0.,0.,-1.));
#4052 = DIRECTION('',(1.,0.,0.));
#4053 = FACE_BOUND('',#4054,.F.);
#4054 = EDGE_LOOP('',(#4055));
#4055 = ORIENTED_EDGE('',*,*,#4056,.F.);
#4056 = EDGE_CURVE('',#4057,#4057,#4059,.T.);
#4057 = VERTEX_POINT('',#4058);
#4058 = CARTESIAN_POINT('',(4.9,-2.25,3.6));
#4059 = CIRCLE('',#4060,1.75);
#4060 = AXIS2_PLACEMENT_3D('',#4061,#4062,#4063);
#4061 = CARTESIAN_POINT('',(3.15,-2.25,3.6));
#4062 = DIRECTION('',(0.,0.,-1.));
#4063 = DIRECTION('',(1.,0.,0.));
#4064 = FACE_BOUND('',#4065,.F.);
#4065 = EDGE_LOOP('',(#4066));
#4066 = ORIENTED_EDGE('',*,*,#4067,.F.);
#4067 = EDGE_CURVE('',#4068,#4068,#4070,.T.);
#4068 = VERTEX_POINT('',#4069);
#4069 = CARTESIAN_POINT('',(1.65,-0.25,3.6));
#4070 = CIRCLE('',#4071,0.5);
#4071 = AXIS2_PLACEMENT_3D('',#4072,#4073,#4074);
#4072 = CARTESIAN_POINT('',(1.15,-0.25,3.6));
#4073 = DIRECTION('',(0.,0.,-1.));
#4074 = DIRECTION('',(1.,0.,0.));
#4075 = FACE_BOUND('',#4076,.F.);
#4076 = EDGE_LOOP('',(#4077));
#4077 = ORIENTED_EDGE('',*,*,#4078,.F.);
#4078 = EDGE_CURVE('',#4079,#4079,#4081,.T.);
#4079 = VERTEX_POINT('',#4080);
#4080 = CARTESIAN_POINT('',(5.65,-0.25,3.6));
#4081 = CIRCLE('',#4082,0.5);
#4082 = AXIS2_PLACEMENT_3D('',#4083,#4084,#4085);
#4083 = CARTESIAN_POINT('',(5.15,-0.25,3.6));
#4084 = DIRECTION('',(0.,0.,-1.));
#4085 = DIRECTION('',(1.,0.,0.));
#4086 = FACE_BOUND('',#4087,.F.);
#4087 = EDGE_LOOP('',(#4088));
#4088 = ORIENTED_EDGE('',*,*,#3960,.F.);
#4089 = PLANE('',#4090);
#4090 = AXIS2_PLACEMENT_3D('',#4091,#4092,#4093);
#4091 = CARTESIAN_POINT('',(0.15,-5.25,3.6));
#4092 = DIRECTION('',(0.,0.,-1.));
#4093 = DIRECTION('',(-1.,0.,0.));
#4094 = ADVANCED_FACE('',(#4095),#4120,.F.);
#4095 = FACE_BOUND('',#4096,.F.);
#4096 = EDGE_LOOP('',(#4097,#4107,#4113,#4114));
#4097 = ORIENTED_EDGE('',*,*,#4098,.F.);
#4098 = EDGE_CURVE('',#4099,#4101,#4103,.T.);
#4099 = VERTEX_POINT('',#4100);
#4100 = CARTESIAN_POINT('',(0.45,-5.25,3.5));
#4101 = VERTEX_POINT('',#4102);
#4102 = CARTESIAN_POINT('',(5.85,-5.25,3.5));
#4103 = LINE('',#4104,#4105);
#4104 = CARTESIAN_POINT('',(0.15,-5.25,3.5));
#4105 = VECTOR('',#4106,1.);
#4106 = DIRECTION('',(1.,0.,0.));
#4107 = ORIENTED_EDGE('',*,*,#4108,.T.);
#4108 = EDGE_CURVE('',#4099,#3976,#4109,.T.);
#4109 = LINE('',#4110,#4111);
#4110 = CARTESIAN_POINT('',(0.45,-5.25,3.5));
#4111 = VECTOR('',#4112,1.);
#4112 = DIRECTION('',(0.,0.,1.));
#4113 = ORIENTED_EDGE('',*,*,#3975,.T.);
#4114 = ORIENTED_EDGE('',*,*,#4115,.F.);
#4115 = EDGE_CURVE('',#4101,#3978,#4116,.T.);
#4116 = LINE('',#4117,#4118);
#4117 = CARTESIAN_POINT('',(5.85,-5.25,3.5));
#4118 = VECTOR('',#4119,1.);
#4119 = DIRECTION('',(0.,0.,1.));
#4120 = PLANE('',#4121);
#4121 = AXIS2_PLACEMENT_3D('',#4122,#4123,#4124);
#4122 = CARTESIAN_POINT('',(0.15,-5.25,3.5));
#4123 = DIRECTION('',(0.,1.,0.));
#4124 = DIRECTION('',(1.,0.,0.));
#4125 = ADVANCED_FACE('',(#4126),#4145,.T.);
#4126 = FACE_BOUND('',#4127,.T.);
#4127 = EDGE_LOOP('',(#4128,#4129,#4130,#4138));
#4128 = ORIENTED_EDGE('',*,*,#4108,.T.);
#4129 = ORIENTED_EDGE('',*,*,#3985,.T.);
#4130 = ORIENTED_EDGE('',*,*,#4131,.F.);
#4131 = EDGE_CURVE('',#4132,#3986,#4134,.T.);
#4132 = VERTEX_POINT('',#4133);
#4133 = CARTESIAN_POINT('',(0.15,-4.95,3.5));
#4134 = LINE('',#4135,#4136);
#4135 = CARTESIAN_POINT('',(0.15,-4.95,3.5));
#4136 = VECTOR('',#4137,1.);
#4137 = DIRECTION('',(0.,0.,1.));
#4138 = ORIENTED_EDGE('',*,*,#4139,.F.);
#4139 = EDGE_CURVE('',#4099,#4132,#4140,.T.);
#4140 = CIRCLE('',#4141,0.3);
#4141 = AXIS2_PLACEMENT_3D('',#4142,#4143,#4144);
#4142 = CARTESIAN_POINT('',(0.45,-4.95,3.5));
#4143 = DIRECTION('',(-0.,-0.,-1.));
#4144 = DIRECTION('',(0.,-1.,0.));
#4145 = CYLINDRICAL_SURFACE('',#4146,0.3);
#4146 = AXIS2_PLACEMENT_3D('',#4147,#4148,#4149);
#4147 = CARTESIAN_POINT('',(0.45,-4.95,3.5));
#4148 = DIRECTION('',(0.,0.,1.));
#4149 = DIRECTION('',(0.,-1.,0.));
#4150 = ADVANCED_FACE('',(#4151),#4170,.T.);
#4151 = FACE_BOUND('',#4152,.T.);
#4152 = EDGE_LOOP('',(#4153,#4162,#4168,#4169));
#4153 = ORIENTED_EDGE('',*,*,#4154,.T.);
#4154 = EDGE_CURVE('',#4101,#4155,#4157,.T.);
#4155 = VERTEX_POINT('',#4156);
#4156 = CARTESIAN_POINT('',(6.15,-4.95,3.5));
#4157 = CIRCLE('',#4158,0.3);
#4158 = AXIS2_PLACEMENT_3D('',#4159,#4160,#4161);
#4159 = CARTESIAN_POINT('',(5.85,-4.95,3.5));
#4160 = DIRECTION('',(-0.,0.,1.));
#4161 = DIRECTION('',(0.,-1.,0.));
#4162 = ORIENTED_EDGE('',*,*,#4163,.T.);
#4163 = EDGE_CURVE('',#4155,#4029,#4164,.T.);
#4164 = LINE('',#4165,#4166);
#4165 = CARTESIAN_POINT('',(6.15,-4.95,3.5));
#4166 = VECTOR('',#4167,1.);
#4167 = DIRECTION('',(0.,0.,1.));
#4168 = ORIENTED_EDGE('',*,*,#4036,.F.);
#4169 = ORIENTED_EDGE('',*,*,#4115,.F.);
#4170 = CYLINDRICAL_SURFACE('',#4171,0.3);
#4171 = AXIS2_PLACEMENT_3D('',#4172,#4173,#4174);
#4172 = CARTESIAN_POINT('',(5.85,-4.95,3.5));
#4173 = DIRECTION('',(0.,0.,1.));
#4174 = DIRECTION('',(0.,-1.,0.));
#4175 = ADVANCED_FACE('',(#4176),#4194,.F.);
#4176 = FACE_BOUND('',#4177,.F.);
#4177 = EDGE_LOOP('',(#4178,#4186,#4192,#4193));
#4178 = ORIENTED_EDGE('',*,*,#4179,.F.);
#4179 = EDGE_CURVE('',#4180,#4132,#4182,.T.);
#4180 = VERTEX_POINT('',#4181);
#4181 = CARTESIAN_POINT('',(0.15,0.45,3.5));
#4182 = LINE('',#4183,#4184);
#4183 = CARTESIAN_POINT('',(0.15,0.75,3.5));
#4184 = VECTOR('',#4185,1.);
#4185 = DIRECTION('',(0.,-1.,0.));
#4186 = ORIENTED_EDGE('',*,*,#4187,.T.);
#4187 = EDGE_CURVE('',#4180,#3995,#4188,.T.);
#4188 = LINE('',#4189,#4190);
#4189 = CARTESIAN_POINT('',(0.15,0.45,3.5));
#4190 = VECTOR('',#4191,1.);
#4191 = DIRECTION('',(0.,0.,1.));
#4192 = ORIENTED_EDGE('',*,*,#3994,.T.);
#4193 = ORIENTED_EDGE('',*,*,#4131,.F.);
#4194 = PLANE('',#4195);
#4195 = AXIS2_PLACEMENT_3D('',#4196,#4197,#4198);
#4196 = CARTESIAN_POINT('',(0.15,0.75,3.5));
#4197 = DIRECTION('',(1.,0.,0.));
#4198 = DIRECTION('',(0.,-1.,0.));
#4199 = ADVANCED_FACE('',(#4200),#4218,.F.);
#4200 = FACE_BOUND('',#4201,.F.);
#4201 = EDGE_LOOP('',(#4202,#4210,#4211,#4212));
#4202 = ORIENTED_EDGE('',*,*,#4203,.F.);
#4203 = EDGE_CURVE('',#4155,#4204,#4206,.T.);
#4204 = VERTEX_POINT('',#4205);
#4205 = CARTESIAN_POINT('',(6.15,0.45,3.5));
#4206 = LINE('',#4207,#4208);
#4207 = CARTESIAN_POINT('',(6.15,-5.25,3.5));
#4208 = VECTOR('',#4209,1.);
#4209 = DIRECTION('',(0.,1.,0.));
#4210 = ORIENTED_EDGE('',*,*,#4163,.T.);
#4211 = ORIENTED_EDGE('',*,*,#4028,.T.);
#4212 = ORIENTED_EDGE('',*,*,#4213,.F.);
#4213 = EDGE_CURVE('',#4204,#4020,#4214,.T.);
#4214 = LINE('',#4215,#4216);
#4215 = CARTESIAN_POINT('',(6.15,0.45,3.5));
#4216 = VECTOR('',#4217,1.);
#4217 = DIRECTION('',(0.,0.,1.));
#4218 = PLANE('',#4219);
#4219 = AXIS2_PLACEMENT_3D('',#4220,#4221,#4222);
#4220 = CARTESIAN_POINT('',(6.15,-5.25,3.5));
#4221 = DIRECTION('',(-1.,0.,0.));
#4222 = DIRECTION('',(0.,1.,0.));
#4223 = ADVANCED_FACE('',(#4224),#4243,.T.);
#4224 = FACE_BOUND('',#4225,.T.);
#4225 = EDGE_LOOP('',(#4226,#4235,#4236,#4237));
#4226 = ORIENTED_EDGE('',*,*,#4227,.T.);
#4227 = EDGE_CURVE('',#4228,#4180,#4230,.T.);
#4228 = VERTEX_POINT('',#4229);
#4229 = CARTESIAN_POINT('',(0.45,0.75,3.5));
#4230 = CIRCLE('',#4231,0.3);
#4231 = AXIS2_PLACEMENT_3D('',#4232,#4233,#4234);
#4232 = CARTESIAN_POINT('',(0.45,0.45,3.5));
#4233 = DIRECTION('',(-0.,0.,1.));
#4234 = DIRECTION('',(0.,-1.,0.));
#4235 = ORIENTED_EDGE('',*,*,#4187,.T.);
#4236 = ORIENTED_EDGE('',*,*,#4002,.F.);
#4237 = ORIENTED_EDGE('',*,*,#4238,.F.);
#4238 = EDGE_CURVE('',#4228,#4003,#4239,.T.);
#4239 = LINE('',#4240,#4241);
#4240 = CARTESIAN_POINT('',(0.45,0.75,3.5));
#4241 = VECTOR('',#4242,1.);
#4242 = DIRECTION('',(0.,0.,1.));
#4243 = CYLINDRICAL_SURFACE('',#4244,0.3);
#4244 = AXIS2_PLACEMENT_3D('',#4245,#4246,#4247);
#4245 = CARTESIAN_POINT('',(0.45,0.45,3.5));
#4246 = DIRECTION('',(0.,0.,1.));
#4247 = DIRECTION('',(0.,1.,0.));
#4248 = ADVANCED_FACE('',(#4249),#4268,.T.);
#4249 = FACE_BOUND('',#4250,.T.);
#4250 = EDGE_LOOP('',(#4251,#4260,#4266,#4267));
#4251 = ORIENTED_EDGE('',*,*,#4252,.T.);
#4252 = EDGE_CURVE('',#4204,#4253,#4255,.T.);
#4253 = VERTEX_POINT('',#4254);
#4254 = CARTESIAN_POINT('',(5.85,0.75,3.5));
#4255 = CIRCLE('',#4256,0.3);
#4256 = AXIS2_PLACEMENT_3D('',#4257,#4258,#4259);
#4257 = CARTESIAN_POINT('',(5.85,0.45,3.5));
#4258 = DIRECTION('',(-0.,0.,1.));
#4259 = DIRECTION('',(0.,-1.,0.));
#4260 = ORIENTED_EDGE('',*,*,#4261,.T.);
#4261 = EDGE_CURVE('',#4253,#4012,#4262,.T.);
#4262 = LINE('',#4263,#4264);
#4263 = CARTESIAN_POINT('',(5.85,0.75,3.5));
#4264 = VECTOR('',#4265,1.);
#4265 = DIRECTION('',(0.,0.,1.));
#4266 = ORIENTED_EDGE('',*,*,#4019,.F.);
#4267 = ORIENTED_EDGE('',*,*,#4213,.F.);
#4268 = CYLINDRICAL_SURFACE('',#4269,0.3);
#4269 = AXIS2_PLACEMENT_3D('',#4270,#4271,#4272);
#4270 = CARTESIAN_POINT('',(5.85,0.45,3.5));
#4271 = DIRECTION('',(0.,0.,1.));
#4272 = DIRECTION('',(1.,0.,-0.));
#4273 = ADVANCED_FACE('',(#4274),#4285,.F.);
#4274 = FACE_BOUND('',#4275,.F.);
#4275 = EDGE_LOOP('',(#4276,#4282,#4283,#4284));
#4276 = ORIENTED_EDGE('',*,*,#4277,.F.);
#4277 = EDGE_CURVE('',#4253,#4228,#4278,.T.);
#4278 = LINE('',#4279,#4280);
#4279 = CARTESIAN_POINT('',(6.15,0.75,3.5));
#4280 = VECTOR('',#4281,1.);
#4281 = DIRECTION('',(-1.,0.,0.));
#4282 = ORIENTED_EDGE('',*,*,#4261,.T.);
#4283 = ORIENTED_EDGE('',*,*,#4011,.T.);
#4284 = ORIENTED_EDGE('',*,*,#4238,.F.);
#4285 = PLANE('',#4286);
#4286 = AXIS2_PLACEMENT_3D('',#4287,#4288,#4289);
#4287 = CARTESIAN_POINT('',(6.15,0.75,3.5));
#4288 = DIRECTION('',(0.,-1.,0.));
#4289 = DIRECTION('',(-1.,0.,0.));
#4290 = ADVANCED_FACE('',(#4291),#4310,.T.);
#4291 = FACE_BOUND('',#4292,.T.);
#4292 = EDGE_LOOP('',(#4293,#4301,#4308,#4309));
#4293 = ORIENTED_EDGE('',*,*,#4294,.T.);
#4294 = EDGE_CURVE('',#4046,#4295,#4297,.T.);
#4295 = VERTEX_POINT('',#4296);
#4296 = CARTESIAN_POINT('',(5.65,-4.25,4.1));
#4297 = LINE('',#4298,#4299);
#4298 = CARTESIAN_POINT('',(5.65,-4.25,3.5));
#4299 = VECTOR('',#4300,1.);
#4300 = DIRECTION('',(0.,0.,1.));
#4301 = ORIENTED_EDGE('',*,*,#4302,.F.);
#4302 = EDGE_CURVE('',#4295,#4295,#4303,.T.);
#4303 = CIRCLE('',#4304,0.5);
#4304 = AXIS2_PLACEMENT_3D('',#4305,#4306,#4307);
#4305 = CARTESIAN_POINT('',(5.15,-4.25,4.1));
#4306 = DIRECTION('',(0.,0.,1.));
#4307 = DIRECTION('',(1.,0.,-0.));
#4308 = ORIENTED_EDGE('',*,*,#4294,.F.);
#4309 = ORIENTED_EDGE('',*,*,#4045,.F.);
#4310 = CYLINDRICAL_SURFACE('',#4311,0.5);
#4311 = AXIS2_PLACEMENT_3D('',#4312,#4313,#4314);
#4312 = CARTESIAN_POINT('',(5.15,-4.25,3.5));
#4313 = DIRECTION('',(-0.,-0.,-1.));
#4314 = DIRECTION('',(1.,0.,0.));
#4315 = ADVANCED_FACE('',(#4316),#4335,.T.);
#4316 = FACE_BOUND('',#4317,.T.);
#4317 = EDGE_LOOP('',(#4318,#4326,#4333,#4334));
#4318 = ORIENTED_EDGE('',*,*,#4319,.T.);
#4319 = EDGE_CURVE('',#4057,#4320,#4322,.T.);
#4320 = VERTEX_POINT('',#4321);
#4321 = CARTESIAN_POINT('',(4.9,-2.25,4.2));
#4322 = LINE('',#4323,#4324);
#4323 = CARTESIAN_POINT('',(4.9,-2.25,3.5));
#4324 = VECTOR('',#4325,1.);
#4325 = DIRECTION('',(0.,0.,1.));
#4326 = ORIENTED_EDGE('',*,*,#4327,.F.);
#4327 = EDGE_CURVE('',#4320,#4320,#4328,.T.);
#4328 = CIRCLE('',#4329,1.75);
#4329 = AXIS2_PLACEMENT_3D('',#4330,#4331,#4332);
#4330 = CARTESIAN_POINT('',(3.15,-2.25,4.2));
#4331 = DIRECTION('',(0.,0.,1.));
#4332 = DIRECTION('',(1.,0.,-0.));
#4333 = ORIENTED_EDGE('',*,*,#4319,.F.);
#4334 = ORIENTED_EDGE('',*,*,#4056,.F.);
#4335 = CYLINDRICAL_SURFACE('',#4336,1.75);
#4336 = AXIS2_PLACEMENT_3D('',#4337,#4338,#4339);
#4337 = CARTESIAN_POINT('',(3.15,-2.25,3.5));
#4338 = DIRECTION('',(-0.,-0.,-1.));
#4339 = DIRECTION('',(1.,0.,0.));
#4340 = ADVANCED_FACE('',(#4341),#4360,.T.);
#4341 = FACE_BOUND('',#4342,.T.);
#4342 = EDGE_LOOP('',(#4343,#4351,#4358,#4359));
#4343 = ORIENTED_EDGE('',*,*,#4344,.T.);
#4344 = EDGE_CURVE('',#4068,#4345,#4347,.T.);
#4345 = VERTEX_POINT('',#4346);
#4346 = CARTESIAN_POINT('',(1.65,-0.25,4.1));
#4347 = LINE('',#4348,#4349);
#4348 = CARTESIAN_POINT('',(1.65,-0.25,3.5));
#4349 = VECTOR('',#4350,1.);
#4350 = DIRECTION('',(0.,0.,1.));
#4351 = ORIENTED_EDGE('',*,*,#4352,.F.);
#4352 = EDGE_CURVE('',#4345,#4345,#4353,.T.);
#4353 = CIRCLE('',#4354,0.5);
#4354 = AXIS2_PLACEMENT_3D('',#4355,#4356,#4357);
#4355 = CARTESIAN_POINT('',(1.15,-0.25,4.1));
#4356 = DIRECTION('',(0.,0.,1.));
#4357 = DIRECTION('',(1.,0.,-0.));
#4358 = ORIENTED_EDGE('',*,*,#4344,.F.);
#4359 = ORIENTED_EDGE('',*,*,#4067,.F.);
#4360 = CYLINDRICAL_SURFACE('',#4361,0.5);
#4361 = AXIS2_PLACEMENT_3D('',#4362,#4363,#4364);
#4362 = CARTESIAN_POINT('',(1.15,-0.25,3.5));
#4363 = DIRECTION('',(-0.,-0.,-1.));
#4364 = DIRECTION('',(1.,0.,0.));
#4365 = ADVANCED_FACE('',(#4366),#4385,.T.);
#4366 = FACE_BOUND('',#4367,.T.);
#4367 = EDGE_LOOP('',(#4368,#4376,#4383,#4384));
#4368 = ORIENTED_EDGE('',*,*,#4369,.T.);
#4369 = EDGE_CURVE('',#4079,#4370,#4372,.T.);
#4370 = VERTEX_POINT('',#4371);
#4371 = CARTESIAN_POINT('',(5.65,-0.25,4.1));
#4372 = LINE('',#4373,#4374);
#4373 = CARTESIAN_POINT('',(5.65,-0.25,3.5));
#4374 = VECTOR('',#4375,1.);
#4375 = DIRECTION('',(0.,0.,1.));
#4376 = ORIENTED_EDGE('',*,*,#4377,.F.);
#4377 = EDGE_CURVE('',#4370,#4370,#4378,.T.);
#4378 = CIRCLE('',#4379,0.5);
#4379 = AXIS2_PLACEMENT_3D('',#4380,#4381,#4382);
#4380 = CARTESIAN_POINT('',(5.15,-0.25,4.1));
#4381 = DIRECTION('',(0.,0.,1.));
#4382 = DIRECTION('',(1.,0.,-0.));
#4383 = ORIENTED_EDGE('',*,*,#4369,.F.);
#4384 = ORIENTED_EDGE('',*,*,#4078,.F.);
#4385 = CYLINDRICAL_SURFACE('',#4386,0.5);
#4386 = AXIS2_PLACEMENT_3D('',#4387,#4388,#4389);
#4387 = CARTESIAN_POINT('',(5.15,-0.25,3.5));
#4388 = DIRECTION('',(-0.,-0.,-1.));
#4389 = DIRECTION('',(1.,0.,0.));
#4390 = ADVANCED_FACE('',(#4391),#4416,.F.);
#4391 = FACE_BOUND('',#4392,.F.);
#4392 = EDGE_LOOP('',(#4393,#4403,#4409,#4410));
#4393 = ORIENTED_EDGE('',*,*,#4394,.F.);
#4394 = EDGE_CURVE('',#4395,#4397,#4399,.T.);
#4395 = VERTEX_POINT('',#4396);
#4396 = CARTESIAN_POINT('',(0.45,-5.25,0.));
#4397 = VERTEX_POINT('',#4398);
#4398 = CARTESIAN_POINT('',(5.85,-5.25,0.));
#4399 = LINE('',#4400,#4401);
#4400 = CARTESIAN_POINT('',(0.15,-5.25,0.));
#4401 = VECTOR('',#4402,1.);
#4402 = DIRECTION('',(1.,0.,0.));
#4403 = ORIENTED_EDGE('',*,*,#4404,.T.);
#4404 = EDGE_CURVE('',#4395,#4099,#4405,.T.);
#4405 = LINE('',#4406,#4407);
#4406 = CARTESIAN_POINT('',(0.45,-5.25,0.));
#4407 = VECTOR('',#4408,1.);
#4408 = DIRECTION('',(0.,0.,1.));
#4409 = ORIENTED_EDGE('',*,*,#4098,.T.);
#4410 = ORIENTED_EDGE('',*,*,#4411,.F.);
#4411 = EDGE_CURVE('',#4397,#4101,#4412,.T.);
#4412 = LINE('',#4413,#4414);
#4413 = CARTESIAN_POINT('',(5.85,-5.25,0.));
#4414 = VECTOR('',#4415,1.);
#4415 = DIRECTION('',(0.,0.,1.));
#4416 = PLANE('',#4417);
#4417 = AXIS2_PLACEMENT_3D('',#4418,#4419,#4420);
#4418 = CARTESIAN_POINT('',(0.15,-5.25,0.));
#4419 = DIRECTION('',(0.,1.,0.));
#4420 = DIRECTION('',(1.,0.,0.));
#4421 = ADVANCED_FACE('',(#4422),#4441,.T.);
#4422 = FACE_BOUND('',#4423,.T.);
#4423 = EDGE_LOOP('',(#4424,#4425,#4426,#4434));
#4424 = ORIENTED_EDGE('',*,*,#4404,.T.);
#4425 = ORIENTED_EDGE('',*,*,#4139,.T.);
#4426 = ORIENTED_EDGE('',*,*,#4427,.F.);
#4427 = EDGE_CURVE('',#4428,#4132,#4430,.T.);
#4428 = VERTEX_POINT('',#4429);
#4429 = CARTESIAN_POINT('',(0.15,-4.95,0.));
#4430 = LINE('',#4431,#4432);
#4431 = CARTESIAN_POINT('',(0.15,-4.95,0.));
#4432 = VECTOR('',#4433,1.);
#4433 = DIRECTION('',(0.,0.,1.));
#4434 = ORIENTED_EDGE('',*,*,#4435,.F.);
#4435 = EDGE_CURVE('',#4395,#4428,#4436,.T.);
#4436 = CIRCLE('',#4437,0.3);
#4437 = AXIS2_PLACEMENT_3D('',#4438,#4439,#4440);
#4438 = CARTESIAN_POINT('',(0.45,-4.95,0.));
#4439 = DIRECTION('',(-0.,-0.,-1.));
#4440 = DIRECTION('',(0.,-1.,0.));
#4441 = CYLINDRICAL_SURFACE('',#4442,0.3);
#4442 = AXIS2_PLACEMENT_3D('',#4443,#4444,#4445);
#4443 = CARTESIAN_POINT('',(0.45,-4.95,0.));
#4444 = DIRECTION('',(0.,0.,1.));
#4445 = DIRECTION('',(0.,-1.,0.));
#4446 = ADVANCED_FACE('',(#4447),#4466,.T.);
#4447 = FACE_BOUND('',#4448,.T.);
#4448 = EDGE_LOOP('',(#4449,#4458,#4464,#4465));
#4449 = ORIENTED_EDGE('',*,*,#4450,.T.);
#4450 = EDGE_CURVE('',#4397,#4451,#4453,.T.);
#4451 = VERTEX_POINT('',#4452);
#4452 = CARTESIAN_POINT('',(6.15,-4.95,0.));
#4453 = CIRCLE('',#4454,0.3);
#4454 = AXIS2_PLACEMENT_3D('',#4455,#4456,#4457);
#4455 = CARTESIAN_POINT('',(5.85,-4.95,0.));
#4456 = DIRECTION('',(-0.,0.,1.));
#4457 = DIRECTION('',(0.,-1.,0.));
#4458 = ORIENTED_EDGE('',*,*,#4459,.T.);
#4459 = EDGE_CURVE('',#4451,#4155,#4460,.T.);
#4460 = LINE('',#4461,#4462);
#4461 = CARTESIAN_POINT('',(6.15,-4.95,0.));
#4462 = VECTOR('',#4463,1.);
#4463 = DIRECTION('',(0.,0.,1.));
#4464 = ORIENTED_EDGE('',*,*,#4154,.F.);
#4465 = ORIENTED_EDGE('',*,*,#4411,.F.);
#4466 = CYLINDRICAL_SURFACE('',#4467,0.3);
#4467 = AXIS2_PLACEMENT_3D('',#4468,#4469,#4470);
#4468 = CARTESIAN_POINT('',(5.85,-4.95,0.));
#4469 = DIRECTION('',(0.,0.,1.));
#4470 = DIRECTION('',(0.,-1.,0.));
#4471 = ADVANCED_FACE('',(#4472),#4554,.F.);
#4472 = FACE_BOUND('',#4473,.F.);
#4473 = EDGE_LOOP('',(#4474,#4484,#4490,#4491,#4492,#4500,#4508,#4516,
    #4524,#4532,#4540,#4548));
#4474 = ORIENTED_EDGE('',*,*,#4475,.F.);
#4475 = EDGE_CURVE('',#4476,#4478,#4480,.T.);
#4476 = VERTEX_POINT('',#4477);
#4477 = CARTESIAN_POINT('',(0.15,0.45,0.));
#4478 = VERTEX_POINT('',#4479);
#4479 = CARTESIAN_POINT('',(0.15,0.35,0.));
#4480 = LINE('',#4481,#4482);
#4481 = CARTESIAN_POINT('',(0.15,0.75,0.));
#4482 = VECTOR('',#4483,1.);
#4483 = DIRECTION('',(0.,-1.,0.));
#4484 = ORIENTED_EDGE('',*,*,#4485,.T.);
#4485 = EDGE_CURVE('',#4476,#4180,#4486,.T.);
#4486 = LINE('',#4487,#4488);
#4487 = CARTESIAN_POINT('',(0.15,0.45,0.));
#4488 = VECTOR('',#4489,1.);
#4489 = DIRECTION('',(0.,0.,1.));
#4490 = ORIENTED_EDGE('',*,*,#4179,.T.);
#4491 = ORIENTED_EDGE('',*,*,#4427,.F.);
#4492 = ORIENTED_EDGE('',*,*,#4493,.F.);
#4493 = EDGE_CURVE('',#4494,#4428,#4496,.T.);
#4494 = VERTEX_POINT('',#4495);
#4495 = CARTESIAN_POINT('',(0.15,-4.85,0.));
#4496 = LINE('',#4497,#4498);
#4497 = CARTESIAN_POINT('',(0.15,0.75,0.));
#4498 = VECTOR('',#4499,1.);
#4499 = DIRECTION('',(0.,-1.,0.));
#4500 = ORIENTED_EDGE('',*,*,#4501,.F.);
#4501 = EDGE_CURVE('',#4502,#4494,#4504,.T.);
#4502 = VERTEX_POINT('',#4503);
#4503 = CARTESIAN_POINT('',(0.15,-4.85,1.5));
#4504 = LINE('',#4505,#4506);
#4505 = CARTESIAN_POINT('',(0.15,-4.85,1.5));
#4506 = VECTOR('',#4507,1.);
#4507 = DIRECTION('',(0.,5.551115123126E-16,-1.));
#4508 = ORIENTED_EDGE('',*,*,#4509,.T.);
#4509 = EDGE_CURVE('',#4502,#4510,#4512,.T.);
#4510 = VERTEX_POINT('',#4511);
#4511 = CARTESIAN_POINT('',(0.15,-4.15,1.5));
#4512 = LINE('',#4513,#4514);
#4513 = CARTESIAN_POINT('',(0.15,-4.85,1.5));
#4514 = VECTOR('',#4515,1.);
#4515 = DIRECTION('',(0.,1.,3.330669073875E-16));
#4516 = ORIENTED_EDGE('',*,*,#4517,.T.);
#4517 = EDGE_CURVE('',#4510,#4518,#4520,.T.);
#4518 = VERTEX_POINT('',#4519);
#4519 = CARTESIAN_POINT('',(0.15,-4.15,0.));
#4520 = LINE('',#4521,#4522);
#4521 = CARTESIAN_POINT('',(0.15,-4.15,1.5));
#4522 = VECTOR('',#4523,1.);
#4523 = DIRECTION('',(0.,5.551115123126E-16,-1.));
#4524 = ORIENTED_EDGE('',*,*,#4525,.F.);
#4525 = EDGE_CURVE('',#4526,#4518,#4528,.T.);
#4526 = VERTEX_POINT('',#4527);
#4527 = CARTESIAN_POINT('',(0.15,-0.35,0.));
#4528 = LINE('',#4529,#4530);
#4529 = CARTESIAN_POINT('',(0.15,0.75,0.));
#4530 = VECTOR('',#4531,1.);
#4531 = DIRECTION('',(0.,-1.,0.));
#4532 = ORIENTED_EDGE('',*,*,#4533,.F.);
#4533 = EDGE_CURVE('',#4534,#4526,#4536,.T.);
#4534 = VERTEX_POINT('',#4535);
#4535 = CARTESIAN_POINT('',(0.15,-0.35,1.5));
#4536 = LINE('',#4537,#4538);
#4537 = CARTESIAN_POINT('',(0.15,-0.35,1.5));
#4538 = VECTOR('',#4539,1.);
#4539 = DIRECTION('',(0.,5.551115123126E-16,-1.));
#4540 = ORIENTED_EDGE('',*,*,#4541,.T.);
#4541 = EDGE_CURVE('',#4534,#4542,#4544,.T.);
#4542 = VERTEX_POINT('',#4543);
#4543 = CARTESIAN_POINT('',(0.15,0.35,1.5));
#4544 = LINE('',#4545,#4546);
#4545 = CARTESIAN_POINT('',(0.15,-0.35,1.5));
#4546 = VECTOR('',#4547,1.);
#4547 = DIRECTION('',(0.,1.,3.330669073875E-16));
#4548 = ORIENTED_EDGE('',*,*,#4549,.T.);
#4549 = EDGE_CURVE('',#4542,#4478,#4550,.T.);
#4550 = LINE('',#4551,#4552);
#4551 = CARTESIAN_POINT('',(0.15,0.35,1.5));
#4552 = VECTOR('',#4553,1.);
#4553 = DIRECTION('',(0.,5.551115123126E-16,-1.));
#4554 = PLANE('',#4555);
#4555 = AXIS2_PLACEMENT_3D('',#4556,#4557,#4558);
#4556 = CARTESIAN_POINT('',(0.15,0.75,0.));
#4557 = DIRECTION('',(1.,0.,0.));
#4558 = DIRECTION('',(0.,-1.,0.));
#4559 = ADVANCED_FACE('',(#4560),#4642,.F.);
#4560 = FACE_BOUND('',#4561,.F.);
#4561 = EDGE_LOOP('',(#4562,#4570,#4571,#4572,#4580,#4588,#4596,#4604,
    #4612,#4620,#4628,#4636));
#4562 = ORIENTED_EDGE('',*,*,#4563,.F.);
#4563 = EDGE_CURVE('',#4451,#4564,#4566,.T.);
#4564 = VERTEX_POINT('',#4565);
#4565 = CARTESIAN_POINT('',(6.15,-4.85,0.));
#4566 = LINE('',#4567,#4568);
#4567 = CARTESIAN_POINT('',(6.15,-5.25,0.));
#4568 = VECTOR('',#4569,1.);
#4569 = DIRECTION('',(0.,1.,0.));
#4570 = ORIENTED_EDGE('',*,*,#4459,.T.);
#4571 = ORIENTED_EDGE('',*,*,#4203,.T.);
#4572 = ORIENTED_EDGE('',*,*,#4573,.F.);
#4573 = EDGE_CURVE('',#4574,#4204,#4576,.T.);
#4574 = VERTEX_POINT('',#4575);
#4575 = CARTESIAN_POINT('',(6.15,0.45,0.));
#4576 = LINE('',#4577,#4578);
#4577 = CARTESIAN_POINT('',(6.15,0.45,0.));
#4578 = VECTOR('',#4579,1.);
#4579 = DIRECTION('',(0.,0.,1.));
#4580 = ORIENTED_EDGE('',*,*,#4581,.F.);
#4581 = EDGE_CURVE('',#4582,#4574,#4584,.T.);
#4582 = VERTEX_POINT('',#4583);
#4583 = CARTESIAN_POINT('',(6.15,0.35,0.));
#4584 = LINE('',#4585,#4586);
#4585 = CARTESIAN_POINT('',(6.15,-5.25,0.));
#4586 = VECTOR('',#4587,1.);
#4587 = DIRECTION('',(0.,1.,0.));
#4588 = ORIENTED_EDGE('',*,*,#4589,.F.);
#4589 = EDGE_CURVE('',#4590,#4582,#4592,.T.);
#4590 = VERTEX_POINT('',#4591);
#4591 = CARTESIAN_POINT('',(6.15,0.35,1.5));
#4592 = LINE('',#4593,#4594);
#4593 = CARTESIAN_POINT('',(6.15,0.35,1.5));
#4594 = VECTOR('',#4595,1.);
#4595 = DIRECTION('',(0.,5.551115123126E-16,-1.));
#4596 = ORIENTED_EDGE('',*,*,#4597,.F.);
#4597 = EDGE_CURVE('',#4598,#4590,#4600,.T.);
#4598 = VERTEX_POINT('',#4599);
#4599 = CARTESIAN_POINT('',(6.15,-0.35,1.5));
#4600 = LINE('',#4601,#4602);
#4601 = CARTESIAN_POINT('',(6.15,-0.35,1.5));
#4602 = VECTOR('',#4603,1.);
#4603 = DIRECTION('',(0.,1.,3.330669073875E-16));
#4604 = ORIENTED_EDGE('',*,*,#4605,.T.);
#4605 = EDGE_CURVE('',#4598,#4606,#4608,.T.);
#4606 = VERTEX_POINT('',#4607);
#4607 = CARTESIAN_POINT('',(6.15,-0.35,0.));
#4608 = LINE('',#4609,#4610);
#4609 = CARTESIAN_POINT('',(6.15,-0.35,1.5));
#4610 = VECTOR('',#4611,1.);
#4611 = DIRECTION('',(0.,5.551115123126E-16,-1.));
#4612 = ORIENTED_EDGE('',*,*,#4613,.F.);
#4613 = EDGE_CURVE('',#4614,#4606,#4616,.T.);
#4614 = VERTEX_POINT('',#4615);
#4615 = CARTESIAN_POINT('',(6.15,-4.15,0.));
#4616 = LINE('',#4617,#4618);
#4617 = CARTESIAN_POINT('',(6.15,-5.25,0.));
#4618 = VECTOR('',#4619,1.);
#4619 = DIRECTION('',(0.,1.,0.));
#4620 = ORIENTED_EDGE('',*,*,#4621,.F.);
#4621 = EDGE_CURVE('',#4622,#4614,#4624,.T.);
#4622 = VERTEX_POINT('',#4623);
#4623 = CARTESIAN_POINT('',(6.15,-4.15,1.5));
#4624 = LINE('',#4625,#4626);
#4625 = CARTESIAN_POINT('',(6.15,-4.15,1.5));
#4626 = VECTOR('',#4627,1.);
#4627 = DIRECTION('',(0.,5.551115123126E-16,-1.));
#4628 = ORIENTED_EDGE('',*,*,#4629,.F.);
#4629 = EDGE_CURVE('',#4630,#4622,#4632,.T.);
#4630 = VERTEX_POINT('',#4631);
#4631 = CARTESIAN_POINT('',(6.15,-4.85,1.5));
#4632 = LINE('',#4633,#4634);
#4633 = CARTESIAN_POINT('',(6.15,-4.85,1.5));
#4634 = VECTOR('',#4635,1.);
#4635 = DIRECTION('',(0.,1.,3.330669073875E-16));
#4636 = ORIENTED_EDGE('',*,*,#4637,.T.);
#4637 = EDGE_CURVE('',#4630,#4564,#4638,.T.);
#4638 = LINE('',#4639,#4640);
#4639 = CARTESIAN_POINT('',(6.15,-4.85,1.5));
#4640 = VECTOR('',#4641,1.);
#4641 = DIRECTION('',(0.,5.551115123126E-16,-1.));
#4642 = PLANE('',#4643);
#4643 = AXIS2_PLACEMENT_3D('',#4644,#4645,#4646);
#4644 = CARTESIAN_POINT('',(6.15,-5.25,0.));
#4645 = DIRECTION('',(-1.,0.,0.));
#4646 = DIRECTION('',(0.,1.,0.));
#4647 = ADVANCED_FACE('',(#4648),#4667,.T.);
#4648 = FACE_BOUND('',#4649,.T.);
#4649 = EDGE_LOOP('',(#4650,#4659,#4660,#4661));
#4650 = ORIENTED_EDGE('',*,*,#4651,.T.);
#4651 = EDGE_CURVE('',#4652,#4476,#4654,.T.);
#4652 = VERTEX_POINT('',#4653);
#4653 = CARTESIAN_POINT('',(0.45,0.75,0.));
#4654 = CIRCLE('',#4655,0.3);
#4655 = AXIS2_PLACEMENT_3D('',#4656,#4657,#4658);
#4656 = CARTESIAN_POINT('',(0.45,0.45,0.));
#4657 = DIRECTION('',(-0.,0.,1.));
#4658 = DIRECTION('',(0.,-1.,0.));
#4659 = ORIENTED_EDGE('',*,*,#4485,.T.);
#4660 = ORIENTED_EDGE('',*,*,#4227,.F.);
#4661 = ORIENTED_EDGE('',*,*,#4662,.F.);
#4662 = EDGE_CURVE('',#4652,#4228,#4663,.T.);
#4663 = LINE('',#4664,#4665);
#4664 = CARTESIAN_POINT('',(0.45,0.75,0.));
#4665 = VECTOR('',#4666,1.);
#4666 = DIRECTION('',(0.,0.,1.));
#4667 = CYLINDRICAL_SURFACE('',#4668,0.3);
#4668 = AXIS2_PLACEMENT_3D('',#4669,#4670,#4671);
#4669 = CARTESIAN_POINT('',(0.45,0.45,0.));
#4670 = DIRECTION('',(0.,0.,1.));
#4671 = DIRECTION('',(0.,1.,0.));
#4672 = ADVANCED_FACE('',(#4673),#4692,.T.);
#4673 = FACE_BOUND('',#4674,.T.);
#4674 = EDGE_LOOP('',(#4675,#4684,#4690,#4691));
#4675 = ORIENTED_EDGE('',*,*,#4676,.T.);
#4676 = EDGE_CURVE('',#4574,#4677,#4679,.T.);
#4677 = VERTEX_POINT('',#4678);
#4678 = CARTESIAN_POINT('',(5.85,0.75,0.));
#4679 = CIRCLE('',#4680,0.3);
#4680 = AXIS2_PLACEMENT_3D('',#4681,#4682,#4683);
#4681 = CARTESIAN_POINT('',(5.85,0.45,0.));
#4682 = DIRECTION('',(-0.,0.,1.));
#4683 = DIRECTION('',(0.,-1.,0.));
#4684 = ORIENTED_EDGE('',*,*,#4685,.T.);
#4685 = EDGE_CURVE('',#4677,#4253,#4686,.T.);
#4686 = LINE('',#4687,#4688);
#4687 = CARTESIAN_POINT('',(5.85,0.75,0.));
#4688 = VECTOR('',#4689,1.);
#4689 = DIRECTION('',(0.,0.,1.));
#4690 = ORIENTED_EDGE('',*,*,#4252,.F.);
#4691 = ORIENTED_EDGE('',*,*,#4573,.F.);
#4692 = CYLINDRICAL_SURFACE('',#4693,0.3);
#4693 = AXIS2_PLACEMENT_3D('',#4694,#4695,#4696);
#4694 = CARTESIAN_POINT('',(5.85,0.45,0.));
#4695 = DIRECTION('',(0.,0.,1.));
#4696 = DIRECTION('',(1.,0.,-0.));
#4697 = ADVANCED_FACE('',(#4698),#4709,.F.);
#4698 = FACE_BOUND('',#4699,.F.);
#4699 = EDGE_LOOP('',(#4700,#4706,#4707,#4708));
#4700 = ORIENTED_EDGE('',*,*,#4701,.F.);
#4701 = EDGE_CURVE('',#4677,#4652,#4702,.T.);
#4702 = LINE('',#4703,#4704);
#4703 = CARTESIAN_POINT('',(6.15,0.75,0.));
#4704 = VECTOR('',#4705,1.);
#4705 = DIRECTION('',(-1.,0.,0.));
#4706 = ORIENTED_EDGE('',*,*,#4685,.T.);
#4707 = ORIENTED_EDGE('',*,*,#4277,.T.);
#4708 = ORIENTED_EDGE('',*,*,#4662,.F.);
#4709 = PLANE('',#4710);
#4710 = AXIS2_PLACEMENT_3D('',#4711,#4712,#4713);
#4711 = CARTESIAN_POINT('',(6.15,0.75,0.));
#4712 = DIRECTION('',(0.,-1.,0.));
#4713 = DIRECTION('',(-1.,0.,0.));
#4714 = ADVANCED_FACE('',(#4715),#4718,.F.);
#4715 = FACE_BOUND('',#4716,.T.);
#4716 = EDGE_LOOP('',(#4717));
#4717 = ORIENTED_EDGE('',*,*,#4302,.T.);
#4718 = PLANE('',#4719);
#4719 = AXIS2_PLACEMENT_3D('',#4720,#4721,#4722);
#4720 = CARTESIAN_POINT('',(5.65,-4.25,4.1));
#4721 = DIRECTION('',(0.,0.,-1.));
#4722 = DIRECTION('',(-1.,0.,0.));
#4723 = ADVANCED_FACE('',(#4724),#4744,.T.);
#4724 = FACE_BOUND('',#4725,.T.);
#4725 = EDGE_LOOP('',(#4726,#4727,#4736,#4743));
#4726 = ORIENTED_EDGE('',*,*,#4327,.T.);
#4727 = ORIENTED_EDGE('',*,*,#4728,.F.);
#4728 = EDGE_CURVE('',#4729,#4320,#4731,.T.);
#4729 = VERTEX_POINT('',#4730);
#4730 = CARTESIAN_POINT('',(4.8,-2.25,4.3));
#4731 = CIRCLE('',#4732,0.1);
#4732 = AXIS2_PLACEMENT_3D('',#4733,#4734,#4735);
#4733 = CARTESIAN_POINT('',(4.8,-2.25,4.2));
#4734 = DIRECTION('',(-0.,1.,0.));
#4735 = DIRECTION('',(1.,0.,0.));
#4736 = ORIENTED_EDGE('',*,*,#4737,.F.);
#4737 = EDGE_CURVE('',#4729,#4729,#4738,.T.);
#4738 = CIRCLE('',#4739,1.65);
#4739 = AXIS2_PLACEMENT_3D('',#4740,#4741,#4742);
#4740 = CARTESIAN_POINT('',(3.15,-2.25,4.3));
#4741 = DIRECTION('',(0.,0.,1.));
#4742 = DIRECTION('',(1.,0.,-0.));
#4743 = ORIENTED_EDGE('',*,*,#4728,.T.);
#4744 = TOROIDAL_SURFACE('',#4745,1.65,0.1);
#4745 = AXIS2_PLACEMENT_3D('',#4746,#4747,#4748);
#4746 = CARTESIAN_POINT('',(3.15,-2.25,4.2));
#4747 = DIRECTION('',(0.,0.,-1.));
#4748 = DIRECTION('',(1.,0.,0.));
#4749 = ADVANCED_FACE('',(#4750),#4753,.F.);
#4750 = FACE_BOUND('',#4751,.T.);
#4751 = EDGE_LOOP('',(#4752));
#4752 = ORIENTED_EDGE('',*,*,#4352,.T.);
#4753 = PLANE('',#4754);
#4754 = AXIS2_PLACEMENT_3D('',#4755,#4756,#4757);
#4755 = CARTESIAN_POINT('',(1.65,-0.25,4.1));
#4756 = DIRECTION('',(0.,0.,-1.));
#4757 = DIRECTION('',(-1.,0.,0.));
#4758 = ADVANCED_FACE('',(#4759),#4762,.F.);
#4759 = FACE_BOUND('',#4760,.T.);
#4760 = EDGE_LOOP('',(#4761));
#4761 = ORIENTED_EDGE('',*,*,#4377,.T.);
#4762 = PLANE('',#4763);
#4763 = AXIS2_PLACEMENT_3D('',#4764,#4765,#4766);
#4764 = CARTESIAN_POINT('',(5.65,-0.25,4.1));
#4765 = DIRECTION('',(0.,0.,-1.));
#4766 = DIRECTION('',(-1.,0.,0.));
#4767 = ADVANCED_FACE('',(#4768),#4806,.T.);
#4768 = FACE_BOUND('',#4769,.T.);
#4769 = EDGE_LOOP('',(#4770,#4771,#4772,#4773,#4779,#4780,#4786,#4787,
    #4788,#4789,#4790,#4791,#4797,#4798,#4804,#4805));
#4770 = ORIENTED_EDGE('',*,*,#4394,.F.);
#4771 = ORIENTED_EDGE('',*,*,#4435,.T.);
#4772 = ORIENTED_EDGE('',*,*,#4493,.F.);
#4773 = ORIENTED_EDGE('',*,*,#4774,.F.);
#4774 = EDGE_CURVE('',#4518,#4494,#4775,.T.);
#4775 = LINE('',#4776,#4777);
#4776 = CARTESIAN_POINT('',(0.15,0.75,0.));
#4777 = VECTOR('',#4778,1.);
#4778 = DIRECTION('',(0.,-1.,0.));
#4779 = ORIENTED_EDGE('',*,*,#4525,.F.);
#4780 = ORIENTED_EDGE('',*,*,#4781,.F.);
#4781 = EDGE_CURVE('',#4478,#4526,#4782,.T.);
#4782 = LINE('',#4783,#4784);
#4783 = CARTESIAN_POINT('',(0.15,0.75,0.));
#4784 = VECTOR('',#4785,1.);
#4785 = DIRECTION('',(0.,-1.,0.));
#4786 = ORIENTED_EDGE('',*,*,#4475,.F.);
#4787 = ORIENTED_EDGE('',*,*,#4651,.F.);
#4788 = ORIENTED_EDGE('',*,*,#4701,.F.);
#4789 = ORIENTED_EDGE('',*,*,#4676,.F.);
#4790 = ORIENTED_EDGE('',*,*,#4581,.F.);
#4791 = ORIENTED_EDGE('',*,*,#4792,.F.);
#4792 = EDGE_CURVE('',#4606,#4582,#4793,.T.);
#4793 = LINE('',#4794,#4795);
#4794 = CARTESIAN_POINT('',(6.15,-5.25,0.));
#4795 = VECTOR('',#4796,1.);
#4796 = DIRECTION('',(0.,1.,0.));
#4797 = ORIENTED_EDGE('',*,*,#4613,.F.);
#4798 = ORIENTED_EDGE('',*,*,#4799,.F.);
#4799 = EDGE_CURVE('',#4564,#4614,#4800,.T.);
#4800 = LINE('',#4801,#4802);
#4801 = CARTESIAN_POINT('',(6.15,-5.25,0.));
#4802 = VECTOR('',#4803,1.);
#4803 = DIRECTION('',(0.,1.,0.));
#4804 = ORIENTED_EDGE('',*,*,#4563,.F.);
#4805 = ORIENTED_EDGE('',*,*,#4450,.F.);
#4806 = PLANE('',#4807);
#4807 = AXIS2_PLACEMENT_3D('',#4808,#4809,#4810);
#4808 = CARTESIAN_POINT('',(0.15,-5.25,0.));
#4809 = DIRECTION('',(0.,0.,-1.));
#4810 = DIRECTION('',(-1.,0.,0.));
#4811 = ADVANCED_FACE('',(#4812),#4956,.F.);
#4812 = FACE_BOUND('',#4813,.F.);
#4813 = EDGE_LOOP('',(#4814,#4824,#4833,#4841,#4850,#4858,#4866,#4874,
    #4883,#4891,#4900,#4908,#4917,#4923,#4924,#4932,#4941,#4949));
#4814 = ORIENTED_EDGE('',*,*,#4815,.T.);
#4815 = EDGE_CURVE('',#4816,#4818,#4820,.T.);
#4816 = VERTEX_POINT('',#4817);
#4817 = CARTESIAN_POINT('',(-0.162230377286,0.35,-0.540767924286));
#4818 = VERTEX_POINT('',#4819);
#4819 = CARTESIAN_POINT('',(-0.425000733956,0.35,-1.416669113186));
#4820 = LINE('',#4821,#4822);
#4821 = CARTESIAN_POINT('',(-0.15,0.35,-0.5));
#4822 = VECTOR('',#4823,1.);
#4823 = DIRECTION('',(-0.287347885566,5.31700397722E-16,-0.957826285221)
  );
#4824 = ORIENTED_EDGE('',*,*,#4825,.T.);
#4825 = EDGE_CURVE('',#4818,#4826,#4828,.T.);
#4826 = VERTEX_POINT('',#4827);
#4827 = CARTESIAN_POINT('',(-0.425000733956,0.35,-1.583330886814));
#4828 = CIRCLE('',#4829,0.29);
#4829 = AXIS2_PLACEMENT_3D('',#4830,#4831,#4832);
#4830 = CARTESIAN_POINT('',(-0.147231111242,0.35,-1.5));
#4831 = DIRECTION('',(0.,-1.,-3.330669073875E-16));
#4832 = DIRECTION('',(0.,-3.330669073875E-16,1.));
#4833 = ORIENTED_EDGE('',*,*,#4834,.T.);
#4834 = EDGE_CURVE('',#4826,#4835,#4837,.T.);
#4835 = VERTEX_POINT('',#4836);
#4836 = CARTESIAN_POINT('',(-0.162230377286,0.35,-2.459232075714));
#4837 = LINE('',#4838,#4839);
#4838 = CARTESIAN_POINT('',(-0.45,0.35,-1.5));
#4839 = VECTOR('',#4840,1.);
#4840 = DIRECTION('',(0.287347885566,5.31700397722E-16,-0.957826285221)
  );
#4841 = ORIENTED_EDGE('',*,*,#4842,.F.);
#4842 = EDGE_CURVE('',#4843,#4835,#4845,.T.);
#4843 = VERTEX_POINT('',#4844);
#4844 = CARTESIAN_POINT('',(-0.15,0.35,-2.542562962528));
#4845 = CIRCLE('',#4846,0.29);
#4846 = AXIS2_PLACEMENT_3D('',#4847,#4848,#4849);
#4847 = CARTESIAN_POINT('',(-0.44,0.35,-2.542562962528));
#4848 = DIRECTION('',(0.,-1.,-3.330669073875E-16));
#4849 = DIRECTION('',(0.,-3.330669073875E-16,1.));
#4850 = ORIENTED_EDGE('',*,*,#4851,.F.);
#4851 = EDGE_CURVE('',#4852,#4843,#4854,.T.);
#4852 = VERTEX_POINT('',#4853);
#4853 = CARTESIAN_POINT('',(-0.15,0.35,-3.5));
#4854 = LINE('',#4855,#4856);
#4855 = CARTESIAN_POINT('',(-0.15,0.35,-3.5));
#4856 = VECTOR('',#4857,1.);
#4857 = DIRECTION('',(0.,-5.551115123126E-16,1.));
#4858 = ORIENTED_EDGE('',*,*,#4859,.F.);
#4859 = EDGE_CURVE('',#4860,#4852,#4862,.T.);
#4860 = VERTEX_POINT('',#4861);
#4861 = CARTESIAN_POINT('',(0.15,0.35,-3.5));
#4862 = LINE('',#4863,#4864);
#4863 = CARTESIAN_POINT('',(0.15,0.35,-3.5));
#4864 = VECTOR('',#4865,1.);
#4865 = DIRECTION('',(-1.,-0.,0.));
#4866 = ORIENTED_EDGE('',*,*,#4867,.F.);
#4867 = EDGE_CURVE('',#4868,#4860,#4870,.T.);
#4868 = VERTEX_POINT('',#4869);
#4869 = CARTESIAN_POINT('',(0.15,0.35,-2.542562962528));
#4870 = LINE('',#4871,#4872);
#4871 = CARTESIAN_POINT('',(0.15,0.35,-2.5));
#4872 = VECTOR('',#4873,1.);
#4873 = DIRECTION('',(0.,5.551115123126E-16,-1.));
#4874 = ORIENTED_EDGE('',*,*,#4875,.F.);
#4875 = EDGE_CURVE('',#4876,#4868,#4878,.T.);
#4876 = VERTEX_POINT('',#4877);
#4877 = CARTESIAN_POINT('',(0.137769622714,0.35,-2.459232075714));
#4878 = CIRCLE('',#4879,0.29);
#4879 = AXIS2_PLACEMENT_3D('',#4880,#4881,#4882);
#4880 = CARTESIAN_POINT('',(-0.14,0.35,-2.542562962528));
#4881 = DIRECTION('',(-0.,1.,3.330669073875E-16));
#4882 = DIRECTION('',(0.,-3.330669073875E-16,1.));
#4883 = ORIENTED_EDGE('',*,*,#4884,.T.);
#4884 = EDGE_CURVE('',#4876,#4885,#4887,.T.);
#4885 = VERTEX_POINT('',#4886);
#4886 = CARTESIAN_POINT('',(-0.125000733956,0.35,-1.583330886814));
#4887 = LINE('',#4888,#4889);
#4888 = CARTESIAN_POINT('',(0.15,0.35,-2.5));
#4889 = VECTOR('',#4890,1.);
#4890 = DIRECTION('',(-0.287347885566,-5.31700397722E-16,0.957826285221)
  );
#4891 = ORIENTED_EDGE('',*,*,#4892,.F.);
#4892 = EDGE_CURVE('',#4893,#4885,#4895,.T.);
#4893 = VERTEX_POINT('',#4894);
#4894 = CARTESIAN_POINT('',(-0.125000733956,0.35,-1.416669113186));
#4895 = CIRCLE('',#4896,0.29);
#4896 = AXIS2_PLACEMENT_3D('',#4897,#4898,#4899);
#4897 = CARTESIAN_POINT('',(0.152768888758,0.35,-1.5));
#4898 = DIRECTION('',(0.,-1.,-3.330669073875E-16));
#4899 = DIRECTION('',(0.,-3.330669073875E-16,1.));
#4900 = ORIENTED_EDGE('',*,*,#4901,.T.);
#4901 = EDGE_CURVE('',#4893,#4902,#4904,.T.);
#4902 = VERTEX_POINT('',#4903);
#4903 = CARTESIAN_POINT('',(0.137769622714,0.35,-0.540767924286));
#4904 = LINE('',#4905,#4906);
#4905 = CARTESIAN_POINT('',(-0.15,0.35,-1.5));
#4906 = VECTOR('',#4907,1.);
#4907 = DIRECTION('',(0.287347885566,-5.31700397722E-16,0.957826285221)
  );
#4908 = ORIENTED_EDGE('',*,*,#4909,.F.);
#4909 = EDGE_CURVE('',#4910,#4902,#4912,.T.);
#4910 = VERTEX_POINT('',#4911);
#4911 = CARTESIAN_POINT('',(0.15,0.35,-0.457437037472));
#4912 = CIRCLE('',#4913,0.29);
#4913 = AXIS2_PLACEMENT_3D('',#4914,#4915,#4916);
#4914 = CARTESIAN_POINT('',(-0.14,0.35,-0.457437037472));
#4915 = DIRECTION('',(-0.,1.,3.330669073875E-16));
#4916 = DIRECTION('',(0.,-3.330669073875E-16,1.));
#4917 = ORIENTED_EDGE('',*,*,#4918,.F.);
#4918 = EDGE_CURVE('',#4478,#4910,#4919,.T.);
#4919 = LINE('',#4920,#4921);
#4920 = CARTESIAN_POINT('',(0.15,0.35,1.5));
#4921 = VECTOR('',#4922,1.);
#4922 = DIRECTION('',(0.,5.551115123126E-16,-1.));
#4923 = ORIENTED_EDGE('',*,*,#4549,.F.);
#4924 = ORIENTED_EDGE('',*,*,#4925,.F.);
#4925 = EDGE_CURVE('',#4926,#4542,#4928,.T.);
#4926 = VERTEX_POINT('',#4927);
#4927 = CARTESIAN_POINT('',(0.14,0.35,1.5));
#4928 = LINE('',#4929,#4930);
#4929 = CARTESIAN_POINT('',(-0.15,0.35,1.5));
#4930 = VECTOR('',#4931,1.);
#4931 = DIRECTION('',(1.,0.,0.));
#4932 = ORIENTED_EDGE('',*,*,#4933,.F.);
#4933 = EDGE_CURVE('',#4934,#4926,#4936,.T.);
#4934 = VERTEX_POINT('',#4935);
#4935 = CARTESIAN_POINT('',(-0.15,0.35,1.21));
#4936 = CIRCLE('',#4937,0.29);
#4937 = AXIS2_PLACEMENT_3D('',#4938,#4939,#4940);
#4938 = CARTESIAN_POINT('',(0.14,0.35,1.21));
#4939 = DIRECTION('',(-0.,1.,3.330669073875E-16));
#4940 = DIRECTION('',(0.,-3.330669073875E-16,1.));
#4941 = ORIENTED_EDGE('',*,*,#4942,.F.);
#4942 = EDGE_CURVE('',#4943,#4934,#4945,.T.);
#4943 = VERTEX_POINT('',#4944);
#4944 = CARTESIAN_POINT('',(-0.15,0.35,-0.457437037472));
#4945 = LINE('',#4946,#4947);
#4946 = CARTESIAN_POINT('',(-0.15,0.35,-0.5));
#4947 = VECTOR('',#4948,1.);
#4948 = DIRECTION('',(0.,-5.551115123126E-16,1.));
#4949 = ORIENTED_EDGE('',*,*,#4950,.F.);
#4950 = EDGE_CURVE('',#4816,#4943,#4951,.T.);
#4951 = CIRCLE('',#4952,0.29);
#4952 = AXIS2_PLACEMENT_3D('',#4953,#4954,#4955);
#4953 = CARTESIAN_POINT('',(-0.44,0.35,-0.457437037472));
#4954 = DIRECTION('',(0.,-1.,-3.330669073875E-16));
#4955 = DIRECTION('',(0.,-3.330669073875E-16,1.));
#4956 = PLANE('',#4957);
#4957 = AXIS2_PLACEMENT_3D('',#4958,#4959,#4960);
#4958 = CARTESIAN_POINT('',(-0.15,0.35,-0.5));
#4959 = DIRECTION('',(1.64346021921E-31,-1.,-5.551115123126E-16));
#4960 = DIRECTION('',(0.,5.551115123126E-16,-1.));
#4961 = ADVANCED_FACE('',(#4962),#4980,.F.);
#4962 = FACE_BOUND('',#4963,.F.);
#4963 = EDGE_LOOP('',(#4964,#4972,#4978,#4979));
#4964 = ORIENTED_EDGE('',*,*,#4965,.F.);
#4965 = EDGE_CURVE('',#4966,#4534,#4968,.T.);
#4966 = VERTEX_POINT('',#4967);
#4967 = CARTESIAN_POINT('',(0.14,-0.35,1.5));
#4968 = LINE('',#4969,#4970);
#4969 = CARTESIAN_POINT('',(-0.15,-0.35,1.5));
#4970 = VECTOR('',#4971,1.);
#4971 = DIRECTION('',(1.,0.,0.));
#4972 = ORIENTED_EDGE('',*,*,#4973,.T.);
#4973 = EDGE_CURVE('',#4966,#4926,#4974,.T.);
#4974 = LINE('',#4975,#4976);
#4975 = CARTESIAN_POINT('',(0.14,-0.35,1.5));
#4976 = VECTOR('',#4977,1.);
#4977 = DIRECTION('',(0.,1.,3.330669073875E-16));
#4978 = ORIENTED_EDGE('',*,*,#4925,.T.);
#4979 = ORIENTED_EDGE('',*,*,#4541,.F.);
#4980 = PLANE('',#4981);
#4981 = AXIS2_PLACEMENT_3D('',#4982,#4983,#4984);
#4982 = CARTESIAN_POINT('',(-0.15,-0.35,1.5));
#4983 = DIRECTION('',(0.,3.330669073875E-16,-1.));
#4984 = DIRECTION('',(1.,0.,0.));
#4985 = ADVANCED_FACE('',(#4986),#5123,.T.);
#4986 = FACE_BOUND('',#4987,.T.);
#4987 = EDGE_LOOP('',(#4988,#4998,#5007,#5015,#5024,#5032,#5040,#5048,
    #5057,#5065,#5074,#5082,#5091,#5097,#5098,#5099,#5108,#5116));
#4988 = ORIENTED_EDGE('',*,*,#4989,.T.);
#4989 = EDGE_CURVE('',#4990,#4992,#4994,.T.);
#4990 = VERTEX_POINT('',#4991);
#4991 = CARTESIAN_POINT('',(-0.162230377286,-0.35,-0.540767924286));
#4992 = VERTEX_POINT('',#4993);
#4993 = CARTESIAN_POINT('',(-0.425000733956,-0.35,-1.416669113186));
#4994 = LINE('',#4995,#4996);
#4995 = CARTESIAN_POINT('',(-0.15,-0.35,-0.5));
#4996 = VECTOR('',#4997,1.);
#4997 = DIRECTION('',(-0.287347885566,5.31700397722E-16,-0.957826285221)
  );
#4998 = ORIENTED_EDGE('',*,*,#4999,.T.);
#4999 = EDGE_CURVE('',#4992,#5000,#5002,.T.);
#5000 = VERTEX_POINT('',#5001);
#5001 = CARTESIAN_POINT('',(-0.425000733956,-0.35,-1.583330886814));
#5002 = CIRCLE('',#5003,0.29);
#5003 = AXIS2_PLACEMENT_3D('',#5004,#5005,#5006);
#5004 = CARTESIAN_POINT('',(-0.147231111242,-0.35,-1.5));
#5005 = DIRECTION('',(0.,-1.,-3.330669073875E-16));
#5006 = DIRECTION('',(0.,-3.330669073875E-16,1.));
#5007 = ORIENTED_EDGE('',*,*,#5008,.T.);
#5008 = EDGE_CURVE('',#5000,#5009,#5011,.T.);
#5009 = VERTEX_POINT('',#5010);
#5010 = CARTESIAN_POINT('',(-0.162230377286,-0.35,-2.459232075714));
#5011 = LINE('',#5012,#5013);
#5012 = CARTESIAN_POINT('',(-0.45,-0.35,-1.5));
#5013 = VECTOR('',#5014,1.);
#5014 = DIRECTION('',(0.287347885566,5.31700397722E-16,-0.957826285221)
  );
#5015 = ORIENTED_EDGE('',*,*,#5016,.F.);
#5016 = EDGE_CURVE('',#5017,#5009,#5019,.T.);
#5017 = VERTEX_POINT('',#5018);
#5018 = CARTESIAN_POINT('',(-0.15,-0.35,-2.542562962528));
#5019 = CIRCLE('',#5020,0.29);
#5020 = AXIS2_PLACEMENT_3D('',#5021,#5022,#5023);
#5021 = CARTESIAN_POINT('',(-0.44,-0.35,-2.542562962528));
#5022 = DIRECTION('',(0.,-1.,-3.330669073875E-16));
#5023 = DIRECTION('',(0.,-3.330669073875E-16,1.));
#5024 = ORIENTED_EDGE('',*,*,#5025,.F.);
#5025 = EDGE_CURVE('',#5026,#5017,#5028,.T.);
#5026 = VERTEX_POINT('',#5027);
#5027 = CARTESIAN_POINT('',(-0.15,-0.35,-3.5));
#5028 = LINE('',#5029,#5030);
#5029 = CARTESIAN_POINT('',(-0.15,-0.35,-3.5));
#5030 = VECTOR('',#5031,1.);
#5031 = DIRECTION('',(0.,-5.551115123126E-16,1.));
#5032 = ORIENTED_EDGE('',*,*,#5033,.F.);
#5033 = EDGE_CURVE('',#5034,#5026,#5036,.T.);
#5034 = VERTEX_POINT('',#5035);
#5035 = CARTESIAN_POINT('',(0.15,-0.35,-3.5));
#5036 = LINE('',#5037,#5038);
#5037 = CARTESIAN_POINT('',(0.15,-0.35,-3.5));
#5038 = VECTOR('',#5039,1.);
#5039 = DIRECTION('',(-1.,-0.,0.));
#5040 = ORIENTED_EDGE('',*,*,#5041,.F.);
#5041 = EDGE_CURVE('',#5042,#5034,#5044,.T.);
#5042 = VERTEX_POINT('',#5043);
#5043 = CARTESIAN_POINT('',(0.15,-0.35,-2.542562962528));
#5044 = LINE('',#5045,#5046);
#5045 = CARTESIAN_POINT('',(0.15,-0.35,-2.5));
#5046 = VECTOR('',#5047,1.);
#5047 = DIRECTION('',(0.,5.551115123126E-16,-1.));
#5048 = ORIENTED_EDGE('',*,*,#5049,.F.);
#5049 = EDGE_CURVE('',#5050,#5042,#5052,.T.);
#5050 = VERTEX_POINT('',#5051);
#5051 = CARTESIAN_POINT('',(0.137769622714,-0.35,-2.459232075714));
#5052 = CIRCLE('',#5053,0.29);
#5053 = AXIS2_PLACEMENT_3D('',#5054,#5055,#5056);
#5054 = CARTESIAN_POINT('',(-0.14,-0.35,-2.542562962528));
#5055 = DIRECTION('',(-0.,1.,3.330669073875E-16));
#5056 = DIRECTION('',(0.,-3.330669073875E-16,1.));
#5057 = ORIENTED_EDGE('',*,*,#5058,.T.);
#5058 = EDGE_CURVE('',#5050,#5059,#5061,.T.);
#5059 = VERTEX_POINT('',#5060);
#5060 = CARTESIAN_POINT('',(-0.125000733956,-0.35,-1.583330886814));
#5061 = LINE('',#5062,#5063);
#5062 = CARTESIAN_POINT('',(0.15,-0.35,-2.5));
#5063 = VECTOR('',#5064,1.);
#5064 = DIRECTION('',(-0.287347885566,-5.31700397722E-16,0.957826285221)
  );
#5065 = ORIENTED_EDGE('',*,*,#5066,.F.);
#5066 = EDGE_CURVE('',#5067,#5059,#5069,.T.);
#5067 = VERTEX_POINT('',#5068);
#5068 = CARTESIAN_POINT('',(-0.125000733956,-0.35,-1.416669113186));
#5069 = CIRCLE('',#5070,0.29);
#5070 = AXIS2_PLACEMENT_3D('',#5071,#5072,#5073);
#5071 = CARTESIAN_POINT('',(0.152768888758,-0.35,-1.5));
#5072 = DIRECTION('',(0.,-1.,-3.330669073875E-16));
#5073 = DIRECTION('',(0.,-3.330669073875E-16,1.));
#5074 = ORIENTED_EDGE('',*,*,#5075,.T.);
#5075 = EDGE_CURVE('',#5067,#5076,#5078,.T.);
#5076 = VERTEX_POINT('',#5077);
#5077 = CARTESIAN_POINT('',(0.137769622714,-0.35,-0.540767924286));
#5078 = LINE('',#5079,#5080);
#5079 = CARTESIAN_POINT('',(-0.15,-0.35,-1.5));
#5080 = VECTOR('',#5081,1.);
#5081 = DIRECTION('',(0.287347885566,-5.31700397722E-16,0.957826285221)
  );
#5082 = ORIENTED_EDGE('',*,*,#5083,.F.);
#5083 = EDGE_CURVE('',#5084,#5076,#5086,.T.);
#5084 = VERTEX_POINT('',#5085);
#5085 = CARTESIAN_POINT('',(0.15,-0.35,-0.457437037472));
#5086 = CIRCLE('',#5087,0.29);
#5087 = AXIS2_PLACEMENT_3D('',#5088,#5089,#5090);
#5088 = CARTESIAN_POINT('',(-0.14,-0.35,-0.457437037472));
#5089 = DIRECTION('',(-0.,1.,3.330669073875E-16));
#5090 = DIRECTION('',(0.,-3.330669073875E-16,1.));
#5091 = ORIENTED_EDGE('',*,*,#5092,.F.);
#5092 = EDGE_CURVE('',#4526,#5084,#5093,.T.);
#5093 = LINE('',#5094,#5095);
#5094 = CARTESIAN_POINT('',(0.15,-0.35,1.5));
#5095 = VECTOR('',#5096,1.);
#5096 = DIRECTION('',(0.,5.551115123126E-16,-1.));
#5097 = ORIENTED_EDGE('',*,*,#4533,.F.);
#5098 = ORIENTED_EDGE('',*,*,#4965,.F.);
#5099 = ORIENTED_EDGE('',*,*,#5100,.F.);
#5100 = EDGE_CURVE('',#5101,#4966,#5103,.T.);
#5101 = VERTEX_POINT('',#5102);
#5102 = CARTESIAN_POINT('',(-0.15,-0.35,1.21));
#5103 = CIRCLE('',#5104,0.29);
#5104 = AXIS2_PLACEMENT_3D('',#5105,#5106,#5107);
#5105 = CARTESIAN_POINT('',(0.14,-0.35,1.21));
#5106 = DIRECTION('',(-0.,1.,3.330669073875E-16));
#5107 = DIRECTION('',(0.,-3.330669073875E-16,1.));
#5108 = ORIENTED_EDGE('',*,*,#5109,.F.);
#5109 = EDGE_CURVE('',#5110,#5101,#5112,.T.);
#5110 = VERTEX_POINT('',#5111);
#5111 = CARTESIAN_POINT('',(-0.15,-0.35,-0.457437037472));
#5112 = LINE('',#5113,#5114);
#5113 = CARTESIAN_POINT('',(-0.15,-0.35,-0.5));
#5114 = VECTOR('',#5115,1.);
#5115 = DIRECTION('',(0.,-5.551115123126E-16,1.));
#5116 = ORIENTED_EDGE('',*,*,#5117,.F.);
#5117 = EDGE_CURVE('',#4990,#5110,#5118,.T.);
#5118 = CIRCLE('',#5119,0.29);
#5119 = AXIS2_PLACEMENT_3D('',#5120,#5121,#5122);
#5120 = CARTESIAN_POINT('',(-0.44,-0.35,-0.457437037472));
#5121 = DIRECTION('',(0.,-1.,-3.330669073875E-16));
#5122 = DIRECTION('',(0.,-3.330669073875E-16,1.));
#5123 = PLANE('',#5124);
#5124 = AXIS2_PLACEMENT_3D('',#5125,#5126,#5127);
#5125 = CARTESIAN_POINT('',(-0.15,-0.35,-0.5));
#5126 = DIRECTION('',(1.64346021921E-31,-1.,-5.551115123126E-16));
#5127 = DIRECTION('',(0.,5.551115123126E-16,-1.));
#5128 = ADVANCED_FACE('',(#5129),#5273,.T.);
#5129 = FACE_BOUND('',#5130,.T.);
#5130 = EDGE_LOOP('',(#5131,#5141,#5150,#5158,#5167,#5175,#5183,#5191,
    #5200,#5208,#5217,#5225,#5234,#5240,#5241,#5249,#5258,#5266));
#5131 = ORIENTED_EDGE('',*,*,#5132,.T.);
#5132 = EDGE_CURVE('',#5133,#5135,#5137,.T.);
#5133 = VERTEX_POINT('',#5134);
#5134 = CARTESIAN_POINT('',(-0.162230377286,-4.85,-0.540767924286));
#5135 = VERTEX_POINT('',#5136);
#5136 = CARTESIAN_POINT('',(-0.425000733956,-4.85,-1.416669113186));
#5137 = LINE('',#5138,#5139);
#5138 = CARTESIAN_POINT('',(-0.15,-4.85,-0.5));
#5139 = VECTOR('',#5140,1.);
#5140 = DIRECTION('',(-0.287347885566,5.31700397722E-16,-0.957826285221)
  );
#5141 = ORIENTED_EDGE('',*,*,#5142,.T.);
#5142 = EDGE_CURVE('',#5135,#5143,#5145,.T.);
#5143 = VERTEX_POINT('',#5144);
#5144 = CARTESIAN_POINT('',(-0.425000733956,-4.85,-1.583330886814));
#5145 = CIRCLE('',#5146,0.29);
#5146 = AXIS2_PLACEMENT_3D('',#5147,#5148,#5149);
#5147 = CARTESIAN_POINT('',(-0.147231111242,-4.85,-1.5));
#5148 = DIRECTION('',(0.,-1.,-3.330669073875E-16));
#5149 = DIRECTION('',(0.,-3.330669073875E-16,1.));
#5150 = ORIENTED_EDGE('',*,*,#5151,.T.);
#5151 = EDGE_CURVE('',#5143,#5152,#5154,.T.);
#5152 = VERTEX_POINT('',#5153);
#5153 = CARTESIAN_POINT('',(-0.162230377286,-4.85,-2.459232075714));
#5154 = LINE('',#5155,#5156);
#5155 = CARTESIAN_POINT('',(-0.45,-4.85,-1.5));
#5156 = VECTOR('',#5157,1.);
#5157 = DIRECTION('',(0.287347885566,5.31700397722E-16,-0.957826285221)
  );
#5158 = ORIENTED_EDGE('',*,*,#5159,.F.);
#5159 = EDGE_CURVE('',#5160,#5152,#5162,.T.);
#5160 = VERTEX_POINT('',#5161);
#5161 = CARTESIAN_POINT('',(-0.15,-4.85,-2.542562962528));
#5162 = CIRCLE('',#5163,0.29);
#5163 = AXIS2_PLACEMENT_3D('',#5164,#5165,#5166);
#5164 = CARTESIAN_POINT('',(-0.44,-4.85,-2.542562962528));
#5165 = DIRECTION('',(0.,-1.,-3.330669073875E-16));
#5166 = DIRECTION('',(0.,-3.330669073875E-16,1.));
#5167 = ORIENTED_EDGE('',*,*,#5168,.F.);
#5168 = EDGE_CURVE('',#5169,#5160,#5171,.T.);
#5169 = VERTEX_POINT('',#5170);
#5170 = CARTESIAN_POINT('',(-0.15,-4.85,-3.5));
#5171 = LINE('',#5172,#5173);
#5172 = CARTESIAN_POINT('',(-0.15,-4.85,-3.5));
#5173 = VECTOR('',#5174,1.);
#5174 = DIRECTION('',(0.,-5.551115123126E-16,1.));
#5175 = ORIENTED_EDGE('',*,*,#5176,.F.);
#5176 = EDGE_CURVE('',#5177,#5169,#5179,.T.);
#5177 = VERTEX_POINT('',#5178);
#5178 = CARTESIAN_POINT('',(0.15,-4.85,-3.5));
#5179 = LINE('',#5180,#5181);
#5180 = CARTESIAN_POINT('',(0.15,-4.85,-3.5));
#5181 = VECTOR('',#5182,1.);
#5182 = DIRECTION('',(-1.,-0.,0.));
#5183 = ORIENTED_EDGE('',*,*,#5184,.F.);
#5184 = EDGE_CURVE('',#5185,#5177,#5187,.T.);
#5185 = VERTEX_POINT('',#5186);
#5186 = CARTESIAN_POINT('',(0.15,-4.85,-2.542562962528));
#5187 = LINE('',#5188,#5189);
#5188 = CARTESIAN_POINT('',(0.15,-4.85,-2.5));
#5189 = VECTOR('',#5190,1.);
#5190 = DIRECTION('',(0.,5.551115123126E-16,-1.));
#5191 = ORIENTED_EDGE('',*,*,#5192,.F.);
#5192 = EDGE_CURVE('',#5193,#5185,#5195,.T.);
#5193 = VERTEX_POINT('',#5194);
#5194 = CARTESIAN_POINT('',(0.137769622714,-4.85,-2.459232075714));
#5195 = CIRCLE('',#5196,0.29);
#5196 = AXIS2_PLACEMENT_3D('',#5197,#5198,#5199);
#5197 = CARTESIAN_POINT('',(-0.14,-4.85,-2.542562962528));
#5198 = DIRECTION('',(-0.,1.,3.330669073875E-16));
#5199 = DIRECTION('',(0.,-3.330669073875E-16,1.));
#5200 = ORIENTED_EDGE('',*,*,#5201,.T.);
#5201 = EDGE_CURVE('',#5193,#5202,#5204,.T.);
#5202 = VERTEX_POINT('',#5203);
#5203 = CARTESIAN_POINT('',(-0.125000733956,-4.85,-1.583330886814));
#5204 = LINE('',#5205,#5206);
#5205 = CARTESIAN_POINT('',(0.15,-4.85,-2.5));
#5206 = VECTOR('',#5207,1.);
#5207 = DIRECTION('',(-0.287347885566,-5.31700397722E-16,0.957826285221)
  );
#5208 = ORIENTED_EDGE('',*,*,#5209,.F.);
#5209 = EDGE_CURVE('',#5210,#5202,#5212,.T.);
#5210 = VERTEX_POINT('',#5211);
#5211 = CARTESIAN_POINT('',(-0.125000733956,-4.85,-1.416669113186));
#5212 = CIRCLE('',#5213,0.29);
#5213 = AXIS2_PLACEMENT_3D('',#5214,#5215,#5216);
#5214 = CARTESIAN_POINT('',(0.152768888758,-4.85,-1.5));
#5215 = DIRECTION('',(0.,-1.,-3.330669073875E-16));
#5216 = DIRECTION('',(0.,-3.330669073875E-16,1.));
#5217 = ORIENTED_EDGE('',*,*,#5218,.T.);
#5218 = EDGE_CURVE('',#5210,#5219,#5221,.T.);
#5219 = VERTEX_POINT('',#5220);
#5220 = CARTESIAN_POINT('',(0.137769622714,-4.85,-0.540767924286));
#5221 = LINE('',#5222,#5223);
#5222 = CARTESIAN_POINT('',(-0.15,-4.85,-1.5));
#5223 = VECTOR('',#5224,1.);
#5224 = DIRECTION('',(0.287347885566,-5.31700397722E-16,0.957826285221)
  );
#5225 = ORIENTED_EDGE('',*,*,#5226,.F.);
#5226 = EDGE_CURVE('',#5227,#5219,#5229,.T.);
#5227 = VERTEX_POINT('',#5228);
#5228 = CARTESIAN_POINT('',(0.15,-4.85,-0.457437037472));
#5229 = CIRCLE('',#5230,0.29);
#5230 = AXIS2_PLACEMENT_3D('',#5231,#5232,#5233);
#5231 = CARTESIAN_POINT('',(-0.14,-4.85,-0.457437037472));
#5232 = DIRECTION('',(-0.,1.,3.330669073875E-16));
#5233 = DIRECTION('',(0.,-3.330669073875E-16,1.));
#5234 = ORIENTED_EDGE('',*,*,#5235,.F.);
#5235 = EDGE_CURVE('',#4494,#5227,#5236,.T.);
#5236 = LINE('',#5237,#5238);
#5237 = CARTESIAN_POINT('',(0.15,-4.85,1.5));
#5238 = VECTOR('',#5239,1.);
#5239 = DIRECTION('',(0.,5.551115123126E-16,-1.));
#5240 = ORIENTED_EDGE('',*,*,#4501,.F.);
#5241 = ORIENTED_EDGE('',*,*,#5242,.F.);
#5242 = EDGE_CURVE('',#5243,#4502,#5245,.T.);
#5243 = VERTEX_POINT('',#5244);
#5244 = CARTESIAN_POINT('',(0.14,-4.85,1.5));
#5245 = LINE('',#5246,#5247);
#5246 = CARTESIAN_POINT('',(-0.15,-4.85,1.5));
#5247 = VECTOR('',#5248,1.);
#5248 = DIRECTION('',(1.,0.,0.));
#5249 = ORIENTED_EDGE('',*,*,#5250,.F.);
#5250 = EDGE_CURVE('',#5251,#5243,#5253,.T.);
#5251 = VERTEX_POINT('',#5252);
#5252 = CARTESIAN_POINT('',(-0.15,-4.85,1.21));
#5253 = CIRCLE('',#5254,0.29);
#5254 = AXIS2_PLACEMENT_3D('',#5255,#5256,#5257);
#5255 = CARTESIAN_POINT('',(0.14,-4.85,1.21));
#5256 = DIRECTION('',(-0.,1.,3.330669073875E-16));
#5257 = DIRECTION('',(0.,-3.330669073875E-16,1.));
#5258 = ORIENTED_EDGE('',*,*,#5259,.F.);
#5259 = EDGE_CURVE('',#5260,#5251,#5262,.T.);
#5260 = VERTEX_POINT('',#5261);
#5261 = CARTESIAN_POINT('',(-0.15,-4.85,-0.457437037472));
#5262 = LINE('',#5263,#5264);
#5263 = CARTESIAN_POINT('',(-0.15,-4.85,-0.5));
#5264 = VECTOR('',#5265,1.);
#5265 = DIRECTION('',(0.,-5.551115123126E-16,1.));
#5266 = ORIENTED_EDGE('',*,*,#5267,.F.);
#5267 = EDGE_CURVE('',#5133,#5260,#5268,.T.);
#5268 = CIRCLE('',#5269,0.29);
#5269 = AXIS2_PLACEMENT_3D('',#5270,#5271,#5272);
#5270 = CARTESIAN_POINT('',(-0.44,-4.85,-0.457437037472));
#5271 = DIRECTION('',(0.,-1.,-3.330669073875E-16));
#5272 = DIRECTION('',(0.,-3.330669073875E-16,1.));
#5273 = PLANE('',#5274);
#5274 = AXIS2_PLACEMENT_3D('',#5275,#5276,#5277);
#5275 = CARTESIAN_POINT('',(-0.15,-4.85,-0.5));
#5276 = DIRECTION('',(0.,-1.,-3.330669073875E-16));
#5277 = DIRECTION('',(0.,3.330669073875E-16,-1.));
#5278 = ADVANCED_FACE('',(#5279),#5423,.F.);
#5279 = FACE_BOUND('',#5280,.F.);
#5280 = EDGE_LOOP('',(#5281,#5291,#5300,#5308,#5317,#5325,#5333,#5341,
    #5350,#5358,#5367,#5375,#5384,#5390,#5391,#5399,#5408,#5416));
#5281 = ORIENTED_EDGE('',*,*,#5282,.T.);
#5282 = EDGE_CURVE('',#5283,#5285,#5287,.T.);
#5283 = VERTEX_POINT('',#5284);
#5284 = CARTESIAN_POINT('',(-0.162230377286,-4.15,-0.540767924286));
#5285 = VERTEX_POINT('',#5286);
#5286 = CARTESIAN_POINT('',(-0.425000733956,-4.15,-1.416669113186));
#5287 = LINE('',#5288,#5289);
#5288 = CARTESIAN_POINT('',(-0.15,-4.15,-0.5));
#5289 = VECTOR('',#5290,1.);
#5290 = DIRECTION('',(-0.287347885566,5.31700397722E-16,-0.957826285221)
  );
#5291 = ORIENTED_EDGE('',*,*,#5292,.T.);
#5292 = EDGE_CURVE('',#5285,#5293,#5295,.T.);
#5293 = VERTEX_POINT('',#5294);
#5294 = CARTESIAN_POINT('',(-0.425000733956,-4.15,-1.583330886814));
#5295 = CIRCLE('',#5296,0.29);
#5296 = AXIS2_PLACEMENT_3D('',#5297,#5298,#5299);
#5297 = CARTESIAN_POINT('',(-0.147231111242,-4.15,-1.5));
#5298 = DIRECTION('',(0.,-1.,-3.330669073875E-16));
#5299 = DIRECTION('',(0.,-3.330669073875E-16,1.));
#5300 = ORIENTED_EDGE('',*,*,#5301,.T.);
#5301 = EDGE_CURVE('',#5293,#5302,#5304,.T.);
#5302 = VERTEX_POINT('',#5303);
#5303 = CARTESIAN_POINT('',(-0.162230377286,-4.15,-2.459232075714));
#5304 = LINE('',#5305,#5306);
#5305 = CARTESIAN_POINT('',(-0.45,-4.15,-1.5));
#5306 = VECTOR('',#5307,1.);
#5307 = DIRECTION('',(0.287347885566,5.31700397722E-16,-0.957826285221)
  );
#5308 = ORIENTED_EDGE('',*,*,#5309,.F.);
#5309 = EDGE_CURVE('',#5310,#5302,#5312,.T.);
#5310 = VERTEX_POINT('',#5311);
#5311 = CARTESIAN_POINT('',(-0.15,-4.15,-2.542562962528));
#5312 = CIRCLE('',#5313,0.29);
#5313 = AXIS2_PLACEMENT_3D('',#5314,#5315,#5316);
#5314 = CARTESIAN_POINT('',(-0.44,-4.15,-2.542562962528));
#5315 = DIRECTION('',(0.,-1.,-3.330669073875E-16));
#5316 = DIRECTION('',(0.,-3.330669073875E-16,1.));
#5317 = ORIENTED_EDGE('',*,*,#5318,.F.);
#5318 = EDGE_CURVE('',#5319,#5310,#5321,.T.);
#5319 = VERTEX_POINT('',#5320);
#5320 = CARTESIAN_POINT('',(-0.15,-4.15,-3.5));
#5321 = LINE('',#5322,#5323);
#5322 = CARTESIAN_POINT('',(-0.15,-4.15,-3.5));
#5323 = VECTOR('',#5324,1.);
#5324 = DIRECTION('',(0.,-5.551115123126E-16,1.));
#5325 = ORIENTED_EDGE('',*,*,#5326,.F.);
#5326 = EDGE_CURVE('',#5327,#5319,#5329,.T.);
#5327 = VERTEX_POINT('',#5328);
#5328 = CARTESIAN_POINT('',(0.15,-4.15,-3.5));
#5329 = LINE('',#5330,#5331);
#5330 = CARTESIAN_POINT('',(0.15,-4.15,-3.5));
#5331 = VECTOR('',#5332,1.);
#5332 = DIRECTION('',(-1.,-0.,0.));
#5333 = ORIENTED_EDGE('',*,*,#5334,.F.);
#5334 = EDGE_CURVE('',#5335,#5327,#5337,.T.);
#5335 = VERTEX_POINT('',#5336);
#5336 = CARTESIAN_POINT('',(0.15,-4.15,-2.542562962528));
#5337 = LINE('',#5338,#5339);
#5338 = CARTESIAN_POINT('',(0.15,-4.15,-2.5));
#5339 = VECTOR('',#5340,1.);
#5340 = DIRECTION('',(0.,5.551115123126E-16,-1.));
#5341 = ORIENTED_EDGE('',*,*,#5342,.F.);
#5342 = EDGE_CURVE('',#5343,#5335,#5345,.T.);
#5343 = VERTEX_POINT('',#5344);
#5344 = CARTESIAN_POINT('',(0.137769622714,-4.15,-2.459232075714));
#5345 = CIRCLE('',#5346,0.29);
#5346 = AXIS2_PLACEMENT_3D('',#5347,#5348,#5349);
#5347 = CARTESIAN_POINT('',(-0.14,-4.15,-2.542562962528));
#5348 = DIRECTION('',(-0.,1.,3.330669073875E-16));
#5349 = DIRECTION('',(0.,-3.330669073875E-16,1.));
#5350 = ORIENTED_EDGE('',*,*,#5351,.T.);
#5351 = EDGE_CURVE('',#5343,#5352,#5354,.T.);
#5352 = VERTEX_POINT('',#5353);
#5353 = CARTESIAN_POINT('',(-0.125000733956,-4.15,-1.583330886814));
#5354 = LINE('',#5355,#5356);
#5355 = CARTESIAN_POINT('',(0.15,-4.15,-2.5));
#5356 = VECTOR('',#5357,1.);
#5357 = DIRECTION('',(-0.287347885566,-5.31700397722E-16,0.957826285221)
  );
#5358 = ORIENTED_EDGE('',*,*,#5359,.F.);
#5359 = EDGE_CURVE('',#5360,#5352,#5362,.T.);
#5360 = VERTEX_POINT('',#5361);
#5361 = CARTESIAN_POINT('',(-0.125000733956,-4.15,-1.416669113186));
#5362 = CIRCLE('',#5363,0.29);
#5363 = AXIS2_PLACEMENT_3D('',#5364,#5365,#5366);
#5364 = CARTESIAN_POINT('',(0.152768888758,-4.15,-1.5));
#5365 = DIRECTION('',(0.,-1.,-3.330669073875E-16));
#5366 = DIRECTION('',(0.,-3.330669073875E-16,1.));
#5367 = ORIENTED_EDGE('',*,*,#5368,.T.);
#5368 = EDGE_CURVE('',#5360,#5369,#5371,.T.);
#5369 = VERTEX_POINT('',#5370);
#5370 = CARTESIAN_POINT('',(0.137769622714,-4.15,-0.540767924286));
#5371 = LINE('',#5372,#5373);
#5372 = CARTESIAN_POINT('',(-0.15,-4.15,-1.5));
#5373 = VECTOR('',#5374,1.);
#5374 = DIRECTION('',(0.287347885566,-5.31700397722E-16,0.957826285221)
  );
#5375 = ORIENTED_EDGE('',*,*,#5376,.F.);
#5376 = EDGE_CURVE('',#5377,#5369,#5379,.T.);
#5377 = VERTEX_POINT('',#5378);
#5378 = CARTESIAN_POINT('',(0.15,-4.15,-0.457437037472));
#5379 = CIRCLE('',#5380,0.29);
#5380 = AXIS2_PLACEMENT_3D('',#5381,#5382,#5383);
#5381 = CARTESIAN_POINT('',(-0.14,-4.15,-0.457437037472));
#5382 = DIRECTION('',(-0.,1.,3.330669073875E-16));
#5383 = DIRECTION('',(0.,-3.330669073875E-16,1.));
#5384 = ORIENTED_EDGE('',*,*,#5385,.F.);
#5385 = EDGE_CURVE('',#4518,#5377,#5386,.T.);
#5386 = LINE('',#5387,#5388);
#5387 = CARTESIAN_POINT('',(0.15,-4.15,1.5));
#5388 = VECTOR('',#5389,1.);
#5389 = DIRECTION('',(0.,5.551115123126E-16,-1.));
#5390 = ORIENTED_EDGE('',*,*,#4517,.F.);
#5391 = ORIENTED_EDGE('',*,*,#5392,.F.);
#5392 = EDGE_CURVE('',#5393,#4510,#5395,.T.);
#5393 = VERTEX_POINT('',#5394);
#5394 = CARTESIAN_POINT('',(0.14,-4.15,1.5));
#5395 = LINE('',#5396,#5397);
#5396 = CARTESIAN_POINT('',(-0.15,-4.15,1.5));
#5397 = VECTOR('',#5398,1.);
#5398 = DIRECTION('',(1.,0.,0.));
#5399 = ORIENTED_EDGE('',*,*,#5400,.F.);
#5400 = EDGE_CURVE('',#5401,#5393,#5403,.T.);
#5401 = VERTEX_POINT('',#5402);
#5402 = CARTESIAN_POINT('',(-0.15,-4.15,1.21));
#5403 = CIRCLE('',#5404,0.29);
#5404 = AXIS2_PLACEMENT_3D('',#5405,#5406,#5407);
#5405 = CARTESIAN_POINT('',(0.14,-4.15,1.21));
#5406 = DIRECTION('',(-0.,1.,3.330669073875E-16));
#5407 = DIRECTION('',(0.,-3.330669073875E-16,1.));
#5408 = ORIENTED_EDGE('',*,*,#5409,.F.);
#5409 = EDGE_CURVE('',#5410,#5401,#5412,.T.);
#5410 = VERTEX_POINT('',#5411);
#5411 = CARTESIAN_POINT('',(-0.15,-4.15,-0.457437037472));
#5412 = LINE('',#5413,#5414);
#5413 = CARTESIAN_POINT('',(-0.15,-4.15,-0.5));
#5414 = VECTOR('',#5415,1.);
#5415 = DIRECTION('',(0.,-5.551115123126E-16,1.));
#5416 = ORIENTED_EDGE('',*,*,#5417,.F.);
#5417 = EDGE_CURVE('',#5283,#5410,#5418,.T.);
#5418 = CIRCLE('',#5419,0.29);
#5419 = AXIS2_PLACEMENT_3D('',#5420,#5421,#5422);
#5420 = CARTESIAN_POINT('',(-0.44,-4.15,-0.457437037472));
#5421 = DIRECTION('',(0.,-1.,-3.330669073875E-16));
#5422 = DIRECTION('',(0.,-3.330669073875E-16,1.));
#5423 = PLANE('',#5424);
#5424 = AXIS2_PLACEMENT_3D('',#5425,#5426,#5427);
#5425 = CARTESIAN_POINT('',(-0.15,-4.15,-0.5));
#5426 = DIRECTION('',(0.,-1.,-3.330669073875E-16));
#5427 = DIRECTION('',(0.,3.330669073875E-16,-1.));
#5428 = ADVANCED_FACE('',(#5429),#5440,.F.);
#5429 = FACE_BOUND('',#5430,.F.);
#5430 = EDGE_LOOP('',(#5431,#5432,#5438,#5439));
#5431 = ORIENTED_EDGE('',*,*,#5242,.F.);
#5432 = ORIENTED_EDGE('',*,*,#5433,.T.);
#5433 = EDGE_CURVE('',#5243,#5393,#5434,.T.);
#5434 = LINE('',#5435,#5436);
#5435 = CARTESIAN_POINT('',(0.14,-4.85,1.5));
#5436 = VECTOR('',#5437,1.);
#5437 = DIRECTION('',(0.,1.,3.330669073875E-16));
#5438 = ORIENTED_EDGE('',*,*,#5392,.T.);
#5439 = ORIENTED_EDGE('',*,*,#4509,.F.);
#5440 = PLANE('',#5441);
#5441 = AXIS2_PLACEMENT_3D('',#5442,#5443,#5444);
#5442 = CARTESIAN_POINT('',(-0.15,-4.85,1.5));
#5443 = DIRECTION('',(0.,3.330669073875E-16,-1.));
#5444 = DIRECTION('',(1.,0.,0.));
#5445 = ADVANCED_FACE('',(#5446),#5590,.F.);
#5446 = FACE_BOUND('',#5447,.F.);
#5447 = EDGE_LOOP('',(#5448,#5458,#5467,#5475,#5484,#5492,#5500,#5508,
    #5517,#5525,#5534,#5542,#5551,#5557,#5558,#5566,#5575,#5583));
#5448 = ORIENTED_EDGE('',*,*,#5449,.T.);
#5449 = EDGE_CURVE('',#5450,#5452,#5454,.T.);
#5450 = VERTEX_POINT('',#5451);
#5451 = CARTESIAN_POINT('',(6.462230377286,-4.85,-0.540767924286));
#5452 = VERTEX_POINT('',#5453);
#5453 = CARTESIAN_POINT('',(6.725000733956,-4.85,-1.416669113186));
#5454 = LINE('',#5455,#5456);
#5455 = CARTESIAN_POINT('',(6.45,-4.85,-0.5));
#5456 = VECTOR('',#5457,1.);
#5457 = DIRECTION('',(0.287347885566,5.31700397722E-16,-0.957826285221)
  );
#5458 = ORIENTED_EDGE('',*,*,#5459,.T.);
#5459 = EDGE_CURVE('',#5452,#5460,#5462,.T.);
#5460 = VERTEX_POINT('',#5461);
#5461 = CARTESIAN_POINT('',(6.725000733956,-4.85,-1.583330886814));
#5462 = CIRCLE('',#5463,0.29);
#5463 = AXIS2_PLACEMENT_3D('',#5464,#5465,#5466);
#5464 = CARTESIAN_POINT('',(6.447231111242,-4.85,-1.5));
#5465 = DIRECTION('',(-0.,1.,3.330669073875E-16));
#5466 = DIRECTION('',(0.,-3.330669073875E-16,1.));
#5467 = ORIENTED_EDGE('',*,*,#5468,.T.);
#5468 = EDGE_CURVE('',#5460,#5469,#5471,.T.);
#5469 = VERTEX_POINT('',#5470);
#5470 = CARTESIAN_POINT('',(6.462230377286,-4.85,-2.459232075714));
#5471 = LINE('',#5472,#5473);
#5472 = CARTESIAN_POINT('',(6.75,-4.85,-1.5));
#5473 = VECTOR('',#5474,1.);
#5474 = DIRECTION('',(-0.287347885566,5.31700397722E-16,-0.957826285221)
  );
#5475 = ORIENTED_EDGE('',*,*,#5476,.F.);
#5476 = EDGE_CURVE('',#5477,#5469,#5479,.T.);
#5477 = VERTEX_POINT('',#5478);
#5478 = CARTESIAN_POINT('',(6.45,-4.85,-2.542562962528));
#5479 = CIRCLE('',#5480,0.29);
#5480 = AXIS2_PLACEMENT_3D('',#5481,#5482,#5483);
#5481 = CARTESIAN_POINT('',(6.74,-4.85,-2.542562962528));
#5482 = DIRECTION('',(-0.,1.,3.330669073875E-16));
#5483 = DIRECTION('',(0.,-3.330669073875E-16,1.));
#5484 = ORIENTED_EDGE('',*,*,#5485,.F.);
#5485 = EDGE_CURVE('',#5486,#5477,#5488,.T.);
#5486 = VERTEX_POINT('',#5487);
#5487 = CARTESIAN_POINT('',(6.45,-4.85,-3.5));
#5488 = LINE('',#5489,#5490);
#5489 = CARTESIAN_POINT('',(6.45,-4.85,-3.5));
#5490 = VECTOR('',#5491,1.);
#5491 = DIRECTION('',(0.,-5.551115123126E-16,1.));
#5492 = ORIENTED_EDGE('',*,*,#5493,.F.);
#5493 = EDGE_CURVE('',#5494,#5486,#5496,.T.);
#5494 = VERTEX_POINT('',#5495);
#5495 = CARTESIAN_POINT('',(6.15,-4.85,-3.5));
#5496 = LINE('',#5497,#5498);
#5497 = CARTESIAN_POINT('',(6.15,-4.85,-3.5));
#5498 = VECTOR('',#5499,1.);
#5499 = DIRECTION('',(1.,0.,0.));
#5500 = ORIENTED_EDGE('',*,*,#5501,.F.);
#5501 = EDGE_CURVE('',#5502,#5494,#5504,.T.);
#5502 = VERTEX_POINT('',#5503);
#5503 = CARTESIAN_POINT('',(6.15,-4.85,-2.542562962528));
#5504 = LINE('',#5505,#5506);
#5505 = CARTESIAN_POINT('',(6.15,-4.85,-2.5));
#5506 = VECTOR('',#5507,1.);
#5507 = DIRECTION('',(0.,5.551115123126E-16,-1.));
#5508 = ORIENTED_EDGE('',*,*,#5509,.F.);
#5509 = EDGE_CURVE('',#5510,#5502,#5512,.T.);
#5510 = VERTEX_POINT('',#5511);
#5511 = CARTESIAN_POINT('',(6.162230377286,-4.85,-2.459232075714));
#5512 = CIRCLE('',#5513,0.29);
#5513 = AXIS2_PLACEMENT_3D('',#5514,#5515,#5516);
#5514 = CARTESIAN_POINT('',(6.44,-4.85,-2.542562962528));
#5515 = DIRECTION('',(0.,-1.,-3.330669073875E-16));
#5516 = DIRECTION('',(0.,-3.330669073875E-16,1.));
#5517 = ORIENTED_EDGE('',*,*,#5518,.T.);
#5518 = EDGE_CURVE('',#5510,#5519,#5521,.T.);
#5519 = VERTEX_POINT('',#5520);
#5520 = CARTESIAN_POINT('',(6.425000733956,-4.85,-1.583330886814));
#5521 = LINE('',#5522,#5523);
#5522 = CARTESIAN_POINT('',(6.15,-4.85,-2.5));
#5523 = VECTOR('',#5524,1.);
#5524 = DIRECTION('',(0.287347885566,-5.31700397722E-16,0.957826285221)
  );
#5525 = ORIENTED_EDGE('',*,*,#5526,.F.);
#5526 = EDGE_CURVE('',#5527,#5519,#5529,.T.);
#5527 = VERTEX_POINT('',#5528);
#5528 = CARTESIAN_POINT('',(6.425000733956,-4.85,-1.416669113186));
#5529 = CIRCLE('',#5530,0.29);
#5530 = AXIS2_PLACEMENT_3D('',#5531,#5532,#5533);
#5531 = CARTESIAN_POINT('',(6.147231111242,-4.85,-1.5));
#5532 = DIRECTION('',(-0.,1.,3.330669073875E-16));
#5533 = DIRECTION('',(0.,-3.330669073875E-16,1.));
#5534 = ORIENTED_EDGE('',*,*,#5535,.T.);
#5535 = EDGE_CURVE('',#5527,#5536,#5538,.T.);
#5536 = VERTEX_POINT('',#5537);
#5537 = CARTESIAN_POINT('',(6.162230377286,-4.85,-0.540767924286));
#5538 = LINE('',#5539,#5540);
#5539 = CARTESIAN_POINT('',(6.45,-4.85,-1.5));
#5540 = VECTOR('',#5541,1.);
#5541 = DIRECTION('',(-0.287347885566,-5.31700397722E-16,0.957826285221)
  );
#5542 = ORIENTED_EDGE('',*,*,#5543,.F.);
#5543 = EDGE_CURVE('',#5544,#5536,#5546,.T.);
#5544 = VERTEX_POINT('',#5545);
#5545 = CARTESIAN_POINT('',(6.15,-4.85,-0.457437037472));
#5546 = CIRCLE('',#5547,0.29);
#5547 = AXIS2_PLACEMENT_3D('',#5548,#5549,#5550);
#5548 = CARTESIAN_POINT('',(6.44,-4.85,-0.457437037472));
#5549 = DIRECTION('',(0.,-1.,-3.330669073875E-16));
#5550 = DIRECTION('',(0.,-3.330669073875E-16,1.));
#5551 = ORIENTED_EDGE('',*,*,#5552,.F.);
#5552 = EDGE_CURVE('',#4564,#5544,#5553,.T.);
#5553 = LINE('',#5554,#5555);
#5554 = CARTESIAN_POINT('',(6.15,-4.85,1.5));
#5555 = VECTOR('',#5556,1.);
#5556 = DIRECTION('',(0.,5.551115123126E-16,-1.));
#5557 = ORIENTED_EDGE('',*,*,#4637,.F.);
#5558 = ORIENTED_EDGE('',*,*,#5559,.F.);
#5559 = EDGE_CURVE('',#5560,#4630,#5562,.T.);
#5560 = VERTEX_POINT('',#5561);
#5561 = CARTESIAN_POINT('',(6.16,-4.85,1.5));
#5562 = LINE('',#5563,#5564);
#5563 = CARTESIAN_POINT('',(6.45,-4.85,1.5));
#5564 = VECTOR('',#5565,1.);
#5565 = DIRECTION('',(-1.,-0.,0.));
#5566 = ORIENTED_EDGE('',*,*,#5567,.F.);
#5567 = EDGE_CURVE('',#5568,#5560,#5570,.T.);
#5568 = VERTEX_POINT('',#5569);
#5569 = CARTESIAN_POINT('',(6.45,-4.85,1.21));
#5570 = CIRCLE('',#5571,0.29);
#5571 = AXIS2_PLACEMENT_3D('',#5572,#5573,#5574);
#5572 = CARTESIAN_POINT('',(6.16,-4.85,1.21));
#5573 = DIRECTION('',(0.,-1.,-3.330669073875E-16));
#5574 = DIRECTION('',(0.,-3.330669073875E-16,1.));
#5575 = ORIENTED_EDGE('',*,*,#5576,.F.);
#5576 = EDGE_CURVE('',#5577,#5568,#5579,.T.);
#5577 = VERTEX_POINT('',#5578);
#5578 = CARTESIAN_POINT('',(6.45,-4.85,-0.457437037472));
#5579 = LINE('',#5580,#5581);
#5580 = CARTESIAN_POINT('',(6.45,-4.85,-0.5));
#5581 = VECTOR('',#5582,1.);
#5582 = DIRECTION('',(0.,-5.551115123126E-16,1.));
#5583 = ORIENTED_EDGE('',*,*,#5584,.F.);
#5584 = EDGE_CURVE('',#5450,#5577,#5585,.T.);
#5585 = CIRCLE('',#5586,0.29);
#5586 = AXIS2_PLACEMENT_3D('',#5587,#5588,#5589);
#5587 = CARTESIAN_POINT('',(6.74,-4.85,-0.457437037472));
#5588 = DIRECTION('',(-0.,1.,3.330669073875E-16));
#5589 = DIRECTION('',(0.,-3.330669073875E-16,1.));
#5590 = PLANE('',#5591);
#5591 = AXIS2_PLACEMENT_3D('',#5592,#5593,#5594);
#5592 = CARTESIAN_POINT('',(6.45,-4.85,-0.5));
#5593 = DIRECTION('',(0.,1.,3.330669073875E-16));
#5594 = DIRECTION('',(0.,-3.330669073875E-16,1.));
#5595 = ADVANCED_FACE('',(#5596),#5614,.T.);
#5596 = FACE_BOUND('',#5597,.T.);
#5597 = EDGE_LOOP('',(#5598,#5599,#5607,#5613));
#5598 = ORIENTED_EDGE('',*,*,#5559,.F.);
#5599 = ORIENTED_EDGE('',*,*,#5600,.T.);
#5600 = EDGE_CURVE('',#5560,#5601,#5603,.T.);
#5601 = VERTEX_POINT('',#5602);
#5602 = CARTESIAN_POINT('',(6.16,-4.15,1.5));
#5603 = LINE('',#5604,#5605);
#5604 = CARTESIAN_POINT('',(6.16,-4.85,1.5));
#5605 = VECTOR('',#5606,1.);
#5606 = DIRECTION('',(0.,1.,3.330669073875E-16));
#5607 = ORIENTED_EDGE('',*,*,#5608,.T.);
#5608 = EDGE_CURVE('',#5601,#4622,#5609,.T.);
#5609 = LINE('',#5610,#5611);
#5610 = CARTESIAN_POINT('',(6.45,-4.15,1.5));
#5611 = VECTOR('',#5612,1.);
#5612 = DIRECTION('',(-1.,-0.,0.));
#5613 = ORIENTED_EDGE('',*,*,#4629,.F.);
#5614 = PLANE('',#5615);
#5615 = AXIS2_PLACEMENT_3D('',#5616,#5617,#5618);
#5616 = CARTESIAN_POINT('',(6.45,-4.85,1.5));
#5617 = DIRECTION('',(0.,-3.330669073875E-16,1.));
#5618 = DIRECTION('',(-1.,0.,0.));
#5619 = ADVANCED_FACE('',(#5620),#5757,.T.);
#5620 = FACE_BOUND('',#5621,.T.);
#5621 = EDGE_LOOP('',(#5622,#5632,#5641,#5649,#5658,#5666,#5674,#5682,
    #5691,#5699,#5708,#5716,#5725,#5731,#5732,#5733,#5742,#5750));
#5622 = ORIENTED_EDGE('',*,*,#5623,.T.);
#5623 = EDGE_CURVE('',#5624,#5626,#5628,.T.);
#5624 = VERTEX_POINT('',#5625);
#5625 = CARTESIAN_POINT('',(6.462230377286,-4.15,-0.540767924286));
#5626 = VERTEX_POINT('',#5627);
#5627 = CARTESIAN_POINT('',(6.725000733956,-4.15,-1.416669113186));
#5628 = LINE('',#5629,#5630);
#5629 = CARTESIAN_POINT('',(6.45,-4.15,-0.5));
#5630 = VECTOR('',#5631,1.);
#5631 = DIRECTION('',(0.287347885566,5.31700397722E-16,-0.957826285221)
  );
#5632 = ORIENTED_EDGE('',*,*,#5633,.T.);
#5633 = EDGE_CURVE('',#5626,#5634,#5636,.T.);
#5634 = VERTEX_POINT('',#5635);
#5635 = CARTESIAN_POINT('',(6.725000733956,-4.15,-1.583330886814));
#5636 = CIRCLE('',#5637,0.29);
#5637 = AXIS2_PLACEMENT_3D('',#5638,#5639,#5640);
#5638 = CARTESIAN_POINT('',(6.447231111242,-4.15,-1.5));
#5639 = DIRECTION('',(-0.,1.,3.330669073875E-16));
#5640 = DIRECTION('',(0.,-3.330669073875E-16,1.));
#5641 = ORIENTED_EDGE('',*,*,#5642,.T.);
#5642 = EDGE_CURVE('',#5634,#5643,#5645,.T.);
#5643 = VERTEX_POINT('',#5644);
#5644 = CARTESIAN_POINT('',(6.462230377286,-4.15,-2.459232075714));
#5645 = LINE('',#5646,#5647);
#5646 = CARTESIAN_POINT('',(6.75,-4.15,-1.5));
#5647 = VECTOR('',#5648,1.);
#5648 = DIRECTION('',(-0.287347885566,5.31700397722E-16,-0.957826285221)
  );
#5649 = ORIENTED_EDGE('',*,*,#5650,.F.);
#5650 = EDGE_CURVE('',#5651,#5643,#5653,.T.);
#5651 = VERTEX_POINT('',#5652);
#5652 = CARTESIAN_POINT('',(6.45,-4.15,-2.542562962528));
#5653 = CIRCLE('',#5654,0.29);
#5654 = AXIS2_PLACEMENT_3D('',#5655,#5656,#5657);
#5655 = CARTESIAN_POINT('',(6.74,-4.15,-2.542562962528));
#5656 = DIRECTION('',(-0.,1.,3.330669073875E-16));
#5657 = DIRECTION('',(0.,-3.330669073875E-16,1.));
#5658 = ORIENTED_EDGE('',*,*,#5659,.F.);
#5659 = EDGE_CURVE('',#5660,#5651,#5662,.T.);
#5660 = VERTEX_POINT('',#5661);
#5661 = CARTESIAN_POINT('',(6.45,-4.15,-3.5));
#5662 = LINE('',#5663,#5664);
#5663 = CARTESIAN_POINT('',(6.45,-4.15,-3.5));
#5664 = VECTOR('',#5665,1.);
#5665 = DIRECTION('',(0.,-5.551115123126E-16,1.));
#5666 = ORIENTED_EDGE('',*,*,#5667,.F.);
#5667 = EDGE_CURVE('',#5668,#5660,#5670,.T.);
#5668 = VERTEX_POINT('',#5669);
#5669 = CARTESIAN_POINT('',(6.15,-4.15,-3.5));
#5670 = LINE('',#5671,#5672);
#5671 = CARTESIAN_POINT('',(6.15,-4.15,-3.5));
#5672 = VECTOR('',#5673,1.);
#5673 = DIRECTION('',(1.,0.,0.));
#5674 = ORIENTED_EDGE('',*,*,#5675,.F.);
#5675 = EDGE_CURVE('',#5676,#5668,#5678,.T.);
#5676 = VERTEX_POINT('',#5677);
#5677 = CARTESIAN_POINT('',(6.15,-4.15,-2.542562962528));
#5678 = LINE('',#5679,#5680);
#5679 = CARTESIAN_POINT('',(6.15,-4.15,-2.5));
#5680 = VECTOR('',#5681,1.);
#5681 = DIRECTION('',(0.,5.551115123126E-16,-1.));
#5682 = ORIENTED_EDGE('',*,*,#5683,.F.);
#5683 = EDGE_CURVE('',#5684,#5676,#5686,.T.);
#5684 = VERTEX_POINT('',#5685);
#5685 = CARTESIAN_POINT('',(6.162230377286,-4.15,-2.459232075714));
#5686 = CIRCLE('',#5687,0.29);
#5687 = AXIS2_PLACEMENT_3D('',#5688,#5689,#5690);
#5688 = CARTESIAN_POINT('',(6.44,-4.15,-2.542562962528));
#5689 = DIRECTION('',(0.,-1.,-3.330669073875E-16));
#5690 = DIRECTION('',(0.,-3.330669073875E-16,1.));
#5691 = ORIENTED_EDGE('',*,*,#5692,.T.);
#5692 = EDGE_CURVE('',#5684,#5693,#5695,.T.);
#5693 = VERTEX_POINT('',#5694);
#5694 = CARTESIAN_POINT('',(6.425000733956,-4.15,-1.583330886814));
#5695 = LINE('',#5696,#5697);
#5696 = CARTESIAN_POINT('',(6.15,-4.15,-2.5));
#5697 = VECTOR('',#5698,1.);
#5698 = DIRECTION('',(0.287347885566,-5.31700397722E-16,0.957826285221)
  );
#5699 = ORIENTED_EDGE('',*,*,#5700,.F.);
#5700 = EDGE_CURVE('',#5701,#5693,#5703,.T.);
#5701 = VERTEX_POINT('',#5702);
#5702 = CARTESIAN_POINT('',(6.425000733956,-4.15,-1.416669113186));
#5703 = CIRCLE('',#5704,0.29);
#5704 = AXIS2_PLACEMENT_3D('',#5705,#5706,#5707);
#5705 = CARTESIAN_POINT('',(6.147231111242,-4.15,-1.5));
#5706 = DIRECTION('',(-0.,1.,3.330669073875E-16));
#5707 = DIRECTION('',(0.,-3.330669073875E-16,1.));
#5708 = ORIENTED_EDGE('',*,*,#5709,.T.);
#5709 = EDGE_CURVE('',#5701,#5710,#5712,.T.);
#5710 = VERTEX_POINT('',#5711);
#5711 = CARTESIAN_POINT('',(6.162230377286,-4.15,-0.540767924286));
#5712 = LINE('',#5713,#5714);
#5713 = CARTESIAN_POINT('',(6.45,-4.15,-1.5));
#5714 = VECTOR('',#5715,1.);
#5715 = DIRECTION('',(-0.287347885566,-5.31700397722E-16,0.957826285221)
  );
#5716 = ORIENTED_EDGE('',*,*,#5717,.F.);
#5717 = EDGE_CURVE('',#5718,#5710,#5720,.T.);
#5718 = VERTEX_POINT('',#5719);
#5719 = CARTESIAN_POINT('',(6.15,-4.15,-0.457437037472));
#5720 = CIRCLE('',#5721,0.29);
#5721 = AXIS2_PLACEMENT_3D('',#5722,#5723,#5724);
#5722 = CARTESIAN_POINT('',(6.44,-4.15,-0.457437037472));
#5723 = DIRECTION('',(0.,-1.,-3.330669073875E-16));
#5724 = DIRECTION('',(0.,-3.330669073875E-16,1.));
#5725 = ORIENTED_EDGE('',*,*,#5726,.F.);
#5726 = EDGE_CURVE('',#4614,#5718,#5727,.T.);
#5727 = LINE('',#5728,#5729);
#5728 = CARTESIAN_POINT('',(6.15,-4.15,1.5));
#5729 = VECTOR('',#5730,1.);
#5730 = DIRECTION('',(0.,5.551115123126E-16,-1.));
#5731 = ORIENTED_EDGE('',*,*,#4621,.F.);
#5732 = ORIENTED_EDGE('',*,*,#5608,.F.);
#5733 = ORIENTED_EDGE('',*,*,#5734,.F.);
#5734 = EDGE_CURVE('',#5735,#5601,#5737,.T.);
#5735 = VERTEX_POINT('',#5736);
#5736 = CARTESIAN_POINT('',(6.45,-4.15,1.21));
#5737 = CIRCLE('',#5738,0.29);
#5738 = AXIS2_PLACEMENT_3D('',#5739,#5740,#5741);
#5739 = CARTESIAN_POINT('',(6.16,-4.15,1.21));
#5740 = DIRECTION('',(0.,-1.,-3.330669073875E-16));
#5741 = DIRECTION('',(0.,-3.330669073875E-16,1.));
#5742 = ORIENTED_EDGE('',*,*,#5743,.F.);
#5743 = EDGE_CURVE('',#5744,#5735,#5746,.T.);
#5744 = VERTEX_POINT('',#5745);
#5745 = CARTESIAN_POINT('',(6.45,-4.15,-0.457437037472));
#5746 = LINE('',#5747,#5748);
#5747 = CARTESIAN_POINT('',(6.45,-4.15,-0.5));
#5748 = VECTOR('',#5749,1.);
#5749 = DIRECTION('',(0.,-5.551115123126E-16,1.));
#5750 = ORIENTED_EDGE('',*,*,#5751,.F.);
#5751 = EDGE_CURVE('',#5624,#5744,#5752,.T.);
#5752 = CIRCLE('',#5753,0.29);
#5753 = AXIS2_PLACEMENT_3D('',#5754,#5755,#5756);
#5754 = CARTESIAN_POINT('',(6.74,-4.15,-0.457437037472));
#5755 = DIRECTION('',(-0.,1.,3.330669073875E-16));
#5756 = DIRECTION('',(0.,-3.330669073875E-16,1.));
#5757 = PLANE('',#5758);
#5758 = AXIS2_PLACEMENT_3D('',#5759,#5760,#5761);
#5759 = CARTESIAN_POINT('',(6.45,-4.15,-0.5));
#5760 = DIRECTION('',(0.,1.,3.330669073875E-16));
#5761 = DIRECTION('',(0.,-3.330669073875E-16,1.));
#5762 = ADVANCED_FACE('',(#5763),#5907,.T.);
#5763 = FACE_BOUND('',#5764,.T.);
#5764 = EDGE_LOOP('',(#5765,#5775,#5784,#5792,#5801,#5809,#5817,#5825,
    #5834,#5842,#5851,#5859,#5868,#5874,#5875,#5883,#5892,#5900));
#5765 = ORIENTED_EDGE('',*,*,#5766,.T.);
#5766 = EDGE_CURVE('',#5767,#5769,#5771,.T.);
#5767 = VERTEX_POINT('',#5768);
#5768 = CARTESIAN_POINT('',(6.462230377286,0.35,-0.540767924286));
#5769 = VERTEX_POINT('',#5770);
#5770 = CARTESIAN_POINT('',(6.725000733956,0.35,-1.416669113186));
#5771 = LINE('',#5772,#5773);
#5772 = CARTESIAN_POINT('',(6.45,0.35,-0.5));
#5773 = VECTOR('',#5774,1.);
#5774 = DIRECTION('',(0.287347885566,5.31700397722E-16,-0.957826285221)
  );
#5775 = ORIENTED_EDGE('',*,*,#5776,.T.);
#5776 = EDGE_CURVE('',#5769,#5777,#5779,.T.);
#5777 = VERTEX_POINT('',#5778);
#5778 = CARTESIAN_POINT('',(6.725000733956,0.35,-1.583330886814));
#5779 = CIRCLE('',#5780,0.29);
#5780 = AXIS2_PLACEMENT_3D('',#5781,#5782,#5783);
#5781 = CARTESIAN_POINT('',(6.447231111242,0.35,-1.5));
#5782 = DIRECTION('',(-0.,1.,3.330669073875E-16));
#5783 = DIRECTION('',(0.,-3.330669073875E-16,1.));
#5784 = ORIENTED_EDGE('',*,*,#5785,.T.);
#5785 = EDGE_CURVE('',#5777,#5786,#5788,.T.);
#5786 = VERTEX_POINT('',#5787);
#5787 = CARTESIAN_POINT('',(6.462230377286,0.35,-2.459232075714));
#5788 = LINE('',#5789,#5790);
#5789 = CARTESIAN_POINT('',(6.75,0.35,-1.5));
#5790 = VECTOR('',#5791,1.);
#5791 = DIRECTION('',(-0.287347885566,5.31700397722E-16,-0.957826285221)
  );
#5792 = ORIENTED_EDGE('',*,*,#5793,.F.);
#5793 = EDGE_CURVE('',#5794,#5786,#5796,.T.);
#5794 = VERTEX_POINT('',#5795);
#5795 = CARTESIAN_POINT('',(6.45,0.35,-2.542562962528));
#5796 = CIRCLE('',#5797,0.29);
#5797 = AXIS2_PLACEMENT_3D('',#5798,#5799,#5800);
#5798 = CARTESIAN_POINT('',(6.74,0.35,-2.542562962528));
#5799 = DIRECTION('',(-0.,1.,3.330669073875E-16));
#5800 = DIRECTION('',(0.,-3.330669073875E-16,1.));
#5801 = ORIENTED_EDGE('',*,*,#5802,.F.);
#5802 = EDGE_CURVE('',#5803,#5794,#5805,.T.);
#5803 = VERTEX_POINT('',#5804);
#5804 = CARTESIAN_POINT('',(6.45,0.35,-3.5));
#5805 = LINE('',#5806,#5807);
#5806 = CARTESIAN_POINT('',(6.45,0.35,-3.5));
#5807 = VECTOR('',#5808,1.);
#5808 = DIRECTION('',(0.,-5.551115123126E-16,1.));
#5809 = ORIENTED_EDGE('',*,*,#5810,.F.);
#5810 = EDGE_CURVE('',#5811,#5803,#5813,.T.);
#5811 = VERTEX_POINT('',#5812);
#5812 = CARTESIAN_POINT('',(6.15,0.35,-3.5));
#5813 = LINE('',#5814,#5815);
#5814 = CARTESIAN_POINT('',(6.15,0.35,-3.5));
#5815 = VECTOR('',#5816,1.);
#5816 = DIRECTION('',(1.,0.,0.));
#5817 = ORIENTED_EDGE('',*,*,#5818,.F.);
#5818 = EDGE_CURVE('',#5819,#5811,#5821,.T.);
#5819 = VERTEX_POINT('',#5820);
#5820 = CARTESIAN_POINT('',(6.15,0.35,-2.542562962528));
#5821 = LINE('',#5822,#5823);
#5822 = CARTESIAN_POINT('',(6.15,0.35,-2.5));
#5823 = VECTOR('',#5824,1.);
#5824 = DIRECTION('',(0.,5.551115123126E-16,-1.));
#5825 = ORIENTED_EDGE('',*,*,#5826,.F.);
#5826 = EDGE_CURVE('',#5827,#5819,#5829,.T.);
#5827 = VERTEX_POINT('',#5828);
#5828 = CARTESIAN_POINT('',(6.162230377286,0.35,-2.459232075714));
#5829 = CIRCLE('',#5830,0.29);
#5830 = AXIS2_PLACEMENT_3D('',#5831,#5832,#5833);
#5831 = CARTESIAN_POINT('',(6.44,0.35,-2.542562962528));
#5832 = DIRECTION('',(0.,-1.,-3.330669073875E-16));
#5833 = DIRECTION('',(0.,-3.330669073875E-16,1.));
#5834 = ORIENTED_EDGE('',*,*,#5835,.T.);
#5835 = EDGE_CURVE('',#5827,#5836,#5838,.T.);
#5836 = VERTEX_POINT('',#5837);
#5837 = CARTESIAN_POINT('',(6.425000733956,0.35,-1.583330886814));
#5838 = LINE('',#5839,#5840);
#5839 = CARTESIAN_POINT('',(6.15,0.35,-2.5));
#5840 = VECTOR('',#5841,1.);
#5841 = DIRECTION('',(0.287347885566,-5.31700397722E-16,0.957826285221)
  );
#5842 = ORIENTED_EDGE('',*,*,#5843,.F.);
#5843 = EDGE_CURVE('',#5844,#5836,#5846,.T.);
#5844 = VERTEX_POINT('',#5845);
#5845 = CARTESIAN_POINT('',(6.425000733956,0.35,-1.416669113186));
#5846 = CIRCLE('',#5847,0.29);
#5847 = AXIS2_PLACEMENT_3D('',#5848,#5849,#5850);
#5848 = CARTESIAN_POINT('',(6.147231111242,0.35,-1.5));
#5849 = DIRECTION('',(-0.,1.,3.330669073875E-16));
#5850 = DIRECTION('',(0.,-3.330669073875E-16,1.));
#5851 = ORIENTED_EDGE('',*,*,#5852,.T.);
#5852 = EDGE_CURVE('',#5844,#5853,#5855,.T.);
#5853 = VERTEX_POINT('',#5854);
#5854 = CARTESIAN_POINT('',(6.162230377286,0.35,-0.540767924286));
#5855 = LINE('',#5856,#5857);
#5856 = CARTESIAN_POINT('',(6.45,0.35,-1.5));
#5857 = VECTOR('',#5858,1.);
#5858 = DIRECTION('',(-0.287347885566,-5.31700397722E-16,0.957826285221)
  );
#5859 = ORIENTED_EDGE('',*,*,#5860,.F.);
#5860 = EDGE_CURVE('',#5861,#5853,#5863,.T.);
#5861 = VERTEX_POINT('',#5862);
#5862 = CARTESIAN_POINT('',(6.15,0.35,-0.457437037472));
#5863 = CIRCLE('',#5864,0.29);
#5864 = AXIS2_PLACEMENT_3D('',#5865,#5866,#5867);
#5865 = CARTESIAN_POINT('',(6.44,0.35,-0.457437037472));
#5866 = DIRECTION('',(0.,-1.,-3.330669073875E-16));
#5867 = DIRECTION('',(0.,-3.330669073875E-16,1.));
#5868 = ORIENTED_EDGE('',*,*,#5869,.F.);
#5869 = EDGE_CURVE('',#4582,#5861,#5870,.T.);
#5870 = LINE('',#5871,#5872);
#5871 = CARTESIAN_POINT('',(6.15,0.35,1.5));
#5872 = VECTOR('',#5873,1.);
#5873 = DIRECTION('',(0.,5.551115123126E-16,-1.));
#5874 = ORIENTED_EDGE('',*,*,#4589,.F.);
#5875 = ORIENTED_EDGE('',*,*,#5876,.F.);
#5876 = EDGE_CURVE('',#5877,#4590,#5879,.T.);
#5877 = VERTEX_POINT('',#5878);
#5878 = CARTESIAN_POINT('',(6.16,0.35,1.5));
#5879 = LINE('',#5880,#5881);
#5880 = CARTESIAN_POINT('',(6.45,0.35,1.5));
#5881 = VECTOR('',#5882,1.);
#5882 = DIRECTION('',(-1.,-0.,0.));
#5883 = ORIENTED_EDGE('',*,*,#5884,.F.);
#5884 = EDGE_CURVE('',#5885,#5877,#5887,.T.);
#5885 = VERTEX_POINT('',#5886);
#5886 = CARTESIAN_POINT('',(6.45,0.35,1.21));
#5887 = CIRCLE('',#5888,0.29);
#5888 = AXIS2_PLACEMENT_3D('',#5889,#5890,#5891);
#5889 = CARTESIAN_POINT('',(6.16,0.35,1.21));
#5890 = DIRECTION('',(0.,-1.,-3.330669073875E-16));
#5891 = DIRECTION('',(0.,-3.330669073875E-16,1.));
#5892 = ORIENTED_EDGE('',*,*,#5893,.F.);
#5893 = EDGE_CURVE('',#5894,#5885,#5896,.T.);
#5894 = VERTEX_POINT('',#5895);
#5895 = CARTESIAN_POINT('',(6.45,0.35,-0.457437037472));
#5896 = LINE('',#5897,#5898);
#5897 = CARTESIAN_POINT('',(6.45,0.35,-0.5));
#5898 = VECTOR('',#5899,1.);
#5899 = DIRECTION('',(0.,-5.551115123126E-16,1.));
#5900 = ORIENTED_EDGE('',*,*,#5901,.F.);
#5901 = EDGE_CURVE('',#5767,#5894,#5902,.T.);
#5902 = CIRCLE('',#5903,0.29);
#5903 = AXIS2_PLACEMENT_3D('',#5904,#5905,#5906);
#5904 = CARTESIAN_POINT('',(6.74,0.35,-0.457437037472));
#5905 = DIRECTION('',(-0.,1.,3.330669073875E-16));
#5906 = DIRECTION('',(0.,-3.330669073875E-16,1.));
#5907 = PLANE('',#5908);
#5908 = AXIS2_PLACEMENT_3D('',#5909,#5910,#5911);
#5909 = CARTESIAN_POINT('',(6.45,0.35,-0.5));
#5910 = DIRECTION('',(1.64346021921E-31,1.,5.551115123126E-16));
#5911 = DIRECTION('',(0.,-5.551115123126E-16,1.));
#5912 = ADVANCED_FACE('',(#5913),#6057,.F.);
#5913 = FACE_BOUND('',#5914,.F.);
#5914 = EDGE_LOOP('',(#5915,#5925,#5934,#5942,#5951,#5959,#5967,#5975,
    #5984,#5992,#6001,#6009,#6018,#6024,#6025,#6033,#6042,#6050));
#5915 = ORIENTED_EDGE('',*,*,#5916,.T.);
#5916 = EDGE_CURVE('',#5917,#5919,#5921,.T.);
#5917 = VERTEX_POINT('',#5918);
#5918 = CARTESIAN_POINT('',(6.462230377286,-0.35,-0.540767924286));
#5919 = VERTEX_POINT('',#5920);
#5920 = CARTESIAN_POINT('',(6.725000733956,-0.35,-1.416669113186));
#5921 = LINE('',#5922,#5923);
#5922 = CARTESIAN_POINT('',(6.45,-0.35,-0.5));
#5923 = VECTOR('',#5924,1.);
#5924 = DIRECTION('',(0.287347885566,5.31700397722E-16,-0.957826285221)
  );
#5925 = ORIENTED_EDGE('',*,*,#5926,.T.);
#5926 = EDGE_CURVE('',#5919,#5927,#5929,.T.);
#5927 = VERTEX_POINT('',#5928);
#5928 = CARTESIAN_POINT('',(6.725000733956,-0.35,-1.583330886814));
#5929 = CIRCLE('',#5930,0.29);
#5930 = AXIS2_PLACEMENT_3D('',#5931,#5932,#5933);
#5931 = CARTESIAN_POINT('',(6.447231111242,-0.35,-1.5));
#5932 = DIRECTION('',(-0.,1.,3.330669073875E-16));
#5933 = DIRECTION('',(0.,-3.330669073875E-16,1.));
#5934 = ORIENTED_EDGE('',*,*,#5935,.T.);
#5935 = EDGE_CURVE('',#5927,#5936,#5938,.T.);
#5936 = VERTEX_POINT('',#5937);
#5937 = CARTESIAN_POINT('',(6.462230377286,-0.35,-2.459232075714));
#5938 = LINE('',#5939,#5940);
#5939 = CARTESIAN_POINT('',(6.75,-0.35,-1.5));
#5940 = VECTOR('',#5941,1.);
#5941 = DIRECTION('',(-0.287347885566,5.31700397722E-16,-0.957826285221)
  );
#5942 = ORIENTED_EDGE('',*,*,#5943,.F.);
#5943 = EDGE_CURVE('',#5944,#5936,#5946,.T.);
#5944 = VERTEX_POINT('',#5945);
#5945 = CARTESIAN_POINT('',(6.45,-0.35,-2.542562962528));
#5946 = CIRCLE('',#5947,0.29);
#5947 = AXIS2_PLACEMENT_3D('',#5948,#5949,#5950);
#5948 = CARTESIAN_POINT('',(6.74,-0.35,-2.542562962528));
#5949 = DIRECTION('',(-0.,1.,3.330669073875E-16));
#5950 = DIRECTION('',(0.,-3.330669073875E-16,1.));
#5951 = ORIENTED_EDGE('',*,*,#5952,.F.);
#5952 = EDGE_CURVE('',#5953,#5944,#5955,.T.);
#5953 = VERTEX_POINT('',#5954);
#5954 = CARTESIAN_POINT('',(6.45,-0.35,-3.5));
#5955 = LINE('',#5956,#5957);
#5956 = CARTESIAN_POINT('',(6.45,-0.35,-3.5));
#5957 = VECTOR('',#5958,1.);
#5958 = DIRECTION('',(0.,-5.551115123126E-16,1.));
#5959 = ORIENTED_EDGE('',*,*,#5960,.F.);
#5960 = EDGE_CURVE('',#5961,#5953,#5963,.T.);
#5961 = VERTEX_POINT('',#5962);
#5962 = CARTESIAN_POINT('',(6.15,-0.35,-3.5));
#5963 = LINE('',#5964,#5965);
#5964 = CARTESIAN_POINT('',(6.15,-0.35,-3.5));
#5965 = VECTOR('',#5966,1.);
#5966 = DIRECTION('',(1.,0.,0.));
#5967 = ORIENTED_EDGE('',*,*,#5968,.F.);
#5968 = EDGE_CURVE('',#5969,#5961,#5971,.T.);
#5969 = VERTEX_POINT('',#5970);
#5970 = CARTESIAN_POINT('',(6.15,-0.35,-2.542562962528));
#5971 = LINE('',#5972,#5973);
#5972 = CARTESIAN_POINT('',(6.15,-0.35,-2.5));
#5973 = VECTOR('',#5974,1.);
#5974 = DIRECTION('',(0.,5.551115123126E-16,-1.));
#5975 = ORIENTED_EDGE('',*,*,#5976,.F.);
#5976 = EDGE_CURVE('',#5977,#5969,#5979,.T.);
#5977 = VERTEX_POINT('',#5978);
#5978 = CARTESIAN_POINT('',(6.162230377286,-0.35,-2.459232075714));
#5979 = CIRCLE('',#5980,0.29);
#5980 = AXIS2_PLACEMENT_3D('',#5981,#5982,#5983);
#5981 = CARTESIAN_POINT('',(6.44,-0.35,-2.542562962528));
#5982 = DIRECTION('',(0.,-1.,-3.330669073875E-16));
#5983 = DIRECTION('',(0.,-3.330669073875E-16,1.));
#5984 = ORIENTED_EDGE('',*,*,#5985,.T.);
#5985 = EDGE_CURVE('',#5977,#5986,#5988,.T.);
#5986 = VERTEX_POINT('',#5987);
#5987 = CARTESIAN_POINT('',(6.425000733956,-0.35,-1.583330886814));
#5988 = LINE('',#5989,#5990);
#5989 = CARTESIAN_POINT('',(6.15,-0.35,-2.5));
#5990 = VECTOR('',#5991,1.);
#5991 = DIRECTION('',(0.287347885566,-5.31700397722E-16,0.957826285221)
  );
#5992 = ORIENTED_EDGE('',*,*,#5993,.F.);
#5993 = EDGE_CURVE('',#5994,#5986,#5996,.T.);
#5994 = VERTEX_POINT('',#5995);
#5995 = CARTESIAN_POINT('',(6.425000733956,-0.35,-1.416669113186));
#5996 = CIRCLE('',#5997,0.29);
#5997 = AXIS2_PLACEMENT_3D('',#5998,#5999,#6000);
#5998 = CARTESIAN_POINT('',(6.147231111242,-0.35,-1.5));
#5999 = DIRECTION('',(-0.,1.,3.330669073875E-16));
#6000 = DIRECTION('',(0.,-3.330669073875E-16,1.));
#6001 = ORIENTED_EDGE('',*,*,#6002,.T.);
#6002 = EDGE_CURVE('',#5994,#6003,#6005,.T.);
#6003 = VERTEX_POINT('',#6004);
#6004 = CARTESIAN_POINT('',(6.162230377286,-0.35,-0.540767924286));
#6005 = LINE('',#6006,#6007);
#6006 = CARTESIAN_POINT('',(6.45,-0.35,-1.5));
#6007 = VECTOR('',#6008,1.);
#6008 = DIRECTION('',(-0.287347885566,-5.31700397722E-16,0.957826285221)
  );
#6009 = ORIENTED_EDGE('',*,*,#6010,.F.);
#6010 = EDGE_CURVE('',#6011,#6003,#6013,.T.);
#6011 = VERTEX_POINT('',#6012);
#6012 = CARTESIAN_POINT('',(6.15,-0.35,-0.457437037472));
#6013 = CIRCLE('',#6014,0.29);
#6014 = AXIS2_PLACEMENT_3D('',#6015,#6016,#6017);
#6015 = CARTESIAN_POINT('',(6.44,-0.35,-0.457437037472));
#6016 = DIRECTION('',(0.,-1.,-3.330669073875E-16));
#6017 = DIRECTION('',(0.,-3.330669073875E-16,1.));
#6018 = ORIENTED_EDGE('',*,*,#6019,.F.);
#6019 = EDGE_CURVE('',#4606,#6011,#6020,.T.);
#6020 = LINE('',#6021,#6022);
#6021 = CARTESIAN_POINT('',(6.15,-0.35,1.5));
#6022 = VECTOR('',#6023,1.);
#6023 = DIRECTION('',(0.,5.551115123126E-16,-1.));
#6024 = ORIENTED_EDGE('',*,*,#4605,.F.);
#6025 = ORIENTED_EDGE('',*,*,#6026,.F.);
#6026 = EDGE_CURVE('',#6027,#4598,#6029,.T.);
#6027 = VERTEX_POINT('',#6028);
#6028 = CARTESIAN_POINT('',(6.16,-0.35,1.5));
#6029 = LINE('',#6030,#6031);
#6030 = CARTESIAN_POINT('',(6.45,-0.35,1.5));
#6031 = VECTOR('',#6032,1.);
#6032 = DIRECTION('',(-1.,-0.,0.));
#6033 = ORIENTED_EDGE('',*,*,#6034,.F.);
#6034 = EDGE_CURVE('',#6035,#6027,#6037,.T.);
#6035 = VERTEX_POINT('',#6036);
#6036 = CARTESIAN_POINT('',(6.45,-0.35,1.21));
#6037 = CIRCLE('',#6038,0.29);
#6038 = AXIS2_PLACEMENT_3D('',#6039,#6040,#6041);
#6039 = CARTESIAN_POINT('',(6.16,-0.35,1.21));
#6040 = DIRECTION('',(0.,-1.,-3.330669073875E-16));
#6041 = DIRECTION('',(0.,-3.330669073875E-16,1.));
#6042 = ORIENTED_EDGE('',*,*,#6043,.F.);
#6043 = EDGE_CURVE('',#6044,#6035,#6046,.T.);
#6044 = VERTEX_POINT('',#6045);
#6045 = CARTESIAN_POINT('',(6.45,-0.35,-0.457437037472));
#6046 = LINE('',#6047,#6048);
#6047 = CARTESIAN_POINT('',(6.45,-0.35,-0.5));
#6048 = VECTOR('',#6049,1.);
#6049 = DIRECTION('',(0.,-5.551115123126E-16,1.));
#6050 = ORIENTED_EDGE('',*,*,#6051,.F.);
#6051 = EDGE_CURVE('',#5917,#6044,#6052,.T.);
#6052 = CIRCLE('',#6053,0.29);
#6053 = AXIS2_PLACEMENT_3D('',#6054,#6055,#6056);
#6054 = CARTESIAN_POINT('',(6.74,-0.35,-0.457437037472));
#6055 = DIRECTION('',(-0.,1.,3.330669073875E-16));
#6056 = DIRECTION('',(0.,-3.330669073875E-16,1.));
#6057 = PLANE('',#6058);
#6058 = AXIS2_PLACEMENT_3D('',#6059,#6060,#6061);
#6059 = CARTESIAN_POINT('',(6.45,-0.35,-0.5));
#6060 = DIRECTION('',(1.64346021921E-31,1.,5.551115123126E-16));
#6061 = DIRECTION('',(0.,-5.551115123126E-16,1.));
#6062 = ADVANCED_FACE('',(#6063),#6074,.T.);
#6063 = FACE_BOUND('',#6064,.T.);
#6064 = EDGE_LOOP('',(#6065,#6066,#6072,#6073));
#6065 = ORIENTED_EDGE('',*,*,#6026,.F.);
#6066 = ORIENTED_EDGE('',*,*,#6067,.T.);
#6067 = EDGE_CURVE('',#6027,#5877,#6068,.T.);
#6068 = LINE('',#6069,#6070);
#6069 = CARTESIAN_POINT('',(6.16,-0.35,1.5));
#6070 = VECTOR('',#6071,1.);
#6071 = DIRECTION('',(0.,1.,3.330669073875E-16));
#6072 = ORIENTED_EDGE('',*,*,#5876,.T.);
#6073 = ORIENTED_EDGE('',*,*,#4597,.F.);
#6074 = PLANE('',#6075);
#6075 = AXIS2_PLACEMENT_3D('',#6076,#6077,#6078);
#6076 = CARTESIAN_POINT('',(6.45,-0.35,1.5));
#6077 = DIRECTION('',(0.,-3.330669073875E-16,1.));
#6078 = DIRECTION('',(-1.,0.,0.));
#6079 = ADVANCED_FACE('',(#6080),#6083,.F.);
#6080 = FACE_BOUND('',#6081,.F.);
#6081 = EDGE_LOOP('',(#6082));
#6082 = ORIENTED_EDGE('',*,*,#4737,.F.);
#6083 = PLANE('',#6084);
#6084 = AXIS2_PLACEMENT_3D('',#6085,#6086,#6087);
#6085 = CARTESIAN_POINT('',(4.9,-2.25,4.3));
#6086 = DIRECTION('',(0.,0.,-1.));
#6087 = DIRECTION('',(-1.,0.,0.));
#6088 = ADVANCED_FACE('',(#6089),#6100,.F.);
#6089 = FACE_BOUND('',#6090,.F.);
#6090 = EDGE_LOOP('',(#6091,#6092,#6093,#6094));
#6091 = ORIENTED_EDGE('',*,*,#5235,.F.);
#6092 = ORIENTED_EDGE('',*,*,#4774,.F.);
#6093 = ORIENTED_EDGE('',*,*,#5385,.T.);
#6094 = ORIENTED_EDGE('',*,*,#6095,.F.);
#6095 = EDGE_CURVE('',#5227,#5377,#6096,.T.);
#6096 = LINE('',#6097,#6098);
#6097 = CARTESIAN_POINT('',(0.15,-4.85,-0.457437037472));
#6098 = VECTOR('',#6099,1.);
#6099 = DIRECTION('',(0.,1.,3.330669073875E-16));
#6100 = PLANE('',#6101);
#6101 = AXIS2_PLACEMENT_3D('',#6102,#6103,#6104);
#6102 = CARTESIAN_POINT('',(0.15,-4.85,1.5));
#6103 = DIRECTION('',(-1.,0.,-0.));
#6104 = DIRECTION('',(0.,5.551115123126E-16,-1.));
#6105 = ADVANCED_FACE('',(#6106),#6117,.T.);
#6106 = FACE_BOUND('',#6107,.T.);
#6107 = EDGE_LOOP('',(#6108,#6109,#6110,#6111));
#6108 = ORIENTED_EDGE('',*,*,#5552,.F.);
#6109 = ORIENTED_EDGE('',*,*,#4799,.T.);
#6110 = ORIENTED_EDGE('',*,*,#5726,.T.);
#6111 = ORIENTED_EDGE('',*,*,#6112,.F.);
#6112 = EDGE_CURVE('',#5544,#5718,#6113,.T.);
#6113 = LINE('',#6114,#6115);
#6114 = CARTESIAN_POINT('',(6.15,-4.85,-0.457437037472));
#6115 = VECTOR('',#6116,1.);
#6116 = DIRECTION('',(0.,1.,3.330669073875E-16));
#6117 = PLANE('',#6118);
#6118 = AXIS2_PLACEMENT_3D('',#6119,#6120,#6121);
#6119 = CARTESIAN_POINT('',(6.15,-4.85,1.5));
#6120 = DIRECTION('',(-1.,0.,-0.));
#6121 = DIRECTION('',(0.,5.551115123126E-16,-1.));
#6122 = ADVANCED_FACE('',(#6123),#6134,.F.);
#6123 = FACE_BOUND('',#6124,.F.);
#6124 = EDGE_LOOP('',(#6125,#6126,#6127,#6128));
#6125 = ORIENTED_EDGE('',*,*,#5092,.F.);
#6126 = ORIENTED_EDGE('',*,*,#4781,.F.);
#6127 = ORIENTED_EDGE('',*,*,#4918,.T.);
#6128 = ORIENTED_EDGE('',*,*,#6129,.F.);
#6129 = EDGE_CURVE('',#5084,#4910,#6130,.T.);
#6130 = LINE('',#6131,#6132);
#6131 = CARTESIAN_POINT('',(0.15,-0.35,-0.457437037472));
#6132 = VECTOR('',#6133,1.);
#6133 = DIRECTION('',(0.,1.,3.330669073875E-16));
#6134 = PLANE('',#6135);
#6135 = AXIS2_PLACEMENT_3D('',#6136,#6137,#6138);
#6136 = CARTESIAN_POINT('',(0.15,-0.35,1.5));
#6137 = DIRECTION('',(-1.,0.,-0.));
#6138 = DIRECTION('',(0.,5.551115123126E-16,-1.));
#6139 = ADVANCED_FACE('',(#6140),#6151,.T.);
#6140 = FACE_BOUND('',#6141,.T.);
#6141 = EDGE_LOOP('',(#6142,#6143,#6144,#6145));
#6142 = ORIENTED_EDGE('',*,*,#6019,.F.);
#6143 = ORIENTED_EDGE('',*,*,#4792,.T.);
#6144 = ORIENTED_EDGE('',*,*,#5869,.T.);
#6145 = ORIENTED_EDGE('',*,*,#6146,.F.);
#6146 = EDGE_CURVE('',#6011,#5861,#6147,.T.);
#6147 = LINE('',#6148,#6149);
#6148 = CARTESIAN_POINT('',(6.15,-0.35,-0.457437037472));
#6149 = VECTOR('',#6150,1.);
#6150 = DIRECTION('',(0.,1.,3.330669073875E-16));
#6151 = PLANE('',#6152);
#6152 = AXIS2_PLACEMENT_3D('',#6153,#6154,#6155);
#6153 = CARTESIAN_POINT('',(6.15,-0.35,1.5));
#6154 = DIRECTION('',(-1.,0.,-0.));
#6155 = DIRECTION('',(0.,5.551115123126E-16,-1.));
#6156 = ADVANCED_FACE('',(#6157),#6173,.T.);
#6157 = FACE_BOUND('',#6158,.T.);
#6158 = EDGE_LOOP('',(#6159,#6160,#6166,#6167));
#6159 = ORIENTED_EDGE('',*,*,#4989,.F.);
#6160 = ORIENTED_EDGE('',*,*,#6161,.T.);
#6161 = EDGE_CURVE('',#4990,#4816,#6162,.T.);
#6162 = LINE('',#6163,#6164);
#6163 = CARTESIAN_POINT('',(-0.162230377286,-0.35,-0.540767924286));
#6164 = VECTOR('',#6165,1.);
#6165 = DIRECTION('',(0.,1.,3.330669073875E-16));
#6166 = ORIENTED_EDGE('',*,*,#4815,.T.);
#6167 = ORIENTED_EDGE('',*,*,#6168,.F.);
#6168 = EDGE_CURVE('',#4992,#4818,#6169,.T.);
#6169 = LINE('',#6170,#6171);
#6170 = CARTESIAN_POINT('',(-0.425000733956,-0.35,-1.416669113186));
#6171 = VECTOR('',#6172,1.);
#6172 = DIRECTION('',(0.,1.,3.330669073875E-16));
#6173 = PLANE('',#6174);
#6174 = AXIS2_PLACEMENT_3D('',#6175,#6176,#6177);
#6175 = CARTESIAN_POINT('',(-0.15,-0.35,-0.5));
#6176 = DIRECTION('',(-0.957826285221,-9.570607158995E-17,0.287347885566
    ));
#6177 = DIRECTION('',(-0.287347885566,5.31700397722E-16,-0.957826285221)
  );
#6178 = ADVANCED_FACE('',(#6179),#6190,.F.);
#6179 = FACE_BOUND('',#6180,.F.);
#6180 = EDGE_LOOP('',(#6181,#6182,#6183,#6189));
#6181 = ORIENTED_EDGE('',*,*,#6161,.T.);
#6182 = ORIENTED_EDGE('',*,*,#4950,.T.);
#6183 = ORIENTED_EDGE('',*,*,#6184,.F.);
#6184 = EDGE_CURVE('',#5110,#4943,#6185,.T.);
#6185 = LINE('',#6186,#6187);
#6186 = CARTESIAN_POINT('',(-0.15,-0.35,-0.457437037472));
#6187 = VECTOR('',#6188,1.);
#6188 = DIRECTION('',(0.,1.,3.330669073875E-16));
#6189 = ORIENTED_EDGE('',*,*,#5117,.F.);
#6190 = CYLINDRICAL_SURFACE('',#6191,0.29);
#6191 = AXIS2_PLACEMENT_3D('',#6192,#6193,#6194);
#6192 = CARTESIAN_POINT('',(-0.44,-0.35,-0.457437037472));
#6193 = DIRECTION('',(0.,1.,3.330669073875E-16));
#6194 = DIRECTION('',(0.957826285221,9.570607158983E-17,-0.287347885566)
  );
#6195 = ADVANCED_FACE('',(#6196),#6207,.T.);
#6196 = FACE_BOUND('',#6197,.T.);
#6197 = EDGE_LOOP('',(#6198,#6199,#6200,#6206));
#6198 = ORIENTED_EDGE('',*,*,#6168,.T.);
#6199 = ORIENTED_EDGE('',*,*,#4825,.T.);
#6200 = ORIENTED_EDGE('',*,*,#6201,.F.);
#6201 = EDGE_CURVE('',#5000,#4826,#6202,.T.);
#6202 = LINE('',#6203,#6204);
#6203 = CARTESIAN_POINT('',(-0.425000733956,-0.35,-1.583330886814));
#6204 = VECTOR('',#6205,1.);
#6205 = DIRECTION('',(0.,1.,3.330669073875E-16));
#6206 = ORIENTED_EDGE('',*,*,#4999,.F.);
#6207 = CYLINDRICAL_SURFACE('',#6208,0.29);
#6208 = AXIS2_PLACEMENT_3D('',#6209,#6210,#6211);
#6209 = CARTESIAN_POINT('',(-0.147231111242,-0.35,-1.5));
#6210 = DIRECTION('',(0.,1.,3.330669073875E-16));
#6211 = DIRECTION('',(-0.957826285221,-9.570607158983E-17,0.287347885566
    ));
#6212 = ADVANCED_FACE('',(#6213),#6224,.F.);
#6213 = FACE_BOUND('',#6214,.F.);
#6214 = EDGE_LOOP('',(#6215,#6216,#6217,#6218));
#6215 = ORIENTED_EDGE('',*,*,#5109,.F.);
#6216 = ORIENTED_EDGE('',*,*,#6184,.T.);
#6217 = ORIENTED_EDGE('',*,*,#4942,.T.);
#6218 = ORIENTED_EDGE('',*,*,#6219,.F.);
#6219 = EDGE_CURVE('',#5101,#4934,#6220,.T.);
#6220 = LINE('',#6221,#6222);
#6221 = CARTESIAN_POINT('',(-0.15,-0.35,1.21));
#6222 = VECTOR('',#6223,1.);
#6223 = DIRECTION('',(0.,1.,3.330669073875E-16));
#6224 = PLANE('',#6225);
#6225 = AXIS2_PLACEMENT_3D('',#6226,#6227,#6228);
#6226 = CARTESIAN_POINT('',(-0.15,-0.35,-0.5));
#6227 = DIRECTION('',(1.,0.,0.));
#6228 = DIRECTION('',(0.,-5.551115123126E-16,1.));
#6229 = ADVANCED_FACE('',(#6230),#6241,.T.);
#6230 = FACE_BOUND('',#6231,.T.);
#6231 = EDGE_LOOP('',(#6232,#6233,#6234,#6235));
#6232 = ORIENTED_EDGE('',*,*,#5008,.F.);
#6233 = ORIENTED_EDGE('',*,*,#6201,.T.);
#6234 = ORIENTED_EDGE('',*,*,#4834,.T.);
#6235 = ORIENTED_EDGE('',*,*,#6236,.F.);
#6236 = EDGE_CURVE('',#5009,#4835,#6237,.T.);
#6237 = LINE('',#6238,#6239);
#6238 = CARTESIAN_POINT('',(-0.162230377286,-0.35,-2.459232075714));
#6239 = VECTOR('',#6240,1.);
#6240 = DIRECTION('',(0.,1.,3.330669073875E-16));
#6241 = PLANE('',#6242);
#6242 = AXIS2_PLACEMENT_3D('',#6243,#6244,#6245);
#6243 = CARTESIAN_POINT('',(-0.45,-0.35,-1.5));
#6244 = DIRECTION('',(-0.957826285221,9.570607158995E-17,-0.287347885566
    ));
#6245 = DIRECTION('',(0.287347885566,5.31700397722E-16,-0.957826285221)
  );
#6246 = ADVANCED_FACE('',(#6247),#6253,.T.);
#6247 = FACE_BOUND('',#6248,.T.);
#6248 = EDGE_LOOP('',(#6249,#6250,#6251,#6252));
#6249 = ORIENTED_EDGE('',*,*,#5100,.T.);
#6250 = ORIENTED_EDGE('',*,*,#4973,.T.);
#6251 = ORIENTED_EDGE('',*,*,#4933,.F.);
#6252 = ORIENTED_EDGE('',*,*,#6219,.F.);
#6253 = CYLINDRICAL_SURFACE('',#6254,0.29);
#6254 = AXIS2_PLACEMENT_3D('',#6255,#6256,#6257);
#6255 = CARTESIAN_POINT('',(0.14,-0.35,1.21));
#6256 = DIRECTION('',(0.,1.,3.330669073875E-16));
#6257 = DIRECTION('',(-1.,0.,0.));
#6258 = ADVANCED_FACE('',(#6259),#6270,.F.);
#6259 = FACE_BOUND('',#6260,.F.);
#6260 = EDGE_LOOP('',(#6261,#6267,#6268,#6269));
#6261 = ORIENTED_EDGE('',*,*,#6262,.T.);
#6262 = EDGE_CURVE('',#5017,#4843,#6263,.T.);
#6263 = LINE('',#6264,#6265);
#6264 = CARTESIAN_POINT('',(-0.15,-0.35,-2.542562962528));
#6265 = VECTOR('',#6266,1.);
#6266 = DIRECTION('',(0.,1.,3.330669073875E-16));
#6267 = ORIENTED_EDGE('',*,*,#4842,.T.);
#6268 = ORIENTED_EDGE('',*,*,#6236,.F.);
#6269 = ORIENTED_EDGE('',*,*,#5016,.F.);
#6270 = CYLINDRICAL_SURFACE('',#6271,0.29);
#6271 = AXIS2_PLACEMENT_3D('',#6272,#6273,#6274);
#6272 = CARTESIAN_POINT('',(-0.44,-0.35,-2.542562962528));
#6273 = DIRECTION('',(0.,1.,3.330669073875E-16));
#6274 = DIRECTION('',(1.,0.,-0.));
#6275 = ADVANCED_FACE('',(#6276),#6287,.F.);
#6276 = FACE_BOUND('',#6277,.F.);
#6277 = EDGE_LOOP('',(#6278,#6279,#6285,#6286));
#6278 = ORIENTED_EDGE('',*,*,#5025,.F.);
#6279 = ORIENTED_EDGE('',*,*,#6280,.T.);
#6280 = EDGE_CURVE('',#5026,#4852,#6281,.T.);
#6281 = LINE('',#6282,#6283);
#6282 = CARTESIAN_POINT('',(-0.15,-0.35,-3.5));
#6283 = VECTOR('',#6284,1.);
#6284 = DIRECTION('',(0.,1.,3.330669073875E-16));
#6285 = ORIENTED_EDGE('',*,*,#4851,.T.);
#6286 = ORIENTED_EDGE('',*,*,#6262,.F.);
#6287 = PLANE('',#6288);
#6288 = AXIS2_PLACEMENT_3D('',#6289,#6290,#6291);
#6289 = CARTESIAN_POINT('',(-0.15,-0.35,-3.5));
#6290 = DIRECTION('',(1.,0.,0.));
#6291 = DIRECTION('',(0.,-5.551115123126E-16,1.));
#6292 = ADVANCED_FACE('',(#6293),#6304,.F.);
#6293 = FACE_BOUND('',#6294,.F.);
#6294 = EDGE_LOOP('',(#6295,#6301,#6302,#6303));
#6295 = ORIENTED_EDGE('',*,*,#6296,.T.);
#6296 = EDGE_CURVE('',#5034,#4860,#6297,.T.);
#6297 = LINE('',#6298,#6299);
#6298 = CARTESIAN_POINT('',(0.15,-0.35,-3.5));
#6299 = VECTOR('',#6300,1.);
#6300 = DIRECTION('',(0.,1.,3.330669073875E-16));
#6301 = ORIENTED_EDGE('',*,*,#4859,.T.);
#6302 = ORIENTED_EDGE('',*,*,#6280,.F.);
#6303 = ORIENTED_EDGE('',*,*,#5033,.F.);
#6304 = PLANE('',#6305);
#6305 = AXIS2_PLACEMENT_3D('',#6306,#6307,#6308);
#6306 = CARTESIAN_POINT('',(0.15,-0.35,-3.5));
#6307 = DIRECTION('',(0.,-3.330669073875E-16,1.));
#6308 = DIRECTION('',(-1.,0.,0.));
#6309 = ADVANCED_FACE('',(#6310),#6321,.F.);
#6310 = FACE_BOUND('',#6311,.F.);
#6311 = EDGE_LOOP('',(#6312,#6313,#6319,#6320));
#6312 = ORIENTED_EDGE('',*,*,#5041,.F.);
#6313 = ORIENTED_EDGE('',*,*,#6314,.T.);
#6314 = EDGE_CURVE('',#5042,#4868,#6315,.T.);
#6315 = LINE('',#6316,#6317);
#6316 = CARTESIAN_POINT('',(0.15,-0.35,-2.542562962528));
#6317 = VECTOR('',#6318,1.);
#6318 = DIRECTION('',(0.,1.,3.330669073875E-16));
#6319 = ORIENTED_EDGE('',*,*,#4867,.T.);
#6320 = ORIENTED_EDGE('',*,*,#6296,.F.);
#6321 = PLANE('',#6322);
#6322 = AXIS2_PLACEMENT_3D('',#6323,#6324,#6325);
#6323 = CARTESIAN_POINT('',(0.15,-0.35,-2.5));
#6324 = DIRECTION('',(-1.,0.,-0.));
#6325 = DIRECTION('',(0.,5.551115123126E-16,-1.));
#6326 = ADVANCED_FACE('',(#6327),#6338,.T.);
#6327 = FACE_BOUND('',#6328,.T.);
#6328 = EDGE_LOOP('',(#6329,#6330,#6336,#6337));
#6329 = ORIENTED_EDGE('',*,*,#5083,.T.);
#6330 = ORIENTED_EDGE('',*,*,#6331,.T.);
#6331 = EDGE_CURVE('',#5076,#4902,#6332,.T.);
#6332 = LINE('',#6333,#6334);
#6333 = CARTESIAN_POINT('',(0.137769622714,-0.35,-0.540767924286));
#6334 = VECTOR('',#6335,1.);
#6335 = DIRECTION('',(0.,1.,3.330669073875E-16));
#6336 = ORIENTED_EDGE('',*,*,#4909,.F.);
#6337 = ORIENTED_EDGE('',*,*,#6129,.F.);
#6338 = CYLINDRICAL_SURFACE('',#6339,0.29);
#6339 = AXIS2_PLACEMENT_3D('',#6340,#6341,#6342);
#6340 = CARTESIAN_POINT('',(-0.14,-0.35,-0.457437037472));
#6341 = DIRECTION('',(0.,1.,3.330669073875E-16));
#6342 = DIRECTION('',(1.,0.,-0.));
#6343 = ADVANCED_FACE('',(#6344),#6355,.T.);
#6344 = FACE_BOUND('',#6345,.T.);
#6345 = EDGE_LOOP('',(#6346,#6347,#6348,#6349));
#6346 = ORIENTED_EDGE('',*,*,#5049,.T.);
#6347 = ORIENTED_EDGE('',*,*,#6314,.T.);
#6348 = ORIENTED_EDGE('',*,*,#4875,.F.);
#6349 = ORIENTED_EDGE('',*,*,#6350,.F.);
#6350 = EDGE_CURVE('',#5050,#4876,#6351,.T.);
#6351 = LINE('',#6352,#6353);
#6352 = CARTESIAN_POINT('',(0.137769622714,-0.35,-2.459232075714));
#6353 = VECTOR('',#6354,1.);
#6354 = DIRECTION('',(0.,1.,3.330669073875E-16));
#6355 = CYLINDRICAL_SURFACE('',#6356,0.29);
#6356 = AXIS2_PLACEMENT_3D('',#6357,#6358,#6359);
#6357 = CARTESIAN_POINT('',(-0.14,-0.35,-2.542562962528));
#6358 = DIRECTION('',(0.,1.,3.330669073875E-16));
#6359 = DIRECTION('',(0.957826285221,-9.570607158983E-17,0.287347885566)
  );
#6360 = ADVANCED_FACE('',(#6361),#6372,.T.);
#6361 = FACE_BOUND('',#6362,.T.);
#6362 = EDGE_LOOP('',(#6363,#6364,#6370,#6371));
#6363 = ORIENTED_EDGE('',*,*,#5075,.F.);
#6364 = ORIENTED_EDGE('',*,*,#6365,.T.);
#6365 = EDGE_CURVE('',#5067,#4893,#6366,.T.);
#6366 = LINE('',#6367,#6368);
#6367 = CARTESIAN_POINT('',(-0.125000733956,-0.35,-1.416669113186));
#6368 = VECTOR('',#6369,1.);
#6369 = DIRECTION('',(0.,1.,3.330669073875E-16));
#6370 = ORIENTED_EDGE('',*,*,#4901,.T.);
#6371 = ORIENTED_EDGE('',*,*,#6331,.F.);
#6372 = PLANE('',#6373);
#6373 = AXIS2_PLACEMENT_3D('',#6374,#6375,#6376);
#6374 = CARTESIAN_POINT('',(-0.15,-0.35,-1.5));
#6375 = DIRECTION('',(0.957826285221,9.570607158995E-17,-0.287347885566)
  );
#6376 = DIRECTION('',(0.287347885566,-5.31700397722E-16,0.957826285221)
  );
#6377 = ADVANCED_FACE('',(#6378),#6389,.T.);
#6378 = FACE_BOUND('',#6379,.T.);
#6379 = EDGE_LOOP('',(#6380,#6381,#6382,#6383));
#6380 = ORIENTED_EDGE('',*,*,#5058,.F.);
#6381 = ORIENTED_EDGE('',*,*,#6350,.T.);
#6382 = ORIENTED_EDGE('',*,*,#4884,.T.);
#6383 = ORIENTED_EDGE('',*,*,#6384,.F.);
#6384 = EDGE_CURVE('',#5059,#4885,#6385,.T.);
#6385 = LINE('',#6386,#6387);
#6386 = CARTESIAN_POINT('',(-0.125000733956,-0.35,-1.583330886814));
#6387 = VECTOR('',#6388,1.);
#6388 = DIRECTION('',(0.,1.,3.330669073875E-16));
#6389 = PLANE('',#6390);
#6390 = AXIS2_PLACEMENT_3D('',#6391,#6392,#6393);
#6391 = CARTESIAN_POINT('',(0.15,-0.35,-2.5));
#6392 = DIRECTION('',(0.957826285221,-9.570607158995E-17,0.287347885566)
  );
#6393 = DIRECTION('',(-0.287347885566,-5.31700397722E-16,0.957826285221)
  );
#6394 = ADVANCED_FACE('',(#6395),#6401,.F.);
#6395 = FACE_BOUND('',#6396,.F.);
#6396 = EDGE_LOOP('',(#6397,#6398,#6399,#6400));
#6397 = ORIENTED_EDGE('',*,*,#6365,.T.);
#6398 = ORIENTED_EDGE('',*,*,#4892,.T.);
#6399 = ORIENTED_EDGE('',*,*,#6384,.F.);
#6400 = ORIENTED_EDGE('',*,*,#5066,.F.);
#6401 = CYLINDRICAL_SURFACE('',#6402,0.29);
#6402 = AXIS2_PLACEMENT_3D('',#6403,#6404,#6405);
#6403 = CARTESIAN_POINT('',(0.152768888758,-0.35,-1.5));
#6404 = DIRECTION('',(0.,1.,3.330669073875E-16));
#6405 = DIRECTION('',(-0.957826285221,-9.570607158983E-17,0.287347885566
    ));
#6406 = ADVANCED_FACE('',(#6407),#6423,.T.);
#6407 = FACE_BOUND('',#6408,.T.);
#6408 = EDGE_LOOP('',(#6409,#6410,#6416,#6417));
#6409 = ORIENTED_EDGE('',*,*,#5132,.F.);
#6410 = ORIENTED_EDGE('',*,*,#6411,.T.);
#6411 = EDGE_CURVE('',#5133,#5283,#6412,.T.);
#6412 = LINE('',#6413,#6414);
#6413 = CARTESIAN_POINT('',(-0.162230377286,-4.85,-0.540767924286));
#6414 = VECTOR('',#6415,1.);
#6415 = DIRECTION('',(0.,1.,3.330669073875E-16));
#6416 = ORIENTED_EDGE('',*,*,#5282,.T.);
#6417 = ORIENTED_EDGE('',*,*,#6418,.F.);
#6418 = EDGE_CURVE('',#5135,#5285,#6419,.T.);
#6419 = LINE('',#6420,#6421);
#6420 = CARTESIAN_POINT('',(-0.425000733956,-4.85,-1.416669113186));
#6421 = VECTOR('',#6422,1.);
#6422 = DIRECTION('',(0.,1.,3.330669073875E-16));
#6423 = PLANE('',#6424);
#6424 = AXIS2_PLACEMENT_3D('',#6425,#6426,#6427);
#6425 = CARTESIAN_POINT('',(-0.15,-4.85,-0.5));
#6426 = DIRECTION('',(-0.957826285221,-9.570607158995E-17,0.287347885566
    ));
#6427 = DIRECTION('',(-0.287347885566,5.31700397722E-16,-0.957826285221)
  );
#6428 = ADVANCED_FACE('',(#6429),#6440,.F.);
#6429 = FACE_BOUND('',#6430,.F.);
#6430 = EDGE_LOOP('',(#6431,#6432,#6433,#6439));
#6431 = ORIENTED_EDGE('',*,*,#6411,.T.);
#6432 = ORIENTED_EDGE('',*,*,#5417,.T.);
#6433 = ORIENTED_EDGE('',*,*,#6434,.F.);
#6434 = EDGE_CURVE('',#5260,#5410,#6435,.T.);
#6435 = LINE('',#6436,#6437);
#6436 = CARTESIAN_POINT('',(-0.15,-4.85,-0.457437037472));
#6437 = VECTOR('',#6438,1.);
#6438 = DIRECTION('',(0.,1.,3.330669073875E-16));
#6439 = ORIENTED_EDGE('',*,*,#5267,.F.);
#6440 = CYLINDRICAL_SURFACE('',#6441,0.29);
#6441 = AXIS2_PLACEMENT_3D('',#6442,#6443,#6444);
#6442 = CARTESIAN_POINT('',(-0.44,-4.85,-0.457437037472));
#6443 = DIRECTION('',(0.,1.,3.330669073875E-16));
#6444 = DIRECTION('',(0.957826285221,9.570607158983E-17,-0.287347885566)
  );
#6445 = ADVANCED_FACE('',(#6446),#6457,.T.);
#6446 = FACE_BOUND('',#6447,.T.);
#6447 = EDGE_LOOP('',(#6448,#6449,#6450,#6456));
#6448 = ORIENTED_EDGE('',*,*,#6418,.T.);
#6449 = ORIENTED_EDGE('',*,*,#5292,.T.);
#6450 = ORIENTED_EDGE('',*,*,#6451,.F.);
#6451 = EDGE_CURVE('',#5143,#5293,#6452,.T.);
#6452 = LINE('',#6453,#6454);
#6453 = CARTESIAN_POINT('',(-0.425000733956,-4.85,-1.583330886814));
#6454 = VECTOR('',#6455,1.);
#6455 = DIRECTION('',(0.,1.,3.330669073875E-16));
#6456 = ORIENTED_EDGE('',*,*,#5142,.F.);
#6457 = CYLINDRICAL_SURFACE('',#6458,0.29);
#6458 = AXIS2_PLACEMENT_3D('',#6459,#6460,#6461);
#6459 = CARTESIAN_POINT('',(-0.147231111242,-4.85,-1.5));
#6460 = DIRECTION('',(0.,1.,3.330669073875E-16));
#6461 = DIRECTION('',(-0.957826285221,-9.570607158983E-17,0.287347885566
    ));
#6462 = ADVANCED_FACE('',(#6463),#6474,.F.);
#6463 = FACE_BOUND('',#6464,.F.);
#6464 = EDGE_LOOP('',(#6465,#6466,#6467,#6468));
#6465 = ORIENTED_EDGE('',*,*,#5259,.F.);
#6466 = ORIENTED_EDGE('',*,*,#6434,.T.);
#6467 = ORIENTED_EDGE('',*,*,#5409,.T.);
#6468 = ORIENTED_EDGE('',*,*,#6469,.F.);
#6469 = EDGE_CURVE('',#5251,#5401,#6470,.T.);
#6470 = LINE('',#6471,#6472);
#6471 = CARTESIAN_POINT('',(-0.15,-4.85,1.21));
#6472 = VECTOR('',#6473,1.);
#6473 = DIRECTION('',(0.,1.,3.330669073875E-16));
#6474 = PLANE('',#6475);
#6475 = AXIS2_PLACEMENT_3D('',#6476,#6477,#6478);
#6476 = CARTESIAN_POINT('',(-0.15,-4.85,-0.5));
#6477 = DIRECTION('',(1.,0.,0.));
#6478 = DIRECTION('',(0.,-5.551115123126E-16,1.));
#6479 = ADVANCED_FACE('',(#6480),#6491,.T.);
#6480 = FACE_BOUND('',#6481,.T.);
#6481 = EDGE_LOOP('',(#6482,#6483,#6484,#6485));
#6482 = ORIENTED_EDGE('',*,*,#5151,.F.);
#6483 = ORIENTED_EDGE('',*,*,#6451,.T.);
#6484 = ORIENTED_EDGE('',*,*,#5301,.T.);
#6485 = ORIENTED_EDGE('',*,*,#6486,.F.);
#6486 = EDGE_CURVE('',#5152,#5302,#6487,.T.);
#6487 = LINE('',#6488,#6489);
#6488 = CARTESIAN_POINT('',(-0.162230377286,-4.85,-2.459232075714));
#6489 = VECTOR('',#6490,1.);
#6490 = DIRECTION('',(0.,1.,3.330669073875E-16));
#6491 = PLANE('',#6492);
#6492 = AXIS2_PLACEMENT_3D('',#6493,#6494,#6495);
#6493 = CARTESIAN_POINT('',(-0.45,-4.85,-1.5));
#6494 = DIRECTION('',(-0.957826285221,9.570607158995E-17,-0.287347885566
    ));
#6495 = DIRECTION('',(0.287347885566,5.31700397722E-16,-0.957826285221)
  );
#6496 = ADVANCED_FACE('',(#6497),#6503,.T.);
#6497 = FACE_BOUND('',#6498,.T.);
#6498 = EDGE_LOOP('',(#6499,#6500,#6501,#6502));
#6499 = ORIENTED_EDGE('',*,*,#5250,.T.);
#6500 = ORIENTED_EDGE('',*,*,#5433,.T.);
#6501 = ORIENTED_EDGE('',*,*,#5400,.F.);
#6502 = ORIENTED_EDGE('',*,*,#6469,.F.);
#6503 = CYLINDRICAL_SURFACE('',#6504,0.29);
#6504 = AXIS2_PLACEMENT_3D('',#6505,#6506,#6507);
#6505 = CARTESIAN_POINT('',(0.14,-4.85,1.21));
#6506 = DIRECTION('',(0.,1.,3.330669073875E-16));
#6507 = DIRECTION('',(-1.,0.,0.));
#6508 = ADVANCED_FACE('',(#6509),#6520,.F.);
#6509 = FACE_BOUND('',#6510,.F.);
#6510 = EDGE_LOOP('',(#6511,#6517,#6518,#6519));
#6511 = ORIENTED_EDGE('',*,*,#6512,.T.);
#6512 = EDGE_CURVE('',#5160,#5310,#6513,.T.);
#6513 = LINE('',#6514,#6515);
#6514 = CARTESIAN_POINT('',(-0.15,-4.85,-2.542562962528));
#6515 = VECTOR('',#6516,1.);
#6516 = DIRECTION('',(0.,1.,3.330669073875E-16));
#6517 = ORIENTED_EDGE('',*,*,#5309,.T.);
#6518 = ORIENTED_EDGE('',*,*,#6486,.F.);
#6519 = ORIENTED_EDGE('',*,*,#5159,.F.);
#6520 = CYLINDRICAL_SURFACE('',#6521,0.29);
#6521 = AXIS2_PLACEMENT_3D('',#6522,#6523,#6524);
#6522 = CARTESIAN_POINT('',(-0.44,-4.85,-2.542562962528));
#6523 = DIRECTION('',(0.,1.,3.330669073875E-16));
#6524 = DIRECTION('',(1.,0.,-0.));
#6525 = ADVANCED_FACE('',(#6526),#6537,.F.);
#6526 = FACE_BOUND('',#6527,.F.);
#6527 = EDGE_LOOP('',(#6528,#6529,#6535,#6536));
#6528 = ORIENTED_EDGE('',*,*,#5168,.F.);
#6529 = ORIENTED_EDGE('',*,*,#6530,.T.);
#6530 = EDGE_CURVE('',#5169,#5319,#6531,.T.);
#6531 = LINE('',#6532,#6533);
#6532 = CARTESIAN_POINT('',(-0.15,-4.85,-3.5));
#6533 = VECTOR('',#6534,1.);
#6534 = DIRECTION('',(0.,1.,3.330669073875E-16));
#6535 = ORIENTED_EDGE('',*,*,#5318,.T.);
#6536 = ORIENTED_EDGE('',*,*,#6512,.F.);
#6537 = PLANE('',#6538);
#6538 = AXIS2_PLACEMENT_3D('',#6539,#6540,#6541);
#6539 = CARTESIAN_POINT('',(-0.15,-4.85,-3.5));
#6540 = DIRECTION('',(1.,0.,0.));
#6541 = DIRECTION('',(0.,-5.551115123126E-16,1.));
#6542 = ADVANCED_FACE('',(#6543),#6554,.F.);
#6543 = FACE_BOUND('',#6544,.F.);
#6544 = EDGE_LOOP('',(#6545,#6551,#6552,#6553));
#6545 = ORIENTED_EDGE('',*,*,#6546,.T.);
#6546 = EDGE_CURVE('',#5177,#5327,#6547,.T.);
#6547 = LINE('',#6548,#6549);
#6548 = CARTESIAN_POINT('',(0.15,-4.85,-3.5));
#6549 = VECTOR('',#6550,1.);
#6550 = DIRECTION('',(0.,1.,3.330669073875E-16));
#6551 = ORIENTED_EDGE('',*,*,#5326,.T.);
#6552 = ORIENTED_EDGE('',*,*,#6530,.F.);
#6553 = ORIENTED_EDGE('',*,*,#5176,.F.);
#6554 = PLANE('',#6555);
#6555 = AXIS2_PLACEMENT_3D('',#6556,#6557,#6558);
#6556 = CARTESIAN_POINT('',(0.15,-4.85,-3.5));
#6557 = DIRECTION('',(0.,-3.330669073875E-16,1.));
#6558 = DIRECTION('',(-1.,0.,0.));
#6559 = ADVANCED_FACE('',(#6560),#6571,.F.);
#6560 = FACE_BOUND('',#6561,.F.);
#6561 = EDGE_LOOP('',(#6562,#6563,#6569,#6570));
#6562 = ORIENTED_EDGE('',*,*,#5184,.F.);
#6563 = ORIENTED_EDGE('',*,*,#6564,.T.);
#6564 = EDGE_CURVE('',#5185,#5335,#6565,.T.);
#6565 = LINE('',#6566,#6567);
#6566 = CARTESIAN_POINT('',(0.15,-4.85,-2.542562962528));
#6567 = VECTOR('',#6568,1.);
#6568 = DIRECTION('',(0.,1.,3.330669073875E-16));
#6569 = ORIENTED_EDGE('',*,*,#5334,.T.);
#6570 = ORIENTED_EDGE('',*,*,#6546,.F.);
#6571 = PLANE('',#6572);
#6572 = AXIS2_PLACEMENT_3D('',#6573,#6574,#6575);
#6573 = CARTESIAN_POINT('',(0.15,-4.85,-2.5));
#6574 = DIRECTION('',(-1.,0.,-0.));
#6575 = DIRECTION('',(0.,5.551115123126E-16,-1.));
#6576 = ADVANCED_FACE('',(#6577),#6588,.T.);
#6577 = FACE_BOUND('',#6578,.T.);
#6578 = EDGE_LOOP('',(#6579,#6580,#6586,#6587));
#6579 = ORIENTED_EDGE('',*,*,#5226,.T.);
#6580 = ORIENTED_EDGE('',*,*,#6581,.T.);
#6581 = EDGE_CURVE('',#5219,#5369,#6582,.T.);
#6582 = LINE('',#6583,#6584);
#6583 = CARTESIAN_POINT('',(0.137769622714,-4.85,-0.540767924286));
#6584 = VECTOR('',#6585,1.);
#6585 = DIRECTION('',(0.,1.,3.330669073875E-16));
#6586 = ORIENTED_EDGE('',*,*,#5376,.F.);
#6587 = ORIENTED_EDGE('',*,*,#6095,.F.);
#6588 = CYLINDRICAL_SURFACE('',#6589,0.29);
#6589 = AXIS2_PLACEMENT_3D('',#6590,#6591,#6592);
#6590 = CARTESIAN_POINT('',(-0.14,-4.85,-0.457437037472));
#6591 = DIRECTION('',(0.,1.,3.330669073875E-16));
#6592 = DIRECTION('',(1.,0.,-0.));
#6593 = ADVANCED_FACE('',(#6594),#6605,.T.);
#6594 = FACE_BOUND('',#6595,.T.);
#6595 = EDGE_LOOP('',(#6596,#6597,#6598,#6599));
#6596 = ORIENTED_EDGE('',*,*,#5192,.T.);
#6597 = ORIENTED_EDGE('',*,*,#6564,.T.);
#6598 = ORIENTED_EDGE('',*,*,#5342,.F.);
#6599 = ORIENTED_EDGE('',*,*,#6600,.F.);
#6600 = EDGE_CURVE('',#5193,#5343,#6601,.T.);
#6601 = LINE('',#6602,#6603);
#6602 = CARTESIAN_POINT('',(0.137769622714,-4.85,-2.459232075714));
#6603 = VECTOR('',#6604,1.);
#6604 = DIRECTION('',(0.,1.,3.330669073875E-16));
#6605 = CYLINDRICAL_SURFACE('',#6606,0.29);
#6606 = AXIS2_PLACEMENT_3D('',#6607,#6608,#6609);
#6607 = CARTESIAN_POINT('',(-0.14,-4.85,-2.542562962528));
#6608 = DIRECTION('',(0.,1.,3.330669073875E-16));
#6609 = DIRECTION('',(0.957826285221,-9.570607158983E-17,0.287347885566)
  );
#6610 = ADVANCED_FACE('',(#6611),#6622,.T.);
#6611 = FACE_BOUND('',#6612,.T.);
#6612 = EDGE_LOOP('',(#6613,#6614,#6620,#6621));
#6613 = ORIENTED_EDGE('',*,*,#5218,.F.);
#6614 = ORIENTED_EDGE('',*,*,#6615,.T.);
#6615 = EDGE_CURVE('',#5210,#5360,#6616,.T.);
#6616 = LINE('',#6617,#6618);
#6617 = CARTESIAN_POINT('',(-0.125000733956,-4.85,-1.416669113186));
#6618 = VECTOR('',#6619,1.);
#6619 = DIRECTION('',(0.,1.,3.330669073875E-16));
#6620 = ORIENTED_EDGE('',*,*,#5368,.T.);
#6621 = ORIENTED_EDGE('',*,*,#6581,.F.);
#6622 = PLANE('',#6623);
#6623 = AXIS2_PLACEMENT_3D('',#6624,#6625,#6626);
#6624 = CARTESIAN_POINT('',(-0.15,-4.85,-1.5));
#6625 = DIRECTION('',(0.957826285221,9.570607158995E-17,-0.287347885566)
  );
#6626 = DIRECTION('',(0.287347885566,-5.31700397722E-16,0.957826285221)
  );
#6627 = ADVANCED_FACE('',(#6628),#6639,.T.);
#6628 = FACE_BOUND('',#6629,.T.);
#6629 = EDGE_LOOP('',(#6630,#6631,#6632,#6633));
#6630 = ORIENTED_EDGE('',*,*,#5201,.F.);
#6631 = ORIENTED_EDGE('',*,*,#6600,.T.);
#6632 = ORIENTED_EDGE('',*,*,#5351,.T.);
#6633 = ORIENTED_EDGE('',*,*,#6634,.F.);
#6634 = EDGE_CURVE('',#5202,#5352,#6635,.T.);
#6635 = LINE('',#6636,#6637);
#6636 = CARTESIAN_POINT('',(-0.125000733956,-4.85,-1.583330886814));
#6637 = VECTOR('',#6638,1.);
#6638 = DIRECTION('',(0.,1.,3.330669073875E-16));
#6639 = PLANE('',#6640);
#6640 = AXIS2_PLACEMENT_3D('',#6641,#6642,#6643);
#6641 = CARTESIAN_POINT('',(0.15,-4.85,-2.5));
#6642 = DIRECTION('',(0.957826285221,-9.570607158995E-17,0.287347885566)
  );
#6643 = DIRECTION('',(-0.287347885566,-5.31700397722E-16,0.957826285221)
  );
#6644 = ADVANCED_FACE('',(#6645),#6651,.F.);
#6645 = FACE_BOUND('',#6646,.F.);
#6646 = EDGE_LOOP('',(#6647,#6648,#6649,#6650));
#6647 = ORIENTED_EDGE('',*,*,#6615,.T.);
#6648 = ORIENTED_EDGE('',*,*,#5359,.T.);
#6649 = ORIENTED_EDGE('',*,*,#6634,.F.);
#6650 = ORIENTED_EDGE('',*,*,#5209,.F.);
#6651 = CYLINDRICAL_SURFACE('',#6652,0.29);
#6652 = AXIS2_PLACEMENT_3D('',#6653,#6654,#6655);
#6653 = CARTESIAN_POINT('',(0.152768888758,-4.85,-1.5));
#6654 = DIRECTION('',(0.,1.,3.330669073875E-16));
#6655 = DIRECTION('',(-0.957826285221,-9.570607158983E-17,0.287347885566
    ));
#6656 = ADVANCED_FACE('',(#6657),#6673,.F.);
#6657 = FACE_BOUND('',#6658,.F.);
#6658 = EDGE_LOOP('',(#6659,#6660,#6666,#6667));
#6659 = ORIENTED_EDGE('',*,*,#5449,.F.);
#6660 = ORIENTED_EDGE('',*,*,#6661,.T.);
#6661 = EDGE_CURVE('',#5450,#5624,#6662,.T.);
#6662 = LINE('',#6663,#6664);
#6663 = CARTESIAN_POINT('',(6.462230377286,-4.85,-0.540767924286));
#6664 = VECTOR('',#6665,1.);
#6665 = DIRECTION('',(0.,1.,3.330669073875E-16));
#6666 = ORIENTED_EDGE('',*,*,#5623,.T.);
#6667 = ORIENTED_EDGE('',*,*,#6668,.F.);
#6668 = EDGE_CURVE('',#5452,#5626,#6669,.T.);
#6669 = LINE('',#6670,#6671);
#6670 = CARTESIAN_POINT('',(6.725000733956,-4.85,-1.416669113186));
#6671 = VECTOR('',#6672,1.);
#6672 = DIRECTION('',(0.,1.,3.330669073875E-16));
#6673 = PLANE('',#6674);
#6674 = AXIS2_PLACEMENT_3D('',#6675,#6676,#6677);
#6675 = CARTESIAN_POINT('',(6.45,-4.85,-0.5));
#6676 = DIRECTION('',(-0.957826285221,9.570607158995E-17,-0.287347885566
    ));
#6677 = DIRECTION('',(0.287347885566,5.31700397722E-16,-0.957826285221)
  );
#6678 = ADVANCED_FACE('',(#6679),#6690,.F.);
#6679 = FACE_BOUND('',#6680,.F.);
#6680 = EDGE_LOOP('',(#6681,#6682,#6688,#6689));
#6681 = ORIENTED_EDGE('',*,*,#5584,.T.);
#6682 = ORIENTED_EDGE('',*,*,#6683,.T.);
#6683 = EDGE_CURVE('',#5577,#5744,#6684,.T.);
#6684 = LINE('',#6685,#6686);
#6685 = CARTESIAN_POINT('',(6.45,-4.85,-0.457437037472));
#6686 = VECTOR('',#6687,1.);
#6687 = DIRECTION('',(0.,1.,3.330669073875E-16));
#6688 = ORIENTED_EDGE('',*,*,#5751,.F.);
#6689 = ORIENTED_EDGE('',*,*,#6661,.F.);
#6690 = CYLINDRICAL_SURFACE('',#6691,0.29);
#6691 = AXIS2_PLACEMENT_3D('',#6692,#6693,#6694);
#6692 = CARTESIAN_POINT('',(6.74,-4.85,-0.457437037472));
#6693 = DIRECTION('',(0.,1.,3.330669073875E-16));
#6694 = DIRECTION('',(-0.957826285221,9.570607158983E-17,-0.287347885566
    ));
#6695 = ADVANCED_FACE('',(#6696),#6707,.T.);
#6696 = FACE_BOUND('',#6697,.T.);
#6697 = EDGE_LOOP('',(#6698,#6699,#6705,#6706));
#6698 = ORIENTED_EDGE('',*,*,#5459,.T.);
#6699 = ORIENTED_EDGE('',*,*,#6700,.T.);
#6700 = EDGE_CURVE('',#5460,#5634,#6701,.T.);
#6701 = LINE('',#6702,#6703);
#6702 = CARTESIAN_POINT('',(6.725000733956,-4.85,-1.583330886814));
#6703 = VECTOR('',#6704,1.);
#6704 = DIRECTION('',(0.,1.,3.330669073875E-16));
#6705 = ORIENTED_EDGE('',*,*,#5633,.F.);
#6706 = ORIENTED_EDGE('',*,*,#6668,.F.);
#6707 = CYLINDRICAL_SURFACE('',#6708,0.29);
#6708 = AXIS2_PLACEMENT_3D('',#6709,#6710,#6711);
#6709 = CARTESIAN_POINT('',(6.447231111242,-4.85,-1.5));
#6710 = DIRECTION('',(0.,1.,3.330669073875E-16));
#6711 = DIRECTION('',(0.957826285221,-9.570607158983E-17,0.287347885566)
  );
#6712 = ADVANCED_FACE('',(#6713),#6724,.T.);
#6713 = FACE_BOUND('',#6714,.T.);
#6714 = EDGE_LOOP('',(#6715,#6716,#6717,#6718));
#6715 = ORIENTED_EDGE('',*,*,#5576,.F.);
#6716 = ORIENTED_EDGE('',*,*,#6683,.T.);
#6717 = ORIENTED_EDGE('',*,*,#5743,.T.);
#6718 = ORIENTED_EDGE('',*,*,#6719,.F.);
#6719 = EDGE_CURVE('',#5568,#5735,#6720,.T.);
#6720 = LINE('',#6721,#6722);
#6721 = CARTESIAN_POINT('',(6.45,-4.85,1.21));
#6722 = VECTOR('',#6723,1.);
#6723 = DIRECTION('',(0.,1.,3.330669073875E-16));
#6724 = PLANE('',#6725);
#6725 = AXIS2_PLACEMENT_3D('',#6726,#6727,#6728);
#6726 = CARTESIAN_POINT('',(6.45,-4.85,-0.5));
#6727 = DIRECTION('',(1.,0.,0.));
#6728 = DIRECTION('',(0.,-5.551115123126E-16,1.));
#6729 = ADVANCED_FACE('',(#6730),#6741,.F.);
#6730 = FACE_BOUND('',#6731,.F.);
#6731 = EDGE_LOOP('',(#6732,#6733,#6734,#6735));
#6732 = ORIENTED_EDGE('',*,*,#5468,.F.);
#6733 = ORIENTED_EDGE('',*,*,#6700,.T.);
#6734 = ORIENTED_EDGE('',*,*,#5642,.T.);
#6735 = ORIENTED_EDGE('',*,*,#6736,.F.);
#6736 = EDGE_CURVE('',#5469,#5643,#6737,.T.);
#6737 = LINE('',#6738,#6739);
#6738 = CARTESIAN_POINT('',(6.462230377286,-4.85,-2.459232075714));
#6739 = VECTOR('',#6740,1.);
#6740 = DIRECTION('',(0.,1.,3.330669073875E-16));
#6741 = PLANE('',#6742);
#6742 = AXIS2_PLACEMENT_3D('',#6743,#6744,#6745);
#6743 = CARTESIAN_POINT('',(6.75,-4.85,-1.5));
#6744 = DIRECTION('',(-0.957826285221,-9.570607158995E-17,0.287347885566
    ));
#6745 = DIRECTION('',(-0.287347885566,5.31700397722E-16,-0.957826285221)
  );
#6746 = ADVANCED_FACE('',(#6747),#6753,.T.);
#6747 = FACE_BOUND('',#6748,.T.);
#6748 = EDGE_LOOP('',(#6749,#6750,#6751,#6752));
#6749 = ORIENTED_EDGE('',*,*,#6719,.T.);
#6750 = ORIENTED_EDGE('',*,*,#5734,.T.);
#6751 = ORIENTED_EDGE('',*,*,#5600,.F.);
#6752 = ORIENTED_EDGE('',*,*,#5567,.F.);
#6753 = CYLINDRICAL_SURFACE('',#6754,0.29);
#6754 = AXIS2_PLACEMENT_3D('',#6755,#6756,#6757);
#6755 = CARTESIAN_POINT('',(6.16,-4.85,1.21));
#6756 = DIRECTION('',(0.,1.,3.330669073875E-16));
#6757 = DIRECTION('',(1.,0.,-0.));
#6758 = ADVANCED_FACE('',(#6759),#6770,.F.);
#6759 = FACE_BOUND('',#6760,.F.);
#6760 = EDGE_LOOP('',(#6761,#6762,#6763,#6764));
#6761 = ORIENTED_EDGE('',*,*,#5476,.T.);
#6762 = ORIENTED_EDGE('',*,*,#6736,.T.);
#6763 = ORIENTED_EDGE('',*,*,#5650,.F.);
#6764 = ORIENTED_EDGE('',*,*,#6765,.F.);
#6765 = EDGE_CURVE('',#5477,#5651,#6766,.T.);
#6766 = LINE('',#6767,#6768);
#6767 = CARTESIAN_POINT('',(6.45,-4.85,-2.542562962528));
#6768 = VECTOR('',#6769,1.);
#6769 = DIRECTION('',(0.,1.,3.330669073875E-16));
#6770 = CYLINDRICAL_SURFACE('',#6771,0.29);
#6771 = AXIS2_PLACEMENT_3D('',#6772,#6773,#6774);
#6772 = CARTESIAN_POINT('',(6.74,-4.85,-2.542562962528));
#6773 = DIRECTION('',(0.,1.,3.330669073875E-16));
#6774 = DIRECTION('',(-1.,0.,0.));
#6775 = ADVANCED_FACE('',(#6776),#6787,.T.);
#6776 = FACE_BOUND('',#6777,.T.);
#6777 = EDGE_LOOP('',(#6778,#6779,#6785,#6786));
#6778 = ORIENTED_EDGE('',*,*,#5485,.F.);
#6779 = ORIENTED_EDGE('',*,*,#6780,.T.);
#6780 = EDGE_CURVE('',#5486,#5660,#6781,.T.);
#6781 = LINE('',#6782,#6783);
#6782 = CARTESIAN_POINT('',(6.45,-4.85,-3.5));
#6783 = VECTOR('',#6784,1.);
#6784 = DIRECTION('',(0.,1.,3.330669073875E-16));
#6785 = ORIENTED_EDGE('',*,*,#5659,.T.);
#6786 = ORIENTED_EDGE('',*,*,#6765,.F.);
#6787 = PLANE('',#6788);
#6788 = AXIS2_PLACEMENT_3D('',#6789,#6790,#6791);
#6789 = CARTESIAN_POINT('',(6.45,-4.85,-3.5));
#6790 = DIRECTION('',(1.,0.,0.));
#6791 = DIRECTION('',(0.,-5.551115123126E-16,1.));
#6792 = ADVANCED_FACE('',(#6793),#6804,.T.);
#6793 = FACE_BOUND('',#6794,.T.);
#6794 = EDGE_LOOP('',(#6795,#6801,#6802,#6803));
#6795 = ORIENTED_EDGE('',*,*,#6796,.T.);
#6796 = EDGE_CURVE('',#5494,#5668,#6797,.T.);
#6797 = LINE('',#6798,#6799);
#6798 = CARTESIAN_POINT('',(6.15,-4.85,-3.5));
#6799 = VECTOR('',#6800,1.);
#6800 = DIRECTION('',(0.,1.,3.330669073875E-16));
#6801 = ORIENTED_EDGE('',*,*,#5667,.T.);
#6802 = ORIENTED_EDGE('',*,*,#6780,.F.);
#6803 = ORIENTED_EDGE('',*,*,#5493,.F.);
#6804 = PLANE('',#6805);
#6805 = AXIS2_PLACEMENT_3D('',#6806,#6807,#6808);
#6806 = CARTESIAN_POINT('',(6.15,-4.85,-3.5));
#6807 = DIRECTION('',(0.,3.330669073875E-16,-1.));
#6808 = DIRECTION('',(1.,0.,0.));
#6809 = ADVANCED_FACE('',(#6810),#6821,.T.);
#6810 = FACE_BOUND('',#6811,.T.);
#6811 = EDGE_LOOP('',(#6812,#6813,#6819,#6820));
#6812 = ORIENTED_EDGE('',*,*,#5501,.F.);
#6813 = ORIENTED_EDGE('',*,*,#6814,.T.);
#6814 = EDGE_CURVE('',#5502,#5676,#6815,.T.);
#6815 = LINE('',#6816,#6817);
#6816 = CARTESIAN_POINT('',(6.15,-4.85,-2.542562962528));
#6817 = VECTOR('',#6818,1.);
#6818 = DIRECTION('',(0.,1.,3.330669073875E-16));
#6819 = ORIENTED_EDGE('',*,*,#5675,.T.);
#6820 = ORIENTED_EDGE('',*,*,#6796,.F.);
#6821 = PLANE('',#6822);
#6822 = AXIS2_PLACEMENT_3D('',#6823,#6824,#6825);
#6823 = CARTESIAN_POINT('',(6.15,-4.85,-2.5));
#6824 = DIRECTION('',(-1.,0.,-0.));
#6825 = DIRECTION('',(0.,5.551115123126E-16,-1.));
#6826 = ADVANCED_FACE('',(#6827),#6838,.T.);
#6827 = FACE_BOUND('',#6828,.T.);
#6828 = EDGE_LOOP('',(#6829,#6830,#6831,#6837));
#6829 = ORIENTED_EDGE('',*,*,#6112,.T.);
#6830 = ORIENTED_EDGE('',*,*,#5717,.T.);
#6831 = ORIENTED_EDGE('',*,*,#6832,.F.);
#6832 = EDGE_CURVE('',#5536,#5710,#6833,.T.);
#6833 = LINE('',#6834,#6835);
#6834 = CARTESIAN_POINT('',(6.162230377286,-4.85,-0.540767924286));
#6835 = VECTOR('',#6836,1.);
#6836 = DIRECTION('',(0.,1.,3.330669073875E-16));
#6837 = ORIENTED_EDGE('',*,*,#5543,.F.);
#6838 = CYLINDRICAL_SURFACE('',#6839,0.29);
#6839 = AXIS2_PLACEMENT_3D('',#6840,#6841,#6842);
#6840 = CARTESIAN_POINT('',(6.44,-4.85,-0.457437037472));
#6841 = DIRECTION('',(0.,1.,3.330669073875E-16));
#6842 = DIRECTION('',(-1.,0.,0.));
#6843 = ADVANCED_FACE('',(#6844),#6855,.T.);
#6844 = FACE_BOUND('',#6845,.T.);
#6845 = EDGE_LOOP('',(#6846,#6852,#6853,#6854));
#6846 = ORIENTED_EDGE('',*,*,#6847,.T.);
#6847 = EDGE_CURVE('',#5510,#5684,#6848,.T.);
#6848 = LINE('',#6849,#6850);
#6849 = CARTESIAN_POINT('',(6.162230377286,-4.85,-2.459232075714));
#6850 = VECTOR('',#6851,1.);
#6851 = DIRECTION('',(0.,1.,3.330669073875E-16));
#6852 = ORIENTED_EDGE('',*,*,#5683,.T.);
#6853 = ORIENTED_EDGE('',*,*,#6814,.F.);
#6854 = ORIENTED_EDGE('',*,*,#5509,.F.);
#6855 = CYLINDRICAL_SURFACE('',#6856,0.29);
#6856 = AXIS2_PLACEMENT_3D('',#6857,#6858,#6859);
#6857 = CARTESIAN_POINT('',(6.44,-4.85,-2.542562962528));
#6858 = DIRECTION('',(0.,1.,3.330669073875E-16));
#6859 = DIRECTION('',(-0.957826285221,-9.570607158983E-17,0.287347885566
    ));
#6860 = ADVANCED_FACE('',(#6861),#6872,.F.);
#6861 = FACE_BOUND('',#6862,.F.);
#6862 = EDGE_LOOP('',(#6863,#6864,#6870,#6871));
#6863 = ORIENTED_EDGE('',*,*,#5535,.F.);
#6864 = ORIENTED_EDGE('',*,*,#6865,.T.);
#6865 = EDGE_CURVE('',#5527,#5701,#6866,.T.);
#6866 = LINE('',#6867,#6868);
#6867 = CARTESIAN_POINT('',(6.425000733956,-4.85,-1.416669113186));
#6868 = VECTOR('',#6869,1.);
#6869 = DIRECTION('',(0.,1.,3.330669073875E-16));
#6870 = ORIENTED_EDGE('',*,*,#5709,.T.);
#6871 = ORIENTED_EDGE('',*,*,#6832,.F.);
#6872 = PLANE('',#6873);
#6873 = AXIS2_PLACEMENT_3D('',#6874,#6875,#6876);
#6874 = CARTESIAN_POINT('',(6.45,-4.85,-1.5));
#6875 = DIRECTION('',(0.957826285221,-9.570607158995E-17,0.287347885566)
  );
#6876 = DIRECTION('',(-0.287347885566,-5.31700397722E-16,0.957826285221)
  );
#6877 = ADVANCED_FACE('',(#6878),#6889,.F.);
#6878 = FACE_BOUND('',#6879,.F.);
#6879 = EDGE_LOOP('',(#6880,#6881,#6882,#6883));
#6880 = ORIENTED_EDGE('',*,*,#5518,.F.);
#6881 = ORIENTED_EDGE('',*,*,#6847,.T.);
#6882 = ORIENTED_EDGE('',*,*,#5692,.T.);
#6883 = ORIENTED_EDGE('',*,*,#6884,.F.);
#6884 = EDGE_CURVE('',#5519,#5693,#6885,.T.);
#6885 = LINE('',#6886,#6887);
#6886 = CARTESIAN_POINT('',(6.425000733956,-4.85,-1.583330886814));
#6887 = VECTOR('',#6888,1.);
#6888 = DIRECTION('',(0.,1.,3.330669073875E-16));
#6889 = PLANE('',#6890);
#6890 = AXIS2_PLACEMENT_3D('',#6891,#6892,#6893);
#6891 = CARTESIAN_POINT('',(6.15,-4.85,-2.5));
#6892 = DIRECTION('',(0.957826285221,9.570607158995E-17,-0.287347885566)
  );
#6893 = DIRECTION('',(0.287347885566,-5.31700397722E-16,0.957826285221)
  );
#6894 = ADVANCED_FACE('',(#6895),#6901,.F.);
#6895 = FACE_BOUND('',#6896,.F.);
#6896 = EDGE_LOOP('',(#6897,#6898,#6899,#6900));
#6897 = ORIENTED_EDGE('',*,*,#5526,.T.);
#6898 = ORIENTED_EDGE('',*,*,#6884,.T.);
#6899 = ORIENTED_EDGE('',*,*,#5700,.F.);
#6900 = ORIENTED_EDGE('',*,*,#6865,.F.);
#6901 = CYLINDRICAL_SURFACE('',#6902,0.29);
#6902 = AXIS2_PLACEMENT_3D('',#6903,#6904,#6905);
#6903 = CARTESIAN_POINT('',(6.147231111242,-4.85,-1.5));
#6904 = DIRECTION('',(0.,1.,3.330669073875E-16));
#6905 = DIRECTION('',(0.957826285221,-9.570607158983E-17,0.287347885566)
  );
#6906 = ADVANCED_FACE('',(#6907),#6923,.F.);
#6907 = FACE_BOUND('',#6908,.F.);
#6908 = EDGE_LOOP('',(#6909,#6910,#6916,#6917));
#6909 = ORIENTED_EDGE('',*,*,#5916,.F.);
#6910 = ORIENTED_EDGE('',*,*,#6911,.T.);
#6911 = EDGE_CURVE('',#5917,#5767,#6912,.T.);
#6912 = LINE('',#6913,#6914);
#6913 = CARTESIAN_POINT('',(6.462230377286,-0.35,-0.540767924286));
#6914 = VECTOR('',#6915,1.);
#6915 = DIRECTION('',(0.,1.,3.330669073875E-16));
#6916 = ORIENTED_EDGE('',*,*,#5766,.T.);
#6917 = ORIENTED_EDGE('',*,*,#6918,.F.);
#6918 = EDGE_CURVE('',#5919,#5769,#6919,.T.);
#6919 = LINE('',#6920,#6921);
#6920 = CARTESIAN_POINT('',(6.725000733956,-0.35,-1.416669113186));
#6921 = VECTOR('',#6922,1.);
#6922 = DIRECTION('',(0.,1.,3.330669073875E-16));
#6923 = PLANE('',#6924);
#6924 = AXIS2_PLACEMENT_3D('',#6925,#6926,#6927);
#6925 = CARTESIAN_POINT('',(6.45,-0.35,-0.5));
#6926 = DIRECTION('',(-0.957826285221,9.570607158995E-17,-0.287347885566
    ));
#6927 = DIRECTION('',(0.287347885566,5.31700397722E-16,-0.957826285221)
  );
#6928 = ADVANCED_FACE('',(#6929),#6940,.F.);
#6929 = FACE_BOUND('',#6930,.F.);
#6930 = EDGE_LOOP('',(#6931,#6932,#6938,#6939));
#6931 = ORIENTED_EDGE('',*,*,#6051,.T.);
#6932 = ORIENTED_EDGE('',*,*,#6933,.T.);
#6933 = EDGE_CURVE('',#6044,#5894,#6934,.T.);
#6934 = LINE('',#6935,#6936);
#6935 = CARTESIAN_POINT('',(6.45,-0.35,-0.457437037472));
#6936 = VECTOR('',#6937,1.);
#6937 = DIRECTION('',(0.,1.,3.330669073875E-16));
#6938 = ORIENTED_EDGE('',*,*,#5901,.F.);
#6939 = ORIENTED_EDGE('',*,*,#6911,.F.);
#6940 = CYLINDRICAL_SURFACE('',#6941,0.29);
#6941 = AXIS2_PLACEMENT_3D('',#6942,#6943,#6944);
#6942 = CARTESIAN_POINT('',(6.74,-0.35,-0.457437037472));
#6943 = DIRECTION('',(0.,1.,3.330669073875E-16));
#6944 = DIRECTION('',(-0.957826285221,9.570607158983E-17,-0.287347885566
    ));
#6945 = ADVANCED_FACE('',(#6946),#6957,.T.);
#6946 = FACE_BOUND('',#6947,.T.);
#6947 = EDGE_LOOP('',(#6948,#6949,#6955,#6956));
#6948 = ORIENTED_EDGE('',*,*,#5926,.T.);
#6949 = ORIENTED_EDGE('',*,*,#6950,.T.);
#6950 = EDGE_CURVE('',#5927,#5777,#6951,.T.);
#6951 = LINE('',#6952,#6953);
#6952 = CARTESIAN_POINT('',(6.725000733956,-0.35,-1.583330886814));
#6953 = VECTOR('',#6954,1.);
#6954 = DIRECTION('',(0.,1.,3.330669073875E-16));
#6955 = ORIENTED_EDGE('',*,*,#5776,.F.);
#6956 = ORIENTED_EDGE('',*,*,#6918,.F.);
#6957 = CYLINDRICAL_SURFACE('',#6958,0.29);
#6958 = AXIS2_PLACEMENT_3D('',#6959,#6960,#6961);
#6959 = CARTESIAN_POINT('',(6.447231111242,-0.35,-1.5));
#6960 = DIRECTION('',(0.,1.,3.330669073875E-16));
#6961 = DIRECTION('',(0.957826285221,-9.570607158983E-17,0.287347885566)
  );
#6962 = ADVANCED_FACE('',(#6963),#6974,.T.);
#6963 = FACE_BOUND('',#6964,.T.);
#6964 = EDGE_LOOP('',(#6965,#6966,#6967,#6968));
#6965 = ORIENTED_EDGE('',*,*,#6043,.F.);
#6966 = ORIENTED_EDGE('',*,*,#6933,.T.);
#6967 = ORIENTED_EDGE('',*,*,#5893,.T.);
#6968 = ORIENTED_EDGE('',*,*,#6969,.F.);
#6969 = EDGE_CURVE('',#6035,#5885,#6970,.T.);
#6970 = LINE('',#6971,#6972);
#6971 = CARTESIAN_POINT('',(6.45,-0.35,1.21));
#6972 = VECTOR('',#6973,1.);
#6973 = DIRECTION('',(0.,1.,3.330669073875E-16));
#6974 = PLANE('',#6975);
#6975 = AXIS2_PLACEMENT_3D('',#6976,#6977,#6978);
#6976 = CARTESIAN_POINT('',(6.45,-0.35,-0.5));
#6977 = DIRECTION('',(1.,0.,0.));
#6978 = DIRECTION('',(0.,-5.551115123126E-16,1.));
#6979 = ADVANCED_FACE('',(#6980),#6991,.F.);
#6980 = FACE_BOUND('',#6981,.F.);
#6981 = EDGE_LOOP('',(#6982,#6983,#6984,#6985));
#6982 = ORIENTED_EDGE('',*,*,#5935,.F.);
#6983 = ORIENTED_EDGE('',*,*,#6950,.T.);
#6984 = ORIENTED_EDGE('',*,*,#5785,.T.);
#6985 = ORIENTED_EDGE('',*,*,#6986,.F.);
#6986 = EDGE_CURVE('',#5936,#5786,#6987,.T.);
#6987 = LINE('',#6988,#6989);
#6988 = CARTESIAN_POINT('',(6.462230377286,-0.35,-2.459232075714));
#6989 = VECTOR('',#6990,1.);
#6990 = DIRECTION('',(0.,1.,3.330669073875E-16));
#6991 = PLANE('',#6992);
#6992 = AXIS2_PLACEMENT_3D('',#6993,#6994,#6995);
#6993 = CARTESIAN_POINT('',(6.75,-0.35,-1.5));
#6994 = DIRECTION('',(-0.957826285221,-9.570607158995E-17,0.287347885566
    ));
#6995 = DIRECTION('',(-0.287347885566,5.31700397722E-16,-0.957826285221)
  );
#6996 = ADVANCED_FACE('',(#6997),#7003,.T.);
#6997 = FACE_BOUND('',#6998,.T.);
#6998 = EDGE_LOOP('',(#6999,#7000,#7001,#7002));
#6999 = ORIENTED_EDGE('',*,*,#6969,.T.);
#7000 = ORIENTED_EDGE('',*,*,#5884,.T.);
#7001 = ORIENTED_EDGE('',*,*,#6067,.F.);
#7002 = ORIENTED_EDGE('',*,*,#6034,.F.);
#7003 = CYLINDRICAL_SURFACE('',#7004,0.29);
#7004 = AXIS2_PLACEMENT_3D('',#7005,#7006,#7007);
#7005 = CARTESIAN_POINT('',(6.16,-0.35,1.21));
#7006 = DIRECTION('',(0.,1.,3.330669073875E-16));
#7007 = DIRECTION('',(1.,0.,-0.));
#7008 = ADVANCED_FACE('',(#7009),#7020,.F.);
#7009 = FACE_BOUND('',#7010,.F.);
#7010 = EDGE_LOOP('',(#7011,#7012,#7013,#7014));
#7011 = ORIENTED_EDGE('',*,*,#5943,.T.);
#7012 = ORIENTED_EDGE('',*,*,#6986,.T.);
#7013 = ORIENTED_EDGE('',*,*,#5793,.F.);
#7014 = ORIENTED_EDGE('',*,*,#7015,.F.);
#7015 = EDGE_CURVE('',#5944,#5794,#7016,.T.);
#7016 = LINE('',#7017,#7018);
#7017 = CARTESIAN_POINT('',(6.45,-0.35,-2.542562962528));
#7018 = VECTOR('',#7019,1.);
#7019 = DIRECTION('',(0.,1.,3.330669073875E-16));
#7020 = CYLINDRICAL_SURFACE('',#7021,0.29);
#7021 = AXIS2_PLACEMENT_3D('',#7022,#7023,#7024);
#7022 = CARTESIAN_POINT('',(6.74,-0.35,-2.542562962528));
#7023 = DIRECTION('',(0.,1.,3.330669073875E-16));
#7024 = DIRECTION('',(-1.,0.,0.));
#7025 = ADVANCED_FACE('',(#7026),#7037,.T.);
#7026 = FACE_BOUND('',#7027,.T.);
#7027 = EDGE_LOOP('',(#7028,#7029,#7035,#7036));
#7028 = ORIENTED_EDGE('',*,*,#5952,.F.);
#7029 = ORIENTED_EDGE('',*,*,#7030,.T.);
#7030 = EDGE_CURVE('',#5953,#5803,#7031,.T.);
#7031 = LINE('',#7032,#7033);
#7032 = CARTESIAN_POINT('',(6.45,-0.35,-3.5));
#7033 = VECTOR('',#7034,1.);
#7034 = DIRECTION('',(0.,1.,3.330669073875E-16));
#7035 = ORIENTED_EDGE('',*,*,#5802,.T.);
#7036 = ORIENTED_EDGE('',*,*,#7015,.F.);
#7037 = PLANE('',#7038);
#7038 = AXIS2_PLACEMENT_3D('',#7039,#7040,#7041);
#7039 = CARTESIAN_POINT('',(6.45,-0.35,-3.5));
#7040 = DIRECTION('',(1.,0.,0.));
#7041 = DIRECTION('',(0.,-5.551115123126E-16,1.));
#7042 = ADVANCED_FACE('',(#7043),#7054,.T.);
#7043 = FACE_BOUND('',#7044,.T.);
#7044 = EDGE_LOOP('',(#7045,#7051,#7052,#7053));
#7045 = ORIENTED_EDGE('',*,*,#7046,.T.);
#7046 = EDGE_CURVE('',#5961,#5811,#7047,.T.);
#7047 = LINE('',#7048,#7049);
#7048 = CARTESIAN_POINT('',(6.15,-0.35,-3.5));
#7049 = VECTOR('',#7050,1.);
#7050 = DIRECTION('',(0.,1.,3.330669073875E-16));
#7051 = ORIENTED_EDGE('',*,*,#5810,.T.);
#7052 = ORIENTED_EDGE('',*,*,#7030,.F.);
#7053 = ORIENTED_EDGE('',*,*,#5960,.F.);
#7054 = PLANE('',#7055);
#7055 = AXIS2_PLACEMENT_3D('',#7056,#7057,#7058);
#7056 = CARTESIAN_POINT('',(6.15,-0.35,-3.5));
#7057 = DIRECTION('',(0.,3.330669073875E-16,-1.));
#7058 = DIRECTION('',(1.,0.,0.));
#7059 = ADVANCED_FACE('',(#7060),#7071,.T.);
#7060 = FACE_BOUND('',#7061,.T.);
#7061 = EDGE_LOOP('',(#7062,#7063,#7069,#7070));
#7062 = ORIENTED_EDGE('',*,*,#5968,.F.);
#7063 = ORIENTED_EDGE('',*,*,#7064,.T.);
#7064 = EDGE_CURVE('',#5969,#5819,#7065,.T.);
#7065 = LINE('',#7066,#7067);
#7066 = CARTESIAN_POINT('',(6.15,-0.35,-2.542562962528));
#7067 = VECTOR('',#7068,1.);
#7068 = DIRECTION('',(0.,1.,3.330669073875E-16));
#7069 = ORIENTED_EDGE('',*,*,#5818,.T.);
#7070 = ORIENTED_EDGE('',*,*,#7046,.F.);
#7071 = PLANE('',#7072);
#7072 = AXIS2_PLACEMENT_3D('',#7073,#7074,#7075);
#7073 = CARTESIAN_POINT('',(6.15,-0.35,-2.5));
#7074 = DIRECTION('',(-1.,0.,-0.));
#7075 = DIRECTION('',(0.,5.551115123126E-16,-1.));
#7076 = ADVANCED_FACE('',(#7077),#7088,.T.);
#7077 = FACE_BOUND('',#7078,.T.);
#7078 = EDGE_LOOP('',(#7079,#7080,#7081,#7087));
#7079 = ORIENTED_EDGE('',*,*,#6146,.T.);
#7080 = ORIENTED_EDGE('',*,*,#5860,.T.);
#7081 = ORIENTED_EDGE('',*,*,#7082,.F.);
#7082 = EDGE_CURVE('',#6003,#5853,#7083,.T.);
#7083 = LINE('',#7084,#7085);
#7084 = CARTESIAN_POINT('',(6.162230377286,-0.35,-0.540767924286));
#7085 = VECTOR('',#7086,1.);
#7086 = DIRECTION('',(0.,1.,3.330669073875E-16));
#7087 = ORIENTED_EDGE('',*,*,#6010,.F.);
#7088 = CYLINDRICAL_SURFACE('',#7089,0.29);
#7089 = AXIS2_PLACEMENT_3D('',#7090,#7091,#7092);
#7090 = CARTESIAN_POINT('',(6.44,-0.35,-0.457437037472));
#7091 = DIRECTION('',(0.,1.,3.330669073875E-16));
#7092 = DIRECTION('',(-1.,0.,0.));
#7093 = ADVANCED_FACE('',(#7094),#7105,.T.);
#7094 = FACE_BOUND('',#7095,.T.);
#7095 = EDGE_LOOP('',(#7096,#7102,#7103,#7104));
#7096 = ORIENTED_EDGE('',*,*,#7097,.T.);
#7097 = EDGE_CURVE('',#5977,#5827,#7098,.T.);
#7098 = LINE('',#7099,#7100);
#7099 = CARTESIAN_POINT('',(6.162230377286,-0.35,-2.459232075714));
#7100 = VECTOR('',#7101,1.);
#7101 = DIRECTION('',(0.,1.,3.330669073875E-16));
#7102 = ORIENTED_EDGE('',*,*,#5826,.T.);
#7103 = ORIENTED_EDGE('',*,*,#7064,.F.);
#7104 = ORIENTED_EDGE('',*,*,#5976,.F.);
#7105 = CYLINDRICAL_SURFACE('',#7106,0.29);
#7106 = AXIS2_PLACEMENT_3D('',#7107,#7108,#7109);
#7107 = CARTESIAN_POINT('',(6.44,-0.35,-2.542562962528));
#7108 = DIRECTION('',(0.,1.,3.330669073875E-16));
#7109 = DIRECTION('',(-0.957826285221,-9.570607158983E-17,0.287347885566
    ));
#7110 = ADVANCED_FACE('',(#7111),#7122,.F.);
#7111 = FACE_BOUND('',#7112,.F.);
#7112 = EDGE_LOOP('',(#7113,#7114,#7120,#7121));
#7113 = ORIENTED_EDGE('',*,*,#6002,.F.);
#7114 = ORIENTED_EDGE('',*,*,#7115,.T.);
#7115 = EDGE_CURVE('',#5994,#5844,#7116,.T.);
#7116 = LINE('',#7117,#7118);
#7117 = CARTESIAN_POINT('',(6.425000733956,-0.35,-1.416669113186));
#7118 = VECTOR('',#7119,1.);
#7119 = DIRECTION('',(0.,1.,3.330669073875E-16));
#7120 = ORIENTED_EDGE('',*,*,#5852,.T.);
#7121 = ORIENTED_EDGE('',*,*,#7082,.F.);
#7122 = PLANE('',#7123);
#7123 = AXIS2_PLACEMENT_3D('',#7124,#7125,#7126);
#7124 = CARTESIAN_POINT('',(6.45,-0.35,-1.5));
#7125 = DIRECTION('',(0.957826285221,-9.570607158995E-17,0.287347885566)
  );
#7126 = DIRECTION('',(-0.287347885566,-5.31700397722E-16,0.957826285221)
  );
#7127 = ADVANCED_FACE('',(#7128),#7139,.F.);
#7128 = FACE_BOUND('',#7129,.F.);
#7129 = EDGE_LOOP('',(#7130,#7131,#7132,#7133));
#7130 = ORIENTED_EDGE('',*,*,#5985,.F.);
#7131 = ORIENTED_EDGE('',*,*,#7097,.T.);
#7132 = ORIENTED_EDGE('',*,*,#5835,.T.);
#7133 = ORIENTED_EDGE('',*,*,#7134,.F.);
#7134 = EDGE_CURVE('',#5986,#5836,#7135,.T.);
#7135 = LINE('',#7136,#7137);
#7136 = CARTESIAN_POINT('',(6.425000733956,-0.35,-1.583330886814));
#7137 = VECTOR('',#7138,1.);
#7138 = DIRECTION('',(0.,1.,3.330669073875E-16));
#7139 = PLANE('',#7140);
#7140 = AXIS2_PLACEMENT_3D('',#7141,#7142,#7143);
#7141 = CARTESIAN_POINT('',(6.15,-0.35,-2.5));
#7142 = DIRECTION('',(0.957826285221,9.570607158995E-17,-0.287347885566)
  );
#7143 = DIRECTION('',(0.287347885566,-5.31700397722E-16,0.957826285221)
  );
#7144 = ADVANCED_FACE('',(#7145),#7151,.F.);
#7145 = FACE_BOUND('',#7146,.F.);
#7146 = EDGE_LOOP('',(#7147,#7148,#7149,#7150));
#7147 = ORIENTED_EDGE('',*,*,#5993,.T.);
#7148 = ORIENTED_EDGE('',*,*,#7134,.T.);
#7149 = ORIENTED_EDGE('',*,*,#5843,.F.);
#7150 = ORIENTED_EDGE('',*,*,#7115,.F.);
#7151 = CYLINDRICAL_SURFACE('',#7152,0.29);
#7152 = AXIS2_PLACEMENT_3D('',#7153,#7154,#7155);
#7153 = CARTESIAN_POINT('',(6.147231111242,-0.35,-1.5));
#7154 = DIRECTION('',(0.,1.,3.330669073875E-16));
#7155 = DIRECTION('',(0.957826285221,-9.570607158983E-17,0.287347885566)
  );
#7156 = ( GEOMETRIC_REPRESENTATION_CONTEXT(3) 
GLOBAL_UNCERTAINTY_ASSIGNED_CONTEXT((#7160)) 
GLOBAL_UNIT_ASSIGNED_CONTEXT((#7157,#7158,#7159)) REPRESENTATION_CONTEXT
('Context #1','3D Context with UNIT and UNCERTAINTY') );
#7157 = ( LENGTH_UNIT() NAMED_UNIT(*) SI_UNIT(.MILLI.,.METRE.) );
#7158 = ( NAMED_UNIT(*) PLANE_ANGLE_UNIT() SI_UNIT($,.RADIAN.) );
#7159 = ( NAMED_UNIT(*) SI_UNIT($,.STERADIAN.) SOLID_ANGLE_UNIT() );
#7160 = UNCERTAINTY_MEASURE_WITH_UNIT(LENGTH_MEASURE(1.E-07),#7157,
  'distance_accuracy_value','confusion accuracy');
#7161 = CONTEXT_DEPENDENT_SHAPE_REPRESENTATION(#7162,#7164);
#7162 = ( REPRESENTATION_RELATIONSHIP('','',#3926,#10) 
REPRESENTATION_RELATIONSHIP_WITH_TRANSFORMATION(#7163) 
SHAPE_REPRESENTATION_RELATIONSHIP() );
#7163 = ITEM_DEFINED_TRANSFORMATION('','',#11,#27);
#7164 = PRODUCT_DEFINITION_SHAPE('Placement','Placement of an item',
  #7165);
#7165 = NEXT_ASSEMBLY_USAGE_OCCURRENCE('4','SW2','',#5,#3921,$);
#7166 = PRODUCT_RELATED_PRODUCT_CATEGORY('part',$,(#3923));
#7167 = CONTEXT_DEPENDENT_SHAPE_REPRESENTATION(#7168,#7170);
#7168 = ( REPRESENTATION_RELATIONSHIP('','',#3053,#10) 
REPRESENTATION_RELATIONSHIP_WITH_TRANSFORMATION(#7169) 
SHAPE_REPRESENTATION_RELATIONSHIP() );
#7169 = ITEM_DEFINED_TRANSFORMATION('','',#11,#31);
#7170 = PRODUCT_DEFINITION_SHAPE('Placement','Placement of an item',
  #7171);
#7171 = NEXT_ASSEMBLY_USAGE_OCCURRENCE('5','C2','',#5,#3048,$);
#7172 = SHAPE_DEFINITION_REPRESENTATION(#7173,#7179);
#7173 = PRODUCT_DEFINITION_SHAPE('','',#7174);
#7174 = PRODUCT_DEFINITION('design','',#7175,#7178);
#7175 = PRODUCT_DEFINITION_FORMATION('','',#7176);
#7176 = PRODUCT('PinHeader_1x03_P2.54mm_Vertical',
  'PinHeader_1x03_P2.54mm_Vertical','',(#7177));
#7177 = PRODUCT_CONTEXT('',#2,'mechanical');
#7178 = PRODUCT_DEFINITION_CONTEXT('part definition',#2,'design');
#7179 = ADVANCED_BREP_SHAPE_REPRESENTATION('',(#11,#7180),#9286);
#7180 = MANIFOLD_SOLID_BREP('',#7181);
#7181 = CLOSED_SHELL('',(#7182,#7222,#7253,#7284,#7531,#7778,#7795,#7812
    ,#7829,#7846,#7863,#7880,#7897,#7914,#7931,#7948,#7965,#7982,#7999,
    #8016,#8033,#8050,#8062,#8093,#8117,#8141,#8158,#8189,#8213,#8237,
    #8254,#8285,#8309,#8333,#8350,#8381,#8405,#8429,#8446,#8477,#8501,
    #8525,#8542,#8573,#8597,#8621,#8638,#8669,#8693,#8717,#8734,#8765,
    #8789,#8813,#8830,#8861,#8885,#8909,#8926,#8957,#8981,#9005,#9022,
    #9053,#9077,#9101,#9118,#9149,#9173,#9197,#9214,#9226,#9238,#9250,
    #9262,#9274));
#7182 = ADVANCED_FACE('',(#7183),#7217,.F.);
#7183 = FACE_BOUND('',#7184,.F.);
#7184 = EDGE_LOOP('',(#7185,#7195,#7203,#7211));
#7185 = ORIENTED_EDGE('',*,*,#7186,.T.);
#7186 = EDGE_CURVE('',#7187,#7189,#7191,.T.);
#7187 = VERTEX_POINT('',#7188);
#7188 = CARTESIAN_POINT('',(-1.016,1.27,0.));
#7189 = VERTEX_POINT('',#7190);
#7190 = CARTESIAN_POINT('',(-1.016,1.27,2.54));
#7191 = LINE('',#7192,#7193);
#7192 = CARTESIAN_POINT('',(-1.016,1.27,0.));
#7193 = VECTOR('',#7194,1.);
#7194 = DIRECTION('',(0.,0.,1.));
#7195 = ORIENTED_EDGE('',*,*,#7196,.T.);
#7196 = EDGE_CURVE('',#7189,#7197,#7199,.T.);
#7197 = VERTEX_POINT('',#7198);
#7198 = CARTESIAN_POINT('',(-1.27,1.016,2.54));
#7199 = LINE('',#7200,#7201);
#7200 = CARTESIAN_POINT('',(-1.016,1.27,2.54));
#7201 = VECTOR('',#7202,1.);
#7202 = DIRECTION('',(-0.707106781187,-0.707106781187,0.));
#7203 = ORIENTED_EDGE('',*,*,#7204,.F.);
#7204 = EDGE_CURVE('',#7205,#7197,#7207,.T.);
#7205 = VERTEX_POINT('',#7206);
#7206 = CARTESIAN_POINT('',(-1.27,1.016,0.));
#7207 = LINE('',#7208,#7209);
#7208 = CARTESIAN_POINT('',(-1.27,1.016,0.));
#7209 = VECTOR('',#7210,1.);
#7210 = DIRECTION('',(0.,0.,1.));
#7211 = ORIENTED_EDGE('',*,*,#7212,.F.);
#7212 = EDGE_CURVE('',#7187,#7205,#7213,.T.);
#7213 = LINE('',#7214,#7215);
#7214 = CARTESIAN_POINT('',(-1.016,1.27,0.));
#7215 = VECTOR('',#7216,1.);
#7216 = DIRECTION('',(-0.707106781187,-0.707106781187,0.));
#7217 = PLANE('',#7218);
#7218 = AXIS2_PLACEMENT_3D('',#7219,#7220,#7221);
#7219 = CARTESIAN_POINT('',(-1.016,1.27,0.));
#7220 = DIRECTION('',(0.707106781187,-0.707106781187,0.));
#7221 = DIRECTION('',(-0.707106781187,-0.707106781187,0.));
#7222 = ADVANCED_FACE('',(#7223),#7248,.F.);
#7223 = FACE_BOUND('',#7224,.F.);
#7224 = EDGE_LOOP('',(#7225,#7235,#7241,#7242));
#7225 = ORIENTED_EDGE('',*,*,#7226,.T.);
#7226 = EDGE_CURVE('',#7227,#7229,#7231,.T.);
#7227 = VERTEX_POINT('',#7228);
#7228 = CARTESIAN_POINT('',(1.016,1.27,0.));
#7229 = VERTEX_POINT('',#7230);
#7230 = CARTESIAN_POINT('',(1.016,1.27,2.54));
#7231 = LINE('',#7232,#7233);
#7232 = CARTESIAN_POINT('',(1.016,1.27,0.));
#7233 = VECTOR('',#7234,1.);
#7234 = DIRECTION('',(0.,0.,1.));
#7235 = ORIENTED_EDGE('',*,*,#7236,.T.);
#7236 = EDGE_CURVE('',#7229,#7189,#7237,.T.);
#7237 = LINE('',#7238,#7239);
#7238 = CARTESIAN_POINT('',(1.016,1.27,2.54));
#7239 = VECTOR('',#7240,1.);
#7240 = DIRECTION('',(-1.,0.,0.));
#7241 = ORIENTED_EDGE('',*,*,#7186,.F.);
#7242 = ORIENTED_EDGE('',*,*,#7243,.F.);
#7243 = EDGE_CURVE('',#7227,#7187,#7244,.T.);
#7244 = LINE('',#7245,#7246);
#7245 = CARTESIAN_POINT('',(1.016,1.27,0.));
#7246 = VECTOR('',#7247,1.);
#7247 = DIRECTION('',(-1.,0.,0.));
#7248 = PLANE('',#7249);
#7249 = AXIS2_PLACEMENT_3D('',#7250,#7251,#7252);
#7250 = CARTESIAN_POINT('',(1.016,1.27,0.));
#7251 = DIRECTION('',(0.,-1.,0.));
#7252 = DIRECTION('',(-1.,0.,0.));
#7253 = ADVANCED_FACE('',(#7254),#7279,.F.);
#7254 = FACE_BOUND('',#7255,.F.);
#7255 = EDGE_LOOP('',(#7256,#7257,#7265,#7273));
#7256 = ORIENTED_EDGE('',*,*,#7204,.T.);
#7257 = ORIENTED_EDGE('',*,*,#7258,.T.);
#7258 = EDGE_CURVE('',#7197,#7259,#7261,.T.);
#7259 = VERTEX_POINT('',#7260);
#7260 = CARTESIAN_POINT('',(-1.27,-1.016,2.54));
#7261 = LINE('',#7262,#7263);
#7262 = CARTESIAN_POINT('',(-1.27,1.016,2.54));
#7263 = VECTOR('',#7264,1.);
#7264 = DIRECTION('',(0.,-1.,0.));
#7265 = ORIENTED_EDGE('',*,*,#7266,.F.);
#7266 = EDGE_CURVE('',#7267,#7259,#7269,.T.);
#7267 = VERTEX_POINT('',#7268);
#7268 = CARTESIAN_POINT('',(-1.27,-1.016,0.));
#7269 = LINE('',#7270,#7271);
#7270 = CARTESIAN_POINT('',(-1.27,-1.016,0.));
#7271 = VECTOR('',#7272,1.);
#7272 = DIRECTION('',(0.,0.,1.));
#7273 = ORIENTED_EDGE('',*,*,#7274,.F.);
#7274 = EDGE_CURVE('',#7205,#7267,#7275,.T.);
#7275 = LINE('',#7276,#7277);
#7276 = CARTESIAN_POINT('',(-1.27,1.016,0.));
#7277 = VECTOR('',#7278,1.);
#7278 = DIRECTION('',(0.,-1.,0.));
#7279 = PLANE('',#7280);
#7280 = AXIS2_PLACEMENT_3D('',#7281,#7282,#7283);
#7281 = CARTESIAN_POINT('',(-1.27,1.016,0.));
#7282 = DIRECTION('',(1.,0.,0.));
#7283 = DIRECTION('',(0.,-1.,0.));
#7284 = ADVANCED_FACE('',(#7285,#7424,#7458,#7492),#7526,.F.);
#7285 = FACE_BOUND('',#7286,.F.);
#7286 = EDGE_LOOP('',(#7287,#7288,#7289,#7297,#7305,#7313,#7321,#7329,
    #7337,#7345,#7353,#7361,#7369,#7377,#7385,#7393,#7401,#7409,#7417,
    #7423));
#7287 = ORIENTED_EDGE('',*,*,#7212,.T.);
#7288 = ORIENTED_EDGE('',*,*,#7274,.T.);
#7289 = ORIENTED_EDGE('',*,*,#7290,.T.);
#7290 = EDGE_CURVE('',#7267,#7291,#7293,.T.);
#7291 = VERTEX_POINT('',#7292);
#7292 = CARTESIAN_POINT('',(-1.016,-1.27,0.));
#7293 = LINE('',#7294,#7295);
#7294 = CARTESIAN_POINT('',(-1.27,-1.016,0.));
#7295 = VECTOR('',#7296,1.);
#7296 = DIRECTION('',(0.707106781187,-0.707106781187,0.));
#7297 = ORIENTED_EDGE('',*,*,#7298,.T.);
#7298 = EDGE_CURVE('',#7291,#7299,#7301,.T.);
#7299 = VERTEX_POINT('',#7300);
#7300 = CARTESIAN_POINT('',(-1.27,-1.524,0.));
#7301 = LINE('',#7302,#7303);
#7302 = CARTESIAN_POINT('',(-1.016,-1.27,0.));
#7303 = VECTOR('',#7304,1.);
#7304 = DIRECTION('',(-0.707106781187,-0.707106781187,0.));
#7305 = ORIENTED_EDGE('',*,*,#7306,.T.);
#7306 = EDGE_CURVE('',#7299,#7307,#7309,.T.);
#7307 = VERTEX_POINT('',#7308);
#7308 = CARTESIAN_POINT('',(-1.27,-3.556,0.));
#7309 = LINE('',#7310,#7311);
#7310 = CARTESIAN_POINT('',(-1.27,-1.524,0.));
#7311 = VECTOR('',#7312,1.);
#7312 = DIRECTION('',(0.,-1.,0.));
#7313 = ORIENTED_EDGE('',*,*,#7314,.T.);
#7314 = EDGE_CURVE('',#7307,#7315,#7317,.T.);
#7315 = VERTEX_POINT('',#7316);
#7316 = CARTESIAN_POINT('',(-1.016,-3.81,0.));
#7317 = LINE('',#7318,#7319);
#7318 = CARTESIAN_POINT('',(-1.27,-3.556,0.));
#7319 = VECTOR('',#7320,1.);
#7320 = DIRECTION('',(0.707106781187,-0.707106781187,0.));
#7321 = ORIENTED_EDGE('',*,*,#7322,.T.);
#7322 = EDGE_CURVE('',#7315,#7323,#7325,.T.);
#7323 = VERTEX_POINT('',#7324);
#7324 = CARTESIAN_POINT('',(-1.27,-4.064,0.));
#7325 = LINE('',#7326,#7327);
#7326 = CARTESIAN_POINT('',(-1.016,-3.81,0.));
#7327 = VECTOR('',#7328,1.);
#7328 = DIRECTION('',(-0.707106781187,-0.707106781187,0.));
#7329 = ORIENTED_EDGE('',*,*,#7330,.T.);
#7330 = EDGE_CURVE('',#7323,#7331,#7333,.T.);
#7331 = VERTEX_POINT('',#7332);
#7332 = CARTESIAN_POINT('',(-1.27,-6.096,0.));
#7333 = LINE('',#7334,#7335);
#7334 = CARTESIAN_POINT('',(-1.27,-4.064,0.));
#7335 = VECTOR('',#7336,1.);
#7336 = DIRECTION('',(0.,-1.,0.));
#7337 = ORIENTED_EDGE('',*,*,#7338,.T.);
#7338 = EDGE_CURVE('',#7331,#7339,#7341,.T.);
#7339 = VERTEX_POINT('',#7340);
#7340 = CARTESIAN_POINT('',(-1.016,-6.35,0.));
#7341 = LINE('',#7342,#7343);
#7342 = CARTESIAN_POINT('',(-1.27,-6.096,0.));
#7343 = VECTOR('',#7344,1.);
#7344 = DIRECTION('',(0.707106781187,-0.707106781187,0.));
#7345 = ORIENTED_EDGE('',*,*,#7346,.T.);
#7346 = EDGE_CURVE('',#7339,#7347,#7349,.T.);
#7347 = VERTEX_POINT('',#7348);
#7348 = CARTESIAN_POINT('',(1.016,-6.35,0.));
#7349 = LINE('',#7350,#7351);
#7350 = CARTESIAN_POINT('',(-1.016,-6.35,0.));
#7351 = VECTOR('',#7352,1.);
#7352 = DIRECTION('',(1.,0.,0.));
#7353 = ORIENTED_EDGE('',*,*,#7354,.T.);
#7354 = EDGE_CURVE('',#7347,#7355,#7357,.T.);
#7355 = VERTEX_POINT('',#7356);
#7356 = CARTESIAN_POINT('',(1.27,-6.096,0.));
#7357 = LINE('',#7358,#7359);
#7358 = CARTESIAN_POINT('',(1.016,-6.35,0.));
#7359 = VECTOR('',#7360,1.);
#7360 = DIRECTION('',(0.707106781187,0.707106781187,0.));
#7361 = ORIENTED_EDGE('',*,*,#7362,.T.);
#7362 = EDGE_CURVE('',#7355,#7363,#7365,.T.);
#7363 = VERTEX_POINT('',#7364);
#7364 = CARTESIAN_POINT('',(1.27,-4.064,0.));
#7365 = LINE('',#7366,#7367);
#7366 = CARTESIAN_POINT('',(1.27,-6.096,0.));
#7367 = VECTOR('',#7368,1.);
#7368 = DIRECTION('',(0.,1.,0.));
#7369 = ORIENTED_EDGE('',*,*,#7370,.T.);
#7370 = EDGE_CURVE('',#7363,#7371,#7373,.T.);
#7371 = VERTEX_POINT('',#7372);
#7372 = CARTESIAN_POINT('',(1.016,-3.81,0.));
#7373 = LINE('',#7374,#7375);
#7374 = CARTESIAN_POINT('',(1.27,-4.064,0.));
#7375 = VECTOR('',#7376,1.);
#7376 = DIRECTION('',(-0.707106781187,0.707106781187,0.));
#7377 = ORIENTED_EDGE('',*,*,#7378,.T.);
#7378 = EDGE_CURVE('',#7371,#7379,#7381,.T.);
#7379 = VERTEX_POINT('',#7380);
#7380 = CARTESIAN_POINT('',(1.27,-3.556,0.));
#7381 = LINE('',#7382,#7383);
#7382 = CARTESIAN_POINT('',(1.016,-3.81,0.));
#7383 = VECTOR('',#7384,1.);
#7384 = DIRECTION('',(0.707106781187,0.707106781187,0.));
#7385 = ORIENTED_EDGE('',*,*,#7386,.T.);
#7386 = EDGE_CURVE('',#7379,#7387,#7389,.T.);
#7387 = VERTEX_POINT('',#7388);
#7388 = CARTESIAN_POINT('',(1.27,-1.524,0.));
#7389 = LINE('',#7390,#7391);
#7390 = CARTESIAN_POINT('',(1.27,-3.556,0.));
#7391 = VECTOR('',#7392,1.);
#7392 = DIRECTION('',(0.,1.,0.));
#7393 = ORIENTED_EDGE('',*,*,#7394,.T.);
#7394 = EDGE_CURVE('',#7387,#7395,#7397,.T.);
#7395 = VERTEX_POINT('',#7396);
#7396 = CARTESIAN_POINT('',(1.016,-1.27,0.));
#7397 = LINE('',#7398,#7399);
#7398 = CARTESIAN_POINT('',(1.27,-1.524,0.));
#7399 = VECTOR('',#7400,1.);
#7400 = DIRECTION('',(-0.707106781187,0.707106781187,0.));
#7401 = ORIENTED_EDGE('',*,*,#7402,.T.);
#7402 = EDGE_CURVE('',#7395,#7403,#7405,.T.);
#7403 = VERTEX_POINT('',#7404);
#7404 = CARTESIAN_POINT('',(1.27,-1.016,0.));
#7405 = LINE('',#7406,#7407);
#7406 = CARTESIAN_POINT('',(1.016,-1.27,0.));
#7407 = VECTOR('',#7408,1.);
#7408 = DIRECTION('',(0.707106781187,0.707106781187,0.));
#7409 = ORIENTED_EDGE('',*,*,#7410,.T.);
#7410 = EDGE_CURVE('',#7403,#7411,#7413,.T.);
#7411 = VERTEX_POINT('',#7412);
#7412 = CARTESIAN_POINT('',(1.27,1.016,0.));
#7413 = LINE('',#7414,#7415);
#7414 = CARTESIAN_POINT('',(1.27,-1.016,0.));
#7415 = VECTOR('',#7416,1.);
#7416 = DIRECTION('',(0.,1.,0.));
#7417 = ORIENTED_EDGE('',*,*,#7418,.T.);
#7418 = EDGE_CURVE('',#7411,#7227,#7419,.T.);
#7419 = LINE('',#7420,#7421);
#7420 = CARTESIAN_POINT('',(1.27,1.016,0.));
#7421 = VECTOR('',#7422,1.);
#7422 = DIRECTION('',(-0.707106781187,0.707106781187,0.));
#7423 = ORIENTED_EDGE('',*,*,#7243,.T.);
#7424 = FACE_BOUND('',#7425,.F.);
#7425 = EDGE_LOOP('',(#7426,#7436,#7444,#7452));
#7426 = ORIENTED_EDGE('',*,*,#7427,.F.);
#7427 = EDGE_CURVE('',#7428,#7430,#7432,.T.);
#7428 = VERTEX_POINT('',#7429);
#7429 = CARTESIAN_POINT('',(0.32,-0.32,0.));
#7430 = VERTEX_POINT('',#7431);
#7431 = CARTESIAN_POINT('',(0.32,0.32,0.));
#7432 = LINE('',#7433,#7434);
#7433 = CARTESIAN_POINT('',(0.32,-1.43,0.));
#7434 = VECTOR('',#7435,1.);
#7435 = DIRECTION('',(0.,1.,0.));
#7436 = ORIENTED_EDGE('',*,*,#7437,.T.);
#7437 = EDGE_CURVE('',#7428,#7438,#7440,.T.);
#7438 = VERTEX_POINT('',#7439);
#7439 = CARTESIAN_POINT('',(-0.32,-0.32,0.));
#7440 = LINE('',#7441,#7442);
#7441 = CARTESIAN_POINT('',(-0.16,-0.32,0.));
#7442 = VECTOR('',#7443,1.);
#7443 = DIRECTION('',(-1.,0.,0.));
#7444 = ORIENTED_EDGE('',*,*,#7445,.T.);
#7445 = EDGE_CURVE('',#7438,#7446,#7448,.T.);
#7446 = VERTEX_POINT('',#7447);
#7447 = CARTESIAN_POINT('',(-0.32,0.32,0.));
#7448 = LINE('',#7449,#7450);
#7449 = CARTESIAN_POINT('',(-0.32,-1.43,0.));
#7450 = VECTOR('',#7451,1.);
#7451 = DIRECTION('',(0.,1.,0.));
#7452 = ORIENTED_EDGE('',*,*,#7453,.F.);
#7453 = EDGE_CURVE('',#7430,#7446,#7454,.T.);
#7454 = LINE('',#7455,#7456);
#7455 = CARTESIAN_POINT('',(-0.16,0.32,0.));
#7456 = VECTOR('',#7457,1.);
#7457 = DIRECTION('',(-1.,0.,0.));
#7458 = FACE_BOUND('',#7459,.F.);
#7459 = EDGE_LOOP('',(#7460,#7470,#7478,#7486));
#7460 = ORIENTED_EDGE('',*,*,#7461,.T.);
#7461 = EDGE_CURVE('',#7462,#7464,#7466,.T.);
#7462 = VERTEX_POINT('',#7463);
#7463 = CARTESIAN_POINT('',(0.32,-2.86,0.));
#7464 = VERTEX_POINT('',#7465);
#7465 = CARTESIAN_POINT('',(-0.32,-2.86,0.));
#7466 = LINE('',#7467,#7468);
#7467 = CARTESIAN_POINT('',(-0.16,-2.86,0.));
#7468 = VECTOR('',#7469,1.);
#7469 = DIRECTION('',(-1.,0.,0.));
#7470 = ORIENTED_EDGE('',*,*,#7471,.T.);
#7471 = EDGE_CURVE('',#7464,#7472,#7474,.T.);
#7472 = VERTEX_POINT('',#7473);
#7473 = CARTESIAN_POINT('',(-0.32,-2.22,0.));
#7474 = LINE('',#7475,#7476);
#7475 = CARTESIAN_POINT('',(-0.32,-2.7,0.));
#7476 = VECTOR('',#7477,1.);
#7477 = DIRECTION('',(0.,1.,0.));
#7478 = ORIENTED_EDGE('',*,*,#7479,.F.);
#7479 = EDGE_CURVE('',#7480,#7472,#7482,.T.);
#7480 = VERTEX_POINT('',#7481);
#7481 = CARTESIAN_POINT('',(0.32,-2.22,0.));
#7482 = LINE('',#7483,#7484);
#7483 = CARTESIAN_POINT('',(-0.16,-2.22,0.));
#7484 = VECTOR('',#7485,1.);
#7485 = DIRECTION('',(-1.,0.,0.));
#7486 = ORIENTED_EDGE('',*,*,#7487,.F.);
#7487 = EDGE_CURVE('',#7462,#7480,#7488,.T.);
#7488 = LINE('',#7489,#7490);
#7489 = CARTESIAN_POINT('',(0.32,-2.7,0.));
#7490 = VECTOR('',#7491,1.);
#7491 = DIRECTION('',(0.,1.,0.));
#7492 = FACE_BOUND('',#7493,.F.);
#7493 = EDGE_LOOP('',(#7494,#7504,#7512,#7520));
#7494 = ORIENTED_EDGE('',*,*,#7495,.F.);
#7495 = EDGE_CURVE('',#7496,#7498,#7500,.T.);
#7496 = VERTEX_POINT('',#7497);
#7497 = CARTESIAN_POINT('',(0.32,-4.76,0.));
#7498 = VERTEX_POINT('',#7499);
#7499 = CARTESIAN_POINT('',(-0.32,-4.76,0.));
#7500 = LINE('',#7501,#7502);
#7501 = CARTESIAN_POINT('',(-0.16,-4.76,0.));
#7502 = VECTOR('',#7503,1.);
#7503 = DIRECTION('',(-1.,0.,0.));
#7504 = ORIENTED_EDGE('',*,*,#7505,.F.);
#7505 = EDGE_CURVE('',#7506,#7496,#7508,.T.);
#7506 = VERTEX_POINT('',#7507);
#7507 = CARTESIAN_POINT('',(0.32,-5.4,0.));
#7508 = LINE('',#7509,#7510);
#7509 = CARTESIAN_POINT('',(0.32,-3.97,0.));
#7510 = VECTOR('',#7511,1.);
#7511 = DIRECTION('',(0.,1.,0.));
#7512 = ORIENTED_EDGE('',*,*,#7513,.T.);
#7513 = EDGE_CURVE('',#7506,#7514,#7516,.T.);
#7514 = VERTEX_POINT('',#7515);
#7515 = CARTESIAN_POINT('',(-0.32,-5.4,0.));
#7516 = LINE('',#7517,#7518);
#7517 = CARTESIAN_POINT('',(-0.16,-5.4,0.));
#7518 = VECTOR('',#7519,1.);
#7519 = DIRECTION('',(-1.,0.,0.));
#7520 = ORIENTED_EDGE('',*,*,#7521,.T.);
#7521 = EDGE_CURVE('',#7514,#7498,#7522,.T.);
#7522 = LINE('',#7523,#7524);
#7523 = CARTESIAN_POINT('',(-0.32,-3.97,0.));
#7524 = VECTOR('',#7525,1.);
#7525 = DIRECTION('',(0.,1.,0.));
#7526 = PLANE('',#7527);
#7527 = AXIS2_PLACEMENT_3D('',#7528,#7529,#7530);
#7528 = CARTESIAN_POINT('',(5.398204781459E-17,-2.54,0.));
#7529 = DIRECTION('',(0.,0.,1.));
#7530 = DIRECTION('',(1.,0.,-0.));
#7531 = ADVANCED_FACE('',(#7532,#7671,#7705,#7739),#7773,.T.);
#7532 = FACE_BOUND('',#7533,.T.);
#7533 = EDGE_LOOP('',(#7534,#7535,#7536,#7544,#7552,#7560,#7568,#7576,
    #7584,#7592,#7600,#7608,#7616,#7624,#7632,#7640,#7648,#7656,#7664,
    #7670));
#7534 = ORIENTED_EDGE('',*,*,#7196,.T.);
#7535 = ORIENTED_EDGE('',*,*,#7258,.T.);
#7536 = ORIENTED_EDGE('',*,*,#7537,.T.);
#7537 = EDGE_CURVE('',#7259,#7538,#7540,.T.);
#7538 = VERTEX_POINT('',#7539);
#7539 = CARTESIAN_POINT('',(-1.016,-1.27,2.54));
#7540 = LINE('',#7541,#7542);
#7541 = CARTESIAN_POINT('',(-1.27,-1.016,2.54));
#7542 = VECTOR('',#7543,1.);
#7543 = DIRECTION('',(0.707106781187,-0.707106781187,0.));
#7544 = ORIENTED_EDGE('',*,*,#7545,.T.);
#7545 = EDGE_CURVE('',#7538,#7546,#7548,.T.);
#7546 = VERTEX_POINT('',#7547);
#7547 = CARTESIAN_POINT('',(-1.27,-1.524,2.54));
#7548 = LINE('',#7549,#7550);
#7549 = CARTESIAN_POINT('',(-1.016,-1.27,2.54));
#7550 = VECTOR('',#7551,1.);
#7551 = DIRECTION('',(-0.707106781187,-0.707106781187,0.));
#7552 = ORIENTED_EDGE('',*,*,#7553,.T.);
#7553 = EDGE_CURVE('',#7546,#7554,#7556,.T.);
#7554 = VERTEX_POINT('',#7555);
#7555 = CARTESIAN_POINT('',(-1.27,-3.556,2.54));
#7556 = LINE('',#7557,#7558);
#7557 = CARTESIAN_POINT('',(-1.27,-1.524,2.54));
#7558 = VECTOR('',#7559,1.);
#7559 = DIRECTION('',(0.,-1.,0.));
#7560 = ORIENTED_EDGE('',*,*,#7561,.T.);
#7561 = EDGE_CURVE('',#7554,#7562,#7564,.T.);
#7562 = VERTEX_POINT('',#7563);
#7563 = CARTESIAN_POINT('',(-1.016,-3.81,2.54));
#7564 = LINE('',#7565,#7566);
#7565 = CARTESIAN_POINT('',(-1.27,-3.556,2.54));
#7566 = VECTOR('',#7567,1.);
#7567 = DIRECTION('',(0.707106781187,-0.707106781187,0.));
#7568 = ORIENTED_EDGE('',*,*,#7569,.T.);
#7569 = EDGE_CURVE('',#7562,#7570,#7572,.T.);
#7570 = VERTEX_POINT('',#7571);
#7571 = CARTESIAN_POINT('',(-1.27,-4.064,2.54));
#7572 = LINE('',#7573,#7574);
#7573 = CARTESIAN_POINT('',(-1.016,-3.81,2.54));
#7574 = VECTOR('',#7575,1.);
#7575 = DIRECTION('',(-0.707106781187,-0.707106781187,0.));
#7576 = ORIENTED_EDGE('',*,*,#7577,.T.);
#7577 = EDGE_CURVE('',#7570,#7578,#7580,.T.);
#7578 = VERTEX_POINT('',#7579);
#7579 = CARTESIAN_POINT('',(-1.27,-6.096,2.54));
#7580 = LINE('',#7581,#7582);
#7581 = CARTESIAN_POINT('',(-1.27,-4.064,2.54));
#7582 = VECTOR('',#7583,1.);
#7583 = DIRECTION('',(0.,-1.,0.));
#7584 = ORIENTED_EDGE('',*,*,#7585,.T.);
#7585 = EDGE_CURVE('',#7578,#7586,#7588,.T.);
#7586 = VERTEX_POINT('',#7587);
#7587 = CARTESIAN_POINT('',(-1.016,-6.35,2.54));
#7588 = LINE('',#7589,#7590);
#7589 = CARTESIAN_POINT('',(-1.27,-6.096,2.54));
#7590 = VECTOR('',#7591,1.);
#7591 = DIRECTION('',(0.707106781187,-0.707106781187,0.));
#7592 = ORIENTED_EDGE('',*,*,#7593,.T.);
#7593 = EDGE_CURVE('',#7586,#7594,#7596,.T.);
#7594 = VERTEX_POINT('',#7595);
#7595 = CARTESIAN_POINT('',(1.016,-6.35,2.54));
#7596 = LINE('',#7597,#7598);
#7597 = CARTESIAN_POINT('',(-1.016,-6.35,2.54));
#7598 = VECTOR('',#7599,1.);
#7599 = DIRECTION('',(1.,0.,0.));
#7600 = ORIENTED_EDGE('',*,*,#7601,.T.);
#7601 = EDGE_CURVE('',#7594,#7602,#7604,.T.);
#7602 = VERTEX_POINT('',#7603);
#7603 = CARTESIAN_POINT('',(1.27,-6.096,2.54));
#7604 = LINE('',#7605,#7606);
#7605 = CARTESIAN_POINT('',(1.016,-6.35,2.54));
#7606 = VECTOR('',#7607,1.);
#7607 = DIRECTION('',(0.707106781187,0.707106781187,0.));
#7608 = ORIENTED_EDGE('',*,*,#7609,.T.);
#7609 = EDGE_CURVE('',#7602,#7610,#7612,.T.);
#7610 = VERTEX_POINT('',#7611);
#7611 = CARTESIAN_POINT('',(1.27,-4.064,2.54));
#7612 = LINE('',#7613,#7614);
#7613 = CARTESIAN_POINT('',(1.27,-6.096,2.54));
#7614 = VECTOR('',#7615,1.);
#7615 = DIRECTION('',(0.,1.,0.));
#7616 = ORIENTED_EDGE('',*,*,#7617,.T.);
#7617 = EDGE_CURVE('',#7610,#7618,#7620,.T.);
#7618 = VERTEX_POINT('',#7619);
#7619 = CARTESIAN_POINT('',(1.016,-3.81,2.54));
#7620 = LINE('',#7621,#7622);
#7621 = CARTESIAN_POINT('',(1.27,-4.064,2.54));
#7622 = VECTOR('',#7623,1.);
#7623 = DIRECTION('',(-0.707106781187,0.707106781187,0.));
#7624 = ORIENTED_EDGE('',*,*,#7625,.T.);
#7625 = EDGE_CURVE('',#7618,#7626,#7628,.T.);
#7626 = VERTEX_POINT('',#7627);
#7627 = CARTESIAN_POINT('',(1.27,-3.556,2.54));
#7628 = LINE('',#7629,#7630);
#7629 = CARTESIAN_POINT('',(1.016,-3.81,2.54));
#7630 = VECTOR('',#7631,1.);
#7631 = DIRECTION('',(0.707106781187,0.707106781187,0.));
#7632 = ORIENTED_EDGE('',*,*,#7633,.T.);
#7633 = EDGE_CURVE('',#7626,#7634,#7636,.T.);
#7634 = VERTEX_POINT('',#7635);
#7635 = CARTESIAN_POINT('',(1.27,-1.524,2.54));
#7636 = LINE('',#7637,#7638);
#7637 = CARTESIAN_POINT('',(1.27,-3.556,2.54));
#7638 = VECTOR('',#7639,1.);
#7639 = DIRECTION('',(0.,1.,0.));
#7640 = ORIENTED_EDGE('',*,*,#7641,.T.);
#7641 = EDGE_CURVE('',#7634,#7642,#7644,.T.);
#7642 = VERTEX_POINT('',#7643);
#7643 = CARTESIAN_POINT('',(1.016,-1.27,2.54));
#7644 = LINE('',#7645,#7646);
#7645 = CARTESIAN_POINT('',(1.27,-1.524,2.54));
#7646 = VECTOR('',#7647,1.);
#7647 = DIRECTION('',(-0.707106781187,0.707106781187,0.));
#7648 = ORIENTED_EDGE('',*,*,#7649,.T.);
#7649 = EDGE_CURVE('',#7642,#7650,#7652,.T.);
#7650 = VERTEX_POINT('',#7651);
#7651 = CARTESIAN_POINT('',(1.27,-1.016,2.54));
#7652 = LINE('',#7653,#7654);
#7653 = CARTESIAN_POINT('',(1.016,-1.27,2.54));
#7654 = VECTOR('',#7655,1.);
#7655 = DIRECTION('',(0.707106781187,0.707106781187,0.));
#7656 = ORIENTED_EDGE('',*,*,#7657,.T.);
#7657 = EDGE_CURVE('',#7650,#7658,#7660,.T.);
#7658 = VERTEX_POINT('',#7659);
#7659 = CARTESIAN_POINT('',(1.27,1.016,2.54));
#7660 = LINE('',#7661,#7662);
#7661 = CARTESIAN_POINT('',(1.27,-1.016,2.54));
#7662 = VECTOR('',#7663,1.);
#7663 = DIRECTION('',(0.,1.,0.));
#7664 = ORIENTED_EDGE('',*,*,#7665,.T.);
#7665 = EDGE_CURVE('',#7658,#7229,#7666,.T.);
#7666 = LINE('',#7667,#7668);
#7667 = CARTESIAN_POINT('',(1.27,1.016,2.54));
#7668 = VECTOR('',#7669,1.);
#7669 = DIRECTION('',(-0.707106781187,0.707106781187,0.));
#7670 = ORIENTED_EDGE('',*,*,#7236,.T.);
#7671 = FACE_BOUND('',#7672,.T.);
#7672 = EDGE_LOOP('',(#7673,#7683,#7691,#7699));
#7673 = ORIENTED_EDGE('',*,*,#7674,.F.);
#7674 = EDGE_CURVE('',#7675,#7677,#7679,.T.);
#7675 = VERTEX_POINT('',#7676);
#7676 = CARTESIAN_POINT('',(0.32,-0.32,2.54));
#7677 = VERTEX_POINT('',#7678);
#7678 = CARTESIAN_POINT('',(0.32,0.32,2.54));
#7679 = LINE('',#7680,#7681);
#7680 = CARTESIAN_POINT('',(0.32,-1.43,2.54));
#7681 = VECTOR('',#7682,1.);
#7682 = DIRECTION('',(0.,1.,0.));
#7683 = ORIENTED_EDGE('',*,*,#7684,.T.);
#7684 = EDGE_CURVE('',#7675,#7685,#7687,.T.);
#7685 = VERTEX_POINT('',#7686);
#7686 = CARTESIAN_POINT('',(-0.32,-0.32,2.54));
#7687 = LINE('',#7688,#7689);
#7688 = CARTESIAN_POINT('',(-0.16,-0.32,2.54));
#7689 = VECTOR('',#7690,1.);
#7690 = DIRECTION('',(-1.,0.,0.));
#7691 = ORIENTED_EDGE('',*,*,#7692,.T.);
#7692 = EDGE_CURVE('',#7685,#7693,#7695,.T.);
#7693 = VERTEX_POINT('',#7694);
#7694 = CARTESIAN_POINT('',(-0.32,0.32,2.54));
#7695 = LINE('',#7696,#7697);
#7696 = CARTESIAN_POINT('',(-0.32,-1.43,2.54));
#7697 = VECTOR('',#7698,1.);
#7698 = DIRECTION('',(0.,1.,0.));
#7699 = ORIENTED_EDGE('',*,*,#7700,.F.);
#7700 = EDGE_CURVE('',#7677,#7693,#7701,.T.);
#7701 = LINE('',#7702,#7703);
#7702 = CARTESIAN_POINT('',(-0.16,0.32,2.54));
#7703 = VECTOR('',#7704,1.);
#7704 = DIRECTION('',(-1.,0.,0.));
#7705 = FACE_BOUND('',#7706,.T.);
#7706 = EDGE_LOOP('',(#7707,#7717,#7725,#7733));
#7707 = ORIENTED_EDGE('',*,*,#7708,.T.);
#7708 = EDGE_CURVE('',#7709,#7711,#7713,.T.);
#7709 = VERTEX_POINT('',#7710);
#7710 = CARTESIAN_POINT('',(0.32,-2.86,2.54));
#7711 = VERTEX_POINT('',#7712);
#7712 = CARTESIAN_POINT('',(-0.32,-2.86,2.54));
#7713 = LINE('',#7714,#7715);
#7714 = CARTESIAN_POINT('',(-0.16,-2.86,2.54));
#7715 = VECTOR('',#7716,1.);
#7716 = DIRECTION('',(-1.,0.,0.));
#7717 = ORIENTED_EDGE('',*,*,#7718,.T.);
#7718 = EDGE_CURVE('',#7711,#7719,#7721,.T.);
#7719 = VERTEX_POINT('',#7720);
#7720 = CARTESIAN_POINT('',(-0.32,-2.22,2.54));
#7721 = LINE('',#7722,#7723);
#7722 = CARTESIAN_POINT('',(-0.32,-2.7,2.54));
#7723 = VECTOR('',#7724,1.);
#7724 = DIRECTION('',(0.,1.,0.));
#7725 = ORIENTED_EDGE('',*,*,#7726,.F.);
#7726 = EDGE_CURVE('',#7727,#7719,#7729,.T.);
#7727 = VERTEX_POINT('',#7728);
#7728 = CARTESIAN_POINT('',(0.32,-2.22,2.54));
#7729 = LINE('',#7730,#7731);
#7730 = CARTESIAN_POINT('',(-0.16,-2.22,2.54));
#7731 = VECTOR('',#7732,1.);
#7732 = DIRECTION('',(-1.,0.,0.));
#7733 = ORIENTED_EDGE('',*,*,#7734,.F.);
#7734 = EDGE_CURVE('',#7709,#7727,#7735,.T.);
#7735 = LINE('',#7736,#7737);
#7736 = CARTESIAN_POINT('',(0.32,-2.7,2.54));
#7737 = VECTOR('',#7738,1.);
#7738 = DIRECTION('',(0.,1.,0.));
#7739 = FACE_BOUND('',#7740,.T.);
#7740 = EDGE_LOOP('',(#7741,#7751,#7759,#7767));
#7741 = ORIENTED_EDGE('',*,*,#7742,.F.);
#7742 = EDGE_CURVE('',#7743,#7745,#7747,.T.);
#7743 = VERTEX_POINT('',#7744);
#7744 = CARTESIAN_POINT('',(0.32,-4.76,2.54));
#7745 = VERTEX_POINT('',#7746);
#7746 = CARTESIAN_POINT('',(-0.32,-4.76,2.54));
#7747 = LINE('',#7748,#7749);
#7748 = CARTESIAN_POINT('',(-0.16,-4.76,2.54));
#7749 = VECTOR('',#7750,1.);
#7750 = DIRECTION('',(-1.,0.,0.));
#7751 = ORIENTED_EDGE('',*,*,#7752,.F.);
#7752 = EDGE_CURVE('',#7753,#7743,#7755,.T.);
#7753 = VERTEX_POINT('',#7754);
#7754 = CARTESIAN_POINT('',(0.32,-5.4,2.54));
#7755 = LINE('',#7756,#7757);
#7756 = CARTESIAN_POINT('',(0.32,-3.97,2.54));
#7757 = VECTOR('',#7758,1.);
#7758 = DIRECTION('',(0.,1.,0.));
#7759 = ORIENTED_EDGE('',*,*,#7760,.T.);
#7760 = EDGE_CURVE('',#7753,#7761,#7763,.T.);
#7761 = VERTEX_POINT('',#7762);
#7762 = CARTESIAN_POINT('',(-0.32,-5.4,2.54));
#7763 = LINE('',#7764,#7765);
#7764 = CARTESIAN_POINT('',(-0.16,-5.4,2.54));
#7765 = VECTOR('',#7766,1.);
#7766 = DIRECTION('',(-1.,0.,0.));
#7767 = ORIENTED_EDGE('',*,*,#7768,.T.);
#7768 = EDGE_CURVE('',#7761,#7745,#7769,.T.);
#7769 = LINE('',#7770,#7771);
#7770 = CARTESIAN_POINT('',(-0.32,-3.97,2.54));
#7771 = VECTOR('',#7772,1.);
#7772 = DIRECTION('',(0.,1.,0.));
#7773 = PLANE('',#7774);
#7774 = AXIS2_PLACEMENT_3D('',#7775,#7776,#7777);
#7775 = CARTESIAN_POINT('',(5.398204781459E-17,-2.54,2.54));
#7776 = DIRECTION('',(0.,0.,1.));
#7777 = DIRECTION('',(1.,0.,-0.));
#7778 = ADVANCED_FACE('',(#7779),#7790,.F.);
#7779 = FACE_BOUND('',#7780,.F.);
#7780 = EDGE_LOOP('',(#7781,#7787,#7788,#7789));
#7781 = ORIENTED_EDGE('',*,*,#7782,.T.);
#7782 = EDGE_CURVE('',#7411,#7658,#7783,.T.);
#7783 = LINE('',#7784,#7785);
#7784 = CARTESIAN_POINT('',(1.27,1.016,0.));
#7785 = VECTOR('',#7786,1.);
#7786 = DIRECTION('',(0.,0.,1.));
#7787 = ORIENTED_EDGE('',*,*,#7665,.T.);
#7788 = ORIENTED_EDGE('',*,*,#7226,.F.);
#7789 = ORIENTED_EDGE('',*,*,#7418,.F.);
#7790 = PLANE('',#7791);
#7791 = AXIS2_PLACEMENT_3D('',#7792,#7793,#7794);
#7792 = CARTESIAN_POINT('',(1.27,1.016,0.));
#7793 = DIRECTION('',(-0.707106781187,-0.707106781187,0.));
#7794 = DIRECTION('',(-0.707106781187,0.707106781187,0.));
#7795 = ADVANCED_FACE('',(#7796),#7807,.F.);
#7796 = FACE_BOUND('',#7797,.F.);
#7797 = EDGE_LOOP('',(#7798,#7799,#7800,#7806));
#7798 = ORIENTED_EDGE('',*,*,#7266,.T.);
#7799 = ORIENTED_EDGE('',*,*,#7537,.T.);
#7800 = ORIENTED_EDGE('',*,*,#7801,.F.);
#7801 = EDGE_CURVE('',#7291,#7538,#7802,.T.);
#7802 = LINE('',#7803,#7804);
#7803 = CARTESIAN_POINT('',(-1.016,-1.27,0.));
#7804 = VECTOR('',#7805,1.);
#7805 = DIRECTION('',(0.,0.,1.));
#7806 = ORIENTED_EDGE('',*,*,#7290,.F.);
#7807 = PLANE('',#7808);
#7808 = AXIS2_PLACEMENT_3D('',#7809,#7810,#7811);
#7809 = CARTESIAN_POINT('',(-1.27,-1.016,0.));
#7810 = DIRECTION('',(0.707106781187,0.707106781187,0.));
#7811 = DIRECTION('',(0.707106781187,-0.707106781187,0.));
#7812 = ADVANCED_FACE('',(#7813),#7824,.F.);
#7813 = FACE_BOUND('',#7814,.F.);
#7814 = EDGE_LOOP('',(#7815,#7821,#7822,#7823));
#7815 = ORIENTED_EDGE('',*,*,#7816,.T.);
#7816 = EDGE_CURVE('',#7403,#7650,#7817,.T.);
#7817 = LINE('',#7818,#7819);
#7818 = CARTESIAN_POINT('',(1.27,-1.016,0.));
#7819 = VECTOR('',#7820,1.);
#7820 = DIRECTION('',(0.,0.,1.));
#7821 = ORIENTED_EDGE('',*,*,#7657,.T.);
#7822 = ORIENTED_EDGE('',*,*,#7782,.F.);
#7823 = ORIENTED_EDGE('',*,*,#7410,.F.);
#7824 = PLANE('',#7825);
#7825 = AXIS2_PLACEMENT_3D('',#7826,#7827,#7828);
#7826 = CARTESIAN_POINT('',(1.27,-1.016,0.));
#7827 = DIRECTION('',(-1.,0.,0.));
#7828 = DIRECTION('',(0.,1.,0.));
#7829 = ADVANCED_FACE('',(#7830),#7841,.F.);
#7830 = FACE_BOUND('',#7831,.F.);
#7831 = EDGE_LOOP('',(#7832,#7833,#7834,#7840));
#7832 = ORIENTED_EDGE('',*,*,#7801,.T.);
#7833 = ORIENTED_EDGE('',*,*,#7545,.T.);
#7834 = ORIENTED_EDGE('',*,*,#7835,.F.);
#7835 = EDGE_CURVE('',#7299,#7546,#7836,.T.);
#7836 = LINE('',#7837,#7838);
#7837 = CARTESIAN_POINT('',(-1.27,-1.524,0.));
#7838 = VECTOR('',#7839,1.);
#7839 = DIRECTION('',(0.,0.,1.));
#7840 = ORIENTED_EDGE('',*,*,#7298,.F.);
#7841 = PLANE('',#7842);
#7842 = AXIS2_PLACEMENT_3D('',#7843,#7844,#7845);
#7843 = CARTESIAN_POINT('',(-1.016,-1.27,0.));
#7844 = DIRECTION('',(0.707106781187,-0.707106781187,0.));
#7845 = DIRECTION('',(-0.707106781187,-0.707106781187,0.));
#7846 = ADVANCED_FACE('',(#7847),#7858,.F.);
#7847 = FACE_BOUND('',#7848,.F.);
#7848 = EDGE_LOOP('',(#7849,#7855,#7856,#7857));
#7849 = ORIENTED_EDGE('',*,*,#7850,.T.);
#7850 = EDGE_CURVE('',#7395,#7642,#7851,.T.);
#7851 = LINE('',#7852,#7853);
#7852 = CARTESIAN_POINT('',(1.016,-1.27,0.));
#7853 = VECTOR('',#7854,1.);
#7854 = DIRECTION('',(0.,0.,1.));
#7855 = ORIENTED_EDGE('',*,*,#7649,.T.);
#7856 = ORIENTED_EDGE('',*,*,#7816,.F.);
#7857 = ORIENTED_EDGE('',*,*,#7402,.F.);
#7858 = PLANE('',#7859);
#7859 = AXIS2_PLACEMENT_3D('',#7860,#7861,#7862);
#7860 = CARTESIAN_POINT('',(1.016,-1.27,0.));
#7861 = DIRECTION('',(-0.707106781187,0.707106781187,0.));
#7862 = DIRECTION('',(0.707106781187,0.707106781187,0.));
#7863 = ADVANCED_FACE('',(#7864),#7875,.F.);
#7864 = FACE_BOUND('',#7865,.F.);
#7865 = EDGE_LOOP('',(#7866,#7867,#7868,#7874));
#7866 = ORIENTED_EDGE('',*,*,#7835,.T.);
#7867 = ORIENTED_EDGE('',*,*,#7553,.T.);
#7868 = ORIENTED_EDGE('',*,*,#7869,.F.);
#7869 = EDGE_CURVE('',#7307,#7554,#7870,.T.);
#7870 = LINE('',#7871,#7872);
#7871 = CARTESIAN_POINT('',(-1.27,-3.556,0.));
#7872 = VECTOR('',#7873,1.);
#7873 = DIRECTION('',(0.,0.,1.));
#7874 = ORIENTED_EDGE('',*,*,#7306,.F.);
#7875 = PLANE('',#7876);
#7876 = AXIS2_PLACEMENT_3D('',#7877,#7878,#7879);
#7877 = CARTESIAN_POINT('',(-1.27,-1.524,0.));
#7878 = DIRECTION('',(1.,0.,0.));
#7879 = DIRECTION('',(0.,-1.,0.));
#7880 = ADVANCED_FACE('',(#7881),#7892,.F.);
#7881 = FACE_BOUND('',#7882,.F.);
#7882 = EDGE_LOOP('',(#7883,#7889,#7890,#7891));
#7883 = ORIENTED_EDGE('',*,*,#7884,.T.);
#7884 = EDGE_CURVE('',#7387,#7634,#7885,.T.);
#7885 = LINE('',#7886,#7887);
#7886 = CARTESIAN_POINT('',(1.27,-1.524,0.));
#7887 = VECTOR('',#7888,1.);
#7888 = DIRECTION('',(0.,0.,1.));
#7889 = ORIENTED_EDGE('',*,*,#7641,.T.);
#7890 = ORIENTED_EDGE('',*,*,#7850,.F.);
#7891 = ORIENTED_EDGE('',*,*,#7394,.F.);
#7892 = PLANE('',#7893);
#7893 = AXIS2_PLACEMENT_3D('',#7894,#7895,#7896);
#7894 = CARTESIAN_POINT('',(1.27,-1.524,0.));
#7895 = DIRECTION('',(-0.707106781187,-0.707106781187,0.));
#7896 = DIRECTION('',(-0.707106781187,0.707106781187,0.));
#7897 = ADVANCED_FACE('',(#7898),#7909,.F.);
#7898 = FACE_BOUND('',#7899,.F.);
#7899 = EDGE_LOOP('',(#7900,#7901,#7902,#7908));
#7900 = ORIENTED_EDGE('',*,*,#7869,.T.);
#7901 = ORIENTED_EDGE('',*,*,#7561,.T.);
#7902 = ORIENTED_EDGE('',*,*,#7903,.F.);
#7903 = EDGE_CURVE('',#7315,#7562,#7904,.T.);
#7904 = LINE('',#7905,#7906);
#7905 = CARTESIAN_POINT('',(-1.016,-3.81,0.));
#7906 = VECTOR('',#7907,1.);
#7907 = DIRECTION('',(0.,0.,1.));
#7908 = ORIENTED_EDGE('',*,*,#7314,.F.);
#7909 = PLANE('',#7910);
#7910 = AXIS2_PLACEMENT_3D('',#7911,#7912,#7913);
#7911 = CARTESIAN_POINT('',(-1.27,-3.556,0.));
#7912 = DIRECTION('',(0.707106781187,0.707106781187,0.));
#7913 = DIRECTION('',(0.707106781187,-0.707106781187,0.));
#7914 = ADVANCED_FACE('',(#7915),#7926,.F.);
#7915 = FACE_BOUND('',#7916,.F.);
#7916 = EDGE_LOOP('',(#7917,#7923,#7924,#7925));
#7917 = ORIENTED_EDGE('',*,*,#7918,.T.);
#7918 = EDGE_CURVE('',#7379,#7626,#7919,.T.);
#7919 = LINE('',#7920,#7921);
#7920 = CARTESIAN_POINT('',(1.27,-3.556,0.));
#7921 = VECTOR('',#7922,1.);
#7922 = DIRECTION('',(0.,0.,1.));
#7923 = ORIENTED_EDGE('',*,*,#7633,.T.);
#7924 = ORIENTED_EDGE('',*,*,#7884,.F.);
#7925 = ORIENTED_EDGE('',*,*,#7386,.F.);
#7926 = PLANE('',#7927);
#7927 = AXIS2_PLACEMENT_3D('',#7928,#7929,#7930);
#7928 = CARTESIAN_POINT('',(1.27,-3.556,0.));
#7929 = DIRECTION('',(-1.,0.,0.));
#7930 = DIRECTION('',(0.,1.,0.));
#7931 = ADVANCED_FACE('',(#7932),#7943,.F.);
#7932 = FACE_BOUND('',#7933,.F.);
#7933 = EDGE_LOOP('',(#7934,#7935,#7936,#7942));
#7934 = ORIENTED_EDGE('',*,*,#7903,.T.);
#7935 = ORIENTED_EDGE('',*,*,#7569,.T.);
#7936 = ORIENTED_EDGE('',*,*,#7937,.F.);
#7937 = EDGE_CURVE('',#7323,#7570,#7938,.T.);
#7938 = LINE('',#7939,#7940);
#7939 = CARTESIAN_POINT('',(-1.27,-4.064,0.));
#7940 = VECTOR('',#7941,1.);
#7941 = DIRECTION('',(0.,0.,1.));
#7942 = ORIENTED_EDGE('',*,*,#7322,.F.);
#7943 = PLANE('',#7944);
#7944 = AXIS2_PLACEMENT_3D('',#7945,#7946,#7947);
#7945 = CARTESIAN_POINT('',(-1.016,-3.81,0.));
#7946 = DIRECTION('',(0.707106781187,-0.707106781187,0.));
#7947 = DIRECTION('',(-0.707106781187,-0.707106781187,0.));
#7948 = ADVANCED_FACE('',(#7949),#7960,.F.);
#7949 = FACE_BOUND('',#7950,.F.);
#7950 = EDGE_LOOP('',(#7951,#7957,#7958,#7959));
#7951 = ORIENTED_EDGE('',*,*,#7952,.T.);
#7952 = EDGE_CURVE('',#7371,#7618,#7953,.T.);
#7953 = LINE('',#7954,#7955);
#7954 = CARTESIAN_POINT('',(1.016,-3.81,0.));
#7955 = VECTOR('',#7956,1.);
#7956 = DIRECTION('',(0.,0.,1.));
#7957 = ORIENTED_EDGE('',*,*,#7625,.T.);
#7958 = ORIENTED_EDGE('',*,*,#7918,.F.);
#7959 = ORIENTED_EDGE('',*,*,#7378,.F.);
#7960 = PLANE('',#7961);
#7961 = AXIS2_PLACEMENT_3D('',#7962,#7963,#7964);
#7962 = CARTESIAN_POINT('',(1.016,-3.81,0.));
#7963 = DIRECTION('',(-0.707106781187,0.707106781187,0.));
#7964 = DIRECTION('',(0.707106781187,0.707106781187,0.));
#7965 = ADVANCED_FACE('',(#7966),#7977,.F.);
#7966 = FACE_BOUND('',#7967,.F.);
#7967 = EDGE_LOOP('',(#7968,#7969,#7970,#7976));
#7968 = ORIENTED_EDGE('',*,*,#7937,.T.);
#7969 = ORIENTED_EDGE('',*,*,#7577,.T.);
#7970 = ORIENTED_EDGE('',*,*,#7971,.F.);
#7971 = EDGE_CURVE('',#7331,#7578,#7972,.T.);
#7972 = LINE('',#7973,#7974);
#7973 = CARTESIAN_POINT('',(-1.27,-6.096,0.));
#7974 = VECTOR('',#7975,1.);
#7975 = DIRECTION('',(0.,0.,1.));
#7976 = ORIENTED_EDGE('',*,*,#7330,.F.);
#7977 = PLANE('',#7978);
#7978 = AXIS2_PLACEMENT_3D('',#7979,#7980,#7981);
#7979 = CARTESIAN_POINT('',(-1.27,-4.064,0.));
#7980 = DIRECTION('',(1.,0.,0.));
#7981 = DIRECTION('',(0.,-1.,0.));
#7982 = ADVANCED_FACE('',(#7983),#7994,.F.);
#7983 = FACE_BOUND('',#7984,.F.);
#7984 = EDGE_LOOP('',(#7985,#7991,#7992,#7993));
#7985 = ORIENTED_EDGE('',*,*,#7986,.T.);
#7986 = EDGE_CURVE('',#7363,#7610,#7987,.T.);
#7987 = LINE('',#7988,#7989);
#7988 = CARTESIAN_POINT('',(1.27,-4.064,0.));
#7989 = VECTOR('',#7990,1.);
#7990 = DIRECTION('',(0.,0.,1.));
#7991 = ORIENTED_EDGE('',*,*,#7617,.T.);
#7992 = ORIENTED_EDGE('',*,*,#7952,.F.);
#7993 = ORIENTED_EDGE('',*,*,#7370,.F.);
#7994 = PLANE('',#7995);
#7995 = AXIS2_PLACEMENT_3D('',#7996,#7997,#7998);
#7996 = CARTESIAN_POINT('',(1.27,-4.064,0.));
#7997 = DIRECTION('',(-0.707106781187,-0.707106781187,0.));
#7998 = DIRECTION('',(-0.707106781187,0.707106781187,0.));
#7999 = ADVANCED_FACE('',(#8000),#8011,.F.);
#8000 = FACE_BOUND('',#8001,.F.);
#8001 = EDGE_LOOP('',(#8002,#8003,#8004,#8010));
#8002 = ORIENTED_EDGE('',*,*,#7971,.T.);
#8003 = ORIENTED_EDGE('',*,*,#7585,.T.);
#8004 = ORIENTED_EDGE('',*,*,#8005,.F.);
#8005 = EDGE_CURVE('',#7339,#7586,#8006,.T.);
#8006 = LINE('',#8007,#8008);
#8007 = CARTESIAN_POINT('',(-1.016,-6.35,0.));
#8008 = VECTOR('',#8009,1.);
#8009 = DIRECTION('',(0.,0.,1.));
#8010 = ORIENTED_EDGE('',*,*,#7338,.F.);
#8011 = PLANE('',#8012);
#8012 = AXIS2_PLACEMENT_3D('',#8013,#8014,#8015);
#8013 = CARTESIAN_POINT('',(-1.27,-6.096,0.));
#8014 = DIRECTION('',(0.707106781187,0.707106781187,0.));
#8015 = DIRECTION('',(0.707106781187,-0.707106781187,0.));
#8016 = ADVANCED_FACE('',(#8017),#8028,.F.);
#8017 = FACE_BOUND('',#8018,.F.);
#8018 = EDGE_LOOP('',(#8019,#8025,#8026,#8027));
#8019 = ORIENTED_EDGE('',*,*,#8020,.T.);
#8020 = EDGE_CURVE('',#7355,#7602,#8021,.T.);
#8021 = LINE('',#8022,#8023);
#8022 = CARTESIAN_POINT('',(1.27,-6.096,0.));
#8023 = VECTOR('',#8024,1.);
#8024 = DIRECTION('',(0.,0.,1.));
#8025 = ORIENTED_EDGE('',*,*,#7609,.T.);
#8026 = ORIENTED_EDGE('',*,*,#7986,.F.);
#8027 = ORIENTED_EDGE('',*,*,#7362,.F.);
#8028 = PLANE('',#8029);
#8029 = AXIS2_PLACEMENT_3D('',#8030,#8031,#8032);
#8030 = CARTESIAN_POINT('',(1.27,-6.096,0.));
#8031 = DIRECTION('',(-1.,0.,0.));
#8032 = DIRECTION('',(0.,1.,0.));
#8033 = ADVANCED_FACE('',(#8034),#8045,.F.);
#8034 = FACE_BOUND('',#8035,.F.);
#8035 = EDGE_LOOP('',(#8036,#8037,#8038,#8044));
#8036 = ORIENTED_EDGE('',*,*,#8005,.T.);
#8037 = ORIENTED_EDGE('',*,*,#7593,.T.);
#8038 = ORIENTED_EDGE('',*,*,#8039,.F.);
#8039 = EDGE_CURVE('',#7347,#7594,#8040,.T.);
#8040 = LINE('',#8041,#8042);
#8041 = CARTESIAN_POINT('',(1.016,-6.35,0.));
#8042 = VECTOR('',#8043,1.);
#8043 = DIRECTION('',(0.,0.,1.));
#8044 = ORIENTED_EDGE('',*,*,#7346,.F.);
#8045 = PLANE('',#8046);
#8046 = AXIS2_PLACEMENT_3D('',#8047,#8048,#8049);
#8047 = CARTESIAN_POINT('',(-1.016,-6.35,0.));
#8048 = DIRECTION('',(0.,1.,0.));
#8049 = DIRECTION('',(1.,0.,0.));
#8050 = ADVANCED_FACE('',(#8051),#8057,.F.);
#8051 = FACE_BOUND('',#8052,.F.);
#8052 = EDGE_LOOP('',(#8053,#8054,#8055,#8056));
#8053 = ORIENTED_EDGE('',*,*,#8039,.T.);
#8054 = ORIENTED_EDGE('',*,*,#7601,.T.);
#8055 = ORIENTED_EDGE('',*,*,#8020,.F.);
#8056 = ORIENTED_EDGE('',*,*,#7354,.F.);
#8057 = PLANE('',#8058);
#8058 = AXIS2_PLACEMENT_3D('',#8059,#8060,#8061);
#8059 = CARTESIAN_POINT('',(1.016,-6.35,0.));
#8060 = DIRECTION('',(-0.707106781187,0.707106781187,0.));
#8061 = DIRECTION('',(0.707106781187,0.707106781187,0.));
#8062 = ADVANCED_FACE('',(#8063),#8088,.T.);
#8063 = FACE_BOUND('',#8064,.T.);
#8064 = EDGE_LOOP('',(#8065,#8073,#8081,#8087));
#8065 = ORIENTED_EDGE('',*,*,#8066,.F.);
#8066 = EDGE_CURVE('',#8067,#7428,#8069,.T.);
#8067 = VERTEX_POINT('',#8068);
#8068 = CARTESIAN_POINT('',(0.32,-0.32,-2.84));
#8069 = LINE('',#8070,#8071);
#8070 = CARTESIAN_POINT('',(0.32,-0.32,-3.));
#8071 = VECTOR('',#8072,1.);
#8072 = DIRECTION('',(0.,0.,1.));
#8073 = ORIENTED_EDGE('',*,*,#8074,.T.);
#8074 = EDGE_CURVE('',#8067,#8075,#8077,.T.);
#8075 = VERTEX_POINT('',#8076);
#8076 = CARTESIAN_POINT('',(0.32,0.32,-2.84));
#8077 = LINE('',#8078,#8079);
#8078 = CARTESIAN_POINT('',(0.32,-0.32,-2.84));
#8079 = VECTOR('',#8080,1.);
#8080 = DIRECTION('',(0.,1.,0.));
#8081 = ORIENTED_EDGE('',*,*,#8082,.T.);
#8082 = EDGE_CURVE('',#8075,#7430,#8083,.T.);
#8083 = LINE('',#8084,#8085);
#8084 = CARTESIAN_POINT('',(0.32,0.32,-3.));
#8085 = VECTOR('',#8086,1.);
#8086 = DIRECTION('',(0.,0.,1.));
#8087 = ORIENTED_EDGE('',*,*,#7427,.F.);
#8088 = PLANE('',#8089);
#8089 = AXIS2_PLACEMENT_3D('',#8090,#8091,#8092);
#8090 = CARTESIAN_POINT('',(0.32,-0.32,-3.));
#8091 = DIRECTION('',(1.,0.,0.));
#8092 = DIRECTION('',(0.,0.,1.));
#8093 = ADVANCED_FACE('',(#8094),#8112,.T.);
#8094 = FACE_BOUND('',#8095,.T.);
#8095 = EDGE_LOOP('',(#8096,#8097,#8105,#8111));
#8096 = ORIENTED_EDGE('',*,*,#8082,.F.);
#8097 = ORIENTED_EDGE('',*,*,#8098,.F.);
#8098 = EDGE_CURVE('',#8099,#8075,#8101,.T.);
#8099 = VERTEX_POINT('',#8100);
#8100 = CARTESIAN_POINT('',(-0.32,0.32,-2.84));
#8101 = LINE('',#8102,#8103);
#8102 = CARTESIAN_POINT('',(-0.32,0.32,-2.84));
#8103 = VECTOR('',#8104,1.);
#8104 = DIRECTION('',(1.,0.,0.));
#8105 = ORIENTED_EDGE('',*,*,#8106,.T.);
#8106 = EDGE_CURVE('',#8099,#7446,#8107,.T.);
#8107 = LINE('',#8108,#8109);
#8108 = CARTESIAN_POINT('',(-0.32,0.32,-3.));
#8109 = VECTOR('',#8110,1.);
#8110 = DIRECTION('',(0.,0.,1.));
#8111 = ORIENTED_EDGE('',*,*,#7453,.F.);
#8112 = PLANE('',#8113);
#8113 = AXIS2_PLACEMENT_3D('',#8114,#8115,#8116);
#8114 = CARTESIAN_POINT('',(-0.32,0.32,-3.));
#8115 = DIRECTION('',(0.,1.,0.));
#8116 = DIRECTION('',(0.,-0.,1.));
#8117 = ADVANCED_FACE('',(#8118),#8136,.F.);
#8118 = FACE_BOUND('',#8119,.F.);
#8119 = EDGE_LOOP('',(#8120,#8128,#8134,#8135));
#8120 = ORIENTED_EDGE('',*,*,#8121,.F.);
#8121 = EDGE_CURVE('',#8122,#7438,#8124,.T.);
#8122 = VERTEX_POINT('',#8123);
#8123 = CARTESIAN_POINT('',(-0.32,-0.32,-2.84));
#8124 = LINE('',#8125,#8126);
#8125 = CARTESIAN_POINT('',(-0.32,-0.32,-3.));
#8126 = VECTOR('',#8127,1.);
#8127 = DIRECTION('',(0.,0.,1.));
#8128 = ORIENTED_EDGE('',*,*,#8129,.T.);
#8129 = EDGE_CURVE('',#8122,#8099,#8130,.T.);
#8130 = LINE('',#8131,#8132);
#8131 = CARTESIAN_POINT('',(-0.32,-0.32,-2.84));
#8132 = VECTOR('',#8133,1.);
#8133 = DIRECTION('',(0.,1.,0.));
#8134 = ORIENTED_EDGE('',*,*,#8106,.T.);
#8135 = ORIENTED_EDGE('',*,*,#7445,.F.);
#8136 = PLANE('',#8137);
#8137 = AXIS2_PLACEMENT_3D('',#8138,#8139,#8140);
#8138 = CARTESIAN_POINT('',(-0.32,-0.32,-3.));
#8139 = DIRECTION('',(1.,0.,0.));
#8140 = DIRECTION('',(0.,0.,1.));
#8141 = ADVANCED_FACE('',(#8142),#8153,.F.);
#8142 = FACE_BOUND('',#8143,.F.);
#8143 = EDGE_LOOP('',(#8144,#8145,#8151,#8152));
#8144 = ORIENTED_EDGE('',*,*,#8066,.F.);
#8145 = ORIENTED_EDGE('',*,*,#8146,.F.);
#8146 = EDGE_CURVE('',#8122,#8067,#8147,.T.);
#8147 = LINE('',#8148,#8149);
#8148 = CARTESIAN_POINT('',(-0.32,-0.32,-2.84));
#8149 = VECTOR('',#8150,1.);
#8150 = DIRECTION('',(1.,0.,0.));
#8151 = ORIENTED_EDGE('',*,*,#8121,.T.);
#8152 = ORIENTED_EDGE('',*,*,#7437,.F.);
#8153 = PLANE('',#8154);
#8154 = AXIS2_PLACEMENT_3D('',#8155,#8156,#8157);
#8155 = CARTESIAN_POINT('',(-0.32,-0.32,-3.));
#8156 = DIRECTION('',(0.,1.,0.));
#8157 = DIRECTION('',(0.,-0.,1.));
#8158 = ADVANCED_FACE('',(#8159),#8184,.F.);
#8159 = FACE_BOUND('',#8160,.F.);
#8160 = EDGE_LOOP('',(#8161,#8169,#8177,#8183));
#8161 = ORIENTED_EDGE('',*,*,#8162,.F.);
#8162 = EDGE_CURVE('',#8163,#7462,#8165,.T.);
#8163 = VERTEX_POINT('',#8164);
#8164 = CARTESIAN_POINT('',(0.32,-2.86,-2.84));
#8165 = LINE('',#8166,#8167);
#8166 = CARTESIAN_POINT('',(0.32,-2.86,-3.));
#8167 = VECTOR('',#8168,1.);
#8168 = DIRECTION('',(0.,0.,1.));
#8169 = ORIENTED_EDGE('',*,*,#8170,.F.);
#8170 = EDGE_CURVE('',#8171,#8163,#8173,.T.);
#8171 = VERTEX_POINT('',#8172);
#8172 = CARTESIAN_POINT('',(-0.32,-2.86,-2.84));
#8173 = LINE('',#8174,#8175);
#8174 = CARTESIAN_POINT('',(-0.32,-2.86,-2.84));
#8175 = VECTOR('',#8176,1.);
#8176 = DIRECTION('',(1.,0.,0.));
#8177 = ORIENTED_EDGE('',*,*,#8178,.T.);
#8178 = EDGE_CURVE('',#8171,#7464,#8179,.T.);
#8179 = LINE('',#8180,#8181);
#8180 = CARTESIAN_POINT('',(-0.32,-2.86,-3.));
#8181 = VECTOR('',#8182,1.);
#8182 = DIRECTION('',(0.,0.,1.));
#8183 = ORIENTED_EDGE('',*,*,#7461,.F.);
#8184 = PLANE('',#8185);
#8185 = AXIS2_PLACEMENT_3D('',#8186,#8187,#8188);
#8186 = CARTESIAN_POINT('',(-0.32,-2.86,-3.));
#8187 = DIRECTION('',(0.,1.,0.));
#8188 = DIRECTION('',(0.,-0.,1.));
#8189 = ADVANCED_FACE('',(#8190),#8208,.T.);
#8190 = FACE_BOUND('',#8191,.T.);
#8191 = EDGE_LOOP('',(#8192,#8193,#8201,#8207));
#8192 = ORIENTED_EDGE('',*,*,#8162,.F.);
#8193 = ORIENTED_EDGE('',*,*,#8194,.T.);
#8194 = EDGE_CURVE('',#8163,#8195,#8197,.T.);
#8195 = VERTEX_POINT('',#8196);
#8196 = CARTESIAN_POINT('',(0.32,-2.22,-2.84));
#8197 = LINE('',#8198,#8199);
#8198 = CARTESIAN_POINT('',(0.32,-2.86,-2.84));
#8199 = VECTOR('',#8200,1.);
#8200 = DIRECTION('',(0.,1.,0.));
#8201 = ORIENTED_EDGE('',*,*,#8202,.T.);
#8202 = EDGE_CURVE('',#8195,#7480,#8203,.T.);
#8203 = LINE('',#8204,#8205);
#8204 = CARTESIAN_POINT('',(0.32,-2.22,-3.));
#8205 = VECTOR('',#8206,1.);
#8206 = DIRECTION('',(0.,0.,1.));
#8207 = ORIENTED_EDGE('',*,*,#7487,.F.);
#8208 = PLANE('',#8209);
#8209 = AXIS2_PLACEMENT_3D('',#8210,#8211,#8212);
#8210 = CARTESIAN_POINT('',(0.32,-2.86,-3.));
#8211 = DIRECTION('',(1.,0.,0.));
#8212 = DIRECTION('',(0.,0.,1.));
#8213 = ADVANCED_FACE('',(#8214),#8232,.T.);
#8214 = FACE_BOUND('',#8215,.T.);
#8215 = EDGE_LOOP('',(#8216,#8217,#8225,#8231));
#8216 = ORIENTED_EDGE('',*,*,#8202,.F.);
#8217 = ORIENTED_EDGE('',*,*,#8218,.F.);
#8218 = EDGE_CURVE('',#8219,#8195,#8221,.T.);
#8219 = VERTEX_POINT('',#8220);
#8220 = CARTESIAN_POINT('',(-0.32,-2.22,-2.84));
#8221 = LINE('',#8222,#8223);
#8222 = CARTESIAN_POINT('',(-0.32,-2.22,-2.84));
#8223 = VECTOR('',#8224,1.);
#8224 = DIRECTION('',(1.,0.,0.));
#8225 = ORIENTED_EDGE('',*,*,#8226,.T.);
#8226 = EDGE_CURVE('',#8219,#7472,#8227,.T.);
#8227 = LINE('',#8228,#8229);
#8228 = CARTESIAN_POINT('',(-0.32,-2.22,-3.));
#8229 = VECTOR('',#8230,1.);
#8230 = DIRECTION('',(0.,0.,1.));
#8231 = ORIENTED_EDGE('',*,*,#7479,.F.);
#8232 = PLANE('',#8233);
#8233 = AXIS2_PLACEMENT_3D('',#8234,#8235,#8236);
#8234 = CARTESIAN_POINT('',(-0.32,-2.22,-3.));
#8235 = DIRECTION('',(0.,1.,0.));
#8236 = DIRECTION('',(0.,-0.,1.));
#8237 = ADVANCED_FACE('',(#8238),#8249,.F.);
#8238 = FACE_BOUND('',#8239,.F.);
#8239 = EDGE_LOOP('',(#8240,#8241,#8247,#8248));
#8240 = ORIENTED_EDGE('',*,*,#8178,.F.);
#8241 = ORIENTED_EDGE('',*,*,#8242,.T.);
#8242 = EDGE_CURVE('',#8171,#8219,#8243,.T.);
#8243 = LINE('',#8244,#8245);
#8244 = CARTESIAN_POINT('',(-0.32,-2.86,-2.84));
#8245 = VECTOR('',#8246,1.);
#8246 = DIRECTION('',(0.,1.,0.));
#8247 = ORIENTED_EDGE('',*,*,#8226,.T.);
#8248 = ORIENTED_EDGE('',*,*,#7471,.F.);
#8249 = PLANE('',#8250);
#8250 = AXIS2_PLACEMENT_3D('',#8251,#8252,#8253);
#8251 = CARTESIAN_POINT('',(-0.32,-2.86,-3.));
#8252 = DIRECTION('',(1.,0.,0.));
#8253 = DIRECTION('',(0.,0.,1.));
#8254 = ADVANCED_FACE('',(#8255),#8280,.T.);
#8255 = FACE_BOUND('',#8256,.T.);
#8256 = EDGE_LOOP('',(#8257,#8265,#8273,#8279));
#8257 = ORIENTED_EDGE('',*,*,#8258,.F.);
#8258 = EDGE_CURVE('',#8259,#7496,#8261,.T.);
#8259 = VERTEX_POINT('',#8260);
#8260 = CARTESIAN_POINT('',(0.32,-4.76,-2.84));
#8261 = LINE('',#8262,#8263);
#8262 = CARTESIAN_POINT('',(0.32,-4.76,-3.));
#8263 = VECTOR('',#8264,1.);
#8264 = DIRECTION('',(0.,0.,1.));
#8265 = ORIENTED_EDGE('',*,*,#8266,.F.);
#8266 = EDGE_CURVE('',#8267,#8259,#8269,.T.);
#8267 = VERTEX_POINT('',#8268);
#8268 = CARTESIAN_POINT('',(-0.32,-4.76,-2.84));
#8269 = LINE('',#8270,#8271);
#8270 = CARTESIAN_POINT('',(-0.32,-4.76,-2.84));
#8271 = VECTOR('',#8272,1.);
#8272 = DIRECTION('',(1.,0.,0.));
#8273 = ORIENTED_EDGE('',*,*,#8274,.T.);
#8274 = EDGE_CURVE('',#8267,#7498,#8275,.T.);
#8275 = LINE('',#8276,#8277);
#8276 = CARTESIAN_POINT('',(-0.32,-4.76,-3.));
#8277 = VECTOR('',#8278,1.);
#8278 = DIRECTION('',(0.,0.,1.));
#8279 = ORIENTED_EDGE('',*,*,#7495,.F.);
#8280 = PLANE('',#8281);
#8281 = AXIS2_PLACEMENT_3D('',#8282,#8283,#8284);
#8282 = CARTESIAN_POINT('',(-0.32,-4.76,-3.));
#8283 = DIRECTION('',(0.,1.,0.));
#8284 = DIRECTION('',(0.,-0.,1.));
#8285 = ADVANCED_FACE('',(#8286),#8304,.F.);
#8286 = FACE_BOUND('',#8287,.F.);
#8287 = EDGE_LOOP('',(#8288,#8296,#8302,#8303));
#8288 = ORIENTED_EDGE('',*,*,#8289,.F.);
#8289 = EDGE_CURVE('',#8290,#7514,#8292,.T.);
#8290 = VERTEX_POINT('',#8291);
#8291 = CARTESIAN_POINT('',(-0.32,-5.4,-2.84));
#8292 = LINE('',#8293,#8294);
#8293 = CARTESIAN_POINT('',(-0.32,-5.4,-3.));
#8294 = VECTOR('',#8295,1.);
#8295 = DIRECTION('',(0.,0.,1.));
#8296 = ORIENTED_EDGE('',*,*,#8297,.T.);
#8297 = EDGE_CURVE('',#8290,#8267,#8298,.T.);
#8298 = LINE('',#8299,#8300);
#8299 = CARTESIAN_POINT('',(-0.32,-5.4,-2.84));
#8300 = VECTOR('',#8301,1.);
#8301 = DIRECTION('',(0.,1.,0.));
#8302 = ORIENTED_EDGE('',*,*,#8274,.T.);
#8303 = ORIENTED_EDGE('',*,*,#7521,.F.);
#8304 = PLANE('',#8305);
#8305 = AXIS2_PLACEMENT_3D('',#8306,#8307,#8308);
#8306 = CARTESIAN_POINT('',(-0.32,-5.4,-3.));
#8307 = DIRECTION('',(1.,0.,0.));
#8308 = DIRECTION('',(0.,0.,1.));
#8309 = ADVANCED_FACE('',(#8310),#8328,.F.);
#8310 = FACE_BOUND('',#8311,.F.);
#8311 = EDGE_LOOP('',(#8312,#8320,#8326,#8327));
#8312 = ORIENTED_EDGE('',*,*,#8313,.F.);
#8313 = EDGE_CURVE('',#8314,#7506,#8316,.T.);
#8314 = VERTEX_POINT('',#8315);
#8315 = CARTESIAN_POINT('',(0.32,-5.4,-2.84));
#8316 = LINE('',#8317,#8318);
#8317 = CARTESIAN_POINT('',(0.32,-5.4,-3.));
#8318 = VECTOR('',#8319,1.);
#8319 = DIRECTION('',(0.,0.,1.));
#8320 = ORIENTED_EDGE('',*,*,#8321,.F.);
#8321 = EDGE_CURVE('',#8290,#8314,#8322,.T.);
#8322 = LINE('',#8323,#8324);
#8323 = CARTESIAN_POINT('',(-0.32,-5.4,-2.84));
#8324 = VECTOR('',#8325,1.);
#8325 = DIRECTION('',(1.,0.,0.));
#8326 = ORIENTED_EDGE('',*,*,#8289,.T.);
#8327 = ORIENTED_EDGE('',*,*,#7513,.F.);
#8328 = PLANE('',#8329);
#8329 = AXIS2_PLACEMENT_3D('',#8330,#8331,#8332);
#8330 = CARTESIAN_POINT('',(-0.32,-5.4,-3.));
#8331 = DIRECTION('',(0.,1.,0.));
#8332 = DIRECTION('',(0.,-0.,1.));
#8333 = ADVANCED_FACE('',(#8334),#8345,.T.);
#8334 = FACE_BOUND('',#8335,.T.);
#8335 = EDGE_LOOP('',(#8336,#8337,#8343,#8344));
#8336 = ORIENTED_EDGE('',*,*,#8313,.F.);
#8337 = ORIENTED_EDGE('',*,*,#8338,.T.);
#8338 = EDGE_CURVE('',#8314,#8259,#8339,.T.);
#8339 = LINE('',#8340,#8341);
#8340 = CARTESIAN_POINT('',(0.32,-5.4,-2.84));
#8341 = VECTOR('',#8342,1.);
#8342 = DIRECTION('',(0.,1.,0.));
#8343 = ORIENTED_EDGE('',*,*,#8258,.T.);
#8344 = ORIENTED_EDGE('',*,*,#7505,.F.);
#8345 = PLANE('',#8346);
#8346 = AXIS2_PLACEMENT_3D('',#8347,#8348,#8349);
#8347 = CARTESIAN_POINT('',(0.32,-5.4,-3.));
#8348 = DIRECTION('',(1.,0.,0.));
#8349 = DIRECTION('',(0.,0.,1.));
#8350 = ADVANCED_FACE('',(#8351),#8376,.T.);
#8351 = FACE_BOUND('',#8352,.T.);
#8352 = EDGE_LOOP('',(#8353,#8361,#8362,#8370));
#8353 = ORIENTED_EDGE('',*,*,#8354,.F.);
#8354 = EDGE_CURVE('',#7675,#8355,#8357,.T.);
#8355 = VERTEX_POINT('',#8356);
#8356 = CARTESIAN_POINT('',(0.32,-0.32,8.38));
#8357 = LINE('',#8358,#8359);
#8358 = CARTESIAN_POINT('',(0.32,-0.32,-3.));
#8359 = VECTOR('',#8360,1.);
#8360 = DIRECTION('',(0.,0.,1.));
#8361 = ORIENTED_EDGE('',*,*,#7674,.T.);
#8362 = ORIENTED_EDGE('',*,*,#8363,.T.);
#8363 = EDGE_CURVE('',#7677,#8364,#8366,.T.);
#8364 = VERTEX_POINT('',#8365);
#8365 = CARTESIAN_POINT('',(0.32,0.32,8.38));
#8366 = LINE('',#8367,#8368);
#8367 = CARTESIAN_POINT('',(0.32,0.32,-3.));
#8368 = VECTOR('',#8369,1.);
#8369 = DIRECTION('',(0.,0.,1.));
#8370 = ORIENTED_EDGE('',*,*,#8371,.F.);
#8371 = EDGE_CURVE('',#8355,#8364,#8372,.T.);
#8372 = LINE('',#8373,#8374);
#8373 = CARTESIAN_POINT('',(0.32,-0.32,8.38));
#8374 = VECTOR('',#8375,1.);
#8375 = DIRECTION('',(0.,1.,0.));
#8376 = PLANE('',#8377);
#8377 = AXIS2_PLACEMENT_3D('',#8378,#8379,#8380);
#8378 = CARTESIAN_POINT('',(0.32,-0.32,-3.));
#8379 = DIRECTION('',(1.,0.,0.));
#8380 = DIRECTION('',(0.,0.,1.));
#8381 = ADVANCED_FACE('',(#8382),#8400,.T.);
#8382 = FACE_BOUND('',#8383,.T.);
#8383 = EDGE_LOOP('',(#8384,#8385,#8386,#8394));
#8384 = ORIENTED_EDGE('',*,*,#8363,.F.);
#8385 = ORIENTED_EDGE('',*,*,#7700,.T.);
#8386 = ORIENTED_EDGE('',*,*,#8387,.T.);
#8387 = EDGE_CURVE('',#7693,#8388,#8390,.T.);
#8388 = VERTEX_POINT('',#8389);
#8389 = CARTESIAN_POINT('',(-0.32,0.32,8.38));
#8390 = LINE('',#8391,#8392);
#8391 = CARTESIAN_POINT('',(-0.32,0.32,-3.));
#8392 = VECTOR('',#8393,1.);
#8393 = DIRECTION('',(0.,0.,1.));
#8394 = ORIENTED_EDGE('',*,*,#8395,.T.);
#8395 = EDGE_CURVE('',#8388,#8364,#8396,.T.);
#8396 = LINE('',#8397,#8398);
#8397 = CARTESIAN_POINT('',(-0.32,0.32,8.38));
#8398 = VECTOR('',#8399,1.);
#8399 = DIRECTION('',(1.,0.,0.));
#8400 = PLANE('',#8401);
#8401 = AXIS2_PLACEMENT_3D('',#8402,#8403,#8404);
#8402 = CARTESIAN_POINT('',(-0.32,0.32,-3.));
#8403 = DIRECTION('',(0.,1.,0.));
#8404 = DIRECTION('',(0.,-0.,1.));
#8405 = ADVANCED_FACE('',(#8406),#8424,.F.);
#8406 = FACE_BOUND('',#8407,.F.);
#8407 = EDGE_LOOP('',(#8408,#8416,#8417,#8418));
#8408 = ORIENTED_EDGE('',*,*,#8409,.F.);
#8409 = EDGE_CURVE('',#7685,#8410,#8412,.T.);
#8410 = VERTEX_POINT('',#8411);
#8411 = CARTESIAN_POINT('',(-0.32,-0.32,8.38));
#8412 = LINE('',#8413,#8414);
#8413 = CARTESIAN_POINT('',(-0.32,-0.32,-3.));
#8414 = VECTOR('',#8415,1.);
#8415 = DIRECTION('',(0.,0.,1.));
#8416 = ORIENTED_EDGE('',*,*,#7692,.T.);
#8417 = ORIENTED_EDGE('',*,*,#8387,.T.);
#8418 = ORIENTED_EDGE('',*,*,#8419,.F.);
#8419 = EDGE_CURVE('',#8410,#8388,#8420,.T.);
#8420 = LINE('',#8421,#8422);
#8421 = CARTESIAN_POINT('',(-0.32,-0.32,8.38));
#8422 = VECTOR('',#8423,1.);
#8423 = DIRECTION('',(0.,1.,0.));
#8424 = PLANE('',#8425);
#8425 = AXIS2_PLACEMENT_3D('',#8426,#8427,#8428);
#8426 = CARTESIAN_POINT('',(-0.32,-0.32,-3.));
#8427 = DIRECTION('',(1.,0.,0.));
#8428 = DIRECTION('',(0.,0.,1.));
#8429 = ADVANCED_FACE('',(#8430),#8441,.F.);
#8430 = FACE_BOUND('',#8431,.F.);
#8431 = EDGE_LOOP('',(#8432,#8433,#8434,#8435));
#8432 = ORIENTED_EDGE('',*,*,#8354,.F.);
#8433 = ORIENTED_EDGE('',*,*,#7684,.T.);
#8434 = ORIENTED_EDGE('',*,*,#8409,.T.);
#8435 = ORIENTED_EDGE('',*,*,#8436,.T.);
#8436 = EDGE_CURVE('',#8410,#8355,#8437,.T.);
#8437 = LINE('',#8438,#8439);
#8438 = CARTESIAN_POINT('',(-0.32,-0.32,8.38));
#8439 = VECTOR('',#8440,1.);
#8440 = DIRECTION('',(1.,0.,0.));
#8441 = PLANE('',#8442);
#8442 = AXIS2_PLACEMENT_3D('',#8443,#8444,#8445);
#8443 = CARTESIAN_POINT('',(-0.32,-0.32,-3.));
#8444 = DIRECTION('',(0.,1.,0.));
#8445 = DIRECTION('',(0.,-0.,1.));
#8446 = ADVANCED_FACE('',(#8447),#8472,.F.);
#8447 = FACE_BOUND('',#8448,.F.);
#8448 = EDGE_LOOP('',(#8449,#8457,#8458,#8466));
#8449 = ORIENTED_EDGE('',*,*,#8450,.F.);
#8450 = EDGE_CURVE('',#7709,#8451,#8453,.T.);
#8451 = VERTEX_POINT('',#8452);
#8452 = CARTESIAN_POINT('',(0.32,-2.86,8.38));
#8453 = LINE('',#8454,#8455);
#8454 = CARTESIAN_POINT('',(0.32,-2.86,-3.));
#8455 = VECTOR('',#8456,1.);
#8456 = DIRECTION('',(0.,0.,1.));
#8457 = ORIENTED_EDGE('',*,*,#7708,.T.);
#8458 = ORIENTED_EDGE('',*,*,#8459,.T.);
#8459 = EDGE_CURVE('',#7711,#8460,#8462,.T.);
#8460 = VERTEX_POINT('',#8461);
#8461 = CARTESIAN_POINT('',(-0.32,-2.86,8.38));
#8462 = LINE('',#8463,#8464);
#8463 = CARTESIAN_POINT('',(-0.32,-2.86,-3.));
#8464 = VECTOR('',#8465,1.);
#8465 = DIRECTION('',(0.,0.,1.));
#8466 = ORIENTED_EDGE('',*,*,#8467,.T.);
#8467 = EDGE_CURVE('',#8460,#8451,#8468,.T.);
#8468 = LINE('',#8469,#8470);
#8469 = CARTESIAN_POINT('',(-0.32,-2.86,8.38));
#8470 = VECTOR('',#8471,1.);
#8471 = DIRECTION('',(1.,0.,0.));
#8472 = PLANE('',#8473);
#8473 = AXIS2_PLACEMENT_3D('',#8474,#8475,#8476);
#8474 = CARTESIAN_POINT('',(-0.32,-2.86,-3.));
#8475 = DIRECTION('',(0.,1.,0.));
#8476 = DIRECTION('',(0.,-0.,1.));
#8477 = ADVANCED_FACE('',(#8478),#8496,.T.);
#8478 = FACE_BOUND('',#8479,.T.);
#8479 = EDGE_LOOP('',(#8480,#8481,#8482,#8490));
#8480 = ORIENTED_EDGE('',*,*,#8450,.F.);
#8481 = ORIENTED_EDGE('',*,*,#7734,.T.);
#8482 = ORIENTED_EDGE('',*,*,#8483,.T.);
#8483 = EDGE_CURVE('',#7727,#8484,#8486,.T.);
#8484 = VERTEX_POINT('',#8485);
#8485 = CARTESIAN_POINT('',(0.32,-2.22,8.38));
#8486 = LINE('',#8487,#8488);
#8487 = CARTESIAN_POINT('',(0.32,-2.22,-3.));
#8488 = VECTOR('',#8489,1.);
#8489 = DIRECTION('',(0.,0.,1.));
#8490 = ORIENTED_EDGE('',*,*,#8491,.F.);
#8491 = EDGE_CURVE('',#8451,#8484,#8492,.T.);
#8492 = LINE('',#8493,#8494);
#8493 = CARTESIAN_POINT('',(0.32,-2.86,8.38));
#8494 = VECTOR('',#8495,1.);
#8495 = DIRECTION('',(0.,1.,0.));
#8496 = PLANE('',#8497);
#8497 = AXIS2_PLACEMENT_3D('',#8498,#8499,#8500);
#8498 = CARTESIAN_POINT('',(0.32,-2.86,-3.));
#8499 = DIRECTION('',(1.,0.,0.));
#8500 = DIRECTION('',(0.,0.,1.));
#8501 = ADVANCED_FACE('',(#8502),#8520,.T.);
#8502 = FACE_BOUND('',#8503,.T.);
#8503 = EDGE_LOOP('',(#8504,#8505,#8506,#8514));
#8504 = ORIENTED_EDGE('',*,*,#8483,.F.);
#8505 = ORIENTED_EDGE('',*,*,#7726,.T.);
#8506 = ORIENTED_EDGE('',*,*,#8507,.T.);
#8507 = EDGE_CURVE('',#7719,#8508,#8510,.T.);
#8508 = VERTEX_POINT('',#8509);
#8509 = CARTESIAN_POINT('',(-0.32,-2.22,8.38));
#8510 = LINE('',#8511,#8512);
#8511 = CARTESIAN_POINT('',(-0.32,-2.22,-3.));
#8512 = VECTOR('',#8513,1.);
#8513 = DIRECTION('',(0.,0.,1.));
#8514 = ORIENTED_EDGE('',*,*,#8515,.T.);
#8515 = EDGE_CURVE('',#8508,#8484,#8516,.T.);
#8516 = LINE('',#8517,#8518);
#8517 = CARTESIAN_POINT('',(-0.32,-2.22,8.38));
#8518 = VECTOR('',#8519,1.);
#8519 = DIRECTION('',(1.,0.,0.));
#8520 = PLANE('',#8521);
#8521 = AXIS2_PLACEMENT_3D('',#8522,#8523,#8524);
#8522 = CARTESIAN_POINT('',(-0.32,-2.22,-3.));
#8523 = DIRECTION('',(0.,1.,0.));
#8524 = DIRECTION('',(0.,-0.,1.));
#8525 = ADVANCED_FACE('',(#8526),#8537,.F.);
#8526 = FACE_BOUND('',#8527,.F.);
#8527 = EDGE_LOOP('',(#8528,#8529,#8530,#8531));
#8528 = ORIENTED_EDGE('',*,*,#8459,.F.);
#8529 = ORIENTED_EDGE('',*,*,#7718,.T.);
#8530 = ORIENTED_EDGE('',*,*,#8507,.T.);
#8531 = ORIENTED_EDGE('',*,*,#8532,.F.);
#8532 = EDGE_CURVE('',#8460,#8508,#8533,.T.);
#8533 = LINE('',#8534,#8535);
#8534 = CARTESIAN_POINT('',(-0.32,-2.86,8.38));
#8535 = VECTOR('',#8536,1.);
#8536 = DIRECTION('',(0.,1.,0.));
#8537 = PLANE('',#8538);
#8538 = AXIS2_PLACEMENT_3D('',#8539,#8540,#8541);
#8539 = CARTESIAN_POINT('',(-0.32,-2.86,-3.));
#8540 = DIRECTION('',(1.,0.,0.));
#8541 = DIRECTION('',(0.,0.,1.));
#8542 = ADVANCED_FACE('',(#8543),#8568,.T.);
#8543 = FACE_BOUND('',#8544,.T.);
#8544 = EDGE_LOOP('',(#8545,#8553,#8554,#8562));
#8545 = ORIENTED_EDGE('',*,*,#8546,.F.);
#8546 = EDGE_CURVE('',#7743,#8547,#8549,.T.);
#8547 = VERTEX_POINT('',#8548);
#8548 = CARTESIAN_POINT('',(0.32,-4.76,8.38));
#8549 = LINE('',#8550,#8551);
#8550 = CARTESIAN_POINT('',(0.32,-4.76,-3.));
#8551 = VECTOR('',#8552,1.);
#8552 = DIRECTION('',(0.,0.,1.));
#8553 = ORIENTED_EDGE('',*,*,#7742,.T.);
#8554 = ORIENTED_EDGE('',*,*,#8555,.T.);
#8555 = EDGE_CURVE('',#7745,#8556,#8558,.T.);
#8556 = VERTEX_POINT('',#8557);
#8557 = CARTESIAN_POINT('',(-0.32,-4.76,8.38));
#8558 = LINE('',#8559,#8560);
#8559 = CARTESIAN_POINT('',(-0.32,-4.76,-3.));
#8560 = VECTOR('',#8561,1.);
#8561 = DIRECTION('',(0.,0.,1.));
#8562 = ORIENTED_EDGE('',*,*,#8563,.T.);
#8563 = EDGE_CURVE('',#8556,#8547,#8564,.T.);
#8564 = LINE('',#8565,#8566);
#8565 = CARTESIAN_POINT('',(-0.32,-4.76,8.38));
#8566 = VECTOR('',#8567,1.);
#8567 = DIRECTION('',(1.,0.,0.));
#8568 = PLANE('',#8569);
#8569 = AXIS2_PLACEMENT_3D('',#8570,#8571,#8572);
#8570 = CARTESIAN_POINT('',(-0.32,-4.76,-3.));
#8571 = DIRECTION('',(0.,1.,0.));
#8572 = DIRECTION('',(0.,-0.,1.));
#8573 = ADVANCED_FACE('',(#8574),#8592,.F.);
#8574 = FACE_BOUND('',#8575,.F.);
#8575 = EDGE_LOOP('',(#8576,#8584,#8585,#8586));
#8576 = ORIENTED_EDGE('',*,*,#8577,.F.);
#8577 = EDGE_CURVE('',#7761,#8578,#8580,.T.);
#8578 = VERTEX_POINT('',#8579);
#8579 = CARTESIAN_POINT('',(-0.32,-5.4,8.38));
#8580 = LINE('',#8581,#8582);
#8581 = CARTESIAN_POINT('',(-0.32,-5.4,-3.));
#8582 = VECTOR('',#8583,1.);
#8583 = DIRECTION('',(0.,0.,1.));
#8584 = ORIENTED_EDGE('',*,*,#7768,.T.);
#8585 = ORIENTED_EDGE('',*,*,#8555,.T.);
#8586 = ORIENTED_EDGE('',*,*,#8587,.F.);
#8587 = EDGE_CURVE('',#8578,#8556,#8588,.T.);
#8588 = LINE('',#8589,#8590);
#8589 = CARTESIAN_POINT('',(-0.32,-5.4,8.38));
#8590 = VECTOR('',#8591,1.);
#8591 = DIRECTION('',(0.,1.,0.));
#8592 = PLANE('',#8593);
#8593 = AXIS2_PLACEMENT_3D('',#8594,#8595,#8596);
#8594 = CARTESIAN_POINT('',(-0.32,-5.4,-3.));
#8595 = DIRECTION('',(1.,0.,0.));
#8596 = DIRECTION('',(0.,0.,1.));
#8597 = ADVANCED_FACE('',(#8598),#8616,.F.);
#8598 = FACE_BOUND('',#8599,.F.);
#8599 = EDGE_LOOP('',(#8600,#8608,#8609,#8610));
#8600 = ORIENTED_EDGE('',*,*,#8601,.F.);
#8601 = EDGE_CURVE('',#7753,#8602,#8604,.T.);
#8602 = VERTEX_POINT('',#8603);
#8603 = CARTESIAN_POINT('',(0.32,-5.4,8.38));
#8604 = LINE('',#8605,#8606);
#8605 = CARTESIAN_POINT('',(0.32,-5.4,-3.));
#8606 = VECTOR('',#8607,1.);
#8607 = DIRECTION('',(0.,0.,1.));
#8608 = ORIENTED_EDGE('',*,*,#7760,.T.);
#8609 = ORIENTED_EDGE('',*,*,#8577,.T.);
#8610 = ORIENTED_EDGE('',*,*,#8611,.T.);
#8611 = EDGE_CURVE('',#8578,#8602,#8612,.T.);
#8612 = LINE('',#8613,#8614);
#8613 = CARTESIAN_POINT('',(-0.32,-5.4,8.38));
#8614 = VECTOR('',#8615,1.);
#8615 = DIRECTION('',(1.,0.,0.));
#8616 = PLANE('',#8617);
#8617 = AXIS2_PLACEMENT_3D('',#8618,#8619,#8620);
#8618 = CARTESIAN_POINT('',(-0.32,-5.4,-3.));
#8619 = DIRECTION('',(0.,1.,0.));
#8620 = DIRECTION('',(0.,-0.,1.));
#8621 = ADVANCED_FACE('',(#8622),#8633,.T.);
#8622 = FACE_BOUND('',#8623,.T.);
#8623 = EDGE_LOOP('',(#8624,#8625,#8626,#8627));
#8624 = ORIENTED_EDGE('',*,*,#8601,.F.);
#8625 = ORIENTED_EDGE('',*,*,#7752,.T.);
#8626 = ORIENTED_EDGE('',*,*,#8546,.T.);
#8627 = ORIENTED_EDGE('',*,*,#8628,.F.);
#8628 = EDGE_CURVE('',#8602,#8547,#8629,.T.);
#8629 = LINE('',#8630,#8631);
#8630 = CARTESIAN_POINT('',(0.32,-5.4,8.38));
#8631 = VECTOR('',#8632,1.);
#8632 = DIRECTION('',(0.,1.,0.));
#8633 = PLANE('',#8634);
#8634 = AXIS2_PLACEMENT_3D('',#8635,#8636,#8637);
#8635 = CARTESIAN_POINT('',(0.32,-5.4,-3.));
#8636 = DIRECTION('',(1.,0.,0.));
#8637 = DIRECTION('',(0.,0.,1.));
#8638 = ADVANCED_FACE('',(#8639),#8664,.F.);
#8639 = FACE_BOUND('',#8640,.F.);
#8640 = EDGE_LOOP('',(#8641,#8649,#8650,#8658));
#8641 = ORIENTED_EDGE('',*,*,#8642,.F.);
#8642 = EDGE_CURVE('',#8067,#8643,#8645,.T.);
#8643 = VERTEX_POINT('',#8644);
#8644 = CARTESIAN_POINT('',(0.16,-0.16,-3.));
#8645 = LINE('',#8646,#8647);
#8646 = CARTESIAN_POINT('',(0.16,-0.16,-3.));
#8647 = VECTOR('',#8648,1.);
#8648 = DIRECTION('',(-0.57735026919,0.57735026919,-0.57735026919));
#8649 = ORIENTED_EDGE('',*,*,#8074,.T.);
#8650 = ORIENTED_EDGE('',*,*,#8651,.T.);
#8651 = EDGE_CURVE('',#8075,#8652,#8654,.T.);
#8652 = VERTEX_POINT('',#8653);
#8653 = CARTESIAN_POINT('',(0.16,0.16,-3.));
#8654 = LINE('',#8655,#8656);
#8655 = CARTESIAN_POINT('',(5.333333333333E-02,5.333333333333E-02,
    -3.106666666667));
#8656 = VECTOR('',#8657,1.);
#8657 = DIRECTION('',(-0.57735026919,-0.57735026919,-0.57735026919));
#8658 = ORIENTED_EDGE('',*,*,#8659,.F.);
#8659 = EDGE_CURVE('',#8643,#8652,#8660,.T.);
#8660 = LINE('',#8661,#8662);
#8661 = CARTESIAN_POINT('',(0.16,-0.32,-3.));
#8662 = VECTOR('',#8663,1.);
#8663 = DIRECTION('',(0.,1.,0.));
#8664 = PLANE('',#8665);
#8665 = AXIS2_PLACEMENT_3D('',#8666,#8667,#8668);
#8666 = CARTESIAN_POINT('',(0.24,-0.32,-2.92));
#8667 = DIRECTION('',(-0.707106781187,1.735167508357E-18,0.707106781187)
  );
#8668 = DIRECTION('',(1.226948711654E-18,1.,-1.226948711654E-18));
#8669 = ADVANCED_FACE('',(#8670),#8688,.F.);
#8670 = FACE_BOUND('',#8671,.T.);
#8671 = EDGE_LOOP('',(#8672,#8680,#8681,#8682));
#8672 = ORIENTED_EDGE('',*,*,#8673,.F.);
#8673 = EDGE_CURVE('',#8099,#8674,#8676,.T.);
#8674 = VERTEX_POINT('',#8675);
#8675 = CARTESIAN_POINT('',(-0.16,0.16,-3.));
#8676 = LINE('',#8677,#8678);
#8677 = CARTESIAN_POINT('',(-0.16,0.16,-3.));
#8678 = VECTOR('',#8679,1.);
#8679 = DIRECTION('',(0.57735026919,-0.57735026919,-0.57735026919));
#8680 = ORIENTED_EDGE('',*,*,#8098,.T.);
#8681 = ORIENTED_EDGE('',*,*,#8651,.T.);
#8682 = ORIENTED_EDGE('',*,*,#8683,.F.);
#8683 = EDGE_CURVE('',#8674,#8652,#8684,.T.);
#8684 = LINE('',#8685,#8686);
#8685 = CARTESIAN_POINT('',(-0.32,0.16,-3.));
#8686 = VECTOR('',#8687,1.);
#8687 = DIRECTION('',(1.,0.,0.));
#8688 = PLANE('',#8689);
#8689 = AXIS2_PLACEMENT_3D('',#8690,#8691,#8692);
#8690 = CARTESIAN_POINT('',(-0.32,0.24,-2.92));
#8691 = DIRECTION('',(-1.735167508357E-18,-0.707106781187,0.707106781187
    ));
#8692 = DIRECTION('',(-1.,1.226948711654E-18,-1.226948711654E-18));
#8693 = ADVANCED_FACE('',(#8694),#8712,.T.);
#8694 = FACE_BOUND('',#8695,.T.);
#8695 = EDGE_LOOP('',(#8696,#8704,#8705,#8706));
#8696 = ORIENTED_EDGE('',*,*,#8697,.F.);
#8697 = EDGE_CURVE('',#8122,#8698,#8700,.T.);
#8698 = VERTEX_POINT('',#8699);
#8699 = CARTESIAN_POINT('',(-0.16,-0.16,-3.));
#8700 = LINE('',#8701,#8702);
#8701 = CARTESIAN_POINT('',(-0.266666666667,-0.266666666667,
    -2.893333333333));
#8702 = VECTOR('',#8703,1.);
#8703 = DIRECTION('',(0.57735026919,0.57735026919,-0.57735026919));
#8704 = ORIENTED_EDGE('',*,*,#8129,.T.);
#8705 = ORIENTED_EDGE('',*,*,#8673,.T.);
#8706 = ORIENTED_EDGE('',*,*,#8707,.F.);
#8707 = EDGE_CURVE('',#8698,#8674,#8708,.T.);
#8708 = LINE('',#8709,#8710);
#8709 = CARTESIAN_POINT('',(-0.16,-0.32,-3.));
#8710 = VECTOR('',#8711,1.);
#8711 = DIRECTION('',(0.,1.,0.));
#8712 = PLANE('',#8713);
#8713 = AXIS2_PLACEMENT_3D('',#8714,#8715,#8716);
#8714 = CARTESIAN_POINT('',(-0.24,-0.32,-2.92));
#8715 = DIRECTION('',(-0.707106781187,-1.735167508357E-18,
    -0.707106781187));
#8716 = DIRECTION('',(-1.226948711654E-18,1.,-1.226948711654E-18));
#8717 = ADVANCED_FACE('',(#8718),#8729,.T.);
#8718 = FACE_BOUND('',#8719,.F.);
#8719 = EDGE_LOOP('',(#8720,#8721,#8722,#8723));
#8720 = ORIENTED_EDGE('',*,*,#8697,.F.);
#8721 = ORIENTED_EDGE('',*,*,#8146,.T.);
#8722 = ORIENTED_EDGE('',*,*,#8642,.T.);
#8723 = ORIENTED_EDGE('',*,*,#8724,.F.);
#8724 = EDGE_CURVE('',#8698,#8643,#8725,.T.);
#8725 = LINE('',#8726,#8727);
#8726 = CARTESIAN_POINT('',(-0.32,-0.16,-3.));
#8727 = VECTOR('',#8728,1.);
#8728 = DIRECTION('',(1.,0.,0.));
#8729 = PLANE('',#8730);
#8730 = AXIS2_PLACEMENT_3D('',#8731,#8732,#8733);
#8731 = CARTESIAN_POINT('',(-0.32,-0.24,-2.92));
#8732 = DIRECTION('',(1.735167508357E-18,-0.707106781187,-0.707106781187
    ));
#8733 = DIRECTION('',(-1.,-1.226948711654E-18,-1.226948711654E-18));
#8734 = ADVANCED_FACE('',(#8735),#8760,.T.);
#8735 = FACE_BOUND('',#8736,.F.);
#8736 = EDGE_LOOP('',(#8737,#8745,#8746,#8754));
#8737 = ORIENTED_EDGE('',*,*,#8738,.F.);
#8738 = EDGE_CURVE('',#8171,#8739,#8741,.T.);
#8739 = VERTEX_POINT('',#8740);
#8740 = CARTESIAN_POINT('',(-0.16,-2.7,-3.));
#8741 = LINE('',#8742,#8743);
#8742 = CARTESIAN_POINT('',(-0.266666666667,-2.806666666667,
    -2.893333333333));
#8743 = VECTOR('',#8744,1.);
#8744 = DIRECTION('',(0.57735026919,0.57735026919,-0.57735026919));
#8745 = ORIENTED_EDGE('',*,*,#8170,.T.);
#8746 = ORIENTED_EDGE('',*,*,#8747,.T.);
#8747 = EDGE_CURVE('',#8163,#8748,#8750,.T.);
#8748 = VERTEX_POINT('',#8749);
#8749 = CARTESIAN_POINT('',(0.16,-2.7,-3.));
#8750 = LINE('',#8751,#8752);
#8751 = CARTESIAN_POINT('',(0.16,-2.7,-3.));
#8752 = VECTOR('',#8753,1.);
#8753 = DIRECTION('',(-0.57735026919,0.57735026919,-0.57735026919));
#8754 = ORIENTED_EDGE('',*,*,#8755,.F.);
#8755 = EDGE_CURVE('',#8739,#8748,#8756,.T.);
#8756 = LINE('',#8757,#8758);
#8757 = CARTESIAN_POINT('',(-0.32,-2.7,-3.));
#8758 = VECTOR('',#8759,1.);
#8759 = DIRECTION('',(1.,0.,0.));
#8760 = PLANE('',#8761);
#8761 = AXIS2_PLACEMENT_3D('',#8762,#8763,#8764);
#8762 = CARTESIAN_POINT('',(-0.32,-2.78,-2.92));
#8763 = DIRECTION('',(1.735167508357E-18,-0.707106781187,-0.707106781187
    ));
#8764 = DIRECTION('',(-1.,-1.226948711654E-18,-1.226948711654E-18));
#8765 = ADVANCED_FACE('',(#8766),#8784,.F.);
#8766 = FACE_BOUND('',#8767,.F.);
#8767 = EDGE_LOOP('',(#8768,#8769,#8770,#8778));
#8768 = ORIENTED_EDGE('',*,*,#8747,.F.);
#8769 = ORIENTED_EDGE('',*,*,#8194,.T.);
#8770 = ORIENTED_EDGE('',*,*,#8771,.T.);
#8771 = EDGE_CURVE('',#8195,#8772,#8774,.T.);
#8772 = VERTEX_POINT('',#8773);
#8773 = CARTESIAN_POINT('',(0.16,-2.38,-3.));
#8774 = LINE('',#8775,#8776);
#8775 = CARTESIAN_POINT('',(5.333333333333E-02,-2.486666666667,
    -3.106666666667));
#8776 = VECTOR('',#8777,1.);
#8777 = DIRECTION('',(-0.57735026919,-0.57735026919,-0.57735026919));
#8778 = ORIENTED_EDGE('',*,*,#8779,.F.);
#8779 = EDGE_CURVE('',#8748,#8772,#8780,.T.);
#8780 = LINE('',#8781,#8782);
#8781 = CARTESIAN_POINT('',(0.16,-2.86,-3.));
#8782 = VECTOR('',#8783,1.);
#8783 = DIRECTION('',(0.,1.,0.));
#8784 = PLANE('',#8785);
#8785 = AXIS2_PLACEMENT_3D('',#8786,#8787,#8788);
#8786 = CARTESIAN_POINT('',(0.24,-2.86,-2.92));
#8787 = DIRECTION('',(-0.707106781187,1.735167508357E-18,0.707106781187)
  );
#8788 = DIRECTION('',(1.226948711654E-18,1.,-1.226948711654E-18));
#8789 = ADVANCED_FACE('',(#8790),#8808,.F.);
#8790 = FACE_BOUND('',#8791,.T.);
#8791 = EDGE_LOOP('',(#8792,#8800,#8801,#8802));
#8792 = ORIENTED_EDGE('',*,*,#8793,.F.);
#8793 = EDGE_CURVE('',#8219,#8794,#8796,.T.);
#8794 = VERTEX_POINT('',#8795);
#8795 = CARTESIAN_POINT('',(-0.16,-2.38,-3.));
#8796 = LINE('',#8797,#8798);
#8797 = CARTESIAN_POINT('',(-0.16,-2.38,-3.));
#8798 = VECTOR('',#8799,1.);
#8799 = DIRECTION('',(0.57735026919,-0.57735026919,-0.57735026919));
#8800 = ORIENTED_EDGE('',*,*,#8218,.T.);
#8801 = ORIENTED_EDGE('',*,*,#8771,.T.);
#8802 = ORIENTED_EDGE('',*,*,#8803,.F.);
#8803 = EDGE_CURVE('',#8794,#8772,#8804,.T.);
#8804 = LINE('',#8805,#8806);
#8805 = CARTESIAN_POINT('',(-0.32,-2.38,-3.));
#8806 = VECTOR('',#8807,1.);
#8807 = DIRECTION('',(1.,0.,0.));
#8808 = PLANE('',#8809);
#8809 = AXIS2_PLACEMENT_3D('',#8810,#8811,#8812);
#8810 = CARTESIAN_POINT('',(-0.32,-2.3,-2.92));
#8811 = DIRECTION('',(-1.735167508357E-18,-0.707106781187,0.707106781187
    ));
#8812 = DIRECTION('',(-1.,1.226948711654E-18,-1.226948711654E-18));
#8813 = ADVANCED_FACE('',(#8814),#8825,.T.);
#8814 = FACE_BOUND('',#8815,.T.);
#8815 = EDGE_LOOP('',(#8816,#8817,#8818,#8819));
#8816 = ORIENTED_EDGE('',*,*,#8738,.F.);
#8817 = ORIENTED_EDGE('',*,*,#8242,.T.);
#8818 = ORIENTED_EDGE('',*,*,#8793,.T.);
#8819 = ORIENTED_EDGE('',*,*,#8820,.F.);
#8820 = EDGE_CURVE('',#8739,#8794,#8821,.T.);
#8821 = LINE('',#8822,#8823);
#8822 = CARTESIAN_POINT('',(-0.16,-2.86,-3.));
#8823 = VECTOR('',#8824,1.);
#8824 = DIRECTION('',(0.,1.,0.));
#8825 = PLANE('',#8826);
#8826 = AXIS2_PLACEMENT_3D('',#8827,#8828,#8829);
#8827 = CARTESIAN_POINT('',(-0.24,-2.86,-2.92));
#8828 = DIRECTION('',(-0.707106781187,-1.735167508357E-18,
    -0.707106781187));
#8829 = DIRECTION('',(-1.226948711654E-18,1.,-1.226948711654E-18));
#8830 = ADVANCED_FACE('',(#8831),#8856,.F.);
#8831 = FACE_BOUND('',#8832,.T.);
#8832 = EDGE_LOOP('',(#8833,#8841,#8842,#8850));
#8833 = ORIENTED_EDGE('',*,*,#8834,.F.);
#8834 = EDGE_CURVE('',#8267,#8835,#8837,.T.);
#8835 = VERTEX_POINT('',#8836);
#8836 = CARTESIAN_POINT('',(-0.16,-4.92,-3.));
#8837 = LINE('',#8838,#8839);
#8838 = CARTESIAN_POINT('',(-0.16,-4.92,-3.));
#8839 = VECTOR('',#8840,1.);
#8840 = DIRECTION('',(0.57735026919,-0.57735026919,-0.57735026919));
#8841 = ORIENTED_EDGE('',*,*,#8266,.T.);
#8842 = ORIENTED_EDGE('',*,*,#8843,.T.);
#8843 = EDGE_CURVE('',#8259,#8844,#8846,.T.);
#8844 = VERTEX_POINT('',#8845);
#8845 = CARTESIAN_POINT('',(0.16,-4.92,-3.));
#8846 = LINE('',#8847,#8848);
#8847 = CARTESIAN_POINT('',(5.333333333333E-02,-5.026666666667,
    -3.106666666667));
#8848 = VECTOR('',#8849,1.);
#8849 = DIRECTION('',(-0.57735026919,-0.57735026919,-0.57735026919));
#8850 = ORIENTED_EDGE('',*,*,#8851,.F.);
#8851 = EDGE_CURVE('',#8835,#8844,#8852,.T.);
#8852 = LINE('',#8853,#8854);
#8853 = CARTESIAN_POINT('',(-0.32,-4.92,-3.));
#8854 = VECTOR('',#8855,1.);
#8855 = DIRECTION('',(1.,0.,0.));
#8856 = PLANE('',#8857);
#8857 = AXIS2_PLACEMENT_3D('',#8858,#8859,#8860);
#8858 = CARTESIAN_POINT('',(-0.32,-4.84,-2.92));
#8859 = DIRECTION('',(-1.735167508357E-18,-0.707106781187,0.707106781187
    ));
#8860 = DIRECTION('',(-1.,1.226948711654E-18,-1.226948711654E-18));
#8861 = ADVANCED_FACE('',(#8862),#8880,.T.);
#8862 = FACE_BOUND('',#8863,.T.);
#8863 = EDGE_LOOP('',(#8864,#8872,#8873,#8874));
#8864 = ORIENTED_EDGE('',*,*,#8865,.F.);
#8865 = EDGE_CURVE('',#8290,#8866,#8868,.T.);
#8866 = VERTEX_POINT('',#8867);
#8867 = CARTESIAN_POINT('',(-0.16,-5.24,-3.));
#8868 = LINE('',#8869,#8870);
#8869 = CARTESIAN_POINT('',(-0.266666666667,-5.346666666667,
    -2.893333333333));
#8870 = VECTOR('',#8871,1.);
#8871 = DIRECTION('',(0.57735026919,0.57735026919,-0.57735026919));
#8872 = ORIENTED_EDGE('',*,*,#8297,.T.);
#8873 = ORIENTED_EDGE('',*,*,#8834,.T.);
#8874 = ORIENTED_EDGE('',*,*,#8875,.F.);
#8875 = EDGE_CURVE('',#8866,#8835,#8876,.T.);
#8876 = LINE('',#8877,#8878);
#8877 = CARTESIAN_POINT('',(-0.16,-5.4,-3.));
#8878 = VECTOR('',#8879,1.);
#8879 = DIRECTION('',(0.,1.,0.));
#8880 = PLANE('',#8881);
#8881 = AXIS2_PLACEMENT_3D('',#8882,#8883,#8884);
#8882 = CARTESIAN_POINT('',(-0.24,-5.4,-2.92));
#8883 = DIRECTION('',(-0.707106781187,-1.735167508357E-18,
    -0.707106781187));
#8884 = DIRECTION('',(-1.226948711654E-18,1.,-1.226948711654E-18));
#8885 = ADVANCED_FACE('',(#8886),#8904,.T.);
#8886 = FACE_BOUND('',#8887,.F.);
#8887 = EDGE_LOOP('',(#8888,#8889,#8890,#8898));
#8888 = ORIENTED_EDGE('',*,*,#8865,.F.);
#8889 = ORIENTED_EDGE('',*,*,#8321,.T.);
#8890 = ORIENTED_EDGE('',*,*,#8891,.T.);
#8891 = EDGE_CURVE('',#8314,#8892,#8894,.T.);
#8892 = VERTEX_POINT('',#8893);
#8893 = CARTESIAN_POINT('',(0.16,-5.24,-3.));
#8894 = LINE('',#8895,#8896);
#8895 = CARTESIAN_POINT('',(0.16,-5.24,-3.));
#8896 = VECTOR('',#8897,1.);
#8897 = DIRECTION('',(-0.57735026919,0.57735026919,-0.57735026919));
#8898 = ORIENTED_EDGE('',*,*,#8899,.F.);
#8899 = EDGE_CURVE('',#8866,#8892,#8900,.T.);
#8900 = LINE('',#8901,#8902);
#8901 = CARTESIAN_POINT('',(-0.32,-5.24,-3.));
#8902 = VECTOR('',#8903,1.);
#8903 = DIRECTION('',(1.,0.,0.));
#8904 = PLANE('',#8905);
#8905 = AXIS2_PLACEMENT_3D('',#8906,#8907,#8908);
#8906 = CARTESIAN_POINT('',(-0.32,-5.32,-2.92));
#8907 = DIRECTION('',(1.735167508357E-18,-0.707106781187,-0.707106781187
    ));
#8908 = DIRECTION('',(-1.,-1.226948711654E-18,-1.226948711654E-18));
#8909 = ADVANCED_FACE('',(#8910),#8921,.F.);
#8910 = FACE_BOUND('',#8911,.F.);
#8911 = EDGE_LOOP('',(#8912,#8913,#8914,#8915));
#8912 = ORIENTED_EDGE('',*,*,#8891,.F.);
#8913 = ORIENTED_EDGE('',*,*,#8338,.T.);
#8914 = ORIENTED_EDGE('',*,*,#8843,.T.);
#8915 = ORIENTED_EDGE('',*,*,#8916,.F.);
#8916 = EDGE_CURVE('',#8892,#8844,#8917,.T.);
#8917 = LINE('',#8918,#8919);
#8918 = CARTESIAN_POINT('',(0.16,-5.4,-3.));
#8919 = VECTOR('',#8920,1.);
#8920 = DIRECTION('',(0.,1.,0.));
#8921 = PLANE('',#8922);
#8922 = AXIS2_PLACEMENT_3D('',#8923,#8924,#8925);
#8923 = CARTESIAN_POINT('',(0.24,-5.4,-2.92));
#8924 = DIRECTION('',(-0.707106781187,1.735167508357E-18,0.707106781187)
  );
#8925 = DIRECTION('',(1.226948711654E-18,1.,-1.226948711654E-18));
#8926 = ADVANCED_FACE('',(#8927),#8952,.T.);
#8927 = FACE_BOUND('',#8928,.T.);
#8928 = EDGE_LOOP('',(#8929,#8937,#8938,#8946));
#8929 = ORIENTED_EDGE('',*,*,#8930,.F.);
#8930 = EDGE_CURVE('',#8355,#8931,#8933,.T.);
#8931 = VERTEX_POINT('',#8932);
#8932 = CARTESIAN_POINT('',(0.16,-0.16,8.54));
#8933 = LINE('',#8934,#8935);
#8934 = CARTESIAN_POINT('',(0.16,-0.16,8.54));
#8935 = VECTOR('',#8936,1.);
#8936 = DIRECTION('',(-0.57735026919,0.57735026919,0.57735026919));
#8937 = ORIENTED_EDGE('',*,*,#8371,.T.);
#8938 = ORIENTED_EDGE('',*,*,#8939,.T.);
#8939 = EDGE_CURVE('',#8364,#8940,#8942,.T.);
#8940 = VERTEX_POINT('',#8941);
#8941 = CARTESIAN_POINT('',(0.16,0.16,8.54));
#8942 = LINE('',#8943,#8944);
#8943 = CARTESIAN_POINT('',(5.333333333333E-02,5.333333333333E-02,
    8.646666666667));
#8944 = VECTOR('',#8945,1.);
#8945 = DIRECTION('',(-0.57735026919,-0.57735026919,0.57735026919));
#8946 = ORIENTED_EDGE('',*,*,#8947,.F.);
#8947 = EDGE_CURVE('',#8931,#8940,#8948,.T.);
#8948 = LINE('',#8949,#8950);
#8949 = CARTESIAN_POINT('',(0.16,-0.32,8.54));
#8950 = VECTOR('',#8951,1.);
#8951 = DIRECTION('',(0.,1.,0.));
#8952 = PLANE('',#8953);
#8953 = AXIS2_PLACEMENT_3D('',#8954,#8955,#8956);
#8954 = CARTESIAN_POINT('',(0.24,-0.32,8.46));
#8955 = DIRECTION('',(0.707106781187,-1.735167508357E-18,0.707106781187)
  );
#8956 = DIRECTION('',(1.226948711654E-18,1.,1.226948711654E-18));
#8957 = ADVANCED_FACE('',(#8958),#8976,.T.);
#8958 = FACE_BOUND('',#8959,.F.);
#8959 = EDGE_LOOP('',(#8960,#8968,#8969,#8970));
#8960 = ORIENTED_EDGE('',*,*,#8961,.F.);
#8961 = EDGE_CURVE('',#8388,#8962,#8964,.T.);
#8962 = VERTEX_POINT('',#8963);
#8963 = CARTESIAN_POINT('',(-0.16,0.16,8.54));
#8964 = LINE('',#8965,#8966);
#8965 = CARTESIAN_POINT('',(-0.16,0.16,8.54));
#8966 = VECTOR('',#8967,1.);
#8967 = DIRECTION('',(0.57735026919,-0.57735026919,0.57735026919));
#8968 = ORIENTED_EDGE('',*,*,#8395,.T.);
#8969 = ORIENTED_EDGE('',*,*,#8939,.T.);
#8970 = ORIENTED_EDGE('',*,*,#8971,.F.);
#8971 = EDGE_CURVE('',#8962,#8940,#8972,.T.);
#8972 = LINE('',#8973,#8974);
#8973 = CARTESIAN_POINT('',(-0.32,0.16,8.54));
#8974 = VECTOR('',#8975,1.);
#8975 = DIRECTION('',(1.,0.,0.));
#8976 = PLANE('',#8977);
#8977 = AXIS2_PLACEMENT_3D('',#8978,#8979,#8980);
#8978 = CARTESIAN_POINT('',(-0.32,0.24,8.46));
#8979 = DIRECTION('',(1.735167508357E-18,0.707106781187,0.707106781187)
  );
#8980 = DIRECTION('',(-1.,1.226948711654E-18,1.226948711654E-18));
#8981 = ADVANCED_FACE('',(#8982),#9000,.F.);
#8982 = FACE_BOUND('',#8983,.F.);
#8983 = EDGE_LOOP('',(#8984,#8992,#8993,#8994));
#8984 = ORIENTED_EDGE('',*,*,#8985,.F.);
#8985 = EDGE_CURVE('',#8410,#8986,#8988,.T.);
#8986 = VERTEX_POINT('',#8987);
#8987 = CARTESIAN_POINT('',(-0.16,-0.16,8.54));
#8988 = LINE('',#8989,#8990);
#8989 = CARTESIAN_POINT('',(-0.266666666667,-0.266666666667,
    8.433333333333));
#8990 = VECTOR('',#8991,1.);
#8991 = DIRECTION('',(0.57735026919,0.57735026919,0.57735026919));
#8992 = ORIENTED_EDGE('',*,*,#8419,.T.);
#8993 = ORIENTED_EDGE('',*,*,#8961,.T.);
#8994 = ORIENTED_EDGE('',*,*,#8995,.F.);
#8995 = EDGE_CURVE('',#8986,#8962,#8996,.T.);
#8996 = LINE('',#8997,#8998);
#8997 = CARTESIAN_POINT('',(-0.16,-0.32,8.54));
#8998 = VECTOR('',#8999,1.);
#8999 = DIRECTION('',(0.,1.,0.));
#9000 = PLANE('',#9001);
#9001 = AXIS2_PLACEMENT_3D('',#9002,#9003,#9004);
#9002 = CARTESIAN_POINT('',(-0.24,-0.32,8.46));
#9003 = DIRECTION('',(0.707106781187,1.735167508357E-18,-0.707106781187)
  );
#9004 = DIRECTION('',(-1.226948711654E-18,1.,1.226948711654E-18));
#9005 = ADVANCED_FACE('',(#9006),#9017,.F.);
#9006 = FACE_BOUND('',#9007,.T.);
#9007 = EDGE_LOOP('',(#9008,#9009,#9010,#9011));
#9008 = ORIENTED_EDGE('',*,*,#8985,.F.);
#9009 = ORIENTED_EDGE('',*,*,#8436,.T.);
#9010 = ORIENTED_EDGE('',*,*,#8930,.T.);
#9011 = ORIENTED_EDGE('',*,*,#9012,.F.);
#9012 = EDGE_CURVE('',#8986,#8931,#9013,.T.);
#9013 = LINE('',#9014,#9015);
#9014 = CARTESIAN_POINT('',(-0.32,-0.16,8.54));
#9015 = VECTOR('',#9016,1.);
#9016 = DIRECTION('',(1.,0.,0.));
#9017 = PLANE('',#9018);
#9018 = AXIS2_PLACEMENT_3D('',#9019,#9020,#9021);
#9019 = CARTESIAN_POINT('',(-0.32,-0.24,8.46));
#9020 = DIRECTION('',(-1.735167508357E-18,0.707106781187,-0.707106781187
    ));
#9021 = DIRECTION('',(-1.,-1.226948711654E-18,1.226948711654E-18));
#9022 = ADVANCED_FACE('',(#9023),#9048,.F.);
#9023 = FACE_BOUND('',#9024,.T.);
#9024 = EDGE_LOOP('',(#9025,#9033,#9034,#9042));
#9025 = ORIENTED_EDGE('',*,*,#9026,.F.);
#9026 = EDGE_CURVE('',#8460,#9027,#9029,.T.);
#9027 = VERTEX_POINT('',#9028);
#9028 = CARTESIAN_POINT('',(-0.16,-2.7,8.54));
#9029 = LINE('',#9030,#9031);
#9030 = CARTESIAN_POINT('',(-0.266666666667,-2.806666666667,
    8.433333333333));
#9031 = VECTOR('',#9032,1.);
#9032 = DIRECTION('',(0.57735026919,0.57735026919,0.57735026919));
#9033 = ORIENTED_EDGE('',*,*,#8467,.T.);
#9034 = ORIENTED_EDGE('',*,*,#9035,.T.);
#9035 = EDGE_CURVE('',#8451,#9036,#9038,.T.);
#9036 = VERTEX_POINT('',#9037);
#9037 = CARTESIAN_POINT('',(0.16,-2.7,8.54));
#9038 = LINE('',#9039,#9040);
#9039 = CARTESIAN_POINT('',(0.16,-2.7,8.54));
#9040 = VECTOR('',#9041,1.);
#9041 = DIRECTION('',(-0.57735026919,0.57735026919,0.57735026919));
#9042 = ORIENTED_EDGE('',*,*,#9043,.F.);
#9043 = EDGE_CURVE('',#9027,#9036,#9044,.T.);
#9044 = LINE('',#9045,#9046);
#9045 = CARTESIAN_POINT('',(-0.32,-2.7,8.54));
#9046 = VECTOR('',#9047,1.);
#9047 = DIRECTION('',(1.,0.,0.));
#9048 = PLANE('',#9049);
#9049 = AXIS2_PLACEMENT_3D('',#9050,#9051,#9052);
#9050 = CARTESIAN_POINT('',(-0.32,-2.78,8.46));
#9051 = DIRECTION('',(-1.735167508357E-18,0.707106781187,-0.707106781187
    ));
#9052 = DIRECTION('',(-1.,-1.226948711654E-18,1.226948711654E-18));
#9053 = ADVANCED_FACE('',(#9054),#9072,.T.);
#9054 = FACE_BOUND('',#9055,.T.);
#9055 = EDGE_LOOP('',(#9056,#9057,#9058,#9066));
#9056 = ORIENTED_EDGE('',*,*,#9035,.F.);
#9057 = ORIENTED_EDGE('',*,*,#8491,.T.);
#9058 = ORIENTED_EDGE('',*,*,#9059,.T.);
#9059 = EDGE_CURVE('',#8484,#9060,#9062,.T.);
#9060 = VERTEX_POINT('',#9061);
#9061 = CARTESIAN_POINT('',(0.16,-2.38,8.54));
#9062 = LINE('',#9063,#9064);
#9063 = CARTESIAN_POINT('',(5.333333333333E-02,-2.486666666667,
    8.646666666667));
#9064 = VECTOR('',#9065,1.);
#9065 = DIRECTION('',(-0.57735026919,-0.57735026919,0.57735026919));
#9066 = ORIENTED_EDGE('',*,*,#9067,.F.);
#9067 = EDGE_CURVE('',#9036,#9060,#9068,.T.);
#9068 = LINE('',#9069,#9070);
#9069 = CARTESIAN_POINT('',(0.16,-2.86,8.54));
#9070 = VECTOR('',#9071,1.);
#9071 = DIRECTION('',(0.,1.,0.));
#9072 = PLANE('',#9073);
#9073 = AXIS2_PLACEMENT_3D('',#9074,#9075,#9076);
#9074 = CARTESIAN_POINT('',(0.24,-2.86,8.46));
#9075 = DIRECTION('',(0.707106781187,-1.735167508357E-18,0.707106781187)
  );
#9076 = DIRECTION('',(1.226948711654E-18,1.,1.226948711654E-18));
#9077 = ADVANCED_FACE('',(#9078),#9096,.T.);
#9078 = FACE_BOUND('',#9079,.F.);
#9079 = EDGE_LOOP('',(#9080,#9088,#9089,#9090));
#9080 = ORIENTED_EDGE('',*,*,#9081,.F.);
#9081 = EDGE_CURVE('',#8508,#9082,#9084,.T.);
#9082 = VERTEX_POINT('',#9083);
#9083 = CARTESIAN_POINT('',(-0.16,-2.38,8.54));
#9084 = LINE('',#9085,#9086);
#9085 = CARTESIAN_POINT('',(-0.16,-2.38,8.54));
#9086 = VECTOR('',#9087,1.);
#9087 = DIRECTION('',(0.57735026919,-0.57735026919,0.57735026919));
#9088 = ORIENTED_EDGE('',*,*,#8515,.T.);
#9089 = ORIENTED_EDGE('',*,*,#9059,.T.);
#9090 = ORIENTED_EDGE('',*,*,#9091,.F.);
#9091 = EDGE_CURVE('',#9082,#9060,#9092,.T.);
#9092 = LINE('',#9093,#9094);
#9093 = CARTESIAN_POINT('',(-0.32,-2.38,8.54));
#9094 = VECTOR('',#9095,1.);
#9095 = DIRECTION('',(1.,0.,0.));
#9096 = PLANE('',#9097);
#9097 = AXIS2_PLACEMENT_3D('',#9098,#9099,#9100);
#9098 = CARTESIAN_POINT('',(-0.32,-2.3,8.46));
#9099 = DIRECTION('',(1.735167508357E-18,0.707106781187,0.707106781187)
  );
#9100 = DIRECTION('',(-1.,1.226948711654E-18,1.226948711654E-18));
#9101 = ADVANCED_FACE('',(#9102),#9113,.F.);
#9102 = FACE_BOUND('',#9103,.F.);
#9103 = EDGE_LOOP('',(#9104,#9105,#9106,#9107));
#9104 = ORIENTED_EDGE('',*,*,#9026,.F.);
#9105 = ORIENTED_EDGE('',*,*,#8532,.T.);
#9106 = ORIENTED_EDGE('',*,*,#9081,.T.);
#9107 = ORIENTED_EDGE('',*,*,#9108,.F.);
#9108 = EDGE_CURVE('',#9027,#9082,#9109,.T.);
#9109 = LINE('',#9110,#9111);
#9110 = CARTESIAN_POINT('',(-0.16,-2.86,8.54));
#9111 = VECTOR('',#9112,1.);
#9112 = DIRECTION('',(0.,1.,0.));
#9113 = PLANE('',#9114);
#9114 = AXIS2_PLACEMENT_3D('',#9115,#9116,#9117);
#9115 = CARTESIAN_POINT('',(-0.24,-2.86,8.46));
#9116 = DIRECTION('',(0.707106781187,1.735167508357E-18,-0.707106781187)
  );
#9117 = DIRECTION('',(-1.226948711654E-18,1.,1.226948711654E-18));
#9118 = ADVANCED_FACE('',(#9119),#9144,.T.);
#9119 = FACE_BOUND('',#9120,.F.);
#9120 = EDGE_LOOP('',(#9121,#9129,#9130,#9138));
#9121 = ORIENTED_EDGE('',*,*,#9122,.F.);
#9122 = EDGE_CURVE('',#8556,#9123,#9125,.T.);
#9123 = VERTEX_POINT('',#9124);
#9124 = CARTESIAN_POINT('',(-0.16,-4.92,8.54));
#9125 = LINE('',#9126,#9127);
#9126 = CARTESIAN_POINT('',(-0.16,-4.92,8.54));
#9127 = VECTOR('',#9128,1.);
#9128 = DIRECTION('',(0.57735026919,-0.57735026919,0.57735026919));
#9129 = ORIENTED_EDGE('',*,*,#8563,.T.);
#9130 = ORIENTED_EDGE('',*,*,#9131,.T.);
#9131 = EDGE_CURVE('',#8547,#9132,#9134,.T.);
#9132 = VERTEX_POINT('',#9133);
#9133 = CARTESIAN_POINT('',(0.16,-4.92,8.54));
#9134 = LINE('',#9135,#9136);
#9135 = CARTESIAN_POINT('',(5.333333333333E-02,-5.026666666667,
    8.646666666667));
#9136 = VECTOR('',#9137,1.);
#9137 = DIRECTION('',(-0.57735026919,-0.57735026919,0.57735026919));
#9138 = ORIENTED_EDGE('',*,*,#9139,.F.);
#9139 = EDGE_CURVE('',#9123,#9132,#9140,.T.);
#9140 = LINE('',#9141,#9142);
#9141 = CARTESIAN_POINT('',(-0.32,-4.92,8.54));
#9142 = VECTOR('',#9143,1.);
#9143 = DIRECTION('',(1.,0.,0.));
#9144 = PLANE('',#9145);
#9145 = AXIS2_PLACEMENT_3D('',#9146,#9147,#9148);
#9146 = CARTESIAN_POINT('',(-0.32,-4.84,8.46));
#9147 = DIRECTION('',(1.735167508357E-18,0.707106781187,0.707106781187)
  );
#9148 = DIRECTION('',(-1.,1.226948711654E-18,1.226948711654E-18));
#9149 = ADVANCED_FACE('',(#9150),#9168,.F.);
#9150 = FACE_BOUND('',#9151,.F.);
#9151 = EDGE_LOOP('',(#9152,#9160,#9161,#9162));
#9152 = ORIENTED_EDGE('',*,*,#9153,.F.);
#9153 = EDGE_CURVE('',#8578,#9154,#9156,.T.);
#9154 = VERTEX_POINT('',#9155);
#9155 = CARTESIAN_POINT('',(-0.16,-5.24,8.54));
#9156 = LINE('',#9157,#9158);
#9157 = CARTESIAN_POINT('',(-0.266666666667,-5.346666666667,
    8.433333333333));
#9158 = VECTOR('',#9159,1.);
#9159 = DIRECTION('',(0.57735026919,0.57735026919,0.57735026919));
#9160 = ORIENTED_EDGE('',*,*,#8587,.T.);
#9161 = ORIENTED_EDGE('',*,*,#9122,.T.);
#9162 = ORIENTED_EDGE('',*,*,#9163,.F.);
#9163 = EDGE_CURVE('',#9154,#9123,#9164,.T.);
#9164 = LINE('',#9165,#9166);
#9165 = CARTESIAN_POINT('',(-0.16,-5.4,8.54));
#9166 = VECTOR('',#9167,1.);
#9167 = DIRECTION('',(0.,1.,0.));
#9168 = PLANE('',#9169);
#9169 = AXIS2_PLACEMENT_3D('',#9170,#9171,#9172);
#9170 = CARTESIAN_POINT('',(-0.24,-5.4,8.46));
#9171 = DIRECTION('',(0.707106781187,1.735167508357E-18,-0.707106781187)
  );
#9172 = DIRECTION('',(-1.226948711654E-18,1.,1.226948711654E-18));
#9173 = ADVANCED_FACE('',(#9174),#9192,.F.);
#9174 = FACE_BOUND('',#9175,.T.);
#9175 = EDGE_LOOP('',(#9176,#9177,#9178,#9186));
#9176 = ORIENTED_EDGE('',*,*,#9153,.F.);
#9177 = ORIENTED_EDGE('',*,*,#8611,.T.);
#9178 = ORIENTED_EDGE('',*,*,#9179,.T.);
#9179 = EDGE_CURVE('',#8602,#9180,#9182,.T.);
#9180 = VERTEX_POINT('',#9181);
#9181 = CARTESIAN_POINT('',(0.16,-5.24,8.54));
#9182 = LINE('',#9183,#9184);
#9183 = CARTESIAN_POINT('',(0.16,-5.24,8.54));
#9184 = VECTOR('',#9185,1.);
#9185 = DIRECTION('',(-0.57735026919,0.57735026919,0.57735026919));
#9186 = ORIENTED_EDGE('',*,*,#9187,.F.);
#9187 = EDGE_CURVE('',#9154,#9180,#9188,.T.);
#9188 = LINE('',#9189,#9190);
#9189 = CARTESIAN_POINT('',(-0.32,-5.24,8.54));
#9190 = VECTOR('',#9191,1.);
#9191 = DIRECTION('',(1.,0.,0.));
#9192 = PLANE('',#9193);
#9193 = AXIS2_PLACEMENT_3D('',#9194,#9195,#9196);
#9194 = CARTESIAN_POINT('',(-0.32,-5.32,8.46));
#9195 = DIRECTION('',(-1.735167508357E-18,0.707106781187,-0.707106781187
    ));
#9196 = DIRECTION('',(-1.,-1.226948711654E-18,1.226948711654E-18));
#9197 = ADVANCED_FACE('',(#9198),#9209,.T.);
#9198 = FACE_BOUND('',#9199,.T.);
#9199 = EDGE_LOOP('',(#9200,#9201,#9202,#9203));
#9200 = ORIENTED_EDGE('',*,*,#9179,.F.);
#9201 = ORIENTED_EDGE('',*,*,#8628,.T.);
#9202 = ORIENTED_EDGE('',*,*,#9131,.T.);
#9203 = ORIENTED_EDGE('',*,*,#9204,.F.);
#9204 = EDGE_CURVE('',#9180,#9132,#9205,.T.);
#9205 = LINE('',#9206,#9207);
#9206 = CARTESIAN_POINT('',(0.16,-5.4,8.54));
#9207 = VECTOR('',#9208,1.);
#9208 = DIRECTION('',(0.,1.,0.));
#9209 = PLANE('',#9210);
#9210 = AXIS2_PLACEMENT_3D('',#9211,#9212,#9213);
#9211 = CARTESIAN_POINT('',(0.24,-5.4,8.46));
#9212 = DIRECTION('',(0.707106781187,-1.735167508357E-18,0.707106781187)
  );
#9213 = DIRECTION('',(1.226948711654E-18,1.,1.226948711654E-18));
#9214 = ADVANCED_FACE('',(#9215),#9221,.F.);
#9215 = FACE_BOUND('',#9216,.F.);
#9216 = EDGE_LOOP('',(#9217,#9218,#9219,#9220));
#9217 = ORIENTED_EDGE('',*,*,#8683,.F.);
#9218 = ORIENTED_EDGE('',*,*,#8707,.F.);
#9219 = ORIENTED_EDGE('',*,*,#8724,.T.);
#9220 = ORIENTED_EDGE('',*,*,#8659,.T.);
#9221 = PLANE('',#9222);
#9222 = AXIS2_PLACEMENT_3D('',#9223,#9224,#9225);
#9223 = CARTESIAN_POINT('',(-0.32,-0.32,-3.));
#9224 = DIRECTION('',(0.,0.,1.));
#9225 = DIRECTION('',(1.,0.,-0.));
#9226 = ADVANCED_FACE('',(#9227),#9233,.F.);
#9227 = FACE_BOUND('',#9228,.F.);
#9228 = EDGE_LOOP('',(#9229,#9230,#9231,#9232));
#9229 = ORIENTED_EDGE('',*,*,#8803,.F.);
#9230 = ORIENTED_EDGE('',*,*,#8820,.F.);
#9231 = ORIENTED_EDGE('',*,*,#8755,.T.);
#9232 = ORIENTED_EDGE('',*,*,#8779,.T.);
#9233 = PLANE('',#9234);
#9234 = AXIS2_PLACEMENT_3D('',#9235,#9236,#9237);
#9235 = CARTESIAN_POINT('',(-0.32,-2.86,-3.));
#9236 = DIRECTION('',(0.,0.,1.));
#9237 = DIRECTION('',(1.,0.,-0.));
#9238 = ADVANCED_FACE('',(#9239),#9245,.F.);
#9239 = FACE_BOUND('',#9240,.F.);
#9240 = EDGE_LOOP('',(#9241,#9242,#9243,#9244));
#9241 = ORIENTED_EDGE('',*,*,#8851,.F.);
#9242 = ORIENTED_EDGE('',*,*,#8875,.F.);
#9243 = ORIENTED_EDGE('',*,*,#8899,.T.);
#9244 = ORIENTED_EDGE('',*,*,#8916,.T.);
#9245 = PLANE('',#9246);
#9246 = AXIS2_PLACEMENT_3D('',#9247,#9248,#9249);
#9247 = CARTESIAN_POINT('',(-0.32,-5.4,-3.));
#9248 = DIRECTION('',(0.,0.,1.));
#9249 = DIRECTION('',(1.,0.,-0.));
#9250 = ADVANCED_FACE('',(#9251),#9257,.T.);
#9251 = FACE_BOUND('',#9252,.T.);
#9252 = EDGE_LOOP('',(#9253,#9254,#9255,#9256));
#9253 = ORIENTED_EDGE('',*,*,#9012,.T.);
#9254 = ORIENTED_EDGE('',*,*,#8947,.T.);
#9255 = ORIENTED_EDGE('',*,*,#8971,.F.);
#9256 = ORIENTED_EDGE('',*,*,#8995,.F.);
#9257 = PLANE('',#9258);
#9258 = AXIS2_PLACEMENT_3D('',#9259,#9260,#9261);
#9259 = CARTESIAN_POINT('',(-0.32,-0.32,8.54));
#9260 = DIRECTION('',(0.,0.,1.));
#9261 = DIRECTION('',(1.,0.,-0.));
#9262 = ADVANCED_FACE('',(#9263),#9269,.T.);
#9263 = FACE_BOUND('',#9264,.T.);
#9264 = EDGE_LOOP('',(#9265,#9266,#9267,#9268));
#9265 = ORIENTED_EDGE('',*,*,#9043,.T.);
#9266 = ORIENTED_EDGE('',*,*,#9067,.T.);
#9267 = ORIENTED_EDGE('',*,*,#9091,.F.);
#9268 = ORIENTED_EDGE('',*,*,#9108,.F.);
#9269 = PLANE('',#9270);
#9270 = AXIS2_PLACEMENT_3D('',#9271,#9272,#9273);
#9271 = CARTESIAN_POINT('',(-0.32,-2.86,8.54));
#9272 = DIRECTION('',(0.,0.,1.));
#9273 = DIRECTION('',(1.,0.,-0.));
#9274 = ADVANCED_FACE('',(#9275),#9281,.T.);
#9275 = FACE_BOUND('',#9276,.T.);
#9276 = EDGE_LOOP('',(#9277,#9278,#9279,#9280));
#9277 = ORIENTED_EDGE('',*,*,#9187,.T.);
#9278 = ORIENTED_EDGE('',*,*,#9204,.T.);
#9279 = ORIENTED_EDGE('',*,*,#9139,.F.);
#9280 = ORIENTED_EDGE('',*,*,#9163,.F.);
#9281 = PLANE('',#9282);
#9282 = AXIS2_PLACEMENT_3D('',#9283,#9284,#9285);
#9283 = CARTESIAN_POINT('',(-0.32,-5.4,8.54));
#9284 = DIRECTION('',(0.,0.,1.));
#9285 = DIRECTION('',(1.,0.,-0.));
#9286 = ( GEOMETRIC_REPRESENTATION_CONTEXT(3) 
GLOBAL_UNCERTAINTY_ASSIGNED_CONTEXT((#9290)) 
GLOBAL_UNIT_ASSIGNED_CONTEXT((#9287,#9288,#9289)) REPRESENTATION_CONTEXT
('Context #1','3D Context with UNIT and UNCERTAINTY') );
#9287 = ( LENGTH_UNIT() NAMED_UNIT(*) SI_UNIT(.MILLI.,.METRE.) );
#9288 = ( NAMED_UNIT(*) PLANE_ANGLE_UNIT() SI_UNIT($,.RADIAN.) );
#9289 = ( NAMED_UNIT(*) SI_UNIT($,.STERADIAN.) SOLID_ANGLE_UNIT() );
#9290 = UNCERTAINTY_MEASURE_WITH_UNIT(LENGTH_MEASURE(1.E-07),#9287,
  'distance_accuracy_value','confusion accuracy');
#9291 = CONTEXT_DEPENDENT_SHAPE_REPRESENTATION(#9292,#9294);
#9292 = ( REPRESENTATION_RELATIONSHIP('','',#7179,#10) 
REPRESENTATION_RELATIONSHIP_WITH_TRANSFORMATION(#9293) 
SHAPE_REPRESENTATION_RELATIONSHIP() );
#9293 = ITEM_DEFINED_TRANSFORMATION('','',#11,#35);
#9294 = PRODUCT_DEFINITION_SHAPE('Placement','Placement of an item',
  #9295);
#9295 = NEXT_ASSEMBLY_USAGE_OCCURRENCE('6','SW3','',#5,#7174,$);
#9296 = PRODUCT_RELATED_PRODUCT_CATEGORY('part',$,(#7176));
#9297 = CONTEXT_DEPENDENT_SHAPE_REPRESENTATION(#9298,#9300);
#9298 = ( REPRESENTATION_RELATIONSHIP('','',#3053,#10) 
REPRESENTATION_RELATIONSHIP_WITH_TRANSFORMATION(#9299) 
SHAPE_REPRESENTATION_RELATIONSHIP() );
#9299 = ITEM_DEFINED_TRANSFORMATION('','',#11,#39);
#9300 = PRODUCT_DEFINITION_SHAPE('Placement','Placement of an item',
  #9301);
#9301 = NEXT_ASSEMBLY_USAGE_OCCURRENCE('7','C4','',#5,#3048,$);
#9302 = SHAPE_DEFINITION_REPRESENTATION(#9303,#9309);
#9303 = PRODUCT_DEFINITION_SHAPE('','',#9304);
#9304 = PRODUCT_DEFINITION('design','',#9305,#9308);
#9305 = PRODUCT_DEFINITION_FORMATION('','',#9306);
#9306 = PRODUCT('schematic_PCB','schematic_PCB','',(#9307));
#9307 = PRODUCT_CONTEXT('',#2,'mechanical');
#9308 = PRODUCT_DEFINITION_CONTEXT('part definition',#2,'design');
#9309 = ADVANCED_BREP_SHAPE_REPRESENTATION('',(#11,#9310),#10965);
#9310 = MANIFOLD_SOLID_BREP('',#9311);
#9311 = CLOSED_SHELL('',(#9312,#9354,#9385,#9416,#9853,#10290,#10307,
    #10324,#10341,#10358,#10370,#10387,#10404,#10421,#10438,#10455,
    #10472,#10489,#10506,#10523,#10540,#10557,#10574,#10591,#10608,
    #10625,#10642,#10659,#10676,#10693,#10710,#10727,#10744,#10761,
    #10778,#10795,#10812,#10829,#10846,#10863,#10880,#10897,#10914,
    #10931,#10948));
#9312 = ADVANCED_FACE('',(#9313),#9349,.T.);
#9313 = FACE_BOUND('',#9314,.T.);
#9314 = EDGE_LOOP('',(#9315,#9325,#9334,#9342));
#9315 = ORIENTED_EDGE('',*,*,#9316,.T.);
#9316 = EDGE_CURVE('',#9317,#9319,#9321,.T.);
#9317 = VERTEX_POINT('',#9318);
#9318 = CARTESIAN_POINT('',(167.66,-56.56612,0.));
#9319 = VERTEX_POINT('',#9320);
#9320 = CARTESIAN_POINT('',(167.66,-56.56612,1.51));
#9321 = LINE('',#9322,#9323);
#9322 = CARTESIAN_POINT('',(167.66,-56.56612,0.));
#9323 = VECTOR('',#9324,1.);
#9324 = DIRECTION('',(0.,0.,1.));
#9325 = ORIENTED_EDGE('',*,*,#9326,.T.);
#9326 = EDGE_CURVE('',#9319,#9327,#9329,.T.);
#9327 = VERTEX_POINT('',#9328);
#9328 = CARTESIAN_POINT('',(172.66,-61.56612,1.51));
#9329 = CIRCLE('',#9330,4.999999678834);
#9330 = AXIS2_PLACEMENT_3D('',#9331,#9332,#9333);
#9331 = CARTESIAN_POINT('',(167.66000032116,-61.56611967883,1.51));
#9332 = DIRECTION('',(0.,0.,-1.));
#9333 = DIRECTION('',(-6.423315270374E-08,1.,0.));
#9334 = ORIENTED_EDGE('',*,*,#9335,.F.);
#9335 = EDGE_CURVE('',#9336,#9327,#9338,.T.);
#9336 = VERTEX_POINT('',#9337);
#9337 = CARTESIAN_POINT('',(172.66,-61.56612,0.));
#9338 = LINE('',#9339,#9340);
#9339 = CARTESIAN_POINT('',(172.66,-61.56612,0.));
#9340 = VECTOR('',#9341,1.);
#9341 = DIRECTION('',(0.,0.,1.));
#9342 = ORIENTED_EDGE('',*,*,#9343,.F.);
#9343 = EDGE_CURVE('',#9317,#9336,#9344,.T.);
#9344 = CIRCLE('',#9345,4.999999678834);
#9345 = AXIS2_PLACEMENT_3D('',#9346,#9347,#9348);
#9346 = CARTESIAN_POINT('',(167.66000032116,-61.56611967883,0.));
#9347 = DIRECTION('',(0.,0.,-1.));
#9348 = DIRECTION('',(-6.423315270374E-08,1.,0.));
#9349 = CYLINDRICAL_SURFACE('',#9350,4.999999678834);
#9350 = AXIS2_PLACEMENT_3D('',#9351,#9352,#9353);
#9351 = CARTESIAN_POINT('',(167.66000032116,-61.56611967883,0.));
#9352 = DIRECTION('',(0.,0.,-1.));
#9353 = DIRECTION('',(-6.423315270374E-08,1.,0.));
#9354 = ADVANCED_FACE('',(#9355),#9380,.T.);
#9355 = FACE_BOUND('',#9356,.T.);
#9356 = EDGE_LOOP('',(#9357,#9367,#9373,#9374));
#9357 = ORIENTED_EDGE('',*,*,#9358,.T.);
#9358 = EDGE_CURVE('',#9359,#9361,#9363,.T.);
#9359 = VERTEX_POINT('',#9360);
#9360 = CARTESIAN_POINT('',(115.16,-56.56612,0.));
#9361 = VERTEX_POINT('',#9362);
#9362 = CARTESIAN_POINT('',(115.16,-56.56612,1.51));
#9363 = LINE('',#9364,#9365);
#9364 = CARTESIAN_POINT('',(115.16,-56.56612,0.));
#9365 = VECTOR('',#9366,1.);
#9366 = DIRECTION('',(0.,0.,1.));
#9367 = ORIENTED_EDGE('',*,*,#9368,.T.);
#9368 = EDGE_CURVE('',#9361,#9319,#9369,.T.);
#9369 = LINE('',#9370,#9371);
#9370 = CARTESIAN_POINT('',(115.16,-56.56612,1.51));
#9371 = VECTOR('',#9372,1.);
#9372 = DIRECTION('',(1.,0.,0.));
#9373 = ORIENTED_EDGE('',*,*,#9316,.F.);
#9374 = ORIENTED_EDGE('',*,*,#9375,.F.);
#9375 = EDGE_CURVE('',#9359,#9317,#9376,.T.);
#9376 = LINE('',#9377,#9378);
#9377 = CARTESIAN_POINT('',(115.16,-56.56612,0.));
#9378 = VECTOR('',#9379,1.);
#9379 = DIRECTION('',(1.,0.,0.));
#9380 = PLANE('',#9381);
#9381 = AXIS2_PLACEMENT_3D('',#9382,#9383,#9384);
#9382 = CARTESIAN_POINT('',(115.16,-56.56612,0.));
#9383 = DIRECTION('',(0.,1.,0.));
#9384 = DIRECTION('',(1.,0.,0.));
#9385 = ADVANCED_FACE('',(#9386),#9411,.T.);
#9386 = FACE_BOUND('',#9387,.T.);
#9387 = EDGE_LOOP('',(#9388,#9389,#9397,#9405));
#9388 = ORIENTED_EDGE('',*,*,#9335,.T.);
#9389 = ORIENTED_EDGE('',*,*,#9390,.T.);
#9390 = EDGE_CURVE('',#9327,#9391,#9393,.T.);
#9391 = VERTEX_POINT('',#9392);
#9392 = CARTESIAN_POINT('',(172.66,-96.56612,1.51));
#9393 = LINE('',#9394,#9395);
#9394 = CARTESIAN_POINT('',(172.66,-61.56612,1.51));
#9395 = VECTOR('',#9396,1.);
#9396 = DIRECTION('',(0.,-1.,0.));
#9397 = ORIENTED_EDGE('',*,*,#9398,.F.);
#9398 = EDGE_CURVE('',#9399,#9391,#9401,.T.);
#9399 = VERTEX_POINT('',#9400);
#9400 = CARTESIAN_POINT('',(172.66,-96.56612,0.));
#9401 = LINE('',#9402,#9403);
#9402 = CARTESIAN_POINT('',(172.66,-96.56612,0.));
#9403 = VECTOR('',#9404,1.);
#9404 = DIRECTION('',(0.,0.,1.));
#9405 = ORIENTED_EDGE('',*,*,#9406,.F.);
#9406 = EDGE_CURVE('',#9336,#9399,#9407,.T.);
#9407 = LINE('',#9408,#9409);
#9408 = CARTESIAN_POINT('',(172.66,-61.56612,0.));
#9409 = VECTOR('',#9410,1.);
#9410 = DIRECTION('',(0.,-1.,0.));
#9411 = PLANE('',#9412);
#9412 = AXIS2_PLACEMENT_3D('',#9413,#9414,#9415);
#9413 = CARTESIAN_POINT('',(172.66,-61.56612,0.));
#9414 = DIRECTION('',(1.,0.,-0.));
#9415 = DIRECTION('',(0.,-1.,0.));
#9416 = ADVANCED_FACE('',(#9417,#9463,#9474,#9485,#9496,#9507,#9518,
    #9529,#9540,#9551,#9562,#9573,#9584,#9595,#9606,#9617,#9628,#9639,
    #9650,#9661,#9672,#9683,#9694,#9705,#9716,#9727,#9738,#9749,#9760,
    #9771,#9782,#9793,#9804,#9815,#9826,#9837),#9848,.F.);
#9417 = FACE_BOUND('',#9418,.F.);
#9418 = EDGE_LOOP('',(#9419,#9420,#9421,#9430,#9438,#9447,#9455,#9462));
#9419 = ORIENTED_EDGE('',*,*,#9343,.F.);
#9420 = ORIENTED_EDGE('',*,*,#9375,.F.);
#9421 = ORIENTED_EDGE('',*,*,#9422,.F.);
#9422 = EDGE_CURVE('',#9423,#9359,#9425,.T.);
#9423 = VERTEX_POINT('',#9424);
#9424 = CARTESIAN_POINT('',(110.16,-61.56612,0.));
#9425 = CIRCLE('',#9426,4.999999678834);
#9426 = AXIS2_PLACEMENT_3D('',#9427,#9428,#9429);
#9427 = CARTESIAN_POINT('',(115.15999967883,-61.56611967883,0.));
#9428 = DIRECTION('',(0.,0.,-1.));
#9429 = DIRECTION('',(-1.,-6.423314275614E-08,-0.));
#9430 = ORIENTED_EDGE('',*,*,#9431,.F.);
#9431 = EDGE_CURVE('',#9432,#9423,#9434,.T.);
#9432 = VERTEX_POINT('',#9433);
#9433 = CARTESIAN_POINT('',(110.16,-96.56612,0.));
#9434 = LINE('',#9435,#9436);
#9435 = CARTESIAN_POINT('',(110.16,-96.56612,0.));
#9436 = VECTOR('',#9437,1.);
#9437 = DIRECTION('',(0.,1.,0.));
#9438 = ORIENTED_EDGE('',*,*,#9439,.F.);
#9439 = EDGE_CURVE('',#9440,#9432,#9442,.T.);
#9440 = VERTEX_POINT('',#9441);
#9441 = CARTESIAN_POINT('',(115.16,-101.56612,0.));
#9442 = CIRCLE('',#9443,4.999999678834);
#9443 = AXIS2_PLACEMENT_3D('',#9444,#9445,#9446);
#9444 = CARTESIAN_POINT('',(115.15999967883,-96.56612032116,0.));
#9445 = DIRECTION('',(0.,0.,-1.));
#9446 = DIRECTION('',(6.423314133505E-08,-1.,0.));
#9447 = ORIENTED_EDGE('',*,*,#9448,.F.);
#9448 = EDGE_CURVE('',#9449,#9440,#9451,.T.);
#9449 = VERTEX_POINT('',#9450);
#9450 = CARTESIAN_POINT('',(167.66,-101.56612,0.));
#9451 = LINE('',#9452,#9453);
#9452 = CARTESIAN_POINT('',(167.66,-101.56612,0.));
#9453 = VECTOR('',#9454,1.);
#9454 = DIRECTION('',(-1.,0.,0.));
#9455 = ORIENTED_EDGE('',*,*,#9456,.F.);
#9456 = EDGE_CURVE('',#9399,#9449,#9457,.T.);
#9457 = CIRCLE('',#9458,4.999999678834);
#9458 = AXIS2_PLACEMENT_3D('',#9459,#9460,#9461);
#9459 = CARTESIAN_POINT('',(167.66000032116,-96.56612032116,0.));
#9460 = DIRECTION('',(0.,0.,-1.));
#9461 = DIRECTION('',(1.,6.423314986157E-08,0.));
#9462 = ORIENTED_EDGE('',*,*,#9406,.F.);
#9463 = FACE_BOUND('',#9464,.F.);
#9464 = EDGE_LOOP('',(#9465));
#9465 = ORIENTED_EDGE('',*,*,#9466,.T.);
#9466 = EDGE_CURVE('',#9467,#9467,#9469,.T.);
#9467 = VERTEX_POINT('',#9468);
#9468 = CARTESIAN_POINT('',(115.16,-97.91612,0.));
#9469 = CIRCLE('',#9470,1.35);
#9470 = AXIS2_PLACEMENT_3D('',#9471,#9472,#9473);
#9471 = CARTESIAN_POINT('',(115.16,-96.56612,0.));
#9472 = DIRECTION('',(-0.,0.,-1.));
#9473 = DIRECTION('',(-0.,-1.,0.));
#9474 = FACE_BOUND('',#9475,.F.);
#9475 = EDGE_LOOP('',(#9476));
#9476 = ORIENTED_EDGE('',*,*,#9477,.F.);
#9477 = EDGE_CURVE('',#9478,#9478,#9480,.T.);
#9478 = VERTEX_POINT('',#9479);
#9479 = CARTESIAN_POINT('',(118.53,-87.90612,0.));
#9480 = CIRCLE('',#9481,1.3);
#9481 = AXIS2_PLACEMENT_3D('',#9482,#9483,#9484);
#9482 = CARTESIAN_POINT('',(117.23,-87.90612,0.));
#9483 = DIRECTION('',(0.,0.,1.));
#9484 = DIRECTION('',(1.,0.,-0.));
#9485 = FACE_BOUND('',#9486,.F.);
#9486 = EDGE_LOOP('',(#9487));
#9487 = ORIENTED_EDGE('',*,*,#9488,.T.);
#9488 = EDGE_CURVE('',#9489,#9489,#9491,.T.);
#9489 = VERTEX_POINT('',#9490);
#9490 = CARTESIAN_POINT('',(114.8,-83.14112,0.));
#9491 = CIRCLE('',#9492,0.425);
#9492 = AXIS2_PLACEMENT_3D('',#9493,#9494,#9495);
#9493 = CARTESIAN_POINT('',(114.8,-82.71612,0.));
#9494 = DIRECTION('',(-0.,0.,-1.));
#9495 = DIRECTION('',(-0.,-1.,0.));
#9496 = FACE_BOUND('',#9497,.F.);
#9497 = EDGE_LOOP('',(#9498));
#9498 = ORIENTED_EDGE('',*,*,#9499,.F.);
#9499 = EDGE_CURVE('',#9500,#9500,#9502,.T.);
#9500 = VERTEX_POINT('',#9501);
#9501 = CARTESIAN_POINT('',(113.68,-78.90612,0.));
#9502 = CIRCLE('',#9503,0.95);
#9503 = AXIS2_PLACEMENT_3D('',#9504,#9505,#9506);
#9504 = CARTESIAN_POINT('',(112.73,-78.90612,0.));
#9505 = DIRECTION('',(0.,0.,1.));
#9506 = DIRECTION('',(1.,0.,-0.));
#9507 = FACE_BOUND('',#9508,.F.);
#9508 = EDGE_LOOP('',(#9509));
#9509 = ORIENTED_EDGE('',*,*,#9510,.T.);
#9510 = EDGE_CURVE('',#9511,#9511,#9513,.T.);
#9511 = VERTEX_POINT('',#9512);
#9512 = CARTESIAN_POINT('',(137.66,-83.14112,0.));
#9513 = CIRCLE('',#9514,0.425);
#9514 = AXIS2_PLACEMENT_3D('',#9515,#9516,#9517);
#9515 = CARTESIAN_POINT('',(137.66,-82.71612,0.));
#9516 = DIRECTION('',(-0.,0.,-1.));
#9517 = DIRECTION('',(-6.687461042448E-14,-1.,0.));
#9518 = FACE_BOUND('',#9519,.F.);
#9519 = EDGE_LOOP('',(#9520));
#9520 = ORIENTED_EDGE('',*,*,#9521,.F.);
#9521 = EDGE_CURVE('',#9522,#9522,#9524,.T.);
#9522 = VERTEX_POINT('',#9523);
#9523 = CARTESIAN_POINT('',(140.68,-78.90612,0.));
#9524 = CIRCLE('',#9525,0.95);
#9525 = AXIS2_PLACEMENT_3D('',#9526,#9527,#9528);
#9526 = CARTESIAN_POINT('',(139.73,-78.90612,0.));
#9527 = DIRECTION('',(0.,0.,1.));
#9528 = DIRECTION('',(1.,0.,-0.));
#9529 = FACE_BOUND('',#9530,.F.);
#9530 = EDGE_LOOP('',(#9531));
#9531 = ORIENTED_EDGE('',*,*,#9532,.T.);
#9532 = EDGE_CURVE('',#9533,#9533,#9535,.T.);
#9533 = VERTEX_POINT('',#9534);
#9534 = CARTESIAN_POINT('',(155.16,-97.10612,0.));
#9535 = CIRCLE('',#9536,0.5);
#9536 = AXIS2_PLACEMENT_3D('',#9537,#9538,#9539);
#9537 = CARTESIAN_POINT('',(155.16,-96.60612,0.));
#9538 = DIRECTION('',(-0.,0.,-1.));
#9539 = DIRECTION('',(-0.,-1.,0.));
#9540 = FACE_BOUND('',#9541,.F.);
#9541 = EDGE_LOOP('',(#9542));
#9542 = ORIENTED_EDGE('',*,*,#9543,.T.);
#9543 = EDGE_CURVE('',#9544,#9544,#9546,.T.);
#9544 = VERTEX_POINT('',#9545);
#9545 = CARTESIAN_POINT('',(155.16,-94.56612,0.));
#9546 = CIRCLE('',#9547,0.5);
#9547 = AXIS2_PLACEMENT_3D('',#9548,#9549,#9550);
#9548 = CARTESIAN_POINT('',(155.16,-94.06612,0.));
#9549 = DIRECTION('',(-0.,0.,-1.));
#9550 = DIRECTION('',(-0.,-1.,0.));
#9551 = FACE_BOUND('',#9552,.F.);
#9552 = EDGE_LOOP('',(#9553));
#9553 = ORIENTED_EDGE('',*,*,#9554,.T.);
#9554 = EDGE_CURVE('',#9555,#9555,#9557,.T.);
#9555 = VERTEX_POINT('',#9556);
#9556 = CARTESIAN_POINT('',(162.62,-97.06612,0.));
#9557 = CIRCLE('',#9558,0.5);
#9558 = AXIS2_PLACEMENT_3D('',#9559,#9560,#9561);
#9559 = CARTESIAN_POINT('',(162.62,-96.56612,0.));
#9560 = DIRECTION('',(-0.,0.,-1.));
#9561 = DIRECTION('',(-0.,-1.,0.));
#9562 = FACE_BOUND('',#9563,.F.);
#9563 = EDGE_LOOP('',(#9564));
#9564 = ORIENTED_EDGE('',*,*,#9565,.T.);
#9565 = EDGE_CURVE('',#9566,#9566,#9568,.T.);
#9566 = VERTEX_POINT('',#9567);
#9567 = CARTESIAN_POINT('',(165.16,-97.06612,0.));
#9568 = CIRCLE('',#9569,0.5);
#9569 = AXIS2_PLACEMENT_3D('',#9570,#9571,#9572);
#9570 = CARTESIAN_POINT('',(165.16,-96.56612,0.));
#9571 = DIRECTION('',(-0.,0.,-1.));
#9572 = DIRECTION('',(-0.,-1.,0.));
#9573 = FACE_BOUND('',#9574,.F.);
#9574 = EDGE_LOOP('',(#9575));
#9575 = ORIENTED_EDGE('',*,*,#9576,.T.);
#9576 = EDGE_CURVE('',#9577,#9577,#9579,.T.);
#9577 = VERTEX_POINT('',#9578);
#9578 = CARTESIAN_POINT('',(167.7,-97.06612,0.));
#9579 = CIRCLE('',#9580,0.5);
#9580 = AXIS2_PLACEMENT_3D('',#9581,#9582,#9583);
#9581 = CARTESIAN_POINT('',(167.7,-96.56612,0.));
#9582 = DIRECTION('',(-0.,0.,-1.));
#9583 = DIRECTION('',(-0.,-1.,0.));
#9584 = FACE_BOUND('',#9585,.F.);
#9585 = EDGE_LOOP('',(#9586));
#9586 = ORIENTED_EDGE('',*,*,#9587,.T.);
#9587 = EDGE_CURVE('',#9588,#9588,#9590,.T.);
#9588 = VERTEX_POINT('',#9589);
#9589 = CARTESIAN_POINT('',(161.16,-92.11612,0.));
#9590 = CIRCLE('',#9591,0.55);
#9591 = AXIS2_PLACEMENT_3D('',#9592,#9593,#9594);
#9592 = CARTESIAN_POINT('',(161.16,-91.56612,0.));
#9593 = DIRECTION('',(-0.,0.,-1.));
#9594 = DIRECTION('',(-5.167583532801E-14,-1.,0.));
#9595 = FACE_BOUND('',#9596,.F.);
#9596 = EDGE_LOOP('',(#9597));
#9597 = ORIENTED_EDGE('',*,*,#9598,.T.);
#9598 = EDGE_CURVE('',#9599,#9599,#9601,.T.);
#9599 = VERTEX_POINT('',#9600);
#9600 = CARTESIAN_POINT('',(167.66,-92.11612,0.));
#9601 = CIRCLE('',#9602,0.55);
#9602 = AXIS2_PLACEMENT_3D('',#9603,#9604,#9605);
#9603 = CARTESIAN_POINT('',(167.66,-91.56612,0.));
#9604 = DIRECTION('',(-0.,0.,-1.));
#9605 = DIRECTION('',(-5.167583532801E-14,-1.,0.));
#9606 = FACE_BOUND('',#9607,.F.);
#9607 = EDGE_LOOP('',(#9608));
#9608 = ORIENTED_EDGE('',*,*,#9609,.T.);
#9609 = EDGE_CURVE('',#9610,#9610,#9612,.T.);
#9610 = VERTEX_POINT('',#9611);
#9611 = CARTESIAN_POINT('',(150.,-84.97412,0.));
#9612 = CIRCLE('',#9613,0.508);
#9613 = AXIS2_PLACEMENT_3D('',#9614,#9615,#9616);
#9614 = CARTESIAN_POINT('',(150.,-84.46612,0.));
#9615 = DIRECTION('',(-0.,0.,-1.));
#9616 = DIRECTION('',(-0.,-1.,0.));
#9617 = FACE_BOUND('',#9618,.F.);
#9618 = EDGE_LOOP('',(#9619));
#9619 = ORIENTED_EDGE('',*,*,#9620,.T.);
#9620 = EDGE_CURVE('',#9621,#9621,#9623,.T.);
#9621 = VERTEX_POINT('',#9622);
#9622 = CARTESIAN_POINT('',(161.16,-87.61612,0.));
#9623 = CIRCLE('',#9624,0.55);
#9624 = AXIS2_PLACEMENT_3D('',#9625,#9626,#9627);
#9625 = CARTESIAN_POINT('',(161.16,-87.06612,0.));
#9626 = DIRECTION('',(-0.,0.,-1.));
#9627 = DIRECTION('',(-5.167583532801E-14,-1.,0.));
#9628 = FACE_BOUND('',#9629,.F.);
#9629 = EDGE_LOOP('',(#9630));
#9630 = ORIENTED_EDGE('',*,*,#9631,.T.);
#9631 = EDGE_CURVE('',#9632,#9632,#9634,.T.);
#9632 = VERTEX_POINT('',#9633);
#9633 = CARTESIAN_POINT('',(155.08,-84.97412,0.));
#9634 = CIRCLE('',#9635,0.508);
#9635 = AXIS2_PLACEMENT_3D('',#9636,#9637,#9638);
#9636 = CARTESIAN_POINT('',(155.08,-84.46612,0.));
#9637 = DIRECTION('',(-0.,0.,-1.));
#9638 = DIRECTION('',(5.594824691024E-14,-1.,-0.));
#9639 = FACE_BOUND('',#9640,.F.);
#9640 = EDGE_LOOP('',(#9641));
#9641 = ORIENTED_EDGE('',*,*,#9642,.T.);
#9642 = EDGE_CURVE('',#9643,#9643,#9645,.T.);
#9643 = VERTEX_POINT('',#9644);
#9644 = CARTESIAN_POINT('',(167.66,-87.61612,0.));
#9645 = CIRCLE('',#9646,0.55);
#9646 = AXIS2_PLACEMENT_3D('',#9647,#9648,#9649);
#9647 = CARTESIAN_POINT('',(167.66,-87.06612,0.));
#9648 = DIRECTION('',(-0.,0.,-1.));
#9649 = DIRECTION('',(-5.167583532801E-14,-1.,0.));
#9650 = FACE_BOUND('',#9651,.F.);
#9651 = EDGE_LOOP('',(#9652));
#9652 = ORIENTED_EDGE('',*,*,#9653,.T.);
#9653 = EDGE_CURVE('',#9654,#9654,#9656,.T.);
#9654 = VERTEX_POINT('',#9655);
#9655 = CARTESIAN_POINT('',(114.8,-75.52112,0.));
#9656 = CIRCLE('',#9657,0.425);
#9657 = AXIS2_PLACEMENT_3D('',#9658,#9659,#9660);
#9658 = CARTESIAN_POINT('',(114.8,-75.09612,0.));
#9659 = DIRECTION('',(-0.,0.,-1.));
#9660 = DIRECTION('',(-0.,-1.,0.));
#9661 = FACE_BOUND('',#9662,.F.);
#9662 = EDGE_LOOP('',(#9663));
#9663 = ORIENTED_EDGE('',*,*,#9664,.T.);
#9664 = EDGE_CURVE('',#9665,#9665,#9667,.T.);
#9665 = VERTEX_POINT('',#9666);
#9666 = CARTESIAN_POINT('',(137.66,-75.52112,0.));
#9667 = CIRCLE('',#9668,0.425);
#9668 = AXIS2_PLACEMENT_3D('',#9669,#9670,#9671);
#9669 = CARTESIAN_POINT('',(137.66,-75.09612,0.));
#9670 = DIRECTION('',(-0.,0.,-1.));
#9671 = DIRECTION('',(-6.687461042448E-14,-1.,0.));
#9672 = FACE_BOUND('',#9673,.F.);
#9673 = EDGE_LOOP('',(#9674));
#9674 = ORIENTED_EDGE('',*,*,#9675,.F.);
#9675 = EDGE_CURVE('',#9676,#9676,#9678,.T.);
#9676 = VERTEX_POINT('',#9677);
#9677 = CARTESIAN_POINT('',(128.18,-68.90612,0.));
#9678 = CIRCLE('',#9679,1.95);
#9679 = AXIS2_PLACEMENT_3D('',#9680,#9681,#9682);
#9680 = CARTESIAN_POINT('',(126.23,-68.90612,0.));
#9681 = DIRECTION('',(0.,0.,1.));
#9682 = DIRECTION('',(1.,0.,-0.));
#9683 = FACE_BOUND('',#9684,.F.);
#9684 = EDGE_LOOP('',(#9685));
#9685 = ORIENTED_EDGE('',*,*,#9686,.T.);
#9686 = EDGE_CURVE('',#9687,#9687,#9689,.T.);
#9687 = VERTEX_POINT('',#9688);
#9688 = CARTESIAN_POINT('',(144.92,-74.81412,0.));
#9689 = CIRCLE('',#9690,0.508);
#9690 = AXIS2_PLACEMENT_3D('',#9691,#9692,#9693);
#9691 = CARTESIAN_POINT('',(144.92,-74.30612,0.));
#9692 = DIRECTION('',(-0.,0.,-1.));
#9693 = DIRECTION('',(-5.594824691025E-14,-1.,0.));
#9694 = FACE_BOUND('',#9695,.F.);
#9695 = EDGE_LOOP('',(#9696));
#9696 = ORIENTED_EDGE('',*,*,#9697,.T.);
#9697 = EDGE_CURVE('',#9698,#9698,#9700,.T.);
#9698 = VERTEX_POINT('',#9699);
#9699 = CARTESIAN_POINT('',(144.92,-72.27412,0.));
#9700 = CIRCLE('',#9701,0.508);
#9701 = AXIS2_PLACEMENT_3D('',#9702,#9703,#9704);
#9702 = CARTESIAN_POINT('',(144.92,-71.76612,0.));
#9703 = DIRECTION('',(-0.,0.,-1.));
#9704 = DIRECTION('',(-5.594824691025E-14,-1.,0.));
#9705 = FACE_BOUND('',#9706,.F.);
#9706 = EDGE_LOOP('',(#9707));
#9707 = ORIENTED_EDGE('',*,*,#9708,.T.);
#9708 = EDGE_CURVE('',#9709,#9709,#9711,.T.);
#9709 = VERTEX_POINT('',#9710);
#9710 = CARTESIAN_POINT('',(144.92,-69.73412,0.));
#9711 = CIRCLE('',#9712,0.508);
#9712 = AXIS2_PLACEMENT_3D('',#9713,#9714,#9715);
#9713 = CARTESIAN_POINT('',(144.92,-69.22612,0.));
#9714 = DIRECTION('',(-0.,0.,-1.));
#9715 = DIRECTION('',(-5.594824691025E-14,-1.,0.));
#9716 = FACE_BOUND('',#9717,.F.);
#9717 = EDGE_LOOP('',(#9718));
#9718 = ORIENTED_EDGE('',*,*,#9719,.T.);
#9719 = EDGE_CURVE('',#9720,#9720,#9722,.T.);
#9720 = VERTEX_POINT('',#9721);
#9721 = CARTESIAN_POINT('',(160.16,-74.81412,0.));
#9722 = CIRCLE('',#9723,0.508);
#9723 = AXIS2_PLACEMENT_3D('',#9724,#9725,#9726);
#9724 = CARTESIAN_POINT('',(160.16,-74.30612,0.));
#9725 = DIRECTION('',(-0.,0.,-1.));
#9726 = DIRECTION('',(-0.,-1.,0.));
#9727 = FACE_BOUND('',#9728,.F.);
#9728 = EDGE_LOOP('',(#9729));
#9729 = ORIENTED_EDGE('',*,*,#9730,.T.);
#9730 = EDGE_CURVE('',#9731,#9731,#9733,.T.);
#9731 = VERTEX_POINT('',#9732);
#9732 = CARTESIAN_POINT('',(160.16,-72.27412,0.));
#9733 = CIRCLE('',#9734,0.508);
#9734 = AXIS2_PLACEMENT_3D('',#9735,#9736,#9737);
#9735 = CARTESIAN_POINT('',(160.16,-71.76612,0.));
#9736 = DIRECTION('',(-0.,0.,-1.));
#9737 = DIRECTION('',(-0.,-1.,0.));
#9738 = FACE_BOUND('',#9739,.F.);
#9739 = EDGE_LOOP('',(#9740));
#9740 = ORIENTED_EDGE('',*,*,#9741,.T.);
#9741 = EDGE_CURVE('',#9742,#9742,#9744,.T.);
#9742 = VERTEX_POINT('',#9743);
#9743 = CARTESIAN_POINT('',(160.16,-69.73412,0.));
#9744 = CIRCLE('',#9745,0.508);
#9745 = AXIS2_PLACEMENT_3D('',#9746,#9747,#9748);
#9746 = CARTESIAN_POINT('',(160.16,-69.22612,0.));
#9747 = DIRECTION('',(-0.,0.,-1.));
#9748 = DIRECTION('',(-0.,-1.,0.));
#9749 = FACE_BOUND('',#9750,.F.);
#9750 = EDGE_LOOP('',(#9751));
#9751 = ORIENTED_EDGE('',*,*,#9752,.T.);
#9752 = EDGE_CURVE('',#9753,#9753,#9755,.T.);
#9753 = VERTEX_POINT('',#9754);
#9754 = CARTESIAN_POINT('',(144.92,-67.19412,0.));
#9755 = CIRCLE('',#9756,0.508);
#9756 = AXIS2_PLACEMENT_3D('',#9757,#9758,#9759);
#9757 = CARTESIAN_POINT('',(144.92,-66.68612,0.));
#9758 = DIRECTION('',(-0.,0.,-1.));
#9759 = DIRECTION('',(-5.594824691025E-14,-1.,0.));
#9760 = FACE_BOUND('',#9761,.F.);
#9761 = EDGE_LOOP('',(#9762));
#9762 = ORIENTED_EDGE('',*,*,#9763,.T.);
#9763 = EDGE_CURVE('',#9764,#9764,#9766,.T.);
#9764 = VERTEX_POINT('',#9765);
#9765 = CARTESIAN_POINT('',(144.92,-64.65412,0.));
#9766 = CIRCLE('',#9767,0.508);
#9767 = AXIS2_PLACEMENT_3D('',#9768,#9769,#9770);
#9768 = CARTESIAN_POINT('',(144.92,-64.14612,0.));
#9769 = DIRECTION('',(-0.,0.,-1.));
#9770 = DIRECTION('',(-5.594824691025E-14,-1.,0.));
#9771 = FACE_BOUND('',#9772,.F.);
#9772 = EDGE_LOOP('',(#9773));
#9773 = ORIENTED_EDGE('',*,*,#9774,.T.);
#9774 = EDGE_CURVE('',#9775,#9775,#9777,.T.);
#9775 = VERTEX_POINT('',#9776);
#9776 = CARTESIAN_POINT('',(144.92,-62.11412,0.));
#9777 = CIRCLE('',#9778,0.508);
#9778 = AXIS2_PLACEMENT_3D('',#9779,#9780,#9781);
#9779 = CARTESIAN_POINT('',(144.92,-61.60612,0.));
#9780 = DIRECTION('',(-0.,0.,-1.));
#9781 = DIRECTION('',(-5.594824691025E-14,-1.,0.));
#9782 = FACE_BOUND('',#9783,.F.);
#9783 = EDGE_LOOP('',(#9784));
#9784 = ORIENTED_EDGE('',*,*,#9785,.T.);
#9785 = EDGE_CURVE('',#9786,#9786,#9788,.T.);
#9786 = VERTEX_POINT('',#9787);
#9787 = CARTESIAN_POINT('',(144.92,-59.57412,0.));
#9788 = CIRCLE('',#9789,0.508);
#9789 = AXIS2_PLACEMENT_3D('',#9790,#9791,#9792);
#9790 = CARTESIAN_POINT('',(144.92,-59.06612,0.));
#9791 = DIRECTION('',(-0.,0.,-1.));
#9792 = DIRECTION('',(-5.594824691025E-14,-1.,0.));
#9793 = FACE_BOUND('',#9794,.F.);
#9794 = EDGE_LOOP('',(#9795));
#9795 = ORIENTED_EDGE('',*,*,#9796,.T.);
#9796 = EDGE_CURVE('',#9797,#9797,#9799,.T.);
#9797 = VERTEX_POINT('',#9798);
#9798 = CARTESIAN_POINT('',(160.16,-67.19412,0.));
#9799 = CIRCLE('',#9800,0.508);
#9800 = AXIS2_PLACEMENT_3D('',#9801,#9802,#9803);
#9801 = CARTESIAN_POINT('',(160.16,-66.68612,0.));
#9802 = DIRECTION('',(-0.,0.,-1.));
#9803 = DIRECTION('',(-0.,-1.,0.));
#9804 = FACE_BOUND('',#9805,.F.);
#9805 = EDGE_LOOP('',(#9806));
#9806 = ORIENTED_EDGE('',*,*,#9807,.T.);
#9807 = EDGE_CURVE('',#9808,#9808,#9810,.T.);
#9808 = VERTEX_POINT('',#9809);
#9809 = CARTESIAN_POINT('',(160.16,-64.65412,0.));
#9810 = CIRCLE('',#9811,0.508);
#9811 = AXIS2_PLACEMENT_3D('',#9812,#9813,#9814);
#9812 = CARTESIAN_POINT('',(160.16,-64.14612,0.));
#9813 = DIRECTION('',(-0.,0.,-1.));
#9814 = DIRECTION('',(-0.,-1.,0.));
#9815 = FACE_BOUND('',#9816,.F.);
#9816 = EDGE_LOOP('',(#9817));
#9817 = ORIENTED_EDGE('',*,*,#9818,.T.);
#9818 = EDGE_CURVE('',#9819,#9819,#9821,.T.);
#9819 = VERTEX_POINT('',#9820);
#9820 = CARTESIAN_POINT('',(160.16,-62.11412,0.));
#9821 = CIRCLE('',#9822,0.508);
#9822 = AXIS2_PLACEMENT_3D('',#9823,#9824,#9825);
#9823 = CARTESIAN_POINT('',(160.16,-61.60612,0.));
#9824 = DIRECTION('',(-0.,0.,-1.));
#9825 = DIRECTION('',(-0.,-1.,0.));
#9826 = FACE_BOUND('',#9827,.F.);
#9827 = EDGE_LOOP('',(#9828));
#9828 = ORIENTED_EDGE('',*,*,#9829,.T.);
#9829 = EDGE_CURVE('',#9830,#9830,#9832,.T.);
#9830 = VERTEX_POINT('',#9831);
#9831 = CARTESIAN_POINT('',(160.16,-59.57412,0.));
#9832 = CIRCLE('',#9833,0.508);
#9833 = AXIS2_PLACEMENT_3D('',#9834,#9835,#9836);
#9834 = CARTESIAN_POINT('',(160.16,-59.06612,0.));
#9835 = DIRECTION('',(-0.,0.,-1.));
#9836 = DIRECTION('',(-0.,-1.,0.));
#9837 = FACE_BOUND('',#9838,.F.);
#9838 = EDGE_LOOP('',(#9839));
#9839 = ORIENTED_EDGE('',*,*,#9840,.T.);
#9840 = EDGE_CURVE('',#9841,#9841,#9843,.T.);
#9841 = VERTEX_POINT('',#9842);
#9842 = CARTESIAN_POINT('',(167.66,-62.91612,0.));
#9843 = CIRCLE('',#9844,1.35);
#9844 = AXIS2_PLACEMENT_3D('',#9845,#9846,#9847);
#9845 = CARTESIAN_POINT('',(167.66,-61.56612,0.));
#9846 = DIRECTION('',(-0.,0.,-1.));
#9847 = DIRECTION('',(-0.,-1.,0.));
#9848 = PLANE('',#9849);
#9849 = AXIS2_PLACEMENT_3D('',#9850,#9851,#9852);
#9850 = CARTESIAN_POINT('',(0.,0.,0.));
#9851 = DIRECTION('',(0.,0.,1.));
#9852 = DIRECTION('',(1.,0.,-0.));
#9853 = ADVANCED_FACE('',(#9854,#9900,#9911,#9922,#9933,#9944,#9955,
    #9966,#9977,#9988,#9999,#10010,#10021,#10032,#10043,#10054,#10065,
    #10076,#10087,#10098,#10109,#10120,#10131,#10142,#10153,#10164,
    #10175,#10186,#10197,#10208,#10219,#10230,#10241,#10252,#10263,
    #10274),#10285,.T.);
#9854 = FACE_BOUND('',#9855,.T.);
#9855 = EDGE_LOOP('',(#9856,#9857,#9858,#9867,#9875,#9884,#9892,#9899));
#9856 = ORIENTED_EDGE('',*,*,#9326,.F.);
#9857 = ORIENTED_EDGE('',*,*,#9368,.F.);
#9858 = ORIENTED_EDGE('',*,*,#9859,.F.);
#9859 = EDGE_CURVE('',#9860,#9361,#9862,.T.);
#9860 = VERTEX_POINT('',#9861);
#9861 = CARTESIAN_POINT('',(110.16,-61.56612,1.51));
#9862 = CIRCLE('',#9863,4.999999678834);
#9863 = AXIS2_PLACEMENT_3D('',#9864,#9865,#9866);
#9864 = CARTESIAN_POINT('',(115.15999967883,-61.56611967883,1.51));
#9865 = DIRECTION('',(0.,0.,-1.));
#9866 = DIRECTION('',(-1.,-6.423314275614E-08,-0.));
#9867 = ORIENTED_EDGE('',*,*,#9868,.F.);
#9868 = EDGE_CURVE('',#9869,#9860,#9871,.T.);
#9869 = VERTEX_POINT('',#9870);
#9870 = CARTESIAN_POINT('',(110.16,-96.56612,1.51));
#9871 = LINE('',#9872,#9873);
#9872 = CARTESIAN_POINT('',(110.16,-96.56612,1.51));
#9873 = VECTOR('',#9874,1.);
#9874 = DIRECTION('',(0.,1.,0.));
#9875 = ORIENTED_EDGE('',*,*,#9876,.F.);
#9876 = EDGE_CURVE('',#9877,#9869,#9879,.T.);
#9877 = VERTEX_POINT('',#9878);
#9878 = CARTESIAN_POINT('',(115.16,-101.56612,1.51));
#9879 = CIRCLE('',#9880,4.999999678834);
#9880 = AXIS2_PLACEMENT_3D('',#9881,#9882,#9883);
#9881 = CARTESIAN_POINT('',(115.15999967883,-96.56612032116,1.51));
#9882 = DIRECTION('',(0.,0.,-1.));
#9883 = DIRECTION('',(6.423314133505E-08,-1.,0.));
#9884 = ORIENTED_EDGE('',*,*,#9885,.F.);
#9885 = EDGE_CURVE('',#9886,#9877,#9888,.T.);
#9886 = VERTEX_POINT('',#9887);
#9887 = CARTESIAN_POINT('',(167.66,-101.56612,1.51));
#9888 = LINE('',#9889,#9890);
#9889 = CARTESIAN_POINT('',(167.66,-101.56612,1.51));
#9890 = VECTOR('',#9891,1.);
#9891 = DIRECTION('',(-1.,0.,0.));
#9892 = ORIENTED_EDGE('',*,*,#9893,.F.);
#9893 = EDGE_CURVE('',#9391,#9886,#9894,.T.);
#9894 = CIRCLE('',#9895,4.999999678834);
#9895 = AXIS2_PLACEMENT_3D('',#9896,#9897,#9898);
#9896 = CARTESIAN_POINT('',(167.66000032116,-96.56612032116,1.51));
#9897 = DIRECTION('',(0.,0.,-1.));
#9898 = DIRECTION('',(1.,6.423314986157E-08,0.));
#9899 = ORIENTED_EDGE('',*,*,#9390,.F.);
#9900 = FACE_BOUND('',#9901,.T.);
#9901 = EDGE_LOOP('',(#9902));
#9902 = ORIENTED_EDGE('',*,*,#9903,.T.);
#9903 = EDGE_CURVE('',#9904,#9904,#9906,.T.);
#9904 = VERTEX_POINT('',#9905);
#9905 = CARTESIAN_POINT('',(115.16,-97.91612,1.51));
#9906 = CIRCLE('',#9907,1.35);
#9907 = AXIS2_PLACEMENT_3D('',#9908,#9909,#9910);
#9908 = CARTESIAN_POINT('',(115.16,-96.56612,1.51));
#9909 = DIRECTION('',(-0.,0.,-1.));
#9910 = DIRECTION('',(-0.,-1.,0.));
#9911 = FACE_BOUND('',#9912,.T.);
#9912 = EDGE_LOOP('',(#9913));
#9913 = ORIENTED_EDGE('',*,*,#9914,.F.);
#9914 = EDGE_CURVE('',#9915,#9915,#9917,.T.);
#9915 = VERTEX_POINT('',#9916);
#9916 = CARTESIAN_POINT('',(118.53,-87.90612,1.51));
#9917 = CIRCLE('',#9918,1.3);
#9918 = AXIS2_PLACEMENT_3D('',#9919,#9920,#9921);
#9919 = CARTESIAN_POINT('',(117.23,-87.90612,1.51));
#9920 = DIRECTION('',(0.,0.,1.));
#9921 = DIRECTION('',(1.,0.,-0.));
#9922 = FACE_BOUND('',#9923,.T.);
#9923 = EDGE_LOOP('',(#9924));
#9924 = ORIENTED_EDGE('',*,*,#9925,.T.);
#9925 = EDGE_CURVE('',#9926,#9926,#9928,.T.);
#9926 = VERTEX_POINT('',#9927);
#9927 = CARTESIAN_POINT('',(114.8,-83.14112,1.51));
#9928 = CIRCLE('',#9929,0.425);
#9929 = AXIS2_PLACEMENT_3D('',#9930,#9931,#9932);
#9930 = CARTESIAN_POINT('',(114.8,-82.71612,1.51));
#9931 = DIRECTION('',(-0.,0.,-1.));
#9932 = DIRECTION('',(-0.,-1.,0.));
#9933 = FACE_BOUND('',#9934,.T.);
#9934 = EDGE_LOOP('',(#9935));
#9935 = ORIENTED_EDGE('',*,*,#9936,.F.);
#9936 = EDGE_CURVE('',#9937,#9937,#9939,.T.);
#9937 = VERTEX_POINT('',#9938);
#9938 = CARTESIAN_POINT('',(113.68,-78.90612,1.51));
#9939 = CIRCLE('',#9940,0.95);
#9940 = AXIS2_PLACEMENT_3D('',#9941,#9942,#9943);
#9941 = CARTESIAN_POINT('',(112.73,-78.90612,1.51));
#9942 = DIRECTION('',(0.,0.,1.));
#9943 = DIRECTION('',(1.,0.,-0.));
#9944 = FACE_BOUND('',#9945,.T.);
#9945 = EDGE_LOOP('',(#9946));
#9946 = ORIENTED_EDGE('',*,*,#9947,.T.);
#9947 = EDGE_CURVE('',#9948,#9948,#9950,.T.);
#9948 = VERTEX_POINT('',#9949);
#9949 = CARTESIAN_POINT('',(137.66,-83.14112,1.51));
#9950 = CIRCLE('',#9951,0.425);
#9951 = AXIS2_PLACEMENT_3D('',#9952,#9953,#9954);
#9952 = CARTESIAN_POINT('',(137.66,-82.71612,1.51));
#9953 = DIRECTION('',(-0.,0.,-1.));
#9954 = DIRECTION('',(-6.687461042448E-14,-1.,0.));
#9955 = FACE_BOUND('',#9956,.T.);
#9956 = EDGE_LOOP('',(#9957));
#9957 = ORIENTED_EDGE('',*,*,#9958,.F.);
#9958 = EDGE_CURVE('',#9959,#9959,#9961,.T.);
#9959 = VERTEX_POINT('',#9960);
#9960 = CARTESIAN_POINT('',(140.68,-78.90612,1.51));
#9961 = CIRCLE('',#9962,0.95);
#9962 = AXIS2_PLACEMENT_3D('',#9963,#9964,#9965);
#9963 = CARTESIAN_POINT('',(139.73,-78.90612,1.51));
#9964 = DIRECTION('',(0.,0.,1.));
#9965 = DIRECTION('',(1.,0.,-0.));
#9966 = FACE_BOUND('',#9967,.T.);
#9967 = EDGE_LOOP('',(#9968));
#9968 = ORIENTED_EDGE('',*,*,#9969,.T.);
#9969 = EDGE_CURVE('',#9970,#9970,#9972,.T.);
#9970 = VERTEX_POINT('',#9971);
#9971 = CARTESIAN_POINT('',(155.16,-97.10612,1.51));
#9972 = CIRCLE('',#9973,0.5);
#9973 = AXIS2_PLACEMENT_3D('',#9974,#9975,#9976);
#9974 = CARTESIAN_POINT('',(155.16,-96.60612,1.51));
#9975 = DIRECTION('',(-0.,0.,-1.));
#9976 = DIRECTION('',(-0.,-1.,0.));
#9977 = FACE_BOUND('',#9978,.T.);
#9978 = EDGE_LOOP('',(#9979));
#9979 = ORIENTED_EDGE('',*,*,#9980,.T.);
#9980 = EDGE_CURVE('',#9981,#9981,#9983,.T.);
#9981 = VERTEX_POINT('',#9982);
#9982 = CARTESIAN_POINT('',(155.16,-94.56612,1.51));
#9983 = CIRCLE('',#9984,0.5);
#9984 = AXIS2_PLACEMENT_3D('',#9985,#9986,#9987);
#9985 = CARTESIAN_POINT('',(155.16,-94.06612,1.51));
#9986 = DIRECTION('',(-0.,0.,-1.));
#9987 = DIRECTION('',(-0.,-1.,0.));
#9988 = FACE_BOUND('',#9989,.T.);
#9989 = EDGE_LOOP('',(#9990));
#9990 = ORIENTED_EDGE('',*,*,#9991,.T.);
#9991 = EDGE_CURVE('',#9992,#9992,#9994,.T.);
#9992 = VERTEX_POINT('',#9993);
#9993 = CARTESIAN_POINT('',(162.62,-97.06612,1.51));
#9994 = CIRCLE('',#9995,0.5);
#9995 = AXIS2_PLACEMENT_3D('',#9996,#9997,#9998);
#9996 = CARTESIAN_POINT('',(162.62,-96.56612,1.51));
#9997 = DIRECTION('',(-0.,0.,-1.));
#9998 = DIRECTION('',(-0.,-1.,0.));
#9999 = FACE_BOUND('',#10000,.T.);
#10000 = EDGE_LOOP('',(#10001));
#10001 = ORIENTED_EDGE('',*,*,#10002,.T.);
#10002 = EDGE_CURVE('',#10003,#10003,#10005,.T.);
#10003 = VERTEX_POINT('',#10004);
#10004 = CARTESIAN_POINT('',(165.16,-97.06612,1.51));
#10005 = CIRCLE('',#10006,0.5);
#10006 = AXIS2_PLACEMENT_3D('',#10007,#10008,#10009);
#10007 = CARTESIAN_POINT('',(165.16,-96.56612,1.51));
#10008 = DIRECTION('',(-0.,0.,-1.));
#10009 = DIRECTION('',(-0.,-1.,0.));
#10010 = FACE_BOUND('',#10011,.T.);
#10011 = EDGE_LOOP('',(#10012));
#10012 = ORIENTED_EDGE('',*,*,#10013,.T.);
#10013 = EDGE_CURVE('',#10014,#10014,#10016,.T.);
#10014 = VERTEX_POINT('',#10015);
#10015 = CARTESIAN_POINT('',(167.7,-97.06612,1.51));
#10016 = CIRCLE('',#10017,0.5);
#10017 = AXIS2_PLACEMENT_3D('',#10018,#10019,#10020);
#10018 = CARTESIAN_POINT('',(167.7,-96.56612,1.51));
#10019 = DIRECTION('',(-0.,0.,-1.));
#10020 = DIRECTION('',(-0.,-1.,0.));
#10021 = FACE_BOUND('',#10022,.T.);
#10022 = EDGE_LOOP('',(#10023));
#10023 = ORIENTED_EDGE('',*,*,#10024,.T.);
#10024 = EDGE_CURVE('',#10025,#10025,#10027,.T.);
#10025 = VERTEX_POINT('',#10026);
#10026 = CARTESIAN_POINT('',(161.16,-92.11612,1.51));
#10027 = CIRCLE('',#10028,0.55);
#10028 = AXIS2_PLACEMENT_3D('',#10029,#10030,#10031);
#10029 = CARTESIAN_POINT('',(161.16,-91.56612,1.51));
#10030 = DIRECTION('',(-0.,0.,-1.));
#10031 = DIRECTION('',(-5.167583532801E-14,-1.,0.));
#10032 = FACE_BOUND('',#10033,.T.);
#10033 = EDGE_LOOP('',(#10034));
#10034 = ORIENTED_EDGE('',*,*,#10035,.T.);
#10035 = EDGE_CURVE('',#10036,#10036,#10038,.T.);
#10036 = VERTEX_POINT('',#10037);
#10037 = CARTESIAN_POINT('',(167.66,-92.11612,1.51));
#10038 = CIRCLE('',#10039,0.55);
#10039 = AXIS2_PLACEMENT_3D('',#10040,#10041,#10042);
#10040 = CARTESIAN_POINT('',(167.66,-91.56612,1.51));
#10041 = DIRECTION('',(-0.,0.,-1.));
#10042 = DIRECTION('',(-5.167583532801E-14,-1.,0.));
#10043 = FACE_BOUND('',#10044,.T.);
#10044 = EDGE_LOOP('',(#10045));
#10045 = ORIENTED_EDGE('',*,*,#10046,.T.);
#10046 = EDGE_CURVE('',#10047,#10047,#10049,.T.);
#10047 = VERTEX_POINT('',#10048);
#10048 = CARTESIAN_POINT('',(150.,-84.97412,1.51));
#10049 = CIRCLE('',#10050,0.508);
#10050 = AXIS2_PLACEMENT_3D('',#10051,#10052,#10053);
#10051 = CARTESIAN_POINT('',(150.,-84.46612,1.51));
#10052 = DIRECTION('',(-0.,0.,-1.));
#10053 = DIRECTION('',(-0.,-1.,0.));
#10054 = FACE_BOUND('',#10055,.T.);
#10055 = EDGE_LOOP('',(#10056));
#10056 = ORIENTED_EDGE('',*,*,#10057,.T.);
#10057 = EDGE_CURVE('',#10058,#10058,#10060,.T.);
#10058 = VERTEX_POINT('',#10059);
#10059 = CARTESIAN_POINT('',(161.16,-87.61612,1.51));
#10060 = CIRCLE('',#10061,0.55);
#10061 = AXIS2_PLACEMENT_3D('',#10062,#10063,#10064);
#10062 = CARTESIAN_POINT('',(161.16,-87.06612,1.51));
#10063 = DIRECTION('',(-0.,0.,-1.));
#10064 = DIRECTION('',(-5.167583532801E-14,-1.,0.));
#10065 = FACE_BOUND('',#10066,.T.);
#10066 = EDGE_LOOP('',(#10067));
#10067 = ORIENTED_EDGE('',*,*,#10068,.T.);
#10068 = EDGE_CURVE('',#10069,#10069,#10071,.T.);
#10069 = VERTEX_POINT('',#10070);
#10070 = CARTESIAN_POINT('',(155.08,-84.97412,1.51));
#10071 = CIRCLE('',#10072,0.508);
#10072 = AXIS2_PLACEMENT_3D('',#10073,#10074,#10075);
#10073 = CARTESIAN_POINT('',(155.08,-84.46612,1.51));
#10074 = DIRECTION('',(-0.,0.,-1.));
#10075 = DIRECTION('',(5.594824691024E-14,-1.,-0.));
#10076 = FACE_BOUND('',#10077,.T.);
#10077 = EDGE_LOOP('',(#10078));
#10078 = ORIENTED_EDGE('',*,*,#10079,.T.);
#10079 = EDGE_CURVE('',#10080,#10080,#10082,.T.);
#10080 = VERTEX_POINT('',#10081);
#10081 = CARTESIAN_POINT('',(167.66,-87.61612,1.51));
#10082 = CIRCLE('',#10083,0.55);
#10083 = AXIS2_PLACEMENT_3D('',#10084,#10085,#10086);
#10084 = CARTESIAN_POINT('',(167.66,-87.06612,1.51));
#10085 = DIRECTION('',(-0.,0.,-1.));
#10086 = DIRECTION('',(-5.167583532801E-14,-1.,0.));
#10087 = FACE_BOUND('',#10088,.T.);
#10088 = EDGE_LOOP('',(#10089));
#10089 = ORIENTED_EDGE('',*,*,#10090,.T.);
#10090 = EDGE_CURVE('',#10091,#10091,#10093,.T.);
#10091 = VERTEX_POINT('',#10092);
#10092 = CARTESIAN_POINT('',(114.8,-75.52112,1.51));
#10093 = CIRCLE('',#10094,0.425);
#10094 = AXIS2_PLACEMENT_3D('',#10095,#10096,#10097);
#10095 = CARTESIAN_POINT('',(114.8,-75.09612,1.51));
#10096 = DIRECTION('',(-0.,0.,-1.));
#10097 = DIRECTION('',(-0.,-1.,0.));
#10098 = FACE_BOUND('',#10099,.T.);
#10099 = EDGE_LOOP('',(#10100));
#10100 = ORIENTED_EDGE('',*,*,#10101,.T.);
#10101 = EDGE_CURVE('',#10102,#10102,#10104,.T.);
#10102 = VERTEX_POINT('',#10103);
#10103 = CARTESIAN_POINT('',(137.66,-75.52112,1.51));
#10104 = CIRCLE('',#10105,0.425);
#10105 = AXIS2_PLACEMENT_3D('',#10106,#10107,#10108);
#10106 = CARTESIAN_POINT('',(137.66,-75.09612,1.51));
#10107 = DIRECTION('',(-0.,0.,-1.));
#10108 = DIRECTION('',(-6.687461042448E-14,-1.,0.));
#10109 = FACE_BOUND('',#10110,.T.);
#10110 = EDGE_LOOP('',(#10111));
#10111 = ORIENTED_EDGE('',*,*,#10112,.F.);
#10112 = EDGE_CURVE('',#10113,#10113,#10115,.T.);
#10113 = VERTEX_POINT('',#10114);
#10114 = CARTESIAN_POINT('',(128.18,-68.90612,1.51));
#10115 = CIRCLE('',#10116,1.95);
#10116 = AXIS2_PLACEMENT_3D('',#10117,#10118,#10119);
#10117 = CARTESIAN_POINT('',(126.23,-68.90612,1.51));
#10118 = DIRECTION('',(0.,0.,1.));
#10119 = DIRECTION('',(1.,0.,-0.));
#10120 = FACE_BOUND('',#10121,.T.);
#10121 = EDGE_LOOP('',(#10122));
#10122 = ORIENTED_EDGE('',*,*,#10123,.T.);
#10123 = EDGE_CURVE('',#10124,#10124,#10126,.T.);
#10124 = VERTEX_POINT('',#10125);
#10125 = CARTESIAN_POINT('',(144.92,-74.81412,1.51));
#10126 = CIRCLE('',#10127,0.508);
#10127 = AXIS2_PLACEMENT_3D('',#10128,#10129,#10130);
#10128 = CARTESIAN_POINT('',(144.92,-74.30612,1.51));
#10129 = DIRECTION('',(-0.,0.,-1.));
#10130 = DIRECTION('',(-5.594824691025E-14,-1.,0.));
#10131 = FACE_BOUND('',#10132,.T.);
#10132 = EDGE_LOOP('',(#10133));
#10133 = ORIENTED_EDGE('',*,*,#10134,.T.);
#10134 = EDGE_CURVE('',#10135,#10135,#10137,.T.);
#10135 = VERTEX_POINT('',#10136);
#10136 = CARTESIAN_POINT('',(144.92,-72.27412,1.51));
#10137 = CIRCLE('',#10138,0.508);
#10138 = AXIS2_PLACEMENT_3D('',#10139,#10140,#10141);
#10139 = CARTESIAN_POINT('',(144.92,-71.76612,1.51));
#10140 = DIRECTION('',(-0.,0.,-1.));
#10141 = DIRECTION('',(-5.594824691025E-14,-1.,0.));
#10142 = FACE_BOUND('',#10143,.T.);
#10143 = EDGE_LOOP('',(#10144));
#10144 = ORIENTED_EDGE('',*,*,#10145,.T.);
#10145 = EDGE_CURVE('',#10146,#10146,#10148,.T.);
#10146 = VERTEX_POINT('',#10147);
#10147 = CARTESIAN_POINT('',(144.92,-69.73412,1.51));
#10148 = CIRCLE('',#10149,0.508);
#10149 = AXIS2_PLACEMENT_3D('',#10150,#10151,#10152);
#10150 = CARTESIAN_POINT('',(144.92,-69.22612,1.51));
#10151 = DIRECTION('',(-0.,0.,-1.));
#10152 = DIRECTION('',(-5.594824691025E-14,-1.,0.));
#10153 = FACE_BOUND('',#10154,.T.);
#10154 = EDGE_LOOP('',(#10155));
#10155 = ORIENTED_EDGE('',*,*,#10156,.T.);
#10156 = EDGE_CURVE('',#10157,#10157,#10159,.T.);
#10157 = VERTEX_POINT('',#10158);
#10158 = CARTESIAN_POINT('',(160.16,-74.81412,1.51));
#10159 = CIRCLE('',#10160,0.508);
#10160 = AXIS2_PLACEMENT_3D('',#10161,#10162,#10163);
#10161 = CARTESIAN_POINT('',(160.16,-74.30612,1.51));
#10162 = DIRECTION('',(-0.,0.,-1.));
#10163 = DIRECTION('',(-0.,-1.,0.));
#10164 = FACE_BOUND('',#10165,.T.);
#10165 = EDGE_LOOP('',(#10166));
#10166 = ORIENTED_EDGE('',*,*,#10167,.T.);
#10167 = EDGE_CURVE('',#10168,#10168,#10170,.T.);
#10168 = VERTEX_POINT('',#10169);
#10169 = CARTESIAN_POINT('',(160.16,-72.27412,1.51));
#10170 = CIRCLE('',#10171,0.508);
#10171 = AXIS2_PLACEMENT_3D('',#10172,#10173,#10174);
#10172 = CARTESIAN_POINT('',(160.16,-71.76612,1.51));
#10173 = DIRECTION('',(-0.,0.,-1.));
#10174 = DIRECTION('',(-0.,-1.,0.));
#10175 = FACE_BOUND('',#10176,.T.);
#10176 = EDGE_LOOP('',(#10177));
#10177 = ORIENTED_EDGE('',*,*,#10178,.T.);
#10178 = EDGE_CURVE('',#10179,#10179,#10181,.T.);
#10179 = VERTEX_POINT('',#10180);
#10180 = CARTESIAN_POINT('',(160.16,-69.73412,1.51));
#10181 = CIRCLE('',#10182,0.508);
#10182 = AXIS2_PLACEMENT_3D('',#10183,#10184,#10185);
#10183 = CARTESIAN_POINT('',(160.16,-69.22612,1.51));
#10184 = DIRECTION('',(-0.,0.,-1.));
#10185 = DIRECTION('',(-0.,-1.,0.));
#10186 = FACE_BOUND('',#10187,.T.);
#10187 = EDGE_LOOP('',(#10188));
#10188 = ORIENTED_EDGE('',*,*,#10189,.T.);
#10189 = EDGE_CURVE('',#10190,#10190,#10192,.T.);
#10190 = VERTEX_POINT('',#10191);
#10191 = CARTESIAN_POINT('',(144.92,-67.19412,1.51));
#10192 = CIRCLE('',#10193,0.508);
#10193 = AXIS2_PLACEMENT_3D('',#10194,#10195,#10196);
#10194 = CARTESIAN_POINT('',(144.92,-66.68612,1.51));
#10195 = DIRECTION('',(-0.,0.,-1.));
#10196 = DIRECTION('',(-5.594824691025E-14,-1.,0.));
#10197 = FACE_BOUND('',#10198,.T.);
#10198 = EDGE_LOOP('',(#10199));
#10199 = ORIENTED_EDGE('',*,*,#10200,.T.);
#10200 = EDGE_CURVE('',#10201,#10201,#10203,.T.);
#10201 = VERTEX_POINT('',#10202);
#10202 = CARTESIAN_POINT('',(144.92,-64.65412,1.51));
#10203 = CIRCLE('',#10204,0.508);
#10204 = AXIS2_PLACEMENT_3D('',#10205,#10206,#10207);
#10205 = CARTESIAN_POINT('',(144.92,-64.14612,1.51));
#10206 = DIRECTION('',(-0.,0.,-1.));
#10207 = DIRECTION('',(-5.594824691025E-14,-1.,0.));
#10208 = FACE_BOUND('',#10209,.T.);
#10209 = EDGE_LOOP('',(#10210));
#10210 = ORIENTED_EDGE('',*,*,#10211,.T.);
#10211 = EDGE_CURVE('',#10212,#10212,#10214,.T.);
#10212 = VERTEX_POINT('',#10213);
#10213 = CARTESIAN_POINT('',(144.92,-62.11412,1.51));
#10214 = CIRCLE('',#10215,0.508);
#10215 = AXIS2_PLACEMENT_3D('',#10216,#10217,#10218);
#10216 = CARTESIAN_POINT('',(144.92,-61.60612,1.51));
#10217 = DIRECTION('',(-0.,0.,-1.));
#10218 = DIRECTION('',(-5.594824691025E-14,-1.,0.));
#10219 = FACE_BOUND('',#10220,.T.);
#10220 = EDGE_LOOP('',(#10221));
#10221 = ORIENTED_EDGE('',*,*,#10222,.T.);
#10222 = EDGE_CURVE('',#10223,#10223,#10225,.T.);
#10223 = VERTEX_POINT('',#10224);
#10224 = CARTESIAN_POINT('',(144.92,-59.57412,1.51));
#10225 = CIRCLE('',#10226,0.508);
#10226 = AXIS2_PLACEMENT_3D('',#10227,#10228,#10229);
#10227 = CARTESIAN_POINT('',(144.92,-59.06612,1.51));
#10228 = DIRECTION('',(-0.,0.,-1.));
#10229 = DIRECTION('',(-5.594824691025E-14,-1.,0.));
#10230 = FACE_BOUND('',#10231,.T.);
#10231 = EDGE_LOOP('',(#10232));
#10232 = ORIENTED_EDGE('',*,*,#10233,.T.);
#10233 = EDGE_CURVE('',#10234,#10234,#10236,.T.);
#10234 = VERTEX_POINT('',#10235);
#10235 = CARTESIAN_POINT('',(160.16,-67.19412,1.51));
#10236 = CIRCLE('',#10237,0.508);
#10237 = AXIS2_PLACEMENT_3D('',#10238,#10239,#10240);
#10238 = CARTESIAN_POINT('',(160.16,-66.68612,1.51));
#10239 = DIRECTION('',(-0.,0.,-1.));
#10240 = DIRECTION('',(-0.,-1.,0.));
#10241 = FACE_BOUND('',#10242,.T.);
#10242 = EDGE_LOOP('',(#10243));
#10243 = ORIENTED_EDGE('',*,*,#10244,.T.);
#10244 = EDGE_CURVE('',#10245,#10245,#10247,.T.);
#10245 = VERTEX_POINT('',#10246);
#10246 = CARTESIAN_POINT('',(160.16,-64.65412,1.51));
#10247 = CIRCLE('',#10248,0.508);
#10248 = AXIS2_PLACEMENT_3D('',#10249,#10250,#10251);
#10249 = CARTESIAN_POINT('',(160.16,-64.14612,1.51));
#10250 = DIRECTION('',(-0.,0.,-1.));
#10251 = DIRECTION('',(-0.,-1.,0.));
#10252 = FACE_BOUND('',#10253,.T.);
#10253 = EDGE_LOOP('',(#10254));
#10254 = ORIENTED_EDGE('',*,*,#10255,.T.);
#10255 = EDGE_CURVE('',#10256,#10256,#10258,.T.);
#10256 = VERTEX_POINT('',#10257);
#10257 = CARTESIAN_POINT('',(160.16,-62.11412,1.51));
#10258 = CIRCLE('',#10259,0.508);
#10259 = AXIS2_PLACEMENT_3D('',#10260,#10261,#10262);
#10260 = CARTESIAN_POINT('',(160.16,-61.60612,1.51));
#10261 = DIRECTION('',(-0.,0.,-1.));
#10262 = DIRECTION('',(-0.,-1.,0.));
#10263 = FACE_BOUND('',#10264,.T.);
#10264 = EDGE_LOOP('',(#10265));
#10265 = ORIENTED_EDGE('',*,*,#10266,.T.);
#10266 = EDGE_CURVE('',#10267,#10267,#10269,.T.);
#10267 = VERTEX_POINT('',#10268);
#10268 = CARTESIAN_POINT('',(160.16,-59.57412,1.51));
#10269 = CIRCLE('',#10270,0.508);
#10270 = AXIS2_PLACEMENT_3D('',#10271,#10272,#10273);
#10271 = CARTESIAN_POINT('',(160.16,-59.06612,1.51));
#10272 = DIRECTION('',(-0.,0.,-1.));
#10273 = DIRECTION('',(-0.,-1.,0.));
#10274 = FACE_BOUND('',#10275,.T.);
#10275 = EDGE_LOOP('',(#10276));
#10276 = ORIENTED_EDGE('',*,*,#10277,.T.);
#10277 = EDGE_CURVE('',#10278,#10278,#10280,.T.);
#10278 = VERTEX_POINT('',#10279);
#10279 = CARTESIAN_POINT('',(167.66,-62.91612,1.51));
#10280 = CIRCLE('',#10281,1.35);
#10281 = AXIS2_PLACEMENT_3D('',#10282,#10283,#10284);
#10282 = CARTESIAN_POINT('',(167.66,-61.56612,1.51));
#10283 = DIRECTION('',(-0.,0.,-1.));
#10284 = DIRECTION('',(-0.,-1.,0.));
#10285 = PLANE('',#10286);
#10286 = AXIS2_PLACEMENT_3D('',#10287,#10288,#10289);
#10287 = CARTESIAN_POINT('',(0.,0.,1.51));
#10288 = DIRECTION('',(0.,0.,1.));
#10289 = DIRECTION('',(1.,0.,-0.));
#10290 = ADVANCED_FACE('',(#10291),#10302,.T.);
#10291 = FACE_BOUND('',#10292,.T.);
#10292 = EDGE_LOOP('',(#10293,#10299,#10300,#10301));
#10293 = ORIENTED_EDGE('',*,*,#10294,.T.);
#10294 = EDGE_CURVE('',#9423,#9860,#10295,.T.);
#10295 = LINE('',#10296,#10297);
#10296 = CARTESIAN_POINT('',(110.16,-61.56612,0.));
#10297 = VECTOR('',#10298,1.);
#10298 = DIRECTION('',(0.,0.,1.));
#10299 = ORIENTED_EDGE('',*,*,#9859,.T.);
#10300 = ORIENTED_EDGE('',*,*,#9358,.F.);
#10301 = ORIENTED_EDGE('',*,*,#9422,.F.);
#10302 = CYLINDRICAL_SURFACE('',#10303,4.999999678834);
#10303 = AXIS2_PLACEMENT_3D('',#10304,#10305,#10306);
#10304 = CARTESIAN_POINT('',(115.15999967883,-61.56611967883,0.));
#10305 = DIRECTION('',(0.,0.,-1.));
#10306 = DIRECTION('',(-1.,-6.423314275614E-08,-0.));
#10307 = ADVANCED_FACE('',(#10308),#10319,.T.);
#10308 = FACE_BOUND('',#10309,.T.);
#10309 = EDGE_LOOP('',(#10310,#10311,#10312,#10318));
#10310 = ORIENTED_EDGE('',*,*,#9398,.T.);
#10311 = ORIENTED_EDGE('',*,*,#9893,.T.);
#10312 = ORIENTED_EDGE('',*,*,#10313,.F.);
#10313 = EDGE_CURVE('',#9449,#9886,#10314,.T.);
#10314 = LINE('',#10315,#10316);
#10315 = CARTESIAN_POINT('',(167.66,-101.56612,0.));
#10316 = VECTOR('',#10317,1.);
#10317 = DIRECTION('',(0.,0.,1.));
#10318 = ORIENTED_EDGE('',*,*,#9456,.F.);
#10319 = CYLINDRICAL_SURFACE('',#10320,4.999999678834);
#10320 = AXIS2_PLACEMENT_3D('',#10321,#10322,#10323);
#10321 = CARTESIAN_POINT('',(167.66000032116,-96.56612032116,0.));
#10322 = DIRECTION('',(0.,0.,-1.));
#10323 = DIRECTION('',(1.,6.423314986157E-08,0.));
#10324 = ADVANCED_FACE('',(#10325),#10336,.T.);
#10325 = FACE_BOUND('',#10326,.T.);
#10326 = EDGE_LOOP('',(#10327,#10333,#10334,#10335));
#10327 = ORIENTED_EDGE('',*,*,#10328,.T.);
#10328 = EDGE_CURVE('',#9432,#9869,#10329,.T.);
#10329 = LINE('',#10330,#10331);
#10330 = CARTESIAN_POINT('',(110.16,-96.56612,0.));
#10331 = VECTOR('',#10332,1.);
#10332 = DIRECTION('',(0.,0.,1.));
#10333 = ORIENTED_EDGE('',*,*,#9868,.T.);
#10334 = ORIENTED_EDGE('',*,*,#10294,.F.);
#10335 = ORIENTED_EDGE('',*,*,#9431,.F.);
#10336 = PLANE('',#10337);
#10337 = AXIS2_PLACEMENT_3D('',#10338,#10339,#10340);
#10338 = CARTESIAN_POINT('',(110.16,-96.56612,0.));
#10339 = DIRECTION('',(-1.,0.,0.));
#10340 = DIRECTION('',(0.,1.,0.));
#10341 = ADVANCED_FACE('',(#10342),#10353,.T.);
#10342 = FACE_BOUND('',#10343,.T.);
#10343 = EDGE_LOOP('',(#10344,#10345,#10346,#10352));
#10344 = ORIENTED_EDGE('',*,*,#10313,.T.);
#10345 = ORIENTED_EDGE('',*,*,#9885,.T.);
#10346 = ORIENTED_EDGE('',*,*,#10347,.F.);
#10347 = EDGE_CURVE('',#9440,#9877,#10348,.T.);
#10348 = LINE('',#10349,#10350);
#10349 = CARTESIAN_POINT('',(115.16,-101.56612,0.));
#10350 = VECTOR('',#10351,1.);
#10351 = DIRECTION('',(0.,0.,1.));
#10352 = ORIENTED_EDGE('',*,*,#9448,.F.);
#10353 = PLANE('',#10354);
#10354 = AXIS2_PLACEMENT_3D('',#10355,#10356,#10357);
#10355 = CARTESIAN_POINT('',(167.66,-101.56612,0.));
#10356 = DIRECTION('',(0.,-1.,0.));
#10357 = DIRECTION('',(-1.,0.,0.));
#10358 = ADVANCED_FACE('',(#10359),#10365,.T.);
#10359 = FACE_BOUND('',#10360,.T.);
#10360 = EDGE_LOOP('',(#10361,#10362,#10363,#10364));
#10361 = ORIENTED_EDGE('',*,*,#10347,.T.);
#10362 = ORIENTED_EDGE('',*,*,#9876,.T.);
#10363 = ORIENTED_EDGE('',*,*,#10328,.F.);
#10364 = ORIENTED_EDGE('',*,*,#9439,.F.);
#10365 = CYLINDRICAL_SURFACE('',#10366,4.999999678834);
#10366 = AXIS2_PLACEMENT_3D('',#10367,#10368,#10369);
#10367 = CARTESIAN_POINT('',(115.15999967883,-96.56612032116,0.));
#10368 = DIRECTION('',(0.,0.,-1.));
#10369 = DIRECTION('',(6.423314133505E-08,-1.,0.));
#10370 = ADVANCED_FACE('',(#10371),#10382,.F.);
#10371 = FACE_BOUND('',#10372,.T.);
#10372 = EDGE_LOOP('',(#10373,#10374,#10380,#10381));
#10373 = ORIENTED_EDGE('',*,*,#9466,.T.);
#10374 = ORIENTED_EDGE('',*,*,#10375,.T.);
#10375 = EDGE_CURVE('',#9467,#9904,#10376,.T.);
#10376 = LINE('',#10377,#10378);
#10377 = CARTESIAN_POINT('',(115.16,-97.91612,-4.6E-02));
#10378 = VECTOR('',#10379,1.);
#10379 = DIRECTION('',(0.,0.,1.));
#10380 = ORIENTED_EDGE('',*,*,#9903,.F.);
#10381 = ORIENTED_EDGE('',*,*,#10375,.F.);
#10382 = CYLINDRICAL_SURFACE('',#10383,1.35);
#10383 = AXIS2_PLACEMENT_3D('',#10384,#10385,#10386);
#10384 = CARTESIAN_POINT('',(115.16,-96.56612,-4.6E-02));
#10385 = DIRECTION('',(-0.,-0.,-1.));
#10386 = DIRECTION('',(-0.,-1.,0.));
#10387 = ADVANCED_FACE('',(#10388),#10399,.F.);
#10388 = FACE_BOUND('',#10389,.T.);
#10389 = EDGE_LOOP('',(#10390,#10396,#10397,#10398));
#10390 = ORIENTED_EDGE('',*,*,#10391,.T.);
#10391 = EDGE_CURVE('',#9478,#9915,#10392,.T.);
#10392 = LINE('',#10393,#10394);
#10393 = CARTESIAN_POINT('',(118.53,-87.90612,0.));
#10394 = VECTOR('',#10395,1.);
#10395 = DIRECTION('',(0.,0.,1.));
#10396 = ORIENTED_EDGE('',*,*,#9914,.T.);
#10397 = ORIENTED_EDGE('',*,*,#10391,.F.);
#10398 = ORIENTED_EDGE('',*,*,#9477,.F.);
#10399 = CYLINDRICAL_SURFACE('',#10400,1.3);
#10400 = AXIS2_PLACEMENT_3D('',#10401,#10402,#10403);
#10401 = CARTESIAN_POINT('',(117.23,-87.90612,0.));
#10402 = DIRECTION('',(-0.,-0.,-1.));
#10403 = DIRECTION('',(1.,0.,-0.));
#10404 = ADVANCED_FACE('',(#10405),#10416,.F.);
#10405 = FACE_BOUND('',#10406,.T.);
#10406 = EDGE_LOOP('',(#10407,#10408,#10414,#10415));
#10407 = ORIENTED_EDGE('',*,*,#9488,.T.);
#10408 = ORIENTED_EDGE('',*,*,#10409,.T.);
#10409 = EDGE_CURVE('',#9489,#9926,#10410,.T.);
#10410 = LINE('',#10411,#10412);
#10411 = CARTESIAN_POINT('',(114.8,-83.14112,-4.6E-02));
#10412 = VECTOR('',#10413,1.);
#10413 = DIRECTION('',(0.,0.,1.));
#10414 = ORIENTED_EDGE('',*,*,#9925,.F.);
#10415 = ORIENTED_EDGE('',*,*,#10409,.F.);
#10416 = CYLINDRICAL_SURFACE('',#10417,0.425);
#10417 = AXIS2_PLACEMENT_3D('',#10418,#10419,#10420);
#10418 = CARTESIAN_POINT('',(114.8,-82.71612,-4.6E-02));
#10419 = DIRECTION('',(-0.,-0.,-1.));
#10420 = DIRECTION('',(-0.,-1.,0.));
#10421 = ADVANCED_FACE('',(#10422),#10433,.F.);
#10422 = FACE_BOUND('',#10423,.T.);
#10423 = EDGE_LOOP('',(#10424,#10430,#10431,#10432));
#10424 = ORIENTED_EDGE('',*,*,#10425,.T.);
#10425 = EDGE_CURVE('',#9500,#9937,#10426,.T.);
#10426 = LINE('',#10427,#10428);
#10427 = CARTESIAN_POINT('',(113.68,-78.90612,0.));
#10428 = VECTOR('',#10429,1.);
#10429 = DIRECTION('',(0.,0.,1.));
#10430 = ORIENTED_EDGE('',*,*,#9936,.T.);
#10431 = ORIENTED_EDGE('',*,*,#10425,.F.);
#10432 = ORIENTED_EDGE('',*,*,#9499,.F.);
#10433 = CYLINDRICAL_SURFACE('',#10434,0.95);
#10434 = AXIS2_PLACEMENT_3D('',#10435,#10436,#10437);
#10435 = CARTESIAN_POINT('',(112.73,-78.90612,0.));
#10436 = DIRECTION('',(-0.,-0.,-1.));
#10437 = DIRECTION('',(1.,0.,-0.));
#10438 = ADVANCED_FACE('',(#10439),#10450,.F.);
#10439 = FACE_BOUND('',#10440,.T.);
#10440 = EDGE_LOOP('',(#10441,#10442,#10448,#10449));
#10441 = ORIENTED_EDGE('',*,*,#9510,.T.);
#10442 = ORIENTED_EDGE('',*,*,#10443,.T.);
#10443 = EDGE_CURVE('',#9511,#9948,#10444,.T.);
#10444 = LINE('',#10445,#10446);
#10445 = CARTESIAN_POINT('',(137.66,-83.14112,-4.6E-02));
#10446 = VECTOR('',#10447,1.);
#10447 = DIRECTION('',(0.,0.,1.));
#10448 = ORIENTED_EDGE('',*,*,#9947,.F.);
#10449 = ORIENTED_EDGE('',*,*,#10443,.F.);
#10450 = CYLINDRICAL_SURFACE('',#10451,0.425);
#10451 = AXIS2_PLACEMENT_3D('',#10452,#10453,#10454);
#10452 = CARTESIAN_POINT('',(137.66,-82.71612,-4.6E-02));
#10453 = DIRECTION('',(-0.,-0.,-1.));
#10454 = DIRECTION('',(-6.687461042448E-14,-1.,0.));
#10455 = ADVANCED_FACE('',(#10456),#10467,.F.);
#10456 = FACE_BOUND('',#10457,.T.);
#10457 = EDGE_LOOP('',(#10458,#10464,#10465,#10466));
#10458 = ORIENTED_EDGE('',*,*,#10459,.T.);
#10459 = EDGE_CURVE('',#9522,#9959,#10460,.T.);
#10460 = LINE('',#10461,#10462);
#10461 = CARTESIAN_POINT('',(140.68,-78.90612,0.));
#10462 = VECTOR('',#10463,1.);
#10463 = DIRECTION('',(0.,0.,1.));
#10464 = ORIENTED_EDGE('',*,*,#9958,.T.);
#10465 = ORIENTED_EDGE('',*,*,#10459,.F.);
#10466 = ORIENTED_EDGE('',*,*,#9521,.F.);
#10467 = CYLINDRICAL_SURFACE('',#10468,0.95);
#10468 = AXIS2_PLACEMENT_3D('',#10469,#10470,#10471);
#10469 = CARTESIAN_POINT('',(139.73,-78.90612,0.));
#10470 = DIRECTION('',(-0.,-0.,-1.));
#10471 = DIRECTION('',(1.,0.,-0.));
#10472 = ADVANCED_FACE('',(#10473),#10484,.F.);
#10473 = FACE_BOUND('',#10474,.T.);
#10474 = EDGE_LOOP('',(#10475,#10476,#10482,#10483));
#10475 = ORIENTED_EDGE('',*,*,#9532,.T.);
#10476 = ORIENTED_EDGE('',*,*,#10477,.T.);
#10477 = EDGE_CURVE('',#9533,#9970,#10478,.T.);
#10478 = LINE('',#10479,#10480);
#10479 = CARTESIAN_POINT('',(155.16,-97.10612,-4.6E-02));
#10480 = VECTOR('',#10481,1.);
#10481 = DIRECTION('',(0.,0.,1.));
#10482 = ORIENTED_EDGE('',*,*,#9969,.F.);
#10483 = ORIENTED_EDGE('',*,*,#10477,.F.);
#10484 = CYLINDRICAL_SURFACE('',#10485,0.5);
#10485 = AXIS2_PLACEMENT_3D('',#10486,#10487,#10488);
#10486 = CARTESIAN_POINT('',(155.16,-96.60612,-4.6E-02));
#10487 = DIRECTION('',(-0.,-0.,-1.));
#10488 = DIRECTION('',(-0.,-1.,0.));
#10489 = ADVANCED_FACE('',(#10490),#10501,.F.);
#10490 = FACE_BOUND('',#10491,.T.);
#10491 = EDGE_LOOP('',(#10492,#10493,#10499,#10500));
#10492 = ORIENTED_EDGE('',*,*,#9543,.T.);
#10493 = ORIENTED_EDGE('',*,*,#10494,.T.);
#10494 = EDGE_CURVE('',#9544,#9981,#10495,.T.);
#10495 = LINE('',#10496,#10497);
#10496 = CARTESIAN_POINT('',(155.16,-94.56612,-4.6E-02));
#10497 = VECTOR('',#10498,1.);
#10498 = DIRECTION('',(0.,0.,1.));
#10499 = ORIENTED_EDGE('',*,*,#9980,.F.);
#10500 = ORIENTED_EDGE('',*,*,#10494,.F.);
#10501 = CYLINDRICAL_SURFACE('',#10502,0.5);
#10502 = AXIS2_PLACEMENT_3D('',#10503,#10504,#10505);
#10503 = CARTESIAN_POINT('',(155.16,-94.06612,-4.6E-02));
#10504 = DIRECTION('',(-0.,-0.,-1.));
#10505 = DIRECTION('',(-0.,-1.,0.));
#10506 = ADVANCED_FACE('',(#10507),#10518,.F.);
#10507 = FACE_BOUND('',#10508,.T.);
#10508 = EDGE_LOOP('',(#10509,#10510,#10516,#10517));
#10509 = ORIENTED_EDGE('',*,*,#9554,.T.);
#10510 = ORIENTED_EDGE('',*,*,#10511,.T.);
#10511 = EDGE_CURVE('',#9555,#9992,#10512,.T.);
#10512 = LINE('',#10513,#10514);
#10513 = CARTESIAN_POINT('',(162.62,-97.06612,-4.6E-02));
#10514 = VECTOR('',#10515,1.);
#10515 = DIRECTION('',(0.,0.,1.));
#10516 = ORIENTED_EDGE('',*,*,#9991,.F.);
#10517 = ORIENTED_EDGE('',*,*,#10511,.F.);
#10518 = CYLINDRICAL_SURFACE('',#10519,0.5);
#10519 = AXIS2_PLACEMENT_3D('',#10520,#10521,#10522);
#10520 = CARTESIAN_POINT('',(162.62,-96.56612,-4.6E-02));
#10521 = DIRECTION('',(-0.,-0.,-1.));
#10522 = DIRECTION('',(-0.,-1.,0.));
#10523 = ADVANCED_FACE('',(#10524),#10535,.F.);
#10524 = FACE_BOUND('',#10525,.T.);
#10525 = EDGE_LOOP('',(#10526,#10527,#10533,#10534));
#10526 = ORIENTED_EDGE('',*,*,#9565,.T.);
#10527 = ORIENTED_EDGE('',*,*,#10528,.T.);
#10528 = EDGE_CURVE('',#9566,#10003,#10529,.T.);
#10529 = LINE('',#10530,#10531);
#10530 = CARTESIAN_POINT('',(165.16,-97.06612,-4.6E-02));
#10531 = VECTOR('',#10532,1.);
#10532 = DIRECTION('',(0.,0.,1.));
#10533 = ORIENTED_EDGE('',*,*,#10002,.F.);
#10534 = ORIENTED_EDGE('',*,*,#10528,.F.);
#10535 = CYLINDRICAL_SURFACE('',#10536,0.5);
#10536 = AXIS2_PLACEMENT_3D('',#10537,#10538,#10539);
#10537 = CARTESIAN_POINT('',(165.16,-96.56612,-4.6E-02));
#10538 = DIRECTION('',(-0.,-0.,-1.));
#10539 = DIRECTION('',(-0.,-1.,0.));
#10540 = ADVANCED_FACE('',(#10541),#10552,.F.);
#10541 = FACE_BOUND('',#10542,.T.);
#10542 = EDGE_LOOP('',(#10543,#10544,#10550,#10551));
#10543 = ORIENTED_EDGE('',*,*,#9576,.T.);
#10544 = ORIENTED_EDGE('',*,*,#10545,.T.);
#10545 = EDGE_CURVE('',#9577,#10014,#10546,.T.);
#10546 = LINE('',#10547,#10548);
#10547 = CARTESIAN_POINT('',(167.7,-97.06612,-4.6E-02));
#10548 = VECTOR('',#10549,1.);
#10549 = DIRECTION('',(0.,0.,1.));
#10550 = ORIENTED_EDGE('',*,*,#10013,.F.);
#10551 = ORIENTED_EDGE('',*,*,#10545,.F.);
#10552 = CYLINDRICAL_SURFACE('',#10553,0.5);
#10553 = AXIS2_PLACEMENT_3D('',#10554,#10555,#10556);
#10554 = CARTESIAN_POINT('',(167.7,-96.56612,-4.6E-02));
#10555 = DIRECTION('',(-0.,-0.,-1.));
#10556 = DIRECTION('',(-0.,-1.,0.));
#10557 = ADVANCED_FACE('',(#10558),#10569,.F.);
#10558 = FACE_BOUND('',#10559,.T.);
#10559 = EDGE_LOOP('',(#10560,#10561,#10567,#10568));
#10560 = ORIENTED_EDGE('',*,*,#9587,.T.);
#10561 = ORIENTED_EDGE('',*,*,#10562,.T.);
#10562 = EDGE_CURVE('',#9588,#10025,#10563,.T.);
#10563 = LINE('',#10564,#10565);
#10564 = CARTESIAN_POINT('',(161.16,-92.11612,-4.6E-02));
#10565 = VECTOR('',#10566,1.);
#10566 = DIRECTION('',(0.,0.,1.));
#10567 = ORIENTED_EDGE('',*,*,#10024,.F.);
#10568 = ORIENTED_EDGE('',*,*,#10562,.F.);
#10569 = CYLINDRICAL_SURFACE('',#10570,0.55);
#10570 = AXIS2_PLACEMENT_3D('',#10571,#10572,#10573);
#10571 = CARTESIAN_POINT('',(161.16,-91.56612,-4.6E-02));
#10572 = DIRECTION('',(-0.,-0.,-1.));
#10573 = DIRECTION('',(-5.167583532801E-14,-1.,0.));
#10574 = ADVANCED_FACE('',(#10575),#10586,.F.);
#10575 = FACE_BOUND('',#10576,.T.);
#10576 = EDGE_LOOP('',(#10577,#10578,#10584,#10585));
#10577 = ORIENTED_EDGE('',*,*,#9598,.T.);
#10578 = ORIENTED_EDGE('',*,*,#10579,.T.);
#10579 = EDGE_CURVE('',#9599,#10036,#10580,.T.);
#10580 = LINE('',#10581,#10582);
#10581 = CARTESIAN_POINT('',(167.66,-92.11612,-4.6E-02));
#10582 = VECTOR('',#10583,1.);
#10583 = DIRECTION('',(0.,0.,1.));
#10584 = ORIENTED_EDGE('',*,*,#10035,.F.);
#10585 = ORIENTED_EDGE('',*,*,#10579,.F.);
#10586 = CYLINDRICAL_SURFACE('',#10587,0.55);
#10587 = AXIS2_PLACEMENT_3D('',#10588,#10589,#10590);
#10588 = CARTESIAN_POINT('',(167.66,-91.56612,-4.6E-02));
#10589 = DIRECTION('',(-0.,-0.,-1.));
#10590 = DIRECTION('',(-5.167583532801E-14,-1.,0.));
#10591 = ADVANCED_FACE('',(#10592),#10603,.F.);
#10592 = FACE_BOUND('',#10593,.T.);
#10593 = EDGE_LOOP('',(#10594,#10595,#10601,#10602));
#10594 = ORIENTED_EDGE('',*,*,#9609,.T.);
#10595 = ORIENTED_EDGE('',*,*,#10596,.T.);
#10596 = EDGE_CURVE('',#9610,#10047,#10597,.T.);
#10597 = LINE('',#10598,#10599);
#10598 = CARTESIAN_POINT('',(150.,-84.97412,-4.6E-02));
#10599 = VECTOR('',#10600,1.);
#10600 = DIRECTION('',(0.,0.,1.));
#10601 = ORIENTED_EDGE('',*,*,#10046,.F.);
#10602 = ORIENTED_EDGE('',*,*,#10596,.F.);
#10603 = CYLINDRICAL_SURFACE('',#10604,0.508);
#10604 = AXIS2_PLACEMENT_3D('',#10605,#10606,#10607);
#10605 = CARTESIAN_POINT('',(150.,-84.46612,-4.6E-02));
#10606 = DIRECTION('',(-0.,-0.,-1.));
#10607 = DIRECTION('',(-0.,-1.,0.));
#10608 = ADVANCED_FACE('',(#10609),#10620,.F.);
#10609 = FACE_BOUND('',#10610,.T.);
#10610 = EDGE_LOOP('',(#10611,#10612,#10618,#10619));
#10611 = ORIENTED_EDGE('',*,*,#9620,.T.);
#10612 = ORIENTED_EDGE('',*,*,#10613,.T.);
#10613 = EDGE_CURVE('',#9621,#10058,#10614,.T.);
#10614 = LINE('',#10615,#10616);
#10615 = CARTESIAN_POINT('',(161.16,-87.61612,-4.6E-02));
#10616 = VECTOR('',#10617,1.);
#10617 = DIRECTION('',(0.,0.,1.));
#10618 = ORIENTED_EDGE('',*,*,#10057,.F.);
#10619 = ORIENTED_EDGE('',*,*,#10613,.F.);
#10620 = CYLINDRICAL_SURFACE('',#10621,0.55);
#10621 = AXIS2_PLACEMENT_3D('',#10622,#10623,#10624);
#10622 = CARTESIAN_POINT('',(161.16,-87.06612,-4.6E-02));
#10623 = DIRECTION('',(-0.,-0.,-1.));
#10624 = DIRECTION('',(-5.167583532801E-14,-1.,0.));
#10625 = ADVANCED_FACE('',(#10626),#10637,.F.);
#10626 = FACE_BOUND('',#10627,.T.);
#10627 = EDGE_LOOP('',(#10628,#10629,#10635,#10636));
#10628 = ORIENTED_EDGE('',*,*,#9631,.T.);
#10629 = ORIENTED_EDGE('',*,*,#10630,.T.);
#10630 = EDGE_CURVE('',#9632,#10069,#10631,.T.);
#10631 = LINE('',#10632,#10633);
#10632 = CARTESIAN_POINT('',(155.08,-84.97412,-4.6E-02));
#10633 = VECTOR('',#10634,1.);
#10634 = DIRECTION('',(0.,0.,1.));
#10635 = ORIENTED_EDGE('',*,*,#10068,.F.);
#10636 = ORIENTED_EDGE('',*,*,#10630,.F.);
#10637 = CYLINDRICAL_SURFACE('',#10638,0.508);
#10638 = AXIS2_PLACEMENT_3D('',#10639,#10640,#10641);
#10639 = CARTESIAN_POINT('',(155.08,-84.46612,-4.6E-02));
#10640 = DIRECTION('',(-0.,0.,-1.));
#10641 = DIRECTION('',(5.594824691024E-14,-1.,-0.));
#10642 = ADVANCED_FACE('',(#10643),#10654,.F.);
#10643 = FACE_BOUND('',#10644,.T.);
#10644 = EDGE_LOOP('',(#10645,#10646,#10652,#10653));
#10645 = ORIENTED_EDGE('',*,*,#9642,.T.);
#10646 = ORIENTED_EDGE('',*,*,#10647,.T.);
#10647 = EDGE_CURVE('',#9643,#10080,#10648,.T.);
#10648 = LINE('',#10649,#10650);
#10649 = CARTESIAN_POINT('',(167.66,-87.61612,-4.6E-02));
#10650 = VECTOR('',#10651,1.);
#10651 = DIRECTION('',(0.,0.,1.));
#10652 = ORIENTED_EDGE('',*,*,#10079,.F.);
#10653 = ORIENTED_EDGE('',*,*,#10647,.F.);
#10654 = CYLINDRICAL_SURFACE('',#10655,0.55);
#10655 = AXIS2_PLACEMENT_3D('',#10656,#10657,#10658);
#10656 = CARTESIAN_POINT('',(167.66,-87.06612,-4.6E-02));
#10657 = DIRECTION('',(-0.,-0.,-1.));
#10658 = DIRECTION('',(-5.167583532801E-14,-1.,0.));
#10659 = ADVANCED_FACE('',(#10660),#10671,.F.);
#10660 = FACE_BOUND('',#10661,.T.);
#10661 = EDGE_LOOP('',(#10662,#10663,#10669,#10670));
#10662 = ORIENTED_EDGE('',*,*,#9653,.T.);
#10663 = ORIENTED_EDGE('',*,*,#10664,.T.);
#10664 = EDGE_CURVE('',#9654,#10091,#10665,.T.);
#10665 = LINE('',#10666,#10667);
#10666 = CARTESIAN_POINT('',(114.8,-75.52112,-4.6E-02));
#10667 = VECTOR('',#10668,1.);
#10668 = DIRECTION('',(0.,0.,1.));
#10669 = ORIENTED_EDGE('',*,*,#10090,.F.);
#10670 = ORIENTED_EDGE('',*,*,#10664,.F.);
#10671 = CYLINDRICAL_SURFACE('',#10672,0.425);
#10672 = AXIS2_PLACEMENT_3D('',#10673,#10674,#10675);
#10673 = CARTESIAN_POINT('',(114.8,-75.09612,-4.6E-02));
#10674 = DIRECTION('',(-0.,-0.,-1.));
#10675 = DIRECTION('',(-0.,-1.,0.));
#10676 = ADVANCED_FACE('',(#10677),#10688,.F.);
#10677 = FACE_BOUND('',#10678,.T.);
#10678 = EDGE_LOOP('',(#10679,#10680,#10686,#10687));
#10679 = ORIENTED_EDGE('',*,*,#9664,.T.);
#10680 = ORIENTED_EDGE('',*,*,#10681,.T.);
#10681 = EDGE_CURVE('',#9665,#10102,#10682,.T.);
#10682 = LINE('',#10683,#10684);
#10683 = CARTESIAN_POINT('',(137.66,-75.52112,-4.6E-02));
#10684 = VECTOR('',#10685,1.);
#10685 = DIRECTION('',(0.,0.,1.));
#10686 = ORIENTED_EDGE('',*,*,#10101,.F.);
#10687 = ORIENTED_EDGE('',*,*,#10681,.F.);
#10688 = CYLINDRICAL_SURFACE('',#10689,0.425);
#10689 = AXIS2_PLACEMENT_3D('',#10690,#10691,#10692);
#10690 = CARTESIAN_POINT('',(137.66,-75.09612,-4.6E-02));
#10691 = DIRECTION('',(-0.,-0.,-1.));
#10692 = DIRECTION('',(-6.687461042448E-14,-1.,0.));
#10693 = ADVANCED_FACE('',(#10694),#10705,.F.);
#10694 = FACE_BOUND('',#10695,.T.);
#10695 = EDGE_LOOP('',(#10696,#10702,#10703,#10704));
#10696 = ORIENTED_EDGE('',*,*,#10697,.T.);
#10697 = EDGE_CURVE('',#9676,#10113,#10698,.T.);
#10698 = LINE('',#10699,#10700);
#10699 = CARTESIAN_POINT('',(128.18,-68.90612,0.));
#10700 = VECTOR('',#10701,1.);
#10701 = DIRECTION('',(0.,0.,1.));
#10702 = ORIENTED_EDGE('',*,*,#10112,.T.);
#10703 = ORIENTED_EDGE('',*,*,#10697,.F.);
#10704 = ORIENTED_EDGE('',*,*,#9675,.F.);
#10705 = CYLINDRICAL_SURFACE('',#10706,1.95);
#10706 = AXIS2_PLACEMENT_3D('',#10707,#10708,#10709);
#10707 = CARTESIAN_POINT('',(126.23,-68.90612,0.));
#10708 = DIRECTION('',(-0.,-0.,-1.));
#10709 = DIRECTION('',(1.,0.,-0.));
#10710 = ADVANCED_FACE('',(#10711),#10722,.F.);
#10711 = FACE_BOUND('',#10712,.T.);
#10712 = EDGE_LOOP('',(#10713,#10714,#10720,#10721));
#10713 = ORIENTED_EDGE('',*,*,#9686,.T.);
#10714 = ORIENTED_EDGE('',*,*,#10715,.T.);
#10715 = EDGE_CURVE('',#9687,#10124,#10716,.T.);
#10716 = LINE('',#10717,#10718);
#10717 = CARTESIAN_POINT('',(144.92,-74.81412,-4.6E-02));
#10718 = VECTOR('',#10719,1.);
#10719 = DIRECTION('',(0.,0.,1.));
#10720 = ORIENTED_EDGE('',*,*,#10123,.F.);
#10721 = ORIENTED_EDGE('',*,*,#10715,.F.);
#10722 = CYLINDRICAL_SURFACE('',#10723,0.508);
#10723 = AXIS2_PLACEMENT_3D('',#10724,#10725,#10726);
#10724 = CARTESIAN_POINT('',(144.92,-74.30612,-4.6E-02));
#10725 = DIRECTION('',(-0.,-0.,-1.));
#10726 = DIRECTION('',(-5.594824691025E-14,-1.,0.));
#10727 = ADVANCED_FACE('',(#10728),#10739,.F.);
#10728 = FACE_BOUND('',#10729,.T.);
#10729 = EDGE_LOOP('',(#10730,#10731,#10737,#10738));
#10730 = ORIENTED_EDGE('',*,*,#9697,.T.);
#10731 = ORIENTED_EDGE('',*,*,#10732,.T.);
#10732 = EDGE_CURVE('',#9698,#10135,#10733,.T.);
#10733 = LINE('',#10734,#10735);
#10734 = CARTESIAN_POINT('',(144.92,-72.27412,-4.6E-02));
#10735 = VECTOR('',#10736,1.);
#10736 = DIRECTION('',(0.,0.,1.));
#10737 = ORIENTED_EDGE('',*,*,#10134,.F.);
#10738 = ORIENTED_EDGE('',*,*,#10732,.F.);
#10739 = CYLINDRICAL_SURFACE('',#10740,0.508);
#10740 = AXIS2_PLACEMENT_3D('',#10741,#10742,#10743);
#10741 = CARTESIAN_POINT('',(144.92,-71.76612,-4.6E-02));
#10742 = DIRECTION('',(-0.,-0.,-1.));
#10743 = DIRECTION('',(-5.594824691025E-14,-1.,0.));
#10744 = ADVANCED_FACE('',(#10745),#10756,.F.);
#10745 = FACE_BOUND('',#10746,.T.);
#10746 = EDGE_LOOP('',(#10747,#10748,#10754,#10755));
#10747 = ORIENTED_EDGE('',*,*,#9708,.T.);
#10748 = ORIENTED_EDGE('',*,*,#10749,.T.);
#10749 = EDGE_CURVE('',#9709,#10146,#10750,.T.);
#10750 = LINE('',#10751,#10752);
#10751 = CARTESIAN_POINT('',(144.92,-69.73412,-4.6E-02));
#10752 = VECTOR('',#10753,1.);
#10753 = DIRECTION('',(0.,0.,1.));
#10754 = ORIENTED_EDGE('',*,*,#10145,.F.);
#10755 = ORIENTED_EDGE('',*,*,#10749,.F.);
#10756 = CYLINDRICAL_SURFACE('',#10757,0.508);
#10757 = AXIS2_PLACEMENT_3D('',#10758,#10759,#10760);
#10758 = CARTESIAN_POINT('',(144.92,-69.22612,-4.6E-02));
#10759 = DIRECTION('',(-0.,-0.,-1.));
#10760 = DIRECTION('',(-5.594824691025E-14,-1.,0.));
#10761 = ADVANCED_FACE('',(#10762),#10773,.F.);
#10762 = FACE_BOUND('',#10763,.T.);
#10763 = EDGE_LOOP('',(#10764,#10765,#10771,#10772));
#10764 = ORIENTED_EDGE('',*,*,#9719,.T.);
#10765 = ORIENTED_EDGE('',*,*,#10766,.T.);
#10766 = EDGE_CURVE('',#9720,#10157,#10767,.T.);
#10767 = LINE('',#10768,#10769);
#10768 = CARTESIAN_POINT('',(160.16,-74.81412,-4.6E-02));
#10769 = VECTOR('',#10770,1.);
#10770 = DIRECTION('',(0.,0.,1.));
#10771 = ORIENTED_EDGE('',*,*,#10156,.F.);
#10772 = ORIENTED_EDGE('',*,*,#10766,.F.);
#10773 = CYLINDRICAL_SURFACE('',#10774,0.508);
#10774 = AXIS2_PLACEMENT_3D('',#10775,#10776,#10777);
#10775 = CARTESIAN_POINT('',(160.16,-74.30612,-4.6E-02));
#10776 = DIRECTION('',(-0.,-0.,-1.));
#10777 = DIRECTION('',(-0.,-1.,0.));
#10778 = ADVANCED_FACE('',(#10779),#10790,.F.);
#10779 = FACE_BOUND('',#10780,.T.);
#10780 = EDGE_LOOP('',(#10781,#10782,#10788,#10789));
#10781 = ORIENTED_EDGE('',*,*,#9730,.T.);
#10782 = ORIENTED_EDGE('',*,*,#10783,.T.);
#10783 = EDGE_CURVE('',#9731,#10168,#10784,.T.);
#10784 = LINE('',#10785,#10786);
#10785 = CARTESIAN_POINT('',(160.16,-72.27412,-4.6E-02));
#10786 = VECTOR('',#10787,1.);
#10787 = DIRECTION('',(0.,0.,1.));
#10788 = ORIENTED_EDGE('',*,*,#10167,.F.);
#10789 = ORIENTED_EDGE('',*,*,#10783,.F.);
#10790 = CYLINDRICAL_SURFACE('',#10791,0.508);
#10791 = AXIS2_PLACEMENT_3D('',#10792,#10793,#10794);
#10792 = CARTESIAN_POINT('',(160.16,-71.76612,-4.6E-02));
#10793 = DIRECTION('',(-0.,-0.,-1.));
#10794 = DIRECTION('',(-0.,-1.,0.));
#10795 = ADVANCED_FACE('',(#10796),#10807,.F.);
#10796 = FACE_BOUND('',#10797,.T.);
#10797 = EDGE_LOOP('',(#10798,#10799,#10805,#10806));
#10798 = ORIENTED_EDGE('',*,*,#9741,.T.);
#10799 = ORIENTED_EDGE('',*,*,#10800,.T.);
#10800 = EDGE_CURVE('',#9742,#10179,#10801,.T.);
#10801 = LINE('',#10802,#10803);
#10802 = CARTESIAN_POINT('',(160.16,-69.73412,-4.6E-02));
#10803 = VECTOR('',#10804,1.);
#10804 = DIRECTION('',(0.,0.,1.));
#10805 = ORIENTED_EDGE('',*,*,#10178,.F.);
#10806 = ORIENTED_EDGE('',*,*,#10800,.F.);
#10807 = CYLINDRICAL_SURFACE('',#10808,0.508);
#10808 = AXIS2_PLACEMENT_3D('',#10809,#10810,#10811);
#10809 = CARTESIAN_POINT('',(160.16,-69.22612,-4.6E-02));
#10810 = DIRECTION('',(-0.,-0.,-1.));
#10811 = DIRECTION('',(-0.,-1.,0.));
#10812 = ADVANCED_FACE('',(#10813),#10824,.F.);
#10813 = FACE_BOUND('',#10814,.T.);
#10814 = EDGE_LOOP('',(#10815,#10816,#10822,#10823));
#10815 = ORIENTED_EDGE('',*,*,#9752,.T.);
#10816 = ORIENTED_EDGE('',*,*,#10817,.T.);
#10817 = EDGE_CURVE('',#9753,#10190,#10818,.T.);
#10818 = LINE('',#10819,#10820);
#10819 = CARTESIAN_POINT('',(144.92,-67.19412,-4.6E-02));
#10820 = VECTOR('',#10821,1.);
#10821 = DIRECTION('',(0.,0.,1.));
#10822 = ORIENTED_EDGE('',*,*,#10189,.F.);
#10823 = ORIENTED_EDGE('',*,*,#10817,.F.);
#10824 = CYLINDRICAL_SURFACE('',#10825,0.508);
#10825 = AXIS2_PLACEMENT_3D('',#10826,#10827,#10828);
#10826 = CARTESIAN_POINT('',(144.92,-66.68612,-4.6E-02));
#10827 = DIRECTION('',(-0.,-0.,-1.));
#10828 = DIRECTION('',(-5.594824691025E-14,-1.,0.));
#10829 = ADVANCED_FACE('',(#10830),#10841,.F.);
#10830 = FACE_BOUND('',#10831,.T.);
#10831 = EDGE_LOOP('',(#10832,#10833,#10839,#10840));
#10832 = ORIENTED_EDGE('',*,*,#9763,.T.);
#10833 = ORIENTED_EDGE('',*,*,#10834,.T.);
#10834 = EDGE_CURVE('',#9764,#10201,#10835,.T.);
#10835 = LINE('',#10836,#10837);
#10836 = CARTESIAN_POINT('',(144.92,-64.65412,-4.6E-02));
#10837 = VECTOR('',#10838,1.);
#10838 = DIRECTION('',(0.,0.,1.));
#10839 = ORIENTED_EDGE('',*,*,#10200,.F.);
#10840 = ORIENTED_EDGE('',*,*,#10834,.F.);
#10841 = CYLINDRICAL_SURFACE('',#10842,0.508);
#10842 = AXIS2_PLACEMENT_3D('',#10843,#10844,#10845);
#10843 = CARTESIAN_POINT('',(144.92,-64.14612,-4.6E-02));
#10844 = DIRECTION('',(-0.,-0.,-1.));
#10845 = DIRECTION('',(-5.594824691025E-14,-1.,0.));
#10846 = ADVANCED_FACE('',(#10847),#10858,.F.);
#10847 = FACE_BOUND('',#10848,.T.);
#10848 = EDGE_LOOP('',(#10849,#10850,#10856,#10857));
#10849 = ORIENTED_EDGE('',*,*,#9774,.T.);
#10850 = ORIENTED_EDGE('',*,*,#10851,.T.);
#10851 = EDGE_CURVE('',#9775,#10212,#10852,.T.);
#10852 = LINE('',#10853,#10854);
#10853 = CARTESIAN_POINT('',(144.92,-62.11412,-4.6E-02));
#10854 = VECTOR('',#10855,1.);
#10855 = DIRECTION('',(0.,0.,1.));
#10856 = ORIENTED_EDGE('',*,*,#10211,.F.);
#10857 = ORIENTED_EDGE('',*,*,#10851,.F.);
#10858 = CYLINDRICAL_SURFACE('',#10859,0.508);
#10859 = AXIS2_PLACEMENT_3D('',#10860,#10861,#10862);
#10860 = CARTESIAN_POINT('',(144.92,-61.60612,-4.6E-02));
#10861 = DIRECTION('',(-0.,-0.,-1.));
#10862 = DIRECTION('',(-5.594824691025E-14,-1.,0.));
#10863 = ADVANCED_FACE('',(#10864),#10875,.F.);
#10864 = FACE_BOUND('',#10865,.T.);
#10865 = EDGE_LOOP('',(#10866,#10867,#10873,#10874));
#10866 = ORIENTED_EDGE('',*,*,#9785,.T.);
#10867 = ORIENTED_EDGE('',*,*,#10868,.T.);
#10868 = EDGE_CURVE('',#9786,#10223,#10869,.T.);
#10869 = LINE('',#10870,#10871);
#10870 = CARTESIAN_POINT('',(144.92,-59.57412,-4.6E-02));
#10871 = VECTOR('',#10872,1.);
#10872 = DIRECTION('',(0.,0.,1.));
#10873 = ORIENTED_EDGE('',*,*,#10222,.F.);
#10874 = ORIENTED_EDGE('',*,*,#10868,.F.);
#10875 = CYLINDRICAL_SURFACE('',#10876,0.508);
#10876 = AXIS2_PLACEMENT_3D('',#10877,#10878,#10879);
#10877 = CARTESIAN_POINT('',(144.92,-59.06612,-4.6E-02));
#10878 = DIRECTION('',(-0.,-0.,-1.));
#10879 = DIRECTION('',(-5.594824691025E-14,-1.,0.));
#10880 = ADVANCED_FACE('',(#10881),#10892,.F.);
#10881 = FACE_BOUND('',#10882,.T.);
#10882 = EDGE_LOOP('',(#10883,#10884,#10890,#10891));
#10883 = ORIENTED_EDGE('',*,*,#9796,.T.);
#10884 = ORIENTED_EDGE('',*,*,#10885,.T.);
#10885 = EDGE_CURVE('',#9797,#10234,#10886,.T.);
#10886 = LINE('',#10887,#10888);
#10887 = CARTESIAN_POINT('',(160.16,-67.19412,-4.6E-02));
#10888 = VECTOR('',#10889,1.);
#10889 = DIRECTION('',(0.,0.,1.));
#10890 = ORIENTED_EDGE('',*,*,#10233,.F.);
#10891 = ORIENTED_EDGE('',*,*,#10885,.F.);
#10892 = CYLINDRICAL_SURFACE('',#10893,0.508);
#10893 = AXIS2_PLACEMENT_3D('',#10894,#10895,#10896);
#10894 = CARTESIAN_POINT('',(160.16,-66.68612,-4.6E-02));
#10895 = DIRECTION('',(-0.,-0.,-1.));
#10896 = DIRECTION('',(-0.,-1.,0.));
#10897 = ADVANCED_FACE('',(#10898),#10909,.F.);
#10898 = FACE_BOUND('',#10899,.T.);
#10899 = EDGE_LOOP('',(#10900,#10901,#10907,#10908));
#10900 = ORIENTED_EDGE('',*,*,#9807,.T.);
#10901 = ORIENTED_EDGE('',*,*,#10902,.T.);
#10902 = EDGE_CURVE('',#9808,#10245,#10903,.T.);
#10903 = LINE('',#10904,#10905);
#10904 = CARTESIAN_POINT('',(160.16,-64.65412,-4.6E-02));
#10905 = VECTOR('',#10906,1.);
#10906 = DIRECTION('',(0.,0.,1.));
#10907 = ORIENTED_EDGE('',*,*,#10244,.F.);
#10908 = ORIENTED_EDGE('',*,*,#10902,.F.);
#10909 = CYLINDRICAL_SURFACE('',#10910,0.508);
#10910 = AXIS2_PLACEMENT_3D('',#10911,#10912,#10913);
#10911 = CARTESIAN_POINT('',(160.16,-64.14612,-4.6E-02));
#10912 = DIRECTION('',(-0.,-0.,-1.));
#10913 = DIRECTION('',(-0.,-1.,0.));
#10914 = ADVANCED_FACE('',(#10915),#10926,.F.);
#10915 = FACE_BOUND('',#10916,.T.);
#10916 = EDGE_LOOP('',(#10917,#10918,#10924,#10925));
#10917 = ORIENTED_EDGE('',*,*,#9818,.T.);
#10918 = ORIENTED_EDGE('',*,*,#10919,.T.);
#10919 = EDGE_CURVE('',#9819,#10256,#10920,.T.);
#10920 = LINE('',#10921,#10922);
#10921 = CARTESIAN_POINT('',(160.16,-62.11412,-4.6E-02));
#10922 = VECTOR('',#10923,1.);
#10923 = DIRECTION('',(0.,0.,1.));
#10924 = ORIENTED_EDGE('',*,*,#10255,.F.);
#10925 = ORIENTED_EDGE('',*,*,#10919,.F.);
#10926 = CYLINDRICAL_SURFACE('',#10927,0.508);
#10927 = AXIS2_PLACEMENT_3D('',#10928,#10929,#10930);
#10928 = CARTESIAN_POINT('',(160.16,-61.60612,-4.6E-02));
#10929 = DIRECTION('',(-0.,-0.,-1.));
#10930 = DIRECTION('',(-0.,-1.,0.));
#10931 = ADVANCED_FACE('',(#10932),#10943,.F.);
#10932 = FACE_BOUND('',#10933,.T.);
#10933 = EDGE_LOOP('',(#10934,#10935,#10941,#10942));
#10934 = ORIENTED_EDGE('',*,*,#9829,.T.);
#10935 = ORIENTED_EDGE('',*,*,#10936,.T.);
#10936 = EDGE_CURVE('',#9830,#10267,#10937,.T.);
#10937 = LINE('',#10938,#10939);
#10938 = CARTESIAN_POINT('',(160.16,-59.57412,-4.6E-02));
#10939 = VECTOR('',#10940,1.);
#10940 = DIRECTION('',(0.,0.,1.));
#10941 = ORIENTED_EDGE('',*,*,#10266,.F.);
#10942 = ORIENTED_EDGE('',*,*,#10936,.F.);
#10943 = CYLINDRICAL_SURFACE('',#10944,0.508);
#10944 = AXIS2_PLACEMENT_3D('',#10945,#10946,#10947);
#10945 = CARTESIAN_POINT('',(160.16,-59.06612,-4.6E-02));
#10946 = DIRECTION('',(-0.,-0.,-1.));
#10947 = DIRECTION('',(-0.,-1.,0.));
#10948 = ADVANCED_FACE('',(#10949),#10960,.F.);
#10949 = FACE_BOUND('',#10950,.T.);
#10950 = EDGE_LOOP('',(#10951,#10952,#10958,#10959));
#10951 = ORIENTED_EDGE('',*,*,#9840,.T.);
#10952 = ORIENTED_EDGE('',*,*,#10953,.T.);
#10953 = EDGE_CURVE('',#9841,#10278,#10954,.T.);
#10954 = LINE('',#10955,#10956);
#10955 = CARTESIAN_POINT('',(167.66,-62.91612,-4.6E-02));
#10956 = VECTOR('',#10957,1.);
#10957 = DIRECTION('',(0.,0.,1.));
#10958 = ORIENTED_EDGE('',*,*,#10277,.F.);
#10959 = ORIENTED_EDGE('',*,*,#10953,.F.);
#10960 = CYLINDRICAL_SURFACE('',#10961,1.35);
#10961 = AXIS2_PLACEMENT_3D('',#10962,#10963,#10964);
#10962 = CARTESIAN_POINT('',(167.66,-61.56612,-4.6E-02));
#10963 = DIRECTION('',(-0.,-0.,-1.));
#10964 = DIRECTION('',(-0.,-1.,0.));
#10965 = ( GEOMETRIC_REPRESENTATION_CONTEXT(3) 
GLOBAL_UNCERTAINTY_ASSIGNED_CONTEXT((#10969)) 
GLOBAL_UNIT_ASSIGNED_CONTEXT((#10966,#10967,#10968)) 
REPRESENTATION_CONTEXT('Context #1',
  '3D Context with UNIT and UNCERTAINTY') );
#10966 = ( LENGTH_UNIT() NAMED_UNIT(*) SI_UNIT(.MILLI.,.METRE.) );
#10967 = ( NAMED_UNIT(*) PLANE_ANGLE_UNIT() SI_UNIT($,.RADIAN.) );
#10968 = ( NAMED_UNIT(*) SI_UNIT($,.STERADIAN.) SOLID_ANGLE_UNIT() );
#10969 = UNCERTAINTY_MEASURE_WITH_UNIT(LENGTH_MEASURE(1.E-07),#10966,
  'distance_accuracy_value','confusion accuracy');
#10970 = CONTEXT_DEPENDENT_SHAPE_REPRESENTATION(#10971,#10973);
#10971 = ( REPRESENTATION_RELATIONSHIP('','',#9309,#10) 
REPRESENTATION_RELATIONSHIP_WITH_TRANSFORMATION(#10972) 
SHAPE_REPRESENTATION_RELATIONSHIP() );
#10972 = ITEM_DEFINED_TRANSFORMATION('','',#11,#43);
#10973 = PRODUCT_DEFINITION_SHAPE('Placement','Placement of an item',
  #10974);
#10974 = NEXT_ASSEMBLY_USAGE_OCCURRENCE('8','=>[0:1:1:7]','',#5,#9304,$
  );
#10975 = PRODUCT_RELATED_PRODUCT_CATEGORY('part',$,(#9306));
#10976 = MECHANICAL_DESIGN_GEOMETRIC_PRESENTATION_REPRESENTATION('',(
    #10977,#10985,#10992,#11000,#11007,#11014,#11021,#11028,#11035,
    #11042,#11049,#11056,#11063,#11070,#11077,#11084,#11091,#11098,
    #11105,#11112,#11119,#11126,#11133,#11140,#11147,#11154,#11161,
    #11168,#11175,#11182,#11189,#11196,#11203,#11210,#11217,#11224,
    #11231,#11238,#11245,#11252,#11259,#11266,#11273,#11280,#11287,
    #11294,#11301,#11308,#11315,#11322,#11329,#11336,#11343,#11350,
    #11357,#11364,#11371,#11378,#11385,#11392,#11399,#11406,#11413,
    #11420,#11427,#11434,#11441,#11448,#11455,#11462,#11469,#11476,
    #11483,#11490,#11497,#11504,#11511,#11518,#11525,#11532,#11539,
    #11546,#11553,#11560,#11567,#11574,#11581,#11588,#11595,#11602,
    #11609,#11616,#11623,#11630,#11637,#11644,#11651,#11658,#11665,
    #11672,#11679,#11686,#11693,#11700,#11707),#7156);
#10977 = STYLED_ITEM('color',(#10978),#3929);
#10978 = PRESENTATION_STYLE_ASSIGNMENT((#10979));
#10979 = SURFACE_STYLE_USAGE(.BOTH.,#10980);
#10980 = SURFACE_SIDE_STYLE('',(#10981));
#10981 = SURFACE_STYLE_FILL_AREA(#10982);
#10982 = FILL_AREA_STYLE('',(#10983));
#10983 = FILL_AREA_STYLE_COLOUR('',#10984);
#10984 = COLOUR_RGB('',0.147999998088,0.144999993226,0.144999993226);
#10985 = STYLED_ITEM('color',(#10986),#3946);
#10986 = PRESENTATION_STYLE_ASSIGNMENT((#10987));
#10987 = SURFACE_STYLE_USAGE(.BOTH.,#10988);
#10988 = SURFACE_SIDE_STYLE('',(#10989));
#10989 = SURFACE_STYLE_FILL_AREA(#10990);
#10990 = FILL_AREA_STYLE('',(#10991));
#10991 = FILL_AREA_STYLE_COLOUR('',#10984);
#10992 = STYLED_ITEM('color',(#10993),#3971);
#10993 = PRESENTATION_STYLE_ASSIGNMENT((#10994));
#10994 = SURFACE_STYLE_USAGE(.BOTH.,#10995);
#10995 = SURFACE_SIDE_STYLE('',(#10996));
#10996 = SURFACE_STYLE_FILL_AREA(#10997);
#10997 = FILL_AREA_STYLE('',(#10998));
#10998 = FILL_AREA_STYLE_COLOUR('',#10999);
#10999 = COLOUR_RGB('',0.823999987314,0.819999987296,0.781000009244);
#11000 = STYLED_ITEM('color',(#11001),#4094);
#11001 = PRESENTATION_STYLE_ASSIGNMENT((#11002));
#11002 = SURFACE_STYLE_USAGE(.BOTH.,#11003);
#11003 = SURFACE_SIDE_STYLE('',(#11004));
#11004 = SURFACE_STYLE_FILL_AREA(#11005);
#11005 = FILL_AREA_STYLE('',(#11006));
#11006 = FILL_AREA_STYLE_COLOUR('',#10999);
#11007 = STYLED_ITEM('color',(#11008),#4125);
#11008 = PRESENTATION_STYLE_ASSIGNMENT((#11009));
#11009 = SURFACE_STYLE_USAGE(.BOTH.,#11010);
#11010 = SURFACE_SIDE_STYLE('',(#11011));
#11011 = SURFACE_STYLE_FILL_AREA(#11012);
#11012 = FILL_AREA_STYLE('',(#11013));
#11013 = FILL_AREA_STYLE_COLOUR('',#10999);
#11014 = STYLED_ITEM('color',(#11015),#4150);
#11015 = PRESENTATION_STYLE_ASSIGNMENT((#11016));
#11016 = SURFACE_STYLE_USAGE(.BOTH.,#11017);
#11017 = SURFACE_SIDE_STYLE('',(#11018));
#11018 = SURFACE_STYLE_FILL_AREA(#11019);
#11019 = FILL_AREA_STYLE('',(#11020));
#11020 = FILL_AREA_STYLE_COLOUR('',#10999);
#11021 = STYLED_ITEM('color',(#11022),#4175);
#11022 = PRESENTATION_STYLE_ASSIGNMENT((#11023));
#11023 = SURFACE_STYLE_USAGE(.BOTH.,#11024);
#11024 = SURFACE_SIDE_STYLE('',(#11025));
#11025 = SURFACE_STYLE_FILL_AREA(#11026);
#11026 = FILL_AREA_STYLE('',(#11027));
#11027 = FILL_AREA_STYLE_COLOUR('',#10999);
#11028 = STYLED_ITEM('color',(#11029),#4199);
#11029 = PRESENTATION_STYLE_ASSIGNMENT((#11030));
#11030 = SURFACE_STYLE_USAGE(.BOTH.,#11031);
#11031 = SURFACE_SIDE_STYLE('',(#11032));
#11032 = SURFACE_STYLE_FILL_AREA(#11033);
#11033 = FILL_AREA_STYLE('',(#11034));
#11034 = FILL_AREA_STYLE_COLOUR('',#10999);
#11035 = STYLED_ITEM('color',(#11036),#4223);
#11036 = PRESENTATION_STYLE_ASSIGNMENT((#11037));
#11037 = SURFACE_STYLE_USAGE(.BOTH.,#11038);
#11038 = SURFACE_SIDE_STYLE('',(#11039));
#11039 = SURFACE_STYLE_FILL_AREA(#11040);
#11040 = FILL_AREA_STYLE('',(#11041));
#11041 = FILL_AREA_STYLE_COLOUR('',#10999);
#11042 = STYLED_ITEM('color',(#11043),#4248);
#11043 = PRESENTATION_STYLE_ASSIGNMENT((#11044));
#11044 = SURFACE_STYLE_USAGE(.BOTH.,#11045);
#11045 = SURFACE_SIDE_STYLE('',(#11046));
#11046 = SURFACE_STYLE_FILL_AREA(#11047);
#11047 = FILL_AREA_STYLE('',(#11048));
#11048 = FILL_AREA_STYLE_COLOUR('',#10999);
#11049 = STYLED_ITEM('color',(#11050),#4273);
#11050 = PRESENTATION_STYLE_ASSIGNMENT((#11051));
#11051 = SURFACE_STYLE_USAGE(.BOTH.,#11052);
#11052 = SURFACE_SIDE_STYLE('',(#11053));
#11053 = SURFACE_STYLE_FILL_AREA(#11054);
#11054 = FILL_AREA_STYLE('',(#11055));
#11055 = FILL_AREA_STYLE_COLOUR('',#10999);
#11056 = STYLED_ITEM('color',(#11057),#4290);
#11057 = PRESENTATION_STYLE_ASSIGNMENT((#11058));
#11058 = SURFACE_STYLE_USAGE(.BOTH.,#11059);
#11059 = SURFACE_SIDE_STYLE('',(#11060));
#11060 = SURFACE_STYLE_FILL_AREA(#11061);
#11061 = FILL_AREA_STYLE('',(#11062));
#11062 = FILL_AREA_STYLE_COLOUR('',#10984);
#11063 = STYLED_ITEM('color',(#11064),#4315);
#11064 = PRESENTATION_STYLE_ASSIGNMENT((#11065));
#11065 = SURFACE_STYLE_USAGE(.BOTH.,#11066);
#11066 = SURFACE_SIDE_STYLE('',(#11067));
#11067 = SURFACE_STYLE_FILL_AREA(#11068);
#11068 = FILL_AREA_STYLE('',(#11069));
#11069 = FILL_AREA_STYLE_COLOUR('',#10984);
#11070 = STYLED_ITEM('color',(#11071),#4340);
#11071 = PRESENTATION_STYLE_ASSIGNMENT((#11072));
#11072 = SURFACE_STYLE_USAGE(.BOTH.,#11073);
#11073 = SURFACE_SIDE_STYLE('',(#11074));
#11074 = SURFACE_STYLE_FILL_AREA(#11075);
#11075 = FILL_AREA_STYLE('',(#11076));
#11076 = FILL_AREA_STYLE_COLOUR('',#10984);
#11077 = STYLED_ITEM('color',(#11078),#4365);
#11078 = PRESENTATION_STYLE_ASSIGNMENT((#11079));
#11079 = SURFACE_STYLE_USAGE(.BOTH.,#11080);
#11080 = SURFACE_SIDE_STYLE('',(#11081));
#11081 = SURFACE_STYLE_FILL_AREA(#11082);
#11082 = FILL_AREA_STYLE('',(#11083));
#11083 = FILL_AREA_STYLE_COLOUR('',#10984);
#11084 = STYLED_ITEM('color',(#11085),#4390);
#11085 = PRESENTATION_STYLE_ASSIGNMENT((#11086));
#11086 = SURFACE_STYLE_USAGE(.BOTH.,#11087);
#11087 = SURFACE_SIDE_STYLE('',(#11088));
#11088 = SURFACE_STYLE_FILL_AREA(#11089);
#11089 = FILL_AREA_STYLE('',(#11090));
#11090 = FILL_AREA_STYLE_COLOUR('',#10984);
#11091 = STYLED_ITEM('color',(#11092),#4421);
#11092 = PRESENTATION_STYLE_ASSIGNMENT((#11093));
#11093 = SURFACE_STYLE_USAGE(.BOTH.,#11094);
#11094 = SURFACE_SIDE_STYLE('',(#11095));
#11095 = SURFACE_STYLE_FILL_AREA(#11096);
#11096 = FILL_AREA_STYLE('',(#11097));
#11097 = FILL_AREA_STYLE_COLOUR('',#10984);
#11098 = STYLED_ITEM('color',(#11099),#4446);
#11099 = PRESENTATION_STYLE_ASSIGNMENT((#11100));
#11100 = SURFACE_STYLE_USAGE(.BOTH.,#11101);
#11101 = SURFACE_SIDE_STYLE('',(#11102));
#11102 = SURFACE_STYLE_FILL_AREA(#11103);
#11103 = FILL_AREA_STYLE('',(#11104));
#11104 = FILL_AREA_STYLE_COLOUR('',#10984);
#11105 = STYLED_ITEM('color',(#11106),#4471);
#11106 = PRESENTATION_STYLE_ASSIGNMENT((#11107));
#11107 = SURFACE_STYLE_USAGE(.BOTH.,#11108);
#11108 = SURFACE_SIDE_STYLE('',(#11109));
#11109 = SURFACE_STYLE_FILL_AREA(#11110);
#11110 = FILL_AREA_STYLE('',(#11111));
#11111 = FILL_AREA_STYLE_COLOUR('',#10984);
#11112 = STYLED_ITEM('color',(#11113),#4559);
#11113 = PRESENTATION_STYLE_ASSIGNMENT((#11114));
#11114 = SURFACE_STYLE_USAGE(.BOTH.,#11115);
#11115 = SURFACE_SIDE_STYLE('',(#11116));
#11116 = SURFACE_STYLE_FILL_AREA(#11117);
#11117 = FILL_AREA_STYLE('',(#11118));
#11118 = FILL_AREA_STYLE_COLOUR('',#10984);
#11119 = STYLED_ITEM('color',(#11120),#4647);
#11120 = PRESENTATION_STYLE_ASSIGNMENT((#11121));
#11121 = SURFACE_STYLE_USAGE(.BOTH.,#11122);
#11122 = SURFACE_SIDE_STYLE('',(#11123));
#11123 = SURFACE_STYLE_FILL_AREA(#11124);
#11124 = FILL_AREA_STYLE('',(#11125));
#11125 = FILL_AREA_STYLE_COLOUR('',#10984);
#11126 = STYLED_ITEM('color',(#11127),#4672);
#11127 = PRESENTATION_STYLE_ASSIGNMENT((#11128));
#11128 = SURFACE_STYLE_USAGE(.BOTH.,#11129);
#11129 = SURFACE_SIDE_STYLE('',(#11130));
#11130 = SURFACE_STYLE_FILL_AREA(#11131);
#11131 = FILL_AREA_STYLE('',(#11132));
#11132 = FILL_AREA_STYLE_COLOUR('',#10984);
#11133 = STYLED_ITEM('color',(#11134),#4697);
#11134 = PRESENTATION_STYLE_ASSIGNMENT((#11135));
#11135 = SURFACE_STYLE_USAGE(.BOTH.,#11136);
#11136 = SURFACE_SIDE_STYLE('',(#11137));
#11137 = SURFACE_STYLE_FILL_AREA(#11138);
#11138 = FILL_AREA_STYLE('',(#11139));
#11139 = FILL_AREA_STYLE_COLOUR('',#10984);
#11140 = STYLED_ITEM('color',(#11141),#4714);
#11141 = PRESENTATION_STYLE_ASSIGNMENT((#11142));
#11142 = SURFACE_STYLE_USAGE(.BOTH.,#11143);
#11143 = SURFACE_SIDE_STYLE('',(#11144));
#11144 = SURFACE_STYLE_FILL_AREA(#11145);
#11145 = FILL_AREA_STYLE('',(#11146));
#11146 = FILL_AREA_STYLE_COLOUR('',#10984);
#11147 = STYLED_ITEM('color',(#11148),#4723);
#11148 = PRESENTATION_STYLE_ASSIGNMENT((#11149));
#11149 = SURFACE_STYLE_USAGE(.BOTH.,#11150);
#11150 = SURFACE_SIDE_STYLE('',(#11151));
#11151 = SURFACE_STYLE_FILL_AREA(#11152);
#11152 = FILL_AREA_STYLE('',(#11153));
#11153 = FILL_AREA_STYLE_COLOUR('',#10984);
#11154 = STYLED_ITEM('color',(#11155),#4749);
#11155 = PRESENTATION_STYLE_ASSIGNMENT((#11156));
#11156 = SURFACE_STYLE_USAGE(.BOTH.,#11157);
#11157 = SURFACE_SIDE_STYLE('',(#11158));
#11158 = SURFACE_STYLE_FILL_AREA(#11159);
#11159 = FILL_AREA_STYLE('',(#11160));
#11160 = FILL_AREA_STYLE_COLOUR('',#10984);
#11161 = STYLED_ITEM('color',(#11162),#4758);
#11162 = PRESENTATION_STYLE_ASSIGNMENT((#11163));
#11163 = SURFACE_STYLE_USAGE(.BOTH.,#11164);
#11164 = SURFACE_SIDE_STYLE('',(#11165));
#11165 = SURFACE_STYLE_FILL_AREA(#11166);
#11166 = FILL_AREA_STYLE('',(#11167));
#11167 = FILL_AREA_STYLE_COLOUR('',#10984);
#11168 = STYLED_ITEM('color',(#11169),#4767);
#11169 = PRESENTATION_STYLE_ASSIGNMENT((#11170));
#11170 = SURFACE_STYLE_USAGE(.BOTH.,#11171);
#11171 = SURFACE_SIDE_STYLE('',(#11172));
#11172 = SURFACE_STYLE_FILL_AREA(#11173);
#11173 = FILL_AREA_STYLE('',(#11174));
#11174 = FILL_AREA_STYLE_COLOUR('',#10984);
#11175 = STYLED_ITEM('color',(#11176),#4811);
#11176 = PRESENTATION_STYLE_ASSIGNMENT((#11177));
#11177 = SURFACE_STYLE_USAGE(.BOTH.,#11178);
#11178 = SURFACE_SIDE_STYLE('',(#11179));
#11179 = SURFACE_STYLE_FILL_AREA(#11180);
#11180 = FILL_AREA_STYLE('',(#11181));
#11181 = FILL_AREA_STYLE_COLOUR('',#10999);
#11182 = STYLED_ITEM('color',(#11183),#4961);
#11183 = PRESENTATION_STYLE_ASSIGNMENT((#11184));
#11184 = SURFACE_STYLE_USAGE(.BOTH.,#11185);
#11185 = SURFACE_SIDE_STYLE('',(#11186));
#11186 = SURFACE_STYLE_FILL_AREA(#11187);
#11187 = FILL_AREA_STYLE('',(#11188));
#11188 = FILL_AREA_STYLE_COLOUR('',#10999);
#11189 = STYLED_ITEM('color',(#11190),#4985);
#11190 = PRESENTATION_STYLE_ASSIGNMENT((#11191));
#11191 = SURFACE_STYLE_USAGE(.BOTH.,#11192);
#11192 = SURFACE_SIDE_STYLE('',(#11193));
#11193 = SURFACE_STYLE_FILL_AREA(#11194);
#11194 = FILL_AREA_STYLE('',(#11195));
#11195 = FILL_AREA_STYLE_COLOUR('',#10999);
#11196 = STYLED_ITEM('color',(#11197),#5128);
#11197 = PRESENTATION_STYLE_ASSIGNMENT((#11198));
#11198 = SURFACE_STYLE_USAGE(.BOTH.,#11199);
#11199 = SURFACE_SIDE_STYLE('',(#11200));
#11200 = SURFACE_STYLE_FILL_AREA(#11201);
#11201 = FILL_AREA_STYLE('',(#11202));
#11202 = FILL_AREA_STYLE_COLOUR('',#10999);
#11203 = STYLED_ITEM('color',(#11204),#5278);
#11204 = PRESENTATION_STYLE_ASSIGNMENT((#11205));
#11205 = SURFACE_STYLE_USAGE(.BOTH.,#11206);
#11206 = SURFACE_SIDE_STYLE('',(#11207));
#11207 = SURFACE_STYLE_FILL_AREA(#11208);
#11208 = FILL_AREA_STYLE('',(#11209));
#11209 = FILL_AREA_STYLE_COLOUR('',#10999);
#11210 = STYLED_ITEM('color',(#11211),#5428);
#11211 = PRESENTATION_STYLE_ASSIGNMENT((#11212));
#11212 = SURFACE_STYLE_USAGE(.BOTH.,#11213);
#11213 = SURFACE_SIDE_STYLE('',(#11214));
#11214 = SURFACE_STYLE_FILL_AREA(#11215);
#11215 = FILL_AREA_STYLE('',(#11216));
#11216 = FILL_AREA_STYLE_COLOUR('',#10999);
#11217 = STYLED_ITEM('color',(#11218),#5445);
#11218 = PRESENTATION_STYLE_ASSIGNMENT((#11219));
#11219 = SURFACE_STYLE_USAGE(.BOTH.,#11220);
#11220 = SURFACE_SIDE_STYLE('',(#11221));
#11221 = SURFACE_STYLE_FILL_AREA(#11222);
#11222 = FILL_AREA_STYLE('',(#11223));
#11223 = FILL_AREA_STYLE_COLOUR('',#10999);
#11224 = STYLED_ITEM('color',(#11225),#5595);
#11225 = PRESENTATION_STYLE_ASSIGNMENT((#11226));
#11226 = SURFACE_STYLE_USAGE(.BOTH.,#11227);
#11227 = SURFACE_SIDE_STYLE('',(#11228));
#11228 = SURFACE_STYLE_FILL_AREA(#11229);
#11229 = FILL_AREA_STYLE('',(#11230));
#11230 = FILL_AREA_STYLE_COLOUR('',#10999);
#11231 = STYLED_ITEM('color',(#11232),#5619);
#11232 = PRESENTATION_STYLE_ASSIGNMENT((#11233));
#11233 = SURFACE_STYLE_USAGE(.BOTH.,#11234);
#11234 = SURFACE_SIDE_STYLE('',(#11235));
#11235 = SURFACE_STYLE_FILL_AREA(#11236);
#11236 = FILL_AREA_STYLE('',(#11237));
#11237 = FILL_AREA_STYLE_COLOUR('',#10999);
#11238 = STYLED_ITEM('color',(#11239),#5762);
#11239 = PRESENTATION_STYLE_ASSIGNMENT((#11240));
#11240 = SURFACE_STYLE_USAGE(.BOTH.,#11241);
#11241 = SURFACE_SIDE_STYLE('',(#11242));
#11242 = SURFACE_STYLE_FILL_AREA(#11243);
#11243 = FILL_AREA_STYLE('',(#11244));
#11244 = FILL_AREA_STYLE_COLOUR('',#10999);
#11245 = STYLED_ITEM('color',(#11246),#5912);
#11246 = PRESENTATION_STYLE_ASSIGNMENT((#11247));
#11247 = SURFACE_STYLE_USAGE(.BOTH.,#11248);
#11248 = SURFACE_SIDE_STYLE('',(#11249));
#11249 = SURFACE_STYLE_FILL_AREA(#11250);
#11250 = FILL_AREA_STYLE('',(#11251));
#11251 = FILL_AREA_STYLE_COLOUR('',#10999);
#11252 = STYLED_ITEM('color',(#11253),#6062);
#11253 = PRESENTATION_STYLE_ASSIGNMENT((#11254));
#11254 = SURFACE_STYLE_USAGE(.BOTH.,#11255);
#11255 = SURFACE_SIDE_STYLE('',(#11256));
#11256 = SURFACE_STYLE_FILL_AREA(#11257);
#11257 = FILL_AREA_STYLE('',(#11258));
#11258 = FILL_AREA_STYLE_COLOUR('',#10999);
#11259 = STYLED_ITEM('color',(#11260),#6079);
#11260 = PRESENTATION_STYLE_ASSIGNMENT((#11261));
#11261 = SURFACE_STYLE_USAGE(.BOTH.,#11262);
#11262 = SURFACE_SIDE_STYLE('',(#11263));
#11263 = SURFACE_STYLE_FILL_AREA(#11264);
#11264 = FILL_AREA_STYLE('',(#11265));
#11265 = FILL_AREA_STYLE_COLOUR('',#10984);
#11266 = STYLED_ITEM('color',(#11267),#6088);
#11267 = PRESENTATION_STYLE_ASSIGNMENT((#11268));
#11268 = SURFACE_STYLE_USAGE(.BOTH.,#11269);
#11269 = SURFACE_SIDE_STYLE('',(#11270));
#11270 = SURFACE_STYLE_FILL_AREA(#11271);
#11271 = FILL_AREA_STYLE('',(#11272));
#11272 = FILL_AREA_STYLE_COLOUR('',#10999);
#11273 = STYLED_ITEM('color',(#11274),#6105);
#11274 = PRESENTATION_STYLE_ASSIGNMENT((#11275));
#11275 = SURFACE_STYLE_USAGE(.BOTH.,#11276);
#11276 = SURFACE_SIDE_STYLE('',(#11277));
#11277 = SURFACE_STYLE_FILL_AREA(#11278);
#11278 = FILL_AREA_STYLE('',(#11279));
#11279 = FILL_AREA_STYLE_COLOUR('',#10999);
#11280 = STYLED_ITEM('color',(#11281),#6122);
#11281 = PRESENTATION_STYLE_ASSIGNMENT((#11282));
#11282 = SURFACE_STYLE_USAGE(.BOTH.,#11283);
#11283 = SURFACE_SIDE_STYLE('',(#11284));
#11284 = SURFACE_STYLE_FILL_AREA(#11285);
#11285 = FILL_AREA_STYLE('',(#11286));
#11286 = FILL_AREA_STYLE_COLOUR('',#10999);
#11287 = STYLED_ITEM('color',(#11288),#6139);
#11288 = PRESENTATION_STYLE_ASSIGNMENT((#11289));
#11289 = SURFACE_STYLE_USAGE(.BOTH.,#11290);
#11290 = SURFACE_SIDE_STYLE('',(#11291));
#11291 = SURFACE_STYLE_FILL_AREA(#11292);
#11292 = FILL_AREA_STYLE('',(#11293));
#11293 = FILL_AREA_STYLE_COLOUR('',#10999);
#11294 = STYLED_ITEM('color',(#11295),#6156);
#11295 = PRESENTATION_STYLE_ASSIGNMENT((#11296));
#11296 = SURFACE_STYLE_USAGE(.BOTH.,#11297);
#11297 = SURFACE_SIDE_STYLE('',(#11298));
#11298 = SURFACE_STYLE_FILL_AREA(#11299);
#11299 = FILL_AREA_STYLE('',(#11300));
#11300 = FILL_AREA_STYLE_COLOUR('',#10999);
#11301 = STYLED_ITEM('color',(#11302),#6178);
#11302 = PRESENTATION_STYLE_ASSIGNMENT((#11303));
#11303 = SURFACE_STYLE_USAGE(.BOTH.,#11304);
#11304 = SURFACE_SIDE_STYLE('',(#11305));
#11305 = SURFACE_STYLE_FILL_AREA(#11306);
#11306 = FILL_AREA_STYLE('',(#11307));
#11307 = FILL_AREA_STYLE_COLOUR('',#10999);
#11308 = STYLED_ITEM('color',(#11309),#6195);
#11309 = PRESENTATION_STYLE_ASSIGNMENT((#11310));
#11310 = SURFACE_STYLE_USAGE(.BOTH.,#11311);
#11311 = SURFACE_SIDE_STYLE('',(#11312));
#11312 = SURFACE_STYLE_FILL_AREA(#11313);
#11313 = FILL_AREA_STYLE('',(#11314));
#11314 = FILL_AREA_STYLE_COLOUR('',#10999);
#11315 = STYLED_ITEM('color',(#11316),#6212);
#11316 = PRESENTATION_STYLE_ASSIGNMENT((#11317));
#11317 = SURFACE_STYLE_USAGE(.BOTH.,#11318);
#11318 = SURFACE_SIDE_STYLE('',(#11319));
#11319 = SURFACE_STYLE_FILL_AREA(#11320);
#11320 = FILL_AREA_STYLE('',(#11321));
#11321 = FILL_AREA_STYLE_COLOUR('',#10999);
#11322 = STYLED_ITEM('color',(#11323),#6229);
#11323 = PRESENTATION_STYLE_ASSIGNMENT((#11324));
#11324 = SURFACE_STYLE_USAGE(.BOTH.,#11325);
#11325 = SURFACE_SIDE_STYLE('',(#11326));
#11326 = SURFACE_STYLE_FILL_AREA(#11327);
#11327 = FILL_AREA_STYLE('',(#11328));
#11328 = FILL_AREA_STYLE_COLOUR('',#10999);
#11329 = STYLED_ITEM('color',(#11330),#6246);
#11330 = PRESENTATION_STYLE_ASSIGNMENT((#11331));
#11331 = SURFACE_STYLE_USAGE(.BOTH.,#11332);
#11332 = SURFACE_SIDE_STYLE('',(#11333));
#11333 = SURFACE_STYLE_FILL_AREA(#11334);
#11334 = FILL_AREA_STYLE('',(#11335));
#11335 = FILL_AREA_STYLE_COLOUR('',#10999);
#11336 = STYLED_ITEM('color',(#11337),#6258);
#11337 = PRESENTATION_STYLE_ASSIGNMENT((#11338));
#11338 = SURFACE_STYLE_USAGE(.BOTH.,#11339);
#11339 = SURFACE_SIDE_STYLE('',(#11340));
#11340 = SURFACE_STYLE_FILL_AREA(#11341);
#11341 = FILL_AREA_STYLE('',(#11342));
#11342 = FILL_AREA_STYLE_COLOUR('',#10999);
#11343 = STYLED_ITEM('color',(#11344),#6275);
#11344 = PRESENTATION_STYLE_ASSIGNMENT((#11345));
#11345 = SURFACE_STYLE_USAGE(.BOTH.,#11346);
#11346 = SURFACE_SIDE_STYLE('',(#11347));
#11347 = SURFACE_STYLE_FILL_AREA(#11348);
#11348 = FILL_AREA_STYLE('',(#11349));
#11349 = FILL_AREA_STYLE_COLOUR('',#10999);
#11350 = STYLED_ITEM('color',(#11351),#6292);
#11351 = PRESENTATION_STYLE_ASSIGNMENT((#11352));
#11352 = SURFACE_STYLE_USAGE(.BOTH.,#11353);
#11353 = SURFACE_SIDE_STYLE('',(#11354));
#11354 = SURFACE_STYLE_FILL_AREA(#11355);
#11355 = FILL_AREA_STYLE('',(#11356));
#11356 = FILL_AREA_STYLE_COLOUR('',#10999);
#11357 = STYLED_ITEM('color',(#11358),#6309);
#11358 = PRESENTATION_STYLE_ASSIGNMENT((#11359));
#11359 = SURFACE_STYLE_USAGE(.BOTH.,#11360);
#11360 = SURFACE_SIDE_STYLE('',(#11361));
#11361 = SURFACE_STYLE_FILL_AREA(#11362);
#11362 = FILL_AREA_STYLE('',(#11363));
#11363 = FILL_AREA_STYLE_COLOUR('',#10999);
#11364 = STYLED_ITEM('color',(#11365),#6326);
#11365 = PRESENTATION_STYLE_ASSIGNMENT((#11366));
#11366 = SURFACE_STYLE_USAGE(.BOTH.,#11367);
#11367 = SURFACE_SIDE_STYLE('',(#11368));
#11368 = SURFACE_STYLE_FILL_AREA(#11369);
#11369 = FILL_AREA_STYLE('',(#11370));
#11370 = FILL_AREA_STYLE_COLOUR('',#10999);
#11371 = STYLED_ITEM('color',(#11372),#6343);
#11372 = PRESENTATION_STYLE_ASSIGNMENT((#11373));
#11373 = SURFACE_STYLE_USAGE(.BOTH.,#11374);
#11374 = SURFACE_SIDE_STYLE('',(#11375));
#11375 = SURFACE_STYLE_FILL_AREA(#11376);
#11376 = FILL_AREA_STYLE('',(#11377));
#11377 = FILL_AREA_STYLE_COLOUR('',#10999);
#11378 = STYLED_ITEM('color',(#11379),#6360);
#11379 = PRESENTATION_STYLE_ASSIGNMENT((#11380));
#11380 = SURFACE_STYLE_USAGE(.BOTH.,#11381);
#11381 = SURFACE_SIDE_STYLE('',(#11382));
#11382 = SURFACE_STYLE_FILL_AREA(#11383);
#11383 = FILL_AREA_STYLE('',(#11384));
#11384 = FILL_AREA_STYLE_COLOUR('',#10999);
#11385 = STYLED_ITEM('color',(#11386),#6377);
#11386 = PRESENTATION_STYLE_ASSIGNMENT((#11387));
#11387 = SURFACE_STYLE_USAGE(.BOTH.,#11388);
#11388 = SURFACE_SIDE_STYLE('',(#11389));
#11389 = SURFACE_STYLE_FILL_AREA(#11390);
#11390 = FILL_AREA_STYLE('',(#11391));
#11391 = FILL_AREA_STYLE_COLOUR('',#10999);
#11392 = STYLED_ITEM('color',(#11393),#6394);
#11393 = PRESENTATION_STYLE_ASSIGNMENT((#11394));
#11394 = SURFACE_STYLE_USAGE(.BOTH.,#11395);
#11395 = SURFACE_SIDE_STYLE('',(#11396));
#11396 = SURFACE_STYLE_FILL_AREA(#11397);
#11397 = FILL_AREA_STYLE('',(#11398));
#11398 = FILL_AREA_STYLE_COLOUR('',#10999);
#11399 = STYLED_ITEM('color',(#11400),#6406);
#11400 = PRESENTATION_STYLE_ASSIGNMENT((#11401));
#11401 = SURFACE_STYLE_USAGE(.BOTH.,#11402);
#11402 = SURFACE_SIDE_STYLE('',(#11403));
#11403 = SURFACE_STYLE_FILL_AREA(#11404);
#11404 = FILL_AREA_STYLE('',(#11405));
#11405 = FILL_AREA_STYLE_COLOUR('',#10999);
#11406 = STYLED_ITEM('color',(#11407),#6428);
#11407 = PRESENTATION_STYLE_ASSIGNMENT((#11408));
#11408 = SURFACE_STYLE_USAGE(.BOTH.,#11409);
#11409 = SURFACE_SIDE_STYLE('',(#11410));
#11410 = SURFACE_STYLE_FILL_AREA(#11411);
#11411 = FILL_AREA_STYLE('',(#11412));
#11412 = FILL_AREA_STYLE_COLOUR('',#10999);
#11413 = STYLED_ITEM('color',(#11414),#6445);
#11414 = PRESENTATION_STYLE_ASSIGNMENT((#11415));
#11415 = SURFACE_STYLE_USAGE(.BOTH.,#11416);
#11416 = SURFACE_SIDE_STYLE('',(#11417));
#11417 = SURFACE_STYLE_FILL_AREA(#11418);
#11418 = FILL_AREA_STYLE('',(#11419));
#11419 = FILL_AREA_STYLE_COLOUR('',#10999);
#11420 = STYLED_ITEM('color',(#11421),#6462);
#11421 = PRESENTATION_STYLE_ASSIGNMENT((#11422));
#11422 = SURFACE_STYLE_USAGE(.BOTH.,#11423);
#11423 = SURFACE_SIDE_STYLE('',(#11424));
#11424 = SURFACE_STYLE_FILL_AREA(#11425);
#11425 = FILL_AREA_STYLE('',(#11426));
#11426 = FILL_AREA_STYLE_COLOUR('',#10999);
#11427 = STYLED_ITEM('color',(#11428),#6479);
#11428 = PRESENTATION_STYLE_ASSIGNMENT((#11429));
#11429 = SURFACE_STYLE_USAGE(.BOTH.,#11430);
#11430 = SURFACE_SIDE_STYLE('',(#11431));
#11431 = SURFACE_STYLE_FILL_AREA(#11432);
#11432 = FILL_AREA_STYLE('',(#11433));
#11433 = FILL_AREA_STYLE_COLOUR('',#10999);
#11434 = STYLED_ITEM('color',(#11435),#6496);
#11435 = PRESENTATION_STYLE_ASSIGNMENT((#11436));
#11436 = SURFACE_STYLE_USAGE(.BOTH.,#11437);
#11437 = SURFACE_SIDE_STYLE('',(#11438));
#11438 = SURFACE_STYLE_FILL_AREA(#11439);
#11439 = FILL_AREA_STYLE('',(#11440));
#11440 = FILL_AREA_STYLE_COLOUR('',#10999);
#11441 = STYLED_ITEM('color',(#11442),#6508);
#11442 = PRESENTATION_STYLE_ASSIGNMENT((#11443));
#11443 = SURFACE_STYLE_USAGE(.BOTH.,#11444);
#11444 = SURFACE_SIDE_STYLE('',(#11445));
#11445 = SURFACE_STYLE_FILL_AREA(#11446);
#11446 = FILL_AREA_STYLE('',(#11447));
#11447 = FILL_AREA_STYLE_COLOUR('',#10999);
#11448 = STYLED_ITEM('color',(#11449),#6525);
#11449 = PRESENTATION_STYLE_ASSIGNMENT((#11450));
#11450 = SURFACE_STYLE_USAGE(.BOTH.,#11451);
#11451 = SURFACE_SIDE_STYLE('',(#11452));
#11452 = SURFACE_STYLE_FILL_AREA(#11453);
#11453 = FILL_AREA_STYLE('',(#11454));
#11454 = FILL_AREA_STYLE_COLOUR('',#10999);
#11455 = STYLED_ITEM('color',(#11456),#6542);
#11456 = PRESENTATION_STYLE_ASSIGNMENT((#11457));
#11457 = SURFACE_STYLE_USAGE(.BOTH.,#11458);
#11458 = SURFACE_SIDE_STYLE('',(#11459));
#11459 = SURFACE_STYLE_FILL_AREA(#11460);
#11460 = FILL_AREA_STYLE('',(#11461));
#11461 = FILL_AREA_STYLE_COLOUR('',#10999);
#11462 = STYLED_ITEM('color',(#11463),#6559);
#11463 = PRESENTATION_STYLE_ASSIGNMENT((#11464));
#11464 = SURFACE_STYLE_USAGE(.BOTH.,#11465);
#11465 = SURFACE_SIDE_STYLE('',(#11466));
#11466 = SURFACE_STYLE_FILL_AREA(#11467);
#11467 = FILL_AREA_STYLE('',(#11468));
#11468 = FILL_AREA_STYLE_COLOUR('',#10999);
#11469 = STYLED_ITEM('color',(#11470),#6576);
#11470 = PRESENTATION_STYLE_ASSIGNMENT((#11471));
#11471 = SURFACE_STYLE_USAGE(.BOTH.,#11472);
#11472 = SURFACE_SIDE_STYLE('',(#11473));
#11473 = SURFACE_STYLE_FILL_AREA(#11474);
#11474 = FILL_AREA_STYLE('',(#11475));
#11475 = FILL_AREA_STYLE_COLOUR('',#10999);
#11476 = STYLED_ITEM('color',(#11477),#6593);
#11477 = PRESENTATION_STYLE_ASSIGNMENT((#11478));
#11478 = SURFACE_STYLE_USAGE(.BOTH.,#11479);
#11479 = SURFACE_SIDE_STYLE('',(#11480));
#11480 = SURFACE_STYLE_FILL_AREA(#11481);
#11481 = FILL_AREA_STYLE('',(#11482));
#11482 = FILL_AREA_STYLE_COLOUR('',#10999);
#11483 = STYLED_ITEM('color',(#11484),#6610);
#11484 = PRESENTATION_STYLE_ASSIGNMENT((#11485));
#11485 = SURFACE_STYLE_USAGE(.BOTH.,#11486);
#11486 = SURFACE_SIDE_STYLE('',(#11487));
#11487 = SURFACE_STYLE_FILL_AREA(#11488);
#11488 = FILL_AREA_STYLE('',(#11489));
#11489 = FILL_AREA_STYLE_COLOUR('',#10999);
#11490 = STYLED_ITEM('color',(#11491),#6627);
#11491 = PRESENTATION_STYLE_ASSIGNMENT((#11492));
#11492 = SURFACE_STYLE_USAGE(.BOTH.,#11493);
#11493 = SURFACE_SIDE_STYLE('',(#11494));
#11494 = SURFACE_STYLE_FILL_AREA(#11495);
#11495 = FILL_AREA_STYLE('',(#11496));
#11496 = FILL_AREA_STYLE_COLOUR('',#10999);
#11497 = STYLED_ITEM('color',(#11498),#6644);
#11498 = PRESENTATION_STYLE_ASSIGNMENT((#11499));
#11499 = SURFACE_STYLE_USAGE(.BOTH.,#11500);
#11500 = SURFACE_SIDE_STYLE('',(#11501));
#11501 = SURFACE_STYLE_FILL_AREA(#11502);
#11502 = FILL_AREA_STYLE('',(#11503));
#11503 = FILL_AREA_STYLE_COLOUR('',#10999);
#11504 = STYLED_ITEM('color',(#11505),#6656);
#11505 = PRESENTATION_STYLE_ASSIGNMENT((#11506));
#11506 = SURFACE_STYLE_USAGE(.BOTH.,#11507);
#11507 = SURFACE_SIDE_STYLE('',(#11508));
#11508 = SURFACE_STYLE_FILL_AREA(#11509);
#11509 = FILL_AREA_STYLE('',(#11510));
#11510 = FILL_AREA_STYLE_COLOUR('',#10999);
#11511 = STYLED_ITEM('color',(#11512),#6678);
#11512 = PRESENTATION_STYLE_ASSIGNMENT((#11513));
#11513 = SURFACE_STYLE_USAGE(.BOTH.,#11514);
#11514 = SURFACE_SIDE_STYLE('',(#11515));
#11515 = SURFACE_STYLE_FILL_AREA(#11516);
#11516 = FILL_AREA_STYLE('',(#11517));
#11517 = FILL_AREA_STYLE_COLOUR('',#10999);
#11518 = STYLED_ITEM('color',(#11519),#6695);
#11519 = PRESENTATION_STYLE_ASSIGNMENT((#11520));
#11520 = SURFACE_STYLE_USAGE(.BOTH.,#11521);
#11521 = SURFACE_SIDE_STYLE('',(#11522));
#11522 = SURFACE_STYLE_FILL_AREA(#11523);
#11523 = FILL_AREA_STYLE('',(#11524));
#11524 = FILL_AREA_STYLE_COLOUR('',#10999);
#11525 = STYLED_ITEM('color',(#11526),#6712);
#11526 = PRESENTATION_STYLE_ASSIGNMENT((#11527));
#11527 = SURFACE_STYLE_USAGE(.BOTH.,#11528);
#11528 = SURFACE_SIDE_STYLE('',(#11529));
#11529 = SURFACE_STYLE_FILL_AREA(#11530);
#11530 = FILL_AREA_STYLE('',(#11531));
#11531 = FILL_AREA_STYLE_COLOUR('',#10999);
#11532 = STYLED_ITEM('color',(#11533),#6729);
#11533 = PRESENTATION_STYLE_ASSIGNMENT((#11534));
#11534 = SURFACE_STYLE_USAGE(.BOTH.,#11535);
#11535 = SURFACE_SIDE_STYLE('',(#11536));
#11536 = SURFACE_STYLE_FILL_AREA(#11537);
#11537 = FILL_AREA_STYLE('',(#11538));
#11538 = FILL_AREA_STYLE_COLOUR('',#10999);
#11539 = STYLED_ITEM('color',(#11540),#6746);
#11540 = PRESENTATION_STYLE_ASSIGNMENT((#11541));
#11541 = SURFACE_STYLE_USAGE(.BOTH.,#11542);
#11542 = SURFACE_SIDE_STYLE('',(#11543));
#11543 = SURFACE_STYLE_FILL_AREA(#11544);
#11544 = FILL_AREA_STYLE('',(#11545));
#11545 = FILL_AREA_STYLE_COLOUR('',#10999);
#11546 = STYLED_ITEM('color',(#11547),#6758);
#11547 = PRESENTATION_STYLE_ASSIGNMENT((#11548));
#11548 = SURFACE_STYLE_USAGE(.BOTH.,#11549);
#11549 = SURFACE_SIDE_STYLE('',(#11550));
#11550 = SURFACE_STYLE_FILL_AREA(#11551);
#11551 = FILL_AREA_STYLE('',(#11552));
#11552 = FILL_AREA_STYLE_COLOUR('',#10999);
#11553 = STYLED_ITEM('color',(#11554),#6775);
#11554 = PRESENTATION_STYLE_ASSIGNMENT((#11555));
#11555 = SURFACE_STYLE_USAGE(.BOTH.,#11556);
#11556 = SURFACE_SIDE_STYLE('',(#11557));
#11557 = SURFACE_STYLE_FILL_AREA(#11558);
#11558 = FILL_AREA_STYLE('',(#11559));
#11559 = FILL_AREA_STYLE_COLOUR('',#10999);
#11560 = STYLED_ITEM('color',(#11561),#6792);
#11561 = PRESENTATION_STYLE_ASSIGNMENT((#11562));
#11562 = SURFACE_STYLE_USAGE(.BOTH.,#11563);
#11563 = SURFACE_SIDE_STYLE('',(#11564));
#11564 = SURFACE_STYLE_FILL_AREA(#11565);
#11565 = FILL_AREA_STYLE('',(#11566));
#11566 = FILL_AREA_STYLE_COLOUR('',#10999);
#11567 = STYLED_ITEM('color',(#11568),#6809);
#11568 = PRESENTATION_STYLE_ASSIGNMENT((#11569));
#11569 = SURFACE_STYLE_USAGE(.BOTH.,#11570);
#11570 = SURFACE_SIDE_STYLE('',(#11571));
#11571 = SURFACE_STYLE_FILL_AREA(#11572);
#11572 = FILL_AREA_STYLE('',(#11573));
#11573 = FILL_AREA_STYLE_COLOUR('',#10999);
#11574 = STYLED_ITEM('color',(#11575),#6826);
#11575 = PRESENTATION_STYLE_ASSIGNMENT((#11576));
#11576 = SURFACE_STYLE_USAGE(.BOTH.,#11577);
#11577 = SURFACE_SIDE_STYLE('',(#11578));
#11578 = SURFACE_STYLE_FILL_AREA(#11579);
#11579 = FILL_AREA_STYLE('',(#11580));
#11580 = FILL_AREA_STYLE_COLOUR('',#10999);
#11581 = STYLED_ITEM('color',(#11582),#6843);
#11582 = PRESENTATION_STYLE_ASSIGNMENT((#11583));
#11583 = SURFACE_STYLE_USAGE(.BOTH.,#11584);
#11584 = SURFACE_SIDE_STYLE('',(#11585));
#11585 = SURFACE_STYLE_FILL_AREA(#11586);
#11586 = FILL_AREA_STYLE('',(#11587));
#11587 = FILL_AREA_STYLE_COLOUR('',#10999);
#11588 = STYLED_ITEM('color',(#11589),#6860);
#11589 = PRESENTATION_STYLE_ASSIGNMENT((#11590));
#11590 = SURFACE_STYLE_USAGE(.BOTH.,#11591);
#11591 = SURFACE_SIDE_STYLE('',(#11592));
#11592 = SURFACE_STYLE_FILL_AREA(#11593);
#11593 = FILL_AREA_STYLE('',(#11594));
#11594 = FILL_AREA_STYLE_COLOUR('',#10999);
#11595 = STYLED_ITEM('color',(#11596),#6877);
#11596 = PRESENTATION_STYLE_ASSIGNMENT((#11597));
#11597 = SURFACE_STYLE_USAGE(.BOTH.,#11598);
#11598 = SURFACE_SIDE_STYLE('',(#11599));
#11599 = SURFACE_STYLE_FILL_AREA(#11600);
#11600 = FILL_AREA_STYLE('',(#11601));
#11601 = FILL_AREA_STYLE_COLOUR('',#10999);
#11602 = STYLED_ITEM('color',(#11603),#6894);
#11603 = PRESENTATION_STYLE_ASSIGNMENT((#11604));
#11604 = SURFACE_STYLE_USAGE(.BOTH.,#11605);
#11605 = SURFACE_SIDE_STYLE('',(#11606));
#11606 = SURFACE_STYLE_FILL_AREA(#11607);
#11607 = FILL_AREA_STYLE('',(#11608));
#11608 = FILL_AREA_STYLE_COLOUR('',#10999);
#11609 = STYLED_ITEM('color',(#11610),#6906);
#11610 = PRESENTATION_STYLE_ASSIGNMENT((#11611));
#11611 = SURFACE_STYLE_USAGE(.BOTH.,#11612);
#11612 = SURFACE_SIDE_STYLE('',(#11613));
#11613 = SURFACE_STYLE_FILL_AREA(#11614);
#11614 = FILL_AREA_STYLE('',(#11615));
#11615 = FILL_AREA_STYLE_COLOUR('',#10999);
#11616 = STYLED_ITEM('color',(#11617),#6928);
#11617 = PRESENTATION_STYLE_ASSIGNMENT((#11618));
#11618 = SURFACE_STYLE_USAGE(.BOTH.,#11619);
#11619 = SURFACE_SIDE_STYLE('',(#11620));
#11620 = SURFACE_STYLE_FILL_AREA(#11621);
#11621 = FILL_AREA_STYLE('',(#11622));
#11622 = FILL_AREA_STYLE_COLOUR('',#10999);
#11623 = STYLED_ITEM('color',(#11624),#6945);
#11624 = PRESENTATION_STYLE_ASSIGNMENT((#11625));
#11625 = SURFACE_STYLE_USAGE(.BOTH.,#11626);
#11626 = SURFACE_SIDE_STYLE('',(#11627));
#11627 = SURFACE_STYLE_FILL_AREA(#11628);
#11628 = FILL_AREA_STYLE('',(#11629));
#11629 = FILL_AREA_STYLE_COLOUR('',#10999);
#11630 = STYLED_ITEM('color',(#11631),#6962);
#11631 = PRESENTATION_STYLE_ASSIGNMENT((#11632));
#11632 = SURFACE_STYLE_USAGE(.BOTH.,#11633);
#11633 = SURFACE_SIDE_STYLE('',(#11634));
#11634 = SURFACE_STYLE_FILL_AREA(#11635);
#11635 = FILL_AREA_STYLE('',(#11636));
#11636 = FILL_AREA_STYLE_COLOUR('',#10999);
#11637 = STYLED_ITEM('color',(#11638),#6979);
#11638 = PRESENTATION_STYLE_ASSIGNMENT((#11639));
#11639 = SURFACE_STYLE_USAGE(.BOTH.,#11640);
#11640 = SURFACE_SIDE_STYLE('',(#11641));
#11641 = SURFACE_STYLE_FILL_AREA(#11642);
#11642 = FILL_AREA_STYLE('',(#11643));
#11643 = FILL_AREA_STYLE_COLOUR('',#10999);
#11644 = STYLED_ITEM('color',(#11645),#6996);
#11645 = PRESENTATION_STYLE_ASSIGNMENT((#11646));
#11646 = SURFACE_STYLE_USAGE(.BOTH.,#11647);
#11647 = SURFACE_SIDE_STYLE('',(#11648));
#11648 = SURFACE_STYLE_FILL_AREA(#11649);
#11649 = FILL_AREA_STYLE('',(#11650));
#11650 = FILL_AREA_STYLE_COLOUR('',#10999);
#11651 = STYLED_ITEM('color',(#11652),#7008);
#11652 = PRESENTATION_STYLE_ASSIGNMENT((#11653));
#11653 = SURFACE_STYLE_USAGE(.BOTH.,#11654);
#11654 = SURFACE_SIDE_STYLE('',(#11655));
#11655 = SURFACE_STYLE_FILL_AREA(#11656);
#11656 = FILL_AREA_STYLE('',(#11657));
#11657 = FILL_AREA_STYLE_COLOUR('',#10999);
#11658 = STYLED_ITEM('color',(#11659),#7025);
#11659 = PRESENTATION_STYLE_ASSIGNMENT((#11660));
#11660 = SURFACE_STYLE_USAGE(.BOTH.,#11661);
#11661 = SURFACE_SIDE_STYLE('',(#11662));
#11662 = SURFACE_STYLE_FILL_AREA(#11663);
#11663 = FILL_AREA_STYLE('',(#11664));
#11664 = FILL_AREA_STYLE_COLOUR('',#10999);
#11665 = STYLED_ITEM('color',(#11666),#7042);
#11666 = PRESENTATION_STYLE_ASSIGNMENT((#11667));
#11667 = SURFACE_STYLE_USAGE(.BOTH.,#11668);
#11668 = SURFACE_SIDE_STYLE('',(#11669));
#11669 = SURFACE_STYLE_FILL_AREA(#11670);
#11670 = FILL_AREA_STYLE('',(#11671));
#11671 = FILL_AREA_STYLE_COLOUR('',#10999);
#11672 = STYLED_ITEM('color',(#11673),#7059);
#11673 = PRESENTATION_STYLE_ASSIGNMENT((#11674));
#11674 = SURFACE_STYLE_USAGE(.BOTH.,#11675);
#11675 = SURFACE_SIDE_STYLE('',(#11676));
#11676 = SURFACE_STYLE_FILL_AREA(#11677);
#11677 = FILL_AREA_STYLE('',(#11678));
#11678 = FILL_AREA_STYLE_COLOUR('',#10999);
#11679 = STYLED_ITEM('color',(#11680),#7076);
#11680 = PRESENTATION_STYLE_ASSIGNMENT((#11681));
#11681 = SURFACE_STYLE_USAGE(.BOTH.,#11682);
#11682 = SURFACE_SIDE_STYLE('',(#11683));
#11683 = SURFACE_STYLE_FILL_AREA(#11684);
#11684 = FILL_AREA_STYLE('',(#11685));
#11685 = FILL_AREA_STYLE_COLOUR('',#10999);
#11686 = STYLED_ITEM('color',(#11687),#7093);
#11687 = PRESENTATION_STYLE_ASSIGNMENT((#11688));
#11688 = SURFACE_STYLE_USAGE(.BOTH.,#11689);
#11689 = SURFACE_SIDE_STYLE('',(#11690));
#11690 = SURFACE_STYLE_FILL_AREA(#11691);
#11691 = FILL_AREA_STYLE('',(#11692));
#11692 = FILL_AREA_STYLE_COLOUR('',#10999);
#11693 = STYLED_ITEM('color',(#11694),#7110);
#11694 = PRESENTATION_STYLE_ASSIGNMENT((#11695));
#11695 = SURFACE_STYLE_USAGE(.BOTH.,#11696);
#11696 = SURFACE_SIDE_STYLE('',(#11697));
#11697 = SURFACE_STYLE_FILL_AREA(#11698);
#11698 = FILL_AREA_STYLE('',(#11699));
#11699 = FILL_AREA_STYLE_COLOUR('',#10999);
#11700 = STYLED_ITEM('color',(#11701),#7127);
#11701 = PRESENTATION_STYLE_ASSIGNMENT((#11702));
#11702 = SURFACE_STYLE_USAGE(.BOTH.,#11703);
#11703 = SURFACE_SIDE_STYLE('',(#11704));
#11704 = SURFACE_STYLE_FILL_AREA(#11705);
#11705 = FILL_AREA_STYLE('',(#11706));
#11706 = FILL_AREA_STYLE_COLOUR('',#10999);
#11707 = STYLED_ITEM('color',(#11708),#7144);
#11708 = PRESENTATION_STYLE_ASSIGNMENT((#11709));
#11709 = SURFACE_STYLE_USAGE(.BOTH.,#11710);
#11710 = SURFACE_SIDE_STYLE('',(#11711));
#11711 = SURFACE_STYLE_FILL_AREA(#11712);
#11712 = FILL_AREA_STYLE('',(#11713));
#11713 = FILL_AREA_STYLE_COLOUR('',#10999);
#11714 = MECHANICAL_DESIGN_GEOMETRIC_PRESENTATION_REPRESENTATION('',(
    #11715,#11722,#11729,#11736,#11743,#11750,#11757,#11764,#11771,
    #11778,#11785,#11792,#11799,#11806,#11813,#11820,#11827,#11834,
    #11841,#11848,#11855,#11862,#11869,#11877,#11884,#11891,#11898,
    #11905,#11912,#11919,#11926,#11933,#11940,#11947,#11954,#11961,
    #11968,#11975,#11982,#11989,#11996,#12003,#12010,#12017,#12024,
    #12031,#12038,#12045,#12052,#12059,#12066,#12073,#12080,#12087,
    #12094,#12101,#12108,#12115,#12122,#12129,#12136,#12143,#12150,
    #12157,#12164,#12171,#12178,#12185,#12192,#12199,#12206,#12213,
    #12220,#12227,#12234,#12241),#9286);
#11715 = STYLED_ITEM('color',(#11716),#7182);
#11716 = PRESENTATION_STYLE_ASSIGNMENT((#11717));
#11717 = SURFACE_STYLE_USAGE(.BOTH.,#11718);
#11718 = SURFACE_SIDE_STYLE('',(#11719));
#11719 = SURFACE_STYLE_FILL_AREA(#11720);
#11720 = FILL_AREA_STYLE('',(#11721));
#11721 = FILL_AREA_STYLE_COLOUR('',#10984);
#11722 = STYLED_ITEM('color',(#11723),#7222);
#11723 = PRESENTATION_STYLE_ASSIGNMENT((#11724));
#11724 = SURFACE_STYLE_USAGE(.BOTH.,#11725);
#11725 = SURFACE_SIDE_STYLE('',(#11726));
#11726 = SURFACE_STYLE_FILL_AREA(#11727);
#11727 = FILL_AREA_STYLE('',(#11728));
#11728 = FILL_AREA_STYLE_COLOUR('',#10984);
#11729 = STYLED_ITEM('color',(#11730),#7253);
#11730 = PRESENTATION_STYLE_ASSIGNMENT((#11731));
#11731 = SURFACE_STYLE_USAGE(.BOTH.,#11732);
#11732 = SURFACE_SIDE_STYLE('',(#11733));
#11733 = SURFACE_STYLE_FILL_AREA(#11734);
#11734 = FILL_AREA_STYLE('',(#11735));
#11735 = FILL_AREA_STYLE_COLOUR('',#10984);
#11736 = STYLED_ITEM('color',(#11737),#7284);
#11737 = PRESENTATION_STYLE_ASSIGNMENT((#11738));
#11738 = SURFACE_STYLE_USAGE(.BOTH.,#11739);
#11739 = SURFACE_SIDE_STYLE('',(#11740));
#11740 = SURFACE_STYLE_FILL_AREA(#11741);
#11741 = FILL_AREA_STYLE('',(#11742));
#11742 = FILL_AREA_STYLE_COLOUR('',#10984);
#11743 = STYLED_ITEM('color',(#11744),#7531);
#11744 = PRESENTATION_STYLE_ASSIGNMENT((#11745));
#11745 = SURFACE_STYLE_USAGE(.BOTH.,#11746);
#11746 = SURFACE_SIDE_STYLE('',(#11747));
#11747 = SURFACE_STYLE_FILL_AREA(#11748);
#11748 = FILL_AREA_STYLE('',(#11749));
#11749 = FILL_AREA_STYLE_COLOUR('',#10984);
#11750 = STYLED_ITEM('color',(#11751),#7778);
#11751 = PRESENTATION_STYLE_ASSIGNMENT((#11752));
#11752 = SURFACE_STYLE_USAGE(.BOTH.,#11753);
#11753 = SURFACE_SIDE_STYLE('',(#11754));
#11754 = SURFACE_STYLE_FILL_AREA(#11755);
#11755 = FILL_AREA_STYLE('',(#11756));
#11756 = FILL_AREA_STYLE_COLOUR('',#10984);
#11757 = STYLED_ITEM('color',(#11758),#7795);
#11758 = PRESENTATION_STYLE_ASSIGNMENT((#11759));
#11759 = SURFACE_STYLE_USAGE(.BOTH.,#11760);
#11760 = SURFACE_SIDE_STYLE('',(#11761));
#11761 = SURFACE_STYLE_FILL_AREA(#11762);
#11762 = FILL_AREA_STYLE('',(#11763));
#11763 = FILL_AREA_STYLE_COLOUR('',#10984);
#11764 = STYLED_ITEM('color',(#11765),#7812);
#11765 = PRESENTATION_STYLE_ASSIGNMENT((#11766));
#11766 = SURFACE_STYLE_USAGE(.BOTH.,#11767);
#11767 = SURFACE_SIDE_STYLE('',(#11768));
#11768 = SURFACE_STYLE_FILL_AREA(#11769);
#11769 = FILL_AREA_STYLE('',(#11770));
#11770 = FILL_AREA_STYLE_COLOUR('',#10984);
#11771 = STYLED_ITEM('color',(#11772),#7829);
#11772 = PRESENTATION_STYLE_ASSIGNMENT((#11773));
#11773 = SURFACE_STYLE_USAGE(.BOTH.,#11774);
#11774 = SURFACE_SIDE_STYLE('',(#11775));
#11775 = SURFACE_STYLE_FILL_AREA(#11776);
#11776 = FILL_AREA_STYLE('',(#11777));
#11777 = FILL_AREA_STYLE_COLOUR('',#10984);
#11778 = STYLED_ITEM('color',(#11779),#7846);
#11779 = PRESENTATION_STYLE_ASSIGNMENT((#11780));
#11780 = SURFACE_STYLE_USAGE(.BOTH.,#11781);
#11781 = SURFACE_SIDE_STYLE('',(#11782));
#11782 = SURFACE_STYLE_FILL_AREA(#11783);
#11783 = FILL_AREA_STYLE('',(#11784));
#11784 = FILL_AREA_STYLE_COLOUR('',#10984);
#11785 = STYLED_ITEM('color',(#11786),#7863);
#11786 = PRESENTATION_STYLE_ASSIGNMENT((#11787));
#11787 = SURFACE_STYLE_USAGE(.BOTH.,#11788);
#11788 = SURFACE_SIDE_STYLE('',(#11789));
#11789 = SURFACE_STYLE_FILL_AREA(#11790);
#11790 = FILL_AREA_STYLE('',(#11791));
#11791 = FILL_AREA_STYLE_COLOUR('',#10984);
#11792 = STYLED_ITEM('color',(#11793),#7880);
#11793 = PRESENTATION_STYLE_ASSIGNMENT((#11794));
#11794 = SURFACE_STYLE_USAGE(.BOTH.,#11795);
#11795 = SURFACE_SIDE_STYLE('',(#11796));
#11796 = SURFACE_STYLE_FILL_AREA(#11797);
#11797 = FILL_AREA_STYLE('',(#11798));
#11798 = FILL_AREA_STYLE_COLOUR('',#10984);
#11799 = STYLED_ITEM('color',(#11800),#7897);
#11800 = PRESENTATION_STYLE_ASSIGNMENT((#11801));
#11801 = SURFACE_STYLE_USAGE(.BOTH.,#11802);
#11802 = SURFACE_SIDE_STYLE('',(#11803));
#11803 = SURFACE_STYLE_FILL_AREA(#11804);
#11804 = FILL_AREA_STYLE('',(#11805));
#11805 = FILL_AREA_STYLE_COLOUR('',#10984);
#11806 = STYLED_ITEM('color',(#11807),#7914);
#11807 = PRESENTATION_STYLE_ASSIGNMENT((#11808));
#11808 = SURFACE_STYLE_USAGE(.BOTH.,#11809);
#11809 = SURFACE_SIDE_STYLE('',(#11810));
#11810 = SURFACE_STYLE_FILL_AREA(#11811);
#11811 = FILL_AREA_STYLE('',(#11812));
#11812 = FILL_AREA_STYLE_COLOUR('',#10984);
#11813 = STYLED_ITEM('color',(#11814),#7931);
#11814 = PRESENTATION_STYLE_ASSIGNMENT((#11815));
#11815 = SURFACE_STYLE_USAGE(.BOTH.,#11816);
#11816 = SURFACE_SIDE_STYLE('',(#11817));
#11817 = SURFACE_STYLE_FILL_AREA(#11818);
#11818 = FILL_AREA_STYLE('',(#11819));
#11819 = FILL_AREA_STYLE_COLOUR('',#10984);
#11820 = STYLED_ITEM('color',(#11821),#7948);
#11821 = PRESENTATION_STYLE_ASSIGNMENT((#11822));
#11822 = SURFACE_STYLE_USAGE(.BOTH.,#11823);
#11823 = SURFACE_SIDE_STYLE('',(#11824));
#11824 = SURFACE_STYLE_FILL_AREA(#11825);
#11825 = FILL_AREA_STYLE('',(#11826));
#11826 = FILL_AREA_STYLE_COLOUR('',#10984);
#11827 = STYLED_ITEM('color',(#11828),#7965);
#11828 = PRESENTATION_STYLE_ASSIGNMENT((#11829));
#11829 = SURFACE_STYLE_USAGE(.BOTH.,#11830);
#11830 = SURFACE_SIDE_STYLE('',(#11831));
#11831 = SURFACE_STYLE_FILL_AREA(#11832);
#11832 = FILL_AREA_STYLE('',(#11833));
#11833 = FILL_AREA_STYLE_COLOUR('',#10984);
#11834 = STYLED_ITEM('color',(#11835),#7982);
#11835 = PRESENTATION_STYLE_ASSIGNMENT((#11836));
#11836 = SURFACE_STYLE_USAGE(.BOTH.,#11837);
#11837 = SURFACE_SIDE_STYLE('',(#11838));
#11838 = SURFACE_STYLE_FILL_AREA(#11839);
#11839 = FILL_AREA_STYLE('',(#11840));
#11840 = FILL_AREA_STYLE_COLOUR('',#10984);
#11841 = STYLED_ITEM('color',(#11842),#7999);
#11842 = PRESENTATION_STYLE_ASSIGNMENT((#11843));
#11843 = SURFACE_STYLE_USAGE(.BOTH.,#11844);
#11844 = SURFACE_SIDE_STYLE('',(#11845));
#11845 = SURFACE_STYLE_FILL_AREA(#11846);
#11846 = FILL_AREA_STYLE('',(#11847));
#11847 = FILL_AREA_STYLE_COLOUR('',#10984);
#11848 = STYLED_ITEM('color',(#11849),#8016);
#11849 = PRESENTATION_STYLE_ASSIGNMENT((#11850));
#11850 = SURFACE_STYLE_USAGE(.BOTH.,#11851);
#11851 = SURFACE_SIDE_STYLE('',(#11852));
#11852 = SURFACE_STYLE_FILL_AREA(#11853);
#11853 = FILL_AREA_STYLE('',(#11854));
#11854 = FILL_AREA_STYLE_COLOUR('',#10984);
#11855 = STYLED_ITEM('color',(#11856),#8033);
#11856 = PRESENTATION_STYLE_ASSIGNMENT((#11857));
#11857 = SURFACE_STYLE_USAGE(.BOTH.,#11858);
#11858 = SURFACE_SIDE_STYLE('',(#11859));
#11859 = SURFACE_STYLE_FILL_AREA(#11860);
#11860 = FILL_AREA_STYLE('',(#11861));
#11861 = FILL_AREA_STYLE_COLOUR('',#10984);
#11862 = STYLED_ITEM('color',(#11863),#8050);
#11863 = PRESENTATION_STYLE_ASSIGNMENT((#11864));
#11864 = SURFACE_STYLE_USAGE(.BOTH.,#11865);
#11865 = SURFACE_SIDE_STYLE('',(#11866));
#11866 = SURFACE_STYLE_FILL_AREA(#11867);
#11867 = FILL_AREA_STYLE('',(#11868));
#11868 = FILL_AREA_STYLE_COLOUR('',#10984);
#11869 = STYLED_ITEM('color',(#11870),#8062);
#11870 = PRESENTATION_STYLE_ASSIGNMENT((#11871));
#11871 = SURFACE_STYLE_USAGE(.BOTH.,#11872);
#11872 = SURFACE_SIDE_STYLE('',(#11873));
#11873 = SURFACE_STYLE_FILL_AREA(#11874);
#11874 = FILL_AREA_STYLE('',(#11875));
#11875 = FILL_AREA_STYLE_COLOUR('',#11876);
#11876 = COLOUR_RGB('',0.859000020776,0.737999965183,0.495999988746);
#11877 = STYLED_ITEM('color',(#11878),#8093);
#11878 = PRESENTATION_STYLE_ASSIGNMENT((#11879));
#11879 = SURFACE_STYLE_USAGE(.BOTH.,#11880);
#11880 = SURFACE_SIDE_STYLE('',(#11881));
#11881 = SURFACE_STYLE_FILL_AREA(#11882);
#11882 = FILL_AREA_STYLE('',(#11883));
#11883 = FILL_AREA_STYLE_COLOUR('',#11876);
#11884 = STYLED_ITEM('color',(#11885),#8117);
#11885 = PRESENTATION_STYLE_ASSIGNMENT((#11886));
#11886 = SURFACE_STYLE_USAGE(.BOTH.,#11887);
#11887 = SURFACE_SIDE_STYLE('',(#11888));
#11888 = SURFACE_STYLE_FILL_AREA(#11889);
#11889 = FILL_AREA_STYLE('',(#11890));
#11890 = FILL_AREA_STYLE_COLOUR('',#11876);
#11891 = STYLED_ITEM('color',(#11892),#8141);
#11892 = PRESENTATION_STYLE_ASSIGNMENT((#11893));
#11893 = SURFACE_STYLE_USAGE(.BOTH.,#11894);
#11894 = SURFACE_SIDE_STYLE('',(#11895));
#11895 = SURFACE_STYLE_FILL_AREA(#11896);
#11896 = FILL_AREA_STYLE('',(#11897));
#11897 = FILL_AREA_STYLE_COLOUR('',#11876);
#11898 = STYLED_ITEM('color',(#11899),#8158);
#11899 = PRESENTATION_STYLE_ASSIGNMENT((#11900));
#11900 = SURFACE_STYLE_USAGE(.BOTH.,#11901);
#11901 = SURFACE_SIDE_STYLE('',(#11902));
#11902 = SURFACE_STYLE_FILL_AREA(#11903);
#11903 = FILL_AREA_STYLE('',(#11904));
#11904 = FILL_AREA_STYLE_COLOUR('',#11876);
#11905 = STYLED_ITEM('color',(#11906),#8189);
#11906 = PRESENTATION_STYLE_ASSIGNMENT((#11907));
#11907 = SURFACE_STYLE_USAGE(.BOTH.,#11908);
#11908 = SURFACE_SIDE_STYLE('',(#11909));
#11909 = SURFACE_STYLE_FILL_AREA(#11910);
#11910 = FILL_AREA_STYLE('',(#11911));
#11911 = FILL_AREA_STYLE_COLOUR('',#11876);
#11912 = STYLED_ITEM('color',(#11913),#8213);
#11913 = PRESENTATION_STYLE_ASSIGNMENT((#11914));
#11914 = SURFACE_STYLE_USAGE(.BOTH.,#11915);
#11915 = SURFACE_SIDE_STYLE('',(#11916));
#11916 = SURFACE_STYLE_FILL_AREA(#11917);
#11917 = FILL_AREA_STYLE('',(#11918));
#11918 = FILL_AREA_STYLE_COLOUR('',#11876);
#11919 = STYLED_ITEM('color',(#11920),#8237);
#11920 = PRESENTATION_STYLE_ASSIGNMENT((#11921));
#11921 = SURFACE_STYLE_USAGE(.BOTH.,#11922);
#11922 = SURFACE_SIDE_STYLE('',(#11923));
#11923 = SURFACE_STYLE_FILL_AREA(#11924);
#11924 = FILL_AREA_STYLE('',(#11925));
#11925 = FILL_AREA_STYLE_COLOUR('',#11876);
#11926 = STYLED_ITEM('color',(#11927),#8254);
#11927 = PRESENTATION_STYLE_ASSIGNMENT((#11928));
#11928 = SURFACE_STYLE_USAGE(.BOTH.,#11929);
#11929 = SURFACE_SIDE_STYLE('',(#11930));
#11930 = SURFACE_STYLE_FILL_AREA(#11931);
#11931 = FILL_AREA_STYLE('',(#11932));
#11932 = FILL_AREA_STYLE_COLOUR('',#11876);
#11933 = STYLED_ITEM('color',(#11934),#8285);
#11934 = PRESENTATION_STYLE_ASSIGNMENT((#11935));
#11935 = SURFACE_STYLE_USAGE(.BOTH.,#11936);
#11936 = SURFACE_SIDE_STYLE('',(#11937));
#11937 = SURFACE_STYLE_FILL_AREA(#11938);
#11938 = FILL_AREA_STYLE('',(#11939));
#11939 = FILL_AREA_STYLE_COLOUR('',#11876);
#11940 = STYLED_ITEM('color',(#11941),#8309);
#11941 = PRESENTATION_STYLE_ASSIGNMENT((#11942));
#11942 = SURFACE_STYLE_USAGE(.BOTH.,#11943);
#11943 = SURFACE_SIDE_STYLE('',(#11944));
#11944 = SURFACE_STYLE_FILL_AREA(#11945);
#11945 = FILL_AREA_STYLE('',(#11946));
#11946 = FILL_AREA_STYLE_COLOUR('',#11876);
#11947 = STYLED_ITEM('color',(#11948),#8333);
#11948 = PRESENTATION_STYLE_ASSIGNMENT((#11949));
#11949 = SURFACE_STYLE_USAGE(.BOTH.,#11950);
#11950 = SURFACE_SIDE_STYLE('',(#11951));
#11951 = SURFACE_STYLE_FILL_AREA(#11952);
#11952 = FILL_AREA_STYLE('',(#11953));
#11953 = FILL_AREA_STYLE_COLOUR('',#11876);
#11954 = STYLED_ITEM('color',(#11955),#8350);
#11955 = PRESENTATION_STYLE_ASSIGNMENT((#11956));
#11956 = SURFACE_STYLE_USAGE(.BOTH.,#11957);
#11957 = SURFACE_SIDE_STYLE('',(#11958));
#11958 = SURFACE_STYLE_FILL_AREA(#11959);
#11959 = FILL_AREA_STYLE('',(#11960));
#11960 = FILL_AREA_STYLE_COLOUR('',#11876);
#11961 = STYLED_ITEM('color',(#11962),#8381);
#11962 = PRESENTATION_STYLE_ASSIGNMENT((#11963));
#11963 = SURFACE_STYLE_USAGE(.BOTH.,#11964);
#11964 = SURFACE_SIDE_STYLE('',(#11965));
#11965 = SURFACE_STYLE_FILL_AREA(#11966);
#11966 = FILL_AREA_STYLE('',(#11967));
#11967 = FILL_AREA_STYLE_COLOUR('',#11876);
#11968 = STYLED_ITEM('color',(#11969),#8405);
#11969 = PRESENTATION_STYLE_ASSIGNMENT((#11970));
#11970 = SURFACE_STYLE_USAGE(.BOTH.,#11971);
#11971 = SURFACE_SIDE_STYLE('',(#11972));
#11972 = SURFACE_STYLE_FILL_AREA(#11973);
#11973 = FILL_AREA_STYLE('',(#11974));
#11974 = FILL_AREA_STYLE_COLOUR('',#11876);
#11975 = STYLED_ITEM('color',(#11976),#8429);
#11976 = PRESENTATION_STYLE_ASSIGNMENT((#11977));
#11977 = SURFACE_STYLE_USAGE(.BOTH.,#11978);
#11978 = SURFACE_SIDE_STYLE('',(#11979));
#11979 = SURFACE_STYLE_FILL_AREA(#11980);
#11980 = FILL_AREA_STYLE('',(#11981));
#11981 = FILL_AREA_STYLE_COLOUR('',#11876);
#11982 = STYLED_ITEM('color',(#11983),#8446);
#11983 = PRESENTATION_STYLE_ASSIGNMENT((#11984));
#11984 = SURFACE_STYLE_USAGE(.BOTH.,#11985);
#11985 = SURFACE_SIDE_STYLE('',(#11986));
#11986 = SURFACE_STYLE_FILL_AREA(#11987);
#11987 = FILL_AREA_STYLE('',(#11988));
#11988 = FILL_AREA_STYLE_COLOUR('',#11876);
#11989 = STYLED_ITEM('color',(#11990),#8477);
#11990 = PRESENTATION_STYLE_ASSIGNMENT((#11991));
#11991 = SURFACE_STYLE_USAGE(.BOTH.,#11992);
#11992 = SURFACE_SIDE_STYLE('',(#11993));
#11993 = SURFACE_STYLE_FILL_AREA(#11994);
#11994 = FILL_AREA_STYLE('',(#11995));
#11995 = FILL_AREA_STYLE_COLOUR('',#11876);
#11996 = STYLED_ITEM('color',(#11997),#8501);
#11997 = PRESENTATION_STYLE_ASSIGNMENT((#11998));
#11998 = SURFACE_STYLE_USAGE(.BOTH.,#11999);
#11999 = SURFACE_SIDE_STYLE('',(#12000));
#12000 = SURFACE_STYLE_FILL_AREA(#12001);
#12001 = FILL_AREA_STYLE('',(#12002));
#12002 = FILL_AREA_STYLE_COLOUR('',#11876);
#12003 = STYLED_ITEM('color',(#12004),#8525);
#12004 = PRESENTATION_STYLE_ASSIGNMENT((#12005));
#12005 = SURFACE_STYLE_USAGE(.BOTH.,#12006);
#12006 = SURFACE_SIDE_STYLE('',(#12007));
#12007 = SURFACE_STYLE_FILL_AREA(#12008);
#12008 = FILL_AREA_STYLE('',(#12009));
#12009 = FILL_AREA_STYLE_COLOUR('',#11876);
#12010 = STYLED_ITEM('color',(#12011),#8542);
#12011 = PRESENTATION_STYLE_ASSIGNMENT((#12012));
#12012 = SURFACE_STYLE_USAGE(.BOTH.,#12013);
#12013 = SURFACE_SIDE_STYLE('',(#12014));
#12014 = SURFACE_STYLE_FILL_AREA(#12015);
#12015 = FILL_AREA_STYLE('',(#12016));
#12016 = FILL_AREA_STYLE_COLOUR('',#11876);
#12017 = STYLED_ITEM('color',(#12018),#8573);
#12018 = PRESENTATION_STYLE_ASSIGNMENT((#12019));
#12019 = SURFACE_STYLE_USAGE(.BOTH.,#12020);
#12020 = SURFACE_SIDE_STYLE('',(#12021));
#12021 = SURFACE_STYLE_FILL_AREA(#12022);
#12022 = FILL_AREA_STYLE('',(#12023));
#12023 = FILL_AREA_STYLE_COLOUR('',#11876);
#12024 = STYLED_ITEM('color',(#12025),#8597);
#12025 = PRESENTATION_STYLE_ASSIGNMENT((#12026));
#12026 = SURFACE_STYLE_USAGE(.BOTH.,#12027);
#12027 = SURFACE_SIDE_STYLE('',(#12028));
#12028 = SURFACE_STYLE_FILL_AREA(#12029);
#12029 = FILL_AREA_STYLE('',(#12030));
#12030 = FILL_AREA_STYLE_COLOUR('',#11876);
#12031 = STYLED_ITEM('color',(#12032),#8621);
#12032 = PRESENTATION_STYLE_ASSIGNMENT((#12033));
#12033 = SURFACE_STYLE_USAGE(.BOTH.,#12034);
#12034 = SURFACE_SIDE_STYLE('',(#12035));
#12035 = SURFACE_STYLE_FILL_AREA(#12036);
#12036 = FILL_AREA_STYLE('',(#12037));
#12037 = FILL_AREA_STYLE_COLOUR('',#11876);
#12038 = STYLED_ITEM('color',(#12039),#8638);
#12039 = PRESENTATION_STYLE_ASSIGNMENT((#12040));
#12040 = SURFACE_STYLE_USAGE(.BOTH.,#12041);
#12041 = SURFACE_SIDE_STYLE('',(#12042));
#12042 = SURFACE_STYLE_FILL_AREA(#12043);
#12043 = FILL_AREA_STYLE('',(#12044));
#12044 = FILL_AREA_STYLE_COLOUR('',#11876);
#12045 = STYLED_ITEM('color',(#12046),#8669);
#12046 = PRESENTATION_STYLE_ASSIGNMENT((#12047));
#12047 = SURFACE_STYLE_USAGE(.BOTH.,#12048);
#12048 = SURFACE_SIDE_STYLE('',(#12049));
#12049 = SURFACE_STYLE_FILL_AREA(#12050);
#12050 = FILL_AREA_STYLE('',(#12051));
#12051 = FILL_AREA_STYLE_COLOUR('',#11876);
#12052 = STYLED_ITEM('color',(#12053),#8693);
#12053 = PRESENTATION_STYLE_ASSIGNMENT((#12054));
#12054 = SURFACE_STYLE_USAGE(.BOTH.,#12055);
#12055 = SURFACE_SIDE_STYLE('',(#12056));
#12056 = SURFACE_STYLE_FILL_AREA(#12057);
#12057 = FILL_AREA_STYLE('',(#12058));
#12058 = FILL_AREA_STYLE_COLOUR('',#11876);
#12059 = STYLED_ITEM('color',(#12060),#8717);
#12060 = PRESENTATION_STYLE_ASSIGNMENT((#12061));
#12061 = SURFACE_STYLE_USAGE(.BOTH.,#12062);
#12062 = SURFACE_SIDE_STYLE('',(#12063));
#12063 = SURFACE_STYLE_FILL_AREA(#12064);
#12064 = FILL_AREA_STYLE('',(#12065));
#12065 = FILL_AREA_STYLE_COLOUR('',#11876);
#12066 = STYLED_ITEM('color',(#12067),#8734);
#12067 = PRESENTATION_STYLE_ASSIGNMENT((#12068));
#12068 = SURFACE_STYLE_USAGE(.BOTH.,#12069);
#12069 = SURFACE_SIDE_STYLE('',(#12070));
#12070 = SURFACE_STYLE_FILL_AREA(#12071);
#12071 = FILL_AREA_STYLE('',(#12072));
#12072 = FILL_AREA_STYLE_COLOUR('',#11876);
#12073 = STYLED_ITEM('color',(#12074),#8765);
#12074 = PRESENTATION_STYLE_ASSIGNMENT((#12075));
#12075 = SURFACE_STYLE_USAGE(.BOTH.,#12076);
#12076 = SURFACE_SIDE_STYLE('',(#12077));
#12077 = SURFACE_STYLE_FILL_AREA(#12078);
#12078 = FILL_AREA_STYLE('',(#12079));
#12079 = FILL_AREA_STYLE_COLOUR('',#11876);
#12080 = STYLED_ITEM('color',(#12081),#8789);
#12081 = PRESENTATION_STYLE_ASSIGNMENT((#12082));
#12082 = SURFACE_STYLE_USAGE(.BOTH.,#12083);
#12083 = SURFACE_SIDE_STYLE('',(#12084));
#12084 = SURFACE_STYLE_FILL_AREA(#12085);
#12085 = FILL_AREA_STYLE('',(#12086));
#12086 = FILL_AREA_STYLE_COLOUR('',#11876);
#12087 = STYLED_ITEM('color',(#12088),#8813);
#12088 = PRESENTATION_STYLE_ASSIGNMENT((#12089));
#12089 = SURFACE_STYLE_USAGE(.BOTH.,#12090);
#12090 = SURFACE_SIDE_STYLE('',(#12091));
#12091 = SURFACE_STYLE_FILL_AREA(#12092);
#12092 = FILL_AREA_STYLE('',(#12093));
#12093 = FILL_AREA_STYLE_COLOUR('',#11876);
#12094 = STYLED_ITEM('color',(#12095),#8830);
#12095 = PRESENTATION_STYLE_ASSIGNMENT((#12096));
#12096 = SURFACE_STYLE_USAGE(.BOTH.,#12097);
#12097 = SURFACE_SIDE_STYLE('',(#12098));
#12098 = SURFACE_STYLE_FILL_AREA(#12099);
#12099 = FILL_AREA_STYLE('',(#12100));
#12100 = FILL_AREA_STYLE_COLOUR('',#11876);
#12101 = STYLED_ITEM('color',(#12102),#8861);
#12102 = PRESENTATION_STYLE_ASSIGNMENT((#12103));
#12103 = SURFACE_STYLE_USAGE(.BOTH.,#12104);
#12104 = SURFACE_SIDE_STYLE('',(#12105));
#12105 = SURFACE_STYLE_FILL_AREA(#12106);
#12106 = FILL_AREA_STYLE('',(#12107));
#12107 = FILL_AREA_STYLE_COLOUR('',#11876);
#12108 = STYLED_ITEM('color',(#12109),#8885);
#12109 = PRESENTATION_STYLE_ASSIGNMENT((#12110));
#12110 = SURFACE_STYLE_USAGE(.BOTH.,#12111);
#12111 = SURFACE_SIDE_STYLE('',(#12112));
#12112 = SURFACE_STYLE_FILL_AREA(#12113);
#12113 = FILL_AREA_STYLE('',(#12114));
#12114 = FILL_AREA_STYLE_COLOUR('',#11876);
#12115 = STYLED_ITEM('color',(#12116),#8909);
#12116 = PRESENTATION_STYLE_ASSIGNMENT((#12117));
#12117 = SURFACE_STYLE_USAGE(.BOTH.,#12118);
#12118 = SURFACE_SIDE_STYLE('',(#12119));
#12119 = SURFACE_STYLE_FILL_AREA(#12120);
#12120 = FILL_AREA_STYLE('',(#12121));
#12121 = FILL_AREA_STYLE_COLOUR('',#11876);
#12122 = STYLED_ITEM('color',(#12123),#8926);
#12123 = PRESENTATION_STYLE_ASSIGNMENT((#12124));
#12124 = SURFACE_STYLE_USAGE(.BOTH.,#12125);
#12125 = SURFACE_SIDE_STYLE('',(#12126));
#12126 = SURFACE_STYLE_FILL_AREA(#12127);
#12127 = FILL_AREA_STYLE('',(#12128));
#12128 = FILL_AREA_STYLE_COLOUR('',#11876);
#12129 = STYLED_ITEM('color',(#12130),#8957);
#12130 = PRESENTATION_STYLE_ASSIGNMENT((#12131));
#12131 = SURFACE_STYLE_USAGE(.BOTH.,#12132);
#12132 = SURFACE_SIDE_STYLE('',(#12133));
#12133 = SURFACE_STYLE_FILL_AREA(#12134);
#12134 = FILL_AREA_STYLE('',(#12135));
#12135 = FILL_AREA_STYLE_COLOUR('',#11876);
#12136 = STYLED_ITEM('color',(#12137),#8981);
#12137 = PRESENTATION_STYLE_ASSIGNMENT((#12138));
#12138 = SURFACE_STYLE_USAGE(.BOTH.,#12139);
#12139 = SURFACE_SIDE_STYLE('',(#12140));
#12140 = SURFACE_STYLE_FILL_AREA(#12141);
#12141 = FILL_AREA_STYLE('',(#12142));
#12142 = FILL_AREA_STYLE_COLOUR('',#11876);
#12143 = STYLED_ITEM('color',(#12144),#9005);
#12144 = PRESENTATION_STYLE_ASSIGNMENT((#12145));
#12145 = SURFACE_STYLE_USAGE(.BOTH.,#12146);
#12146 = SURFACE_SIDE_STYLE('',(#12147));
#12147 = SURFACE_STYLE_FILL_AREA(#12148);
#12148 = FILL_AREA_STYLE('',(#12149));
#12149 = FILL_AREA_STYLE_COLOUR('',#11876);
#12150 = STYLED_ITEM('color',(#12151),#9022);
#12151 = PRESENTATION_STYLE_ASSIGNMENT((#12152));
#12152 = SURFACE_STYLE_USAGE(.BOTH.,#12153);
#12153 = SURFACE_SIDE_STYLE('',(#12154));
#12154 = SURFACE_STYLE_FILL_AREA(#12155);
#12155 = FILL_AREA_STYLE('',(#12156));
#12156 = FILL_AREA_STYLE_COLOUR('',#11876);
#12157 = STYLED_ITEM('color',(#12158),#9053);
#12158 = PRESENTATION_STYLE_ASSIGNMENT((#12159));
#12159 = SURFACE_STYLE_USAGE(.BOTH.,#12160);
#12160 = SURFACE_SIDE_STYLE('',(#12161));
#12161 = SURFACE_STYLE_FILL_AREA(#12162);
#12162 = FILL_AREA_STYLE('',(#12163));
#12163 = FILL_AREA_STYLE_COLOUR('',#11876);
#12164 = STYLED_ITEM('color',(#12165),#9077);
#12165 = PRESENTATION_STYLE_ASSIGNMENT((#12166));
#12166 = SURFACE_STYLE_USAGE(.BOTH.,#12167);
#12167 = SURFACE_SIDE_STYLE('',(#12168));
#12168 = SURFACE_STYLE_FILL_AREA(#12169);
#12169 = FILL_AREA_STYLE('',(#12170));
#12170 = FILL_AREA_STYLE_COLOUR('',#11876);
#12171 = STYLED_ITEM('color',(#12172),#9101);
#12172 = PRESENTATION_STYLE_ASSIGNMENT((#12173));
#12173 = SURFACE_STYLE_USAGE(.BOTH.,#12174);
#12174 = SURFACE_SIDE_STYLE('',(#12175));
#12175 = SURFACE_STYLE_FILL_AREA(#12176);
#12176 = FILL_AREA_STYLE('',(#12177));
#12177 = FILL_AREA_STYLE_COLOUR('',#11876);
#12178 = STYLED_ITEM('color',(#12179),#9118);
#12179 = PRESENTATION_STYLE_ASSIGNMENT((#12180));
#12180 = SURFACE_STYLE_USAGE(.BOTH.,#12181);
#12181 = SURFACE_SIDE_STYLE('',(#12182));
#12182 = SURFACE_STYLE_FILL_AREA(#12183);
#12183 = FILL_AREA_STYLE('',(#12184));
#12184 = FILL_AREA_STYLE_COLOUR('',#11876);
#12185 = STYLED_ITEM('color',(#12186),#9149);
#12186 = PRESENTATION_STYLE_ASSIGNMENT((#12187));
#12187 = SURFACE_STYLE_USAGE(.BOTH.,#12188);
#12188 = SURFACE_SIDE_STYLE('',(#12189));
#12189 = SURFACE_STYLE_FILL_AREA(#12190);
#12190 = FILL_AREA_STYLE('',(#12191));
#12191 = FILL_AREA_STYLE_COLOUR('',#11876);
#12192 = STYLED_ITEM('color',(#12193),#9173);
#12193 = PRESENTATION_STYLE_ASSIGNMENT((#12194));
#12194 = SURFACE_STYLE_USAGE(.BOTH.,#12195);
#12195 = SURFACE_SIDE_STYLE('',(#12196));
#12196 = SURFACE_STYLE_FILL_AREA(#12197);
#12197 = FILL_AREA_STYLE('',(#12198));
#12198 = FILL_AREA_STYLE_COLOUR('',#11876);
#12199 = STYLED_ITEM('color',(#12200),#9197);
#12200 = PRESENTATION_STYLE_ASSIGNMENT((#12201));
#12201 = SURFACE_STYLE_USAGE(.BOTH.,#12202);
#12202 = SURFACE_SIDE_STYLE('',(#12203));
#12203 = SURFACE_STYLE_FILL_AREA(#12204);
#12204 = FILL_AREA_STYLE('',(#12205));
#12205 = FILL_AREA_STYLE_COLOUR('',#11876);
#12206 = STYLED_ITEM('color',(#12207),#9214);
#12207 = PRESENTATION_STYLE_ASSIGNMENT((#12208));
#12208 = SURFACE_STYLE_USAGE(.BOTH.,#12209);
#12209 = SURFACE_SIDE_STYLE('',(#12210));
#12210 = SURFACE_STYLE_FILL_AREA(#12211);
#12211 = FILL_AREA_STYLE('',(#12212));
#12212 = FILL_AREA_STYLE_COLOUR('',#11876);
#12213 = STYLED_ITEM('color',(#12214),#9226);
#12214 = PRESENTATION_STYLE_ASSIGNMENT((#12215));
#12215 = SURFACE_STYLE_USAGE(.BOTH.,#12216);
#12216 = SURFACE_SIDE_STYLE('',(#12217));
#12217 = SURFACE_STYLE_FILL_AREA(#12218);
#12218 = FILL_AREA_STYLE('',(#12219));
#12219 = FILL_AREA_STYLE_COLOUR('',#11876);
#12220 = STYLED_ITEM('color',(#12221),#9238);
#12221 = PRESENTATION_STYLE_ASSIGNMENT((#12222));
#12222 = SURFACE_STYLE_USAGE(.BOTH.,#12223);
#12223 = SURFACE_SIDE_STYLE('',(#12224));
#12224 = SURFACE_STYLE_FILL_AREA(#12225);
#12225 = FILL_AREA_STYLE('',(#12226));
#12226 = FILL_AREA_STYLE_COLOUR('',#11876);
#12227 = STYLED_ITEM('color',(#12228),#9250);
#12228 = PRESENTATION_STYLE_ASSIGNMENT((#12229));
#12229 = SURFACE_STYLE_USAGE(.BOTH.,#12230);
#12230 = SURFACE_SIDE_STYLE('',(#12231));
#12231 = SURFACE_STYLE_FILL_AREA(#12232);
#12232 = FILL_AREA_STYLE('',(#12233));
#12233 = FILL_AREA_STYLE_COLOUR('',#11876);
#12234 = STYLED_ITEM('color',(#12235),#9262);
#12235 = PRESENTATION_STYLE_ASSIGNMENT((#12236));
#12236 = SURFACE_STYLE_USAGE(.BOTH.,#12237);
#12237 = SURFACE_SIDE_STYLE('',(#12238));
#12238 = SURFACE_STYLE_FILL_AREA(#12239);
#12239 = FILL_AREA_STYLE('',(#12240));
#12240 = FILL_AREA_STYLE_COLOUR('',#11876);
#12241 = STYLED_ITEM('color',(#12242),#9274);
#12242 = PRESENTATION_STYLE_ASSIGNMENT((#12243));
#12243 = SURFACE_STYLE_USAGE(.BOTH.,#12244);
#12244 = SURFACE_SIDE_STYLE('',(#12245));
#12245 = SURFACE_STYLE_FILL_AREA(#12246);
#12246 = FILL_AREA_STYLE('',(#12247));
#12247 = FILL_AREA_STYLE_COLOUR('',#11876);
#12248 = MECHANICAL_DESIGN_GEOMETRIC_PRESENTATION_REPRESENTATION('',(
    #12249),#10965);
#12249 = STYLED_ITEM('color',(#12250),#9310);
#12250 = PRESENTATION_STYLE_ASSIGNMENT((#12251));
#12251 = SURFACE_STYLE_USAGE(.BOTH.,#12252);
#12252 = SURFACE_SIDE_STYLE('',(#12253));
#12253 = SURFACE_STYLE_FILL_AREA(#12254);
#12254 = FILL_AREA_STYLE('',(#12255));
#12255 = FILL_AREA_STYLE_COLOUR('',#12256);
#12256 = COLOUR_RGB('',0.313304153717,0.484529207832,0.410020903123);
#12257 = MECHANICAL_DESIGN_GEOMETRIC_PRESENTATION_REPRESENTATION('',(
    #12258,#12265,#12272,#12279,#12286,#12293,#12300,#12307,#12314,
    #12321,#12328,#12335,#12342,#12349,#12356,#12363,#12370,#12377,
    #12384,#12391,#12398,#12405,#12412,#12419,#12426,#12433,#12440,
    #12447,#12454,#12461,#12468,#12475,#12482,#12489,#12496,#12503,
    #12510,#12517,#12524,#12531,#12538,#12545,#12552,#12559,#12566,
    #12573,#12580,#12587,#12594,#12601,#12608,#12615),#1493);
#12258 = STYLED_ITEM('color',(#12259),#63);
#12259 = PRESENTATION_STYLE_ASSIGNMENT((#12260));
#12260 = SURFACE_STYLE_USAGE(.BOTH.,#12261);
#12261 = SURFACE_SIDE_STYLE('',(#12262));
#12262 = SURFACE_STYLE_FILL_AREA(#12263);
#12263 = FILL_AREA_STYLE('',(#12264));
#12264 = FILL_AREA_STYLE_COLOUR('',#10984);
#12265 = STYLED_ITEM('color',(#12266),#103);
#12266 = PRESENTATION_STYLE_ASSIGNMENT((#12267));
#12267 = SURFACE_STYLE_USAGE(.BOTH.,#12268);
#12268 = SURFACE_SIDE_STYLE('',(#12269));
#12269 = SURFACE_STYLE_FILL_AREA(#12270);
#12270 = FILL_AREA_STYLE('',(#12271));
#12271 = FILL_AREA_STYLE_COLOUR('',#10984);
#12272 = STYLED_ITEM('color',(#12273),#134);
#12273 = PRESENTATION_STYLE_ASSIGNMENT((#12274));
#12274 = SURFACE_STYLE_USAGE(.BOTH.,#12275);
#12275 = SURFACE_SIDE_STYLE('',(#12276));
#12276 = SURFACE_STYLE_FILL_AREA(#12277);
#12277 = FILL_AREA_STYLE('',(#12278));
#12278 = FILL_AREA_STYLE_COLOUR('',#10984);
#12279 = STYLED_ITEM('color',(#12280),#165);
#12280 = PRESENTATION_STYLE_ASSIGNMENT((#12281));
#12281 = SURFACE_STYLE_USAGE(.BOTH.,#12282);
#12282 = SURFACE_SIDE_STYLE('',(#12283));
#12283 = SURFACE_STYLE_FILL_AREA(#12284);
#12284 = FILL_AREA_STYLE('',(#12285));
#12285 = FILL_AREA_STYLE_COLOUR('',#10984);
#12286 = STYLED_ITEM('color',(#12287),#330);
#12287 = PRESENTATION_STYLE_ASSIGNMENT((#12288));
#12288 = SURFACE_STYLE_USAGE(.BOTH.,#12289);
#12289 = SURFACE_SIDE_STYLE('',(#12290));
#12290 = SURFACE_STYLE_FILL_AREA(#12291);
#12291 = FILL_AREA_STYLE('',(#12292));
#12292 = FILL_AREA_STYLE_COLOUR('',#10984);
#12293 = STYLED_ITEM('color',(#12294),#495);
#12294 = PRESENTATION_STYLE_ASSIGNMENT((#12295));
#12295 = SURFACE_STYLE_USAGE(.BOTH.,#12296);
#12296 = SURFACE_SIDE_STYLE('',(#12297));
#12297 = SURFACE_STYLE_FILL_AREA(#12298);
#12298 = FILL_AREA_STYLE('',(#12299));
#12299 = FILL_AREA_STYLE_COLOUR('',#10984);
#12300 = STYLED_ITEM('color',(#12301),#512);
#12301 = PRESENTATION_STYLE_ASSIGNMENT((#12302));
#12302 = SURFACE_STYLE_USAGE(.BOTH.,#12303);
#12303 = SURFACE_SIDE_STYLE('',(#12304));
#12304 = SURFACE_STYLE_FILL_AREA(#12305);
#12305 = FILL_AREA_STYLE('',(#12306));
#12306 = FILL_AREA_STYLE_COLOUR('',#10984);
#12307 = STYLED_ITEM('color',(#12308),#529);
#12308 = PRESENTATION_STYLE_ASSIGNMENT((#12309));
#12309 = SURFACE_STYLE_USAGE(.BOTH.,#12310);
#12310 = SURFACE_SIDE_STYLE('',(#12311));
#12311 = SURFACE_STYLE_FILL_AREA(#12312);
#12312 = FILL_AREA_STYLE('',(#12313));
#12313 = FILL_AREA_STYLE_COLOUR('',#10984);
#12314 = STYLED_ITEM('color',(#12315),#546);
#12315 = PRESENTATION_STYLE_ASSIGNMENT((#12316));
#12316 = SURFACE_STYLE_USAGE(.BOTH.,#12317);
#12317 = SURFACE_SIDE_STYLE('',(#12318));
#12318 = SURFACE_STYLE_FILL_AREA(#12319);
#12319 = FILL_AREA_STYLE('',(#12320));
#12320 = FILL_AREA_STYLE_COLOUR('',#10984);
#12321 = STYLED_ITEM('color',(#12322),#563);
#12322 = PRESENTATION_STYLE_ASSIGNMENT((#12323));
#12323 = SURFACE_STYLE_USAGE(.BOTH.,#12324);
#12324 = SURFACE_SIDE_STYLE('',(#12325));
#12325 = SURFACE_STYLE_FILL_AREA(#12326);
#12326 = FILL_AREA_STYLE('',(#12327));
#12327 = FILL_AREA_STYLE_COLOUR('',#10984);
#12328 = STYLED_ITEM('color',(#12329),#580);
#12329 = PRESENTATION_STYLE_ASSIGNMENT((#12330));
#12330 = SURFACE_STYLE_USAGE(.BOTH.,#12331);
#12331 = SURFACE_SIDE_STYLE('',(#12332));
#12332 = SURFACE_STYLE_FILL_AREA(#12333);
#12333 = FILL_AREA_STYLE('',(#12334));
#12334 = FILL_AREA_STYLE_COLOUR('',#10984);
#12335 = STYLED_ITEM('color',(#12336),#597);
#12336 = PRESENTATION_STYLE_ASSIGNMENT((#12337));
#12337 = SURFACE_STYLE_USAGE(.BOTH.,#12338);
#12338 = SURFACE_SIDE_STYLE('',(#12339));
#12339 = SURFACE_STYLE_FILL_AREA(#12340);
#12340 = FILL_AREA_STYLE('',(#12341));
#12341 = FILL_AREA_STYLE_COLOUR('',#10984);
#12342 = STYLED_ITEM('color',(#12343),#614);
#12343 = PRESENTATION_STYLE_ASSIGNMENT((#12344));
#12344 = SURFACE_STYLE_USAGE(.BOTH.,#12345);
#12345 = SURFACE_SIDE_STYLE('',(#12346));
#12346 = SURFACE_STYLE_FILL_AREA(#12347);
#12347 = FILL_AREA_STYLE('',(#12348));
#12348 = FILL_AREA_STYLE_COLOUR('',#10984);
#12349 = STYLED_ITEM('color',(#12350),#631);
#12350 = PRESENTATION_STYLE_ASSIGNMENT((#12351));
#12351 = SURFACE_STYLE_USAGE(.BOTH.,#12352);
#12352 = SURFACE_SIDE_STYLE('',(#12353));
#12353 = SURFACE_STYLE_FILL_AREA(#12354);
#12354 = FILL_AREA_STYLE('',(#12355));
#12355 = FILL_AREA_STYLE_COLOUR('',#10984);
#12356 = STYLED_ITEM('color',(#12357),#648);
#12357 = PRESENTATION_STYLE_ASSIGNMENT((#12358));
#12358 = SURFACE_STYLE_USAGE(.BOTH.,#12359);
#12359 = SURFACE_SIDE_STYLE('',(#12360));
#12360 = SURFACE_STYLE_FILL_AREA(#12361);
#12361 = FILL_AREA_STYLE('',(#12362));
#12362 = FILL_AREA_STYLE_COLOUR('',#10984);
#12363 = STYLED_ITEM('color',(#12364),#665);
#12364 = PRESENTATION_STYLE_ASSIGNMENT((#12365));
#12365 = SURFACE_STYLE_USAGE(.BOTH.,#12366);
#12366 = SURFACE_SIDE_STYLE('',(#12367));
#12367 = SURFACE_STYLE_FILL_AREA(#12368);
#12368 = FILL_AREA_STYLE('',(#12369));
#12369 = FILL_AREA_STYLE_COLOUR('',#10984);
#12370 = STYLED_ITEM('color',(#12371),#677);
#12371 = PRESENTATION_STYLE_ASSIGNMENT((#12372));
#12372 = SURFACE_STYLE_USAGE(.BOTH.,#12373);
#12373 = SURFACE_SIDE_STYLE('',(#12374));
#12374 = SURFACE_STYLE_FILL_AREA(#12375);
#12375 = FILL_AREA_STYLE('',(#12376));
#12376 = FILL_AREA_STYLE_COLOUR('',#11876);
#12377 = STYLED_ITEM('color',(#12378),#708);
#12378 = PRESENTATION_STYLE_ASSIGNMENT((#12379));
#12379 = SURFACE_STYLE_USAGE(.BOTH.,#12380);
#12380 = SURFACE_SIDE_STYLE('',(#12381));
#12381 = SURFACE_STYLE_FILL_AREA(#12382);
#12382 = FILL_AREA_STYLE('',(#12383));
#12383 = FILL_AREA_STYLE_COLOUR('',#11876);
#12384 = STYLED_ITEM('color',(#12385),#732);
#12385 = PRESENTATION_STYLE_ASSIGNMENT((#12386));
#12386 = SURFACE_STYLE_USAGE(.BOTH.,#12387);
#12387 = SURFACE_SIDE_STYLE('',(#12388));
#12388 = SURFACE_STYLE_FILL_AREA(#12389);
#12389 = FILL_AREA_STYLE('',(#12390));
#12390 = FILL_AREA_STYLE_COLOUR('',#11876);
#12391 = STYLED_ITEM('color',(#12392),#756);
#12392 = PRESENTATION_STYLE_ASSIGNMENT((#12393));
#12393 = SURFACE_STYLE_USAGE(.BOTH.,#12394);
#12394 = SURFACE_SIDE_STYLE('',(#12395));
#12395 = SURFACE_STYLE_FILL_AREA(#12396);
#12396 = FILL_AREA_STYLE('',(#12397));
#12397 = FILL_AREA_STYLE_COLOUR('',#11876);
#12398 = STYLED_ITEM('color',(#12399),#773);
#12399 = PRESENTATION_STYLE_ASSIGNMENT((#12400));
#12400 = SURFACE_STYLE_USAGE(.BOTH.,#12401);
#12401 = SURFACE_SIDE_STYLE('',(#12402));
#12402 = SURFACE_STYLE_FILL_AREA(#12403);
#12403 = FILL_AREA_STYLE('',(#12404));
#12404 = FILL_AREA_STYLE_COLOUR('',#11876);
#12405 = STYLED_ITEM('color',(#12406),#804);
#12406 = PRESENTATION_STYLE_ASSIGNMENT((#12407));
#12407 = SURFACE_STYLE_USAGE(.BOTH.,#12408);
#12408 = SURFACE_SIDE_STYLE('',(#12409));
#12409 = SURFACE_STYLE_FILL_AREA(#12410);
#12410 = FILL_AREA_STYLE('',(#12411));
#12411 = FILL_AREA_STYLE_COLOUR('',#11876);
#12412 = STYLED_ITEM('color',(#12413),#828);
#12413 = PRESENTATION_STYLE_ASSIGNMENT((#12414));
#12414 = SURFACE_STYLE_USAGE(.BOTH.,#12415);
#12415 = SURFACE_SIDE_STYLE('',(#12416));
#12416 = SURFACE_STYLE_FILL_AREA(#12417);
#12417 = FILL_AREA_STYLE('',(#12418));
#12418 = FILL_AREA_STYLE_COLOUR('',#11876);
#12419 = STYLED_ITEM('color',(#12420),#852);
#12420 = PRESENTATION_STYLE_ASSIGNMENT((#12421));
#12421 = SURFACE_STYLE_USAGE(.BOTH.,#12422);
#12422 = SURFACE_SIDE_STYLE('',(#12423));
#12423 = SURFACE_STYLE_FILL_AREA(#12424);
#12424 = FILL_AREA_STYLE('',(#12425));
#12425 = FILL_AREA_STYLE_COLOUR('',#11876);
#12426 = STYLED_ITEM('color',(#12427),#869);
#12427 = PRESENTATION_STYLE_ASSIGNMENT((#12428));
#12428 = SURFACE_STYLE_USAGE(.BOTH.,#12429);
#12429 = SURFACE_SIDE_STYLE('',(#12430));
#12430 = SURFACE_STYLE_FILL_AREA(#12431);
#12431 = FILL_AREA_STYLE('',(#12432));
#12432 = FILL_AREA_STYLE_COLOUR('',#11876);
#12433 = STYLED_ITEM('color',(#12434),#900);
#12434 = PRESENTATION_STYLE_ASSIGNMENT((#12435));
#12435 = SURFACE_STYLE_USAGE(.BOTH.,#12436);
#12436 = SURFACE_SIDE_STYLE('',(#12437));
#12437 = SURFACE_STYLE_FILL_AREA(#12438);
#12438 = FILL_AREA_STYLE('',(#12439));
#12439 = FILL_AREA_STYLE_COLOUR('',#11876);
#12440 = STYLED_ITEM('color',(#12441),#924);
#12441 = PRESENTATION_STYLE_ASSIGNMENT((#12442));
#12442 = SURFACE_STYLE_USAGE(.BOTH.,#12443);
#12443 = SURFACE_SIDE_STYLE('',(#12444));
#12444 = SURFACE_STYLE_FILL_AREA(#12445);
#12445 = FILL_AREA_STYLE('',(#12446));
#12446 = FILL_AREA_STYLE_COLOUR('',#11876);
#12447 = STYLED_ITEM('color',(#12448),#948);
#12448 = PRESENTATION_STYLE_ASSIGNMENT((#12449));
#12449 = SURFACE_STYLE_USAGE(.BOTH.,#12450);
#12450 = SURFACE_SIDE_STYLE('',(#12451));
#12451 = SURFACE_STYLE_FILL_AREA(#12452);
#12452 = FILL_AREA_STYLE('',(#12453));
#12453 = FILL_AREA_STYLE_COLOUR('',#11876);
#12454 = STYLED_ITEM('color',(#12455),#965);
#12455 = PRESENTATION_STYLE_ASSIGNMENT((#12456));
#12456 = SURFACE_STYLE_USAGE(.BOTH.,#12457);
#12457 = SURFACE_SIDE_STYLE('',(#12458));
#12458 = SURFACE_STYLE_FILL_AREA(#12459);
#12459 = FILL_AREA_STYLE('',(#12460));
#12460 = FILL_AREA_STYLE_COLOUR('',#11876);
#12461 = STYLED_ITEM('color',(#12462),#996);
#12462 = PRESENTATION_STYLE_ASSIGNMENT((#12463));
#12463 = SURFACE_STYLE_USAGE(.BOTH.,#12464);
#12464 = SURFACE_SIDE_STYLE('',(#12465));
#12465 = SURFACE_STYLE_FILL_AREA(#12466);
#12466 = FILL_AREA_STYLE('',(#12467));
#12467 = FILL_AREA_STYLE_COLOUR('',#11876);
#12468 = STYLED_ITEM('color',(#12469),#1020);
#12469 = PRESENTATION_STYLE_ASSIGNMENT((#12470));
#12470 = SURFACE_STYLE_USAGE(.BOTH.,#12471);
#12471 = SURFACE_SIDE_STYLE('',(#12472));
#12472 = SURFACE_STYLE_FILL_AREA(#12473);
#12473 = FILL_AREA_STYLE('',(#12474));
#12474 = FILL_AREA_STYLE_COLOUR('',#11876);
#12475 = STYLED_ITEM('color',(#12476),#1044);
#12476 = PRESENTATION_STYLE_ASSIGNMENT((#12477));
#12477 = SURFACE_STYLE_USAGE(.BOTH.,#12478);
#12478 = SURFACE_SIDE_STYLE('',(#12479));
#12479 = SURFACE_STYLE_FILL_AREA(#12480);
#12480 = FILL_AREA_STYLE('',(#12481));
#12481 = FILL_AREA_STYLE_COLOUR('',#11876);
#12482 = STYLED_ITEM('color',(#12483),#1061);
#12483 = PRESENTATION_STYLE_ASSIGNMENT((#12484));
#12484 = SURFACE_STYLE_USAGE(.BOTH.,#12485);
#12485 = SURFACE_SIDE_STYLE('',(#12486));
#12486 = SURFACE_STYLE_FILL_AREA(#12487);
#12487 = FILL_AREA_STYLE('',(#12488));
#12488 = FILL_AREA_STYLE_COLOUR('',#11876);
#12489 = STYLED_ITEM('color',(#12490),#1092);
#12490 = PRESENTATION_STYLE_ASSIGNMENT((#12491));
#12491 = SURFACE_STYLE_USAGE(.BOTH.,#12492);
#12492 = SURFACE_SIDE_STYLE('',(#12493));
#12493 = SURFACE_STYLE_FILL_AREA(#12494);
#12494 = FILL_AREA_STYLE('',(#12495));
#12495 = FILL_AREA_STYLE_COLOUR('',#11876);
#12496 = STYLED_ITEM('color',(#12497),#1116);
#12497 = PRESENTATION_STYLE_ASSIGNMENT((#12498));
#12498 = SURFACE_STYLE_USAGE(.BOTH.,#12499);
#12499 = SURFACE_SIDE_STYLE('',(#12500));
#12500 = SURFACE_STYLE_FILL_AREA(#12501);
#12501 = FILL_AREA_STYLE('',(#12502));
#12502 = FILL_AREA_STYLE_COLOUR('',#11876);
#12503 = STYLED_ITEM('color',(#12504),#1140);
#12504 = PRESENTATION_STYLE_ASSIGNMENT((#12505));
#12505 = SURFACE_STYLE_USAGE(.BOTH.,#12506);
#12506 = SURFACE_SIDE_STYLE('',(#12507));
#12507 = SURFACE_STYLE_FILL_AREA(#12508);
#12508 = FILL_AREA_STYLE('',(#12509));
#12509 = FILL_AREA_STYLE_COLOUR('',#11876);
#12510 = STYLED_ITEM('color',(#12511),#1157);
#12511 = PRESENTATION_STYLE_ASSIGNMENT((#12512));
#12512 = SURFACE_STYLE_USAGE(.BOTH.,#12513);
#12513 = SURFACE_SIDE_STYLE('',(#12514));
#12514 = SURFACE_STYLE_FILL_AREA(#12515);
#12515 = FILL_AREA_STYLE('',(#12516));
#12516 = FILL_AREA_STYLE_COLOUR('',#11876);
#12517 = STYLED_ITEM('color',(#12518),#1188);
#12518 = PRESENTATION_STYLE_ASSIGNMENT((#12519));
#12519 = SURFACE_STYLE_USAGE(.BOTH.,#12520);
#12520 = SURFACE_SIDE_STYLE('',(#12521));
#12521 = SURFACE_STYLE_FILL_AREA(#12522);
#12522 = FILL_AREA_STYLE('',(#12523));
#12523 = FILL_AREA_STYLE_COLOUR('',#11876);
#12524 = STYLED_ITEM('color',(#12525),#1212);
#12525 = PRESENTATION_STYLE_ASSIGNMENT((#12526));
#12526 = SURFACE_STYLE_USAGE(.BOTH.,#12527);
#12527 = SURFACE_SIDE_STYLE('',(#12528));
#12528 = SURFACE_STYLE_FILL_AREA(#12529);
#12529 = FILL_AREA_STYLE('',(#12530));
#12530 = FILL_AREA_STYLE_COLOUR('',#11876);
#12531 = STYLED_ITEM('color',(#12532),#1236);
#12532 = PRESENTATION_STYLE_ASSIGNMENT((#12533));
#12533 = SURFACE_STYLE_USAGE(.BOTH.,#12534);
#12534 = SURFACE_SIDE_STYLE('',(#12535));
#12535 = SURFACE_STYLE_FILL_AREA(#12536);
#12536 = FILL_AREA_STYLE('',(#12537));
#12537 = FILL_AREA_STYLE_COLOUR('',#11876);
#12538 = STYLED_ITEM('color',(#12539),#1253);
#12539 = PRESENTATION_STYLE_ASSIGNMENT((#12540));
#12540 = SURFACE_STYLE_USAGE(.BOTH.,#12541);
#12541 = SURFACE_SIDE_STYLE('',(#12542));
#12542 = SURFACE_STYLE_FILL_AREA(#12543);
#12543 = FILL_AREA_STYLE('',(#12544));
#12544 = FILL_AREA_STYLE_COLOUR('',#11876);
#12545 = STYLED_ITEM('color',(#12546),#1284);
#12546 = PRESENTATION_STYLE_ASSIGNMENT((#12547));
#12547 = SURFACE_STYLE_USAGE(.BOTH.,#12548);
#12548 = SURFACE_SIDE_STYLE('',(#12549));
#12549 = SURFACE_STYLE_FILL_AREA(#12550);
#12550 = FILL_AREA_STYLE('',(#12551));
#12551 = FILL_AREA_STYLE_COLOUR('',#11876);
#12552 = STYLED_ITEM('color',(#12553),#1308);
#12553 = PRESENTATION_STYLE_ASSIGNMENT((#12554));
#12554 = SURFACE_STYLE_USAGE(.BOTH.,#12555);
#12555 = SURFACE_SIDE_STYLE('',(#12556));
#12556 = SURFACE_STYLE_FILL_AREA(#12557);
#12557 = FILL_AREA_STYLE('',(#12558));
#12558 = FILL_AREA_STYLE_COLOUR('',#11876);
#12559 = STYLED_ITEM('color',(#12560),#1332);
#12560 = PRESENTATION_STYLE_ASSIGNMENT((#12561));
#12561 = SURFACE_STYLE_USAGE(.BOTH.,#12562);
#12562 = SURFACE_SIDE_STYLE('',(#12563));
#12563 = SURFACE_STYLE_FILL_AREA(#12564);
#12564 = FILL_AREA_STYLE('',(#12565));
#12565 = FILL_AREA_STYLE_COLOUR('',#11876);
#12566 = STYLED_ITEM('color',(#12567),#1349);
#12567 = PRESENTATION_STYLE_ASSIGNMENT((#12568));
#12568 = SURFACE_STYLE_USAGE(.BOTH.,#12569);
#12569 = SURFACE_SIDE_STYLE('',(#12570));
#12570 = SURFACE_STYLE_FILL_AREA(#12571);
#12571 = FILL_AREA_STYLE('',(#12572));
#12572 = FILL_AREA_STYLE_COLOUR('',#11876);
#12573 = STYLED_ITEM('color',(#12574),#1380);
#12574 = PRESENTATION_STYLE_ASSIGNMENT((#12575));
#12575 = SURFACE_STYLE_USAGE(.BOTH.,#12576);
#12576 = SURFACE_SIDE_STYLE('',(#12577));
#12577 = SURFACE_STYLE_FILL_AREA(#12578);
#12578 = FILL_AREA_STYLE('',(#12579));
#12579 = FILL_AREA_STYLE_COLOUR('',#11876);
#12580 = STYLED_ITEM('color',(#12581),#1404);
#12581 = PRESENTATION_STYLE_ASSIGNMENT((#12582));
#12582 = SURFACE_STYLE_USAGE(.BOTH.,#12583);
#12583 = SURFACE_SIDE_STYLE('',(#12584));
#12584 = SURFACE_STYLE_FILL_AREA(#12585);
#12585 = FILL_AREA_STYLE('',(#12586));
#12586 = FILL_AREA_STYLE_COLOUR('',#11876);
#12587 = STYLED_ITEM('color',(#12588),#1428);
#12588 = PRESENTATION_STYLE_ASSIGNMENT((#12589));
#12589 = SURFACE_STYLE_USAGE(.BOTH.,#12590);
#12590 = SURFACE_SIDE_STYLE('',(#12591));
#12591 = SURFACE_STYLE_FILL_AREA(#12592);
#12592 = FILL_AREA_STYLE('',(#12593));
#12593 = FILL_AREA_STYLE_COLOUR('',#11876);
#12594 = STYLED_ITEM('color',(#12595),#1445);
#12595 = PRESENTATION_STYLE_ASSIGNMENT((#12596));
#12596 = SURFACE_STYLE_USAGE(.BOTH.,#12597);
#12597 = SURFACE_SIDE_STYLE('',(#12598));
#12598 = SURFACE_STYLE_FILL_AREA(#12599);
#12599 = FILL_AREA_STYLE('',(#12600));
#12600 = FILL_AREA_STYLE_COLOUR('',#11876);
#12601 = STYLED_ITEM('color',(#12602),#1457);
#12602 = PRESENTATION_STYLE_ASSIGNMENT((#12603));
#12603 = SURFACE_STYLE_USAGE(.BOTH.,#12604);
#12604 = SURFACE_SIDE_STYLE('',(#12605));
#12605 = SURFACE_STYLE_FILL_AREA(#12606);
#12606 = FILL_AREA_STYLE('',(#12607));
#12607 = FILL_AREA_STYLE_COLOUR('',#11876);
#12608 = STYLED_ITEM('color',(#12609),#1469);
#12609 = PRESENTATION_STYLE_ASSIGNMENT((#12610));
#12610 = SURFACE_STYLE_USAGE(.BOTH.,#12611);
#12611 = SURFACE_SIDE_STYLE('',(#12612));
#12612 = SURFACE_STYLE_FILL_AREA(#12613);
#12613 = FILL_AREA_STYLE('',(#12614));
#12614 = FILL_AREA_STYLE_COLOUR('',#11876);
#12615 = STYLED_ITEM('color',(#12616),#1481);
#12616 = PRESENTATION_STYLE_ASSIGNMENT((#12617));
#12617 = SURFACE_STYLE_USAGE(.BOTH.,#12618);
#12618 = SURFACE_SIDE_STYLE('',(#12619));
#12619 = SURFACE_STYLE_FILL_AREA(#12620);
#12620 = FILL_AREA_STYLE('',(#12621));
#12621 = FILL_AREA_STYLE_COLOUR('',#11876);
#12622 = MECHANICAL_DESIGN_GEOMETRIC_PRESENTATION_REPRESENTATION('',(
    #12623,#12631,#12638,#12645,#12652,#12659,#12666,#12673,#12680,
    #12687,#12694,#12701,#12708,#12715,#12722,#12729,#12736,#12743,
    #12750,#12757,#12764,#12771,#12778,#12785,#12792,#12799,#12806,
    #12813,#12820,#12827,#12834,#12841,#12848,#12855,#12862,#12869,
    #12877,#12884,#12891,#12898,#12905,#12912,#12919,#12926,#12933,
    #12940,#12947,#12954,#12961,#12968),#3035);
#12623 = STYLED_ITEM('color',(#12624),#1514);
#12624 = PRESENTATION_STYLE_ASSIGNMENT((#12625));
#12625 = SURFACE_STYLE_USAGE(.BOTH.,#12626);
#12626 = SURFACE_SIDE_STYLE('',(#12627));
#12627 = SURFACE_STYLE_FILL_AREA(#12628);
#12628 = FILL_AREA_STYLE('',(#12629));
#12629 = FILL_AREA_STYLE_COLOUR('',#12630);
#12630 = COLOUR_RGB('',0.894999966383,0.890999961016,0.813000030345);
#12631 = STYLED_ITEM('color',(#12632),#1554);
#12632 = PRESENTATION_STYLE_ASSIGNMENT((#12633));
#12633 = SURFACE_STYLE_USAGE(.BOTH.,#12634);
#12634 = SURFACE_SIDE_STYLE('',(#12635));
#12635 = SURFACE_STYLE_FILL_AREA(#12636);
#12636 = FILL_AREA_STYLE('',(#12637));
#12637 = FILL_AREA_STYLE_COLOUR('',#12630);
#12638 = STYLED_ITEM('color',(#12639),#1601);
#12639 = PRESENTATION_STYLE_ASSIGNMENT((#12640));
#12640 = SURFACE_STYLE_USAGE(.BOTH.,#12641);
#12641 = SURFACE_SIDE_STYLE('',(#12642));
#12642 = SURFACE_STYLE_FILL_AREA(#12643);
#12643 = FILL_AREA_STYLE('',(#12644));
#12644 = FILL_AREA_STYLE_COLOUR('',#12630);
#12645 = STYLED_ITEM('color',(#12646),#1680);
#12646 = PRESENTATION_STYLE_ASSIGNMENT((#12647));
#12647 = SURFACE_STYLE_USAGE(.BOTH.,#12648);
#12648 = SURFACE_SIDE_STYLE('',(#12649));
#12649 = SURFACE_STYLE_FILL_AREA(#12650);
#12650 = FILL_AREA_STYLE('',(#12651));
#12651 = FILL_AREA_STYLE_COLOUR('',#12630);
#12652 = STYLED_ITEM('color',(#12653),#1704);
#12653 = PRESENTATION_STYLE_ASSIGNMENT((#12654));
#12654 = SURFACE_STYLE_USAGE(.BOTH.,#12655);
#12655 = SURFACE_SIDE_STYLE('',(#12656));
#12656 = SURFACE_STYLE_FILL_AREA(#12657);
#12657 = FILL_AREA_STYLE('',(#12658));
#12658 = FILL_AREA_STYLE_COLOUR('',#12630);
#12659 = STYLED_ITEM('color',(#12660),#1744);
#12660 = PRESENTATION_STYLE_ASSIGNMENT((#12661));
#12661 = SURFACE_STYLE_USAGE(.BOTH.,#12662);
#12662 = SURFACE_SIDE_STYLE('',(#12663));
#12663 = SURFACE_STYLE_FILL_AREA(#12664);
#12664 = FILL_AREA_STYLE('',(#12665));
#12665 = FILL_AREA_STYLE_COLOUR('',#12630);
#12666 = STYLED_ITEM('color',(#12667),#1775);
#12667 = PRESENTATION_STYLE_ASSIGNMENT((#12668));
#12668 = SURFACE_STYLE_USAGE(.BOTH.,#12669);
#12669 = SURFACE_SIDE_STYLE('',(#12670));
#12670 = SURFACE_STYLE_FILL_AREA(#12671);
#12671 = FILL_AREA_STYLE('',(#12672));
#12672 = FILL_AREA_STYLE_COLOUR('',#12630);
#12673 = STYLED_ITEM('color',(#12674),#1792);
#12674 = PRESENTATION_STYLE_ASSIGNMENT((#12675));
#12675 = SURFACE_STYLE_USAGE(.BOTH.,#12676);
#12676 = SURFACE_SIDE_STYLE('',(#12677));
#12677 = SURFACE_STYLE_FILL_AREA(#12678);
#12678 = FILL_AREA_STYLE('',(#12679));
#12679 = FILL_AREA_STYLE_COLOUR('',#11876);
#12680 = STYLED_ITEM('color',(#12681),#1825);
#12681 = PRESENTATION_STYLE_ASSIGNMENT((#12682));
#12682 = SURFACE_STYLE_USAGE(.BOTH.,#12683);
#12683 = SURFACE_SIDE_STYLE('',(#12684));
#12684 = SURFACE_STYLE_FILL_AREA(#12685);
#12685 = FILL_AREA_STYLE('',(#12686));
#12686 = FILL_AREA_STYLE_COLOUR('',#12630);
#12687 = STYLED_ITEM('color',(#12688),#1849);
#12688 = PRESENTATION_STYLE_ASSIGNMENT((#12689));
#12689 = SURFACE_STYLE_USAGE(.BOTH.,#12690);
#12690 = SURFACE_SIDE_STYLE('',(#12691));
#12691 = SURFACE_STYLE_FILL_AREA(#12692);
#12692 = FILL_AREA_STYLE('',(#12693));
#12693 = FILL_AREA_STYLE_COLOUR('',#11876);
#12694 = STYLED_ITEM('color',(#12695),#1916);
#12695 = PRESENTATION_STYLE_ASSIGNMENT((#12696));
#12696 = SURFACE_STYLE_USAGE(.BOTH.,#12697);
#12697 = SURFACE_SIDE_STYLE('',(#12698));
#12698 = SURFACE_STYLE_FILL_AREA(#12699);
#12699 = FILL_AREA_STYLE('',(#12700));
#12700 = FILL_AREA_STYLE_COLOUR('',#12630);
#12701 = STYLED_ITEM('color',(#12702),#2037);
#12702 = PRESENTATION_STYLE_ASSIGNMENT((#12703));
#12703 = SURFACE_STYLE_USAGE(.BOTH.,#12704);
#12704 = SURFACE_SIDE_STYLE('',(#12705));
#12705 = SURFACE_STYLE_FILL_AREA(#12706);
#12706 = FILL_AREA_STYLE('',(#12707));
#12707 = FILL_AREA_STYLE_COLOUR('',#11876);
#12708 = STYLED_ITEM('color',(#12709),#2104);
#12709 = PRESENTATION_STYLE_ASSIGNMENT((#12710));
#12710 = SURFACE_STYLE_USAGE(.BOTH.,#12711);
#12711 = SURFACE_SIDE_STYLE('',(#12712));
#12712 = SURFACE_STYLE_FILL_AREA(#12713);
#12713 = FILL_AREA_STYLE('',(#12714));
#12714 = FILL_AREA_STYLE_COLOUR('',#12630);
#12715 = STYLED_ITEM('color',(#12716),#2128);
#12716 = PRESENTATION_STYLE_ASSIGNMENT((#12717));
#12717 = SURFACE_STYLE_USAGE(.BOTH.,#12718);
#12718 = SURFACE_SIDE_STYLE('',(#12719));
#12719 = SURFACE_STYLE_FILL_AREA(#12720);
#12720 = FILL_AREA_STYLE('',(#12721));
#12721 = FILL_AREA_STYLE_COLOUR('',#12630);
#12722 = STYLED_ITEM('color',(#12723),#2159);
#12723 = PRESENTATION_STYLE_ASSIGNMENT((#12724));
#12724 = SURFACE_STYLE_USAGE(.BOTH.,#12725);
#12725 = SURFACE_SIDE_STYLE('',(#12726));
#12726 = SURFACE_STYLE_FILL_AREA(#12727);
#12727 = FILL_AREA_STYLE('',(#12728));
#12728 = FILL_AREA_STYLE_COLOUR('',#11876);
#12729 = STYLED_ITEM('color',(#12730),#2192);
#12730 = PRESENTATION_STYLE_ASSIGNMENT((#12731));
#12731 = SURFACE_STYLE_USAGE(.BOTH.,#12732);
#12732 = SURFACE_SIDE_STYLE('',(#12733));
#12733 = SURFACE_STYLE_FILL_AREA(#12734);
#12734 = FILL_AREA_STYLE('',(#12735));
#12735 = FILL_AREA_STYLE_COLOUR('',#12630);
#12736 = STYLED_ITEM('color',(#12737),#2248);
#12737 = PRESENTATION_STYLE_ASSIGNMENT((#12738));
#12738 = SURFACE_STYLE_USAGE(.BOTH.,#12739);
#12739 = SURFACE_SIDE_STYLE('',(#12740));
#12740 = SURFACE_STYLE_FILL_AREA(#12741);
#12741 = FILL_AREA_STYLE('',(#12742));
#12742 = FILL_AREA_STYLE_COLOUR('',#11876);
#12743 = STYLED_ITEM('color',(#12744),#2272);
#12744 = PRESENTATION_STYLE_ASSIGNMENT((#12745));
#12745 = SURFACE_STYLE_USAGE(.BOTH.,#12746);
#12746 = SURFACE_SIDE_STYLE('',(#12747));
#12747 = SURFACE_STYLE_FILL_AREA(#12748);
#12748 = FILL_AREA_STYLE('',(#12749));
#12749 = FILL_AREA_STYLE_COLOUR('',#11876);
#12750 = STYLED_ITEM('color',(#12751),#2296);
#12751 = PRESENTATION_STYLE_ASSIGNMENT((#12752));
#12752 = SURFACE_STYLE_USAGE(.BOTH.,#12753);
#12753 = SURFACE_SIDE_STYLE('',(#12754));
#12754 = SURFACE_STYLE_FILL_AREA(#12755);
#12755 = FILL_AREA_STYLE('',(#12756));
#12756 = FILL_AREA_STYLE_COLOUR('',#11876);
#12757 = STYLED_ITEM('color',(#12758),#2320);
#12758 = PRESENTATION_STYLE_ASSIGNMENT((#12759));
#12759 = SURFACE_STYLE_USAGE(.BOTH.,#12760);
#12760 = SURFACE_SIDE_STYLE('',(#12761));
#12761 = SURFACE_STYLE_FILL_AREA(#12762);
#12762 = FILL_AREA_STYLE('',(#12763));
#12763 = FILL_AREA_STYLE_COLOUR('',#11876);
#12764 = STYLED_ITEM('color',(#12765),#2353);
#12765 = PRESENTATION_STYLE_ASSIGNMENT((#12766));
#12766 = SURFACE_STYLE_USAGE(.BOTH.,#12767);
#12767 = SURFACE_SIDE_STYLE('',(#12768));
#12768 = SURFACE_STYLE_FILL_AREA(#12769);
#12769 = FILL_AREA_STYLE('',(#12770));
#12770 = FILL_AREA_STYLE_COLOUR('',#11876);
#12771 = STYLED_ITEM('color',(#12772),#2365);
#12772 = PRESENTATION_STYLE_ASSIGNMENT((#12773));
#12773 = SURFACE_STYLE_USAGE(.BOTH.,#12774);
#12774 = SURFACE_SIDE_STYLE('',(#12775));
#12775 = SURFACE_STYLE_FILL_AREA(#12776);
#12776 = FILL_AREA_STYLE('',(#12777));
#12777 = FILL_AREA_STYLE_COLOUR('',#11876);
#12778 = STYLED_ITEM('color',(#12779),#2428);
#12779 = PRESENTATION_STYLE_ASSIGNMENT((#12780));
#12780 = SURFACE_STYLE_USAGE(.BOTH.,#12781);
#12781 = SURFACE_SIDE_STYLE('',(#12782));
#12782 = SURFACE_STYLE_FILL_AREA(#12783);
#12783 = FILL_AREA_STYLE('',(#12784));
#12784 = FILL_AREA_STYLE_COLOUR('',#11876);
#12785 = STYLED_ITEM('color',(#12786),#2453);
#12786 = PRESENTATION_STYLE_ASSIGNMENT((#12787));
#12787 = SURFACE_STYLE_USAGE(.BOTH.,#12788);
#12788 = SURFACE_SIDE_STYLE('',(#12789));
#12789 = SURFACE_STYLE_FILL_AREA(#12790);
#12790 = FILL_AREA_STYLE('',(#12791));
#12791 = FILL_AREA_STYLE_COLOUR('',#11876);
#12792 = STYLED_ITEM('color',(#12793),#2470);
#12793 = PRESENTATION_STYLE_ASSIGNMENT((#12794));
#12794 = SURFACE_STYLE_USAGE(.BOTH.,#12795);
#12795 = SURFACE_SIDE_STYLE('',(#12796));
#12796 = SURFACE_STYLE_FILL_AREA(#12797);
#12797 = FILL_AREA_STYLE('',(#12798));
#12798 = FILL_AREA_STYLE_COLOUR('',#11876);
#12799 = STYLED_ITEM('color',(#12800),#2494);
#12800 = PRESENTATION_STYLE_ASSIGNMENT((#12801));
#12801 = SURFACE_STYLE_USAGE(.BOTH.,#12802);
#12802 = SURFACE_SIDE_STYLE('',(#12803));
#12803 = SURFACE_STYLE_FILL_AREA(#12804);
#12804 = FILL_AREA_STYLE('',(#12805));
#12805 = FILL_AREA_STYLE_COLOUR('',#11876);
#12806 = STYLED_ITEM('color',(#12807),#2512);
#12807 = PRESENTATION_STYLE_ASSIGNMENT((#12808));
#12808 = SURFACE_STYLE_USAGE(.BOTH.,#12809);
#12809 = SURFACE_SIDE_STYLE('',(#12810));
#12810 = SURFACE_STYLE_FILL_AREA(#12811);
#12811 = FILL_AREA_STYLE('',(#12812));
#12812 = FILL_AREA_STYLE_COLOUR('',#11876);
#12813 = STYLED_ITEM('color',(#12814),#2530);
#12814 = PRESENTATION_STYLE_ASSIGNMENT((#12815));
#12815 = SURFACE_STYLE_USAGE(.BOTH.,#12816);
#12816 = SURFACE_SIDE_STYLE('',(#12817));
#12817 = SURFACE_STYLE_FILL_AREA(#12818);
#12818 = FILL_AREA_STYLE('',(#12819));
#12819 = FILL_AREA_STYLE_COLOUR('',#11876);
#12820 = STYLED_ITEM('color',(#12821),#2548);
#12821 = PRESENTATION_STYLE_ASSIGNMENT((#12822));
#12822 = SURFACE_STYLE_USAGE(.BOTH.,#12823);
#12823 = SURFACE_SIDE_STYLE('',(#12824));
#12824 = SURFACE_STYLE_FILL_AREA(#12825);
#12825 = FILL_AREA_STYLE('',(#12826));
#12826 = FILL_AREA_STYLE_COLOUR('',#11876);
#12827 = STYLED_ITEM('color',(#12828),#2565);
#12828 = PRESENTATION_STYLE_ASSIGNMENT((#12829));
#12829 = SURFACE_STYLE_USAGE(.BOTH.,#12830);
#12830 = SURFACE_SIDE_STYLE('',(#12831));
#12831 = SURFACE_STYLE_FILL_AREA(#12832);
#12832 = FILL_AREA_STYLE('',(#12833));
#12833 = FILL_AREA_STYLE_COLOUR('',#11876);
#12834 = STYLED_ITEM('color',(#12835),#2582);
#12835 = PRESENTATION_STYLE_ASSIGNMENT((#12836));
#12836 = SURFACE_STYLE_USAGE(.BOTH.,#12837);
#12837 = SURFACE_SIDE_STYLE('',(#12838));
#12838 = SURFACE_STYLE_FILL_AREA(#12839);
#12839 = FILL_AREA_STYLE('',(#12840));
#12840 = FILL_AREA_STYLE_COLOUR('',#11876);
#12841 = STYLED_ITEM('color',(#12842),#2613);
#12842 = PRESENTATION_STYLE_ASSIGNMENT((#12843));
#12843 = SURFACE_STYLE_USAGE(.BOTH.,#12844);
#12844 = SURFACE_SIDE_STYLE('',(#12845));
#12845 = SURFACE_STYLE_FILL_AREA(#12846);
#12846 = FILL_AREA_STYLE('',(#12847));
#12847 = FILL_AREA_STYLE_COLOUR('',#11876);
#12848 = STYLED_ITEM('color',(#12849),#2638);
#12849 = PRESENTATION_STYLE_ASSIGNMENT((#12850));
#12850 = SURFACE_STYLE_USAGE(.BOTH.,#12851);
#12851 = SURFACE_SIDE_STYLE('',(#12852));
#12852 = SURFACE_STYLE_FILL_AREA(#12853);
#12853 = FILL_AREA_STYLE('',(#12854));
#12854 = FILL_AREA_STYLE_COLOUR('',#11876);
#12855 = STYLED_ITEM('color',(#12856),#2663);
#12856 = PRESENTATION_STYLE_ASSIGNMENT((#12857));
#12857 = SURFACE_STYLE_USAGE(.BOTH.,#12858);
#12858 = SURFACE_SIDE_STYLE('',(#12859));
#12859 = SURFACE_STYLE_FILL_AREA(#12860);
#12860 = FILL_AREA_STYLE('',(#12861));
#12861 = FILL_AREA_STYLE_COLOUR('',#11876);
#12862 = STYLED_ITEM('color',(#12863),#2687);
#12863 = PRESENTATION_STYLE_ASSIGNMENT((#12864));
#12864 = SURFACE_STYLE_USAGE(.BOTH.,#12865);
#12865 = SURFACE_SIDE_STYLE('',(#12866));
#12866 = SURFACE_STYLE_FILL_AREA(#12867);
#12867 = FILL_AREA_STYLE('',(#12868));
#12868 = FILL_AREA_STYLE_COLOUR('',#11876);
#12869 = STYLED_ITEM('color',(#12870),#2704);
#12870 = PRESENTATION_STYLE_ASSIGNMENT((#12871));
#12871 = SURFACE_STYLE_USAGE(.BOTH.,#12872);
#12872 = SURFACE_SIDE_STYLE('',(#12873));
#12873 = SURFACE_STYLE_FILL_AREA(#12874);
#12874 = FILL_AREA_STYLE('',(#12875));
#12875 = FILL_AREA_STYLE_COLOUR('',#12876);
#12876 = COLOUR_RGB('',0.340000006699,0.68000001254,0.444999988852);
#12877 = STYLED_ITEM('color',(#12878),#2735);
#12878 = PRESENTATION_STYLE_ASSIGNMENT((#12879));
#12879 = SURFACE_STYLE_USAGE(.BOTH.,#12880);
#12880 = SURFACE_SIDE_STYLE('',(#12881));
#12881 = SURFACE_STYLE_FILL_AREA(#12882);
#12882 = FILL_AREA_STYLE('',(#12883));
#12883 = FILL_AREA_STYLE_COLOUR('',#12876);
#12884 = STYLED_ITEM('color',(#12885),#2759);
#12885 = PRESENTATION_STYLE_ASSIGNMENT((#12886));
#12886 = SURFACE_STYLE_USAGE(.BOTH.,#12887);
#12887 = SURFACE_SIDE_STYLE('',(#12888));
#12888 = SURFACE_STYLE_FILL_AREA(#12889);
#12889 = FILL_AREA_STYLE('',(#12890));
#12890 = FILL_AREA_STYLE_COLOUR('',#12876);
#12891 = STYLED_ITEM('color',(#12892),#2776);
#12892 = PRESENTATION_STYLE_ASSIGNMENT((#12893));
#12893 = SURFACE_STYLE_USAGE(.BOTH.,#12894);
#12894 = SURFACE_SIDE_STYLE('',(#12895));
#12895 = SURFACE_STYLE_FILL_AREA(#12896);
#12896 = FILL_AREA_STYLE('',(#12897));
#12897 = FILL_AREA_STYLE_COLOUR('',#11876);
#12898 = STYLED_ITEM('color',(#12899),#2804);
#12899 = PRESENTATION_STYLE_ASSIGNMENT((#12900));
#12900 = SURFACE_STYLE_USAGE(.BOTH.,#12901);
#12901 = SURFACE_SIDE_STYLE('',(#12902));
#12902 = SURFACE_STYLE_FILL_AREA(#12903);
#12903 = FILL_AREA_STYLE('',(#12904));
#12904 = FILL_AREA_STYLE_COLOUR('',#11876);
#12905 = STYLED_ITEM('color',(#12906),#2829);
#12906 = PRESENTATION_STYLE_ASSIGNMENT((#12907));
#12907 = SURFACE_STYLE_USAGE(.BOTH.,#12908);
#12908 = SURFACE_SIDE_STYLE('',(#12909));
#12909 = SURFACE_STYLE_FILL_AREA(#12910);
#12910 = FILL_AREA_STYLE('',(#12911));
#12911 = FILL_AREA_STYLE_COLOUR('',#11876);
#12912 = STYLED_ITEM('color',(#12913),#2853);
#12913 = PRESENTATION_STYLE_ASSIGNMENT((#12914));
#12914 = SURFACE_STYLE_USAGE(.BOTH.,#12915);
#12915 = SURFACE_SIDE_STYLE('',(#12916));
#12916 = SURFACE_STYLE_FILL_AREA(#12917);
#12917 = FILL_AREA_STYLE('',(#12918));
#12918 = FILL_AREA_STYLE_COLOUR('',#11876);
#12919 = STYLED_ITEM('color',(#12920),#2878);
#12920 = PRESENTATION_STYLE_ASSIGNMENT((#12921));
#12921 = SURFACE_STYLE_USAGE(.BOTH.,#12922);
#12922 = SURFACE_SIDE_STYLE('',(#12923));
#12923 = SURFACE_STYLE_FILL_AREA(#12924);
#12924 = FILL_AREA_STYLE('',(#12925));
#12925 = FILL_AREA_STYLE_COLOUR('',#11876);
#12926 = STYLED_ITEM('color',(#12927),#2925);
#12927 = PRESENTATION_STYLE_ASSIGNMENT((#12928));
#12928 = SURFACE_STYLE_USAGE(.BOTH.,#12929);
#12929 = SURFACE_SIDE_STYLE('',(#12930));
#12930 = SURFACE_STYLE_FILL_AREA(#12931);
#12931 = FILL_AREA_STYLE('',(#12932));
#12932 = FILL_AREA_STYLE_COLOUR('',#11876);
#12933 = STYLED_ITEM('color',(#12934),#2942);
#12934 = PRESENTATION_STYLE_ASSIGNMENT((#12935));
#12935 = SURFACE_STYLE_USAGE(.BOTH.,#12936);
#12936 = SURFACE_SIDE_STYLE('',(#12937));
#12937 = SURFACE_STYLE_FILL_AREA(#12938);
#12938 = FILL_AREA_STYLE('',(#12939));
#12939 = FILL_AREA_STYLE_COLOUR('',#11876);
#12940 = STYLED_ITEM('color',(#12941),#2954);
#12941 = PRESENTATION_STYLE_ASSIGNMENT((#12942));
#12942 = SURFACE_STYLE_USAGE(.BOTH.,#12943);
#12943 = SURFACE_SIDE_STYLE('',(#12944));
#12944 = SURFACE_STYLE_FILL_AREA(#12945);
#12945 = FILL_AREA_STYLE('',(#12946));
#12946 = FILL_AREA_STYLE_COLOUR('',#11876);
#12947 = STYLED_ITEM('color',(#12948),#2976);
#12948 = PRESENTATION_STYLE_ASSIGNMENT((#12949));
#12949 = SURFACE_STYLE_USAGE(.BOTH.,#12950);
#12950 = SURFACE_SIDE_STYLE('',(#12951));
#12951 = SURFACE_STYLE_FILL_AREA(#12952);
#12952 = FILL_AREA_STYLE('',(#12953));
#12953 = FILL_AREA_STYLE_COLOUR('',#11876);
#12954 = STYLED_ITEM('color',(#12955),#2988);
#12955 = PRESENTATION_STYLE_ASSIGNMENT((#12956));
#12956 = SURFACE_STYLE_USAGE(.BOTH.,#12957);
#12957 = SURFACE_SIDE_STYLE('',(#12958));
#12958 = SURFACE_STYLE_FILL_AREA(#12959);
#12959 = FILL_AREA_STYLE('',(#12960));
#12960 = FILL_AREA_STYLE_COLOUR('',#11876);
#12961 = STYLED_ITEM('color',(#12962),#3006);
#12962 = PRESENTATION_STYLE_ASSIGNMENT((#12963));
#12963 = SURFACE_STYLE_USAGE(.BOTH.,#12964);
#12964 = SURFACE_SIDE_STYLE('',(#12965));
#12965 = SURFACE_STYLE_FILL_AREA(#12966);
#12966 = FILL_AREA_STYLE('',(#12967));
#12967 = FILL_AREA_STYLE_COLOUR('',#11876);
#12968 = STYLED_ITEM('color',(#12969),#3024);
#12969 = PRESENTATION_STYLE_ASSIGNMENT((#12970));
#12970 = SURFACE_STYLE_USAGE(.BOTH.,#12971);
#12971 = SURFACE_SIDE_STYLE('',(#12972));
#12972 = SURFACE_STYLE_FILL_AREA(#12973);
#12973 = FILL_AREA_STYLE('',(#12974));
#12974 = FILL_AREA_STYLE_COLOUR('',#12876);
#12975 = MECHANICAL_DESIGN_GEOMETRIC_PRESENTATION_REPRESENTATION('',(
    #12976,#12983,#12990,#12997,#13004,#13011,#13018,#13025,#13032,
    #13039,#13046,#13054,#13061,#13068,#13075,#13082,#13089,#13096,
    #13103,#13110,#13117,#13124,#13131,#13138,#13145,#13152,#13159,
    #13166),#3908);
#12976 = STYLED_ITEM('color',(#12977),#3056);
#12977 = PRESENTATION_STYLE_ASSIGNMENT((#12978));
#12978 = SURFACE_STYLE_USAGE(.BOTH.,#12979);
#12979 = SURFACE_SIDE_STYLE('',(#12980));
#12980 = SURFACE_STYLE_FILL_AREA(#12981);
#12981 = FILL_AREA_STYLE('',(#12982));
#12982 = FILL_AREA_STYLE_COLOUR('',#10999);
#12983 = STYLED_ITEM('color',(#12984),#3132);
#12984 = PRESENTATION_STYLE_ASSIGNMENT((#12985));
#12985 = SURFACE_STYLE_USAGE(.BOTH.,#12986);
#12986 = SURFACE_SIDE_STYLE('',(#12987));
#12987 = SURFACE_STYLE_FILL_AREA(#12988);
#12988 = FILL_AREA_STYLE('',(#12989));
#12989 = FILL_AREA_STYLE_COLOUR('',#10999);
#12990 = STYLED_ITEM('color',(#12991),#3163);
#12991 = PRESENTATION_STYLE_ASSIGNMENT((#12992));
#12992 = SURFACE_STYLE_USAGE(.BOTH.,#12993);
#12993 = SURFACE_SIDE_STYLE('',(#12994));
#12994 = SURFACE_STYLE_FILL_AREA(#12995);
#12995 = FILL_AREA_STYLE('',(#12996));
#12996 = FILL_AREA_STYLE_COLOUR('',#10999);
#12997 = STYLED_ITEM('color',(#12998),#3188);
#12998 = PRESENTATION_STYLE_ASSIGNMENT((#12999));
#12999 = SURFACE_STYLE_USAGE(.BOTH.,#13000);
#13000 = SURFACE_SIDE_STYLE('',(#13001));
#13001 = SURFACE_STYLE_FILL_AREA(#13002);
#13002 = FILL_AREA_STYLE('',(#13003));
#13003 = FILL_AREA_STYLE_COLOUR('',#10999);
#13004 = STYLED_ITEM('color',(#13005),#3213);
#13005 = PRESENTATION_STYLE_ASSIGNMENT((#13006));
#13006 = SURFACE_STYLE_USAGE(.BOTH.,#13007);
#13007 = SURFACE_SIDE_STYLE('',(#13008));
#13008 = SURFACE_STYLE_FILL_AREA(#13009);
#13009 = FILL_AREA_STYLE('',(#13010));
#13010 = FILL_AREA_STYLE_COLOUR('',#10999);
#13011 = STYLED_ITEM('color',(#13012),#3237);
#13012 = PRESENTATION_STYLE_ASSIGNMENT((#13013));
#13013 = SURFACE_STYLE_USAGE(.BOTH.,#13014);
#13014 = SURFACE_SIDE_STYLE('',(#13015));
#13015 = SURFACE_STYLE_FILL_AREA(#13016);
#13016 = FILL_AREA_STYLE('',(#13017));
#13017 = FILL_AREA_STYLE_COLOUR('',#10999);
#13018 = STYLED_ITEM('color',(#13019),#3261);
#13019 = PRESENTATION_STYLE_ASSIGNMENT((#13020));
#13020 = SURFACE_STYLE_USAGE(.BOTH.,#13021);
#13021 = SURFACE_SIDE_STYLE('',(#13022));
#13022 = SURFACE_STYLE_FILL_AREA(#13023);
#13023 = FILL_AREA_STYLE('',(#13024));
#13024 = FILL_AREA_STYLE_COLOUR('',#10999);
#13025 = STYLED_ITEM('color',(#13026),#3286);
#13026 = PRESENTATION_STYLE_ASSIGNMENT((#13027));
#13027 = SURFACE_STYLE_USAGE(.BOTH.,#13028);
#13028 = SURFACE_SIDE_STYLE('',(#13029));
#13029 = SURFACE_STYLE_FILL_AREA(#13030);
#13030 = FILL_AREA_STYLE('',(#13031));
#13031 = FILL_AREA_STYLE_COLOUR('',#10999);
#13032 = STYLED_ITEM('color',(#13033),#3311);
#13033 = PRESENTATION_STYLE_ASSIGNMENT((#13034));
#13034 = SURFACE_STYLE_USAGE(.BOTH.,#13035);
#13035 = SURFACE_SIDE_STYLE('',(#13036));
#13036 = SURFACE_STYLE_FILL_AREA(#13037);
#13037 = FILL_AREA_STYLE('',(#13038));
#13038 = FILL_AREA_STYLE_COLOUR('',#10999);
#13039 = STYLED_ITEM('color',(#13040),#3328);
#13040 = PRESENTATION_STYLE_ASSIGNMENT((#13041));
#13041 = SURFACE_STYLE_USAGE(.BOTH.,#13042);
#13042 = SURFACE_SIDE_STYLE('',(#13043));
#13043 = SURFACE_STYLE_FILL_AREA(#13044);
#13044 = FILL_AREA_STYLE('',(#13045));
#13045 = FILL_AREA_STYLE_COLOUR('',#10999);
#13046 = STYLED_ITEM('color',(#13047),#3414);
#13047 = PRESENTATION_STYLE_ASSIGNMENT((#13048));
#13048 = SURFACE_STYLE_USAGE(.BOTH.,#13049);
#13049 = SURFACE_SIDE_STYLE('',(#13050));
#13050 = SURFACE_STYLE_FILL_AREA(#13051);
#13051 = FILL_AREA_STYLE('',(#13052));
#13052 = FILL_AREA_STYLE_COLOUR('',#13053);
#13053 = COLOUR_RGB('',0.379000005575,0.270000008848,0.214999999939);
#13054 = STYLED_ITEM('color',(#13055),#3446);
#13055 = PRESENTATION_STYLE_ASSIGNMENT((#13056));
#13056 = SURFACE_STYLE_USAGE(.BOTH.,#13057);
#13057 = SURFACE_SIDE_STYLE('',(#13058));
#13058 = SURFACE_STYLE_FILL_AREA(#13059);
#13059 = FILL_AREA_STYLE('',(#13060));
#13060 = FILL_AREA_STYLE_COLOUR('',#13053);
#13061 = STYLED_ITEM('color',(#13062),#3470);
#13062 = PRESENTATION_STYLE_ASSIGNMENT((#13063));
#13063 = SURFACE_STYLE_USAGE(.BOTH.,#13064);
#13064 = SURFACE_SIDE_STYLE('',(#13065));
#13065 = SURFACE_STYLE_FILL_AREA(#13066);
#13066 = FILL_AREA_STYLE('',(#13067));
#13067 = FILL_AREA_STYLE_COLOUR('',#13053);
#13068 = STYLED_ITEM('color',(#13069),#3495);
#13069 = PRESENTATION_STYLE_ASSIGNMENT((#13070));
#13070 = SURFACE_STYLE_USAGE(.BOTH.,#13071);
#13071 = SURFACE_SIDE_STYLE('',(#13072));
#13072 = SURFACE_STYLE_FILL_AREA(#13073);
#13073 = FILL_AREA_STYLE('',(#13074));
#13074 = FILL_AREA_STYLE_COLOUR('',#13053);
#13075 = STYLED_ITEM('color',(#13076),#3519);
#13076 = PRESENTATION_STYLE_ASSIGNMENT((#13077));
#13077 = SURFACE_STYLE_USAGE(.BOTH.,#13078);
#13078 = SURFACE_SIDE_STYLE('',(#13079));
#13079 = SURFACE_STYLE_FILL_AREA(#13080);
#13080 = FILL_AREA_STYLE('',(#13081));
#13081 = FILL_AREA_STYLE_COLOUR('',#13053);
#13082 = STYLED_ITEM('color',(#13083),#3544);
#13083 = PRESENTATION_STYLE_ASSIGNMENT((#13084));
#13084 = SURFACE_STYLE_USAGE(.BOTH.,#13085);
#13085 = SURFACE_SIDE_STYLE('',(#13086));
#13086 = SURFACE_STYLE_FILL_AREA(#13087);
#13087 = FILL_AREA_STYLE('',(#13088));
#13088 = FILL_AREA_STYLE_COLOUR('',#13053);
#13089 = STYLED_ITEM('color',(#13090),#3568);
#13090 = PRESENTATION_STYLE_ASSIGNMENT((#13091));
#13091 = SURFACE_STYLE_USAGE(.BOTH.,#13092);
#13092 = SURFACE_SIDE_STYLE('',(#13093));
#13093 = SURFACE_STYLE_FILL_AREA(#13094);
#13094 = FILL_AREA_STYLE('',(#13095));
#13095 = FILL_AREA_STYLE_COLOUR('',#13053);
#13096 = STYLED_ITEM('color',(#13097),#3593);
#13097 = PRESENTATION_STYLE_ASSIGNMENT((#13098));
#13098 = SURFACE_STYLE_USAGE(.BOTH.,#13099);
#13099 = SURFACE_SIDE_STYLE('',(#13100));
#13100 = SURFACE_STYLE_FILL_AREA(#13101);
#13101 = FILL_AREA_STYLE('',(#13102));
#13102 = FILL_AREA_STYLE_COLOUR('',#13053);
#13103 = STYLED_ITEM('color',(#13104),#3610);
#13104 = PRESENTATION_STYLE_ASSIGNMENT((#13105));
#13105 = SURFACE_STYLE_USAGE(.BOTH.,#13106);
#13106 = SURFACE_SIDE_STYLE('',(#13107));
#13107 = SURFACE_STYLE_FILL_AREA(#13108);
#13108 = FILL_AREA_STYLE('',(#13109));
#13109 = FILL_AREA_STYLE_COLOUR('',#10999);
#13110 = STYLED_ITEM('color',(#13111),#3696);
#13111 = PRESENTATION_STYLE_ASSIGNMENT((#13112));
#13112 = SURFACE_STYLE_USAGE(.BOTH.,#13113);
#13113 = SURFACE_SIDE_STYLE('',(#13114));
#13114 = SURFACE_STYLE_FILL_AREA(#13115);
#13115 = FILL_AREA_STYLE('',(#13116));
#13116 = FILL_AREA_STYLE_COLOUR('',#10999);
#13117 = STYLED_ITEM('color',(#13118),#3727);
#13118 = PRESENTATION_STYLE_ASSIGNMENT((#13119));
#13119 = SURFACE_STYLE_USAGE(.BOTH.,#13120);
#13120 = SURFACE_SIDE_STYLE('',(#13121));
#13121 = SURFACE_STYLE_FILL_AREA(#13122);
#13122 = FILL_AREA_STYLE('',(#13123));
#13123 = FILL_AREA_STYLE_COLOUR('',#10999);
#13124 = STYLED_ITEM('color',(#13125),#3752);
#13125 = PRESENTATION_STYLE_ASSIGNMENT((#13126));
#13126 = SURFACE_STYLE_USAGE(.BOTH.,#13127);
#13127 = SURFACE_SIDE_STYLE('',(#13128));
#13128 = SURFACE_STYLE_FILL_AREA(#13129);
#13129 = FILL_AREA_STYLE('',(#13130));
#13130 = FILL_AREA_STYLE_COLOUR('',#10999);
#13131 = STYLED_ITEM('color',(#13132),#3777);
#13132 = PRESENTATION_STYLE_ASSIGNMENT((#13133));
#13133 = SURFACE_STYLE_USAGE(.BOTH.,#13134);
#13134 = SURFACE_SIDE_STYLE('',(#13135));
#13135 = SURFACE_STYLE_FILL_AREA(#13136);
#13136 = FILL_AREA_STYLE('',(#13137));
#13137 = FILL_AREA_STYLE_COLOUR('',#10999);
#13138 = STYLED_ITEM('color',(#13139),#3801);
#13139 = PRESENTATION_STYLE_ASSIGNMENT((#13140));
#13140 = SURFACE_STYLE_USAGE(.BOTH.,#13141);
#13141 = SURFACE_SIDE_STYLE('',(#13142));
#13142 = SURFACE_STYLE_FILL_AREA(#13143);
#13143 = FILL_AREA_STYLE('',(#13144));
#13144 = FILL_AREA_STYLE_COLOUR('',#10999);
#13145 = STYLED_ITEM('color',(#13146),#3825);
#13146 = PRESENTATION_STYLE_ASSIGNMENT((#13147));
#13147 = SURFACE_STYLE_USAGE(.BOTH.,#13148);
#13148 = SURFACE_SIDE_STYLE('',(#13149));
#13149 = SURFACE_STYLE_FILL_AREA(#13150);
#13150 = FILL_AREA_STYLE('',(#13151));
#13151 = FILL_AREA_STYLE_COLOUR('',#10999);
#13152 = STYLED_ITEM('color',(#13153),#3850);
#13153 = PRESENTATION_STYLE_ASSIGNMENT((#13154));
#13154 = SURFACE_STYLE_USAGE(.BOTH.,#13155);
#13155 = SURFACE_SIDE_STYLE('',(#13156));
#13156 = SURFACE_STYLE_FILL_AREA(#13157);
#13157 = FILL_AREA_STYLE('',(#13158));
#13158 = FILL_AREA_STYLE_COLOUR('',#10999);
#13159 = STYLED_ITEM('color',(#13160),#3875);
#13160 = PRESENTATION_STYLE_ASSIGNMENT((#13161));
#13161 = SURFACE_STYLE_USAGE(.BOTH.,#13162);
#13162 = SURFACE_SIDE_STYLE('',(#13163));
#13163 = SURFACE_STYLE_FILL_AREA(#13164);
#13164 = FILL_AREA_STYLE('',(#13165));
#13165 = FILL_AREA_STYLE_COLOUR('',#10999);
#13166 = STYLED_ITEM('color',(#13167),#3892);
#13167 = PRESENTATION_STYLE_ASSIGNMENT((#13168));
#13168 = SURFACE_STYLE_USAGE(.BOTH.,#13169);
#13169 = SURFACE_SIDE_STYLE('',(#13170));
#13170 = SURFACE_STYLE_FILL_AREA(#13171);
#13171 = FILL_AREA_STYLE('',(#13172));
#13172 = FILL_AREA_STYLE_COLOUR('',#10999);
ENDSEC;
END-ISO-10303-21;
