ISO-10303-21;
HEADER;
FILE_DESCRIPTION(('KiCad electronic assembly'),'2;1');
FILE_NAME('schematic.step','2026-03-07T12:17:25',('Pcbnew'),('Kicad'),
  'Open CASCADE STEP processor 7.9','KiCad to STEP converter','Unknown'
  );
FILE_SCHEMA(('AUTOMOTIVE_DESIGN { 1 0 10303 214 1 1 1 1 }'));
ENDSEC;
DATA;
#1 = APPLICATION_PROTOCOL_DEFINITION('international standard',
  'automotive_design',2000,#2);
#2 = APPLICATION_CONTEXT(
  'core data for automotive mechanical design processes');
#3 = SHAPE_DEFINITION_REPRESENTATION(#4,#10);
#4 = PRODUCT_DEFINITION_SHAPE('','',#5);
#5 = PRODUCT_DEFINITION('design','',#6,#9);
#6 = PRODUCT_DEFINITION_FORMATION('','',#7);
#7 = PRODUCT('schematic 1','schematic 1','',(#8));
#8 = PRODUCT_CONTEXT('',#2,'mechanical');
#9 = PRODUCT_DEFINITION_CONTEXT('part definition',#2,'design');
#10 = SHAPE_REPRESENTATION('',(#11,#15,#19,#23,#27,#31,#35,#39,#43),#47
  );
#11 = AXIS2_PLACEMENT_3D('',#12,#13,#14);
#12 = CARTESIAN_POINT('',(0.,0.,0.));
#13 = DIRECTION('',(0.,0.,1.));
#14 = DIRECTION('',(1.,0.,-0.));
#15 = AXIS2_PLACEMENT_3D('',#16,#17,#18);
#16 = CARTESIAN_POINT('',(142.5,-137.54,1.595));
#17 = DIRECTION('',(0.,0.,1.));
#18 = DIRECTION('',(-1.,1.224646799147E-16,0.));
#19 = AXIS2_PLACEMENT_3D('',#20,#21,#22);
#20 = CARTESIAN_POINT('',(112.5,-135.95,1.595));
#21 = DIRECTION('',(0.,-0.,1.));
#22 = DIRECTION('',(1.110223024625E-16,1.,0.));
#23 = AXIS2_PLACEMENT_3D('',#24,#25,#26);
#24 = CARTESIAN_POINT('',(107.5,-135.95,1.595));
#25 = DIRECTION('',(0.,-0.,1.));
#26 = DIRECTION('',(1.110223024625E-16,1.,0.));
#27 = AXIS2_PLACEMENT_3D('',#28,#29,#30);
#28 = CARTESIAN_POINT('',(102.5,-135.95,1.595));
#29 = DIRECTION('',(0.,-0.,1.));
#30 = DIRECTION('',(1.110223024625E-16,1.,0.));
#31 = AXIS2_PLACEMENT_3D('',#32,#33,#34);
#32 = CARTESIAN_POINT('',(125.,-152.46,-8.5E-02));
#33 = DIRECTION('',(-1.224646799147E-16,-1.359631073447E-32,-1.));
#34 = DIRECTION('',(1.110223024625E-16,-1.,0.));
#35 = AXIS2_PLACEMENT_3D('',#36,#37,#38);
#36 = CARTESIAN_POINT('',(145.75,-150.5,-8.5E-02));
#37 = DIRECTION('',(1.499759782662E-32,1.224646799147E-16,-1.));
#38 = DIRECTION('',(-1.,1.224646799147E-16,0.));
#39 = AXIS2_PLACEMENT_3D('',#40,#41,#42);
#40 = CARTESIAN_POINT('',(105.,-149.96,-8.5E-02));
#41 = DIRECTION('',(1.499759782662E-32,1.224646799147E-16,-1.));
#42 = DIRECTION('',(-1.,1.224646799147E-16,0.));
#43 = AXIS2_PLACEMENT_3D('',#44,#45,#46);
#44 = CARTESIAN_POINT('',(0.,0.,0.));
#45 = DIRECTION('',(0.,0.,1.));
#46 = DIRECTION('',(1.,0.,-0.));
#47 = ( GEOMETRIC_REPRESENTATION_CONTEXT(3) 
GLOBAL_UNCERTAINTY_ASSIGNED_CONTEXT((#51)) GLOBAL_UNIT_ASSIGNED_CONTEXT(
(#48,#49,#50)) REPRESENTATION_CONTEXT('Context #1',
  '3D Context with UNIT and UNCERTAINTY') );
#48 = ( LENGTH_UNIT() NAMED_UNIT(*) SI_UNIT(.MILLI.,.METRE.) );
#49 = ( NAMED_UNIT(*) PLANE_ANGLE_UNIT() SI_UNIT($,.RADIAN.) );
#50 = ( NAMED_UNIT(*) SI_UNIT($,.STERADIAN.) SOLID_ANGLE_UNIT() );
#51 = UNCERTAINTY_MEASURE_WITH_UNIT(LENGTH_MEASURE(1.E-07),#48,
  'distance_accuracy_value','confusion accuracy');
#52 = PRODUCT_RELATED_PRODUCT_CATEGORY('part',$,(#7));
#53 = SHAPE_DEFINITION_REPRESENTATION(#54,#60);
#54 = PRODUCT_DEFINITION_SHAPE('','',#55);
#55 = PRODUCT_DEFINITION('design','',#56,#59);
#56 = PRODUCT_DEFINITION_FORMATION('','',#57);
#57 = PRODUCT('PinHeader_1x02_P2.54mm_Vertical',
  'PinHeader_1x02_P2.54mm_Vertical','',(#58));
#58 = PRODUCT_CONTEXT('',#2,'mechanical');
#59 = PRODUCT_DEFINITION_CONTEXT('part definition',#2,'design');
#60 = ADVANCED_BREP_SHAPE_REPRESENTATION('',(#11,#61),#1493);
#61 = MANIFOLD_SOLID_BREP('',#62);
#62 = CLOSED_SHELL('',(#63,#103,#134,#165,#330,#495,#512,#529,#546,#563,
    #580,#597,#614,#631,#648,#665,#677,#708,#732,#756,#773,#804,#828,
    #852,#869,#900,#924,#948,#965,#996,#1020,#1044,#1061,#1092,#1116,
    #1140,#1157,#1188,#1212,#1236,#1253,#1284,#1308,#1332,#1349,#1380,
    #1404,#1428,#1445,#1457,#1469,#1481));
#63 = ADVANCED_FACE('',(#64),#98,.F.);
#64 = FACE_BOUND('',#65,.F.);
#65 = EDGE_LOOP('',(#66,#76,#84,#92));
#66 = ORIENTED_EDGE('',*,*,#67,.T.);
#67 = EDGE_CURVE('',#68,#70,#72,.T.);
#68 = VERTEX_POINT('',#69);
#69 = CARTESIAN_POINT('',(-1.016,1.27,0.));
#70 = VERTEX_POINT('',#71);
#71 = CARTESIAN_POINT('',(-1.016,1.27,2.54));
#72 = LINE('',#73,#74);
#73 = CARTESIAN_POINT('',(-1.016,1.27,0.));
#74 = VECTOR('',#75,1.);
#75 = DIRECTION('',(0.,0.,1.));
#76 = ORIENTED_EDGE('',*,*,#77,.T.);
#77 = EDGE_CURVE('',#70,#78,#80,.T.);
#78 = VERTEX_POINT('',#79);
#79 = CARTESIAN_POINT('',(-1.27,1.016,2.54));
#80 = LINE('',#81,#82);
#81 = CARTESIAN_POINT('',(-1.016,1.27,2.54));
#82 = VECTOR('',#83,1.);
#83 = DIRECTION('',(-0.707106781187,-0.707106781187,0.));
#84 = ORIENTED_EDGE('',*,*,#85,.F.);
#85 = EDGE_CURVE('',#86,#78,#88,.T.);
#86 = VERTEX_POINT('',#87);
#87 = CARTESIAN_POINT('',(-1.27,1.016,0.));
#88 = LINE('',#89,#90);
#89 = CARTESIAN_POINT('',(-1.27,1.016,0.));
#90 = VECTOR('',#91,1.);
#91 = DIRECTION('',(0.,0.,1.));
#92 = ORIENTED_EDGE('',*,*,#93,.F.);
#93 = EDGE_CURVE('',#68,#86,#94,.T.);
#94 = LINE('',#95,#96);
#95 = CARTESIAN_POINT('',(-1.016,1.27,0.));
#96 = VECTOR('',#97,1.);
#97 = DIRECTION('',(-0.707106781187,-0.707106781187,0.));
#98 = PLANE('',#99);
#99 = AXIS2_PLACEMENT_3D('',#100,#101,#102);
#100 = CARTESIAN_POINT('',(-1.016,1.27,0.));
#101 = DIRECTION('',(0.707106781187,-0.707106781187,0.));
#102 = DIRECTION('',(-0.707106781187,-0.707106781187,0.));
#103 = ADVANCED_FACE('',(#104),#129,.F.);
#104 = FACE_BOUND('',#105,.F.);
#105 = EDGE_LOOP('',(#106,#116,#122,#123));
#106 = ORIENTED_EDGE('',*,*,#107,.T.);
#107 = EDGE_CURVE('',#108,#110,#112,.T.);
#108 = VERTEX_POINT('',#109);
#109 = CARTESIAN_POINT('',(1.016,1.27,0.));
#110 = VERTEX_POINT('',#111);
#111 = CARTESIAN_POINT('',(1.016,1.27,2.54));
#112 = LINE('',#113,#114);
#113 = CARTESIAN_POINT('',(1.016,1.27,0.));
#114 = VECTOR('',#115,1.);
#115 = DIRECTION('',(0.,0.,1.));
#116 = ORIENTED_EDGE('',*,*,#117,.T.);
#117 = EDGE_CURVE('',#110,#70,#118,.T.);
#118 = LINE('',#119,#120);
#119 = CARTESIAN_POINT('',(1.016,1.27,2.54));
#120 = VECTOR('',#121,1.);
#121 = DIRECTION('',(-1.,0.,0.));
#122 = ORIENTED_EDGE('',*,*,#67,.F.);
#123 = ORIENTED_EDGE('',*,*,#124,.F.);
#124 = EDGE_CURVE('',#108,#68,#125,.T.);
#125 = LINE('',#126,#127);
#126 = CARTESIAN_POINT('',(1.016,1.27,0.));
#127 = VECTOR('',#128,1.);
#128 = DIRECTION('',(-1.,0.,0.));
#129 = PLANE('',#130);
#130 = AXIS2_PLACEMENT_3D('',#131,#132,#133);
#131 = CARTESIAN_POINT('',(1.016,1.27,0.));
#132 = DIRECTION('',(0.,-1.,0.));
#133 = DIRECTION('',(-1.,0.,0.));
#134 = ADVANCED_FACE('',(#135),#160,.F.);
#135 = FACE_BOUND('',#136,.F.);
#136 = EDGE_LOOP('',(#137,#138,#146,#154));
#137 = ORIENTED_EDGE('',*,*,#85,.T.);
#138 = ORIENTED_EDGE('',*,*,#139,.T.);
#139 = EDGE_CURVE('',#78,#140,#142,.T.);
#140 = VERTEX_POINT('',#141);
#141 = CARTESIAN_POINT('',(-1.27,-1.016,2.54));
#142 = LINE('',#143,#144);
#143 = CARTESIAN_POINT('',(-1.27,1.016,2.54));
#144 = VECTOR('',#145,1.);
#145 = DIRECTION('',(0.,-1.,0.));
#146 = ORIENTED_EDGE('',*,*,#147,.F.);
#147 = EDGE_CURVE('',#148,#140,#150,.T.);
#148 = VERTEX_POINT('',#149);
#149 = CARTESIAN_POINT('',(-1.27,-1.016,0.));
#150 = LINE('',#151,#152);
#151 = CARTESIAN_POINT('',(-1.27,-1.016,0.));
#152 = VECTOR('',#153,1.);
#153 = DIRECTION('',(0.,0.,1.));
#154 = ORIENTED_EDGE('',*,*,#155,.F.);
#155 = EDGE_CURVE('',#86,#148,#156,.T.);
#156 = LINE('',#157,#158);
#157 = CARTESIAN_POINT('',(-1.27,1.016,0.));
#158 = VECTOR('',#159,1.);
#159 = DIRECTION('',(0.,-1.,0.));
#160 = PLANE('',#161);
#161 = AXIS2_PLACEMENT_3D('',#162,#163,#164);
#162 = CARTESIAN_POINT('',(-1.27,1.016,0.));
#163 = DIRECTION('',(1.,0.,0.));
#164 = DIRECTION('',(0.,-1.,0.));
#165 = ADVANCED_FACE('',(#166,#257,#291),#325,.F.);
#166 = FACE_BOUND('',#167,.F.);
#167 = EDGE_LOOP('',(#168,#169,#170,#178,#186,#194,#202,#210,#218,#226,
    #234,#242,#250,#256));
#168 = ORIENTED_EDGE('',*,*,#93,.T.);
#169 = ORIENTED_EDGE('',*,*,#155,.T.);
#170 = ORIENTED_EDGE('',*,*,#171,.T.);
#171 = EDGE_CURVE('',#148,#172,#174,.T.);
#172 = VERTEX_POINT('',#173);
#173 = CARTESIAN_POINT('',(-1.016,-1.27,0.));
#174 = LINE('',#175,#176);
#175 = CARTESIAN_POINT('',(-1.27,-1.016,0.));
#176 = VECTOR('',#177,1.);
#177 = DIRECTION('',(0.707106781187,-0.707106781187,0.));
#178 = ORIENTED_EDGE('',*,*,#179,.T.);
#179 = EDGE_CURVE('',#172,#180,#182,.T.);
#180 = VERTEX_POINT('',#181);
#181 = CARTESIAN_POINT('',(-1.27,-1.524,0.));
#182 = LINE('',#183,#184);
#183 = CARTESIAN_POINT('',(-1.016,-1.27,0.));
#184 = VECTOR('',#185,1.);
#185 = DIRECTION('',(-0.707106781187,-0.707106781187,0.));
#186 = ORIENTED_EDGE('',*,*,#187,.T.);
#187 = EDGE_CURVE('',#180,#188,#190,.T.);
#188 = VERTEX_POINT('',#189);
#189 = CARTESIAN_POINT('',(-1.27,-3.556,0.));
#190 = LINE('',#191,#192);
#191 = CARTESIAN_POINT('',(-1.27,-1.524,0.));
#192 = VECTOR('',#193,1.);
#193 = DIRECTION('',(0.,-1.,0.));
#194 = ORIENTED_EDGE('',*,*,#195,.T.);
#195 = EDGE_CURVE('',#188,#196,#198,.T.);
#196 = VERTEX_POINT('',#197);
#197 = CARTESIAN_POINT('',(-1.016,-3.81,0.));
#198 = LINE('',#199,#200);
#199 = CARTESIAN_POINT('',(-1.27,-3.556,0.));
#200 = VECTOR('',#201,1.);
#201 = DIRECTION('',(0.707106781187,-0.707106781187,0.));
#202 = ORIENTED_EDGE('',*,*,#203,.T.);
#203 = EDGE_CURVE('',#196,#204,#206,.T.);
#204 = VERTEX_POINT('',#205);
#205 = CARTESIAN_POINT('',(1.016,-3.81,0.));
#206 = LINE('',#207,#208);
#207 = CARTESIAN_POINT('',(-1.016,-3.81,0.));
#208 = VECTOR('',#209,1.);
#209 = DIRECTION('',(1.,0.,0.));
#210 = ORIENTED_EDGE('',*,*,#211,.T.);
#211 = EDGE_CURVE('',#204,#212,#214,.T.);
#212 = VERTEX_POINT('',#213);
#213 = CARTESIAN_POINT('',(1.27,-3.556,0.));
#214 = LINE('',#215,#216);
#215 = CARTESIAN_POINT('',(1.016,-3.81,0.));
#216 = VECTOR('',#217,1.);
#217 = DIRECTION('',(0.707106781187,0.707106781187,0.));
#218 = ORIENTED_EDGE('',*,*,#219,.T.);
#219 = EDGE_CURVE('',#212,#220,#222,.T.);
#220 = VERTEX_POINT('',#221);
#221 = CARTESIAN_POINT('',(1.27,-1.524,0.));
#222 = LINE('',#223,#224);
#223 = CARTESIAN_POINT('',(1.27,-3.556,0.));
#224 = VECTOR('',#225,1.);
#225 = DIRECTION('',(0.,1.,0.));
#226 = ORIENTED_EDGE('',*,*,#227,.T.);
#227 = EDGE_CURVE('',#220,#228,#230,.T.);
#228 = VERTEX_POINT('',#229);
#229 = CARTESIAN_POINT('',(1.016,-1.27,0.));
#230 = LINE('',#231,#232);
#231 = CARTESIAN_POINT('',(1.27,-1.524,0.));
#232 = VECTOR('',#233,1.);
#233 = DIRECTION('',(-0.707106781187,0.707106781187,0.));
#234 = ORIENTED_EDGE('',*,*,#235,.T.);
#235 = EDGE_CURVE('',#228,#236,#238,.T.);
#236 = VERTEX_POINT('',#237);
#237 = CARTESIAN_POINT('',(1.27,-1.016,0.));
#238 = LINE('',#239,#240);
#239 = CARTESIAN_POINT('',(1.016,-1.27,0.));
#240 = VECTOR('',#241,1.);
#241 = DIRECTION('',(0.707106781187,0.707106781187,0.));
#242 = ORIENTED_EDGE('',*,*,#243,.T.);
#243 = EDGE_CURVE('',#236,#244,#246,.T.);
#244 = VERTEX_POINT('',#245);
#245 = CARTESIAN_POINT('',(1.27,1.016,0.));
#246 = LINE('',#247,#248);
#247 = CARTESIAN_POINT('',(1.27,-1.016,0.));
#248 = VECTOR('',#249,1.);
#249 = DIRECTION('',(0.,1.,0.));
#250 = ORIENTED_EDGE('',*,*,#251,.T.);
#251 = EDGE_CURVE('',#244,#108,#252,.T.);
#252 = LINE('',#253,#254);
#253 = CARTESIAN_POINT('',(1.27,1.016,0.));
#254 = VECTOR('',#255,1.);
#255 = DIRECTION('',(-0.707106781187,0.707106781187,0.));
#256 = ORIENTED_EDGE('',*,*,#124,.T.);
#257 = FACE_BOUND('',#258,.F.);
#258 = EDGE_LOOP('',(#259,#269,#277,#285));
#259 = ORIENTED_EDGE('',*,*,#260,.T.);
#260 = EDGE_CURVE('',#261,#263,#265,.T.);
#261 = VERTEX_POINT('',#262);
#262 = CARTESIAN_POINT('',(0.32,-0.32,0.));
#263 = VERTEX_POINT('',#264);
#264 = CARTESIAN_POINT('',(-0.32,-0.32,0.));
#265 = LINE('',#266,#267);
#266 = CARTESIAN_POINT('',(-0.16,-0.32,0.));
#267 = VECTOR('',#268,1.);
#268 = DIRECTION('',(-1.,0.,0.));
#269 = ORIENTED_EDGE('',*,*,#270,.T.);
#270 = EDGE_CURVE('',#263,#271,#273,.T.);
#271 = VERTEX_POINT('',#272);
#272 = CARTESIAN_POINT('',(-0.32,0.32,0.));
#273 = LINE('',#274,#275);
#274 = CARTESIAN_POINT('',(-0.32,-0.795,0.));
#275 = VECTOR('',#276,1.);
#276 = DIRECTION('',(0.,1.,0.));
#277 = ORIENTED_EDGE('',*,*,#278,.F.);
#278 = EDGE_CURVE('',#279,#271,#281,.T.);
#279 = VERTEX_POINT('',#280);
#280 = CARTESIAN_POINT('',(0.32,0.32,0.));
#281 = LINE('',#282,#283);
#282 = CARTESIAN_POINT('',(-0.16,0.32,0.));
#283 = VECTOR('',#284,1.);
#284 = DIRECTION('',(-1.,0.,0.));
#285 = ORIENTED_EDGE('',*,*,#286,.F.);
#286 = EDGE_CURVE('',#261,#279,#287,.T.);
#287 = LINE('',#288,#289);
#288 = CARTESIAN_POINT('',(0.32,-0.795,0.));
#289 = VECTOR('',#290,1.);
#290 = DIRECTION('',(0.,1.,0.));
#291 = FACE_BOUND('',#292,.F.);
#292 = EDGE_LOOP('',(#293,#303,#311,#319));
#293 = ORIENTED_EDGE('',*,*,#294,.T.);
#294 = EDGE_CURVE('',#295,#297,#299,.T.);
#295 = VERTEX_POINT('',#296);
#296 = CARTESIAN_POINT('',(0.32,-2.86,0.));
#297 = VERTEX_POINT('',#298);
#298 = CARTESIAN_POINT('',(-0.32,-2.86,0.));
#299 = LINE('',#300,#301);
#300 = CARTESIAN_POINT('',(-0.16,-2.86,0.));
#301 = VECTOR('',#302,1.);
#302 = DIRECTION('',(-1.,0.,0.));
#303 = ORIENTED_EDGE('',*,*,#304,.T.);
#304 = EDGE_CURVE('',#297,#305,#307,.T.);
#305 = VERTEX_POINT('',#306);
#306 = CARTESIAN_POINT('',(-0.32,-2.22,0.));
#307 = LINE('',#308,#309);
#308 = CARTESIAN_POINT('',(-0.32,-2.065,0.));
#309 = VECTOR('',#310,1.);
#310 = DIRECTION('',(0.,1.,0.));
#311 = ORIENTED_EDGE('',*,*,#312,.F.);
#312 = EDGE_CURVE('',#313,#305,#315,.T.);
#313 = VERTEX_POINT('',#314);
#314 = CARTESIAN_POINT('',(0.32,-2.22,0.));
#315 = LINE('',#316,#317);
#316 = CARTESIAN_POINT('',(-0.16,-2.22,0.));
#317 = VECTOR('',#318,1.);
#318 = DIRECTION('',(-1.,0.,0.));
#319 = ORIENTED_EDGE('',*,*,#320,.F.);
#320 = EDGE_CURVE('',#295,#313,#321,.T.);
#321 = LINE('',#322,#323);
#322 = CARTESIAN_POINT('',(0.32,-2.065,0.));
#323 = VECTOR('',#324,1.);
#324 = DIRECTION('',(0.,1.,0.));
#325 = PLANE('',#326);
#326 = AXIS2_PLACEMENT_3D('',#327,#328,#329);
#327 = CARTESIAN_POINT('',(1.473843703412E-17,-1.27,0.));
#328 = DIRECTION('',(0.,0.,1.));
#329 = DIRECTION('',(1.,0.,-0.));
#330 = ADVANCED_FACE('',(#331,#422,#456),#490,.T.);
#331 = FACE_BOUND('',#332,.T.);
#332 = EDGE_LOOP('',(#333,#334,#335,#343,#351,#359,#367,#375,#383,#391,
    #399,#407,#415,#421));
#333 = ORIENTED_EDGE('',*,*,#77,.T.);
#334 = ORIENTED_EDGE('',*,*,#139,.T.);
#335 = ORIENTED_EDGE('',*,*,#336,.T.);
#336 = EDGE_CURVE('',#140,#337,#339,.T.);
#337 = VERTEX_POINT('',#338);
#338 = CARTESIAN_POINT('',(-1.016,-1.27,2.54));
#339 = LINE('',#340,#341);
#340 = CARTESIAN_POINT('',(-1.27,-1.016,2.54));
#341 = VECTOR('',#342,1.);
#342 = DIRECTION('',(0.707106781187,-0.707106781187,0.));
#343 = ORIENTED_EDGE('',*,*,#344,.T.);
#344 = EDGE_CURVE('',#337,#345,#347,.T.);
#345 = VERTEX_POINT('',#346);
#346 = CARTESIAN_POINT('',(-1.27,-1.524,2.54));
#347 = LINE('',#348,#349);
#348 = CARTESIAN_POINT('',(-1.016,-1.27,2.54));
#349 = VECTOR('',#350,1.);
#350 = DIRECTION('',(-0.707106781187,-0.707106781187,0.));
#351 = ORIENTED_EDGE('',*,*,#352,.T.);
#352 = EDGE_CURVE('',#345,#353,#355,.T.);
#353 = VERTEX_POINT('',#354);
#354 = CARTESIAN_POINT('',(-1.27,-3.556,2.54));
#355 = LINE('',#356,#357);
#356 = CARTESIAN_POINT('',(-1.27,-1.524,2.54));
#357 = VECTOR('',#358,1.);
#358 = DIRECTION('',(0.,-1.,0.));
#359 = ORIENTED_EDGE('',*,*,#360,.T.);
#360 = EDGE_CURVE('',#353,#361,#363,.T.);
#361 = VERTEX_POINT('',#362);
#362 = CARTESIAN_POINT('',(-1.016,-3.81,2.54));
#363 = LINE('',#364,#365);
#364 = CARTESIAN_POINT('',(-1.27,-3.556,2.54));
#365 = VECTOR('',#366,1.);
#366 = DIRECTION('',(0.707106781187,-0.707106781187,0.));
#367 = ORIENTED_EDGE('',*,*,#368,.T.);
#368 = EDGE_CURVE('',#361,#369,#371,.T.);
#369 = VERTEX_POINT('',#370);
#370 = CARTESIAN_POINT('',(1.016,-3.81,2.54));
#371 = LINE('',#372,#373);
#372 = CARTESIAN_POINT('',(-1.016,-3.81,2.54));
#373 = VECTOR('',#374,1.);
#374 = DIRECTION('',(1.,0.,0.));
#375 = ORIENTED_EDGE('',*,*,#376,.T.);
#376 = EDGE_CURVE('',#369,#377,#379,.T.);
#377 = VERTEX_POINT('',#378);
#378 = CARTESIAN_POINT('',(1.27,-3.556,2.54));
#379 = LINE('',#380,#381);
#380 = CARTESIAN_POINT('',(1.016,-3.81,2.54));
#381 = VECTOR('',#382,1.);
#382 = DIRECTION('',(0.707106781187,0.707106781187,0.));
#383 = ORIENTED_EDGE('',*,*,#384,.T.);
#384 = EDGE_CURVE('',#377,#385,#387,.T.);
#385 = VERTEX_POINT('',#386);
#386 = CARTESIAN_POINT('',(1.27,-1.524,2.54));
#387 = LINE('',#388,#389);
#388 = CARTESIAN_POINT('',(1.27,-3.556,2.54));
#389 = VECTOR('',#390,1.);
#390 = DIRECTION('',(0.,1.,0.));
#391 = ORIENTED_EDGE('',*,*,#392,.T.);
#392 = EDGE_CURVE('',#385,#393,#395,.T.);
#393 = VERTEX_POINT('',#394);
#394 = CARTESIAN_POINT('',(1.016,-1.27,2.54));
#395 = LINE('',#396,#397);
#396 = CARTESIAN_POINT('',(1.27,-1.524,2.54));
#397 = VECTOR('',#398,1.);
#398 = DIRECTION('',(-0.707106781187,0.707106781187,0.));
#399 = ORIENTED_EDGE('',*,*,#400,.T.);
#400 = EDGE_CURVE('',#393,#401,#403,.T.);
#401 = VERTEX_POINT('',#402);
#402 = CARTESIAN_POINT('',(1.27,-1.016,2.54));
#403 = LINE('',#404,#405);
#404 = CARTESIAN_POINT('',(1.016,-1.27,2.54));
#405 = VECTOR('',#406,1.);
#406 = DIRECTION('',(0.707106781187,0.707106781187,0.));
#407 = ORIENTED_EDGE('',*,*,#408,.T.);
#408 = EDGE_CURVE('',#401,#409,#411,.T.);
#409 = VERTEX_POINT('',#410);
#410 = CARTESIAN_POINT('',(1.27,1.016,2.54));
#411 = LINE('',#412,#413);
#412 = CARTESIAN_POINT('',(1.27,-1.016,2.54));
#413 = VECTOR('',#414,1.);
#414 = DIRECTION('',(0.,1.,0.));
#415 = ORIENTED_EDGE('',*,*,#416,.T.);
#416 = EDGE_CURVE('',#409,#110,#417,.T.);
#417 = LINE('',#418,#419);
#418 = CARTESIAN_POINT('',(1.27,1.016,2.54));
#419 = VECTOR('',#420,1.);
#420 = DIRECTION('',(-0.707106781187,0.707106781187,0.));
#421 = ORIENTED_EDGE('',*,*,#117,.T.);
#422 = FACE_BOUND('',#423,.T.);
#423 = EDGE_LOOP('',(#424,#434,#442,#450));
#424 = ORIENTED_EDGE('',*,*,#425,.T.);
#425 = EDGE_CURVE('',#426,#428,#430,.T.);
#426 = VERTEX_POINT('',#427);
#427 = CARTESIAN_POINT('',(0.32,-0.32,2.54));
#428 = VERTEX_POINT('',#429);
#429 = CARTESIAN_POINT('',(-0.32,-0.32,2.54));
#430 = LINE('',#431,#432);
#431 = CARTESIAN_POINT('',(-0.16,-0.32,2.54));
#432 = VECTOR('',#433,1.);
#433 = DIRECTION('',(-1.,0.,0.));
#434 = ORIENTED_EDGE('',*,*,#435,.T.);
#435 = EDGE_CURVE('',#428,#436,#438,.T.);
#436 = VERTEX_POINT('',#437);
#437 = CARTESIAN_POINT('',(-0.32,0.32,2.54));
#438 = LINE('',#439,#440);
#439 = CARTESIAN_POINT('',(-0.32,-0.795,2.54));
#440 = VECTOR('',#441,1.);
#441 = DIRECTION('',(0.,1.,0.));
#442 = ORIENTED_EDGE('',*,*,#443,.F.);
#443 = EDGE_CURVE('',#444,#436,#446,.T.);
#444 = VERTEX_POINT('',#445);
#445 = CARTESIAN_POINT('',(0.32,0.32,2.54));
#446 = LINE('',#447,#448);
#447 = CARTESIAN_POINT('',(-0.16,0.32,2.54));
#448 = VECTOR('',#449,1.);
#449 = DIRECTION('',(-1.,0.,0.));
#450 = ORIENTED_EDGE('',*,*,#451,.F.);
#451 = EDGE_CURVE('',#426,#444,#452,.T.);
#452 = LINE('',#453,#454);
#453 = CARTESIAN_POINT('',(0.32,-0.795,2.54));
#454 = VECTOR('',#455,1.);
#455 = DIRECTION('',(0.,1.,0.));
#456 = FACE_BOUND('',#457,.T.);
#457 = EDGE_LOOP('',(#458,#468,#476,#484));
#458 = ORIENTED_EDGE('',*,*,#459,.T.);
#459 = EDGE_CURVE('',#460,#462,#464,.T.);
#460 = VERTEX_POINT('',#461);
#461 = CARTESIAN_POINT('',(0.32,-2.86,2.54));
#462 = VERTEX_POINT('',#463);
#463 = CARTESIAN_POINT('',(-0.32,-2.86,2.54));
#464 = LINE('',#465,#466);
#465 = CARTESIAN_POINT('',(-0.16,-2.86,2.54));
#466 = VECTOR('',#467,1.);
#467 = DIRECTION('',(-1.,0.,0.));
#468 = ORIENTED_EDGE('',*,*,#469,.T.);
#469 = EDGE_CURVE('',#462,#470,#472,.T.);
#470 = VERTEX_POINT('',#471);
#471 = CARTESIAN_POINT('',(-0.32,-2.22,2.54));
#472 = LINE('',#473,#474);
#473 = CARTESIAN_POINT('',(-0.32,-2.065,2.54));
#474 = VECTOR('',#475,1.);
#475 = DIRECTION('',(0.,1.,0.));
#476 = ORIENTED_EDGE('',*,*,#477,.F.);
#477 = EDGE_CURVE('',#478,#470,#480,.T.);
#478 = VERTEX_POINT('',#479);
#479 = CARTESIAN_POINT('',(0.32,-2.22,2.54));
#480 = LINE('',#481,#482);
#481 = CARTESIAN_POINT('',(-0.16,-2.22,2.54));
#482 = VECTOR('',#483,1.);
#483 = DIRECTION('',(-1.,0.,0.));
#484 = ORIENTED_EDGE('',*,*,#485,.F.);
#485 = EDGE_CURVE('',#460,#478,#486,.T.);
#486 = LINE('',#487,#488);
#487 = CARTESIAN_POINT('',(0.32,-2.065,2.54));
#488 = VECTOR('',#489,1.);
#489 = DIRECTION('',(0.,1.,0.));
#490 = PLANE('',#491);
#491 = AXIS2_PLACEMENT_3D('',#492,#493,#494);
#492 = CARTESIAN_POINT('',(1.473843703412E-17,-1.27,2.54));
#493 = DIRECTION('',(0.,0.,1.));
#494 = DIRECTION('',(1.,0.,-0.));
#495 = ADVANCED_FACE('',(#496),#507,.F.);
#496 = FACE_BOUND('',#497,.F.);
#497 = EDGE_LOOP('',(#498,#504,#505,#506));
#498 = ORIENTED_EDGE('',*,*,#499,.T.);
#499 = EDGE_CURVE('',#244,#409,#500,.T.);
#500 = LINE('',#501,#502);
#501 = CARTESIAN_POINT('',(1.27,1.016,0.));
#502 = VECTOR('',#503,1.);
#503 = DIRECTION('',(0.,0.,1.));
#504 = ORIENTED_EDGE('',*,*,#416,.T.);
#505 = ORIENTED_EDGE('',*,*,#107,.F.);
#506 = ORIENTED_EDGE('',*,*,#251,.F.);
#507 = PLANE('',#508);
#508 = AXIS2_PLACEMENT_3D('',#509,#510,#511);
#509 = CARTESIAN_POINT('',(1.27,1.016,0.));
#510 = DIRECTION('',(-0.707106781187,-0.707106781187,0.));
#511 = DIRECTION('',(-0.707106781187,0.707106781187,0.));
#512 = ADVANCED_FACE('',(#513),#524,.F.);
#513 = FACE_BOUND('',#514,.F.);
#514 = EDGE_LOOP('',(#515,#516,#517,#523));
#515 = ORIENTED_EDGE('',*,*,#147,.T.);
#516 = ORIENTED_EDGE('',*,*,#336,.T.);
#517 = ORIENTED_EDGE('',*,*,#518,.F.);
#518 = EDGE_CURVE('',#172,#337,#519,.T.);
#519 = LINE('',#520,#521);
#520 = CARTESIAN_POINT('',(-1.016,-1.27,0.));
#521 = VECTOR('',#522,1.);
#522 = DIRECTION('',(0.,0.,1.));
#523 = ORIENTED_EDGE('',*,*,#171,.F.);
#524 = PLANE('',#525);
#525 = AXIS2_PLACEMENT_3D('',#526,#527,#528);
#526 = CARTESIAN_POINT('',(-1.27,-1.016,0.));
#527 = DIRECTION('',(0.707106781187,0.707106781187,0.));
#528 = DIRECTION('',(0.707106781187,-0.707106781187,0.));
#529 = ADVANCED_FACE('',(#530),#541,.F.);
#530 = FACE_BOUND('',#531,.F.);
#531 = EDGE_LOOP('',(#532,#538,#539,#540));
#532 = ORIENTED_EDGE('',*,*,#533,.T.);
#533 = EDGE_CURVE('',#236,#401,#534,.T.);
#534 = LINE('',#535,#536);
#535 = CARTESIAN_POINT('',(1.27,-1.016,0.));
#536 = VECTOR('',#537,1.);
#537 = DIRECTION('',(0.,0.,1.));
#538 = ORIENTED_EDGE('',*,*,#408,.T.);
#539 = ORIENTED_EDGE('',*,*,#499,.F.);
#540 = ORIENTED_EDGE('',*,*,#243,.F.);
#541 = PLANE('',#542);
#542 = AXIS2_PLACEMENT_3D('',#543,#544,#545);
#543 = CARTESIAN_POINT('',(1.27,-1.016,0.));
#544 = DIRECTION('',(-1.,0.,0.));
#545 = DIRECTION('',(0.,1.,0.));
#546 = ADVANCED_FACE('',(#547),#558,.F.);
#547 = FACE_BOUND('',#548,.F.);
#548 = EDGE_LOOP('',(#549,#550,#551,#557));
#549 = ORIENTED_EDGE('',*,*,#518,.T.);
#550 = ORIENTED_EDGE('',*,*,#344,.T.);
#551 = ORIENTED_EDGE('',*,*,#552,.F.);
#552 = EDGE_CURVE('',#180,#345,#553,.T.);
#553 = LINE('',#554,#555);
#554 = CARTESIAN_POINT('',(-1.27,-1.524,0.));
#555 = VECTOR('',#556,1.);
#556 = DIRECTION('',(0.,0.,1.));
#557 = ORIENTED_EDGE('',*,*,#179,.F.);
#558 = PLANE('',#559);
#559 = AXIS2_PLACEMENT_3D('',#560,#561,#562);
#560 = CARTESIAN_POINT('',(-1.016,-1.27,0.));
#561 = DIRECTION('',(0.707106781187,-0.707106781187,0.));
#562 = DIRECTION('',(-0.707106781187,-0.707106781187,0.));
#563 = ADVANCED_FACE('',(#564),#575,.F.);
#564 = FACE_BOUND('',#565,.F.);
#565 = EDGE_LOOP('',(#566,#572,#573,#574));
#566 = ORIENTED_EDGE('',*,*,#567,.T.);
#567 = EDGE_CURVE('',#228,#393,#568,.T.);
#568 = LINE('',#569,#570);
#569 = CARTESIAN_POINT('',(1.016,-1.27,0.));
#570 = VECTOR('',#571,1.);
#571 = DIRECTION('',(0.,0.,1.));
#572 = ORIENTED_EDGE('',*,*,#400,.T.);
#573 = ORIENTED_EDGE('',*,*,#533,.F.);
#574 = ORIENTED_EDGE('',*,*,#235,.F.);
#575 = PLANE('',#576);
#576 = AXIS2_PLACEMENT_3D('',#577,#578,#579);
#577 = CARTESIAN_POINT('',(1.016,-1.27,0.));
#578 = DIRECTION('',(-0.707106781187,0.707106781187,0.));
#579 = DIRECTION('',(0.707106781187,0.707106781187,0.));
#580 = ADVANCED_FACE('',(#581),#592,.F.);
#581 = FACE_BOUND('',#582,.F.);
#582 = EDGE_LOOP('',(#583,#584,#585,#591));
#583 = ORIENTED_EDGE('',*,*,#552,.T.);
#584 = ORIENTED_EDGE('',*,*,#352,.T.);
#585 = ORIENTED_EDGE('',*,*,#586,.F.);
#586 = EDGE_CURVE('',#188,#353,#587,.T.);
#587 = LINE('',#588,#589);
#588 = CARTESIAN_POINT('',(-1.27,-3.556,0.));
#589 = VECTOR('',#590,1.);
#590 = DIRECTION('',(0.,0.,1.));
#591 = ORIENTED_EDGE('',*,*,#187,.F.);
#592 = PLANE('',#593);
#593 = AXIS2_PLACEMENT_3D('',#594,#595,#596);
#594 = CARTESIAN_POINT('',(-1.27,-1.524,0.));
#595 = DIRECTION('',(1.,0.,0.));
#596 = DIRECTION('',(0.,-1.,0.));
#597 = ADVANCED_FACE('',(#598),#609,.F.);
#598 = FACE_BOUND('',#599,.F.);
#599 = EDGE_LOOP('',(#600,#606,#607,#608));
#600 = ORIENTED_EDGE('',*,*,#601,.T.);
#601 = EDGE_CURVE('',#220,#385,#602,.T.);
#602 = LINE('',#603,#604);
#603 = CARTESIAN_POINT('',(1.27,-1.524,0.));
#604 = VECTOR('',#605,1.);
#605 = DIRECTION('',(0.,0.,1.));
#606 = ORIENTED_EDGE('',*,*,#392,.T.);
#607 = ORIENTED_EDGE('',*,*,#567,.F.);
#608 = ORIENTED_EDGE('',*,*,#227,.F.);
#609 = PLANE('',#610);
#610 = AXIS2_PLACEMENT_3D('',#611,#612,#613);
#611 = CARTESIAN_POINT('',(1.27,-1.524,0.));
#612 = DIRECTION('',(-0.707106781187,-0.707106781187,0.));
#613 = DIRECTION('',(-0.707106781187,0.707106781187,0.));
#614 = ADVANCED_FACE('',(#615),#626,.F.);
#615 = FACE_BOUND('',#616,.F.);
#616 = EDGE_LOOP('',(#617,#618,#619,#625));
#617 = ORIENTED_EDGE('',*,*,#586,.T.);
#618 = ORIENTED_EDGE('',*,*,#360,.T.);
#619 = ORIENTED_EDGE('',*,*,#620,.F.);
#620 = EDGE_CURVE('',#196,#361,#621,.T.);
#621 = LINE('',#622,#623);
#622 = CARTESIAN_POINT('',(-1.016,-3.81,0.));
#623 = VECTOR('',#624,1.);
#624 = DIRECTION('',(0.,0.,1.));
#625 = ORIENTED_EDGE('',*,*,#195,.F.);
#626 = PLANE('',#627);
#627 = AXIS2_PLACEMENT_3D('',#628,#629,#630);
#628 = CARTESIAN_POINT('',(-1.27,-3.556,0.));
#629 = DIRECTION('',(0.707106781187,0.707106781187,0.));
#630 = DIRECTION('',(0.707106781187,-0.707106781187,0.));
#631 = ADVANCED_FACE('',(#632),#643,.F.);
#632 = FACE_BOUND('',#633,.F.);
#633 = EDGE_LOOP('',(#634,#640,#641,#642));
#634 = ORIENTED_EDGE('',*,*,#635,.T.);
#635 = EDGE_CURVE('',#212,#377,#636,.T.);
#636 = LINE('',#637,#638);
#637 = CARTESIAN_POINT('',(1.27,-3.556,0.));
#638 = VECTOR('',#639,1.);
#639 = DIRECTION('',(0.,0.,1.));
#640 = ORIENTED_EDGE('',*,*,#384,.T.);
#641 = ORIENTED_EDGE('',*,*,#601,.F.);
#642 = ORIENTED_EDGE('',*,*,#219,.F.);
#643 = PLANE('',#644);
#644 = AXIS2_PLACEMENT_3D('',#645,#646,#647);
#645 = CARTESIAN_POINT('',(1.27,-3.556,0.));
#646 = DIRECTION('',(-1.,0.,0.));
#647 = DIRECTION('',(0.,1.,0.));
#648 = ADVANCED_FACE('',(#649),#660,.F.);
#649 = FACE_BOUND('',#650,.F.);
#650 = EDGE_LOOP('',(#651,#652,#653,#659));
#651 = ORIENTED_EDGE('',*,*,#620,.T.);
#652 = ORIENTED_EDGE('',*,*,#368,.T.);
#653 = ORIENTED_EDGE('',*,*,#654,.F.);
#654 = EDGE_CURVE('',#204,#369,#655,.T.);
#655 = LINE('',#656,#657);
#656 = CARTESIAN_POINT('',(1.016,-3.81,0.));
#657 = VECTOR('',#658,1.);
#658 = DIRECTION('',(0.,0.,1.));
#659 = ORIENTED_EDGE('',*,*,#203,.F.);
#660 = PLANE('',#661);
#661 = AXIS2_PLACEMENT_3D('',#662,#663,#664);
#662 = CARTESIAN_POINT('',(-1.016,-3.81,0.));
#663 = DIRECTION('',(0.,1.,0.));
#664 = DIRECTION('',(1.,0.,0.));
#665 = ADVANCED_FACE('',(#666),#672,.F.);
#666 = FACE_BOUND('',#667,.F.);
#667 = EDGE_LOOP('',(#668,#669,#670,#671));
#668 = ORIENTED_EDGE('',*,*,#654,.T.);
#669 = ORIENTED_EDGE('',*,*,#376,.T.);
#670 = ORIENTED_EDGE('',*,*,#635,.F.);
#671 = ORIENTED_EDGE('',*,*,#211,.F.);
#672 = PLANE('',#673);
#673 = AXIS2_PLACEMENT_3D('',#674,#675,#676);
#674 = CARTESIAN_POINT('',(1.016,-3.81,0.));
#675 = DIRECTION('',(-0.707106781187,0.707106781187,0.));
#676 = DIRECTION('',(0.707106781187,0.707106781187,0.));
#677 = ADVANCED_FACE('',(#678),#703,.F.);
#678 = FACE_BOUND('',#679,.F.);
#679 = EDGE_LOOP('',(#680,#688,#696,#702));
#680 = ORIENTED_EDGE('',*,*,#681,.F.);
#681 = EDGE_CURVE('',#682,#261,#684,.T.);
#682 = VERTEX_POINT('',#683);
#683 = CARTESIAN_POINT('',(0.32,-0.32,-2.84));
#684 = LINE('',#685,#686);
#685 = CARTESIAN_POINT('',(0.32,-0.32,-3.));
#686 = VECTOR('',#687,1.);
#687 = DIRECTION('',(0.,0.,1.));
#688 = ORIENTED_EDGE('',*,*,#689,.F.);
#689 = EDGE_CURVE('',#690,#682,#692,.T.);
#690 = VERTEX_POINT('',#691);
#691 = CARTESIAN_POINT('',(-0.32,-0.32,-2.84));
#692 = LINE('',#693,#694);
#693 = CARTESIAN_POINT('',(-0.32,-0.32,-2.84));
#694 = VECTOR('',#695,1.);
#695 = DIRECTION('',(1.,0.,0.));
#696 = ORIENTED_EDGE('',*,*,#697,.T.);
#697 = EDGE_CURVE('',#690,#263,#698,.T.);
#698 = LINE('',#699,#700);
#699 = CARTESIAN_POINT('',(-0.32,-0.32,-3.));
#700 = VECTOR('',#701,1.);
#701 = DIRECTION('',(0.,0.,1.));
#702 = ORIENTED_EDGE('',*,*,#260,.F.);
#703 = PLANE('',#704);
#704 = AXIS2_PLACEMENT_3D('',#705,#706,#707);
#705 = CARTESIAN_POINT('',(-0.32,-0.32,-3.));
#706 = DIRECTION('',(0.,1.,0.));
#707 = DIRECTION('',(0.,-0.,1.));
#708 = ADVANCED_FACE('',(#709),#727,.T.);
#709 = FACE_BOUND('',#710,.T.);
#710 = EDGE_LOOP('',(#711,#712,#720,#726));
#711 = ORIENTED_EDGE('',*,*,#681,.F.);
#712 = ORIENTED_EDGE('',*,*,#713,.T.);
#713 = EDGE_CURVE('',#682,#714,#716,.T.);
#714 = VERTEX_POINT('',#715);
#715 = CARTESIAN_POINT('',(0.32,0.32,-2.84));
#716 = LINE('',#717,#718);
#717 = CARTESIAN_POINT('',(0.32,-0.32,-2.84));
#718 = VECTOR('',#719,1.);
#719 = DIRECTION('',(0.,1.,0.));
#720 = ORIENTED_EDGE('',*,*,#721,.T.);
#721 = EDGE_CURVE('',#714,#279,#722,.T.);
#722 = LINE('',#723,#724);
#723 = CARTESIAN_POINT('',(0.32,0.32,-3.));
#724 = VECTOR('',#725,1.);
#725 = DIRECTION('',(0.,0.,1.));
#726 = ORIENTED_EDGE('',*,*,#286,.F.);
#727 = PLANE('',#728);
#728 = AXIS2_PLACEMENT_3D('',#729,#730,#731);
#729 = CARTESIAN_POINT('',(0.32,-0.32,-3.));
#730 = DIRECTION('',(1.,0.,0.));
#731 = DIRECTION('',(0.,0.,1.));
#732 = ADVANCED_FACE('',(#733),#751,.T.);
#733 = FACE_BOUND('',#734,.T.);
#734 = EDGE_LOOP('',(#735,#736,#744,#750));
#735 = ORIENTED_EDGE('',*,*,#721,.F.);
#736 = ORIENTED_EDGE('',*,*,#737,.F.);
#737 = EDGE_CURVE('',#738,#714,#740,.T.);
#738 = VERTEX_POINT('',#739);
#739 = CARTESIAN_POINT('',(-0.32,0.32,-2.84));
#740 = LINE('',#741,#742);
#741 = CARTESIAN_POINT('',(-0.32,0.32,-2.84));
#742 = VECTOR('',#743,1.);
#743 = DIRECTION('',(1.,0.,0.));
#744 = ORIENTED_EDGE('',*,*,#745,.T.);
#745 = EDGE_CURVE('',#738,#271,#746,.T.);
#746 = LINE('',#747,#748);
#747 = CARTESIAN_POINT('',(-0.32,0.32,-3.));
#748 = VECTOR('',#749,1.);
#749 = DIRECTION('',(0.,0.,1.));
#750 = ORIENTED_EDGE('',*,*,#278,.F.);
#751 = PLANE('',#752);
#752 = AXIS2_PLACEMENT_3D('',#753,#754,#755);
#753 = CARTESIAN_POINT('',(-0.32,0.32,-3.));
#754 = DIRECTION('',(0.,1.,0.));
#755 = DIRECTION('',(0.,-0.,1.));
#756 = ADVANCED_FACE('',(#757),#768,.F.);
#757 = FACE_BOUND('',#758,.F.);
#758 = EDGE_LOOP('',(#759,#760,#766,#767));
#759 = ORIENTED_EDGE('',*,*,#697,.F.);
#760 = ORIENTED_EDGE('',*,*,#761,.T.);
#761 = EDGE_CURVE('',#690,#738,#762,.T.);
#762 = LINE('',#763,#764);
#763 = CARTESIAN_POINT('',(-0.32,-0.32,-2.84));
#764 = VECTOR('',#765,1.);
#765 = DIRECTION('',(0.,1.,0.));
#766 = ORIENTED_EDGE('',*,*,#745,.T.);
#767 = ORIENTED_EDGE('',*,*,#270,.F.);
#768 = PLANE('',#769);
#769 = AXIS2_PLACEMENT_3D('',#770,#771,#772);
#770 = CARTESIAN_POINT('',(-0.32,-0.32,-3.));
#771 = DIRECTION('',(1.,0.,0.));
#772 = DIRECTION('',(0.,0.,1.));
#773 = ADVANCED_FACE('',(#774),#799,.F.);
#774 = FACE_BOUND('',#775,.F.);
#775 = EDGE_LOOP('',(#776,#784,#792,#798));
#776 = ORIENTED_EDGE('',*,*,#777,.F.);
#777 = EDGE_CURVE('',#778,#295,#780,.T.);
#778 = VERTEX_POINT('',#779);
#779 = CARTESIAN_POINT('',(0.32,-2.86,-2.84));
#780 = LINE('',#781,#782);
#781 = CARTESIAN_POINT('',(0.32,-2.86,-3.));
#782 = VECTOR('',#783,1.);
#783 = DIRECTION('',(0.,0.,1.));
#784 = ORIENTED_EDGE('',*,*,#785,.F.);
#785 = EDGE_CURVE('',#786,#778,#788,.T.);
#786 = VERTEX_POINT('',#787);
#787 = CARTESIAN_POINT('',(-0.32,-2.86,-2.84));
#788 = LINE('',#789,#790);
#789 = CARTESIAN_POINT('',(-0.32,-2.86,-2.84));
#790 = VECTOR('',#791,1.);
#791 = DIRECTION('',(1.,0.,0.));
#792 = ORIENTED_EDGE('',*,*,#793,.T.);
#793 = EDGE_CURVE('',#786,#297,#794,.T.);
#794 = LINE('',#795,#796);
#795 = CARTESIAN_POINT('',(-0.32,-2.86,-3.));
#796 = VECTOR('',#797,1.);
#797 = DIRECTION('',(0.,0.,1.));
#798 = ORIENTED_EDGE('',*,*,#294,.F.);
#799 = PLANE('',#800);
#800 = AXIS2_PLACEMENT_3D('',#801,#802,#803);
#801 = CARTESIAN_POINT('',(-0.32,-2.86,-3.));
#802 = DIRECTION('',(0.,1.,0.));
#803 = DIRECTION('',(0.,-0.,1.));
#804 = ADVANCED_FACE('',(#805),#823,.T.);
#805 = FACE_BOUND('',#806,.T.);
#806 = EDGE_LOOP('',(#807,#808,#816,#822));
#807 = ORIENTED_EDGE('',*,*,#777,.F.);
#808 = ORIENTED_EDGE('',*,*,#809,.T.);
#809 = EDGE_CURVE('',#778,#810,#812,.T.);
#810 = VERTEX_POINT('',#811);
#811 = CARTESIAN_POINT('',(0.32,-2.22,-2.84));
#812 = LINE('',#813,#814);
#813 = CARTESIAN_POINT('',(0.32,-2.86,-2.84));
#814 = VECTOR('',#815,1.);
#815 = DIRECTION('',(0.,1.,0.));
#816 = ORIENTED_EDGE('',*,*,#817,.T.);
#817 = EDGE_CURVE('',#810,#313,#818,.T.);
#818 = LINE('',#819,#820);
#819 = CARTESIAN_POINT('',(0.32,-2.22,-3.));
#820 = VECTOR('',#821,1.);
#821 = DIRECTION('',(0.,0.,1.));
#822 = ORIENTED_EDGE('',*,*,#320,.F.);
#823 = PLANE('',#824);
#824 = AXIS2_PLACEMENT_3D('',#825,#826,#827);
#825 = CARTESIAN_POINT('',(0.32,-2.86,-3.));
#826 = DIRECTION('',(1.,0.,0.));
#827 = DIRECTION('',(0.,0.,1.));
#828 = ADVANCED_FACE('',(#829),#847,.T.);
#829 = FACE_BOUND('',#830,.T.);
#830 = EDGE_LOOP('',(#831,#832,#840,#846));
#831 = ORIENTED_EDGE('',*,*,#817,.F.);
#832 = ORIENTED_EDGE('',*,*,#833,.F.);
#833 = EDGE_CURVE('',#834,#810,#836,.T.);
#834 = VERTEX_POINT('',#835);
#835 = CARTESIAN_POINT('',(-0.32,-2.22,-2.84));
#836 = LINE('',#837,#838);
#837 = CARTESIAN_POINT('',(-0.32,-2.22,-2.84));
#838 = VECTOR('',#839,1.);
#839 = DIRECTION('',(1.,0.,0.));
#840 = ORIENTED_EDGE('',*,*,#841,.T.);
#841 = EDGE_CURVE('',#834,#305,#842,.T.);
#842 = LINE('',#843,#844);
#843 = CARTESIAN_POINT('',(-0.32,-2.22,-3.));
#844 = VECTOR('',#845,1.);
#845 = DIRECTION('',(0.,0.,1.));
#846 = ORIENTED_EDGE('',*,*,#312,.F.);
#847 = PLANE('',#848);
#848 = AXIS2_PLACEMENT_3D('',#849,#850,#851);
#849 = CARTESIAN_POINT('',(-0.32,-2.22,-3.));
#850 = DIRECTION('',(0.,1.,0.));
#851 = DIRECTION('',(0.,-0.,1.));
#852 = ADVANCED_FACE('',(#853),#864,.F.);
#853 = FACE_BOUND('',#854,.F.);
#854 = EDGE_LOOP('',(#855,#856,#862,#863));
#855 = ORIENTED_EDGE('',*,*,#793,.F.);
#856 = ORIENTED_EDGE('',*,*,#857,.T.);
#857 = EDGE_CURVE('',#786,#834,#858,.T.);
#858 = LINE('',#859,#860);
#859 = CARTESIAN_POINT('',(-0.32,-2.86,-2.84));
#860 = VECTOR('',#861,1.);
#861 = DIRECTION('',(0.,1.,0.));
#862 = ORIENTED_EDGE('',*,*,#841,.T.);
#863 = ORIENTED_EDGE('',*,*,#304,.F.);
#864 = PLANE('',#865);
#865 = AXIS2_PLACEMENT_3D('',#866,#867,#868);
#866 = CARTESIAN_POINT('',(-0.32,-2.86,-3.));
#867 = DIRECTION('',(1.,0.,0.));
#868 = DIRECTION('',(0.,0.,1.));
#869 = ADVANCED_FACE('',(#870),#895,.F.);
#870 = FACE_BOUND('',#871,.F.);
#871 = EDGE_LOOP('',(#872,#880,#881,#889));
#872 = ORIENTED_EDGE('',*,*,#873,.F.);
#873 = EDGE_CURVE('',#426,#874,#876,.T.);
#874 = VERTEX_POINT('',#875);
#875 = CARTESIAN_POINT('',(0.32,-0.32,8.38));
#876 = LINE('',#877,#878);
#877 = CARTESIAN_POINT('',(0.32,-0.32,-3.));
#878 = VECTOR('',#879,1.);
#879 = DIRECTION('',(0.,0.,1.));
#880 = ORIENTED_EDGE('',*,*,#425,.T.);
#881 = ORIENTED_EDGE('',*,*,#882,.T.);
#882 = EDGE_CURVE('',#428,#883,#885,.T.);
#883 = VERTEX_POINT('',#884);
#884 = CARTESIAN_POINT('',(-0.32,-0.32,8.38));
#885 = LINE('',#886,#887);
#886 = CARTESIAN_POINT('',(-0.32,-0.32,-3.));
#887 = VECTOR('',#888,1.);
#888 = DIRECTION('',(0.,0.,1.));
#889 = ORIENTED_EDGE('',*,*,#890,.T.);
#890 = EDGE_CURVE('',#883,#874,#891,.T.);
#891 = LINE('',#892,#893);
#892 = CARTESIAN_POINT('',(-0.32,-0.32,8.38));
#893 = VECTOR('',#894,1.);
#894 = DIRECTION('',(1.,0.,0.));
#895 = PLANE('',#896);
#896 = AXIS2_PLACEMENT_3D('',#897,#898,#899);
#897 = CARTESIAN_POINT('',(-0.32,-0.32,-3.));
#898 = DIRECTION('',(0.,1.,0.));
#899 = DIRECTION('',(0.,-0.,1.));
#900 = ADVANCED_FACE('',(#901),#919,.T.);
#901 = FACE_BOUND('',#902,.T.);
#902 = EDGE_LOOP('',(#903,#904,#905,#913));
#903 = ORIENTED_EDGE('',*,*,#873,.F.);
#904 = ORIENTED_EDGE('',*,*,#451,.T.);
#905 = ORIENTED_EDGE('',*,*,#906,.T.);
#906 = EDGE_CURVE('',#444,#907,#909,.T.);
#907 = VERTEX_POINT('',#908);
#908 = CARTESIAN_POINT('',(0.32,0.32,8.38));
#909 = LINE('',#910,#911);
#910 = CARTESIAN_POINT('',(0.32,0.32,-3.));
#911 = VECTOR('',#912,1.);
#912 = DIRECTION('',(0.,0.,1.));
#913 = ORIENTED_EDGE('',*,*,#914,.F.);
#914 = EDGE_CURVE('',#874,#907,#915,.T.);
#915 = LINE('',#916,#917);
#916 = CARTESIAN_POINT('',(0.32,-0.32,8.38));
#917 = VECTOR('',#918,1.);
#918 = DIRECTION('',(0.,1.,0.));
#919 = PLANE('',#920);
#920 = AXIS2_PLACEMENT_3D('',#921,#922,#923);
#921 = CARTESIAN_POINT('',(0.32,-0.32,-3.));
#922 = DIRECTION('',(1.,0.,0.));
#923 = DIRECTION('',(0.,0.,1.));
#924 = ADVANCED_FACE('',(#925),#943,.T.);
#925 = FACE_BOUND('',#926,.T.);
#926 = EDGE_LOOP('',(#927,#928,#929,#937));
#927 = ORIENTED_EDGE('',*,*,#906,.F.);
#928 = ORIENTED_EDGE('',*,*,#443,.T.);
#929 = ORIENTED_EDGE('',*,*,#930,.T.);
#930 = EDGE_CURVE('',#436,#931,#933,.T.);
#931 = VERTEX_POINT('',#932);
#932 = CARTESIAN_POINT('',(-0.32,0.32,8.38));
#933 = LINE('',#934,#935);
#934 = CARTESIAN_POINT('',(-0.32,0.32,-3.));
#935 = VECTOR('',#936,1.);
#936 = DIRECTION('',(0.,0.,1.));
#937 = ORIENTED_EDGE('',*,*,#938,.T.);
#938 = EDGE_CURVE('',#931,#907,#939,.T.);
#939 = LINE('',#940,#941);
#940 = CARTESIAN_POINT('',(-0.32,0.32,8.38));
#941 = VECTOR('',#942,1.);
#942 = DIRECTION('',(1.,0.,0.));
#943 = PLANE('',#944);
#944 = AXIS2_PLACEMENT_3D('',#945,#946,#947);
#945 = CARTESIAN_POINT('',(-0.32,0.32,-3.));
#946 = DIRECTION('',(0.,1.,0.));
#947 = DIRECTION('',(0.,-0.,1.));
#948 = ADVANCED_FACE('',(#949),#960,.F.);
#949 = FACE_BOUND('',#950,.F.);
#950 = EDGE_LOOP('',(#951,#952,#953,#954));
#951 = ORIENTED_EDGE('',*,*,#882,.F.);
#952 = ORIENTED_EDGE('',*,*,#435,.T.);
#953 = ORIENTED_EDGE('',*,*,#930,.T.);
#954 = ORIENTED_EDGE('',*,*,#955,.F.);
#955 = EDGE_CURVE('',#883,#931,#956,.T.);
#956 = LINE('',#957,#958);
#957 = CARTESIAN_POINT('',(-0.32,-0.32,8.38));
#958 = VECTOR('',#959,1.);
#959 = DIRECTION('',(0.,1.,0.));
#960 = PLANE('',#961);
#961 = AXIS2_PLACEMENT_3D('',#962,#963,#964);
#962 = CARTESIAN_POINT('',(-0.32,-0.32,-3.));
#963 = DIRECTION('',(1.,0.,0.));
#964 = DIRECTION('',(0.,0.,1.));
#965 = ADVANCED_FACE('',(#966),#991,.F.);
#966 = FACE_BOUND('',#967,.F.);
#967 = EDGE_LOOP('',(#968,#976,#977,#985));
#968 = ORIENTED_EDGE('',*,*,#969,.F.);
#969 = EDGE_CURVE('',#460,#970,#972,.T.);
#970 = VERTEX_POINT('',#971);
#971 = CARTESIAN_POINT('',(0.32,-2.86,8.38));
#972 = LINE('',#973,#974);
#973 = CARTESIAN_POINT('',(0.32,-2.86,-3.));
#974 = VECTOR('',#975,1.);
#975 = DIRECTION('',(0.,0.,1.));
#976 = ORIENTED_EDGE('',*,*,#459,.T.);
#977 = ORIENTED_EDGE('',*,*,#978,.T.);
#978 = EDGE_CURVE('',#462,#979,#981,.T.);
#979 = VERTEX_POINT('',#980);
#980 = CARTESIAN_POINT('',(-0.32,-2.86,8.38));
#981 = LINE('',#982,#983);
#982 = CARTESIAN_POINT('',(-0.32,-2.86,-3.));
#983 = VECTOR('',#984,1.);
#984 = DIRECTION('',(0.,0.,1.));
#985 = ORIENTED_EDGE('',*,*,#986,.T.);
#986 = EDGE_CURVE('',#979,#970,#987,.T.);
#987 = LINE('',#988,#989);
#988 = CARTESIAN_POINT('',(-0.32,-2.86,8.38));
#989 = VECTOR('',#990,1.);
#990 = DIRECTION('',(1.,0.,0.));
#991 = PLANE('',#992);
#992 = AXIS2_PLACEMENT_3D('',#993,#994,#995);
#993 = CARTESIAN_POINT('',(-0.32,-2.86,-3.));
#994 = DIRECTION('',(0.,1.,0.));
#995 = DIRECTION('',(0.,-0.,1.));
#996 = ADVANCED_FACE('',(#997),#1015,.T.);
#997 = FACE_BOUND('',#998,.T.);
#998 = EDGE_LOOP('',(#999,#1000,#1001,#1009));
#999 = ORIENTED_EDGE('',*,*,#969,.F.);
#1000 = ORIENTED_EDGE('',*,*,#485,.T.);
#1001 = ORIENTED_EDGE('',*,*,#1002,.T.);
#1002 = EDGE_CURVE('',#478,#1003,#1005,.T.);
#1003 = VERTEX_POINT('',#1004);
#1004 = CARTESIAN_POINT('',(0.32,-2.22,8.38));
#1005 = LINE('',#1006,#1007);
#1006 = CARTESIAN_POINT('',(0.32,-2.22,-3.));
#1007 = VECTOR('',#1008,1.);
#1008 = DIRECTION('',(0.,0.,1.));
#1009 = ORIENTED_EDGE('',*,*,#1010,.F.);
#1010 = EDGE_CURVE('',#970,#1003,#1011,.T.);
#1011 = LINE('',#1012,#1013);
#1012 = CARTESIAN_POINT('',(0.32,-2.86,8.38));
#1013 = VECTOR('',#1014,1.);
#1014 = DIRECTION('',(0.,1.,0.));
#1015 = PLANE('',#1016);
#1016 = AXIS2_PLACEMENT_3D('',#1017,#1018,#1019);
#1017 = CARTESIAN_POINT('',(0.32,-2.86,-3.));
#1018 = DIRECTION('',(1.,0.,0.));
#1019 = DIRECTION('',(0.,0.,1.));
#1020 = ADVANCED_FACE('',(#1021),#1039,.T.);
#1021 = FACE_BOUND('',#1022,.T.);
#1022 = EDGE_LOOP('',(#1023,#1024,#1025,#1033));
#1023 = ORIENTED_EDGE('',*,*,#1002,.F.);
#1024 = ORIENTED_EDGE('',*,*,#477,.T.);
#1025 = ORIENTED_EDGE('',*,*,#1026,.T.);
#1026 = EDGE_CURVE('',#470,#1027,#1029,.T.);
#1027 = VERTEX_POINT('',#1028);
#1028 = CARTESIAN_POINT('',(-0.32,-2.22,8.38));
#1029 = LINE('',#1030,#1031);
#1030 = CARTESIAN_POINT('',(-0.32,-2.22,-3.));
#1031 = VECTOR('',#1032,1.);
#1032 = DIRECTION('',(0.,0.,1.));
#1033 = ORIENTED_EDGE('',*,*,#1034,.T.);
#1034 = EDGE_CURVE('',#1027,#1003,#1035,.T.);
#1035 = LINE('',#1036,#1037);
#1036 = CARTESIAN_POINT('',(-0.32,-2.22,8.38));
#1037 = VECTOR('',#1038,1.);
#1038 = DIRECTION('',(1.,0.,0.));
#1039 = PLANE('',#1040);
#1040 = AXIS2_PLACEMENT_3D('',#1041,#1042,#1043);
#1041 = CARTESIAN_POINT('',(-0.32,-2.22,-3.));
#1042 = DIRECTION('',(0.,1.,0.));
#1043 = DIRECTION('',(0.,-0.,1.));
#1044 = ADVANCED_FACE('',(#1045),#1056,.F.);
#1045 = FACE_BOUND('',#1046,.F.);
#1046 = EDGE_LOOP('',(#1047,#1048,#1049,#1050));
#1047 = ORIENTED_EDGE('',*,*,#978,.F.);
#1048 = ORIENTED_EDGE('',*,*,#469,.T.);
#1049 = ORIENTED_EDGE('',*,*,#1026,.T.);
#1050 = ORIENTED_EDGE('',*,*,#1051,.F.);
#1051 = EDGE_CURVE('',#979,#1027,#1052,.T.);
#1052 = LINE('',#1053,#1054);
#1053 = CARTESIAN_POINT('',(-0.32,-2.86,8.38));
#1054 = VECTOR('',#1055,1.);
#1055 = DIRECTION('',(0.,1.,0.));
#1056 = PLANE('',#1057);
#1057 = AXIS2_PLACEMENT_3D('',#1058,#1059,#1060);
#1058 = CARTESIAN_POINT('',(-0.32,-2.86,-3.));
#1059 = DIRECTION('',(1.,0.,0.));
#1060 = DIRECTION('',(0.,0.,1.));
#1061 = ADVANCED_FACE('',(#1062),#1087,.T.);
#1062 = FACE_BOUND('',#1063,.F.);
#1063 = EDGE_LOOP('',(#1064,#1072,#1073,#1081));
#1064 = ORIENTED_EDGE('',*,*,#1065,.F.);
#1065 = EDGE_CURVE('',#690,#1066,#1068,.T.);
#1066 = VERTEX_POINT('',#1067);
#1067 = CARTESIAN_POINT('',(-0.16,-0.16,-3.));
#1068 = LINE('',#1069,#1070);
#1069 = CARTESIAN_POINT('',(-0.266666666667,-0.266666666667,
    -2.893333333333));
#1070 = VECTOR('',#1071,1.);
#1071 = DIRECTION('',(0.57735026919,0.57735026919,-0.57735026919));
#1072 = ORIENTED_EDGE('',*,*,#689,.T.);
#1073 = ORIENTED_EDGE('',*,*,#1074,.T.);
#1074 = EDGE_CURVE('',#682,#1075,#1077,.T.);
#1075 = VERTEX_POINT('',#1076);
#1076 = CARTESIAN_POINT('',(0.16,-0.16,-3.));
#1077 = LINE('',#1078,#1079);
#1078 = CARTESIAN_POINT('',(0.16,-0.16,-3.));
#1079 = VECTOR('',#1080,1.);
#1080 = DIRECTION('',(-0.57735026919,0.57735026919,-0.57735026919));
#1081 = ORIENTED_EDGE('',*,*,#1082,.F.);
#1082 = EDGE_CURVE('',#1066,#1075,#1083,.T.);
#1083 = LINE('',#1084,#1085);
#1084 = CARTESIAN_POINT('',(-0.32,-0.16,-3.));
#1085 = VECTOR('',#1086,1.);
#1086 = DIRECTION('',(1.,0.,0.));
#1087 = PLANE('',#1088);
#1088 = AXIS2_PLACEMENT_3D('',#1089,#1090,#1091);
#1089 = CARTESIAN_POINT('',(-0.32,-0.24,-2.92));
#1090 = DIRECTION('',(1.735167508357E-18,-0.707106781187,-0.707106781187
    ));
#1091 = DIRECTION('',(-1.,-1.226948711654E-18,-1.226948711654E-18));
#1092 = ADVANCED_FACE('',(#1093),#1111,.F.);
#1093 = FACE_BOUND('',#1094,.F.);
#1094 = EDGE_LOOP('',(#1095,#1096,#1097,#1105));
#1095 = ORIENTED_EDGE('',*,*,#1074,.F.);
#1096 = ORIENTED_EDGE('',*,*,#713,.T.);
#1097 = ORIENTED_EDGE('',*,*,#1098,.T.);
#1098 = EDGE_CURVE('',#714,#1099,#1101,.T.);
#1099 = VERTEX_POINT('',#1100);
#1100 = CARTESIAN_POINT('',(0.16,0.16,-3.));
#1101 = LINE('',#1102,#1103);
#1102 = CARTESIAN_POINT('',(5.333333333333E-02,5.333333333333E-02,
    -3.106666666667));
#1103 = VECTOR('',#1104,1.);
#1104 = DIRECTION('',(-0.57735026919,-0.57735026919,-0.57735026919));
#1105 = ORIENTED_EDGE('',*,*,#1106,.F.);
#1106 = EDGE_CURVE('',#1075,#1099,#1107,.T.);
#1107 = LINE('',#1108,#1109);
#1108 = CARTESIAN_POINT('',(0.16,-0.32,-3.));
#1109 = VECTOR('',#1110,1.);
#1110 = DIRECTION('',(0.,1.,0.));
#1111 = PLANE('',#1112);
#1112 = AXIS2_PLACEMENT_3D('',#1113,#1114,#1115);
#1113 = CARTESIAN_POINT('',(0.24,-0.32,-2.92));
#1114 = DIRECTION('',(-0.707106781187,1.735167508357E-18,0.707106781187)
  );
#1115 = DIRECTION('',(1.226948711654E-18,1.,-1.226948711654E-18));
#1116 = ADVANCED_FACE('',(#1117),#1135,.F.);
#1117 = FACE_BOUND('',#1118,.T.);
#1118 = EDGE_LOOP('',(#1119,#1127,#1128,#1129));
#1119 = ORIENTED_EDGE('',*,*,#1120,.F.);
#1120 = EDGE_CURVE('',#738,#1121,#1123,.T.);
#1121 = VERTEX_POINT('',#1122);
#1122 = CARTESIAN_POINT('',(-0.16,0.16,-3.));
#1123 = LINE('',#1124,#1125);
#1124 = CARTESIAN_POINT('',(-0.16,0.16,-3.));
#1125 = VECTOR('',#1126,1.);
#1126 = DIRECTION('',(0.57735026919,-0.57735026919,-0.57735026919));
#1127 = ORIENTED_EDGE('',*,*,#737,.T.);
#1128 = ORIENTED_EDGE('',*,*,#1098,.T.);
#1129 = ORIENTED_EDGE('',*,*,#1130,.F.);
#1130 = EDGE_CURVE('',#1121,#1099,#1131,.T.);
#1131 = LINE('',#1132,#1133);
#1132 = CARTESIAN_POINT('',(-0.32,0.16,-3.));
#1133 = VECTOR('',#1134,1.);
#1134 = DIRECTION('',(1.,0.,0.));
#1135 = PLANE('',#1136);
#1136 = AXIS2_PLACEMENT_3D('',#1137,#1138,#1139);
#1137 = CARTESIAN_POINT('',(-0.32,0.24,-2.92));
#1138 = DIRECTION('',(-1.735167508357E-18,-0.707106781187,0.707106781187
    ));
#1139 = DIRECTION('',(-1.,1.226948711654E-18,-1.226948711654E-18));
#1140 = ADVANCED_FACE('',(#1141),#1152,.T.);
#1141 = FACE_BOUND('',#1142,.T.);
#1142 = EDGE_LOOP('',(#1143,#1144,#1145,#1146));
#1143 = ORIENTED_EDGE('',*,*,#1065,.F.);
#1144 = ORIENTED_EDGE('',*,*,#761,.T.);
#1145 = ORIENTED_EDGE('',*,*,#1120,.T.);
#1146 = ORIENTED_EDGE('',*,*,#1147,.F.);
#1147 = EDGE_CURVE('',#1066,#1121,#1148,.T.);
#1148 = LINE('',#1149,#1150);
#1149 = CARTESIAN_POINT('',(-0.16,-0.32,-3.));
#1150 = VECTOR('',#1151,1.);
#1151 = DIRECTION('',(0.,1.,0.));
#1152 = PLANE('',#1153);
#1153 = AXIS2_PLACEMENT_3D('',#1154,#1155,#1156);
#1154 = CARTESIAN_POINT('',(-0.24,-0.32,-2.92));
#1155 = DIRECTION('',(-0.707106781187,-1.735167508357E-18,
    -0.707106781187));
#1156 = DIRECTION('',(-1.226948711654E-18,1.,-1.226948711654E-18));
#1157 = ADVANCED_FACE('',(#1158),#1183,.T.);
#1158 = FACE_BOUND('',#1159,.F.);
#1159 = EDGE_LOOP('',(#1160,#1168,#1169,#1177));
#1160 = ORIENTED_EDGE('',*,*,#1161,.F.);
#1161 = EDGE_CURVE('',#786,#1162,#1164,.T.);
#1162 = VERTEX_POINT('',#1163);
#1163 = CARTESIAN_POINT('',(-0.16,-2.7,-3.));
#1164 = LINE('',#1165,#1166);
#1165 = CARTESIAN_POINT('',(-0.266666666667,-2.806666666667,
    -2.893333333333));
#1166 = VECTOR('',#1167,1.);
#1167 = DIRECTION('',(0.57735026919,0.57735026919,-0.57735026919));
#1168 = ORIENTED_EDGE('',*,*,#785,.T.);
#1169 = ORIENTED_EDGE('',*,*,#1170,.T.);
#1170 = EDGE_CURVE('',#778,#1171,#1173,.T.);
#1171 = VERTEX_POINT('',#1172);
#1172 = CARTESIAN_POINT('',(0.16,-2.7,-3.));
#1173 = LINE('',#1174,#1175);
#1174 = CARTESIAN_POINT('',(0.16,-2.7,-3.));
#1175 = VECTOR('',#1176,1.);
#1176 = DIRECTION('',(-0.57735026919,0.57735026919,-0.57735026919));
#1177 = ORIENTED_EDGE('',*,*,#1178,.F.);
#1178 = EDGE_CURVE('',#1162,#1171,#1179,.T.);
#1179 = LINE('',#1180,#1181);
#1180 = CARTESIAN_POINT('',(-0.32,-2.7,-3.));
#1181 = VECTOR('',#1182,1.);
#1182 = DIRECTION('',(1.,0.,0.));
#1183 = PLANE('',#1184);
#1184 = AXIS2_PLACEMENT_3D('',#1185,#1186,#1187);
#1185 = CARTESIAN_POINT('',(-0.32,-2.78,-2.92));
#1186 = DIRECTION('',(1.735167508357E-18,-0.707106781187,-0.707106781187
    ));
#1187 = DIRECTION('',(-1.,-1.226948711654E-18,-1.226948711654E-18));
#1188 = ADVANCED_FACE('',(#1189),#1207,.F.);
#1189 = FACE_BOUND('',#1190,.F.);
#1190 = EDGE_LOOP('',(#1191,#1192,#1193,#1201));
#1191 = ORIENTED_EDGE('',*,*,#1170,.F.);
#1192 = ORIENTED_EDGE('',*,*,#809,.T.);
#1193 = ORIENTED_EDGE('',*,*,#1194,.T.);
#1194 = EDGE_CURVE('',#810,#1195,#1197,.T.);
#1195 = VERTEX_POINT('',#1196);
#1196 = CARTESIAN_POINT('',(0.16,-2.38,-3.));
#1197 = LINE('',#1198,#1199);
#1198 = CARTESIAN_POINT('',(5.333333333333E-02,-2.486666666667,
    -3.106666666667));
#1199 = VECTOR('',#1200,1.);
#1200 = DIRECTION('',(-0.57735026919,-0.57735026919,-0.57735026919));
#1201 = ORIENTED_EDGE('',*,*,#1202,.F.);
#1202 = EDGE_CURVE('',#1171,#1195,#1203,.T.);
#1203 = LINE('',#1204,#1205);
#1204 = CARTESIAN_POINT('',(0.16,-2.86,-3.));
#1205 = VECTOR('',#1206,1.);
#1206 = DIRECTION('',(0.,1.,0.));
#1207 = PLANE('',#1208);
#1208 = AXIS2_PLACEMENT_3D('',#1209,#1210,#1211);
#1209 = CARTESIAN_POINT('',(0.24,-2.86,-2.92));
#1210 = DIRECTION('',(-0.707106781187,1.735167508357E-18,0.707106781187)
  );
#1211 = DIRECTION('',(1.226948711654E-18,1.,-1.226948711654E-18));
#1212 = ADVANCED_FACE('',(#1213),#1231,.F.);
#1213 = FACE_BOUND('',#1214,.T.);
#1214 = EDGE_LOOP('',(#1215,#1223,#1224,#1225));
#1215 = ORIENTED_EDGE('',*,*,#1216,.F.);
#1216 = EDGE_CURVE('',#834,#1217,#1219,.T.);
#1217 = VERTEX_POINT('',#1218);
#1218 = CARTESIAN_POINT('',(-0.16,-2.38,-3.));
#1219 = LINE('',#1220,#1221);
#1220 = CARTESIAN_POINT('',(-0.16,-2.38,-3.));
#1221 = VECTOR('',#1222,1.);
#1222 = DIRECTION('',(0.57735026919,-0.57735026919,-0.57735026919));
#1223 = ORIENTED_EDGE('',*,*,#833,.T.);
#1224 = ORIENTED_EDGE('',*,*,#1194,.T.);
#1225 = ORIENTED_EDGE('',*,*,#1226,.F.);
#1226 = EDGE_CURVE('',#1217,#1195,#1227,.T.);
#1227 = LINE('',#1228,#1229);
#1228 = CARTESIAN_POINT('',(-0.32,-2.38,-3.));
#1229 = VECTOR('',#1230,1.);
#1230 = DIRECTION('',(1.,0.,0.));
#1231 = PLANE('',#1232);
#1232 = AXIS2_PLACEMENT_3D('',#1233,#1234,#1235);
#1233 = CARTESIAN_POINT('',(-0.32,-2.3,-2.92));
#1234 = DIRECTION('',(-1.735167508357E-18,-0.707106781187,0.707106781187
    ));
#1235 = DIRECTION('',(-1.,1.226948711654E-18,-1.226948711654E-18));
#1236 = ADVANCED_FACE('',(#1237),#1248,.T.);
#1237 = FACE_BOUND('',#1238,.T.);
#1238 = EDGE_LOOP('',(#1239,#1240,#1241,#1242));
#1239 = ORIENTED_EDGE('',*,*,#1161,.F.);
#1240 = ORIENTED_EDGE('',*,*,#857,.T.);
#1241 = ORIENTED_EDGE('',*,*,#1216,.T.);
#1242 = ORIENTED_EDGE('',*,*,#1243,.F.);
#1243 = EDGE_CURVE('',#1162,#1217,#1244,.T.);
#1244 = LINE('',#1245,#1246);
#1245 = CARTESIAN_POINT('',(-0.16,-2.86,-3.));
#1246 = VECTOR('',#1247,1.);
#1247 = DIRECTION('',(0.,1.,0.));
#1248 = PLANE('',#1249);
#1249 = AXIS2_PLACEMENT_3D('',#1250,#1251,#1252);
#1250 = CARTESIAN_POINT('',(-0.24,-2.86,-2.92));
#1251 = DIRECTION('',(-0.707106781187,-1.735167508357E-18,
    -0.707106781187));
#1252 = DIRECTION('',(-1.226948711654E-18,1.,-1.226948711654E-18));
#1253 = ADVANCED_FACE('',(#1254),#1279,.F.);
#1254 = FACE_BOUND('',#1255,.T.);
#1255 = EDGE_LOOP('',(#1256,#1264,#1265,#1273));
#1256 = ORIENTED_EDGE('',*,*,#1257,.F.);
#1257 = EDGE_CURVE('',#883,#1258,#1260,.T.);
#1258 = VERTEX_POINT('',#1259);
#1259 = CARTESIAN_POINT('',(-0.16,-0.16,8.54));
#1260 = LINE('',#1261,#1262);
#1261 = CARTESIAN_POINT('',(-0.266666666667,-0.266666666667,
    8.433333333333));
#1262 = VECTOR('',#1263,1.);
#1263 = DIRECTION('',(0.57735026919,0.57735026919,0.57735026919));
#1264 = ORIENTED_EDGE('',*,*,#890,.T.);
#1265 = ORIENTED_EDGE('',*,*,#1266,.T.);
#1266 = EDGE_CURVE('',#874,#1267,#1269,.T.);
#1267 = VERTEX_POINT('',#1268);
#1268 = CARTESIAN_POINT('',(0.16,-0.16,8.54));
#1269 = LINE('',#1270,#1271);
#1270 = CARTESIAN_POINT('',(0.16,-0.16,8.54));
#1271 = VECTOR('',#1272,1.);
#1272 = DIRECTION('',(-0.57735026919,0.57735026919,0.57735026919));
#1273 = ORIENTED_EDGE('',*,*,#1274,.F.);
#1274 = EDGE_CURVE('',#1258,#1267,#1275,.T.);
#1275 = LINE('',#1276,#1277);
#1276 = CARTESIAN_POINT('',(-0.32,-0.16,8.54));
#1277 = VECTOR('',#1278,1.);
#1278 = DIRECTION('',(1.,0.,0.));
#1279 = PLANE('',#1280);
#1280 = AXIS2_PLACEMENT_3D('',#1281,#1282,#1283);
#1281 = CARTESIAN_POINT('',(-0.32,-0.24,8.46));
#1282 = DIRECTION('',(-1.735167508357E-18,0.707106781187,-0.707106781187
    ));
#1283 = DIRECTION('',(-1.,-1.226948711654E-18,1.226948711654E-18));
#1284 = ADVANCED_FACE('',(#1285),#1303,.T.);
#1285 = FACE_BOUND('',#1286,.T.);
#1286 = EDGE_LOOP('',(#1287,#1288,#1289,#1297));
#1287 = ORIENTED_EDGE('',*,*,#1266,.F.);
#1288 = ORIENTED_EDGE('',*,*,#914,.T.);
#1289 = ORIENTED_EDGE('',*,*,#1290,.T.);
#1290 = EDGE_CURVE('',#907,#1291,#1293,.T.);
#1291 = VERTEX_POINT('',#1292);
#1292 = CARTESIAN_POINT('',(0.16,0.16,8.54));
#1293 = LINE('',#1294,#1295);
#1294 = CARTESIAN_POINT('',(5.333333333333E-02,5.333333333333E-02,
    8.646666666667));
#1295 = VECTOR('',#1296,1.);
#1296 = DIRECTION('',(-0.57735026919,-0.57735026919,0.57735026919));
#1297 = ORIENTED_EDGE('',*,*,#1298,.F.);
#1298 = EDGE_CURVE('',#1267,#1291,#1299,.T.);
#1299 = LINE('',#1300,#1301);
#1300 = CARTESIAN_POINT('',(0.16,-0.32,8.54));
#1301 = VECTOR('',#1302,1.);
#1302 = DIRECTION('',(0.,1.,0.));
#1303 = PLANE('',#1304);
#1304 = AXIS2_PLACEMENT_3D('',#1305,#1306,#1307);
#1305 = CARTESIAN_POINT('',(0.24,-0.32,8.46));
#1306 = DIRECTION('',(0.707106781187,-1.735167508357E-18,0.707106781187)
  );
#1307 = DIRECTION('',(1.226948711654E-18,1.,1.226948711654E-18));
#1308 = ADVANCED_FACE('',(#1309),#1327,.T.);
#1309 = FACE_BOUND('',#1310,.F.);
#1310 = EDGE_LOOP('',(#1311,#1319,#1320,#1321));
#1311 = ORIENTED_EDGE('',*,*,#1312,.F.);
#1312 = EDGE_CURVE('',#931,#1313,#1315,.T.);
#1313 = VERTEX_POINT('',#1314);
#1314 = CARTESIAN_POINT('',(-0.16,0.16,8.54));
#1315 = LINE('',#1316,#1317);
#1316 = CARTESIAN_POINT('',(-0.16,0.16,8.54));
#1317 = VECTOR('',#1318,1.);
#1318 = DIRECTION('',(0.57735026919,-0.57735026919,0.57735026919));
#1319 = ORIENTED_EDGE('',*,*,#938,.T.);
#1320 = ORIENTED_EDGE('',*,*,#1290,.T.);
#1321 = ORIENTED_EDGE('',*,*,#1322,.F.);
#1322 = EDGE_CURVE('',#1313,#1291,#1323,.T.);
#1323 = LINE('',#1324,#1325);
#1324 = CARTESIAN_POINT('',(-0.32,0.16,8.54));
#1325 = VECTOR('',#1326,1.);
#1326 = DIRECTION('',(1.,0.,0.));
#1327 = PLANE('',#1328);
#1328 = AXIS2_PLACEMENT_3D('',#1329,#1330,#1331);
#1329 = CARTESIAN_POINT('',(-0.32,0.24,8.46));
#1330 = DIRECTION('',(1.735167508357E-18,0.707106781187,0.707106781187)
  );
#1331 = DIRECTION('',(-1.,1.226948711654E-18,1.226948711654E-18));
#1332 = ADVANCED_FACE('',(#1333),#1344,.F.);
#1333 = FACE_BOUND('',#1334,.F.);
#1334 = EDGE_LOOP('',(#1335,#1336,#1337,#1338));
#1335 = ORIENTED_EDGE('',*,*,#1257,.F.);
#1336 = ORIENTED_EDGE('',*,*,#955,.T.);
#1337 = ORIENTED_EDGE('',*,*,#1312,.T.);
#1338 = ORIENTED_EDGE('',*,*,#1339,.F.);
#1339 = EDGE_CURVE('',#1258,#1313,#1340,.T.);
#1340 = LINE('',#1341,#1342);
#1341 = CARTESIAN_POINT('',(-0.16,-0.32,8.54));
#1342 = VECTOR('',#1343,1.);
#1343 = DIRECTION('',(0.,1.,0.));
#1344 = PLANE('',#1345);
#1345 = AXIS2_PLACEMENT_3D('',#1346,#1347,#1348);
#1346 = CARTESIAN_POINT('',(-0.24,-0.32,8.46));
#1347 = DIRECTION('',(0.707106781187,1.735167508357E-18,-0.707106781187)
  );
#1348 = DIRECTION('',(-1.226948711654E-18,1.,1.226948711654E-18));
#1349 = ADVANCED_FACE('',(#1350),#1375,.F.);
#1350 = FACE_BOUND('',#1351,.T.);
#1351 = EDGE_LOOP('',(#1352,#1360,#1361,#1369));
#1352 = ORIENTED_EDGE('',*,*,#1353,.F.);
#1353 = EDGE_CURVE('',#979,#1354,#1356,.T.);
#1354 = VERTEX_POINT('',#1355);
#1355 = CARTESIAN_POINT('',(-0.16,-2.7,8.54));
#1356 = LINE('',#1357,#1358);
#1357 = CARTESIAN_POINT('',(-0.266666666667,-2.806666666667,
    8.433333333333));
#1358 = VECTOR('',#1359,1.);
#1359 = DIRECTION('',(0.57735026919,0.57735026919,0.57735026919));
#1360 = ORIENTED_EDGE('',*,*,#986,.T.);
#1361 = ORIENTED_EDGE('',*,*,#1362,.T.);
#1362 = EDGE_CURVE('',#970,#1363,#1365,.T.);
#1363 = VERTEX_POINT('',#1364);
#1364 = CARTESIAN_POINT('',(0.16,-2.7,8.54));
#1365 = LINE('',#1366,#1367);
#1366 = CARTESIAN_POINT('',(0.16,-2.7,8.54));
#1367 = VECTOR('',#1368,1.);
#1368 = DIRECTION('',(-0.57735026919,0.57735026919,0.57735026919));
#1369 = ORIENTED_EDGE('',*,*,#1370,.F.);
#1370 = EDGE_CURVE('',#1354,#1363,#1371,.T.);
#1371 = LINE('',#1372,#1373);
#1372 = CARTESIAN_POINT('',(-0.32,-2.7,8.54));
#1373 = VECTOR('',#1374,1.);
#1374 = DIRECTION('',(1.,0.,0.));
#1375 = PLANE('',#1376);
#1376 = AXIS2_PLACEMENT_3D('',#1377,#1378,#1379);
#1377 = CARTESIAN_POINT('',(-0.32,-2.78,8.46));
#1378 = DIRECTION('',(-1.735167508357E-18,0.707106781187,-0.707106781187
    ));
#1379 = DIRECTION('',(-1.,-1.226948711654E-18,1.226948711654E-18));
#1380 = ADVANCED_FACE('',(#1381),#1399,.T.);
#1381 = FACE_BOUND('',#1382,.T.);
#1382 = EDGE_LOOP('',(#1383,#1384,#1385,#1393));
#1383 = ORIENTED_EDGE('',*,*,#1362,.F.);
#1384 = ORIENTED_EDGE('',*,*,#1010,.T.);
#1385 = ORIENTED_EDGE('',*,*,#1386,.T.);
#1386 = EDGE_CURVE('',#1003,#1387,#1389,.T.);
#1387 = VERTEX_POINT('',#1388);
#1388 = CARTESIAN_POINT('',(0.16,-2.38,8.54));
#1389 = LINE('',#1390,#1391);
#1390 = CARTESIAN_POINT('',(5.333333333333E-02,-2.486666666667,
    8.646666666667));
#1391 = VECTOR('',#1392,1.);
#1392 = DIRECTION('',(-0.57735026919,-0.57735026919,0.57735026919));
#1393 = ORIENTED_EDGE('',*,*,#1394,.F.);
#1394 = EDGE_CURVE('',#1363,#1387,#1395,.T.);
#1395 = LINE('',#1396,#1397);
#1396 = CARTESIAN_POINT('',(0.16,-2.86,8.54));
#1397 = VECTOR('',#1398,1.);
#1398 = DIRECTION('',(0.,1.,0.));
#1399 = PLANE('',#1400);
#1400 = AXIS2_PLACEMENT_3D('',#1401,#1402,#1403);
#1401 = CARTESIAN_POINT('',(0.24,-2.86,8.46));
#1402 = DIRECTION('',(0.707106781187,-1.735167508357E-18,0.707106781187)
  );
#1403 = DIRECTION('',(1.226948711654E-18,1.,1.226948711654E-18));
#1404 = ADVANCED_FACE('',(#1405),#1423,.T.);
#1405 = FACE_BOUND('',#1406,.F.);
#1406 = EDGE_LOOP('',(#1407,#1415,#1416,#1417));
#1407 = ORIENTED_EDGE('',*,*,#1408,.F.);
#1408 = EDGE_CURVE('',#1027,#1409,#1411,.T.);
#1409 = VERTEX_POINT('',#1410);
#1410 = CARTESIAN_POINT('',(-0.16,-2.38,8.54));
#1411 = LINE('',#1412,#1413);
#1412 = CARTESIAN_POINT('',(-0.16,-2.38,8.54));
#1413 = VECTOR('',#1414,1.);
#1414 = DIRECTION('',(0.57735026919,-0.57735026919,0.57735026919));
#1415 = ORIENTED_EDGE('',*,*,#1034,.T.);
#1416 = ORIENTED_EDGE('',*,*,#1386,.T.);
#1417 = ORIENTED_EDGE('',*,*,#1418,.F.);
#1418 = EDGE_CURVE('',#1409,#1387,#1419,.T.);
#1419 = LINE('',#1420,#1421);
#1420 = CARTESIAN_POINT('',(-0.32,-2.38,8.54));
#1421 = VECTOR('',#1422,1.);
#1422 = DIRECTION('',(1.,0.,0.));
#1423 = PLANE('',#1424);
#1424 = AXIS2_PLACEMENT_3D('',#1425,#1426,#1427);
#1425 = CARTESIAN_POINT('',(-0.32,-2.3,8.46));
#1426 = DIRECTION('',(1.735167508357E-18,0.707106781187,0.707106781187)
  );
#1427 = DIRECTION('',(-1.,1.226948711654E-18,1.226948711654E-18));
#1428 = ADVANCED_FACE('',(#1429),#1440,.F.);
#1429 = FACE_BOUND('',#1430,.F.);
#1430 = EDGE_LOOP('',(#1431,#1432,#1433,#1434));
#1431 = ORIENTED_EDGE('',*,*,#1353,.F.);
#1432 = ORIENTED_EDGE('',*,*,#1051,.T.);
#1433 = ORIENTED_EDGE('',*,*,#1408,.T.);
#1434 = ORIENTED_EDGE('',*,*,#1435,.F.);
#1435 = EDGE_CURVE('',#1354,#1409,#1436,.T.);
#1436 = LINE('',#1437,#1438);
#1437 = CARTESIAN_POINT('',(-0.16,-2.86,8.54));
#1438 = VECTOR('',#1439,1.);
#1439 = DIRECTION('',(0.,1.,0.));
#1440 = PLANE('',#1441);
#1441 = AXIS2_PLACEMENT_3D('',#1442,#1443,#1444);
#1442 = CARTESIAN_POINT('',(-0.24,-2.86,8.46));
#1443 = DIRECTION('',(0.707106781187,1.735167508357E-18,-0.707106781187)
  );
#1444 = DIRECTION('',(-1.226948711654E-18,1.,1.226948711654E-18));
#1445 = ADVANCED_FACE('',(#1446),#1452,.F.);
#1446 = FACE_BOUND('',#1447,.F.);
#1447 = EDGE_LOOP('',(#1448,#1449,#1450,#1451));
#1448 = ORIENTED_EDGE('',*,*,#1147,.F.);
#1449 = ORIENTED_EDGE('',*,*,#1082,.T.);
#1450 = ORIENTED_EDGE('',*,*,#1106,.T.);
#1451 = ORIENTED_EDGE('',*,*,#1130,.F.);
#1452 = PLANE('',#1453);
#1453 = AXIS2_PLACEMENT_3D('',#1454,#1455,#1456);
#1454 = CARTESIAN_POINT('',(-0.32,-0.32,-3.));
#1455 = DIRECTION('',(0.,0.,1.));
#1456 = DIRECTION('',(1.,0.,-0.));
#1457 = ADVANCED_FACE('',(#1458),#1464,.F.);
#1458 = FACE_BOUND('',#1459,.F.);
#1459 = EDGE_LOOP('',(#1460,#1461,#1462,#1463));
#1460 = ORIENTED_EDGE('',*,*,#1243,.F.);
#1461 = ORIENTED_EDGE('',*,*,#1178,.T.);
#1462 = ORIENTED_EDGE('',*,*,#1202,.T.);
#1463 = ORIENTED_EDGE('',*,*,#1226,.F.);
#1464 = PLANE('',#1465);
#1465 = AXIS2_PLACEMENT_3D('',#1466,#1467,#1468);
#1466 = CARTESIAN_POINT('',(-0.32,-2.86,-3.));
#1467 = DIRECTION('',(0.,0.,1.));
#1468 = DIRECTION('',(1.,0.,-0.));
#1469 = ADVANCED_FACE('',(#1470),#1476,.T.);
#1470 = FACE_BOUND('',#1471,.T.);
#1471 = EDGE_LOOP('',(#1472,#1473,#1474,#1475));
#1472 = ORIENTED_EDGE('',*,*,#1322,.F.);
#1473 = ORIENTED_EDGE('',*,*,#1339,.F.);
#1474 = ORIENTED_EDGE('',*,*,#1274,.T.);
#1475 = ORIENTED_EDGE('',*,*,#1298,.T.);
#1476 = PLANE('',#1477);
#1477 = AXIS2_PLACEMENT_3D('',#1478,#1479,#1480);
#1478 = CARTESIAN_POINT('',(-0.32,-0.32,8.54));
#1479 = DIRECTION('',(0.,0.,1.));
#1480 = DIRECTION('',(1.,0.,-0.));
#1481 = ADVANCED_FACE('',(#1482),#1488,.T.);
#1482 = FACE_BOUND('',#1483,.T.);
#1483 = EDGE_LOOP('',(#1484,#1485,#1486,#1487));
#1484 = ORIENTED_EDGE('',*,*,#1418,.F.);
#1485 = ORIENTED_EDGE('',*,*,#1435,.F.);
#1486 = ORIENTED_EDGE('',*,*,#1370,.T.);
#1487 = ORIENTED_EDGE('',*,*,#1394,.T.);
#1488 = PLANE('',#1489);
#1489 = AXIS2_PLACEMENT_3D('',#1490,#1491,#1492);
#1490 = CARTESIAN_POINT('',(-0.32,-2.86,8.54));
#1491 = DIRECTION('',(0.,0.,1.));
#1492 = DIRECTION('',(1.,0.,-0.));
#1493 = ( GEOMETRIC_REPRESENTATION_CONTEXT(3) 
GLOBAL_UNCERTAINTY_ASSIGNED_CONTEXT((#1497)) 
GLOBAL_UNIT_ASSIGNED_CONTEXT((#1494,#1495,#1496)) REPRESENTATION_CONTEXT
('Context #1','3D Context with UNIT and UNCERTAINTY') );
#1494 = ( LENGTH_UNIT() NAMED_UNIT(*) SI_UNIT(.MILLI.,.METRE.) );
#1495 = ( NAMED_UNIT(*) PLANE_ANGLE_UNIT() SI_UNIT($,.RADIAN.) );
#1496 = ( NAMED_UNIT(*) SI_UNIT($,.STERADIAN.) SOLID_ANGLE_UNIT() );
#1497 = UNCERTAINTY_MEASURE_WITH_UNIT(LENGTH_MEASURE(1.E-07),#1494,
  'distance_accuracy_value','confusion accuracy');
#1498 = CONTEXT_DEPENDENT_SHAPE_REPRESENTATION(#1499,#1501);
#1499 = ( REPRESENTATION_RELATIONSHIP('','',#60,#10) 
REPRESENTATION_RELATIONSHIP_WITH_TRANSFORMATION(#1500) 
SHAPE_REPRESENTATION_RELATIONSHIP() );
#1500 = ITEM_DEFINED_TRANSFORMATION('','',#11,#15);
#1501 = PRODUCT_DEFINITION_SHAPE('Placement','Placement of an item',
  #1502);
#1502 = NEXT_ASSEMBLY_USAGE_OCCURRENCE('1','BT1','',#5,#55,$);
#1503 = PRODUCT_RELATED_PRODUCT_CATEGORY('part',$,(#57));
#1504 = SHAPE_DEFINITION_REPRESENTATION(#1505,#1511);
#1505 = PRODUCT_DEFINITION_SHAPE('','',#1506);
#1506 = PRODUCT_DEFINITION('design','',#1507,#1510);
#1507 = PRODUCT_DEFINITION_FORMATION('','',#1508);
#1508 = PRODUCT('C_0805_2012Metric','C_0805_2012Metric','',(#1509));
#1509 = PRODUCT_CONTEXT('',#2,'mechanical');
#1510 = PRODUCT_DEFINITION_CONTEXT('part definition',#2,'design');
#1511 = ADVANCED_BREP_SHAPE_REPRESENTATION('',(#11,#1512),#2366);
#1512 = MANIFOLD_SOLID_BREP('',#1513);
#1513 = CLOSED_SHELL('',(#1514,#1590,#1621,#1646,#1671,#1695,#1719,#1744
    ,#1769,#1786,#1872,#1904,#1928,#1953,#1977,#2002,#2026,#2051,#2068,
    #2154,#2185,#2210,#2235,#2259,#2283,#2308,#2333,#2350));
#1514 = ADVANCED_FACE('',(#1515),#1585,.F.);
#1515 = FACE_BOUND('',#1516,.F.);
#1516 = EDGE_LOOP('',(#1517,#1527,#1536,#1544,#1553,#1561,#1570,#1578));
#1517 = ORIENTED_EDGE('',*,*,#1518,.F.);
#1518 = EDGE_CURVE('',#1519,#1521,#1523,.T.);
#1519 = VERTEX_POINT('',#1520);
#1520 = CARTESIAN_POINT('',(-1.,-0.625,4.E-02));
#1521 = VERTEX_POINT('',#1522);
#1522 = CARTESIAN_POINT('',(-1.,-0.625,1.21));
#1523 = LINE('',#1524,#1525);
#1524 = CARTESIAN_POINT('',(-1.,-0.625,0.));
#1525 = VECTOR('',#1526,1.);
#1526 = DIRECTION('',(0.,0.,1.));
#1527 = ORIENTED_EDGE('',*,*,#1528,.T.);
#1528 = EDGE_CURVE('',#1519,#1529,#1531,.T.);
#1529 = VERTEX_POINT('',#1530);
#1530 = CARTESIAN_POINT('',(-1.,-0.585,0.));
#1531 = CIRCLE('',#1532,4.E-02);
#1532 = AXIS2_PLACEMENT_3D('',#1533,#1534,#1535);
#1533 = CARTESIAN_POINT('',(-1.,-0.585,4.E-02));
#1534 = DIRECTION('',(1.,0.,-0.));
#1535 = DIRECTION('',(0.,0.,1.));
#1536 = ORIENTED_EDGE('',*,*,#1537,.T.);
#1537 = EDGE_CURVE('',#1529,#1538,#1540,.T.);
#1538 = VERTEX_POINT('',#1539);
#1539 = CARTESIAN_POINT('',(-1.,0.585,0.));
#1540 = LINE('',#1541,#1542);
#1541 = CARTESIAN_POINT('',(-1.,-0.625,0.));
#1542 = VECTOR('',#1543,1.);
#1543 = DIRECTION('',(0.,1.,0.));
#1544 = ORIENTED_EDGE('',*,*,#1545,.F.);
#1545 = EDGE_CURVE('',#1546,#1538,#1548,.T.);
#1546 = VERTEX_POINT('',#1547);
#1547 = CARTESIAN_POINT('',(-1.,0.625,4.E-02));
#1548 = CIRCLE('',#1549,4.E-02);
#1549 = AXIS2_PLACEMENT_3D('',#1550,#1551,#1552);
#1550 = CARTESIAN_POINT('',(-1.,0.585,4.E-02));
#1551 = DIRECTION('',(-1.,0.,0.));
#1552 = DIRECTION('',(0.,0.,1.));
#1553 = ORIENTED_EDGE('',*,*,#1554,.T.);
#1554 = EDGE_CURVE('',#1546,#1555,#1557,.T.);
#1555 = VERTEX_POINT('',#1556);
#1556 = CARTESIAN_POINT('',(-1.,0.625,1.21));
#1557 = LINE('',#1558,#1559);
#1558 = CARTESIAN_POINT('',(-1.,0.625,0.));
#1559 = VECTOR('',#1560,1.);
#1560 = DIRECTION('',(0.,0.,1.));
#1561 = ORIENTED_EDGE('',*,*,#1562,.T.);
#1562 = EDGE_CURVE('',#1555,#1563,#1565,.T.);
#1563 = VERTEX_POINT('',#1564);
#1564 = CARTESIAN_POINT('',(-1.,0.585,1.25));
#1565 = CIRCLE('',#1566,4.E-02);
#1566 = AXIS2_PLACEMENT_3D('',#1567,#1568,#1569);
#1567 = CARTESIAN_POINT('',(-1.,0.585,1.21));
#1568 = DIRECTION('',(1.,0.,-0.));
#1569 = DIRECTION('',(0.,0.,1.));
#1570 = ORIENTED_EDGE('',*,*,#1571,.F.);
#1571 = EDGE_CURVE('',#1572,#1563,#1574,.T.);
#1572 = VERTEX_POINT('',#1573);
#1573 = CARTESIAN_POINT('',(-1.,-0.585,1.25));
#1574 = LINE('',#1575,#1576);
#1575 = CARTESIAN_POINT('',(-1.,-0.625,1.25));
#1576 = VECTOR('',#1577,1.);
#1577 = DIRECTION('',(0.,1.,0.));
#1578 = ORIENTED_EDGE('',*,*,#1579,.F.);
#1579 = EDGE_CURVE('',#1521,#1572,#1580,.T.);
#1580 = CIRCLE('',#1581,4.E-02);
#1581 = AXIS2_PLACEMENT_3D('',#1582,#1583,#1584);
#1582 = CARTESIAN_POINT('',(-1.,-0.585,1.21));
#1583 = DIRECTION('',(-1.,0.,0.));
#1584 = DIRECTION('',(0.,0.,1.));
#1585 = PLANE('',#1586);
#1586 = AXIS2_PLACEMENT_3D('',#1587,#1588,#1589);
#1587 = CARTESIAN_POINT('',(-1.,-0.625,0.));
#1588 = DIRECTION('',(1.,0.,0.));
#1589 = DIRECTION('',(0.,0.,1.));
#1590 = ADVANCED_FACE('',(#1591),#1616,.F.);
#1591 = FACE_BOUND('',#1592,.F.);
#1592 = EDGE_LOOP('',(#1593,#1603,#1609,#1610));
#1593 = ORIENTED_EDGE('',*,*,#1594,.F.);
#1594 = EDGE_CURVE('',#1595,#1597,#1599,.T.);
#1595 = VERTEX_POINT('',#1596);
#1596 = CARTESIAN_POINT('',(-0.6,-0.625,4.E-02));
#1597 = VERTEX_POINT('',#1598);
#1598 = CARTESIAN_POINT('',(-0.6,-0.625,1.21));
#1599 = LINE('',#1600,#1601);
#1600 = CARTESIAN_POINT('',(-0.6,-0.625,0.));
#1601 = VECTOR('',#1602,1.);
#1602 = DIRECTION('',(0.,0.,1.));
#1603 = ORIENTED_EDGE('',*,*,#1604,.F.);
#1604 = EDGE_CURVE('',#1519,#1595,#1605,.T.);
#1605 = LINE('',#1606,#1607);
#1606 = CARTESIAN_POINT('',(-1.,-0.625,4.E-02));
#1607 = VECTOR('',#1608,1.);
#1608 = DIRECTION('',(1.,0.,0.));
#1609 = ORIENTED_EDGE('',*,*,#1518,.T.);
#1610 = ORIENTED_EDGE('',*,*,#1611,.T.);
#1611 = EDGE_CURVE('',#1521,#1597,#1612,.T.);
#1612 = LINE('',#1613,#1614);
#1613 = CARTESIAN_POINT('',(-1.,-0.625,1.21));
#1614 = VECTOR('',#1615,1.);
#1615 = DIRECTION('',(1.,0.,0.));
#1616 = PLANE('',#1617);
#1617 = AXIS2_PLACEMENT_3D('',#1618,#1619,#1620);
#1618 = CARTESIAN_POINT('',(-1.,-0.625,0.));
#1619 = DIRECTION('',(0.,1.,0.));
#1620 = DIRECTION('',(0.,-0.,1.));
#1621 = ADVANCED_FACE('',(#1622),#1641,.T.);
#1622 = FACE_BOUND('',#1623,.T.);
#1623 = EDGE_LOOP('',(#1624,#1625,#1633,#1640));
#1624 = ORIENTED_EDGE('',*,*,#1528,.T.);
#1625 = ORIENTED_EDGE('',*,*,#1626,.T.);
#1626 = EDGE_CURVE('',#1529,#1627,#1629,.T.);
#1627 = VERTEX_POINT('',#1628);
#1628 = CARTESIAN_POINT('',(-0.6,-0.585,0.));
#1629 = LINE('',#1630,#1631);
#1630 = CARTESIAN_POINT('',(-1.,-0.585,0.));
#1631 = VECTOR('',#1632,1.);
#1632 = DIRECTION('',(1.,0.,0.));
#1633 = ORIENTED_EDGE('',*,*,#1634,.F.);
#1634 = EDGE_CURVE('',#1595,#1627,#1635,.T.);
#1635 = CIRCLE('',#1636,4.E-02);
#1636 = AXIS2_PLACEMENT_3D('',#1637,#1638,#1639);
#1637 = CARTESIAN_POINT('',(-0.6,-0.585,4.E-02));
#1638 = DIRECTION('',(1.,0.,-0.));
#1639 = DIRECTION('',(0.,0.,1.));
#1640 = ORIENTED_EDGE('',*,*,#1604,.F.);
#1641 = CYLINDRICAL_SURFACE('',#1642,4.E-02);
#1642 = AXIS2_PLACEMENT_3D('',#1643,#1644,#1645);
#1643 = CARTESIAN_POINT('',(-1.,-0.585,4.E-02));
#1644 = DIRECTION('',(1.,0.,0.));
#1645 = DIRECTION('',(0.,-1.,0.));
#1646 = ADVANCED_FACE('',(#1647),#1666,.T.);
#1647 = FACE_BOUND('',#1648,.T.);
#1648 = EDGE_LOOP('',(#1649,#1650,#1659,#1665));
#1649 = ORIENTED_EDGE('',*,*,#1611,.T.);
#1650 = ORIENTED_EDGE('',*,*,#1651,.T.);
#1651 = EDGE_CURVE('',#1597,#1652,#1654,.T.);
#1652 = VERTEX_POINT('',#1653);
#1653 = CARTESIAN_POINT('',(-0.6,-0.585,1.25));
#1654 = CIRCLE('',#1655,4.E-02);
#1655 = AXIS2_PLACEMENT_3D('',#1656,#1657,#1658);
#1656 = CARTESIAN_POINT('',(-0.6,-0.585,1.21));
#1657 = DIRECTION('',(-1.,0.,0.));
#1658 = DIRECTION('',(0.,0.,1.));
#1659 = ORIENTED_EDGE('',*,*,#1660,.F.);
#1660 = EDGE_CURVE('',#1572,#1652,#1661,.T.);
#1661 = LINE('',#1662,#1663);
#1662 = CARTESIAN_POINT('',(-1.,-0.585,1.25));
#1663 = VECTOR('',#1664,1.);
#1664 = DIRECTION('',(1.,0.,0.));
#1665 = ORIENTED_EDGE('',*,*,#1579,.F.);
#1666 = CYLINDRICAL_SURFACE('',#1667,4.E-02);
#1667 = AXIS2_PLACEMENT_3D('',#1668,#1669,#1670);
#1668 = CARTESIAN_POINT('',(-1.,-0.585,1.21));
#1669 = DIRECTION('',(1.,0.,0.));
#1670 = DIRECTION('',(0.,-1.,0.));
#1671 = ADVANCED_FACE('',(#1672),#1690,.F.);
#1672 = FACE_BOUND('',#1673,.F.);
#1673 = EDGE_LOOP('',(#1674,#1675,#1676,#1684));
#1674 = ORIENTED_EDGE('',*,*,#1537,.F.);
#1675 = ORIENTED_EDGE('',*,*,#1626,.T.);
#1676 = ORIENTED_EDGE('',*,*,#1677,.T.);
#1677 = EDGE_CURVE('',#1627,#1678,#1680,.T.);
#1678 = VERTEX_POINT('',#1679);
#1679 = CARTESIAN_POINT('',(-0.6,0.585,0.));
#1680 = LINE('',#1681,#1682);
#1681 = CARTESIAN_POINT('',(-0.6,-0.625,0.));
#1682 = VECTOR('',#1683,1.);
#1683 = DIRECTION('',(0.,1.,0.));
#1684 = ORIENTED_EDGE('',*,*,#1685,.F.);
#1685 = EDGE_CURVE('',#1538,#1678,#1686,.T.);
#1686 = LINE('',#1687,#1688);
#1687 = CARTESIAN_POINT('',(-1.,0.585,0.));
#1688 = VECTOR('',#1689,1.);
#1689 = DIRECTION('',(1.,0.,0.));
#1690 = PLANE('',#1691);
#1691 = AXIS2_PLACEMENT_3D('',#1692,#1693,#1694);
#1692 = CARTESIAN_POINT('',(-1.,-0.625,0.));
#1693 = DIRECTION('',(0.,0.,1.));
#1694 = DIRECTION('',(1.,0.,-0.));
#1695 = ADVANCED_FACE('',(#1696),#1714,.T.);
#1696 = FACE_BOUND('',#1697,.T.);
#1697 = EDGE_LOOP('',(#1698,#1699,#1700,#1708));
#1698 = ORIENTED_EDGE('',*,*,#1571,.F.);
#1699 = ORIENTED_EDGE('',*,*,#1660,.T.);
#1700 = ORIENTED_EDGE('',*,*,#1701,.T.);
#1701 = EDGE_CURVE('',#1652,#1702,#1704,.T.);
#1702 = VERTEX_POINT('',#1703);
#1703 = CARTESIAN_POINT('',(-0.6,0.585,1.25));
#1704 = LINE('',#1705,#1706);
#1705 = CARTESIAN_POINT('',(-0.6,-0.625,1.25));
#1706 = VECTOR('',#1707,1.);
#1707 = DIRECTION('',(0.,1.,0.));
#1708 = ORIENTED_EDGE('',*,*,#1709,.F.);
#1709 = EDGE_CURVE('',#1563,#1702,#1710,.T.);
#1710 = LINE('',#1711,#1712);
#1711 = CARTESIAN_POINT('',(-1.,0.585,1.25));
#1712 = VECTOR('',#1713,1.);
#1713 = DIRECTION('',(1.,0.,0.));
#1714 = PLANE('',#1715);
#1715 = AXIS2_PLACEMENT_3D('',#1716,#1717,#1718);
#1716 = CARTESIAN_POINT('',(-1.,-0.625,1.25));
#1717 = DIRECTION('',(0.,0.,1.));
#1718 = DIRECTION('',(1.,0.,-0.));
#1719 = ADVANCED_FACE('',(#1720),#1739,.T.);
#1720 = FACE_BOUND('',#1721,.T.);
#1721 = EDGE_LOOP('',(#1722,#1730,#1737,#1738));
#1722 = ORIENTED_EDGE('',*,*,#1723,.T.);
#1723 = EDGE_CURVE('',#1546,#1724,#1726,.T.);
#1724 = VERTEX_POINT('',#1725);
#1725 = CARTESIAN_POINT('',(-0.6,0.625,4.E-02));
#1726 = LINE('',#1727,#1728);
#1727 = CARTESIAN_POINT('',(-1.,0.625,4.E-02));
#1728 = VECTOR('',#1729,1.);
#1729 = DIRECTION('',(1.,0.,0.));
#1730 = ORIENTED_EDGE('',*,*,#1731,.T.);
#1731 = EDGE_CURVE('',#1724,#1678,#1732,.T.);
#1732 = CIRCLE('',#1733,4.E-02);
#1733 = AXIS2_PLACEMENT_3D('',#1734,#1735,#1736);
#1734 = CARTESIAN_POINT('',(-0.6,0.585,4.E-02));
#1735 = DIRECTION('',(-1.,0.,0.));
#1736 = DIRECTION('',(0.,0.,1.));
#1737 = ORIENTED_EDGE('',*,*,#1685,.F.);
#1738 = ORIENTED_EDGE('',*,*,#1545,.F.);
#1739 = CYLINDRICAL_SURFACE('',#1740,4.E-02);
#1740 = AXIS2_PLACEMENT_3D('',#1741,#1742,#1743);
#1741 = CARTESIAN_POINT('',(-1.,0.585,4.E-02));
#1742 = DIRECTION('',(1.,0.,0.));
#1743 = DIRECTION('',(-0.,1.,0.));
#1744 = ADVANCED_FACE('',(#1745),#1764,.T.);
#1745 = FACE_BOUND('',#1746,.T.);
#1746 = EDGE_LOOP('',(#1747,#1748,#1749,#1758));
#1747 = ORIENTED_EDGE('',*,*,#1562,.T.);
#1748 = ORIENTED_EDGE('',*,*,#1709,.T.);
#1749 = ORIENTED_EDGE('',*,*,#1750,.F.);
#1750 = EDGE_CURVE('',#1751,#1702,#1753,.T.);
#1751 = VERTEX_POINT('',#1752);
#1752 = CARTESIAN_POINT('',(-0.6,0.625,1.21));
#1753 = CIRCLE('',#1754,4.E-02);
#1754 = AXIS2_PLACEMENT_3D('',#1755,#1756,#1757);
#1755 = CARTESIAN_POINT('',(-0.6,0.585,1.21));
#1756 = DIRECTION('',(1.,0.,-0.));
#1757 = DIRECTION('',(0.,0.,1.));
#1758 = ORIENTED_EDGE('',*,*,#1759,.F.);
#1759 = EDGE_CURVE('',#1555,#1751,#1760,.T.);
#1760 = LINE('',#1761,#1762);
#1761 = CARTESIAN_POINT('',(-1.,0.625,1.21));
#1762 = VECTOR('',#1763,1.);
#1763 = DIRECTION('',(1.,0.,0.));
#1764 = CYLINDRICAL_SURFACE('',#1765,4.E-02);
#1765 = AXIS2_PLACEMENT_3D('',#1766,#1767,#1768);
#1766 = CARTESIAN_POINT('',(-1.,0.585,1.21));
#1767 = DIRECTION('',(1.,0.,0.));
#1768 = DIRECTION('',(-0.,1.,0.));
#1769 = ADVANCED_FACE('',(#1770),#1781,.T.);
#1770 = FACE_BOUND('',#1771,.T.);
#1771 = EDGE_LOOP('',(#1772,#1778,#1779,#1780));
#1772 = ORIENTED_EDGE('',*,*,#1773,.F.);
#1773 = EDGE_CURVE('',#1724,#1751,#1774,.T.);
#1774 = LINE('',#1775,#1776);
#1775 = CARTESIAN_POINT('',(-0.6,0.625,0.));
#1776 = VECTOR('',#1777,1.);
#1777 = DIRECTION('',(0.,0.,1.));
#1778 = ORIENTED_EDGE('',*,*,#1723,.F.);
#1779 = ORIENTED_EDGE('',*,*,#1554,.T.);
#1780 = ORIENTED_EDGE('',*,*,#1759,.T.);
#1781 = PLANE('',#1782);
#1782 = AXIS2_PLACEMENT_3D('',#1783,#1784,#1785);
#1783 = CARTESIAN_POINT('',(-1.,0.625,0.));
#1784 = DIRECTION('',(0.,1.,0.));
#1785 = DIRECTION('',(0.,-0.,1.));
#1786 = ADVANCED_FACE('',(#1787,#1797),#1867,.T.);
#1787 = FACE_BOUND('',#1788,.T.);
#1788 = EDGE_LOOP('',(#1789,#1790,#1791,#1792,#1793,#1794,#1795,#1796));
#1789 = ORIENTED_EDGE('',*,*,#1594,.F.);
#1790 = ORIENTED_EDGE('',*,*,#1634,.T.);
#1791 = ORIENTED_EDGE('',*,*,#1677,.T.);
#1792 = ORIENTED_EDGE('',*,*,#1731,.F.);
#1793 = ORIENTED_EDGE('',*,*,#1773,.T.);
#1794 = ORIENTED_EDGE('',*,*,#1750,.T.);
#1795 = ORIENTED_EDGE('',*,*,#1701,.F.);
#1796 = ORIENTED_EDGE('',*,*,#1651,.F.);
#1797 = FACE_BOUND('',#1798,.T.);
#1798 = EDGE_LOOP('',(#1799,#1810,#1818,#1827,#1835,#1844,#1852,#1861));
#1799 = ORIENTED_EDGE('',*,*,#1800,.F.);
#1800 = EDGE_CURVE('',#1801,#1803,#1805,.T.);
#1801 = VERTEX_POINT('',#1802);
#1802 = CARTESIAN_POINT('',(-0.6,-0.585,8.E-02));
#1803 = VERTEX_POINT('',#1804);
#1804 = CARTESIAN_POINT('',(-0.6,-0.545,4.E-02));
#1805 = CIRCLE('',#1806,4.E-02);
#1806 = AXIS2_PLACEMENT_3D('',#1807,#1808,#1809);
#1807 = CARTESIAN_POINT('',(-0.6,-0.545,8.E-02));
#1808 = DIRECTION('',(1.,0.,-0.));
#1809 = DIRECTION('',(0.,0.,1.));
#1810 = ORIENTED_EDGE('',*,*,#1811,.T.);
#1811 = EDGE_CURVE('',#1801,#1812,#1814,.T.);
#1812 = VERTEX_POINT('',#1813);
#1813 = CARTESIAN_POINT('',(-0.6,-0.585,1.17));
#1814 = LINE('',#1815,#1816);
#1815 = CARTESIAN_POINT('',(-0.6,-0.585,4.E-02));
#1816 = VECTOR('',#1817,1.);
#1817 = DIRECTION('',(0.,0.,1.));
#1818 = ORIENTED_EDGE('',*,*,#1819,.T.);
#1819 = EDGE_CURVE('',#1812,#1820,#1822,.T.);
#1820 = VERTEX_POINT('',#1821);
#1821 = CARTESIAN_POINT('',(-0.6,-0.545,1.21));
#1822 = CIRCLE('',#1823,4.E-02);
#1823 = AXIS2_PLACEMENT_3D('',#1824,#1825,#1826);
#1824 = CARTESIAN_POINT('',(-0.6,-0.545,1.17));
#1825 = DIRECTION('',(-1.,0.,0.));
#1826 = DIRECTION('',(0.,0.,1.));
#1827 = ORIENTED_EDGE('',*,*,#1828,.T.);
#1828 = EDGE_CURVE('',#1820,#1829,#1831,.T.);
#1829 = VERTEX_POINT('',#1830);
#1830 = CARTESIAN_POINT('',(-0.6,0.545,1.21));
#1831 = LINE('',#1832,#1833);
#1832 = CARTESIAN_POINT('',(-0.6,-0.585,1.21));
#1833 = VECTOR('',#1834,1.);
#1834 = DIRECTION('',(0.,1.,0.));
#1835 = ORIENTED_EDGE('',*,*,#1836,.F.);
#1836 = EDGE_CURVE('',#1837,#1829,#1839,.T.);
#1837 = VERTEX_POINT('',#1838);
#1838 = CARTESIAN_POINT('',(-0.6,0.585,1.17));
#1839 = CIRCLE('',#1840,4.E-02);
#1840 = AXIS2_PLACEMENT_3D('',#1841,#1842,#1843);
#1841 = CARTESIAN_POINT('',(-0.6,0.545,1.17));
#1842 = DIRECTION('',(1.,0.,-0.));
#1843 = DIRECTION('',(0.,0.,1.));
#1844 = ORIENTED_EDGE('',*,*,#1845,.F.);
#1845 = EDGE_CURVE('',#1846,#1837,#1848,.T.);
#1846 = VERTEX_POINT('',#1847);
#1847 = CARTESIAN_POINT('',(-0.6,0.585,8.E-02));
#1848 = LINE('',#1849,#1850);
#1849 = CARTESIAN_POINT('',(-0.6,0.585,4.E-02));
#1850 = VECTOR('',#1851,1.);
#1851 = DIRECTION('',(0.,0.,1.));
#1852 = ORIENTED_EDGE('',*,*,#1853,.T.);
#1853 = EDGE_CURVE('',#1846,#1854,#1856,.T.);
#1854 = VERTEX_POINT('',#1855);
#1855 = CARTESIAN_POINT('',(-0.6,0.545,4.E-02));
#1856 = CIRCLE('',#1857,4.E-02);
#1857 = AXIS2_PLACEMENT_3D('',#1858,#1859,#1860);
#1858 = CARTESIAN_POINT('',(-0.6,0.545,8.E-02));
#1859 = DIRECTION('',(-1.,0.,0.));
#1860 = DIRECTION('',(0.,0.,1.));
#1861 = ORIENTED_EDGE('',*,*,#1862,.F.);
#1862 = EDGE_CURVE('',#1803,#1854,#1863,.T.);
#1863 = LINE('',#1864,#1865);
#1864 = CARTESIAN_POINT('',(-0.6,-0.585,4.E-02));
#1865 = VECTOR('',#1866,1.);
#1866 = DIRECTION('',(0.,1.,0.));
#1867 = PLANE('',#1868);
#1868 = AXIS2_PLACEMENT_3D('',#1869,#1870,#1871);
#1869 = CARTESIAN_POINT('',(-0.6,-0.625,0.));
#1870 = DIRECTION('',(1.,0.,0.));
#1871 = DIRECTION('',(0.,0.,1.));
#1872 = ADVANCED_FACE('',(#1873),#1899,.T.);
#1873 = FACE_BOUND('',#1874,.T.);
#1874 = EDGE_LOOP('',(#1875,#1876,#1884,#1893));
#1875 = ORIENTED_EDGE('',*,*,#1800,.T.);
#1876 = ORIENTED_EDGE('',*,*,#1877,.T.);
#1877 = EDGE_CURVE('',#1803,#1878,#1880,.T.);
#1878 = VERTEX_POINT('',#1879);
#1879 = CARTESIAN_POINT('',(0.6,-0.545,4.E-02));
#1880 = LINE('',#1881,#1882);
#1881 = CARTESIAN_POINT('',(-0.6,-0.545,4.E-02));
#1882 = VECTOR('',#1883,1.);
#1883 = DIRECTION('',(1.,0.,0.));
#1884 = ORIENTED_EDGE('',*,*,#1885,.F.);
#1885 = EDGE_CURVE('',#1886,#1878,#1888,.T.);
#1886 = VERTEX_POINT('',#1887);
#1887 = CARTESIAN_POINT('',(0.6,-0.585,8.E-02));
#1888 = CIRCLE('',#1889,4.E-02);
#1889 = AXIS2_PLACEMENT_3D('',#1890,#1891,#1892);
#1890 = CARTESIAN_POINT('',(0.6,-0.545,8.E-02));
#1891 = DIRECTION('',(1.,0.,-0.));
#1892 = DIRECTION('',(0.,0.,1.));
#1893 = ORIENTED_EDGE('',*,*,#1894,.F.);
#1894 = EDGE_CURVE('',#1801,#1886,#1895,.T.);
#1895 = LINE('',#1896,#1897);
#1896 = CARTESIAN_POINT('',(-0.6,-0.585,8.E-02));
#1897 = VECTOR('',#1898,1.);
#1898 = DIRECTION('',(1.,0.,0.));
#1899 = CYLINDRICAL_SURFACE('',#1900,4.E-02);
#1900 = AXIS2_PLACEMENT_3D('',#1901,#1902,#1903);
#1901 = CARTESIAN_POINT('',(-0.6,-0.545,8.E-02));
#1902 = DIRECTION('',(1.,0.,0.));
#1903 = DIRECTION('',(0.,-1.,0.));
#1904 = ADVANCED_FACE('',(#1905),#1923,.F.);
#1905 = FACE_BOUND('',#1906,.F.);
#1906 = EDGE_LOOP('',(#1907,#1908,#1909,#1917));
#1907 = ORIENTED_EDGE('',*,*,#1862,.F.);
#1908 = ORIENTED_EDGE('',*,*,#1877,.T.);
#1909 = ORIENTED_EDGE('',*,*,#1910,.T.);
#1910 = EDGE_CURVE('',#1878,#1911,#1913,.T.);
#1911 = VERTEX_POINT('',#1912);
#1912 = CARTESIAN_POINT('',(0.6,0.545,4.E-02));
#1913 = LINE('',#1914,#1915);
#1914 = CARTESIAN_POINT('',(0.6,-0.585,4.E-02));
#1915 = VECTOR('',#1916,1.);
#1916 = DIRECTION('',(0.,1.,0.));
#1917 = ORIENTED_EDGE('',*,*,#1918,.F.);
#1918 = EDGE_CURVE('',#1854,#1911,#1919,.T.);
#1919 = LINE('',#1920,#1921);
#1920 = CARTESIAN_POINT('',(-0.6,0.545,4.E-02));
#1921 = VECTOR('',#1922,1.);
#1922 = DIRECTION('',(1.,0.,0.));
#1923 = PLANE('',#1924);
#1924 = AXIS2_PLACEMENT_3D('',#1925,#1926,#1927);
#1925 = CARTESIAN_POINT('',(-0.6,-0.585,4.E-02));
#1926 = DIRECTION('',(0.,0.,1.));
#1927 = DIRECTION('',(1.,0.,-0.));
#1928 = ADVANCED_FACE('',(#1929),#1948,.T.);
#1929 = FACE_BOUND('',#1930,.T.);
#1930 = EDGE_LOOP('',(#1931,#1939,#1946,#1947));
#1931 = ORIENTED_EDGE('',*,*,#1932,.T.);
#1932 = EDGE_CURVE('',#1846,#1933,#1935,.T.);
#1933 = VERTEX_POINT('',#1934);
#1934 = CARTESIAN_POINT('',(0.6,0.585,8.E-02));
#1935 = LINE('',#1936,#1937);
#1936 = CARTESIAN_POINT('',(-0.6,0.585,8.E-02));
#1937 = VECTOR('',#1938,1.);
#1938 = DIRECTION('',(1.,0.,0.));
#1939 = ORIENTED_EDGE('',*,*,#1940,.T.);
#1940 = EDGE_CURVE('',#1933,#1911,#1941,.T.);
#1941 = CIRCLE('',#1942,4.E-02);
#1942 = AXIS2_PLACEMENT_3D('',#1943,#1944,#1945);
#1943 = CARTESIAN_POINT('',(0.6,0.545,8.E-02));
#1944 = DIRECTION('',(-1.,0.,0.));
#1945 = DIRECTION('',(0.,0.,1.));
#1946 = ORIENTED_EDGE('',*,*,#1918,.F.);
#1947 = ORIENTED_EDGE('',*,*,#1853,.F.);
#1948 = CYLINDRICAL_SURFACE('',#1949,4.E-02);
#1949 = AXIS2_PLACEMENT_3D('',#1950,#1951,#1952);
#1950 = CARTESIAN_POINT('',(-0.6,0.545,8.E-02));
#1951 = DIRECTION('',(1.,0.,0.));
#1952 = DIRECTION('',(-0.,1.,0.));
#1953 = ADVANCED_FACE('',(#1954),#1972,.T.);
#1954 = FACE_BOUND('',#1955,.T.);
#1955 = EDGE_LOOP('',(#1956,#1964,#1965,#1966));
#1956 = ORIENTED_EDGE('',*,*,#1957,.F.);
#1957 = EDGE_CURVE('',#1933,#1958,#1960,.T.);
#1958 = VERTEX_POINT('',#1959);
#1959 = CARTESIAN_POINT('',(0.6,0.585,1.17));
#1960 = LINE('',#1961,#1962);
#1961 = CARTESIAN_POINT('',(0.6,0.585,4.E-02));
#1962 = VECTOR('',#1963,1.);
#1963 = DIRECTION('',(0.,0.,1.));
#1964 = ORIENTED_EDGE('',*,*,#1932,.F.);
#1965 = ORIENTED_EDGE('',*,*,#1845,.T.);
#1966 = ORIENTED_EDGE('',*,*,#1967,.T.);
#1967 = EDGE_CURVE('',#1837,#1958,#1968,.T.);
#1968 = LINE('',#1969,#1970);
#1969 = CARTESIAN_POINT('',(-0.6,0.585,1.17));
#1970 = VECTOR('',#1971,1.);
#1971 = DIRECTION('',(1.,0.,0.));
#1972 = PLANE('',#1973);
#1973 = AXIS2_PLACEMENT_3D('',#1974,#1975,#1976);
#1974 = CARTESIAN_POINT('',(-0.6,0.585,4.E-02));
#1975 = DIRECTION('',(0.,1.,0.));
#1976 = DIRECTION('',(0.,-0.,1.));
#1977 = ADVANCED_FACE('',(#1978),#1997,.T.);
#1978 = FACE_BOUND('',#1979,.T.);
#1979 = EDGE_LOOP('',(#1980,#1981,#1989,#1996));
#1980 = ORIENTED_EDGE('',*,*,#1836,.T.);
#1981 = ORIENTED_EDGE('',*,*,#1982,.T.);
#1982 = EDGE_CURVE('',#1829,#1983,#1985,.T.);
#1983 = VERTEX_POINT('',#1984);
#1984 = CARTESIAN_POINT('',(0.6,0.545,1.21));
#1985 = LINE('',#1986,#1987);
#1986 = CARTESIAN_POINT('',(-0.6,0.545,1.21));
#1987 = VECTOR('',#1988,1.);
#1988 = DIRECTION('',(1.,0.,0.));
#1989 = ORIENTED_EDGE('',*,*,#1990,.F.);
#1990 = EDGE_CURVE('',#1958,#1983,#1991,.T.);
#1991 = CIRCLE('',#1992,4.E-02);
#1992 = AXIS2_PLACEMENT_3D('',#1993,#1994,#1995);
#1993 = CARTESIAN_POINT('',(0.6,0.545,1.17));
#1994 = DIRECTION('',(1.,0.,-0.));
#1995 = DIRECTION('',(0.,0.,1.));
#1996 = ORIENTED_EDGE('',*,*,#1967,.F.);
#1997 = CYLINDRICAL_SURFACE('',#1998,4.E-02);
#1998 = AXIS2_PLACEMENT_3D('',#1999,#2000,#2001);
#1999 = CARTESIAN_POINT('',(-0.6,0.545,1.17));
#2000 = DIRECTION('',(1.,0.,0.));
#2001 = DIRECTION('',(-0.,1.,0.));
#2002 = ADVANCED_FACE('',(#2003),#2021,.T.);
#2003 = FACE_BOUND('',#2004,.T.);
#2004 = EDGE_LOOP('',(#2005,#2006,#2014,#2020));
#2005 = ORIENTED_EDGE('',*,*,#1828,.F.);
#2006 = ORIENTED_EDGE('',*,*,#2007,.T.);
#2007 = EDGE_CURVE('',#1820,#2008,#2010,.T.);
#2008 = VERTEX_POINT('',#2009);
#2009 = CARTESIAN_POINT('',(0.6,-0.545,1.21));
#2010 = LINE('',#2011,#2012);
#2011 = CARTESIAN_POINT('',(-0.6,-0.545,1.21));
#2012 = VECTOR('',#2013,1.);
#2013 = DIRECTION('',(1.,0.,0.));
#2014 = ORIENTED_EDGE('',*,*,#2015,.T.);
#2015 = EDGE_CURVE('',#2008,#1983,#2016,.T.);
#2016 = LINE('',#2017,#2018);
#2017 = CARTESIAN_POINT('',(0.6,-0.585,1.21));
#2018 = VECTOR('',#2019,1.);
#2019 = DIRECTION('',(0.,1.,0.));
#2020 = ORIENTED_EDGE('',*,*,#1982,.F.);
#2021 = PLANE('',#2022);
#2022 = AXIS2_PLACEMENT_3D('',#2023,#2024,#2025);
#2023 = CARTESIAN_POINT('',(-0.6,-0.585,1.21));
#2024 = DIRECTION('',(0.,0.,1.));
#2025 = DIRECTION('',(1.,0.,-0.));
#2026 = ADVANCED_FACE('',(#2027),#2046,.T.);
#2027 = FACE_BOUND('',#2028,.T.);
#2028 = EDGE_LOOP('',(#2029,#2037,#2044,#2045));
#2029 = ORIENTED_EDGE('',*,*,#2030,.T.);
#2030 = EDGE_CURVE('',#1812,#2031,#2033,.T.);
#2031 = VERTEX_POINT('',#2032);
#2032 = CARTESIAN_POINT('',(0.6,-0.585,1.17));
#2033 = LINE('',#2034,#2035);
#2034 = CARTESIAN_POINT('',(-0.6,-0.585,1.17));
#2035 = VECTOR('',#2036,1.);
#2036 = DIRECTION('',(1.,0.,0.));
#2037 = ORIENTED_EDGE('',*,*,#2038,.T.);
#2038 = EDGE_CURVE('',#2031,#2008,#2039,.T.);
#2039 = CIRCLE('',#2040,4.E-02);
#2040 = AXIS2_PLACEMENT_3D('',#2041,#2042,#2043);
#2041 = CARTESIAN_POINT('',(0.6,-0.545,1.17));
#2042 = DIRECTION('',(-1.,0.,0.));
#2043 = DIRECTION('',(0.,0.,1.));
#2044 = ORIENTED_EDGE('',*,*,#2007,.F.);
#2045 = ORIENTED_EDGE('',*,*,#1819,.F.);
#2046 = CYLINDRICAL_SURFACE('',#2047,4.E-02);
#2047 = AXIS2_PLACEMENT_3D('',#2048,#2049,#2050);
#2048 = CARTESIAN_POINT('',(-0.6,-0.545,1.17));
#2049 = DIRECTION('',(1.,0.,0.));
#2050 = DIRECTION('',(0.,-1.,0.));
#2051 = ADVANCED_FACE('',(#2052),#2063,.F.);
#2052 = FACE_BOUND('',#2053,.F.);
#2053 = EDGE_LOOP('',(#2054,#2060,#2061,#2062));
#2054 = ORIENTED_EDGE('',*,*,#2055,.F.);
#2055 = EDGE_CURVE('',#1886,#2031,#2056,.T.);
#2056 = LINE('',#2057,#2058);
#2057 = CARTESIAN_POINT('',(0.6,-0.585,4.E-02));
#2058 = VECTOR('',#2059,1.);
#2059 = DIRECTION('',(0.,0.,1.));
#2060 = ORIENTED_EDGE('',*,*,#1894,.F.);
#2061 = ORIENTED_EDGE('',*,*,#1811,.T.);
#2062 = ORIENTED_EDGE('',*,*,#2030,.T.);
#2063 = PLANE('',#2064);
#2064 = AXIS2_PLACEMENT_3D('',#2065,#2066,#2067);
#2065 = CARTESIAN_POINT('',(-0.6,-0.585,4.E-02));
#2066 = DIRECTION('',(0.,1.,0.));
#2067 = DIRECTION('',(0.,-0.,1.));
#2068 = ADVANCED_FACE('',(#2069,#2139),#2149,.F.);
#2069 = FACE_BOUND('',#2070,.F.);
#2070 = EDGE_LOOP('',(#2071,#2081,#2090,#2098,#2107,#2115,#2124,#2132));
#2071 = ORIENTED_EDGE('',*,*,#2072,.F.);
#2072 = EDGE_CURVE('',#2073,#2075,#2077,.T.);
#2073 = VERTEX_POINT('',#2074);
#2074 = CARTESIAN_POINT('',(0.6,-0.625,4.E-02));
#2075 = VERTEX_POINT('',#2076);
#2076 = CARTESIAN_POINT('',(0.6,-0.625,1.21));
#2077 = LINE('',#2078,#2079);
#2078 = CARTESIAN_POINT('',(0.6,-0.625,0.));
#2079 = VECTOR('',#2080,1.);
#2080 = DIRECTION('',(0.,0.,1.));
#2081 = ORIENTED_EDGE('',*,*,#2082,.T.);
#2082 = EDGE_CURVE('',#2073,#2083,#2085,.T.);
#2083 = VERTEX_POINT('',#2084);
#2084 = CARTESIAN_POINT('',(0.6,-0.585,0.));
#2085 = CIRCLE('',#2086,4.E-02);
#2086 = AXIS2_PLACEMENT_3D('',#2087,#2088,#2089);
#2087 = CARTESIAN_POINT('',(0.6,-0.585,4.E-02));
#2088 = DIRECTION('',(1.,0.,-0.));
#2089 = DIRECTION('',(0.,0.,1.));
#2090 = ORIENTED_EDGE('',*,*,#2091,.T.);
#2091 = EDGE_CURVE('',#2083,#2092,#2094,.T.);
#2092 = VERTEX_POINT('',#2093);
#2093 = CARTESIAN_POINT('',(0.6,0.585,0.));
#2094 = LINE('',#2095,#2096);
#2095 = CARTESIAN_POINT('',(0.6,-0.625,0.));
#2096 = VECTOR('',#2097,1.);
#2097 = DIRECTION('',(0.,1.,0.));
#2098 = ORIENTED_EDGE('',*,*,#2099,.F.);
#2099 = EDGE_CURVE('',#2100,#2092,#2102,.T.);
#2100 = VERTEX_POINT('',#2101);
#2101 = CARTESIAN_POINT('',(0.6,0.625,4.E-02));
#2102 = CIRCLE('',#2103,4.E-02);
#2103 = AXIS2_PLACEMENT_3D('',#2104,#2105,#2106);
#2104 = CARTESIAN_POINT('',(0.6,0.585,4.E-02));
#2105 = DIRECTION('',(-1.,0.,0.));
#2106 = DIRECTION('',(0.,0.,1.));
#2107 = ORIENTED_EDGE('',*,*,#2108,.T.);
#2108 = EDGE_CURVE('',#2100,#2109,#2111,.T.);
#2109 = VERTEX_POINT('',#2110);
#2110 = CARTESIAN_POINT('',(0.6,0.625,1.21));
#2111 = LINE('',#2112,#2113);
#2112 = CARTESIAN_POINT('',(0.6,0.625,0.));
#2113 = VECTOR('',#2114,1.);
#2114 = DIRECTION('',(0.,0.,1.));
#2115 = ORIENTED_EDGE('',*,*,#2116,.T.);
#2116 = EDGE_CURVE('',#2109,#2117,#2119,.T.);
#2117 = VERTEX_POINT('',#2118);
#2118 = CARTESIAN_POINT('',(0.6,0.585,1.25));
#2119 = CIRCLE('',#2120,4.E-02);
#2120 = AXIS2_PLACEMENT_3D('',#2121,#2122,#2123);
#2121 = CARTESIAN_POINT('',(0.6,0.585,1.21));
#2122 = DIRECTION('',(1.,0.,-0.));
#2123 = DIRECTION('',(0.,0.,1.));
#2124 = ORIENTED_EDGE('',*,*,#2125,.F.);
#2125 = EDGE_CURVE('',#2126,#2117,#2128,.T.);
#2126 = VERTEX_POINT('',#2127);
#2127 = CARTESIAN_POINT('',(0.6,-0.585,1.25));
#2128 = LINE('',#2129,#2130);
#2129 = CARTESIAN_POINT('',(0.6,-0.625,1.25));
#2130 = VECTOR('',#2131,1.);
#2131 = DIRECTION('',(0.,1.,0.));
#2132 = ORIENTED_EDGE('',*,*,#2133,.F.);
#2133 = EDGE_CURVE('',#2075,#2126,#2134,.T.);
#2134 = CIRCLE('',#2135,4.E-02);
#2135 = AXIS2_PLACEMENT_3D('',#2136,#2137,#2138);
#2136 = CARTESIAN_POINT('',(0.6,-0.585,1.21));
#2137 = DIRECTION('',(-1.,0.,0.));
#2138 = DIRECTION('',(0.,0.,1.));
#2139 = FACE_BOUND('',#2140,.F.);
#2140 = EDGE_LOOP('',(#2141,#2142,#2143,#2144,#2145,#2146,#2147,#2148));
#2141 = ORIENTED_EDGE('',*,*,#1885,.F.);
#2142 = ORIENTED_EDGE('',*,*,#2055,.T.);
#2143 = ORIENTED_EDGE('',*,*,#2038,.T.);
#2144 = ORIENTED_EDGE('',*,*,#2015,.T.);
#2145 = ORIENTED_EDGE('',*,*,#1990,.F.);
#2146 = ORIENTED_EDGE('',*,*,#1957,.F.);
#2147 = ORIENTED_EDGE('',*,*,#1940,.T.);
#2148 = ORIENTED_EDGE('',*,*,#1910,.F.);
#2149 = PLANE('',#2150);
#2150 = AXIS2_PLACEMENT_3D('',#2151,#2152,#2153);
#2151 = CARTESIAN_POINT('',(0.6,-0.625,0.));
#2152 = DIRECTION('',(1.,0.,0.));
#2153 = DIRECTION('',(0.,0.,1.));
#2154 = ADVANCED_FACE('',(#2155),#2180,.F.);
#2155 = FACE_BOUND('',#2156,.F.);
#2156 = EDGE_LOOP('',(#2157,#2167,#2173,#2174));
#2157 = ORIENTED_EDGE('',*,*,#2158,.F.);
#2158 = EDGE_CURVE('',#2159,#2161,#2163,.T.);
#2159 = VERTEX_POINT('',#2160);
#2160 = CARTESIAN_POINT('',(1.,-0.625,4.E-02));
#2161 = VERTEX_POINT('',#2162);
#2162 = CARTESIAN_POINT('',(1.,-0.625,1.21));
#2163 = LINE('',#2164,#2165);
#2164 = CARTESIAN_POINT('',(1.,-0.625,0.));
#2165 = VECTOR('',#2166,1.);
#2166 = DIRECTION('',(0.,0.,1.));
#2167 = ORIENTED_EDGE('',*,*,#2168,.F.);
#2168 = EDGE_CURVE('',#2073,#2159,#2169,.T.);
#2169 = LINE('',#2170,#2171);
#2170 = CARTESIAN_POINT('',(0.6,-0.625,4.E-02));
#2171 = VECTOR('',#2172,1.);
#2172 = DIRECTION('',(1.,0.,0.));
#2173 = ORIENTED_EDGE('',*,*,#2072,.T.);
#2174 = ORIENTED_EDGE('',*,*,#2175,.T.);
#2175 = EDGE_CURVE('',#2075,#2161,#2176,.T.);
#2176 = LINE('',#2177,#2178);
#2177 = CARTESIAN_POINT('',(0.6,-0.625,1.21));
#2178 = VECTOR('',#2179,1.);
#2179 = DIRECTION('',(1.,0.,0.));
#2180 = PLANE('',#2181);
#2181 = AXIS2_PLACEMENT_3D('',#2182,#2183,#2184);
#2182 = CARTESIAN_POINT('',(0.6,-0.625,0.));
#2183 = DIRECTION('',(0.,1.,0.));
#2184 = DIRECTION('',(0.,-0.,1.));
#2185 = ADVANCED_FACE('',(#2186),#2205,.T.);
#2186 = FACE_BOUND('',#2187,.T.);
#2187 = EDGE_LOOP('',(#2188,#2189,#2197,#2204));
#2188 = ORIENTED_EDGE('',*,*,#2082,.T.);
#2189 = ORIENTED_EDGE('',*,*,#2190,.T.);
#2190 = EDGE_CURVE('',#2083,#2191,#2193,.T.);
#2191 = VERTEX_POINT('',#2192);
#2192 = CARTESIAN_POINT('',(1.,-0.585,0.));
#2193 = LINE('',#2194,#2195);
#2194 = CARTESIAN_POINT('',(0.6,-0.585,0.));
#2195 = VECTOR('',#2196,1.);
#2196 = DIRECTION('',(1.,0.,0.));
#2197 = ORIENTED_EDGE('',*,*,#2198,.F.);
#2198 = EDGE_CURVE('',#2159,#2191,#2199,.T.);
#2199 = CIRCLE('',#2200,4.E-02);
#2200 = AXIS2_PLACEMENT_3D('',#2201,#2202,#2203);
#2201 = CARTESIAN_POINT('',(1.,-0.585,4.E-02));
#2202 = DIRECTION('',(1.,0.,-0.));
#2203 = DIRECTION('',(0.,0.,1.));
#2204 = ORIENTED_EDGE('',*,*,#2168,.F.);
#2205 = CYLINDRICAL_SURFACE('',#2206,4.E-02);
#2206 = AXIS2_PLACEMENT_3D('',#2207,#2208,#2209);
#2207 = CARTESIAN_POINT('',(0.6,-0.585,4.E-02));
#2208 = DIRECTION('',(1.,0.,0.));
#2209 = DIRECTION('',(0.,-1.,0.));
#2210 = ADVANCED_FACE('',(#2211),#2230,.T.);
#2211 = FACE_BOUND('',#2212,.T.);
#2212 = EDGE_LOOP('',(#2213,#2214,#2223,#2229));
#2213 = ORIENTED_EDGE('',*,*,#2175,.T.);
#2214 = ORIENTED_EDGE('',*,*,#2215,.T.);
#2215 = EDGE_CURVE('',#2161,#2216,#2218,.T.);
#2216 = VERTEX_POINT('',#2217);
#2217 = CARTESIAN_POINT('',(1.,-0.585,1.25));
#2218 = CIRCLE('',#2219,4.E-02);
#2219 = AXIS2_PLACEMENT_3D('',#2220,#2221,#2222);
#2220 = CARTESIAN_POINT('',(1.,-0.585,1.21));
#2221 = DIRECTION('',(-1.,0.,0.));
#2222 = DIRECTION('',(0.,0.,1.));
#2223 = ORIENTED_EDGE('',*,*,#2224,.F.);
#2224 = EDGE_CURVE('',#2126,#2216,#2225,.T.);
#2225 = LINE('',#2226,#2227);
#2226 = CARTESIAN_POINT('',(0.6,-0.585,1.25));
#2227 = VECTOR('',#2228,1.);
#2228 = DIRECTION('',(1.,0.,0.));
#2229 = ORIENTED_EDGE('',*,*,#2133,.F.);
#2230 = CYLINDRICAL_SURFACE('',#2231,4.E-02);
#2231 = AXIS2_PLACEMENT_3D('',#2232,#2233,#2234);
#2232 = CARTESIAN_POINT('',(0.6,-0.585,1.21));
#2233 = DIRECTION('',(1.,0.,0.));
#2234 = DIRECTION('',(0.,-1.,0.));
#2235 = ADVANCED_FACE('',(#2236),#2254,.F.);
#2236 = FACE_BOUND('',#2237,.F.);
#2237 = EDGE_LOOP('',(#2238,#2239,#2240,#2248));
#2238 = ORIENTED_EDGE('',*,*,#2091,.F.);
#2239 = ORIENTED_EDGE('',*,*,#2190,.T.);
#2240 = ORIENTED_EDGE('',*,*,#2241,.T.);
#2241 = EDGE_CURVE('',#2191,#2242,#2244,.T.);
#2242 = VERTEX_POINT('',#2243);
#2243 = CARTESIAN_POINT('',(1.,0.585,0.));
#2244 = LINE('',#2245,#2246);
#2245 = CARTESIAN_POINT('',(1.,-0.625,0.));
#2246 = VECTOR('',#2247,1.);
#2247 = DIRECTION('',(0.,1.,0.));
#2248 = ORIENTED_EDGE('',*,*,#2249,.F.);
#2249 = EDGE_CURVE('',#2092,#2242,#2250,.T.);
#2250 = LINE('',#2251,#2252);
#2251 = CARTESIAN_POINT('',(0.6,0.585,0.));
#2252 = VECTOR('',#2253,1.);
#2253 = DIRECTION('',(1.,0.,0.));
#2254 = PLANE('',#2255);
#2255 = AXIS2_PLACEMENT_3D('',#2256,#2257,#2258);
#2256 = CARTESIAN_POINT('',(0.6,-0.625,0.));
#2257 = DIRECTION('',(0.,0.,1.));
#2258 = DIRECTION('',(1.,0.,-0.));
#2259 = ADVANCED_FACE('',(#2260),#2278,.T.);
#2260 = FACE_BOUND('',#2261,.T.);
#2261 = EDGE_LOOP('',(#2262,#2263,#2264,#2272));
#2262 = ORIENTED_EDGE('',*,*,#2125,.F.);
#2263 = ORIENTED_EDGE('',*,*,#2224,.T.);
#2264 = ORIENTED_EDGE('',*,*,#2265,.T.);
#2265 = EDGE_CURVE('',#2216,#2266,#2268,.T.);
#2266 = VERTEX_POINT('',#2267);
#2267 = CARTESIAN_POINT('',(1.,0.585,1.25));
#2268 = LINE('',#2269,#2270);
#2269 = CARTESIAN_POINT('',(1.,-0.625,1.25));
#2270 = VECTOR('',#2271,1.);
#2271 = DIRECTION('',(0.,1.,0.));
#2272 = ORIENTED_EDGE('',*,*,#2273,.F.);
#2273 = EDGE_CURVE('',#2117,#2266,#2274,.T.);
#2274 = LINE('',#2275,#2276);
#2275 = CARTESIAN_POINT('',(0.6,0.585,1.25));
#2276 = VECTOR('',#2277,1.);
#2277 = DIRECTION('',(1.,0.,0.));
#2278 = PLANE('',#2279);
#2279 = AXIS2_PLACEMENT_3D('',#2280,#2281,#2282);
#2280 = CARTESIAN_POINT('',(0.6,-0.625,1.25));
#2281 = DIRECTION('',(0.,0.,1.));
#2282 = DIRECTION('',(1.,0.,-0.));
#2283 = ADVANCED_FACE('',(#2284),#2303,.T.);
#2284 = FACE_BOUND('',#2285,.T.);
#2285 = EDGE_LOOP('',(#2286,#2294,#2301,#2302));
#2286 = ORIENTED_EDGE('',*,*,#2287,.T.);
#2287 = EDGE_CURVE('',#2100,#2288,#2290,.T.);
#2288 = VERTEX_POINT('',#2289);
#2289 = CARTESIAN_POINT('',(1.,0.625,4.E-02));
#2290 = LINE('',#2291,#2292);
#2291 = CARTESIAN_POINT('',(0.6,0.625,4.E-02));
#2292 = VECTOR('',#2293,1.);
#2293 = DIRECTION('',(1.,0.,0.));
#2294 = ORIENTED_EDGE('',*,*,#2295,.T.);
#2295 = EDGE_CURVE('',#2288,#2242,#2296,.T.);
#2296 = CIRCLE('',#2297,4.E-02);
#2297 = AXIS2_PLACEMENT_3D('',#2298,#2299,#2300);
#2298 = CARTESIAN_POINT('',(1.,0.585,4.E-02));
#2299 = DIRECTION('',(-1.,0.,0.));
#2300 = DIRECTION('',(0.,0.,1.));
#2301 = ORIENTED_EDGE('',*,*,#2249,.F.);
#2302 = ORIENTED_EDGE('',*,*,#2099,.F.);
#2303 = CYLINDRICAL_SURFACE('',#2304,4.E-02);
#2304 = AXIS2_PLACEMENT_3D('',#2305,#2306,#2307);
#2305 = CARTESIAN_POINT('',(0.6,0.585,4.E-02));
#2306 = DIRECTION('',(1.,0.,0.));
#2307 = DIRECTION('',(-0.,1.,0.));
#2308 = ADVANCED_FACE('',(#2309),#2328,.T.);
#2309 = FACE_BOUND('',#2310,.T.);
#2310 = EDGE_LOOP('',(#2311,#2312,#2313,#2322));
#2311 = ORIENTED_EDGE('',*,*,#2116,.T.);
#2312 = ORIENTED_EDGE('',*,*,#2273,.T.);
#2313 = ORIENTED_EDGE('',*,*,#2314,.F.);
#2314 = EDGE_CURVE('',#2315,#2266,#2317,.T.);
#2315 = VERTEX_POINT('',#2316);
#2316 = CARTESIAN_POINT('',(1.,0.625,1.21));
#2317 = CIRCLE('',#2318,4.E-02);
#2318 = AXIS2_PLACEMENT_3D('',#2319,#2320,#2321);
#2319 = CARTESIAN_POINT('',(1.,0.585,1.21));
#2320 = DIRECTION('',(1.,0.,-0.));
#2321 = DIRECTION('',(0.,0.,1.));
#2322 = ORIENTED_EDGE('',*,*,#2323,.F.);
#2323 = EDGE_CURVE('',#2109,#2315,#2324,.T.);
#2324 = LINE('',#2325,#2326);
#2325 = CARTESIAN_POINT('',(0.6,0.625,1.21));
#2326 = VECTOR('',#2327,1.);
#2327 = DIRECTION('',(1.,0.,0.));
#2328 = CYLINDRICAL_SURFACE('',#2329,4.E-02);
#2329 = AXIS2_PLACEMENT_3D('',#2330,#2331,#2332);
#2330 = CARTESIAN_POINT('',(0.6,0.585,1.21));
#2331 = DIRECTION('',(1.,0.,0.));
#2332 = DIRECTION('',(-0.,1.,0.));
#2333 = ADVANCED_FACE('',(#2334),#2345,.T.);
#2334 = FACE_BOUND('',#2335,.T.);
#2335 = EDGE_LOOP('',(#2336,#2342,#2343,#2344));
#2336 = ORIENTED_EDGE('',*,*,#2337,.F.);
#2337 = EDGE_CURVE('',#2288,#2315,#2338,.T.);
#2338 = LINE('',#2339,#2340);
#2339 = CARTESIAN_POINT('',(1.,0.625,0.));
#2340 = VECTOR('',#2341,1.);
#2341 = DIRECTION('',(0.,0.,1.));
#2342 = ORIENTED_EDGE('',*,*,#2287,.F.);
#2343 = ORIENTED_EDGE('',*,*,#2108,.T.);
#2344 = ORIENTED_EDGE('',*,*,#2323,.T.);
#2345 = PLANE('',#2346);
#2346 = AXIS2_PLACEMENT_3D('',#2347,#2348,#2349);
#2347 = CARTESIAN_POINT('',(0.6,0.625,0.));
#2348 = DIRECTION('',(0.,1.,0.));
#2349 = DIRECTION('',(0.,-0.,1.));
#2350 = ADVANCED_FACE('',(#2351),#2361,.T.);
#2351 = FACE_BOUND('',#2352,.T.);
#2352 = EDGE_LOOP('',(#2353,#2354,#2355,#2356,#2357,#2358,#2359,#2360));
#2353 = ORIENTED_EDGE('',*,*,#2158,.F.);
#2354 = ORIENTED_EDGE('',*,*,#2198,.T.);
#2355 = ORIENTED_EDGE('',*,*,#2241,.T.);
#2356 = ORIENTED_EDGE('',*,*,#2295,.F.);
#2357 = ORIENTED_EDGE('',*,*,#2337,.T.);
#2358 = ORIENTED_EDGE('',*,*,#2314,.T.);
#2359 = ORIENTED_EDGE('',*,*,#2265,.F.);
#2360 = ORIENTED_EDGE('',*,*,#2215,.F.);
#2361 = PLANE('',#2362);
#2362 = AXIS2_PLACEMENT_3D('',#2363,#2364,#2365);
#2363 = CARTESIAN_POINT('',(1.,-0.625,0.));
#2364 = DIRECTION('',(1.,0.,0.));
#2365 = DIRECTION('',(0.,0.,1.));
#2366 = ( GEOMETRIC_REPRESENTATION_CONTEXT(3) 
GLOBAL_UNCERTAINTY_ASSIGNED_CONTEXT((#2370)) 
GLOBAL_UNIT_ASSIGNED_CONTEXT((#2367,#2368,#2369)) REPRESENTATION_CONTEXT
('Context #1','3D Context with UNIT and UNCERTAINTY') );
#2367 = ( LENGTH_UNIT() NAMED_UNIT(*) SI_UNIT(.MILLI.,.METRE.) );
#2368 = ( NAMED_UNIT(*) PLANE_ANGLE_UNIT() SI_UNIT($,.RADIAN.) );
#2369 = ( NAMED_UNIT(*) SI_UNIT($,.STERADIAN.) SOLID_ANGLE_UNIT() );
#2370 = UNCERTAINTY_MEASURE_WITH_UNIT(LENGTH_MEASURE(1.E-07),#2367,
  'distance_accuracy_value','confusion accuracy');
#2371 = CONTEXT_DEPENDENT_SHAPE_REPRESENTATION(#2372,#2374);
#2372 = ( REPRESENTATION_RELATIONSHIP('','',#1511,#10) 
REPRESENTATION_RELATIONSHIP_WITH_TRANSFORMATION(#2373) 
SHAPE_REPRESENTATION_RELATIONSHIP() );
#2373 = ITEM_DEFINED_TRANSFORMATION('','',#11,#19);
#2374 = PRODUCT_DEFINITION_SHAPE('Placement','Placement of an item',
  #2375);
#2375 = NEXT_ASSEMBLY_USAGE_OCCURRENCE('2','R4','',#5,#1506,$);
#2376 = PRODUCT_RELATED_PRODUCT_CATEGORY('part',$,(#1508));
#2377 = CONTEXT_DEPENDENT_SHAPE_REPRESENTATION(#2378,#2380);
#2378 = ( REPRESENTATION_RELATIONSHIP('','',#1511,#10) 
REPRESENTATION_RELATIONSHIP_WITH_TRANSFORMATION(#2379) 
SHAPE_REPRESENTATION_RELATIONSHIP() );
#2379 = ITEM_DEFINED_TRANSFORMATION('','',#11,#23);
#2380 = PRODUCT_DEFINITION_SHAPE('Placement','Placement of an item',
  #2381);
#2381 = NEXT_ASSEMBLY_USAGE_OCCURRENCE('3','C2','',#5,#1506,$);
#2382 = CONTEXT_DEPENDENT_SHAPE_REPRESENTATION(#2383,#2385);
#2383 = ( REPRESENTATION_RELATIONSHIP('','',#1511,#10) 
REPRESENTATION_RELATIONSHIP_WITH_TRANSFORMATION(#2384) 
SHAPE_REPRESENTATION_RELATIONSHIP() );
#2384 = ITEM_DEFINED_TRANSFORMATION('','',#11,#27);
#2385 = PRODUCT_DEFINITION_SHAPE('Placement','Placement of an item',
  #2386);
#2386 = NEXT_ASSEMBLY_USAGE_OCCURRENCE('4','C4','',#5,#1506,$);
#2387 = SHAPE_DEFINITION_REPRESENTATION(#2388,#2394);
#2388 = PRODUCT_DEFINITION_SHAPE('','',#2389);
#2389 = PRODUCT_DEFINITION('design','',#2390,#2393);
#2390 = PRODUCT_DEFINITION_FORMATION('','',#2391);
#2391 = PRODUCT('LED_D5.0mm-4_RGB','LED_D5.0mm-4_RGB','',(#2392));
#2392 = PRODUCT_CONTEXT('',#2,'mechanical');
#2393 = PRODUCT_DEFINITION_CONTEXT('part definition',#2,'design');
#2394 = ADVANCED_BREP_SHAPE_REPRESENTATION('',(#11,#2395),#3123);
#2395 = MANIFOLD_SOLID_BREP('',#2396);
#2396 = CLOSED_SHELL('',(#2397,#2424,#2458,#2495,#2527,#2545,#2691,#2722
    ,#2746,#2770,#2787,#2818,#2842,#2866,#2883,#2914,#2938,#2962,#2979,
    #3010,#3034,#3058,#3075,#3087,#3099,#3111));
#2397 = ADVANCED_FACE('',(#2398),#2419,.T.);
#2398 = FACE_BOUND('',#2399,.T.);
#2399 = EDGE_LOOP('',(#2400,#2411,#2412));
#2400 = ORIENTED_EDGE('',*,*,#2401,.T.);
#2401 = EDGE_CURVE('',#2402,#2404,#2406,.T.);
#2402 = VERTEX_POINT('',#2403);
#2403 = CARTESIAN_POINT('',(4.405,6.061817714453E-15,9.1));
#2404 = VERTEX_POINT('',#2405);
#2405 = CARTESIAN_POINT('',(1.905,7.727152251391E-15,11.6));
#2406 = CIRCLE('',#2407,2.5);
#2407 = AXIS2_PLACEMENT_3D('',#2408,#2409,#2410);
#2408 = CARTESIAN_POINT('',(1.905,6.061817714453E-15,9.1));
#2409 = DIRECTION('',(0.,-1.,6.661338147751E-16));
#2410 = DIRECTION('',(1.,0.,0.));
#2411 = ORIENTED_EDGE('',*,*,#2401,.F.);
#2412 = ORIENTED_EDGE('',*,*,#2413,.F.);
#2413 = EDGE_CURVE('',#2402,#2402,#2414,.T.);
#2414 = CIRCLE('',#2415,2.5);
#2415 = AXIS2_PLACEMENT_3D('',#2416,#2417,#2418);
#2416 = CARTESIAN_POINT('',(1.905,4.041211809636E-15,9.1));
#2417 = DIRECTION('',(4.379057701015E-47,-4.440892098501E-16,-1.));
#2418 = DIRECTION('',(1.,8.082423619271E-16,-3.589317118756E-31));
#2419 = SPHERICAL_SURFACE('',#2420,2.5);
#2420 = AXIS2_PLACEMENT_3D('',#2421,#2422,#2423);
#2421 = CARTESIAN_POINT('',(1.905,6.061817714453E-15,9.1));
#2422 = DIRECTION('',(0.,4.440892098501E-16,1.));
#2423 = DIRECTION('',(1.,1.365071914847E-15,-6.06213708053E-31));
#2424 = ADVANCED_FACE('',(#2425),#2453,.T.);
#2425 = FACE_BOUND('',#2426,.T.);
#2426 = EDGE_LOOP('',(#2427,#2435,#2436,#2437,#2446));
#2427 = ORIENTED_EDGE('',*,*,#2428,.F.);
#2428 = EDGE_CURVE('',#2402,#2429,#2431,.T.);
#2429 = VERTEX_POINT('',#2430);
#2430 = CARTESIAN_POINT('',(4.405,2.6645352591E-15,4.));
#2431 = LINE('',#2432,#2433);
#2432 = CARTESIAN_POINT('',(4.405,6.061817714453E-15,9.1));
#2433 = VECTOR('',#2434,1.);
#2434 = DIRECTION('',(0.,-6.661338147751E-16,-1.));
#2435 = ORIENTED_EDGE('',*,*,#2413,.T.);
#2436 = ORIENTED_EDGE('',*,*,#2428,.T.);
#2437 = ORIENTED_EDGE('',*,*,#2438,.F.);
#2438 = EDGE_CURVE('',#2439,#2429,#2441,.T.);
#2439 = VERTEX_POINT('',#2440);
#2440 = CARTESIAN_POINT('',(-0.595,2.844521316595E-15,4.));
#2441 = CIRCLE('',#2442,2.5);
#2442 = AXIS2_PLACEMENT_3D('',#2443,#2444,#2445);
#2443 = CARTESIAN_POINT('',(1.905,1.7763568394E-15,4.));
#2444 = DIRECTION('',(0.,-4.440892098501E-16,-1.));
#2445 = DIRECTION('',(1.,3.552713678801E-16,-1.577721810442E-31));
#2446 = ORIENTED_EDGE('',*,*,#2447,.F.);
#2447 = EDGE_CURVE('',#2429,#2439,#2448,.T.);
#2448 = CIRCLE('',#2449,2.5);
#2449 = AXIS2_PLACEMENT_3D('',#2450,#2451,#2452);
#2450 = CARTESIAN_POINT('',(1.905,1.7763568394E-15,4.));
#2451 = DIRECTION('',(0.,-4.440892098501E-16,-1.));
#2452 = DIRECTION('',(1.,3.552713678801E-16,-1.577721810442E-31));
#2453 = CYLINDRICAL_SURFACE('',#2454,2.5);
#2454 = AXIS2_PLACEMENT_3D('',#2455,#2456,#2457);
#2455 = CARTESIAN_POINT('',(1.905,4.041211809636E-15,9.1));
#2456 = DIRECTION('',(0.,-4.440892098501E-16,-1.));
#2457 = DIRECTION('',(1.,8.082423619271E-16,-3.589317118756E-31));
#2458 = ADVANCED_FACE('',(#2459,#2486),#2490,.F.);
#2459 = FACE_BOUND('',#2460,.F.);
#2460 = EDGE_LOOP('',(#2461,#2472,#2480));
#2461 = ORIENTED_EDGE('',*,*,#2462,.F.);
#2462 = EDGE_CURVE('',#2463,#2465,#2467,.T.);
#2463 = VERTEX_POINT('',#2464);
#2464 = CARTESIAN_POINT('',(-0.595,-1.46969384567,4.));
#2465 = VERTEX_POINT('',#2466);
#2466 = CARTESIAN_POINT('',(-0.595000000001,1.469693845669,4.));
#2467 = CIRCLE('',#2468,2.9);
#2468 = AXIS2_PLACEMENT_3D('',#2469,#2470,#2471);
#2469 = CARTESIAN_POINT('',(1.905,0.,4.));
#2470 = DIRECTION('',(0.,0.,1.));
#2471 = DIRECTION('',(1.,0.,-0.));
#2472 = ORIENTED_EDGE('',*,*,#2473,.T.);
#2473 = EDGE_CURVE('',#2463,#2474,#2476,.T.);
#2474 = VERTEX_POINT('',#2475);
#2475 = CARTESIAN_POINT('',(-0.595,2.844521316595E-15,4.));
#2476 = LINE('',#2477,#2478);
#2477 = CARTESIAN_POINT('',(-0.595000000001,-1.46969384567,4.));
#2478 = VECTOR('',#2479,1.);
#2479 = DIRECTION('',(0.,1.,0.));
#2480 = ORIENTED_EDGE('',*,*,#2481,.T.);
#2481 = EDGE_CURVE('',#2474,#2465,#2482,.T.);
#2482 = LINE('',#2483,#2484);
#2483 = CARTESIAN_POINT('',(-0.595000000001,-1.46969384567,4.));
#2484 = VECTOR('',#2485,1.);
#2485 = DIRECTION('',(0.,1.,0.));
#2486 = FACE_BOUND('',#2487,.F.);
#2487 = EDGE_LOOP('',(#2488,#2489));
#2488 = ORIENTED_EDGE('',*,*,#2438,.F.);
#2489 = ORIENTED_EDGE('',*,*,#2447,.F.);
#2490 = PLANE('',#2491);
#2491 = AXIS2_PLACEMENT_3D('',#2492,#2493,#2494);
#2492 = CARTESIAN_POINT('',(-0.594999999999,-1.469693845671,4.));
#2493 = DIRECTION('',(0.,0.,-1.));
#2494 = DIRECTION('',(-1.,0.,0.));
#2495 = ADVANCED_FACE('',(#2496),#2522,.T.);
#2496 = FACE_BOUND('',#2497,.T.);
#2497 = EDGE_LOOP('',(#2498,#2509,#2515,#2516));
#2498 = ORIENTED_EDGE('',*,*,#2499,.T.);
#2499 = EDGE_CURVE('',#2500,#2502,#2504,.T.);
#2500 = VERTEX_POINT('',#2501);
#2501 = CARTESIAN_POINT('',(-0.595,-1.46969384567,3.));
#2502 = VERTEX_POINT('',#2503);
#2503 = CARTESIAN_POINT('',(-0.595000000001,1.469693845669,3.));
#2504 = CIRCLE('',#2505,2.9);
#2505 = AXIS2_PLACEMENT_3D('',#2506,#2507,#2508);
#2506 = CARTESIAN_POINT('',(1.905,0.,3.));
#2507 = DIRECTION('',(0.,0.,1.));
#2508 = DIRECTION('',(1.,0.,-0.));
#2509 = ORIENTED_EDGE('',*,*,#2510,.T.);
#2510 = EDGE_CURVE('',#2502,#2465,#2511,.T.);
#2511 = LINE('',#2512,#2513);
#2512 = CARTESIAN_POINT('',(-0.595000000001,1.469693845669,3.));
#2513 = VECTOR('',#2514,1.);
#2514 = DIRECTION('',(0.,0.,1.));
#2515 = ORIENTED_EDGE('',*,*,#2462,.F.);
#2516 = ORIENTED_EDGE('',*,*,#2517,.F.);
#2517 = EDGE_CURVE('',#2500,#2463,#2518,.T.);
#2518 = LINE('',#2519,#2520);
#2519 = CARTESIAN_POINT('',(-0.595,-1.46969384567,3.));
#2520 = VECTOR('',#2521,1.);
#2521 = DIRECTION('',(0.,0.,1.));
#2522 = CYLINDRICAL_SURFACE('',#2523,2.9);
#2523 = AXIS2_PLACEMENT_3D('',#2524,#2525,#2526);
#2524 = CARTESIAN_POINT('',(1.905,0.,3.));
#2525 = DIRECTION('',(-0.,-0.,-1.));
#2526 = DIRECTION('',(1.,0.,0.));
#2527 = ADVANCED_FACE('',(#2528),#2540,.T.);
#2528 = FACE_BOUND('',#2529,.T.);
#2529 = EDGE_LOOP('',(#2530,#2531,#2532,#2533,#2534));
#2530 = ORIENTED_EDGE('',*,*,#2517,.T.);
#2531 = ORIENTED_EDGE('',*,*,#2473,.T.);
#2532 = ORIENTED_EDGE('',*,*,#2481,.T.);
#2533 = ORIENTED_EDGE('',*,*,#2510,.F.);
#2534 = ORIENTED_EDGE('',*,*,#2535,.F.);
#2535 = EDGE_CURVE('',#2500,#2502,#2536,.T.);
#2536 = LINE('',#2537,#2538);
#2537 = CARTESIAN_POINT('',(-0.595000000001,-1.46969384567,3.));
#2538 = VECTOR('',#2539,1.);
#2539 = DIRECTION('',(0.,1.,0.));
#2540 = PLANE('',#2541);
#2541 = AXIS2_PLACEMENT_3D('',#2542,#2543,#2544);
#2542 = CARTESIAN_POINT('',(-0.595000000001,-1.46969384567,3.));
#2543 = DIRECTION('',(-1.,0.,0.));
#2544 = DIRECTION('',(0.,1.,0.));
#2545 = ADVANCED_FACE('',(#2546,#2550,#2584,#2618,#2652),#2686,.T.);
#2546 = FACE_BOUND('',#2547,.T.);
#2547 = EDGE_LOOP('',(#2548,#2549));
#2548 = ORIENTED_EDGE('',*,*,#2499,.F.);
#2549 = ORIENTED_EDGE('',*,*,#2535,.T.);
#2550 = FACE_BOUND('',#2551,.T.);
#2551 = EDGE_LOOP('',(#2552,#2562,#2570,#2578));
#2552 = ORIENTED_EDGE('',*,*,#2553,.T.);
#2553 = EDGE_CURVE('',#2554,#2556,#2558,.T.);
#2554 = VERTEX_POINT('',#2555);
#2555 = CARTESIAN_POINT('',(1.47,0.2,3.));
#2556 = VERTEX_POINT('',#2557);
#2557 = CARTESIAN_POINT('',(1.07,0.2,3.));
#2558 = LINE('',#2559,#2560);
#2559 = CARTESIAN_POINT('',(0.2375,0.2,3.));
#2560 = VECTOR('',#2561,1.);
#2561 = DIRECTION('',(-1.,-0.,-0.));
#2562 = ORIENTED_EDGE('',*,*,#2563,.T.);
#2563 = EDGE_CURVE('',#2556,#2564,#2566,.T.);
#2564 = VERTEX_POINT('',#2565);
#2565 = CARTESIAN_POINT('',(1.07,-0.2,3.));
#2566 = LINE('',#2567,#2568);
#2567 = CARTESIAN_POINT('',(1.07,-0.834846922835,3.));
#2568 = VECTOR('',#2569,1.);
#2569 = DIRECTION('',(0.,-1.,0.));
#2570 = ORIENTED_EDGE('',*,*,#2571,.T.);
#2571 = EDGE_CURVE('',#2564,#2572,#2574,.T.);
#2572 = VERTEX_POINT('',#2573);
#2573 = CARTESIAN_POINT('',(1.47,-0.2,3.));
#2574 = LINE('',#2575,#2576);
#2575 = CARTESIAN_POINT('',(0.4375,-0.2,3.));
#2576 = VECTOR('',#2577,1.);
#2577 = DIRECTION('',(1.,0.,0.));
#2578 = ORIENTED_EDGE('',*,*,#2579,.T.);
#2579 = EDGE_CURVE('',#2572,#2554,#2580,.T.);
#2580 = LINE('',#2581,#2582);
#2581 = CARTESIAN_POINT('',(1.47,-0.634846922835,3.));
#2582 = VECTOR('',#2583,1.);
#2583 = DIRECTION('',(0.,1.,0.));
#2584 = FACE_BOUND('',#2585,.T.);
#2585 = EDGE_LOOP('',(#2586,#2596,#2604,#2612));
#2586 = ORIENTED_EDGE('',*,*,#2587,.T.);
#2587 = EDGE_CURVE('',#2588,#2590,#2592,.T.);
#2588 = VERTEX_POINT('',#2589);
#2589 = CARTESIAN_POINT('',(0.2,0.2,3.));
#2590 = VERTEX_POINT('',#2591);
#2591 = CARTESIAN_POINT('',(-0.2,0.2,3.));
#2592 = LINE('',#2593,#2594);
#2593 = CARTESIAN_POINT('',(-0.3975,0.2,3.));
#2594 = VECTOR('',#2595,1.);
#2595 = DIRECTION('',(-1.,-0.,-0.));
#2596 = ORIENTED_EDGE('',*,*,#2597,.T.);
#2597 = EDGE_CURVE('',#2590,#2598,#2600,.T.);
#2598 = VERTEX_POINT('',#2599);
#2599 = CARTESIAN_POINT('',(-0.2,-0.2,3.));
#2600 = LINE('',#2601,#2602);
#2601 = CARTESIAN_POINT('',(-0.2,-0.834846922835,3.));
#2602 = VECTOR('',#2603,1.);
#2603 = DIRECTION('',(0.,-1.,0.));
#2604 = ORIENTED_EDGE('',*,*,#2605,.T.);
#2605 = EDGE_CURVE('',#2598,#2606,#2608,.T.);
#2606 = VERTEX_POINT('',#2607);
#2607 = CARTESIAN_POINT('',(0.2,-0.2,3.));
#2608 = LINE('',#2609,#2610);
#2609 = CARTESIAN_POINT('',(-0.1975,-0.2,3.));
#2610 = VECTOR('',#2611,1.);
#2611 = DIRECTION('',(1.,0.,0.));
#2612 = ORIENTED_EDGE('',*,*,#2613,.T.);
#2613 = EDGE_CURVE('',#2606,#2588,#2614,.T.);
#2614 = LINE('',#2615,#2616);
#2615 = CARTESIAN_POINT('',(0.2,-0.634846922835,3.));
#2616 = VECTOR('',#2617,1.);
#2617 = DIRECTION('',(0.,1.,0.));
#2618 = FACE_BOUND('',#2619,.T.);
#2619 = EDGE_LOOP('',(#2620,#2630,#2638,#2646));
#2620 = ORIENTED_EDGE('',*,*,#2621,.T.);
#2621 = EDGE_CURVE('',#2622,#2624,#2626,.T.);
#2622 = VERTEX_POINT('',#2623);
#2623 = CARTESIAN_POINT('',(2.34,-0.2,3.));
#2624 = VERTEX_POINT('',#2625);
#2625 = CARTESIAN_POINT('',(2.74,-0.2,3.));
#2626 = LINE('',#2627,#2628);
#2627 = CARTESIAN_POINT('',(1.0725,-0.2,3.));
#2628 = VECTOR('',#2629,1.);
#2629 = DIRECTION('',(1.,0.,0.));
#2630 = ORIENTED_EDGE('',*,*,#2631,.T.);
#2631 = EDGE_CURVE('',#2624,#2632,#2634,.T.);
#2632 = VERTEX_POINT('',#2633);
#2633 = CARTESIAN_POINT('',(2.74,0.2,3.));
#2634 = LINE('',#2635,#2636);
#2635 = CARTESIAN_POINT('',(2.74,-0.634846922835,3.));
#2636 = VECTOR('',#2637,1.);
#2637 = DIRECTION('',(0.,1.,0.));
#2638 = ORIENTED_EDGE('',*,*,#2639,.T.);
#2639 = EDGE_CURVE('',#2632,#2640,#2642,.T.);
#2640 = VERTEX_POINT('',#2641);
#2641 = CARTESIAN_POINT('',(2.34,0.2,3.));
#2642 = LINE('',#2643,#2644);
#2643 = CARTESIAN_POINT('',(0.8725,0.2,3.));
#2644 = VECTOR('',#2645,1.);
#2645 = DIRECTION('',(-1.,-0.,-0.));
#2646 = ORIENTED_EDGE('',*,*,#2647,.T.);
#2647 = EDGE_CURVE('',#2640,#2622,#2648,.T.);
#2648 = LINE('',#2649,#2650);
#2649 = CARTESIAN_POINT('',(2.34,-0.834846922835,3.));
#2650 = VECTOR('',#2651,1.);
#2651 = DIRECTION('',(0.,-1.,0.));
#2652 = FACE_BOUND('',#2653,.T.);
#2653 = EDGE_LOOP('',(#2654,#2664,#2672,#2680));
#2654 = ORIENTED_EDGE('',*,*,#2655,.T.);
#2655 = EDGE_CURVE('',#2656,#2658,#2660,.T.);
#2656 = VERTEX_POINT('',#2657);
#2657 = CARTESIAN_POINT('',(3.61,-0.2,3.));
#2658 = VERTEX_POINT('',#2659);
#2659 = CARTESIAN_POINT('',(4.01,-0.2,3.));
#2660 = LINE('',#2661,#2662);
#2661 = CARTESIAN_POINT('',(1.7075,-0.2,3.));
#2662 = VECTOR('',#2663,1.);
#2663 = DIRECTION('',(1.,0.,0.));
#2664 = ORIENTED_EDGE('',*,*,#2665,.T.);
#2665 = EDGE_CURVE('',#2658,#2666,#2668,.T.);
#2666 = VERTEX_POINT('',#2667);
#2667 = CARTESIAN_POINT('',(4.01,0.2,3.));
#2668 = LINE('',#2669,#2670);
#2669 = CARTESIAN_POINT('',(4.01,-0.634846922835,3.));
#2670 = VECTOR('',#2671,1.);
#2671 = DIRECTION('',(0.,1.,0.));
#2672 = ORIENTED_EDGE('',*,*,#2673,.T.);
#2673 = EDGE_CURVE('',#2666,#2674,#2676,.T.);
#2674 = VERTEX_POINT('',#2675);
#2675 = CARTESIAN_POINT('',(3.61,0.2,3.));
#2676 = LINE('',#2677,#2678);
#2677 = CARTESIAN_POINT('',(1.5075,0.2,3.));
#2678 = VECTOR('',#2679,1.);
#2679 = DIRECTION('',(-1.,-0.,-0.));
#2680 = ORIENTED_EDGE('',*,*,#2681,.T.);
#2681 = EDGE_CURVE('',#2674,#2656,#2682,.T.);
#2682 = LINE('',#2683,#2684);
#2683 = CARTESIAN_POINT('',(3.61,-0.834846922835,3.));
#2684 = VECTOR('',#2685,1.);
#2685 = DIRECTION('',(0.,-1.,0.));
#2686 = PLANE('',#2687);
#2687 = AXIS2_PLACEMENT_3D('',#2688,#2689,#2690);
#2688 = CARTESIAN_POINT('',(-0.594999999999,-1.469693845671,3.));
#2689 = DIRECTION('',(0.,0.,-1.));
#2690 = DIRECTION('',(-1.,0.,0.));
#2691 = ADVANCED_FACE('',(#2692),#2717,.F.);
#2692 = FACE_BOUND('',#2693,.F.);
#2693 = EDGE_LOOP('',(#2694,#2695,#2703,#2711));
#2694 = ORIENTED_EDGE('',*,*,#2553,.T.);
#2695 = ORIENTED_EDGE('',*,*,#2696,.T.);
#2696 = EDGE_CURVE('',#2556,#2697,#2699,.T.);
#2697 = VERTEX_POINT('',#2698);
#2698 = CARTESIAN_POINT('',(1.07,0.2,-2.5));
#2699 = LINE('',#2700,#2701);
#2700 = CARTESIAN_POINT('',(1.07,0.2,3.5));
#2701 = VECTOR('',#2702,1.);
#2702 = DIRECTION('',(-0.,-0.,-1.));
#2703 = ORIENTED_EDGE('',*,*,#2704,.T.);
#2704 = EDGE_CURVE('',#2697,#2705,#2707,.T.);
#2705 = VERTEX_POINT('',#2706);
#2706 = CARTESIAN_POINT('',(1.47,0.2,-2.5));
#2707 = LINE('',#2708,#2709);
#2708 = CARTESIAN_POINT('',(1.07,0.2,-2.5));
#2709 = VECTOR('',#2710,1.);
#2710 = DIRECTION('',(1.,0.,0.));
#2711 = ORIENTED_EDGE('',*,*,#2712,.F.);
#2712 = EDGE_CURVE('',#2554,#2705,#2713,.T.);
#2713 = LINE('',#2714,#2715);
#2714 = CARTESIAN_POINT('',(1.47,0.2,3.5));
#2715 = VECTOR('',#2716,1.);
#2716 = DIRECTION('',(-0.,-0.,-1.));
#2717 = PLANE('',#2718);
#2718 = AXIS2_PLACEMENT_3D('',#2719,#2720,#2721);
#2719 = CARTESIAN_POINT('',(1.07,0.2,3.5));
#2720 = DIRECTION('',(0.,-1.,0.));
#2721 = DIRECTION('',(1.,0.,0.));
#2722 = ADVANCED_FACE('',(#2723),#2741,.F.);
#2723 = FACE_BOUND('',#2724,.F.);
#2724 = EDGE_LOOP('',(#2725,#2726,#2727,#2735));
#2725 = ORIENTED_EDGE('',*,*,#2579,.T.);
#2726 = ORIENTED_EDGE('',*,*,#2712,.T.);
#2727 = ORIENTED_EDGE('',*,*,#2728,.T.);
#2728 = EDGE_CURVE('',#2705,#2729,#2731,.T.);
#2729 = VERTEX_POINT('',#2730);
#2730 = CARTESIAN_POINT('',(1.47,-0.2,-2.5));
#2731 = LINE('',#2732,#2733);
#2732 = CARTESIAN_POINT('',(1.47,0.2,-2.5));
#2733 = VECTOR('',#2734,1.);
#2734 = DIRECTION('',(0.,-1.,0.));
#2735 = ORIENTED_EDGE('',*,*,#2736,.F.);
#2736 = EDGE_CURVE('',#2572,#2729,#2737,.T.);
#2737 = LINE('',#2738,#2739);
#2738 = CARTESIAN_POINT('',(1.47,-0.2,3.5));
#2739 = VECTOR('',#2740,1.);
#2740 = DIRECTION('',(-0.,-0.,-1.));
#2741 = PLANE('',#2742);
#2742 = AXIS2_PLACEMENT_3D('',#2743,#2744,#2745);
#2743 = CARTESIAN_POINT('',(1.47,0.2,3.5));
#2744 = DIRECTION('',(-1.,0.,0.));
#2745 = DIRECTION('',(0.,-1.,0.));
#2746 = ADVANCED_FACE('',(#2747),#2765,.F.);
#2747 = FACE_BOUND('',#2748,.F.);
#2748 = EDGE_LOOP('',(#2749,#2750,#2751,#2759));
#2749 = ORIENTED_EDGE('',*,*,#2571,.T.);
#2750 = ORIENTED_EDGE('',*,*,#2736,.T.);
#2751 = ORIENTED_EDGE('',*,*,#2752,.T.);
#2752 = EDGE_CURVE('',#2729,#2753,#2755,.T.);
#2753 = VERTEX_POINT('',#2754);
#2754 = CARTESIAN_POINT('',(1.07,-0.2,-2.5));
#2755 = LINE('',#2756,#2757);
#2756 = CARTESIAN_POINT('',(1.47,-0.2,-2.5));
#2757 = VECTOR('',#2758,1.);
#2758 = DIRECTION('',(-1.,0.,0.));
#2759 = ORIENTED_EDGE('',*,*,#2760,.F.);
#2760 = EDGE_CURVE('',#2564,#2753,#2761,.T.);
#2761 = LINE('',#2762,#2763);
#2762 = CARTESIAN_POINT('',(1.07,-0.2,3.5));
#2763 = VECTOR('',#2764,1.);
#2764 = DIRECTION('',(-0.,-0.,-1.));
#2765 = PLANE('',#2766);
#2766 = AXIS2_PLACEMENT_3D('',#2767,#2768,#2769);
#2767 = CARTESIAN_POINT('',(1.47,-0.2,3.5));
#2768 = DIRECTION('',(0.,1.,0.));
#2769 = DIRECTION('',(-1.,0.,0.));
#2770 = ADVANCED_FACE('',(#2771),#2782,.F.);
#2771 = FACE_BOUND('',#2772,.F.);
#2772 = EDGE_LOOP('',(#2773,#2774,#2775,#2781));
#2773 = ORIENTED_EDGE('',*,*,#2563,.T.);
#2774 = ORIENTED_EDGE('',*,*,#2760,.T.);
#2775 = ORIENTED_EDGE('',*,*,#2776,.T.);
#2776 = EDGE_CURVE('',#2753,#2697,#2777,.T.);
#2777 = LINE('',#2778,#2779);
#2778 = CARTESIAN_POINT('',(1.07,-0.2,-2.5));
#2779 = VECTOR('',#2780,1.);
#2780 = DIRECTION('',(0.,1.,0.));
#2781 = ORIENTED_EDGE('',*,*,#2696,.F.);
#2782 = PLANE('',#2783);
#2783 = AXIS2_PLACEMENT_3D('',#2784,#2785,#2786);
#2784 = CARTESIAN_POINT('',(1.07,-0.2,3.5));
#2785 = DIRECTION('',(1.,0.,0.));
#2786 = DIRECTION('',(-0.,1.,0.));
#2787 = ADVANCED_FACE('',(#2788),#2813,.F.);
#2788 = FACE_BOUND('',#2789,.F.);
#2789 = EDGE_LOOP('',(#2790,#2791,#2799,#2807));
#2790 = ORIENTED_EDGE('',*,*,#2587,.T.);
#2791 = ORIENTED_EDGE('',*,*,#2792,.T.);
#2792 = EDGE_CURVE('',#2590,#2793,#2795,.T.);
#2793 = VERTEX_POINT('',#2794);
#2794 = CARTESIAN_POINT('',(-0.2,0.2,-2.5));
#2795 = LINE('',#2796,#2797);
#2796 = CARTESIAN_POINT('',(-0.2,0.2,3.5));
#2797 = VECTOR('',#2798,1.);
#2798 = DIRECTION('',(-0.,-0.,-1.));
#2799 = ORIENTED_EDGE('',*,*,#2800,.T.);
#2800 = EDGE_CURVE('',#2793,#2801,#2803,.T.);
#2801 = VERTEX_POINT('',#2802);
#2802 = CARTESIAN_POINT('',(0.2,0.2,-2.5));
#2803 = LINE('',#2804,#2805);
#2804 = CARTESIAN_POINT('',(-0.2,0.2,-2.5));
#2805 = VECTOR('',#2806,1.);
#2806 = DIRECTION('',(1.,0.,0.));
#2807 = ORIENTED_EDGE('',*,*,#2808,.F.);
#2808 = EDGE_CURVE('',#2588,#2801,#2809,.T.);
#2809 = LINE('',#2810,#2811);
#2810 = CARTESIAN_POINT('',(0.2,0.2,3.5));
#2811 = VECTOR('',#2812,1.);
#2812 = DIRECTION('',(-0.,-0.,-1.));
#2813 = PLANE('',#2814);
#2814 = AXIS2_PLACEMENT_3D('',#2815,#2816,#2817);
#2815 = CARTESIAN_POINT('',(-0.2,0.2,3.5));
#2816 = DIRECTION('',(0.,-1.,0.));
#2817 = DIRECTION('',(1.,0.,0.));
#2818 = ADVANCED_FACE('',(#2819),#2837,.F.);
#2819 = FACE_BOUND('',#2820,.F.);
#2820 = EDGE_LOOP('',(#2821,#2822,#2823,#2831));
#2821 = ORIENTED_EDGE('',*,*,#2613,.T.);
#2822 = ORIENTED_EDGE('',*,*,#2808,.T.);
#2823 = ORIENTED_EDGE('',*,*,#2824,.T.);
#2824 = EDGE_CURVE('',#2801,#2825,#2827,.T.);
#2825 = VERTEX_POINT('',#2826);
#2826 = CARTESIAN_POINT('',(0.2,-0.2,-2.5));
#2827 = LINE('',#2828,#2829);
#2828 = CARTESIAN_POINT('',(0.2,0.2,-2.5));
#2829 = VECTOR('',#2830,1.);
#2830 = DIRECTION('',(0.,-1.,0.));
#2831 = ORIENTED_EDGE('',*,*,#2832,.F.);
#2832 = EDGE_CURVE('',#2606,#2825,#2833,.T.);
#2833 = LINE('',#2834,#2835);
#2834 = CARTESIAN_POINT('',(0.2,-0.2,3.5));
#2835 = VECTOR('',#2836,1.);
#2836 = DIRECTION('',(-0.,-0.,-1.));
#2837 = PLANE('',#2838);
#2838 = AXIS2_PLACEMENT_3D('',#2839,#2840,#2841);
#2839 = CARTESIAN_POINT('',(0.2,0.2,3.5));
#2840 = DIRECTION('',(-1.,0.,0.));
#2841 = DIRECTION('',(0.,-1.,0.));
#2842 = ADVANCED_FACE('',(#2843),#2861,.F.);
#2843 = FACE_BOUND('',#2844,.F.);
#2844 = EDGE_LOOP('',(#2845,#2846,#2847,#2855));
#2845 = ORIENTED_EDGE('',*,*,#2605,.T.);
#2846 = ORIENTED_EDGE('',*,*,#2832,.T.);
#2847 = ORIENTED_EDGE('',*,*,#2848,.T.);
#2848 = EDGE_CURVE('',#2825,#2849,#2851,.T.);
#2849 = VERTEX_POINT('',#2850);
#2850 = CARTESIAN_POINT('',(-0.2,-0.2,-2.5));
#2851 = LINE('',#2852,#2853);
#2852 = CARTESIAN_POINT('',(0.2,-0.2,-2.5));
#2853 = VECTOR('',#2854,1.);
#2854 = DIRECTION('',(-1.,0.,0.));
#2855 = ORIENTED_EDGE('',*,*,#2856,.F.);
#2856 = EDGE_CURVE('',#2598,#2849,#2857,.T.);
#2857 = LINE('',#2858,#2859);
#2858 = CARTESIAN_POINT('',(-0.2,-0.2,3.5));
#2859 = VECTOR('',#2860,1.);
#2860 = DIRECTION('',(-0.,-0.,-1.));
#2861 = PLANE('',#2862);
#2862 = AXIS2_PLACEMENT_3D('',#2863,#2864,#2865);
#2863 = CARTESIAN_POINT('',(0.2,-0.2,3.5));
#2864 = DIRECTION('',(0.,1.,0.));
#2865 = DIRECTION('',(-1.,0.,0.));
#2866 = ADVANCED_FACE('',(#2867),#2878,.F.);
#2867 = FACE_BOUND('',#2868,.F.);
#2868 = EDGE_LOOP('',(#2869,#2870,#2871,#2877));
#2869 = ORIENTED_EDGE('',*,*,#2597,.T.);
#2870 = ORIENTED_EDGE('',*,*,#2856,.T.);
#2871 = ORIENTED_EDGE('',*,*,#2872,.T.);
#2872 = EDGE_CURVE('',#2849,#2793,#2873,.T.);
#2873 = LINE('',#2874,#2875);
#2874 = CARTESIAN_POINT('',(-0.2,-0.2,-2.5));
#2875 = VECTOR('',#2876,1.);
#2876 = DIRECTION('',(0.,1.,0.));
#2877 = ORIENTED_EDGE('',*,*,#2792,.F.);
#2878 = PLANE('',#2879);
#2879 = AXIS2_PLACEMENT_3D('',#2880,#2881,#2882);
#2880 = CARTESIAN_POINT('',(-0.2,-0.2,3.5));
#2881 = DIRECTION('',(1.,0.,0.));
#2882 = DIRECTION('',(-0.,1.,0.));
#2883 = ADVANCED_FACE('',(#2884),#2909,.F.);
#2884 = FACE_BOUND('',#2885,.F.);
#2885 = EDGE_LOOP('',(#2886,#2887,#2895,#2903));
#2886 = ORIENTED_EDGE('',*,*,#2621,.T.);
#2887 = ORIENTED_EDGE('',*,*,#2888,.T.);
#2888 = EDGE_CURVE('',#2624,#2889,#2891,.T.);
#2889 = VERTEX_POINT('',#2890);
#2890 = CARTESIAN_POINT('',(2.74,-0.2,-2.5));
#2891 = LINE('',#2892,#2893);
#2892 = CARTESIAN_POINT('',(2.74,-0.2,3.5));
#2893 = VECTOR('',#2894,1.);
#2894 = DIRECTION('',(-0.,-0.,-1.));
#2895 = ORIENTED_EDGE('',*,*,#2896,.T.);
#2896 = EDGE_CURVE('',#2889,#2897,#2899,.T.);
#2897 = VERTEX_POINT('',#2898);
#2898 = CARTESIAN_POINT('',(2.34,-0.2,-2.5));
#2899 = LINE('',#2900,#2901);
#2900 = CARTESIAN_POINT('',(2.74,-0.2,-2.5));
#2901 = VECTOR('',#2902,1.);
#2902 = DIRECTION('',(-1.,0.,0.));
#2903 = ORIENTED_EDGE('',*,*,#2904,.F.);
#2904 = EDGE_CURVE('',#2622,#2897,#2905,.T.);
#2905 = LINE('',#2906,#2907);
#2906 = CARTESIAN_POINT('',(2.34,-0.2,3.5));
#2907 = VECTOR('',#2908,1.);
#2908 = DIRECTION('',(-0.,-0.,-1.));
#2909 = PLANE('',#2910);
#2910 = AXIS2_PLACEMENT_3D('',#2911,#2912,#2913);
#2911 = CARTESIAN_POINT('',(2.74,-0.2,3.5));
#2912 = DIRECTION('',(0.,1.,0.));
#2913 = DIRECTION('',(-1.,0.,0.));
#2914 = ADVANCED_FACE('',(#2915),#2933,.F.);
#2915 = FACE_BOUND('',#2916,.F.);
#2916 = EDGE_LOOP('',(#2917,#2918,#2919,#2927));
#2917 = ORIENTED_EDGE('',*,*,#2647,.T.);
#2918 = ORIENTED_EDGE('',*,*,#2904,.T.);
#2919 = ORIENTED_EDGE('',*,*,#2920,.T.);
#2920 = EDGE_CURVE('',#2897,#2921,#2923,.T.);
#2921 = VERTEX_POINT('',#2922);
#2922 = CARTESIAN_POINT('',(2.34,0.2,-2.5));
#2923 = LINE('',#2924,#2925);
#2924 = CARTESIAN_POINT('',(2.34,-0.2,-2.5));
#2925 = VECTOR('',#2926,1.);
#2926 = DIRECTION('',(0.,1.,0.));
#2927 = ORIENTED_EDGE('',*,*,#2928,.F.);
#2928 = EDGE_CURVE('',#2640,#2921,#2929,.T.);
#2929 = LINE('',#2930,#2931);
#2930 = CARTESIAN_POINT('',(2.34,0.2,3.5));
#2931 = VECTOR('',#2932,1.);
#2932 = DIRECTION('',(-0.,-0.,-1.));
#2933 = PLANE('',#2934);
#2934 = AXIS2_PLACEMENT_3D('',#2935,#2936,#2937);
#2935 = CARTESIAN_POINT('',(2.34,-0.2,3.5));
#2936 = DIRECTION('',(1.,0.,0.));
#2937 = DIRECTION('',(-0.,1.,0.));
#2938 = ADVANCED_FACE('',(#2939),#2957,.F.);
#2939 = FACE_BOUND('',#2940,.F.);
#2940 = EDGE_LOOP('',(#2941,#2942,#2943,#2951));
#2941 = ORIENTED_EDGE('',*,*,#2639,.T.);
#2942 = ORIENTED_EDGE('',*,*,#2928,.T.);
#2943 = ORIENTED_EDGE('',*,*,#2944,.T.);
#2944 = EDGE_CURVE('',#2921,#2945,#2947,.T.);
#2945 = VERTEX_POINT('',#2946);
#2946 = CARTESIAN_POINT('',(2.74,0.2,-2.5));
#2947 = LINE('',#2948,#2949);
#2948 = CARTESIAN_POINT('',(2.34,0.2,-2.5));
#2949 = VECTOR('',#2950,1.);
#2950 = DIRECTION('',(1.,0.,0.));
#2951 = ORIENTED_EDGE('',*,*,#2952,.F.);
#2952 = EDGE_CURVE('',#2632,#2945,#2953,.T.);
#2953 = LINE('',#2954,#2955);
#2954 = CARTESIAN_POINT('',(2.74,0.2,3.5));
#2955 = VECTOR('',#2956,1.);
#2956 = DIRECTION('',(-0.,-0.,-1.));
#2957 = PLANE('',#2958);
#2958 = AXIS2_PLACEMENT_3D('',#2959,#2960,#2961);
#2959 = CARTESIAN_POINT('',(2.34,0.2,3.5));
#2960 = DIRECTION('',(0.,-1.,0.));
#2961 = DIRECTION('',(1.,0.,0.));
#2962 = ADVANCED_FACE('',(#2963),#2974,.F.);
#2963 = FACE_BOUND('',#2964,.F.);
#2964 = EDGE_LOOP('',(#2965,#2966,#2967,#2973));
#2965 = ORIENTED_EDGE('',*,*,#2631,.T.);
#2966 = ORIENTED_EDGE('',*,*,#2952,.T.);
#2967 = ORIENTED_EDGE('',*,*,#2968,.T.);
#2968 = EDGE_CURVE('',#2945,#2889,#2969,.T.);
#2969 = LINE('',#2970,#2971);
#2970 = CARTESIAN_POINT('',(2.74,0.2,-2.5));
#2971 = VECTOR('',#2972,1.);
#2972 = DIRECTION('',(0.,-1.,0.));
#2973 = ORIENTED_EDGE('',*,*,#2888,.F.);
#2974 = PLANE('',#2975);
#2975 = AXIS2_PLACEMENT_3D('',#2976,#2977,#2978);
#2976 = CARTESIAN_POINT('',(2.74,0.2,3.5));
#2977 = DIRECTION('',(-1.,0.,0.));
#2978 = DIRECTION('',(0.,-1.,0.));
#2979 = ADVANCED_FACE('',(#2980),#3005,.F.);
#2980 = FACE_BOUND('',#2981,.F.);
#2981 = EDGE_LOOP('',(#2982,#2983,#2991,#2999));
#2982 = ORIENTED_EDGE('',*,*,#2655,.T.);
#2983 = ORIENTED_EDGE('',*,*,#2984,.T.);
#2984 = EDGE_CURVE('',#2658,#2985,#2987,.T.);
#2985 = VERTEX_POINT('',#2986);
#2986 = CARTESIAN_POINT('',(4.01,-0.2,-2.5));
#2987 = LINE('',#2988,#2989);
#2988 = CARTESIAN_POINT('',(4.01,-0.2,3.5));
#2989 = VECTOR('',#2990,1.);
#2990 = DIRECTION('',(-0.,-0.,-1.));
#2991 = ORIENTED_EDGE('',*,*,#2992,.T.);
#2992 = EDGE_CURVE('',#2985,#2993,#2995,.T.);
#2993 = VERTEX_POINT('',#2994);
#2994 = CARTESIAN_POINT('',(3.61,-0.2,-2.5));
#2995 = LINE('',#2996,#2997);
#2996 = CARTESIAN_POINT('',(4.01,-0.2,-2.5));
#2997 = VECTOR('',#2998,1.);
#2998 = DIRECTION('',(-1.,0.,0.));
#2999 = ORIENTED_EDGE('',*,*,#3000,.F.);
#3000 = EDGE_CURVE('',#2656,#2993,#3001,.T.);
#3001 = LINE('',#3002,#3003);
#3002 = CARTESIAN_POINT('',(3.61,-0.2,3.5));
#3003 = VECTOR('',#3004,1.);
#3004 = DIRECTION('',(-0.,-0.,-1.));
#3005 = PLANE('',#3006);
#3006 = AXIS2_PLACEMENT_3D('',#3007,#3008,#3009);
#3007 = CARTESIAN_POINT('',(4.01,-0.2,3.5));
#3008 = DIRECTION('',(0.,1.,0.));
#3009 = DIRECTION('',(-1.,0.,0.));
#3010 = ADVANCED_FACE('',(#3011),#3029,.F.);
#3011 = FACE_BOUND('',#3012,.F.);
#3012 = EDGE_LOOP('',(#3013,#3014,#3015,#3023));
#3013 = ORIENTED_EDGE('',*,*,#2681,.T.);
#3014 = ORIENTED_EDGE('',*,*,#3000,.T.);
#3015 = ORIENTED_EDGE('',*,*,#3016,.T.);
#3016 = EDGE_CURVE('',#2993,#3017,#3019,.T.);
#3017 = VERTEX_POINT('',#3018);
#3018 = CARTESIAN_POINT('',(3.61,0.2,-2.5));
#3019 = LINE('',#3020,#3021);
#3020 = CARTESIAN_POINT('',(3.61,-0.2,-2.5));
#3021 = VECTOR('',#3022,1.);
#3022 = DIRECTION('',(0.,1.,0.));
#3023 = ORIENTED_EDGE('',*,*,#3024,.F.);
#3024 = EDGE_CURVE('',#2674,#3017,#3025,.T.);
#3025 = LINE('',#3026,#3027);
#3026 = CARTESIAN_POINT('',(3.61,0.2,3.5));
#3027 = VECTOR('',#3028,1.);
#3028 = DIRECTION('',(-0.,-0.,-1.));
#3029 = PLANE('',#3030);
#3030 = AXIS2_PLACEMENT_3D('',#3031,#3032,#3033);
#3031 = CARTESIAN_POINT('',(3.61,-0.2,3.5));
#3032 = DIRECTION('',(1.,0.,0.));
#3033 = DIRECTION('',(-0.,1.,0.));
#3034 = ADVANCED_FACE('',(#3035),#3053,.F.);
#3035 = FACE_BOUND('',#3036,.F.);
#3036 = EDGE_LOOP('',(#3037,#3038,#3039,#3047));
#3037 = ORIENTED_EDGE('',*,*,#2673,.T.);
#3038 = ORIENTED_EDGE('',*,*,#3024,.T.);
#3039 = ORIENTED_EDGE('',*,*,#3040,.T.);
#3040 = EDGE_CURVE('',#3017,#3041,#3043,.T.);
#3041 = VERTEX_POINT('',#3042);
#3042 = CARTESIAN_POINT('',(4.01,0.2,-2.5));
#3043 = LINE('',#3044,#3045);
#3044 = CARTESIAN_POINT('',(3.61,0.2,-2.5));
#3045 = VECTOR('',#3046,1.);
#3046 = DIRECTION('',(1.,0.,0.));
#3047 = ORIENTED_EDGE('',*,*,#3048,.F.);
#3048 = EDGE_CURVE('',#2666,#3041,#3049,.T.);
#3049 = LINE('',#3050,#3051);
#3050 = CARTESIAN_POINT('',(4.01,0.2,3.5));
#3051 = VECTOR('',#3052,1.);
#3052 = DIRECTION('',(-0.,-0.,-1.));
#3053 = PLANE('',#3054);
#3054 = AXIS2_PLACEMENT_3D('',#3055,#3056,#3057);
#3055 = CARTESIAN_POINT('',(3.61,0.2,3.5));
#3056 = DIRECTION('',(0.,-1.,0.));
#3057 = DIRECTION('',(1.,0.,0.));
#3058 = ADVANCED_FACE('',(#3059),#3070,.F.);
#3059 = FACE_BOUND('',#3060,.F.);
#3060 = EDGE_LOOP('',(#3061,#3062,#3063,#3069));
#3061 = ORIENTED_EDGE('',*,*,#2665,.T.);
#3062 = ORIENTED_EDGE('',*,*,#3048,.T.);
#3063 = ORIENTED_EDGE('',*,*,#3064,.T.);
#3064 = EDGE_CURVE('',#3041,#2985,#3065,.T.);
#3065 = LINE('',#3066,#3067);
#3066 = CARTESIAN_POINT('',(4.01,0.2,-2.5));
#3067 = VECTOR('',#3068,1.);
#3068 = DIRECTION('',(0.,-1.,0.));
#3069 = ORIENTED_EDGE('',*,*,#2984,.F.);
#3070 = PLANE('',#3071);
#3071 = AXIS2_PLACEMENT_3D('',#3072,#3073,#3074);
#3072 = CARTESIAN_POINT('',(4.01,0.2,3.5));
#3073 = DIRECTION('',(-1.,0.,0.));
#3074 = DIRECTION('',(0.,-1.,0.));
#3075 = ADVANCED_FACE('',(#3076),#3082,.F.);
#3076 = FACE_BOUND('',#3077,.T.);
#3077 = EDGE_LOOP('',(#3078,#3079,#3080,#3081));
#3078 = ORIENTED_EDGE('',*,*,#2704,.T.);
#3079 = ORIENTED_EDGE('',*,*,#2728,.T.);
#3080 = ORIENTED_EDGE('',*,*,#2752,.T.);
#3081 = ORIENTED_EDGE('',*,*,#2776,.T.);
#3082 = PLANE('',#3083);
#3083 = AXIS2_PLACEMENT_3D('',#3084,#3085,#3086);
#3084 = CARTESIAN_POINT('',(1.07,0.2,-2.5));
#3085 = DIRECTION('',(0.,0.,1.));
#3086 = DIRECTION('',(1.,0.,-0.));
#3087 = ADVANCED_FACE('',(#3088),#3094,.F.);
#3088 = FACE_BOUND('',#3089,.T.);
#3089 = EDGE_LOOP('',(#3090,#3091,#3092,#3093));
#3090 = ORIENTED_EDGE('',*,*,#2800,.T.);
#3091 = ORIENTED_EDGE('',*,*,#2824,.T.);
#3092 = ORIENTED_EDGE('',*,*,#2848,.T.);
#3093 = ORIENTED_EDGE('',*,*,#2872,.T.);
#3094 = PLANE('',#3095);
#3095 = AXIS2_PLACEMENT_3D('',#3096,#3097,#3098);
#3096 = CARTESIAN_POINT('',(-0.2,0.2,-2.5));
#3097 = DIRECTION('',(0.,0.,1.));
#3098 = DIRECTION('',(1.,0.,-0.));
#3099 = ADVANCED_FACE('',(#3100),#3106,.F.);
#3100 = FACE_BOUND('',#3101,.T.);
#3101 = EDGE_LOOP('',(#3102,#3103,#3104,#3105));
#3102 = ORIENTED_EDGE('',*,*,#2944,.T.);
#3103 = ORIENTED_EDGE('',*,*,#2968,.T.);
#3104 = ORIENTED_EDGE('',*,*,#2896,.T.);
#3105 = ORIENTED_EDGE('',*,*,#2920,.T.);
#3106 = PLANE('',#3107);
#3107 = AXIS2_PLACEMENT_3D('',#3108,#3109,#3110);
#3108 = CARTESIAN_POINT('',(2.34,0.2,-2.5));
#3109 = DIRECTION('',(0.,0.,1.));
#3110 = DIRECTION('',(1.,0.,-0.));
#3111 = ADVANCED_FACE('',(#3112),#3118,.F.);
#3112 = FACE_BOUND('',#3113,.T.);
#3113 = EDGE_LOOP('',(#3114,#3115,#3116,#3117));
#3114 = ORIENTED_EDGE('',*,*,#3040,.T.);
#3115 = ORIENTED_EDGE('',*,*,#3064,.T.);
#3116 = ORIENTED_EDGE('',*,*,#2992,.T.);
#3117 = ORIENTED_EDGE('',*,*,#3016,.T.);
#3118 = PLANE('',#3119);
#3119 = AXIS2_PLACEMENT_3D('',#3120,#3121,#3122);
#3120 = CARTESIAN_POINT('',(3.61,0.2,-2.5));
#3121 = DIRECTION('',(0.,0.,1.));
#3122 = DIRECTION('',(1.,0.,-0.));
#3123 = ( GEOMETRIC_REPRESENTATION_CONTEXT(3) 
GLOBAL_UNCERTAINTY_ASSIGNED_CONTEXT((#3127)) 
GLOBAL_UNIT_ASSIGNED_CONTEXT((#3124,#3125,#3126)) REPRESENTATION_CONTEXT
('Context #1','3D Context with UNIT and UNCERTAINTY') );
#3124 = ( LENGTH_UNIT() NAMED_UNIT(*) SI_UNIT(.MILLI.,.METRE.) );
#3125 = ( NAMED_UNIT(*) PLANE_ANGLE_UNIT() SI_UNIT($,.RADIAN.) );
#3126 = ( NAMED_UNIT(*) SI_UNIT($,.STERADIAN.) SOLID_ANGLE_UNIT() );
#3127 = UNCERTAINTY_MEASURE_WITH_UNIT(LENGTH_MEASURE(1.E-07),#3124,
  'distance_accuracy_value','confusion accuracy');
#3128 = CONTEXT_DEPENDENT_SHAPE_REPRESENTATION(#3129,#3131);
#3129 = ( REPRESENTATION_RELATIONSHIP('','',#2394,#10) 
REPRESENTATION_RELATIONSHIP_WITH_TRANSFORMATION(#3130) 
SHAPE_REPRESENTATION_RELATIONSHIP() );
#3130 = ITEM_DEFINED_TRANSFORMATION('','',#11,#31);
#3131 = PRODUCT_DEFINITION_SHAPE('Placement','Placement of an item',
  #3132);
#3132 = NEXT_ASSEMBLY_USAGE_OCCURRENCE('5','D2','',#5,#2389,$);
#3133 = PRODUCT_RELATED_PRODUCT_CATEGORY('part',$,(#2391));
#3134 = SHAPE_DEFINITION_REPRESENTATION(#3135,#3141);
#3135 = PRODUCT_DEFINITION_SHAPE('','',#3136);
#3136 = PRODUCT_DEFINITION('design','',#3137,#3140);
#3137 = PRODUCT_DEFINITION_FORMATION('','',#3138);
#3138 = PRODUCT('SW_PUSH_6mm','SW_PUSH_6mm','',(#3139));
#3139 = PRODUCT_CONTEXT('',#2,'mechanical');
#3140 = PRODUCT_DEFINITION_CONTEXT('part definition',#2,'design');
#3141 = ADVANCED_BREP_SHAPE_REPRESENTATION('',(#11,#3142),#6371);
#3142 = MANIFOLD_SOLID_BREP('',#3143);
#3143 = CLOSED_SHELL('',(#3144,#3161,#3186,#3309,#3340,#3365,#3390,#3414
    ,#3438,#3463,#3488,#3505,#3530,#3555,#3580,#3605,#3636,#3661,#3686,
    #3774,#3862,#3887,#3912,#3929,#3938,#3964,#3973,#3982,#4026,#4176,
    #4200,#4343,#4493,#4643,#4660,#4810,#4834,#4977,#5127,#5277,#5294,
    #5303,#5320,#5337,#5354,#5371,#5393,#5410,#5427,#5444,#5461,#5473,
    #5490,#5507,#5524,#5541,#5558,#5575,#5592,#5609,#5621,#5643,#5660,
    #5677,#5694,#5711,#5723,#5740,#5757,#5774,#5791,#5808,#5825,#5842,
    #5859,#5871,#5893,#5910,#5927,#5944,#5961,#5973,#5990,#6007,#6024,
    #6041,#6058,#6075,#6092,#6109,#6121,#6143,#6160,#6177,#6194,#6211,
    #6223,#6240,#6257,#6274,#6291,#6308,#6325,#6342,#6359));
#3144 = ADVANCED_FACE('',(#3145),#3156,.F.);
#3145 = FACE_BOUND('',#3146,.T.);
#3146 = EDGE_LOOP('',(#3147));
#3147 = ORIENTED_EDGE('',*,*,#3148,.T.);
#3148 = EDGE_CURVE('',#3149,#3149,#3151,.T.);
#3149 = VERTEX_POINT('',#3150);
#3150 = CARTESIAN_POINT('',(1.65,-4.25,4.1));
#3151 = CIRCLE('',#3152,0.5);
#3152 = AXIS2_PLACEMENT_3D('',#3153,#3154,#3155);
#3153 = CARTESIAN_POINT('',(1.15,-4.25,4.1));
#3154 = DIRECTION('',(0.,0.,1.));
#3155 = DIRECTION('',(1.,0.,-0.));
#3156 = PLANE('',#3157);
#3157 = AXIS2_PLACEMENT_3D('',#3158,#3159,#3160);
#3158 = CARTESIAN_POINT('',(1.65,-4.25,4.1));
#3159 = DIRECTION('',(0.,0.,-1.));
#3160 = DIRECTION('',(-1.,0.,0.));
#3161 = ADVANCED_FACE('',(#3162),#3181,.T.);
#3162 = FACE_BOUND('',#3163,.T.);
#3163 = EDGE_LOOP('',(#3164,#3172,#3173,#3174));
#3164 = ORIENTED_EDGE('',*,*,#3165,.T.);
#3165 = EDGE_CURVE('',#3166,#3149,#3168,.T.);
#3166 = VERTEX_POINT('',#3167);
#3167 = CARTESIAN_POINT('',(1.65,-4.25,3.6));
#3168 = LINE('',#3169,#3170);
#3169 = CARTESIAN_POINT('',(1.65,-4.25,3.5));
#3170 = VECTOR('',#3171,1.);
#3171 = DIRECTION('',(0.,0.,1.));
#3172 = ORIENTED_EDGE('',*,*,#3148,.F.);
#3173 = ORIENTED_EDGE('',*,*,#3165,.F.);
#3174 = ORIENTED_EDGE('',*,*,#3175,.F.);
#3175 = EDGE_CURVE('',#3166,#3166,#3176,.T.);
#3176 = CIRCLE('',#3177,0.5);
#3177 = AXIS2_PLACEMENT_3D('',#3178,#3179,#3180);
#3178 = CARTESIAN_POINT('',(1.15,-4.25,3.6));
#3179 = DIRECTION('',(0.,0.,-1.));
#3180 = DIRECTION('',(1.,0.,0.));
#3181 = CYLINDRICAL_SURFACE('',#3182,0.5);
#3182 = AXIS2_PLACEMENT_3D('',#3183,#3184,#3185);
#3183 = CARTESIAN_POINT('',(1.15,-4.25,3.5));
#3184 = DIRECTION('',(-0.,-0.,-1.));
#3185 = DIRECTION('',(1.,0.,0.));
#3186 = ADVANCED_FACE('',(#3187,#3257,#3268,#3279,#3290,#3301),#3304,.F.
  );
#3187 = FACE_BOUND('',#3188,.F.);
#3188 = EDGE_LOOP('',(#3189,#3199,#3208,#3216,#3225,#3233,#3242,#3250));
#3189 = ORIENTED_EDGE('',*,*,#3190,.F.);
#3190 = EDGE_CURVE('',#3191,#3193,#3195,.T.);
#3191 = VERTEX_POINT('',#3192);
#3192 = CARTESIAN_POINT('',(0.45,-5.25,3.6));
#3193 = VERTEX_POINT('',#3194);
#3194 = CARTESIAN_POINT('',(5.85,-5.25,3.6));
#3195 = LINE('',#3196,#3197);
#3196 = CARTESIAN_POINT('',(0.15,-5.25,3.6));
#3197 = VECTOR('',#3198,1.);
#3198 = DIRECTION('',(1.,0.,0.));
#3199 = ORIENTED_EDGE('',*,*,#3200,.T.);
#3200 = EDGE_CURVE('',#3191,#3201,#3203,.T.);
#3201 = VERTEX_POINT('',#3202);
#3202 = CARTESIAN_POINT('',(0.15,-4.95,3.6));
#3203 = CIRCLE('',#3204,0.3);
#3204 = AXIS2_PLACEMENT_3D('',#3205,#3206,#3207);
#3205 = CARTESIAN_POINT('',(0.45,-4.95,3.6));
#3206 = DIRECTION('',(-0.,-0.,-1.));
#3207 = DIRECTION('',(0.,-1.,0.));
#3208 = ORIENTED_EDGE('',*,*,#3209,.F.);
#3209 = EDGE_CURVE('',#3210,#3201,#3212,.T.);
#3210 = VERTEX_POINT('',#3211);
#3211 = CARTESIAN_POINT('',(0.15,0.45,3.6));
#3212 = LINE('',#3213,#3214);
#3213 = CARTESIAN_POINT('',(0.15,0.75,3.6));
#3214 = VECTOR('',#3215,1.);
#3215 = DIRECTION('',(0.,-1.,0.));
#3216 = ORIENTED_EDGE('',*,*,#3217,.F.);
#3217 = EDGE_CURVE('',#3218,#3210,#3220,.T.);
#3218 = VERTEX_POINT('',#3219);
#3219 = CARTESIAN_POINT('',(0.45,0.75,3.6));
#3220 = CIRCLE('',#3221,0.3);
#3221 = AXIS2_PLACEMENT_3D('',#3222,#3223,#3224);
#3222 = CARTESIAN_POINT('',(0.45,0.45,3.6));
#3223 = DIRECTION('',(-0.,0.,1.));
#3224 = DIRECTION('',(0.,-1.,0.));
#3225 = ORIENTED_EDGE('',*,*,#3226,.F.);
#3226 = EDGE_CURVE('',#3227,#3218,#3229,.T.);
#3227 = VERTEX_POINT('',#3228);
#3228 = CARTESIAN_POINT('',(5.85,0.75,3.6));
#3229 = LINE('',#3230,#3231);
#3230 = CARTESIAN_POINT('',(6.15,0.75,3.6));
#3231 = VECTOR('',#3232,1.);
#3232 = DIRECTION('',(-1.,0.,0.));
#3233 = ORIENTED_EDGE('',*,*,#3234,.F.);
#3234 = EDGE_CURVE('',#3235,#3227,#3237,.T.);
#3235 = VERTEX_POINT('',#3236);
#3236 = CARTESIAN_POINT('',(6.15,0.45,3.6));
#3237 = CIRCLE('',#3238,0.3);
#3238 = AXIS2_PLACEMENT_3D('',#3239,#3240,#3241);
#3239 = CARTESIAN_POINT('',(5.85,0.45,3.6));
#3240 = DIRECTION('',(-0.,0.,1.));
#3241 = DIRECTION('',(0.,-1.,0.));
#3242 = ORIENTED_EDGE('',*,*,#3243,.F.);
#3243 = EDGE_CURVE('',#3244,#3235,#3246,.T.);
#3244 = VERTEX_POINT('',#3245);
#3245 = CARTESIAN_POINT('',(6.15,-4.95,3.6));
#3246 = LINE('',#3247,#3248);
#3247 = CARTESIAN_POINT('',(6.15,-5.25,3.6));
#3248 = VECTOR('',#3249,1.);
#3249 = DIRECTION('',(0.,1.,0.));
#3250 = ORIENTED_EDGE('',*,*,#3251,.F.);
#3251 = EDGE_CURVE('',#3193,#3244,#3252,.T.);
#3252 = CIRCLE('',#3253,0.3);
#3253 = AXIS2_PLACEMENT_3D('',#3254,#3255,#3256);
#3254 = CARTESIAN_POINT('',(5.85,-4.95,3.6));
#3255 = DIRECTION('',(-0.,0.,1.));
#3256 = DIRECTION('',(0.,-1.,0.));
#3257 = FACE_BOUND('',#3258,.F.);
#3258 = EDGE_LOOP('',(#3259));
#3259 = ORIENTED_EDGE('',*,*,#3260,.F.);
#3260 = EDGE_CURVE('',#3261,#3261,#3263,.T.);
#3261 = VERTEX_POINT('',#3262);
#3262 = CARTESIAN_POINT('',(5.65,-4.25,3.6));
#3263 = CIRCLE('',#3264,0.5);
#3264 = AXIS2_PLACEMENT_3D('',#3265,#3266,#3267);
#3265 = CARTESIAN_POINT('',(5.15,-4.25,3.6));
#3266 = DIRECTION('',(0.,0.,-1.));
#3267 = DIRECTION('',(1.,0.,0.));
#3268 = FACE_BOUND('',#3269,.F.);
#3269 = EDGE_LOOP('',(#3270));
#3270 = ORIENTED_EDGE('',*,*,#3271,.F.);
#3271 = EDGE_CURVE('',#3272,#3272,#3274,.T.);
#3272 = VERTEX_POINT('',#3273);
#3273 = CARTESIAN_POINT('',(4.9,-2.25,3.6));
#3274 = CIRCLE('',#3275,1.75);
#3275 = AXIS2_PLACEMENT_3D('',#3276,#3277,#3278);
#3276 = CARTESIAN_POINT('',(3.15,-2.25,3.6));
#3277 = DIRECTION('',(0.,0.,-1.));
#3278 = DIRECTION('',(1.,0.,0.));
#3279 = FACE_BOUND('',#3280,.F.);
#3280 = EDGE_LOOP('',(#3281));
#3281 = ORIENTED_EDGE('',*,*,#3282,.F.);
#3282 = EDGE_CURVE('',#3283,#3283,#3285,.T.);
#3283 = VERTEX_POINT('',#3284);
#3284 = CARTESIAN_POINT('',(1.65,-0.25,3.6));
#3285 = CIRCLE('',#3286,0.5);
#3286 = AXIS2_PLACEMENT_3D('',#3287,#3288,#3289);
#3287 = CARTESIAN_POINT('',(1.15,-0.25,3.6));
#3288 = DIRECTION('',(0.,0.,-1.));
#3289 = DIRECTION('',(1.,0.,0.));
#3290 = FACE_BOUND('',#3291,.F.);
#3291 = EDGE_LOOP('',(#3292));
#3292 = ORIENTED_EDGE('',*,*,#3293,.F.);
#3293 = EDGE_CURVE('',#3294,#3294,#3296,.T.);
#3294 = VERTEX_POINT('',#3295);
#3295 = CARTESIAN_POINT('',(5.65,-0.25,3.6));
#3296 = CIRCLE('',#3297,0.5);
#3297 = AXIS2_PLACEMENT_3D('',#3298,#3299,#3300);
#3298 = CARTESIAN_POINT('',(5.15,-0.25,3.6));
#3299 = DIRECTION('',(0.,0.,-1.));
#3300 = DIRECTION('',(1.,0.,0.));
#3301 = FACE_BOUND('',#3302,.F.);
#3302 = EDGE_LOOP('',(#3303));
#3303 = ORIENTED_EDGE('',*,*,#3175,.F.);
#3304 = PLANE('',#3305);
#3305 = AXIS2_PLACEMENT_3D('',#3306,#3307,#3308);
#3306 = CARTESIAN_POINT('',(0.15,-5.25,3.6));
#3307 = DIRECTION('',(0.,0.,-1.));
#3308 = DIRECTION('',(-1.,0.,0.));
#3309 = ADVANCED_FACE('',(#3310),#3335,.F.);
#3310 = FACE_BOUND('',#3311,.F.);
#3311 = EDGE_LOOP('',(#3312,#3322,#3328,#3329));
#3312 = ORIENTED_EDGE('',*,*,#3313,.F.);
#3313 = EDGE_CURVE('',#3314,#3316,#3318,.T.);
#3314 = VERTEX_POINT('',#3315);
#3315 = CARTESIAN_POINT('',(0.45,-5.25,3.5));
#3316 = VERTEX_POINT('',#3317);
#3317 = CARTESIAN_POINT('',(5.85,-5.25,3.5));
#3318 = LINE('',#3319,#3320);
#3319 = CARTESIAN_POINT('',(0.15,-5.25,3.5));
#3320 = VECTOR('',#3321,1.);
#3321 = DIRECTION('',(1.,0.,0.));
#3322 = ORIENTED_EDGE('',*,*,#3323,.T.);
#3323 = EDGE_CURVE('',#3314,#3191,#3324,.T.);
#3324 = LINE('',#3325,#3326);
#3325 = CARTESIAN_POINT('',(0.45,-5.25,3.5));
#3326 = VECTOR('',#3327,1.);
#3327 = DIRECTION('',(0.,0.,1.));
#3328 = ORIENTED_EDGE('',*,*,#3190,.T.);
#3329 = ORIENTED_EDGE('',*,*,#3330,.F.);
#3330 = EDGE_CURVE('',#3316,#3193,#3331,.T.);
#3331 = LINE('',#3332,#3333);
#3332 = CARTESIAN_POINT('',(5.85,-5.25,3.5));
#3333 = VECTOR('',#3334,1.);
#3334 = DIRECTION('',(0.,0.,1.));
#3335 = PLANE('',#3336);
#3336 = AXIS2_PLACEMENT_3D('',#3337,#3338,#3339);
#3337 = CARTESIAN_POINT('',(0.15,-5.25,3.5));
#3338 = DIRECTION('',(0.,1.,0.));
#3339 = DIRECTION('',(1.,0.,0.));
#3340 = ADVANCED_FACE('',(#3341),#3360,.T.);
#3341 = FACE_BOUND('',#3342,.T.);
#3342 = EDGE_LOOP('',(#3343,#3344,#3345,#3353));
#3343 = ORIENTED_EDGE('',*,*,#3323,.T.);
#3344 = ORIENTED_EDGE('',*,*,#3200,.T.);
#3345 = ORIENTED_EDGE('',*,*,#3346,.F.);
#3346 = EDGE_CURVE('',#3347,#3201,#3349,.T.);
#3347 = VERTEX_POINT('',#3348);
#3348 = CARTESIAN_POINT('',(0.15,-4.95,3.5));
#3349 = LINE('',#3350,#3351);
#3350 = CARTESIAN_POINT('',(0.15,-4.95,3.5));
#3351 = VECTOR('',#3352,1.);
#3352 = DIRECTION('',(0.,0.,1.));
#3353 = ORIENTED_EDGE('',*,*,#3354,.F.);
#3354 = EDGE_CURVE('',#3314,#3347,#3355,.T.);
#3355 = CIRCLE('',#3356,0.3);
#3356 = AXIS2_PLACEMENT_3D('',#3357,#3358,#3359);
#3357 = CARTESIAN_POINT('',(0.45,-4.95,3.5));
#3358 = DIRECTION('',(-0.,-0.,-1.));
#3359 = DIRECTION('',(0.,-1.,0.));
#3360 = CYLINDRICAL_SURFACE('',#3361,0.3);
#3361 = AXIS2_PLACEMENT_3D('',#3362,#3363,#3364);
#3362 = CARTESIAN_POINT('',(0.45,-4.95,3.5));
#3363 = DIRECTION('',(0.,0.,1.));
#3364 = DIRECTION('',(0.,-1.,0.));
#3365 = ADVANCED_FACE('',(#3366),#3385,.T.);
#3366 = FACE_BOUND('',#3367,.T.);
#3367 = EDGE_LOOP('',(#3368,#3377,#3383,#3384));
#3368 = ORIENTED_EDGE('',*,*,#3369,.T.);
#3369 = EDGE_CURVE('',#3316,#3370,#3372,.T.);
#3370 = VERTEX_POINT('',#3371);
#3371 = CARTESIAN_POINT('',(6.15,-4.95,3.5));
#3372 = CIRCLE('',#3373,0.3);
#3373 = AXIS2_PLACEMENT_3D('',#3374,#3375,#3376);
#3374 = CARTESIAN_POINT('',(5.85,-4.95,3.5));
#3375 = DIRECTION('',(-0.,0.,1.));
#3376 = DIRECTION('',(0.,-1.,0.));
#3377 = ORIENTED_EDGE('',*,*,#3378,.T.);
#3378 = EDGE_CURVE('',#3370,#3244,#3379,.T.);
#3379 = LINE('',#3380,#3381);
#3380 = CARTESIAN_POINT('',(6.15,-4.95,3.5));
#3381 = VECTOR('',#3382,1.);
#3382 = DIRECTION('',(0.,0.,1.));
#3383 = ORIENTED_EDGE('',*,*,#3251,.F.);
#3384 = ORIENTED_EDGE('',*,*,#3330,.F.);
#3385 = CYLINDRICAL_SURFACE('',#3386,0.3);
#3386 = AXIS2_PLACEMENT_3D('',#3387,#3388,#3389);
#3387 = CARTESIAN_POINT('',(5.85,-4.95,3.5));
#3388 = DIRECTION('',(0.,0.,1.));
#3389 = DIRECTION('',(0.,-1.,0.));
#3390 = ADVANCED_FACE('',(#3391),#3409,.F.);
#3391 = FACE_BOUND('',#3392,.F.);
#3392 = EDGE_LOOP('',(#3393,#3401,#3407,#3408));
#3393 = ORIENTED_EDGE('',*,*,#3394,.F.);
#3394 = EDGE_CURVE('',#3395,#3347,#3397,.T.);
#3395 = VERTEX_POINT('',#3396);
#3396 = CARTESIAN_POINT('',(0.15,0.45,3.5));
#3397 = LINE('',#3398,#3399);
#3398 = CARTESIAN_POINT('',(0.15,0.75,3.5));
#3399 = VECTOR('',#3400,1.);
#3400 = DIRECTION('',(0.,-1.,0.));
#3401 = ORIENTED_EDGE('',*,*,#3402,.T.);
#3402 = EDGE_CURVE('',#3395,#3210,#3403,.T.);
#3403 = LINE('',#3404,#3405);
#3404 = CARTESIAN_POINT('',(0.15,0.45,3.5));
#3405 = VECTOR('',#3406,1.);
#3406 = DIRECTION('',(0.,0.,1.));
#3407 = ORIENTED_EDGE('',*,*,#3209,.T.);
#3408 = ORIENTED_EDGE('',*,*,#3346,.F.);
#3409 = PLANE('',#3410);
#3410 = AXIS2_PLACEMENT_3D('',#3411,#3412,#3413);
#3411 = CARTESIAN_POINT('',(0.15,0.75,3.5));
#3412 = DIRECTION('',(1.,0.,0.));
#3413 = DIRECTION('',(0.,-1.,0.));
#3414 = ADVANCED_FACE('',(#3415),#3433,.F.);
#3415 = FACE_BOUND('',#3416,.F.);
#3416 = EDGE_LOOP('',(#3417,#3425,#3426,#3427));
#3417 = ORIENTED_EDGE('',*,*,#3418,.F.);
#3418 = EDGE_CURVE('',#3370,#3419,#3421,.T.);
#3419 = VERTEX_POINT('',#3420);
#3420 = CARTESIAN_POINT('',(6.15,0.45,3.5));
#3421 = LINE('',#3422,#3423);
#3422 = CARTESIAN_POINT('',(6.15,-5.25,3.5));
#3423 = VECTOR('',#3424,1.);
#3424 = DIRECTION('',(0.,1.,0.));
#3425 = ORIENTED_EDGE('',*,*,#3378,.T.);
#3426 = ORIENTED_EDGE('',*,*,#3243,.T.);
#3427 = ORIENTED_EDGE('',*,*,#3428,.F.);
#3428 = EDGE_CURVE('',#3419,#3235,#3429,.T.);
#3429 = LINE('',#3430,#3431);
#3430 = CARTESIAN_POINT('',(6.15,0.45,3.5));
#3431 = VECTOR('',#3432,1.);
#3432 = DIRECTION('',(0.,0.,1.));
#3433 = PLANE('',#3434);
#3434 = AXIS2_PLACEMENT_3D('',#3435,#3436,#3437);
#3435 = CARTESIAN_POINT('',(6.15,-5.25,3.5));
#3436 = DIRECTION('',(-1.,0.,0.));
#3437 = DIRECTION('',(0.,1.,0.));
#3438 = ADVANCED_FACE('',(#3439),#3458,.T.);
#3439 = FACE_BOUND('',#3440,.T.);
#3440 = EDGE_LOOP('',(#3441,#3450,#3451,#3452));
#3441 = ORIENTED_EDGE('',*,*,#3442,.T.);
#3442 = EDGE_CURVE('',#3443,#3395,#3445,.T.);
#3443 = VERTEX_POINT('',#3444);
#3444 = CARTESIAN_POINT('',(0.45,0.75,3.5));
#3445 = CIRCLE('',#3446,0.3);
#3446 = AXIS2_PLACEMENT_3D('',#3447,#3448,#3449);
#3447 = CARTESIAN_POINT('',(0.45,0.45,3.5));
#3448 = DIRECTION('',(-0.,0.,1.));
#3449 = DIRECTION('',(0.,-1.,0.));
#3450 = ORIENTED_EDGE('',*,*,#3402,.T.);
#3451 = ORIENTED_EDGE('',*,*,#3217,.F.);
#3452 = ORIENTED_EDGE('',*,*,#3453,.F.);
#3453 = EDGE_CURVE('',#3443,#3218,#3454,.T.);
#3454 = LINE('',#3455,#3456);
#3455 = CARTESIAN_POINT('',(0.45,0.75,3.5));
#3456 = VECTOR('',#3457,1.);
#3457 = DIRECTION('',(0.,0.,1.));
#3458 = CYLINDRICAL_SURFACE('',#3459,0.3);
#3459 = AXIS2_PLACEMENT_3D('',#3460,#3461,#3462);
#3460 = CARTESIAN_POINT('',(0.45,0.45,3.5));
#3461 = DIRECTION('',(0.,0.,1.));
#3462 = DIRECTION('',(0.,1.,0.));
#3463 = ADVANCED_FACE('',(#3464),#3483,.T.);
#3464 = FACE_BOUND('',#3465,.T.);
#3465 = EDGE_LOOP('',(#3466,#3475,#3481,#3482));
#3466 = ORIENTED_EDGE('',*,*,#3467,.T.);
#3467 = EDGE_CURVE('',#3419,#3468,#3470,.T.);
#3468 = VERTEX_POINT('',#3469);
#3469 = CARTESIAN_POINT('',(5.85,0.75,3.5));
#3470 = CIRCLE('',#3471,0.3);
#3471 = AXIS2_PLACEMENT_3D('',#3472,#3473,#3474);
#3472 = CARTESIAN_POINT('',(5.85,0.45,3.5));
#3473 = DIRECTION('',(-0.,0.,1.));
#3474 = DIRECTION('',(0.,-1.,0.));
#3475 = ORIENTED_EDGE('',*,*,#3476,.T.);
#3476 = EDGE_CURVE('',#3468,#3227,#3477,.T.);
#3477 = LINE('',#3478,#3479);
#3478 = CARTESIAN_POINT('',(5.85,0.75,3.5));
#3479 = VECTOR('',#3480,1.);
#3480 = DIRECTION('',(0.,0.,1.));
#3481 = ORIENTED_EDGE('',*,*,#3234,.F.);
#3482 = ORIENTED_EDGE('',*,*,#3428,.F.);
#3483 = CYLINDRICAL_SURFACE('',#3484,0.3);
#3484 = AXIS2_PLACEMENT_3D('',#3485,#3486,#3487);
#3485 = CARTESIAN_POINT('',(5.85,0.45,3.5));
#3486 = DIRECTION('',(0.,0.,1.));
#3487 = DIRECTION('',(1.,0.,-0.));
#3488 = ADVANCED_FACE('',(#3489),#3500,.F.);
#3489 = FACE_BOUND('',#3490,.F.);
#3490 = EDGE_LOOP('',(#3491,#3497,#3498,#3499));
#3491 = ORIENTED_EDGE('',*,*,#3492,.F.);
#3492 = EDGE_CURVE('',#3468,#3443,#3493,.T.);
#3493 = LINE('',#3494,#3495);
#3494 = CARTESIAN_POINT('',(6.15,0.75,3.5));
#3495 = VECTOR('',#3496,1.);
#3496 = DIRECTION('',(-1.,0.,0.));
#3497 = ORIENTED_EDGE('',*,*,#3476,.T.);
#3498 = ORIENTED_EDGE('',*,*,#3226,.T.);
#3499 = ORIENTED_EDGE('',*,*,#3453,.F.);
#3500 = PLANE('',#3501);
#3501 = AXIS2_PLACEMENT_3D('',#3502,#3503,#3504);
#3502 = CARTESIAN_POINT('',(6.15,0.75,3.5));
#3503 = DIRECTION('',(0.,-1.,0.));
#3504 = DIRECTION('',(-1.,0.,0.));
#3505 = ADVANCED_FACE('',(#3506),#3525,.T.);
#3506 = FACE_BOUND('',#3507,.T.);
#3507 = EDGE_LOOP('',(#3508,#3516,#3523,#3524));
#3508 = ORIENTED_EDGE('',*,*,#3509,.T.);
#3509 = EDGE_CURVE('',#3261,#3510,#3512,.T.);
#3510 = VERTEX_POINT('',#3511);
#3511 = CARTESIAN_POINT('',(5.65,-4.25,4.1));
#3512 = LINE('',#3513,#3514);
#3513 = CARTESIAN_POINT('',(5.65,-4.25,3.5));
#3514 = VECTOR('',#3515,1.);
#3515 = DIRECTION('',(0.,0.,1.));
#3516 = ORIENTED_EDGE('',*,*,#3517,.F.);
#3517 = EDGE_CURVE('',#3510,#3510,#3518,.T.);
#3518 = CIRCLE('',#3519,0.5);
#3519 = AXIS2_PLACEMENT_3D('',#3520,#3521,#3522);
#3520 = CARTESIAN_POINT('',(5.15,-4.25,4.1));
#3521 = DIRECTION('',(0.,0.,1.));
#3522 = DIRECTION('',(1.,0.,-0.));
#3523 = ORIENTED_EDGE('',*,*,#3509,.F.);
#3524 = ORIENTED_EDGE('',*,*,#3260,.F.);
#3525 = CYLINDRICAL_SURFACE('',#3526,0.5);
#3526 = AXIS2_PLACEMENT_3D('',#3527,#3528,#3529);
#3527 = CARTESIAN_POINT('',(5.15,-4.25,3.5));
#3528 = DIRECTION('',(-0.,-0.,-1.));
#3529 = DIRECTION('',(1.,0.,0.));
#3530 = ADVANCED_FACE('',(#3531),#3550,.T.);
#3531 = FACE_BOUND('',#3532,.T.);
#3532 = EDGE_LOOP('',(#3533,#3541,#3548,#3549));
#3533 = ORIENTED_EDGE('',*,*,#3534,.T.);
#3534 = EDGE_CURVE('',#3272,#3535,#3537,.T.);
#3535 = VERTEX_POINT('',#3536);
#3536 = CARTESIAN_POINT('',(4.9,-2.25,4.2));
#3537 = LINE('',#3538,#3539);
#3538 = CARTESIAN_POINT('',(4.9,-2.25,3.5));
#3539 = VECTOR('',#3540,1.);
#3540 = DIRECTION('',(0.,0.,1.));
#3541 = ORIENTED_EDGE('',*,*,#3542,.F.);
#3542 = EDGE_CURVE('',#3535,#3535,#3543,.T.);
#3543 = CIRCLE('',#3544,1.75);
#3544 = AXIS2_PLACEMENT_3D('',#3545,#3546,#3547);
#3545 = CARTESIAN_POINT('',(3.15,-2.25,4.2));
#3546 = DIRECTION('',(0.,0.,1.));
#3547 = DIRECTION('',(1.,0.,-0.));
#3548 = ORIENTED_EDGE('',*,*,#3534,.F.);
#3549 = ORIENTED_EDGE('',*,*,#3271,.F.);
#3550 = CYLINDRICAL_SURFACE('',#3551,1.75);
#3551 = AXIS2_PLACEMENT_3D('',#3552,#3553,#3554);
#3552 = CARTESIAN_POINT('',(3.15,-2.25,3.5));
#3553 = DIRECTION('',(-0.,-0.,-1.));
#3554 = DIRECTION('',(1.,0.,0.));
#3555 = ADVANCED_FACE('',(#3556),#3575,.T.);
#3556 = FACE_BOUND('',#3557,.T.);
#3557 = EDGE_LOOP('',(#3558,#3566,#3573,#3574));
#3558 = ORIENTED_EDGE('',*,*,#3559,.T.);
#3559 = EDGE_CURVE('',#3283,#3560,#3562,.T.);
#3560 = VERTEX_POINT('',#3561);
#3561 = CARTESIAN_POINT('',(1.65,-0.25,4.1));
#3562 = LINE('',#3563,#3564);
#3563 = CARTESIAN_POINT('',(1.65,-0.25,3.5));
#3564 = VECTOR('',#3565,1.);
#3565 = DIRECTION('',(0.,0.,1.));
#3566 = ORIENTED_EDGE('',*,*,#3567,.F.);
#3567 = EDGE_CURVE('',#3560,#3560,#3568,.T.);
#3568 = CIRCLE('',#3569,0.5);
#3569 = AXIS2_PLACEMENT_3D('',#3570,#3571,#3572);
#3570 = CARTESIAN_POINT('',(1.15,-0.25,4.1));
#3571 = DIRECTION('',(0.,0.,1.));
#3572 = DIRECTION('',(1.,0.,-0.));
#3573 = ORIENTED_EDGE('',*,*,#3559,.F.);
#3574 = ORIENTED_EDGE('',*,*,#3282,.F.);
#3575 = CYLINDRICAL_SURFACE('',#3576,0.5);
#3576 = AXIS2_PLACEMENT_3D('',#3577,#3578,#3579);
#3577 = CARTESIAN_POINT('',(1.15,-0.25,3.5));
#3578 = DIRECTION('',(-0.,-0.,-1.));
#3579 = DIRECTION('',(1.,0.,0.));
#3580 = ADVANCED_FACE('',(#3581),#3600,.T.);
#3581 = FACE_BOUND('',#3582,.T.);
#3582 = EDGE_LOOP('',(#3583,#3591,#3598,#3599));
#3583 = ORIENTED_EDGE('',*,*,#3584,.T.);
#3584 = EDGE_CURVE('',#3294,#3585,#3587,.T.);
#3585 = VERTEX_POINT('',#3586);
#3586 = CARTESIAN_POINT('',(5.65,-0.25,4.1));
#3587 = LINE('',#3588,#3589);
#3588 = CARTESIAN_POINT('',(5.65,-0.25,3.5));
#3589 = VECTOR('',#3590,1.);
#3590 = DIRECTION('',(0.,0.,1.));
#3591 = ORIENTED_EDGE('',*,*,#3592,.F.);
#3592 = EDGE_CURVE('',#3585,#3585,#3593,.T.);
#3593 = CIRCLE('',#3594,0.5);
#3594 = AXIS2_PLACEMENT_3D('',#3595,#3596,#3597);
#3595 = CARTESIAN_POINT('',(5.15,-0.25,4.1));
#3596 = DIRECTION('',(0.,0.,1.));
#3597 = DIRECTION('',(1.,0.,-0.));
#3598 = ORIENTED_EDGE('',*,*,#3584,.F.);
#3599 = ORIENTED_EDGE('',*,*,#3293,.F.);
#3600 = CYLINDRICAL_SURFACE('',#3601,0.5);
#3601 = AXIS2_PLACEMENT_3D('',#3602,#3603,#3604);
#3602 = CARTESIAN_POINT('',(5.15,-0.25,3.5));
#3603 = DIRECTION('',(-0.,-0.,-1.));
#3604 = DIRECTION('',(1.,0.,0.));
#3605 = ADVANCED_FACE('',(#3606),#3631,.F.);
#3606 = FACE_BOUND('',#3607,.F.);
#3607 = EDGE_LOOP('',(#3608,#3618,#3624,#3625));
#3608 = ORIENTED_EDGE('',*,*,#3609,.F.);
#3609 = EDGE_CURVE('',#3610,#3612,#3614,.T.);
#3610 = VERTEX_POINT('',#3611);
#3611 = CARTESIAN_POINT('',(0.45,-5.25,0.));
#3612 = VERTEX_POINT('',#3613);
#3613 = CARTESIAN_POINT('',(5.85,-5.25,0.));
#3614 = LINE('',#3615,#3616);
#3615 = CARTESIAN_POINT('',(0.15,-5.25,0.));
#3616 = VECTOR('',#3617,1.);
#3617 = DIRECTION('',(1.,0.,0.));
#3618 = ORIENTED_EDGE('',*,*,#3619,.T.);
#3619 = EDGE_CURVE('',#3610,#3314,#3620,.T.);
#3620 = LINE('',#3621,#3622);
#3621 = CARTESIAN_POINT('',(0.45,-5.25,0.));
#3622 = VECTOR('',#3623,1.);
#3623 = DIRECTION('',(0.,0.,1.));
#3624 = ORIENTED_EDGE('',*,*,#3313,.T.);
#3625 = ORIENTED_EDGE('',*,*,#3626,.F.);
#3626 = EDGE_CURVE('',#3612,#3316,#3627,.T.);
#3627 = LINE('',#3628,#3629);
#3628 = CARTESIAN_POINT('',(5.85,-5.25,0.));
#3629 = VECTOR('',#3630,1.);
#3630 = DIRECTION('',(0.,0.,1.));
#3631 = PLANE('',#3632);
#3632 = AXIS2_PLACEMENT_3D('',#3633,#3634,#3635);
#3633 = CARTESIAN_POINT('',(0.15,-5.25,0.));
#3634 = DIRECTION('',(0.,1.,0.));
#3635 = DIRECTION('',(1.,0.,0.));
#3636 = ADVANCED_FACE('',(#3637),#3656,.T.);
#3637 = FACE_BOUND('',#3638,.T.);
#3638 = EDGE_LOOP('',(#3639,#3640,#3641,#3649));
#3639 = ORIENTED_EDGE('',*,*,#3619,.T.);
#3640 = ORIENTED_EDGE('',*,*,#3354,.T.);
#3641 = ORIENTED_EDGE('',*,*,#3642,.F.);
#3642 = EDGE_CURVE('',#3643,#3347,#3645,.T.);
#3643 = VERTEX_POINT('',#3644);
#3644 = CARTESIAN_POINT('',(0.15,-4.95,0.));
#3645 = LINE('',#3646,#3647);
#3646 = CARTESIAN_POINT('',(0.15,-4.95,0.));
#3647 = VECTOR('',#3648,1.);
#3648 = DIRECTION('',(0.,0.,1.));
#3649 = ORIENTED_EDGE('',*,*,#3650,.F.);
#3650 = EDGE_CURVE('',#3610,#3643,#3651,.T.);
#3651 = CIRCLE('',#3652,0.3);
#3652 = AXIS2_PLACEMENT_3D('',#3653,#3654,#3655);
#3653 = CARTESIAN_POINT('',(0.45,-4.95,0.));
#3654 = DIRECTION('',(-0.,-0.,-1.));
#3655 = DIRECTION('',(0.,-1.,0.));
#3656 = CYLINDRICAL_SURFACE('',#3657,0.3);
#3657 = AXIS2_PLACEMENT_3D('',#3658,#3659,#3660);
#3658 = CARTESIAN_POINT('',(0.45,-4.95,0.));
#3659 = DIRECTION('',(0.,0.,1.));
#3660 = DIRECTION('',(0.,-1.,0.));
#3661 = ADVANCED_FACE('',(#3662),#3681,.T.);
#3662 = FACE_BOUND('',#3663,.T.);
#3663 = EDGE_LOOP('',(#3664,#3673,#3679,#3680));
#3664 = ORIENTED_EDGE('',*,*,#3665,.T.);
#3665 = EDGE_CURVE('',#3612,#3666,#3668,.T.);
#3666 = VERTEX_POINT('',#3667);
#3667 = CARTESIAN_POINT('',(6.15,-4.95,0.));
#3668 = CIRCLE('',#3669,0.3);
#3669 = AXIS2_PLACEMENT_3D('',#3670,#3671,#3672);
#3670 = CARTESIAN_POINT('',(5.85,-4.95,0.));
#3671 = DIRECTION('',(-0.,0.,1.));
#3672 = DIRECTION('',(0.,-1.,0.));
#3673 = ORIENTED_EDGE('',*,*,#3674,.T.);
#3674 = EDGE_CURVE('',#3666,#3370,#3675,.T.);
#3675 = LINE('',#3676,#3677);
#3676 = CARTESIAN_POINT('',(6.15,-4.95,0.));
#3677 = VECTOR('',#3678,1.);
#3678 = DIRECTION('',(0.,0.,1.));
#3679 = ORIENTED_EDGE('',*,*,#3369,.F.);
#3680 = ORIENTED_EDGE('',*,*,#3626,.F.);
#3681 = CYLINDRICAL_SURFACE('',#3682,0.3);
#3682 = AXIS2_PLACEMENT_3D('',#3683,#3684,#3685);
#3683 = CARTESIAN_POINT('',(5.85,-4.95,0.));
#3684 = DIRECTION('',(0.,0.,1.));
#3685 = DIRECTION('',(0.,-1.,0.));
#3686 = ADVANCED_FACE('',(#3687),#3769,.F.);
#3687 = FACE_BOUND('',#3688,.F.);
#3688 = EDGE_LOOP('',(#3689,#3699,#3705,#3706,#3707,#3715,#3723,#3731,
    #3739,#3747,#3755,#3763));
#3689 = ORIENTED_EDGE('',*,*,#3690,.F.);
#3690 = EDGE_CURVE('',#3691,#3693,#3695,.T.);
#3691 = VERTEX_POINT('',#3692);
#3692 = CARTESIAN_POINT('',(0.15,0.45,0.));
#3693 = VERTEX_POINT('',#3694);
#3694 = CARTESIAN_POINT('',(0.15,0.35,0.));
#3695 = LINE('',#3696,#3697);
#3696 = CARTESIAN_POINT('',(0.15,0.75,0.));
#3697 = VECTOR('',#3698,1.);
#3698 = DIRECTION('',(0.,-1.,0.));
#3699 = ORIENTED_EDGE('',*,*,#3700,.T.);
#3700 = EDGE_CURVE('',#3691,#3395,#3701,.T.);
#3701 = LINE('',#3702,#3703);
#3702 = CARTESIAN_POINT('',(0.15,0.45,0.));
#3703 = VECTOR('',#3704,1.);
#3704 = DIRECTION('',(0.,0.,1.));
#3705 = ORIENTED_EDGE('',*,*,#3394,.T.);
#3706 = ORIENTED_EDGE('',*,*,#3642,.F.);
#3707 = ORIENTED_EDGE('',*,*,#3708,.F.);
#3708 = EDGE_CURVE('',#3709,#3643,#3711,.T.);
#3709 = VERTEX_POINT('',#3710);
#3710 = CARTESIAN_POINT('',(0.15,-4.85,0.));
#3711 = LINE('',#3712,#3713);
#3712 = CARTESIAN_POINT('',(0.15,0.75,0.));
#3713 = VECTOR('',#3714,1.);
#3714 = DIRECTION('',(0.,-1.,0.));
#3715 = ORIENTED_EDGE('',*,*,#3716,.F.);
#3716 = EDGE_CURVE('',#3717,#3709,#3719,.T.);
#3717 = VERTEX_POINT('',#3718);
#3718 = CARTESIAN_POINT('',(0.15,-4.85,1.5));
#3719 = LINE('',#3720,#3721);
#3720 = CARTESIAN_POINT('',(0.15,-4.85,1.5));
#3721 = VECTOR('',#3722,1.);
#3722 = DIRECTION('',(0.,5.551115123126E-16,-1.));
#3723 = ORIENTED_EDGE('',*,*,#3724,.T.);
#3724 = EDGE_CURVE('',#3717,#3725,#3727,.T.);
#3725 = VERTEX_POINT('',#3726);
#3726 = CARTESIAN_POINT('',(0.15,-4.15,1.5));
#3727 = LINE('',#3728,#3729);
#3728 = CARTESIAN_POINT('',(0.15,-4.85,1.5));
#3729 = VECTOR('',#3730,1.);
#3730 = DIRECTION('',(0.,1.,3.330669073875E-16));
#3731 = ORIENTED_EDGE('',*,*,#3732,.T.);
#3732 = EDGE_CURVE('',#3725,#3733,#3735,.T.);
#3733 = VERTEX_POINT('',#3734);
#3734 = CARTESIAN_POINT('',(0.15,-4.15,0.));
#3735 = LINE('',#3736,#3737);
#3736 = CARTESIAN_POINT('',(0.15,-4.15,1.5));
#3737 = VECTOR('',#3738,1.);
#3738 = DIRECTION('',(0.,5.551115123126E-16,-1.));
#3739 = ORIENTED_EDGE('',*,*,#3740,.F.);
#3740 = EDGE_CURVE('',#3741,#3733,#3743,.T.);
#3741 = VERTEX_POINT('',#3742);
#3742 = CARTESIAN_POINT('',(0.15,-0.35,0.));
#3743 = LINE('',#3744,#3745);
#3744 = CARTESIAN_POINT('',(0.15,0.75,0.));
#3745 = VECTOR('',#3746,1.);
#3746 = DIRECTION('',(0.,-1.,0.));
#3747 = ORIENTED_EDGE('',*,*,#3748,.F.);
#3748 = EDGE_CURVE('',#3749,#3741,#3751,.T.);
#3749 = VERTEX_POINT('',#3750);
#3750 = CARTESIAN_POINT('',(0.15,-0.35,1.5));
#3751 = LINE('',#3752,#3753);
#3752 = CARTESIAN_POINT('',(0.15,-0.35,1.5));
#3753 = VECTOR('',#3754,1.);
#3754 = DIRECTION('',(0.,5.551115123126E-16,-1.));
#3755 = ORIENTED_EDGE('',*,*,#3756,.T.);
#3756 = EDGE_CURVE('',#3749,#3757,#3759,.T.);
#3757 = VERTEX_POINT('',#3758);
#3758 = CARTESIAN_POINT('',(0.15,0.35,1.5));
#3759 = LINE('',#3760,#3761);
#3760 = CARTESIAN_POINT('',(0.15,-0.35,1.5));
#3761 = VECTOR('',#3762,1.);
#3762 = DIRECTION('',(0.,1.,3.330669073875E-16));
#3763 = ORIENTED_EDGE('',*,*,#3764,.T.);
#3764 = EDGE_CURVE('',#3757,#3693,#3765,.T.);
#3765 = LINE('',#3766,#3767);
#3766 = CARTESIAN_POINT('',(0.15,0.35,1.5));
#3767 = VECTOR('',#3768,1.);
#3768 = DIRECTION('',(0.,5.551115123126E-16,-1.));
#3769 = PLANE('',#3770);
#3770 = AXIS2_PLACEMENT_3D('',#3771,#3772,#3773);
#3771 = CARTESIAN_POINT('',(0.15,0.75,0.));
#3772 = DIRECTION('',(1.,0.,0.));
#3773 = DIRECTION('',(0.,-1.,0.));
#3774 = ADVANCED_FACE('',(#3775),#3857,.F.);
#3775 = FACE_BOUND('',#3776,.F.);
#3776 = EDGE_LOOP('',(#3777,#3785,#3786,#3787,#3795,#3803,#3811,#3819,
    #3827,#3835,#3843,#3851));
#3777 = ORIENTED_EDGE('',*,*,#3778,.F.);
#3778 = EDGE_CURVE('',#3666,#3779,#3781,.T.);
#3779 = VERTEX_POINT('',#3780);
#3780 = CARTESIAN_POINT('',(6.15,-4.85,0.));
#3781 = LINE('',#3782,#3783);
#3782 = CARTESIAN_POINT('',(6.15,-5.25,0.));
#3783 = VECTOR('',#3784,1.);
#3784 = DIRECTION('',(0.,1.,0.));
#3785 = ORIENTED_EDGE('',*,*,#3674,.T.);
#3786 = ORIENTED_EDGE('',*,*,#3418,.T.);
#3787 = ORIENTED_EDGE('',*,*,#3788,.F.);
#3788 = EDGE_CURVE('',#3789,#3419,#3791,.T.);
#3789 = VERTEX_POINT('',#3790);
#3790 = CARTESIAN_POINT('',(6.15,0.45,0.));
#3791 = LINE('',#3792,#3793);
#3792 = CARTESIAN_POINT('',(6.15,0.45,0.));
#3793 = VECTOR('',#3794,1.);
#3794 = DIRECTION('',(0.,0.,1.));
#3795 = ORIENTED_EDGE('',*,*,#3796,.F.);
#3796 = EDGE_CURVE('',#3797,#3789,#3799,.T.);
#3797 = VERTEX_POINT('',#3798);
#3798 = CARTESIAN_POINT('',(6.15,0.35,0.));
#3799 = LINE('',#3800,#3801);
#3800 = CARTESIAN_POINT('',(6.15,-5.25,0.));
#3801 = VECTOR('',#3802,1.);
#3802 = DIRECTION('',(0.,1.,0.));
#3803 = ORIENTED_EDGE('',*,*,#3804,.F.);
#3804 = EDGE_CURVE('',#3805,#3797,#3807,.T.);
#3805 = VERTEX_POINT('',#3806);
#3806 = CARTESIAN_POINT('',(6.15,0.35,1.5));
#3807 = LINE('',#3808,#3809);
#3808 = CARTESIAN_POINT('',(6.15,0.35,1.5));
#3809 = VECTOR('',#3810,1.);
#3810 = DIRECTION('',(0.,5.551115123126E-16,-1.));
#3811 = ORIENTED_EDGE('',*,*,#3812,.F.);
#3812 = EDGE_CURVE('',#3813,#3805,#3815,.T.);
#3813 = VERTEX_POINT('',#3814);
#3814 = CARTESIAN_POINT('',(6.15,-0.35,1.5));
#3815 = LINE('',#3816,#3817);
#3816 = CARTESIAN_POINT('',(6.15,-0.35,1.5));
#3817 = VECTOR('',#3818,1.);
#3818 = DIRECTION('',(0.,1.,3.330669073875E-16));
#3819 = ORIENTED_EDGE('',*,*,#3820,.T.);
#3820 = EDGE_CURVE('',#3813,#3821,#3823,.T.);
#3821 = VERTEX_POINT('',#3822);
#3822 = CARTESIAN_POINT('',(6.15,-0.35,0.));
#3823 = LINE('',#3824,#3825);
#3824 = CARTESIAN_POINT('',(6.15,-0.35,1.5));
#3825 = VECTOR('',#3826,1.);
#3826 = DIRECTION('',(0.,5.551115123126E-16,-1.));
#3827 = ORIENTED_EDGE('',*,*,#3828,.F.);
#3828 = EDGE_CURVE('',#3829,#3821,#3831,.T.);
#3829 = VERTEX_POINT('',#3830);
#3830 = CARTESIAN_POINT('',(6.15,-4.15,0.));
#3831 = LINE('',#3832,#3833);
#3832 = CARTESIAN_POINT('',(6.15,-5.25,0.));
#3833 = VECTOR('',#3834,1.);
#3834 = DIRECTION('',(0.,1.,0.));
#3835 = ORIENTED_EDGE('',*,*,#3836,.F.);
#3836 = EDGE_CURVE('',#3837,#3829,#3839,.T.);
#3837 = VERTEX_POINT('',#3838);
#3838 = CARTESIAN_POINT('',(6.15,-4.15,1.5));
#3839 = LINE('',#3840,#3841);
#3840 = CARTESIAN_POINT('',(6.15,-4.15,1.5));
#3841 = VECTOR('',#3842,1.);
#3842 = DIRECTION('',(0.,5.551115123126E-16,-1.));
#3843 = ORIENTED_EDGE('',*,*,#3844,.F.);
#3844 = EDGE_CURVE('',#3845,#3837,#3847,.T.);
#3845 = VERTEX_POINT('',#3846);
#3846 = CARTESIAN_POINT('',(6.15,-4.85,1.5));
#3847 = LINE('',#3848,#3849);
#3848 = CARTESIAN_POINT('',(6.15,-4.85,1.5));
#3849 = VECTOR('',#3850,1.);
#3850 = DIRECTION('',(0.,1.,3.330669073875E-16));
#3851 = ORIENTED_EDGE('',*,*,#3852,.T.);
#3852 = EDGE_CURVE('',#3845,#3779,#3853,.T.);
#3853 = LINE('',#3854,#3855);
#3854 = CARTESIAN_POINT('',(6.15,-4.85,1.5));
#3855 = VECTOR('',#3856,1.);
#3856 = DIRECTION('',(0.,5.551115123126E-16,-1.));
#3857 = PLANE('',#3858);
#3858 = AXIS2_PLACEMENT_3D('',#3859,#3860,#3861);
#3859 = CARTESIAN_POINT('',(6.15,-5.25,0.));
#3860 = DIRECTION('',(-1.,0.,0.));
#3861 = DIRECTION('',(0.,1.,0.));
#3862 = ADVANCED_FACE('',(#3863),#3882,.T.);
#3863 = FACE_BOUND('',#3864,.T.);
#3864 = EDGE_LOOP('',(#3865,#3874,#3875,#3876));
#3865 = ORIENTED_EDGE('',*,*,#3866,.T.);
#3866 = EDGE_CURVE('',#3867,#3691,#3869,.T.);
#3867 = VERTEX_POINT('',#3868);
#3868 = CARTESIAN_POINT('',(0.45,0.75,0.));
#3869 = CIRCLE('',#3870,0.3);
#3870 = AXIS2_PLACEMENT_3D('',#3871,#3872,#3873);
#3871 = CARTESIAN_POINT('',(0.45,0.45,0.));
#3872 = DIRECTION('',(-0.,0.,1.));
#3873 = DIRECTION('',(0.,-1.,0.));
#3874 = ORIENTED_EDGE('',*,*,#3700,.T.);
#3875 = ORIENTED_EDGE('',*,*,#3442,.F.);
#3876 = ORIENTED_EDGE('',*,*,#3877,.F.);
#3877 = EDGE_CURVE('',#3867,#3443,#3878,.T.);
#3878 = LINE('',#3879,#3880);
#3879 = CARTESIAN_POINT('',(0.45,0.75,0.));
#3880 = VECTOR('',#3881,1.);
#3881 = DIRECTION('',(0.,0.,1.));
#3882 = CYLINDRICAL_SURFACE('',#3883,0.3);
#3883 = AXIS2_PLACEMENT_3D('',#3884,#3885,#3886);
#3884 = CARTESIAN_POINT('',(0.45,0.45,0.));
#3885 = DIRECTION('',(0.,0.,1.));
#3886 = DIRECTION('',(0.,1.,0.));
#3887 = ADVANCED_FACE('',(#3888),#3907,.T.);
#3888 = FACE_BOUND('',#3889,.T.);
#3889 = EDGE_LOOP('',(#3890,#3899,#3905,#3906));
#3890 = ORIENTED_EDGE('',*,*,#3891,.T.);
#3891 = EDGE_CURVE('',#3789,#3892,#3894,.T.);
#3892 = VERTEX_POINT('',#3893);
#3893 = CARTESIAN_POINT('',(5.85,0.75,0.));
#3894 = CIRCLE('',#3895,0.3);
#3895 = AXIS2_PLACEMENT_3D('',#3896,#3897,#3898);
#3896 = CARTESIAN_POINT('',(5.85,0.45,0.));
#3897 = DIRECTION('',(-0.,0.,1.));
#3898 = DIRECTION('',(0.,-1.,0.));
#3899 = ORIENTED_EDGE('',*,*,#3900,.T.);
#3900 = EDGE_CURVE('',#3892,#3468,#3901,.T.);
#3901 = LINE('',#3902,#3903);
#3902 = CARTESIAN_POINT('',(5.85,0.75,0.));
#3903 = VECTOR('',#3904,1.);
#3904 = DIRECTION('',(0.,0.,1.));
#3905 = ORIENTED_EDGE('',*,*,#3467,.F.);
#3906 = ORIENTED_EDGE('',*,*,#3788,.F.);
#3907 = CYLINDRICAL_SURFACE('',#3908,0.3);
#3908 = AXIS2_PLACEMENT_3D('',#3909,#3910,#3911);
#3909 = CARTESIAN_POINT('',(5.85,0.45,0.));
#3910 = DIRECTION('',(0.,0.,1.));
#3911 = DIRECTION('',(1.,0.,-0.));
#3912 = ADVANCED_FACE('',(#3913),#3924,.F.);
#3913 = FACE_BOUND('',#3914,.F.);
#3914 = EDGE_LOOP('',(#3915,#3921,#3922,#3923));
#3915 = ORIENTED_EDGE('',*,*,#3916,.F.);
#3916 = EDGE_CURVE('',#3892,#3867,#3917,.T.);
#3917 = LINE('',#3918,#3919);
#3918 = CARTESIAN_POINT('',(6.15,0.75,0.));
#3919 = VECTOR('',#3920,1.);
#3920 = DIRECTION('',(-1.,0.,0.));
#3921 = ORIENTED_EDGE('',*,*,#3900,.T.);
#3922 = ORIENTED_EDGE('',*,*,#3492,.T.);
#3923 = ORIENTED_EDGE('',*,*,#3877,.F.);
#3924 = PLANE('',#3925);
#3925 = AXIS2_PLACEMENT_3D('',#3926,#3927,#3928);
#3926 = CARTESIAN_POINT('',(6.15,0.75,0.));
#3927 = DIRECTION('',(0.,-1.,0.));
#3928 = DIRECTION('',(-1.,0.,0.));
#3929 = ADVANCED_FACE('',(#3930),#3933,.F.);
#3930 = FACE_BOUND('',#3931,.T.);
#3931 = EDGE_LOOP('',(#3932));
#3932 = ORIENTED_EDGE('',*,*,#3517,.T.);
#3933 = PLANE('',#3934);
#3934 = AXIS2_PLACEMENT_3D('',#3935,#3936,#3937);
#3935 = CARTESIAN_POINT('',(5.65,-4.25,4.1));
#3936 = DIRECTION('',(0.,0.,-1.));
#3937 = DIRECTION('',(-1.,0.,0.));
#3938 = ADVANCED_FACE('',(#3939),#3959,.T.);
#3939 = FACE_BOUND('',#3940,.T.);
#3940 = EDGE_LOOP('',(#3941,#3942,#3951,#3958));
#3941 = ORIENTED_EDGE('',*,*,#3542,.T.);
#3942 = ORIENTED_EDGE('',*,*,#3943,.F.);
#3943 = EDGE_CURVE('',#3944,#3535,#3946,.T.);
#3944 = VERTEX_POINT('',#3945);
#3945 = CARTESIAN_POINT('',(4.8,-2.25,4.3));
#3946 = CIRCLE('',#3947,0.1);
#3947 = AXIS2_PLACEMENT_3D('',#3948,#3949,#3950);
#3948 = CARTESIAN_POINT('',(4.8,-2.25,4.2));
#3949 = DIRECTION('',(-0.,1.,0.));
#3950 = DIRECTION('',(1.,0.,0.));
#3951 = ORIENTED_EDGE('',*,*,#3952,.F.);
#3952 = EDGE_CURVE('',#3944,#3944,#3953,.T.);
#3953 = CIRCLE('',#3954,1.65);
#3954 = AXIS2_PLACEMENT_3D('',#3955,#3956,#3957);
#3955 = CARTESIAN_POINT('',(3.15,-2.25,4.3));
#3956 = DIRECTION('',(0.,0.,1.));
#3957 = DIRECTION('',(1.,0.,-0.));
#3958 = ORIENTED_EDGE('',*,*,#3943,.T.);
#3959 = TOROIDAL_SURFACE('',#3960,1.65,0.1);
#3960 = AXIS2_PLACEMENT_3D('',#3961,#3962,#3963);
#3961 = CARTESIAN_POINT('',(3.15,-2.25,4.2));
#3962 = DIRECTION('',(0.,0.,-1.));
#3963 = DIRECTION('',(1.,0.,0.));
#3964 = ADVANCED_FACE('',(#3965),#3968,.F.);
#3965 = FACE_BOUND('',#3966,.T.);
#3966 = EDGE_LOOP('',(#3967));
#3967 = ORIENTED_EDGE('',*,*,#3567,.T.);
#3968 = PLANE('',#3969);
#3969 = AXIS2_PLACEMENT_3D('',#3970,#3971,#3972);
#3970 = CARTESIAN_POINT('',(1.65,-0.25,4.1));
#3971 = DIRECTION('',(0.,0.,-1.));
#3972 = DIRECTION('',(-1.,0.,0.));
#3973 = ADVANCED_FACE('',(#3974),#3977,.F.);
#3974 = FACE_BOUND('',#3975,.T.);
#3975 = EDGE_LOOP('',(#3976));
#3976 = ORIENTED_EDGE('',*,*,#3592,.T.);
#3977 = PLANE('',#3978);
#3978 = AXIS2_PLACEMENT_3D('',#3979,#3980,#3981);
#3979 = CARTESIAN_POINT('',(5.65,-0.25,4.1));
#3980 = DIRECTION('',(0.,0.,-1.));
#3981 = DIRECTION('',(-1.,0.,0.));
#3982 = ADVANCED_FACE('',(#3983),#4021,.T.);
#3983 = FACE_BOUND('',#3984,.T.);
#3984 = EDGE_LOOP('',(#3985,#3986,#3987,#3988,#3994,#3995,#4001,#4002,
    #4003,#4004,#4005,#4006,#4012,#4013,#4019,#4020));
#3985 = ORIENTED_EDGE('',*,*,#3609,.F.);
#3986 = ORIENTED_EDGE('',*,*,#3650,.T.);
#3987 = ORIENTED_EDGE('',*,*,#3708,.F.);
#3988 = ORIENTED_EDGE('',*,*,#3989,.F.);
#3989 = EDGE_CURVE('',#3733,#3709,#3990,.T.);
#3990 = LINE('',#3991,#3992);
#3991 = CARTESIAN_POINT('',(0.15,0.75,0.));
#3992 = VECTOR('',#3993,1.);
#3993 = DIRECTION('',(0.,-1.,0.));
#3994 = ORIENTED_EDGE('',*,*,#3740,.F.);
#3995 = ORIENTED_EDGE('',*,*,#3996,.F.);
#3996 = EDGE_CURVE('',#3693,#3741,#3997,.T.);
#3997 = LINE('',#3998,#3999);
#3998 = CARTESIAN_POINT('',(0.15,0.75,0.));
#3999 = VECTOR('',#4000,1.);
#4000 = DIRECTION('',(0.,-1.,0.));
#4001 = ORIENTED_EDGE('',*,*,#3690,.F.);
#4002 = ORIENTED_EDGE('',*,*,#3866,.F.);
#4003 = ORIENTED_EDGE('',*,*,#3916,.F.);
#4004 = ORIENTED_EDGE('',*,*,#3891,.F.);
#4005 = ORIENTED_EDGE('',*,*,#3796,.F.);
#4006 = ORIENTED_EDGE('',*,*,#4007,.F.);
#4007 = EDGE_CURVE('',#3821,#3797,#4008,.T.);
#4008 = LINE('',#4009,#4010);
#4009 = CARTESIAN_POINT('',(6.15,-5.25,0.));
#4010 = VECTOR('',#4011,1.);
#4011 = DIRECTION('',(0.,1.,0.));
#4012 = ORIENTED_EDGE('',*,*,#3828,.F.);
#4013 = ORIENTED_EDGE('',*,*,#4014,.F.);
#4014 = EDGE_CURVE('',#3779,#3829,#4015,.T.);
#4015 = LINE('',#4016,#4017);
#4016 = CARTESIAN_POINT('',(6.15,-5.25,0.));
#4017 = VECTOR('',#4018,1.);
#4018 = DIRECTION('',(0.,1.,0.));
#4019 = ORIENTED_EDGE('',*,*,#3778,.F.);
#4020 = ORIENTED_EDGE('',*,*,#3665,.F.);
#4021 = PLANE('',#4022);
#4022 = AXIS2_PLACEMENT_3D('',#4023,#4024,#4025);
#4023 = CARTESIAN_POINT('',(0.15,-5.25,0.));
#4024 = DIRECTION('',(0.,0.,-1.));
#4025 = DIRECTION('',(-1.,0.,0.));
#4026 = ADVANCED_FACE('',(#4027),#4171,.F.);
#4027 = FACE_BOUND('',#4028,.F.);
#4028 = EDGE_LOOP('',(#4029,#4039,#4048,#4056,#4065,#4073,#4081,#4089,
    #4098,#4106,#4115,#4123,#4132,#4138,#4139,#4147,#4156,#4164));
#4029 = ORIENTED_EDGE('',*,*,#4030,.T.);
#4030 = EDGE_CURVE('',#4031,#4033,#4035,.T.);
#4031 = VERTEX_POINT('',#4032);
#4032 = CARTESIAN_POINT('',(-0.162230377286,0.35,-0.540767924286));
#4033 = VERTEX_POINT('',#4034);
#4034 = CARTESIAN_POINT('',(-0.425000733956,0.35,-1.416669113186));
#4035 = LINE('',#4036,#4037);
#4036 = CARTESIAN_POINT('',(-0.15,0.35,-0.5));
#4037 = VECTOR('',#4038,1.);
#4038 = DIRECTION('',(-0.287347885566,5.31700397722E-16,-0.957826285221)
  );
#4039 = ORIENTED_EDGE('',*,*,#4040,.T.);
#4040 = EDGE_CURVE('',#4033,#4041,#4043,.T.);
#4041 = VERTEX_POINT('',#4042);
#4042 = CARTESIAN_POINT('',(-0.425000733956,0.35,-1.583330886814));
#4043 = CIRCLE('',#4044,0.29);
#4044 = AXIS2_PLACEMENT_3D('',#4045,#4046,#4047);
#4045 = CARTESIAN_POINT('',(-0.147231111242,0.35,-1.5));
#4046 = DIRECTION('',(0.,-1.,-3.330669073875E-16));
#4047 = DIRECTION('',(0.,-3.330669073875E-16,1.));
#4048 = ORIENTED_EDGE('',*,*,#4049,.T.);
#4049 = EDGE_CURVE('',#4041,#4050,#4052,.T.);
#4050 = VERTEX_POINT('',#4051);
#4051 = CARTESIAN_POINT('',(-0.162230377286,0.35,-2.459232075714));
#4052 = LINE('',#4053,#4054);
#4053 = CARTESIAN_POINT('',(-0.45,0.35,-1.5));
#4054 = VECTOR('',#4055,1.);
#4055 = DIRECTION('',(0.287347885566,5.31700397722E-16,-0.957826285221)
  );
#4056 = ORIENTED_EDGE('',*,*,#4057,.F.);
#4057 = EDGE_CURVE('',#4058,#4050,#4060,.T.);
#4058 = VERTEX_POINT('',#4059);
#4059 = CARTESIAN_POINT('',(-0.15,0.35,-2.542562962528));
#4060 = CIRCLE('',#4061,0.29);
#4061 = AXIS2_PLACEMENT_3D('',#4062,#4063,#4064);
#4062 = CARTESIAN_POINT('',(-0.44,0.35,-2.542562962528));
#4063 = DIRECTION('',(0.,-1.,-3.330669073875E-16));
#4064 = DIRECTION('',(0.,-3.330669073875E-16,1.));
#4065 = ORIENTED_EDGE('',*,*,#4066,.F.);
#4066 = EDGE_CURVE('',#4067,#4058,#4069,.T.);
#4067 = VERTEX_POINT('',#4068);
#4068 = CARTESIAN_POINT('',(-0.15,0.35,-3.5));
#4069 = LINE('',#4070,#4071);
#4070 = CARTESIAN_POINT('',(-0.15,0.35,-3.5));
#4071 = VECTOR('',#4072,1.);
#4072 = DIRECTION('',(0.,-5.551115123126E-16,1.));
#4073 = ORIENTED_EDGE('',*,*,#4074,.F.);
#4074 = EDGE_CURVE('',#4075,#4067,#4077,.T.);
#4075 = VERTEX_POINT('',#4076);
#4076 = CARTESIAN_POINT('',(0.15,0.35,-3.5));
#4077 = LINE('',#4078,#4079);
#4078 = CARTESIAN_POINT('',(0.15,0.35,-3.5));
#4079 = VECTOR('',#4080,1.);
#4080 = DIRECTION('',(-1.,-0.,0.));
#4081 = ORIENTED_EDGE('',*,*,#4082,.F.);
#4082 = EDGE_CURVE('',#4083,#4075,#4085,.T.);
#4083 = VERTEX_POINT('',#4084);
#4084 = CARTESIAN_POINT('',(0.15,0.35,-2.542562962528));
#4085 = LINE('',#4086,#4087);
#4086 = CARTESIAN_POINT('',(0.15,0.35,-2.5));
#4087 = VECTOR('',#4088,1.);
#4088 = DIRECTION('',(0.,5.551115123126E-16,-1.));
#4089 = ORIENTED_EDGE('',*,*,#4090,.F.);
#4090 = EDGE_CURVE('',#4091,#4083,#4093,.T.);
#4091 = VERTEX_POINT('',#4092);
#4092 = CARTESIAN_POINT('',(0.137769622714,0.35,-2.459232075714));
#4093 = CIRCLE('',#4094,0.29);
#4094 = AXIS2_PLACEMENT_3D('',#4095,#4096,#4097);
#4095 = CARTESIAN_POINT('',(-0.14,0.35,-2.542562962528));
#4096 = DIRECTION('',(-0.,1.,3.330669073875E-16));
#4097 = DIRECTION('',(0.,-3.330669073875E-16,1.));
#4098 = ORIENTED_EDGE('',*,*,#4099,.T.);
#4099 = EDGE_CURVE('',#4091,#4100,#4102,.T.);
#4100 = VERTEX_POINT('',#4101);
#4101 = CARTESIAN_POINT('',(-0.125000733956,0.35,-1.583330886814));
#4102 = LINE('',#4103,#4104);
#4103 = CARTESIAN_POINT('',(0.15,0.35,-2.5));
#4104 = VECTOR('',#4105,1.);
#4105 = DIRECTION('',(-0.287347885566,-5.31700397722E-16,0.957826285221)
  );
#4106 = ORIENTED_EDGE('',*,*,#4107,.F.);
#4107 = EDGE_CURVE('',#4108,#4100,#4110,.T.);
#4108 = VERTEX_POINT('',#4109);
#4109 = CARTESIAN_POINT('',(-0.125000733956,0.35,-1.416669113186));
#4110 = CIRCLE('',#4111,0.29);
#4111 = AXIS2_PLACEMENT_3D('',#4112,#4113,#4114);
#4112 = CARTESIAN_POINT('',(0.152768888758,0.35,-1.5));
#4113 = DIRECTION('',(0.,-1.,-3.330669073875E-16));
#4114 = DIRECTION('',(0.,-3.330669073875E-16,1.));
#4115 = ORIENTED_EDGE('',*,*,#4116,.T.);
#4116 = EDGE_CURVE('',#4108,#4117,#4119,.T.);
#4117 = VERTEX_POINT('',#4118);
#4118 = CARTESIAN_POINT('',(0.137769622714,0.35,-0.540767924286));
#4119 = LINE('',#4120,#4121);
#4120 = CARTESIAN_POINT('',(-0.15,0.35,-1.5));
#4121 = VECTOR('',#4122,1.);
#4122 = DIRECTION('',(0.287347885566,-5.31700397722E-16,0.957826285221)
  );
#4123 = ORIENTED_EDGE('',*,*,#4124,.F.);
#4124 = EDGE_CURVE('',#4125,#4117,#4127,.T.);
#4125 = VERTEX_POINT('',#4126);
#4126 = CARTESIAN_POINT('',(0.15,0.35,-0.457437037472));
#4127 = CIRCLE('',#4128,0.29);
#4128 = AXIS2_PLACEMENT_3D('',#4129,#4130,#4131);
#4129 = CARTESIAN_POINT('',(-0.14,0.35,-0.457437037472));
#4130 = DIRECTION('',(-0.,1.,3.330669073875E-16));
#4131 = DIRECTION('',(0.,-3.330669073875E-16,1.));
#4132 = ORIENTED_EDGE('',*,*,#4133,.F.);
#4133 = EDGE_CURVE('',#3693,#4125,#4134,.T.);
#4134 = LINE('',#4135,#4136);
#4135 = CARTESIAN_POINT('',(0.15,0.35,1.5));
#4136 = VECTOR('',#4137,1.);
#4137 = DIRECTION('',(0.,5.551115123126E-16,-1.));
#4138 = ORIENTED_EDGE('',*,*,#3764,.F.);
#4139 = ORIENTED_EDGE('',*,*,#4140,.F.);
#4140 = EDGE_CURVE('',#4141,#3757,#4143,.T.);
#4141 = VERTEX_POINT('',#4142);
#4142 = CARTESIAN_POINT('',(0.14,0.35,1.5));
#4143 = LINE('',#4144,#4145);
#4144 = CARTESIAN_POINT('',(-0.15,0.35,1.5));
#4145 = VECTOR('',#4146,1.);
#4146 = DIRECTION('',(1.,0.,0.));
#4147 = ORIENTED_EDGE('',*,*,#4148,.F.);
#4148 = EDGE_CURVE('',#4149,#4141,#4151,.T.);
#4149 = VERTEX_POINT('',#4150);
#4150 = CARTESIAN_POINT('',(-0.15,0.35,1.21));
#4151 = CIRCLE('',#4152,0.29);
#4152 = AXIS2_PLACEMENT_3D('',#4153,#4154,#4155);
#4153 = CARTESIAN_POINT('',(0.14,0.35,1.21));
#4154 = DIRECTION('',(-0.,1.,3.330669073875E-16));
#4155 = DIRECTION('',(0.,-3.330669073875E-16,1.));
#4156 = ORIENTED_EDGE('',*,*,#4157,.F.);
#4157 = EDGE_CURVE('',#4158,#4149,#4160,.T.);
#4158 = VERTEX_POINT('',#4159);
#4159 = CARTESIAN_POINT('',(-0.15,0.35,-0.457437037472));
#4160 = LINE('',#4161,#4162);
#4161 = CARTESIAN_POINT('',(-0.15,0.35,-0.5));
#4162 = VECTOR('',#4163,1.);
#4163 = DIRECTION('',(0.,-5.551115123126E-16,1.));
#4164 = ORIENTED_EDGE('',*,*,#4165,.F.);
#4165 = EDGE_CURVE('',#4031,#4158,#4166,.T.);
#4166 = CIRCLE('',#4167,0.29);
#4167 = AXIS2_PLACEMENT_3D('',#4168,#4169,#4170);
#4168 = CARTESIAN_POINT('',(-0.44,0.35,-0.457437037472));
#4169 = DIRECTION('',(0.,-1.,-3.330669073875E-16));
#4170 = DIRECTION('',(0.,-3.330669073875E-16,1.));
#4171 = PLANE('',#4172);
#4172 = AXIS2_PLACEMENT_3D('',#4173,#4174,#4175);
#4173 = CARTESIAN_POINT('',(-0.15,0.35,-0.5));
#4174 = DIRECTION('',(1.64346021921E-31,-1.,-5.551115123126E-16));
#4175 = DIRECTION('',(0.,5.551115123126E-16,-1.));
#4176 = ADVANCED_FACE('',(#4177),#4195,.F.);
#4177 = FACE_BOUND('',#4178,.F.);
#4178 = EDGE_LOOP('',(#4179,#4187,#4193,#4194));
#4179 = ORIENTED_EDGE('',*,*,#4180,.F.);
#4180 = EDGE_CURVE('',#4181,#3749,#4183,.T.);
#4181 = VERTEX_POINT('',#4182);
#4182 = CARTESIAN_POINT('',(0.14,-0.35,1.5));
#4183 = LINE('',#4184,#4185);
#4184 = CARTESIAN_POINT('',(-0.15,-0.35,1.5));
#4185 = VECTOR('',#4186,1.);
#4186 = DIRECTION('',(1.,0.,0.));
#4187 = ORIENTED_EDGE('',*,*,#4188,.T.);
#4188 = EDGE_CURVE('',#4181,#4141,#4189,.T.);
#4189 = LINE('',#4190,#4191);
#4190 = CARTESIAN_POINT('',(0.14,-0.35,1.5));
#4191 = VECTOR('',#4192,1.);
#4192 = DIRECTION('',(0.,1.,3.330669073875E-16));
#4193 = ORIENTED_EDGE('',*,*,#4140,.T.);
#4194 = ORIENTED_EDGE('',*,*,#3756,.F.);
#4195 = PLANE('',#4196);
#4196 = AXIS2_PLACEMENT_3D('',#4197,#4198,#4199);
#4197 = CARTESIAN_POINT('',(-0.15,-0.35,1.5));
#4198 = DIRECTION('',(0.,3.330669073875E-16,-1.));
#4199 = DIRECTION('',(1.,0.,0.));
#4200 = ADVANCED_FACE('',(#4201),#4338,.T.);
#4201 = FACE_BOUND('',#4202,.T.);
#4202 = EDGE_LOOP('',(#4203,#4213,#4222,#4230,#4239,#4247,#4255,#4263,
    #4272,#4280,#4289,#4297,#4306,#4312,#4313,#4314,#4323,#4331));
#4203 = ORIENTED_EDGE('',*,*,#4204,.T.);
#4204 = EDGE_CURVE('',#4205,#4207,#4209,.T.);
#4205 = VERTEX_POINT('',#4206);
#4206 = CARTESIAN_POINT('',(-0.162230377286,-0.35,-0.540767924286));
#4207 = VERTEX_POINT('',#4208);
#4208 = CARTESIAN_POINT('',(-0.425000733956,-0.35,-1.416669113186));
#4209 = LINE('',#4210,#4211);
#4210 = CARTESIAN_POINT('',(-0.15,-0.35,-0.5));
#4211 = VECTOR('',#4212,1.);
#4212 = DIRECTION('',(-0.287347885566,5.31700397722E-16,-0.957826285221)
  );
#4213 = ORIENTED_EDGE('',*,*,#4214,.T.);
#4214 = EDGE_CURVE('',#4207,#4215,#4217,.T.);
#4215 = VERTEX_POINT('',#4216);
#4216 = CARTESIAN_POINT('',(-0.425000733956,-0.35,-1.583330886814));
#4217 = CIRCLE('',#4218,0.29);
#4218 = AXIS2_PLACEMENT_3D('',#4219,#4220,#4221);
#4219 = CARTESIAN_POINT('',(-0.147231111242,-0.35,-1.5));
#4220 = DIRECTION('',(0.,-1.,-3.330669073875E-16));
#4221 = DIRECTION('',(0.,-3.330669073875E-16,1.));
#4222 = ORIENTED_EDGE('',*,*,#4223,.T.);
#4223 = EDGE_CURVE('',#4215,#4224,#4226,.T.);
#4224 = VERTEX_POINT('',#4225);
#4225 = CARTESIAN_POINT('',(-0.162230377286,-0.35,-2.459232075714));
#4226 = LINE('',#4227,#4228);
#4227 = CARTESIAN_POINT('',(-0.45,-0.35,-1.5));
#4228 = VECTOR('',#4229,1.);
#4229 = DIRECTION('',(0.287347885566,5.31700397722E-16,-0.957826285221)
  );
#4230 = ORIENTED_EDGE('',*,*,#4231,.F.);
#4231 = EDGE_CURVE('',#4232,#4224,#4234,.T.);
#4232 = VERTEX_POINT('',#4233);
#4233 = CARTESIAN_POINT('',(-0.15,-0.35,-2.542562962528));
#4234 = CIRCLE('',#4235,0.29);
#4235 = AXIS2_PLACEMENT_3D('',#4236,#4237,#4238);
#4236 = CARTESIAN_POINT('',(-0.44,-0.35,-2.542562962528));
#4237 = DIRECTION('',(0.,-1.,-3.330669073875E-16));
#4238 = DIRECTION('',(0.,-3.330669073875E-16,1.));
#4239 = ORIENTED_EDGE('',*,*,#4240,.F.);
#4240 = EDGE_CURVE('',#4241,#4232,#4243,.T.);
#4241 = VERTEX_POINT('',#4242);
#4242 = CARTESIAN_POINT('',(-0.15,-0.35,-3.5));
#4243 = LINE('',#4244,#4245);
#4244 = CARTESIAN_POINT('',(-0.15,-0.35,-3.5));
#4245 = VECTOR('',#4246,1.);
#4246 = DIRECTION('',(0.,-5.551115123126E-16,1.));
#4247 = ORIENTED_EDGE('',*,*,#4248,.F.);
#4248 = EDGE_CURVE('',#4249,#4241,#4251,.T.);
#4249 = VERTEX_POINT('',#4250);
#4250 = CARTESIAN_POINT('',(0.15,-0.35,-3.5));
#4251 = LINE('',#4252,#4253);
#4252 = CARTESIAN_POINT('',(0.15,-0.35,-3.5));
#4253 = VECTOR('',#4254,1.);
#4254 = DIRECTION('',(-1.,-0.,0.));
#4255 = ORIENTED_EDGE('',*,*,#4256,.F.);
#4256 = EDGE_CURVE('',#4257,#4249,#4259,.T.);
#4257 = VERTEX_POINT('',#4258);
#4258 = CARTESIAN_POINT('',(0.15,-0.35,-2.542562962528));
#4259 = LINE('',#4260,#4261);
#4260 = CARTESIAN_POINT('',(0.15,-0.35,-2.5));
#4261 = VECTOR('',#4262,1.);
#4262 = DIRECTION('',(0.,5.551115123126E-16,-1.));
#4263 = ORIENTED_EDGE('',*,*,#4264,.F.);
#4264 = EDGE_CURVE('',#4265,#4257,#4267,.T.);
#4265 = VERTEX_POINT('',#4266);
#4266 = CARTESIAN_POINT('',(0.137769622714,-0.35,-2.459232075714));
#4267 = CIRCLE('',#4268,0.29);
#4268 = AXIS2_PLACEMENT_3D('',#4269,#4270,#4271);
#4269 = CARTESIAN_POINT('',(-0.14,-0.35,-2.542562962528));
#4270 = DIRECTION('',(-0.,1.,3.330669073875E-16));
#4271 = DIRECTION('',(0.,-3.330669073875E-16,1.));
#4272 = ORIENTED_EDGE('',*,*,#4273,.T.);
#4273 = EDGE_CURVE('',#4265,#4274,#4276,.T.);
#4274 = VERTEX_POINT('',#4275);
#4275 = CARTESIAN_POINT('',(-0.125000733956,-0.35,-1.583330886814));
#4276 = LINE('',#4277,#4278);
#4277 = CARTESIAN_POINT('',(0.15,-0.35,-2.5));
#4278 = VECTOR('',#4279,1.);
#4279 = DIRECTION('',(-0.287347885566,-5.31700397722E-16,0.957826285221)
  );
#4280 = ORIENTED_EDGE('',*,*,#4281,.F.);
#4281 = EDGE_CURVE('',#4282,#4274,#4284,.T.);
#4282 = VERTEX_POINT('',#4283);
#4283 = CARTESIAN_POINT('',(-0.125000733956,-0.35,-1.416669113186));
#4284 = CIRCLE('',#4285,0.29);
#4285 = AXIS2_PLACEMENT_3D('',#4286,#4287,#4288);
#4286 = CARTESIAN_POINT('',(0.152768888758,-0.35,-1.5));
#4287 = DIRECTION('',(0.,-1.,-3.330669073875E-16));
#4288 = DIRECTION('',(0.,-3.330669073875E-16,1.));
#4289 = ORIENTED_EDGE('',*,*,#4290,.T.);
#4290 = EDGE_CURVE('',#4282,#4291,#4293,.T.);
#4291 = VERTEX_POINT('',#4292);
#4292 = CARTESIAN_POINT('',(0.137769622714,-0.35,-0.540767924286));
#4293 = LINE('',#4294,#4295);
#4294 = CARTESIAN_POINT('',(-0.15,-0.35,-1.5));
#4295 = VECTOR('',#4296,1.);
#4296 = DIRECTION('',(0.287347885566,-5.31700397722E-16,0.957826285221)
  );
#4297 = ORIENTED_EDGE('',*,*,#4298,.F.);
#4298 = EDGE_CURVE('',#4299,#4291,#4301,.T.);
#4299 = VERTEX_POINT('',#4300);
#4300 = CARTESIAN_POINT('',(0.15,-0.35,-0.457437037472));
#4301 = CIRCLE('',#4302,0.29);
#4302 = AXIS2_PLACEMENT_3D('',#4303,#4304,#4305);
#4303 = CARTESIAN_POINT('',(-0.14,-0.35,-0.457437037472));
#4304 = DIRECTION('',(-0.,1.,3.330669073875E-16));
#4305 = DIRECTION('',(0.,-3.330669073875E-16,1.));
#4306 = ORIENTED_EDGE('',*,*,#4307,.F.);
#4307 = EDGE_CURVE('',#3741,#4299,#4308,.T.);
#4308 = LINE('',#4309,#4310);
#4309 = CARTESIAN_POINT('',(0.15,-0.35,1.5));
#4310 = VECTOR('',#4311,1.);
#4311 = DIRECTION('',(0.,5.551115123126E-16,-1.));
#4312 = ORIENTED_EDGE('',*,*,#3748,.F.);
#4313 = ORIENTED_EDGE('',*,*,#4180,.F.);
#4314 = ORIENTED_EDGE('',*,*,#4315,.F.);
#4315 = EDGE_CURVE('',#4316,#4181,#4318,.T.);
#4316 = VERTEX_POINT('',#4317);
#4317 = CARTESIAN_POINT('',(-0.15,-0.35,1.21));
#4318 = CIRCLE('',#4319,0.29);
#4319 = AXIS2_PLACEMENT_3D('',#4320,#4321,#4322);
#4320 = CARTESIAN_POINT('',(0.14,-0.35,1.21));
#4321 = DIRECTION('',(-0.,1.,3.330669073875E-16));
#4322 = DIRECTION('',(0.,-3.330669073875E-16,1.));
#4323 = ORIENTED_EDGE('',*,*,#4324,.F.);
#4324 = EDGE_CURVE('',#4325,#4316,#4327,.T.);
#4325 = VERTEX_POINT('',#4326);
#4326 = CARTESIAN_POINT('',(-0.15,-0.35,-0.457437037472));
#4327 = LINE('',#4328,#4329);
#4328 = CARTESIAN_POINT('',(-0.15,-0.35,-0.5));
#4329 = VECTOR('',#4330,1.);
#4330 = DIRECTION('',(0.,-5.551115123126E-16,1.));
#4331 = ORIENTED_EDGE('',*,*,#4332,.F.);
#4332 = EDGE_CURVE('',#4205,#4325,#4333,.T.);
#4333 = CIRCLE('',#4334,0.29);
#4334 = AXIS2_PLACEMENT_3D('',#4335,#4336,#4337);
#4335 = CARTESIAN_POINT('',(-0.44,-0.35,-0.457437037472));
#4336 = DIRECTION('',(0.,-1.,-3.330669073875E-16));
#4337 = DIRECTION('',(0.,-3.330669073875E-16,1.));
#4338 = PLANE('',#4339);
#4339 = AXIS2_PLACEMENT_3D('',#4340,#4341,#4342);
#4340 = CARTESIAN_POINT('',(-0.15,-0.35,-0.5));
#4341 = DIRECTION('',(1.64346021921E-31,-1.,-5.551115123126E-16));
#4342 = DIRECTION('',(0.,5.551115123126E-16,-1.));
#4343 = ADVANCED_FACE('',(#4344),#4488,.T.);
#4344 = FACE_BOUND('',#4345,.T.);
#4345 = EDGE_LOOP('',(#4346,#4356,#4365,#4373,#4382,#4390,#4398,#4406,
    #4415,#4423,#4432,#4440,#4449,#4455,#4456,#4464,#4473,#4481));
#4346 = ORIENTED_EDGE('',*,*,#4347,.T.);
#4347 = EDGE_CURVE('',#4348,#4350,#4352,.T.);
#4348 = VERTEX_POINT('',#4349);
#4349 = CARTESIAN_POINT('',(-0.162230377286,-4.85,-0.540767924286));
#4350 = VERTEX_POINT('',#4351);
#4351 = CARTESIAN_POINT('',(-0.425000733956,-4.85,-1.416669113186));
#4352 = LINE('',#4353,#4354);
#4353 = CARTESIAN_POINT('',(-0.15,-4.85,-0.5));
#4354 = VECTOR('',#4355,1.);
#4355 = DIRECTION('',(-0.287347885566,5.31700397722E-16,-0.957826285221)
  );
#4356 = ORIENTED_EDGE('',*,*,#4357,.T.);
#4357 = EDGE_CURVE('',#4350,#4358,#4360,.T.);
#4358 = VERTEX_POINT('',#4359);
#4359 = CARTESIAN_POINT('',(-0.425000733956,-4.85,-1.583330886814));
#4360 = CIRCLE('',#4361,0.29);
#4361 = AXIS2_PLACEMENT_3D('',#4362,#4363,#4364);
#4362 = CARTESIAN_POINT('',(-0.147231111242,-4.85,-1.5));
#4363 = DIRECTION('',(0.,-1.,-3.330669073875E-16));
#4364 = DIRECTION('',(0.,-3.330669073875E-16,1.));
#4365 = ORIENTED_EDGE('',*,*,#4366,.T.);
#4366 = EDGE_CURVE('',#4358,#4367,#4369,.T.);
#4367 = VERTEX_POINT('',#4368);
#4368 = CARTESIAN_POINT('',(-0.162230377286,-4.85,-2.459232075714));
#4369 = LINE('',#4370,#4371);
#4370 = CARTESIAN_POINT('',(-0.45,-4.85,-1.5));
#4371 = VECTOR('',#4372,1.);
#4372 = DIRECTION('',(0.287347885566,5.31700397722E-16,-0.957826285221)
  );
#4373 = ORIENTED_EDGE('',*,*,#4374,.F.);
#4374 = EDGE_CURVE('',#4375,#4367,#4377,.T.);
#4375 = VERTEX_POINT('',#4376);
#4376 = CARTESIAN_POINT('',(-0.15,-4.85,-2.542562962528));
#4377 = CIRCLE('',#4378,0.29);
#4378 = AXIS2_PLACEMENT_3D('',#4379,#4380,#4381);
#4379 = CARTESIAN_POINT('',(-0.44,-4.85,-2.542562962528));
#4380 = DIRECTION('',(0.,-1.,-3.330669073875E-16));
#4381 = DIRECTION('',(0.,-3.330669073875E-16,1.));
#4382 = ORIENTED_EDGE('',*,*,#4383,.F.);
#4383 = EDGE_CURVE('',#4384,#4375,#4386,.T.);
#4384 = VERTEX_POINT('',#4385);
#4385 = CARTESIAN_POINT('',(-0.15,-4.85,-3.5));
#4386 = LINE('',#4387,#4388);
#4387 = CARTESIAN_POINT('',(-0.15,-4.85,-3.5));
#4388 = VECTOR('',#4389,1.);
#4389 = DIRECTION('',(0.,-5.551115123126E-16,1.));
#4390 = ORIENTED_EDGE('',*,*,#4391,.F.);
#4391 = EDGE_CURVE('',#4392,#4384,#4394,.T.);
#4392 = VERTEX_POINT('',#4393);
#4393 = CARTESIAN_POINT('',(0.15,-4.85,-3.5));
#4394 = LINE('',#4395,#4396);
#4395 = CARTESIAN_POINT('',(0.15,-4.85,-3.5));
#4396 = VECTOR('',#4397,1.);
#4397 = DIRECTION('',(-1.,-0.,0.));
#4398 = ORIENTED_EDGE('',*,*,#4399,.F.);
#4399 = EDGE_CURVE('',#4400,#4392,#4402,.T.);
#4400 = VERTEX_POINT('',#4401);
#4401 = CARTESIAN_POINT('',(0.15,-4.85,-2.542562962528));
#4402 = LINE('',#4403,#4404);
#4403 = CARTESIAN_POINT('',(0.15,-4.85,-2.5));
#4404 = VECTOR('',#4405,1.);
#4405 = DIRECTION('',(0.,5.551115123126E-16,-1.));
#4406 = ORIENTED_EDGE('',*,*,#4407,.F.);
#4407 = EDGE_CURVE('',#4408,#4400,#4410,.T.);
#4408 = VERTEX_POINT('',#4409);
#4409 = CARTESIAN_POINT('',(0.137769622714,-4.85,-2.459232075714));
#4410 = CIRCLE('',#4411,0.29);
#4411 = AXIS2_PLACEMENT_3D('',#4412,#4413,#4414);
#4412 = CARTESIAN_POINT('',(-0.14,-4.85,-2.542562962528));
#4413 = DIRECTION('',(-0.,1.,3.330669073875E-16));
#4414 = DIRECTION('',(0.,-3.330669073875E-16,1.));
#4415 = ORIENTED_EDGE('',*,*,#4416,.T.);
#4416 = EDGE_CURVE('',#4408,#4417,#4419,.T.);
#4417 = VERTEX_POINT('',#4418);
#4418 = CARTESIAN_POINT('',(-0.125000733956,-4.85,-1.583330886814));
#4419 = LINE('',#4420,#4421);
#4420 = CARTESIAN_POINT('',(0.15,-4.85,-2.5));
#4421 = VECTOR('',#4422,1.);
#4422 = DIRECTION('',(-0.287347885566,-5.31700397722E-16,0.957826285221)
  );
#4423 = ORIENTED_EDGE('',*,*,#4424,.F.);
#4424 = EDGE_CURVE('',#4425,#4417,#4427,.T.);
#4425 = VERTEX_POINT('',#4426);
#4426 = CARTESIAN_POINT('',(-0.125000733956,-4.85,-1.416669113186));
#4427 = CIRCLE('',#4428,0.29);
#4428 = AXIS2_PLACEMENT_3D('',#4429,#4430,#4431);
#4429 = CARTESIAN_POINT('',(0.152768888758,-4.85,-1.5));
#4430 = DIRECTION('',(0.,-1.,-3.330669073875E-16));
#4431 = DIRECTION('',(0.,-3.330669073875E-16,1.));
#4432 = ORIENTED_EDGE('',*,*,#4433,.T.);
#4433 = EDGE_CURVE('',#4425,#4434,#4436,.T.);
#4434 = VERTEX_POINT('',#4435);
#4435 = CARTESIAN_POINT('',(0.137769622714,-4.85,-0.540767924286));
#4436 = LINE('',#4437,#4438);
#4437 = CARTESIAN_POINT('',(-0.15,-4.85,-1.5));
#4438 = VECTOR('',#4439,1.);
#4439 = DIRECTION('',(0.287347885566,-5.31700397722E-16,0.957826285221)
  );
#4440 = ORIENTED_EDGE('',*,*,#4441,.F.);
#4441 = EDGE_CURVE('',#4442,#4434,#4444,.T.);
#4442 = VERTEX_POINT('',#4443);
#4443 = CARTESIAN_POINT('',(0.15,-4.85,-0.457437037472));
#4444 = CIRCLE('',#4445,0.29);
#4445 = AXIS2_PLACEMENT_3D('',#4446,#4447,#4448);
#4446 = CARTESIAN_POINT('',(-0.14,-4.85,-0.457437037472));
#4447 = DIRECTION('',(-0.,1.,3.330669073875E-16));
#4448 = DIRECTION('',(0.,-3.330669073875E-16,1.));
#4449 = ORIENTED_EDGE('',*,*,#4450,.F.);
#4450 = EDGE_CURVE('',#3709,#4442,#4451,.T.);
#4451 = LINE('',#4452,#4453);
#4452 = CARTESIAN_POINT('',(0.15,-4.85,1.5));
#4453 = VECTOR('',#4454,1.);
#4454 = DIRECTION('',(0.,5.551115123126E-16,-1.));
#4455 = ORIENTED_EDGE('',*,*,#3716,.F.);
#4456 = ORIENTED_EDGE('',*,*,#4457,.F.);
#4457 = EDGE_CURVE('',#4458,#3717,#4460,.T.);
#4458 = VERTEX_POINT('',#4459);
#4459 = CARTESIAN_POINT('',(0.14,-4.85,1.5));
#4460 = LINE('',#4461,#4462);
#4461 = CARTESIAN_POINT('',(-0.15,-4.85,1.5));
#4462 = VECTOR('',#4463,1.);
#4463 = DIRECTION('',(1.,0.,0.));
#4464 = ORIENTED_EDGE('',*,*,#4465,.F.);
#4465 = EDGE_CURVE('',#4466,#4458,#4468,.T.);
#4466 = VERTEX_POINT('',#4467);
#4467 = CARTESIAN_POINT('',(-0.15,-4.85,1.21));
#4468 = CIRCLE('',#4469,0.29);
#4469 = AXIS2_PLACEMENT_3D('',#4470,#4471,#4472);
#4470 = CARTESIAN_POINT('',(0.14,-4.85,1.21));
#4471 = DIRECTION('',(-0.,1.,3.330669073875E-16));
#4472 = DIRECTION('',(0.,-3.330669073875E-16,1.));
#4473 = ORIENTED_EDGE('',*,*,#4474,.F.);
#4474 = EDGE_CURVE('',#4475,#4466,#4477,.T.);
#4475 = VERTEX_POINT('',#4476);
#4476 = CARTESIAN_POINT('',(-0.15,-4.85,-0.457437037472));
#4477 = LINE('',#4478,#4479);
#4478 = CARTESIAN_POINT('',(-0.15,-4.85,-0.5));
#4479 = VECTOR('',#4480,1.);
#4480 = DIRECTION('',(0.,-5.551115123126E-16,1.));
#4481 = ORIENTED_EDGE('',*,*,#4482,.F.);
#4482 = EDGE_CURVE('',#4348,#4475,#4483,.T.);
#4483 = CIRCLE('',#4484,0.29);
#4484 = AXIS2_PLACEMENT_3D('',#4485,#4486,#4487);
#4485 = CARTESIAN_POINT('',(-0.44,-4.85,-0.457437037472));
#4486 = DIRECTION('',(0.,-1.,-3.330669073875E-16));
#4487 = DIRECTION('',(0.,-3.330669073875E-16,1.));
#4488 = PLANE('',#4489);
#4489 = AXIS2_PLACEMENT_3D('',#4490,#4491,#4492);
#4490 = CARTESIAN_POINT('',(-0.15,-4.85,-0.5));
#4491 = DIRECTION('',(0.,-1.,-3.330669073875E-16));
#4492 = DIRECTION('',(0.,3.330669073875E-16,-1.));
#4493 = ADVANCED_FACE('',(#4494),#4638,.F.);
#4494 = FACE_BOUND('',#4495,.F.);
#4495 = EDGE_LOOP('',(#4496,#4506,#4515,#4523,#4532,#4540,#4548,#4556,
    #4565,#4573,#4582,#4590,#4599,#4605,#4606,#4614,#4623,#4631));
#4496 = ORIENTED_EDGE('',*,*,#4497,.T.);
#4497 = EDGE_CURVE('',#4498,#4500,#4502,.T.);
#4498 = VERTEX_POINT('',#4499);
#4499 = CARTESIAN_POINT('',(-0.162230377286,-4.15,-0.540767924286));
#4500 = VERTEX_POINT('',#4501);
#4501 = CARTESIAN_POINT('',(-0.425000733956,-4.15,-1.416669113186));
#4502 = LINE('',#4503,#4504);
#4503 = CARTESIAN_POINT('',(-0.15,-4.15,-0.5));
#4504 = VECTOR('',#4505,1.);
#4505 = DIRECTION('',(-0.287347885566,5.31700397722E-16,-0.957826285221)
  );
#4506 = ORIENTED_EDGE('',*,*,#4507,.T.);
#4507 = EDGE_CURVE('',#4500,#4508,#4510,.T.);
#4508 = VERTEX_POINT('',#4509);
#4509 = CARTESIAN_POINT('',(-0.425000733956,-4.15,-1.583330886814));
#4510 = CIRCLE('',#4511,0.29);
#4511 = AXIS2_PLACEMENT_3D('',#4512,#4513,#4514);
#4512 = CARTESIAN_POINT('',(-0.147231111242,-4.15,-1.5));
#4513 = DIRECTION('',(0.,-1.,-3.330669073875E-16));
#4514 = DIRECTION('',(0.,-3.330669073875E-16,1.));
#4515 = ORIENTED_EDGE('',*,*,#4516,.T.);
#4516 = EDGE_CURVE('',#4508,#4517,#4519,.T.);
#4517 = VERTEX_POINT('',#4518);
#4518 = CARTESIAN_POINT('',(-0.162230377286,-4.15,-2.459232075714));
#4519 = LINE('',#4520,#4521);
#4520 = CARTESIAN_POINT('',(-0.45,-4.15,-1.5));
#4521 = VECTOR('',#4522,1.);
#4522 = DIRECTION('',(0.287347885566,5.31700397722E-16,-0.957826285221)
  );
#4523 = ORIENTED_EDGE('',*,*,#4524,.F.);
#4524 = EDGE_CURVE('',#4525,#4517,#4527,.T.);
#4525 = VERTEX_POINT('',#4526);
#4526 = CARTESIAN_POINT('',(-0.15,-4.15,-2.542562962528));
#4527 = CIRCLE('',#4528,0.29);
#4528 = AXIS2_PLACEMENT_3D('',#4529,#4530,#4531);
#4529 = CARTESIAN_POINT('',(-0.44,-4.15,-2.542562962528));
#4530 = DIRECTION('',(0.,-1.,-3.330669073875E-16));
#4531 = DIRECTION('',(0.,-3.330669073875E-16,1.));
#4532 = ORIENTED_EDGE('',*,*,#4533,.F.);
#4533 = EDGE_CURVE('',#4534,#4525,#4536,.T.);
#4534 = VERTEX_POINT('',#4535);
#4535 = CARTESIAN_POINT('',(-0.15,-4.15,-3.5));
#4536 = LINE('',#4537,#4538);
#4537 = CARTESIAN_POINT('',(-0.15,-4.15,-3.5));
#4538 = VECTOR('',#4539,1.);
#4539 = DIRECTION('',(0.,-5.551115123126E-16,1.));
#4540 = ORIENTED_EDGE('',*,*,#4541,.F.);
#4541 = EDGE_CURVE('',#4542,#4534,#4544,.T.);
#4542 = VERTEX_POINT('',#4543);
#4543 = CARTESIAN_POINT('',(0.15,-4.15,-3.5));
#4544 = LINE('',#4545,#4546);
#4545 = CARTESIAN_POINT('',(0.15,-4.15,-3.5));
#4546 = VECTOR('',#4547,1.);
#4547 = DIRECTION('',(-1.,-0.,0.));
#4548 = ORIENTED_EDGE('',*,*,#4549,.F.);
#4549 = EDGE_CURVE('',#4550,#4542,#4552,.T.);
#4550 = VERTEX_POINT('',#4551);
#4551 = CARTESIAN_POINT('',(0.15,-4.15,-2.542562962528));
#4552 = LINE('',#4553,#4554);
#4553 = CARTESIAN_POINT('',(0.15,-4.15,-2.5));
#4554 = VECTOR('',#4555,1.);
#4555 = DIRECTION('',(0.,5.551115123126E-16,-1.));
#4556 = ORIENTED_EDGE('',*,*,#4557,.F.);
#4557 = EDGE_CURVE('',#4558,#4550,#4560,.T.);
#4558 = VERTEX_POINT('',#4559);
#4559 = CARTESIAN_POINT('',(0.137769622714,-4.15,-2.459232075714));
#4560 = CIRCLE('',#4561,0.29);
#4561 = AXIS2_PLACEMENT_3D('',#4562,#4563,#4564);
#4562 = CARTESIAN_POINT('',(-0.14,-4.15,-2.542562962528));
#4563 = DIRECTION('',(-0.,1.,3.330669073875E-16));
#4564 = DIRECTION('',(0.,-3.330669073875E-16,1.));
#4565 = ORIENTED_EDGE('',*,*,#4566,.T.);
#4566 = EDGE_CURVE('',#4558,#4567,#4569,.T.);
#4567 = VERTEX_POINT('',#4568);
#4568 = CARTESIAN_POINT('',(-0.125000733956,-4.15,-1.583330886814));
#4569 = LINE('',#4570,#4571);
#4570 = CARTESIAN_POINT('',(0.15,-4.15,-2.5));
#4571 = VECTOR('',#4572,1.);
#4572 = DIRECTION('',(-0.287347885566,-5.31700397722E-16,0.957826285221)
  );
#4573 = ORIENTED_EDGE('',*,*,#4574,.F.);
#4574 = EDGE_CURVE('',#4575,#4567,#4577,.T.);
#4575 = VERTEX_POINT('',#4576);
#4576 = CARTESIAN_POINT('',(-0.125000733956,-4.15,-1.416669113186));
#4577 = CIRCLE('',#4578,0.29);
#4578 = AXIS2_PLACEMENT_3D('',#4579,#4580,#4581);
#4579 = CARTESIAN_POINT('',(0.152768888758,-4.15,-1.5));
#4580 = DIRECTION('',(0.,-1.,-3.330669073875E-16));
#4581 = DIRECTION('',(0.,-3.330669073875E-16,1.));
#4582 = ORIENTED_EDGE('',*,*,#4583,.T.);
#4583 = EDGE_CURVE('',#4575,#4584,#4586,.T.);
#4584 = VERTEX_POINT('',#4585);
#4585 = CARTESIAN_POINT('',(0.137769622714,-4.15,-0.540767924286));
#4586 = LINE('',#4587,#4588);
#4587 = CARTESIAN_POINT('',(-0.15,-4.15,-1.5));
#4588 = VECTOR('',#4589,1.);
#4589 = DIRECTION('',(0.287347885566,-5.31700397722E-16,0.957826285221)
  );
#4590 = ORIENTED_EDGE('',*,*,#4591,.F.);
#4591 = EDGE_CURVE('',#4592,#4584,#4594,.T.);
#4592 = VERTEX_POINT('',#4593);
#4593 = CARTESIAN_POINT('',(0.15,-4.15,-0.457437037472));
#4594 = CIRCLE('',#4595,0.29);
#4595 = AXIS2_PLACEMENT_3D('',#4596,#4597,#4598);
#4596 = CARTESIAN_POINT('',(-0.14,-4.15,-0.457437037472));
#4597 = DIRECTION('',(-0.,1.,3.330669073875E-16));
#4598 = DIRECTION('',(0.,-3.330669073875E-16,1.));
#4599 = ORIENTED_EDGE('',*,*,#4600,.F.);
#4600 = EDGE_CURVE('',#3733,#4592,#4601,.T.);
#4601 = LINE('',#4602,#4603);
#4602 = CARTESIAN_POINT('',(0.15,-4.15,1.5));
#4603 = VECTOR('',#4604,1.);
#4604 = DIRECTION('',(0.,5.551115123126E-16,-1.));
#4605 = ORIENTED_EDGE('',*,*,#3732,.F.);
#4606 = ORIENTED_EDGE('',*,*,#4607,.F.);
#4607 = EDGE_CURVE('',#4608,#3725,#4610,.T.);
#4608 = VERTEX_POINT('',#4609);
#4609 = CARTESIAN_POINT('',(0.14,-4.15,1.5));
#4610 = LINE('',#4611,#4612);
#4611 = CARTESIAN_POINT('',(-0.15,-4.15,1.5));
#4612 = VECTOR('',#4613,1.);
#4613 = DIRECTION('',(1.,0.,0.));
#4614 = ORIENTED_EDGE('',*,*,#4615,.F.);
#4615 = EDGE_CURVE('',#4616,#4608,#4618,.T.);
#4616 = VERTEX_POINT('',#4617);
#4617 = CARTESIAN_POINT('',(-0.15,-4.15,1.21));
#4618 = CIRCLE('',#4619,0.29);
#4619 = AXIS2_PLACEMENT_3D('',#4620,#4621,#4622);
#4620 = CARTESIAN_POINT('',(0.14,-4.15,1.21));
#4621 = DIRECTION('',(-0.,1.,3.330669073875E-16));
#4622 = DIRECTION('',(0.,-3.330669073875E-16,1.));
#4623 = ORIENTED_EDGE('',*,*,#4624,.F.);
#4624 = EDGE_CURVE('',#4625,#4616,#4627,.T.);
#4625 = VERTEX_POINT('',#4626);
#4626 = CARTESIAN_POINT('',(-0.15,-4.15,-0.457437037472));
#4627 = LINE('',#4628,#4629);
#4628 = CARTESIAN_POINT('',(-0.15,-4.15,-0.5));
#4629 = VECTOR('',#4630,1.);
#4630 = DIRECTION('',(0.,-5.551115123126E-16,1.));
#4631 = ORIENTED_EDGE('',*,*,#4632,.F.);
#4632 = EDGE_CURVE('',#4498,#4625,#4633,.T.);
#4633 = CIRCLE('',#4634,0.29);
#4634 = AXIS2_PLACEMENT_3D('',#4635,#4636,#4637);
#4635 = CARTESIAN_POINT('',(-0.44,-4.15,-0.457437037472));
#4636 = DIRECTION('',(0.,-1.,-3.330669073875E-16));
#4637 = DIRECTION('',(0.,-3.330669073875E-16,1.));
#4638 = PLANE('',#4639);
#4639 = AXIS2_PLACEMENT_3D('',#4640,#4641,#4642);
#4640 = CARTESIAN_POINT('',(-0.15,-4.15,-0.5));
#4641 = DIRECTION('',(0.,-1.,-3.330669073875E-16));
#4642 = DIRECTION('',(0.,3.330669073875E-16,-1.));
#4643 = ADVANCED_FACE('',(#4644),#4655,.F.);
#4644 = FACE_BOUND('',#4645,.F.);
#4645 = EDGE_LOOP('',(#4646,#4647,#4653,#4654));
#4646 = ORIENTED_EDGE('',*,*,#4457,.F.);
#4647 = ORIENTED_EDGE('',*,*,#4648,.T.);
#4648 = EDGE_CURVE('',#4458,#4608,#4649,.T.);
#4649 = LINE('',#4650,#4651);
#4650 = CARTESIAN_POINT('',(0.14,-4.85,1.5));
#4651 = VECTOR('',#4652,1.);
#4652 = DIRECTION('',(0.,1.,3.330669073875E-16));
#4653 = ORIENTED_EDGE('',*,*,#4607,.T.);
#4654 = ORIENTED_EDGE('',*,*,#3724,.F.);
#4655 = PLANE('',#4656);
#4656 = AXIS2_PLACEMENT_3D('',#4657,#4658,#4659);
#4657 = CARTESIAN_POINT('',(-0.15,-4.85,1.5));
#4658 = DIRECTION('',(0.,3.330669073875E-16,-1.));
#4659 = DIRECTION('',(1.,0.,0.));
#4660 = ADVANCED_FACE('',(#4661),#4805,.F.);
#4661 = FACE_BOUND('',#4662,.F.);
#4662 = EDGE_LOOP('',(#4663,#4673,#4682,#4690,#4699,#4707,#4715,#4723,
    #4732,#4740,#4749,#4757,#4766,#4772,#4773,#4781,#4790,#4798));
#4663 = ORIENTED_EDGE('',*,*,#4664,.T.);
#4664 = EDGE_CURVE('',#4665,#4667,#4669,.T.);
#4665 = VERTEX_POINT('',#4666);
#4666 = CARTESIAN_POINT('',(6.462230377286,-4.85,-0.540767924286));
#4667 = VERTEX_POINT('',#4668);
#4668 = CARTESIAN_POINT('',(6.725000733956,-4.85,-1.416669113186));
#4669 = LINE('',#4670,#4671);
#4670 = CARTESIAN_POINT('',(6.45,-4.85,-0.5));
#4671 = VECTOR('',#4672,1.);
#4672 = DIRECTION('',(0.287347885566,5.31700397722E-16,-0.957826285221)
  );
#4673 = ORIENTED_EDGE('',*,*,#4674,.T.);
#4674 = EDGE_CURVE('',#4667,#4675,#4677,.T.);
#4675 = VERTEX_POINT('',#4676);
#4676 = CARTESIAN_POINT('',(6.725000733956,-4.85,-1.583330886814));
#4677 = CIRCLE('',#4678,0.29);
#4678 = AXIS2_PLACEMENT_3D('',#4679,#4680,#4681);
#4679 = CARTESIAN_POINT('',(6.447231111242,-4.85,-1.5));
#4680 = DIRECTION('',(-0.,1.,3.330669073875E-16));
#4681 = DIRECTION('',(0.,-3.330669073875E-16,1.));
#4682 = ORIENTED_EDGE('',*,*,#4683,.T.);
#4683 = EDGE_CURVE('',#4675,#4684,#4686,.T.);
#4684 = VERTEX_POINT('',#4685);
#4685 = CARTESIAN_POINT('',(6.462230377286,-4.85,-2.459232075714));
#4686 = LINE('',#4687,#4688);
#4687 = CARTESIAN_POINT('',(6.75,-4.85,-1.5));
#4688 = VECTOR('',#4689,1.);
#4689 = DIRECTION('',(-0.287347885566,5.31700397722E-16,-0.957826285221)
  );
#4690 = ORIENTED_EDGE('',*,*,#4691,.F.);
#4691 = EDGE_CURVE('',#4692,#4684,#4694,.T.);
#4692 = VERTEX_POINT('',#4693);
#4693 = CARTESIAN_POINT('',(6.45,-4.85,-2.542562962528));
#4694 = CIRCLE('',#4695,0.29);
#4695 = AXIS2_PLACEMENT_3D('',#4696,#4697,#4698);
#4696 = CARTESIAN_POINT('',(6.74,-4.85,-2.542562962528));
#4697 = DIRECTION('',(-0.,1.,3.330669073875E-16));
#4698 = DIRECTION('',(0.,-3.330669073875E-16,1.));
#4699 = ORIENTED_EDGE('',*,*,#4700,.F.);
#4700 = EDGE_CURVE('',#4701,#4692,#4703,.T.);
#4701 = VERTEX_POINT('',#4702);
#4702 = CARTESIAN_POINT('',(6.45,-4.85,-3.5));
#4703 = LINE('',#4704,#4705);
#4704 = CARTESIAN_POINT('',(6.45,-4.85,-3.5));
#4705 = VECTOR('',#4706,1.);
#4706 = DIRECTION('',(0.,-5.551115123126E-16,1.));
#4707 = ORIENTED_EDGE('',*,*,#4708,.F.);
#4708 = EDGE_CURVE('',#4709,#4701,#4711,.T.);
#4709 = VERTEX_POINT('',#4710);
#4710 = CARTESIAN_POINT('',(6.15,-4.85,-3.5));
#4711 = LINE('',#4712,#4713);
#4712 = CARTESIAN_POINT('',(6.15,-4.85,-3.5));
#4713 = VECTOR('',#4714,1.);
#4714 = DIRECTION('',(1.,0.,0.));
#4715 = ORIENTED_EDGE('',*,*,#4716,.F.);
#4716 = EDGE_CURVE('',#4717,#4709,#4719,.T.);
#4717 = VERTEX_POINT('',#4718);
#4718 = CARTESIAN_POINT('',(6.15,-4.85,-2.542562962528));
#4719 = LINE('',#4720,#4721);
#4720 = CARTESIAN_POINT('',(6.15,-4.85,-2.5));
#4721 = VECTOR('',#4722,1.);
#4722 = DIRECTION('',(0.,5.551115123126E-16,-1.));
#4723 = ORIENTED_EDGE('',*,*,#4724,.F.);
#4724 = EDGE_CURVE('',#4725,#4717,#4727,.T.);
#4725 = VERTEX_POINT('',#4726);
#4726 = CARTESIAN_POINT('',(6.162230377286,-4.85,-2.459232075714));
#4727 = CIRCLE('',#4728,0.29);
#4728 = AXIS2_PLACEMENT_3D('',#4729,#4730,#4731);
#4729 = CARTESIAN_POINT('',(6.44,-4.85,-2.542562962528));
#4730 = DIRECTION('',(0.,-1.,-3.330669073875E-16));
#4731 = DIRECTION('',(0.,-3.330669073875E-16,1.));
#4732 = ORIENTED_EDGE('',*,*,#4733,.T.);
#4733 = EDGE_CURVE('',#4725,#4734,#4736,.T.);
#4734 = VERTEX_POINT('',#4735);
#4735 = CARTESIAN_POINT('',(6.425000733956,-4.85,-1.583330886814));
#4736 = LINE('',#4737,#4738);
#4737 = CARTESIAN_POINT('',(6.15,-4.85,-2.5));
#4738 = VECTOR('',#4739,1.);
#4739 = DIRECTION('',(0.287347885566,-5.31700397722E-16,0.957826285221)
  );
#4740 = ORIENTED_EDGE('',*,*,#4741,.F.);
#4741 = EDGE_CURVE('',#4742,#4734,#4744,.T.);
#4742 = VERTEX_POINT('',#4743);
#4743 = CARTESIAN_POINT('',(6.425000733956,-4.85,-1.416669113186));
#4744 = CIRCLE('',#4745,0.29);
#4745 = AXIS2_PLACEMENT_3D('',#4746,#4747,#4748);
#4746 = CARTESIAN_POINT('',(6.147231111242,-4.85,-1.5));
#4747 = DIRECTION('',(-0.,1.,3.330669073875E-16));
#4748 = DIRECTION('',(0.,-3.330669073875E-16,1.));
#4749 = ORIENTED_EDGE('',*,*,#4750,.T.);
#4750 = EDGE_CURVE('',#4742,#4751,#4753,.T.);
#4751 = VERTEX_POINT('',#4752);
#4752 = CARTESIAN_POINT('',(6.162230377286,-4.85,-0.540767924286));
#4753 = LINE('',#4754,#4755);
#4754 = CARTESIAN_POINT('',(6.45,-4.85,-1.5));
#4755 = VECTOR('',#4756,1.);
#4756 = DIRECTION('',(-0.287347885566,-5.31700397722E-16,0.957826285221)
  );
#4757 = ORIENTED_EDGE('',*,*,#4758,.F.);
#4758 = EDGE_CURVE('',#4759,#4751,#4761,.T.);
#4759 = VERTEX_POINT('',#4760);
#4760 = CARTESIAN_POINT('',(6.15,-4.85,-0.457437037472));
#4761 = CIRCLE('',#4762,0.29);
#4762 = AXIS2_PLACEMENT_3D('',#4763,#4764,#4765);
#4763 = CARTESIAN_POINT('',(6.44,-4.85,-0.457437037472));
#4764 = DIRECTION('',(0.,-1.,-3.330669073875E-16));
#4765 = DIRECTION('',(0.,-3.330669073875E-16,1.));
#4766 = ORIENTED_EDGE('',*,*,#4767,.F.);
#4767 = EDGE_CURVE('',#3779,#4759,#4768,.T.);
#4768 = LINE('',#4769,#4770);
#4769 = CARTESIAN_POINT('',(6.15,-4.85,1.5));
#4770 = VECTOR('',#4771,1.);
#4771 = DIRECTION('',(0.,5.551115123126E-16,-1.));
#4772 = ORIENTED_EDGE('',*,*,#3852,.F.);
#4773 = ORIENTED_EDGE('',*,*,#4774,.F.);
#4774 = EDGE_CURVE('',#4775,#3845,#4777,.T.);
#4775 = VERTEX_POINT('',#4776);
#4776 = CARTESIAN_POINT('',(6.16,-4.85,1.5));
#4777 = LINE('',#4778,#4779);
#4778 = CARTESIAN_POINT('',(6.45,-4.85,1.5));
#4779 = VECTOR('',#4780,1.);
#4780 = DIRECTION('',(-1.,-0.,0.));
#4781 = ORIENTED_EDGE('',*,*,#4782,.F.);
#4782 = EDGE_CURVE('',#4783,#4775,#4785,.T.);
#4783 = VERTEX_POINT('',#4784);
#4784 = CARTESIAN_POINT('',(6.45,-4.85,1.21));
#4785 = CIRCLE('',#4786,0.29);
#4786 = AXIS2_PLACEMENT_3D('',#4787,#4788,#4789);
#4787 = CARTESIAN_POINT('',(6.16,-4.85,1.21));
#4788 = DIRECTION('',(0.,-1.,-3.330669073875E-16));
#4789 = DIRECTION('',(0.,-3.330669073875E-16,1.));
#4790 = ORIENTED_EDGE('',*,*,#4791,.F.);
#4791 = EDGE_CURVE('',#4792,#4783,#4794,.T.);
#4792 = VERTEX_POINT('',#4793);
#4793 = CARTESIAN_POINT('',(6.45,-4.85,-0.457437037472));
#4794 = LINE('',#4795,#4796);
#4795 = CARTESIAN_POINT('',(6.45,-4.85,-0.5));
#4796 = VECTOR('',#4797,1.);
#4797 = DIRECTION('',(0.,-5.551115123126E-16,1.));
#4798 = ORIENTED_EDGE('',*,*,#4799,.F.);
#4799 = EDGE_CURVE('',#4665,#4792,#4800,.T.);
#4800 = CIRCLE('',#4801,0.29);
#4801 = AXIS2_PLACEMENT_3D('',#4802,#4803,#4804);
#4802 = CARTESIAN_POINT('',(6.74,-4.85,-0.457437037472));
#4803 = DIRECTION('',(-0.,1.,3.330669073875E-16));
#4804 = DIRECTION('',(0.,-3.330669073875E-16,1.));
#4805 = PLANE('',#4806);
#4806 = AXIS2_PLACEMENT_3D('',#4807,#4808,#4809);
#4807 = CARTESIAN_POINT('',(6.45,-4.85,-0.5));
#4808 = DIRECTION('',(0.,1.,3.330669073875E-16));
#4809 = DIRECTION('',(0.,-3.330669073875E-16,1.));
#4810 = ADVANCED_FACE('',(#4811),#4829,.T.);
#4811 = FACE_BOUND('',#4812,.T.);
#4812 = EDGE_LOOP('',(#4813,#4814,#4822,#4828));
#4813 = ORIENTED_EDGE('',*,*,#4774,.F.);
#4814 = ORIENTED_EDGE('',*,*,#4815,.T.);
#4815 = EDGE_CURVE('',#4775,#4816,#4818,.T.);
#4816 = VERTEX_POINT('',#4817);
#4817 = CARTESIAN_POINT('',(6.16,-4.15,1.5));
#4818 = LINE('',#4819,#4820);
#4819 = CARTESIAN_POINT('',(6.16,-4.85,1.5));
#4820 = VECTOR('',#4821,1.);
#4821 = DIRECTION('',(0.,1.,3.330669073875E-16));
#4822 = ORIENTED_EDGE('',*,*,#4823,.T.);
#4823 = EDGE_CURVE('',#4816,#3837,#4824,.T.);
#4824 = LINE('',#4825,#4826);
#4825 = CARTESIAN_POINT('',(6.45,-4.15,1.5));
#4826 = VECTOR('',#4827,1.);
#4827 = DIRECTION('',(-1.,-0.,0.));
#4828 = ORIENTED_EDGE('',*,*,#3844,.F.);
#4829 = PLANE('',#4830);
#4830 = AXIS2_PLACEMENT_3D('',#4831,#4832,#4833);
#4831 = CARTESIAN_POINT('',(6.45,-4.85,1.5));
#4832 = DIRECTION('',(0.,-3.330669073875E-16,1.));
#4833 = DIRECTION('',(-1.,0.,0.));
#4834 = ADVANCED_FACE('',(#4835),#4972,.T.);
#4835 = FACE_BOUND('',#4836,.T.);
#4836 = EDGE_LOOP('',(#4837,#4847,#4856,#4864,#4873,#4881,#4889,#4897,
    #4906,#4914,#4923,#4931,#4940,#4946,#4947,#4948,#4957,#4965));
#4837 = ORIENTED_EDGE('',*,*,#4838,.T.);
#4838 = EDGE_CURVE('',#4839,#4841,#4843,.T.);
#4839 = VERTEX_POINT('',#4840);
#4840 = CARTESIAN_POINT('',(6.462230377286,-4.15,-0.540767924286));
#4841 = VERTEX_POINT('',#4842);
#4842 = CARTESIAN_POINT('',(6.725000733956,-4.15,-1.416669113186));
#4843 = LINE('',#4844,#4845);
#4844 = CARTESIAN_POINT('',(6.45,-4.15,-0.5));
#4845 = VECTOR('',#4846,1.);
#4846 = DIRECTION('',(0.287347885566,5.31700397722E-16,-0.957826285221)
  );
#4847 = ORIENTED_EDGE('',*,*,#4848,.T.);
#4848 = EDGE_CURVE('',#4841,#4849,#4851,.T.);
#4849 = VERTEX_POINT('',#4850);
#4850 = CARTESIAN_POINT('',(6.725000733956,-4.15,-1.583330886814));
#4851 = CIRCLE('',#4852,0.29);
#4852 = AXIS2_PLACEMENT_3D('',#4853,#4854,#4855);
#4853 = CARTESIAN_POINT('',(6.447231111242,-4.15,-1.5));
#4854 = DIRECTION('',(-0.,1.,3.330669073875E-16));
#4855 = DIRECTION('',(0.,-3.330669073875E-16,1.));
#4856 = ORIENTED_EDGE('',*,*,#4857,.T.);
#4857 = EDGE_CURVE('',#4849,#4858,#4860,.T.);
#4858 = VERTEX_POINT('',#4859);
#4859 = CARTESIAN_POINT('',(6.462230377286,-4.15,-2.459232075714));
#4860 = LINE('',#4861,#4862);
#4861 = CARTESIAN_POINT('',(6.75,-4.15,-1.5));
#4862 = VECTOR('',#4863,1.);
#4863 = DIRECTION('',(-0.287347885566,5.31700397722E-16,-0.957826285221)
  );
#4864 = ORIENTED_EDGE('',*,*,#4865,.F.);
#4865 = EDGE_CURVE('',#4866,#4858,#4868,.T.);
#4866 = VERTEX_POINT('',#4867);
#4867 = CARTESIAN_POINT('',(6.45,-4.15,-2.542562962528));
#4868 = CIRCLE('',#4869,0.29);
#4869 = AXIS2_PLACEMENT_3D('',#4870,#4871,#4872);
#4870 = CARTESIAN_POINT('',(6.74,-4.15,-2.542562962528));
#4871 = DIRECTION('',(-0.,1.,3.330669073875E-16));
#4872 = DIRECTION('',(0.,-3.330669073875E-16,1.));
#4873 = ORIENTED_EDGE('',*,*,#4874,.F.);
#4874 = EDGE_CURVE('',#4875,#4866,#4877,.T.);
#4875 = VERTEX_POINT('',#4876);
#4876 = CARTESIAN_POINT('',(6.45,-4.15,-3.5));
#4877 = LINE('',#4878,#4879);
#4878 = CARTESIAN_POINT('',(6.45,-4.15,-3.5));
#4879 = VECTOR('',#4880,1.);
#4880 = DIRECTION('',(0.,-5.551115123126E-16,1.));
#4881 = ORIENTED_EDGE('',*,*,#4882,.F.);
#4882 = EDGE_CURVE('',#4883,#4875,#4885,.T.);
#4883 = VERTEX_POINT('',#4884);
#4884 = CARTESIAN_POINT('',(6.15,-4.15,-3.5));
#4885 = LINE('',#4886,#4887);
#4886 = CARTESIAN_POINT('',(6.15,-4.15,-3.5));
#4887 = VECTOR('',#4888,1.);
#4888 = DIRECTION('',(1.,0.,0.));
#4889 = ORIENTED_EDGE('',*,*,#4890,.F.);
#4890 = EDGE_CURVE('',#4891,#4883,#4893,.T.);
#4891 = VERTEX_POINT('',#4892);
#4892 = CARTESIAN_POINT('',(6.15,-4.15,-2.542562962528));
#4893 = LINE('',#4894,#4895);
#4894 = CARTESIAN_POINT('',(6.15,-4.15,-2.5));
#4895 = VECTOR('',#4896,1.);
#4896 = DIRECTION('',(0.,5.551115123126E-16,-1.));
#4897 = ORIENTED_EDGE('',*,*,#4898,.F.);
#4898 = EDGE_CURVE('',#4899,#4891,#4901,.T.);
#4899 = VERTEX_POINT('',#4900);
#4900 = CARTESIAN_POINT('',(6.162230377286,-4.15,-2.459232075714));
#4901 = CIRCLE('',#4902,0.29);
#4902 = AXIS2_PLACEMENT_3D('',#4903,#4904,#4905);
#4903 = CARTESIAN_POINT('',(6.44,-4.15,-2.542562962528));
#4904 = DIRECTION('',(0.,-1.,-3.330669073875E-16));
#4905 = DIRECTION('',(0.,-3.330669073875E-16,1.));
#4906 = ORIENTED_EDGE('',*,*,#4907,.T.);
#4907 = EDGE_CURVE('',#4899,#4908,#4910,.T.);
#4908 = VERTEX_POINT('',#4909);
#4909 = CARTESIAN_POINT('',(6.425000733956,-4.15,-1.583330886814));
#4910 = LINE('',#4911,#4912);
#4911 = CARTESIAN_POINT('',(6.15,-4.15,-2.5));
#4912 = VECTOR('',#4913,1.);
#4913 = DIRECTION('',(0.287347885566,-5.31700397722E-16,0.957826285221)
  );
#4914 = ORIENTED_EDGE('',*,*,#4915,.F.);
#4915 = EDGE_CURVE('',#4916,#4908,#4918,.T.);
#4916 = VERTEX_POINT('',#4917);
#4917 = CARTESIAN_POINT('',(6.425000733956,-4.15,-1.416669113186));
#4918 = CIRCLE('',#4919,0.29);
#4919 = AXIS2_PLACEMENT_3D('',#4920,#4921,#4922);
#4920 = CARTESIAN_POINT('',(6.147231111242,-4.15,-1.5));
#4921 = DIRECTION('',(-0.,1.,3.330669073875E-16));
#4922 = DIRECTION('',(0.,-3.330669073875E-16,1.));
#4923 = ORIENTED_EDGE('',*,*,#4924,.T.);
#4924 = EDGE_CURVE('',#4916,#4925,#4927,.T.);
#4925 = VERTEX_POINT('',#4926);
#4926 = CARTESIAN_POINT('',(6.162230377286,-4.15,-0.540767924286));
#4927 = LINE('',#4928,#4929);
#4928 = CARTESIAN_POINT('',(6.45,-4.15,-1.5));
#4929 = VECTOR('',#4930,1.);
#4930 = DIRECTION('',(-0.287347885566,-5.31700397722E-16,0.957826285221)
  );
#4931 = ORIENTED_EDGE('',*,*,#4932,.F.);
#4932 = EDGE_CURVE('',#4933,#4925,#4935,.T.);
#4933 = VERTEX_POINT('',#4934);
#4934 = CARTESIAN_POINT('',(6.15,-4.15,-0.457437037472));
#4935 = CIRCLE('',#4936,0.29);
#4936 = AXIS2_PLACEMENT_3D('',#4937,#4938,#4939);
#4937 = CARTESIAN_POINT('',(6.44,-4.15,-0.457437037472));
#4938 = DIRECTION('',(0.,-1.,-3.330669073875E-16));
#4939 = DIRECTION('',(0.,-3.330669073875E-16,1.));
#4940 = ORIENTED_EDGE('',*,*,#4941,.F.);
#4941 = EDGE_CURVE('',#3829,#4933,#4942,.T.);
#4942 = LINE('',#4943,#4944);
#4943 = CARTESIAN_POINT('',(6.15,-4.15,1.5));
#4944 = VECTOR('',#4945,1.);
#4945 = DIRECTION('',(0.,5.551115123126E-16,-1.));
#4946 = ORIENTED_EDGE('',*,*,#3836,.F.);
#4947 = ORIENTED_EDGE('',*,*,#4823,.F.);
#4948 = ORIENTED_EDGE('',*,*,#4949,.F.);
#4949 = EDGE_CURVE('',#4950,#4816,#4952,.T.);
#4950 = VERTEX_POINT('',#4951);
#4951 = CARTESIAN_POINT('',(6.45,-4.15,1.21));
#4952 = CIRCLE('',#4953,0.29);
#4953 = AXIS2_PLACEMENT_3D('',#4954,#4955,#4956);
#4954 = CARTESIAN_POINT('',(6.16,-4.15,1.21));
#4955 = DIRECTION('',(0.,-1.,-3.330669073875E-16));
#4956 = DIRECTION('',(0.,-3.330669073875E-16,1.));
#4957 = ORIENTED_EDGE('',*,*,#4958,.F.);
#4958 = EDGE_CURVE('',#4959,#4950,#4961,.T.);
#4959 = VERTEX_POINT('',#4960);
#4960 = CARTESIAN_POINT('',(6.45,-4.15,-0.457437037472));
#4961 = LINE('',#4962,#4963);
#4962 = CARTESIAN_POINT('',(6.45,-4.15,-0.5));
#4963 = VECTOR('',#4964,1.);
#4964 = DIRECTION('',(0.,-5.551115123126E-16,1.));
#4965 = ORIENTED_EDGE('',*,*,#4966,.F.);
#4966 = EDGE_CURVE('',#4839,#4959,#4967,.T.);
#4967 = CIRCLE('',#4968,0.29);
#4968 = AXIS2_PLACEMENT_3D('',#4969,#4970,#4971);
#4969 = CARTESIAN_POINT('',(6.74,-4.15,-0.457437037472));
#4970 = DIRECTION('',(-0.,1.,3.330669073875E-16));
#4971 = DIRECTION('',(0.,-3.330669073875E-16,1.));
#4972 = PLANE('',#4973);
#4973 = AXIS2_PLACEMENT_3D('',#4974,#4975,#4976);
#4974 = CARTESIAN_POINT('',(6.45,-4.15,-0.5));
#4975 = DIRECTION('',(0.,1.,3.330669073875E-16));
#4976 = DIRECTION('',(0.,-3.330669073875E-16,1.));
#4977 = ADVANCED_FACE('',(#4978),#5122,.T.);
#4978 = FACE_BOUND('',#4979,.T.);
#4979 = EDGE_LOOP('',(#4980,#4990,#4999,#5007,#5016,#5024,#5032,#5040,
    #5049,#5057,#5066,#5074,#5083,#5089,#5090,#5098,#5107,#5115));
#4980 = ORIENTED_EDGE('',*,*,#4981,.T.);
#4981 = EDGE_CURVE('',#4982,#4984,#4986,.T.);
#4982 = VERTEX_POINT('',#4983);
#4983 = CARTESIAN_POINT('',(6.462230377286,0.35,-0.540767924286));
#4984 = VERTEX_POINT('',#4985);
#4985 = CARTESIAN_POINT('',(6.725000733956,0.35,-1.416669113186));
#4986 = LINE('',#4987,#4988);
#4987 = CARTESIAN_POINT('',(6.45,0.35,-0.5));
#4988 = VECTOR('',#4989,1.);
#4989 = DIRECTION('',(0.287347885566,5.31700397722E-16,-0.957826285221)
  );
#4990 = ORIENTED_EDGE('',*,*,#4991,.T.);
#4991 = EDGE_CURVE('',#4984,#4992,#4994,.T.);
#4992 = VERTEX_POINT('',#4993);
#4993 = CARTESIAN_POINT('',(6.725000733956,0.35,-1.583330886814));
#4994 = CIRCLE('',#4995,0.29);
#4995 = AXIS2_PLACEMENT_3D('',#4996,#4997,#4998);
#4996 = CARTESIAN_POINT('',(6.447231111242,0.35,-1.5));
#4997 = DIRECTION('',(-0.,1.,3.330669073875E-16));
#4998 = DIRECTION('',(0.,-3.330669073875E-16,1.));
#4999 = ORIENTED_EDGE('',*,*,#5000,.T.);
#5000 = EDGE_CURVE('',#4992,#5001,#5003,.T.);
#5001 = VERTEX_POINT('',#5002);
#5002 = CARTESIAN_POINT('',(6.462230377286,0.35,-2.459232075714));
#5003 = LINE('',#5004,#5005);
#5004 = CARTESIAN_POINT('',(6.75,0.35,-1.5));
#5005 = VECTOR('',#5006,1.);
#5006 = DIRECTION('',(-0.287347885566,5.31700397722E-16,-0.957826285221)
  );
#5007 = ORIENTED_EDGE('',*,*,#5008,.F.);
#5008 = EDGE_CURVE('',#5009,#5001,#5011,.T.);
#5009 = VERTEX_POINT('',#5010);
#5010 = CARTESIAN_POINT('',(6.45,0.35,-2.542562962528));
#5011 = CIRCLE('',#5012,0.29);
#5012 = AXIS2_PLACEMENT_3D('',#5013,#5014,#5015);
#5013 = CARTESIAN_POINT('',(6.74,0.35,-2.542562962528));
#5014 = DIRECTION('',(-0.,1.,3.330669073875E-16));
#5015 = DIRECTION('',(0.,-3.330669073875E-16,1.));
#5016 = ORIENTED_EDGE('',*,*,#5017,.F.);
#5017 = EDGE_CURVE('',#5018,#5009,#5020,.T.);
#5018 = VERTEX_POINT('',#5019);
#5019 = CARTESIAN_POINT('',(6.45,0.35,-3.5));
#5020 = LINE('',#5021,#5022);
#5021 = CARTESIAN_POINT('',(6.45,0.35,-3.5));
#5022 = VECTOR('',#5023,1.);
#5023 = DIRECTION('',(0.,-5.551115123126E-16,1.));
#5024 = ORIENTED_EDGE('',*,*,#5025,.F.);
#5025 = EDGE_CURVE('',#5026,#5018,#5028,.T.);
#5026 = VERTEX_POINT('',#5027);
#5027 = CARTESIAN_POINT('',(6.15,0.35,-3.5));
#5028 = LINE('',#5029,#5030);
#5029 = CARTESIAN_POINT('',(6.15,0.35,-3.5));
#5030 = VECTOR('',#5031,1.);
#5031 = DIRECTION('',(1.,0.,0.));
#5032 = ORIENTED_EDGE('',*,*,#5033,.F.);
#5033 = EDGE_CURVE('',#5034,#5026,#5036,.T.);
#5034 = VERTEX_POINT('',#5035);
#5035 = CARTESIAN_POINT('',(6.15,0.35,-2.542562962528));
#5036 = LINE('',#5037,#5038);
#5037 = CARTESIAN_POINT('',(6.15,0.35,-2.5));
#5038 = VECTOR('',#5039,1.);
#5039 = DIRECTION('',(0.,5.551115123126E-16,-1.));
#5040 = ORIENTED_EDGE('',*,*,#5041,.F.);
#5041 = EDGE_CURVE('',#5042,#5034,#5044,.T.);
#5042 = VERTEX_POINT('',#5043);
#5043 = CARTESIAN_POINT('',(6.162230377286,0.35,-2.459232075714));
#5044 = CIRCLE('',#5045,0.29);
#5045 = AXIS2_PLACEMENT_3D('',#5046,#5047,#5048);
#5046 = CARTESIAN_POINT('',(6.44,0.35,-2.542562962528));
#5047 = DIRECTION('',(0.,-1.,-3.330669073875E-16));
#5048 = DIRECTION('',(0.,-3.330669073875E-16,1.));
#5049 = ORIENTED_EDGE('',*,*,#5050,.T.);
#5050 = EDGE_CURVE('',#5042,#5051,#5053,.T.);
#5051 = VERTEX_POINT('',#5052);
#5052 = CARTESIAN_POINT('',(6.425000733956,0.35,-1.583330886814));
#5053 = LINE('',#5054,#5055);
#5054 = CARTESIAN_POINT('',(6.15,0.35,-2.5));
#5055 = VECTOR('',#5056,1.);
#5056 = DIRECTION('',(0.287347885566,-5.31700397722E-16,0.957826285221)
  );
#5057 = ORIENTED_EDGE('',*,*,#5058,.F.);
#5058 = EDGE_CURVE('',#5059,#5051,#5061,.T.);
#5059 = VERTEX_POINT('',#5060);
#5060 = CARTESIAN_POINT('',(6.425000733956,0.35,-1.416669113186));
#5061 = CIRCLE('',#5062,0.29);
#5062 = AXIS2_PLACEMENT_3D('',#5063,#5064,#5065);
#5063 = CARTESIAN_POINT('',(6.147231111242,0.35,-1.5));
#5064 = DIRECTION('',(-0.,1.,3.330669073875E-16));
#5065 = DIRECTION('',(0.,-3.330669073875E-16,1.));
#5066 = ORIENTED_EDGE('',*,*,#5067,.T.);
#5067 = EDGE_CURVE('',#5059,#5068,#5070,.T.);
#5068 = VERTEX_POINT('',#5069);
#5069 = CARTESIAN_POINT('',(6.162230377286,0.35,-0.540767924286));
#5070 = LINE('',#5071,#5072);
#5071 = CARTESIAN_POINT('',(6.45,0.35,-1.5));
#5072 = VECTOR('',#5073,1.);
#5073 = DIRECTION('',(-0.287347885566,-5.31700397722E-16,0.957826285221)
  );
#5074 = ORIENTED_EDGE('',*,*,#5075,.F.);
#5075 = EDGE_CURVE('',#5076,#5068,#5078,.T.);
#5076 = VERTEX_POINT('',#5077);
#5077 = CARTESIAN_POINT('',(6.15,0.35,-0.457437037472));
#5078 = CIRCLE('',#5079,0.29);
#5079 = AXIS2_PLACEMENT_3D('',#5080,#5081,#5082);
#5080 = CARTESIAN_POINT('',(6.44,0.35,-0.457437037472));
#5081 = DIRECTION('',(0.,-1.,-3.330669073875E-16));
#5082 = DIRECTION('',(0.,-3.330669073875E-16,1.));
#5083 = ORIENTED_EDGE('',*,*,#5084,.F.);
#5084 = EDGE_CURVE('',#3797,#5076,#5085,.T.);
#5085 = LINE('',#5086,#5087);
#5086 = CARTESIAN_POINT('',(6.15,0.35,1.5));
#5087 = VECTOR('',#5088,1.);
#5088 = DIRECTION('',(0.,5.551115123126E-16,-1.));
#5089 = ORIENTED_EDGE('',*,*,#3804,.F.);
#5090 = ORIENTED_EDGE('',*,*,#5091,.F.);
#5091 = EDGE_CURVE('',#5092,#3805,#5094,.T.);
#5092 = VERTEX_POINT('',#5093);
#5093 = CARTESIAN_POINT('',(6.16,0.35,1.5));
#5094 = LINE('',#5095,#5096);
#5095 = CARTESIAN_POINT('',(6.45,0.35,1.5));
#5096 = VECTOR('',#5097,1.);
#5097 = DIRECTION('',(-1.,-0.,0.));
#5098 = ORIENTED_EDGE('',*,*,#5099,.F.);
#5099 = EDGE_CURVE('',#5100,#5092,#5102,.T.);
#5100 = VERTEX_POINT('',#5101);
#5101 = CARTESIAN_POINT('',(6.45,0.35,1.21));
#5102 = CIRCLE('',#5103,0.29);
#5103 = AXIS2_PLACEMENT_3D('',#5104,#5105,#5106);
#5104 = CARTESIAN_POINT('',(6.16,0.35,1.21));
#5105 = DIRECTION('',(0.,-1.,-3.330669073875E-16));
#5106 = DIRECTION('',(0.,-3.330669073875E-16,1.));
#5107 = ORIENTED_EDGE('',*,*,#5108,.F.);
#5108 = EDGE_CURVE('',#5109,#5100,#5111,.T.);
#5109 = VERTEX_POINT('',#5110);
#5110 = CARTESIAN_POINT('',(6.45,0.35,-0.457437037472));
#5111 = LINE('',#5112,#5113);
#5112 = CARTESIAN_POINT('',(6.45,0.35,-0.5));
#5113 = VECTOR('',#5114,1.);
#5114 = DIRECTION('',(0.,-5.551115123126E-16,1.));
#5115 = ORIENTED_EDGE('',*,*,#5116,.F.);
#5116 = EDGE_CURVE('',#4982,#5109,#5117,.T.);
#5117 = CIRCLE('',#5118,0.29);
#5118 = AXIS2_PLACEMENT_3D('',#5119,#5120,#5121);
#5119 = CARTESIAN_POINT('',(6.74,0.35,-0.457437037472));
#5120 = DIRECTION('',(-0.,1.,3.330669073875E-16));
#5121 = DIRECTION('',(0.,-3.330669073875E-16,1.));
#5122 = PLANE('',#5123);
#5123 = AXIS2_PLACEMENT_3D('',#5124,#5125,#5126);
#5124 = CARTESIAN_POINT('',(6.45,0.35,-0.5));
#5125 = DIRECTION('',(1.64346021921E-31,1.,5.551115123126E-16));
#5126 = DIRECTION('',(0.,-5.551115123126E-16,1.));
#5127 = ADVANCED_FACE('',(#5128),#5272,.F.);
#5128 = FACE_BOUND('',#5129,.F.);
#5129 = EDGE_LOOP('',(#5130,#5140,#5149,#5157,#5166,#5174,#5182,#5190,
    #5199,#5207,#5216,#5224,#5233,#5239,#5240,#5248,#5257,#5265));
#5130 = ORIENTED_EDGE('',*,*,#5131,.T.);
#5131 = EDGE_CURVE('',#5132,#5134,#5136,.T.);
#5132 = VERTEX_POINT('',#5133);
#5133 = CARTESIAN_POINT('',(6.462230377286,-0.35,-0.540767924286));
#5134 = VERTEX_POINT('',#5135);
#5135 = CARTESIAN_POINT('',(6.725000733956,-0.35,-1.416669113186));
#5136 = LINE('',#5137,#5138);
#5137 = CARTESIAN_POINT('',(6.45,-0.35,-0.5));
#5138 = VECTOR('',#5139,1.);
#5139 = DIRECTION('',(0.287347885566,5.31700397722E-16,-0.957826285221)
  );
#5140 = ORIENTED_EDGE('',*,*,#5141,.T.);
#5141 = EDGE_CURVE('',#5134,#5142,#5144,.T.);
#5142 = VERTEX_POINT('',#5143);
#5143 = CARTESIAN_POINT('',(6.725000733956,-0.35,-1.583330886814));
#5144 = CIRCLE('',#5145,0.29);
#5145 = AXIS2_PLACEMENT_3D('',#5146,#5147,#5148);
#5146 = CARTESIAN_POINT('',(6.447231111242,-0.35,-1.5));
#5147 = DIRECTION('',(-0.,1.,3.330669073875E-16));
#5148 = DIRECTION('',(0.,-3.330669073875E-16,1.));
#5149 = ORIENTED_EDGE('',*,*,#5150,.T.);
#5150 = EDGE_CURVE('',#5142,#5151,#5153,.T.);
#5151 = VERTEX_POINT('',#5152);
#5152 = CARTESIAN_POINT('',(6.462230377286,-0.35,-2.459232075714));
#5153 = LINE('',#5154,#5155);
#5154 = CARTESIAN_POINT('',(6.75,-0.35,-1.5));
#5155 = VECTOR('',#5156,1.);
#5156 = DIRECTION('',(-0.287347885566,5.31700397722E-16,-0.957826285221)
  );
#5157 = ORIENTED_EDGE('',*,*,#5158,.F.);
#5158 = EDGE_CURVE('',#5159,#5151,#5161,.T.);
#5159 = VERTEX_POINT('',#5160);
#5160 = CARTESIAN_POINT('',(6.45,-0.35,-2.542562962528));
#5161 = CIRCLE('',#5162,0.29);
#5162 = AXIS2_PLACEMENT_3D('',#5163,#5164,#5165);
#5163 = CARTESIAN_POINT('',(6.74,-0.35,-2.542562962528));
#5164 = DIRECTION('',(-0.,1.,3.330669073875E-16));
#5165 = DIRECTION('',(0.,-3.330669073875E-16,1.));
#5166 = ORIENTED_EDGE('',*,*,#5167,.F.);
#5167 = EDGE_CURVE('',#5168,#5159,#5170,.T.);
#5168 = VERTEX_POINT('',#5169);
#5169 = CARTESIAN_POINT('',(6.45,-0.35,-3.5));
#5170 = LINE('',#5171,#5172);
#5171 = CARTESIAN_POINT('',(6.45,-0.35,-3.5));
#5172 = VECTOR('',#5173,1.);
#5173 = DIRECTION('',(0.,-5.551115123126E-16,1.));
#5174 = ORIENTED_EDGE('',*,*,#5175,.F.);
#5175 = EDGE_CURVE('',#5176,#5168,#5178,.T.);
#5176 = VERTEX_POINT('',#5177);
#5177 = CARTESIAN_POINT('',(6.15,-0.35,-3.5));
#5178 = LINE('',#5179,#5180);
#5179 = CARTESIAN_POINT('',(6.15,-0.35,-3.5));
#5180 = VECTOR('',#5181,1.);
#5181 = DIRECTION('',(1.,0.,0.));
#5182 = ORIENTED_EDGE('',*,*,#5183,.F.);
#5183 = EDGE_CURVE('',#5184,#5176,#5186,.T.);
#5184 = VERTEX_POINT('',#5185);
#5185 = CARTESIAN_POINT('',(6.15,-0.35,-2.542562962528));
#5186 = LINE('',#5187,#5188);
#5187 = CARTESIAN_POINT('',(6.15,-0.35,-2.5));
#5188 = VECTOR('',#5189,1.);
#5189 = DIRECTION('',(0.,5.551115123126E-16,-1.));
#5190 = ORIENTED_EDGE('',*,*,#5191,.F.);
#5191 = EDGE_CURVE('',#5192,#5184,#5194,.T.);
#5192 = VERTEX_POINT('',#5193);
#5193 = CARTESIAN_POINT('',(6.162230377286,-0.35,-2.459232075714));
#5194 = CIRCLE('',#5195,0.29);
#5195 = AXIS2_PLACEMENT_3D('',#5196,#5197,#5198);
#5196 = CARTESIAN_POINT('',(6.44,-0.35,-2.542562962528));
#5197 = DIRECTION('',(0.,-1.,-3.330669073875E-16));
#5198 = DIRECTION('',(0.,-3.330669073875E-16,1.));
#5199 = ORIENTED_EDGE('',*,*,#5200,.T.);
#5200 = EDGE_CURVE('',#5192,#5201,#5203,.T.);
#5201 = VERTEX_POINT('',#5202);
#5202 = CARTESIAN_POINT('',(6.425000733956,-0.35,-1.583330886814));
#5203 = LINE('',#5204,#5205);
#5204 = CARTESIAN_POINT('',(6.15,-0.35,-2.5));
#5205 = VECTOR('',#5206,1.);
#5206 = DIRECTION('',(0.287347885566,-5.31700397722E-16,0.957826285221)
  );
#5207 = ORIENTED_EDGE('',*,*,#5208,.F.);
#5208 = EDGE_CURVE('',#5209,#5201,#5211,.T.);
#5209 = VERTEX_POINT('',#5210);
#5210 = CARTESIAN_POINT('',(6.425000733956,-0.35,-1.416669113186));
#5211 = CIRCLE('',#5212,0.29);
#5212 = AXIS2_PLACEMENT_3D('',#5213,#5214,#5215);
#5213 = CARTESIAN_POINT('',(6.147231111242,-0.35,-1.5));
#5214 = DIRECTION('',(-0.,1.,3.330669073875E-16));
#5215 = DIRECTION('',(0.,-3.330669073875E-16,1.));
#5216 = ORIENTED_EDGE('',*,*,#5217,.T.);
#5217 = EDGE_CURVE('',#5209,#5218,#5220,.T.);
#5218 = VERTEX_POINT('',#5219);
#5219 = CARTESIAN_POINT('',(6.162230377286,-0.35,-0.540767924286));
#5220 = LINE('',#5221,#5222);
#5221 = CARTESIAN_POINT('',(6.45,-0.35,-1.5));
#5222 = VECTOR('',#5223,1.);
#5223 = DIRECTION('',(-0.287347885566,-5.31700397722E-16,0.957826285221)
  );
#5224 = ORIENTED_EDGE('',*,*,#5225,.F.);
#5225 = EDGE_CURVE('',#5226,#5218,#5228,.T.);
#5226 = VERTEX_POINT('',#5227);
#5227 = CARTESIAN_POINT('',(6.15,-0.35,-0.457437037472));
#5228 = CIRCLE('',#5229,0.29);
#5229 = AXIS2_PLACEMENT_3D('',#5230,#5231,#5232);
#5230 = CARTESIAN_POINT('',(6.44,-0.35,-0.457437037472));
#5231 = DIRECTION('',(0.,-1.,-3.330669073875E-16));
#5232 = DIRECTION('',(0.,-3.330669073875E-16,1.));
#5233 = ORIENTED_EDGE('',*,*,#5234,.F.);
#5234 = EDGE_CURVE('',#3821,#5226,#5235,.T.);
#5235 = LINE('',#5236,#5237);
#5236 = CARTESIAN_POINT('',(6.15,-0.35,1.5));
#5237 = VECTOR('',#5238,1.);
#5238 = DIRECTION('',(0.,5.551115123126E-16,-1.));
#5239 = ORIENTED_EDGE('',*,*,#3820,.F.);
#5240 = ORIENTED_EDGE('',*,*,#5241,.F.);
#5241 = EDGE_CURVE('',#5242,#3813,#5244,.T.);
#5242 = VERTEX_POINT('',#5243);
#5243 = CARTESIAN_POINT('',(6.16,-0.35,1.5));
#5244 = LINE('',#5245,#5246);
#5245 = CARTESIAN_POINT('',(6.45,-0.35,1.5));
#5246 = VECTOR('',#5247,1.);
#5247 = DIRECTION('',(-1.,-0.,0.));
#5248 = ORIENTED_EDGE('',*,*,#5249,.F.);
#5249 = EDGE_CURVE('',#5250,#5242,#5252,.T.);
#5250 = VERTEX_POINT('',#5251);
#5251 = CARTESIAN_POINT('',(6.45,-0.35,1.21));
#5252 = CIRCLE('',#5253,0.29);
#5253 = AXIS2_PLACEMENT_3D('',#5254,#5255,#5256);
#5254 = CARTESIAN_POINT('',(6.16,-0.35,1.21));
#5255 = DIRECTION('',(0.,-1.,-3.330669073875E-16));
#5256 = DIRECTION('',(0.,-3.330669073875E-16,1.));
#5257 = ORIENTED_EDGE('',*,*,#5258,.F.);
#5258 = EDGE_CURVE('',#5259,#5250,#5261,.T.);
#5259 = VERTEX_POINT('',#5260);
#5260 = CARTESIAN_POINT('',(6.45,-0.35,-0.457437037472));
#5261 = LINE('',#5262,#5263);
#5262 = CARTESIAN_POINT('',(6.45,-0.35,-0.5));
#5263 = VECTOR('',#5264,1.);
#5264 = DIRECTION('',(0.,-5.551115123126E-16,1.));
#5265 = ORIENTED_EDGE('',*,*,#5266,.F.);
#5266 = EDGE_CURVE('',#5132,#5259,#5267,.T.);
#5267 = CIRCLE('',#5268,0.29);
#5268 = AXIS2_PLACEMENT_3D('',#5269,#5270,#5271);
#5269 = CARTESIAN_POINT('',(6.74,-0.35,-0.457437037472));
#5270 = DIRECTION('',(-0.,1.,3.330669073875E-16));
#5271 = DIRECTION('',(0.,-3.330669073875E-16,1.));
#5272 = PLANE('',#5273);
#5273 = AXIS2_PLACEMENT_3D('',#5274,#5275,#5276);
#5274 = CARTESIAN_POINT('',(6.45,-0.35,-0.5));
#5275 = DIRECTION('',(1.64346021921E-31,1.,5.551115123126E-16));
#5276 = DIRECTION('',(0.,-5.551115123126E-16,1.));
#5277 = ADVANCED_FACE('',(#5278),#5289,.T.);
#5278 = FACE_BOUND('',#5279,.T.);
#5279 = EDGE_LOOP('',(#5280,#5281,#5287,#5288));
#5280 = ORIENTED_EDGE('',*,*,#5241,.F.);
#5281 = ORIENTED_EDGE('',*,*,#5282,.T.);
#5282 = EDGE_CURVE('',#5242,#5092,#5283,.T.);
#5283 = LINE('',#5284,#5285);
#5284 = CARTESIAN_POINT('',(6.16,-0.35,1.5));
#5285 = VECTOR('',#5286,1.);
#5286 = DIRECTION('',(0.,1.,3.330669073875E-16));
#5287 = ORIENTED_EDGE('',*,*,#5091,.T.);
#5288 = ORIENTED_EDGE('',*,*,#3812,.F.);
#5289 = PLANE('',#5290);
#5290 = AXIS2_PLACEMENT_3D('',#5291,#5292,#5293);
#5291 = CARTESIAN_POINT('',(6.45,-0.35,1.5));
#5292 = DIRECTION('',(0.,-3.330669073875E-16,1.));
#5293 = DIRECTION('',(-1.,0.,0.));
#5294 = ADVANCED_FACE('',(#5295),#5298,.F.);
#5295 = FACE_BOUND('',#5296,.F.);
#5296 = EDGE_LOOP('',(#5297));
#5297 = ORIENTED_EDGE('',*,*,#3952,.F.);
#5298 = PLANE('',#5299);
#5299 = AXIS2_PLACEMENT_3D('',#5300,#5301,#5302);
#5300 = CARTESIAN_POINT('',(4.9,-2.25,4.3));
#5301 = DIRECTION('',(0.,0.,-1.));
#5302 = DIRECTION('',(-1.,0.,0.));
#5303 = ADVANCED_FACE('',(#5304),#5315,.F.);
#5304 = FACE_BOUND('',#5305,.F.);
#5305 = EDGE_LOOP('',(#5306,#5307,#5308,#5309));
#5306 = ORIENTED_EDGE('',*,*,#4450,.F.);
#5307 = ORIENTED_EDGE('',*,*,#3989,.F.);
#5308 = ORIENTED_EDGE('',*,*,#4600,.T.);
#5309 = ORIENTED_EDGE('',*,*,#5310,.F.);
#5310 = EDGE_CURVE('',#4442,#4592,#5311,.T.);
#5311 = LINE('',#5312,#5313);
#5312 = CARTESIAN_POINT('',(0.15,-4.85,-0.457437037472));
#5313 = VECTOR('',#5314,1.);
#5314 = DIRECTION('',(0.,1.,3.330669073875E-16));
#5315 = PLANE('',#5316);
#5316 = AXIS2_PLACEMENT_3D('',#5317,#5318,#5319);
#5317 = CARTESIAN_POINT('',(0.15,-4.85,1.5));
#5318 = DIRECTION('',(-1.,0.,-0.));
#5319 = DIRECTION('',(0.,5.551115123126E-16,-1.));
#5320 = ADVANCED_FACE('',(#5321),#5332,.T.);
#5321 = FACE_BOUND('',#5322,.T.);
#5322 = EDGE_LOOP('',(#5323,#5324,#5325,#5326));
#5323 = ORIENTED_EDGE('',*,*,#4767,.F.);
#5324 = ORIENTED_EDGE('',*,*,#4014,.T.);
#5325 = ORIENTED_EDGE('',*,*,#4941,.T.);
#5326 = ORIENTED_EDGE('',*,*,#5327,.F.);
#5327 = EDGE_CURVE('',#4759,#4933,#5328,.T.);
#5328 = LINE('',#5329,#5330);
#5329 = CARTESIAN_POINT('',(6.15,-4.85,-0.457437037472));
#5330 = VECTOR('',#5331,1.);
#5331 = DIRECTION('',(0.,1.,3.330669073875E-16));
#5332 = PLANE('',#5333);
#5333 = AXIS2_PLACEMENT_3D('',#5334,#5335,#5336);
#5334 = CARTESIAN_POINT('',(6.15,-4.85,1.5));
#5335 = DIRECTION('',(-1.,0.,-0.));
#5336 = DIRECTION('',(0.,5.551115123126E-16,-1.));
#5337 = ADVANCED_FACE('',(#5338),#5349,.F.);
#5338 = FACE_BOUND('',#5339,.F.);
#5339 = EDGE_LOOP('',(#5340,#5341,#5342,#5343));
#5340 = ORIENTED_EDGE('',*,*,#4307,.F.);
#5341 = ORIENTED_EDGE('',*,*,#3996,.F.);
#5342 = ORIENTED_EDGE('',*,*,#4133,.T.);
#5343 = ORIENTED_EDGE('',*,*,#5344,.F.);
#5344 = EDGE_CURVE('',#4299,#4125,#5345,.T.);
#5345 = LINE('',#5346,#5347);
#5346 = CARTESIAN_POINT('',(0.15,-0.35,-0.457437037472));
#5347 = VECTOR('',#5348,1.);
#5348 = DIRECTION('',(0.,1.,3.330669073875E-16));
#5349 = PLANE('',#5350);
#5350 = AXIS2_PLACEMENT_3D('',#5351,#5352,#5353);
#5351 = CARTESIAN_POINT('',(0.15,-0.35,1.5));
#5352 = DIRECTION('',(-1.,0.,-0.));
#5353 = DIRECTION('',(0.,5.551115123126E-16,-1.));
#5354 = ADVANCED_FACE('',(#5355),#5366,.T.);
#5355 = FACE_BOUND('',#5356,.T.);
#5356 = EDGE_LOOP('',(#5357,#5358,#5359,#5360));
#5357 = ORIENTED_EDGE('',*,*,#5234,.F.);
#5358 = ORIENTED_EDGE('',*,*,#4007,.T.);
#5359 = ORIENTED_EDGE('',*,*,#5084,.T.);
#5360 = ORIENTED_EDGE('',*,*,#5361,.F.);
#5361 = EDGE_CURVE('',#5226,#5076,#5362,.T.);
#5362 = LINE('',#5363,#5364);
#5363 = CARTESIAN_POINT('',(6.15,-0.35,-0.457437037472));
#5364 = VECTOR('',#5365,1.);
#5365 = DIRECTION('',(0.,1.,3.330669073875E-16));
#5366 = PLANE('',#5367);
#5367 = AXIS2_PLACEMENT_3D('',#5368,#5369,#5370);
#5368 = CARTESIAN_POINT('',(6.15,-0.35,1.5));
#5369 = DIRECTION('',(-1.,0.,-0.));
#5370 = DIRECTION('',(0.,5.551115123126E-16,-1.));
#5371 = ADVANCED_FACE('',(#5372),#5388,.T.);
#5372 = FACE_BOUND('',#5373,.T.);
#5373 = EDGE_LOOP('',(#5374,#5375,#5381,#5382));
#5374 = ORIENTED_EDGE('',*,*,#4204,.F.);
#5375 = ORIENTED_EDGE('',*,*,#5376,.T.);
#5376 = EDGE_CURVE('',#4205,#4031,#5377,.T.);
#5377 = LINE('',#5378,#5379);
#5378 = CARTESIAN_POINT('',(-0.162230377286,-0.35,-0.540767924286));
#5379 = VECTOR('',#5380,1.);
#5380 = DIRECTION('',(0.,1.,3.330669073875E-16));
#5381 = ORIENTED_EDGE('',*,*,#4030,.T.);
#5382 = ORIENTED_EDGE('',*,*,#5383,.F.);
#5383 = EDGE_CURVE('',#4207,#4033,#5384,.T.);
#5384 = LINE('',#5385,#5386);
#5385 = CARTESIAN_POINT('',(-0.425000733956,-0.35,-1.416669113186));
#5386 = VECTOR('',#5387,1.);
#5387 = DIRECTION('',(0.,1.,3.330669073875E-16));
#5388 = PLANE('',#5389);
#5389 = AXIS2_PLACEMENT_3D('',#5390,#5391,#5392);
#5390 = CARTESIAN_POINT('',(-0.15,-0.35,-0.5));
#5391 = DIRECTION('',(-0.957826285221,-9.570607158995E-17,0.287347885566
    ));
#5392 = DIRECTION('',(-0.287347885566,5.31700397722E-16,-0.957826285221)
  );
#5393 = ADVANCED_FACE('',(#5394),#5405,.F.);
#5394 = FACE_BOUND('',#5395,.F.);
#5395 = EDGE_LOOP('',(#5396,#5397,#5398,#5404));
#5396 = ORIENTED_EDGE('',*,*,#5376,.T.);
#5397 = ORIENTED_EDGE('',*,*,#4165,.T.);
#5398 = ORIENTED_EDGE('',*,*,#5399,.F.);
#5399 = EDGE_CURVE('',#4325,#4158,#5400,.T.);
#5400 = LINE('',#5401,#5402);
#5401 = CARTESIAN_POINT('',(-0.15,-0.35,-0.457437037472));
#5402 = VECTOR('',#5403,1.);
#5403 = DIRECTION('',(0.,1.,3.330669073875E-16));
#5404 = ORIENTED_EDGE('',*,*,#4332,.F.);
#5405 = CYLINDRICAL_SURFACE('',#5406,0.29);
#5406 = AXIS2_PLACEMENT_3D('',#5407,#5408,#5409);
#5407 = CARTESIAN_POINT('',(-0.44,-0.35,-0.457437037472));
#5408 = DIRECTION('',(0.,1.,3.330669073875E-16));
#5409 = DIRECTION('',(0.957826285221,9.570607158983E-17,-0.287347885566)
  );
#5410 = ADVANCED_FACE('',(#5411),#5422,.T.);
#5411 = FACE_BOUND('',#5412,.T.);
#5412 = EDGE_LOOP('',(#5413,#5414,#5415,#5421));
#5413 = ORIENTED_EDGE('',*,*,#5383,.T.);
#5414 = ORIENTED_EDGE('',*,*,#4040,.T.);
#5415 = ORIENTED_EDGE('',*,*,#5416,.F.);
#5416 = EDGE_CURVE('',#4215,#4041,#5417,.T.);
#5417 = LINE('',#5418,#5419);
#5418 = CARTESIAN_POINT('',(-0.425000733956,-0.35,-1.583330886814));
#5419 = VECTOR('',#5420,1.);
#5420 = DIRECTION('',(0.,1.,3.330669073875E-16));
#5421 = ORIENTED_EDGE('',*,*,#4214,.F.);
#5422 = CYLINDRICAL_SURFACE('',#5423,0.29);
#5423 = AXIS2_PLACEMENT_3D('',#5424,#5425,#5426);
#5424 = CARTESIAN_POINT('',(-0.147231111242,-0.35,-1.5));
#5425 = DIRECTION('',(0.,1.,3.330669073875E-16));
#5426 = DIRECTION('',(-0.957826285221,-9.570607158983E-17,0.287347885566
    ));
#5427 = ADVANCED_FACE('',(#5428),#5439,.F.);
#5428 = FACE_BOUND('',#5429,.F.);
#5429 = EDGE_LOOP('',(#5430,#5431,#5432,#5433));
#5430 = ORIENTED_EDGE('',*,*,#4324,.F.);
#5431 = ORIENTED_EDGE('',*,*,#5399,.T.);
#5432 = ORIENTED_EDGE('',*,*,#4157,.T.);
#5433 = ORIENTED_EDGE('',*,*,#5434,.F.);
#5434 = EDGE_CURVE('',#4316,#4149,#5435,.T.);
#5435 = LINE('',#5436,#5437);
#5436 = CARTESIAN_POINT('',(-0.15,-0.35,1.21));
#5437 = VECTOR('',#5438,1.);
#5438 = DIRECTION('',(0.,1.,3.330669073875E-16));
#5439 = PLANE('',#5440);
#5440 = AXIS2_PLACEMENT_3D('',#5441,#5442,#5443);
#5441 = CARTESIAN_POINT('',(-0.15,-0.35,-0.5));
#5442 = DIRECTION('',(1.,0.,0.));
#5443 = DIRECTION('',(0.,-5.551115123126E-16,1.));
#5444 = ADVANCED_FACE('',(#5445),#5456,.T.);
#5445 = FACE_BOUND('',#5446,.T.);
#5446 = EDGE_LOOP('',(#5447,#5448,#5449,#5450));
#5447 = ORIENTED_EDGE('',*,*,#4223,.F.);
#5448 = ORIENTED_EDGE('',*,*,#5416,.T.);
#5449 = ORIENTED_EDGE('',*,*,#4049,.T.);
#5450 = ORIENTED_EDGE('',*,*,#5451,.F.);
#5451 = EDGE_CURVE('',#4224,#4050,#5452,.T.);
#5452 = LINE('',#5453,#5454);
#5453 = CARTESIAN_POINT('',(-0.162230377286,-0.35,-2.459232075714));
#5454 = VECTOR('',#5455,1.);
#5455 = DIRECTION('',(0.,1.,3.330669073875E-16));
#5456 = PLANE('',#5457);
#5457 = AXIS2_PLACEMENT_3D('',#5458,#5459,#5460);
#5458 = CARTESIAN_POINT('',(-0.45,-0.35,-1.5));
#5459 = DIRECTION('',(-0.957826285221,9.570607158995E-17,-0.287347885566
    ));
#5460 = DIRECTION('',(0.287347885566,5.31700397722E-16,-0.957826285221)
  );
#5461 = ADVANCED_FACE('',(#5462),#5468,.T.);
#5462 = FACE_BOUND('',#5463,.T.);
#5463 = EDGE_LOOP('',(#5464,#5465,#5466,#5467));
#5464 = ORIENTED_EDGE('',*,*,#4315,.T.);
#5465 = ORIENTED_EDGE('',*,*,#4188,.T.);
#5466 = ORIENTED_EDGE('',*,*,#4148,.F.);
#5467 = ORIENTED_EDGE('',*,*,#5434,.F.);
#5468 = CYLINDRICAL_SURFACE('',#5469,0.29);
#5469 = AXIS2_PLACEMENT_3D('',#5470,#5471,#5472);
#5470 = CARTESIAN_POINT('',(0.14,-0.35,1.21));
#5471 = DIRECTION('',(0.,1.,3.330669073875E-16));
#5472 = DIRECTION('',(-1.,0.,0.));
#5473 = ADVANCED_FACE('',(#5474),#5485,.F.);
#5474 = FACE_BOUND('',#5475,.F.);
#5475 = EDGE_LOOP('',(#5476,#5482,#5483,#5484));
#5476 = ORIENTED_EDGE('',*,*,#5477,.T.);
#5477 = EDGE_CURVE('',#4232,#4058,#5478,.T.);
#5478 = LINE('',#5479,#5480);
#5479 = CARTESIAN_POINT('',(-0.15,-0.35,-2.542562962528));
#5480 = VECTOR('',#5481,1.);
#5481 = DIRECTION('',(0.,1.,3.330669073875E-16));
#5482 = ORIENTED_EDGE('',*,*,#4057,.T.);
#5483 = ORIENTED_EDGE('',*,*,#5451,.F.);
#5484 = ORIENTED_EDGE('',*,*,#4231,.F.);
#5485 = CYLINDRICAL_SURFACE('',#5486,0.29);
#5486 = AXIS2_PLACEMENT_3D('',#5487,#5488,#5489);
#5487 = CARTESIAN_POINT('',(-0.44,-0.35,-2.542562962528));
#5488 = DIRECTION('',(0.,1.,3.330669073875E-16));
#5489 = DIRECTION('',(1.,0.,-0.));
#5490 = ADVANCED_FACE('',(#5491),#5502,.F.);
#5491 = FACE_BOUND('',#5492,.F.);
#5492 = EDGE_LOOP('',(#5493,#5494,#5500,#5501));
#5493 = ORIENTED_EDGE('',*,*,#4240,.F.);
#5494 = ORIENTED_EDGE('',*,*,#5495,.T.);
#5495 = EDGE_CURVE('',#4241,#4067,#5496,.T.);
#5496 = LINE('',#5497,#5498);
#5497 = CARTESIAN_POINT('',(-0.15,-0.35,-3.5));
#5498 = VECTOR('',#5499,1.);
#5499 = DIRECTION('',(0.,1.,3.330669073875E-16));
#5500 = ORIENTED_EDGE('',*,*,#4066,.T.);
#5501 = ORIENTED_EDGE('',*,*,#5477,.F.);
#5502 = PLANE('',#5503);
#5503 = AXIS2_PLACEMENT_3D('',#5504,#5505,#5506);
#5504 = CARTESIAN_POINT('',(-0.15,-0.35,-3.5));
#5505 = DIRECTION('',(1.,0.,0.));
#5506 = DIRECTION('',(0.,-5.551115123126E-16,1.));
#5507 = ADVANCED_FACE('',(#5508),#5519,.F.);
#5508 = FACE_BOUND('',#5509,.F.);
#5509 = EDGE_LOOP('',(#5510,#5516,#5517,#5518));
#5510 = ORIENTED_EDGE('',*,*,#5511,.T.);
#5511 = EDGE_CURVE('',#4249,#4075,#5512,.T.);
#5512 = LINE('',#5513,#5514);
#5513 = CARTESIAN_POINT('',(0.15,-0.35,-3.5));
#5514 = VECTOR('',#5515,1.);
#5515 = DIRECTION('',(0.,1.,3.330669073875E-16));
#5516 = ORIENTED_EDGE('',*,*,#4074,.T.);
#5517 = ORIENTED_EDGE('',*,*,#5495,.F.);
#5518 = ORIENTED_EDGE('',*,*,#4248,.F.);
#5519 = PLANE('',#5520);
#5520 = AXIS2_PLACEMENT_3D('',#5521,#5522,#5523);
#5521 = CARTESIAN_POINT('',(0.15,-0.35,-3.5));
#5522 = DIRECTION('',(0.,-3.330669073875E-16,1.));
#5523 = DIRECTION('',(-1.,0.,0.));
#5524 = ADVANCED_FACE('',(#5525),#5536,.F.);
#5525 = FACE_BOUND('',#5526,.F.);
#5526 = EDGE_LOOP('',(#5527,#5528,#5534,#5535));
#5527 = ORIENTED_EDGE('',*,*,#4256,.F.);
#5528 = ORIENTED_EDGE('',*,*,#5529,.T.);
#5529 = EDGE_CURVE('',#4257,#4083,#5530,.T.);
#5530 = LINE('',#5531,#5532);
#5531 = CARTESIAN_POINT('',(0.15,-0.35,-2.542562962528));
#5532 = VECTOR('',#5533,1.);
#5533 = DIRECTION('',(0.,1.,3.330669073875E-16));
#5534 = ORIENTED_EDGE('',*,*,#4082,.T.);
#5535 = ORIENTED_EDGE('',*,*,#5511,.F.);
#5536 = PLANE('',#5537);
#5537 = AXIS2_PLACEMENT_3D('',#5538,#5539,#5540);
#5538 = CARTESIAN_POINT('',(0.15,-0.35,-2.5));
#5539 = DIRECTION('',(-1.,0.,-0.));
#5540 = DIRECTION('',(0.,5.551115123126E-16,-1.));
#5541 = ADVANCED_FACE('',(#5542),#5553,.T.);
#5542 = FACE_BOUND('',#5543,.T.);
#5543 = EDGE_LOOP('',(#5544,#5545,#5551,#5552));
#5544 = ORIENTED_EDGE('',*,*,#4298,.T.);
#5545 = ORIENTED_EDGE('',*,*,#5546,.T.);
#5546 = EDGE_CURVE('',#4291,#4117,#5547,.T.);
#5547 = LINE('',#5548,#5549);
#5548 = CARTESIAN_POINT('',(0.137769622714,-0.35,-0.540767924286));
#5549 = VECTOR('',#5550,1.);
#5550 = DIRECTION('',(0.,1.,3.330669073875E-16));
#5551 = ORIENTED_EDGE('',*,*,#4124,.F.);
#5552 = ORIENTED_EDGE('',*,*,#5344,.F.);
#5553 = CYLINDRICAL_SURFACE('',#5554,0.29);
#5554 = AXIS2_PLACEMENT_3D('',#5555,#5556,#5557);
#5555 = CARTESIAN_POINT('',(-0.14,-0.35,-0.457437037472));
#5556 = DIRECTION('',(0.,1.,3.330669073875E-16));
#5557 = DIRECTION('',(1.,0.,-0.));
#5558 = ADVANCED_FACE('',(#5559),#5570,.T.);
#5559 = FACE_BOUND('',#5560,.T.);
#5560 = EDGE_LOOP('',(#5561,#5562,#5563,#5564));
#5561 = ORIENTED_EDGE('',*,*,#4264,.T.);
#5562 = ORIENTED_EDGE('',*,*,#5529,.T.);
#5563 = ORIENTED_EDGE('',*,*,#4090,.F.);
#5564 = ORIENTED_EDGE('',*,*,#5565,.F.);
#5565 = EDGE_CURVE('',#4265,#4091,#5566,.T.);
#5566 = LINE('',#5567,#5568);
#5567 = CARTESIAN_POINT('',(0.137769622714,-0.35,-2.459232075714));
#5568 = VECTOR('',#5569,1.);
#5569 = DIRECTION('',(0.,1.,3.330669073875E-16));
#5570 = CYLINDRICAL_SURFACE('',#5571,0.29);
#5571 = AXIS2_PLACEMENT_3D('',#5572,#5573,#5574);
#5572 = CARTESIAN_POINT('',(-0.14,-0.35,-2.542562962528));
#5573 = DIRECTION('',(0.,1.,3.330669073875E-16));
#5574 = DIRECTION('',(0.957826285221,-9.570607158983E-17,0.287347885566)
  );
#5575 = ADVANCED_FACE('',(#5576),#5587,.T.);
#5576 = FACE_BOUND('',#5577,.T.);
#5577 = EDGE_LOOP('',(#5578,#5579,#5585,#5586));
#5578 = ORIENTED_EDGE('',*,*,#4290,.F.);
#5579 = ORIENTED_EDGE('',*,*,#5580,.T.);
#5580 = EDGE_CURVE('',#4282,#4108,#5581,.T.);
#5581 = LINE('',#5582,#5583);
#5582 = CARTESIAN_POINT('',(-0.125000733956,-0.35,-1.416669113186));
#5583 = VECTOR('',#5584,1.);
#5584 = DIRECTION('',(0.,1.,3.330669073875E-16));
#5585 = ORIENTED_EDGE('',*,*,#4116,.T.);
#5586 = ORIENTED_EDGE('',*,*,#5546,.F.);
#5587 = PLANE('',#5588);
#5588 = AXIS2_PLACEMENT_3D('',#5589,#5590,#5591);
#5589 = CARTESIAN_POINT('',(-0.15,-0.35,-1.5));
#5590 = DIRECTION('',(0.957826285221,9.570607158995E-17,-0.287347885566)
  );
#5591 = DIRECTION('',(0.287347885566,-5.31700397722E-16,0.957826285221)
  );
#5592 = ADVANCED_FACE('',(#5593),#5604,.T.);
#5593 = FACE_BOUND('',#5594,.T.);
#5594 = EDGE_LOOP('',(#5595,#5596,#5597,#5598));
#5595 = ORIENTED_EDGE('',*,*,#4273,.F.);
#5596 = ORIENTED_EDGE('',*,*,#5565,.T.);
#5597 = ORIENTED_EDGE('',*,*,#4099,.T.);
#5598 = ORIENTED_EDGE('',*,*,#5599,.F.);
#5599 = EDGE_CURVE('',#4274,#4100,#5600,.T.);
#5600 = LINE('',#5601,#5602);
#5601 = CARTESIAN_POINT('',(-0.125000733956,-0.35,-1.583330886814));
#5602 = VECTOR('',#5603,1.);
#5603 = DIRECTION('',(0.,1.,3.330669073875E-16));
#5604 = PLANE('',#5605);
#5605 = AXIS2_PLACEMENT_3D('',#5606,#5607,#5608);
#5606 = CARTESIAN_POINT('',(0.15,-0.35,-2.5));
#5607 = DIRECTION('',(0.957826285221,-9.570607158995E-17,0.287347885566)
  );
#5608 = DIRECTION('',(-0.287347885566,-5.31700397722E-16,0.957826285221)
  );
#5609 = ADVANCED_FACE('',(#5610),#5616,.F.);
#5610 = FACE_BOUND('',#5611,.F.);
#5611 = EDGE_LOOP('',(#5612,#5613,#5614,#5615));
#5612 = ORIENTED_EDGE('',*,*,#5580,.T.);
#5613 = ORIENTED_EDGE('',*,*,#4107,.T.);
#5614 = ORIENTED_EDGE('',*,*,#5599,.F.);
#5615 = ORIENTED_EDGE('',*,*,#4281,.F.);
#5616 = CYLINDRICAL_SURFACE('',#5617,0.29);
#5617 = AXIS2_PLACEMENT_3D('',#5618,#5619,#5620);
#5618 = CARTESIAN_POINT('',(0.152768888758,-0.35,-1.5));
#5619 = DIRECTION('',(0.,1.,3.330669073875E-16));
#5620 = DIRECTION('',(-0.957826285221,-9.570607158983E-17,0.287347885566
    ));
#5621 = ADVANCED_FACE('',(#5622),#5638,.T.);
#5622 = FACE_BOUND('',#5623,.T.);
#5623 = EDGE_LOOP('',(#5624,#5625,#5631,#5632));
#5624 = ORIENTED_EDGE('',*,*,#4347,.F.);
#5625 = ORIENTED_EDGE('',*,*,#5626,.T.);
#5626 = EDGE_CURVE('',#4348,#4498,#5627,.T.);
#5627 = LINE('',#5628,#5629);
#5628 = CARTESIAN_POINT('',(-0.162230377286,-4.85,-0.540767924286));
#5629 = VECTOR('',#5630,1.);
#5630 = DIRECTION('',(0.,1.,3.330669073875E-16));
#5631 = ORIENTED_EDGE('',*,*,#4497,.T.);
#5632 = ORIENTED_EDGE('',*,*,#5633,.F.);
#5633 = EDGE_CURVE('',#4350,#4500,#5634,.T.);
#5634 = LINE('',#5635,#5636);
#5635 = CARTESIAN_POINT('',(-0.425000733956,-4.85,-1.416669113186));
#5636 = VECTOR('',#5637,1.);
#5637 = DIRECTION('',(0.,1.,3.330669073875E-16));
#5638 = PLANE('',#5639);
#5639 = AXIS2_PLACEMENT_3D('',#5640,#5641,#5642);
#5640 = CARTESIAN_POINT('',(-0.15,-4.85,-0.5));
#5641 = DIRECTION('',(-0.957826285221,-9.570607158995E-17,0.287347885566
    ));
#5642 = DIRECTION('',(-0.287347885566,5.31700397722E-16,-0.957826285221)
  );
#5643 = ADVANCED_FACE('',(#5644),#5655,.F.);
#5644 = FACE_BOUND('',#5645,.F.);
#5645 = EDGE_LOOP('',(#5646,#5647,#5648,#5654));
#5646 = ORIENTED_EDGE('',*,*,#5626,.T.);
#5647 = ORIENTED_EDGE('',*,*,#4632,.T.);
#5648 = ORIENTED_EDGE('',*,*,#5649,.F.);
#5649 = EDGE_CURVE('',#4475,#4625,#5650,.T.);
#5650 = LINE('',#5651,#5652);
#5651 = CARTESIAN_POINT('',(-0.15,-4.85,-0.457437037472));
#5652 = VECTOR('',#5653,1.);
#5653 = DIRECTION('',(0.,1.,3.330669073875E-16));
#5654 = ORIENTED_EDGE('',*,*,#4482,.F.);
#5655 = CYLINDRICAL_SURFACE('',#5656,0.29);
#5656 = AXIS2_PLACEMENT_3D('',#5657,#5658,#5659);
#5657 = CARTESIAN_POINT('',(-0.44,-4.85,-0.457437037472));
#5658 = DIRECTION('',(0.,1.,3.330669073875E-16));
#5659 = DIRECTION('',(0.957826285221,9.570607158983E-17,-0.287347885566)
  );
#5660 = ADVANCED_FACE('',(#5661),#5672,.T.);
#5661 = FACE_BOUND('',#5662,.T.);
#5662 = EDGE_LOOP('',(#5663,#5664,#5665,#5671));
#5663 = ORIENTED_EDGE('',*,*,#5633,.T.);
#5664 = ORIENTED_EDGE('',*,*,#4507,.T.);
#5665 = ORIENTED_EDGE('',*,*,#5666,.F.);
#5666 = EDGE_CURVE('',#4358,#4508,#5667,.T.);
#5667 = LINE('',#5668,#5669);
#5668 = CARTESIAN_POINT('',(-0.425000733956,-4.85,-1.583330886814));
#5669 = VECTOR('',#5670,1.);
#5670 = DIRECTION('',(0.,1.,3.330669073875E-16));
#5671 = ORIENTED_EDGE('',*,*,#4357,.F.);
#5672 = CYLINDRICAL_SURFACE('',#5673,0.29);
#5673 = AXIS2_PLACEMENT_3D('',#5674,#5675,#5676);
#5674 = CARTESIAN_POINT('',(-0.147231111242,-4.85,-1.5));
#5675 = DIRECTION('',(0.,1.,3.330669073875E-16));
#5676 = DIRECTION('',(-0.957826285221,-9.570607158983E-17,0.287347885566
    ));
#5677 = ADVANCED_FACE('',(#5678),#5689,.F.);
#5678 = FACE_BOUND('',#5679,.F.);
#5679 = EDGE_LOOP('',(#5680,#5681,#5682,#5683));
#5680 = ORIENTED_EDGE('',*,*,#4474,.F.);
#5681 = ORIENTED_EDGE('',*,*,#5649,.T.);
#5682 = ORIENTED_EDGE('',*,*,#4624,.T.);
#5683 = ORIENTED_EDGE('',*,*,#5684,.F.);
#5684 = EDGE_CURVE('',#4466,#4616,#5685,.T.);
#5685 = LINE('',#5686,#5687);
#5686 = CARTESIAN_POINT('',(-0.15,-4.85,1.21));
#5687 = VECTOR('',#5688,1.);
#5688 = DIRECTION('',(0.,1.,3.330669073875E-16));
#5689 = PLANE('',#5690);
#5690 = AXIS2_PLACEMENT_3D('',#5691,#5692,#5693);
#5691 = CARTESIAN_POINT('',(-0.15,-4.85,-0.5));
#5692 = DIRECTION('',(1.,0.,0.));
#5693 = DIRECTION('',(0.,-5.551115123126E-16,1.));
#5694 = ADVANCED_FACE('',(#5695),#5706,.T.);
#5695 = FACE_BOUND('',#5696,.T.);
#5696 = EDGE_LOOP('',(#5697,#5698,#5699,#5700));
#5697 = ORIENTED_EDGE('',*,*,#4366,.F.);
#5698 = ORIENTED_EDGE('',*,*,#5666,.T.);
#5699 = ORIENTED_EDGE('',*,*,#4516,.T.);
#5700 = ORIENTED_EDGE('',*,*,#5701,.F.);
#5701 = EDGE_CURVE('',#4367,#4517,#5702,.T.);
#5702 = LINE('',#5703,#5704);
#5703 = CARTESIAN_POINT('',(-0.162230377286,-4.85,-2.459232075714));
#5704 = VECTOR('',#5705,1.);
#5705 = DIRECTION('',(0.,1.,3.330669073875E-16));
#5706 = PLANE('',#5707);
#5707 = AXIS2_PLACEMENT_3D('',#5708,#5709,#5710);
#5708 = CARTESIAN_POINT('',(-0.45,-4.85,-1.5));
#5709 = DIRECTION('',(-0.957826285221,9.570607158995E-17,-0.287347885566
    ));
#5710 = DIRECTION('',(0.287347885566,5.31700397722E-16,-0.957826285221)
  );
#5711 = ADVANCED_FACE('',(#5712),#5718,.T.);
#5712 = FACE_BOUND('',#5713,.T.);
#5713 = EDGE_LOOP('',(#5714,#5715,#5716,#5717));
#5714 = ORIENTED_EDGE('',*,*,#4465,.T.);
#5715 = ORIENTED_EDGE('',*,*,#4648,.T.);
#5716 = ORIENTED_EDGE('',*,*,#4615,.F.);
#5717 = ORIENTED_EDGE('',*,*,#5684,.F.);
#5718 = CYLINDRICAL_SURFACE('',#5719,0.29);
#5719 = AXIS2_PLACEMENT_3D('',#5720,#5721,#5722);
#5720 = CARTESIAN_POINT('',(0.14,-4.85,1.21));
#5721 = DIRECTION('',(0.,1.,3.330669073875E-16));
#5722 = DIRECTION('',(-1.,0.,0.));
#5723 = ADVANCED_FACE('',(#5724),#5735,.F.);
#5724 = FACE_BOUND('',#5725,.F.);
#5725 = EDGE_LOOP('',(#5726,#5732,#5733,#5734));
#5726 = ORIENTED_EDGE('',*,*,#5727,.T.);
#5727 = EDGE_CURVE('',#4375,#4525,#5728,.T.);
#5728 = LINE('',#5729,#5730);
#5729 = CARTESIAN_POINT('',(-0.15,-4.85,-2.542562962528));
#5730 = VECTOR('',#5731,1.);
#5731 = DIRECTION('',(0.,1.,3.330669073875E-16));
#5732 = ORIENTED_EDGE('',*,*,#4524,.T.);
#5733 = ORIENTED_EDGE('',*,*,#5701,.F.);
#5734 = ORIENTED_EDGE('',*,*,#4374,.F.);
#5735 = CYLINDRICAL_SURFACE('',#5736,0.29);
#5736 = AXIS2_PLACEMENT_3D('',#5737,#5738,#5739);
#5737 = CARTESIAN_POINT('',(-0.44,-4.85,-2.542562962528));
#5738 = DIRECTION('',(0.,1.,3.330669073875E-16));
#5739 = DIRECTION('',(1.,0.,-0.));
#5740 = ADVANCED_FACE('',(#5741),#5752,.F.);
#5741 = FACE_BOUND('',#5742,.F.);
#5742 = EDGE_LOOP('',(#5743,#5744,#5750,#5751));
#5743 = ORIENTED_EDGE('',*,*,#4383,.F.);
#5744 = ORIENTED_EDGE('',*,*,#5745,.T.);
#5745 = EDGE_CURVE('',#4384,#4534,#5746,.T.);
#5746 = LINE('',#5747,#5748);
#5747 = CARTESIAN_POINT('',(-0.15,-4.85,-3.5));
#5748 = VECTOR('',#5749,1.);
#5749 = DIRECTION('',(0.,1.,3.330669073875E-16));
#5750 = ORIENTED_EDGE('',*,*,#4533,.T.);
#5751 = ORIENTED_EDGE('',*,*,#5727,.F.);
#5752 = PLANE('',#5753);
#5753 = AXIS2_PLACEMENT_3D('',#5754,#5755,#5756);
#5754 = CARTESIAN_POINT('',(-0.15,-4.85,-3.5));
#5755 = DIRECTION('',(1.,0.,0.));
#5756 = DIRECTION('',(0.,-5.551115123126E-16,1.));
#5757 = ADVANCED_FACE('',(#5758),#5769,.F.);
#5758 = FACE_BOUND('',#5759,.F.);
#5759 = EDGE_LOOP('',(#5760,#5766,#5767,#5768));
#5760 = ORIENTED_EDGE('',*,*,#5761,.T.);
#5761 = EDGE_CURVE('',#4392,#4542,#5762,.T.);
#5762 = LINE('',#5763,#5764);
#5763 = CARTESIAN_POINT('',(0.15,-4.85,-3.5));
#5764 = VECTOR('',#5765,1.);
#5765 = DIRECTION('',(0.,1.,3.330669073875E-16));
#5766 = ORIENTED_EDGE('',*,*,#4541,.T.);
#5767 = ORIENTED_EDGE('',*,*,#5745,.F.);
#5768 = ORIENTED_EDGE('',*,*,#4391,.F.);
#5769 = PLANE('',#5770);
#5770 = AXIS2_PLACEMENT_3D('',#5771,#5772,#5773);
#5771 = CARTESIAN_POINT('',(0.15,-4.85,-3.5));
#5772 = DIRECTION('',(0.,-3.330669073875E-16,1.));
#5773 = DIRECTION('',(-1.,0.,0.));
#5774 = ADVANCED_FACE('',(#5775),#5786,.F.);
#5775 = FACE_BOUND('',#5776,.F.);
#5776 = EDGE_LOOP('',(#5777,#5778,#5784,#5785));
#5777 = ORIENTED_EDGE('',*,*,#4399,.F.);
#5778 = ORIENTED_EDGE('',*,*,#5779,.T.);
#5779 = EDGE_CURVE('',#4400,#4550,#5780,.T.);
#5780 = LINE('',#5781,#5782);
#5781 = CARTESIAN_POINT('',(0.15,-4.85,-2.542562962528));
#5782 = VECTOR('',#5783,1.);
#5783 = DIRECTION('',(0.,1.,3.330669073875E-16));
#5784 = ORIENTED_EDGE('',*,*,#4549,.T.);
#5785 = ORIENTED_EDGE('',*,*,#5761,.F.);
#5786 = PLANE('',#5787);
#5787 = AXIS2_PLACEMENT_3D('',#5788,#5789,#5790);
#5788 = CARTESIAN_POINT('',(0.15,-4.85,-2.5));
#5789 = DIRECTION('',(-1.,0.,-0.));
#5790 = DIRECTION('',(0.,5.551115123126E-16,-1.));
#5791 = ADVANCED_FACE('',(#5792),#5803,.T.);
#5792 = FACE_BOUND('',#5793,.T.);
#5793 = EDGE_LOOP('',(#5794,#5795,#5801,#5802));
#5794 = ORIENTED_EDGE('',*,*,#4441,.T.);
#5795 = ORIENTED_EDGE('',*,*,#5796,.T.);
#5796 = EDGE_CURVE('',#4434,#4584,#5797,.T.);
#5797 = LINE('',#5798,#5799);
#5798 = CARTESIAN_POINT('',(0.137769622714,-4.85,-0.540767924286));
#5799 = VECTOR('',#5800,1.);
#5800 = DIRECTION('',(0.,1.,3.330669073875E-16));
#5801 = ORIENTED_EDGE('',*,*,#4591,.F.);
#5802 = ORIENTED_EDGE('',*,*,#5310,.F.);
#5803 = CYLINDRICAL_SURFACE('',#5804,0.29);
#5804 = AXIS2_PLACEMENT_3D('',#5805,#5806,#5807);
#5805 = CARTESIAN_POINT('',(-0.14,-4.85,-0.457437037472));
#5806 = DIRECTION('',(0.,1.,3.330669073875E-16));
#5807 = DIRECTION('',(1.,0.,-0.));
#5808 = ADVANCED_FACE('',(#5809),#5820,.T.);
#5809 = FACE_BOUND('',#5810,.T.);
#5810 = EDGE_LOOP('',(#5811,#5812,#5813,#5814));
#5811 = ORIENTED_EDGE('',*,*,#4407,.T.);
#5812 = ORIENTED_EDGE('',*,*,#5779,.T.);
#5813 = ORIENTED_EDGE('',*,*,#4557,.F.);
#5814 = ORIENTED_EDGE('',*,*,#5815,.F.);
#5815 = EDGE_CURVE('',#4408,#4558,#5816,.T.);
#5816 = LINE('',#5817,#5818);
#5817 = CARTESIAN_POINT('',(0.137769622714,-4.85,-2.459232075714));
#5818 = VECTOR('',#5819,1.);
#5819 = DIRECTION('',(0.,1.,3.330669073875E-16));
#5820 = CYLINDRICAL_SURFACE('',#5821,0.29);
#5821 = AXIS2_PLACEMENT_3D('',#5822,#5823,#5824);
#5822 = CARTESIAN_POINT('',(-0.14,-4.85,-2.542562962528));
#5823 = DIRECTION('',(0.,1.,3.330669073875E-16));
#5824 = DIRECTION('',(0.957826285221,-9.570607158983E-17,0.287347885566)
  );
#5825 = ADVANCED_FACE('',(#5826),#5837,.T.);
#5826 = FACE_BOUND('',#5827,.T.);
#5827 = EDGE_LOOP('',(#5828,#5829,#5835,#5836));
#5828 = ORIENTED_EDGE('',*,*,#4433,.F.);
#5829 = ORIENTED_EDGE('',*,*,#5830,.T.);
#5830 = EDGE_CURVE('',#4425,#4575,#5831,.T.);
#5831 = LINE('',#5832,#5833);
#5832 = CARTESIAN_POINT('',(-0.125000733956,-4.85,-1.416669113186));
#5833 = VECTOR('',#5834,1.);
#5834 = DIRECTION('',(0.,1.,3.330669073875E-16));
#5835 = ORIENTED_EDGE('',*,*,#4583,.T.);
#5836 = ORIENTED_EDGE('',*,*,#5796,.F.);
#5837 = PLANE('',#5838);
#5838 = AXIS2_PLACEMENT_3D('',#5839,#5840,#5841);
#5839 = CARTESIAN_POINT('',(-0.15,-4.85,-1.5));
#5840 = DIRECTION('',(0.957826285221,9.570607158995E-17,-0.287347885566)
  );
#5841 = DIRECTION('',(0.287347885566,-5.31700397722E-16,0.957826285221)
  );
#5842 = ADVANCED_FACE('',(#5843),#5854,.T.);
#5843 = FACE_BOUND('',#5844,.T.);
#5844 = EDGE_LOOP('',(#5845,#5846,#5847,#5848));
#5845 = ORIENTED_EDGE('',*,*,#4416,.F.);
#5846 = ORIENTED_EDGE('',*,*,#5815,.T.);
#5847 = ORIENTED_EDGE('',*,*,#4566,.T.);
#5848 = ORIENTED_EDGE('',*,*,#5849,.F.);
#5849 = EDGE_CURVE('',#4417,#4567,#5850,.T.);
#5850 = LINE('',#5851,#5852);
#5851 = CARTESIAN_POINT('',(-0.125000733956,-4.85,-1.583330886814));
#5852 = VECTOR('',#5853,1.);
#5853 = DIRECTION('',(0.,1.,3.330669073875E-16));
#5854 = PLANE('',#5855);
#5855 = AXIS2_PLACEMENT_3D('',#5856,#5857,#5858);
#5856 = CARTESIAN_POINT('',(0.15,-4.85,-2.5));
#5857 = DIRECTION('',(0.957826285221,-9.570607158995E-17,0.287347885566)
  );
#5858 = DIRECTION('',(-0.287347885566,-5.31700397722E-16,0.957826285221)
  );
#5859 = ADVANCED_FACE('',(#5860),#5866,.F.);
#5860 = FACE_BOUND('',#5861,.F.);
#5861 = EDGE_LOOP('',(#5862,#5863,#5864,#5865));
#5862 = ORIENTED_EDGE('',*,*,#5830,.T.);
#5863 = ORIENTED_EDGE('',*,*,#4574,.T.);
#5864 = ORIENTED_EDGE('',*,*,#5849,.F.);
#5865 = ORIENTED_EDGE('',*,*,#4424,.F.);
#5866 = CYLINDRICAL_SURFACE('',#5867,0.29);
#5867 = AXIS2_PLACEMENT_3D('',#5868,#5869,#5870);
#5868 = CARTESIAN_POINT('',(0.152768888758,-4.85,-1.5));
#5869 = DIRECTION('',(0.,1.,3.330669073875E-16));
#5870 = DIRECTION('',(-0.957826285221,-9.570607158983E-17,0.287347885566
    ));
#5871 = ADVANCED_FACE('',(#5872),#5888,.F.);
#5872 = FACE_BOUND('',#5873,.F.);
#5873 = EDGE_LOOP('',(#5874,#5875,#5881,#5882));
#5874 = ORIENTED_EDGE('',*,*,#4664,.F.);
#5875 = ORIENTED_EDGE('',*,*,#5876,.T.);
#5876 = EDGE_CURVE('',#4665,#4839,#5877,.T.);
#5877 = LINE('',#5878,#5879);
#5878 = CARTESIAN_POINT('',(6.462230377286,-4.85,-0.540767924286));
#5879 = VECTOR('',#5880,1.);
#5880 = DIRECTION('',(0.,1.,3.330669073875E-16));
#5881 = ORIENTED_EDGE('',*,*,#4838,.T.);
#5882 = ORIENTED_EDGE('',*,*,#5883,.F.);
#5883 = EDGE_CURVE('',#4667,#4841,#5884,.T.);
#5884 = LINE('',#5885,#5886);
#5885 = CARTESIAN_POINT('',(6.725000733956,-4.85,-1.416669113186));
#5886 = VECTOR('',#5887,1.);
#5887 = DIRECTION('',(0.,1.,3.330669073875E-16));
#5888 = PLANE('',#5889);
#5889 = AXIS2_PLACEMENT_3D('',#5890,#5891,#5892);
#5890 = CARTESIAN_POINT('',(6.45,-4.85,-0.5));
#5891 = DIRECTION('',(-0.957826285221,9.570607158995E-17,-0.287347885566
    ));
#5892 = DIRECTION('',(0.287347885566,5.31700397722E-16,-0.957826285221)
  );
#5893 = ADVANCED_FACE('',(#5894),#5905,.F.);
#5894 = FACE_BOUND('',#5895,.F.);
#5895 = EDGE_LOOP('',(#5896,#5897,#5903,#5904));
#5896 = ORIENTED_EDGE('',*,*,#4799,.T.);
#5897 = ORIENTED_EDGE('',*,*,#5898,.T.);
#5898 = EDGE_CURVE('',#4792,#4959,#5899,.T.);
#5899 = LINE('',#5900,#5901);
#5900 = CARTESIAN_POINT('',(6.45,-4.85,-0.457437037472));
#5901 = VECTOR('',#5902,1.);
#5902 = DIRECTION('',(0.,1.,3.330669073875E-16));
#5903 = ORIENTED_EDGE('',*,*,#4966,.F.);
#5904 = ORIENTED_EDGE('',*,*,#5876,.F.);
#5905 = CYLINDRICAL_SURFACE('',#5906,0.29);
#5906 = AXIS2_PLACEMENT_3D('',#5907,#5908,#5909);
#5907 = CARTESIAN_POINT('',(6.74,-4.85,-0.457437037472));
#5908 = DIRECTION('',(0.,1.,3.330669073875E-16));
#5909 = DIRECTION('',(-0.957826285221,9.570607158983E-17,-0.287347885566
    ));
#5910 = ADVANCED_FACE('',(#5911),#5922,.T.);
#5911 = FACE_BOUND('',#5912,.T.);
#5912 = EDGE_LOOP('',(#5913,#5914,#5920,#5921));
#5913 = ORIENTED_EDGE('',*,*,#4674,.T.);
#5914 = ORIENTED_EDGE('',*,*,#5915,.T.);
#5915 = EDGE_CURVE('',#4675,#4849,#5916,.T.);
#5916 = LINE('',#5917,#5918);
#5917 = CARTESIAN_POINT('',(6.725000733956,-4.85,-1.583330886814));
#5918 = VECTOR('',#5919,1.);
#5919 = DIRECTION('',(0.,1.,3.330669073875E-16));
#5920 = ORIENTED_EDGE('',*,*,#4848,.F.);
#5921 = ORIENTED_EDGE('',*,*,#5883,.F.);
#5922 = CYLINDRICAL_SURFACE('',#5923,0.29);
#5923 = AXIS2_PLACEMENT_3D('',#5924,#5925,#5926);
#5924 = CARTESIAN_POINT('',(6.447231111242,-4.85,-1.5));
#5925 = DIRECTION('',(0.,1.,3.330669073875E-16));
#5926 = DIRECTION('',(0.957826285221,-9.570607158983E-17,0.287347885566)
  );
#5927 = ADVANCED_FACE('',(#5928),#5939,.T.);
#5928 = FACE_BOUND('',#5929,.T.);
#5929 = EDGE_LOOP('',(#5930,#5931,#5932,#5933));
#5930 = ORIENTED_EDGE('',*,*,#4791,.F.);
#5931 = ORIENTED_EDGE('',*,*,#5898,.T.);
#5932 = ORIENTED_EDGE('',*,*,#4958,.T.);
#5933 = ORIENTED_EDGE('',*,*,#5934,.F.);
#5934 = EDGE_CURVE('',#4783,#4950,#5935,.T.);
#5935 = LINE('',#5936,#5937);
#5936 = CARTESIAN_POINT('',(6.45,-4.85,1.21));
#5937 = VECTOR('',#5938,1.);
#5938 = DIRECTION('',(0.,1.,3.330669073875E-16));
#5939 = PLANE('',#5940);
#5940 = AXIS2_PLACEMENT_3D('',#5941,#5942,#5943);
#5941 = CARTESIAN_POINT('',(6.45,-4.85,-0.5));
#5942 = DIRECTION('',(1.,0.,0.));
#5943 = DIRECTION('',(0.,-5.551115123126E-16,1.));
#5944 = ADVANCED_FACE('',(#5945),#5956,.F.);
#5945 = FACE_BOUND('',#5946,.F.);
#5946 = EDGE_LOOP('',(#5947,#5948,#5949,#5950));
#5947 = ORIENTED_EDGE('',*,*,#4683,.F.);
#5948 = ORIENTED_EDGE('',*,*,#5915,.T.);
#5949 = ORIENTED_EDGE('',*,*,#4857,.T.);
#5950 = ORIENTED_EDGE('',*,*,#5951,.F.);
#5951 = EDGE_CURVE('',#4684,#4858,#5952,.T.);
#5952 = LINE('',#5953,#5954);
#5953 = CARTESIAN_POINT('',(6.462230377286,-4.85,-2.459232075714));
#5954 = VECTOR('',#5955,1.);
#5955 = DIRECTION('',(0.,1.,3.330669073875E-16));
#5956 = PLANE('',#5957);
#5957 = AXIS2_PLACEMENT_3D('',#5958,#5959,#5960);
#5958 = CARTESIAN_POINT('',(6.75,-4.85,-1.5));
#5959 = DIRECTION('',(-0.957826285221,-9.570607158995E-17,0.287347885566
    ));
#5960 = DIRECTION('',(-0.287347885566,5.31700397722E-16,-0.957826285221)
  );
#5961 = ADVANCED_FACE('',(#5962),#5968,.T.);
#5962 = FACE_BOUND('',#5963,.T.);
#5963 = EDGE_LOOP('',(#5964,#5965,#5966,#5967));
#5964 = ORIENTED_EDGE('',*,*,#5934,.T.);
#5965 = ORIENTED_EDGE('',*,*,#4949,.T.);
#5966 = ORIENTED_EDGE('',*,*,#4815,.F.);
#5967 = ORIENTED_EDGE('',*,*,#4782,.F.);
#5968 = CYLINDRICAL_SURFACE('',#5969,0.29);
#5969 = AXIS2_PLACEMENT_3D('',#5970,#5971,#5972);
#5970 = CARTESIAN_POINT('',(6.16,-4.85,1.21));
#5971 = DIRECTION('',(0.,1.,3.330669073875E-16));
#5972 = DIRECTION('',(1.,0.,-0.));
#5973 = ADVANCED_FACE('',(#5974),#5985,.F.);
#5974 = FACE_BOUND('',#5975,.F.);
#5975 = EDGE_LOOP('',(#5976,#5977,#5978,#5979));
#5976 = ORIENTED_EDGE('',*,*,#4691,.T.);
#5977 = ORIENTED_EDGE('',*,*,#5951,.T.);
#5978 = ORIENTED_EDGE('',*,*,#4865,.F.);
#5979 = ORIENTED_EDGE('',*,*,#5980,.F.);
#5980 = EDGE_CURVE('',#4692,#4866,#5981,.T.);
#5981 = LINE('',#5982,#5983);
#5982 = CARTESIAN_POINT('',(6.45,-4.85,-2.542562962528));
#5983 = VECTOR('',#5984,1.);
#5984 = DIRECTION('',(0.,1.,3.330669073875E-16));
#5985 = CYLINDRICAL_SURFACE('',#5986,0.29);
#5986 = AXIS2_PLACEMENT_3D('',#5987,#5988,#5989);
#5987 = CARTESIAN_POINT('',(6.74,-4.85,-2.542562962528));
#5988 = DIRECTION('',(0.,1.,3.330669073875E-16));
#5989 = DIRECTION('',(-1.,0.,0.));
#5990 = ADVANCED_FACE('',(#5991),#6002,.T.);
#5991 = FACE_BOUND('',#5992,.T.);
#5992 = EDGE_LOOP('',(#5993,#5994,#6000,#6001));
#5993 = ORIENTED_EDGE('',*,*,#4700,.F.);
#5994 = ORIENTED_EDGE('',*,*,#5995,.T.);
#5995 = EDGE_CURVE('',#4701,#4875,#5996,.T.);
#5996 = LINE('',#5997,#5998);
#5997 = CARTESIAN_POINT('',(6.45,-4.85,-3.5));
#5998 = VECTOR('',#5999,1.);
#5999 = DIRECTION('',(0.,1.,3.330669073875E-16));
#6000 = ORIENTED_EDGE('',*,*,#4874,.T.);
#6001 = ORIENTED_EDGE('',*,*,#5980,.F.);
#6002 = PLANE('',#6003);
#6003 = AXIS2_PLACEMENT_3D('',#6004,#6005,#6006);
#6004 = CARTESIAN_POINT('',(6.45,-4.85,-3.5));
#6005 = DIRECTION('',(1.,0.,0.));
#6006 = DIRECTION('',(0.,-5.551115123126E-16,1.));
#6007 = ADVANCED_FACE('',(#6008),#6019,.T.);
#6008 = FACE_BOUND('',#6009,.T.);
#6009 = EDGE_LOOP('',(#6010,#6016,#6017,#6018));
#6010 = ORIENTED_EDGE('',*,*,#6011,.T.);
#6011 = EDGE_CURVE('',#4709,#4883,#6012,.T.);
#6012 = LINE('',#6013,#6014);
#6013 = CARTESIAN_POINT('',(6.15,-4.85,-3.5));
#6014 = VECTOR('',#6015,1.);
#6015 = DIRECTION('',(0.,1.,3.330669073875E-16));
#6016 = ORIENTED_EDGE('',*,*,#4882,.T.);
#6017 = ORIENTED_EDGE('',*,*,#5995,.F.);
#6018 = ORIENTED_EDGE('',*,*,#4708,.F.);
#6019 = PLANE('',#6020);
#6020 = AXIS2_PLACEMENT_3D('',#6021,#6022,#6023);
#6021 = CARTESIAN_POINT('',(6.15,-4.85,-3.5));
#6022 = DIRECTION('',(0.,3.330669073875E-16,-1.));
#6023 = DIRECTION('',(1.,0.,0.));
#6024 = ADVANCED_FACE('',(#6025),#6036,.T.);
#6025 = FACE_BOUND('',#6026,.T.);
#6026 = EDGE_LOOP('',(#6027,#6028,#6034,#6035));
#6027 = ORIENTED_EDGE('',*,*,#4716,.F.);
#6028 = ORIENTED_EDGE('',*,*,#6029,.T.);
#6029 = EDGE_CURVE('',#4717,#4891,#6030,.T.);
#6030 = LINE('',#6031,#6032);
#6031 = CARTESIAN_POINT('',(6.15,-4.85,-2.542562962528));
#6032 = VECTOR('',#6033,1.);
#6033 = DIRECTION('',(0.,1.,3.330669073875E-16));
#6034 = ORIENTED_EDGE('',*,*,#4890,.T.);
#6035 = ORIENTED_EDGE('',*,*,#6011,.F.);
#6036 = PLANE('',#6037);
#6037 = AXIS2_PLACEMENT_3D('',#6038,#6039,#6040);
#6038 = CARTESIAN_POINT('',(6.15,-4.85,-2.5));
#6039 = DIRECTION('',(-1.,0.,-0.));
#6040 = DIRECTION('',(0.,5.551115123126E-16,-1.));
#6041 = ADVANCED_FACE('',(#6042),#6053,.T.);
#6042 = FACE_BOUND('',#6043,.T.);
#6043 = EDGE_LOOP('',(#6044,#6045,#6046,#6052));
#6044 = ORIENTED_EDGE('',*,*,#5327,.T.);
#6045 = ORIENTED_EDGE('',*,*,#4932,.T.);
#6046 = ORIENTED_EDGE('',*,*,#6047,.F.);
#6047 = EDGE_CURVE('',#4751,#4925,#6048,.T.);
#6048 = LINE('',#6049,#6050);
#6049 = CARTESIAN_POINT('',(6.162230377286,-4.85,-0.540767924286));
#6050 = VECTOR('',#6051,1.);
#6051 = DIRECTION('',(0.,1.,3.330669073875E-16));
#6052 = ORIENTED_EDGE('',*,*,#4758,.F.);
#6053 = CYLINDRICAL_SURFACE('',#6054,0.29);
#6054 = AXIS2_PLACEMENT_3D('',#6055,#6056,#6057);
#6055 = CARTESIAN_POINT('',(6.44,-4.85,-0.457437037472));
#6056 = DIRECTION('',(0.,1.,3.330669073875E-16));
#6057 = DIRECTION('',(-1.,0.,0.));
#6058 = ADVANCED_FACE('',(#6059),#6070,.T.);
#6059 = FACE_BOUND('',#6060,.T.);
#6060 = EDGE_LOOP('',(#6061,#6067,#6068,#6069));
#6061 = ORIENTED_EDGE('',*,*,#6062,.T.);
#6062 = EDGE_CURVE('',#4725,#4899,#6063,.T.);
#6063 = LINE('',#6064,#6065);
#6064 = CARTESIAN_POINT('',(6.162230377286,-4.85,-2.459232075714));
#6065 = VECTOR('',#6066,1.);
#6066 = DIRECTION('',(0.,1.,3.330669073875E-16));
#6067 = ORIENTED_EDGE('',*,*,#4898,.T.);
#6068 = ORIENTED_EDGE('',*,*,#6029,.F.);
#6069 = ORIENTED_EDGE('',*,*,#4724,.F.);
#6070 = CYLINDRICAL_SURFACE('',#6071,0.29);
#6071 = AXIS2_PLACEMENT_3D('',#6072,#6073,#6074);
#6072 = CARTESIAN_POINT('',(6.44,-4.85,-2.542562962528));
#6073 = DIRECTION('',(0.,1.,3.330669073875E-16));
#6074 = DIRECTION('',(-0.957826285221,-9.570607158983E-17,0.287347885566
    ));
#6075 = ADVANCED_FACE('',(#6076),#6087,.F.);
#6076 = FACE_BOUND('',#6077,.F.);
#6077 = EDGE_LOOP('',(#6078,#6079,#6085,#6086));
#6078 = ORIENTED_EDGE('',*,*,#4750,.F.);
#6079 = ORIENTED_EDGE('',*,*,#6080,.T.);
#6080 = EDGE_CURVE('',#4742,#4916,#6081,.T.);
#6081 = LINE('',#6082,#6083);
#6082 = CARTESIAN_POINT('',(6.425000733956,-4.85,-1.416669113186));
#6083 = VECTOR('',#6084,1.);
#6084 = DIRECTION('',(0.,1.,3.330669073875E-16));
#6085 = ORIENTED_EDGE('',*,*,#4924,.T.);
#6086 = ORIENTED_EDGE('',*,*,#6047,.F.);
#6087 = PLANE('',#6088);
#6088 = AXIS2_PLACEMENT_3D('',#6089,#6090,#6091);
#6089 = CARTESIAN_POINT('',(6.45,-4.85,-1.5));
#6090 = DIRECTION('',(0.957826285221,-9.570607158995E-17,0.287347885566)
  );
#6091 = DIRECTION('',(-0.287347885566,-5.31700397722E-16,0.957826285221)
  );
#6092 = ADVANCED_FACE('',(#6093),#6104,.F.);
#6093 = FACE_BOUND('',#6094,.F.);
#6094 = EDGE_LOOP('',(#6095,#6096,#6097,#6098));
#6095 = ORIENTED_EDGE('',*,*,#4733,.F.);
#6096 = ORIENTED_EDGE('',*,*,#6062,.T.);
#6097 = ORIENTED_EDGE('',*,*,#4907,.T.);
#6098 = ORIENTED_EDGE('',*,*,#6099,.F.);
#6099 = EDGE_CURVE('',#4734,#4908,#6100,.T.);
#6100 = LINE('',#6101,#6102);
#6101 = CARTESIAN_POINT('',(6.425000733956,-4.85,-1.583330886814));
#6102 = VECTOR('',#6103,1.);
#6103 = DIRECTION('',(0.,1.,3.330669073875E-16));
#6104 = PLANE('',#6105);
#6105 = AXIS2_PLACEMENT_3D('',#6106,#6107,#6108);
#6106 = CARTESIAN_POINT('',(6.15,-4.85,-2.5));
#6107 = DIRECTION('',(0.957826285221,9.570607158995E-17,-0.287347885566)
  );
#6108 = DIRECTION('',(0.287347885566,-5.31700397722E-16,0.957826285221)
  );
#6109 = ADVANCED_FACE('',(#6110),#6116,.F.);
#6110 = FACE_BOUND('',#6111,.F.);
#6111 = EDGE_LOOP('',(#6112,#6113,#6114,#6115));
#6112 = ORIENTED_EDGE('',*,*,#4741,.T.);
#6113 = ORIENTED_EDGE('',*,*,#6099,.T.);
#6114 = ORIENTED_EDGE('',*,*,#4915,.F.);
#6115 = ORIENTED_EDGE('',*,*,#6080,.F.);
#6116 = CYLINDRICAL_SURFACE('',#6117,0.29);
#6117 = AXIS2_PLACEMENT_3D('',#6118,#6119,#6120);
#6118 = CARTESIAN_POINT('',(6.147231111242,-4.85,-1.5));
#6119 = DIRECTION('',(0.,1.,3.330669073875E-16));
#6120 = DIRECTION('',(0.957826285221,-9.570607158983E-17,0.287347885566)
  );
#6121 = ADVANCED_FACE('',(#6122),#6138,.F.);
#6122 = FACE_BOUND('',#6123,.F.);
#6123 = EDGE_LOOP('',(#6124,#6125,#6131,#6132));
#6124 = ORIENTED_EDGE('',*,*,#5131,.F.);
#6125 = ORIENTED_EDGE('',*,*,#6126,.T.);
#6126 = EDGE_CURVE('',#5132,#4982,#6127,.T.);
#6127 = LINE('',#6128,#6129);
#6128 = CARTESIAN_POINT('',(6.462230377286,-0.35,-0.540767924286));
#6129 = VECTOR('',#6130,1.);
#6130 = DIRECTION('',(0.,1.,3.330669073875E-16));
#6131 = ORIENTED_EDGE('',*,*,#4981,.T.);
#6132 = ORIENTED_EDGE('',*,*,#6133,.F.);
#6133 = EDGE_CURVE('',#5134,#4984,#6134,.T.);
#6134 = LINE('',#6135,#6136);
#6135 = CARTESIAN_POINT('',(6.725000733956,-0.35,-1.416669113186));
#6136 = VECTOR('',#6137,1.);
#6137 = DIRECTION('',(0.,1.,3.330669073875E-16));
#6138 = PLANE('',#6139);
#6139 = AXIS2_PLACEMENT_3D('',#6140,#6141,#6142);
#6140 = CARTESIAN_POINT('',(6.45,-0.35,-0.5));
#6141 = DIRECTION('',(-0.957826285221,9.570607158995E-17,-0.287347885566
    ));
#6142 = DIRECTION('',(0.287347885566,5.31700397722E-16,-0.957826285221)
  );
#6143 = ADVANCED_FACE('',(#6144),#6155,.F.);
#6144 = FACE_BOUND('',#6145,.F.);
#6145 = EDGE_LOOP('',(#6146,#6147,#6153,#6154));
#6146 = ORIENTED_EDGE('',*,*,#5266,.T.);
#6147 = ORIENTED_EDGE('',*,*,#6148,.T.);
#6148 = EDGE_CURVE('',#5259,#5109,#6149,.T.);
#6149 = LINE('',#6150,#6151);
#6150 = CARTESIAN_POINT('',(6.45,-0.35,-0.457437037472));
#6151 = VECTOR('',#6152,1.);
#6152 = DIRECTION('',(0.,1.,3.330669073875E-16));
#6153 = ORIENTED_EDGE('',*,*,#5116,.F.);
#6154 = ORIENTED_EDGE('',*,*,#6126,.F.);
#6155 = CYLINDRICAL_SURFACE('',#6156,0.29);
#6156 = AXIS2_PLACEMENT_3D('',#6157,#6158,#6159);
#6157 = CARTESIAN_POINT('',(6.74,-0.35,-0.457437037472));
#6158 = DIRECTION('',(0.,1.,3.330669073875E-16));
#6159 = DIRECTION('',(-0.957826285221,9.570607158983E-17,-0.287347885566
    ));
#6160 = ADVANCED_FACE('',(#6161),#6172,.T.);
#6161 = FACE_BOUND('',#6162,.T.);
#6162 = EDGE_LOOP('',(#6163,#6164,#6170,#6171));
#6163 = ORIENTED_EDGE('',*,*,#5141,.T.);
#6164 = ORIENTED_EDGE('',*,*,#6165,.T.);
#6165 = EDGE_CURVE('',#5142,#4992,#6166,.T.);
#6166 = LINE('',#6167,#6168);
#6167 = CARTESIAN_POINT('',(6.725000733956,-0.35,-1.583330886814));
#6168 = VECTOR('',#6169,1.);
#6169 = DIRECTION('',(0.,1.,3.330669073875E-16));
#6170 = ORIENTED_EDGE('',*,*,#4991,.F.);
#6171 = ORIENTED_EDGE('',*,*,#6133,.F.);
#6172 = CYLINDRICAL_SURFACE('',#6173,0.29);
#6173 = AXIS2_PLACEMENT_3D('',#6174,#6175,#6176);
#6174 = CARTESIAN_POINT('',(6.447231111242,-0.35,-1.5));
#6175 = DIRECTION('',(0.,1.,3.330669073875E-16));
#6176 = DIRECTION('',(0.957826285221,-9.570607158983E-17,0.287347885566)
  );
#6177 = ADVANCED_FACE('',(#6178),#6189,.T.);
#6178 = FACE_BOUND('',#6179,.T.);
#6179 = EDGE_LOOP('',(#6180,#6181,#6182,#6183));
#6180 = ORIENTED_EDGE('',*,*,#5258,.F.);
#6181 = ORIENTED_EDGE('',*,*,#6148,.T.);
#6182 = ORIENTED_EDGE('',*,*,#5108,.T.);
#6183 = ORIENTED_EDGE('',*,*,#6184,.F.);
#6184 = EDGE_CURVE('',#5250,#5100,#6185,.T.);
#6185 = LINE('',#6186,#6187);
#6186 = CARTESIAN_POINT('',(6.45,-0.35,1.21));
#6187 = VECTOR('',#6188,1.);
#6188 = DIRECTION('',(0.,1.,3.330669073875E-16));
#6189 = PLANE('',#6190);
#6190 = AXIS2_PLACEMENT_3D('',#6191,#6192,#6193);
#6191 = CARTESIAN_POINT('',(6.45,-0.35,-0.5));
#6192 = DIRECTION('',(1.,0.,0.));
#6193 = DIRECTION('',(0.,-5.551115123126E-16,1.));
#6194 = ADVANCED_FACE('',(#6195),#6206,.F.);
#6195 = FACE_BOUND('',#6196,.F.);
#6196 = EDGE_LOOP('',(#6197,#6198,#6199,#6200));
#6197 = ORIENTED_EDGE('',*,*,#5150,.F.);
#6198 = ORIENTED_EDGE('',*,*,#6165,.T.);
#6199 = ORIENTED_EDGE('',*,*,#5000,.T.);
#6200 = ORIENTED_EDGE('',*,*,#6201,.F.);
#6201 = EDGE_CURVE('',#5151,#5001,#6202,.T.);
#6202 = LINE('',#6203,#6204);
#6203 = CARTESIAN_POINT('',(6.462230377286,-0.35,-2.459232075714));
#6204 = VECTOR('',#6205,1.);
#6205 = DIRECTION('',(0.,1.,3.330669073875E-16));
#6206 = PLANE('',#6207);
#6207 = AXIS2_PLACEMENT_3D('',#6208,#6209,#6210);
#6208 = CARTESIAN_POINT('',(6.75,-0.35,-1.5));
#6209 = DIRECTION('',(-0.957826285221,-9.570607158995E-17,0.287347885566
    ));
#6210 = DIRECTION('',(-0.287347885566,5.31700397722E-16,-0.957826285221)
  );
#6211 = ADVANCED_FACE('',(#6212),#6218,.T.);
#6212 = FACE_BOUND('',#6213,.T.);
#6213 = EDGE_LOOP('',(#6214,#6215,#6216,#6217));
#6214 = ORIENTED_EDGE('',*,*,#6184,.T.);
#6215 = ORIENTED_EDGE('',*,*,#5099,.T.);
#6216 = ORIENTED_EDGE('',*,*,#5282,.F.);
#6217 = ORIENTED_EDGE('',*,*,#5249,.F.);
#6218 = CYLINDRICAL_SURFACE('',#6219,0.29);
#6219 = AXIS2_PLACEMENT_3D('',#6220,#6221,#6222);
#6220 = CARTESIAN_POINT('',(6.16,-0.35,1.21));
#6221 = DIRECTION('',(0.,1.,3.330669073875E-16));
#6222 = DIRECTION('',(1.,0.,-0.));
#6223 = ADVANCED_FACE('',(#6224),#6235,.F.);
#6224 = FACE_BOUND('',#6225,.F.);
#6225 = EDGE_LOOP('',(#6226,#6227,#6228,#6229));
#6226 = ORIENTED_EDGE('',*,*,#5158,.T.);
#6227 = ORIENTED_EDGE('',*,*,#6201,.T.);
#6228 = ORIENTED_EDGE('',*,*,#5008,.F.);
#6229 = ORIENTED_EDGE('',*,*,#6230,.F.);
#6230 = EDGE_CURVE('',#5159,#5009,#6231,.T.);
#6231 = LINE('',#6232,#6233);
#6232 = CARTESIAN_POINT('',(6.45,-0.35,-2.542562962528));
#6233 = VECTOR('',#6234,1.);
#6234 = DIRECTION('',(0.,1.,3.330669073875E-16));
#6235 = CYLINDRICAL_SURFACE('',#6236,0.29);
#6236 = AXIS2_PLACEMENT_3D('',#6237,#6238,#6239);
#6237 = CARTESIAN_POINT('',(6.74,-0.35,-2.542562962528));
#6238 = DIRECTION('',(0.,1.,3.330669073875E-16));
#6239 = DIRECTION('',(-1.,0.,0.));
#6240 = ADVANCED_FACE('',(#6241),#6252,.T.);
#6241 = FACE_BOUND('',#6242,.T.);
#6242 = EDGE_LOOP('',(#6243,#6244,#6250,#6251));
#6243 = ORIENTED_EDGE('',*,*,#5167,.F.);
#6244 = ORIENTED_EDGE('',*,*,#6245,.T.);
#6245 = EDGE_CURVE('',#5168,#5018,#6246,.T.);
#6246 = LINE('',#6247,#6248);
#6247 = CARTESIAN_POINT('',(6.45,-0.35,-3.5));
#6248 = VECTOR('',#6249,1.);
#6249 = DIRECTION('',(0.,1.,3.330669073875E-16));
#6250 = ORIENTED_EDGE('',*,*,#5017,.T.);
#6251 = ORIENTED_EDGE('',*,*,#6230,.F.);
#6252 = PLANE('',#6253);
#6253 = AXIS2_PLACEMENT_3D('',#6254,#6255,#6256);
#6254 = CARTESIAN_POINT('',(6.45,-0.35,-3.5));
#6255 = DIRECTION('',(1.,0.,0.));
#6256 = DIRECTION('',(0.,-5.551115123126E-16,1.));
#6257 = ADVANCED_FACE('',(#6258),#6269,.T.);
#6258 = FACE_BOUND('',#6259,.T.);
#6259 = EDGE_LOOP('',(#6260,#6266,#6267,#6268));
#6260 = ORIENTED_EDGE('',*,*,#6261,.T.);
#6261 = EDGE_CURVE('',#5176,#5026,#6262,.T.);
#6262 = LINE('',#6263,#6264);
#6263 = CARTESIAN_POINT('',(6.15,-0.35,-3.5));
#6264 = VECTOR('',#6265,1.);
#6265 = DIRECTION('',(0.,1.,3.330669073875E-16));
#6266 = ORIENTED_EDGE('',*,*,#5025,.T.);
#6267 = ORIENTED_EDGE('',*,*,#6245,.F.);
#6268 = ORIENTED_EDGE('',*,*,#5175,.F.);
#6269 = PLANE('',#6270);
#6270 = AXIS2_PLACEMENT_3D('',#6271,#6272,#6273);
#6271 = CARTESIAN_POINT('',(6.15,-0.35,-3.5));
#6272 = DIRECTION('',(0.,3.330669073875E-16,-1.));
#6273 = DIRECTION('',(1.,0.,0.));
#6274 = ADVANCED_FACE('',(#6275),#6286,.T.);
#6275 = FACE_BOUND('',#6276,.T.);
#6276 = EDGE_LOOP('',(#6277,#6278,#6284,#6285));
#6277 = ORIENTED_EDGE('',*,*,#5183,.F.);
#6278 = ORIENTED_EDGE('',*,*,#6279,.T.);
#6279 = EDGE_CURVE('',#5184,#5034,#6280,.T.);
#6280 = LINE('',#6281,#6282);
#6281 = CARTESIAN_POINT('',(6.15,-0.35,-2.542562962528));
#6282 = VECTOR('',#6283,1.);
#6283 = DIRECTION('',(0.,1.,3.330669073875E-16));
#6284 = ORIENTED_EDGE('',*,*,#5033,.T.);
#6285 = ORIENTED_EDGE('',*,*,#6261,.F.);
#6286 = PLANE('',#6287);
#6287 = AXIS2_PLACEMENT_3D('',#6288,#6289,#6290);
#6288 = CARTESIAN_POINT('',(6.15,-0.35,-2.5));
#6289 = DIRECTION('',(-1.,0.,-0.));
#6290 = DIRECTION('',(0.,5.551115123126E-16,-1.));
#6291 = ADVANCED_FACE('',(#6292),#6303,.T.);
#6292 = FACE_BOUND('',#6293,.T.);
#6293 = EDGE_LOOP('',(#6294,#6295,#6296,#6302));
#6294 = ORIENTED_EDGE('',*,*,#5361,.T.);
#6295 = ORIENTED_EDGE('',*,*,#5075,.T.);
#6296 = ORIENTED_EDGE('',*,*,#6297,.F.);
#6297 = EDGE_CURVE('',#5218,#5068,#6298,.T.);
#6298 = LINE('',#6299,#6300);
#6299 = CARTESIAN_POINT('',(6.162230377286,-0.35,-0.540767924286));
#6300 = VECTOR('',#6301,1.);
#6301 = DIRECTION('',(0.,1.,3.330669073875E-16));
#6302 = ORIENTED_EDGE('',*,*,#5225,.F.);
#6303 = CYLINDRICAL_SURFACE('',#6304,0.29);
#6304 = AXIS2_PLACEMENT_3D('',#6305,#6306,#6307);
#6305 = CARTESIAN_POINT('',(6.44,-0.35,-0.457437037472));
#6306 = DIRECTION('',(0.,1.,3.330669073875E-16));
#6307 = DIRECTION('',(-1.,0.,0.));
#6308 = ADVANCED_FACE('',(#6309),#6320,.T.);
#6309 = FACE_BOUND('',#6310,.T.);
#6310 = EDGE_LOOP('',(#6311,#6317,#6318,#6319));
#6311 = ORIENTED_EDGE('',*,*,#6312,.T.);
#6312 = EDGE_CURVE('',#5192,#5042,#6313,.T.);
#6313 = LINE('',#6314,#6315);
#6314 = CARTESIAN_POINT('',(6.162230377286,-0.35,-2.459232075714));
#6315 = VECTOR('',#6316,1.);
#6316 = DIRECTION('',(0.,1.,3.330669073875E-16));
#6317 = ORIENTED_EDGE('',*,*,#5041,.T.);
#6318 = ORIENTED_EDGE('',*,*,#6279,.F.);
#6319 = ORIENTED_EDGE('',*,*,#5191,.F.);
#6320 = CYLINDRICAL_SURFACE('',#6321,0.29);
#6321 = AXIS2_PLACEMENT_3D('',#6322,#6323,#6324);
#6322 = CARTESIAN_POINT('',(6.44,-0.35,-2.542562962528));
#6323 = DIRECTION('',(0.,1.,3.330669073875E-16));
#6324 = DIRECTION('',(-0.957826285221,-9.570607158983E-17,0.287347885566
    ));
#6325 = ADVANCED_FACE('',(#6326),#6337,.F.);
#6326 = FACE_BOUND('',#6327,.F.);
#6327 = EDGE_LOOP('',(#6328,#6329,#6335,#6336));
#6328 = ORIENTED_EDGE('',*,*,#5217,.F.);
#6329 = ORIENTED_EDGE('',*,*,#6330,.T.);
#6330 = EDGE_CURVE('',#5209,#5059,#6331,.T.);
#6331 = LINE('',#6332,#6333);
#6332 = CARTESIAN_POINT('',(6.425000733956,-0.35,-1.416669113186));
#6333 = VECTOR('',#6334,1.);
#6334 = DIRECTION('',(0.,1.,3.330669073875E-16));
#6335 = ORIENTED_EDGE('',*,*,#5067,.T.);
#6336 = ORIENTED_EDGE('',*,*,#6297,.F.);
#6337 = PLANE('',#6338);
#6338 = AXIS2_PLACEMENT_3D('',#6339,#6340,#6341);
#6339 = CARTESIAN_POINT('',(6.45,-0.35,-1.5));
#6340 = DIRECTION('',(0.957826285221,-9.570607158995E-17,0.287347885566)
  );
#6341 = DIRECTION('',(-0.287347885566,-5.31700397722E-16,0.957826285221)
  );
#6342 = ADVANCED_FACE('',(#6343),#6354,.F.);
#6343 = FACE_BOUND('',#6344,.F.);
#6344 = EDGE_LOOP('',(#6345,#6346,#6347,#6348));
#6345 = ORIENTED_EDGE('',*,*,#5200,.F.);
#6346 = ORIENTED_EDGE('',*,*,#6312,.T.);
#6347 = ORIENTED_EDGE('',*,*,#5050,.T.);
#6348 = ORIENTED_EDGE('',*,*,#6349,.F.);
#6349 = EDGE_CURVE('',#5201,#5051,#6350,.T.);
#6350 = LINE('',#6351,#6352);
#6351 = CARTESIAN_POINT('',(6.425000733956,-0.35,-1.583330886814));
#6352 = VECTOR('',#6353,1.);
#6353 = DIRECTION('',(0.,1.,3.330669073875E-16));
#6354 = PLANE('',#6355);
#6355 = AXIS2_PLACEMENT_3D('',#6356,#6357,#6358);
#6356 = CARTESIAN_POINT('',(6.15,-0.35,-2.5));
#6357 = DIRECTION('',(0.957826285221,9.570607158995E-17,-0.287347885566)
  );
#6358 = DIRECTION('',(0.287347885566,-5.31700397722E-16,0.957826285221)
  );
#6359 = ADVANCED_FACE('',(#6360),#6366,.F.);
#6360 = FACE_BOUND('',#6361,.F.);
#6361 = EDGE_LOOP('',(#6362,#6363,#6364,#6365));
#6362 = ORIENTED_EDGE('',*,*,#5208,.T.);
#6363 = ORIENTED_EDGE('',*,*,#6349,.T.);
#6364 = ORIENTED_EDGE('',*,*,#5058,.F.);
#6365 = ORIENTED_EDGE('',*,*,#6330,.F.);
#6366 = CYLINDRICAL_SURFACE('',#6367,0.29);
#6367 = AXIS2_PLACEMENT_3D('',#6368,#6369,#6370);
#6368 = CARTESIAN_POINT('',(6.147231111242,-0.35,-1.5));
#6369 = DIRECTION('',(0.,1.,3.330669073875E-16));
#6370 = DIRECTION('',(0.957826285221,-9.570607158983E-17,0.287347885566)
  );
#6371 = ( GEOMETRIC_REPRESENTATION_CONTEXT(3) 
GLOBAL_UNCERTAINTY_ASSIGNED_CONTEXT((#6375)) 
GLOBAL_UNIT_ASSIGNED_CONTEXT((#6372,#6373,#6374)) REPRESENTATION_CONTEXT
('Context #1','3D Context with UNIT and UNCERTAINTY') );
#6372 = ( LENGTH_UNIT() NAMED_UNIT(*) SI_UNIT(.MILLI.,.METRE.) );
#6373 = ( NAMED_UNIT(*) PLANE_ANGLE_UNIT() SI_UNIT($,.RADIAN.) );
#6374 = ( NAMED_UNIT(*) SI_UNIT($,.STERADIAN.) SOLID_ANGLE_UNIT() );
#6375 = UNCERTAINTY_MEASURE_WITH_UNIT(LENGTH_MEASURE(1.E-07),#6372,
  'distance_accuracy_value','confusion accuracy');
#6376 = CONTEXT_DEPENDENT_SHAPE_REPRESENTATION(#6377,#6379);
#6377 = ( REPRESENTATION_RELATIONSHIP('','',#3141,#10) 
REPRESENTATION_RELATIONSHIP_WITH_TRANSFORMATION(#6378) 
SHAPE_REPRESENTATION_RELATIONSHIP() );
#6378 = ITEM_DEFINED_TRANSFORMATION('','',#11,#35);
#6379 = PRODUCT_DEFINITION_SHAPE('Placement','Placement of an item',
  #6380);
#6380 = NEXT_ASSEMBLY_USAGE_OCCURRENCE('6','SW2','',#5,#3136,$);
#6381 = PRODUCT_RELATED_PRODUCT_CATEGORY('part',$,(#3138));
#6382 = SHAPE_DEFINITION_REPRESENTATION(#6383,#6389);
#6383 = PRODUCT_DEFINITION_SHAPE('','',#6384);
#6384 = PRODUCT_DEFINITION('design','',#6385,#6388);
#6385 = PRODUCT_DEFINITION_FORMATION('','',#6386);
#6386 = PRODUCT('PinHeader_1x03_P2.54mm_Vertical',
  'PinHeader_1x03_P2.54mm_Vertical','',(#6387));
#6387 = PRODUCT_CONTEXT('',#2,'mechanical');
#6388 = PRODUCT_DEFINITION_CONTEXT('part definition',#2,'design');
#6389 = ADVANCED_BREP_SHAPE_REPRESENTATION('',(#11,#6390),#8496);
#6390 = MANIFOLD_SOLID_BREP('',#6391);
#6391 = CLOSED_SHELL('',(#6392,#6432,#6463,#6494,#6741,#6988,#7005,#7022
    ,#7039,#7056,#7073,#7090,#7107,#7124,#7141,#7158,#7175,#7192,#7209,
    #7226,#7243,#7260,#7272,#7303,#7327,#7351,#7368,#7399,#7423,#7447,
    #7464,#7495,#7519,#7543,#7560,#7591,#7615,#7639,#7656,#7687,#7711,
    #7735,#7752,#7783,#7807,#7831,#7848,#7879,#7903,#7927,#7944,#7975,
    #7999,#8023,#8040,#8071,#8095,#8119,#8136,#8167,#8191,#8215,#8232,
    #8263,#8287,#8311,#8328,#8359,#8383,#8407,#8424,#8436,#8448,#8460,
    #8472,#8484));
#6392 = ADVANCED_FACE('',(#6393),#6427,.F.);
#6393 = FACE_BOUND('',#6394,.F.);
#6394 = EDGE_LOOP('',(#6395,#6405,#6413,#6421));
#6395 = ORIENTED_EDGE('',*,*,#6396,.T.);
#6396 = EDGE_CURVE('',#6397,#6399,#6401,.T.);
#6397 = VERTEX_POINT('',#6398);
#6398 = CARTESIAN_POINT('',(-1.016,1.27,0.));
#6399 = VERTEX_POINT('',#6400);
#6400 = CARTESIAN_POINT('',(-1.016,1.27,2.54));
#6401 = LINE('',#6402,#6403);
#6402 = CARTESIAN_POINT('',(-1.016,1.27,0.));
#6403 = VECTOR('',#6404,1.);
#6404 = DIRECTION('',(0.,0.,1.));
#6405 = ORIENTED_EDGE('',*,*,#6406,.T.);
#6406 = EDGE_CURVE('',#6399,#6407,#6409,.T.);
#6407 = VERTEX_POINT('',#6408);
#6408 = CARTESIAN_POINT('',(-1.27,1.016,2.54));
#6409 = LINE('',#6410,#6411);
#6410 = CARTESIAN_POINT('',(-1.016,1.27,2.54));
#6411 = VECTOR('',#6412,1.);
#6412 = DIRECTION('',(-0.707106781187,-0.707106781187,0.));
#6413 = ORIENTED_EDGE('',*,*,#6414,.F.);
#6414 = EDGE_CURVE('',#6415,#6407,#6417,.T.);
#6415 = VERTEX_POINT('',#6416);
#6416 = CARTESIAN_POINT('',(-1.27,1.016,0.));
#6417 = LINE('',#6418,#6419);
#6418 = CARTESIAN_POINT('',(-1.27,1.016,0.));
#6419 = VECTOR('',#6420,1.);
#6420 = DIRECTION('',(0.,0.,1.));
#6421 = ORIENTED_EDGE('',*,*,#6422,.F.);
#6422 = EDGE_CURVE('',#6397,#6415,#6423,.T.);
#6423 = LINE('',#6424,#6425);
#6424 = CARTESIAN_POINT('',(-1.016,1.27,0.));
#6425 = VECTOR('',#6426,1.);
#6426 = DIRECTION('',(-0.707106781187,-0.707106781187,0.));
#6427 = PLANE('',#6428);
#6428 = AXIS2_PLACEMENT_3D('',#6429,#6430,#6431);
#6429 = CARTESIAN_POINT('',(-1.016,1.27,0.));
#6430 = DIRECTION('',(0.707106781187,-0.707106781187,0.));
#6431 = DIRECTION('',(-0.707106781187,-0.707106781187,0.));
#6432 = ADVANCED_FACE('',(#6433),#6458,.F.);
#6433 = FACE_BOUND('',#6434,.F.);
#6434 = EDGE_LOOP('',(#6435,#6445,#6451,#6452));
#6435 = ORIENTED_EDGE('',*,*,#6436,.T.);
#6436 = EDGE_CURVE('',#6437,#6439,#6441,.T.);
#6437 = VERTEX_POINT('',#6438);
#6438 = CARTESIAN_POINT('',(1.016,1.27,0.));
#6439 = VERTEX_POINT('',#6440);
#6440 = CARTESIAN_POINT('',(1.016,1.27,2.54));
#6441 = LINE('',#6442,#6443);
#6442 = CARTESIAN_POINT('',(1.016,1.27,0.));
#6443 = VECTOR('',#6444,1.);
#6444 = DIRECTION('',(0.,0.,1.));
#6445 = ORIENTED_EDGE('',*,*,#6446,.T.);
#6446 = EDGE_CURVE('',#6439,#6399,#6447,.T.);
#6447 = LINE('',#6448,#6449);
#6448 = CARTESIAN_POINT('',(1.016,1.27,2.54));
#6449 = VECTOR('',#6450,1.);
#6450 = DIRECTION('',(-1.,0.,0.));
#6451 = ORIENTED_EDGE('',*,*,#6396,.F.);
#6452 = ORIENTED_EDGE('',*,*,#6453,.F.);
#6453 = EDGE_CURVE('',#6437,#6397,#6454,.T.);
#6454 = LINE('',#6455,#6456);
#6455 = CARTESIAN_POINT('',(1.016,1.27,0.));
#6456 = VECTOR('',#6457,1.);
#6457 = DIRECTION('',(-1.,0.,0.));
#6458 = PLANE('',#6459);
#6459 = AXIS2_PLACEMENT_3D('',#6460,#6461,#6462);
#6460 = CARTESIAN_POINT('',(1.016,1.27,0.));
#6461 = DIRECTION('',(0.,-1.,0.));
#6462 = DIRECTION('',(-1.,0.,0.));
#6463 = ADVANCED_FACE('',(#6464),#6489,.F.);
#6464 = FACE_BOUND('',#6465,.F.);
#6465 = EDGE_LOOP('',(#6466,#6467,#6475,#6483));
#6466 = ORIENTED_EDGE('',*,*,#6414,.T.);
#6467 = ORIENTED_EDGE('',*,*,#6468,.T.);
#6468 = EDGE_CURVE('',#6407,#6469,#6471,.T.);
#6469 = VERTEX_POINT('',#6470);
#6470 = CARTESIAN_POINT('',(-1.27,-1.016,2.54));
#6471 = LINE('',#6472,#6473);
#6472 = CARTESIAN_POINT('',(-1.27,1.016,2.54));
#6473 = VECTOR('',#6474,1.);
#6474 = DIRECTION('',(0.,-1.,0.));
#6475 = ORIENTED_EDGE('',*,*,#6476,.F.);
#6476 = EDGE_CURVE('',#6477,#6469,#6479,.T.);
#6477 = VERTEX_POINT('',#6478);
#6478 = CARTESIAN_POINT('',(-1.27,-1.016,0.));
#6479 = LINE('',#6480,#6481);
#6480 = CARTESIAN_POINT('',(-1.27,-1.016,0.));
#6481 = VECTOR('',#6482,1.);
#6482 = DIRECTION('',(0.,0.,1.));
#6483 = ORIENTED_EDGE('',*,*,#6484,.F.);
#6484 = EDGE_CURVE('',#6415,#6477,#6485,.T.);
#6485 = LINE('',#6486,#6487);
#6486 = CARTESIAN_POINT('',(-1.27,1.016,0.));
#6487 = VECTOR('',#6488,1.);
#6488 = DIRECTION('',(0.,-1.,0.));
#6489 = PLANE('',#6490);
#6490 = AXIS2_PLACEMENT_3D('',#6491,#6492,#6493);
#6491 = CARTESIAN_POINT('',(-1.27,1.016,0.));
#6492 = DIRECTION('',(1.,0.,0.));
#6493 = DIRECTION('',(0.,-1.,0.));
#6494 = ADVANCED_FACE('',(#6495,#6634,#6668,#6702),#6736,.F.);
#6495 = FACE_BOUND('',#6496,.F.);
#6496 = EDGE_LOOP('',(#6497,#6498,#6499,#6507,#6515,#6523,#6531,#6539,
    #6547,#6555,#6563,#6571,#6579,#6587,#6595,#6603,#6611,#6619,#6627,
    #6633));
#6497 = ORIENTED_EDGE('',*,*,#6422,.T.);
#6498 = ORIENTED_EDGE('',*,*,#6484,.T.);
#6499 = ORIENTED_EDGE('',*,*,#6500,.T.);
#6500 = EDGE_CURVE('',#6477,#6501,#6503,.T.);
#6501 = VERTEX_POINT('',#6502);
#6502 = CARTESIAN_POINT('',(-1.016,-1.27,0.));
#6503 = LINE('',#6504,#6505);
#6504 = CARTESIAN_POINT('',(-1.27,-1.016,0.));
#6505 = VECTOR('',#6506,1.);
#6506 = DIRECTION('',(0.707106781187,-0.707106781187,0.));
#6507 = ORIENTED_EDGE('',*,*,#6508,.T.);
#6508 = EDGE_CURVE('',#6501,#6509,#6511,.T.);
#6509 = VERTEX_POINT('',#6510);
#6510 = CARTESIAN_POINT('',(-1.27,-1.524,0.));
#6511 = LINE('',#6512,#6513);
#6512 = CARTESIAN_POINT('',(-1.016,-1.27,0.));
#6513 = VECTOR('',#6514,1.);
#6514 = DIRECTION('',(-0.707106781187,-0.707106781187,0.));
#6515 = ORIENTED_EDGE('',*,*,#6516,.T.);
#6516 = EDGE_CURVE('',#6509,#6517,#6519,.T.);
#6517 = VERTEX_POINT('',#6518);
#6518 = CARTESIAN_POINT('',(-1.27,-3.556,0.));
#6519 = LINE('',#6520,#6521);
#6520 = CARTESIAN_POINT('',(-1.27,-1.524,0.));
#6521 = VECTOR('',#6522,1.);
#6522 = DIRECTION('',(0.,-1.,0.));
#6523 = ORIENTED_EDGE('',*,*,#6524,.T.);
#6524 = EDGE_CURVE('',#6517,#6525,#6527,.T.);
#6525 = VERTEX_POINT('',#6526);
#6526 = CARTESIAN_POINT('',(-1.016,-3.81,0.));
#6527 = LINE('',#6528,#6529);
#6528 = CARTESIAN_POINT('',(-1.27,-3.556,0.));
#6529 = VECTOR('',#6530,1.);
#6530 = DIRECTION('',(0.707106781187,-0.707106781187,0.));
#6531 = ORIENTED_EDGE('',*,*,#6532,.T.);
#6532 = EDGE_CURVE('',#6525,#6533,#6535,.T.);
#6533 = VERTEX_POINT('',#6534);
#6534 = CARTESIAN_POINT('',(-1.27,-4.064,0.));
#6535 = LINE('',#6536,#6537);
#6536 = CARTESIAN_POINT('',(-1.016,-3.81,0.));
#6537 = VECTOR('',#6538,1.);
#6538 = DIRECTION('',(-0.707106781187,-0.707106781187,0.));
#6539 = ORIENTED_EDGE('',*,*,#6540,.T.);
#6540 = EDGE_CURVE('',#6533,#6541,#6543,.T.);
#6541 = VERTEX_POINT('',#6542);
#6542 = CARTESIAN_POINT('',(-1.27,-6.096,0.));
#6543 = LINE('',#6544,#6545);
#6544 = CARTESIAN_POINT('',(-1.27,-4.064,0.));
#6545 = VECTOR('',#6546,1.);
#6546 = DIRECTION('',(0.,-1.,0.));
#6547 = ORIENTED_EDGE('',*,*,#6548,.T.);
#6548 = EDGE_CURVE('',#6541,#6549,#6551,.T.);
#6549 = VERTEX_POINT('',#6550);
#6550 = CARTESIAN_POINT('',(-1.016,-6.35,0.));
#6551 = LINE('',#6552,#6553);
#6552 = CARTESIAN_POINT('',(-1.27,-6.096,0.));
#6553 = VECTOR('',#6554,1.);
#6554 = DIRECTION('',(0.707106781187,-0.707106781187,0.));
#6555 = ORIENTED_EDGE('',*,*,#6556,.T.);
#6556 = EDGE_CURVE('',#6549,#6557,#6559,.T.);
#6557 = VERTEX_POINT('',#6558);
#6558 = CARTESIAN_POINT('',(1.016,-6.35,0.));
#6559 = LINE('',#6560,#6561);
#6560 = CARTESIAN_POINT('',(-1.016,-6.35,0.));
#6561 = VECTOR('',#6562,1.);
#6562 = DIRECTION('',(1.,0.,0.));
#6563 = ORIENTED_EDGE('',*,*,#6564,.T.);
#6564 = EDGE_CURVE('',#6557,#6565,#6567,.T.);
#6565 = VERTEX_POINT('',#6566);
#6566 = CARTESIAN_POINT('',(1.27,-6.096,0.));
#6567 = LINE('',#6568,#6569);
#6568 = CARTESIAN_POINT('',(1.016,-6.35,0.));
#6569 = VECTOR('',#6570,1.);
#6570 = DIRECTION('',(0.707106781187,0.707106781187,0.));
#6571 = ORIENTED_EDGE('',*,*,#6572,.T.);
#6572 = EDGE_CURVE('',#6565,#6573,#6575,.T.);
#6573 = VERTEX_POINT('',#6574);
#6574 = CARTESIAN_POINT('',(1.27,-4.064,0.));
#6575 = LINE('',#6576,#6577);
#6576 = CARTESIAN_POINT('',(1.27,-6.096,0.));
#6577 = VECTOR('',#6578,1.);
#6578 = DIRECTION('',(0.,1.,0.));
#6579 = ORIENTED_EDGE('',*,*,#6580,.T.);
#6580 = EDGE_CURVE('',#6573,#6581,#6583,.T.);
#6581 = VERTEX_POINT('',#6582);
#6582 = CARTESIAN_POINT('',(1.016,-3.81,0.));
#6583 = LINE('',#6584,#6585);
#6584 = CARTESIAN_POINT('',(1.27,-4.064,0.));
#6585 = VECTOR('',#6586,1.);
#6586 = DIRECTION('',(-0.707106781187,0.707106781187,0.));
#6587 = ORIENTED_EDGE('',*,*,#6588,.T.);
#6588 = EDGE_CURVE('',#6581,#6589,#6591,.T.);
#6589 = VERTEX_POINT('',#6590);
#6590 = CARTESIAN_POINT('',(1.27,-3.556,0.));
#6591 = LINE('',#6592,#6593);
#6592 = CARTESIAN_POINT('',(1.016,-3.81,0.));
#6593 = VECTOR('',#6594,1.);
#6594 = DIRECTION('',(0.707106781187,0.707106781187,0.));
#6595 = ORIENTED_EDGE('',*,*,#6596,.T.);
#6596 = EDGE_CURVE('',#6589,#6597,#6599,.T.);
#6597 = VERTEX_POINT('',#6598);
#6598 = CARTESIAN_POINT('',(1.27,-1.524,0.));
#6599 = LINE('',#6600,#6601);
#6600 = CARTESIAN_POINT('',(1.27,-3.556,0.));
#6601 = VECTOR('',#6602,1.);
#6602 = DIRECTION('',(0.,1.,0.));
#6603 = ORIENTED_EDGE('',*,*,#6604,.T.);
#6604 = EDGE_CURVE('',#6597,#6605,#6607,.T.);
#6605 = VERTEX_POINT('',#6606);
#6606 = CARTESIAN_POINT('',(1.016,-1.27,0.));
#6607 = LINE('',#6608,#6609);
#6608 = CARTESIAN_POINT('',(1.27,-1.524,0.));
#6609 = VECTOR('',#6610,1.);
#6610 = DIRECTION('',(-0.707106781187,0.707106781187,0.));
#6611 = ORIENTED_EDGE('',*,*,#6612,.T.);
#6612 = EDGE_CURVE('',#6605,#6613,#6615,.T.);
#6613 = VERTEX_POINT('',#6614);
#6614 = CARTESIAN_POINT('',(1.27,-1.016,0.));
#6615 = LINE('',#6616,#6617);
#6616 = CARTESIAN_POINT('',(1.016,-1.27,0.));
#6617 = VECTOR('',#6618,1.);
#6618 = DIRECTION('',(0.707106781187,0.707106781187,0.));
#6619 = ORIENTED_EDGE('',*,*,#6620,.T.);
#6620 = EDGE_CURVE('',#6613,#6621,#6623,.T.);
#6621 = VERTEX_POINT('',#6622);
#6622 = CARTESIAN_POINT('',(1.27,1.016,0.));
#6623 = LINE('',#6624,#6625);
#6624 = CARTESIAN_POINT('',(1.27,-1.016,0.));
#6625 = VECTOR('',#6626,1.);
#6626 = DIRECTION('',(0.,1.,0.));
#6627 = ORIENTED_EDGE('',*,*,#6628,.T.);
#6628 = EDGE_CURVE('',#6621,#6437,#6629,.T.);
#6629 = LINE('',#6630,#6631);
#6630 = CARTESIAN_POINT('',(1.27,1.016,0.));
#6631 = VECTOR('',#6632,1.);
#6632 = DIRECTION('',(-0.707106781187,0.707106781187,0.));
#6633 = ORIENTED_EDGE('',*,*,#6453,.T.);
#6634 = FACE_BOUND('',#6635,.F.);
#6635 = EDGE_LOOP('',(#6636,#6646,#6654,#6662));
#6636 = ORIENTED_EDGE('',*,*,#6637,.F.);
#6637 = EDGE_CURVE('',#6638,#6640,#6642,.T.);
#6638 = VERTEX_POINT('',#6639);
#6639 = CARTESIAN_POINT('',(0.32,-0.32,0.));
#6640 = VERTEX_POINT('',#6641);
#6641 = CARTESIAN_POINT('',(0.32,0.32,0.));
#6642 = LINE('',#6643,#6644);
#6643 = CARTESIAN_POINT('',(0.32,-1.43,0.));
#6644 = VECTOR('',#6645,1.);
#6645 = DIRECTION('',(0.,1.,0.));
#6646 = ORIENTED_EDGE('',*,*,#6647,.T.);
#6647 = EDGE_CURVE('',#6638,#6648,#6650,.T.);
#6648 = VERTEX_POINT('',#6649);
#6649 = CARTESIAN_POINT('',(-0.32,-0.32,0.));
#6650 = LINE('',#6651,#6652);
#6651 = CARTESIAN_POINT('',(-0.16,-0.32,0.));
#6652 = VECTOR('',#6653,1.);
#6653 = DIRECTION('',(-1.,0.,0.));
#6654 = ORIENTED_EDGE('',*,*,#6655,.T.);
#6655 = EDGE_CURVE('',#6648,#6656,#6658,.T.);
#6656 = VERTEX_POINT('',#6657);
#6657 = CARTESIAN_POINT('',(-0.32,0.32,0.));
#6658 = LINE('',#6659,#6660);
#6659 = CARTESIAN_POINT('',(-0.32,-1.43,0.));
#6660 = VECTOR('',#6661,1.);
#6661 = DIRECTION('',(0.,1.,0.));
#6662 = ORIENTED_EDGE('',*,*,#6663,.F.);
#6663 = EDGE_CURVE('',#6640,#6656,#6664,.T.);
#6664 = LINE('',#6665,#6666);
#6665 = CARTESIAN_POINT('',(-0.16,0.32,0.));
#6666 = VECTOR('',#6667,1.);
#6667 = DIRECTION('',(-1.,0.,0.));
#6668 = FACE_BOUND('',#6669,.F.);
#6669 = EDGE_LOOP('',(#6670,#6680,#6688,#6696));
#6670 = ORIENTED_EDGE('',*,*,#6671,.T.);
#6671 = EDGE_CURVE('',#6672,#6674,#6676,.T.);
#6672 = VERTEX_POINT('',#6673);
#6673 = CARTESIAN_POINT('',(0.32,-2.86,0.));
#6674 = VERTEX_POINT('',#6675);
#6675 = CARTESIAN_POINT('',(-0.32,-2.86,0.));
#6676 = LINE('',#6677,#6678);
#6677 = CARTESIAN_POINT('',(-0.16,-2.86,0.));
#6678 = VECTOR('',#6679,1.);
#6679 = DIRECTION('',(-1.,0.,0.));
#6680 = ORIENTED_EDGE('',*,*,#6681,.T.);
#6681 = EDGE_CURVE('',#6674,#6682,#6684,.T.);
#6682 = VERTEX_POINT('',#6683);
#6683 = CARTESIAN_POINT('',(-0.32,-2.22,0.));
#6684 = LINE('',#6685,#6686);
#6685 = CARTESIAN_POINT('',(-0.32,-2.7,0.));
#6686 = VECTOR('',#6687,1.);
#6687 = DIRECTION('',(0.,1.,0.));
#6688 = ORIENTED_EDGE('',*,*,#6689,.F.);
#6689 = EDGE_CURVE('',#6690,#6682,#6692,.T.);
#6690 = VERTEX_POINT('',#6691);
#6691 = CARTESIAN_POINT('',(0.32,-2.22,0.));
#6692 = LINE('',#6693,#6694);
#6693 = CARTESIAN_POINT('',(-0.16,-2.22,0.));
#6694 = VECTOR('',#6695,1.);
#6695 = DIRECTION('',(-1.,0.,0.));
#6696 = ORIENTED_EDGE('',*,*,#6697,.F.);
#6697 = EDGE_CURVE('',#6672,#6690,#6698,.T.);
#6698 = LINE('',#6699,#6700);
#6699 = CARTESIAN_POINT('',(0.32,-2.7,0.));
#6700 = VECTOR('',#6701,1.);
#6701 = DIRECTION('',(0.,1.,0.));
#6702 = FACE_BOUND('',#6703,.F.);
#6703 = EDGE_LOOP('',(#6704,#6714,#6722,#6730));
#6704 = ORIENTED_EDGE('',*,*,#6705,.F.);
#6705 = EDGE_CURVE('',#6706,#6708,#6710,.T.);
#6706 = VERTEX_POINT('',#6707);
#6707 = CARTESIAN_POINT('',(0.32,-4.76,0.));
#6708 = VERTEX_POINT('',#6709);
#6709 = CARTESIAN_POINT('',(-0.32,-4.76,0.));
#6710 = LINE('',#6711,#6712);
#6711 = CARTESIAN_POINT('',(-0.16,-4.76,0.));
#6712 = VECTOR('',#6713,1.);
#6713 = DIRECTION('',(-1.,0.,0.));
#6714 = ORIENTED_EDGE('',*,*,#6715,.F.);
#6715 = EDGE_CURVE('',#6716,#6706,#6718,.T.);
#6716 = VERTEX_POINT('',#6717);
#6717 = CARTESIAN_POINT('',(0.32,-5.4,0.));
#6718 = LINE('',#6719,#6720);
#6719 = CARTESIAN_POINT('',(0.32,-3.97,0.));
#6720 = VECTOR('',#6721,1.);
#6721 = DIRECTION('',(0.,1.,0.));
#6722 = ORIENTED_EDGE('',*,*,#6723,.T.);
#6723 = EDGE_CURVE('',#6716,#6724,#6726,.T.);
#6724 = VERTEX_POINT('',#6725);
#6725 = CARTESIAN_POINT('',(-0.32,-5.4,0.));
#6726 = LINE('',#6727,#6728);
#6727 = CARTESIAN_POINT('',(-0.16,-5.4,0.));
#6728 = VECTOR('',#6729,1.);
#6729 = DIRECTION('',(-1.,0.,0.));
#6730 = ORIENTED_EDGE('',*,*,#6731,.T.);
#6731 = EDGE_CURVE('',#6724,#6708,#6732,.T.);
#6732 = LINE('',#6733,#6734);
#6733 = CARTESIAN_POINT('',(-0.32,-3.97,0.));
#6734 = VECTOR('',#6735,1.);
#6735 = DIRECTION('',(0.,1.,0.));
#6736 = PLANE('',#6737);
#6737 = AXIS2_PLACEMENT_3D('',#6738,#6739,#6740);
#6738 = CARTESIAN_POINT('',(5.398204781459E-17,-2.54,0.));
#6739 = DIRECTION('',(0.,0.,1.));
#6740 = DIRECTION('',(1.,0.,-0.));
#6741 = ADVANCED_FACE('',(#6742,#6881,#6915,#6949),#6983,.T.);
#6742 = FACE_BOUND('',#6743,.T.);
#6743 = EDGE_LOOP('',(#6744,#6745,#6746,#6754,#6762,#6770,#6778,#6786,
    #6794,#6802,#6810,#6818,#6826,#6834,#6842,#6850,#6858,#6866,#6874,
    #6880));
#6744 = ORIENTED_EDGE('',*,*,#6406,.T.);
#6745 = ORIENTED_EDGE('',*,*,#6468,.T.);
#6746 = ORIENTED_EDGE('',*,*,#6747,.T.);
#6747 = EDGE_CURVE('',#6469,#6748,#6750,.T.);
#6748 = VERTEX_POINT('',#6749);
#6749 = CARTESIAN_POINT('',(-1.016,-1.27,2.54));
#6750 = LINE('',#6751,#6752);
#6751 = CARTESIAN_POINT('',(-1.27,-1.016,2.54));
#6752 = VECTOR('',#6753,1.);
#6753 = DIRECTION('',(0.707106781187,-0.707106781187,0.));
#6754 = ORIENTED_EDGE('',*,*,#6755,.T.);
#6755 = EDGE_CURVE('',#6748,#6756,#6758,.T.);
#6756 = VERTEX_POINT('',#6757);
#6757 = CARTESIAN_POINT('',(-1.27,-1.524,2.54));
#6758 = LINE('',#6759,#6760);
#6759 = CARTESIAN_POINT('',(-1.016,-1.27,2.54));
#6760 = VECTOR('',#6761,1.);
#6761 = DIRECTION('',(-0.707106781187,-0.707106781187,0.));
#6762 = ORIENTED_EDGE('',*,*,#6763,.T.);
#6763 = EDGE_CURVE('',#6756,#6764,#6766,.T.);
#6764 = VERTEX_POINT('',#6765);
#6765 = CARTESIAN_POINT('',(-1.27,-3.556,2.54));
#6766 = LINE('',#6767,#6768);
#6767 = CARTESIAN_POINT('',(-1.27,-1.524,2.54));
#6768 = VECTOR('',#6769,1.);
#6769 = DIRECTION('',(0.,-1.,0.));
#6770 = ORIENTED_EDGE('',*,*,#6771,.T.);
#6771 = EDGE_CURVE('',#6764,#6772,#6774,.T.);
#6772 = VERTEX_POINT('',#6773);
#6773 = CARTESIAN_POINT('',(-1.016,-3.81,2.54));
#6774 = LINE('',#6775,#6776);
#6775 = CARTESIAN_POINT('',(-1.27,-3.556,2.54));
#6776 = VECTOR('',#6777,1.);
#6777 = DIRECTION('',(0.707106781187,-0.707106781187,0.));
#6778 = ORIENTED_EDGE('',*,*,#6779,.T.);
#6779 = EDGE_CURVE('',#6772,#6780,#6782,.T.);
#6780 = VERTEX_POINT('',#6781);
#6781 = CARTESIAN_POINT('',(-1.27,-4.064,2.54));
#6782 = LINE('',#6783,#6784);
#6783 = CARTESIAN_POINT('',(-1.016,-3.81,2.54));
#6784 = VECTOR('',#6785,1.);
#6785 = DIRECTION('',(-0.707106781187,-0.707106781187,0.));
#6786 = ORIENTED_EDGE('',*,*,#6787,.T.);
#6787 = EDGE_CURVE('',#6780,#6788,#6790,.T.);
#6788 = VERTEX_POINT('',#6789);
#6789 = CARTESIAN_POINT('',(-1.27,-6.096,2.54));
#6790 = LINE('',#6791,#6792);
#6791 = CARTESIAN_POINT('',(-1.27,-4.064,2.54));
#6792 = VECTOR('',#6793,1.);
#6793 = DIRECTION('',(0.,-1.,0.));
#6794 = ORIENTED_EDGE('',*,*,#6795,.T.);
#6795 = EDGE_CURVE('',#6788,#6796,#6798,.T.);
#6796 = VERTEX_POINT('',#6797);
#6797 = CARTESIAN_POINT('',(-1.016,-6.35,2.54));
#6798 = LINE('',#6799,#6800);
#6799 = CARTESIAN_POINT('',(-1.27,-6.096,2.54));
#6800 = VECTOR('',#6801,1.);
#6801 = DIRECTION('',(0.707106781187,-0.707106781187,0.));
#6802 = ORIENTED_EDGE('',*,*,#6803,.T.);
#6803 = EDGE_CURVE('',#6796,#6804,#6806,.T.);
#6804 = VERTEX_POINT('',#6805);
#6805 = CARTESIAN_POINT('',(1.016,-6.35,2.54));
#6806 = LINE('',#6807,#6808);
#6807 = CARTESIAN_POINT('',(-1.016,-6.35,2.54));
#6808 = VECTOR('',#6809,1.);
#6809 = DIRECTION('',(1.,0.,0.));
#6810 = ORIENTED_EDGE('',*,*,#6811,.T.);
#6811 = EDGE_CURVE('',#6804,#6812,#6814,.T.);
#6812 = VERTEX_POINT('',#6813);
#6813 = CARTESIAN_POINT('',(1.27,-6.096,2.54));
#6814 = LINE('',#6815,#6816);
#6815 = CARTESIAN_POINT('',(1.016,-6.35,2.54));
#6816 = VECTOR('',#6817,1.);
#6817 = DIRECTION('',(0.707106781187,0.707106781187,0.));
#6818 = ORIENTED_EDGE('',*,*,#6819,.T.);
#6819 = EDGE_CURVE('',#6812,#6820,#6822,.T.);
#6820 = VERTEX_POINT('',#6821);
#6821 = CARTESIAN_POINT('',(1.27,-4.064,2.54));
#6822 = LINE('',#6823,#6824);
#6823 = CARTESIAN_POINT('',(1.27,-6.096,2.54));
#6824 = VECTOR('',#6825,1.);
#6825 = DIRECTION('',(0.,1.,0.));
#6826 = ORIENTED_EDGE('',*,*,#6827,.T.);
#6827 = EDGE_CURVE('',#6820,#6828,#6830,.T.);
#6828 = VERTEX_POINT('',#6829);
#6829 = CARTESIAN_POINT('',(1.016,-3.81,2.54));
#6830 = LINE('',#6831,#6832);
#6831 = CARTESIAN_POINT('',(1.27,-4.064,2.54));
#6832 = VECTOR('',#6833,1.);
#6833 = DIRECTION('',(-0.707106781187,0.707106781187,0.));
#6834 = ORIENTED_EDGE('',*,*,#6835,.T.);
#6835 = EDGE_CURVE('',#6828,#6836,#6838,.T.);
#6836 = VERTEX_POINT('',#6837);
#6837 = CARTESIAN_POINT('',(1.27,-3.556,2.54));
#6838 = LINE('',#6839,#6840);
#6839 = CARTESIAN_POINT('',(1.016,-3.81,2.54));
#6840 = VECTOR('',#6841,1.);
#6841 = DIRECTION('',(0.707106781187,0.707106781187,0.));
#6842 = ORIENTED_EDGE('',*,*,#6843,.T.);
#6843 = EDGE_CURVE('',#6836,#6844,#6846,.T.);
#6844 = VERTEX_POINT('',#6845);
#6845 = CARTESIAN_POINT('',(1.27,-1.524,2.54));
#6846 = LINE('',#6847,#6848);
#6847 = CARTESIAN_POINT('',(1.27,-3.556,2.54));
#6848 = VECTOR('',#6849,1.);
#6849 = DIRECTION('',(0.,1.,0.));
#6850 = ORIENTED_EDGE('',*,*,#6851,.T.);
#6851 = EDGE_CURVE('',#6844,#6852,#6854,.T.);
#6852 = VERTEX_POINT('',#6853);
#6853 = CARTESIAN_POINT('',(1.016,-1.27,2.54));
#6854 = LINE('',#6855,#6856);
#6855 = CARTESIAN_POINT('',(1.27,-1.524,2.54));
#6856 = VECTOR('',#6857,1.);
#6857 = DIRECTION('',(-0.707106781187,0.707106781187,0.));
#6858 = ORIENTED_EDGE('',*,*,#6859,.T.);
#6859 = EDGE_CURVE('',#6852,#6860,#6862,.T.);
#6860 = VERTEX_POINT('',#6861);
#6861 = CARTESIAN_POINT('',(1.27,-1.016,2.54));
#6862 = LINE('',#6863,#6864);
#6863 = CARTESIAN_POINT('',(1.016,-1.27,2.54));
#6864 = VECTOR('',#6865,1.);
#6865 = DIRECTION('',(0.707106781187,0.707106781187,0.));
#6866 = ORIENTED_EDGE('',*,*,#6867,.T.);
#6867 = EDGE_CURVE('',#6860,#6868,#6870,.T.);
#6868 = VERTEX_POINT('',#6869);
#6869 = CARTESIAN_POINT('',(1.27,1.016,2.54));
#6870 = LINE('',#6871,#6872);
#6871 = CARTESIAN_POINT('',(1.27,-1.016,2.54));
#6872 = VECTOR('',#6873,1.);
#6873 = DIRECTION('',(0.,1.,0.));
#6874 = ORIENTED_EDGE('',*,*,#6875,.T.);
#6875 = EDGE_CURVE('',#6868,#6439,#6876,.T.);
#6876 = LINE('',#6877,#6878);
#6877 = CARTESIAN_POINT('',(1.27,1.016,2.54));
#6878 = VECTOR('',#6879,1.);
#6879 = DIRECTION('',(-0.707106781187,0.707106781187,0.));
#6880 = ORIENTED_EDGE('',*,*,#6446,.T.);
#6881 = FACE_BOUND('',#6882,.T.);
#6882 = EDGE_LOOP('',(#6883,#6893,#6901,#6909));
#6883 = ORIENTED_EDGE('',*,*,#6884,.F.);
#6884 = EDGE_CURVE('',#6885,#6887,#6889,.T.);
#6885 = VERTEX_POINT('',#6886);
#6886 = CARTESIAN_POINT('',(0.32,-0.32,2.54));
#6887 = VERTEX_POINT('',#6888);
#6888 = CARTESIAN_POINT('',(0.32,0.32,2.54));
#6889 = LINE('',#6890,#6891);
#6890 = CARTESIAN_POINT('',(0.32,-1.43,2.54));
#6891 = VECTOR('',#6892,1.);
#6892 = DIRECTION('',(0.,1.,0.));
#6893 = ORIENTED_EDGE('',*,*,#6894,.T.);
#6894 = EDGE_CURVE('',#6885,#6895,#6897,.T.);
#6895 = VERTEX_POINT('',#6896);
#6896 = CARTESIAN_POINT('',(-0.32,-0.32,2.54));
#6897 = LINE('',#6898,#6899);
#6898 = CARTESIAN_POINT('',(-0.16,-0.32,2.54));
#6899 = VECTOR('',#6900,1.);
#6900 = DIRECTION('',(-1.,0.,0.));
#6901 = ORIENTED_EDGE('',*,*,#6902,.T.);
#6902 = EDGE_CURVE('',#6895,#6903,#6905,.T.);
#6903 = VERTEX_POINT('',#6904);
#6904 = CARTESIAN_POINT('',(-0.32,0.32,2.54));
#6905 = LINE('',#6906,#6907);
#6906 = CARTESIAN_POINT('',(-0.32,-1.43,2.54));
#6907 = VECTOR('',#6908,1.);
#6908 = DIRECTION('',(0.,1.,0.));
#6909 = ORIENTED_EDGE('',*,*,#6910,.F.);
#6910 = EDGE_CURVE('',#6887,#6903,#6911,.T.);
#6911 = LINE('',#6912,#6913);
#6912 = CARTESIAN_POINT('',(-0.16,0.32,2.54));
#6913 = VECTOR('',#6914,1.);
#6914 = DIRECTION('',(-1.,0.,0.));
#6915 = FACE_BOUND('',#6916,.T.);
#6916 = EDGE_LOOP('',(#6917,#6927,#6935,#6943));
#6917 = ORIENTED_EDGE('',*,*,#6918,.T.);
#6918 = EDGE_CURVE('',#6919,#6921,#6923,.T.);
#6919 = VERTEX_POINT('',#6920);
#6920 = CARTESIAN_POINT('',(0.32,-2.86,2.54));
#6921 = VERTEX_POINT('',#6922);
#6922 = CARTESIAN_POINT('',(-0.32,-2.86,2.54));
#6923 = LINE('',#6924,#6925);
#6924 = CARTESIAN_POINT('',(-0.16,-2.86,2.54));
#6925 = VECTOR('',#6926,1.);
#6926 = DIRECTION('',(-1.,0.,0.));
#6927 = ORIENTED_EDGE('',*,*,#6928,.T.);
#6928 = EDGE_CURVE('',#6921,#6929,#6931,.T.);
#6929 = VERTEX_POINT('',#6930);
#6930 = CARTESIAN_POINT('',(-0.32,-2.22,2.54));
#6931 = LINE('',#6932,#6933);
#6932 = CARTESIAN_POINT('',(-0.32,-2.7,2.54));
#6933 = VECTOR('',#6934,1.);
#6934 = DIRECTION('',(0.,1.,0.));
#6935 = ORIENTED_EDGE('',*,*,#6936,.F.);
#6936 = EDGE_CURVE('',#6937,#6929,#6939,.T.);
#6937 = VERTEX_POINT('',#6938);
#6938 = CARTESIAN_POINT('',(0.32,-2.22,2.54));
#6939 = LINE('',#6940,#6941);
#6940 = CARTESIAN_POINT('',(-0.16,-2.22,2.54));
#6941 = VECTOR('',#6942,1.);
#6942 = DIRECTION('',(-1.,0.,0.));
#6943 = ORIENTED_EDGE('',*,*,#6944,.F.);
#6944 = EDGE_CURVE('',#6919,#6937,#6945,.T.);
#6945 = LINE('',#6946,#6947);
#6946 = CARTESIAN_POINT('',(0.32,-2.7,2.54));
#6947 = VECTOR('',#6948,1.);
#6948 = DIRECTION('',(0.,1.,0.));
#6949 = FACE_BOUND('',#6950,.T.);
#6950 = EDGE_LOOP('',(#6951,#6961,#6969,#6977));
#6951 = ORIENTED_EDGE('',*,*,#6952,.F.);
#6952 = EDGE_CURVE('',#6953,#6955,#6957,.T.);
#6953 = VERTEX_POINT('',#6954);
#6954 = CARTESIAN_POINT('',(0.32,-4.76,2.54));
#6955 = VERTEX_POINT('',#6956);
#6956 = CARTESIAN_POINT('',(-0.32,-4.76,2.54));
#6957 = LINE('',#6958,#6959);
#6958 = CARTESIAN_POINT('',(-0.16,-4.76,2.54));
#6959 = VECTOR('',#6960,1.);
#6960 = DIRECTION('',(-1.,0.,0.));
#6961 = ORIENTED_EDGE('',*,*,#6962,.F.);
#6962 = EDGE_CURVE('',#6963,#6953,#6965,.T.);
#6963 = VERTEX_POINT('',#6964);
#6964 = CARTESIAN_POINT('',(0.32,-5.4,2.54));
#6965 = LINE('',#6966,#6967);
#6966 = CARTESIAN_POINT('',(0.32,-3.97,2.54));
#6967 = VECTOR('',#6968,1.);
#6968 = DIRECTION('',(0.,1.,0.));
#6969 = ORIENTED_EDGE('',*,*,#6970,.T.);
#6970 = EDGE_CURVE('',#6963,#6971,#6973,.T.);
#6971 = VERTEX_POINT('',#6972);
#6972 = CARTESIAN_POINT('',(-0.32,-5.4,2.54));
#6973 = LINE('',#6974,#6975);
#6974 = CARTESIAN_POINT('',(-0.16,-5.4,2.54));
#6975 = VECTOR('',#6976,1.);
#6976 = DIRECTION('',(-1.,0.,0.));
#6977 = ORIENTED_EDGE('',*,*,#6978,.T.);
#6978 = EDGE_CURVE('',#6971,#6955,#6979,.T.);
#6979 = LINE('',#6980,#6981);
#6980 = CARTESIAN_POINT('',(-0.32,-3.97,2.54));
#6981 = VECTOR('',#6982,1.);
#6982 = DIRECTION('',(0.,1.,0.));
#6983 = PLANE('',#6984);
#6984 = AXIS2_PLACEMENT_3D('',#6985,#6986,#6987);
#6985 = CARTESIAN_POINT('',(5.398204781459E-17,-2.54,2.54));
#6986 = DIRECTION('',(0.,0.,1.));
#6987 = DIRECTION('',(1.,0.,-0.));
#6988 = ADVANCED_FACE('',(#6989),#7000,.F.);
#6989 = FACE_BOUND('',#6990,.F.);
#6990 = EDGE_LOOP('',(#6991,#6997,#6998,#6999));
#6991 = ORIENTED_EDGE('',*,*,#6992,.T.);
#6992 = EDGE_CURVE('',#6621,#6868,#6993,.T.);
#6993 = LINE('',#6994,#6995);
#6994 = CARTESIAN_POINT('',(1.27,1.016,0.));
#6995 = VECTOR('',#6996,1.);
#6996 = DIRECTION('',(0.,0.,1.));
#6997 = ORIENTED_EDGE('',*,*,#6875,.T.);
#6998 = ORIENTED_EDGE('',*,*,#6436,.F.);
#6999 = ORIENTED_EDGE('',*,*,#6628,.F.);
#7000 = PLANE('',#7001);
#7001 = AXIS2_PLACEMENT_3D('',#7002,#7003,#7004);
#7002 = CARTESIAN_POINT('',(1.27,1.016,0.));
#7003 = DIRECTION('',(-0.707106781187,-0.707106781187,0.));
#7004 = DIRECTION('',(-0.707106781187,0.707106781187,0.));
#7005 = ADVANCED_FACE('',(#7006),#7017,.F.);
#7006 = FACE_BOUND('',#7007,.F.);
#7007 = EDGE_LOOP('',(#7008,#7009,#7010,#7016));
#7008 = ORIENTED_EDGE('',*,*,#6476,.T.);
#7009 = ORIENTED_EDGE('',*,*,#6747,.T.);
#7010 = ORIENTED_EDGE('',*,*,#7011,.F.);
#7011 = EDGE_CURVE('',#6501,#6748,#7012,.T.);
#7012 = LINE('',#7013,#7014);
#7013 = CARTESIAN_POINT('',(-1.016,-1.27,0.));
#7014 = VECTOR('',#7015,1.);
#7015 = DIRECTION('',(0.,0.,1.));
#7016 = ORIENTED_EDGE('',*,*,#6500,.F.);
#7017 = PLANE('',#7018);
#7018 = AXIS2_PLACEMENT_3D('',#7019,#7020,#7021);
#7019 = CARTESIAN_POINT('',(-1.27,-1.016,0.));
#7020 = DIRECTION('',(0.707106781187,0.707106781187,0.));
#7021 = DIRECTION('',(0.707106781187,-0.707106781187,0.));
#7022 = ADVANCED_FACE('',(#7023),#7034,.F.);
#7023 = FACE_BOUND('',#7024,.F.);
#7024 = EDGE_LOOP('',(#7025,#7031,#7032,#7033));
#7025 = ORIENTED_EDGE('',*,*,#7026,.T.);
#7026 = EDGE_CURVE('',#6613,#6860,#7027,.T.);
#7027 = LINE('',#7028,#7029);
#7028 = CARTESIAN_POINT('',(1.27,-1.016,0.));
#7029 = VECTOR('',#7030,1.);
#7030 = DIRECTION('',(0.,0.,1.));
#7031 = ORIENTED_EDGE('',*,*,#6867,.T.);
#7032 = ORIENTED_EDGE('',*,*,#6992,.F.);
#7033 = ORIENTED_EDGE('',*,*,#6620,.F.);
#7034 = PLANE('',#7035);
#7035 = AXIS2_PLACEMENT_3D('',#7036,#7037,#7038);
#7036 = CARTESIAN_POINT('',(1.27,-1.016,0.));
#7037 = DIRECTION('',(-1.,0.,0.));
#7038 = DIRECTION('',(0.,1.,0.));
#7039 = ADVANCED_FACE('',(#7040),#7051,.F.);
#7040 = FACE_BOUND('',#7041,.F.);
#7041 = EDGE_LOOP('',(#7042,#7043,#7044,#7050));
#7042 = ORIENTED_EDGE('',*,*,#7011,.T.);
#7043 = ORIENTED_EDGE('',*,*,#6755,.T.);
#7044 = ORIENTED_EDGE('',*,*,#7045,.F.);
#7045 = EDGE_CURVE('',#6509,#6756,#7046,.T.);
#7046 = LINE('',#7047,#7048);
#7047 = CARTESIAN_POINT('',(-1.27,-1.524,0.));
#7048 = VECTOR('',#7049,1.);
#7049 = DIRECTION('',(0.,0.,1.));
#7050 = ORIENTED_EDGE('',*,*,#6508,.F.);
#7051 = PLANE('',#7052);
#7052 = AXIS2_PLACEMENT_3D('',#7053,#7054,#7055);
#7053 = CARTESIAN_POINT('',(-1.016,-1.27,0.));
#7054 = DIRECTION('',(0.707106781187,-0.707106781187,0.));
#7055 = DIRECTION('',(-0.707106781187,-0.707106781187,0.));
#7056 = ADVANCED_FACE('',(#7057),#7068,.F.);
#7057 = FACE_BOUND('',#7058,.F.);
#7058 = EDGE_LOOP('',(#7059,#7065,#7066,#7067));
#7059 = ORIENTED_EDGE('',*,*,#7060,.T.);
#7060 = EDGE_CURVE('',#6605,#6852,#7061,.T.);
#7061 = LINE('',#7062,#7063);
#7062 = CARTESIAN_POINT('',(1.016,-1.27,0.));
#7063 = VECTOR('',#7064,1.);
#7064 = DIRECTION('',(0.,0.,1.));
#7065 = ORIENTED_EDGE('',*,*,#6859,.T.);
#7066 = ORIENTED_EDGE('',*,*,#7026,.F.);
#7067 = ORIENTED_EDGE('',*,*,#6612,.F.);
#7068 = PLANE('',#7069);
#7069 = AXIS2_PLACEMENT_3D('',#7070,#7071,#7072);
#7070 = CARTESIAN_POINT('',(1.016,-1.27,0.));
#7071 = DIRECTION('',(-0.707106781187,0.707106781187,0.));
#7072 = DIRECTION('',(0.707106781187,0.707106781187,0.));
#7073 = ADVANCED_FACE('',(#7074),#7085,.F.);
#7074 = FACE_BOUND('',#7075,.F.);
#7075 = EDGE_LOOP('',(#7076,#7077,#7078,#7084));
#7076 = ORIENTED_EDGE('',*,*,#7045,.T.);
#7077 = ORIENTED_EDGE('',*,*,#6763,.T.);
#7078 = ORIENTED_EDGE('',*,*,#7079,.F.);
#7079 = EDGE_CURVE('',#6517,#6764,#7080,.T.);
#7080 = LINE('',#7081,#7082);
#7081 = CARTESIAN_POINT('',(-1.27,-3.556,0.));
#7082 = VECTOR('',#7083,1.);
#7083 = DIRECTION('',(0.,0.,1.));
#7084 = ORIENTED_EDGE('',*,*,#6516,.F.);
#7085 = PLANE('',#7086);
#7086 = AXIS2_PLACEMENT_3D('',#7087,#7088,#7089);
#7087 = CARTESIAN_POINT('',(-1.27,-1.524,0.));
#7088 = DIRECTION('',(1.,0.,0.));
#7089 = DIRECTION('',(0.,-1.,0.));
#7090 = ADVANCED_FACE('',(#7091),#7102,.F.);
#7091 = FACE_BOUND('',#7092,.F.);
#7092 = EDGE_LOOP('',(#7093,#7099,#7100,#7101));
#7093 = ORIENTED_EDGE('',*,*,#7094,.T.);
#7094 = EDGE_CURVE('',#6597,#6844,#7095,.T.);
#7095 = LINE('',#7096,#7097);
#7096 = CARTESIAN_POINT('',(1.27,-1.524,0.));
#7097 = VECTOR('',#7098,1.);
#7098 = DIRECTION('',(0.,0.,1.));
#7099 = ORIENTED_EDGE('',*,*,#6851,.T.);
#7100 = ORIENTED_EDGE('',*,*,#7060,.F.);
#7101 = ORIENTED_EDGE('',*,*,#6604,.F.);
#7102 = PLANE('',#7103);
#7103 = AXIS2_PLACEMENT_3D('',#7104,#7105,#7106);
#7104 = CARTESIAN_POINT('',(1.27,-1.524,0.));
#7105 = DIRECTION('',(-0.707106781187,-0.707106781187,0.));
#7106 = DIRECTION('',(-0.707106781187,0.707106781187,0.));
#7107 = ADVANCED_FACE('',(#7108),#7119,.F.);
#7108 = FACE_BOUND('',#7109,.F.);
#7109 = EDGE_LOOP('',(#7110,#7111,#7112,#7118));
#7110 = ORIENTED_EDGE('',*,*,#7079,.T.);
#7111 = ORIENTED_EDGE('',*,*,#6771,.T.);
#7112 = ORIENTED_EDGE('',*,*,#7113,.F.);
#7113 = EDGE_CURVE('',#6525,#6772,#7114,.T.);
#7114 = LINE('',#7115,#7116);
#7115 = CARTESIAN_POINT('',(-1.016,-3.81,0.));
#7116 = VECTOR('',#7117,1.);
#7117 = DIRECTION('',(0.,0.,1.));
#7118 = ORIENTED_EDGE('',*,*,#6524,.F.);
#7119 = PLANE('',#7120);
#7120 = AXIS2_PLACEMENT_3D('',#7121,#7122,#7123);
#7121 = CARTESIAN_POINT('',(-1.27,-3.556,0.));
#7122 = DIRECTION('',(0.707106781187,0.707106781187,0.));
#7123 = DIRECTION('',(0.707106781187,-0.707106781187,0.));
#7124 = ADVANCED_FACE('',(#7125),#7136,.F.);
#7125 = FACE_BOUND('',#7126,.F.);
#7126 = EDGE_LOOP('',(#7127,#7133,#7134,#7135));
#7127 = ORIENTED_EDGE('',*,*,#7128,.T.);
#7128 = EDGE_CURVE('',#6589,#6836,#7129,.T.);
#7129 = LINE('',#7130,#7131);
#7130 = CARTESIAN_POINT('',(1.27,-3.556,0.));
#7131 = VECTOR('',#7132,1.);
#7132 = DIRECTION('',(0.,0.,1.));
#7133 = ORIENTED_EDGE('',*,*,#6843,.T.);
#7134 = ORIENTED_EDGE('',*,*,#7094,.F.);
#7135 = ORIENTED_EDGE('',*,*,#6596,.F.);
#7136 = PLANE('',#7137);
#7137 = AXIS2_PLACEMENT_3D('',#7138,#7139,#7140);
#7138 = CARTESIAN_POINT('',(1.27,-3.556,0.));
#7139 = DIRECTION('',(-1.,0.,0.));
#7140 = DIRECTION('',(0.,1.,0.));
#7141 = ADVANCED_FACE('',(#7142),#7153,.F.);
#7142 = FACE_BOUND('',#7143,.F.);
#7143 = EDGE_LOOP('',(#7144,#7145,#7146,#7152));
#7144 = ORIENTED_EDGE('',*,*,#7113,.T.);
#7145 = ORIENTED_EDGE('',*,*,#6779,.T.);
#7146 = ORIENTED_EDGE('',*,*,#7147,.F.);
#7147 = EDGE_CURVE('',#6533,#6780,#7148,.T.);
#7148 = LINE('',#7149,#7150);
#7149 = CARTESIAN_POINT('',(-1.27,-4.064,0.));
#7150 = VECTOR('',#7151,1.);
#7151 = DIRECTION('',(0.,0.,1.));
#7152 = ORIENTED_EDGE('',*,*,#6532,.F.);
#7153 = PLANE('',#7154);
#7154 = AXIS2_PLACEMENT_3D('',#7155,#7156,#7157);
#7155 = CARTESIAN_POINT('',(-1.016,-3.81,0.));
#7156 = DIRECTION('',(0.707106781187,-0.707106781187,0.));
#7157 = DIRECTION('',(-0.707106781187,-0.707106781187,0.));
#7158 = ADVANCED_FACE('',(#7159),#7170,.F.);
#7159 = FACE_BOUND('',#7160,.F.);
#7160 = EDGE_LOOP('',(#7161,#7167,#7168,#7169));
#7161 = ORIENTED_EDGE('',*,*,#7162,.T.);
#7162 = EDGE_CURVE('',#6581,#6828,#7163,.T.);
#7163 = LINE('',#7164,#7165);
#7164 = CARTESIAN_POINT('',(1.016,-3.81,0.));
#7165 = VECTOR('',#7166,1.);
#7166 = DIRECTION('',(0.,0.,1.));
#7167 = ORIENTED_EDGE('',*,*,#6835,.T.);
#7168 = ORIENTED_EDGE('',*,*,#7128,.F.);
#7169 = ORIENTED_EDGE('',*,*,#6588,.F.);
#7170 = PLANE('',#7171);
#7171 = AXIS2_PLACEMENT_3D('',#7172,#7173,#7174);
#7172 = CARTESIAN_POINT('',(1.016,-3.81,0.));
#7173 = DIRECTION('',(-0.707106781187,0.707106781187,0.));
#7174 = DIRECTION('',(0.707106781187,0.707106781187,0.));
#7175 = ADVANCED_FACE('',(#7176),#7187,.F.);
#7176 = FACE_BOUND('',#7177,.F.);
#7177 = EDGE_LOOP('',(#7178,#7179,#7180,#7186));
#7178 = ORIENTED_EDGE('',*,*,#7147,.T.);
#7179 = ORIENTED_EDGE('',*,*,#6787,.T.);
#7180 = ORIENTED_EDGE('',*,*,#7181,.F.);
#7181 = EDGE_CURVE('',#6541,#6788,#7182,.T.);
#7182 = LINE('',#7183,#7184);
#7183 = CARTESIAN_POINT('',(-1.27,-6.096,0.));
#7184 = VECTOR('',#7185,1.);
#7185 = DIRECTION('',(0.,0.,1.));
#7186 = ORIENTED_EDGE('',*,*,#6540,.F.);
#7187 = PLANE('',#7188);
#7188 = AXIS2_PLACEMENT_3D('',#7189,#7190,#7191);
#7189 = CARTESIAN_POINT('',(-1.27,-4.064,0.));
#7190 = DIRECTION('',(1.,0.,0.));
#7191 = DIRECTION('',(0.,-1.,0.));
#7192 = ADVANCED_FACE('',(#7193),#7204,.F.);
#7193 = FACE_BOUND('',#7194,.F.);
#7194 = EDGE_LOOP('',(#7195,#7201,#7202,#7203));
#7195 = ORIENTED_EDGE('',*,*,#7196,.T.);
#7196 = EDGE_CURVE('',#6573,#6820,#7197,.T.);
#7197 = LINE('',#7198,#7199);
#7198 = CARTESIAN_POINT('',(1.27,-4.064,0.));
#7199 = VECTOR('',#7200,1.);
#7200 = DIRECTION('',(0.,0.,1.));
#7201 = ORIENTED_EDGE('',*,*,#6827,.T.);
#7202 = ORIENTED_EDGE('',*,*,#7162,.F.);
#7203 = ORIENTED_EDGE('',*,*,#6580,.F.);
#7204 = PLANE('',#7205);
#7205 = AXIS2_PLACEMENT_3D('',#7206,#7207,#7208);
#7206 = CARTESIAN_POINT('',(1.27,-4.064,0.));
#7207 = DIRECTION('',(-0.707106781187,-0.707106781187,0.));
#7208 = DIRECTION('',(-0.707106781187,0.707106781187,0.));
#7209 = ADVANCED_FACE('',(#7210),#7221,.F.);
#7210 = FACE_BOUND('',#7211,.F.);
#7211 = EDGE_LOOP('',(#7212,#7213,#7214,#7220));
#7212 = ORIENTED_EDGE('',*,*,#7181,.T.);
#7213 = ORIENTED_EDGE('',*,*,#6795,.T.);
#7214 = ORIENTED_EDGE('',*,*,#7215,.F.);
#7215 = EDGE_CURVE('',#6549,#6796,#7216,.T.);
#7216 = LINE('',#7217,#7218);
#7217 = CARTESIAN_POINT('',(-1.016,-6.35,0.));
#7218 = VECTOR('',#7219,1.);
#7219 = DIRECTION('',(0.,0.,1.));
#7220 = ORIENTED_EDGE('',*,*,#6548,.F.);
#7221 = PLANE('',#7222);
#7222 = AXIS2_PLACEMENT_3D('',#7223,#7224,#7225);
#7223 = CARTESIAN_POINT('',(-1.27,-6.096,0.));
#7224 = DIRECTION('',(0.707106781187,0.707106781187,0.));
#7225 = DIRECTION('',(0.707106781187,-0.707106781187,0.));
#7226 = ADVANCED_FACE('',(#7227),#7238,.F.);
#7227 = FACE_BOUND('',#7228,.F.);
#7228 = EDGE_LOOP('',(#7229,#7235,#7236,#7237));
#7229 = ORIENTED_EDGE('',*,*,#7230,.T.);
#7230 = EDGE_CURVE('',#6565,#6812,#7231,.T.);
#7231 = LINE('',#7232,#7233);
#7232 = CARTESIAN_POINT('',(1.27,-6.096,0.));
#7233 = VECTOR('',#7234,1.);
#7234 = DIRECTION('',(0.,0.,1.));
#7235 = ORIENTED_EDGE('',*,*,#6819,.T.);
#7236 = ORIENTED_EDGE('',*,*,#7196,.F.);
#7237 = ORIENTED_EDGE('',*,*,#6572,.F.);
#7238 = PLANE('',#7239);
#7239 = AXIS2_PLACEMENT_3D('',#7240,#7241,#7242);
#7240 = CARTESIAN_POINT('',(1.27,-6.096,0.));
#7241 = DIRECTION('',(-1.,0.,0.));
#7242 = DIRECTION('',(0.,1.,0.));
#7243 = ADVANCED_FACE('',(#7244),#7255,.F.);
#7244 = FACE_BOUND('',#7245,.F.);
#7245 = EDGE_LOOP('',(#7246,#7247,#7248,#7254));
#7246 = ORIENTED_EDGE('',*,*,#7215,.T.);
#7247 = ORIENTED_EDGE('',*,*,#6803,.T.);
#7248 = ORIENTED_EDGE('',*,*,#7249,.F.);
#7249 = EDGE_CURVE('',#6557,#6804,#7250,.T.);
#7250 = LINE('',#7251,#7252);
#7251 = CARTESIAN_POINT('',(1.016,-6.35,0.));
#7252 = VECTOR('',#7253,1.);
#7253 = DIRECTION('',(0.,0.,1.));
#7254 = ORIENTED_EDGE('',*,*,#6556,.F.);
#7255 = PLANE('',#7256);
#7256 = AXIS2_PLACEMENT_3D('',#7257,#7258,#7259);
#7257 = CARTESIAN_POINT('',(-1.016,-6.35,0.));
#7258 = DIRECTION('',(0.,1.,0.));
#7259 = DIRECTION('',(1.,0.,0.));
#7260 = ADVANCED_FACE('',(#7261),#7267,.F.);
#7261 = FACE_BOUND('',#7262,.F.);
#7262 = EDGE_LOOP('',(#7263,#7264,#7265,#7266));
#7263 = ORIENTED_EDGE('',*,*,#7249,.T.);
#7264 = ORIENTED_EDGE('',*,*,#6811,.T.);
#7265 = ORIENTED_EDGE('',*,*,#7230,.F.);
#7266 = ORIENTED_EDGE('',*,*,#6564,.F.);
#7267 = PLANE('',#7268);
#7268 = AXIS2_PLACEMENT_3D('',#7269,#7270,#7271);
#7269 = CARTESIAN_POINT('',(1.016,-6.35,0.));
#7270 = DIRECTION('',(-0.707106781187,0.707106781187,0.));
#7271 = DIRECTION('',(0.707106781187,0.707106781187,0.));
#7272 = ADVANCED_FACE('',(#7273),#7298,.T.);
#7273 = FACE_BOUND('',#7274,.T.);
#7274 = EDGE_LOOP('',(#7275,#7283,#7291,#7297));
#7275 = ORIENTED_EDGE('',*,*,#7276,.F.);
#7276 = EDGE_CURVE('',#7277,#6638,#7279,.T.);
#7277 = VERTEX_POINT('',#7278);
#7278 = CARTESIAN_POINT('',(0.32,-0.32,-2.84));
#7279 = LINE('',#7280,#7281);
#7280 = CARTESIAN_POINT('',(0.32,-0.32,-3.));
#7281 = VECTOR('',#7282,1.);
#7282 = DIRECTION('',(0.,0.,1.));
#7283 = ORIENTED_EDGE('',*,*,#7284,.T.);
#7284 = EDGE_CURVE('',#7277,#7285,#7287,.T.);
#7285 = VERTEX_POINT('',#7286);
#7286 = CARTESIAN_POINT('',(0.32,0.32,-2.84));
#7287 = LINE('',#7288,#7289);
#7288 = CARTESIAN_POINT('',(0.32,-0.32,-2.84));
#7289 = VECTOR('',#7290,1.);
#7290 = DIRECTION('',(0.,1.,0.));
#7291 = ORIENTED_EDGE('',*,*,#7292,.T.);
#7292 = EDGE_CURVE('',#7285,#6640,#7293,.T.);
#7293 = LINE('',#7294,#7295);
#7294 = CARTESIAN_POINT('',(0.32,0.32,-3.));
#7295 = VECTOR('',#7296,1.);
#7296 = DIRECTION('',(0.,0.,1.));
#7297 = ORIENTED_EDGE('',*,*,#6637,.F.);
#7298 = PLANE('',#7299);
#7299 = AXIS2_PLACEMENT_3D('',#7300,#7301,#7302);
#7300 = CARTESIAN_POINT('',(0.32,-0.32,-3.));
#7301 = DIRECTION('',(1.,0.,0.));
#7302 = DIRECTION('',(0.,0.,1.));
#7303 = ADVANCED_FACE('',(#7304),#7322,.T.);
#7304 = FACE_BOUND('',#7305,.T.);
#7305 = EDGE_LOOP('',(#7306,#7307,#7315,#7321));
#7306 = ORIENTED_EDGE('',*,*,#7292,.F.);
#7307 = ORIENTED_EDGE('',*,*,#7308,.F.);
#7308 = EDGE_CURVE('',#7309,#7285,#7311,.T.);
#7309 = VERTEX_POINT('',#7310);
#7310 = CARTESIAN_POINT('',(-0.32,0.32,-2.84));
#7311 = LINE('',#7312,#7313);
#7312 = CARTESIAN_POINT('',(-0.32,0.32,-2.84));
#7313 = VECTOR('',#7314,1.);
#7314 = DIRECTION('',(1.,0.,0.));
#7315 = ORIENTED_EDGE('',*,*,#7316,.T.);
#7316 = EDGE_CURVE('',#7309,#6656,#7317,.T.);
#7317 = LINE('',#7318,#7319);
#7318 = CARTESIAN_POINT('',(-0.32,0.32,-3.));
#7319 = VECTOR('',#7320,1.);
#7320 = DIRECTION('',(0.,0.,1.));
#7321 = ORIENTED_EDGE('',*,*,#6663,.F.);
#7322 = PLANE('',#7323);
#7323 = AXIS2_PLACEMENT_3D('',#7324,#7325,#7326);
#7324 = CARTESIAN_POINT('',(-0.32,0.32,-3.));
#7325 = DIRECTION('',(0.,1.,0.));
#7326 = DIRECTION('',(0.,-0.,1.));
#7327 = ADVANCED_FACE('',(#7328),#7346,.F.);
#7328 = FACE_BOUND('',#7329,.F.);
#7329 = EDGE_LOOP('',(#7330,#7338,#7344,#7345));
#7330 = ORIENTED_EDGE('',*,*,#7331,.F.);
#7331 = EDGE_CURVE('',#7332,#6648,#7334,.T.);
#7332 = VERTEX_POINT('',#7333);
#7333 = CARTESIAN_POINT('',(-0.32,-0.32,-2.84));
#7334 = LINE('',#7335,#7336);
#7335 = CARTESIAN_POINT('',(-0.32,-0.32,-3.));
#7336 = VECTOR('',#7337,1.);
#7337 = DIRECTION('',(0.,0.,1.));
#7338 = ORIENTED_EDGE('',*,*,#7339,.T.);
#7339 = EDGE_CURVE('',#7332,#7309,#7340,.T.);
#7340 = LINE('',#7341,#7342);
#7341 = CARTESIAN_POINT('',(-0.32,-0.32,-2.84));
#7342 = VECTOR('',#7343,1.);
#7343 = DIRECTION('',(0.,1.,0.));
#7344 = ORIENTED_EDGE('',*,*,#7316,.T.);
#7345 = ORIENTED_EDGE('',*,*,#6655,.F.);
#7346 = PLANE('',#7347);
#7347 = AXIS2_PLACEMENT_3D('',#7348,#7349,#7350);
#7348 = CARTESIAN_POINT('',(-0.32,-0.32,-3.));
#7349 = DIRECTION('',(1.,0.,0.));
#7350 = DIRECTION('',(0.,0.,1.));
#7351 = ADVANCED_FACE('',(#7352),#7363,.F.);
#7352 = FACE_BOUND('',#7353,.F.);
#7353 = EDGE_LOOP('',(#7354,#7355,#7361,#7362));
#7354 = ORIENTED_EDGE('',*,*,#7276,.F.);
#7355 = ORIENTED_EDGE('',*,*,#7356,.F.);
#7356 = EDGE_CURVE('',#7332,#7277,#7357,.T.);
#7357 = LINE('',#7358,#7359);
#7358 = CARTESIAN_POINT('',(-0.32,-0.32,-2.84));
#7359 = VECTOR('',#7360,1.);
#7360 = DIRECTION('',(1.,0.,0.));
#7361 = ORIENTED_EDGE('',*,*,#7331,.T.);
#7362 = ORIENTED_EDGE('',*,*,#6647,.F.);
#7363 = PLANE('',#7364);
#7364 = AXIS2_PLACEMENT_3D('',#7365,#7366,#7367);
#7365 = CARTESIAN_POINT('',(-0.32,-0.32,-3.));
#7366 = DIRECTION('',(0.,1.,0.));
#7367 = DIRECTION('',(0.,-0.,1.));
#7368 = ADVANCED_FACE('',(#7369),#7394,.F.);
#7369 = FACE_BOUND('',#7370,.F.);
#7370 = EDGE_LOOP('',(#7371,#7379,#7387,#7393));
#7371 = ORIENTED_EDGE('',*,*,#7372,.F.);
#7372 = EDGE_CURVE('',#7373,#6672,#7375,.T.);
#7373 = VERTEX_POINT('',#7374);
#7374 = CARTESIAN_POINT('',(0.32,-2.86,-2.84));
#7375 = LINE('',#7376,#7377);
#7376 = CARTESIAN_POINT('',(0.32,-2.86,-3.));
#7377 = VECTOR('',#7378,1.);
#7378 = DIRECTION('',(0.,0.,1.));
#7379 = ORIENTED_EDGE('',*,*,#7380,.F.);
#7380 = EDGE_CURVE('',#7381,#7373,#7383,.T.);
#7381 = VERTEX_POINT('',#7382);
#7382 = CARTESIAN_POINT('',(-0.32,-2.86,-2.84));
#7383 = LINE('',#7384,#7385);
#7384 = CARTESIAN_POINT('',(-0.32,-2.86,-2.84));
#7385 = VECTOR('',#7386,1.);
#7386 = DIRECTION('',(1.,0.,0.));
#7387 = ORIENTED_EDGE('',*,*,#7388,.T.);
#7388 = EDGE_CURVE('',#7381,#6674,#7389,.T.);
#7389 = LINE('',#7390,#7391);
#7390 = CARTESIAN_POINT('',(-0.32,-2.86,-3.));
#7391 = VECTOR('',#7392,1.);
#7392 = DIRECTION('',(0.,0.,1.));
#7393 = ORIENTED_EDGE('',*,*,#6671,.F.);
#7394 = PLANE('',#7395);
#7395 = AXIS2_PLACEMENT_3D('',#7396,#7397,#7398);
#7396 = CARTESIAN_POINT('',(-0.32,-2.86,-3.));
#7397 = DIRECTION('',(0.,1.,0.));
#7398 = DIRECTION('',(0.,-0.,1.));
#7399 = ADVANCED_FACE('',(#7400),#7418,.T.);
#7400 = FACE_BOUND('',#7401,.T.);
#7401 = EDGE_LOOP('',(#7402,#7403,#7411,#7417));
#7402 = ORIENTED_EDGE('',*,*,#7372,.F.);
#7403 = ORIENTED_EDGE('',*,*,#7404,.T.);
#7404 = EDGE_CURVE('',#7373,#7405,#7407,.T.);
#7405 = VERTEX_POINT('',#7406);
#7406 = CARTESIAN_POINT('',(0.32,-2.22,-2.84));
#7407 = LINE('',#7408,#7409);
#7408 = CARTESIAN_POINT('',(0.32,-2.86,-2.84));
#7409 = VECTOR('',#7410,1.);
#7410 = DIRECTION('',(0.,1.,0.));
#7411 = ORIENTED_EDGE('',*,*,#7412,.T.);
#7412 = EDGE_CURVE('',#7405,#6690,#7413,.T.);
#7413 = LINE('',#7414,#7415);
#7414 = CARTESIAN_POINT('',(0.32,-2.22,-3.));
#7415 = VECTOR('',#7416,1.);
#7416 = DIRECTION('',(0.,0.,1.));
#7417 = ORIENTED_EDGE('',*,*,#6697,.F.);
#7418 = PLANE('',#7419);
#7419 = AXIS2_PLACEMENT_3D('',#7420,#7421,#7422);
#7420 = CARTESIAN_POINT('',(0.32,-2.86,-3.));
#7421 = DIRECTION('',(1.,0.,0.));
#7422 = DIRECTION('',(0.,0.,1.));
#7423 = ADVANCED_FACE('',(#7424),#7442,.T.);
#7424 = FACE_BOUND('',#7425,.T.);
#7425 = EDGE_LOOP('',(#7426,#7427,#7435,#7441));
#7426 = ORIENTED_EDGE('',*,*,#7412,.F.);
#7427 = ORIENTED_EDGE('',*,*,#7428,.F.);
#7428 = EDGE_CURVE('',#7429,#7405,#7431,.T.);
#7429 = VERTEX_POINT('',#7430);
#7430 = CARTESIAN_POINT('',(-0.32,-2.22,-2.84));
#7431 = LINE('',#7432,#7433);
#7432 = CARTESIAN_POINT('',(-0.32,-2.22,-2.84));
#7433 = VECTOR('',#7434,1.);
#7434 = DIRECTION('',(1.,0.,0.));
#7435 = ORIENTED_EDGE('',*,*,#7436,.T.);
#7436 = EDGE_CURVE('',#7429,#6682,#7437,.T.);
#7437 = LINE('',#7438,#7439);
#7438 = CARTESIAN_POINT('',(-0.32,-2.22,-3.));
#7439 = VECTOR('',#7440,1.);
#7440 = DIRECTION('',(0.,0.,1.));
#7441 = ORIENTED_EDGE('',*,*,#6689,.F.);
#7442 = PLANE('',#7443);
#7443 = AXIS2_PLACEMENT_3D('',#7444,#7445,#7446);
#7444 = CARTESIAN_POINT('',(-0.32,-2.22,-3.));
#7445 = DIRECTION('',(0.,1.,0.));
#7446 = DIRECTION('',(0.,-0.,1.));
#7447 = ADVANCED_FACE('',(#7448),#7459,.F.);
#7448 = FACE_BOUND('',#7449,.F.);
#7449 = EDGE_LOOP('',(#7450,#7451,#7457,#7458));
#7450 = ORIENTED_EDGE('',*,*,#7388,.F.);
#7451 = ORIENTED_EDGE('',*,*,#7452,.T.);
#7452 = EDGE_CURVE('',#7381,#7429,#7453,.T.);
#7453 = LINE('',#7454,#7455);
#7454 = CARTESIAN_POINT('',(-0.32,-2.86,-2.84));
#7455 = VECTOR('',#7456,1.);
#7456 = DIRECTION('',(0.,1.,0.));
#7457 = ORIENTED_EDGE('',*,*,#7436,.T.);
#7458 = ORIENTED_EDGE('',*,*,#6681,.F.);
#7459 = PLANE('',#7460);
#7460 = AXIS2_PLACEMENT_3D('',#7461,#7462,#7463);
#7461 = CARTESIAN_POINT('',(-0.32,-2.86,-3.));
#7462 = DIRECTION('',(1.,0.,0.));
#7463 = DIRECTION('',(0.,0.,1.));
#7464 = ADVANCED_FACE('',(#7465),#7490,.T.);
#7465 = FACE_BOUND('',#7466,.T.);
#7466 = EDGE_LOOP('',(#7467,#7475,#7483,#7489));
#7467 = ORIENTED_EDGE('',*,*,#7468,.F.);
#7468 = EDGE_CURVE('',#7469,#6706,#7471,.T.);
#7469 = VERTEX_POINT('',#7470);
#7470 = CARTESIAN_POINT('',(0.32,-4.76,-2.84));
#7471 = LINE('',#7472,#7473);
#7472 = CARTESIAN_POINT('',(0.32,-4.76,-3.));
#7473 = VECTOR('',#7474,1.);
#7474 = DIRECTION('',(0.,0.,1.));
#7475 = ORIENTED_EDGE('',*,*,#7476,.F.);
#7476 = EDGE_CURVE('',#7477,#7469,#7479,.T.);
#7477 = VERTEX_POINT('',#7478);
#7478 = CARTESIAN_POINT('',(-0.32,-4.76,-2.84));
#7479 = LINE('',#7480,#7481);
#7480 = CARTESIAN_POINT('',(-0.32,-4.76,-2.84));
#7481 = VECTOR('',#7482,1.);
#7482 = DIRECTION('',(1.,0.,0.));
#7483 = ORIENTED_EDGE('',*,*,#7484,.T.);
#7484 = EDGE_CURVE('',#7477,#6708,#7485,.T.);
#7485 = LINE('',#7486,#7487);
#7486 = CARTESIAN_POINT('',(-0.32,-4.76,-3.));
#7487 = VECTOR('',#7488,1.);
#7488 = DIRECTION('',(0.,0.,1.));
#7489 = ORIENTED_EDGE('',*,*,#6705,.F.);
#7490 = PLANE('',#7491);
#7491 = AXIS2_PLACEMENT_3D('',#7492,#7493,#7494);
#7492 = CARTESIAN_POINT('',(-0.32,-4.76,-3.));
#7493 = DIRECTION('',(0.,1.,0.));
#7494 = DIRECTION('',(0.,-0.,1.));
#7495 = ADVANCED_FACE('',(#7496),#7514,.F.);
#7496 = FACE_BOUND('',#7497,.F.);
#7497 = EDGE_LOOP('',(#7498,#7506,#7512,#7513));
#7498 = ORIENTED_EDGE('',*,*,#7499,.F.);
#7499 = EDGE_CURVE('',#7500,#6724,#7502,.T.);
#7500 = VERTEX_POINT('',#7501);
#7501 = CARTESIAN_POINT('',(-0.32,-5.4,-2.84));
#7502 = LINE('',#7503,#7504);
#7503 = CARTESIAN_POINT('',(-0.32,-5.4,-3.));
#7504 = VECTOR('',#7505,1.);
#7505 = DIRECTION('',(0.,0.,1.));
#7506 = ORIENTED_EDGE('',*,*,#7507,.T.);
#7507 = EDGE_CURVE('',#7500,#7477,#7508,.T.);
#7508 = LINE('',#7509,#7510);
#7509 = CARTESIAN_POINT('',(-0.32,-5.4,-2.84));
#7510 = VECTOR('',#7511,1.);
#7511 = DIRECTION('',(0.,1.,0.));
#7512 = ORIENTED_EDGE('',*,*,#7484,.T.);
#7513 = ORIENTED_EDGE('',*,*,#6731,.F.);
#7514 = PLANE('',#7515);
#7515 = AXIS2_PLACEMENT_3D('',#7516,#7517,#7518);
#7516 = CARTESIAN_POINT('',(-0.32,-5.4,-3.));
#7517 = DIRECTION('',(1.,0.,0.));
#7518 = DIRECTION('',(0.,0.,1.));
#7519 = ADVANCED_FACE('',(#7520),#7538,.F.);
#7520 = FACE_BOUND('',#7521,.F.);
#7521 = EDGE_LOOP('',(#7522,#7530,#7536,#7537));
#7522 = ORIENTED_EDGE('',*,*,#7523,.F.);
#7523 = EDGE_CURVE('',#7524,#6716,#7526,.T.);
#7524 = VERTEX_POINT('',#7525);
#7525 = CARTESIAN_POINT('',(0.32,-5.4,-2.84));
#7526 = LINE('',#7527,#7528);
#7527 = CARTESIAN_POINT('',(0.32,-5.4,-3.));
#7528 = VECTOR('',#7529,1.);
#7529 = DIRECTION('',(0.,0.,1.));
#7530 = ORIENTED_EDGE('',*,*,#7531,.F.);
#7531 = EDGE_CURVE('',#7500,#7524,#7532,.T.);
#7532 = LINE('',#7533,#7534);
#7533 = CARTESIAN_POINT('',(-0.32,-5.4,-2.84));
#7534 = VECTOR('',#7535,1.);
#7535 = DIRECTION('',(1.,0.,0.));
#7536 = ORIENTED_EDGE('',*,*,#7499,.T.);
#7537 = ORIENTED_EDGE('',*,*,#6723,.F.);
#7538 = PLANE('',#7539);
#7539 = AXIS2_PLACEMENT_3D('',#7540,#7541,#7542);
#7540 = CARTESIAN_POINT('',(-0.32,-5.4,-3.));
#7541 = DIRECTION('',(0.,1.,0.));
#7542 = DIRECTION('',(0.,-0.,1.));
#7543 = ADVANCED_FACE('',(#7544),#7555,.T.);
#7544 = FACE_BOUND('',#7545,.T.);
#7545 = EDGE_LOOP('',(#7546,#7547,#7553,#7554));
#7546 = ORIENTED_EDGE('',*,*,#7523,.F.);
#7547 = ORIENTED_EDGE('',*,*,#7548,.T.);
#7548 = EDGE_CURVE('',#7524,#7469,#7549,.T.);
#7549 = LINE('',#7550,#7551);
#7550 = CARTESIAN_POINT('',(0.32,-5.4,-2.84));
#7551 = VECTOR('',#7552,1.);
#7552 = DIRECTION('',(0.,1.,0.));
#7553 = ORIENTED_EDGE('',*,*,#7468,.T.);
#7554 = ORIENTED_EDGE('',*,*,#6715,.F.);
#7555 = PLANE('',#7556);
#7556 = AXIS2_PLACEMENT_3D('',#7557,#7558,#7559);
#7557 = CARTESIAN_POINT('',(0.32,-5.4,-3.));
#7558 = DIRECTION('',(1.,0.,0.));
#7559 = DIRECTION('',(0.,0.,1.));
#7560 = ADVANCED_FACE('',(#7561),#7586,.T.);
#7561 = FACE_BOUND('',#7562,.T.);
#7562 = EDGE_LOOP('',(#7563,#7571,#7572,#7580));
#7563 = ORIENTED_EDGE('',*,*,#7564,.F.);
#7564 = EDGE_CURVE('',#6885,#7565,#7567,.T.);
#7565 = VERTEX_POINT('',#7566);
#7566 = CARTESIAN_POINT('',(0.32,-0.32,8.38));
#7567 = LINE('',#7568,#7569);
#7568 = CARTESIAN_POINT('',(0.32,-0.32,-3.));
#7569 = VECTOR('',#7570,1.);
#7570 = DIRECTION('',(0.,0.,1.));
#7571 = ORIENTED_EDGE('',*,*,#6884,.T.);
#7572 = ORIENTED_EDGE('',*,*,#7573,.T.);
#7573 = EDGE_CURVE('',#6887,#7574,#7576,.T.);
#7574 = VERTEX_POINT('',#7575);
#7575 = CARTESIAN_POINT('',(0.32,0.32,8.38));
#7576 = LINE('',#7577,#7578);
#7577 = CARTESIAN_POINT('',(0.32,0.32,-3.));
#7578 = VECTOR('',#7579,1.);
#7579 = DIRECTION('',(0.,0.,1.));
#7580 = ORIENTED_EDGE('',*,*,#7581,.F.);
#7581 = EDGE_CURVE('',#7565,#7574,#7582,.T.);
#7582 = LINE('',#7583,#7584);
#7583 = CARTESIAN_POINT('',(0.32,-0.32,8.38));
#7584 = VECTOR('',#7585,1.);
#7585 = DIRECTION('',(0.,1.,0.));
#7586 = PLANE('',#7587);
#7587 = AXIS2_PLACEMENT_3D('',#7588,#7589,#7590);
#7588 = CARTESIAN_POINT('',(0.32,-0.32,-3.));
#7589 = DIRECTION('',(1.,0.,0.));
#7590 = DIRECTION('',(0.,0.,1.));
#7591 = ADVANCED_FACE('',(#7592),#7610,.T.);
#7592 = FACE_BOUND('',#7593,.T.);
#7593 = EDGE_LOOP('',(#7594,#7595,#7596,#7604));
#7594 = ORIENTED_EDGE('',*,*,#7573,.F.);
#7595 = ORIENTED_EDGE('',*,*,#6910,.T.);
#7596 = ORIENTED_EDGE('',*,*,#7597,.T.);
#7597 = EDGE_CURVE('',#6903,#7598,#7600,.T.);
#7598 = VERTEX_POINT('',#7599);
#7599 = CARTESIAN_POINT('',(-0.32,0.32,8.38));
#7600 = LINE('',#7601,#7602);
#7601 = CARTESIAN_POINT('',(-0.32,0.32,-3.));
#7602 = VECTOR('',#7603,1.);
#7603 = DIRECTION('',(0.,0.,1.));
#7604 = ORIENTED_EDGE('',*,*,#7605,.T.);
#7605 = EDGE_CURVE('',#7598,#7574,#7606,.T.);
#7606 = LINE('',#7607,#7608);
#7607 = CARTESIAN_POINT('',(-0.32,0.32,8.38));
#7608 = VECTOR('',#7609,1.);
#7609 = DIRECTION('',(1.,0.,0.));
#7610 = PLANE('',#7611);
#7611 = AXIS2_PLACEMENT_3D('',#7612,#7613,#7614);
#7612 = CARTESIAN_POINT('',(-0.32,0.32,-3.));
#7613 = DIRECTION('',(0.,1.,0.));
#7614 = DIRECTION('',(0.,-0.,1.));
#7615 = ADVANCED_FACE('',(#7616),#7634,.F.);
#7616 = FACE_BOUND('',#7617,.F.);
#7617 = EDGE_LOOP('',(#7618,#7626,#7627,#7628));
#7618 = ORIENTED_EDGE('',*,*,#7619,.F.);
#7619 = EDGE_CURVE('',#6895,#7620,#7622,.T.);
#7620 = VERTEX_POINT('',#7621);
#7621 = CARTESIAN_POINT('',(-0.32,-0.32,8.38));
#7622 = LINE('',#7623,#7624);
#7623 = CARTESIAN_POINT('',(-0.32,-0.32,-3.));
#7624 = VECTOR('',#7625,1.);
#7625 = DIRECTION('',(0.,0.,1.));
#7626 = ORIENTED_EDGE('',*,*,#6902,.T.);
#7627 = ORIENTED_EDGE('',*,*,#7597,.T.);
#7628 = ORIENTED_EDGE('',*,*,#7629,.F.);
#7629 = EDGE_CURVE('',#7620,#7598,#7630,.T.);
#7630 = LINE('',#7631,#7632);
#7631 = CARTESIAN_POINT('',(-0.32,-0.32,8.38));
#7632 = VECTOR('',#7633,1.);
#7633 = DIRECTION('',(0.,1.,0.));
#7634 = PLANE('',#7635);
#7635 = AXIS2_PLACEMENT_3D('',#7636,#7637,#7638);
#7636 = CARTESIAN_POINT('',(-0.32,-0.32,-3.));
#7637 = DIRECTION('',(1.,0.,0.));
#7638 = DIRECTION('',(0.,0.,1.));
#7639 = ADVANCED_FACE('',(#7640),#7651,.F.);
#7640 = FACE_BOUND('',#7641,.F.);
#7641 = EDGE_LOOP('',(#7642,#7643,#7644,#7645));
#7642 = ORIENTED_EDGE('',*,*,#7564,.F.);
#7643 = ORIENTED_EDGE('',*,*,#6894,.T.);
#7644 = ORIENTED_EDGE('',*,*,#7619,.T.);
#7645 = ORIENTED_EDGE('',*,*,#7646,.T.);
#7646 = EDGE_CURVE('',#7620,#7565,#7647,.T.);
#7647 = LINE('',#7648,#7649);
#7648 = CARTESIAN_POINT('',(-0.32,-0.32,8.38));
#7649 = VECTOR('',#7650,1.);
#7650 = DIRECTION('',(1.,0.,0.));
#7651 = PLANE('',#7652);
#7652 = AXIS2_PLACEMENT_3D('',#7653,#7654,#7655);
#7653 = CARTESIAN_POINT('',(-0.32,-0.32,-3.));
#7654 = DIRECTION('',(0.,1.,0.));
#7655 = DIRECTION('',(0.,-0.,1.));
#7656 = ADVANCED_FACE('',(#7657),#7682,.F.);
#7657 = FACE_BOUND('',#7658,.F.);
#7658 = EDGE_LOOP('',(#7659,#7667,#7668,#7676));
#7659 = ORIENTED_EDGE('',*,*,#7660,.F.);
#7660 = EDGE_CURVE('',#6919,#7661,#7663,.T.);
#7661 = VERTEX_POINT('',#7662);
#7662 = CARTESIAN_POINT('',(0.32,-2.86,8.38));
#7663 = LINE('',#7664,#7665);
#7664 = CARTESIAN_POINT('',(0.32,-2.86,-3.));
#7665 = VECTOR('',#7666,1.);
#7666 = DIRECTION('',(0.,0.,1.));
#7667 = ORIENTED_EDGE('',*,*,#6918,.T.);
#7668 = ORIENTED_EDGE('',*,*,#7669,.T.);
#7669 = EDGE_CURVE('',#6921,#7670,#7672,.T.);
#7670 = VERTEX_POINT('',#7671);
#7671 = CARTESIAN_POINT('',(-0.32,-2.86,8.38));
#7672 = LINE('',#7673,#7674);
#7673 = CARTESIAN_POINT('',(-0.32,-2.86,-3.));
#7674 = VECTOR('',#7675,1.);
#7675 = DIRECTION('',(0.,0.,1.));
#7676 = ORIENTED_EDGE('',*,*,#7677,.T.);
#7677 = EDGE_CURVE('',#7670,#7661,#7678,.T.);
#7678 = LINE('',#7679,#7680);
#7679 = CARTESIAN_POINT('',(-0.32,-2.86,8.38));
#7680 = VECTOR('',#7681,1.);
#7681 = DIRECTION('',(1.,0.,0.));
#7682 = PLANE('',#7683);
#7683 = AXIS2_PLACEMENT_3D('',#7684,#7685,#7686);
#7684 = CARTESIAN_POINT('',(-0.32,-2.86,-3.));
#7685 = DIRECTION('',(0.,1.,0.));
#7686 = DIRECTION('',(0.,-0.,1.));
#7687 = ADVANCED_FACE('',(#7688),#7706,.T.);
#7688 = FACE_BOUND('',#7689,.T.);
#7689 = EDGE_LOOP('',(#7690,#7691,#7692,#7700));
#7690 = ORIENTED_EDGE('',*,*,#7660,.F.);
#7691 = ORIENTED_EDGE('',*,*,#6944,.T.);
#7692 = ORIENTED_EDGE('',*,*,#7693,.T.);
#7693 = EDGE_CURVE('',#6937,#7694,#7696,.T.);
#7694 = VERTEX_POINT('',#7695);
#7695 = CARTESIAN_POINT('',(0.32,-2.22,8.38));
#7696 = LINE('',#7697,#7698);
#7697 = CARTESIAN_POINT('',(0.32,-2.22,-3.));
#7698 = VECTOR('',#7699,1.);
#7699 = DIRECTION('',(0.,0.,1.));
#7700 = ORIENTED_EDGE('',*,*,#7701,.F.);
#7701 = EDGE_CURVE('',#7661,#7694,#7702,.T.);
#7702 = LINE('',#7703,#7704);
#7703 = CARTESIAN_POINT('',(0.32,-2.86,8.38));
#7704 = VECTOR('',#7705,1.);
#7705 = DIRECTION('',(0.,1.,0.));
#7706 = PLANE('',#7707);
#7707 = AXIS2_PLACEMENT_3D('',#7708,#7709,#7710);
#7708 = CARTESIAN_POINT('',(0.32,-2.86,-3.));
#7709 = DIRECTION('',(1.,0.,0.));
#7710 = DIRECTION('',(0.,0.,1.));
#7711 = ADVANCED_FACE('',(#7712),#7730,.T.);
#7712 = FACE_BOUND('',#7713,.T.);
#7713 = EDGE_LOOP('',(#7714,#7715,#7716,#7724));
#7714 = ORIENTED_EDGE('',*,*,#7693,.F.);
#7715 = ORIENTED_EDGE('',*,*,#6936,.T.);
#7716 = ORIENTED_EDGE('',*,*,#7717,.T.);
#7717 = EDGE_CURVE('',#6929,#7718,#7720,.T.);
#7718 = VERTEX_POINT('',#7719);
#7719 = CARTESIAN_POINT('',(-0.32,-2.22,8.38));
#7720 = LINE('',#7721,#7722);
#7721 = CARTESIAN_POINT('',(-0.32,-2.22,-3.));
#7722 = VECTOR('',#7723,1.);
#7723 = DIRECTION('',(0.,0.,1.));
#7724 = ORIENTED_EDGE('',*,*,#7725,.T.);
#7725 = EDGE_CURVE('',#7718,#7694,#7726,.T.);
#7726 = LINE('',#7727,#7728);
#7727 = CARTESIAN_POINT('',(-0.32,-2.22,8.38));
#7728 = VECTOR('',#7729,1.);
#7729 = DIRECTION('',(1.,0.,0.));
#7730 = PLANE('',#7731);
#7731 = AXIS2_PLACEMENT_3D('',#7732,#7733,#7734);
#7732 = CARTESIAN_POINT('',(-0.32,-2.22,-3.));
#7733 = DIRECTION('',(0.,1.,0.));
#7734 = DIRECTION('',(0.,-0.,1.));
#7735 = ADVANCED_FACE('',(#7736),#7747,.F.);
#7736 = FACE_BOUND('',#7737,.F.);
#7737 = EDGE_LOOP('',(#7738,#7739,#7740,#7741));
#7738 = ORIENTED_EDGE('',*,*,#7669,.F.);
#7739 = ORIENTED_EDGE('',*,*,#6928,.T.);
#7740 = ORIENTED_EDGE('',*,*,#7717,.T.);
#7741 = ORIENTED_EDGE('',*,*,#7742,.F.);
#7742 = EDGE_CURVE('',#7670,#7718,#7743,.T.);
#7743 = LINE('',#7744,#7745);
#7744 = CARTESIAN_POINT('',(-0.32,-2.86,8.38));
#7745 = VECTOR('',#7746,1.);
#7746 = DIRECTION('',(0.,1.,0.));
#7747 = PLANE('',#7748);
#7748 = AXIS2_PLACEMENT_3D('',#7749,#7750,#7751);
#7749 = CARTESIAN_POINT('',(-0.32,-2.86,-3.));
#7750 = DIRECTION('',(1.,0.,0.));
#7751 = DIRECTION('',(0.,0.,1.));
#7752 = ADVANCED_FACE('',(#7753),#7778,.T.);
#7753 = FACE_BOUND('',#7754,.T.);
#7754 = EDGE_LOOP('',(#7755,#7763,#7764,#7772));
#7755 = ORIENTED_EDGE('',*,*,#7756,.F.);
#7756 = EDGE_CURVE('',#6953,#7757,#7759,.T.);
#7757 = VERTEX_POINT('',#7758);
#7758 = CARTESIAN_POINT('',(0.32,-4.76,8.38));
#7759 = LINE('',#7760,#7761);
#7760 = CARTESIAN_POINT('',(0.32,-4.76,-3.));
#7761 = VECTOR('',#7762,1.);
#7762 = DIRECTION('',(0.,0.,1.));
#7763 = ORIENTED_EDGE('',*,*,#6952,.T.);
#7764 = ORIENTED_EDGE('',*,*,#7765,.T.);
#7765 = EDGE_CURVE('',#6955,#7766,#7768,.T.);
#7766 = VERTEX_POINT('',#7767);
#7767 = CARTESIAN_POINT('',(-0.32,-4.76,8.38));
#7768 = LINE('',#7769,#7770);
#7769 = CARTESIAN_POINT('',(-0.32,-4.76,-3.));
#7770 = VECTOR('',#7771,1.);
#7771 = DIRECTION('',(0.,0.,1.));
#7772 = ORIENTED_EDGE('',*,*,#7773,.T.);
#7773 = EDGE_CURVE('',#7766,#7757,#7774,.T.);
#7774 = LINE('',#7775,#7776);
#7775 = CARTESIAN_POINT('',(-0.32,-4.76,8.38));
#7776 = VECTOR('',#7777,1.);
#7777 = DIRECTION('',(1.,0.,0.));
#7778 = PLANE('',#7779);
#7779 = AXIS2_PLACEMENT_3D('',#7780,#7781,#7782);
#7780 = CARTESIAN_POINT('',(-0.32,-4.76,-3.));
#7781 = DIRECTION('',(0.,1.,0.));
#7782 = DIRECTION('',(0.,-0.,1.));
#7783 = ADVANCED_FACE('',(#7784),#7802,.F.);
#7784 = FACE_BOUND('',#7785,.F.);
#7785 = EDGE_LOOP('',(#7786,#7794,#7795,#7796));
#7786 = ORIENTED_EDGE('',*,*,#7787,.F.);
#7787 = EDGE_CURVE('',#6971,#7788,#7790,.T.);
#7788 = VERTEX_POINT('',#7789);
#7789 = CARTESIAN_POINT('',(-0.32,-5.4,8.38));
#7790 = LINE('',#7791,#7792);
#7791 = CARTESIAN_POINT('',(-0.32,-5.4,-3.));
#7792 = VECTOR('',#7793,1.);
#7793 = DIRECTION('',(0.,0.,1.));
#7794 = ORIENTED_EDGE('',*,*,#6978,.T.);
#7795 = ORIENTED_EDGE('',*,*,#7765,.T.);
#7796 = ORIENTED_EDGE('',*,*,#7797,.F.);
#7797 = EDGE_CURVE('',#7788,#7766,#7798,.T.);
#7798 = LINE('',#7799,#7800);
#7799 = CARTESIAN_POINT('',(-0.32,-5.4,8.38));
#7800 = VECTOR('',#7801,1.);
#7801 = DIRECTION('',(0.,1.,0.));
#7802 = PLANE('',#7803);
#7803 = AXIS2_PLACEMENT_3D('',#7804,#7805,#7806);
#7804 = CARTESIAN_POINT('',(-0.32,-5.4,-3.));
#7805 = DIRECTION('',(1.,0.,0.));
#7806 = DIRECTION('',(0.,0.,1.));
#7807 = ADVANCED_FACE('',(#7808),#7826,.F.);
#7808 = FACE_BOUND('',#7809,.F.);
#7809 = EDGE_LOOP('',(#7810,#7818,#7819,#7820));
#7810 = ORIENTED_EDGE('',*,*,#7811,.F.);
#7811 = EDGE_CURVE('',#6963,#7812,#7814,.T.);
#7812 = VERTEX_POINT('',#7813);
#7813 = CARTESIAN_POINT('',(0.32,-5.4,8.38));
#7814 = LINE('',#7815,#7816);
#7815 = CARTESIAN_POINT('',(0.32,-5.4,-3.));
#7816 = VECTOR('',#7817,1.);
#7817 = DIRECTION('',(0.,0.,1.));
#7818 = ORIENTED_EDGE('',*,*,#6970,.T.);
#7819 = ORIENTED_EDGE('',*,*,#7787,.T.);
#7820 = ORIENTED_EDGE('',*,*,#7821,.T.);
#7821 = EDGE_CURVE('',#7788,#7812,#7822,.T.);
#7822 = LINE('',#7823,#7824);
#7823 = CARTESIAN_POINT('',(-0.32,-5.4,8.38));
#7824 = VECTOR('',#7825,1.);
#7825 = DIRECTION('',(1.,0.,0.));
#7826 = PLANE('',#7827);
#7827 = AXIS2_PLACEMENT_3D('',#7828,#7829,#7830);
#7828 = CARTESIAN_POINT('',(-0.32,-5.4,-3.));
#7829 = DIRECTION('',(0.,1.,0.));
#7830 = DIRECTION('',(0.,-0.,1.));
#7831 = ADVANCED_FACE('',(#7832),#7843,.T.);
#7832 = FACE_BOUND('',#7833,.T.);
#7833 = EDGE_LOOP('',(#7834,#7835,#7836,#7837));
#7834 = ORIENTED_EDGE('',*,*,#7811,.F.);
#7835 = ORIENTED_EDGE('',*,*,#6962,.T.);
#7836 = ORIENTED_EDGE('',*,*,#7756,.T.);
#7837 = ORIENTED_EDGE('',*,*,#7838,.F.);
#7838 = EDGE_CURVE('',#7812,#7757,#7839,.T.);
#7839 = LINE('',#7840,#7841);
#7840 = CARTESIAN_POINT('',(0.32,-5.4,8.38));
#7841 = VECTOR('',#7842,1.);
#7842 = DIRECTION('',(0.,1.,0.));
#7843 = PLANE('',#7844);
#7844 = AXIS2_PLACEMENT_3D('',#7845,#7846,#7847);
#7845 = CARTESIAN_POINT('',(0.32,-5.4,-3.));
#7846 = DIRECTION('',(1.,0.,0.));
#7847 = DIRECTION('',(0.,0.,1.));
#7848 = ADVANCED_FACE('',(#7849),#7874,.F.);
#7849 = FACE_BOUND('',#7850,.F.);
#7850 = EDGE_LOOP('',(#7851,#7859,#7860,#7868));
#7851 = ORIENTED_EDGE('',*,*,#7852,.F.);
#7852 = EDGE_CURVE('',#7277,#7853,#7855,.T.);
#7853 = VERTEX_POINT('',#7854);
#7854 = CARTESIAN_POINT('',(0.16,-0.16,-3.));
#7855 = LINE('',#7856,#7857);
#7856 = CARTESIAN_POINT('',(0.16,-0.16,-3.));
#7857 = VECTOR('',#7858,1.);
#7858 = DIRECTION('',(-0.57735026919,0.57735026919,-0.57735026919));
#7859 = ORIENTED_EDGE('',*,*,#7284,.T.);
#7860 = ORIENTED_EDGE('',*,*,#7861,.T.);
#7861 = EDGE_CURVE('',#7285,#7862,#7864,.T.);
#7862 = VERTEX_POINT('',#7863);
#7863 = CARTESIAN_POINT('',(0.16,0.16,-3.));
#7864 = LINE('',#7865,#7866);
#7865 = CARTESIAN_POINT('',(5.333333333333E-02,5.333333333333E-02,
    -3.106666666667));
#7866 = VECTOR('',#7867,1.);
#7867 = DIRECTION('',(-0.57735026919,-0.57735026919,-0.57735026919));
#7868 = ORIENTED_EDGE('',*,*,#7869,.F.);
#7869 = EDGE_CURVE('',#7853,#7862,#7870,.T.);
#7870 = LINE('',#7871,#7872);
#7871 = CARTESIAN_POINT('',(0.16,-0.32,-3.));
#7872 = VECTOR('',#7873,1.);
#7873 = DIRECTION('',(0.,1.,0.));
#7874 = PLANE('',#7875);
#7875 = AXIS2_PLACEMENT_3D('',#7876,#7877,#7878);
#7876 = CARTESIAN_POINT('',(0.24,-0.32,-2.92));
#7877 = DIRECTION('',(-0.707106781187,1.735167508357E-18,0.707106781187)
  );
#7878 = DIRECTION('',(1.226948711654E-18,1.,-1.226948711654E-18));
#7879 = ADVANCED_FACE('',(#7880),#7898,.F.);
#7880 = FACE_BOUND('',#7881,.T.);
#7881 = EDGE_LOOP('',(#7882,#7890,#7891,#7892));
#7882 = ORIENTED_EDGE('',*,*,#7883,.F.);
#7883 = EDGE_CURVE('',#7309,#7884,#7886,.T.);
#7884 = VERTEX_POINT('',#7885);
#7885 = CARTESIAN_POINT('',(-0.16,0.16,-3.));
#7886 = LINE('',#7887,#7888);
#7887 = CARTESIAN_POINT('',(-0.16,0.16,-3.));
#7888 = VECTOR('',#7889,1.);
#7889 = DIRECTION('',(0.57735026919,-0.57735026919,-0.57735026919));
#7890 = ORIENTED_EDGE('',*,*,#7308,.T.);
#7891 = ORIENTED_EDGE('',*,*,#7861,.T.);
#7892 = ORIENTED_EDGE('',*,*,#7893,.F.);
#7893 = EDGE_CURVE('',#7884,#7862,#7894,.T.);
#7894 = LINE('',#7895,#7896);
#7895 = CARTESIAN_POINT('',(-0.32,0.16,-3.));
#7896 = VECTOR('',#7897,1.);
#7897 = DIRECTION('',(1.,0.,0.));
#7898 = PLANE('',#7899);
#7899 = AXIS2_PLACEMENT_3D('',#7900,#7901,#7902);
#7900 = CARTESIAN_POINT('',(-0.32,0.24,-2.92));
#7901 = DIRECTION('',(-1.735167508357E-18,-0.707106781187,0.707106781187
    ));
#7902 = DIRECTION('',(-1.,1.226948711654E-18,-1.226948711654E-18));
#7903 = ADVANCED_FACE('',(#7904),#7922,.T.);
#7904 = FACE_BOUND('',#7905,.T.);
#7905 = EDGE_LOOP('',(#7906,#7914,#7915,#7916));
#7906 = ORIENTED_EDGE('',*,*,#7907,.F.);
#7907 = EDGE_CURVE('',#7332,#7908,#7910,.T.);
#7908 = VERTEX_POINT('',#7909);
#7909 = CARTESIAN_POINT('',(-0.16,-0.16,-3.));
#7910 = LINE('',#7911,#7912);
#7911 = CARTESIAN_POINT('',(-0.266666666667,-0.266666666667,
    -2.893333333333));
#7912 = VECTOR('',#7913,1.);
#7913 = DIRECTION('',(0.57735026919,0.57735026919,-0.57735026919));
#7914 = ORIENTED_EDGE('',*,*,#7339,.T.);
#7915 = ORIENTED_EDGE('',*,*,#7883,.T.);
#7916 = ORIENTED_EDGE('',*,*,#7917,.F.);
#7917 = EDGE_CURVE('',#7908,#7884,#7918,.T.);
#7918 = LINE('',#7919,#7920);
#7919 = CARTESIAN_POINT('',(-0.16,-0.32,-3.));
#7920 = VECTOR('',#7921,1.);
#7921 = DIRECTION('',(0.,1.,0.));
#7922 = PLANE('',#7923);
#7923 = AXIS2_PLACEMENT_3D('',#7924,#7925,#7926);
#7924 = CARTESIAN_POINT('',(-0.24,-0.32,-2.92));
#7925 = DIRECTION('',(-0.707106781187,-1.735167508357E-18,
    -0.707106781187));
#7926 = DIRECTION('',(-1.226948711654E-18,1.,-1.226948711654E-18));
#7927 = ADVANCED_FACE('',(#7928),#7939,.T.);
#7928 = FACE_BOUND('',#7929,.F.);
#7929 = EDGE_LOOP('',(#7930,#7931,#7932,#7933));
#7930 = ORIENTED_EDGE('',*,*,#7907,.F.);
#7931 = ORIENTED_EDGE('',*,*,#7356,.T.);
#7932 = ORIENTED_EDGE('',*,*,#7852,.T.);
#7933 = ORIENTED_EDGE('',*,*,#7934,.F.);
#7934 = EDGE_CURVE('',#7908,#7853,#7935,.T.);
#7935 = LINE('',#7936,#7937);
#7936 = CARTESIAN_POINT('',(-0.32,-0.16,-3.));
#7937 = VECTOR('',#7938,1.);
#7938 = DIRECTION('',(1.,0.,0.));
#7939 = PLANE('',#7940);
#7940 = AXIS2_PLACEMENT_3D('',#7941,#7942,#7943);
#7941 = CARTESIAN_POINT('',(-0.32,-0.24,-2.92));
#7942 = DIRECTION('',(1.735167508357E-18,-0.707106781187,-0.707106781187
    ));
#7943 = DIRECTION('',(-1.,-1.226948711654E-18,-1.226948711654E-18));
#7944 = ADVANCED_FACE('',(#7945),#7970,.T.);
#7945 = FACE_BOUND('',#7946,.F.);
#7946 = EDGE_LOOP('',(#7947,#7955,#7956,#7964));
#7947 = ORIENTED_EDGE('',*,*,#7948,.F.);
#7948 = EDGE_CURVE('',#7381,#7949,#7951,.T.);
#7949 = VERTEX_POINT('',#7950);
#7950 = CARTESIAN_POINT('',(-0.16,-2.7,-3.));
#7951 = LINE('',#7952,#7953);
#7952 = CARTESIAN_POINT('',(-0.266666666667,-2.806666666667,
    -2.893333333333));
#7953 = VECTOR('',#7954,1.);
#7954 = DIRECTION('',(0.57735026919,0.57735026919,-0.57735026919));
#7955 = ORIENTED_EDGE('',*,*,#7380,.T.);
#7956 = ORIENTED_EDGE('',*,*,#7957,.T.);
#7957 = EDGE_CURVE('',#7373,#7958,#7960,.T.);
#7958 = VERTEX_POINT('',#7959);
#7959 = CARTESIAN_POINT('',(0.16,-2.7,-3.));
#7960 = LINE('',#7961,#7962);
#7961 = CARTESIAN_POINT('',(0.16,-2.7,-3.));
#7962 = VECTOR('',#7963,1.);
#7963 = DIRECTION('',(-0.57735026919,0.57735026919,-0.57735026919));
#7964 = ORIENTED_EDGE('',*,*,#7965,.F.);
#7965 = EDGE_CURVE('',#7949,#7958,#7966,.T.);
#7966 = LINE('',#7967,#7968);
#7967 = CARTESIAN_POINT('',(-0.32,-2.7,-3.));
#7968 = VECTOR('',#7969,1.);
#7969 = DIRECTION('',(1.,0.,0.));
#7970 = PLANE('',#7971);
#7971 = AXIS2_PLACEMENT_3D('',#7972,#7973,#7974);
#7972 = CARTESIAN_POINT('',(-0.32,-2.78,-2.92));
#7973 = DIRECTION('',(1.735167508357E-18,-0.707106781187,-0.707106781187
    ));
#7974 = DIRECTION('',(-1.,-1.226948711654E-18,-1.226948711654E-18));
#7975 = ADVANCED_FACE('',(#7976),#7994,.F.);
#7976 = FACE_BOUND('',#7977,.F.);
#7977 = EDGE_LOOP('',(#7978,#7979,#7980,#7988));
#7978 = ORIENTED_EDGE('',*,*,#7957,.F.);
#7979 = ORIENTED_EDGE('',*,*,#7404,.T.);
#7980 = ORIENTED_EDGE('',*,*,#7981,.T.);
#7981 = EDGE_CURVE('',#7405,#7982,#7984,.T.);
#7982 = VERTEX_POINT('',#7983);
#7983 = CARTESIAN_POINT('',(0.16,-2.38,-3.));
#7984 = LINE('',#7985,#7986);
#7985 = CARTESIAN_POINT('',(5.333333333333E-02,-2.486666666667,
    -3.106666666667));
#7986 = VECTOR('',#7987,1.);
#7987 = DIRECTION('',(-0.57735026919,-0.57735026919,-0.57735026919));
#7988 = ORIENTED_EDGE('',*,*,#7989,.F.);
#7989 = EDGE_CURVE('',#7958,#7982,#7990,.T.);
#7990 = LINE('',#7991,#7992);
#7991 = CARTESIAN_POINT('',(0.16,-2.86,-3.));
#7992 = VECTOR('',#7993,1.);
#7993 = DIRECTION('',(0.,1.,0.));
#7994 = PLANE('',#7995);
#7995 = AXIS2_PLACEMENT_3D('',#7996,#7997,#7998);
#7996 = CARTESIAN_POINT('',(0.24,-2.86,-2.92));
#7997 = DIRECTION('',(-0.707106781187,1.735167508357E-18,0.707106781187)
  );
#7998 = DIRECTION('',(1.226948711654E-18,1.,-1.226948711654E-18));
#7999 = ADVANCED_FACE('',(#8000),#8018,.F.);
#8000 = FACE_BOUND('',#8001,.T.);
#8001 = EDGE_LOOP('',(#8002,#8010,#8011,#8012));
#8002 = ORIENTED_EDGE('',*,*,#8003,.F.);
#8003 = EDGE_CURVE('',#7429,#8004,#8006,.T.);
#8004 = VERTEX_POINT('',#8005);
#8005 = CARTESIAN_POINT('',(-0.16,-2.38,-3.));
#8006 = LINE('',#8007,#8008);
#8007 = CARTESIAN_POINT('',(-0.16,-2.38,-3.));
#8008 = VECTOR('',#8009,1.);
#8009 = DIRECTION('',(0.57735026919,-0.57735026919,-0.57735026919));
#8010 = ORIENTED_EDGE('',*,*,#7428,.T.);
#8011 = ORIENTED_EDGE('',*,*,#7981,.T.);
#8012 = ORIENTED_EDGE('',*,*,#8013,.F.);
#8013 = EDGE_CURVE('',#8004,#7982,#8014,.T.);
#8014 = LINE('',#8015,#8016);
#8015 = CARTESIAN_POINT('',(-0.32,-2.38,-3.));
#8016 = VECTOR('',#8017,1.);
#8017 = DIRECTION('',(1.,0.,0.));
#8018 = PLANE('',#8019);
#8019 = AXIS2_PLACEMENT_3D('',#8020,#8021,#8022);
#8020 = CARTESIAN_POINT('',(-0.32,-2.3,-2.92));
#8021 = DIRECTION('',(-1.735167508357E-18,-0.707106781187,0.707106781187
    ));
#8022 = DIRECTION('',(-1.,1.226948711654E-18,-1.226948711654E-18));
#8023 = ADVANCED_FACE('',(#8024),#8035,.T.);
#8024 = FACE_BOUND('',#8025,.T.);
#8025 = EDGE_LOOP('',(#8026,#8027,#8028,#8029));
#8026 = ORIENTED_EDGE('',*,*,#7948,.F.);
#8027 = ORIENTED_EDGE('',*,*,#7452,.T.);
#8028 = ORIENTED_EDGE('',*,*,#8003,.T.);
#8029 = ORIENTED_EDGE('',*,*,#8030,.F.);
#8030 = EDGE_CURVE('',#7949,#8004,#8031,.T.);
#8031 = LINE('',#8032,#8033);
#8032 = CARTESIAN_POINT('',(-0.16,-2.86,-3.));
#8033 = VECTOR('',#8034,1.);
#8034 = DIRECTION('',(0.,1.,0.));
#8035 = PLANE('',#8036);
#8036 = AXIS2_PLACEMENT_3D('',#8037,#8038,#8039);
#8037 = CARTESIAN_POINT('',(-0.24,-2.86,-2.92));
#8038 = DIRECTION('',(-0.707106781187,-1.735167508357E-18,
    -0.707106781187));
#8039 = DIRECTION('',(-1.226948711654E-18,1.,-1.226948711654E-18));
#8040 = ADVANCED_FACE('',(#8041),#8066,.F.);
#8041 = FACE_BOUND('',#8042,.T.);
#8042 = EDGE_LOOP('',(#8043,#8051,#8052,#8060));
#8043 = ORIENTED_EDGE('',*,*,#8044,.F.);
#8044 = EDGE_CURVE('',#7477,#8045,#8047,.T.);
#8045 = VERTEX_POINT('',#8046);
#8046 = CARTESIAN_POINT('',(-0.16,-4.92,-3.));
#8047 = LINE('',#8048,#8049);
#8048 = CARTESIAN_POINT('',(-0.16,-4.92,-3.));
#8049 = VECTOR('',#8050,1.);
#8050 = DIRECTION('',(0.57735026919,-0.57735026919,-0.57735026919));
#8051 = ORIENTED_EDGE('',*,*,#7476,.T.);
#8052 = ORIENTED_EDGE('',*,*,#8053,.T.);
#8053 = EDGE_CURVE('',#7469,#8054,#8056,.T.);
#8054 = VERTEX_POINT('',#8055);
#8055 = CARTESIAN_POINT('',(0.16,-4.92,-3.));
#8056 = LINE('',#8057,#8058);
#8057 = CARTESIAN_POINT('',(5.333333333333E-02,-5.026666666667,
    -3.106666666667));
#8058 = VECTOR('',#8059,1.);
#8059 = DIRECTION('',(-0.57735026919,-0.57735026919,-0.57735026919));
#8060 = ORIENTED_EDGE('',*,*,#8061,.F.);
#8061 = EDGE_CURVE('',#8045,#8054,#8062,.T.);
#8062 = LINE('',#8063,#8064);
#8063 = CARTESIAN_POINT('',(-0.32,-4.92,-3.));
#8064 = VECTOR('',#8065,1.);
#8065 = DIRECTION('',(1.,0.,0.));
#8066 = PLANE('',#8067);
#8067 = AXIS2_PLACEMENT_3D('',#8068,#8069,#8070);
#8068 = CARTESIAN_POINT('',(-0.32,-4.84,-2.92));
#8069 = DIRECTION('',(-1.735167508357E-18,-0.707106781187,0.707106781187
    ));
#8070 = DIRECTION('',(-1.,1.226948711654E-18,-1.226948711654E-18));
#8071 = ADVANCED_FACE('',(#8072),#8090,.T.);
#8072 = FACE_BOUND('',#8073,.T.);
#8073 = EDGE_LOOP('',(#8074,#8082,#8083,#8084));
#8074 = ORIENTED_EDGE('',*,*,#8075,.F.);
#8075 = EDGE_CURVE('',#7500,#8076,#8078,.T.);
#8076 = VERTEX_POINT('',#8077);
#8077 = CARTESIAN_POINT('',(-0.16,-5.24,-3.));
#8078 = LINE('',#8079,#8080);
#8079 = CARTESIAN_POINT('',(-0.266666666667,-5.346666666667,
    -2.893333333333));
#8080 = VECTOR('',#8081,1.);
#8081 = DIRECTION('',(0.57735026919,0.57735026919,-0.57735026919));
#8082 = ORIENTED_EDGE('',*,*,#7507,.T.);
#8083 = ORIENTED_EDGE('',*,*,#8044,.T.);
#8084 = ORIENTED_EDGE('',*,*,#8085,.F.);
#8085 = EDGE_CURVE('',#8076,#8045,#8086,.T.);
#8086 = LINE('',#8087,#8088);
#8087 = CARTESIAN_POINT('',(-0.16,-5.4,-3.));
#8088 = VECTOR('',#8089,1.);
#8089 = DIRECTION('',(0.,1.,0.));
#8090 = PLANE('',#8091);
#8091 = AXIS2_PLACEMENT_3D('',#8092,#8093,#8094);
#8092 = CARTESIAN_POINT('',(-0.24,-5.4,-2.92));
#8093 = DIRECTION('',(-0.707106781187,-1.735167508357E-18,
    -0.707106781187));
#8094 = DIRECTION('',(-1.226948711654E-18,1.,-1.226948711654E-18));
#8095 = ADVANCED_FACE('',(#8096),#8114,.T.);
#8096 = FACE_BOUND('',#8097,.F.);
#8097 = EDGE_LOOP('',(#8098,#8099,#8100,#8108));
#8098 = ORIENTED_EDGE('',*,*,#8075,.F.);
#8099 = ORIENTED_EDGE('',*,*,#7531,.T.);
#8100 = ORIENTED_EDGE('',*,*,#8101,.T.);
#8101 = EDGE_CURVE('',#7524,#8102,#8104,.T.);
#8102 = VERTEX_POINT('',#8103);
#8103 = CARTESIAN_POINT('',(0.16,-5.24,-3.));
#8104 = LINE('',#8105,#8106);
#8105 = CARTESIAN_POINT('',(0.16,-5.24,-3.));
#8106 = VECTOR('',#8107,1.);
#8107 = DIRECTION('',(-0.57735026919,0.57735026919,-0.57735026919));
#8108 = ORIENTED_EDGE('',*,*,#8109,.F.);
#8109 = EDGE_CURVE('',#8076,#8102,#8110,.T.);
#8110 = LINE('',#8111,#8112);
#8111 = CARTESIAN_POINT('',(-0.32,-5.24,-3.));
#8112 = VECTOR('',#8113,1.);
#8113 = DIRECTION('',(1.,0.,0.));
#8114 = PLANE('',#8115);
#8115 = AXIS2_PLACEMENT_3D('',#8116,#8117,#8118);
#8116 = CARTESIAN_POINT('',(-0.32,-5.32,-2.92));
#8117 = DIRECTION('',(1.735167508357E-18,-0.707106781187,-0.707106781187
    ));
#8118 = DIRECTION('',(-1.,-1.226948711654E-18,-1.226948711654E-18));
#8119 = ADVANCED_FACE('',(#8120),#8131,.F.);
#8120 = FACE_BOUND('',#8121,.F.);
#8121 = EDGE_LOOP('',(#8122,#8123,#8124,#8125));
#8122 = ORIENTED_EDGE('',*,*,#8101,.F.);
#8123 = ORIENTED_EDGE('',*,*,#7548,.T.);
#8124 = ORIENTED_EDGE('',*,*,#8053,.T.);
#8125 = ORIENTED_EDGE('',*,*,#8126,.F.);
#8126 = EDGE_CURVE('',#8102,#8054,#8127,.T.);
#8127 = LINE('',#8128,#8129);
#8128 = CARTESIAN_POINT('',(0.16,-5.4,-3.));
#8129 = VECTOR('',#8130,1.);
#8130 = DIRECTION('',(0.,1.,0.));
#8131 = PLANE('',#8132);
#8132 = AXIS2_PLACEMENT_3D('',#8133,#8134,#8135);
#8133 = CARTESIAN_POINT('',(0.24,-5.4,-2.92));
#8134 = DIRECTION('',(-0.707106781187,1.735167508357E-18,0.707106781187)
  );
#8135 = DIRECTION('',(1.226948711654E-18,1.,-1.226948711654E-18));
#8136 = ADVANCED_FACE('',(#8137),#8162,.T.);
#8137 = FACE_BOUND('',#8138,.T.);
#8138 = EDGE_LOOP('',(#8139,#8147,#8148,#8156));
#8139 = ORIENTED_EDGE('',*,*,#8140,.F.);
#8140 = EDGE_CURVE('',#7565,#8141,#8143,.T.);
#8141 = VERTEX_POINT('',#8142);
#8142 = CARTESIAN_POINT('',(0.16,-0.16,8.54));
#8143 = LINE('',#8144,#8145);
#8144 = CARTESIAN_POINT('',(0.16,-0.16,8.54));
#8145 = VECTOR('',#8146,1.);
#8146 = DIRECTION('',(-0.57735026919,0.57735026919,0.57735026919));
#8147 = ORIENTED_EDGE('',*,*,#7581,.T.);
#8148 = ORIENTED_EDGE('',*,*,#8149,.T.);
#8149 = EDGE_CURVE('',#7574,#8150,#8152,.T.);
#8150 = VERTEX_POINT('',#8151);
#8151 = CARTESIAN_POINT('',(0.16,0.16,8.54));
#8152 = LINE('',#8153,#8154);
#8153 = CARTESIAN_POINT('',(5.333333333333E-02,5.333333333333E-02,
    8.646666666667));
#8154 = VECTOR('',#8155,1.);
#8155 = DIRECTION('',(-0.57735026919,-0.57735026919,0.57735026919));
#8156 = ORIENTED_EDGE('',*,*,#8157,.F.);
#8157 = EDGE_CURVE('',#8141,#8150,#8158,.T.);
#8158 = LINE('',#8159,#8160);
#8159 = CARTESIAN_POINT('',(0.16,-0.32,8.54));
#8160 = VECTOR('',#8161,1.);
#8161 = DIRECTION('',(0.,1.,0.));
#8162 = PLANE('',#8163);
#8163 = AXIS2_PLACEMENT_3D('',#8164,#8165,#8166);
#8164 = CARTESIAN_POINT('',(0.24,-0.32,8.46));
#8165 = DIRECTION('',(0.707106781187,-1.735167508357E-18,0.707106781187)
  );
#8166 = DIRECTION('',(1.226948711654E-18,1.,1.226948711654E-18));
#8167 = ADVANCED_FACE('',(#8168),#8186,.T.);
#8168 = FACE_BOUND('',#8169,.F.);
#8169 = EDGE_LOOP('',(#8170,#8178,#8179,#8180));
#8170 = ORIENTED_EDGE('',*,*,#8171,.F.);
#8171 = EDGE_CURVE('',#7598,#8172,#8174,.T.);
#8172 = VERTEX_POINT('',#8173);
#8173 = CARTESIAN_POINT('',(-0.16,0.16,8.54));
#8174 = LINE('',#8175,#8176);
#8175 = CARTESIAN_POINT('',(-0.16,0.16,8.54));
#8176 = VECTOR('',#8177,1.);
#8177 = DIRECTION('',(0.57735026919,-0.57735026919,0.57735026919));
#8178 = ORIENTED_EDGE('',*,*,#7605,.T.);
#8179 = ORIENTED_EDGE('',*,*,#8149,.T.);
#8180 = ORIENTED_EDGE('',*,*,#8181,.F.);
#8181 = EDGE_CURVE('',#8172,#8150,#8182,.T.);
#8182 = LINE('',#8183,#8184);
#8183 = CARTESIAN_POINT('',(-0.32,0.16,8.54));
#8184 = VECTOR('',#8185,1.);
#8185 = DIRECTION('',(1.,0.,0.));
#8186 = PLANE('',#8187);
#8187 = AXIS2_PLACEMENT_3D('',#8188,#8189,#8190);
#8188 = CARTESIAN_POINT('',(-0.32,0.24,8.46));
#8189 = DIRECTION('',(1.735167508357E-18,0.707106781187,0.707106781187)
  );
#8190 = DIRECTION('',(-1.,1.226948711654E-18,1.226948711654E-18));
#8191 = ADVANCED_FACE('',(#8192),#8210,.F.);
#8192 = FACE_BOUND('',#8193,.F.);
#8193 = EDGE_LOOP('',(#8194,#8202,#8203,#8204));
#8194 = ORIENTED_EDGE('',*,*,#8195,.F.);
#8195 = EDGE_CURVE('',#7620,#8196,#8198,.T.);
#8196 = VERTEX_POINT('',#8197);
#8197 = CARTESIAN_POINT('',(-0.16,-0.16,8.54));
#8198 = LINE('',#8199,#8200);
#8199 = CARTESIAN_POINT('',(-0.266666666667,-0.266666666667,
    8.433333333333));
#8200 = VECTOR('',#8201,1.);
#8201 = DIRECTION('',(0.57735026919,0.57735026919,0.57735026919));
#8202 = ORIENTED_EDGE('',*,*,#7629,.T.);
#8203 = ORIENTED_EDGE('',*,*,#8171,.T.);
#8204 = ORIENTED_EDGE('',*,*,#8205,.F.);
#8205 = EDGE_CURVE('',#8196,#8172,#8206,.T.);
#8206 = LINE('',#8207,#8208);
#8207 = CARTESIAN_POINT('',(-0.16,-0.32,8.54));
#8208 = VECTOR('',#8209,1.);
#8209 = DIRECTION('',(0.,1.,0.));
#8210 = PLANE('',#8211);
#8211 = AXIS2_PLACEMENT_3D('',#8212,#8213,#8214);
#8212 = CARTESIAN_POINT('',(-0.24,-0.32,8.46));
#8213 = DIRECTION('',(0.707106781187,1.735167508357E-18,-0.707106781187)
  );
#8214 = DIRECTION('',(-1.226948711654E-18,1.,1.226948711654E-18));
#8215 = ADVANCED_FACE('',(#8216),#8227,.F.);
#8216 = FACE_BOUND('',#8217,.T.);
#8217 = EDGE_LOOP('',(#8218,#8219,#8220,#8221));
#8218 = ORIENTED_EDGE('',*,*,#8195,.F.);
#8219 = ORIENTED_EDGE('',*,*,#7646,.T.);
#8220 = ORIENTED_EDGE('',*,*,#8140,.T.);
#8221 = ORIENTED_EDGE('',*,*,#8222,.F.);
#8222 = EDGE_CURVE('',#8196,#8141,#8223,.T.);
#8223 = LINE('',#8224,#8225);
#8224 = CARTESIAN_POINT('',(-0.32,-0.16,8.54));
#8225 = VECTOR('',#8226,1.);
#8226 = DIRECTION('',(1.,0.,0.));
#8227 = PLANE('',#8228);
#8228 = AXIS2_PLACEMENT_3D('',#8229,#8230,#8231);
#8229 = CARTESIAN_POINT('',(-0.32,-0.24,8.46));
#8230 = DIRECTION('',(-1.735167508357E-18,0.707106781187,-0.707106781187
    ));
#8231 = DIRECTION('',(-1.,-1.226948711654E-18,1.226948711654E-18));
#8232 = ADVANCED_FACE('',(#8233),#8258,.F.);
#8233 = FACE_BOUND('',#8234,.T.);
#8234 = EDGE_LOOP('',(#8235,#8243,#8244,#8252));
#8235 = ORIENTED_EDGE('',*,*,#8236,.F.);
#8236 = EDGE_CURVE('',#7670,#8237,#8239,.T.);
#8237 = VERTEX_POINT('',#8238);
#8238 = CARTESIAN_POINT('',(-0.16,-2.7,8.54));
#8239 = LINE('',#8240,#8241);
#8240 = CARTESIAN_POINT('',(-0.266666666667,-2.806666666667,
    8.433333333333));
#8241 = VECTOR('',#8242,1.);
#8242 = DIRECTION('',(0.57735026919,0.57735026919,0.57735026919));
#8243 = ORIENTED_EDGE('',*,*,#7677,.T.);
#8244 = ORIENTED_EDGE('',*,*,#8245,.T.);
#8245 = EDGE_CURVE('',#7661,#8246,#8248,.T.);
#8246 = VERTEX_POINT('',#8247);
#8247 = CARTESIAN_POINT('',(0.16,-2.7,8.54));
#8248 = LINE('',#8249,#8250);
#8249 = CARTESIAN_POINT('',(0.16,-2.7,8.54));
#8250 = VECTOR('',#8251,1.);
#8251 = DIRECTION('',(-0.57735026919,0.57735026919,0.57735026919));
#8252 = ORIENTED_EDGE('',*,*,#8253,.F.);
#8253 = EDGE_CURVE('',#8237,#8246,#8254,.T.);
#8254 = LINE('',#8255,#8256);
#8255 = CARTESIAN_POINT('',(-0.32,-2.7,8.54));
#8256 = VECTOR('',#8257,1.);
#8257 = DIRECTION('',(1.,0.,0.));
#8258 = PLANE('',#8259);
#8259 = AXIS2_PLACEMENT_3D('',#8260,#8261,#8262);
#8260 = CARTESIAN_POINT('',(-0.32,-2.78,8.46));
#8261 = DIRECTION('',(-1.735167508357E-18,0.707106781187,-0.707106781187
    ));
#8262 = DIRECTION('',(-1.,-1.226948711654E-18,1.226948711654E-18));
#8263 = ADVANCED_FACE('',(#8264),#8282,.T.);
#8264 = FACE_BOUND('',#8265,.T.);
#8265 = EDGE_LOOP('',(#8266,#8267,#8268,#8276));
#8266 = ORIENTED_EDGE('',*,*,#8245,.F.);
#8267 = ORIENTED_EDGE('',*,*,#7701,.T.);
#8268 = ORIENTED_EDGE('',*,*,#8269,.T.);
#8269 = EDGE_CURVE('',#7694,#8270,#8272,.T.);
#8270 = VERTEX_POINT('',#8271);
#8271 = CARTESIAN_POINT('',(0.16,-2.38,8.54));
#8272 = LINE('',#8273,#8274);
#8273 = CARTESIAN_POINT('',(5.333333333333E-02,-2.486666666667,
    8.646666666667));
#8274 = VECTOR('',#8275,1.);
#8275 = DIRECTION('',(-0.57735026919,-0.57735026919,0.57735026919));
#8276 = ORIENTED_EDGE('',*,*,#8277,.F.);
#8277 = EDGE_CURVE('',#8246,#8270,#8278,.T.);
#8278 = LINE('',#8279,#8280);
#8279 = CARTESIAN_POINT('',(0.16,-2.86,8.54));
#8280 = VECTOR('',#8281,1.);
#8281 = DIRECTION('',(0.,1.,0.));
#8282 = PLANE('',#8283);
#8283 = AXIS2_PLACEMENT_3D('',#8284,#8285,#8286);
#8284 = CARTESIAN_POINT('',(0.24,-2.86,8.46));
#8285 = DIRECTION('',(0.707106781187,-1.735167508357E-18,0.707106781187)
  );
#8286 = DIRECTION('',(1.226948711654E-18,1.,1.226948711654E-18));
#8287 = ADVANCED_FACE('',(#8288),#8306,.T.);
#8288 = FACE_BOUND('',#8289,.F.);
#8289 = EDGE_LOOP('',(#8290,#8298,#8299,#8300));
#8290 = ORIENTED_EDGE('',*,*,#8291,.F.);
#8291 = EDGE_CURVE('',#7718,#8292,#8294,.T.);
#8292 = VERTEX_POINT('',#8293);
#8293 = CARTESIAN_POINT('',(-0.16,-2.38,8.54));
#8294 = LINE('',#8295,#8296);
#8295 = CARTESIAN_POINT('',(-0.16,-2.38,8.54));
#8296 = VECTOR('',#8297,1.);
#8297 = DIRECTION('',(0.57735026919,-0.57735026919,0.57735026919));
#8298 = ORIENTED_EDGE('',*,*,#7725,.T.);
#8299 = ORIENTED_EDGE('',*,*,#8269,.T.);
#8300 = ORIENTED_EDGE('',*,*,#8301,.F.);
#8301 = EDGE_CURVE('',#8292,#8270,#8302,.T.);
#8302 = LINE('',#8303,#8304);
#8303 = CARTESIAN_POINT('',(-0.32,-2.38,8.54));
#8304 = VECTOR('',#8305,1.);
#8305 = DIRECTION('',(1.,0.,0.));
#8306 = PLANE('',#8307);
#8307 = AXIS2_PLACEMENT_3D('',#8308,#8309,#8310);
#8308 = CARTESIAN_POINT('',(-0.32,-2.3,8.46));
#8309 = DIRECTION('',(1.735167508357E-18,0.707106781187,0.707106781187)
  );
#8310 = DIRECTION('',(-1.,1.226948711654E-18,1.226948711654E-18));
#8311 = ADVANCED_FACE('',(#8312),#8323,.F.);
#8312 = FACE_BOUND('',#8313,.F.);
#8313 = EDGE_LOOP('',(#8314,#8315,#8316,#8317));
#8314 = ORIENTED_EDGE('',*,*,#8236,.F.);
#8315 = ORIENTED_EDGE('',*,*,#7742,.T.);
#8316 = ORIENTED_EDGE('',*,*,#8291,.T.);
#8317 = ORIENTED_EDGE('',*,*,#8318,.F.);
#8318 = EDGE_CURVE('',#8237,#8292,#8319,.T.);
#8319 = LINE('',#8320,#8321);
#8320 = CARTESIAN_POINT('',(-0.16,-2.86,8.54));
#8321 = VECTOR('',#8322,1.);
#8322 = DIRECTION('',(0.,1.,0.));
#8323 = PLANE('',#8324);
#8324 = AXIS2_PLACEMENT_3D('',#8325,#8326,#8327);
#8325 = CARTESIAN_POINT('',(-0.24,-2.86,8.46));
#8326 = DIRECTION('',(0.707106781187,1.735167508357E-18,-0.707106781187)
  );
#8327 = DIRECTION('',(-1.226948711654E-18,1.,1.226948711654E-18));
#8328 = ADVANCED_FACE('',(#8329),#8354,.T.);
#8329 = FACE_BOUND('',#8330,.F.);
#8330 = EDGE_LOOP('',(#8331,#8339,#8340,#8348));
#8331 = ORIENTED_EDGE('',*,*,#8332,.F.);
#8332 = EDGE_CURVE('',#7766,#8333,#8335,.T.);
#8333 = VERTEX_POINT('',#8334);
#8334 = CARTESIAN_POINT('',(-0.16,-4.92,8.54));
#8335 = LINE('',#8336,#8337);
#8336 = CARTESIAN_POINT('',(-0.16,-4.92,8.54));
#8337 = VECTOR('',#8338,1.);
#8338 = DIRECTION('',(0.57735026919,-0.57735026919,0.57735026919));
#8339 = ORIENTED_EDGE('',*,*,#7773,.T.);
#8340 = ORIENTED_EDGE('',*,*,#8341,.T.);
#8341 = EDGE_CURVE('',#7757,#8342,#8344,.T.);
#8342 = VERTEX_POINT('',#8343);
#8343 = CARTESIAN_POINT('',(0.16,-4.92,8.54));
#8344 = LINE('',#8345,#8346);
#8345 = CARTESIAN_POINT('',(5.333333333333E-02,-5.026666666667,
    8.646666666667));
#8346 = VECTOR('',#8347,1.);
#8347 = DIRECTION('',(-0.57735026919,-0.57735026919,0.57735026919));
#8348 = ORIENTED_EDGE('',*,*,#8349,.F.);
#8349 = EDGE_CURVE('',#8333,#8342,#8350,.T.);
#8350 = LINE('',#8351,#8352);
#8351 = CARTESIAN_POINT('',(-0.32,-4.92,8.54));
#8352 = VECTOR('',#8353,1.);
#8353 = DIRECTION('',(1.,0.,0.));
#8354 = PLANE('',#8355);
#8355 = AXIS2_PLACEMENT_3D('',#8356,#8357,#8358);
#8356 = CARTESIAN_POINT('',(-0.32,-4.84,8.46));
#8357 = DIRECTION('',(1.735167508357E-18,0.707106781187,0.707106781187)
  );
#8358 = DIRECTION('',(-1.,1.226948711654E-18,1.226948711654E-18));
#8359 = ADVANCED_FACE('',(#8360),#8378,.F.);
#8360 = FACE_BOUND('',#8361,.F.);
#8361 = EDGE_LOOP('',(#8362,#8370,#8371,#8372));
#8362 = ORIENTED_EDGE('',*,*,#8363,.F.);
#8363 = EDGE_CURVE('',#7788,#8364,#8366,.T.);
#8364 = VERTEX_POINT('',#8365);
#8365 = CARTESIAN_POINT('',(-0.16,-5.24,8.54));
#8366 = LINE('',#8367,#8368);
#8367 = CARTESIAN_POINT('',(-0.266666666667,-5.346666666667,
    8.433333333333));
#8368 = VECTOR('',#8369,1.);
#8369 = DIRECTION('',(0.57735026919,0.57735026919,0.57735026919));
#8370 = ORIENTED_EDGE('',*,*,#7797,.T.);
#8371 = ORIENTED_EDGE('',*,*,#8332,.T.);
#8372 = ORIENTED_EDGE('',*,*,#8373,.F.);
#8373 = EDGE_CURVE('',#8364,#8333,#8374,.T.);
#8374 = LINE('',#8375,#8376);
#8375 = CARTESIAN_POINT('',(-0.16,-5.4,8.54));
#8376 = VECTOR('',#8377,1.);
#8377 = DIRECTION('',(0.,1.,0.));
#8378 = PLANE('',#8379);
#8379 = AXIS2_PLACEMENT_3D('',#8380,#8381,#8382);
#8380 = CARTESIAN_POINT('',(-0.24,-5.4,8.46));
#8381 = DIRECTION('',(0.707106781187,1.735167508357E-18,-0.707106781187)
  );
#8382 = DIRECTION('',(-1.226948711654E-18,1.,1.226948711654E-18));
#8383 = ADVANCED_FACE('',(#8384),#8402,.F.);
#8384 = FACE_BOUND('',#8385,.T.);
#8385 = EDGE_LOOP('',(#8386,#8387,#8388,#8396));
#8386 = ORIENTED_EDGE('',*,*,#8363,.F.);
#8387 = ORIENTED_EDGE('',*,*,#7821,.T.);
#8388 = ORIENTED_EDGE('',*,*,#8389,.T.);
#8389 = EDGE_CURVE('',#7812,#8390,#8392,.T.);
#8390 = VERTEX_POINT('',#8391);
#8391 = CARTESIAN_POINT('',(0.16,-5.24,8.54));
#8392 = LINE('',#8393,#8394);
#8393 = CARTESIAN_POINT('',(0.16,-5.24,8.54));
#8394 = VECTOR('',#8395,1.);
#8395 = DIRECTION('',(-0.57735026919,0.57735026919,0.57735026919));
#8396 = ORIENTED_EDGE('',*,*,#8397,.F.);
#8397 = EDGE_CURVE('',#8364,#8390,#8398,.T.);
#8398 = LINE('',#8399,#8400);
#8399 = CARTESIAN_POINT('',(-0.32,-5.24,8.54));
#8400 = VECTOR('',#8401,1.);
#8401 = DIRECTION('',(1.,0.,0.));
#8402 = PLANE('',#8403);
#8403 = AXIS2_PLACEMENT_3D('',#8404,#8405,#8406);
#8404 = CARTESIAN_POINT('',(-0.32,-5.32,8.46));
#8405 = DIRECTION('',(-1.735167508357E-18,0.707106781187,-0.707106781187
    ));
#8406 = DIRECTION('',(-1.,-1.226948711654E-18,1.226948711654E-18));
#8407 = ADVANCED_FACE('',(#8408),#8419,.T.);
#8408 = FACE_BOUND('',#8409,.T.);
#8409 = EDGE_LOOP('',(#8410,#8411,#8412,#8413));
#8410 = ORIENTED_EDGE('',*,*,#8389,.F.);
#8411 = ORIENTED_EDGE('',*,*,#7838,.T.);
#8412 = ORIENTED_EDGE('',*,*,#8341,.T.);
#8413 = ORIENTED_EDGE('',*,*,#8414,.F.);
#8414 = EDGE_CURVE('',#8390,#8342,#8415,.T.);
#8415 = LINE('',#8416,#8417);
#8416 = CARTESIAN_POINT('',(0.16,-5.4,8.54));
#8417 = VECTOR('',#8418,1.);
#8418 = DIRECTION('',(0.,1.,0.));
#8419 = PLANE('',#8420);
#8420 = AXIS2_PLACEMENT_3D('',#8421,#8422,#8423);
#8421 = CARTESIAN_POINT('',(0.24,-5.4,8.46));
#8422 = DIRECTION('',(0.707106781187,-1.735167508357E-18,0.707106781187)
  );
#8423 = DIRECTION('',(1.226948711654E-18,1.,1.226948711654E-18));
#8424 = ADVANCED_FACE('',(#8425),#8431,.F.);
#8425 = FACE_BOUND('',#8426,.F.);
#8426 = EDGE_LOOP('',(#8427,#8428,#8429,#8430));
#8427 = ORIENTED_EDGE('',*,*,#7893,.F.);
#8428 = ORIENTED_EDGE('',*,*,#7917,.F.);
#8429 = ORIENTED_EDGE('',*,*,#7934,.T.);
#8430 = ORIENTED_EDGE('',*,*,#7869,.T.);
#8431 = PLANE('',#8432);
#8432 = AXIS2_PLACEMENT_3D('',#8433,#8434,#8435);
#8433 = CARTESIAN_POINT('',(-0.32,-0.32,-3.));
#8434 = DIRECTION('',(0.,0.,1.));
#8435 = DIRECTION('',(1.,0.,-0.));
#8436 = ADVANCED_FACE('',(#8437),#8443,.F.);
#8437 = FACE_BOUND('',#8438,.F.);
#8438 = EDGE_LOOP('',(#8439,#8440,#8441,#8442));
#8439 = ORIENTED_EDGE('',*,*,#8013,.F.);
#8440 = ORIENTED_EDGE('',*,*,#8030,.F.);
#8441 = ORIENTED_EDGE('',*,*,#7965,.T.);
#8442 = ORIENTED_EDGE('',*,*,#7989,.T.);
#8443 = PLANE('',#8444);
#8444 = AXIS2_PLACEMENT_3D('',#8445,#8446,#8447);
#8445 = CARTESIAN_POINT('',(-0.32,-2.86,-3.));
#8446 = DIRECTION('',(0.,0.,1.));
#8447 = DIRECTION('',(1.,0.,-0.));
#8448 = ADVANCED_FACE('',(#8449),#8455,.F.);
#8449 = FACE_BOUND('',#8450,.F.);
#8450 = EDGE_LOOP('',(#8451,#8452,#8453,#8454));
#8451 = ORIENTED_EDGE('',*,*,#8061,.F.);
#8452 = ORIENTED_EDGE('',*,*,#8085,.F.);
#8453 = ORIENTED_EDGE('',*,*,#8109,.T.);
#8454 = ORIENTED_EDGE('',*,*,#8126,.T.);
#8455 = PLANE('',#8456);
#8456 = AXIS2_PLACEMENT_3D('',#8457,#8458,#8459);
#8457 = CARTESIAN_POINT('',(-0.32,-5.4,-3.));
#8458 = DIRECTION('',(0.,0.,1.));
#8459 = DIRECTION('',(1.,0.,-0.));
#8460 = ADVANCED_FACE('',(#8461),#8467,.T.);
#8461 = FACE_BOUND('',#8462,.T.);
#8462 = EDGE_LOOP('',(#8463,#8464,#8465,#8466));
#8463 = ORIENTED_EDGE('',*,*,#8222,.T.);
#8464 = ORIENTED_EDGE('',*,*,#8157,.T.);
#8465 = ORIENTED_EDGE('',*,*,#8181,.F.);
#8466 = ORIENTED_EDGE('',*,*,#8205,.F.);
#8467 = PLANE('',#8468);
#8468 = AXIS2_PLACEMENT_3D('',#8469,#8470,#8471);
#8469 = CARTESIAN_POINT('',(-0.32,-0.32,8.54));
#8470 = DIRECTION('',(0.,0.,1.));
#8471 = DIRECTION('',(1.,0.,-0.));
#8472 = ADVANCED_FACE('',(#8473),#8479,.T.);
#8473 = FACE_BOUND('',#8474,.T.);
#8474 = EDGE_LOOP('',(#8475,#8476,#8477,#8478));
#8475 = ORIENTED_EDGE('',*,*,#8253,.T.);
#8476 = ORIENTED_EDGE('',*,*,#8277,.T.);
#8477 = ORIENTED_EDGE('',*,*,#8301,.F.);
#8478 = ORIENTED_EDGE('',*,*,#8318,.F.);
#8479 = PLANE('',#8480);
#8480 = AXIS2_PLACEMENT_3D('',#8481,#8482,#8483);
#8481 = CARTESIAN_POINT('',(-0.32,-2.86,8.54));
#8482 = DIRECTION('',(0.,0.,1.));
#8483 = DIRECTION('',(1.,0.,-0.));
#8484 = ADVANCED_FACE('',(#8485),#8491,.T.);
#8485 = FACE_BOUND('',#8486,.T.);
#8486 = EDGE_LOOP('',(#8487,#8488,#8489,#8490));
#8487 = ORIENTED_EDGE('',*,*,#8397,.T.);
#8488 = ORIENTED_EDGE('',*,*,#8414,.T.);
#8489 = ORIENTED_EDGE('',*,*,#8349,.F.);
#8490 = ORIENTED_EDGE('',*,*,#8373,.F.);
#8491 = PLANE('',#8492);
#8492 = AXIS2_PLACEMENT_3D('',#8493,#8494,#8495);
#8493 = CARTESIAN_POINT('',(-0.32,-5.4,8.54));
#8494 = DIRECTION('',(0.,0.,1.));
#8495 = DIRECTION('',(1.,0.,-0.));
#8496 = ( GEOMETRIC_REPRESENTATION_CONTEXT(3) 
GLOBAL_UNCERTAINTY_ASSIGNED_CONTEXT((#8500)) 
GLOBAL_UNIT_ASSIGNED_CONTEXT((#8497,#8498,#8499)) REPRESENTATION_CONTEXT
('Context #1','3D Context with UNIT and UNCERTAINTY') );
#8497 = ( LENGTH_UNIT() NAMED_UNIT(*) SI_UNIT(.MILLI.,.METRE.) );
#8498 = ( NAMED_UNIT(*) PLANE_ANGLE_UNIT() SI_UNIT($,.RADIAN.) );
#8499 = ( NAMED_UNIT(*) SI_UNIT($,.STERADIAN.) SOLID_ANGLE_UNIT() );
#8500 = UNCERTAINTY_MEASURE_WITH_UNIT(LENGTH_MEASURE(1.E-07),#8497,
  'distance_accuracy_value','confusion accuracy');
#8501 = CONTEXT_DEPENDENT_SHAPE_REPRESENTATION(#8502,#8504);
#8502 = ( REPRESENTATION_RELATIONSHIP('','',#6389,#10) 
REPRESENTATION_RELATIONSHIP_WITH_TRANSFORMATION(#8503) 
SHAPE_REPRESENTATION_RELATIONSHIP() );
#8503 = ITEM_DEFINED_TRANSFORMATION('','',#11,#39);
#8504 = PRODUCT_DEFINITION_SHAPE('Placement','Placement of an item',
  #8505);
#8505 = NEXT_ASSEMBLY_USAGE_OCCURRENCE('7','SW3','',#5,#6384,$);
#8506 = PRODUCT_RELATED_PRODUCT_CATEGORY('part',$,(#6386));
#8507 = SHAPE_DEFINITION_REPRESENTATION(#8508,#8514);
#8508 = PRODUCT_DEFINITION_SHAPE('','',#8509);
#8509 = PRODUCT_DEFINITION('design','',#8510,#8513);
#8510 = PRODUCT_DEFINITION_FORMATION('','',#8511);
#8511 = PRODUCT('schematic_PCB','schematic_PCB','',(#8512));
#8512 = PRODUCT_CONTEXT('',#2,'mechanical');
#8513 = PRODUCT_DEFINITION_CONTEXT('part definition',#2,'design');
#8514 = ADVANCED_BREP_SHAPE_REPRESENTATION('',(#11,#8515),#10437);
#8515 = MANIFOLD_SOLID_BREP('',#8516);
#8516 = CLOSED_SHELL('',(#8517,#8559,#8590,#8621,#9132,#9643,#9660,#9677
    ,#9694,#9711,#9728,#9740,#9757,#9774,#9791,#9808,#9825,#9842,#9859,
    #9876,#9893,#9910,#9927,#9944,#9961,#9978,#9995,#10012,#10029,#10046
    ,#10063,#10080,#10097,#10114,#10131,#10148,#10165,#10182,#10199,
    #10216,#10233,#10250,#10267,#10284,#10301,#10318,#10335,#10352,
    #10369,#10386,#10403,#10420));
#8517 = ADVANCED_FACE('',(#8518),#8554,.T.);
#8518 = FACE_BOUND('',#8519,.T.);
#8519 = EDGE_LOOP('',(#8520,#8530,#8539,#8547));
#8520 = ORIENTED_EDGE('',*,*,#8521,.T.);
#8521 = EDGE_CURVE('',#8522,#8524,#8526,.T.);
#8522 = VERTEX_POINT('',#8523);
#8523 = CARTESIAN_POINT('',(153.5,-92.5,0.));
#8524 = VERTEX_POINT('',#8525);
#8525 = CARTESIAN_POINT('',(153.5,-92.5,1.51));
#8526 = LINE('',#8527,#8528);
#8527 = CARTESIAN_POINT('',(153.5,-92.5,0.));
#8528 = VECTOR('',#8529,1.);
#8529 = DIRECTION('',(0.,0.,1.));
#8530 = ORIENTED_EDGE('',*,*,#8531,.T.);
#8531 = EDGE_CURVE('',#8524,#8532,#8534,.T.);
#8532 = VERTEX_POINT('',#8533);
#8533 = CARTESIAN_POINT('',(157.5,-96.5,1.51));
#8534 = CIRCLE('',#8535,4.00000042591);
#8535 = AXIS2_PLACEMENT_3D('',#8536,#8537,#8538);
#8536 = CARTESIAN_POINT('',(153.49999957409,-96.50000042591,1.51));
#8537 = DIRECTION('',(0.,0.,-1.));
#8538 = DIRECTION('',(1.06477524784E-07,1.,0.));
#8539 = ORIENTED_EDGE('',*,*,#8540,.F.);
#8540 = EDGE_CURVE('',#8541,#8532,#8543,.T.);
#8541 = VERTEX_POINT('',#8542);
#8542 = CARTESIAN_POINT('',(157.5,-96.5,0.));
#8543 = LINE('',#8544,#8545);
#8544 = CARTESIAN_POINT('',(157.5,-96.5,0.));
#8545 = VECTOR('',#8546,1.);
#8546 = DIRECTION('',(0.,0.,1.));
#8547 = ORIENTED_EDGE('',*,*,#8548,.F.);
#8548 = EDGE_CURVE('',#8522,#8541,#8549,.T.);
#8549 = CIRCLE('',#8550,4.00000042591);
#8550 = AXIS2_PLACEMENT_3D('',#8551,#8552,#8553);
#8551 = CARTESIAN_POINT('',(153.49999957409,-96.50000042591,0.));
#8552 = DIRECTION('',(0.,0.,-1.));
#8553 = DIRECTION('',(1.06477524784E-07,1.,0.));
#8554 = CYLINDRICAL_SURFACE('',#8555,4.00000042591);
#8555 = AXIS2_PLACEMENT_3D('',#8556,#8557,#8558);
#8556 = CARTESIAN_POINT('',(153.49999957409,-96.50000042591,0.));
#8557 = DIRECTION('',(0.,0.,-1.));
#8558 = DIRECTION('',(1.06477524784E-07,1.,0.));
#8559 = ADVANCED_FACE('',(#8560),#8585,.T.);
#8560 = FACE_BOUND('',#8561,.T.);
#8561 = EDGE_LOOP('',(#8562,#8572,#8578,#8579));
#8562 = ORIENTED_EDGE('',*,*,#8563,.T.);
#8563 = EDGE_CURVE('',#8564,#8566,#8568,.T.);
#8564 = VERTEX_POINT('',#8565);
#8565 = CARTESIAN_POINT('',(96.5,-92.5,0.));
#8566 = VERTEX_POINT('',#8567);
#8567 = CARTESIAN_POINT('',(96.5,-92.5,1.51));
#8568 = LINE('',#8569,#8570);
#8569 = CARTESIAN_POINT('',(96.5,-92.5,0.));
#8570 = VECTOR('',#8571,1.);
#8571 = DIRECTION('',(0.,0.,1.));
#8572 = ORIENTED_EDGE('',*,*,#8573,.T.);
#8573 = EDGE_CURVE('',#8566,#8524,#8574,.T.);
#8574 = LINE('',#8575,#8576);
#8575 = CARTESIAN_POINT('',(96.5,-92.5,1.51));
#8576 = VECTOR('',#8577,1.);
#8577 = DIRECTION('',(1.,0.,0.));
#8578 = ORIENTED_EDGE('',*,*,#8521,.F.);
#8579 = ORIENTED_EDGE('',*,*,#8580,.F.);
#8580 = EDGE_CURVE('',#8564,#8522,#8581,.T.);
#8581 = LINE('',#8582,#8583);
#8582 = CARTESIAN_POINT('',(96.5,-92.5,0.));
#8583 = VECTOR('',#8584,1.);
#8584 = DIRECTION('',(1.,0.,0.));
#8585 = PLANE('',#8586);
#8586 = AXIS2_PLACEMENT_3D('',#8587,#8588,#8589);
#8587 = CARTESIAN_POINT('',(96.5,-92.5,0.));
#8588 = DIRECTION('',(0.,1.,0.));
#8589 = DIRECTION('',(1.,0.,0.));
#8590 = ADVANCED_FACE('',(#8591),#8616,.T.);
#8591 = FACE_BOUND('',#8592,.T.);
#8592 = EDGE_LOOP('',(#8593,#8594,#8602,#8610));
#8593 = ORIENTED_EDGE('',*,*,#8540,.T.);
#8594 = ORIENTED_EDGE('',*,*,#8595,.T.);
#8595 = EDGE_CURVE('',#8532,#8596,#8598,.T.);
#8596 = VERTEX_POINT('',#8597);
#8597 = CARTESIAN_POINT('',(157.5,-97.5,1.51));
#8598 = LINE('',#8599,#8600);
#8599 = CARTESIAN_POINT('',(157.5,-96.5,1.51));
#8600 = VECTOR('',#8601,1.);
#8601 = DIRECTION('',(0.,-1.,0.));
#8602 = ORIENTED_EDGE('',*,*,#8603,.F.);
#8603 = EDGE_CURVE('',#8604,#8596,#8606,.T.);
#8604 = VERTEX_POINT('',#8605);
#8605 = CARTESIAN_POINT('',(157.5,-97.5,0.));
#8606 = LINE('',#8607,#8608);
#8607 = CARTESIAN_POINT('',(157.5,-97.5,0.));
#8608 = VECTOR('',#8609,1.);
#8609 = DIRECTION('',(0.,0.,1.));
#8610 = ORIENTED_EDGE('',*,*,#8611,.F.);
#8611 = EDGE_CURVE('',#8541,#8604,#8612,.T.);
#8612 = LINE('',#8613,#8614);
#8613 = CARTESIAN_POINT('',(157.5,-96.5,0.));
#8614 = VECTOR('',#8615,1.);
#8615 = DIRECTION('',(0.,-1.,0.));
#8616 = PLANE('',#8617);
#8617 = AXIS2_PLACEMENT_3D('',#8618,#8619,#8620);
#8618 = CARTESIAN_POINT('',(157.5,-96.5,0.));
#8619 = DIRECTION('',(1.,0.,-0.));
#8620 = DIRECTION('',(0.,-1.,0.));
#8621 = ADVANCED_FACE('',(#8622,#8676,#8687,#8698,#8709,#8720,#8731,
    #8742,#8753,#8764,#8775,#8786,#8797,#8808,#8819,#8830,#8841,#8852,
    #8863,#8874,#8885,#8896,#8907,#8918,#8929,#8940,#8951,#8962,#8973,
    #8984,#8995,#9006,#9017,#9028,#9039,#9050,#9061,#9072,#9083,#9094,
    #9105,#9116),#9127,.F.);
#8622 = FACE_BOUND('',#8623,.F.);
#8623 = EDGE_LOOP('',(#8624,#8625,#8626,#8635,#8643,#8652,#8660,#8669,
    #8675));
#8624 = ORIENTED_EDGE('',*,*,#8548,.F.);
#8625 = ORIENTED_EDGE('',*,*,#8580,.F.);
#8626 = ORIENTED_EDGE('',*,*,#8627,.F.);
#8627 = EDGE_CURVE('',#8628,#8564,#8630,.T.);
#8628 = VERTEX_POINT('',#8629);
#8629 = CARTESIAN_POINT('',(92.5,-96.5,0.));
#8630 = CIRCLE('',#8631,4.00000042591);
#8631 = AXIS2_PLACEMENT_3D('',#8632,#8633,#8634);
#8632 = CARTESIAN_POINT('',(96.50000042591,-96.50000042591,0.));
#8633 = DIRECTION('',(0.,0.,-1.));
#8634 = DIRECTION('',(-1.,1.064775318894E-07,0.));
#8635 = ORIENTED_EDGE('',*,*,#8636,.F.);
#8636 = EDGE_CURVE('',#8637,#8628,#8639,.T.);
#8637 = VERTEX_POINT('',#8638);
#8638 = CARTESIAN_POINT('',(92.5,-158.5,0.));
#8639 = LINE('',#8640,#8641);
#8640 = CARTESIAN_POINT('',(92.5,-158.5,0.));
#8641 = VECTOR('',#8642,1.);
#8642 = DIRECTION('',(0.,1.,0.));
#8643 = ORIENTED_EDGE('',*,*,#8644,.F.);
#8644 = EDGE_CURVE('',#8645,#8637,#8647,.T.);
#8645 = VERTEX_POINT('',#8646);
#8646 = CARTESIAN_POINT('',(96.5,-162.5,0.));
#8647 = CIRCLE('',#8648,4.00000042591);
#8648 = AXIS2_PLACEMENT_3D('',#8649,#8650,#8651);
#8649 = CARTESIAN_POINT('',(96.50000042591,-158.499999574,0.));
#8650 = DIRECTION('',(0.,0.,-1.));
#8651 = DIRECTION('',(-1.064775318894E-07,-1.,-0.));
#8652 = ORIENTED_EDGE('',*,*,#8653,.F.);
#8653 = EDGE_CURVE('',#8654,#8645,#8656,.T.);
#8654 = VERTEX_POINT('',#8655);
#8655 = CARTESIAN_POINT('',(153.5,-162.5,0.));
#8656 = LINE('',#8657,#8658);
#8657 = CARTESIAN_POINT('',(153.5,-162.5,0.));
#8658 = VECTOR('',#8659,1.);
#8659 = DIRECTION('',(-1.,0.,0.));
#8660 = ORIENTED_EDGE('',*,*,#8661,.F.);
#8661 = EDGE_CURVE('',#8662,#8654,#8664,.T.);
#8662 = VERTEX_POINT('',#8663);
#8663 = CARTESIAN_POINT('',(157.5,-158.5,0.));
#8664 = CIRCLE('',#8665,4.00000042591);
#8665 = AXIS2_PLACEMENT_3D('',#8666,#8667,#8668);
#8666 = CARTESIAN_POINT('',(153.49999957409,-158.499999574,0.));
#8667 = DIRECTION('',(0.,0.,-1.));
#8668 = DIRECTION('',(1.,-1.06477524784E-07,0.));
#8669 = ORIENTED_EDGE('',*,*,#8670,.F.);
#8670 = EDGE_CURVE('',#8604,#8662,#8671,.T.);
#8671 = LINE('',#8672,#8673);
#8672 = CARTESIAN_POINT('',(157.5,-97.5,0.));
#8673 = VECTOR('',#8674,1.);
#8674 = DIRECTION('',(0.,-1.,0.));
#8675 = ORIENTED_EDGE('',*,*,#8611,.F.);
#8676 = FACE_BOUND('',#8677,.F.);
#8677 = EDGE_LOOP('',(#8678));
#8678 = ORIENTED_EDGE('',*,*,#8679,.T.);
#8679 = EDGE_CURVE('',#8680,#8680,#8682,.T.);
#8680 = VERTEX_POINT('',#8681);
#8681 = CARTESIAN_POINT('',(97.5,-158.6,0.));
#8682 = CIRCLE('',#8683,1.1);
#8683 = AXIS2_PLACEMENT_3D('',#8684,#8685,#8686);
#8684 = CARTESIAN_POINT('',(97.5,-157.5,0.));
#8685 = DIRECTION('',(-0.,0.,-1.));
#8686 = DIRECTION('',(-0.,-1.,0.));
#8687 = FACE_BOUND('',#8688,.F.);
#8688 = EDGE_LOOP('',(#8689));
#8689 = ORIENTED_EDGE('',*,*,#8690,.T.);
#8690 = EDGE_CURVE('',#8691,#8691,#8693,.T.);
#8691 = VERTEX_POINT('',#8692);
#8692 = CARTESIAN_POINT('',(105.,-155.54,0.));
#8693 = CIRCLE('',#8694,0.5);
#8694 = AXIS2_PLACEMENT_3D('',#8695,#8696,#8697);
#8695 = CARTESIAN_POINT('',(105.,-155.04,0.));
#8696 = DIRECTION('',(-0.,0.,-1.));
#8697 = DIRECTION('',(-0.,-1.,0.));
#8698 = FACE_BOUND('',#8699,.F.);
#8699 = EDGE_LOOP('',(#8700));
#8700 = ORIENTED_EDGE('',*,*,#8701,.T.);
#8701 = EDGE_CURVE('',#8702,#8702,#8704,.T.);
#8702 = VERTEX_POINT('',#8703);
#8703 = CARTESIAN_POINT('',(105.,-153.,0.));
#8704 = CIRCLE('',#8705,0.5);
#8705 = AXIS2_PLACEMENT_3D('',#8706,#8707,#8708);
#8706 = CARTESIAN_POINT('',(105.,-152.5,0.));
#8707 = DIRECTION('',(-0.,0.,-1.));
#8708 = DIRECTION('',(-0.,-1.,0.));
#8709 = FACE_BOUND('',#8710,.F.);
#8710 = EDGE_LOOP('',(#8711));
#8711 = ORIENTED_EDGE('',*,*,#8712,.T.);
#8712 = EDGE_CURVE('',#8713,#8713,#8715,.T.);
#8713 = VERTEX_POINT('',#8714);
#8714 = CARTESIAN_POINT('',(105.,-150.46,0.));
#8715 = CIRCLE('',#8716,0.5);
#8716 = AXIS2_PLACEMENT_3D('',#8717,#8718,#8719);
#8717 = CARTESIAN_POINT('',(105.,-149.96,0.));
#8718 = DIRECTION('',(-0.,0.,-1.));
#8719 = DIRECTION('',(-0.,-1.,0.));
#8720 = FACE_BOUND('',#8721,.F.);
#8721 = EDGE_LOOP('',(#8722));
#8722 = ORIENTED_EDGE('',*,*,#8723,.T.);
#8723 = EDGE_CURVE('',#8724,#8724,#8726,.T.);
#8724 = VERTEX_POINT('',#8725);
#8725 = CARTESIAN_POINT('',(97.3,-143.128,0.));
#8726 = CIRCLE('',#8727,0.508);
#8727 = AXIS2_PLACEMENT_3D('',#8728,#8729,#8730);
#8728 = CARTESIAN_POINT('',(97.3,-142.62,0.));
#8729 = DIRECTION('',(-0.,0.,-1.));
#8730 = DIRECTION('',(-2.797412345512E-14,-1.,0.));
#8731 = FACE_BOUND('',#8732,.F.);
#8732 = EDGE_LOOP('',(#8733));
#8733 = ORIENTED_EDGE('',*,*,#8734,.T.);
#8734 = EDGE_CURVE('',#8735,#8735,#8737,.T.);
#8735 = VERTEX_POINT('',#8736);
#8736 = CARTESIAN_POINT('',(99.84,-143.128,0.));
#8737 = CIRCLE('',#8738,0.508);
#8738 = AXIS2_PLACEMENT_3D('',#8739,#8740,#8741);
#8739 = CARTESIAN_POINT('',(99.84,-142.62,0.));
#8740 = DIRECTION('',(-0.,0.,-1.));
#8741 = DIRECTION('',(-0.,-1.,0.));
#8742 = FACE_BOUND('',#8743,.F.);
#8743 = EDGE_LOOP('',(#8744));
#8744 = ORIENTED_EDGE('',*,*,#8745,.T.);
#8745 = EDGE_CURVE('',#8746,#8746,#8748,.T.);
#8746 = VERTEX_POINT('',#8747);
#8747 = CARTESIAN_POINT('',(102.38,-143.128,0.));
#8748 = CIRCLE('',#8749,0.508);
#8749 = AXIS2_PLACEMENT_3D('',#8750,#8751,#8752);
#8750 = CARTESIAN_POINT('',(102.38,-142.62,0.));
#8751 = DIRECTION('',(-0.,0.,-1.));
#8752 = DIRECTION('',(-0.,-1.,0.));
#8753 = FACE_BOUND('',#8754,.F.);
#8754 = EDGE_LOOP('',(#8755));
#8755 = ORIENTED_EDGE('',*,*,#8756,.T.);
#8756 = EDGE_CURVE('',#8757,#8757,#8759,.T.);
#8757 = VERTEX_POINT('',#8758);
#8758 = CARTESIAN_POINT('',(104.92,-143.128,0.));
#8759 = CIRCLE('',#8760,0.508);
#8760 = AXIS2_PLACEMENT_3D('',#8761,#8762,#8763);
#8761 = CARTESIAN_POINT('',(104.92,-142.62,0.));
#8762 = DIRECTION('',(-0.,0.,-1.));
#8763 = DIRECTION('',(-0.,-1.,0.));
#8764 = FACE_BOUND('',#8765,.F.);
#8765 = EDGE_LOOP('',(#8766));
#8766 = ORIENTED_EDGE('',*,*,#8767,.T.);
#8767 = EDGE_CURVE('',#8768,#8768,#8770,.T.);
#8768 = VERTEX_POINT('',#8769);
#8769 = CARTESIAN_POINT('',(107.46,-143.128,0.));
#8770 = CIRCLE('',#8771,0.508);
#8771 = AXIS2_PLACEMENT_3D('',#8772,#8773,#8774);
#8772 = CARTESIAN_POINT('',(107.46,-142.62,0.));
#8773 = DIRECTION('',(-0.,0.,-1.));
#8774 = DIRECTION('',(-2.797412345512E-14,-1.,0.));
#8775 = FACE_BOUND('',#8776,.F.);
#8776 = EDGE_LOOP('',(#8777));
#8777 = ORIENTED_EDGE('',*,*,#8778,.T.);
#8778 = EDGE_CURVE('',#8779,#8779,#8781,.T.);
#8779 = VERTEX_POINT('',#8780);
#8780 = CARTESIAN_POINT('',(110.,-143.128,0.));
#8781 = CIRCLE('',#8782,0.508);
#8782 = AXIS2_PLACEMENT_3D('',#8783,#8784,#8785);
#8783 = CARTESIAN_POINT('',(110.,-142.62,0.));
#8784 = DIRECTION('',(-0.,0.,-1.));
#8785 = DIRECTION('',(-0.,-1.,0.));
#8786 = FACE_BOUND('',#8787,.F.);
#8787 = EDGE_LOOP('',(#8788));
#8788 = ORIENTED_EDGE('',*,*,#8789,.T.);
#8789 = EDGE_CURVE('',#8790,#8790,#8792,.T.);
#8790 = VERTEX_POINT('',#8791);
#8791 = CARTESIAN_POINT('',(112.54,-143.128,0.));
#8792 = CIRCLE('',#8793,0.508);
#8793 = AXIS2_PLACEMENT_3D('',#8794,#8795,#8796);
#8794 = CARTESIAN_POINT('',(112.54,-142.62,0.));
#8795 = DIRECTION('',(-0.,0.,-1.));
#8796 = DIRECTION('',(2.797412345512E-14,-1.,-0.));
#8797 = FACE_BOUND('',#8798,.F.);
#8798 = EDGE_LOOP('',(#8799));
#8799 = ORIENTED_EDGE('',*,*,#8800,.T.);
#8800 = EDGE_CURVE('',#8801,#8801,#8803,.T.);
#8801 = VERTEX_POINT('',#8802);
#8802 = CARTESIAN_POINT('',(122.7,-138.048,0.));
#8803 = CIRCLE('',#8804,0.508);
#8804 = AXIS2_PLACEMENT_3D('',#8805,#8806,#8807);
#8805 = CARTESIAN_POINT('',(122.7,-137.54,0.));
#8806 = DIRECTION('',(-0.,0.,-1.));
#8807 = DIRECTION('',(2.797412345512E-14,-1.,-0.));
#8808 = FACE_BOUND('',#8809,.F.);
#8809 = EDGE_LOOP('',(#8810));
#8810 = ORIENTED_EDGE('',*,*,#8811,.T.);
#8811 = EDGE_CURVE('',#8812,#8812,#8814,.T.);
#8812 = VERTEX_POINT('',#8813);
#8813 = CARTESIAN_POINT('',(122.7,-132.968,0.));
#8814 = CIRCLE('',#8815,0.508);
#8815 = AXIS2_PLACEMENT_3D('',#8816,#8817,#8818);
#8816 = CARTESIAN_POINT('',(122.7,-132.46,0.));
#8817 = DIRECTION('',(-0.,0.,-1.));
#8818 = DIRECTION('',(2.797412345512E-14,-1.,-0.));
#8819 = FACE_BOUND('',#8820,.F.);
#8820 = EDGE_LOOP('',(#8821));
#8821 = ORIENTED_EDGE('',*,*,#8822,.T.);
#8822 = EDGE_CURVE('',#8823,#8823,#8825,.T.);
#8823 = VERTEX_POINT('',#8824);
#8824 = CARTESIAN_POINT('',(125.,-156.72,0.));
#8825 = CIRCLE('',#8826,0.45);
#8826 = AXIS2_PLACEMENT_3D('',#8827,#8828,#8829);
#8827 = CARTESIAN_POINT('',(125.,-156.27,0.));
#8828 = DIRECTION('',(-0.,0.,-1.));
#8829 = DIRECTION('',(-0.,-1.,0.));
#8830 = FACE_BOUND('',#8831,.F.);
#8831 = EDGE_LOOP('',(#8832));
#8832 = ORIENTED_EDGE('',*,*,#8833,.T.);
#8833 = EDGE_CURVE('',#8834,#8834,#8836,.T.);
#8834 = VERTEX_POINT('',#8835);
#8835 = CARTESIAN_POINT('',(125.,-155.45,0.));
#8836 = CIRCLE('',#8837,0.45);
#8837 = AXIS2_PLACEMENT_3D('',#8838,#8839,#8840);
#8838 = CARTESIAN_POINT('',(125.,-155.,0.));
#8839 = DIRECTION('',(-0.,0.,-1.));
#8840 = DIRECTION('',(-0.,-1.,0.));
#8841 = FACE_BOUND('',#8842,.F.);
#8842 = EDGE_LOOP('',(#8843));
#8843 = ORIENTED_EDGE('',*,*,#8844,.T.);
#8844 = EDGE_CURVE('',#8845,#8845,#8847,.T.);
#8845 = VERTEX_POINT('',#8846);
#8846 = CARTESIAN_POINT('',(125.,-154.18,0.));
#8847 = CIRCLE('',#8848,0.45);
#8848 = AXIS2_PLACEMENT_3D('',#8849,#8850,#8851);
#8849 = CARTESIAN_POINT('',(125.,-153.73,0.));
#8850 = DIRECTION('',(-0.,0.,-1.));
#8851 = DIRECTION('',(-0.,-1.,0.));
#8852 = FACE_BOUND('',#8853,.F.);
#8853 = EDGE_LOOP('',(#8854));
#8854 = ORIENTED_EDGE('',*,*,#8855,.T.);
#8855 = EDGE_CURVE('',#8856,#8856,#8858,.T.);
#8856 = VERTEX_POINT('',#8857);
#8857 = CARTESIAN_POINT('',(125.,-152.91,0.));
#8858 = CIRCLE('',#8859,0.45);
#8859 = AXIS2_PLACEMENT_3D('',#8860,#8861,#8862);
#8860 = CARTESIAN_POINT('',(125.,-152.46,0.));
#8861 = DIRECTION('',(-0.,0.,-1.));
#8862 = DIRECTION('',(-0.,-1.,0.));
#8863 = FACE_BOUND('',#8864,.F.);
#8864 = EDGE_LOOP('',(#8865));
#8865 = ORIENTED_EDGE('',*,*,#8866,.T.);
#8866 = EDGE_CURVE('',#8867,#8867,#8869,.T.);
#8867 = VERTEX_POINT('',#8868);
#8868 = CARTESIAN_POINT('',(139.25,-155.55,0.));
#8869 = CIRCLE('',#8870,0.55);
#8870 = AXIS2_PLACEMENT_3D('',#8871,#8872,#8873);
#8871 = CARTESIAN_POINT('',(139.25,-155.,0.));
#8872 = DIRECTION('',(-0.,0.,-1.));
#8873 = DIRECTION('',(-0.,-1.,0.));
#8874 = FACE_BOUND('',#8875,.F.);
#8875 = EDGE_LOOP('',(#8876));
#8876 = ORIENTED_EDGE('',*,*,#8877,.T.);
#8877 = EDGE_CURVE('',#8878,#8878,#8880,.T.);
#8878 = VERTEX_POINT('',#8879);
#8879 = CARTESIAN_POINT('',(139.25,-151.05,0.));
#8880 = CIRCLE('',#8881,0.55);
#8881 = AXIS2_PLACEMENT_3D('',#8882,#8883,#8884);
#8882 = CARTESIAN_POINT('',(139.25,-150.5,0.));
#8883 = DIRECTION('',(-0.,0.,-1.));
#8884 = DIRECTION('',(-0.,-1.,0.));
#8885 = FACE_BOUND('',#8886,.F.);
#8886 = EDGE_LOOP('',(#8887));
#8887 = ORIENTED_EDGE('',*,*,#8888,.T.);
#8888 = EDGE_CURVE('',#8889,#8889,#8891,.T.);
#8889 = VERTEX_POINT('',#8890);
#8890 = CARTESIAN_POINT('',(145.75,-155.55,0.));
#8891 = CIRCLE('',#8892,0.55);
#8892 = AXIS2_PLACEMENT_3D('',#8893,#8894,#8895);
#8893 = CARTESIAN_POINT('',(145.75,-155.,0.));
#8894 = DIRECTION('',(-0.,0.,-1.));
#8895 = DIRECTION('',(-0.,-1.,0.));
#8896 = FACE_BOUND('',#8897,.F.);
#8897 = EDGE_LOOP('',(#8898));
#8898 = ORIENTED_EDGE('',*,*,#8899,.T.);
#8899 = EDGE_CURVE('',#8900,#8900,#8902,.T.);
#8900 = VERTEX_POINT('',#8901);
#8901 = CARTESIAN_POINT('',(152.5,-158.6,0.));
#8902 = CIRCLE('',#8903,1.1);
#8903 = AXIS2_PLACEMENT_3D('',#8904,#8905,#8906);
#8904 = CARTESIAN_POINT('',(152.5,-157.5,0.));
#8905 = DIRECTION('',(-0.,0.,-1.));
#8906 = DIRECTION('',(-0.,-1.,0.));
#8907 = FACE_BOUND('',#8908,.F.);
#8908 = EDGE_LOOP('',(#8909));
#8909 = ORIENTED_EDGE('',*,*,#8910,.T.);
#8910 = EDGE_CURVE('',#8911,#8911,#8913,.T.);
#8911 = VERTEX_POINT('',#8912);
#8912 = CARTESIAN_POINT('',(145.75,-151.05,0.));
#8913 = CIRCLE('',#8914,0.55);
#8914 = AXIS2_PLACEMENT_3D('',#8915,#8916,#8917);
#8915 = CARTESIAN_POINT('',(145.75,-150.5,0.));
#8916 = DIRECTION('',(-0.,0.,-1.));
#8917 = DIRECTION('',(-0.,-1.,0.));
#8918 = FACE_BOUND('',#8919,.F.);
#8919 = EDGE_LOOP('',(#8920));
#8920 = ORIENTED_EDGE('',*,*,#8921,.T.);
#8921 = EDGE_CURVE('',#8922,#8922,#8924,.T.);
#8922 = VERTEX_POINT('',#8923);
#8923 = CARTESIAN_POINT('',(142.5,-138.04,0.));
#8924 = CIRCLE('',#8925,0.5);
#8925 = AXIS2_PLACEMENT_3D('',#8926,#8927,#8928);
#8926 = CARTESIAN_POINT('',(142.5,-137.54,0.));
#8927 = DIRECTION('',(-0.,0.,-1.));
#8928 = DIRECTION('',(-0.,-1.,0.));
#8929 = FACE_BOUND('',#8930,.F.);
#8930 = EDGE_LOOP('',(#8931));
#8931 = ORIENTED_EDGE('',*,*,#8932,.T.);
#8932 = EDGE_CURVE('',#8933,#8933,#8935,.T.);
#8933 = VERTEX_POINT('',#8934);
#8934 = CARTESIAN_POINT('',(142.5,-135.5,0.));
#8935 = CIRCLE('',#8936,0.5);
#8936 = AXIS2_PLACEMENT_3D('',#8937,#8938,#8939);
#8937 = CARTESIAN_POINT('',(142.5,-135.,0.));
#8938 = DIRECTION('',(-0.,0.,-1.));
#8939 = DIRECTION('',(-0.,-1.,0.));
#8940 = FACE_BOUND('',#8941,.F.);
#8941 = EDGE_LOOP('',(#8942));
#8942 = ORIENTED_EDGE('',*,*,#8943,.T.);
#8943 = EDGE_CURVE('',#8944,#8944,#8946,.T.);
#8944 = VERTEX_POINT('',#8945);
#8945 = CARTESIAN_POINT('',(97.3,-127.888,0.));
#8946 = CIRCLE('',#8947,0.508);
#8947 = AXIS2_PLACEMENT_3D('',#8948,#8949,#8950);
#8948 = CARTESIAN_POINT('',(97.3,-127.38,0.));
#8949 = DIRECTION('',(-0.,0.,-1.));
#8950 = DIRECTION('',(-2.797412345512E-14,-1.,0.));
#8951 = FACE_BOUND('',#8952,.F.);
#8952 = EDGE_LOOP('',(#8953));
#8953 = ORIENTED_EDGE('',*,*,#8954,.T.);
#8954 = EDGE_CURVE('',#8955,#8955,#8957,.T.);
#8955 = VERTEX_POINT('',#8956);
#8956 = CARTESIAN_POINT('',(99.84,-127.888,0.));
#8957 = CIRCLE('',#8958,0.508);
#8958 = AXIS2_PLACEMENT_3D('',#8959,#8960,#8961);
#8959 = CARTESIAN_POINT('',(99.84,-127.38,0.));
#8960 = DIRECTION('',(-0.,0.,-1.));
#8961 = DIRECTION('',(-0.,-1.,0.));
#8962 = FACE_BOUND('',#8963,.F.);
#8963 = EDGE_LOOP('',(#8964));
#8964 = ORIENTED_EDGE('',*,*,#8965,.T.);
#8965 = EDGE_CURVE('',#8966,#8966,#8968,.T.);
#8966 = VERTEX_POINT('',#8967);
#8967 = CARTESIAN_POINT('',(102.38,-127.888,0.));
#8968 = CIRCLE('',#8969,0.508);
#8969 = AXIS2_PLACEMENT_3D('',#8970,#8971,#8972);
#8970 = CARTESIAN_POINT('',(102.38,-127.38,0.));
#8971 = DIRECTION('',(-0.,0.,-1.));
#8972 = DIRECTION('',(-0.,-1.,0.));
#8973 = FACE_BOUND('',#8974,.F.);
#8974 = EDGE_LOOP('',(#8975));
#8975 = ORIENTED_EDGE('',*,*,#8976,.T.);
#8976 = EDGE_CURVE('',#8977,#8977,#8979,.T.);
#8977 = VERTEX_POINT('',#8978);
#8978 = CARTESIAN_POINT('',(104.92,-127.888,0.));
#8979 = CIRCLE('',#8980,0.508);
#8980 = AXIS2_PLACEMENT_3D('',#8981,#8982,#8983);
#8981 = CARTESIAN_POINT('',(104.92,-127.38,0.));
#8982 = DIRECTION('',(-0.,0.,-1.));
#8983 = DIRECTION('',(-0.,-1.,0.));
#8984 = FACE_BOUND('',#8985,.F.);
#8985 = EDGE_LOOP('',(#8986));
#8986 = ORIENTED_EDGE('',*,*,#8987,.T.);
#8987 = EDGE_CURVE('',#8988,#8988,#8990,.T.);
#8988 = VERTEX_POINT('',#8989);
#8989 = CARTESIAN_POINT('',(107.46,-127.888,0.));
#8990 = CIRCLE('',#8991,0.508);
#8991 = AXIS2_PLACEMENT_3D('',#8992,#8993,#8994);
#8992 = CARTESIAN_POINT('',(107.46,-127.38,0.));
#8993 = DIRECTION('',(-0.,0.,-1.));
#8994 = DIRECTION('',(-2.797412345512E-14,-1.,0.));
#8995 = FACE_BOUND('',#8996,.F.);
#8996 = EDGE_LOOP('',(#8997));
#8997 = ORIENTED_EDGE('',*,*,#8998,.T.);
#8998 = EDGE_CURVE('',#8999,#8999,#9001,.T.);
#8999 = VERTEX_POINT('',#9000);
#9000 = CARTESIAN_POINT('',(110.,-127.888,0.));
#9001 = CIRCLE('',#9002,0.508);
#9002 = AXIS2_PLACEMENT_3D('',#9003,#9004,#9005);
#9003 = CARTESIAN_POINT('',(110.,-127.38,0.));
#9004 = DIRECTION('',(-0.,0.,-1.));
#9005 = DIRECTION('',(-0.,-1.,0.));
#9006 = FACE_BOUND('',#9007,.F.);
#9007 = EDGE_LOOP('',(#9008));
#9008 = ORIENTED_EDGE('',*,*,#9009,.T.);
#9009 = EDGE_CURVE('',#9010,#9010,#9012,.T.);
#9010 = VERTEX_POINT('',#9011);
#9011 = CARTESIAN_POINT('',(112.54,-127.888,0.));
#9012 = CIRCLE('',#9013,0.508);
#9013 = AXIS2_PLACEMENT_3D('',#9014,#9015,#9016);
#9014 = CARTESIAN_POINT('',(112.54,-127.38,0.));
#9015 = DIRECTION('',(-0.,0.,-1.));
#9016 = DIRECTION('',(2.797412345512E-14,-1.,-0.));
#9017 = FACE_BOUND('',#9018,.F.);
#9018 = EDGE_LOOP('',(#9019));
#9019 = ORIENTED_EDGE('',*,*,#9020,.F.);
#9020 = EDGE_CURVE('',#9021,#9021,#9023,.T.);
#9021 = VERTEX_POINT('',#9022);
#9022 = CARTESIAN_POINT('',(126.91,-122.66,0.));
#9023 = CIRCLE('',#9024,1.95);
#9024 = AXIS2_PLACEMENT_3D('',#9025,#9026,#9027);
#9025 = CARTESIAN_POINT('',(124.96,-122.66,0.));
#9026 = DIRECTION('',(0.,0.,1.));
#9027 = DIRECTION('',(1.,0.,-0.));
#9028 = FACE_BOUND('',#9029,.F.);
#9029 = EDGE_LOOP('',(#9030));
#9030 = ORIENTED_EDGE('',*,*,#9031,.T.);
#9031 = EDGE_CURVE('',#9032,#9032,#9034,.T.);
#9032 = VERTEX_POINT('',#9033);
#9033 = CARTESIAN_POINT('',(113.53,-116.895,0.));
#9034 = CIRCLE('',#9035,0.425);
#9035 = AXIS2_PLACEMENT_3D('',#9036,#9037,#9038);
#9036 = CARTESIAN_POINT('',(113.53,-116.47,0.));
#9037 = DIRECTION('',(-0.,0.,-1.));
#9038 = DIRECTION('',(-0.,-1.,0.));
#9039 = FACE_BOUND('',#9040,.F.);
#9040 = EDGE_LOOP('',(#9041));
#9041 = ORIENTED_EDGE('',*,*,#9042,.F.);
#9042 = EDGE_CURVE('',#9043,#9043,#9045,.T.);
#9043 = VERTEX_POINT('',#9044);
#9044 = CARTESIAN_POINT('',(112.41,-112.66,0.));
#9045 = CIRCLE('',#9046,0.95);
#9046 = AXIS2_PLACEMENT_3D('',#9047,#9048,#9049);
#9047 = CARTESIAN_POINT('',(111.46,-112.66,0.));
#9048 = DIRECTION('',(0.,0.,1.));
#9049 = DIRECTION('',(1.,0.,-0.));
#9050 = FACE_BOUND('',#9051,.F.);
#9051 = EDGE_LOOP('',(#9052));
#9052 = ORIENTED_EDGE('',*,*,#9053,.T.);
#9053 = EDGE_CURVE('',#9054,#9054,#9056,.T.);
#9054 = VERTEX_POINT('',#9055);
#9055 = CARTESIAN_POINT('',(97.5,-98.6,0.));
#9056 = CIRCLE('',#9057,1.1);
#9057 = AXIS2_PLACEMENT_3D('',#9058,#9059,#9060);
#9058 = CARTESIAN_POINT('',(97.5,-97.5,0.));
#9059 = DIRECTION('',(-0.,0.,-1.));
#9060 = DIRECTION('',(-0.,-1.,0.));
#9061 = FACE_BOUND('',#9062,.F.);
#9062 = EDGE_LOOP('',(#9063));
#9063 = ORIENTED_EDGE('',*,*,#9064,.T.);
#9064 = EDGE_CURVE('',#9065,#9065,#9067,.T.);
#9065 = VERTEX_POINT('',#9066);
#9066 = CARTESIAN_POINT('',(113.53,-109.275,0.));
#9067 = CIRCLE('',#9068,0.425);
#9068 = AXIS2_PLACEMENT_3D('',#9069,#9070,#9071);
#9069 = CARTESIAN_POINT('',(113.53,-108.85,0.));
#9070 = DIRECTION('',(-0.,0.,-1.));
#9071 = DIRECTION('',(-0.,-1.,0.));
#9072 = FACE_BOUND('',#9073,.F.);
#9073 = EDGE_LOOP('',(#9074));
#9074 = ORIENTED_EDGE('',*,*,#9075,.F.);
#9075 = EDGE_CURVE('',#9076,#9076,#9078,.T.);
#9076 = VERTEX_POINT('',#9077);
#9077 = CARTESIAN_POINT('',(117.26,-103.66,0.));
#9078 = CIRCLE('',#9079,1.3);
#9079 = AXIS2_PLACEMENT_3D('',#9080,#9081,#9082);
#9080 = CARTESIAN_POINT('',(115.96,-103.66,0.));
#9081 = DIRECTION('',(0.,0.,1.));
#9082 = DIRECTION('',(1.,0.,-0.));
#9083 = FACE_BOUND('',#9084,.F.);
#9084 = EDGE_LOOP('',(#9085));
#9085 = ORIENTED_EDGE('',*,*,#9086,.T.);
#9086 = EDGE_CURVE('',#9087,#9087,#9089,.T.);
#9087 = VERTEX_POINT('',#9088);
#9088 = CARTESIAN_POINT('',(136.39,-116.895,0.));
#9089 = CIRCLE('',#9090,0.425);
#9090 = AXIS2_PLACEMENT_3D('',#9091,#9092,#9093);
#9091 = CARTESIAN_POINT('',(136.39,-116.47,0.));
#9092 = DIRECTION('',(-0.,0.,-1.));
#9093 = DIRECTION('',(-0.,-1.,0.));
#9094 = FACE_BOUND('',#9095,.F.);
#9095 = EDGE_LOOP('',(#9096));
#9096 = ORIENTED_EDGE('',*,*,#9097,.F.);
#9097 = EDGE_CURVE('',#9098,#9098,#9100,.T.);
#9098 = VERTEX_POINT('',#9099);
#9099 = CARTESIAN_POINT('',(139.41,-112.66,0.));
#9100 = CIRCLE('',#9101,0.95);
#9101 = AXIS2_PLACEMENT_3D('',#9102,#9103,#9104);
#9102 = CARTESIAN_POINT('',(138.46,-112.66,0.));
#9103 = DIRECTION('',(0.,0.,1.));
#9104 = DIRECTION('',(1.,0.,-0.));
#9105 = FACE_BOUND('',#9106,.F.);
#9106 = EDGE_LOOP('',(#9107));
#9107 = ORIENTED_EDGE('',*,*,#9108,.T.);
#9108 = EDGE_CURVE('',#9109,#9109,#9111,.T.);
#9109 = VERTEX_POINT('',#9110);
#9110 = CARTESIAN_POINT('',(136.39,-109.275,0.));
#9111 = CIRCLE('',#9112,0.425);
#9112 = AXIS2_PLACEMENT_3D('',#9113,#9114,#9115);
#9113 = CARTESIAN_POINT('',(136.39,-108.85,0.));
#9114 = DIRECTION('',(-0.,0.,-1.));
#9115 = DIRECTION('',(-0.,-1.,0.));
#9116 = FACE_BOUND('',#9117,.F.);
#9117 = EDGE_LOOP('',(#9118));
#9118 = ORIENTED_EDGE('',*,*,#9119,.T.);
#9119 = EDGE_CURVE('',#9120,#9120,#9122,.T.);
#9120 = VERTEX_POINT('',#9121);
#9121 = CARTESIAN_POINT('',(152.5,-98.6,0.));
#9122 = CIRCLE('',#9123,1.1);
#9123 = AXIS2_PLACEMENT_3D('',#9124,#9125,#9126);
#9124 = CARTESIAN_POINT('',(152.5,-97.5,0.));
#9125 = DIRECTION('',(-0.,0.,-1.));
#9126 = DIRECTION('',(-0.,-1.,0.));
#9127 = PLANE('',#9128);
#9128 = AXIS2_PLACEMENT_3D('',#9129,#9130,#9131);
#9129 = CARTESIAN_POINT('',(0.,0.,0.));
#9130 = DIRECTION('',(0.,0.,1.));
#9131 = DIRECTION('',(1.,0.,-0.));
#9132 = ADVANCED_FACE('',(#9133,#9187,#9198,#9209,#9220,#9231,#9242,
    #9253,#9264,#9275,#9286,#9297,#9308,#9319,#9330,#9341,#9352,#9363,
    #9374,#9385,#9396,#9407,#9418,#9429,#9440,#9451,#9462,#9473,#9484,
    #9495,#9506,#9517,#9528,#9539,#9550,#9561,#9572,#9583,#9594,#9605,
    #9616,#9627),#9638,.T.);
#9133 = FACE_BOUND('',#9134,.T.);
#9134 = EDGE_LOOP('',(#9135,#9136,#9137,#9146,#9154,#9163,#9171,#9180,
    #9186));
#9135 = ORIENTED_EDGE('',*,*,#8531,.F.);
#9136 = ORIENTED_EDGE('',*,*,#8573,.F.);
#9137 = ORIENTED_EDGE('',*,*,#9138,.F.);
#9138 = EDGE_CURVE('',#9139,#8566,#9141,.T.);
#9139 = VERTEX_POINT('',#9140);
#9140 = CARTESIAN_POINT('',(92.5,-96.5,1.51));
#9141 = CIRCLE('',#9142,4.00000042591);
#9142 = AXIS2_PLACEMENT_3D('',#9143,#9144,#9145);
#9143 = CARTESIAN_POINT('',(96.50000042591,-96.50000042591,1.51));
#9144 = DIRECTION('',(0.,0.,-1.));
#9145 = DIRECTION('',(-1.,1.064775318894E-07,0.));
#9146 = ORIENTED_EDGE('',*,*,#9147,.F.);
#9147 = EDGE_CURVE('',#9148,#9139,#9150,.T.);
#9148 = VERTEX_POINT('',#9149);
#9149 = CARTESIAN_POINT('',(92.5,-158.5,1.51));
#9150 = LINE('',#9151,#9152);
#9151 = CARTESIAN_POINT('',(92.5,-158.5,1.51));
#9152 = VECTOR('',#9153,1.);
#9153 = DIRECTION('',(0.,1.,0.));
#9154 = ORIENTED_EDGE('',*,*,#9155,.F.);
#9155 = EDGE_CURVE('',#9156,#9148,#9158,.T.);
#9156 = VERTEX_POINT('',#9157);
#9157 = CARTESIAN_POINT('',(96.5,-162.5,1.51));
#9158 = CIRCLE('',#9159,4.00000042591);
#9159 = AXIS2_PLACEMENT_3D('',#9160,#9161,#9162);
#9160 = CARTESIAN_POINT('',(96.50000042591,-158.499999574,1.51));
#9161 = DIRECTION('',(0.,0.,-1.));
#9162 = DIRECTION('',(-1.064775318894E-07,-1.,-0.));
#9163 = ORIENTED_EDGE('',*,*,#9164,.F.);
#9164 = EDGE_CURVE('',#9165,#9156,#9167,.T.);
#9165 = VERTEX_POINT('',#9166);
#9166 = CARTESIAN_POINT('',(153.5,-162.5,1.51));
#9167 = LINE('',#9168,#9169);
#9168 = CARTESIAN_POINT('',(153.5,-162.5,1.51));
#9169 = VECTOR('',#9170,1.);
#9170 = DIRECTION('',(-1.,0.,0.));
#9171 = ORIENTED_EDGE('',*,*,#9172,.F.);
#9172 = EDGE_CURVE('',#9173,#9165,#9175,.T.);
#9173 = VERTEX_POINT('',#9174);
#9174 = CARTESIAN_POINT('',(157.5,-158.5,1.51));
#9175 = CIRCLE('',#9176,4.00000042591);
#9176 = AXIS2_PLACEMENT_3D('',#9177,#9178,#9179);
#9177 = CARTESIAN_POINT('',(153.49999957409,-158.499999574,1.51));
#9178 = DIRECTION('',(0.,0.,-1.));
#9179 = DIRECTION('',(1.,-1.06477524784E-07,0.));
#9180 = ORIENTED_EDGE('',*,*,#9181,.F.);
#9181 = EDGE_CURVE('',#8596,#9173,#9182,.T.);
#9182 = LINE('',#9183,#9184);
#9183 = CARTESIAN_POINT('',(157.5,-97.5,1.51));
#9184 = VECTOR('',#9185,1.);
#9185 = DIRECTION('',(0.,-1.,0.));
#9186 = ORIENTED_EDGE('',*,*,#8595,.F.);
#9187 = FACE_BOUND('',#9188,.T.);
#9188 = EDGE_LOOP('',(#9189));
#9189 = ORIENTED_EDGE('',*,*,#9190,.T.);
#9190 = EDGE_CURVE('',#9191,#9191,#9193,.T.);
#9191 = VERTEX_POINT('',#9192);
#9192 = CARTESIAN_POINT('',(97.5,-158.6,1.51));
#9193 = CIRCLE('',#9194,1.1);
#9194 = AXIS2_PLACEMENT_3D('',#9195,#9196,#9197);
#9195 = CARTESIAN_POINT('',(97.5,-157.5,1.51));
#9196 = DIRECTION('',(-0.,0.,-1.));
#9197 = DIRECTION('',(-0.,-1.,0.));
#9198 = FACE_BOUND('',#9199,.T.);
#9199 = EDGE_LOOP('',(#9200));
#9200 = ORIENTED_EDGE('',*,*,#9201,.T.);
#9201 = EDGE_CURVE('',#9202,#9202,#9204,.T.);
#9202 = VERTEX_POINT('',#9203);
#9203 = CARTESIAN_POINT('',(105.,-155.54,1.51));
#9204 = CIRCLE('',#9205,0.5);
#9205 = AXIS2_PLACEMENT_3D('',#9206,#9207,#9208);
#9206 = CARTESIAN_POINT('',(105.,-155.04,1.51));
#9207 = DIRECTION('',(-0.,0.,-1.));
#9208 = DIRECTION('',(-0.,-1.,0.));
#9209 = FACE_BOUND('',#9210,.T.);
#9210 = EDGE_LOOP('',(#9211));
#9211 = ORIENTED_EDGE('',*,*,#9212,.T.);
#9212 = EDGE_CURVE('',#9213,#9213,#9215,.T.);
#9213 = VERTEX_POINT('',#9214);
#9214 = CARTESIAN_POINT('',(105.,-153.,1.51));
#9215 = CIRCLE('',#9216,0.5);
#9216 = AXIS2_PLACEMENT_3D('',#9217,#9218,#9219);
#9217 = CARTESIAN_POINT('',(105.,-152.5,1.51));
#9218 = DIRECTION('',(-0.,0.,-1.));
#9219 = DIRECTION('',(-0.,-1.,0.));
#9220 = FACE_BOUND('',#9221,.T.);
#9221 = EDGE_LOOP('',(#9222));
#9222 = ORIENTED_EDGE('',*,*,#9223,.T.);
#9223 = EDGE_CURVE('',#9224,#9224,#9226,.T.);
#9224 = VERTEX_POINT('',#9225);
#9225 = CARTESIAN_POINT('',(105.,-150.46,1.51));
#9226 = CIRCLE('',#9227,0.5);
#9227 = AXIS2_PLACEMENT_3D('',#9228,#9229,#9230);
#9228 = CARTESIAN_POINT('',(105.,-149.96,1.51));
#9229 = DIRECTION('',(-0.,0.,-1.));
#9230 = DIRECTION('',(-0.,-1.,0.));
#9231 = FACE_BOUND('',#9232,.T.);
#9232 = EDGE_LOOP('',(#9233));
#9233 = ORIENTED_EDGE('',*,*,#9234,.T.);
#9234 = EDGE_CURVE('',#9235,#9235,#9237,.T.);
#9235 = VERTEX_POINT('',#9236);
#9236 = CARTESIAN_POINT('',(97.3,-143.128,1.51));
#9237 = CIRCLE('',#9238,0.508);
#9238 = AXIS2_PLACEMENT_3D('',#9239,#9240,#9241);
#9239 = CARTESIAN_POINT('',(97.3,-142.62,1.51));
#9240 = DIRECTION('',(-0.,0.,-1.));
#9241 = DIRECTION('',(-2.797412345512E-14,-1.,0.));
#9242 = FACE_BOUND('',#9243,.T.);
#9243 = EDGE_LOOP('',(#9244));
#9244 = ORIENTED_EDGE('',*,*,#9245,.T.);
#9245 = EDGE_CURVE('',#9246,#9246,#9248,.T.);
#9246 = VERTEX_POINT('',#9247);
#9247 = CARTESIAN_POINT('',(99.84,-143.128,1.51));
#9248 = CIRCLE('',#9249,0.508);
#9249 = AXIS2_PLACEMENT_3D('',#9250,#9251,#9252);
#9250 = CARTESIAN_POINT('',(99.84,-142.62,1.51));
#9251 = DIRECTION('',(-0.,0.,-1.));
#9252 = DIRECTION('',(-0.,-1.,0.));
#9253 = FACE_BOUND('',#9254,.T.);
#9254 = EDGE_LOOP('',(#9255));
#9255 = ORIENTED_EDGE('',*,*,#9256,.T.);
#9256 = EDGE_CURVE('',#9257,#9257,#9259,.T.);
#9257 = VERTEX_POINT('',#9258);
#9258 = CARTESIAN_POINT('',(102.38,-143.128,1.51));
#9259 = CIRCLE('',#9260,0.508);
#9260 = AXIS2_PLACEMENT_3D('',#9261,#9262,#9263);
#9261 = CARTESIAN_POINT('',(102.38,-142.62,1.51));
#9262 = DIRECTION('',(-0.,0.,-1.));
#9263 = DIRECTION('',(-0.,-1.,0.));
#9264 = FACE_BOUND('',#9265,.T.);
#9265 = EDGE_LOOP('',(#9266));
#9266 = ORIENTED_EDGE('',*,*,#9267,.T.);
#9267 = EDGE_CURVE('',#9268,#9268,#9270,.T.);
#9268 = VERTEX_POINT('',#9269);
#9269 = CARTESIAN_POINT('',(104.92,-143.128,1.51));
#9270 = CIRCLE('',#9271,0.508);
#9271 = AXIS2_PLACEMENT_3D('',#9272,#9273,#9274);
#9272 = CARTESIAN_POINT('',(104.92,-142.62,1.51));
#9273 = DIRECTION('',(-0.,0.,-1.));
#9274 = DIRECTION('',(-0.,-1.,0.));
#9275 = FACE_BOUND('',#9276,.T.);
#9276 = EDGE_LOOP('',(#9277));
#9277 = ORIENTED_EDGE('',*,*,#9278,.T.);
#9278 = EDGE_CURVE('',#9279,#9279,#9281,.T.);
#9279 = VERTEX_POINT('',#9280);
#9280 = CARTESIAN_POINT('',(107.46,-143.128,1.51));
#9281 = CIRCLE('',#9282,0.508);
#9282 = AXIS2_PLACEMENT_3D('',#9283,#9284,#9285);
#9283 = CARTESIAN_POINT('',(107.46,-142.62,1.51));
#9284 = DIRECTION('',(-0.,0.,-1.));
#9285 = DIRECTION('',(-2.797412345512E-14,-1.,0.));
#9286 = FACE_BOUND('',#9287,.T.);
#9287 = EDGE_LOOP('',(#9288));
#9288 = ORIENTED_EDGE('',*,*,#9289,.T.);
#9289 = EDGE_CURVE('',#9290,#9290,#9292,.T.);
#9290 = VERTEX_POINT('',#9291);
#9291 = CARTESIAN_POINT('',(110.,-143.128,1.51));
#9292 = CIRCLE('',#9293,0.508);
#9293 = AXIS2_PLACEMENT_3D('',#9294,#9295,#9296);
#9294 = CARTESIAN_POINT('',(110.,-142.62,1.51));
#9295 = DIRECTION('',(-0.,0.,-1.));
#9296 = DIRECTION('',(-0.,-1.,0.));
#9297 = FACE_BOUND('',#9298,.T.);
#9298 = EDGE_LOOP('',(#9299));
#9299 = ORIENTED_EDGE('',*,*,#9300,.T.);
#9300 = EDGE_CURVE('',#9301,#9301,#9303,.T.);
#9301 = VERTEX_POINT('',#9302);
#9302 = CARTESIAN_POINT('',(112.54,-143.128,1.51));
#9303 = CIRCLE('',#9304,0.508);
#9304 = AXIS2_PLACEMENT_3D('',#9305,#9306,#9307);
#9305 = CARTESIAN_POINT('',(112.54,-142.62,1.51));
#9306 = DIRECTION('',(-0.,0.,-1.));
#9307 = DIRECTION('',(2.797412345512E-14,-1.,-0.));
#9308 = FACE_BOUND('',#9309,.T.);
#9309 = EDGE_LOOP('',(#9310));
#9310 = ORIENTED_EDGE('',*,*,#9311,.T.);
#9311 = EDGE_CURVE('',#9312,#9312,#9314,.T.);
#9312 = VERTEX_POINT('',#9313);
#9313 = CARTESIAN_POINT('',(122.7,-138.048,1.51));
#9314 = CIRCLE('',#9315,0.508);
#9315 = AXIS2_PLACEMENT_3D('',#9316,#9317,#9318);
#9316 = CARTESIAN_POINT('',(122.7,-137.54,1.51));
#9317 = DIRECTION('',(-0.,0.,-1.));
#9318 = DIRECTION('',(2.797412345512E-14,-1.,-0.));
#9319 = FACE_BOUND('',#9320,.T.);
#9320 = EDGE_LOOP('',(#9321));
#9321 = ORIENTED_EDGE('',*,*,#9322,.T.);
#9322 = EDGE_CURVE('',#9323,#9323,#9325,.T.);
#9323 = VERTEX_POINT('',#9324);
#9324 = CARTESIAN_POINT('',(122.7,-132.968,1.51));
#9325 = CIRCLE('',#9326,0.508);
#9326 = AXIS2_PLACEMENT_3D('',#9327,#9328,#9329);
#9327 = CARTESIAN_POINT('',(122.7,-132.46,1.51));
#9328 = DIRECTION('',(-0.,0.,-1.));
#9329 = DIRECTION('',(2.797412345512E-14,-1.,-0.));
#9330 = FACE_BOUND('',#9331,.T.);
#9331 = EDGE_LOOP('',(#9332));
#9332 = ORIENTED_EDGE('',*,*,#9333,.T.);
#9333 = EDGE_CURVE('',#9334,#9334,#9336,.T.);
#9334 = VERTEX_POINT('',#9335);
#9335 = CARTESIAN_POINT('',(125.,-156.72,1.51));
#9336 = CIRCLE('',#9337,0.45);
#9337 = AXIS2_PLACEMENT_3D('',#9338,#9339,#9340);
#9338 = CARTESIAN_POINT('',(125.,-156.27,1.51));
#9339 = DIRECTION('',(-0.,0.,-1.));
#9340 = DIRECTION('',(-0.,-1.,0.));
#9341 = FACE_BOUND('',#9342,.T.);
#9342 = EDGE_LOOP('',(#9343));
#9343 = ORIENTED_EDGE('',*,*,#9344,.T.);
#9344 = EDGE_CURVE('',#9345,#9345,#9347,.T.);
#9345 = VERTEX_POINT('',#9346);
#9346 = CARTESIAN_POINT('',(125.,-155.45,1.51));
#9347 = CIRCLE('',#9348,0.45);
#9348 = AXIS2_PLACEMENT_3D('',#9349,#9350,#9351);
#9349 = CARTESIAN_POINT('',(125.,-155.,1.51));
#9350 = DIRECTION('',(-0.,0.,-1.));
#9351 = DIRECTION('',(-0.,-1.,0.));
#9352 = FACE_BOUND('',#9353,.T.);
#9353 = EDGE_LOOP('',(#9354));
#9354 = ORIENTED_EDGE('',*,*,#9355,.T.);
#9355 = EDGE_CURVE('',#9356,#9356,#9358,.T.);
#9356 = VERTEX_POINT('',#9357);
#9357 = CARTESIAN_POINT('',(125.,-154.18,1.51));
#9358 = CIRCLE('',#9359,0.45);
#9359 = AXIS2_PLACEMENT_3D('',#9360,#9361,#9362);
#9360 = CARTESIAN_POINT('',(125.,-153.73,1.51));
#9361 = DIRECTION('',(-0.,0.,-1.));
#9362 = DIRECTION('',(-0.,-1.,0.));
#9363 = FACE_BOUND('',#9364,.T.);
#9364 = EDGE_LOOP('',(#9365));
#9365 = ORIENTED_EDGE('',*,*,#9366,.T.);
#9366 = EDGE_CURVE('',#9367,#9367,#9369,.T.);
#9367 = VERTEX_POINT('',#9368);
#9368 = CARTESIAN_POINT('',(125.,-152.91,1.51));
#9369 = CIRCLE('',#9370,0.45);
#9370 = AXIS2_PLACEMENT_3D('',#9371,#9372,#9373);
#9371 = CARTESIAN_POINT('',(125.,-152.46,1.51));
#9372 = DIRECTION('',(-0.,0.,-1.));
#9373 = DIRECTION('',(-0.,-1.,0.));
#9374 = FACE_BOUND('',#9375,.T.);
#9375 = EDGE_LOOP('',(#9376));
#9376 = ORIENTED_EDGE('',*,*,#9377,.T.);
#9377 = EDGE_CURVE('',#9378,#9378,#9380,.T.);
#9378 = VERTEX_POINT('',#9379);
#9379 = CARTESIAN_POINT('',(139.25,-155.55,1.51));
#9380 = CIRCLE('',#9381,0.55);
#9381 = AXIS2_PLACEMENT_3D('',#9382,#9383,#9384);
#9382 = CARTESIAN_POINT('',(139.25,-155.,1.51));
#9383 = DIRECTION('',(-0.,0.,-1.));
#9384 = DIRECTION('',(-0.,-1.,0.));
#9385 = FACE_BOUND('',#9386,.T.);
#9386 = EDGE_LOOP('',(#9387));
#9387 = ORIENTED_EDGE('',*,*,#9388,.T.);
#9388 = EDGE_CURVE('',#9389,#9389,#9391,.T.);
#9389 = VERTEX_POINT('',#9390);
#9390 = CARTESIAN_POINT('',(139.25,-151.05,1.51));
#9391 = CIRCLE('',#9392,0.55);
#9392 = AXIS2_PLACEMENT_3D('',#9393,#9394,#9395);
#9393 = CARTESIAN_POINT('',(139.25,-150.5,1.51));
#9394 = DIRECTION('',(-0.,0.,-1.));
#9395 = DIRECTION('',(-0.,-1.,0.));
#9396 = FACE_BOUND('',#9397,.T.);
#9397 = EDGE_LOOP('',(#9398));
#9398 = ORIENTED_EDGE('',*,*,#9399,.T.);
#9399 = EDGE_CURVE('',#9400,#9400,#9402,.T.);
#9400 = VERTEX_POINT('',#9401);
#9401 = CARTESIAN_POINT('',(145.75,-155.55,1.51));
#9402 = CIRCLE('',#9403,0.55);
#9403 = AXIS2_PLACEMENT_3D('',#9404,#9405,#9406);
#9404 = CARTESIAN_POINT('',(145.75,-155.,1.51));
#9405 = DIRECTION('',(-0.,0.,-1.));
#9406 = DIRECTION('',(-0.,-1.,0.));
#9407 = FACE_BOUND('',#9408,.T.);
#9408 = EDGE_LOOP('',(#9409));
#9409 = ORIENTED_EDGE('',*,*,#9410,.T.);
#9410 = EDGE_CURVE('',#9411,#9411,#9413,.T.);
#9411 = VERTEX_POINT('',#9412);
#9412 = CARTESIAN_POINT('',(152.5,-158.6,1.51));
#9413 = CIRCLE('',#9414,1.1);
#9414 = AXIS2_PLACEMENT_3D('',#9415,#9416,#9417);
#9415 = CARTESIAN_POINT('',(152.5,-157.5,1.51));
#9416 = DIRECTION('',(-0.,0.,-1.));
#9417 = DIRECTION('',(-0.,-1.,0.));
#9418 = FACE_BOUND('',#9419,.T.);
#9419 = EDGE_LOOP('',(#9420));
#9420 = ORIENTED_EDGE('',*,*,#9421,.T.);
#9421 = EDGE_CURVE('',#9422,#9422,#9424,.T.);
#9422 = VERTEX_POINT('',#9423);
#9423 = CARTESIAN_POINT('',(145.75,-151.05,1.51));
#9424 = CIRCLE('',#9425,0.55);
#9425 = AXIS2_PLACEMENT_3D('',#9426,#9427,#9428);
#9426 = CARTESIAN_POINT('',(145.75,-150.5,1.51));
#9427 = DIRECTION('',(-0.,0.,-1.));
#9428 = DIRECTION('',(-0.,-1.,0.));
#9429 = FACE_BOUND('',#9430,.T.);
#9430 = EDGE_LOOP('',(#9431));
#9431 = ORIENTED_EDGE('',*,*,#9432,.T.);
#9432 = EDGE_CURVE('',#9433,#9433,#9435,.T.);
#9433 = VERTEX_POINT('',#9434);
#9434 = CARTESIAN_POINT('',(142.5,-138.04,1.51));
#9435 = CIRCLE('',#9436,0.5);
#9436 = AXIS2_PLACEMENT_3D('',#9437,#9438,#9439);
#9437 = CARTESIAN_POINT('',(142.5,-137.54,1.51));
#9438 = DIRECTION('',(-0.,0.,-1.));
#9439 = DIRECTION('',(-0.,-1.,0.));
#9440 = FACE_BOUND('',#9441,.T.);
#9441 = EDGE_LOOP('',(#9442));
#9442 = ORIENTED_EDGE('',*,*,#9443,.T.);
#9443 = EDGE_CURVE('',#9444,#9444,#9446,.T.);
#9444 = VERTEX_POINT('',#9445);
#9445 = CARTESIAN_POINT('',(142.5,-135.5,1.51));
#9446 = CIRCLE('',#9447,0.5);
#9447 = AXIS2_PLACEMENT_3D('',#9448,#9449,#9450);
#9448 = CARTESIAN_POINT('',(142.5,-135.,1.51));
#9449 = DIRECTION('',(-0.,0.,-1.));
#9450 = DIRECTION('',(-0.,-1.,0.));
#9451 = FACE_BOUND('',#9452,.T.);
#9452 = EDGE_LOOP('',(#9453));
#9453 = ORIENTED_EDGE('',*,*,#9454,.T.);
#9454 = EDGE_CURVE('',#9455,#9455,#9457,.T.);
#9455 = VERTEX_POINT('',#9456);
#9456 = CARTESIAN_POINT('',(97.3,-127.888,1.51));
#9457 = CIRCLE('',#9458,0.508);
#9458 = AXIS2_PLACEMENT_3D('',#9459,#9460,#9461);
#9459 = CARTESIAN_POINT('',(97.3,-127.38,1.51));
#9460 = DIRECTION('',(-0.,0.,-1.));
#9461 = DIRECTION('',(-2.797412345512E-14,-1.,0.));
#9462 = FACE_BOUND('',#9463,.T.);
#9463 = EDGE_LOOP('',(#9464));
#9464 = ORIENTED_EDGE('',*,*,#9465,.T.);
#9465 = EDGE_CURVE('',#9466,#9466,#9468,.T.);
#9466 = VERTEX_POINT('',#9467);
#9467 = CARTESIAN_POINT('',(99.84,-127.888,1.51));
#9468 = CIRCLE('',#9469,0.508);
#9469 = AXIS2_PLACEMENT_3D('',#9470,#9471,#9472);
#9470 = CARTESIAN_POINT('',(99.84,-127.38,1.51));
#9471 = DIRECTION('',(-0.,0.,-1.));
#9472 = DIRECTION('',(-0.,-1.,0.));
#9473 = FACE_BOUND('',#9474,.T.);
#9474 = EDGE_LOOP('',(#9475));
#9475 = ORIENTED_EDGE('',*,*,#9476,.T.);
#9476 = EDGE_CURVE('',#9477,#9477,#9479,.T.);
#9477 = VERTEX_POINT('',#9478);
#9478 = CARTESIAN_POINT('',(102.38,-127.888,1.51));
#9479 = CIRCLE('',#9480,0.508);
#9480 = AXIS2_PLACEMENT_3D('',#9481,#9482,#9483);
#9481 = CARTESIAN_POINT('',(102.38,-127.38,1.51));
#9482 = DIRECTION('',(-0.,0.,-1.));
#9483 = DIRECTION('',(-0.,-1.,0.));
#9484 = FACE_BOUND('',#9485,.T.);
#9485 = EDGE_LOOP('',(#9486));
#9486 = ORIENTED_EDGE('',*,*,#9487,.T.);
#9487 = EDGE_CURVE('',#9488,#9488,#9490,.T.);
#9488 = VERTEX_POINT('',#9489);
#9489 = CARTESIAN_POINT('',(104.92,-127.888,1.51));
#9490 = CIRCLE('',#9491,0.508);
#9491 = AXIS2_PLACEMENT_3D('',#9492,#9493,#9494);
#9492 = CARTESIAN_POINT('',(104.92,-127.38,1.51));
#9493 = DIRECTION('',(-0.,0.,-1.));
#9494 = DIRECTION('',(-0.,-1.,0.));
#9495 = FACE_BOUND('',#9496,.T.);
#9496 = EDGE_LOOP('',(#9497));
#9497 = ORIENTED_EDGE('',*,*,#9498,.T.);
#9498 = EDGE_CURVE('',#9499,#9499,#9501,.T.);
#9499 = VERTEX_POINT('',#9500);
#9500 = CARTESIAN_POINT('',(107.46,-127.888,1.51));
#9501 = CIRCLE('',#9502,0.508);
#9502 = AXIS2_PLACEMENT_3D('',#9503,#9504,#9505);
#9503 = CARTESIAN_POINT('',(107.46,-127.38,1.51));
#9504 = DIRECTION('',(-0.,0.,-1.));
#9505 = DIRECTION('',(-2.797412345512E-14,-1.,0.));
#9506 = FACE_BOUND('',#9507,.T.);
#9507 = EDGE_LOOP('',(#9508));
#9508 = ORIENTED_EDGE('',*,*,#9509,.T.);
#9509 = EDGE_CURVE('',#9510,#9510,#9512,.T.);
#9510 = VERTEX_POINT('',#9511);
#9511 = CARTESIAN_POINT('',(110.,-127.888,1.51));
#9512 = CIRCLE('',#9513,0.508);
#9513 = AXIS2_PLACEMENT_3D('',#9514,#9515,#9516);
#9514 = CARTESIAN_POINT('',(110.,-127.38,1.51));
#9515 = DIRECTION('',(-0.,0.,-1.));
#9516 = DIRECTION('',(-0.,-1.,0.));
#9517 = FACE_BOUND('',#9518,.T.);
#9518 = EDGE_LOOP('',(#9519));
#9519 = ORIENTED_EDGE('',*,*,#9520,.T.);
#9520 = EDGE_CURVE('',#9521,#9521,#9523,.T.);
#9521 = VERTEX_POINT('',#9522);
#9522 = CARTESIAN_POINT('',(112.54,-127.888,1.51));
#9523 = CIRCLE('',#9524,0.508);
#9524 = AXIS2_PLACEMENT_3D('',#9525,#9526,#9527);
#9525 = CARTESIAN_POINT('',(112.54,-127.38,1.51));
#9526 = DIRECTION('',(-0.,0.,-1.));
#9527 = DIRECTION('',(2.797412345512E-14,-1.,-0.));
#9528 = FACE_BOUND('',#9529,.T.);
#9529 = EDGE_LOOP('',(#9530));
#9530 = ORIENTED_EDGE('',*,*,#9531,.F.);
#9531 = EDGE_CURVE('',#9532,#9532,#9534,.T.);
#9532 = VERTEX_POINT('',#9533);
#9533 = CARTESIAN_POINT('',(126.91,-122.66,1.51));
#9534 = CIRCLE('',#9535,1.95);
#9535 = AXIS2_PLACEMENT_3D('',#9536,#9537,#9538);
#9536 = CARTESIAN_POINT('',(124.96,-122.66,1.51));
#9537 = DIRECTION('',(0.,0.,1.));
#9538 = DIRECTION('',(1.,0.,-0.));
#9539 = FACE_BOUND('',#9540,.T.);
#9540 = EDGE_LOOP('',(#9541));
#9541 = ORIENTED_EDGE('',*,*,#9542,.T.);
#9542 = EDGE_CURVE('',#9543,#9543,#9545,.T.);
#9543 = VERTEX_POINT('',#9544);
#9544 = CARTESIAN_POINT('',(113.53,-116.895,1.51));
#9545 = CIRCLE('',#9546,0.425);
#9546 = AXIS2_PLACEMENT_3D('',#9547,#9548,#9549);
#9547 = CARTESIAN_POINT('',(113.53,-116.47,1.51));
#9548 = DIRECTION('',(-0.,0.,-1.));
#9549 = DIRECTION('',(-0.,-1.,0.));
#9550 = FACE_BOUND('',#9551,.T.);
#9551 = EDGE_LOOP('',(#9552));
#9552 = ORIENTED_EDGE('',*,*,#9553,.F.);
#9553 = EDGE_CURVE('',#9554,#9554,#9556,.T.);
#9554 = VERTEX_POINT('',#9555);
#9555 = CARTESIAN_POINT('',(112.41,-112.66,1.51));
#9556 = CIRCLE('',#9557,0.95);
#9557 = AXIS2_PLACEMENT_3D('',#9558,#9559,#9560);
#9558 = CARTESIAN_POINT('',(111.46,-112.66,1.51));
#9559 = DIRECTION('',(0.,0.,1.));
#9560 = DIRECTION('',(1.,0.,-0.));
#9561 = FACE_BOUND('',#9562,.T.);
#9562 = EDGE_LOOP('',(#9563));
#9563 = ORIENTED_EDGE('',*,*,#9564,.T.);
#9564 = EDGE_CURVE('',#9565,#9565,#9567,.T.);
#9565 = VERTEX_POINT('',#9566);
#9566 = CARTESIAN_POINT('',(97.5,-98.6,1.51));
#9567 = CIRCLE('',#9568,1.1);
#9568 = AXIS2_PLACEMENT_3D('',#9569,#9570,#9571);
#9569 = CARTESIAN_POINT('',(97.5,-97.5,1.51));
#9570 = DIRECTION('',(-0.,0.,-1.));
#9571 = DIRECTION('',(-0.,-1.,0.));
#9572 = FACE_BOUND('',#9573,.T.);
#9573 = EDGE_LOOP('',(#9574));
#9574 = ORIENTED_EDGE('',*,*,#9575,.T.);
#9575 = EDGE_CURVE('',#9576,#9576,#9578,.T.);
#9576 = VERTEX_POINT('',#9577);
#9577 = CARTESIAN_POINT('',(113.53,-109.275,1.51));
#9578 = CIRCLE('',#9579,0.425);
#9579 = AXIS2_PLACEMENT_3D('',#9580,#9581,#9582);
#9580 = CARTESIAN_POINT('',(113.53,-108.85,1.51));
#9581 = DIRECTION('',(-0.,0.,-1.));
#9582 = DIRECTION('',(-0.,-1.,0.));
#9583 = FACE_BOUND('',#9584,.T.);
#9584 = EDGE_LOOP('',(#9585));
#9585 = ORIENTED_EDGE('',*,*,#9586,.F.);
#9586 = EDGE_CURVE('',#9587,#9587,#9589,.T.);
#9587 = VERTEX_POINT('',#9588);
#9588 = CARTESIAN_POINT('',(117.26,-103.66,1.51));
#9589 = CIRCLE('',#9590,1.3);
#9590 = AXIS2_PLACEMENT_3D('',#9591,#9592,#9593);
#9591 = CARTESIAN_POINT('',(115.96,-103.66,1.51));
#9592 = DIRECTION('',(0.,0.,1.));
#9593 = DIRECTION('',(1.,0.,-0.));
#9594 = FACE_BOUND('',#9595,.T.);
#9595 = EDGE_LOOP('',(#9596));
#9596 = ORIENTED_EDGE('',*,*,#9597,.T.);
#9597 = EDGE_CURVE('',#9598,#9598,#9600,.T.);
#9598 = VERTEX_POINT('',#9599);
#9599 = CARTESIAN_POINT('',(136.39,-116.895,1.51));
#9600 = CIRCLE('',#9601,0.425);
#9601 = AXIS2_PLACEMENT_3D('',#9602,#9603,#9604);
#9602 = CARTESIAN_POINT('',(136.39,-116.47,1.51));
#9603 = DIRECTION('',(-0.,0.,-1.));
#9604 = DIRECTION('',(-0.,-1.,0.));
#9605 = FACE_BOUND('',#9606,.T.);
#9606 = EDGE_LOOP('',(#9607));
#9607 = ORIENTED_EDGE('',*,*,#9608,.F.);
#9608 = EDGE_CURVE('',#9609,#9609,#9611,.T.);
#9609 = VERTEX_POINT('',#9610);
#9610 = CARTESIAN_POINT('',(139.41,-112.66,1.51));
#9611 = CIRCLE('',#9612,0.95);
#9612 = AXIS2_PLACEMENT_3D('',#9613,#9614,#9615);
#9613 = CARTESIAN_POINT('',(138.46,-112.66,1.51));
#9614 = DIRECTION('',(0.,0.,1.));
#9615 = DIRECTION('',(1.,0.,-0.));
#9616 = FACE_BOUND('',#9617,.T.);
#9617 = EDGE_LOOP('',(#9618));
#9618 = ORIENTED_EDGE('',*,*,#9619,.T.);
#9619 = EDGE_CURVE('',#9620,#9620,#9622,.T.);
#9620 = VERTEX_POINT('',#9621);
#9621 = CARTESIAN_POINT('',(136.39,-109.275,1.51));
#9622 = CIRCLE('',#9623,0.425);
#9623 = AXIS2_PLACEMENT_3D('',#9624,#9625,#9626);
#9624 = CARTESIAN_POINT('',(136.39,-108.85,1.51));
#9625 = DIRECTION('',(-0.,0.,-1.));
#9626 = DIRECTION('',(-0.,-1.,0.));
#9627 = FACE_BOUND('',#9628,.T.);
#9628 = EDGE_LOOP('',(#9629));
#9629 = ORIENTED_EDGE('',*,*,#9630,.T.);
#9630 = EDGE_CURVE('',#9631,#9631,#9633,.T.);
#9631 = VERTEX_POINT('',#9632);
#9632 = CARTESIAN_POINT('',(152.5,-98.6,1.51));
#9633 = CIRCLE('',#9634,1.1);
#9634 = AXIS2_PLACEMENT_3D('',#9635,#9636,#9637);
#9635 = CARTESIAN_POINT('',(152.5,-97.5,1.51));
#9636 = DIRECTION('',(-0.,0.,-1.));
#9637 = DIRECTION('',(-0.,-1.,0.));
#9638 = PLANE('',#9639);
#9639 = AXIS2_PLACEMENT_3D('',#9640,#9641,#9642);
#9640 = CARTESIAN_POINT('',(0.,0.,1.51));
#9641 = DIRECTION('',(0.,0.,1.));
#9642 = DIRECTION('',(1.,0.,-0.));
#9643 = ADVANCED_FACE('',(#9644),#9655,.T.);
#9644 = FACE_BOUND('',#9645,.T.);
#9645 = EDGE_LOOP('',(#9646,#9652,#9653,#9654));
#9646 = ORIENTED_EDGE('',*,*,#9647,.T.);
#9647 = EDGE_CURVE('',#8628,#9139,#9648,.T.);
#9648 = LINE('',#9649,#9650);
#9649 = CARTESIAN_POINT('',(92.5,-96.5,0.));
#9650 = VECTOR('',#9651,1.);
#9651 = DIRECTION('',(0.,0.,1.));
#9652 = ORIENTED_EDGE('',*,*,#9138,.T.);
#9653 = ORIENTED_EDGE('',*,*,#8563,.F.);
#9654 = ORIENTED_EDGE('',*,*,#8627,.F.);
#9655 = CYLINDRICAL_SURFACE('',#9656,4.00000042591);
#9656 = AXIS2_PLACEMENT_3D('',#9657,#9658,#9659);
#9657 = CARTESIAN_POINT('',(96.50000042591,-96.50000042591,0.));
#9658 = DIRECTION('',(0.,0.,-1.));
#9659 = DIRECTION('',(-1.,1.064775318894E-07,0.));
#9660 = ADVANCED_FACE('',(#9661),#9672,.T.);
#9661 = FACE_BOUND('',#9662,.T.);
#9662 = EDGE_LOOP('',(#9663,#9664,#9665,#9671));
#9663 = ORIENTED_EDGE('',*,*,#8603,.T.);
#9664 = ORIENTED_EDGE('',*,*,#9181,.T.);
#9665 = ORIENTED_EDGE('',*,*,#9666,.F.);
#9666 = EDGE_CURVE('',#8662,#9173,#9667,.T.);
#9667 = LINE('',#9668,#9669);
#9668 = CARTESIAN_POINT('',(157.5,-158.5,0.));
#9669 = VECTOR('',#9670,1.);
#9670 = DIRECTION('',(0.,0.,1.));
#9671 = ORIENTED_EDGE('',*,*,#8670,.F.);
#9672 = PLANE('',#9673);
#9673 = AXIS2_PLACEMENT_3D('',#9674,#9675,#9676);
#9674 = CARTESIAN_POINT('',(157.5,-97.5,0.));
#9675 = DIRECTION('',(1.,0.,-0.));
#9676 = DIRECTION('',(0.,-1.,0.));
#9677 = ADVANCED_FACE('',(#9678),#9689,.T.);
#9678 = FACE_BOUND('',#9679,.T.);
#9679 = EDGE_LOOP('',(#9680,#9686,#9687,#9688));
#9680 = ORIENTED_EDGE('',*,*,#9681,.T.);
#9681 = EDGE_CURVE('',#8637,#9148,#9682,.T.);
#9682 = LINE('',#9683,#9684);
#9683 = CARTESIAN_POINT('',(92.5,-158.5,0.));
#9684 = VECTOR('',#9685,1.);
#9685 = DIRECTION('',(0.,0.,1.));
#9686 = ORIENTED_EDGE('',*,*,#9147,.T.);
#9687 = ORIENTED_EDGE('',*,*,#9647,.F.);
#9688 = ORIENTED_EDGE('',*,*,#8636,.F.);
#9689 = PLANE('',#9690);
#9690 = AXIS2_PLACEMENT_3D('',#9691,#9692,#9693);
#9691 = CARTESIAN_POINT('',(92.5,-158.5,0.));
#9692 = DIRECTION('',(-1.,0.,0.));
#9693 = DIRECTION('',(0.,1.,0.));
#9694 = ADVANCED_FACE('',(#9695),#9706,.T.);
#9695 = FACE_BOUND('',#9696,.T.);
#9696 = EDGE_LOOP('',(#9697,#9698,#9699,#9705));
#9697 = ORIENTED_EDGE('',*,*,#9666,.T.);
#9698 = ORIENTED_EDGE('',*,*,#9172,.T.);
#9699 = ORIENTED_EDGE('',*,*,#9700,.F.);
#9700 = EDGE_CURVE('',#8654,#9165,#9701,.T.);
#9701 = LINE('',#9702,#9703);
#9702 = CARTESIAN_POINT('',(153.5,-162.5,0.));
#9703 = VECTOR('',#9704,1.);
#9704 = DIRECTION('',(0.,0.,1.));
#9705 = ORIENTED_EDGE('',*,*,#8661,.F.);
#9706 = CYLINDRICAL_SURFACE('',#9707,4.00000042591);
#9707 = AXIS2_PLACEMENT_3D('',#9708,#9709,#9710);
#9708 = CARTESIAN_POINT('',(153.49999957409,-158.499999574,0.));
#9709 = DIRECTION('',(0.,0.,-1.));
#9710 = DIRECTION('',(1.,-1.06477524784E-07,0.));
#9711 = ADVANCED_FACE('',(#9712),#9723,.T.);
#9712 = FACE_BOUND('',#9713,.T.);
#9713 = EDGE_LOOP('',(#9714,#9720,#9721,#9722));
#9714 = ORIENTED_EDGE('',*,*,#9715,.T.);
#9715 = EDGE_CURVE('',#8645,#9156,#9716,.T.);
#9716 = LINE('',#9717,#9718);
#9717 = CARTESIAN_POINT('',(96.5,-162.5,0.));
#9718 = VECTOR('',#9719,1.);
#9719 = DIRECTION('',(0.,0.,1.));
#9720 = ORIENTED_EDGE('',*,*,#9155,.T.);
#9721 = ORIENTED_EDGE('',*,*,#9681,.F.);
#9722 = ORIENTED_EDGE('',*,*,#8644,.F.);
#9723 = CYLINDRICAL_SURFACE('',#9724,4.00000042591);
#9724 = AXIS2_PLACEMENT_3D('',#9725,#9726,#9727);
#9725 = CARTESIAN_POINT('',(96.50000042591,-158.499999574,0.));
#9726 = DIRECTION('',(0.,0.,-1.));
#9727 = DIRECTION('',(-1.064775318894E-07,-1.,-0.));
#9728 = ADVANCED_FACE('',(#9729),#9735,.T.);
#9729 = FACE_BOUND('',#9730,.T.);
#9730 = EDGE_LOOP('',(#9731,#9732,#9733,#9734));
#9731 = ORIENTED_EDGE('',*,*,#9700,.T.);
#9732 = ORIENTED_EDGE('',*,*,#9164,.T.);
#9733 = ORIENTED_EDGE('',*,*,#9715,.F.);
#9734 = ORIENTED_EDGE('',*,*,#8653,.F.);
#9735 = PLANE('',#9736);
#9736 = AXIS2_PLACEMENT_3D('',#9737,#9738,#9739);
#9737 = CARTESIAN_POINT('',(153.5,-162.5,0.));
#9738 = DIRECTION('',(0.,-1.,0.));
#9739 = DIRECTION('',(-1.,0.,0.));
#9740 = ADVANCED_FACE('',(#9741),#9752,.F.);
#9741 = FACE_BOUND('',#9742,.T.);
#9742 = EDGE_LOOP('',(#9743,#9744,#9750,#9751));
#9743 = ORIENTED_EDGE('',*,*,#8679,.T.);
#9744 = ORIENTED_EDGE('',*,*,#9745,.T.);
#9745 = EDGE_CURVE('',#8680,#9191,#9746,.T.);
#9746 = LINE('',#9747,#9748);
#9747 = CARTESIAN_POINT('',(97.5,-158.6,-4.6E-02));
#9748 = VECTOR('',#9749,1.);
#9749 = DIRECTION('',(0.,0.,1.));
#9750 = ORIENTED_EDGE('',*,*,#9190,.F.);
#9751 = ORIENTED_EDGE('',*,*,#9745,.F.);
#9752 = CYLINDRICAL_SURFACE('',#9753,1.1);
#9753 = AXIS2_PLACEMENT_3D('',#9754,#9755,#9756);
#9754 = CARTESIAN_POINT('',(97.5,-157.5,-4.6E-02));
#9755 = DIRECTION('',(-0.,-0.,-1.));
#9756 = DIRECTION('',(-0.,-1.,0.));
#9757 = ADVANCED_FACE('',(#9758),#9769,.F.);
#9758 = FACE_BOUND('',#9759,.T.);
#9759 = EDGE_LOOP('',(#9760,#9761,#9767,#9768));
#9760 = ORIENTED_EDGE('',*,*,#8690,.T.);
#9761 = ORIENTED_EDGE('',*,*,#9762,.T.);
#9762 = EDGE_CURVE('',#8691,#9202,#9763,.T.);
#9763 = LINE('',#9764,#9765);
#9764 = CARTESIAN_POINT('',(105.,-155.54,-4.6E-02));
#9765 = VECTOR('',#9766,1.);
#9766 = DIRECTION('',(0.,0.,1.));
#9767 = ORIENTED_EDGE('',*,*,#9201,.F.);
#9768 = ORIENTED_EDGE('',*,*,#9762,.F.);
#9769 = CYLINDRICAL_SURFACE('',#9770,0.5);
#9770 = AXIS2_PLACEMENT_3D('',#9771,#9772,#9773);
#9771 = CARTESIAN_POINT('',(105.,-155.04,-4.6E-02));
#9772 = DIRECTION('',(-0.,-0.,-1.));
#9773 = DIRECTION('',(-0.,-1.,0.));
#9774 = ADVANCED_FACE('',(#9775),#9786,.F.);
#9775 = FACE_BOUND('',#9776,.T.);
#9776 = EDGE_LOOP('',(#9777,#9778,#9784,#9785));
#9777 = ORIENTED_EDGE('',*,*,#8701,.T.);
#9778 = ORIENTED_EDGE('',*,*,#9779,.T.);
#9779 = EDGE_CURVE('',#8702,#9213,#9780,.T.);
#9780 = LINE('',#9781,#9782);
#9781 = CARTESIAN_POINT('',(105.,-153.,-4.6E-02));
#9782 = VECTOR('',#9783,1.);
#9783 = DIRECTION('',(0.,0.,1.));
#9784 = ORIENTED_EDGE('',*,*,#9212,.F.);
#9785 = ORIENTED_EDGE('',*,*,#9779,.F.);
#9786 = CYLINDRICAL_SURFACE('',#9787,0.5);
#9787 = AXIS2_PLACEMENT_3D('',#9788,#9789,#9790);
#9788 = CARTESIAN_POINT('',(105.,-152.5,-4.6E-02));
#9789 = DIRECTION('',(-0.,-0.,-1.));
#9790 = DIRECTION('',(-0.,-1.,0.));
#9791 = ADVANCED_FACE('',(#9792),#9803,.F.);
#9792 = FACE_BOUND('',#9793,.T.);
#9793 = EDGE_LOOP('',(#9794,#9795,#9801,#9802));
#9794 = ORIENTED_EDGE('',*,*,#8712,.T.);
#9795 = ORIENTED_EDGE('',*,*,#9796,.T.);
#9796 = EDGE_CURVE('',#8713,#9224,#9797,.T.);
#9797 = LINE('',#9798,#9799);
#9798 = CARTESIAN_POINT('',(105.,-150.46,-4.6E-02));
#9799 = VECTOR('',#9800,1.);
#9800 = DIRECTION('',(0.,0.,1.));
#9801 = ORIENTED_EDGE('',*,*,#9223,.F.);
#9802 = ORIENTED_EDGE('',*,*,#9796,.F.);
#9803 = CYLINDRICAL_SURFACE('',#9804,0.5);
#9804 = AXIS2_PLACEMENT_3D('',#9805,#9806,#9807);
#9805 = CARTESIAN_POINT('',(105.,-149.96,-4.6E-02));
#9806 = DIRECTION('',(-0.,-0.,-1.));
#9807 = DIRECTION('',(-0.,-1.,0.));
#9808 = ADVANCED_FACE('',(#9809),#9820,.F.);
#9809 = FACE_BOUND('',#9810,.T.);
#9810 = EDGE_LOOP('',(#9811,#9812,#9818,#9819));
#9811 = ORIENTED_EDGE('',*,*,#8723,.T.);
#9812 = ORIENTED_EDGE('',*,*,#9813,.T.);
#9813 = EDGE_CURVE('',#8724,#9235,#9814,.T.);
#9814 = LINE('',#9815,#9816);
#9815 = CARTESIAN_POINT('',(97.3,-143.128,-4.6E-02));
#9816 = VECTOR('',#9817,1.);
#9817 = DIRECTION('',(0.,0.,1.));
#9818 = ORIENTED_EDGE('',*,*,#9234,.F.);
#9819 = ORIENTED_EDGE('',*,*,#9813,.F.);
#9820 = CYLINDRICAL_SURFACE('',#9821,0.508);
#9821 = AXIS2_PLACEMENT_3D('',#9822,#9823,#9824);
#9822 = CARTESIAN_POINT('',(97.3,-142.62,-4.6E-02));
#9823 = DIRECTION('',(-0.,-0.,-1.));
#9824 = DIRECTION('',(-2.797412345512E-14,-1.,0.));
#9825 = ADVANCED_FACE('',(#9826),#9837,.F.);
#9826 = FACE_BOUND('',#9827,.T.);
#9827 = EDGE_LOOP('',(#9828,#9829,#9835,#9836));
#9828 = ORIENTED_EDGE('',*,*,#8734,.T.);
#9829 = ORIENTED_EDGE('',*,*,#9830,.T.);
#9830 = EDGE_CURVE('',#8735,#9246,#9831,.T.);
#9831 = LINE('',#9832,#9833);
#9832 = CARTESIAN_POINT('',(99.84,-143.128,-4.6E-02));
#9833 = VECTOR('',#9834,1.);
#9834 = DIRECTION('',(0.,0.,1.));
#9835 = ORIENTED_EDGE('',*,*,#9245,.F.);
#9836 = ORIENTED_EDGE('',*,*,#9830,.F.);
#9837 = CYLINDRICAL_SURFACE('',#9838,0.508);
#9838 = AXIS2_PLACEMENT_3D('',#9839,#9840,#9841);
#9839 = CARTESIAN_POINT('',(99.84,-142.62,-4.6E-02));
#9840 = DIRECTION('',(-0.,-0.,-1.));
#9841 = DIRECTION('',(-0.,-1.,0.));
#9842 = ADVANCED_FACE('',(#9843),#9854,.F.);
#9843 = FACE_BOUND('',#9844,.T.);
#9844 = EDGE_LOOP('',(#9845,#9846,#9852,#9853));
#9845 = ORIENTED_EDGE('',*,*,#8745,.T.);
#9846 = ORIENTED_EDGE('',*,*,#9847,.T.);
#9847 = EDGE_CURVE('',#8746,#9257,#9848,.T.);
#9848 = LINE('',#9849,#9850);
#9849 = CARTESIAN_POINT('',(102.38,-143.128,-4.6E-02));
#9850 = VECTOR('',#9851,1.);
#9851 = DIRECTION('',(0.,0.,1.));
#9852 = ORIENTED_EDGE('',*,*,#9256,.F.);
#9853 = ORIENTED_EDGE('',*,*,#9847,.F.);
#9854 = CYLINDRICAL_SURFACE('',#9855,0.508);
#9855 = AXIS2_PLACEMENT_3D('',#9856,#9857,#9858);
#9856 = CARTESIAN_POINT('',(102.38,-142.62,-4.6E-02));
#9857 = DIRECTION('',(-0.,-0.,-1.));
#9858 = DIRECTION('',(-0.,-1.,0.));
#9859 = ADVANCED_FACE('',(#9860),#9871,.F.);
#9860 = FACE_BOUND('',#9861,.T.);
#9861 = EDGE_LOOP('',(#9862,#9863,#9869,#9870));
#9862 = ORIENTED_EDGE('',*,*,#8756,.T.);
#9863 = ORIENTED_EDGE('',*,*,#9864,.T.);
#9864 = EDGE_CURVE('',#8757,#9268,#9865,.T.);
#9865 = LINE('',#9866,#9867);
#9866 = CARTESIAN_POINT('',(104.92,-143.128,-4.6E-02));
#9867 = VECTOR('',#9868,1.);
#9868 = DIRECTION('',(0.,0.,1.));
#9869 = ORIENTED_EDGE('',*,*,#9267,.F.);
#9870 = ORIENTED_EDGE('',*,*,#9864,.F.);
#9871 = CYLINDRICAL_SURFACE('',#9872,0.508);
#9872 = AXIS2_PLACEMENT_3D('',#9873,#9874,#9875);
#9873 = CARTESIAN_POINT('',(104.92,-142.62,-4.6E-02));
#9874 = DIRECTION('',(-0.,-0.,-1.));
#9875 = DIRECTION('',(-0.,-1.,0.));
#9876 = ADVANCED_FACE('',(#9877),#9888,.F.);
#9877 = FACE_BOUND('',#9878,.T.);
#9878 = EDGE_LOOP('',(#9879,#9880,#9886,#9887));
#9879 = ORIENTED_EDGE('',*,*,#8767,.T.);
#9880 = ORIENTED_EDGE('',*,*,#9881,.T.);
#9881 = EDGE_CURVE('',#8768,#9279,#9882,.T.);
#9882 = LINE('',#9883,#9884);
#9883 = CARTESIAN_POINT('',(107.46,-143.128,-4.6E-02));
#9884 = VECTOR('',#9885,1.);
#9885 = DIRECTION('',(0.,0.,1.));
#9886 = ORIENTED_EDGE('',*,*,#9278,.F.);
#9887 = ORIENTED_EDGE('',*,*,#9881,.F.);
#9888 = CYLINDRICAL_SURFACE('',#9889,0.508);
#9889 = AXIS2_PLACEMENT_3D('',#9890,#9891,#9892);
#9890 = CARTESIAN_POINT('',(107.46,-142.62,-4.6E-02));
#9891 = DIRECTION('',(-0.,-0.,-1.));
#9892 = DIRECTION('',(-2.797412345512E-14,-1.,0.));
#9893 = ADVANCED_FACE('',(#9894),#9905,.F.);
#9894 = FACE_BOUND('',#9895,.T.);
#9895 = EDGE_LOOP('',(#9896,#9897,#9903,#9904));
#9896 = ORIENTED_EDGE('',*,*,#8778,.T.);
#9897 = ORIENTED_EDGE('',*,*,#9898,.T.);
#9898 = EDGE_CURVE('',#8779,#9290,#9899,.T.);
#9899 = LINE('',#9900,#9901);
#9900 = CARTESIAN_POINT('',(110.,-143.128,-4.6E-02));
#9901 = VECTOR('',#9902,1.);
#9902 = DIRECTION('',(0.,0.,1.));
#9903 = ORIENTED_EDGE('',*,*,#9289,.F.);
#9904 = ORIENTED_EDGE('',*,*,#9898,.F.);
#9905 = CYLINDRICAL_SURFACE('',#9906,0.508);
#9906 = AXIS2_PLACEMENT_3D('',#9907,#9908,#9909);
#9907 = CARTESIAN_POINT('',(110.,-142.62,-4.6E-02));
#9908 = DIRECTION('',(-0.,-0.,-1.));
#9909 = DIRECTION('',(-0.,-1.,0.));
#9910 = ADVANCED_FACE('',(#9911),#9922,.F.);
#9911 = FACE_BOUND('',#9912,.T.);
#9912 = EDGE_LOOP('',(#9913,#9914,#9920,#9921));
#9913 = ORIENTED_EDGE('',*,*,#8789,.T.);
#9914 = ORIENTED_EDGE('',*,*,#9915,.T.);
#9915 = EDGE_CURVE('',#8790,#9301,#9916,.T.);
#9916 = LINE('',#9917,#9918);
#9917 = CARTESIAN_POINT('',(112.54,-143.128,-4.6E-02));
#9918 = VECTOR('',#9919,1.);
#9919 = DIRECTION('',(0.,0.,1.));
#9920 = ORIENTED_EDGE('',*,*,#9300,.F.);
#9921 = ORIENTED_EDGE('',*,*,#9915,.F.);
#9922 = CYLINDRICAL_SURFACE('',#9923,0.508);
#9923 = AXIS2_PLACEMENT_3D('',#9924,#9925,#9926);
#9924 = CARTESIAN_POINT('',(112.54,-142.62,-4.6E-02));
#9925 = DIRECTION('',(-0.,0.,-1.));
#9926 = DIRECTION('',(2.797412345512E-14,-1.,-0.));
#9927 = ADVANCED_FACE('',(#9928),#9939,.F.);
#9928 = FACE_BOUND('',#9929,.T.);
#9929 = EDGE_LOOP('',(#9930,#9931,#9937,#9938));
#9930 = ORIENTED_EDGE('',*,*,#8800,.T.);
#9931 = ORIENTED_EDGE('',*,*,#9932,.T.);
#9932 = EDGE_CURVE('',#8801,#9312,#9933,.T.);
#9933 = LINE('',#9934,#9935);
#9934 = CARTESIAN_POINT('',(122.7,-138.048,-4.6E-02));
#9935 = VECTOR('',#9936,1.);
#9936 = DIRECTION('',(0.,0.,1.));
#9937 = ORIENTED_EDGE('',*,*,#9311,.F.);
#9938 = ORIENTED_EDGE('',*,*,#9932,.F.);
#9939 = CYLINDRICAL_SURFACE('',#9940,0.508);
#9940 = AXIS2_PLACEMENT_3D('',#9941,#9942,#9943);
#9941 = CARTESIAN_POINT('',(122.7,-137.54,-4.6E-02));
#9942 = DIRECTION('',(-0.,0.,-1.));
#9943 = DIRECTION('',(2.797412345512E-14,-1.,-0.));
#9944 = ADVANCED_FACE('',(#9945),#9956,.F.);
#9945 = FACE_BOUND('',#9946,.T.);
#9946 = EDGE_LOOP('',(#9947,#9948,#9954,#9955));
#9947 = ORIENTED_EDGE('',*,*,#8811,.T.);
#9948 = ORIENTED_EDGE('',*,*,#9949,.T.);
#9949 = EDGE_CURVE('',#8812,#9323,#9950,.T.);
#9950 = LINE('',#9951,#9952);
#9951 = CARTESIAN_POINT('',(122.7,-132.968,-4.6E-02));
#9952 = VECTOR('',#9953,1.);
#9953 = DIRECTION('',(0.,0.,1.));
#9954 = ORIENTED_EDGE('',*,*,#9322,.F.);
#9955 = ORIENTED_EDGE('',*,*,#9949,.F.);
#9956 = CYLINDRICAL_SURFACE('',#9957,0.508);
#9957 = AXIS2_PLACEMENT_3D('',#9958,#9959,#9960);
#9958 = CARTESIAN_POINT('',(122.7,-132.46,-4.6E-02));
#9959 = DIRECTION('',(-0.,0.,-1.));
#9960 = DIRECTION('',(2.797412345512E-14,-1.,-0.));
#9961 = ADVANCED_FACE('',(#9962),#9973,.F.);
#9962 = FACE_BOUND('',#9963,.T.);
#9963 = EDGE_LOOP('',(#9964,#9965,#9971,#9972));
#9964 = ORIENTED_EDGE('',*,*,#8822,.T.);
#9965 = ORIENTED_EDGE('',*,*,#9966,.T.);
#9966 = EDGE_CURVE('',#8823,#9334,#9967,.T.);
#9967 = LINE('',#9968,#9969);
#9968 = CARTESIAN_POINT('',(125.,-156.72,-4.6E-02));
#9969 = VECTOR('',#9970,1.);
#9970 = DIRECTION('',(0.,0.,1.));
#9971 = ORIENTED_EDGE('',*,*,#9333,.F.);
#9972 = ORIENTED_EDGE('',*,*,#9966,.F.);
#9973 = CYLINDRICAL_SURFACE('',#9974,0.45);
#9974 = AXIS2_PLACEMENT_3D('',#9975,#9976,#9977);
#9975 = CARTESIAN_POINT('',(125.,-156.27,-4.6E-02));
#9976 = DIRECTION('',(-0.,-0.,-1.));
#9977 = DIRECTION('',(-0.,-1.,0.));
#9978 = ADVANCED_FACE('',(#9979),#9990,.F.);
#9979 = FACE_BOUND('',#9980,.T.);
#9980 = EDGE_LOOP('',(#9981,#9982,#9988,#9989));
#9981 = ORIENTED_EDGE('',*,*,#8833,.T.);
#9982 = ORIENTED_EDGE('',*,*,#9983,.T.);
#9983 = EDGE_CURVE('',#8834,#9345,#9984,.T.);
#9984 = LINE('',#9985,#9986);
#9985 = CARTESIAN_POINT('',(125.,-155.45,-4.6E-02));
#9986 = VECTOR('',#9987,1.);
#9987 = DIRECTION('',(0.,0.,1.));
#9988 = ORIENTED_EDGE('',*,*,#9344,.F.);
#9989 = ORIENTED_EDGE('',*,*,#9983,.F.);
#9990 = CYLINDRICAL_SURFACE('',#9991,0.45);
#9991 = AXIS2_PLACEMENT_3D('',#9992,#9993,#9994);
#9992 = CARTESIAN_POINT('',(125.,-155.,-4.6E-02));
#9993 = DIRECTION('',(-0.,-0.,-1.));
#9994 = DIRECTION('',(-0.,-1.,0.));
#9995 = ADVANCED_FACE('',(#9996),#10007,.F.);
#9996 = FACE_BOUND('',#9997,.T.);
#9997 = EDGE_LOOP('',(#9998,#9999,#10005,#10006));
#9998 = ORIENTED_EDGE('',*,*,#8844,.T.);
#9999 = ORIENTED_EDGE('',*,*,#10000,.T.);
#10000 = EDGE_CURVE('',#8845,#9356,#10001,.T.);
#10001 = LINE('',#10002,#10003);
#10002 = CARTESIAN_POINT('',(125.,-154.18,-4.6E-02));
#10003 = VECTOR('',#10004,1.);
#10004 = DIRECTION('',(0.,0.,1.));
#10005 = ORIENTED_EDGE('',*,*,#9355,.F.);
#10006 = ORIENTED_EDGE('',*,*,#10000,.F.);
#10007 = CYLINDRICAL_SURFACE('',#10008,0.45);
#10008 = AXIS2_PLACEMENT_3D('',#10009,#10010,#10011);
#10009 = CARTESIAN_POINT('',(125.,-153.73,-4.6E-02));
#10010 = DIRECTION('',(-0.,-0.,-1.));
#10011 = DIRECTION('',(-0.,-1.,0.));
#10012 = ADVANCED_FACE('',(#10013),#10024,.F.);
#10013 = FACE_BOUND('',#10014,.T.);
#10014 = EDGE_LOOP('',(#10015,#10016,#10022,#10023));
#10015 = ORIENTED_EDGE('',*,*,#8855,.T.);
#10016 = ORIENTED_EDGE('',*,*,#10017,.T.);
#10017 = EDGE_CURVE('',#8856,#9367,#10018,.T.);
#10018 = LINE('',#10019,#10020);
#10019 = CARTESIAN_POINT('',(125.,-152.91,-4.6E-02));
#10020 = VECTOR('',#10021,1.);
#10021 = DIRECTION('',(0.,0.,1.));
#10022 = ORIENTED_EDGE('',*,*,#9366,.F.);
#10023 = ORIENTED_EDGE('',*,*,#10017,.F.);
#10024 = CYLINDRICAL_SURFACE('',#10025,0.45);
#10025 = AXIS2_PLACEMENT_3D('',#10026,#10027,#10028);
#10026 = CARTESIAN_POINT('',(125.,-152.46,-4.6E-02));
#10027 = DIRECTION('',(-0.,-0.,-1.));
#10028 = DIRECTION('',(-0.,-1.,0.));
#10029 = ADVANCED_FACE('',(#10030),#10041,.F.);
#10030 = FACE_BOUND('',#10031,.T.);
#10031 = EDGE_LOOP('',(#10032,#10033,#10039,#10040));
#10032 = ORIENTED_EDGE('',*,*,#8866,.T.);
#10033 = ORIENTED_EDGE('',*,*,#10034,.T.);
#10034 = EDGE_CURVE('',#8867,#9378,#10035,.T.);
#10035 = LINE('',#10036,#10037);
#10036 = CARTESIAN_POINT('',(139.25,-155.55,-4.6E-02));
#10037 = VECTOR('',#10038,1.);
#10038 = DIRECTION('',(0.,0.,1.));
#10039 = ORIENTED_EDGE('',*,*,#9377,.F.);
#10040 = ORIENTED_EDGE('',*,*,#10034,.F.);
#10041 = CYLINDRICAL_SURFACE('',#10042,0.55);
#10042 = AXIS2_PLACEMENT_3D('',#10043,#10044,#10045);
#10043 = CARTESIAN_POINT('',(139.25,-155.,-4.6E-02));
#10044 = DIRECTION('',(-0.,-0.,-1.));
#10045 = DIRECTION('',(-0.,-1.,0.));
#10046 = ADVANCED_FACE('',(#10047),#10058,.F.);
#10047 = FACE_BOUND('',#10048,.T.);
#10048 = EDGE_LOOP('',(#10049,#10050,#10056,#10057));
#10049 = ORIENTED_EDGE('',*,*,#8877,.T.);
#10050 = ORIENTED_EDGE('',*,*,#10051,.T.);
#10051 = EDGE_CURVE('',#8878,#9389,#10052,.T.);
#10052 = LINE('',#10053,#10054);
#10053 = CARTESIAN_POINT('',(139.25,-151.05,-4.6E-02));
#10054 = VECTOR('',#10055,1.);
#10055 = DIRECTION('',(0.,0.,1.));
#10056 = ORIENTED_EDGE('',*,*,#9388,.F.);
#10057 = ORIENTED_EDGE('',*,*,#10051,.F.);
#10058 = CYLINDRICAL_SURFACE('',#10059,0.55);
#10059 = AXIS2_PLACEMENT_3D('',#10060,#10061,#10062);
#10060 = CARTESIAN_POINT('',(139.25,-150.5,-4.6E-02));
#10061 = DIRECTION('',(-0.,-0.,-1.));
#10062 = DIRECTION('',(-0.,-1.,0.));
#10063 = ADVANCED_FACE('',(#10064),#10075,.F.);
#10064 = FACE_BOUND('',#10065,.T.);
#10065 = EDGE_LOOP('',(#10066,#10067,#10073,#10074));
#10066 = ORIENTED_EDGE('',*,*,#8888,.T.);
#10067 = ORIENTED_EDGE('',*,*,#10068,.T.);
#10068 = EDGE_CURVE('',#8889,#9400,#10069,.T.);
#10069 = LINE('',#10070,#10071);
#10070 = CARTESIAN_POINT('',(145.75,-155.55,-4.6E-02));
#10071 = VECTOR('',#10072,1.);
#10072 = DIRECTION('',(0.,0.,1.));
#10073 = ORIENTED_EDGE('',*,*,#9399,.F.);
#10074 = ORIENTED_EDGE('',*,*,#10068,.F.);
#10075 = CYLINDRICAL_SURFACE('',#10076,0.55);
#10076 = AXIS2_PLACEMENT_3D('',#10077,#10078,#10079);
#10077 = CARTESIAN_POINT('',(145.75,-155.,-4.6E-02));
#10078 = DIRECTION('',(-0.,-0.,-1.));
#10079 = DIRECTION('',(-0.,-1.,0.));
#10080 = ADVANCED_FACE('',(#10081),#10092,.F.);
#10081 = FACE_BOUND('',#10082,.T.);
#10082 = EDGE_LOOP('',(#10083,#10084,#10090,#10091));
#10083 = ORIENTED_EDGE('',*,*,#8899,.T.);
#10084 = ORIENTED_EDGE('',*,*,#10085,.T.);
#10085 = EDGE_CURVE('',#8900,#9411,#10086,.T.);
#10086 = LINE('',#10087,#10088);
#10087 = CARTESIAN_POINT('',(152.5,-158.6,-4.6E-02));
#10088 = VECTOR('',#10089,1.);
#10089 = DIRECTION('',(0.,0.,1.));
#10090 = ORIENTED_EDGE('',*,*,#9410,.F.);
#10091 = ORIENTED_EDGE('',*,*,#10085,.F.);
#10092 = CYLINDRICAL_SURFACE('',#10093,1.1);
#10093 = AXIS2_PLACEMENT_3D('',#10094,#10095,#10096);
#10094 = CARTESIAN_POINT('',(152.5,-157.5,-4.6E-02));
#10095 = DIRECTION('',(-0.,-0.,-1.));
#10096 = DIRECTION('',(-0.,-1.,0.));
#10097 = ADVANCED_FACE('',(#10098),#10109,.F.);
#10098 = FACE_BOUND('',#10099,.T.);
#10099 = EDGE_LOOP('',(#10100,#10101,#10107,#10108));
#10100 = ORIENTED_EDGE('',*,*,#8910,.T.);
#10101 = ORIENTED_EDGE('',*,*,#10102,.T.);
#10102 = EDGE_CURVE('',#8911,#9422,#10103,.T.);
#10103 = LINE('',#10104,#10105);
#10104 = CARTESIAN_POINT('',(145.75,-151.05,-4.6E-02));
#10105 = VECTOR('',#10106,1.);
#10106 = DIRECTION('',(0.,0.,1.));
#10107 = ORIENTED_EDGE('',*,*,#9421,.F.);
#10108 = ORIENTED_EDGE('',*,*,#10102,.F.);
#10109 = CYLINDRICAL_SURFACE('',#10110,0.55);
#10110 = AXIS2_PLACEMENT_3D('',#10111,#10112,#10113);
#10111 = CARTESIAN_POINT('',(145.75,-150.5,-4.6E-02));
#10112 = DIRECTION('',(-0.,-0.,-1.));
#10113 = DIRECTION('',(-0.,-1.,0.));
#10114 = ADVANCED_FACE('',(#10115),#10126,.F.);
#10115 = FACE_BOUND('',#10116,.T.);
#10116 = EDGE_LOOP('',(#10117,#10118,#10124,#10125));
#10117 = ORIENTED_EDGE('',*,*,#8921,.T.);
#10118 = ORIENTED_EDGE('',*,*,#10119,.T.);
#10119 = EDGE_CURVE('',#8922,#9433,#10120,.T.);
#10120 = LINE('',#10121,#10122);
#10121 = CARTESIAN_POINT('',(142.5,-138.04,-4.6E-02));
#10122 = VECTOR('',#10123,1.);
#10123 = DIRECTION('',(0.,0.,1.));
#10124 = ORIENTED_EDGE('',*,*,#9432,.F.);
#10125 = ORIENTED_EDGE('',*,*,#10119,.F.);
#10126 = CYLINDRICAL_SURFACE('',#10127,0.5);
#10127 = AXIS2_PLACEMENT_3D('',#10128,#10129,#10130);
#10128 = CARTESIAN_POINT('',(142.5,-137.54,-4.6E-02));
#10129 = DIRECTION('',(-0.,-0.,-1.));
#10130 = DIRECTION('',(-0.,-1.,0.));
#10131 = ADVANCED_FACE('',(#10132),#10143,.F.);
#10132 = FACE_BOUND('',#10133,.T.);
#10133 = EDGE_LOOP('',(#10134,#10135,#10141,#10142));
#10134 = ORIENTED_EDGE('',*,*,#8932,.T.);
#10135 = ORIENTED_EDGE('',*,*,#10136,.T.);
#10136 = EDGE_CURVE('',#8933,#9444,#10137,.T.);
#10137 = LINE('',#10138,#10139);
#10138 = CARTESIAN_POINT('',(142.5,-135.5,-4.6E-02));
#10139 = VECTOR('',#10140,1.);
#10140 = DIRECTION('',(0.,0.,1.));
#10141 = ORIENTED_EDGE('',*,*,#9443,.F.);
#10142 = ORIENTED_EDGE('',*,*,#10136,.F.);
#10143 = CYLINDRICAL_SURFACE('',#10144,0.5);
#10144 = AXIS2_PLACEMENT_3D('',#10145,#10146,#10147);
#10145 = CARTESIAN_POINT('',(142.5,-135.,-4.6E-02));
#10146 = DIRECTION('',(-0.,-0.,-1.));
#10147 = DIRECTION('',(-0.,-1.,0.));
#10148 = ADVANCED_FACE('',(#10149),#10160,.F.);
#10149 = FACE_BOUND('',#10150,.T.);
#10150 = EDGE_LOOP('',(#10151,#10152,#10158,#10159));
#10151 = ORIENTED_EDGE('',*,*,#8943,.T.);
#10152 = ORIENTED_EDGE('',*,*,#10153,.T.);
#10153 = EDGE_CURVE('',#8944,#9455,#10154,.T.);
#10154 = LINE('',#10155,#10156);
#10155 = CARTESIAN_POINT('',(97.3,-127.888,-4.6E-02));
#10156 = VECTOR('',#10157,1.);
#10157 = DIRECTION('',(0.,0.,1.));
#10158 = ORIENTED_EDGE('',*,*,#9454,.F.);
#10159 = ORIENTED_EDGE('',*,*,#10153,.F.);
#10160 = CYLINDRICAL_SURFACE('',#10161,0.508);
#10161 = AXIS2_PLACEMENT_3D('',#10162,#10163,#10164);
#10162 = CARTESIAN_POINT('',(97.3,-127.38,-4.6E-02));
#10163 = DIRECTION('',(-0.,-0.,-1.));
#10164 = DIRECTION('',(-2.797412345512E-14,-1.,0.));
#10165 = ADVANCED_FACE('',(#10166),#10177,.F.);
#10166 = FACE_BOUND('',#10167,.T.);
#10167 = EDGE_LOOP('',(#10168,#10169,#10175,#10176));
#10168 = ORIENTED_EDGE('',*,*,#8954,.T.);
#10169 = ORIENTED_EDGE('',*,*,#10170,.T.);
#10170 = EDGE_CURVE('',#8955,#9466,#10171,.T.);
#10171 = LINE('',#10172,#10173);
#10172 = CARTESIAN_POINT('',(99.84,-127.888,-4.6E-02));
#10173 = VECTOR('',#10174,1.);
#10174 = DIRECTION('',(0.,0.,1.));
#10175 = ORIENTED_EDGE('',*,*,#9465,.F.);
#10176 = ORIENTED_EDGE('',*,*,#10170,.F.);
#10177 = CYLINDRICAL_SURFACE('',#10178,0.508);
#10178 = AXIS2_PLACEMENT_3D('',#10179,#10180,#10181);
#10179 = CARTESIAN_POINT('',(99.84,-127.38,-4.6E-02));
#10180 = DIRECTION('',(-0.,-0.,-1.));
#10181 = DIRECTION('',(-0.,-1.,0.));
#10182 = ADVANCED_FACE('',(#10183),#10194,.F.);
#10183 = FACE_BOUND('',#10184,.T.);
#10184 = EDGE_LOOP('',(#10185,#10186,#10192,#10193));
#10185 = ORIENTED_EDGE('',*,*,#8965,.T.);
#10186 = ORIENTED_EDGE('',*,*,#10187,.T.);
#10187 = EDGE_CURVE('',#8966,#9477,#10188,.T.);
#10188 = LINE('',#10189,#10190);
#10189 = CARTESIAN_POINT('',(102.38,-127.888,-4.6E-02));
#10190 = VECTOR('',#10191,1.);
#10191 = DIRECTION('',(0.,0.,1.));
#10192 = ORIENTED_EDGE('',*,*,#9476,.F.);
#10193 = ORIENTED_EDGE('',*,*,#10187,.F.);
#10194 = CYLINDRICAL_SURFACE('',#10195,0.508);
#10195 = AXIS2_PLACEMENT_3D('',#10196,#10197,#10198);
#10196 = CARTESIAN_POINT('',(102.38,-127.38,-4.6E-02));
#10197 = DIRECTION('',(-0.,-0.,-1.));
#10198 = DIRECTION('',(-0.,-1.,0.));
#10199 = ADVANCED_FACE('',(#10200),#10211,.F.);
#10200 = FACE_BOUND('',#10201,.T.);
#10201 = EDGE_LOOP('',(#10202,#10203,#10209,#10210));
#10202 = ORIENTED_EDGE('',*,*,#8976,.T.);
#10203 = ORIENTED_EDGE('',*,*,#10204,.T.);
#10204 = EDGE_CURVE('',#8977,#9488,#10205,.T.);
#10205 = LINE('',#10206,#10207);
#10206 = CARTESIAN_POINT('',(104.92,-127.888,-4.6E-02));
#10207 = VECTOR('',#10208,1.);
#10208 = DIRECTION('',(0.,0.,1.));
#10209 = ORIENTED_EDGE('',*,*,#9487,.F.);
#10210 = ORIENTED_EDGE('',*,*,#10204,.F.);
#10211 = CYLINDRICAL_SURFACE('',#10212,0.508);
#10212 = AXIS2_PLACEMENT_3D('',#10213,#10214,#10215);
#10213 = CARTESIAN_POINT('',(104.92,-127.38,-4.6E-02));
#10214 = DIRECTION('',(-0.,-0.,-1.));
#10215 = DIRECTION('',(-0.,-1.,0.));
#10216 = ADVANCED_FACE('',(#10217),#10228,.F.);
#10217 = FACE_BOUND('',#10218,.T.);
#10218 = EDGE_LOOP('',(#10219,#10220,#10226,#10227));
#10219 = ORIENTED_EDGE('',*,*,#8987,.T.);
#10220 = ORIENTED_EDGE('',*,*,#10221,.T.);
#10221 = EDGE_CURVE('',#8988,#9499,#10222,.T.);
#10222 = LINE('',#10223,#10224);
#10223 = CARTESIAN_POINT('',(107.46,-127.888,-4.6E-02));
#10224 = VECTOR('',#10225,1.);
#10225 = DIRECTION('',(0.,0.,1.));
#10226 = ORIENTED_EDGE('',*,*,#9498,.F.);
#10227 = ORIENTED_EDGE('',*,*,#10221,.F.);
#10228 = CYLINDRICAL_SURFACE('',#10229,0.508);
#10229 = AXIS2_PLACEMENT_3D('',#10230,#10231,#10232);
#10230 = CARTESIAN_POINT('',(107.46,-127.38,-4.6E-02));
#10231 = DIRECTION('',(-0.,-0.,-1.));
#10232 = DIRECTION('',(-2.797412345512E-14,-1.,0.));
#10233 = ADVANCED_FACE('',(#10234),#10245,.F.);
#10234 = FACE_BOUND('',#10235,.T.);
#10235 = EDGE_LOOP('',(#10236,#10237,#10243,#10244));
#10236 = ORIENTED_EDGE('',*,*,#8998,.T.);
#10237 = ORIENTED_EDGE('',*,*,#10238,.T.);
#10238 = EDGE_CURVE('',#8999,#9510,#10239,.T.);
#10239 = LINE('',#10240,#10241);
#10240 = CARTESIAN_POINT('',(110.,-127.888,-4.6E-02));
#10241 = VECTOR('',#10242,1.);
#10242 = DIRECTION('',(0.,0.,1.));
#10243 = ORIENTED_EDGE('',*,*,#9509,.F.);
#10244 = ORIENTED_EDGE('',*,*,#10238,.F.);
#10245 = CYLINDRICAL_SURFACE('',#10246,0.508);
#10246 = AXIS2_PLACEMENT_3D('',#10247,#10248,#10249);
#10247 = CARTESIAN_POINT('',(110.,-127.38,-4.6E-02));
#10248 = DIRECTION('',(-0.,-0.,-1.));
#10249 = DIRECTION('',(-0.,-1.,0.));
#10250 = ADVANCED_FACE('',(#10251),#10262,.F.);
#10251 = FACE_BOUND('',#10252,.T.);
#10252 = EDGE_LOOP('',(#10253,#10254,#10260,#10261));
#10253 = ORIENTED_EDGE('',*,*,#9009,.T.);
#10254 = ORIENTED_EDGE('',*,*,#10255,.T.);
#10255 = EDGE_CURVE('',#9010,#9521,#10256,.T.);
#10256 = LINE('',#10257,#10258);
#10257 = CARTESIAN_POINT('',(112.54,-127.888,-4.6E-02));
#10258 = VECTOR('',#10259,1.);
#10259 = DIRECTION('',(0.,0.,1.));
#10260 = ORIENTED_EDGE('',*,*,#9520,.F.);
#10261 = ORIENTED_EDGE('',*,*,#10255,.F.);
#10262 = CYLINDRICAL_SURFACE('',#10263,0.508);
#10263 = AXIS2_PLACEMENT_3D('',#10264,#10265,#10266);
#10264 = CARTESIAN_POINT('',(112.54,-127.38,-4.6E-02));
#10265 = DIRECTION('',(-0.,0.,-1.));
#10266 = DIRECTION('',(2.797412345512E-14,-1.,-0.));
#10267 = ADVANCED_FACE('',(#10268),#10279,.F.);
#10268 = FACE_BOUND('',#10269,.T.);
#10269 = EDGE_LOOP('',(#10270,#10276,#10277,#10278));
#10270 = ORIENTED_EDGE('',*,*,#10271,.T.);
#10271 = EDGE_CURVE('',#9021,#9532,#10272,.T.);
#10272 = LINE('',#10273,#10274);
#10273 = CARTESIAN_POINT('',(126.91,-122.66,0.));
#10274 = VECTOR('',#10275,1.);
#10275 = DIRECTION('',(0.,0.,1.));
#10276 = ORIENTED_EDGE('',*,*,#9531,.T.);
#10277 = ORIENTED_EDGE('',*,*,#10271,.F.);
#10278 = ORIENTED_EDGE('',*,*,#9020,.F.);
#10279 = CYLINDRICAL_SURFACE('',#10280,1.95);
#10280 = AXIS2_PLACEMENT_3D('',#10281,#10282,#10283);
#10281 = CARTESIAN_POINT('',(124.96,-122.66,0.));
#10282 = DIRECTION('',(-0.,-0.,-1.));
#10283 = DIRECTION('',(1.,0.,-0.));
#10284 = ADVANCED_FACE('',(#10285),#10296,.F.);
#10285 = FACE_BOUND('',#10286,.T.);
#10286 = EDGE_LOOP('',(#10287,#10288,#10294,#10295));
#10287 = ORIENTED_EDGE('',*,*,#9031,.T.);
#10288 = ORIENTED_EDGE('',*,*,#10289,.T.);
#10289 = EDGE_CURVE('',#9032,#9543,#10290,.T.);
#10290 = LINE('',#10291,#10292);
#10291 = CARTESIAN_POINT('',(113.53,-116.895,-4.6E-02));
#10292 = VECTOR('',#10293,1.);
#10293 = DIRECTION('',(0.,0.,1.));
#10294 = ORIENTED_EDGE('',*,*,#9542,.F.);
#10295 = ORIENTED_EDGE('',*,*,#10289,.F.);
#10296 = CYLINDRICAL_SURFACE('',#10297,0.425);
#10297 = AXIS2_PLACEMENT_3D('',#10298,#10299,#10300);
#10298 = CARTESIAN_POINT('',(113.53,-116.47,-4.6E-02));
#10299 = DIRECTION('',(-0.,-0.,-1.));
#10300 = DIRECTION('',(-0.,-1.,0.));
#10301 = ADVANCED_FACE('',(#10302),#10313,.F.);
#10302 = FACE_BOUND('',#10303,.T.);
#10303 = EDGE_LOOP('',(#10304,#10310,#10311,#10312));
#10304 = ORIENTED_EDGE('',*,*,#10305,.T.);
#10305 = EDGE_CURVE('',#9043,#9554,#10306,.T.);
#10306 = LINE('',#10307,#10308);
#10307 = CARTESIAN_POINT('',(112.41,-112.66,0.));
#10308 = VECTOR('',#10309,1.);
#10309 = DIRECTION('',(0.,0.,1.));
#10310 = ORIENTED_EDGE('',*,*,#9553,.T.);
#10311 = ORIENTED_EDGE('',*,*,#10305,.F.);
#10312 = ORIENTED_EDGE('',*,*,#9042,.F.);
#10313 = CYLINDRICAL_SURFACE('',#10314,0.95);
#10314 = AXIS2_PLACEMENT_3D('',#10315,#10316,#10317);
#10315 = CARTESIAN_POINT('',(111.46,-112.66,0.));
#10316 = DIRECTION('',(-0.,-0.,-1.));
#10317 = DIRECTION('',(1.,0.,-0.));
#10318 = ADVANCED_FACE('',(#10319),#10330,.F.);
#10319 = FACE_BOUND('',#10320,.T.);
#10320 = EDGE_LOOP('',(#10321,#10322,#10328,#10329));
#10321 = ORIENTED_EDGE('',*,*,#9053,.T.);
#10322 = ORIENTED_EDGE('',*,*,#10323,.T.);
#10323 = EDGE_CURVE('',#9054,#9565,#10324,.T.);
#10324 = LINE('',#10325,#10326);
#10325 = CARTESIAN_POINT('',(97.5,-98.6,-4.6E-02));
#10326 = VECTOR('',#10327,1.);
#10327 = DIRECTION('',(0.,0.,1.));
#10328 = ORIENTED_EDGE('',*,*,#9564,.F.);
#10329 = ORIENTED_EDGE('',*,*,#10323,.F.);
#10330 = CYLINDRICAL_SURFACE('',#10331,1.1);
#10331 = AXIS2_PLACEMENT_3D('',#10332,#10333,#10334);
#10332 = CARTESIAN_POINT('',(97.5,-97.5,-4.6E-02));
#10333 = DIRECTION('',(-0.,-0.,-1.));
#10334 = DIRECTION('',(-0.,-1.,0.));
#10335 = ADVANCED_FACE('',(#10336),#10347,.F.);
#10336 = FACE_BOUND('',#10337,.T.);
#10337 = EDGE_LOOP('',(#10338,#10339,#10345,#10346));
#10338 = ORIENTED_EDGE('',*,*,#9064,.T.);
#10339 = ORIENTED_EDGE('',*,*,#10340,.T.);
#10340 = EDGE_CURVE('',#9065,#9576,#10341,.T.);
#10341 = LINE('',#10342,#10343);
#10342 = CARTESIAN_POINT('',(113.53,-109.275,-4.6E-02));
#10343 = VECTOR('',#10344,1.);
#10344 = DIRECTION('',(0.,0.,1.));
#10345 = ORIENTED_EDGE('',*,*,#9575,.F.);
#10346 = ORIENTED_EDGE('',*,*,#10340,.F.);
#10347 = CYLINDRICAL_SURFACE('',#10348,0.425);
#10348 = AXIS2_PLACEMENT_3D('',#10349,#10350,#10351);
#10349 = CARTESIAN_POINT('',(113.53,-108.85,-4.6E-02));
#10350 = DIRECTION('',(-0.,-0.,-1.));
#10351 = DIRECTION('',(-0.,-1.,0.));
#10352 = ADVANCED_FACE('',(#10353),#10364,.F.);
#10353 = FACE_BOUND('',#10354,.T.);
#10354 = EDGE_LOOP('',(#10355,#10361,#10362,#10363));
#10355 = ORIENTED_EDGE('',*,*,#10356,.T.);
#10356 = EDGE_CURVE('',#9076,#9587,#10357,.T.);
#10357 = LINE('',#10358,#10359);
#10358 = CARTESIAN_POINT('',(117.26,-103.66,0.));
#10359 = VECTOR('',#10360,1.);
#10360 = DIRECTION('',(0.,0.,1.));
#10361 = ORIENTED_EDGE('',*,*,#9586,.T.);
#10362 = ORIENTED_EDGE('',*,*,#10356,.F.);
#10363 = ORIENTED_EDGE('',*,*,#9075,.F.);
#10364 = CYLINDRICAL_SURFACE('',#10365,1.3);
#10365 = AXIS2_PLACEMENT_3D('',#10366,#10367,#10368);
#10366 = CARTESIAN_POINT('',(115.96,-103.66,0.));
#10367 = DIRECTION('',(-0.,-0.,-1.));
#10368 = DIRECTION('',(1.,0.,-0.));
#10369 = ADVANCED_FACE('',(#10370),#10381,.F.);
#10370 = FACE_BOUND('',#10371,.T.);
#10371 = EDGE_LOOP('',(#10372,#10373,#10379,#10380));
#10372 = ORIENTED_EDGE('',*,*,#9086,.T.);
#10373 = ORIENTED_EDGE('',*,*,#10374,.T.);
#10374 = EDGE_CURVE('',#9087,#9598,#10375,.T.);
#10375 = LINE('',#10376,#10377);
#10376 = CARTESIAN_POINT('',(136.39,-116.895,-4.6E-02));
#10377 = VECTOR('',#10378,1.);
#10378 = DIRECTION('',(0.,0.,1.));
#10379 = ORIENTED_EDGE('',*,*,#9597,.F.);
#10380 = ORIENTED_EDGE('',*,*,#10374,.F.);
#10381 = CYLINDRICAL_SURFACE('',#10382,0.425);
#10382 = AXIS2_PLACEMENT_3D('',#10383,#10384,#10385);
#10383 = CARTESIAN_POINT('',(136.39,-116.47,-4.6E-02));
#10384 = DIRECTION('',(-0.,-0.,-1.));
#10385 = DIRECTION('',(-0.,-1.,0.));
#10386 = ADVANCED_FACE('',(#10387),#10398,.F.);
#10387 = FACE_BOUND('',#10388,.T.);
#10388 = EDGE_LOOP('',(#10389,#10395,#10396,#10397));
#10389 = ORIENTED_EDGE('',*,*,#10390,.T.);
#10390 = EDGE_CURVE('',#9098,#9609,#10391,.T.);
#10391 = LINE('',#10392,#10393);
#10392 = CARTESIAN_POINT('',(139.41,-112.66,0.));
#10393 = VECTOR('',#10394,1.);
#10394 = DIRECTION('',(0.,0.,1.));
#10395 = ORIENTED_EDGE('',*,*,#9608,.T.);
#10396 = ORIENTED_EDGE('',*,*,#10390,.F.);
#10397 = ORIENTED_EDGE('',*,*,#9097,.F.);
#10398 = CYLINDRICAL_SURFACE('',#10399,0.95);
#10399 = AXIS2_PLACEMENT_3D('',#10400,#10401,#10402);
#10400 = CARTESIAN_POINT('',(138.46,-112.66,0.));
#10401 = DIRECTION('',(-0.,-0.,-1.));
#10402 = DIRECTION('',(1.,0.,-0.));
#10403 = ADVANCED_FACE('',(#10404),#10415,.F.);
#10404 = FACE_BOUND('',#10405,.T.);
#10405 = EDGE_LOOP('',(#10406,#10407,#10413,#10414));
#10406 = ORIENTED_EDGE('',*,*,#9108,.T.);
#10407 = ORIENTED_EDGE('',*,*,#10408,.T.);
#10408 = EDGE_CURVE('',#9109,#9620,#10409,.T.);
#10409 = LINE('',#10410,#10411);
#10410 = CARTESIAN_POINT('',(136.39,-109.275,-4.6E-02));
#10411 = VECTOR('',#10412,1.);
#10412 = DIRECTION('',(0.,0.,1.));
#10413 = ORIENTED_EDGE('',*,*,#9619,.F.);
#10414 = ORIENTED_EDGE('',*,*,#10408,.F.);
#10415 = CYLINDRICAL_SURFACE('',#10416,0.425);
#10416 = AXIS2_PLACEMENT_3D('',#10417,#10418,#10419);
#10417 = CARTESIAN_POINT('',(136.39,-108.85,-4.6E-02));
#10418 = DIRECTION('',(-0.,-0.,-1.));
#10419 = DIRECTION('',(-0.,-1.,0.));
#10420 = ADVANCED_FACE('',(#10421),#10432,.F.);
#10421 = FACE_BOUND('',#10422,.T.);
#10422 = EDGE_LOOP('',(#10423,#10424,#10430,#10431));
#10423 = ORIENTED_EDGE('',*,*,#9119,.T.);
#10424 = ORIENTED_EDGE('',*,*,#10425,.T.);
#10425 = EDGE_CURVE('',#9120,#9631,#10426,.T.);
#10426 = LINE('',#10427,#10428);
#10427 = CARTESIAN_POINT('',(152.5,-98.6,-4.6E-02));
#10428 = VECTOR('',#10429,1.);
#10429 = DIRECTION('',(0.,0.,1.));
#10430 = ORIENTED_EDGE('',*,*,#9630,.F.);
#10431 = ORIENTED_EDGE('',*,*,#10425,.F.);
#10432 = CYLINDRICAL_SURFACE('',#10433,1.1);
#10433 = AXIS2_PLACEMENT_3D('',#10434,#10435,#10436);
#10434 = CARTESIAN_POINT('',(152.5,-97.5,-4.6E-02));
#10435 = DIRECTION('',(-0.,-0.,-1.));
#10436 = DIRECTION('',(-0.,-1.,0.));
#10437 = ( GEOMETRIC_REPRESENTATION_CONTEXT(3) 
GLOBAL_UNCERTAINTY_ASSIGNED_CONTEXT((#10441)) 
GLOBAL_UNIT_ASSIGNED_CONTEXT((#10438,#10439,#10440)) 
REPRESENTATION_CONTEXT('Context #1',
  '3D Context with UNIT and UNCERTAINTY') );
#10438 = ( LENGTH_UNIT() NAMED_UNIT(*) SI_UNIT(.MILLI.,.METRE.) );
#10439 = ( NAMED_UNIT(*) PLANE_ANGLE_UNIT() SI_UNIT($,.RADIAN.) );
#10440 = ( NAMED_UNIT(*) SI_UNIT($,.STERADIAN.) SOLID_ANGLE_UNIT() );
#10441 = UNCERTAINTY_MEASURE_WITH_UNIT(LENGTH_MEASURE(1.E-07),#10438,
  'distance_accuracy_value','confusion accuracy');
#10442 = CONTEXT_DEPENDENT_SHAPE_REPRESENTATION(#10443,#10445);
#10443 = ( REPRESENTATION_RELATIONSHIP('','',#8514,#10) 
REPRESENTATION_RELATIONSHIP_WITH_TRANSFORMATION(#10444) 
SHAPE_REPRESENTATION_RELATIONSHIP() );
#10444 = ITEM_DEFINED_TRANSFORMATION('','',#11,#43);
#10445 = PRODUCT_DEFINITION_SHAPE('Placement','Placement of an item',
  #10446);
#10446 = NEXT_ASSEMBLY_USAGE_OCCURRENCE('8','=>[0:1:1:7]','',#5,#8509,$
  );
#10447 = PRODUCT_RELATED_PRODUCT_CATEGORY('part',$,(#8511));
#10448 = MECHANICAL_DESIGN_GEOMETRIC_PRESENTATION_REPRESENTATION('',(
    #10449,#10457,#10464,#10471,#10478,#10485,#10492,#10500,#10507,
    #10514,#10521,#10528,#10535,#10542,#10549,#10556,#10563,#10570,
    #10577,#10584,#10591,#10598,#10605,#10612,#10619,#10626),#3123);
#10449 = STYLED_ITEM('color',(#10450),#2397);
#10450 = PRESENTATION_STYLE_ASSIGNMENT((#10451));
#10451 = SURFACE_STYLE_USAGE(.BOTH.,#10452);
#10452 = SURFACE_SIDE_STYLE('',(#10453));
#10453 = SURFACE_STYLE_FILL_AREA(#10454);
#10454 = FILL_AREA_STYLE('',(#10455));
#10455 = FILL_AREA_STYLE_COLOUR('',#10456);
#10456 = COLOUR_RGB('',0.894999966383,0.890999961016,0.813000030345);
#10457 = STYLED_ITEM('color',(#10458),#2424);
#10458 = PRESENTATION_STYLE_ASSIGNMENT((#10459));
#10459 = SURFACE_STYLE_USAGE(.BOTH.,#10460);
#10460 = SURFACE_SIDE_STYLE('',(#10461));
#10461 = SURFACE_STYLE_FILL_AREA(#10462);
#10462 = FILL_AREA_STYLE('',(#10463));
#10463 = FILL_AREA_STYLE_COLOUR('',#10456);
#10464 = STYLED_ITEM('color',(#10465),#2458);
#10465 = PRESENTATION_STYLE_ASSIGNMENT((#10466));
#10466 = SURFACE_STYLE_USAGE(.BOTH.,#10467);
#10467 = SURFACE_SIDE_STYLE('',(#10468));
#10468 = SURFACE_STYLE_FILL_AREA(#10469);
#10469 = FILL_AREA_STYLE('',(#10470));
#10470 = FILL_AREA_STYLE_COLOUR('',#10456);
#10471 = STYLED_ITEM('color',(#10472),#2495);
#10472 = PRESENTATION_STYLE_ASSIGNMENT((#10473));
#10473 = SURFACE_STYLE_USAGE(.BOTH.,#10474);
#10474 = SURFACE_SIDE_STYLE('',(#10475));
#10475 = SURFACE_STYLE_FILL_AREA(#10476);
#10476 = FILL_AREA_STYLE('',(#10477));
#10477 = FILL_AREA_STYLE_COLOUR('',#10456);
#10478 = STYLED_ITEM('color',(#10479),#2527);
#10479 = PRESENTATION_STYLE_ASSIGNMENT((#10480));
#10480 = SURFACE_STYLE_USAGE(.BOTH.,#10481);
#10481 = SURFACE_SIDE_STYLE('',(#10482));
#10482 = SURFACE_STYLE_FILL_AREA(#10483);
#10483 = FILL_AREA_STYLE('',(#10484));
#10484 = FILL_AREA_STYLE_COLOUR('',#10456);
#10485 = STYLED_ITEM('color',(#10486),#2545);
#10486 = PRESENTATION_STYLE_ASSIGNMENT((#10487));
#10487 = SURFACE_STYLE_USAGE(.BOTH.,#10488);
#10488 = SURFACE_SIDE_STYLE('',(#10489));
#10489 = SURFACE_STYLE_FILL_AREA(#10490);
#10490 = FILL_AREA_STYLE('',(#10491));
#10491 = FILL_AREA_STYLE_COLOUR('',#10456);
#10492 = STYLED_ITEM('color',(#10493),#2691);
#10493 = PRESENTATION_STYLE_ASSIGNMENT((#10494));
#10494 = SURFACE_STYLE_USAGE(.BOTH.,#10495);
#10495 = SURFACE_SIDE_STYLE('',(#10496));
#10496 = SURFACE_STYLE_FILL_AREA(#10497);
#10497 = FILL_AREA_STYLE('',(#10498));
#10498 = FILL_AREA_STYLE_COLOUR('',#10499);
#10499 = COLOUR_RGB('',0.823999987314,0.819999987296,0.781000009244);
#10500 = STYLED_ITEM('color',(#10501),#2722);
#10501 = PRESENTATION_STYLE_ASSIGNMENT((#10502));
#10502 = SURFACE_STYLE_USAGE(.BOTH.,#10503);
#10503 = SURFACE_SIDE_STYLE('',(#10504));
#10504 = SURFACE_STYLE_FILL_AREA(#10505);
#10505 = FILL_AREA_STYLE('',(#10506));
#10506 = FILL_AREA_STYLE_COLOUR('',#10499);
#10507 = STYLED_ITEM('color',(#10508),#2746);
#10508 = PRESENTATION_STYLE_ASSIGNMENT((#10509));
#10509 = SURFACE_STYLE_USAGE(.BOTH.,#10510);
#10510 = SURFACE_SIDE_STYLE('',(#10511));
#10511 = SURFACE_STYLE_FILL_AREA(#10512);
#10512 = FILL_AREA_STYLE('',(#10513));
#10513 = FILL_AREA_STYLE_COLOUR('',#10499);
#10514 = STYLED_ITEM('color',(#10515),#2770);
#10515 = PRESENTATION_STYLE_ASSIGNMENT((#10516));
#10516 = SURFACE_STYLE_USAGE(.BOTH.,#10517);
#10517 = SURFACE_SIDE_STYLE('',(#10518));
#10518 = SURFACE_STYLE_FILL_AREA(#10519);
#10519 = FILL_AREA_STYLE('',(#10520));
#10520 = FILL_AREA_STYLE_COLOUR('',#10499);
#10521 = STYLED_ITEM('color',(#10522),#2787);
#10522 = PRESENTATION_STYLE_ASSIGNMENT((#10523));
#10523 = SURFACE_STYLE_USAGE(.BOTH.,#10524);
#10524 = SURFACE_SIDE_STYLE('',(#10525));
#10525 = SURFACE_STYLE_FILL_AREA(#10526);
#10526 = FILL_AREA_STYLE('',(#10527));
#10527 = FILL_AREA_STYLE_COLOUR('',#10499);
#10528 = STYLED_ITEM('color',(#10529),#2818);
#10529 = PRESENTATION_STYLE_ASSIGNMENT((#10530));
#10530 = SURFACE_STYLE_USAGE(.BOTH.,#10531);
#10531 = SURFACE_SIDE_STYLE('',(#10532));
#10532 = SURFACE_STYLE_FILL_AREA(#10533);
#10533 = FILL_AREA_STYLE('',(#10534));
#10534 = FILL_AREA_STYLE_COLOUR('',#10499);
#10535 = STYLED_ITEM('color',(#10536),#2842);
#10536 = PRESENTATION_STYLE_ASSIGNMENT((#10537));
#10537 = SURFACE_STYLE_USAGE(.BOTH.,#10538);
#10538 = SURFACE_SIDE_STYLE('',(#10539));
#10539 = SURFACE_STYLE_FILL_AREA(#10540);
#10540 = FILL_AREA_STYLE('',(#10541));
#10541 = FILL_AREA_STYLE_COLOUR('',#10499);
#10542 = STYLED_ITEM('color',(#10543),#2866);
#10543 = PRESENTATION_STYLE_ASSIGNMENT((#10544));
#10544 = SURFACE_STYLE_USAGE(.BOTH.,#10545);
#10545 = SURFACE_SIDE_STYLE('',(#10546));
#10546 = SURFACE_STYLE_FILL_AREA(#10547);
#10547 = FILL_AREA_STYLE('',(#10548));
#10548 = FILL_AREA_STYLE_COLOUR('',#10499);
#10549 = STYLED_ITEM('color',(#10550),#2883);
#10550 = PRESENTATION_STYLE_ASSIGNMENT((#10551));
#10551 = SURFACE_STYLE_USAGE(.BOTH.,#10552);
#10552 = SURFACE_SIDE_STYLE('',(#10553));
#10553 = SURFACE_STYLE_FILL_AREA(#10554);
#10554 = FILL_AREA_STYLE('',(#10555));
#10555 = FILL_AREA_STYLE_COLOUR('',#10499);
#10556 = STYLED_ITEM('color',(#10557),#2914);
#10557 = PRESENTATION_STYLE_ASSIGNMENT((#10558));
#10558 = SURFACE_STYLE_USAGE(.BOTH.,#10559);
#10559 = SURFACE_SIDE_STYLE('',(#10560));
#10560 = SURFACE_STYLE_FILL_AREA(#10561);
#10561 = FILL_AREA_STYLE('',(#10562));
#10562 = FILL_AREA_STYLE_COLOUR('',#10499);
#10563 = STYLED_ITEM('color',(#10564),#2938);
#10564 = PRESENTATION_STYLE_ASSIGNMENT((#10565));
#10565 = SURFACE_STYLE_USAGE(.BOTH.,#10566);
#10566 = SURFACE_SIDE_STYLE('',(#10567));
#10567 = SURFACE_STYLE_FILL_AREA(#10568);
#10568 = FILL_AREA_STYLE('',(#10569));
#10569 = FILL_AREA_STYLE_COLOUR('',#10499);
#10570 = STYLED_ITEM('color',(#10571),#2962);
#10571 = PRESENTATION_STYLE_ASSIGNMENT((#10572));
#10572 = SURFACE_STYLE_USAGE(.BOTH.,#10573);
#10573 = SURFACE_SIDE_STYLE('',(#10574));
#10574 = SURFACE_STYLE_FILL_AREA(#10575);
#10575 = FILL_AREA_STYLE('',(#10576));
#10576 = FILL_AREA_STYLE_COLOUR('',#10499);
#10577 = STYLED_ITEM('color',(#10578),#2979);
#10578 = PRESENTATION_STYLE_ASSIGNMENT((#10579));
#10579 = SURFACE_STYLE_USAGE(.BOTH.,#10580);
#10580 = SURFACE_SIDE_STYLE('',(#10581));
#10581 = SURFACE_STYLE_FILL_AREA(#10582);
#10582 = FILL_AREA_STYLE('',(#10583));
#10583 = FILL_AREA_STYLE_COLOUR('',#10499);
#10584 = STYLED_ITEM('color',(#10585),#3010);
#10585 = PRESENTATION_STYLE_ASSIGNMENT((#10586));
#10586 = SURFACE_STYLE_USAGE(.BOTH.,#10587);
#10587 = SURFACE_SIDE_STYLE('',(#10588));
#10588 = SURFACE_STYLE_FILL_AREA(#10589);
#10589 = FILL_AREA_STYLE('',(#10590));
#10590 = FILL_AREA_STYLE_COLOUR('',#10499);
#10591 = STYLED_ITEM('color',(#10592),#3034);
#10592 = PRESENTATION_STYLE_ASSIGNMENT((#10593));
#10593 = SURFACE_STYLE_USAGE(.BOTH.,#10594);
#10594 = SURFACE_SIDE_STYLE('',(#10595));
#10595 = SURFACE_STYLE_FILL_AREA(#10596);
#10596 = FILL_AREA_STYLE('',(#10597));
#10597 = FILL_AREA_STYLE_COLOUR('',#10499);
#10598 = STYLED_ITEM('color',(#10599),#3058);
#10599 = PRESENTATION_STYLE_ASSIGNMENT((#10600));
#10600 = SURFACE_STYLE_USAGE(.BOTH.,#10601);
#10601 = SURFACE_SIDE_STYLE('',(#10602));
#10602 = SURFACE_STYLE_FILL_AREA(#10603);
#10603 = FILL_AREA_STYLE('',(#10604));
#10604 = FILL_AREA_STYLE_COLOUR('',#10499);
#10605 = STYLED_ITEM('color',(#10606),#3075);
#10606 = PRESENTATION_STYLE_ASSIGNMENT((#10607));
#10607 = SURFACE_STYLE_USAGE(.BOTH.,#10608);
#10608 = SURFACE_SIDE_STYLE('',(#10609));
#10609 = SURFACE_STYLE_FILL_AREA(#10610);
#10610 = FILL_AREA_STYLE('',(#10611));
#10611 = FILL_AREA_STYLE_COLOUR('',#10499);
#10612 = STYLED_ITEM('color',(#10613),#3087);
#10613 = PRESENTATION_STYLE_ASSIGNMENT((#10614));
#10614 = SURFACE_STYLE_USAGE(.BOTH.,#10615);
#10615 = SURFACE_SIDE_STYLE('',(#10616));
#10616 = SURFACE_STYLE_FILL_AREA(#10617);
#10617 = FILL_AREA_STYLE('',(#10618));
#10618 = FILL_AREA_STYLE_COLOUR('',#10499);
#10619 = STYLED_ITEM('color',(#10620),#3099);
#10620 = PRESENTATION_STYLE_ASSIGNMENT((#10621));
#10621 = SURFACE_STYLE_USAGE(.BOTH.,#10622);
#10622 = SURFACE_SIDE_STYLE('',(#10623));
#10623 = SURFACE_STYLE_FILL_AREA(#10624);
#10624 = FILL_AREA_STYLE('',(#10625));
#10625 = FILL_AREA_STYLE_COLOUR('',#10499);
#10626 = STYLED_ITEM('color',(#10627),#3111);
#10627 = PRESENTATION_STYLE_ASSIGNMENT((#10628));
#10628 = SURFACE_STYLE_USAGE(.BOTH.,#10629);
#10629 = SURFACE_SIDE_STYLE('',(#10630));
#10630 = SURFACE_STYLE_FILL_AREA(#10631);
#10631 = FILL_AREA_STYLE('',(#10632));
#10632 = FILL_AREA_STYLE_COLOUR('',#10499);
#10633 = MECHANICAL_DESIGN_GEOMETRIC_PRESENTATION_REPRESENTATION('',(
    #10634,#10642,#10649,#10656,#10663,#10670,#10677,#10684,#10691,
    #10698,#10705,#10712,#10719,#10726,#10733,#10740,#10747,#10754,
    #10761,#10768,#10775,#10782,#10789,#10797,#10804,#10811,#10818,
    #10825,#10832,#10839,#10846,#10853,#10860,#10867,#10874,#10881,
    #10888,#10895,#10902,#10909,#10916,#10923,#10930,#10937,#10944,
    #10951,#10958,#10965,#10972,#10979,#10986,#10993,#11000,#11007,
    #11014,#11021,#11028,#11035,#11042,#11049,#11056,#11063,#11070,
    #11077,#11084,#11091,#11098,#11105,#11112,#11119,#11126,#11133,
    #11140,#11147,#11154,#11161),#8496);
#10634 = STYLED_ITEM('color',(#10635),#6392);
#10635 = PRESENTATION_STYLE_ASSIGNMENT((#10636));
#10636 = SURFACE_STYLE_USAGE(.BOTH.,#10637);
#10637 = SURFACE_SIDE_STYLE('',(#10638));
#10638 = SURFACE_STYLE_FILL_AREA(#10639);
#10639 = FILL_AREA_STYLE('',(#10640));
#10640 = FILL_AREA_STYLE_COLOUR('',#10641);
#10641 = COLOUR_RGB('',0.147999998088,0.144999993226,0.144999993226);
#10642 = STYLED_ITEM('color',(#10643),#6432);
#10643 = PRESENTATION_STYLE_ASSIGNMENT((#10644));
#10644 = SURFACE_STYLE_USAGE(.BOTH.,#10645);
#10645 = SURFACE_SIDE_STYLE('',(#10646));
#10646 = SURFACE_STYLE_FILL_AREA(#10647);
#10647 = FILL_AREA_STYLE('',(#10648));
#10648 = FILL_AREA_STYLE_COLOUR('',#10641);
#10649 = STYLED_ITEM('color',(#10650),#6463);
#10650 = PRESENTATION_STYLE_ASSIGNMENT((#10651));
#10651 = SURFACE_STYLE_USAGE(.BOTH.,#10652);
#10652 = SURFACE_SIDE_STYLE('',(#10653));
#10653 = SURFACE_STYLE_FILL_AREA(#10654);
#10654 = FILL_AREA_STYLE('',(#10655));
#10655 = FILL_AREA_STYLE_COLOUR('',#10641);
#10656 = STYLED_ITEM('color',(#10657),#6494);
#10657 = PRESENTATION_STYLE_ASSIGNMENT((#10658));
#10658 = SURFACE_STYLE_USAGE(.BOTH.,#10659);
#10659 = SURFACE_SIDE_STYLE('',(#10660));
#10660 = SURFACE_STYLE_FILL_AREA(#10661);
#10661 = FILL_AREA_STYLE('',(#10662));
#10662 = FILL_AREA_STYLE_COLOUR('',#10641);
#10663 = STYLED_ITEM('color',(#10664),#6741);
#10664 = PRESENTATION_STYLE_ASSIGNMENT((#10665));
#10665 = SURFACE_STYLE_USAGE(.BOTH.,#10666);
#10666 = SURFACE_SIDE_STYLE('',(#10667));
#10667 = SURFACE_STYLE_FILL_AREA(#10668);
#10668 = FILL_AREA_STYLE('',(#10669));
#10669 = FILL_AREA_STYLE_COLOUR('',#10641);
#10670 = STYLED_ITEM('color',(#10671),#6988);
#10671 = PRESENTATION_STYLE_ASSIGNMENT((#10672));
#10672 = SURFACE_STYLE_USAGE(.BOTH.,#10673);
#10673 = SURFACE_SIDE_STYLE('',(#10674));
#10674 = SURFACE_STYLE_FILL_AREA(#10675);
#10675 = FILL_AREA_STYLE('',(#10676));
#10676 = FILL_AREA_STYLE_COLOUR('',#10641);
#10677 = STYLED_ITEM('color',(#10678),#7005);
#10678 = PRESENTATION_STYLE_ASSIGNMENT((#10679));
#10679 = SURFACE_STYLE_USAGE(.BOTH.,#10680);
#10680 = SURFACE_SIDE_STYLE('',(#10681));
#10681 = SURFACE_STYLE_FILL_AREA(#10682);
#10682 = FILL_AREA_STYLE('',(#10683));
#10683 = FILL_AREA_STYLE_COLOUR('',#10641);
#10684 = STYLED_ITEM('color',(#10685),#7022);
#10685 = PRESENTATION_STYLE_ASSIGNMENT((#10686));
#10686 = SURFACE_STYLE_USAGE(.BOTH.,#10687);
#10687 = SURFACE_SIDE_STYLE('',(#10688));
#10688 = SURFACE_STYLE_FILL_AREA(#10689);
#10689 = FILL_AREA_STYLE('',(#10690));
#10690 = FILL_AREA_STYLE_COLOUR('',#10641);
#10691 = STYLED_ITEM('color',(#10692),#7039);
#10692 = PRESENTATION_STYLE_ASSIGNMENT((#10693));
#10693 = SURFACE_STYLE_USAGE(.BOTH.,#10694);
#10694 = SURFACE_SIDE_STYLE('',(#10695));
#10695 = SURFACE_STYLE_FILL_AREA(#10696);
#10696 = FILL_AREA_STYLE('',(#10697));
#10697 = FILL_AREA_STYLE_COLOUR('',#10641);
#10698 = STYLED_ITEM('color',(#10699),#7056);
#10699 = PRESENTATION_STYLE_ASSIGNMENT((#10700));
#10700 = SURFACE_STYLE_USAGE(.BOTH.,#10701);
#10701 = SURFACE_SIDE_STYLE('',(#10702));
#10702 = SURFACE_STYLE_FILL_AREA(#10703);
#10703 = FILL_AREA_STYLE('',(#10704));
#10704 = FILL_AREA_STYLE_COLOUR('',#10641);
#10705 = STYLED_ITEM('color',(#10706),#7073);
#10706 = PRESENTATION_STYLE_ASSIGNMENT((#10707));
#10707 = SURFACE_STYLE_USAGE(.BOTH.,#10708);
#10708 = SURFACE_SIDE_STYLE('',(#10709));
#10709 = SURFACE_STYLE_FILL_AREA(#10710);
#10710 = FILL_AREA_STYLE('',(#10711));
#10711 = FILL_AREA_STYLE_COLOUR('',#10641);
#10712 = STYLED_ITEM('color',(#10713),#7090);
#10713 = PRESENTATION_STYLE_ASSIGNMENT((#10714));
#10714 = SURFACE_STYLE_USAGE(.BOTH.,#10715);
#10715 = SURFACE_SIDE_STYLE('',(#10716));
#10716 = SURFACE_STYLE_FILL_AREA(#10717);
#10717 = FILL_AREA_STYLE('',(#10718));
#10718 = FILL_AREA_STYLE_COLOUR('',#10641);
#10719 = STYLED_ITEM('color',(#10720),#7107);
#10720 = PRESENTATION_STYLE_ASSIGNMENT((#10721));
#10721 = SURFACE_STYLE_USAGE(.BOTH.,#10722);
#10722 = SURFACE_SIDE_STYLE('',(#10723));
#10723 = SURFACE_STYLE_FILL_AREA(#10724);
#10724 = FILL_AREA_STYLE('',(#10725));
#10725 = FILL_AREA_STYLE_COLOUR('',#10641);
#10726 = STYLED_ITEM('color',(#10727),#7124);
#10727 = PRESENTATION_STYLE_ASSIGNMENT((#10728));
#10728 = SURFACE_STYLE_USAGE(.BOTH.,#10729);
#10729 = SURFACE_SIDE_STYLE('',(#10730));
#10730 = SURFACE_STYLE_FILL_AREA(#10731);
#10731 = FILL_AREA_STYLE('',(#10732));
#10732 = FILL_AREA_STYLE_COLOUR('',#10641);
#10733 = STYLED_ITEM('color',(#10734),#7141);
#10734 = PRESENTATION_STYLE_ASSIGNMENT((#10735));
#10735 = SURFACE_STYLE_USAGE(.BOTH.,#10736);
#10736 = SURFACE_SIDE_STYLE('',(#10737));
#10737 = SURFACE_STYLE_FILL_AREA(#10738);
#10738 = FILL_AREA_STYLE('',(#10739));
#10739 = FILL_AREA_STYLE_COLOUR('',#10641);
#10740 = STYLED_ITEM('color',(#10741),#7158);
#10741 = PRESENTATION_STYLE_ASSIGNMENT((#10742));
#10742 = SURFACE_STYLE_USAGE(.BOTH.,#10743);
#10743 = SURFACE_SIDE_STYLE('',(#10744));
#10744 = SURFACE_STYLE_FILL_AREA(#10745);
#10745 = FILL_AREA_STYLE('',(#10746));
#10746 = FILL_AREA_STYLE_COLOUR('',#10641);
#10747 = STYLED_ITEM('color',(#10748),#7175);
#10748 = PRESENTATION_STYLE_ASSIGNMENT((#10749));
#10749 = SURFACE_STYLE_USAGE(.BOTH.,#10750);
#10750 = SURFACE_SIDE_STYLE('',(#10751));
#10751 = SURFACE_STYLE_FILL_AREA(#10752);
#10752 = FILL_AREA_STYLE('',(#10753));
#10753 = FILL_AREA_STYLE_COLOUR('',#10641);
#10754 = STYLED_ITEM('color',(#10755),#7192);
#10755 = PRESENTATION_STYLE_ASSIGNMENT((#10756));
#10756 = SURFACE_STYLE_USAGE(.BOTH.,#10757);
#10757 = SURFACE_SIDE_STYLE('',(#10758));
#10758 = SURFACE_STYLE_FILL_AREA(#10759);
#10759 = FILL_AREA_STYLE('',(#10760));
#10760 = FILL_AREA_STYLE_COLOUR('',#10641);
#10761 = STYLED_ITEM('color',(#10762),#7209);
#10762 = PRESENTATION_STYLE_ASSIGNMENT((#10763));
#10763 = SURFACE_STYLE_USAGE(.BOTH.,#10764);
#10764 = SURFACE_SIDE_STYLE('',(#10765));
#10765 = SURFACE_STYLE_FILL_AREA(#10766);
#10766 = FILL_AREA_STYLE('',(#10767));
#10767 = FILL_AREA_STYLE_COLOUR('',#10641);
#10768 = STYLED_ITEM('color',(#10769),#7226);
#10769 = PRESENTATION_STYLE_ASSIGNMENT((#10770));
#10770 = SURFACE_STYLE_USAGE(.BOTH.,#10771);
#10771 = SURFACE_SIDE_STYLE('',(#10772));
#10772 = SURFACE_STYLE_FILL_AREA(#10773);
#10773 = FILL_AREA_STYLE('',(#10774));
#10774 = FILL_AREA_STYLE_COLOUR('',#10641);
#10775 = STYLED_ITEM('color',(#10776),#7243);
#10776 = PRESENTATION_STYLE_ASSIGNMENT((#10777));
#10777 = SURFACE_STYLE_USAGE(.BOTH.,#10778);
#10778 = SURFACE_SIDE_STYLE('',(#10779));
#10779 = SURFACE_STYLE_FILL_AREA(#10780);
#10780 = FILL_AREA_STYLE('',(#10781));
#10781 = FILL_AREA_STYLE_COLOUR('',#10641);
#10782 = STYLED_ITEM('color',(#10783),#7260);
#10783 = PRESENTATION_STYLE_ASSIGNMENT((#10784));
#10784 = SURFACE_STYLE_USAGE(.BOTH.,#10785);
#10785 = SURFACE_SIDE_STYLE('',(#10786));
#10786 = SURFACE_STYLE_FILL_AREA(#10787);
#10787 = FILL_AREA_STYLE('',(#10788));
#10788 = FILL_AREA_STYLE_COLOUR('',#10641);
#10789 = STYLED_ITEM('color',(#10790),#7272);
#10790 = PRESENTATION_STYLE_ASSIGNMENT((#10791));
#10791 = SURFACE_STYLE_USAGE(.BOTH.,#10792);
#10792 = SURFACE_SIDE_STYLE('',(#10793));
#10793 = SURFACE_STYLE_FILL_AREA(#10794);
#10794 = FILL_AREA_STYLE('',(#10795));
#10795 = FILL_AREA_STYLE_COLOUR('',#10796);
#10796 = COLOUR_RGB('',0.859000020776,0.737999965183,0.495999988746);
#10797 = STYLED_ITEM('color',(#10798),#7303);
#10798 = PRESENTATION_STYLE_ASSIGNMENT((#10799));
#10799 = SURFACE_STYLE_USAGE(.BOTH.,#10800);
#10800 = SURFACE_SIDE_STYLE('',(#10801));
#10801 = SURFACE_STYLE_FILL_AREA(#10802);
#10802 = FILL_AREA_STYLE('',(#10803));
#10803 = FILL_AREA_STYLE_COLOUR('',#10796);
#10804 = STYLED_ITEM('color',(#10805),#7327);
#10805 = PRESENTATION_STYLE_ASSIGNMENT((#10806));
#10806 = SURFACE_STYLE_USAGE(.BOTH.,#10807);
#10807 = SURFACE_SIDE_STYLE('',(#10808));
#10808 = SURFACE_STYLE_FILL_AREA(#10809);
#10809 = FILL_AREA_STYLE('',(#10810));
#10810 = FILL_AREA_STYLE_COLOUR('',#10796);
#10811 = STYLED_ITEM('color',(#10812),#7351);
#10812 = PRESENTATION_STYLE_ASSIGNMENT((#10813));
#10813 = SURFACE_STYLE_USAGE(.BOTH.,#10814);
#10814 = SURFACE_SIDE_STYLE('',(#10815));
#10815 = SURFACE_STYLE_FILL_AREA(#10816);
#10816 = FILL_AREA_STYLE('',(#10817));
#10817 = FILL_AREA_STYLE_COLOUR('',#10796);
#10818 = STYLED_ITEM('color',(#10819),#7368);
#10819 = PRESENTATION_STYLE_ASSIGNMENT((#10820));
#10820 = SURFACE_STYLE_USAGE(.BOTH.,#10821);
#10821 = SURFACE_SIDE_STYLE('',(#10822));
#10822 = SURFACE_STYLE_FILL_AREA(#10823);
#10823 = FILL_AREA_STYLE('',(#10824));
#10824 = FILL_AREA_STYLE_COLOUR('',#10796);
#10825 = STYLED_ITEM('color',(#10826),#7399);
#10826 = PRESENTATION_STYLE_ASSIGNMENT((#10827));
#10827 = SURFACE_STYLE_USAGE(.BOTH.,#10828);
#10828 = SURFACE_SIDE_STYLE('',(#10829));
#10829 = SURFACE_STYLE_FILL_AREA(#10830);
#10830 = FILL_AREA_STYLE('',(#10831));
#10831 = FILL_AREA_STYLE_COLOUR('',#10796);
#10832 = STYLED_ITEM('color',(#10833),#7423);
#10833 = PRESENTATION_STYLE_ASSIGNMENT((#10834));
#10834 = SURFACE_STYLE_USAGE(.BOTH.,#10835);
#10835 = SURFACE_SIDE_STYLE('',(#10836));
#10836 = SURFACE_STYLE_FILL_AREA(#10837);
#10837 = FILL_AREA_STYLE('',(#10838));
#10838 = FILL_AREA_STYLE_COLOUR('',#10796);
#10839 = STYLED_ITEM('color',(#10840),#7447);
#10840 = PRESENTATION_STYLE_ASSIGNMENT((#10841));
#10841 = SURFACE_STYLE_USAGE(.BOTH.,#10842);
#10842 = SURFACE_SIDE_STYLE('',(#10843));
#10843 = SURFACE_STYLE_FILL_AREA(#10844);
#10844 = FILL_AREA_STYLE('',(#10845));
#10845 = FILL_AREA_STYLE_COLOUR('',#10796);
#10846 = STYLED_ITEM('color',(#10847),#7464);
#10847 = PRESENTATION_STYLE_ASSIGNMENT((#10848));
#10848 = SURFACE_STYLE_USAGE(.BOTH.,#10849);
#10849 = SURFACE_SIDE_STYLE('',(#10850));
#10850 = SURFACE_STYLE_FILL_AREA(#10851);
#10851 = FILL_AREA_STYLE('',(#10852));
#10852 = FILL_AREA_STYLE_COLOUR('',#10796);
#10853 = STYLED_ITEM('color',(#10854),#7495);
#10854 = PRESENTATION_STYLE_ASSIGNMENT((#10855));
#10855 = SURFACE_STYLE_USAGE(.BOTH.,#10856);
#10856 = SURFACE_SIDE_STYLE('',(#10857));
#10857 = SURFACE_STYLE_FILL_AREA(#10858);
#10858 = FILL_AREA_STYLE('',(#10859));
#10859 = FILL_AREA_STYLE_COLOUR('',#10796);
#10860 = STYLED_ITEM('color',(#10861),#7519);
#10861 = PRESENTATION_STYLE_ASSIGNMENT((#10862));
#10862 = SURFACE_STYLE_USAGE(.BOTH.,#10863);
#10863 = SURFACE_SIDE_STYLE('',(#10864));
#10864 = SURFACE_STYLE_FILL_AREA(#10865);
#10865 = FILL_AREA_STYLE('',(#10866));
#10866 = FILL_AREA_STYLE_COLOUR('',#10796);
#10867 = STYLED_ITEM('color',(#10868),#7543);
#10868 = PRESENTATION_STYLE_ASSIGNMENT((#10869));
#10869 = SURFACE_STYLE_USAGE(.BOTH.,#10870);
#10870 = SURFACE_SIDE_STYLE('',(#10871));
#10871 = SURFACE_STYLE_FILL_AREA(#10872);
#10872 = FILL_AREA_STYLE('',(#10873));
#10873 = FILL_AREA_STYLE_COLOUR('',#10796);
#10874 = STYLED_ITEM('color',(#10875),#7560);
#10875 = PRESENTATION_STYLE_ASSIGNMENT((#10876));
#10876 = SURFACE_STYLE_USAGE(.BOTH.,#10877);
#10877 = SURFACE_SIDE_STYLE('',(#10878));
#10878 = SURFACE_STYLE_FILL_AREA(#10879);
#10879 = FILL_AREA_STYLE('',(#10880));
#10880 = FILL_AREA_STYLE_COLOUR('',#10796);
#10881 = STYLED_ITEM('color',(#10882),#7591);
#10882 = PRESENTATION_STYLE_ASSIGNMENT((#10883));
#10883 = SURFACE_STYLE_USAGE(.BOTH.,#10884);
#10884 = SURFACE_SIDE_STYLE('',(#10885));
#10885 = SURFACE_STYLE_FILL_AREA(#10886);
#10886 = FILL_AREA_STYLE('',(#10887));
#10887 = FILL_AREA_STYLE_COLOUR('',#10796);
#10888 = STYLED_ITEM('color',(#10889),#7615);
#10889 = PRESENTATION_STYLE_ASSIGNMENT((#10890));
#10890 = SURFACE_STYLE_USAGE(.BOTH.,#10891);
#10891 = SURFACE_SIDE_STYLE('',(#10892));
#10892 = SURFACE_STYLE_FILL_AREA(#10893);
#10893 = FILL_AREA_STYLE('',(#10894));
#10894 = FILL_AREA_STYLE_COLOUR('',#10796);
#10895 = STYLED_ITEM('color',(#10896),#7639);
#10896 = PRESENTATION_STYLE_ASSIGNMENT((#10897));
#10897 = SURFACE_STYLE_USAGE(.BOTH.,#10898);
#10898 = SURFACE_SIDE_STYLE('',(#10899));
#10899 = SURFACE_STYLE_FILL_AREA(#10900);
#10900 = FILL_AREA_STYLE('',(#10901));
#10901 = FILL_AREA_STYLE_COLOUR('',#10796);
#10902 = STYLED_ITEM('color',(#10903),#7656);
#10903 = PRESENTATION_STYLE_ASSIGNMENT((#10904));
#10904 = SURFACE_STYLE_USAGE(.BOTH.,#10905);
#10905 = SURFACE_SIDE_STYLE('',(#10906));
#10906 = SURFACE_STYLE_FILL_AREA(#10907);
#10907 = FILL_AREA_STYLE('',(#10908));
#10908 = FILL_AREA_STYLE_COLOUR('',#10796);
#10909 = STYLED_ITEM('color',(#10910),#7687);
#10910 = PRESENTATION_STYLE_ASSIGNMENT((#10911));
#10911 = SURFACE_STYLE_USAGE(.BOTH.,#10912);
#10912 = SURFACE_SIDE_STYLE('',(#10913));
#10913 = SURFACE_STYLE_FILL_AREA(#10914);
#10914 = FILL_AREA_STYLE('',(#10915));
#10915 = FILL_AREA_STYLE_COLOUR('',#10796);
#10916 = STYLED_ITEM('color',(#10917),#7711);
#10917 = PRESENTATION_STYLE_ASSIGNMENT((#10918));
#10918 = SURFACE_STYLE_USAGE(.BOTH.,#10919);
#10919 = SURFACE_SIDE_STYLE('',(#10920));
#10920 = SURFACE_STYLE_FILL_AREA(#10921);
#10921 = FILL_AREA_STYLE('',(#10922));
#10922 = FILL_AREA_STYLE_COLOUR('',#10796);
#10923 = STYLED_ITEM('color',(#10924),#7735);
#10924 = PRESENTATION_STYLE_ASSIGNMENT((#10925));
#10925 = SURFACE_STYLE_USAGE(.BOTH.,#10926);
#10926 = SURFACE_SIDE_STYLE('',(#10927));
#10927 = SURFACE_STYLE_FILL_AREA(#10928);
#10928 = FILL_AREA_STYLE('',(#10929));
#10929 = FILL_AREA_STYLE_COLOUR('',#10796);
#10930 = STYLED_ITEM('color',(#10931),#7752);
#10931 = PRESENTATION_STYLE_ASSIGNMENT((#10932));
#10932 = SURFACE_STYLE_USAGE(.BOTH.,#10933);
#10933 = SURFACE_SIDE_STYLE('',(#10934));
#10934 = SURFACE_STYLE_FILL_AREA(#10935);
#10935 = FILL_AREA_STYLE('',(#10936));
#10936 = FILL_AREA_STYLE_COLOUR('',#10796);
#10937 = STYLED_ITEM('color',(#10938),#7783);
#10938 = PRESENTATION_STYLE_ASSIGNMENT((#10939));
#10939 = SURFACE_STYLE_USAGE(.BOTH.,#10940);
#10940 = SURFACE_SIDE_STYLE('',(#10941));
#10941 = SURFACE_STYLE_FILL_AREA(#10942);
#10942 = FILL_AREA_STYLE('',(#10943));
#10943 = FILL_AREA_STYLE_COLOUR('',#10796);
#10944 = STYLED_ITEM('color',(#10945),#7807);
#10945 = PRESENTATION_STYLE_ASSIGNMENT((#10946));
#10946 = SURFACE_STYLE_USAGE(.BOTH.,#10947);
#10947 = SURFACE_SIDE_STYLE('',(#10948));
#10948 = SURFACE_STYLE_FILL_AREA(#10949);
#10949 = FILL_AREA_STYLE('',(#10950));
#10950 = FILL_AREA_STYLE_COLOUR('',#10796);
#10951 = STYLED_ITEM('color',(#10952),#7831);
#10952 = PRESENTATION_STYLE_ASSIGNMENT((#10953));
#10953 = SURFACE_STYLE_USAGE(.BOTH.,#10954);
#10954 = SURFACE_SIDE_STYLE('',(#10955));
#10955 = SURFACE_STYLE_FILL_AREA(#10956);
#10956 = FILL_AREA_STYLE('',(#10957));
#10957 = FILL_AREA_STYLE_COLOUR('',#10796);
#10958 = STYLED_ITEM('color',(#10959),#7848);
#10959 = PRESENTATION_STYLE_ASSIGNMENT((#10960));
#10960 = SURFACE_STYLE_USAGE(.BOTH.,#10961);
#10961 = SURFACE_SIDE_STYLE('',(#10962));
#10962 = SURFACE_STYLE_FILL_AREA(#10963);
#10963 = FILL_AREA_STYLE('',(#10964));
#10964 = FILL_AREA_STYLE_COLOUR('',#10796);
#10965 = STYLED_ITEM('color',(#10966),#7879);
#10966 = PRESENTATION_STYLE_ASSIGNMENT((#10967));
#10967 = SURFACE_STYLE_USAGE(.BOTH.,#10968);
#10968 = SURFACE_SIDE_STYLE('',(#10969));
#10969 = SURFACE_STYLE_FILL_AREA(#10970);
#10970 = FILL_AREA_STYLE('',(#10971));
#10971 = FILL_AREA_STYLE_COLOUR('',#10796);
#10972 = STYLED_ITEM('color',(#10973),#7903);
#10973 = PRESENTATION_STYLE_ASSIGNMENT((#10974));
#10974 = SURFACE_STYLE_USAGE(.BOTH.,#10975);
#10975 = SURFACE_SIDE_STYLE('',(#10976));
#10976 = SURFACE_STYLE_FILL_AREA(#10977);
#10977 = FILL_AREA_STYLE('',(#10978));
#10978 = FILL_AREA_STYLE_COLOUR('',#10796);
#10979 = STYLED_ITEM('color',(#10980),#7927);
#10980 = PRESENTATION_STYLE_ASSIGNMENT((#10981));
#10981 = SURFACE_STYLE_USAGE(.BOTH.,#10982);
#10982 = SURFACE_SIDE_STYLE('',(#10983));
#10983 = SURFACE_STYLE_FILL_AREA(#10984);
#10984 = FILL_AREA_STYLE('',(#10985));
#10985 = FILL_AREA_STYLE_COLOUR('',#10796);
#10986 = STYLED_ITEM('color',(#10987),#7944);
#10987 = PRESENTATION_STYLE_ASSIGNMENT((#10988));
#10988 = SURFACE_STYLE_USAGE(.BOTH.,#10989);
#10989 = SURFACE_SIDE_STYLE('',(#10990));
#10990 = SURFACE_STYLE_FILL_AREA(#10991);
#10991 = FILL_AREA_STYLE('',(#10992));
#10992 = FILL_AREA_STYLE_COLOUR('',#10796);
#10993 = STYLED_ITEM('color',(#10994),#7975);
#10994 = PRESENTATION_STYLE_ASSIGNMENT((#10995));
#10995 = SURFACE_STYLE_USAGE(.BOTH.,#10996);
#10996 = SURFACE_SIDE_STYLE('',(#10997));
#10997 = SURFACE_STYLE_FILL_AREA(#10998);
#10998 = FILL_AREA_STYLE('',(#10999));
#10999 = FILL_AREA_STYLE_COLOUR('',#10796);
#11000 = STYLED_ITEM('color',(#11001),#7999);
#11001 = PRESENTATION_STYLE_ASSIGNMENT((#11002));
#11002 = SURFACE_STYLE_USAGE(.BOTH.,#11003);
#11003 = SURFACE_SIDE_STYLE('',(#11004));
#11004 = SURFACE_STYLE_FILL_AREA(#11005);
#11005 = FILL_AREA_STYLE('',(#11006));
#11006 = FILL_AREA_STYLE_COLOUR('',#10796);
#11007 = STYLED_ITEM('color',(#11008),#8023);
#11008 = PRESENTATION_STYLE_ASSIGNMENT((#11009));
#11009 = SURFACE_STYLE_USAGE(.BOTH.,#11010);
#11010 = SURFACE_SIDE_STYLE('',(#11011));
#11011 = SURFACE_STYLE_FILL_AREA(#11012);
#11012 = FILL_AREA_STYLE('',(#11013));
#11013 = FILL_AREA_STYLE_COLOUR('',#10796);
#11014 = STYLED_ITEM('color',(#11015),#8040);
#11015 = PRESENTATION_STYLE_ASSIGNMENT((#11016));
#11016 = SURFACE_STYLE_USAGE(.BOTH.,#11017);
#11017 = SURFACE_SIDE_STYLE('',(#11018));
#11018 = SURFACE_STYLE_FILL_AREA(#11019);
#11019 = FILL_AREA_STYLE('',(#11020));
#11020 = FILL_AREA_STYLE_COLOUR('',#10796);
#11021 = STYLED_ITEM('color',(#11022),#8071);
#11022 = PRESENTATION_STYLE_ASSIGNMENT((#11023));
#11023 = SURFACE_STYLE_USAGE(.BOTH.,#11024);
#11024 = SURFACE_SIDE_STYLE('',(#11025));
#11025 = SURFACE_STYLE_FILL_AREA(#11026);
#11026 = FILL_AREA_STYLE('',(#11027));
#11027 = FILL_AREA_STYLE_COLOUR('',#10796);
#11028 = STYLED_ITEM('color',(#11029),#8095);
#11029 = PRESENTATION_STYLE_ASSIGNMENT((#11030));
#11030 = SURFACE_STYLE_USAGE(.BOTH.,#11031);
#11031 = SURFACE_SIDE_STYLE('',(#11032));
#11032 = SURFACE_STYLE_FILL_AREA(#11033);
#11033 = FILL_AREA_STYLE('',(#11034));
#11034 = FILL_AREA_STYLE_COLOUR('',#10796);
#11035 = STYLED_ITEM('color',(#11036),#8119);
#11036 = PRESENTATION_STYLE_ASSIGNMENT((#11037));
#11037 = SURFACE_STYLE_USAGE(.BOTH.,#11038);
#11038 = SURFACE_SIDE_STYLE('',(#11039));
#11039 = SURFACE_STYLE_FILL_AREA(#11040);
#11040 = FILL_AREA_STYLE('',(#11041));
#11041 = FILL_AREA_STYLE_COLOUR('',#10796);
#11042 = STYLED_ITEM('color',(#11043),#8136);
#11043 = PRESENTATION_STYLE_ASSIGNMENT((#11044));
#11044 = SURFACE_STYLE_USAGE(.BOTH.,#11045);
#11045 = SURFACE_SIDE_STYLE('',(#11046));
#11046 = SURFACE_STYLE_FILL_AREA(#11047);
#11047 = FILL_AREA_STYLE('',(#11048));
#11048 = FILL_AREA_STYLE_COLOUR('',#10796);
#11049 = STYLED_ITEM('color',(#11050),#8167);
#11050 = PRESENTATION_STYLE_ASSIGNMENT((#11051));
#11051 = SURFACE_STYLE_USAGE(.BOTH.,#11052);
#11052 = SURFACE_SIDE_STYLE('',(#11053));
#11053 = SURFACE_STYLE_FILL_AREA(#11054);
#11054 = FILL_AREA_STYLE('',(#11055));
#11055 = FILL_AREA_STYLE_COLOUR('',#10796);
#11056 = STYLED_ITEM('color',(#11057),#8191);
#11057 = PRESENTATION_STYLE_ASSIGNMENT((#11058));
#11058 = SURFACE_STYLE_USAGE(.BOTH.,#11059);
#11059 = SURFACE_SIDE_STYLE('',(#11060));
#11060 = SURFACE_STYLE_FILL_AREA(#11061);
#11061 = FILL_AREA_STYLE('',(#11062));
#11062 = FILL_AREA_STYLE_COLOUR('',#10796);
#11063 = STYLED_ITEM('color',(#11064),#8215);
#11064 = PRESENTATION_STYLE_ASSIGNMENT((#11065));
#11065 = SURFACE_STYLE_USAGE(.BOTH.,#11066);
#11066 = SURFACE_SIDE_STYLE('',(#11067));
#11067 = SURFACE_STYLE_FILL_AREA(#11068);
#11068 = FILL_AREA_STYLE('',(#11069));
#11069 = FILL_AREA_STYLE_COLOUR('',#10796);
#11070 = STYLED_ITEM('color',(#11071),#8232);
#11071 = PRESENTATION_STYLE_ASSIGNMENT((#11072));
#11072 = SURFACE_STYLE_USAGE(.BOTH.,#11073);
#11073 = SURFACE_SIDE_STYLE('',(#11074));
#11074 = SURFACE_STYLE_FILL_AREA(#11075);
#11075 = FILL_AREA_STYLE('',(#11076));
#11076 = FILL_AREA_STYLE_COLOUR('',#10796);
#11077 = STYLED_ITEM('color',(#11078),#8263);
#11078 = PRESENTATION_STYLE_ASSIGNMENT((#11079));
#11079 = SURFACE_STYLE_USAGE(.BOTH.,#11080);
#11080 = SURFACE_SIDE_STYLE('',(#11081));
#11081 = SURFACE_STYLE_FILL_AREA(#11082);
#11082 = FILL_AREA_STYLE('',(#11083));
#11083 = FILL_AREA_STYLE_COLOUR('',#10796);
#11084 = STYLED_ITEM('color',(#11085),#8287);
#11085 = PRESENTATION_STYLE_ASSIGNMENT((#11086));
#11086 = SURFACE_STYLE_USAGE(.BOTH.,#11087);
#11087 = SURFACE_SIDE_STYLE('',(#11088));
#11088 = SURFACE_STYLE_FILL_AREA(#11089);
#11089 = FILL_AREA_STYLE('',(#11090));
#11090 = FILL_AREA_STYLE_COLOUR('',#10796);
#11091 = STYLED_ITEM('color',(#11092),#8311);
#11092 = PRESENTATION_STYLE_ASSIGNMENT((#11093));
#11093 = SURFACE_STYLE_USAGE(.BOTH.,#11094);
#11094 = SURFACE_SIDE_STYLE('',(#11095));
#11095 = SURFACE_STYLE_FILL_AREA(#11096);
#11096 = FILL_AREA_STYLE('',(#11097));
#11097 = FILL_AREA_STYLE_COLOUR('',#10796);
#11098 = STYLED_ITEM('color',(#11099),#8328);
#11099 = PRESENTATION_STYLE_ASSIGNMENT((#11100));
#11100 = SURFACE_STYLE_USAGE(.BOTH.,#11101);
#11101 = SURFACE_SIDE_STYLE('',(#11102));
#11102 = SURFACE_STYLE_FILL_AREA(#11103);
#11103 = FILL_AREA_STYLE('',(#11104));
#11104 = FILL_AREA_STYLE_COLOUR('',#10796);
#11105 = STYLED_ITEM('color',(#11106),#8359);
#11106 = PRESENTATION_STYLE_ASSIGNMENT((#11107));
#11107 = SURFACE_STYLE_USAGE(.BOTH.,#11108);
#11108 = SURFACE_SIDE_STYLE('',(#11109));
#11109 = SURFACE_STYLE_FILL_AREA(#11110);
#11110 = FILL_AREA_STYLE('',(#11111));
#11111 = FILL_AREA_STYLE_COLOUR('',#10796);
#11112 = STYLED_ITEM('color',(#11113),#8383);
#11113 = PRESENTATION_STYLE_ASSIGNMENT((#11114));
#11114 = SURFACE_STYLE_USAGE(.BOTH.,#11115);
#11115 = SURFACE_SIDE_STYLE('',(#11116));
#11116 = SURFACE_STYLE_FILL_AREA(#11117);
#11117 = FILL_AREA_STYLE('',(#11118));
#11118 = FILL_AREA_STYLE_COLOUR('',#10796);
#11119 = STYLED_ITEM('color',(#11120),#8407);
#11120 = PRESENTATION_STYLE_ASSIGNMENT((#11121));
#11121 = SURFACE_STYLE_USAGE(.BOTH.,#11122);
#11122 = SURFACE_SIDE_STYLE('',(#11123));
#11123 = SURFACE_STYLE_FILL_AREA(#11124);
#11124 = FILL_AREA_STYLE('',(#11125));
#11125 = FILL_AREA_STYLE_COLOUR('',#10796);
#11126 = STYLED_ITEM('color',(#11127),#8424);
#11127 = PRESENTATION_STYLE_ASSIGNMENT((#11128));
#11128 = SURFACE_STYLE_USAGE(.BOTH.,#11129);
#11129 = SURFACE_SIDE_STYLE('',(#11130));
#11130 = SURFACE_STYLE_FILL_AREA(#11131);
#11131 = FILL_AREA_STYLE('',(#11132));
#11132 = FILL_AREA_STYLE_COLOUR('',#10796);
#11133 = STYLED_ITEM('color',(#11134),#8436);
#11134 = PRESENTATION_STYLE_ASSIGNMENT((#11135));
#11135 = SURFACE_STYLE_USAGE(.BOTH.,#11136);
#11136 = SURFACE_SIDE_STYLE('',(#11137));
#11137 = SURFACE_STYLE_FILL_AREA(#11138);
#11138 = FILL_AREA_STYLE('',(#11139));
#11139 = FILL_AREA_STYLE_COLOUR('',#10796);
#11140 = STYLED_ITEM('color',(#11141),#8448);
#11141 = PRESENTATION_STYLE_ASSIGNMENT((#11142));
#11142 = SURFACE_STYLE_USAGE(.BOTH.,#11143);
#11143 = SURFACE_SIDE_STYLE('',(#11144));
#11144 = SURFACE_STYLE_FILL_AREA(#11145);
#11145 = FILL_AREA_STYLE('',(#11146));
#11146 = FILL_AREA_STYLE_COLOUR('',#10796);
#11147 = STYLED_ITEM('color',(#11148),#8460);
#11148 = PRESENTATION_STYLE_ASSIGNMENT((#11149));
#11149 = SURFACE_STYLE_USAGE(.BOTH.,#11150);
#11150 = SURFACE_SIDE_STYLE('',(#11151));
#11151 = SURFACE_STYLE_FILL_AREA(#11152);
#11152 = FILL_AREA_STYLE('',(#11153));
#11153 = FILL_AREA_STYLE_COLOUR('',#10796);
#11154 = STYLED_ITEM('color',(#11155),#8472);
#11155 = PRESENTATION_STYLE_ASSIGNMENT((#11156));
#11156 = SURFACE_STYLE_USAGE(.BOTH.,#11157);
#11157 = SURFACE_SIDE_STYLE('',(#11158));
#11158 = SURFACE_STYLE_FILL_AREA(#11159);
#11159 = FILL_AREA_STYLE('',(#11160));
#11160 = FILL_AREA_STYLE_COLOUR('',#10796);
#11161 = STYLED_ITEM('color',(#11162),#8484);
#11162 = PRESENTATION_STYLE_ASSIGNMENT((#11163));
#11163 = SURFACE_STYLE_USAGE(.BOTH.,#11164);
#11164 = SURFACE_SIDE_STYLE('',(#11165));
#11165 = SURFACE_STYLE_FILL_AREA(#11166);
#11166 = FILL_AREA_STYLE('',(#11167));
#11167 = FILL_AREA_STYLE_COLOUR('',#10796);
#11168 = MECHANICAL_DESIGN_GEOMETRIC_PRESENTATION_REPRESENTATION('',(
    #11169,#11176,#11183,#11190,#11197,#11204,#11211,#11218,#11225,
    #11232,#11239,#11246,#11253,#11260,#11267,#11274,#11281,#11288,
    #11295,#11302,#11309,#11316,#11323,#11330,#11337,#11344,#11351,
    #11358,#11365,#11372,#11379,#11386,#11393,#11400,#11407,#11414,
    #11421,#11428,#11435,#11442,#11449,#11456,#11463,#11470,#11477,
    #11484,#11491,#11498,#11505,#11512,#11519,#11526,#11533,#11540,
    #11547,#11554,#11561,#11568,#11575,#11582,#11589,#11596,#11603,
    #11610,#11617,#11624,#11631,#11638,#11645,#11652,#11659,#11666,
    #11673,#11680,#11687,#11694,#11701,#11708,#11715,#11722,#11729,
    #11736,#11743,#11750,#11757,#11764,#11771,#11778,#11785,#11792,
    #11799,#11806,#11813,#11820,#11827,#11834,#11841,#11848,#11855,
    #11862,#11869,#11876,#11883,#11890,#11897),#6371);
#11169 = STYLED_ITEM('color',(#11170),#3144);
#11170 = PRESENTATION_STYLE_ASSIGNMENT((#11171));
#11171 = SURFACE_STYLE_USAGE(.BOTH.,#11172);
#11172 = SURFACE_SIDE_STYLE('',(#11173));
#11173 = SURFACE_STYLE_FILL_AREA(#11174);
#11174 = FILL_AREA_STYLE('',(#11175));
#11175 = FILL_AREA_STYLE_COLOUR('',#10641);
#11176 = STYLED_ITEM('color',(#11177),#3161);
#11177 = PRESENTATION_STYLE_ASSIGNMENT((#11178));
#11178 = SURFACE_STYLE_USAGE(.BOTH.,#11179);
#11179 = SURFACE_SIDE_STYLE('',(#11180));
#11180 = SURFACE_STYLE_FILL_AREA(#11181);
#11181 = FILL_AREA_STYLE('',(#11182));
#11182 = FILL_AREA_STYLE_COLOUR('',#10641);
#11183 = STYLED_ITEM('color',(#11184),#3186);
#11184 = PRESENTATION_STYLE_ASSIGNMENT((#11185));
#11185 = SURFACE_STYLE_USAGE(.BOTH.,#11186);
#11186 = SURFACE_SIDE_STYLE('',(#11187));
#11187 = SURFACE_STYLE_FILL_AREA(#11188);
#11188 = FILL_AREA_STYLE('',(#11189));
#11189 = FILL_AREA_STYLE_COLOUR('',#10499);
#11190 = STYLED_ITEM('color',(#11191),#3309);
#11191 = PRESENTATION_STYLE_ASSIGNMENT((#11192));
#11192 = SURFACE_STYLE_USAGE(.BOTH.,#11193);
#11193 = SURFACE_SIDE_STYLE('',(#11194));
#11194 = SURFACE_STYLE_FILL_AREA(#11195);
#11195 = FILL_AREA_STYLE('',(#11196));
#11196 = FILL_AREA_STYLE_COLOUR('',#10499);
#11197 = STYLED_ITEM('color',(#11198),#3340);
#11198 = PRESENTATION_STYLE_ASSIGNMENT((#11199));
#11199 = SURFACE_STYLE_USAGE(.BOTH.,#11200);
#11200 = SURFACE_SIDE_STYLE('',(#11201));
#11201 = SURFACE_STYLE_FILL_AREA(#11202);
#11202 = FILL_AREA_STYLE('',(#11203));
#11203 = FILL_AREA_STYLE_COLOUR('',#10499);
#11204 = STYLED_ITEM('color',(#11205),#3365);
#11205 = PRESENTATION_STYLE_ASSIGNMENT((#11206));
#11206 = SURFACE_STYLE_USAGE(.BOTH.,#11207);
#11207 = SURFACE_SIDE_STYLE('',(#11208));
#11208 = SURFACE_STYLE_FILL_AREA(#11209);
#11209 = FILL_AREA_STYLE('',(#11210));
#11210 = FILL_AREA_STYLE_COLOUR('',#10499);
#11211 = STYLED_ITEM('color',(#11212),#3390);
#11212 = PRESENTATION_STYLE_ASSIGNMENT((#11213));
#11213 = SURFACE_STYLE_USAGE(.BOTH.,#11214);
#11214 = SURFACE_SIDE_STYLE('',(#11215));
#11215 = SURFACE_STYLE_FILL_AREA(#11216);
#11216 = FILL_AREA_STYLE('',(#11217));
#11217 = FILL_AREA_STYLE_COLOUR('',#10499);
#11218 = STYLED_ITEM('color',(#11219),#3414);
#11219 = PRESENTATION_STYLE_ASSIGNMENT((#11220));
#11220 = SURFACE_STYLE_USAGE(.BOTH.,#11221);
#11221 = SURFACE_SIDE_STYLE('',(#11222));
#11222 = SURFACE_STYLE_FILL_AREA(#11223);
#11223 = FILL_AREA_STYLE('',(#11224));
#11224 = FILL_AREA_STYLE_COLOUR('',#10499);
#11225 = STYLED_ITEM('color',(#11226),#3438);
#11226 = PRESENTATION_STYLE_ASSIGNMENT((#11227));
#11227 = SURFACE_STYLE_USAGE(.BOTH.,#11228);
#11228 = SURFACE_SIDE_STYLE('',(#11229));
#11229 = SURFACE_STYLE_FILL_AREA(#11230);
#11230 = FILL_AREA_STYLE('',(#11231));
#11231 = FILL_AREA_STYLE_COLOUR('',#10499);
#11232 = STYLED_ITEM('color',(#11233),#3463);
#11233 = PRESENTATION_STYLE_ASSIGNMENT((#11234));
#11234 = SURFACE_STYLE_USAGE(.BOTH.,#11235);
#11235 = SURFACE_SIDE_STYLE('',(#11236));
#11236 = SURFACE_STYLE_FILL_AREA(#11237);
#11237 = FILL_AREA_STYLE('',(#11238));
#11238 = FILL_AREA_STYLE_COLOUR('',#10499);
#11239 = STYLED_ITEM('color',(#11240),#3488);
#11240 = PRESENTATION_STYLE_ASSIGNMENT((#11241));
#11241 = SURFACE_STYLE_USAGE(.BOTH.,#11242);
#11242 = SURFACE_SIDE_STYLE('',(#11243));
#11243 = SURFACE_STYLE_FILL_AREA(#11244);
#11244 = FILL_AREA_STYLE('',(#11245));
#11245 = FILL_AREA_STYLE_COLOUR('',#10499);
#11246 = STYLED_ITEM('color',(#11247),#3505);
#11247 = PRESENTATION_STYLE_ASSIGNMENT((#11248));
#11248 = SURFACE_STYLE_USAGE(.BOTH.,#11249);
#11249 = SURFACE_SIDE_STYLE('',(#11250));
#11250 = SURFACE_STYLE_FILL_AREA(#11251);
#11251 = FILL_AREA_STYLE('',(#11252));
#11252 = FILL_AREA_STYLE_COLOUR('',#10641);
#11253 = STYLED_ITEM('color',(#11254),#3530);
#11254 = PRESENTATION_STYLE_ASSIGNMENT((#11255));
#11255 = SURFACE_STYLE_USAGE(.BOTH.,#11256);
#11256 = SURFACE_SIDE_STYLE('',(#11257));
#11257 = SURFACE_STYLE_FILL_AREA(#11258);
#11258 = FILL_AREA_STYLE('',(#11259));
#11259 = FILL_AREA_STYLE_COLOUR('',#10641);
#11260 = STYLED_ITEM('color',(#11261),#3555);
#11261 = PRESENTATION_STYLE_ASSIGNMENT((#11262));
#11262 = SURFACE_STYLE_USAGE(.BOTH.,#11263);
#11263 = SURFACE_SIDE_STYLE('',(#11264));
#11264 = SURFACE_STYLE_FILL_AREA(#11265);
#11265 = FILL_AREA_STYLE('',(#11266));
#11266 = FILL_AREA_STYLE_COLOUR('',#10641);
#11267 = STYLED_ITEM('color',(#11268),#3580);
#11268 = PRESENTATION_STYLE_ASSIGNMENT((#11269));
#11269 = SURFACE_STYLE_USAGE(.BOTH.,#11270);
#11270 = SURFACE_SIDE_STYLE('',(#11271));
#11271 = SURFACE_STYLE_FILL_AREA(#11272);
#11272 = FILL_AREA_STYLE('',(#11273));
#11273 = FILL_AREA_STYLE_COLOUR('',#10641);
#11274 = STYLED_ITEM('color',(#11275),#3605);
#11275 = PRESENTATION_STYLE_ASSIGNMENT((#11276));
#11276 = SURFACE_STYLE_USAGE(.BOTH.,#11277);
#11277 = SURFACE_SIDE_STYLE('',(#11278));
#11278 = SURFACE_STYLE_FILL_AREA(#11279);
#11279 = FILL_AREA_STYLE('',(#11280));
#11280 = FILL_AREA_STYLE_COLOUR('',#10641);
#11281 = STYLED_ITEM('color',(#11282),#3636);
#11282 = PRESENTATION_STYLE_ASSIGNMENT((#11283));
#11283 = SURFACE_STYLE_USAGE(.BOTH.,#11284);
#11284 = SURFACE_SIDE_STYLE('',(#11285));
#11285 = SURFACE_STYLE_FILL_AREA(#11286);
#11286 = FILL_AREA_STYLE('',(#11287));
#11287 = FILL_AREA_STYLE_COLOUR('',#10641);
#11288 = STYLED_ITEM('color',(#11289),#3661);
#11289 = PRESENTATION_STYLE_ASSIGNMENT((#11290));
#11290 = SURFACE_STYLE_USAGE(.BOTH.,#11291);
#11291 = SURFACE_SIDE_STYLE('',(#11292));
#11292 = SURFACE_STYLE_FILL_AREA(#11293);
#11293 = FILL_AREA_STYLE('',(#11294));
#11294 = FILL_AREA_STYLE_COLOUR('',#10641);
#11295 = STYLED_ITEM('color',(#11296),#3686);
#11296 = PRESENTATION_STYLE_ASSIGNMENT((#11297));
#11297 = SURFACE_STYLE_USAGE(.BOTH.,#11298);
#11298 = SURFACE_SIDE_STYLE('',(#11299));
#11299 = SURFACE_STYLE_FILL_AREA(#11300);
#11300 = FILL_AREA_STYLE('',(#11301));
#11301 = FILL_AREA_STYLE_COLOUR('',#10641);
#11302 = STYLED_ITEM('color',(#11303),#3774);
#11303 = PRESENTATION_STYLE_ASSIGNMENT((#11304));
#11304 = SURFACE_STYLE_USAGE(.BOTH.,#11305);
#11305 = SURFACE_SIDE_STYLE('',(#11306));
#11306 = SURFACE_STYLE_FILL_AREA(#11307);
#11307 = FILL_AREA_STYLE('',(#11308));
#11308 = FILL_AREA_STYLE_COLOUR('',#10641);
#11309 = STYLED_ITEM('color',(#11310),#3862);
#11310 = PRESENTATION_STYLE_ASSIGNMENT((#11311));
#11311 = SURFACE_STYLE_USAGE(.BOTH.,#11312);
#11312 = SURFACE_SIDE_STYLE('',(#11313));
#11313 = SURFACE_STYLE_FILL_AREA(#11314);
#11314 = FILL_AREA_STYLE('',(#11315));
#11315 = FILL_AREA_STYLE_COLOUR('',#10641);
#11316 = STYLED_ITEM('color',(#11317),#3887);
#11317 = PRESENTATION_STYLE_ASSIGNMENT((#11318));
#11318 = SURFACE_STYLE_USAGE(.BOTH.,#11319);
#11319 = SURFACE_SIDE_STYLE('',(#11320));
#11320 = SURFACE_STYLE_FILL_AREA(#11321);
#11321 = FILL_AREA_STYLE('',(#11322));
#11322 = FILL_AREA_STYLE_COLOUR('',#10641);
#11323 = STYLED_ITEM('color',(#11324),#3912);
#11324 = PRESENTATION_STYLE_ASSIGNMENT((#11325));
#11325 = SURFACE_STYLE_USAGE(.BOTH.,#11326);
#11326 = SURFACE_SIDE_STYLE('',(#11327));
#11327 = SURFACE_STYLE_FILL_AREA(#11328);
#11328 = FILL_AREA_STYLE('',(#11329));
#11329 = FILL_AREA_STYLE_COLOUR('',#10641);
#11330 = STYLED_ITEM('color',(#11331),#3929);
#11331 = PRESENTATION_STYLE_ASSIGNMENT((#11332));
#11332 = SURFACE_STYLE_USAGE(.BOTH.,#11333);
#11333 = SURFACE_SIDE_STYLE('',(#11334));
#11334 = SURFACE_STYLE_FILL_AREA(#11335);
#11335 = FILL_AREA_STYLE('',(#11336));
#11336 = FILL_AREA_STYLE_COLOUR('',#10641);
#11337 = STYLED_ITEM('color',(#11338),#3938);
#11338 = PRESENTATION_STYLE_ASSIGNMENT((#11339));
#11339 = SURFACE_STYLE_USAGE(.BOTH.,#11340);
#11340 = SURFACE_SIDE_STYLE('',(#11341));
#11341 = SURFACE_STYLE_FILL_AREA(#11342);
#11342 = FILL_AREA_STYLE('',(#11343));
#11343 = FILL_AREA_STYLE_COLOUR('',#10641);
#11344 = STYLED_ITEM('color',(#11345),#3964);
#11345 = PRESENTATION_STYLE_ASSIGNMENT((#11346));
#11346 = SURFACE_STYLE_USAGE(.BOTH.,#11347);
#11347 = SURFACE_SIDE_STYLE('',(#11348));
#11348 = SURFACE_STYLE_FILL_AREA(#11349);
#11349 = FILL_AREA_STYLE('',(#11350));
#11350 = FILL_AREA_STYLE_COLOUR('',#10641);
#11351 = STYLED_ITEM('color',(#11352),#3973);
#11352 = PRESENTATION_STYLE_ASSIGNMENT((#11353));
#11353 = SURFACE_STYLE_USAGE(.BOTH.,#11354);
#11354 = SURFACE_SIDE_STYLE('',(#11355));
#11355 = SURFACE_STYLE_FILL_AREA(#11356);
#11356 = FILL_AREA_STYLE('',(#11357));
#11357 = FILL_AREA_STYLE_COLOUR('',#10641);
#11358 = STYLED_ITEM('color',(#11359),#3982);
#11359 = PRESENTATION_STYLE_ASSIGNMENT((#11360));
#11360 = SURFACE_STYLE_USAGE(.BOTH.,#11361);
#11361 = SURFACE_SIDE_STYLE('',(#11362));
#11362 = SURFACE_STYLE_FILL_AREA(#11363);
#11363 = FILL_AREA_STYLE('',(#11364));
#11364 = FILL_AREA_STYLE_COLOUR('',#10641);
#11365 = STYLED_ITEM('color',(#11366),#4026);
#11366 = PRESENTATION_STYLE_ASSIGNMENT((#11367));
#11367 = SURFACE_STYLE_USAGE(.BOTH.,#11368);
#11368 = SURFACE_SIDE_STYLE('',(#11369));
#11369 = SURFACE_STYLE_FILL_AREA(#11370);
#11370 = FILL_AREA_STYLE('',(#11371));
#11371 = FILL_AREA_STYLE_COLOUR('',#10499);
#11372 = STYLED_ITEM('color',(#11373),#4176);
#11373 = PRESENTATION_STYLE_ASSIGNMENT((#11374));
#11374 = SURFACE_STYLE_USAGE(.BOTH.,#11375);
#11375 = SURFACE_SIDE_STYLE('',(#11376));
#11376 = SURFACE_STYLE_FILL_AREA(#11377);
#11377 = FILL_AREA_STYLE('',(#11378));
#11378 = FILL_AREA_STYLE_COLOUR('',#10499);
#11379 = STYLED_ITEM('color',(#11380),#4200);
#11380 = PRESENTATION_STYLE_ASSIGNMENT((#11381));
#11381 = SURFACE_STYLE_USAGE(.BOTH.,#11382);
#11382 = SURFACE_SIDE_STYLE('',(#11383));
#11383 = SURFACE_STYLE_FILL_AREA(#11384);
#11384 = FILL_AREA_STYLE('',(#11385));
#11385 = FILL_AREA_STYLE_COLOUR('',#10499);
#11386 = STYLED_ITEM('color',(#11387),#4343);
#11387 = PRESENTATION_STYLE_ASSIGNMENT((#11388));
#11388 = SURFACE_STYLE_USAGE(.BOTH.,#11389);
#11389 = SURFACE_SIDE_STYLE('',(#11390));
#11390 = SURFACE_STYLE_FILL_AREA(#11391);
#11391 = FILL_AREA_STYLE('',(#11392));
#11392 = FILL_AREA_STYLE_COLOUR('',#10499);
#11393 = STYLED_ITEM('color',(#11394),#4493);
#11394 = PRESENTATION_STYLE_ASSIGNMENT((#11395));
#11395 = SURFACE_STYLE_USAGE(.BOTH.,#11396);
#11396 = SURFACE_SIDE_STYLE('',(#11397));
#11397 = SURFACE_STYLE_FILL_AREA(#11398);
#11398 = FILL_AREA_STYLE('',(#11399));
#11399 = FILL_AREA_STYLE_COLOUR('',#10499);
#11400 = STYLED_ITEM('color',(#11401),#4643);
#11401 = PRESENTATION_STYLE_ASSIGNMENT((#11402));
#11402 = SURFACE_STYLE_USAGE(.BOTH.,#11403);
#11403 = SURFACE_SIDE_STYLE('',(#11404));
#11404 = SURFACE_STYLE_FILL_AREA(#11405);
#11405 = FILL_AREA_STYLE('',(#11406));
#11406 = FILL_AREA_STYLE_COLOUR('',#10499);
#11407 = STYLED_ITEM('color',(#11408),#4660);
#11408 = PRESENTATION_STYLE_ASSIGNMENT((#11409));
#11409 = SURFACE_STYLE_USAGE(.BOTH.,#11410);
#11410 = SURFACE_SIDE_STYLE('',(#11411));
#11411 = SURFACE_STYLE_FILL_AREA(#11412);
#11412 = FILL_AREA_STYLE('',(#11413));
#11413 = FILL_AREA_STYLE_COLOUR('',#10499);
#11414 = STYLED_ITEM('color',(#11415),#4810);
#11415 = PRESENTATION_STYLE_ASSIGNMENT((#11416));
#11416 = SURFACE_STYLE_USAGE(.BOTH.,#11417);
#11417 = SURFACE_SIDE_STYLE('',(#11418));
#11418 = SURFACE_STYLE_FILL_AREA(#11419);
#11419 = FILL_AREA_STYLE('',(#11420));
#11420 = FILL_AREA_STYLE_COLOUR('',#10499);
#11421 = STYLED_ITEM('color',(#11422),#4834);
#11422 = PRESENTATION_STYLE_ASSIGNMENT((#11423));
#11423 = SURFACE_STYLE_USAGE(.BOTH.,#11424);
#11424 = SURFACE_SIDE_STYLE('',(#11425));
#11425 = SURFACE_STYLE_FILL_AREA(#11426);
#11426 = FILL_AREA_STYLE('',(#11427));
#11427 = FILL_AREA_STYLE_COLOUR('',#10499);
#11428 = STYLED_ITEM('color',(#11429),#4977);
#11429 = PRESENTATION_STYLE_ASSIGNMENT((#11430));
#11430 = SURFACE_STYLE_USAGE(.BOTH.,#11431);
#11431 = SURFACE_SIDE_STYLE('',(#11432));
#11432 = SURFACE_STYLE_FILL_AREA(#11433);
#11433 = FILL_AREA_STYLE('',(#11434));
#11434 = FILL_AREA_STYLE_COLOUR('',#10499);
#11435 = STYLED_ITEM('color',(#11436),#5127);
#11436 = PRESENTATION_STYLE_ASSIGNMENT((#11437));
#11437 = SURFACE_STYLE_USAGE(.BOTH.,#11438);
#11438 = SURFACE_SIDE_STYLE('',(#11439));
#11439 = SURFACE_STYLE_FILL_AREA(#11440);
#11440 = FILL_AREA_STYLE('',(#11441));
#11441 = FILL_AREA_STYLE_COLOUR('',#10499);
#11442 = STYLED_ITEM('color',(#11443),#5277);
#11443 = PRESENTATION_STYLE_ASSIGNMENT((#11444));
#11444 = SURFACE_STYLE_USAGE(.BOTH.,#11445);
#11445 = SURFACE_SIDE_STYLE('',(#11446));
#11446 = SURFACE_STYLE_FILL_AREA(#11447);
#11447 = FILL_AREA_STYLE('',(#11448));
#11448 = FILL_AREA_STYLE_COLOUR('',#10499);
#11449 = STYLED_ITEM('color',(#11450),#5294);
#11450 = PRESENTATION_STYLE_ASSIGNMENT((#11451));
#11451 = SURFACE_STYLE_USAGE(.BOTH.,#11452);
#11452 = SURFACE_SIDE_STYLE('',(#11453));
#11453 = SURFACE_STYLE_FILL_AREA(#11454);
#11454 = FILL_AREA_STYLE('',(#11455));
#11455 = FILL_AREA_STYLE_COLOUR('',#10641);
#11456 = STYLED_ITEM('color',(#11457),#5303);
#11457 = PRESENTATION_STYLE_ASSIGNMENT((#11458));
#11458 = SURFACE_STYLE_USAGE(.BOTH.,#11459);
#11459 = SURFACE_SIDE_STYLE('',(#11460));
#11460 = SURFACE_STYLE_FILL_AREA(#11461);
#11461 = FILL_AREA_STYLE('',(#11462));
#11462 = FILL_AREA_STYLE_COLOUR('',#10499);
#11463 = STYLED_ITEM('color',(#11464),#5320);
#11464 = PRESENTATION_STYLE_ASSIGNMENT((#11465));
#11465 = SURFACE_STYLE_USAGE(.BOTH.,#11466);
#11466 = SURFACE_SIDE_STYLE('',(#11467));
#11467 = SURFACE_STYLE_FILL_AREA(#11468);
#11468 = FILL_AREA_STYLE('',(#11469));
#11469 = FILL_AREA_STYLE_COLOUR('',#10499);
#11470 = STYLED_ITEM('color',(#11471),#5337);
#11471 = PRESENTATION_STYLE_ASSIGNMENT((#11472));
#11472 = SURFACE_STYLE_USAGE(.BOTH.,#11473);
#11473 = SURFACE_SIDE_STYLE('',(#11474));
#11474 = SURFACE_STYLE_FILL_AREA(#11475);
#11475 = FILL_AREA_STYLE('',(#11476));
#11476 = FILL_AREA_STYLE_COLOUR('',#10499);
#11477 = STYLED_ITEM('color',(#11478),#5354);
#11478 = PRESENTATION_STYLE_ASSIGNMENT((#11479));
#11479 = SURFACE_STYLE_USAGE(.BOTH.,#11480);
#11480 = SURFACE_SIDE_STYLE('',(#11481));
#11481 = SURFACE_STYLE_FILL_AREA(#11482);
#11482 = FILL_AREA_STYLE('',(#11483));
#11483 = FILL_AREA_STYLE_COLOUR('',#10499);
#11484 = STYLED_ITEM('color',(#11485),#5371);
#11485 = PRESENTATION_STYLE_ASSIGNMENT((#11486));
#11486 = SURFACE_STYLE_USAGE(.BOTH.,#11487);
#11487 = SURFACE_SIDE_STYLE('',(#11488));
#11488 = SURFACE_STYLE_FILL_AREA(#11489);
#11489 = FILL_AREA_STYLE('',(#11490));
#11490 = FILL_AREA_STYLE_COLOUR('',#10499);
#11491 = STYLED_ITEM('color',(#11492),#5393);
#11492 = PRESENTATION_STYLE_ASSIGNMENT((#11493));
#11493 = SURFACE_STYLE_USAGE(.BOTH.,#11494);
#11494 = SURFACE_SIDE_STYLE('',(#11495));
#11495 = SURFACE_STYLE_FILL_AREA(#11496);
#11496 = FILL_AREA_STYLE('',(#11497));
#11497 = FILL_AREA_STYLE_COLOUR('',#10499);
#11498 = STYLED_ITEM('color',(#11499),#5410);
#11499 = PRESENTATION_STYLE_ASSIGNMENT((#11500));
#11500 = SURFACE_STYLE_USAGE(.BOTH.,#11501);
#11501 = SURFACE_SIDE_STYLE('',(#11502));
#11502 = SURFACE_STYLE_FILL_AREA(#11503);
#11503 = FILL_AREA_STYLE('',(#11504));
#11504 = FILL_AREA_STYLE_COLOUR('',#10499);
#11505 = STYLED_ITEM('color',(#11506),#5427);
#11506 = PRESENTATION_STYLE_ASSIGNMENT((#11507));
#11507 = SURFACE_STYLE_USAGE(.BOTH.,#11508);
#11508 = SURFACE_SIDE_STYLE('',(#11509));
#11509 = SURFACE_STYLE_FILL_AREA(#11510);
#11510 = FILL_AREA_STYLE('',(#11511));
#11511 = FILL_AREA_STYLE_COLOUR('',#10499);
#11512 = STYLED_ITEM('color',(#11513),#5444);
#11513 = PRESENTATION_STYLE_ASSIGNMENT((#11514));
#11514 = SURFACE_STYLE_USAGE(.BOTH.,#11515);
#11515 = SURFACE_SIDE_STYLE('',(#11516));
#11516 = SURFACE_STYLE_FILL_AREA(#11517);
#11517 = FILL_AREA_STYLE('',(#11518));
#11518 = FILL_AREA_STYLE_COLOUR('',#10499);
#11519 = STYLED_ITEM('color',(#11520),#5461);
#11520 = PRESENTATION_STYLE_ASSIGNMENT((#11521));
#11521 = SURFACE_STYLE_USAGE(.BOTH.,#11522);
#11522 = SURFACE_SIDE_STYLE('',(#11523));
#11523 = SURFACE_STYLE_FILL_AREA(#11524);
#11524 = FILL_AREA_STYLE('',(#11525));
#11525 = FILL_AREA_STYLE_COLOUR('',#10499);
#11526 = STYLED_ITEM('color',(#11527),#5473);
#11527 = PRESENTATION_STYLE_ASSIGNMENT((#11528));
#11528 = SURFACE_STYLE_USAGE(.BOTH.,#11529);
#11529 = SURFACE_SIDE_STYLE('',(#11530));
#11530 = SURFACE_STYLE_FILL_AREA(#11531);
#11531 = FILL_AREA_STYLE('',(#11532));
#11532 = FILL_AREA_STYLE_COLOUR('',#10499);
#11533 = STYLED_ITEM('color',(#11534),#5490);
#11534 = PRESENTATION_STYLE_ASSIGNMENT((#11535));
#11535 = SURFACE_STYLE_USAGE(.BOTH.,#11536);
#11536 = SURFACE_SIDE_STYLE('',(#11537));
#11537 = SURFACE_STYLE_FILL_AREA(#11538);
#11538 = FILL_AREA_STYLE('',(#11539));
#11539 = FILL_AREA_STYLE_COLOUR('',#10499);
#11540 = STYLED_ITEM('color',(#11541),#5507);
#11541 = PRESENTATION_STYLE_ASSIGNMENT((#11542));
#11542 = SURFACE_STYLE_USAGE(.BOTH.,#11543);
#11543 = SURFACE_SIDE_STYLE('',(#11544));
#11544 = SURFACE_STYLE_FILL_AREA(#11545);
#11545 = FILL_AREA_STYLE('',(#11546));
#11546 = FILL_AREA_STYLE_COLOUR('',#10499);
#11547 = STYLED_ITEM('color',(#11548),#5524);
#11548 = PRESENTATION_STYLE_ASSIGNMENT((#11549));
#11549 = SURFACE_STYLE_USAGE(.BOTH.,#11550);
#11550 = SURFACE_SIDE_STYLE('',(#11551));
#11551 = SURFACE_STYLE_FILL_AREA(#11552);
#11552 = FILL_AREA_STYLE('',(#11553));
#11553 = FILL_AREA_STYLE_COLOUR('',#10499);
#11554 = STYLED_ITEM('color',(#11555),#5541);
#11555 = PRESENTATION_STYLE_ASSIGNMENT((#11556));
#11556 = SURFACE_STYLE_USAGE(.BOTH.,#11557);
#11557 = SURFACE_SIDE_STYLE('',(#11558));
#11558 = SURFACE_STYLE_FILL_AREA(#11559);
#11559 = FILL_AREA_STYLE('',(#11560));
#11560 = FILL_AREA_STYLE_COLOUR('',#10499);
#11561 = STYLED_ITEM('color',(#11562),#5558);
#11562 = PRESENTATION_STYLE_ASSIGNMENT((#11563));
#11563 = SURFACE_STYLE_USAGE(.BOTH.,#11564);
#11564 = SURFACE_SIDE_STYLE('',(#11565));
#11565 = SURFACE_STYLE_FILL_AREA(#11566);
#11566 = FILL_AREA_STYLE('',(#11567));
#11567 = FILL_AREA_STYLE_COLOUR('',#10499);
#11568 = STYLED_ITEM('color',(#11569),#5575);
#11569 = PRESENTATION_STYLE_ASSIGNMENT((#11570));
#11570 = SURFACE_STYLE_USAGE(.BOTH.,#11571);
#11571 = SURFACE_SIDE_STYLE('',(#11572));
#11572 = SURFACE_STYLE_FILL_AREA(#11573);
#11573 = FILL_AREA_STYLE('',(#11574));
#11574 = FILL_AREA_STYLE_COLOUR('',#10499);
#11575 = STYLED_ITEM('color',(#11576),#5592);
#11576 = PRESENTATION_STYLE_ASSIGNMENT((#11577));
#11577 = SURFACE_STYLE_USAGE(.BOTH.,#11578);
#11578 = SURFACE_SIDE_STYLE('',(#11579));
#11579 = SURFACE_STYLE_FILL_AREA(#11580);
#11580 = FILL_AREA_STYLE('',(#11581));
#11581 = FILL_AREA_STYLE_COLOUR('',#10499);
#11582 = STYLED_ITEM('color',(#11583),#5609);
#11583 = PRESENTATION_STYLE_ASSIGNMENT((#11584));
#11584 = SURFACE_STYLE_USAGE(.BOTH.,#11585);
#11585 = SURFACE_SIDE_STYLE('',(#11586));
#11586 = SURFACE_STYLE_FILL_AREA(#11587);
#11587 = FILL_AREA_STYLE('',(#11588));
#11588 = FILL_AREA_STYLE_COLOUR('',#10499);
#11589 = STYLED_ITEM('color',(#11590),#5621);
#11590 = PRESENTATION_STYLE_ASSIGNMENT((#11591));
#11591 = SURFACE_STYLE_USAGE(.BOTH.,#11592);
#11592 = SURFACE_SIDE_STYLE('',(#11593));
#11593 = SURFACE_STYLE_FILL_AREA(#11594);
#11594 = FILL_AREA_STYLE('',(#11595));
#11595 = FILL_AREA_STYLE_COLOUR('',#10499);
#11596 = STYLED_ITEM('color',(#11597),#5643);
#11597 = PRESENTATION_STYLE_ASSIGNMENT((#11598));
#11598 = SURFACE_STYLE_USAGE(.BOTH.,#11599);
#11599 = SURFACE_SIDE_STYLE('',(#11600));
#11600 = SURFACE_STYLE_FILL_AREA(#11601);
#11601 = FILL_AREA_STYLE('',(#11602));
#11602 = FILL_AREA_STYLE_COLOUR('',#10499);
#11603 = STYLED_ITEM('color',(#11604),#5660);
#11604 = PRESENTATION_STYLE_ASSIGNMENT((#11605));
#11605 = SURFACE_STYLE_USAGE(.BOTH.,#11606);
#11606 = SURFACE_SIDE_STYLE('',(#11607));
#11607 = SURFACE_STYLE_FILL_AREA(#11608);
#11608 = FILL_AREA_STYLE('',(#11609));
#11609 = FILL_AREA_STYLE_COLOUR('',#10499);
#11610 = STYLED_ITEM('color',(#11611),#5677);
#11611 = PRESENTATION_STYLE_ASSIGNMENT((#11612));
#11612 = SURFACE_STYLE_USAGE(.BOTH.,#11613);
#11613 = SURFACE_SIDE_STYLE('',(#11614));
#11614 = SURFACE_STYLE_FILL_AREA(#11615);
#11615 = FILL_AREA_STYLE('',(#11616));
#11616 = FILL_AREA_STYLE_COLOUR('',#10499);
#11617 = STYLED_ITEM('color',(#11618),#5694);
#11618 = PRESENTATION_STYLE_ASSIGNMENT((#11619));
#11619 = SURFACE_STYLE_USAGE(.BOTH.,#11620);
#11620 = SURFACE_SIDE_STYLE('',(#11621));
#11621 = SURFACE_STYLE_FILL_AREA(#11622);
#11622 = FILL_AREA_STYLE('',(#11623));
#11623 = FILL_AREA_STYLE_COLOUR('',#10499);
#11624 = STYLED_ITEM('color',(#11625),#5711);
#11625 = PRESENTATION_STYLE_ASSIGNMENT((#11626));
#11626 = SURFACE_STYLE_USAGE(.BOTH.,#11627);
#11627 = SURFACE_SIDE_STYLE('',(#11628));
#11628 = SURFACE_STYLE_FILL_AREA(#11629);
#11629 = FILL_AREA_STYLE('',(#11630));
#11630 = FILL_AREA_STYLE_COLOUR('',#10499);
#11631 = STYLED_ITEM('color',(#11632),#5723);
#11632 = PRESENTATION_STYLE_ASSIGNMENT((#11633));
#11633 = SURFACE_STYLE_USAGE(.BOTH.,#11634);
#11634 = SURFACE_SIDE_STYLE('',(#11635));
#11635 = SURFACE_STYLE_FILL_AREA(#11636);
#11636 = FILL_AREA_STYLE('',(#11637));
#11637 = FILL_AREA_STYLE_COLOUR('',#10499);
#11638 = STYLED_ITEM('color',(#11639),#5740);
#11639 = PRESENTATION_STYLE_ASSIGNMENT((#11640));
#11640 = SURFACE_STYLE_USAGE(.BOTH.,#11641);
#11641 = SURFACE_SIDE_STYLE('',(#11642));
#11642 = SURFACE_STYLE_FILL_AREA(#11643);
#11643 = FILL_AREA_STYLE('',(#11644));
#11644 = FILL_AREA_STYLE_COLOUR('',#10499);
#11645 = STYLED_ITEM('color',(#11646),#5757);
#11646 = PRESENTATION_STYLE_ASSIGNMENT((#11647));
#11647 = SURFACE_STYLE_USAGE(.BOTH.,#11648);
#11648 = SURFACE_SIDE_STYLE('',(#11649));
#11649 = SURFACE_STYLE_FILL_AREA(#11650);
#11650 = FILL_AREA_STYLE('',(#11651));
#11651 = FILL_AREA_STYLE_COLOUR('',#10499);
#11652 = STYLED_ITEM('color',(#11653),#5774);
#11653 = PRESENTATION_STYLE_ASSIGNMENT((#11654));
#11654 = SURFACE_STYLE_USAGE(.BOTH.,#11655);
#11655 = SURFACE_SIDE_STYLE('',(#11656));
#11656 = SURFACE_STYLE_FILL_AREA(#11657);
#11657 = FILL_AREA_STYLE('',(#11658));
#11658 = FILL_AREA_STYLE_COLOUR('',#10499);
#11659 = STYLED_ITEM('color',(#11660),#5791);
#11660 = PRESENTATION_STYLE_ASSIGNMENT((#11661));
#11661 = SURFACE_STYLE_USAGE(.BOTH.,#11662);
#11662 = SURFACE_SIDE_STYLE('',(#11663));
#11663 = SURFACE_STYLE_FILL_AREA(#11664);
#11664 = FILL_AREA_STYLE('',(#11665));
#11665 = FILL_AREA_STYLE_COLOUR('',#10499);
#11666 = STYLED_ITEM('color',(#11667),#5808);
#11667 = PRESENTATION_STYLE_ASSIGNMENT((#11668));
#11668 = SURFACE_STYLE_USAGE(.BOTH.,#11669);
#11669 = SURFACE_SIDE_STYLE('',(#11670));
#11670 = SURFACE_STYLE_FILL_AREA(#11671);
#11671 = FILL_AREA_STYLE('',(#11672));
#11672 = FILL_AREA_STYLE_COLOUR('',#10499);
#11673 = STYLED_ITEM('color',(#11674),#5825);
#11674 = PRESENTATION_STYLE_ASSIGNMENT((#11675));
#11675 = SURFACE_STYLE_USAGE(.BOTH.,#11676);
#11676 = SURFACE_SIDE_STYLE('',(#11677));
#11677 = SURFACE_STYLE_FILL_AREA(#11678);
#11678 = FILL_AREA_STYLE('',(#11679));
#11679 = FILL_AREA_STYLE_COLOUR('',#10499);
#11680 = STYLED_ITEM('color',(#11681),#5842);
#11681 = PRESENTATION_STYLE_ASSIGNMENT((#11682));
#11682 = SURFACE_STYLE_USAGE(.BOTH.,#11683);
#11683 = SURFACE_SIDE_STYLE('',(#11684));
#11684 = SURFACE_STYLE_FILL_AREA(#11685);
#11685 = FILL_AREA_STYLE('',(#11686));
#11686 = FILL_AREA_STYLE_COLOUR('',#10499);
#11687 = STYLED_ITEM('color',(#11688),#5859);
#11688 = PRESENTATION_STYLE_ASSIGNMENT((#11689));
#11689 = SURFACE_STYLE_USAGE(.BOTH.,#11690);
#11690 = SURFACE_SIDE_STYLE('',(#11691));
#11691 = SURFACE_STYLE_FILL_AREA(#11692);
#11692 = FILL_AREA_STYLE('',(#11693));
#11693 = FILL_AREA_STYLE_COLOUR('',#10499);
#11694 = STYLED_ITEM('color',(#11695),#5871);
#11695 = PRESENTATION_STYLE_ASSIGNMENT((#11696));
#11696 = SURFACE_STYLE_USAGE(.BOTH.,#11697);
#11697 = SURFACE_SIDE_STYLE('',(#11698));
#11698 = SURFACE_STYLE_FILL_AREA(#11699);
#11699 = FILL_AREA_STYLE('',(#11700));
#11700 = FILL_AREA_STYLE_COLOUR('',#10499);
#11701 = STYLED_ITEM('color',(#11702),#5893);
#11702 = PRESENTATION_STYLE_ASSIGNMENT((#11703));
#11703 = SURFACE_STYLE_USAGE(.BOTH.,#11704);
#11704 = SURFACE_SIDE_STYLE('',(#11705));
#11705 = SURFACE_STYLE_FILL_AREA(#11706);
#11706 = FILL_AREA_STYLE('',(#11707));
#11707 = FILL_AREA_STYLE_COLOUR('',#10499);
#11708 = STYLED_ITEM('color',(#11709),#5910);
#11709 = PRESENTATION_STYLE_ASSIGNMENT((#11710));
#11710 = SURFACE_STYLE_USAGE(.BOTH.,#11711);
#11711 = SURFACE_SIDE_STYLE('',(#11712));
#11712 = SURFACE_STYLE_FILL_AREA(#11713);
#11713 = FILL_AREA_STYLE('',(#11714));
#11714 = FILL_AREA_STYLE_COLOUR('',#10499);
#11715 = STYLED_ITEM('color',(#11716),#5927);
#11716 = PRESENTATION_STYLE_ASSIGNMENT((#11717));
#11717 = SURFACE_STYLE_USAGE(.BOTH.,#11718);
#11718 = SURFACE_SIDE_STYLE('',(#11719));
#11719 = SURFACE_STYLE_FILL_AREA(#11720);
#11720 = FILL_AREA_STYLE('',(#11721));
#11721 = FILL_AREA_STYLE_COLOUR('',#10499);
#11722 = STYLED_ITEM('color',(#11723),#5944);
#11723 = PRESENTATION_STYLE_ASSIGNMENT((#11724));
#11724 = SURFACE_STYLE_USAGE(.BOTH.,#11725);
#11725 = SURFACE_SIDE_STYLE('',(#11726));
#11726 = SURFACE_STYLE_FILL_AREA(#11727);
#11727 = FILL_AREA_STYLE('',(#11728));
#11728 = FILL_AREA_STYLE_COLOUR('',#10499);
#11729 = STYLED_ITEM('color',(#11730),#5961);
#11730 = PRESENTATION_STYLE_ASSIGNMENT((#11731));
#11731 = SURFACE_STYLE_USAGE(.BOTH.,#11732);
#11732 = SURFACE_SIDE_STYLE('',(#11733));
#11733 = SURFACE_STYLE_FILL_AREA(#11734);
#11734 = FILL_AREA_STYLE('',(#11735));
#11735 = FILL_AREA_STYLE_COLOUR('',#10499);
#11736 = STYLED_ITEM('color',(#11737),#5973);
#11737 = PRESENTATION_STYLE_ASSIGNMENT((#11738));
#11738 = SURFACE_STYLE_USAGE(.BOTH.,#11739);
#11739 = SURFACE_SIDE_STYLE('',(#11740));
#11740 = SURFACE_STYLE_FILL_AREA(#11741);
#11741 = FILL_AREA_STYLE('',(#11742));
#11742 = FILL_AREA_STYLE_COLOUR('',#10499);
#11743 = STYLED_ITEM('color',(#11744),#5990);
#11744 = PRESENTATION_STYLE_ASSIGNMENT((#11745));
#11745 = SURFACE_STYLE_USAGE(.BOTH.,#11746);
#11746 = SURFACE_SIDE_STYLE('',(#11747));
#11747 = SURFACE_STYLE_FILL_AREA(#11748);
#11748 = FILL_AREA_STYLE('',(#11749));
#11749 = FILL_AREA_STYLE_COLOUR('',#10499);
#11750 = STYLED_ITEM('color',(#11751),#6007);
#11751 = PRESENTATION_STYLE_ASSIGNMENT((#11752));
#11752 = SURFACE_STYLE_USAGE(.BOTH.,#11753);
#11753 = SURFACE_SIDE_STYLE('',(#11754));
#11754 = SURFACE_STYLE_FILL_AREA(#11755);
#11755 = FILL_AREA_STYLE('',(#11756));
#11756 = FILL_AREA_STYLE_COLOUR('',#10499);
#11757 = STYLED_ITEM('color',(#11758),#6024);
#11758 = PRESENTATION_STYLE_ASSIGNMENT((#11759));
#11759 = SURFACE_STYLE_USAGE(.BOTH.,#11760);
#11760 = SURFACE_SIDE_STYLE('',(#11761));
#11761 = SURFACE_STYLE_FILL_AREA(#11762);
#11762 = FILL_AREA_STYLE('',(#11763));
#11763 = FILL_AREA_STYLE_COLOUR('',#10499);
#11764 = STYLED_ITEM('color',(#11765),#6041);
#11765 = PRESENTATION_STYLE_ASSIGNMENT((#11766));
#11766 = SURFACE_STYLE_USAGE(.BOTH.,#11767);
#11767 = SURFACE_SIDE_STYLE('',(#11768));
#11768 = SURFACE_STYLE_FILL_AREA(#11769);
#11769 = FILL_AREA_STYLE('',(#11770));
#11770 = FILL_AREA_STYLE_COLOUR('',#10499);
#11771 = STYLED_ITEM('color',(#11772),#6058);
#11772 = PRESENTATION_STYLE_ASSIGNMENT((#11773));
#11773 = SURFACE_STYLE_USAGE(.BOTH.,#11774);
#11774 = SURFACE_SIDE_STYLE('',(#11775));
#11775 = SURFACE_STYLE_FILL_AREA(#11776);
#11776 = FILL_AREA_STYLE('',(#11777));
#11777 = FILL_AREA_STYLE_COLOUR('',#10499);
#11778 = STYLED_ITEM('color',(#11779),#6075);
#11779 = PRESENTATION_STYLE_ASSIGNMENT((#11780));
#11780 = SURFACE_STYLE_USAGE(.BOTH.,#11781);
#11781 = SURFACE_SIDE_STYLE('',(#11782));
#11782 = SURFACE_STYLE_FILL_AREA(#11783);
#11783 = FILL_AREA_STYLE('',(#11784));
#11784 = FILL_AREA_STYLE_COLOUR('',#10499);
#11785 = STYLED_ITEM('color',(#11786),#6092);
#11786 = PRESENTATION_STYLE_ASSIGNMENT((#11787));
#11787 = SURFACE_STYLE_USAGE(.BOTH.,#11788);
#11788 = SURFACE_SIDE_STYLE('',(#11789));
#11789 = SURFACE_STYLE_FILL_AREA(#11790);
#11790 = FILL_AREA_STYLE('',(#11791));
#11791 = FILL_AREA_STYLE_COLOUR('',#10499);
#11792 = STYLED_ITEM('color',(#11793),#6109);
#11793 = PRESENTATION_STYLE_ASSIGNMENT((#11794));
#11794 = SURFACE_STYLE_USAGE(.BOTH.,#11795);
#11795 = SURFACE_SIDE_STYLE('',(#11796));
#11796 = SURFACE_STYLE_FILL_AREA(#11797);
#11797 = FILL_AREA_STYLE('',(#11798));
#11798 = FILL_AREA_STYLE_COLOUR('',#10499);
#11799 = STYLED_ITEM('color',(#11800),#6121);
#11800 = PRESENTATION_STYLE_ASSIGNMENT((#11801));
#11801 = SURFACE_STYLE_USAGE(.BOTH.,#11802);
#11802 = SURFACE_SIDE_STYLE('',(#11803));
#11803 = SURFACE_STYLE_FILL_AREA(#11804);
#11804 = FILL_AREA_STYLE('',(#11805));
#11805 = FILL_AREA_STYLE_COLOUR('',#10499);
#11806 = STYLED_ITEM('color',(#11807),#6143);
#11807 = PRESENTATION_STYLE_ASSIGNMENT((#11808));
#11808 = SURFACE_STYLE_USAGE(.BOTH.,#11809);
#11809 = SURFACE_SIDE_STYLE('',(#11810));
#11810 = SURFACE_STYLE_FILL_AREA(#11811);
#11811 = FILL_AREA_STYLE('',(#11812));
#11812 = FILL_AREA_STYLE_COLOUR('',#10499);
#11813 = STYLED_ITEM('color',(#11814),#6160);
#11814 = PRESENTATION_STYLE_ASSIGNMENT((#11815));
#11815 = SURFACE_STYLE_USAGE(.BOTH.,#11816);
#11816 = SURFACE_SIDE_STYLE('',(#11817));
#11817 = SURFACE_STYLE_FILL_AREA(#11818);
#11818 = FILL_AREA_STYLE('',(#11819));
#11819 = FILL_AREA_STYLE_COLOUR('',#10499);
#11820 = STYLED_ITEM('color',(#11821),#6177);
#11821 = PRESENTATION_STYLE_ASSIGNMENT((#11822));
#11822 = SURFACE_STYLE_USAGE(.BOTH.,#11823);
#11823 = SURFACE_SIDE_STYLE('',(#11824));
#11824 = SURFACE_STYLE_FILL_AREA(#11825);
#11825 = FILL_AREA_STYLE('',(#11826));
#11826 = FILL_AREA_STYLE_COLOUR('',#10499);
#11827 = STYLED_ITEM('color',(#11828),#6194);
#11828 = PRESENTATION_STYLE_ASSIGNMENT((#11829));
#11829 = SURFACE_STYLE_USAGE(.BOTH.,#11830);
#11830 = SURFACE_SIDE_STYLE('',(#11831));
#11831 = SURFACE_STYLE_FILL_AREA(#11832);
#11832 = FILL_AREA_STYLE('',(#11833));
#11833 = FILL_AREA_STYLE_COLOUR('',#10499);
#11834 = STYLED_ITEM('color',(#11835),#6211);
#11835 = PRESENTATION_STYLE_ASSIGNMENT((#11836));
#11836 = SURFACE_STYLE_USAGE(.BOTH.,#11837);
#11837 = SURFACE_SIDE_STYLE('',(#11838));
#11838 = SURFACE_STYLE_FILL_AREA(#11839);
#11839 = FILL_AREA_STYLE('',(#11840));
#11840 = FILL_AREA_STYLE_COLOUR('',#10499);
#11841 = STYLED_ITEM('color',(#11842),#6223);
#11842 = PRESENTATION_STYLE_ASSIGNMENT((#11843));
#11843 = SURFACE_STYLE_USAGE(.BOTH.,#11844);
#11844 = SURFACE_SIDE_STYLE('',(#11845));
#11845 = SURFACE_STYLE_FILL_AREA(#11846);
#11846 = FILL_AREA_STYLE('',(#11847));
#11847 = FILL_AREA_STYLE_COLOUR('',#10499);
#11848 = STYLED_ITEM('color',(#11849),#6240);
#11849 = PRESENTATION_STYLE_ASSIGNMENT((#11850));
#11850 = SURFACE_STYLE_USAGE(.BOTH.,#11851);
#11851 = SURFACE_SIDE_STYLE('',(#11852));
#11852 = SURFACE_STYLE_FILL_AREA(#11853);
#11853 = FILL_AREA_STYLE('',(#11854));
#11854 = FILL_AREA_STYLE_COLOUR('',#10499);
#11855 = STYLED_ITEM('color',(#11856),#6257);
#11856 = PRESENTATION_STYLE_ASSIGNMENT((#11857));
#11857 = SURFACE_STYLE_USAGE(.BOTH.,#11858);
#11858 = SURFACE_SIDE_STYLE('',(#11859));
#11859 = SURFACE_STYLE_FILL_AREA(#11860);
#11860 = FILL_AREA_STYLE('',(#11861));
#11861 = FILL_AREA_STYLE_COLOUR('',#10499);
#11862 = STYLED_ITEM('color',(#11863),#6274);
#11863 = PRESENTATION_STYLE_ASSIGNMENT((#11864));
#11864 = SURFACE_STYLE_USAGE(.BOTH.,#11865);
#11865 = SURFACE_SIDE_STYLE('',(#11866));
#11866 = SURFACE_STYLE_FILL_AREA(#11867);
#11867 = FILL_AREA_STYLE('',(#11868));
#11868 = FILL_AREA_STYLE_COLOUR('',#10499);
#11869 = STYLED_ITEM('color',(#11870),#6291);
#11870 = PRESENTATION_STYLE_ASSIGNMENT((#11871));
#11871 = SURFACE_STYLE_USAGE(.BOTH.,#11872);
#11872 = SURFACE_SIDE_STYLE('',(#11873));
#11873 = SURFACE_STYLE_FILL_AREA(#11874);
#11874 = FILL_AREA_STYLE('',(#11875));
#11875 = FILL_AREA_STYLE_COLOUR('',#10499);
#11876 = STYLED_ITEM('color',(#11877),#6308);
#11877 = PRESENTATION_STYLE_ASSIGNMENT((#11878));
#11878 = SURFACE_STYLE_USAGE(.BOTH.,#11879);
#11879 = SURFACE_SIDE_STYLE('',(#11880));
#11880 = SURFACE_STYLE_FILL_AREA(#11881);
#11881 = FILL_AREA_STYLE('',(#11882));
#11882 = FILL_AREA_STYLE_COLOUR('',#10499);
#11883 = STYLED_ITEM('color',(#11884),#6325);
#11884 = PRESENTATION_STYLE_ASSIGNMENT((#11885));
#11885 = SURFACE_STYLE_USAGE(.BOTH.,#11886);
#11886 = SURFACE_SIDE_STYLE('',(#11887));
#11887 = SURFACE_STYLE_FILL_AREA(#11888);
#11888 = FILL_AREA_STYLE('',(#11889));
#11889 = FILL_AREA_STYLE_COLOUR('',#10499);
#11890 = STYLED_ITEM('color',(#11891),#6342);
#11891 = PRESENTATION_STYLE_ASSIGNMENT((#11892));
#11892 = SURFACE_STYLE_USAGE(.BOTH.,#11893);
#11893 = SURFACE_SIDE_STYLE('',(#11894));
#11894 = SURFACE_STYLE_FILL_AREA(#11895);
#11895 = FILL_AREA_STYLE('',(#11896));
#11896 = FILL_AREA_STYLE_COLOUR('',#10499);
#11897 = STYLED_ITEM('color',(#11898),#6359);
#11898 = PRESENTATION_STYLE_ASSIGNMENT((#11899));
#11899 = SURFACE_STYLE_USAGE(.BOTH.,#11900);
#11900 = SURFACE_SIDE_STYLE('',(#11901));
#11901 = SURFACE_STYLE_FILL_AREA(#11902);
#11902 = FILL_AREA_STYLE('',(#11903));
#11903 = FILL_AREA_STYLE_COLOUR('',#10499);
#11904 = MECHANICAL_DESIGN_GEOMETRIC_PRESENTATION_REPRESENTATION('',(
    #11905,#11912,#11919,#11926,#11933,#11940,#11947,#11954,#11961,
    #11968,#11975,#11983,#11990,#11997,#12004,#12011,#12018,#12025,
    #12032,#12039,#12046,#12053,#12060,#12067,#12074,#12081,#12088,
    #12095),#2366);
#11905 = STYLED_ITEM('color',(#11906),#1514);
#11906 = PRESENTATION_STYLE_ASSIGNMENT((#11907));
#11907 = SURFACE_STYLE_USAGE(.BOTH.,#11908);
#11908 = SURFACE_SIDE_STYLE('',(#11909));
#11909 = SURFACE_STYLE_FILL_AREA(#11910);
#11910 = FILL_AREA_STYLE('',(#11911));
#11911 = FILL_AREA_STYLE_COLOUR('',#10499);
#11912 = STYLED_ITEM('color',(#11913),#1590);
#11913 = PRESENTATION_STYLE_ASSIGNMENT((#11914));
#11914 = SURFACE_STYLE_USAGE(.BOTH.,#11915);
#11915 = SURFACE_SIDE_STYLE('',(#11916));
#11916 = SURFACE_STYLE_FILL_AREA(#11917);
#11917 = FILL_AREA_STYLE('',(#11918));
#11918 = FILL_AREA_STYLE_COLOUR('',#10499);
#11919 = STYLED_ITEM('color',(#11920),#1621);
#11920 = PRESENTATION_STYLE_ASSIGNMENT((#11921));
#11921 = SURFACE_STYLE_USAGE(.BOTH.,#11922);
#11922 = SURFACE_SIDE_STYLE('',(#11923));
#11923 = SURFACE_STYLE_FILL_AREA(#11924);
#11924 = FILL_AREA_STYLE('',(#11925));
#11925 = FILL_AREA_STYLE_COLOUR('',#10499);
#11926 = STYLED_ITEM('color',(#11927),#1646);
#11927 = PRESENTATION_STYLE_ASSIGNMENT((#11928));
#11928 = SURFACE_STYLE_USAGE(.BOTH.,#11929);
#11929 = SURFACE_SIDE_STYLE('',(#11930));
#11930 = SURFACE_STYLE_FILL_AREA(#11931);
#11931 = FILL_AREA_STYLE('',(#11932));
#11932 = FILL_AREA_STYLE_COLOUR('',#10499);
#11933 = STYLED_ITEM('color',(#11934),#1671);
#11934 = PRESENTATION_STYLE_ASSIGNMENT((#11935));
#11935 = SURFACE_STYLE_USAGE(.BOTH.,#11936);
#11936 = SURFACE_SIDE_STYLE('',(#11937));
#11937 = SURFACE_STYLE_FILL_AREA(#11938);
#11938 = FILL_AREA_STYLE('',(#11939));
#11939 = FILL_AREA_STYLE_COLOUR('',#10499);
#11940 = STYLED_ITEM('color',(#11941),#1695);
#11941 = PRESENTATION_STYLE_ASSIGNMENT((#11942));
#11942 = SURFACE_STYLE_USAGE(.BOTH.,#11943);
#11943 = SURFACE_SIDE_STYLE('',(#11944));
#11944 = SURFACE_STYLE_FILL_AREA(#11945);
#11945 = FILL_AREA_STYLE('',(#11946));
#11946 = FILL_AREA_STYLE_COLOUR('',#10499);
#11947 = STYLED_ITEM('color',(#11948),#1719);
#11948 = PRESENTATION_STYLE_ASSIGNMENT((#11949));
#11949 = SURFACE_STYLE_USAGE(.BOTH.,#11950);
#11950 = SURFACE_SIDE_STYLE('',(#11951));
#11951 = SURFACE_STYLE_FILL_AREA(#11952);
#11952 = FILL_AREA_STYLE('',(#11953));
#11953 = FILL_AREA_STYLE_COLOUR('',#10499);
#11954 = STYLED_ITEM('color',(#11955),#1744);
#11955 = PRESENTATION_STYLE_ASSIGNMENT((#11956));
#11956 = SURFACE_STYLE_USAGE(.BOTH.,#11957);
#11957 = SURFACE_SIDE_STYLE('',(#11958));
#11958 = SURFACE_STYLE_FILL_AREA(#11959);
#11959 = FILL_AREA_STYLE('',(#11960));
#11960 = FILL_AREA_STYLE_COLOUR('',#10499);
#11961 = STYLED_ITEM('color',(#11962),#1769);
#11962 = PRESENTATION_STYLE_ASSIGNMENT((#11963));
#11963 = SURFACE_STYLE_USAGE(.BOTH.,#11964);
#11964 = SURFACE_SIDE_STYLE('',(#11965));
#11965 = SURFACE_STYLE_FILL_AREA(#11966);
#11966 = FILL_AREA_STYLE('',(#11967));
#11967 = FILL_AREA_STYLE_COLOUR('',#10499);
#11968 = STYLED_ITEM('color',(#11969),#1786);
#11969 = PRESENTATION_STYLE_ASSIGNMENT((#11970));
#11970 = SURFACE_STYLE_USAGE(.BOTH.,#11971);
#11971 = SURFACE_SIDE_STYLE('',(#11972));
#11972 = SURFACE_STYLE_FILL_AREA(#11973);
#11973 = FILL_AREA_STYLE('',(#11974));
#11974 = FILL_AREA_STYLE_COLOUR('',#10499);
#11975 = STYLED_ITEM('color',(#11976),#1872);
#11976 = PRESENTATION_STYLE_ASSIGNMENT((#11977));
#11977 = SURFACE_STYLE_USAGE(.BOTH.,#11978);
#11978 = SURFACE_SIDE_STYLE('',(#11979));
#11979 = SURFACE_STYLE_FILL_AREA(#11980);
#11980 = FILL_AREA_STYLE('',(#11981));
#11981 = FILL_AREA_STYLE_COLOUR('',#11982);
#11982 = COLOUR_RGB('',0.379000005575,0.270000008848,0.214999999939);
#11983 = STYLED_ITEM('color',(#11984),#1904);
#11984 = PRESENTATION_STYLE_ASSIGNMENT((#11985));
#11985 = SURFACE_STYLE_USAGE(.BOTH.,#11986);
#11986 = SURFACE_SIDE_STYLE('',(#11987));
#11987 = SURFACE_STYLE_FILL_AREA(#11988);
#11988 = FILL_AREA_STYLE('',(#11989));
#11989 = FILL_AREA_STYLE_COLOUR('',#11982);
#11990 = STYLED_ITEM('color',(#11991),#1928);
#11991 = PRESENTATION_STYLE_ASSIGNMENT((#11992));
#11992 = SURFACE_STYLE_USAGE(.BOTH.,#11993);
#11993 = SURFACE_SIDE_STYLE('',(#11994));
#11994 = SURFACE_STYLE_FILL_AREA(#11995);
#11995 = FILL_AREA_STYLE('',(#11996));
#11996 = FILL_AREA_STYLE_COLOUR('',#11982);
#11997 = STYLED_ITEM('color',(#11998),#1953);
#11998 = PRESENTATION_STYLE_ASSIGNMENT((#11999));
#11999 = SURFACE_STYLE_USAGE(.BOTH.,#12000);
#12000 = SURFACE_SIDE_STYLE('',(#12001));
#12001 = SURFACE_STYLE_FILL_AREA(#12002);
#12002 = FILL_AREA_STYLE('',(#12003));
#12003 = FILL_AREA_STYLE_COLOUR('',#11982);
#12004 = STYLED_ITEM('color',(#12005),#1977);
#12005 = PRESENTATION_STYLE_ASSIGNMENT((#12006));
#12006 = SURFACE_STYLE_USAGE(.BOTH.,#12007);
#12007 = SURFACE_SIDE_STYLE('',(#12008));
#12008 = SURFACE_STYLE_FILL_AREA(#12009);
#12009 = FILL_AREA_STYLE('',(#12010));
#12010 = FILL_AREA_STYLE_COLOUR('',#11982);
#12011 = STYLED_ITEM('color',(#12012),#2002);
#12012 = PRESENTATION_STYLE_ASSIGNMENT((#12013));
#12013 = SURFACE_STYLE_USAGE(.BOTH.,#12014);
#12014 = SURFACE_SIDE_STYLE('',(#12015));
#12015 = SURFACE_STYLE_FILL_AREA(#12016);
#12016 = FILL_AREA_STYLE('',(#12017));
#12017 = FILL_AREA_STYLE_COLOUR('',#11982);
#12018 = STYLED_ITEM('color',(#12019),#2026);
#12019 = PRESENTATION_STYLE_ASSIGNMENT((#12020));
#12020 = SURFACE_STYLE_USAGE(.BOTH.,#12021);
#12021 = SURFACE_SIDE_STYLE('',(#12022));
#12022 = SURFACE_STYLE_FILL_AREA(#12023);
#12023 = FILL_AREA_STYLE('',(#12024));
#12024 = FILL_AREA_STYLE_COLOUR('',#11982);
#12025 = STYLED_ITEM('color',(#12026),#2051);
#12026 = PRESENTATION_STYLE_ASSIGNMENT((#12027));
#12027 = SURFACE_STYLE_USAGE(.BOTH.,#12028);
#12028 = SURFACE_SIDE_STYLE('',(#12029));
#12029 = SURFACE_STYLE_FILL_AREA(#12030);
#12030 = FILL_AREA_STYLE('',(#12031));
#12031 = FILL_AREA_STYLE_COLOUR('',#11982);
#12032 = STYLED_ITEM('color',(#12033),#2068);
#12033 = PRESENTATION_STYLE_ASSIGNMENT((#12034));
#12034 = SURFACE_STYLE_USAGE(.BOTH.,#12035);
#12035 = SURFACE_SIDE_STYLE('',(#12036));
#12036 = SURFACE_STYLE_FILL_AREA(#12037);
#12037 = FILL_AREA_STYLE('',(#12038));
#12038 = FILL_AREA_STYLE_COLOUR('',#10499);
#12039 = STYLED_ITEM('color',(#12040),#2154);
#12040 = PRESENTATION_STYLE_ASSIGNMENT((#12041));
#12041 = SURFACE_STYLE_USAGE(.BOTH.,#12042);
#12042 = SURFACE_SIDE_STYLE('',(#12043));
#12043 = SURFACE_STYLE_FILL_AREA(#12044);
#12044 = FILL_AREA_STYLE('',(#12045));
#12045 = FILL_AREA_STYLE_COLOUR('',#10499);
#12046 = STYLED_ITEM('color',(#12047),#2185);
#12047 = PRESENTATION_STYLE_ASSIGNMENT((#12048));
#12048 = SURFACE_STYLE_USAGE(.BOTH.,#12049);
#12049 = SURFACE_SIDE_STYLE('',(#12050));
#12050 = SURFACE_STYLE_FILL_AREA(#12051);
#12051 = FILL_AREA_STYLE('',(#12052));
#12052 = FILL_AREA_STYLE_COLOUR('',#10499);
#12053 = STYLED_ITEM('color',(#12054),#2210);
#12054 = PRESENTATION_STYLE_ASSIGNMENT((#12055));
#12055 = SURFACE_STYLE_USAGE(.BOTH.,#12056);
#12056 = SURFACE_SIDE_STYLE('',(#12057));
#12057 = SURFACE_STYLE_FILL_AREA(#12058);
#12058 = FILL_AREA_STYLE('',(#12059));
#12059 = FILL_AREA_STYLE_COLOUR('',#10499);
#12060 = STYLED_ITEM('color',(#12061),#2235);
#12061 = PRESENTATION_STYLE_ASSIGNMENT((#12062));
#12062 = SURFACE_STYLE_USAGE(.BOTH.,#12063);
#12063 = SURFACE_SIDE_STYLE('',(#12064));
#12064 = SURFACE_STYLE_FILL_AREA(#12065);
#12065 = FILL_AREA_STYLE('',(#12066));
#12066 = FILL_AREA_STYLE_COLOUR('',#10499);
#12067 = STYLED_ITEM('color',(#12068),#2259);
#12068 = PRESENTATION_STYLE_ASSIGNMENT((#12069));
#12069 = SURFACE_STYLE_USAGE(.BOTH.,#12070);
#12070 = SURFACE_SIDE_STYLE('',(#12071));
#12071 = SURFACE_STYLE_FILL_AREA(#12072);
#12072 = FILL_AREA_STYLE('',(#12073));
#12073 = FILL_AREA_STYLE_COLOUR('',#10499);
#12074 = STYLED_ITEM('color',(#12075),#2283);
#12075 = PRESENTATION_STYLE_ASSIGNMENT((#12076));
#12076 = SURFACE_STYLE_USAGE(.BOTH.,#12077);
#12077 = SURFACE_SIDE_STYLE('',(#12078));
#12078 = SURFACE_STYLE_FILL_AREA(#12079);
#12079 = FILL_AREA_STYLE('',(#12080));
#12080 = FILL_AREA_STYLE_COLOUR('',#10499);
#12081 = STYLED_ITEM('color',(#12082),#2308);
#12082 = PRESENTATION_STYLE_ASSIGNMENT((#12083));
#12083 = SURFACE_STYLE_USAGE(.BOTH.,#12084);
#12084 = SURFACE_SIDE_STYLE('',(#12085));
#12085 = SURFACE_STYLE_FILL_AREA(#12086);
#12086 = FILL_AREA_STYLE('',(#12087));
#12087 = FILL_AREA_STYLE_COLOUR('',#10499);
#12088 = STYLED_ITEM('color',(#12089),#2333);
#12089 = PRESENTATION_STYLE_ASSIGNMENT((#12090));
#12090 = SURFACE_STYLE_USAGE(.BOTH.,#12091);
#12091 = SURFACE_SIDE_STYLE('',(#12092));
#12092 = SURFACE_STYLE_FILL_AREA(#12093);
#12093 = FILL_AREA_STYLE('',(#12094));
#12094 = FILL_AREA_STYLE_COLOUR('',#10499);
#12095 = STYLED_ITEM('color',(#12096),#2350);
#12096 = PRESENTATION_STYLE_ASSIGNMENT((#12097));
#12097 = SURFACE_STYLE_USAGE(.BOTH.,#12098);
#12098 = SURFACE_SIDE_STYLE('',(#12099));
#12099 = SURFACE_STYLE_FILL_AREA(#12100);
#12100 = FILL_AREA_STYLE('',(#12101));
#12101 = FILL_AREA_STYLE_COLOUR('',#10499);
#12102 = MECHANICAL_DESIGN_GEOMETRIC_PRESENTATION_REPRESENTATION('',(
    #12103),#10437);
#12103 = STYLED_ITEM('color',(#12104),#8515);
#12104 = PRESENTATION_STYLE_ASSIGNMENT((#12105));
#12105 = SURFACE_STYLE_USAGE(.BOTH.,#12106);
#12106 = SURFACE_SIDE_STYLE('',(#12107));
#12107 = SURFACE_STYLE_FILL_AREA(#12108);
#12108 = FILL_AREA_STYLE('',(#12109));
#12109 = FILL_AREA_STYLE_COLOUR('',#12110);
#12110 = COLOUR_RGB('',0.313304153717,0.484529207832,0.410020903123);
#12111 = MECHANICAL_DESIGN_GEOMETRIC_PRESENTATION_REPRESENTATION('',(
    #12112,#12119,#12126,#12133,#12140,#12147,#12154,#12161,#12168,
    #12175,#12182,#12189,#12196,#12203,#12210,#12217,#12224,#12231,
    #12238,#12245,#12252,#12259,#12266,#12273,#12280,#12287,#12294,
    #12301,#12308,#12315,#12322,#12329,#12336,#12343,#12350,#12357,
    #12364,#12371,#12378,#12385,#12392,#12399,#12406,#12413,#12420,
    #12427,#12434,#12441,#12448,#12455,#12462,#12469),#1493);
#12112 = STYLED_ITEM('color',(#12113),#63);
#12113 = PRESENTATION_STYLE_ASSIGNMENT((#12114));
#12114 = SURFACE_STYLE_USAGE(.BOTH.,#12115);
#12115 = SURFACE_SIDE_STYLE('',(#12116));
#12116 = SURFACE_STYLE_FILL_AREA(#12117);
#12117 = FILL_AREA_STYLE('',(#12118));
#12118 = FILL_AREA_STYLE_COLOUR('',#10641);
#12119 = STYLED_ITEM('color',(#12120),#103);
#12120 = PRESENTATION_STYLE_ASSIGNMENT((#12121));
#12121 = SURFACE_STYLE_USAGE(.BOTH.,#12122);
#12122 = SURFACE_SIDE_STYLE('',(#12123));
#12123 = SURFACE_STYLE_FILL_AREA(#12124);
#12124 = FILL_AREA_STYLE('',(#12125));
#12125 = FILL_AREA_STYLE_COLOUR('',#10641);
#12126 = STYLED_ITEM('color',(#12127),#134);
#12127 = PRESENTATION_STYLE_ASSIGNMENT((#12128));
#12128 = SURFACE_STYLE_USAGE(.BOTH.,#12129);
#12129 = SURFACE_SIDE_STYLE('',(#12130));
#12130 = SURFACE_STYLE_FILL_AREA(#12131);
#12131 = FILL_AREA_STYLE('',(#12132));
#12132 = FILL_AREA_STYLE_COLOUR('',#10641);
#12133 = STYLED_ITEM('color',(#12134),#165);
#12134 = PRESENTATION_STYLE_ASSIGNMENT((#12135));
#12135 = SURFACE_STYLE_USAGE(.BOTH.,#12136);
#12136 = SURFACE_SIDE_STYLE('',(#12137));
#12137 = SURFACE_STYLE_FILL_AREA(#12138);
#12138 = FILL_AREA_STYLE('',(#12139));
#12139 = FILL_AREA_STYLE_COLOUR('',#10641);
#12140 = STYLED_ITEM('color',(#12141),#330);
#12141 = PRESENTATION_STYLE_ASSIGNMENT((#12142));
#12142 = SURFACE_STYLE_USAGE(.BOTH.,#12143);
#12143 = SURFACE_SIDE_STYLE('',(#12144));
#12144 = SURFACE_STYLE_FILL_AREA(#12145);
#12145 = FILL_AREA_STYLE('',(#12146));
#12146 = FILL_AREA_STYLE_COLOUR('',#10641);
#12147 = STYLED_ITEM('color',(#12148),#495);
#12148 = PRESENTATION_STYLE_ASSIGNMENT((#12149));
#12149 = SURFACE_STYLE_USAGE(.BOTH.,#12150);
#12150 = SURFACE_SIDE_STYLE('',(#12151));
#12151 = SURFACE_STYLE_FILL_AREA(#12152);
#12152 = FILL_AREA_STYLE('',(#12153));
#12153 = FILL_AREA_STYLE_COLOUR('',#10641);
#12154 = STYLED_ITEM('color',(#12155),#512);
#12155 = PRESENTATION_STYLE_ASSIGNMENT((#12156));
#12156 = SURFACE_STYLE_USAGE(.BOTH.,#12157);
#12157 = SURFACE_SIDE_STYLE('',(#12158));
#12158 = SURFACE_STYLE_FILL_AREA(#12159);
#12159 = FILL_AREA_STYLE('',(#12160));
#12160 = FILL_AREA_STYLE_COLOUR('',#10641);
#12161 = STYLED_ITEM('color',(#12162),#529);
#12162 = PRESENTATION_STYLE_ASSIGNMENT((#12163));
#12163 = SURFACE_STYLE_USAGE(.BOTH.,#12164);
#12164 = SURFACE_SIDE_STYLE('',(#12165));
#12165 = SURFACE_STYLE_FILL_AREA(#12166);
#12166 = FILL_AREA_STYLE('',(#12167));
#12167 = FILL_AREA_STYLE_COLOUR('',#10641);
#12168 = STYLED_ITEM('color',(#12169),#546);
#12169 = PRESENTATION_STYLE_ASSIGNMENT((#12170));
#12170 = SURFACE_STYLE_USAGE(.BOTH.,#12171);
#12171 = SURFACE_SIDE_STYLE('',(#12172));
#12172 = SURFACE_STYLE_FILL_AREA(#12173);
#12173 = FILL_AREA_STYLE('',(#12174));
#12174 = FILL_AREA_STYLE_COLOUR('',#10641);
#12175 = STYLED_ITEM('color',(#12176),#563);
#12176 = PRESENTATION_STYLE_ASSIGNMENT((#12177));
#12177 = SURFACE_STYLE_USAGE(.BOTH.,#12178);
#12178 = SURFACE_SIDE_STYLE('',(#12179));
#12179 = SURFACE_STYLE_FILL_AREA(#12180);
#12180 = FILL_AREA_STYLE('',(#12181));
#12181 = FILL_AREA_STYLE_COLOUR('',#10641);
#12182 = STYLED_ITEM('color',(#12183),#580);
#12183 = PRESENTATION_STYLE_ASSIGNMENT((#12184));
#12184 = SURFACE_STYLE_USAGE(.BOTH.,#12185);
#12185 = SURFACE_SIDE_STYLE('',(#12186));
#12186 = SURFACE_STYLE_FILL_AREA(#12187);
#12187 = FILL_AREA_STYLE('',(#12188));
#12188 = FILL_AREA_STYLE_COLOUR('',#10641);
#12189 = STYLED_ITEM('color',(#12190),#597);
#12190 = PRESENTATION_STYLE_ASSIGNMENT((#12191));
#12191 = SURFACE_STYLE_USAGE(.BOTH.,#12192);
#12192 = SURFACE_SIDE_STYLE('',(#12193));
#12193 = SURFACE_STYLE_FILL_AREA(#12194);
#12194 = FILL_AREA_STYLE('',(#12195));
#12195 = FILL_AREA_STYLE_COLOUR('',#10641);
#12196 = STYLED_ITEM('color',(#12197),#614);
#12197 = PRESENTATION_STYLE_ASSIGNMENT((#12198));
#12198 = SURFACE_STYLE_USAGE(.BOTH.,#12199);
#12199 = SURFACE_SIDE_STYLE('',(#12200));
#12200 = SURFACE_STYLE_FILL_AREA(#12201);
#12201 = FILL_AREA_STYLE('',(#12202));
#12202 = FILL_AREA_STYLE_COLOUR('',#10641);
#12203 = STYLED_ITEM('color',(#12204),#631);
#12204 = PRESENTATION_STYLE_ASSIGNMENT((#12205));
#12205 = SURFACE_STYLE_USAGE(.BOTH.,#12206);
#12206 = SURFACE_SIDE_STYLE('',(#12207));
#12207 = SURFACE_STYLE_FILL_AREA(#12208);
#12208 = FILL_AREA_STYLE('',(#12209));
#12209 = FILL_AREA_STYLE_COLOUR('',#10641);
#12210 = STYLED_ITEM('color',(#12211),#648);
#12211 = PRESENTATION_STYLE_ASSIGNMENT((#12212));
#12212 = SURFACE_STYLE_USAGE(.BOTH.,#12213);
#12213 = SURFACE_SIDE_STYLE('',(#12214));
#12214 = SURFACE_STYLE_FILL_AREA(#12215);
#12215 = FILL_AREA_STYLE('',(#12216));
#12216 = FILL_AREA_STYLE_COLOUR('',#10641);
#12217 = STYLED_ITEM('color',(#12218),#665);
#12218 = PRESENTATION_STYLE_ASSIGNMENT((#12219));
#12219 = SURFACE_STYLE_USAGE(.BOTH.,#12220);
#12220 = SURFACE_SIDE_STYLE('',(#12221));
#12221 = SURFACE_STYLE_FILL_AREA(#12222);
#12222 = FILL_AREA_STYLE('',(#12223));
#12223 = FILL_AREA_STYLE_COLOUR('',#10641);
#12224 = STYLED_ITEM('color',(#12225),#677);
#12225 = PRESENTATION_STYLE_ASSIGNMENT((#12226));
#12226 = SURFACE_STYLE_USAGE(.BOTH.,#12227);
#12227 = SURFACE_SIDE_STYLE('',(#12228));
#12228 = SURFACE_STYLE_FILL_AREA(#12229);
#12229 = FILL_AREA_STYLE('',(#12230));
#12230 = FILL_AREA_STYLE_COLOUR('',#10796);
#12231 = STYLED_ITEM('color',(#12232),#708);
#12232 = PRESENTATION_STYLE_ASSIGNMENT((#12233));
#12233 = SURFACE_STYLE_USAGE(.BOTH.,#12234);
#12234 = SURFACE_SIDE_STYLE('',(#12235));
#12235 = SURFACE_STYLE_FILL_AREA(#12236);
#12236 = FILL_AREA_STYLE('',(#12237));
#12237 = FILL_AREA_STYLE_COLOUR('',#10796);
#12238 = STYLED_ITEM('color',(#12239),#732);
#12239 = PRESENTATION_STYLE_ASSIGNMENT((#12240));
#12240 = SURFACE_STYLE_USAGE(.BOTH.,#12241);
#12241 = SURFACE_SIDE_STYLE('',(#12242));
#12242 = SURFACE_STYLE_FILL_AREA(#12243);
#12243 = FILL_AREA_STYLE('',(#12244));
#12244 = FILL_AREA_STYLE_COLOUR('',#10796);
#12245 = STYLED_ITEM('color',(#12246),#756);
#12246 = PRESENTATION_STYLE_ASSIGNMENT((#12247));
#12247 = SURFACE_STYLE_USAGE(.BOTH.,#12248);
#12248 = SURFACE_SIDE_STYLE('',(#12249));
#12249 = SURFACE_STYLE_FILL_AREA(#12250);
#12250 = FILL_AREA_STYLE('',(#12251));
#12251 = FILL_AREA_STYLE_COLOUR('',#10796);
#12252 = STYLED_ITEM('color',(#12253),#773);
#12253 = PRESENTATION_STYLE_ASSIGNMENT((#12254));
#12254 = SURFACE_STYLE_USAGE(.BOTH.,#12255);
#12255 = SURFACE_SIDE_STYLE('',(#12256));
#12256 = SURFACE_STYLE_FILL_AREA(#12257);
#12257 = FILL_AREA_STYLE('',(#12258));
#12258 = FILL_AREA_STYLE_COLOUR('',#10796);
#12259 = STYLED_ITEM('color',(#12260),#804);
#12260 = PRESENTATION_STYLE_ASSIGNMENT((#12261));
#12261 = SURFACE_STYLE_USAGE(.BOTH.,#12262);
#12262 = SURFACE_SIDE_STYLE('',(#12263));
#12263 = SURFACE_STYLE_FILL_AREA(#12264);
#12264 = FILL_AREA_STYLE('',(#12265));
#12265 = FILL_AREA_STYLE_COLOUR('',#10796);
#12266 = STYLED_ITEM('color',(#12267),#828);
#12267 = PRESENTATION_STYLE_ASSIGNMENT((#12268));
#12268 = SURFACE_STYLE_USAGE(.BOTH.,#12269);
#12269 = SURFACE_SIDE_STYLE('',(#12270));
#12270 = SURFACE_STYLE_FILL_AREA(#12271);
#12271 = FILL_AREA_STYLE('',(#12272));
#12272 = FILL_AREA_STYLE_COLOUR('',#10796);
#12273 = STYLED_ITEM('color',(#12274),#852);
#12274 = PRESENTATION_STYLE_ASSIGNMENT((#12275));
#12275 = SURFACE_STYLE_USAGE(.BOTH.,#12276);
#12276 = SURFACE_SIDE_STYLE('',(#12277));
#12277 = SURFACE_STYLE_FILL_AREA(#12278);
#12278 = FILL_AREA_STYLE('',(#12279));
#12279 = FILL_AREA_STYLE_COLOUR('',#10796);
#12280 = STYLED_ITEM('color',(#12281),#869);
#12281 = PRESENTATION_STYLE_ASSIGNMENT((#12282));
#12282 = SURFACE_STYLE_USAGE(.BOTH.,#12283);
#12283 = SURFACE_SIDE_STYLE('',(#12284));
#12284 = SURFACE_STYLE_FILL_AREA(#12285);
#12285 = FILL_AREA_STYLE('',(#12286));
#12286 = FILL_AREA_STYLE_COLOUR('',#10796);
#12287 = STYLED_ITEM('color',(#12288),#900);
#12288 = PRESENTATION_STYLE_ASSIGNMENT((#12289));
#12289 = SURFACE_STYLE_USAGE(.BOTH.,#12290);
#12290 = SURFACE_SIDE_STYLE('',(#12291));
#12291 = SURFACE_STYLE_FILL_AREA(#12292);
#12292 = FILL_AREA_STYLE('',(#12293));
#12293 = FILL_AREA_STYLE_COLOUR('',#10796);
#12294 = STYLED_ITEM('color',(#12295),#924);
#12295 = PRESENTATION_STYLE_ASSIGNMENT((#12296));
#12296 = SURFACE_STYLE_USAGE(.BOTH.,#12297);
#12297 = SURFACE_SIDE_STYLE('',(#12298));
#12298 = SURFACE_STYLE_FILL_AREA(#12299);
#12299 = FILL_AREA_STYLE('',(#12300));
#12300 = FILL_AREA_STYLE_COLOUR('',#10796);
#12301 = STYLED_ITEM('color',(#12302),#948);
#12302 = PRESENTATION_STYLE_ASSIGNMENT((#12303));
#12303 = SURFACE_STYLE_USAGE(.BOTH.,#12304);
#12304 = SURFACE_SIDE_STYLE('',(#12305));
#12305 = SURFACE_STYLE_FILL_AREA(#12306);
#12306 = FILL_AREA_STYLE('',(#12307));
#12307 = FILL_AREA_STYLE_COLOUR('',#10796);
#12308 = STYLED_ITEM('color',(#12309),#965);
#12309 = PRESENTATION_STYLE_ASSIGNMENT((#12310));
#12310 = SURFACE_STYLE_USAGE(.BOTH.,#12311);
#12311 = SURFACE_SIDE_STYLE('',(#12312));
#12312 = SURFACE_STYLE_FILL_AREA(#12313);
#12313 = FILL_AREA_STYLE('',(#12314));
#12314 = FILL_AREA_STYLE_COLOUR('',#10796);
#12315 = STYLED_ITEM('color',(#12316),#996);
#12316 = PRESENTATION_STYLE_ASSIGNMENT((#12317));
#12317 = SURFACE_STYLE_USAGE(.BOTH.,#12318);
#12318 = SURFACE_SIDE_STYLE('',(#12319));
#12319 = SURFACE_STYLE_FILL_AREA(#12320);
#12320 = FILL_AREA_STYLE('',(#12321));
#12321 = FILL_AREA_STYLE_COLOUR('',#10796);
#12322 = STYLED_ITEM('color',(#12323),#1020);
#12323 = PRESENTATION_STYLE_ASSIGNMENT((#12324));
#12324 = SURFACE_STYLE_USAGE(.BOTH.,#12325);
#12325 = SURFACE_SIDE_STYLE('',(#12326));
#12326 = SURFACE_STYLE_FILL_AREA(#12327);
#12327 = FILL_AREA_STYLE('',(#12328));
#12328 = FILL_AREA_STYLE_COLOUR('',#10796);
#12329 = STYLED_ITEM('color',(#12330),#1044);
#12330 = PRESENTATION_STYLE_ASSIGNMENT((#12331));
#12331 = SURFACE_STYLE_USAGE(.BOTH.,#12332);
#12332 = SURFACE_SIDE_STYLE('',(#12333));
#12333 = SURFACE_STYLE_FILL_AREA(#12334);
#12334 = FILL_AREA_STYLE('',(#12335));
#12335 = FILL_AREA_STYLE_COLOUR('',#10796);
#12336 = STYLED_ITEM('color',(#12337),#1061);
#12337 = PRESENTATION_STYLE_ASSIGNMENT((#12338));
#12338 = SURFACE_STYLE_USAGE(.BOTH.,#12339);
#12339 = SURFACE_SIDE_STYLE('',(#12340));
#12340 = SURFACE_STYLE_FILL_AREA(#12341);
#12341 = FILL_AREA_STYLE('',(#12342));
#12342 = FILL_AREA_STYLE_COLOUR('',#10796);
#12343 = STYLED_ITEM('color',(#12344),#1092);
#12344 = PRESENTATION_STYLE_ASSIGNMENT((#12345));
#12345 = SURFACE_STYLE_USAGE(.BOTH.,#12346);
#12346 = SURFACE_SIDE_STYLE('',(#12347));
#12347 = SURFACE_STYLE_FILL_AREA(#12348);
#12348 = FILL_AREA_STYLE('',(#12349));
#12349 = FILL_AREA_STYLE_COLOUR('',#10796);
#12350 = STYLED_ITEM('color',(#12351),#1116);
#12351 = PRESENTATION_STYLE_ASSIGNMENT((#12352));
#12352 = SURFACE_STYLE_USAGE(.BOTH.,#12353);
#12353 = SURFACE_SIDE_STYLE('',(#12354));
#12354 = SURFACE_STYLE_FILL_AREA(#12355);
#12355 = FILL_AREA_STYLE('',(#12356));
#12356 = FILL_AREA_STYLE_COLOUR('',#10796);
#12357 = STYLED_ITEM('color',(#12358),#1140);
#12358 = PRESENTATION_STYLE_ASSIGNMENT((#12359));
#12359 = SURFACE_STYLE_USAGE(.BOTH.,#12360);
#12360 = SURFACE_SIDE_STYLE('',(#12361));
#12361 = SURFACE_STYLE_FILL_AREA(#12362);
#12362 = FILL_AREA_STYLE('',(#12363));
#12363 = FILL_AREA_STYLE_COLOUR('',#10796);
#12364 = STYLED_ITEM('color',(#12365),#1157);
#12365 = PRESENTATION_STYLE_ASSIGNMENT((#12366));
#12366 = SURFACE_STYLE_USAGE(.BOTH.,#12367);
#12367 = SURFACE_SIDE_STYLE('',(#12368));
#12368 = SURFACE_STYLE_FILL_AREA(#12369);
#12369 = FILL_AREA_STYLE('',(#12370));
#12370 = FILL_AREA_STYLE_COLOUR('',#10796);
#12371 = STYLED_ITEM('color',(#12372),#1188);
#12372 = PRESENTATION_STYLE_ASSIGNMENT((#12373));
#12373 = SURFACE_STYLE_USAGE(.BOTH.,#12374);
#12374 = SURFACE_SIDE_STYLE('',(#12375));
#12375 = SURFACE_STYLE_FILL_AREA(#12376);
#12376 = FILL_AREA_STYLE('',(#12377));
#12377 = FILL_AREA_STYLE_COLOUR('',#10796);
#12378 = STYLED_ITEM('color',(#12379),#1212);
#12379 = PRESENTATION_STYLE_ASSIGNMENT((#12380));
#12380 = SURFACE_STYLE_USAGE(.BOTH.,#12381);
#12381 = SURFACE_SIDE_STYLE('',(#12382));
#12382 = SURFACE_STYLE_FILL_AREA(#12383);
#12383 = FILL_AREA_STYLE('',(#12384));
#12384 = FILL_AREA_STYLE_COLOUR('',#10796);
#12385 = STYLED_ITEM('color',(#12386),#1236);
#12386 = PRESENTATION_STYLE_ASSIGNMENT((#12387));
#12387 = SURFACE_STYLE_USAGE(.BOTH.,#12388);
#12388 = SURFACE_SIDE_STYLE('',(#12389));
#12389 = SURFACE_STYLE_FILL_AREA(#12390);
#12390 = FILL_AREA_STYLE('',(#12391));
#12391 = FILL_AREA_STYLE_COLOUR('',#10796);
#12392 = STYLED_ITEM('color',(#12393),#1253);
#12393 = PRESENTATION_STYLE_ASSIGNMENT((#12394));
#12394 = SURFACE_STYLE_USAGE(.BOTH.,#12395);
#12395 = SURFACE_SIDE_STYLE('',(#12396));
#12396 = SURFACE_STYLE_FILL_AREA(#12397);
#12397 = FILL_AREA_STYLE('',(#12398));
#12398 = FILL_AREA_STYLE_COLOUR('',#10796);
#12399 = STYLED_ITEM('color',(#12400),#1284);
#12400 = PRESENTATION_STYLE_ASSIGNMENT((#12401));
#12401 = SURFACE_STYLE_USAGE(.BOTH.,#12402);
#12402 = SURFACE_SIDE_STYLE('',(#12403));
#12403 = SURFACE_STYLE_FILL_AREA(#12404);
#12404 = FILL_AREA_STYLE('',(#12405));
#12405 = FILL_AREA_STYLE_COLOUR('',#10796);
#12406 = STYLED_ITEM('color',(#12407),#1308);
#12407 = PRESENTATION_STYLE_ASSIGNMENT((#12408));
#12408 = SURFACE_STYLE_USAGE(.BOTH.,#12409);
#12409 = SURFACE_SIDE_STYLE('',(#12410));
#12410 = SURFACE_STYLE_FILL_AREA(#12411);
#12411 = FILL_AREA_STYLE('',(#12412));
#12412 = FILL_AREA_STYLE_COLOUR('',#10796);
#12413 = STYLED_ITEM('color',(#12414),#1332);
#12414 = PRESENTATION_STYLE_ASSIGNMENT((#12415));
#12415 = SURFACE_STYLE_USAGE(.BOTH.,#12416);
#12416 = SURFACE_SIDE_STYLE('',(#12417));
#12417 = SURFACE_STYLE_FILL_AREA(#12418);
#12418 = FILL_AREA_STYLE('',(#12419));
#12419 = FILL_AREA_STYLE_COLOUR('',#10796);
#12420 = STYLED_ITEM('color',(#12421),#1349);
#12421 = PRESENTATION_STYLE_ASSIGNMENT((#12422));
#12422 = SURFACE_STYLE_USAGE(.BOTH.,#12423);
#12423 = SURFACE_SIDE_STYLE('',(#12424));
#12424 = SURFACE_STYLE_FILL_AREA(#12425);
#12425 = FILL_AREA_STYLE('',(#12426));
#12426 = FILL_AREA_STYLE_COLOUR('',#10796);
#12427 = STYLED_ITEM('color',(#12428),#1380);
#12428 = PRESENTATION_STYLE_ASSIGNMENT((#12429));
#12429 = SURFACE_STYLE_USAGE(.BOTH.,#12430);
#12430 = SURFACE_SIDE_STYLE('',(#12431));
#12431 = SURFACE_STYLE_FILL_AREA(#12432);
#12432 = FILL_AREA_STYLE('',(#12433));
#12433 = FILL_AREA_STYLE_COLOUR('',#10796);
#12434 = STYLED_ITEM('color',(#12435),#1404);
#12435 = PRESENTATION_STYLE_ASSIGNMENT((#12436));
#12436 = SURFACE_STYLE_USAGE(.BOTH.,#12437);
#12437 = SURFACE_SIDE_STYLE('',(#12438));
#12438 = SURFACE_STYLE_FILL_AREA(#12439);
#12439 = FILL_AREA_STYLE('',(#12440));
#12440 = FILL_AREA_STYLE_COLOUR('',#10796);
#12441 = STYLED_ITEM('color',(#12442),#1428);
#12442 = PRESENTATION_STYLE_ASSIGNMENT((#12443));
#12443 = SURFACE_STYLE_USAGE(.BOTH.,#12444);
#12444 = SURFACE_SIDE_STYLE('',(#12445));
#12445 = SURFACE_STYLE_FILL_AREA(#12446);
#12446 = FILL_AREA_STYLE('',(#12447));
#12447 = FILL_AREA_STYLE_COLOUR('',#10796);
#12448 = STYLED_ITEM('color',(#12449),#1445);
#12449 = PRESENTATION_STYLE_ASSIGNMENT((#12450));
#12450 = SURFACE_STYLE_USAGE(.BOTH.,#12451);
#12451 = SURFACE_SIDE_STYLE('',(#12452));
#12452 = SURFACE_STYLE_FILL_AREA(#12453);
#12453 = FILL_AREA_STYLE('',(#12454));
#12454 = FILL_AREA_STYLE_COLOUR('',#10796);
#12455 = STYLED_ITEM('color',(#12456),#1457);
#12456 = PRESENTATION_STYLE_ASSIGNMENT((#12457));
#12457 = SURFACE_STYLE_USAGE(.BOTH.,#12458);
#12458 = SURFACE_SIDE_STYLE('',(#12459));
#12459 = SURFACE_STYLE_FILL_AREA(#12460);
#12460 = FILL_AREA_STYLE('',(#12461));
#12461 = FILL_AREA_STYLE_COLOUR('',#10796);
#12462 = STYLED_ITEM('color',(#12463),#1469);
#12463 = PRESENTATION_STYLE_ASSIGNMENT((#12464));
#12464 = SURFACE_STYLE_USAGE(.BOTH.,#12465);
#12465 = SURFACE_SIDE_STYLE('',(#12466));
#12466 = SURFACE_STYLE_FILL_AREA(#12467);
#12467 = FILL_AREA_STYLE('',(#12468));
#12468 = FILL_AREA_STYLE_COLOUR('',#10796);
#12469 = STYLED_ITEM('color',(#12470),#1481);
#12470 = PRESENTATION_STYLE_ASSIGNMENT((#12471));
#12471 = SURFACE_STYLE_USAGE(.BOTH.,#12472);
#12472 = SURFACE_SIDE_STYLE('',(#12473));
#12473 = SURFACE_STYLE_FILL_AREA(#12474);
#12474 = FILL_AREA_STYLE('',(#12475));
#12475 = FILL_AREA_STYLE_COLOUR('',#10796);
ENDSEC;
END-ISO-10303-21;
