ISO-10303-21;
HEADER;
FILE_DESCRIPTION(('KiCad electronic assembly'),'2;1');
FILE_NAME('schematic.step','2026-03-05T17:03:04',('Pcbnew'),('Kicad'),
  'Open CASCADE STEP processor 7.9','KiCad to STEP converter','Unknown'
  );
FILE_SCHEMA(('AUTOMOTIVE_DESIGN { 1 0 10303 214 1 1 1 1 }'));
ENDSEC;
DATA;
#1 = APPLICATION_PROTOCOL_DEFINITION('international standard',
  'automotive_design',2000,#2);
#2 = APPLICATION_CONTEXT(
  'core data for automotive mechanical design processes');
#3 = SHAPE_DEFINITION_REPRESENTATION(#4,#10);
#4 = PRODUCT_DEFINITION_SHAPE('','',#5);
#5 = PRODUCT_DEFINITION('design','',#6,#9);
#6 = PRODUCT_DEFINITION_FORMATION('','',#7);
#7 = PRODUCT('schematic 1','schematic 1','',(#8));
#8 = PRODUCT_CONTEXT('',#2,'mechanical');
#9 = PRODUCT_DEFINITION_CONTEXT('part definition',#2,'design');
#10 = SHAPE_REPRESENTATION('',(#11,#15,#19,#23,#27,#31,#35,#39,#43,#47,
    #51,#55),#59);
#11 = AXIS2_PLACEMENT_3D('',#12,#13,#14);
#12 = CARTESIAN_POINT('',(0.,0.,0.));
#13 = DIRECTION('',(0.,0.,1.));
#14 = DIRECTION('',(1.,0.,-0.));
#15 = AXIS2_PLACEMENT_3D('',#16,#17,#18);
#16 = CARTESIAN_POINT('',(147.5,-72.5,1.595));
#17 = DIRECTION('',(0.,0.,1.));
#18 = DIRECTION('',(1.,0.,0.));
#19 = AXIS2_PLACEMENT_3D('',#20,#21,#22);
#20 = CARTESIAN_POINT('',(141.55,-72.5,1.595));
#21 = DIRECTION('',(0.,0.,1.));
#22 = DIRECTION('',(-1.,1.224646799147E-16,0.));
#23 = AXIS2_PLACEMENT_3D('',#24,#25,#26);
#24 = CARTESIAN_POINT('',(160.,-57.42,1.595));
#25 = DIRECTION('',(0.,0.,1.));
#26 = DIRECTION('',(1.,0.,0.));
#27 = AXIS2_PLACEMENT_3D('',#28,#29,#30);
#28 = CARTESIAN_POINT('',(165.,-97.5,1.595));
#29 = DIRECTION('',(0.,0.,1.));
#30 = DIRECTION('',(-1.,1.224646799147E-16,0.));
#31 = AXIS2_PLACEMENT_3D('',#32,#33,#34);
#32 = CARTESIAN_POINT('',(153.25,-112.25,1.595));
#33 = DIRECTION('',(0.,0.,1.));
#34 = DIRECTION('',(-1.,1.224646799147E-16,0.));
#35 = AXIS2_PLACEMENT_3D('',#36,#37,#38);
#36 = CARTESIAN_POINT('',(147.5,-117.25,1.595));
#37 = DIRECTION('',(0.,-0.,1.));
#38 = DIRECTION('',(1.110223024625E-16,1.,0.));
#39 = AXIS2_PLACEMENT_3D('',#40,#41,#42);
#40 = CARTESIAN_POINT('',(160.,-100.,1.595));
#41 = DIRECTION('',(0.,-0.,1.));
#42 = DIRECTION('',(1.110223024625E-16,1.,0.));
#43 = AXIS2_PLACEMENT_3D('',#44,#45,#46);
#44 = CARTESIAN_POINT('',(135.,-100.,1.595));
#45 = DIRECTION('',(0.,-0.,1.));
#46 = DIRECTION('',(1.110223024625E-16,1.,0.));
#47 = AXIS2_PLACEMENT_3D('',#48,#49,#50);
#48 = CARTESIAN_POINT('',(155.,-100.,1.595));
#49 = DIRECTION('',(0.,-0.,1.));
#50 = DIRECTION('',(1.110223024625E-16,1.,0.));
#51 = AXIS2_PLACEMENT_3D('',#52,#53,#54);
#52 = CARTESIAN_POINT('',(150.,-100.,1.595));
#53 = DIRECTION('',(0.,-0.,1.));
#54 = DIRECTION('',(1.110223024625E-16,1.,0.));
#55 = AXIS2_PLACEMENT_3D('',#56,#57,#58);
#56 = CARTESIAN_POINT('',(0.,0.,0.));
#57 = DIRECTION('',(0.,0.,1.));
#58 = DIRECTION('',(1.,0.,-0.));
#59 = ( GEOMETRIC_REPRESENTATION_CONTEXT(3) 
GLOBAL_UNCERTAINTY_ASSIGNED_CONTEXT((#63)) GLOBAL_UNIT_ASSIGNED_CONTEXT(
(#60,#61,#62)) REPRESENTATION_CONTEXT('Context #1',
  '3D Context with UNIT and UNCERTAINTY') );
#60 = ( LENGTH_UNIT() NAMED_UNIT(*) SI_UNIT(.MILLI.,.METRE.) );
#61 = ( NAMED_UNIT(*) PLANE_ANGLE_UNIT() SI_UNIT($,.RADIAN.) );
#62 = ( NAMED_UNIT(*) SI_UNIT($,.STERADIAN.) SOLID_ANGLE_UNIT() );
#63 = UNCERTAINTY_MEASURE_WITH_UNIT(LENGTH_MEASURE(1.E-07),#60,
  'distance_accuracy_value','confusion accuracy');
#64 = PRODUCT_RELATED_PRODUCT_CATEGORY('part',$,(#7));
#65 = SHAPE_DEFINITION_REPRESENTATION(#66,#72);
#66 = PRODUCT_DEFINITION_SHAPE('','',#67);
#67 = PRODUCT_DEFINITION('design','',#68,#71);
#68 = PRODUCT_DEFINITION_FORMATION('','',#69);
#69 = PRODUCT('C_0805_2012Metric','C_0805_2012Metric','',(#70));
#70 = PRODUCT_CONTEXT('',#2,'mechanical');
#71 = PRODUCT_DEFINITION_CONTEXT('part definition',#2,'design');
#72 = ADVANCED_BREP_SHAPE_REPRESENTATION('',(#11,#73),#927);
#73 = MANIFOLD_SOLID_BREP('',#74);
#74 = CLOSED_SHELL('',(#75,#151,#182,#207,#232,#256,#280,#305,#330,#347,
    #433,#465,#489,#514,#538,#563,#587,#612,#629,#715,#746,#771,#796,
    #820,#844,#869,#894,#911));
#75 = ADVANCED_FACE('',(#76),#146,.F.);
#76 = FACE_BOUND('',#77,.F.);
#77 = EDGE_LOOP('',(#78,#88,#97,#105,#114,#122,#131,#139));
#78 = ORIENTED_EDGE('',*,*,#79,.F.);
#79 = EDGE_CURVE('',#80,#82,#84,.T.);
#80 = VERTEX_POINT('',#81);
#81 = CARTESIAN_POINT('',(-1.,-0.625,4.E-02));
#82 = VERTEX_POINT('',#83);
#83 = CARTESIAN_POINT('',(-1.,-0.625,1.21));
#84 = LINE('',#85,#86);
#85 = CARTESIAN_POINT('',(-1.,-0.625,0.));
#86 = VECTOR('',#87,1.);
#87 = DIRECTION('',(0.,0.,1.));
#88 = ORIENTED_EDGE('',*,*,#89,.T.);
#89 = EDGE_CURVE('',#80,#90,#92,.T.);
#90 = VERTEX_POINT('',#91);
#91 = CARTESIAN_POINT('',(-1.,-0.585,0.));
#92 = CIRCLE('',#93,4.E-02);
#93 = AXIS2_PLACEMENT_3D('',#94,#95,#96);
#94 = CARTESIAN_POINT('',(-1.,-0.585,4.E-02));
#95 = DIRECTION('',(1.,0.,-0.));
#96 = DIRECTION('',(0.,0.,1.));
#97 = ORIENTED_EDGE('',*,*,#98,.T.);
#98 = EDGE_CURVE('',#90,#99,#101,.T.);
#99 = VERTEX_POINT('',#100);
#100 = CARTESIAN_POINT('',(-1.,0.585,0.));
#101 = LINE('',#102,#103);
#102 = CARTESIAN_POINT('',(-1.,-0.625,0.));
#103 = VECTOR('',#104,1.);
#104 = DIRECTION('',(0.,1.,0.));
#105 = ORIENTED_EDGE('',*,*,#106,.F.);
#106 = EDGE_CURVE('',#107,#99,#109,.T.);
#107 = VERTEX_POINT('',#108);
#108 = CARTESIAN_POINT('',(-1.,0.625,4.E-02));
#109 = CIRCLE('',#110,4.E-02);
#110 = AXIS2_PLACEMENT_3D('',#111,#112,#113);
#111 = CARTESIAN_POINT('',(-1.,0.585,4.E-02));
#112 = DIRECTION('',(-1.,0.,0.));
#113 = DIRECTION('',(0.,0.,1.));
#114 = ORIENTED_EDGE('',*,*,#115,.T.);
#115 = EDGE_CURVE('',#107,#116,#118,.T.);
#116 = VERTEX_POINT('',#117);
#117 = CARTESIAN_POINT('',(-1.,0.625,1.21));
#118 = LINE('',#119,#120);
#119 = CARTESIAN_POINT('',(-1.,0.625,0.));
#120 = VECTOR('',#121,1.);
#121 = DIRECTION('',(0.,0.,1.));
#122 = ORIENTED_EDGE('',*,*,#123,.T.);
#123 = EDGE_CURVE('',#116,#124,#126,.T.);
#124 = VERTEX_POINT('',#125);
#125 = CARTESIAN_POINT('',(-1.,0.585,1.25));
#126 = CIRCLE('',#127,4.E-02);
#127 = AXIS2_PLACEMENT_3D('',#128,#129,#130);
#128 = CARTESIAN_POINT('',(-1.,0.585,1.21));
#129 = DIRECTION('',(1.,0.,-0.));
#130 = DIRECTION('',(0.,0.,1.));
#131 = ORIENTED_EDGE('',*,*,#132,.F.);
#132 = EDGE_CURVE('',#133,#124,#135,.T.);
#133 = VERTEX_POINT('',#134);
#134 = CARTESIAN_POINT('',(-1.,-0.585,1.25));
#135 = LINE('',#136,#137);
#136 = CARTESIAN_POINT('',(-1.,-0.625,1.25));
#137 = VECTOR('',#138,1.);
#138 = DIRECTION('',(0.,1.,0.));
#139 = ORIENTED_EDGE('',*,*,#140,.F.);
#140 = EDGE_CURVE('',#82,#133,#141,.T.);
#141 = CIRCLE('',#142,4.E-02);
#142 = AXIS2_PLACEMENT_3D('',#143,#144,#145);
#143 = CARTESIAN_POINT('',(-1.,-0.585,1.21));
#144 = DIRECTION('',(-1.,0.,0.));
#145 = DIRECTION('',(0.,0.,1.));
#146 = PLANE('',#147);
#147 = AXIS2_PLACEMENT_3D('',#148,#149,#150);
#148 = CARTESIAN_POINT('',(-1.,-0.625,0.));
#149 = DIRECTION('',(1.,0.,0.));
#150 = DIRECTION('',(0.,0.,1.));
#151 = ADVANCED_FACE('',(#152),#177,.F.);
#152 = FACE_BOUND('',#153,.F.);
#153 = EDGE_LOOP('',(#154,#164,#170,#171));
#154 = ORIENTED_EDGE('',*,*,#155,.F.);
#155 = EDGE_CURVE('',#156,#158,#160,.T.);
#156 = VERTEX_POINT('',#157);
#157 = CARTESIAN_POINT('',(-0.6,-0.625,4.E-02));
#158 = VERTEX_POINT('',#159);
#159 = CARTESIAN_POINT('',(-0.6,-0.625,1.21));
#160 = LINE('',#161,#162);
#161 = CARTESIAN_POINT('',(-0.6,-0.625,0.));
#162 = VECTOR('',#163,1.);
#163 = DIRECTION('',(0.,0.,1.));
#164 = ORIENTED_EDGE('',*,*,#165,.F.);
#165 = EDGE_CURVE('',#80,#156,#166,.T.);
#166 = LINE('',#167,#168);
#167 = CARTESIAN_POINT('',(-1.,-0.625,4.E-02));
#168 = VECTOR('',#169,1.);
#169 = DIRECTION('',(1.,0.,0.));
#170 = ORIENTED_EDGE('',*,*,#79,.T.);
#171 = ORIENTED_EDGE('',*,*,#172,.T.);
#172 = EDGE_CURVE('',#82,#158,#173,.T.);
#173 = LINE('',#174,#175);
#174 = CARTESIAN_POINT('',(-1.,-0.625,1.21));
#175 = VECTOR('',#176,1.);
#176 = DIRECTION('',(1.,0.,0.));
#177 = PLANE('',#178);
#178 = AXIS2_PLACEMENT_3D('',#179,#180,#181);
#179 = CARTESIAN_POINT('',(-1.,-0.625,0.));
#180 = DIRECTION('',(0.,1.,0.));
#181 = DIRECTION('',(0.,-0.,1.));
#182 = ADVANCED_FACE('',(#183),#202,.T.);
#183 = FACE_BOUND('',#184,.T.);
#184 = EDGE_LOOP('',(#185,#186,#194,#201));
#185 = ORIENTED_EDGE('',*,*,#89,.T.);
#186 = ORIENTED_EDGE('',*,*,#187,.T.);
#187 = EDGE_CURVE('',#90,#188,#190,.T.);
#188 = VERTEX_POINT('',#189);
#189 = CARTESIAN_POINT('',(-0.6,-0.585,0.));
#190 = LINE('',#191,#192);
#191 = CARTESIAN_POINT('',(-1.,-0.585,0.));
#192 = VECTOR('',#193,1.);
#193 = DIRECTION('',(1.,0.,0.));
#194 = ORIENTED_EDGE('',*,*,#195,.F.);
#195 = EDGE_CURVE('',#156,#188,#196,.T.);
#196 = CIRCLE('',#197,4.E-02);
#197 = AXIS2_PLACEMENT_3D('',#198,#199,#200);
#198 = CARTESIAN_POINT('',(-0.6,-0.585,4.E-02));
#199 = DIRECTION('',(1.,0.,-0.));
#200 = DIRECTION('',(0.,0.,1.));
#201 = ORIENTED_EDGE('',*,*,#165,.F.);
#202 = CYLINDRICAL_SURFACE('',#203,4.E-02);
#203 = AXIS2_PLACEMENT_3D('',#204,#205,#206);
#204 = CARTESIAN_POINT('',(-1.,-0.585,4.E-02));
#205 = DIRECTION('',(1.,0.,0.));
#206 = DIRECTION('',(0.,-1.,0.));
#207 = ADVANCED_FACE('',(#208),#227,.T.);
#208 = FACE_BOUND('',#209,.T.);
#209 = EDGE_LOOP('',(#210,#211,#220,#226));
#210 = ORIENTED_EDGE('',*,*,#172,.T.);
#211 = ORIENTED_EDGE('',*,*,#212,.T.);
#212 = EDGE_CURVE('',#158,#213,#215,.T.);
#213 = VERTEX_POINT('',#214);
#214 = CARTESIAN_POINT('',(-0.6,-0.585,1.25));
#215 = CIRCLE('',#216,4.E-02);
#216 = AXIS2_PLACEMENT_3D('',#217,#218,#219);
#217 = CARTESIAN_POINT('',(-0.6,-0.585,1.21));
#218 = DIRECTION('',(-1.,0.,0.));
#219 = DIRECTION('',(0.,0.,1.));
#220 = ORIENTED_EDGE('',*,*,#221,.F.);
#221 = EDGE_CURVE('',#133,#213,#222,.T.);
#222 = LINE('',#223,#224);
#223 = CARTESIAN_POINT('',(-1.,-0.585,1.25));
#224 = VECTOR('',#225,1.);
#225 = DIRECTION('',(1.,0.,0.));
#226 = ORIENTED_EDGE('',*,*,#140,.F.);
#227 = CYLINDRICAL_SURFACE('',#228,4.E-02);
#228 = AXIS2_PLACEMENT_3D('',#229,#230,#231);
#229 = CARTESIAN_POINT('',(-1.,-0.585,1.21));
#230 = DIRECTION('',(1.,0.,0.));
#231 = DIRECTION('',(0.,-1.,0.));
#232 = ADVANCED_FACE('',(#233),#251,.F.);
#233 = FACE_BOUND('',#234,.F.);
#234 = EDGE_LOOP('',(#235,#236,#237,#245));
#235 = ORIENTED_EDGE('',*,*,#98,.F.);
#236 = ORIENTED_EDGE('',*,*,#187,.T.);
#237 = ORIENTED_EDGE('',*,*,#238,.T.);
#238 = EDGE_CURVE('',#188,#239,#241,.T.);
#239 = VERTEX_POINT('',#240);
#240 = CARTESIAN_POINT('',(-0.6,0.585,0.));
#241 = LINE('',#242,#243);
#242 = CARTESIAN_POINT('',(-0.6,-0.625,0.));
#243 = VECTOR('',#244,1.);
#244 = DIRECTION('',(0.,1.,0.));
#245 = ORIENTED_EDGE('',*,*,#246,.F.);
#246 = EDGE_CURVE('',#99,#239,#247,.T.);
#247 = LINE('',#248,#249);
#248 = CARTESIAN_POINT('',(-1.,0.585,0.));
#249 = VECTOR('',#250,1.);
#250 = DIRECTION('',(1.,0.,0.));
#251 = PLANE('',#252);
#252 = AXIS2_PLACEMENT_3D('',#253,#254,#255);
#253 = CARTESIAN_POINT('',(-1.,-0.625,0.));
#254 = DIRECTION('',(0.,0.,1.));
#255 = DIRECTION('',(1.,0.,-0.));
#256 = ADVANCED_FACE('',(#257),#275,.T.);
#257 = FACE_BOUND('',#258,.T.);
#258 = EDGE_LOOP('',(#259,#260,#261,#269));
#259 = ORIENTED_EDGE('',*,*,#132,.F.);
#260 = ORIENTED_EDGE('',*,*,#221,.T.);
#261 = ORIENTED_EDGE('',*,*,#262,.T.);
#262 = EDGE_CURVE('',#213,#263,#265,.T.);
#263 = VERTEX_POINT('',#264);
#264 = CARTESIAN_POINT('',(-0.6,0.585,1.25));
#265 = LINE('',#266,#267);
#266 = CARTESIAN_POINT('',(-0.6,-0.625,1.25));
#267 = VECTOR('',#268,1.);
#268 = DIRECTION('',(0.,1.,0.));
#269 = ORIENTED_EDGE('',*,*,#270,.F.);
#270 = EDGE_CURVE('',#124,#263,#271,.T.);
#271 = LINE('',#272,#273);
#272 = CARTESIAN_POINT('',(-1.,0.585,1.25));
#273 = VECTOR('',#274,1.);
#274 = DIRECTION('',(1.,0.,0.));
#275 = PLANE('',#276);
#276 = AXIS2_PLACEMENT_3D('',#277,#278,#279);
#277 = CARTESIAN_POINT('',(-1.,-0.625,1.25));
#278 = DIRECTION('',(0.,0.,1.));
#279 = DIRECTION('',(1.,0.,-0.));
#280 = ADVANCED_FACE('',(#281),#300,.T.);
#281 = FACE_BOUND('',#282,.T.);
#282 = EDGE_LOOP('',(#283,#291,#298,#299));
#283 = ORIENTED_EDGE('',*,*,#284,.T.);
#284 = EDGE_CURVE('',#107,#285,#287,.T.);
#285 = VERTEX_POINT('',#286);
#286 = CARTESIAN_POINT('',(-0.6,0.625,4.E-02));
#287 = LINE('',#288,#289);
#288 = CARTESIAN_POINT('',(-1.,0.625,4.E-02));
#289 = VECTOR('',#290,1.);
#290 = DIRECTION('',(1.,0.,0.));
#291 = ORIENTED_EDGE('',*,*,#292,.T.);
#292 = EDGE_CURVE('',#285,#239,#293,.T.);
#293 = CIRCLE('',#294,4.E-02);
#294 = AXIS2_PLACEMENT_3D('',#295,#296,#297);
#295 = CARTESIAN_POINT('',(-0.6,0.585,4.E-02));
#296 = DIRECTION('',(-1.,0.,0.));
#297 = DIRECTION('',(0.,0.,1.));
#298 = ORIENTED_EDGE('',*,*,#246,.F.);
#299 = ORIENTED_EDGE('',*,*,#106,.F.);
#300 = CYLINDRICAL_SURFACE('',#301,4.E-02);
#301 = AXIS2_PLACEMENT_3D('',#302,#303,#304);
#302 = CARTESIAN_POINT('',(-1.,0.585,4.E-02));
#303 = DIRECTION('',(1.,0.,0.));
#304 = DIRECTION('',(-0.,1.,0.));
#305 = ADVANCED_FACE('',(#306),#325,.T.);
#306 = FACE_BOUND('',#307,.T.);
#307 = EDGE_LOOP('',(#308,#309,#310,#319));
#308 = ORIENTED_EDGE('',*,*,#123,.T.);
#309 = ORIENTED_EDGE('',*,*,#270,.T.);
#310 = ORIENTED_EDGE('',*,*,#311,.F.);
#311 = EDGE_CURVE('',#312,#263,#314,.T.);
#312 = VERTEX_POINT('',#313);
#313 = CARTESIAN_POINT('',(-0.6,0.625,1.21));
#314 = CIRCLE('',#315,4.E-02);
#315 = AXIS2_PLACEMENT_3D('',#316,#317,#318);
#316 = CARTESIAN_POINT('',(-0.6,0.585,1.21));
#317 = DIRECTION('',(1.,0.,-0.));
#318 = DIRECTION('',(0.,0.,1.));
#319 = ORIENTED_EDGE('',*,*,#320,.F.);
#320 = EDGE_CURVE('',#116,#312,#321,.T.);
#321 = LINE('',#322,#323);
#322 = CARTESIAN_POINT('',(-1.,0.625,1.21));
#323 = VECTOR('',#324,1.);
#324 = DIRECTION('',(1.,0.,0.));
#325 = CYLINDRICAL_SURFACE('',#326,4.E-02);
#326 = AXIS2_PLACEMENT_3D('',#327,#328,#329);
#327 = CARTESIAN_POINT('',(-1.,0.585,1.21));
#328 = DIRECTION('',(1.,0.,0.));
#329 = DIRECTION('',(-0.,1.,0.));
#330 = ADVANCED_FACE('',(#331),#342,.T.);
#331 = FACE_BOUND('',#332,.T.);
#332 = EDGE_LOOP('',(#333,#339,#340,#341));
#333 = ORIENTED_EDGE('',*,*,#334,.F.);
#334 = EDGE_CURVE('',#285,#312,#335,.T.);
#335 = LINE('',#336,#337);
#336 = CARTESIAN_POINT('',(-0.6,0.625,0.));
#337 = VECTOR('',#338,1.);
#338 = DIRECTION('',(0.,0.,1.));
#339 = ORIENTED_EDGE('',*,*,#284,.F.);
#340 = ORIENTED_EDGE('',*,*,#115,.T.);
#341 = ORIENTED_EDGE('',*,*,#320,.T.);
#342 = PLANE('',#343);
#343 = AXIS2_PLACEMENT_3D('',#344,#345,#346);
#344 = CARTESIAN_POINT('',(-1.,0.625,0.));
#345 = DIRECTION('',(0.,1.,0.));
#346 = DIRECTION('',(0.,-0.,1.));
#347 = ADVANCED_FACE('',(#348,#358),#428,.T.);
#348 = FACE_BOUND('',#349,.T.);
#349 = EDGE_LOOP('',(#350,#351,#352,#353,#354,#355,#356,#357));
#350 = ORIENTED_EDGE('',*,*,#155,.F.);
#351 = ORIENTED_EDGE('',*,*,#195,.T.);
#352 = ORIENTED_EDGE('',*,*,#238,.T.);
#353 = ORIENTED_EDGE('',*,*,#292,.F.);
#354 = ORIENTED_EDGE('',*,*,#334,.T.);
#355 = ORIENTED_EDGE('',*,*,#311,.T.);
#356 = ORIENTED_EDGE('',*,*,#262,.F.);
#357 = ORIENTED_EDGE('',*,*,#212,.F.);
#358 = FACE_BOUND('',#359,.T.);
#359 = EDGE_LOOP('',(#360,#371,#379,#388,#396,#405,#413,#422));
#360 = ORIENTED_EDGE('',*,*,#361,.F.);
#361 = EDGE_CURVE('',#362,#364,#366,.T.);
#362 = VERTEX_POINT('',#363);
#363 = CARTESIAN_POINT('',(-0.6,-0.585,8.E-02));
#364 = VERTEX_POINT('',#365);
#365 = CARTESIAN_POINT('',(-0.6,-0.545,4.E-02));
#366 = CIRCLE('',#367,4.E-02);
#367 = AXIS2_PLACEMENT_3D('',#368,#369,#370);
#368 = CARTESIAN_POINT('',(-0.6,-0.545,8.E-02));
#369 = DIRECTION('',(1.,0.,-0.));
#370 = DIRECTION('',(0.,0.,1.));
#371 = ORIENTED_EDGE('',*,*,#372,.T.);
#372 = EDGE_CURVE('',#362,#373,#375,.T.);
#373 = VERTEX_POINT('',#374);
#374 = CARTESIAN_POINT('',(-0.6,-0.585,1.17));
#375 = LINE('',#376,#377);
#376 = CARTESIAN_POINT('',(-0.6,-0.585,4.E-02));
#377 = VECTOR('',#378,1.);
#378 = DIRECTION('',(0.,0.,1.));
#379 = ORIENTED_EDGE('',*,*,#380,.T.);
#380 = EDGE_CURVE('',#373,#381,#383,.T.);
#381 = VERTEX_POINT('',#382);
#382 = CARTESIAN_POINT('',(-0.6,-0.545,1.21));
#383 = CIRCLE('',#384,4.E-02);
#384 = AXIS2_PLACEMENT_3D('',#385,#386,#387);
#385 = CARTESIAN_POINT('',(-0.6,-0.545,1.17));
#386 = DIRECTION('',(-1.,0.,0.));
#387 = DIRECTION('',(0.,0.,1.));
#388 = ORIENTED_EDGE('',*,*,#389,.T.);
#389 = EDGE_CURVE('',#381,#390,#392,.T.);
#390 = VERTEX_POINT('',#391);
#391 = CARTESIAN_POINT('',(-0.6,0.545,1.21));
#392 = LINE('',#393,#394);
#393 = CARTESIAN_POINT('',(-0.6,-0.585,1.21));
#394 = VECTOR('',#395,1.);
#395 = DIRECTION('',(0.,1.,0.));
#396 = ORIENTED_EDGE('',*,*,#397,.F.);
#397 = EDGE_CURVE('',#398,#390,#400,.T.);
#398 = VERTEX_POINT('',#399);
#399 = CARTESIAN_POINT('',(-0.6,0.585,1.17));
#400 = CIRCLE('',#401,4.E-02);
#401 = AXIS2_PLACEMENT_3D('',#402,#403,#404);
#402 = CARTESIAN_POINT('',(-0.6,0.545,1.17));
#403 = DIRECTION('',(1.,0.,-0.));
#404 = DIRECTION('',(0.,0.,1.));
#405 = ORIENTED_EDGE('',*,*,#406,.F.);
#406 = EDGE_CURVE('',#407,#398,#409,.T.);
#407 = VERTEX_POINT('',#408);
#408 = CARTESIAN_POINT('',(-0.6,0.585,8.E-02));
#409 = LINE('',#410,#411);
#410 = CARTESIAN_POINT('',(-0.6,0.585,4.E-02));
#411 = VECTOR('',#412,1.);
#412 = DIRECTION('',(0.,0.,1.));
#413 = ORIENTED_EDGE('',*,*,#414,.T.);
#414 = EDGE_CURVE('',#407,#415,#417,.T.);
#415 = VERTEX_POINT('',#416);
#416 = CARTESIAN_POINT('',(-0.6,0.545,4.E-02));
#417 = CIRCLE('',#418,4.E-02);
#418 = AXIS2_PLACEMENT_3D('',#419,#420,#421);
#419 = CARTESIAN_POINT('',(-0.6,0.545,8.E-02));
#420 = DIRECTION('',(-1.,0.,0.));
#421 = DIRECTION('',(0.,0.,1.));
#422 = ORIENTED_EDGE('',*,*,#423,.F.);
#423 = EDGE_CURVE('',#364,#415,#424,.T.);
#424 = LINE('',#425,#426);
#425 = CARTESIAN_POINT('',(-0.6,-0.585,4.E-02));
#426 = VECTOR('',#427,1.);
#427 = DIRECTION('',(0.,1.,0.));
#428 = PLANE('',#429);
#429 = AXIS2_PLACEMENT_3D('',#430,#431,#432);
#430 = CARTESIAN_POINT('',(-0.6,-0.625,0.));
#431 = DIRECTION('',(1.,0.,0.));
#432 = DIRECTION('',(0.,0.,1.));
#433 = ADVANCED_FACE('',(#434),#460,.T.);
#434 = FACE_BOUND('',#435,.T.);
#435 = EDGE_LOOP('',(#436,#437,#445,#454));
#436 = ORIENTED_EDGE('',*,*,#361,.T.);
#437 = ORIENTED_EDGE('',*,*,#438,.T.);
#438 = EDGE_CURVE('',#364,#439,#441,.T.);
#439 = VERTEX_POINT('',#440);
#440 = CARTESIAN_POINT('',(0.6,-0.545,4.E-02));
#441 = LINE('',#442,#443);
#442 = CARTESIAN_POINT('',(-0.6,-0.545,4.E-02));
#443 = VECTOR('',#444,1.);
#444 = DIRECTION('',(1.,0.,0.));
#445 = ORIENTED_EDGE('',*,*,#446,.F.);
#446 = EDGE_CURVE('',#447,#439,#449,.T.);
#447 = VERTEX_POINT('',#448);
#448 = CARTESIAN_POINT('',(0.6,-0.585,8.E-02));
#449 = CIRCLE('',#450,4.E-02);
#450 = AXIS2_PLACEMENT_3D('',#451,#452,#453);
#451 = CARTESIAN_POINT('',(0.6,-0.545,8.E-02));
#452 = DIRECTION('',(1.,0.,-0.));
#453 = DIRECTION('',(0.,0.,1.));
#454 = ORIENTED_EDGE('',*,*,#455,.F.);
#455 = EDGE_CURVE('',#362,#447,#456,.T.);
#456 = LINE('',#457,#458);
#457 = CARTESIAN_POINT('',(-0.6,-0.585,8.E-02));
#458 = VECTOR('',#459,1.);
#459 = DIRECTION('',(1.,0.,0.));
#460 = CYLINDRICAL_SURFACE('',#461,4.E-02);
#461 = AXIS2_PLACEMENT_3D('',#462,#463,#464);
#462 = CARTESIAN_POINT('',(-0.6,-0.545,8.E-02));
#463 = DIRECTION('',(1.,0.,0.));
#464 = DIRECTION('',(0.,-1.,0.));
#465 = ADVANCED_FACE('',(#466),#484,.F.);
#466 = FACE_BOUND('',#467,.F.);
#467 = EDGE_LOOP('',(#468,#469,#470,#478));
#468 = ORIENTED_EDGE('',*,*,#423,.F.);
#469 = ORIENTED_EDGE('',*,*,#438,.T.);
#470 = ORIENTED_EDGE('',*,*,#471,.T.);
#471 = EDGE_CURVE('',#439,#472,#474,.T.);
#472 = VERTEX_POINT('',#473);
#473 = CARTESIAN_POINT('',(0.6,0.545,4.E-02));
#474 = LINE('',#475,#476);
#475 = CARTESIAN_POINT('',(0.6,-0.585,4.E-02));
#476 = VECTOR('',#477,1.);
#477 = DIRECTION('',(0.,1.,0.));
#478 = ORIENTED_EDGE('',*,*,#479,.F.);
#479 = EDGE_CURVE('',#415,#472,#480,.T.);
#480 = LINE('',#481,#482);
#481 = CARTESIAN_POINT('',(-0.6,0.545,4.E-02));
#482 = VECTOR('',#483,1.);
#483 = DIRECTION('',(1.,0.,0.));
#484 = PLANE('',#485);
#485 = AXIS2_PLACEMENT_3D('',#486,#487,#488);
#486 = CARTESIAN_POINT('',(-0.6,-0.585,4.E-02));
#487 = DIRECTION('',(0.,0.,1.));
#488 = DIRECTION('',(1.,0.,-0.));
#489 = ADVANCED_FACE('',(#490),#509,.T.);
#490 = FACE_BOUND('',#491,.T.);
#491 = EDGE_LOOP('',(#492,#500,#507,#508));
#492 = ORIENTED_EDGE('',*,*,#493,.T.);
#493 = EDGE_CURVE('',#407,#494,#496,.T.);
#494 = VERTEX_POINT('',#495);
#495 = CARTESIAN_POINT('',(0.6,0.585,8.E-02));
#496 = LINE('',#497,#498);
#497 = CARTESIAN_POINT('',(-0.6,0.585,8.E-02));
#498 = VECTOR('',#499,1.);
#499 = DIRECTION('',(1.,0.,0.));
#500 = ORIENTED_EDGE('',*,*,#501,.T.);
#501 = EDGE_CURVE('',#494,#472,#502,.T.);
#502 = CIRCLE('',#503,4.E-02);
#503 = AXIS2_PLACEMENT_3D('',#504,#505,#506);
#504 = CARTESIAN_POINT('',(0.6,0.545,8.E-02));
#505 = DIRECTION('',(-1.,0.,0.));
#506 = DIRECTION('',(0.,0.,1.));
#507 = ORIENTED_EDGE('',*,*,#479,.F.);
#508 = ORIENTED_EDGE('',*,*,#414,.F.);
#509 = CYLINDRICAL_SURFACE('',#510,4.E-02);
#510 = AXIS2_PLACEMENT_3D('',#511,#512,#513);
#511 = CARTESIAN_POINT('',(-0.6,0.545,8.E-02));
#512 = DIRECTION('',(1.,0.,0.));
#513 = DIRECTION('',(-0.,1.,0.));
#514 = ADVANCED_FACE('',(#515),#533,.T.);
#515 = FACE_BOUND('',#516,.T.);
#516 = EDGE_LOOP('',(#517,#525,#526,#527));
#517 = ORIENTED_EDGE('',*,*,#518,.F.);
#518 = EDGE_CURVE('',#494,#519,#521,.T.);
#519 = VERTEX_POINT('',#520);
#520 = CARTESIAN_POINT('',(0.6,0.585,1.17));
#521 = LINE('',#522,#523);
#522 = CARTESIAN_POINT('',(0.6,0.585,4.E-02));
#523 = VECTOR('',#524,1.);
#524 = DIRECTION('',(0.,0.,1.));
#525 = ORIENTED_EDGE('',*,*,#493,.F.);
#526 = ORIENTED_EDGE('',*,*,#406,.T.);
#527 = ORIENTED_EDGE('',*,*,#528,.T.);
#528 = EDGE_CURVE('',#398,#519,#529,.T.);
#529 = LINE('',#530,#531);
#530 = CARTESIAN_POINT('',(-0.6,0.585,1.17));
#531 = VECTOR('',#532,1.);
#532 = DIRECTION('',(1.,0.,0.));
#533 = PLANE('',#534);
#534 = AXIS2_PLACEMENT_3D('',#535,#536,#537);
#535 = CARTESIAN_POINT('',(-0.6,0.585,4.E-02));
#536 = DIRECTION('',(0.,1.,0.));
#537 = DIRECTION('',(0.,-0.,1.));
#538 = ADVANCED_FACE('',(#539),#558,.T.);
#539 = FACE_BOUND('',#540,.T.);
#540 = EDGE_LOOP('',(#541,#542,#550,#557));
#541 = ORIENTED_EDGE('',*,*,#397,.T.);
#542 = ORIENTED_EDGE('',*,*,#543,.T.);
#543 = EDGE_CURVE('',#390,#544,#546,.T.);
#544 = VERTEX_POINT('',#545);
#545 = CARTESIAN_POINT('',(0.6,0.545,1.21));
#546 = LINE('',#547,#548);
#547 = CARTESIAN_POINT('',(-0.6,0.545,1.21));
#548 = VECTOR('',#549,1.);
#549 = DIRECTION('',(1.,0.,0.));
#550 = ORIENTED_EDGE('',*,*,#551,.F.);
#551 = EDGE_CURVE('',#519,#544,#552,.T.);
#552 = CIRCLE('',#553,4.E-02);
#553 = AXIS2_PLACEMENT_3D('',#554,#555,#556);
#554 = CARTESIAN_POINT('',(0.6,0.545,1.17));
#555 = DIRECTION('',(1.,0.,-0.));
#556 = DIRECTION('',(0.,0.,1.));
#557 = ORIENTED_EDGE('',*,*,#528,.F.);
#558 = CYLINDRICAL_SURFACE('',#559,4.E-02);
#559 = AXIS2_PLACEMENT_3D('',#560,#561,#562);
#560 = CARTESIAN_POINT('',(-0.6,0.545,1.17));
#561 = DIRECTION('',(1.,0.,0.));
#562 = DIRECTION('',(-0.,1.,0.));
#563 = ADVANCED_FACE('',(#564),#582,.T.);
#564 = FACE_BOUND('',#565,.T.);
#565 = EDGE_LOOP('',(#566,#567,#575,#581));
#566 = ORIENTED_EDGE('',*,*,#389,.F.);
#567 = ORIENTED_EDGE('',*,*,#568,.T.);
#568 = EDGE_CURVE('',#381,#569,#571,.T.);
#569 = VERTEX_POINT('',#570);
#570 = CARTESIAN_POINT('',(0.6,-0.545,1.21));
#571 = LINE('',#572,#573);
#572 = CARTESIAN_POINT('',(-0.6,-0.545,1.21));
#573 = VECTOR('',#574,1.);
#574 = DIRECTION('',(1.,0.,0.));
#575 = ORIENTED_EDGE('',*,*,#576,.T.);
#576 = EDGE_CURVE('',#569,#544,#577,.T.);
#577 = LINE('',#578,#579);
#578 = CARTESIAN_POINT('',(0.6,-0.585,1.21));
#579 = VECTOR('',#580,1.);
#580 = DIRECTION('',(0.,1.,0.));
#581 = ORIENTED_EDGE('',*,*,#543,.F.);
#582 = PLANE('',#583);
#583 = AXIS2_PLACEMENT_3D('',#584,#585,#586);
#584 = CARTESIAN_POINT('',(-0.6,-0.585,1.21));
#585 = DIRECTION('',(0.,0.,1.));
#586 = DIRECTION('',(1.,0.,-0.));
#587 = ADVANCED_FACE('',(#588),#607,.T.);
#588 = FACE_BOUND('',#589,.T.);
#589 = EDGE_LOOP('',(#590,#598,#605,#606));
#590 = ORIENTED_EDGE('',*,*,#591,.T.);
#591 = EDGE_CURVE('',#373,#592,#594,.T.);
#592 = VERTEX_POINT('',#593);
#593 = CARTESIAN_POINT('',(0.6,-0.585,1.17));
#594 = LINE('',#595,#596);
#595 = CARTESIAN_POINT('',(-0.6,-0.585,1.17));
#596 = VECTOR('',#597,1.);
#597 = DIRECTION('',(1.,0.,0.));
#598 = ORIENTED_EDGE('',*,*,#599,.T.);
#599 = EDGE_CURVE('',#592,#569,#600,.T.);
#600 = CIRCLE('',#601,4.E-02);
#601 = AXIS2_PLACEMENT_3D('',#602,#603,#604);
#602 = CARTESIAN_POINT('',(0.6,-0.545,1.17));
#603 = DIRECTION('',(-1.,0.,0.));
#604 = DIRECTION('',(0.,0.,1.));
#605 = ORIENTED_EDGE('',*,*,#568,.F.);
#606 = ORIENTED_EDGE('',*,*,#380,.F.);
#607 = CYLINDRICAL_SURFACE('',#608,4.E-02);
#608 = AXIS2_PLACEMENT_3D('',#609,#610,#611);
#609 = CARTESIAN_POINT('',(-0.6,-0.545,1.17));
#610 = DIRECTION('',(1.,0.,0.));
#611 = DIRECTION('',(0.,-1.,0.));
#612 = ADVANCED_FACE('',(#613),#624,.F.);
#613 = FACE_BOUND('',#614,.F.);
#614 = EDGE_LOOP('',(#615,#621,#622,#623));
#615 = ORIENTED_EDGE('',*,*,#616,.F.);
#616 = EDGE_CURVE('',#447,#592,#617,.T.);
#617 = LINE('',#618,#619);
#618 = CARTESIAN_POINT('',(0.6,-0.585,4.E-02));
#619 = VECTOR('',#620,1.);
#620 = DIRECTION('',(0.,0.,1.));
#621 = ORIENTED_EDGE('',*,*,#455,.F.);
#622 = ORIENTED_EDGE('',*,*,#372,.T.);
#623 = ORIENTED_EDGE('',*,*,#591,.T.);
#624 = PLANE('',#625);
#625 = AXIS2_PLACEMENT_3D('',#626,#627,#628);
#626 = CARTESIAN_POINT('',(-0.6,-0.585,4.E-02));
#627 = DIRECTION('',(0.,1.,0.));
#628 = DIRECTION('',(0.,-0.,1.));
#629 = ADVANCED_FACE('',(#630,#700),#710,.F.);
#630 = FACE_BOUND('',#631,.F.);
#631 = EDGE_LOOP('',(#632,#642,#651,#659,#668,#676,#685,#693));
#632 = ORIENTED_EDGE('',*,*,#633,.F.);
#633 = EDGE_CURVE('',#634,#636,#638,.T.);
#634 = VERTEX_POINT('',#635);
#635 = CARTESIAN_POINT('',(0.6,-0.625,4.E-02));
#636 = VERTEX_POINT('',#637);
#637 = CARTESIAN_POINT('',(0.6,-0.625,1.21));
#638 = LINE('',#639,#640);
#639 = CARTESIAN_POINT('',(0.6,-0.625,0.));
#640 = VECTOR('',#641,1.);
#641 = DIRECTION('',(0.,0.,1.));
#642 = ORIENTED_EDGE('',*,*,#643,.T.);
#643 = EDGE_CURVE('',#634,#644,#646,.T.);
#644 = VERTEX_POINT('',#645);
#645 = CARTESIAN_POINT('',(0.6,-0.585,0.));
#646 = CIRCLE('',#647,4.E-02);
#647 = AXIS2_PLACEMENT_3D('',#648,#649,#650);
#648 = CARTESIAN_POINT('',(0.6,-0.585,4.E-02));
#649 = DIRECTION('',(1.,0.,-0.));
#650 = DIRECTION('',(0.,0.,1.));
#651 = ORIENTED_EDGE('',*,*,#652,.T.);
#652 = EDGE_CURVE('',#644,#653,#655,.T.);
#653 = VERTEX_POINT('',#654);
#654 = CARTESIAN_POINT('',(0.6,0.585,0.));
#655 = LINE('',#656,#657);
#656 = CARTESIAN_POINT('',(0.6,-0.625,0.));
#657 = VECTOR('',#658,1.);
#658 = DIRECTION('',(0.,1.,0.));
#659 = ORIENTED_EDGE('',*,*,#660,.F.);
#660 = EDGE_CURVE('',#661,#653,#663,.T.);
#661 = VERTEX_POINT('',#662);
#662 = CARTESIAN_POINT('',(0.6,0.625,4.E-02));
#663 = CIRCLE('',#664,4.E-02);
#664 = AXIS2_PLACEMENT_3D('',#665,#666,#667);
#665 = CARTESIAN_POINT('',(0.6,0.585,4.E-02));
#666 = DIRECTION('',(-1.,0.,0.));
#667 = DIRECTION('',(0.,0.,1.));
#668 = ORIENTED_EDGE('',*,*,#669,.T.);
#669 = EDGE_CURVE('',#661,#670,#672,.T.);
#670 = VERTEX_POINT('',#671);
#671 = CARTESIAN_POINT('',(0.6,0.625,1.21));
#672 = LINE('',#673,#674);
#673 = CARTESIAN_POINT('',(0.6,0.625,0.));
#674 = VECTOR('',#675,1.);
#675 = DIRECTION('',(0.,0.,1.));
#676 = ORIENTED_EDGE('',*,*,#677,.T.);
#677 = EDGE_CURVE('',#670,#678,#680,.T.);
#678 = VERTEX_POINT('',#679);
#679 = CARTESIAN_POINT('',(0.6,0.585,1.25));
#680 = CIRCLE('',#681,4.E-02);
#681 = AXIS2_PLACEMENT_3D('',#682,#683,#684);
#682 = CARTESIAN_POINT('',(0.6,0.585,1.21));
#683 = DIRECTION('',(1.,0.,-0.));
#684 = DIRECTION('',(0.,0.,1.));
#685 = ORIENTED_EDGE('',*,*,#686,.F.);
#686 = EDGE_CURVE('',#687,#678,#689,.T.);
#687 = VERTEX_POINT('',#688);
#688 = CARTESIAN_POINT('',(0.6,-0.585,1.25));
#689 = LINE('',#690,#691);
#690 = CARTESIAN_POINT('',(0.6,-0.625,1.25));
#691 = VECTOR('',#692,1.);
#692 = DIRECTION('',(0.,1.,0.));
#693 = ORIENTED_EDGE('',*,*,#694,.F.);
#694 = EDGE_CURVE('',#636,#687,#695,.T.);
#695 = CIRCLE('',#696,4.E-02);
#696 = AXIS2_PLACEMENT_3D('',#697,#698,#699);
#697 = CARTESIAN_POINT('',(0.6,-0.585,1.21));
#698 = DIRECTION('',(-1.,0.,0.));
#699 = DIRECTION('',(0.,0.,1.));
#700 = FACE_BOUND('',#701,.F.);
#701 = EDGE_LOOP('',(#702,#703,#704,#705,#706,#707,#708,#709));
#702 = ORIENTED_EDGE('',*,*,#446,.F.);
#703 = ORIENTED_EDGE('',*,*,#616,.T.);
#704 = ORIENTED_EDGE('',*,*,#599,.T.);
#705 = ORIENTED_EDGE('',*,*,#576,.T.);
#706 = ORIENTED_EDGE('',*,*,#551,.F.);
#707 = ORIENTED_EDGE('',*,*,#518,.F.);
#708 = ORIENTED_EDGE('',*,*,#501,.T.);
#709 = ORIENTED_EDGE('',*,*,#471,.F.);
#710 = PLANE('',#711);
#711 = AXIS2_PLACEMENT_3D('',#712,#713,#714);
#712 = CARTESIAN_POINT('',(0.6,-0.625,0.));
#713 = DIRECTION('',(1.,0.,0.));
#714 = DIRECTION('',(0.,0.,1.));
#715 = ADVANCED_FACE('',(#716),#741,.F.);
#716 = FACE_BOUND('',#717,.F.);
#717 = EDGE_LOOP('',(#718,#728,#734,#735));
#718 = ORIENTED_EDGE('',*,*,#719,.F.);
#719 = EDGE_CURVE('',#720,#722,#724,.T.);
#720 = VERTEX_POINT('',#721);
#721 = CARTESIAN_POINT('',(1.,-0.625,4.E-02));
#722 = VERTEX_POINT('',#723);
#723 = CARTESIAN_POINT('',(1.,-0.625,1.21));
#724 = LINE('',#725,#726);
#725 = CARTESIAN_POINT('',(1.,-0.625,0.));
#726 = VECTOR('',#727,1.);
#727 = DIRECTION('',(0.,0.,1.));
#728 = ORIENTED_EDGE('',*,*,#729,.F.);
#729 = EDGE_CURVE('',#634,#720,#730,.T.);
#730 = LINE('',#731,#732);
#731 = CARTESIAN_POINT('',(0.6,-0.625,4.E-02));
#732 = VECTOR('',#733,1.);
#733 = DIRECTION('',(1.,0.,0.));
#734 = ORIENTED_EDGE('',*,*,#633,.T.);
#735 = ORIENTED_EDGE('',*,*,#736,.T.);
#736 = EDGE_CURVE('',#636,#722,#737,.T.);
#737 = LINE('',#738,#739);
#738 = CARTESIAN_POINT('',(0.6,-0.625,1.21));
#739 = VECTOR('',#740,1.);
#740 = DIRECTION('',(1.,0.,0.));
#741 = PLANE('',#742);
#742 = AXIS2_PLACEMENT_3D('',#743,#744,#745);
#743 = CARTESIAN_POINT('',(0.6,-0.625,0.));
#744 = DIRECTION('',(0.,1.,0.));
#745 = DIRECTION('',(0.,-0.,1.));
#746 = ADVANCED_FACE('',(#747),#766,.T.);
#747 = FACE_BOUND('',#748,.T.);
#748 = EDGE_LOOP('',(#749,#750,#758,#765));
#749 = ORIENTED_EDGE('',*,*,#643,.T.);
#750 = ORIENTED_EDGE('',*,*,#751,.T.);
#751 = EDGE_CURVE('',#644,#752,#754,.T.);
#752 = VERTEX_POINT('',#753);
#753 = CARTESIAN_POINT('',(1.,-0.585,0.));
#754 = LINE('',#755,#756);
#755 = CARTESIAN_POINT('',(0.6,-0.585,0.));
#756 = VECTOR('',#757,1.);
#757 = DIRECTION('',(1.,0.,0.));
#758 = ORIENTED_EDGE('',*,*,#759,.F.);
#759 = EDGE_CURVE('',#720,#752,#760,.T.);
#760 = CIRCLE('',#761,4.E-02);
#761 = AXIS2_PLACEMENT_3D('',#762,#763,#764);
#762 = CARTESIAN_POINT('',(1.,-0.585,4.E-02));
#763 = DIRECTION('',(1.,0.,-0.));
#764 = DIRECTION('',(0.,0.,1.));
#765 = ORIENTED_EDGE('',*,*,#729,.F.);
#766 = CYLINDRICAL_SURFACE('',#767,4.E-02);
#767 = AXIS2_PLACEMENT_3D('',#768,#769,#770);
#768 = CARTESIAN_POINT('',(0.6,-0.585,4.E-02));
#769 = DIRECTION('',(1.,0.,0.));
#770 = DIRECTION('',(0.,-1.,0.));
#771 = ADVANCED_FACE('',(#772),#791,.T.);
#772 = FACE_BOUND('',#773,.T.);
#773 = EDGE_LOOP('',(#774,#775,#784,#790));
#774 = ORIENTED_EDGE('',*,*,#736,.T.);
#775 = ORIENTED_EDGE('',*,*,#776,.T.);
#776 = EDGE_CURVE('',#722,#777,#779,.T.);
#777 = VERTEX_POINT('',#778);
#778 = CARTESIAN_POINT('',(1.,-0.585,1.25));
#779 = CIRCLE('',#780,4.E-02);
#780 = AXIS2_PLACEMENT_3D('',#781,#782,#783);
#781 = CARTESIAN_POINT('',(1.,-0.585,1.21));
#782 = DIRECTION('',(-1.,0.,0.));
#783 = DIRECTION('',(0.,0.,1.));
#784 = ORIENTED_EDGE('',*,*,#785,.F.);
#785 = EDGE_CURVE('',#687,#777,#786,.T.);
#786 = LINE('',#787,#788);
#787 = CARTESIAN_POINT('',(0.6,-0.585,1.25));
#788 = VECTOR('',#789,1.);
#789 = DIRECTION('',(1.,0.,0.));
#790 = ORIENTED_EDGE('',*,*,#694,.F.);
#791 = CYLINDRICAL_SURFACE('',#792,4.E-02);
#792 = AXIS2_PLACEMENT_3D('',#793,#794,#795);
#793 = CARTESIAN_POINT('',(0.6,-0.585,1.21));
#794 = DIRECTION('',(1.,0.,0.));
#795 = DIRECTION('',(0.,-1.,0.));
#796 = ADVANCED_FACE('',(#797),#815,.F.);
#797 = FACE_BOUND('',#798,.F.);
#798 = EDGE_LOOP('',(#799,#800,#801,#809));
#799 = ORIENTED_EDGE('',*,*,#652,.F.);
#800 = ORIENTED_EDGE('',*,*,#751,.T.);
#801 = ORIENTED_EDGE('',*,*,#802,.T.);
#802 = EDGE_CURVE('',#752,#803,#805,.T.);
#803 = VERTEX_POINT('',#804);
#804 = CARTESIAN_POINT('',(1.,0.585,0.));
#805 = LINE('',#806,#807);
#806 = CARTESIAN_POINT('',(1.,-0.625,0.));
#807 = VECTOR('',#808,1.);
#808 = DIRECTION('',(0.,1.,0.));
#809 = ORIENTED_EDGE('',*,*,#810,.F.);
#810 = EDGE_CURVE('',#653,#803,#811,.T.);
#811 = LINE('',#812,#813);
#812 = CARTESIAN_POINT('',(0.6,0.585,0.));
#813 = VECTOR('',#814,1.);
#814 = DIRECTION('',(1.,0.,0.));
#815 = PLANE('',#816);
#816 = AXIS2_PLACEMENT_3D('',#817,#818,#819);
#817 = CARTESIAN_POINT('',(0.6,-0.625,0.));
#818 = DIRECTION('',(0.,0.,1.));
#819 = DIRECTION('',(1.,0.,-0.));
#820 = ADVANCED_FACE('',(#821),#839,.T.);
#821 = FACE_BOUND('',#822,.T.);
#822 = EDGE_LOOP('',(#823,#824,#825,#833));
#823 = ORIENTED_EDGE('',*,*,#686,.F.);
#824 = ORIENTED_EDGE('',*,*,#785,.T.);
#825 = ORIENTED_EDGE('',*,*,#826,.T.);
#826 = EDGE_CURVE('',#777,#827,#829,.T.);
#827 = VERTEX_POINT('',#828);
#828 = CARTESIAN_POINT('',(1.,0.585,1.25));
#829 = LINE('',#830,#831);
#830 = CARTESIAN_POINT('',(1.,-0.625,1.25));
#831 = VECTOR('',#832,1.);
#832 = DIRECTION('',(0.,1.,0.));
#833 = ORIENTED_EDGE('',*,*,#834,.F.);
#834 = EDGE_CURVE('',#678,#827,#835,.T.);
#835 = LINE('',#836,#837);
#836 = CARTESIAN_POINT('',(0.6,0.585,1.25));
#837 = VECTOR('',#838,1.);
#838 = DIRECTION('',(1.,0.,0.));
#839 = PLANE('',#840);
#840 = AXIS2_PLACEMENT_3D('',#841,#842,#843);
#841 = CARTESIAN_POINT('',(0.6,-0.625,1.25));
#842 = DIRECTION('',(0.,0.,1.));
#843 = DIRECTION('',(1.,0.,-0.));
#844 = ADVANCED_FACE('',(#845),#864,.T.);
#845 = FACE_BOUND('',#846,.T.);
#846 = EDGE_LOOP('',(#847,#855,#862,#863));
#847 = ORIENTED_EDGE('',*,*,#848,.T.);
#848 = EDGE_CURVE('',#661,#849,#851,.T.);
#849 = VERTEX_POINT('',#850);
#850 = CARTESIAN_POINT('',(1.,0.625,4.E-02));
#851 = LINE('',#852,#853);
#852 = CARTESIAN_POINT('',(0.6,0.625,4.E-02));
#853 = VECTOR('',#854,1.);
#854 = DIRECTION('',(1.,0.,0.));
#855 = ORIENTED_EDGE('',*,*,#856,.T.);
#856 = EDGE_CURVE('',#849,#803,#857,.T.);
#857 = CIRCLE('',#858,4.E-02);
#858 = AXIS2_PLACEMENT_3D('',#859,#860,#861);
#859 = CARTESIAN_POINT('',(1.,0.585,4.E-02));
#860 = DIRECTION('',(-1.,0.,0.));
#861 = DIRECTION('',(0.,0.,1.));
#862 = ORIENTED_EDGE('',*,*,#810,.F.);
#863 = ORIENTED_EDGE('',*,*,#660,.F.);
#864 = CYLINDRICAL_SURFACE('',#865,4.E-02);
#865 = AXIS2_PLACEMENT_3D('',#866,#867,#868);
#866 = CARTESIAN_POINT('',(0.6,0.585,4.E-02));
#867 = DIRECTION('',(1.,0.,0.));
#868 = DIRECTION('',(-0.,1.,0.));
#869 = ADVANCED_FACE('',(#870),#889,.T.);
#870 = FACE_BOUND('',#871,.T.);
#871 = EDGE_LOOP('',(#872,#873,#874,#883));
#872 = ORIENTED_EDGE('',*,*,#677,.T.);
#873 = ORIENTED_EDGE('',*,*,#834,.T.);
#874 = ORIENTED_EDGE('',*,*,#875,.F.);
#875 = EDGE_CURVE('',#876,#827,#878,.T.);
#876 = VERTEX_POINT('',#877);
#877 = CARTESIAN_POINT('',(1.,0.625,1.21));
#878 = CIRCLE('',#879,4.E-02);
#879 = AXIS2_PLACEMENT_3D('',#880,#881,#882);
#880 = CARTESIAN_POINT('',(1.,0.585,1.21));
#881 = DIRECTION('',(1.,0.,-0.));
#882 = DIRECTION('',(0.,0.,1.));
#883 = ORIENTED_EDGE('',*,*,#884,.F.);
#884 = EDGE_CURVE('',#670,#876,#885,.T.);
#885 = LINE('',#886,#887);
#886 = CARTESIAN_POINT('',(0.6,0.625,1.21));
#887 = VECTOR('',#888,1.);
#888 = DIRECTION('',(1.,0.,0.));
#889 = CYLINDRICAL_SURFACE('',#890,4.E-02);
#890 = AXIS2_PLACEMENT_3D('',#891,#892,#893);
#891 = CARTESIAN_POINT('',(0.6,0.585,1.21));
#892 = DIRECTION('',(1.,0.,0.));
#893 = DIRECTION('',(-0.,1.,0.));
#894 = ADVANCED_FACE('',(#895),#906,.T.);
#895 = FACE_BOUND('',#896,.T.);
#896 = EDGE_LOOP('',(#897,#903,#904,#905));
#897 = ORIENTED_EDGE('',*,*,#898,.F.);
#898 = EDGE_CURVE('',#849,#876,#899,.T.);
#899 = LINE('',#900,#901);
#900 = CARTESIAN_POINT('',(1.,0.625,0.));
#901 = VECTOR('',#902,1.);
#902 = DIRECTION('',(0.,0.,1.));
#903 = ORIENTED_EDGE('',*,*,#848,.F.);
#904 = ORIENTED_EDGE('',*,*,#669,.T.);
#905 = ORIENTED_EDGE('',*,*,#884,.T.);
#906 = PLANE('',#907);
#907 = AXIS2_PLACEMENT_3D('',#908,#909,#910);
#908 = CARTESIAN_POINT('',(0.6,0.625,0.));
#909 = DIRECTION('',(0.,1.,0.));
#910 = DIRECTION('',(0.,-0.,1.));
#911 = ADVANCED_FACE('',(#912),#922,.T.);
#912 = FACE_BOUND('',#913,.T.);
#913 = EDGE_LOOP('',(#914,#915,#916,#917,#918,#919,#920,#921));
#914 = ORIENTED_EDGE('',*,*,#719,.F.);
#915 = ORIENTED_EDGE('',*,*,#759,.T.);
#916 = ORIENTED_EDGE('',*,*,#802,.T.);
#917 = ORIENTED_EDGE('',*,*,#856,.F.);
#918 = ORIENTED_EDGE('',*,*,#898,.T.);
#919 = ORIENTED_EDGE('',*,*,#875,.T.);
#920 = ORIENTED_EDGE('',*,*,#826,.F.);
#921 = ORIENTED_EDGE('',*,*,#776,.F.);
#922 = PLANE('',#923);
#923 = AXIS2_PLACEMENT_3D('',#924,#925,#926);
#924 = CARTESIAN_POINT('',(1.,-0.625,0.));
#925 = DIRECTION('',(1.,0.,0.));
#926 = DIRECTION('',(0.,0.,1.));
#927 = ( GEOMETRIC_REPRESENTATION_CONTEXT(3) 
GLOBAL_UNCERTAINTY_ASSIGNED_CONTEXT((#931)) GLOBAL_UNIT_ASSIGNED_CONTEXT
((#928,#929,#930)) REPRESENTATION_CONTEXT('Context #1',
  '3D Context with UNIT and UNCERTAINTY') );
#928 = ( LENGTH_UNIT() NAMED_UNIT(*) SI_UNIT(.MILLI.,.METRE.) );
#929 = ( NAMED_UNIT(*) PLANE_ANGLE_UNIT() SI_UNIT($,.RADIAN.) );
#930 = ( NAMED_UNIT(*) SI_UNIT($,.STERADIAN.) SOLID_ANGLE_UNIT() );
#931 = UNCERTAINTY_MEASURE_WITH_UNIT(LENGTH_MEASURE(1.E-07),#928,
  'distance_accuracy_value','confusion accuracy');
#932 = CONTEXT_DEPENDENT_SHAPE_REPRESENTATION(#933,#935);
#933 = ( REPRESENTATION_RELATIONSHIP('','',#72,#10) 
REPRESENTATION_RELATIONSHIP_WITH_TRANSFORMATION(#934) 
SHAPE_REPRESENTATION_RELATIONSHIP() );
#934 = ITEM_DEFINED_TRANSFORMATION('','',#11,#15);
#935 = PRODUCT_DEFINITION_SHAPE('Placement','Placement of an item',#936
  );
#936 = NEXT_ASSEMBLY_USAGE_OCCURRENCE('1','C1','',#5,#67,$);
#937 = PRODUCT_RELATED_PRODUCT_CATEGORY('part',$,(#69));
#938 = CONTEXT_DEPENDENT_SHAPE_REPRESENTATION(#939,#941);
#939 = ( REPRESENTATION_RELATIONSHIP('','',#72,#10) 
REPRESENTATION_RELATIONSHIP_WITH_TRANSFORMATION(#940) 
SHAPE_REPRESENTATION_RELATIONSHIP() );
#940 = ITEM_DEFINED_TRANSFORMATION('','',#11,#19);
#941 = PRODUCT_DEFINITION_SHAPE('Placement','Placement of an item',#942
  );
#942 = NEXT_ASSEMBLY_USAGE_OCCURRENCE('2','C3','',#5,#67,$);
#943 = SHAPE_DEFINITION_REPRESENTATION(#944,#950);
#944 = PRODUCT_DEFINITION_SHAPE('','',#945);
#945 = PRODUCT_DEFINITION('design','',#946,#949);
#946 = PRODUCT_DEFINITION_FORMATION('','',#947);
#947 = PRODUCT('PinHeader_1x05_P2.54mm_Vertical',
  'PinHeader_1x05_P2.54mm_Vertical','',(#948));
#948 = PRODUCT_CONTEXT('',#2,'mechanical');
#949 = PRODUCT_DEFINITION_CONTEXT('part definition',#2,'design');
#950 = ADVANCED_BREP_SHAPE_REPRESENTATION('',(#11,#951),#4405);
#951 = MANIFOLD_SOLID_BREP('',#952);
#952 = CLOSED_SHELL('',(#953,#993,#1024,#1055,#1466,#1877,#1894,#1911,
    #1928,#1945,#1962,#1979,#1996,#2013,#2030,#2047,#2064,#2081,#2098,
    #2115,#2132,#2149,#2166,#2183,#2200,#2217,#2234,#2251,#2268,#2285,
    #2302,#2319,#2336,#2353,#2365,#2396,#2420,#2444,#2461,#2492,#2516,
    #2540,#2557,#2588,#2612,#2636,#2653,#2684,#2708,#2732,#2749,#2780,
    #2804,#2828,#2845,#2876,#2900,#2924,#2941,#2972,#2996,#3020,#3037,
    #3068,#3092,#3116,#3133,#3164,#3188,#3212,#3229,#3260,#3284,#3308,
    #3325,#3356,#3380,#3404,#3421,#3452,#3476,#3500,#3517,#3548,#3572,
    #3596,#3613,#3644,#3668,#3692,#3709,#3740,#3764,#3788,#3805,#3836,
    #3860,#3884,#3901,#3932,#3956,#3980,#3997,#4028,#4052,#4076,#4093,
    #4124,#4148,#4172,#4189,#4220,#4244,#4268,#4285,#4297,#4309,#4321,
    #4333,#4345,#4357,#4369,#4381,#4393));
#953 = ADVANCED_FACE('',(#954),#988,.F.);
#954 = FACE_BOUND('',#955,.F.);
#955 = EDGE_LOOP('',(#956,#966,#974,#982));
#956 = ORIENTED_EDGE('',*,*,#957,.T.);
#957 = EDGE_CURVE('',#958,#960,#962,.T.);
#958 = VERTEX_POINT('',#959);
#959 = CARTESIAN_POINT('',(-1.016,1.27,0.));
#960 = VERTEX_POINT('',#961);
#961 = CARTESIAN_POINT('',(-1.016,1.27,2.54));
#962 = LINE('',#963,#964);
#963 = CARTESIAN_POINT('',(-1.016,1.27,0.));
#964 = VECTOR('',#965,1.);
#965 = DIRECTION('',(0.,0.,1.));
#966 = ORIENTED_EDGE('',*,*,#967,.T.);
#967 = EDGE_CURVE('',#960,#968,#970,.T.);
#968 = VERTEX_POINT('',#969);
#969 = CARTESIAN_POINT('',(-1.27,1.016,2.54));
#970 = LINE('',#971,#972);
#971 = CARTESIAN_POINT('',(-1.016,1.27,2.54));
#972 = VECTOR('',#973,1.);
#973 = DIRECTION('',(-0.707106781187,-0.707106781187,0.));
#974 = ORIENTED_EDGE('',*,*,#975,.F.);
#975 = EDGE_CURVE('',#976,#968,#978,.T.);
#976 = VERTEX_POINT('',#977);
#977 = CARTESIAN_POINT('',(-1.27,1.016,0.));
#978 = LINE('',#979,#980);
#979 = CARTESIAN_POINT('',(-1.27,1.016,0.));
#980 = VECTOR('',#981,1.);
#981 = DIRECTION('',(0.,0.,1.));
#982 = ORIENTED_EDGE('',*,*,#983,.F.);
#983 = EDGE_CURVE('',#958,#976,#984,.T.);
#984 = LINE('',#985,#986);
#985 = CARTESIAN_POINT('',(-1.016,1.27,0.));
#986 = VECTOR('',#987,1.);
#987 = DIRECTION('',(-0.707106781187,-0.707106781187,0.));
#988 = PLANE('',#989);
#989 = AXIS2_PLACEMENT_3D('',#990,#991,#992);
#990 = CARTESIAN_POINT('',(-1.016,1.27,0.));
#991 = DIRECTION('',(0.707106781187,-0.707106781187,0.));
#992 = DIRECTION('',(-0.707106781187,-0.707106781187,0.));
#993 = ADVANCED_FACE('',(#994),#1019,.F.);
#994 = FACE_BOUND('',#995,.F.);
#995 = EDGE_LOOP('',(#996,#1006,#1012,#1013));
#996 = ORIENTED_EDGE('',*,*,#997,.T.);
#997 = EDGE_CURVE('',#998,#1000,#1002,.T.);
#998 = VERTEX_POINT('',#999);
#999 = CARTESIAN_POINT('',(1.016,1.27,0.));
#1000 = VERTEX_POINT('',#1001);
#1001 = CARTESIAN_POINT('',(1.016,1.27,2.54));
#1002 = LINE('',#1003,#1004);
#1003 = CARTESIAN_POINT('',(1.016,1.27,0.));
#1004 = VECTOR('',#1005,1.);
#1005 = DIRECTION('',(0.,0.,1.));
#1006 = ORIENTED_EDGE('',*,*,#1007,.T.);
#1007 = EDGE_CURVE('',#1000,#960,#1008,.T.);
#1008 = LINE('',#1009,#1010);
#1009 = CARTESIAN_POINT('',(1.016,1.27,2.54));
#1010 = VECTOR('',#1011,1.);
#1011 = DIRECTION('',(-1.,0.,0.));
#1012 = ORIENTED_EDGE('',*,*,#957,.F.);
#1013 = ORIENTED_EDGE('',*,*,#1014,.F.);
#1014 = EDGE_CURVE('',#998,#958,#1015,.T.);
#1015 = LINE('',#1016,#1017);
#1016 = CARTESIAN_POINT('',(1.016,1.27,0.));
#1017 = VECTOR('',#1018,1.);
#1018 = DIRECTION('',(-1.,0.,0.));
#1019 = PLANE('',#1020);
#1020 = AXIS2_PLACEMENT_3D('',#1021,#1022,#1023);
#1021 = CARTESIAN_POINT('',(1.016,1.27,0.));
#1022 = DIRECTION('',(0.,-1.,0.));
#1023 = DIRECTION('',(-1.,0.,0.));
#1024 = ADVANCED_FACE('',(#1025),#1050,.F.);
#1025 = FACE_BOUND('',#1026,.F.);
#1026 = EDGE_LOOP('',(#1027,#1028,#1036,#1044));
#1027 = ORIENTED_EDGE('',*,*,#975,.T.);
#1028 = ORIENTED_EDGE('',*,*,#1029,.T.);
#1029 = EDGE_CURVE('',#968,#1030,#1032,.T.);
#1030 = VERTEX_POINT('',#1031);
#1031 = CARTESIAN_POINT('',(-1.27,-1.016,2.54));
#1032 = LINE('',#1033,#1034);
#1033 = CARTESIAN_POINT('',(-1.27,1.016,2.54));
#1034 = VECTOR('',#1035,1.);
#1035 = DIRECTION('',(0.,-1.,0.));
#1036 = ORIENTED_EDGE('',*,*,#1037,.F.);
#1037 = EDGE_CURVE('',#1038,#1030,#1040,.T.);
#1038 = VERTEX_POINT('',#1039);
#1039 = CARTESIAN_POINT('',(-1.27,-1.016,0.));
#1040 = LINE('',#1041,#1042);
#1041 = CARTESIAN_POINT('',(-1.27,-1.016,0.));
#1042 = VECTOR('',#1043,1.);
#1043 = DIRECTION('',(0.,0.,1.));
#1044 = ORIENTED_EDGE('',*,*,#1045,.F.);
#1045 = EDGE_CURVE('',#976,#1038,#1046,.T.);
#1046 = LINE('',#1047,#1048);
#1047 = CARTESIAN_POINT('',(-1.27,1.016,0.));
#1048 = VECTOR('',#1049,1.);
#1049 = DIRECTION('',(0.,-1.,0.));
#1050 = PLANE('',#1051);
#1051 = AXIS2_PLACEMENT_3D('',#1052,#1053,#1054);
#1052 = CARTESIAN_POINT('',(-1.27,1.016,0.));
#1053 = DIRECTION('',(1.,0.,0.));
#1054 = DIRECTION('',(0.,-1.,0.));
#1055 = ADVANCED_FACE('',(#1056,#1291,#1325,#1359,#1393,#1427),#1461,.F.
  );
#1056 = FACE_BOUND('',#1057,.F.);
#1057 = EDGE_LOOP('',(#1058,#1059,#1060,#1068,#1076,#1084,#1092,#1100,
    #1108,#1116,#1124,#1132,#1140,#1148,#1156,#1164,#1172,#1180,#1188,
    #1196,#1204,#1212,#1220,#1228,#1236,#1244,#1252,#1260,#1268,#1276,
    #1284,#1290));
#1058 = ORIENTED_EDGE('',*,*,#983,.T.);
#1059 = ORIENTED_EDGE('',*,*,#1045,.T.);
#1060 = ORIENTED_EDGE('',*,*,#1061,.T.);
#1061 = EDGE_CURVE('',#1038,#1062,#1064,.T.);
#1062 = VERTEX_POINT('',#1063);
#1063 = CARTESIAN_POINT('',(-1.016,-1.27,0.));
#1064 = LINE('',#1065,#1066);
#1065 = CARTESIAN_POINT('',(-1.27,-1.016,0.));
#1066 = VECTOR('',#1067,1.);
#1067 = DIRECTION('',(0.707106781187,-0.707106781187,0.));
#1068 = ORIENTED_EDGE('',*,*,#1069,.T.);
#1069 = EDGE_CURVE('',#1062,#1070,#1072,.T.);
#1070 = VERTEX_POINT('',#1071);
#1071 = CARTESIAN_POINT('',(-1.27,-1.524,0.));
#1072 = LINE('',#1073,#1074);
#1073 = CARTESIAN_POINT('',(-1.016,-1.27,0.));
#1074 = VECTOR('',#1075,1.);
#1075 = DIRECTION('',(-0.707106781187,-0.707106781187,0.));
#1076 = ORIENTED_EDGE('',*,*,#1077,.T.);
#1077 = EDGE_CURVE('',#1070,#1078,#1080,.T.);
#1078 = VERTEX_POINT('',#1079);
#1079 = CARTESIAN_POINT('',(-1.27,-3.556,0.));
#1080 = LINE('',#1081,#1082);
#1081 = CARTESIAN_POINT('',(-1.27,-1.524,0.));
#1082 = VECTOR('',#1083,1.);
#1083 = DIRECTION('',(0.,-1.,0.));
#1084 = ORIENTED_EDGE('',*,*,#1085,.T.);
#1085 = EDGE_CURVE('',#1078,#1086,#1088,.T.);
#1086 = VERTEX_POINT('',#1087);
#1087 = CARTESIAN_POINT('',(-1.016,-3.81,0.));
#1088 = LINE('',#1089,#1090);
#1089 = CARTESIAN_POINT('',(-1.27,-3.556,0.));
#1090 = VECTOR('',#1091,1.);
#1091 = DIRECTION('',(0.707106781187,-0.707106781187,0.));
#1092 = ORIENTED_EDGE('',*,*,#1093,.T.);
#1093 = EDGE_CURVE('',#1086,#1094,#1096,.T.);
#1094 = VERTEX_POINT('',#1095);
#1095 = CARTESIAN_POINT('',(-1.27,-4.064,0.));
#1096 = LINE('',#1097,#1098);
#1097 = CARTESIAN_POINT('',(-1.016,-3.81,0.));
#1098 = VECTOR('',#1099,1.);
#1099 = DIRECTION('',(-0.707106781187,-0.707106781187,0.));
#1100 = ORIENTED_EDGE('',*,*,#1101,.T.);
#1101 = EDGE_CURVE('',#1094,#1102,#1104,.T.);
#1102 = VERTEX_POINT('',#1103);
#1103 = CARTESIAN_POINT('',(-1.27,-6.096,0.));
#1104 = LINE('',#1105,#1106);
#1105 = CARTESIAN_POINT('',(-1.27,-4.064,0.));
#1106 = VECTOR('',#1107,1.);
#1107 = DIRECTION('',(0.,-1.,0.));
#1108 = ORIENTED_EDGE('',*,*,#1109,.T.);
#1109 = EDGE_CURVE('',#1102,#1110,#1112,.T.);
#1110 = VERTEX_POINT('',#1111);
#1111 = CARTESIAN_POINT('',(-1.016,-6.35,0.));
#1112 = LINE('',#1113,#1114);
#1113 = CARTESIAN_POINT('',(-1.27,-6.096,0.));
#1114 = VECTOR('',#1115,1.);
#1115 = DIRECTION('',(0.707106781187,-0.707106781187,0.));
#1116 = ORIENTED_EDGE('',*,*,#1117,.T.);
#1117 = EDGE_CURVE('',#1110,#1118,#1120,.T.);
#1118 = VERTEX_POINT('',#1119);
#1119 = CARTESIAN_POINT('',(-1.27,-6.604,0.));
#1120 = LINE('',#1121,#1122);
#1121 = CARTESIAN_POINT('',(-1.016,-6.35,0.));
#1122 = VECTOR('',#1123,1.);
#1123 = DIRECTION('',(-0.707106781187,-0.707106781187,0.));
#1124 = ORIENTED_EDGE('',*,*,#1125,.T.);
#1125 = EDGE_CURVE('',#1118,#1126,#1128,.T.);
#1126 = VERTEX_POINT('',#1127);
#1127 = CARTESIAN_POINT('',(-1.27,-8.636,0.));
#1128 = LINE('',#1129,#1130);
#1129 = CARTESIAN_POINT('',(-1.27,-6.604,0.));
#1130 = VECTOR('',#1131,1.);
#1131 = DIRECTION('',(0.,-1.,0.));
#1132 = ORIENTED_EDGE('',*,*,#1133,.T.);
#1133 = EDGE_CURVE('',#1126,#1134,#1136,.T.);
#1134 = VERTEX_POINT('',#1135);
#1135 = CARTESIAN_POINT('',(-1.016,-8.89,0.));
#1136 = LINE('',#1137,#1138);
#1137 = CARTESIAN_POINT('',(-1.27,-8.636,0.));
#1138 = VECTOR('',#1139,1.);
#1139 = DIRECTION('',(0.707106781187,-0.707106781187,0.));
#1140 = ORIENTED_EDGE('',*,*,#1141,.T.);
#1141 = EDGE_CURVE('',#1134,#1142,#1144,.T.);
#1142 = VERTEX_POINT('',#1143);
#1143 = CARTESIAN_POINT('',(-1.27,-9.144,0.));
#1144 = LINE('',#1145,#1146);
#1145 = CARTESIAN_POINT('',(-1.016,-8.89,0.));
#1146 = VECTOR('',#1147,1.);
#1147 = DIRECTION('',(-0.707106781187,-0.707106781187,0.));
#1148 = ORIENTED_EDGE('',*,*,#1149,.T.);
#1149 = EDGE_CURVE('',#1142,#1150,#1152,.T.);
#1150 = VERTEX_POINT('',#1151);
#1151 = CARTESIAN_POINT('',(-1.27,-11.176,0.));
#1152 = LINE('',#1153,#1154);
#1153 = CARTESIAN_POINT('',(-1.27,-9.144,0.));
#1154 = VECTOR('',#1155,1.);
#1155 = DIRECTION('',(0.,-1.,0.));
#1156 = ORIENTED_EDGE('',*,*,#1157,.T.);
#1157 = EDGE_CURVE('',#1150,#1158,#1160,.T.);
#1158 = VERTEX_POINT('',#1159);
#1159 = CARTESIAN_POINT('',(-1.016,-11.43,0.));
#1160 = LINE('',#1161,#1162);
#1161 = CARTESIAN_POINT('',(-1.27,-11.176,0.));
#1162 = VECTOR('',#1163,1.);
#1163 = DIRECTION('',(0.707106781187,-0.707106781187,0.));
#1164 = ORIENTED_EDGE('',*,*,#1165,.T.);
#1165 = EDGE_CURVE('',#1158,#1166,#1168,.T.);
#1166 = VERTEX_POINT('',#1167);
#1167 = CARTESIAN_POINT('',(1.016,-11.43,0.));
#1168 = LINE('',#1169,#1170);
#1169 = CARTESIAN_POINT('',(-1.016,-11.43,0.));
#1170 = VECTOR('',#1171,1.);
#1171 = DIRECTION('',(1.,0.,0.));
#1172 = ORIENTED_EDGE('',*,*,#1173,.T.);
#1173 = EDGE_CURVE('',#1166,#1174,#1176,.T.);
#1174 = VERTEX_POINT('',#1175);
#1175 = CARTESIAN_POINT('',(1.27,-11.176,0.));
#1176 = LINE('',#1177,#1178);
#1177 = CARTESIAN_POINT('',(1.016,-11.43,0.));
#1178 = VECTOR('',#1179,1.);
#1179 = DIRECTION('',(0.707106781187,0.707106781187,0.));
#1180 = ORIENTED_EDGE('',*,*,#1181,.T.);
#1181 = EDGE_CURVE('',#1174,#1182,#1184,.T.);
#1182 = VERTEX_POINT('',#1183);
#1183 = CARTESIAN_POINT('',(1.27,-9.144,0.));
#1184 = LINE('',#1185,#1186);
#1185 = CARTESIAN_POINT('',(1.27,-11.176,0.));
#1186 = VECTOR('',#1187,1.);
#1187 = DIRECTION('',(0.,1.,0.));
#1188 = ORIENTED_EDGE('',*,*,#1189,.T.);
#1189 = EDGE_CURVE('',#1182,#1190,#1192,.T.);
#1190 = VERTEX_POINT('',#1191);
#1191 = CARTESIAN_POINT('',(1.016,-8.89,0.));
#1192 = LINE('',#1193,#1194);
#1193 = CARTESIAN_POINT('',(1.27,-9.144,0.));
#1194 = VECTOR('',#1195,1.);
#1195 = DIRECTION('',(-0.707106781187,0.707106781187,0.));
#1196 = ORIENTED_EDGE('',*,*,#1197,.T.);
#1197 = EDGE_CURVE('',#1190,#1198,#1200,.T.);
#1198 = VERTEX_POINT('',#1199);
#1199 = CARTESIAN_POINT('',(1.27,-8.636,0.));
#1200 = LINE('',#1201,#1202);
#1201 = CARTESIAN_POINT('',(1.016,-8.89,0.));
#1202 = VECTOR('',#1203,1.);
#1203 = DIRECTION('',(0.707106781187,0.707106781187,0.));
#1204 = ORIENTED_EDGE('',*,*,#1205,.T.);
#1205 = EDGE_CURVE('',#1198,#1206,#1208,.T.);
#1206 = VERTEX_POINT('',#1207);
#1207 = CARTESIAN_POINT('',(1.27,-6.604,0.));
#1208 = LINE('',#1209,#1210);
#1209 = CARTESIAN_POINT('',(1.27,-8.636,0.));
#1210 = VECTOR('',#1211,1.);
#1211 = DIRECTION('',(0.,1.,0.));
#1212 = ORIENTED_EDGE('',*,*,#1213,.T.);
#1213 = EDGE_CURVE('',#1206,#1214,#1216,.T.);
#1214 = VERTEX_POINT('',#1215);
#1215 = CARTESIAN_POINT('',(1.016,-6.35,0.));
#1216 = LINE('',#1217,#1218);
#1217 = CARTESIAN_POINT('',(1.27,-6.604,0.));
#1218 = VECTOR('',#1219,1.);
#1219 = DIRECTION('',(-0.707106781187,0.707106781187,0.));
#1220 = ORIENTED_EDGE('',*,*,#1221,.T.);
#1221 = EDGE_CURVE('',#1214,#1222,#1224,.T.);
#1222 = VERTEX_POINT('',#1223);
#1223 = CARTESIAN_POINT('',(1.27,-6.096,0.));
#1224 = LINE('',#1225,#1226);
#1225 = CARTESIAN_POINT('',(1.016,-6.35,0.));
#1226 = VECTOR('',#1227,1.);
#1227 = DIRECTION('',(0.707106781187,0.707106781187,0.));
#1228 = ORIENTED_EDGE('',*,*,#1229,.T.);
#1229 = EDGE_CURVE('',#1222,#1230,#1232,.T.);
#1230 = VERTEX_POINT('',#1231);
#1231 = CARTESIAN_POINT('',(1.27,-4.064,0.));
#1232 = LINE('',#1233,#1234);
#1233 = CARTESIAN_POINT('',(1.27,-6.096,0.));
#1234 = VECTOR('',#1235,1.);
#1235 = DIRECTION('',(0.,1.,0.));
#1236 = ORIENTED_EDGE('',*,*,#1237,.T.);
#1237 = EDGE_CURVE('',#1230,#1238,#1240,.T.);
#1238 = VERTEX_POINT('',#1239);
#1239 = CARTESIAN_POINT('',(1.016,-3.81,0.));
#1240 = LINE('',#1241,#1242);
#1241 = CARTESIAN_POINT('',(1.27,-4.064,0.));
#1242 = VECTOR('',#1243,1.);
#1243 = DIRECTION('',(-0.707106781187,0.707106781187,0.));
#1244 = ORIENTED_EDGE('',*,*,#1245,.T.);
#1245 = EDGE_CURVE('',#1238,#1246,#1248,.T.);
#1246 = VERTEX_POINT('',#1247);
#1247 = CARTESIAN_POINT('',(1.27,-3.556,0.));
#1248 = LINE('',#1249,#1250);
#1249 = CARTESIAN_POINT('',(1.016,-3.81,0.));
#1250 = VECTOR('',#1251,1.);
#1251 = DIRECTION('',(0.707106781187,0.707106781187,0.));
#1252 = ORIENTED_EDGE('',*,*,#1253,.T.);
#1253 = EDGE_CURVE('',#1246,#1254,#1256,.T.);
#1254 = VERTEX_POINT('',#1255);
#1255 = CARTESIAN_POINT('',(1.27,-1.524,0.));
#1256 = LINE('',#1257,#1258);
#1257 = CARTESIAN_POINT('',(1.27,-3.556,0.));
#1258 = VECTOR('',#1259,1.);
#1259 = DIRECTION('',(0.,1.,0.));
#1260 = ORIENTED_EDGE('',*,*,#1261,.T.);
#1261 = EDGE_CURVE('',#1254,#1262,#1264,.T.);
#1262 = VERTEX_POINT('',#1263);
#1263 = CARTESIAN_POINT('',(1.016,-1.27,0.));
#1264 = LINE('',#1265,#1266);
#1265 = CARTESIAN_POINT('',(1.27,-1.524,0.));
#1266 = VECTOR('',#1267,1.);
#1267 = DIRECTION('',(-0.707106781187,0.707106781187,0.));
#1268 = ORIENTED_EDGE('',*,*,#1269,.T.);
#1269 = EDGE_CURVE('',#1262,#1270,#1272,.T.);
#1270 = VERTEX_POINT('',#1271);
#1271 = CARTESIAN_POINT('',(1.27,-1.016,0.));
#1272 = LINE('',#1273,#1274);
#1273 = CARTESIAN_POINT('',(1.016,-1.27,0.));
#1274 = VECTOR('',#1275,1.);
#1275 = DIRECTION('',(0.707106781187,0.707106781187,0.));
#1276 = ORIENTED_EDGE('',*,*,#1277,.T.);
#1277 = EDGE_CURVE('',#1270,#1278,#1280,.T.);
#1278 = VERTEX_POINT('',#1279);
#1279 = CARTESIAN_POINT('',(1.27,1.016,0.));
#1280 = LINE('',#1281,#1282);
#1281 = CARTESIAN_POINT('',(1.27,-1.016,0.));
#1282 = VECTOR('',#1283,1.);
#1283 = DIRECTION('',(0.,1.,0.));
#1284 = ORIENTED_EDGE('',*,*,#1285,.T.);
#1285 = EDGE_CURVE('',#1278,#998,#1286,.T.);
#1286 = LINE('',#1287,#1288);
#1287 = CARTESIAN_POINT('',(1.27,1.016,0.));
#1288 = VECTOR('',#1289,1.);
#1289 = DIRECTION('',(-0.707106781187,0.707106781187,0.));
#1290 = ORIENTED_EDGE('',*,*,#1014,.T.);
#1291 = FACE_BOUND('',#1292,.F.);
#1292 = EDGE_LOOP('',(#1293,#1303,#1311,#1319));
#1293 = ORIENTED_EDGE('',*,*,#1294,.F.);
#1294 = EDGE_CURVE('',#1295,#1297,#1299,.T.);
#1295 = VERTEX_POINT('',#1296);
#1296 = CARTESIAN_POINT('',(0.32,-0.32,0.));
#1297 = VERTEX_POINT('',#1298);
#1298 = CARTESIAN_POINT('',(0.32,0.32,0.));
#1299 = LINE('',#1300,#1301);
#1300 = CARTESIAN_POINT('',(0.32,-2.7,0.));
#1301 = VECTOR('',#1302,1.);
#1302 = DIRECTION('',(0.,1.,0.));
#1303 = ORIENTED_EDGE('',*,*,#1304,.T.);
#1304 = EDGE_CURVE('',#1295,#1305,#1307,.T.);
#1305 = VERTEX_POINT('',#1306);
#1306 = CARTESIAN_POINT('',(-0.32,-0.32,0.));
#1307 = LINE('',#1308,#1309);
#1308 = CARTESIAN_POINT('',(-0.16,-0.32,0.));
#1309 = VECTOR('',#1310,1.);
#1310 = DIRECTION('',(-1.,0.,0.));
#1311 = ORIENTED_EDGE('',*,*,#1312,.T.);
#1312 = EDGE_CURVE('',#1305,#1313,#1315,.T.);
#1313 = VERTEX_POINT('',#1314);
#1314 = CARTESIAN_POINT('',(-0.32,0.32,0.));
#1315 = LINE('',#1316,#1317);
#1316 = CARTESIAN_POINT('',(-0.32,-2.7,0.));
#1317 = VECTOR('',#1318,1.);
#1318 = DIRECTION('',(0.,1.,0.));
#1319 = ORIENTED_EDGE('',*,*,#1320,.F.);
#1320 = EDGE_CURVE('',#1297,#1313,#1321,.T.);
#1321 = LINE('',#1322,#1323);
#1322 = CARTESIAN_POINT('',(-0.16,0.32,0.));
#1323 = VECTOR('',#1324,1.);
#1324 = DIRECTION('',(-1.,0.,0.));
#1325 = FACE_BOUND('',#1326,.F.);
#1326 = EDGE_LOOP('',(#1327,#1337,#1345,#1353));
#1327 = ORIENTED_EDGE('',*,*,#1328,.F.);
#1328 = EDGE_CURVE('',#1329,#1331,#1333,.T.);
#1329 = VERTEX_POINT('',#1330);
#1330 = CARTESIAN_POINT('',(0.32,-2.22,0.));
#1331 = VERTEX_POINT('',#1332);
#1332 = CARTESIAN_POINT('',(-0.32,-2.22,0.));
#1333 = LINE('',#1334,#1335);
#1334 = CARTESIAN_POINT('',(-0.16,-2.22,0.));
#1335 = VECTOR('',#1336,1.);
#1336 = DIRECTION('',(-1.,0.,0.));
#1337 = ORIENTED_EDGE('',*,*,#1338,.F.);
#1338 = EDGE_CURVE('',#1339,#1329,#1341,.T.);
#1339 = VERTEX_POINT('',#1340);
#1340 = CARTESIAN_POINT('',(0.32,-2.86,0.));
#1341 = LINE('',#1342,#1343);
#1342 = CARTESIAN_POINT('',(0.32,-3.97,0.));
#1343 = VECTOR('',#1344,1.);
#1344 = DIRECTION('',(0.,1.,0.));
#1345 = ORIENTED_EDGE('',*,*,#1346,.T.);
#1346 = EDGE_CURVE('',#1339,#1347,#1349,.T.);
#1347 = VERTEX_POINT('',#1348);
#1348 = CARTESIAN_POINT('',(-0.32,-2.86,0.));
#1349 = LINE('',#1350,#1351);
#1350 = CARTESIAN_POINT('',(-0.16,-2.86,0.));
#1351 = VECTOR('',#1352,1.);
#1352 = DIRECTION('',(-1.,0.,0.));
#1353 = ORIENTED_EDGE('',*,*,#1354,.T.);
#1354 = EDGE_CURVE('',#1347,#1331,#1355,.T.);
#1355 = LINE('',#1356,#1357);
#1356 = CARTESIAN_POINT('',(-0.32,-3.97,0.));
#1357 = VECTOR('',#1358,1.);
#1358 = DIRECTION('',(0.,1.,0.));
#1359 = FACE_BOUND('',#1360,.F.);
#1360 = EDGE_LOOP('',(#1361,#1371,#1379,#1387));
#1361 = ORIENTED_EDGE('',*,*,#1362,.F.);
#1362 = EDGE_CURVE('',#1363,#1365,#1367,.T.);
#1363 = VERTEX_POINT('',#1364);
#1364 = CARTESIAN_POINT('',(0.32,-4.76,0.));
#1365 = VERTEX_POINT('',#1366);
#1366 = CARTESIAN_POINT('',(-0.32,-4.76,0.));
#1367 = LINE('',#1368,#1369);
#1368 = CARTESIAN_POINT('',(-0.16,-4.76,0.));
#1369 = VECTOR('',#1370,1.);
#1370 = DIRECTION('',(-1.,0.,0.));
#1371 = ORIENTED_EDGE('',*,*,#1372,.F.);
#1372 = EDGE_CURVE('',#1373,#1363,#1375,.T.);
#1373 = VERTEX_POINT('',#1374);
#1374 = CARTESIAN_POINT('',(0.32,-5.4,0.));
#1375 = LINE('',#1376,#1377);
#1376 = CARTESIAN_POINT('',(0.32,-5.24,0.));
#1377 = VECTOR('',#1378,1.);
#1378 = DIRECTION('',(0.,1.,0.));
#1379 = ORIENTED_EDGE('',*,*,#1380,.T.);
#1380 = EDGE_CURVE('',#1373,#1381,#1383,.T.);
#1381 = VERTEX_POINT('',#1382);
#1382 = CARTESIAN_POINT('',(-0.32,-5.4,0.));
#1383 = LINE('',#1384,#1385);
#1384 = CARTESIAN_POINT('',(-0.16,-5.4,0.));
#1385 = VECTOR('',#1386,1.);
#1386 = DIRECTION('',(-1.,0.,0.));
#1387 = ORIENTED_EDGE('',*,*,#1388,.T.);
#1388 = EDGE_CURVE('',#1381,#1365,#1389,.T.);
#1389 = LINE('',#1390,#1391);
#1390 = CARTESIAN_POINT('',(-0.32,-5.24,0.));
#1391 = VECTOR('',#1392,1.);
#1392 = DIRECTION('',(0.,1.,0.));
#1393 = FACE_BOUND('',#1394,.F.);
#1394 = EDGE_LOOP('',(#1395,#1405,#1413,#1421));
#1395 = ORIENTED_EDGE('',*,*,#1396,.F.);
#1396 = EDGE_CURVE('',#1397,#1399,#1401,.T.);
#1397 = VERTEX_POINT('',#1398);
#1398 = CARTESIAN_POINT('',(0.32,-9.84,0.));
#1399 = VERTEX_POINT('',#1400);
#1400 = CARTESIAN_POINT('',(-0.32,-9.84,0.));
#1401 = LINE('',#1402,#1403);
#1402 = CARTESIAN_POINT('',(-0.16,-9.84,0.));
#1403 = VECTOR('',#1404,1.);
#1404 = DIRECTION('',(-1.,0.,0.));
#1405 = ORIENTED_EDGE('',*,*,#1406,.F.);
#1406 = EDGE_CURVE('',#1407,#1397,#1409,.T.);
#1407 = VERTEX_POINT('',#1408);
#1408 = CARTESIAN_POINT('',(0.32,-10.48,0.));
#1409 = LINE('',#1410,#1411);
#1410 = CARTESIAN_POINT('',(0.32,-7.78,0.));
#1411 = VECTOR('',#1412,1.);
#1412 = DIRECTION('',(0.,1.,0.));
#1413 = ORIENTED_EDGE('',*,*,#1414,.T.);
#1414 = EDGE_CURVE('',#1407,#1415,#1417,.T.);
#1415 = VERTEX_POINT('',#1416);
#1416 = CARTESIAN_POINT('',(-0.32,-10.48,0.));
#1417 = LINE('',#1418,#1419);
#1418 = CARTESIAN_POINT('',(-0.16,-10.48,0.));
#1419 = VECTOR('',#1420,1.);
#1420 = DIRECTION('',(-1.,0.,0.));
#1421 = ORIENTED_EDGE('',*,*,#1422,.T.);
#1422 = EDGE_CURVE('',#1415,#1399,#1423,.T.);
#1423 = LINE('',#1424,#1425);
#1424 = CARTESIAN_POINT('',(-0.32,-7.78,0.));
#1425 = VECTOR('',#1426,1.);
#1426 = DIRECTION('',(0.,1.,0.));
#1427 = FACE_BOUND('',#1428,.F.);
#1428 = EDGE_LOOP('',(#1429,#1439,#1447,#1455));
#1429 = ORIENTED_EDGE('',*,*,#1430,.T.);
#1430 = EDGE_CURVE('',#1431,#1433,#1435,.T.);
#1431 = VERTEX_POINT('',#1432);
#1432 = CARTESIAN_POINT('',(0.32,-7.94,0.));
#1433 = VERTEX_POINT('',#1434);
#1434 = CARTESIAN_POINT('',(-0.32,-7.94,0.));
#1435 = LINE('',#1436,#1437);
#1436 = CARTESIAN_POINT('',(-0.16,-7.94,0.));
#1437 = VECTOR('',#1438,1.);
#1438 = DIRECTION('',(-1.,0.,0.));
#1439 = ORIENTED_EDGE('',*,*,#1440,.T.);
#1440 = EDGE_CURVE('',#1433,#1441,#1443,.T.);
#1441 = VERTEX_POINT('',#1442);
#1442 = CARTESIAN_POINT('',(-0.32,-7.3,0.));
#1443 = LINE('',#1444,#1445);
#1444 = CARTESIAN_POINT('',(-0.32,-6.51,0.));
#1445 = VECTOR('',#1446,1.);
#1446 = DIRECTION('',(0.,1.,0.));
#1447 = ORIENTED_EDGE('',*,*,#1448,.F.);
#1448 = EDGE_CURVE('',#1449,#1441,#1451,.T.);
#1449 = VERTEX_POINT('',#1450);
#1450 = CARTESIAN_POINT('',(0.32,-7.3,0.));
#1451 = LINE('',#1452,#1453);
#1452 = CARTESIAN_POINT('',(-0.16,-7.3,0.));
#1453 = VECTOR('',#1454,1.);
#1454 = DIRECTION('',(-1.,0.,0.));
#1455 = ORIENTED_EDGE('',*,*,#1456,.F.);
#1456 = EDGE_CURVE('',#1431,#1449,#1457,.T.);
#1457 = LINE('',#1458,#1459);
#1458 = CARTESIAN_POINT('',(0.32,-6.51,0.));
#1459 = VECTOR('',#1460,1.);
#1460 = DIRECTION('',(0.,1.,0.));
#1461 = PLANE('',#1462);
#1462 = AXIS2_PLACEMENT_3D('',#1463,#1464,#1465);
#1463 = CARTESIAN_POINT('',(-2.110141571089E-17,-5.08,0.));
#1464 = DIRECTION('',(0.,0.,1.));
#1465 = DIRECTION('',(1.,0.,-0.));
#1466 = ADVANCED_FACE('',(#1467,#1702,#1736,#1770,#1804,#1838),#1872,.T.
  );
#1467 = FACE_BOUND('',#1468,.T.);
#1468 = EDGE_LOOP('',(#1469,#1470,#1471,#1479,#1487,#1495,#1503,#1511,
    #1519,#1527,#1535,#1543,#1551,#1559,#1567,#1575,#1583,#1591,#1599,
    #1607,#1615,#1623,#1631,#1639,#1647,#1655,#1663,#1671,#1679,#1687,
    #1695,#1701));
#1469 = ORIENTED_EDGE('',*,*,#967,.T.);
#1470 = ORIENTED_EDGE('',*,*,#1029,.T.);
#1471 = ORIENTED_EDGE('',*,*,#1472,.T.);
#1472 = EDGE_CURVE('',#1030,#1473,#1475,.T.);
#1473 = VERTEX_POINT('',#1474);
#1474 = CARTESIAN_POINT('',(-1.016,-1.27,2.54));
#1475 = LINE('',#1476,#1477);
#1476 = CARTESIAN_POINT('',(-1.27,-1.016,2.54));
#1477 = VECTOR('',#1478,1.);
#1478 = DIRECTION('',(0.707106781187,-0.707106781187,0.));
#1479 = ORIENTED_EDGE('',*,*,#1480,.T.);
#1480 = EDGE_CURVE('',#1473,#1481,#1483,.T.);
#1481 = VERTEX_POINT('',#1482);
#1482 = CARTESIAN_POINT('',(-1.27,-1.524,2.54));
#1483 = LINE('',#1484,#1485);
#1484 = CARTESIAN_POINT('',(-1.016,-1.27,2.54));
#1485 = VECTOR('',#1486,1.);
#1486 = DIRECTION('',(-0.707106781187,-0.707106781187,0.));
#1487 = ORIENTED_EDGE('',*,*,#1488,.T.);
#1488 = EDGE_CURVE('',#1481,#1489,#1491,.T.);
#1489 = VERTEX_POINT('',#1490);
#1490 = CARTESIAN_POINT('',(-1.27,-3.556,2.54));
#1491 = LINE('',#1492,#1493);
#1492 = CARTESIAN_POINT('',(-1.27,-1.524,2.54));
#1493 = VECTOR('',#1494,1.);
#1494 = DIRECTION('',(0.,-1.,0.));
#1495 = ORIENTED_EDGE('',*,*,#1496,.T.);
#1496 = EDGE_CURVE('',#1489,#1497,#1499,.T.);
#1497 = VERTEX_POINT('',#1498);
#1498 = CARTESIAN_POINT('',(-1.016,-3.81,2.54));
#1499 = LINE('',#1500,#1501);
#1500 = CARTESIAN_POINT('',(-1.27,-3.556,2.54));
#1501 = VECTOR('',#1502,1.);
#1502 = DIRECTION('',(0.707106781187,-0.707106781187,0.));
#1503 = ORIENTED_EDGE('',*,*,#1504,.T.);
#1504 = EDGE_CURVE('',#1497,#1505,#1507,.T.);
#1505 = VERTEX_POINT('',#1506);
#1506 = CARTESIAN_POINT('',(-1.27,-4.064,2.54));
#1507 = LINE('',#1508,#1509);
#1508 = CARTESIAN_POINT('',(-1.016,-3.81,2.54));
#1509 = VECTOR('',#1510,1.);
#1510 = DIRECTION('',(-0.707106781187,-0.707106781187,0.));
#1511 = ORIENTED_EDGE('',*,*,#1512,.T.);
#1512 = EDGE_CURVE('',#1505,#1513,#1515,.T.);
#1513 = VERTEX_POINT('',#1514);
#1514 = CARTESIAN_POINT('',(-1.27,-6.096,2.54));
#1515 = LINE('',#1516,#1517);
#1516 = CARTESIAN_POINT('',(-1.27,-4.064,2.54));
#1517 = VECTOR('',#1518,1.);
#1518 = DIRECTION('',(0.,-1.,0.));
#1519 = ORIENTED_EDGE('',*,*,#1520,.T.);
#1520 = EDGE_CURVE('',#1513,#1521,#1523,.T.);
#1521 = VERTEX_POINT('',#1522);
#1522 = CARTESIAN_POINT('',(-1.016,-6.35,2.54));
#1523 = LINE('',#1524,#1525);
#1524 = CARTESIAN_POINT('',(-1.27,-6.096,2.54));
#1525 = VECTOR('',#1526,1.);
#1526 = DIRECTION('',(0.707106781187,-0.707106781187,0.));
#1527 = ORIENTED_EDGE('',*,*,#1528,.T.);
#1528 = EDGE_CURVE('',#1521,#1529,#1531,.T.);
#1529 = VERTEX_POINT('',#1530);
#1530 = CARTESIAN_POINT('',(-1.27,-6.604,2.54));
#1531 = LINE('',#1532,#1533);
#1532 = CARTESIAN_POINT('',(-1.016,-6.35,2.54));
#1533 = VECTOR('',#1534,1.);
#1534 = DIRECTION('',(-0.707106781187,-0.707106781187,0.));
#1535 = ORIENTED_EDGE('',*,*,#1536,.T.);
#1536 = EDGE_CURVE('',#1529,#1537,#1539,.T.);
#1537 = VERTEX_POINT('',#1538);
#1538 = CARTESIAN_POINT('',(-1.27,-8.636,2.54));
#1539 = LINE('',#1540,#1541);
#1540 = CARTESIAN_POINT('',(-1.27,-6.604,2.54));
#1541 = VECTOR('',#1542,1.);
#1542 = DIRECTION('',(0.,-1.,0.));
#1543 = ORIENTED_EDGE('',*,*,#1544,.T.);
#1544 = EDGE_CURVE('',#1537,#1545,#1547,.T.);
#1545 = VERTEX_POINT('',#1546);
#1546 = CARTESIAN_POINT('',(-1.016,-8.89,2.54));
#1547 = LINE('',#1548,#1549);
#1548 = CARTESIAN_POINT('',(-1.27,-8.636,2.54));
#1549 = VECTOR('',#1550,1.);
#1550 = DIRECTION('',(0.707106781187,-0.707106781187,0.));
#1551 = ORIENTED_EDGE('',*,*,#1552,.T.);
#1552 = EDGE_CURVE('',#1545,#1553,#1555,.T.);
#1553 = VERTEX_POINT('',#1554);
#1554 = CARTESIAN_POINT('',(-1.27,-9.144,2.54));
#1555 = LINE('',#1556,#1557);
#1556 = CARTESIAN_POINT('',(-1.016,-8.89,2.54));
#1557 = VECTOR('',#1558,1.);
#1558 = DIRECTION('',(-0.707106781187,-0.707106781187,0.));
#1559 = ORIENTED_EDGE('',*,*,#1560,.T.);
#1560 = EDGE_CURVE('',#1553,#1561,#1563,.T.);
#1561 = VERTEX_POINT('',#1562);
#1562 = CARTESIAN_POINT('',(-1.27,-11.176,2.54));
#1563 = LINE('',#1564,#1565);
#1564 = CARTESIAN_POINT('',(-1.27,-9.144,2.54));
#1565 = VECTOR('',#1566,1.);
#1566 = DIRECTION('',(0.,-1.,0.));
#1567 = ORIENTED_EDGE('',*,*,#1568,.T.);
#1568 = EDGE_CURVE('',#1561,#1569,#1571,.T.);
#1569 = VERTEX_POINT('',#1570);
#1570 = CARTESIAN_POINT('',(-1.016,-11.43,2.54));
#1571 = LINE('',#1572,#1573);
#1572 = CARTESIAN_POINT('',(-1.27,-11.176,2.54));
#1573 = VECTOR('',#1574,1.);
#1574 = DIRECTION('',(0.707106781187,-0.707106781187,0.));
#1575 = ORIENTED_EDGE('',*,*,#1576,.T.);
#1576 = EDGE_CURVE('',#1569,#1577,#1579,.T.);
#1577 = VERTEX_POINT('',#1578);
#1578 = CARTESIAN_POINT('',(1.016,-11.43,2.54));
#1579 = LINE('',#1580,#1581);
#1580 = CARTESIAN_POINT('',(-1.016,-11.43,2.54));
#1581 = VECTOR('',#1582,1.);
#1582 = DIRECTION('',(1.,0.,0.));
#1583 = ORIENTED_EDGE('',*,*,#1584,.T.);
#1584 = EDGE_CURVE('',#1577,#1585,#1587,.T.);
#1585 = VERTEX_POINT('',#1586);
#1586 = CARTESIAN_POINT('',(1.27,-11.176,2.54));
#1587 = LINE('',#1588,#1589);
#1588 = CARTESIAN_POINT('',(1.016,-11.43,2.54));
#1589 = VECTOR('',#1590,1.);
#1590 = DIRECTION('',(0.707106781187,0.707106781187,0.));
#1591 = ORIENTED_EDGE('',*,*,#1592,.T.);
#1592 = EDGE_CURVE('',#1585,#1593,#1595,.T.);
#1593 = VERTEX_POINT('',#1594);
#1594 = CARTESIAN_POINT('',(1.27,-9.144,2.54));
#1595 = LINE('',#1596,#1597);
#1596 = CARTESIAN_POINT('',(1.27,-11.176,2.54));
#1597 = VECTOR('',#1598,1.);
#1598 = DIRECTION('',(0.,1.,0.));
#1599 = ORIENTED_EDGE('',*,*,#1600,.T.);
#1600 = EDGE_CURVE('',#1593,#1601,#1603,.T.);
#1601 = VERTEX_POINT('',#1602);
#1602 = CARTESIAN_POINT('',(1.016,-8.89,2.54));
#1603 = LINE('',#1604,#1605);
#1604 = CARTESIAN_POINT('',(1.27,-9.144,2.54));
#1605 = VECTOR('',#1606,1.);
#1606 = DIRECTION('',(-0.707106781187,0.707106781187,0.));
#1607 = ORIENTED_EDGE('',*,*,#1608,.T.);
#1608 = EDGE_CURVE('',#1601,#1609,#1611,.T.);
#1609 = VERTEX_POINT('',#1610);
#1610 = CARTESIAN_POINT('',(1.27,-8.636,2.54));
#1611 = LINE('',#1612,#1613);
#1612 = CARTESIAN_POINT('',(1.016,-8.89,2.54));
#1613 = VECTOR('',#1614,1.);
#1614 = DIRECTION('',(0.707106781187,0.707106781187,0.));
#1615 = ORIENTED_EDGE('',*,*,#1616,.T.);
#1616 = EDGE_CURVE('',#1609,#1617,#1619,.T.);
#1617 = VERTEX_POINT('',#1618);
#1618 = CARTESIAN_POINT('',(1.27,-6.604,2.54));
#1619 = LINE('',#1620,#1621);
#1620 = CARTESIAN_POINT('',(1.27,-8.636,2.54));
#1621 = VECTOR('',#1622,1.);
#1622 = DIRECTION('',(0.,1.,0.));
#1623 = ORIENTED_EDGE('',*,*,#1624,.T.);
#1624 = EDGE_CURVE('',#1617,#1625,#1627,.T.);
#1625 = VERTEX_POINT('',#1626);
#1626 = CARTESIAN_POINT('',(1.016,-6.35,2.54));
#1627 = LINE('',#1628,#1629);
#1628 = CARTESIAN_POINT('',(1.27,-6.604,2.54));
#1629 = VECTOR('',#1630,1.);
#1630 = DIRECTION('',(-0.707106781187,0.707106781187,0.));
#1631 = ORIENTED_EDGE('',*,*,#1632,.T.);
#1632 = EDGE_CURVE('',#1625,#1633,#1635,.T.);
#1633 = VERTEX_POINT('',#1634);
#1634 = CARTESIAN_POINT('',(1.27,-6.096,2.54));
#1635 = LINE('',#1636,#1637);
#1636 = CARTESIAN_POINT('',(1.016,-6.35,2.54));
#1637 = VECTOR('',#1638,1.);
#1638 = DIRECTION('',(0.707106781187,0.707106781187,0.));
#1639 = ORIENTED_EDGE('',*,*,#1640,.T.);
#1640 = EDGE_CURVE('',#1633,#1641,#1643,.T.);
#1641 = VERTEX_POINT('',#1642);
#1642 = CARTESIAN_POINT('',(1.27,-4.064,2.54));
#1643 = LINE('',#1644,#1645);
#1644 = CARTESIAN_POINT('',(1.27,-6.096,2.54));
#1645 = VECTOR('',#1646,1.);
#1646 = DIRECTION('',(0.,1.,0.));
#1647 = ORIENTED_EDGE('',*,*,#1648,.T.);
#1648 = EDGE_CURVE('',#1641,#1649,#1651,.T.);
#1649 = VERTEX_POINT('',#1650);
#1650 = CARTESIAN_POINT('',(1.016,-3.81,2.54));
#1651 = LINE('',#1652,#1653);
#1652 = CARTESIAN_POINT('',(1.27,-4.064,2.54));
#1653 = VECTOR('',#1654,1.);
#1654 = DIRECTION('',(-0.707106781187,0.707106781187,0.));
#1655 = ORIENTED_EDGE('',*,*,#1656,.T.);
#1656 = EDGE_CURVE('',#1649,#1657,#1659,.T.);
#1657 = VERTEX_POINT('',#1658);
#1658 = CARTESIAN_POINT('',(1.27,-3.556,2.54));
#1659 = LINE('',#1660,#1661);
#1660 = CARTESIAN_POINT('',(1.016,-3.81,2.54));
#1661 = VECTOR('',#1662,1.);
#1662 = DIRECTION('',(0.707106781187,0.707106781187,0.));
#1663 = ORIENTED_EDGE('',*,*,#1664,.T.);
#1664 = EDGE_CURVE('',#1657,#1665,#1667,.T.);
#1665 = VERTEX_POINT('',#1666);
#1666 = CARTESIAN_POINT('',(1.27,-1.524,2.54));
#1667 = LINE('',#1668,#1669);
#1668 = CARTESIAN_POINT('',(1.27,-3.556,2.54));
#1669 = VECTOR('',#1670,1.);
#1670 = DIRECTION('',(0.,1.,0.));
#1671 = ORIENTED_EDGE('',*,*,#1672,.T.);
#1672 = EDGE_CURVE('',#1665,#1673,#1675,.T.);
#1673 = VERTEX_POINT('',#1674);
#1674 = CARTESIAN_POINT('',(1.016,-1.27,2.54));
#1675 = LINE('',#1676,#1677);
#1676 = CARTESIAN_POINT('',(1.27,-1.524,2.54));
#1677 = VECTOR('',#1678,1.);
#1678 = DIRECTION('',(-0.707106781187,0.707106781187,0.));
#1679 = ORIENTED_EDGE('',*,*,#1680,.T.);
#1680 = EDGE_CURVE('',#1673,#1681,#1683,.T.);
#1681 = VERTEX_POINT('',#1682);
#1682 = CARTESIAN_POINT('',(1.27,-1.016,2.54));
#1683 = LINE('',#1684,#1685);
#1684 = CARTESIAN_POINT('',(1.016,-1.27,2.54));
#1685 = VECTOR('',#1686,1.);
#1686 = DIRECTION('',(0.707106781187,0.707106781187,0.));
#1687 = ORIENTED_EDGE('',*,*,#1688,.T.);
#1688 = EDGE_CURVE('',#1681,#1689,#1691,.T.);
#1689 = VERTEX_POINT('',#1690);
#1690 = CARTESIAN_POINT('',(1.27,1.016,2.54));
#1691 = LINE('',#1692,#1693);
#1692 = CARTESIAN_POINT('',(1.27,-1.016,2.54));
#1693 = VECTOR('',#1694,1.);
#1694 = DIRECTION('',(0.,1.,0.));
#1695 = ORIENTED_EDGE('',*,*,#1696,.T.);
#1696 = EDGE_CURVE('',#1689,#1000,#1697,.T.);
#1697 = LINE('',#1698,#1699);
#1698 = CARTESIAN_POINT('',(1.27,1.016,2.54));
#1699 = VECTOR('',#1700,1.);
#1700 = DIRECTION('',(-0.707106781187,0.707106781187,0.));
#1701 = ORIENTED_EDGE('',*,*,#1007,.T.);
#1702 = FACE_BOUND('',#1703,.T.);
#1703 = EDGE_LOOP('',(#1704,#1714,#1722,#1730));
#1704 = ORIENTED_EDGE('',*,*,#1705,.F.);
#1705 = EDGE_CURVE('',#1706,#1708,#1710,.T.);
#1706 = VERTEX_POINT('',#1707);
#1707 = CARTESIAN_POINT('',(0.32,-0.32,2.54));
#1708 = VERTEX_POINT('',#1709);
#1709 = CARTESIAN_POINT('',(0.32,0.32,2.54));
#1710 = LINE('',#1711,#1712);
#1711 = CARTESIAN_POINT('',(0.32,-2.7,2.54));
#1712 = VECTOR('',#1713,1.);
#1713 = DIRECTION('',(0.,1.,0.));
#1714 = ORIENTED_EDGE('',*,*,#1715,.T.);
#1715 = EDGE_CURVE('',#1706,#1716,#1718,.T.);
#1716 = VERTEX_POINT('',#1717);
#1717 = CARTESIAN_POINT('',(-0.32,-0.32,2.54));
#1718 = LINE('',#1719,#1720);
#1719 = CARTESIAN_POINT('',(-0.16,-0.32,2.54));
#1720 = VECTOR('',#1721,1.);
#1721 = DIRECTION('',(-1.,0.,0.));
#1722 = ORIENTED_EDGE('',*,*,#1723,.T.);
#1723 = EDGE_CURVE('',#1716,#1724,#1726,.T.);
#1724 = VERTEX_POINT('',#1725);
#1725 = CARTESIAN_POINT('',(-0.32,0.32,2.54));
#1726 = LINE('',#1727,#1728);
#1727 = CARTESIAN_POINT('',(-0.32,-2.7,2.54));
#1728 = VECTOR('',#1729,1.);
#1729 = DIRECTION('',(0.,1.,0.));
#1730 = ORIENTED_EDGE('',*,*,#1731,.F.);
#1731 = EDGE_CURVE('',#1708,#1724,#1732,.T.);
#1732 = LINE('',#1733,#1734);
#1733 = CARTESIAN_POINT('',(-0.16,0.32,2.54));
#1734 = VECTOR('',#1735,1.);
#1735 = DIRECTION('',(-1.,0.,0.));
#1736 = FACE_BOUND('',#1737,.T.);
#1737 = EDGE_LOOP('',(#1738,#1748,#1756,#1764));
#1738 = ORIENTED_EDGE('',*,*,#1739,.F.);
#1739 = EDGE_CURVE('',#1740,#1742,#1744,.T.);
#1740 = VERTEX_POINT('',#1741);
#1741 = CARTESIAN_POINT('',(0.32,-2.22,2.54));
#1742 = VERTEX_POINT('',#1743);
#1743 = CARTESIAN_POINT('',(-0.32,-2.22,2.54));
#1744 = LINE('',#1745,#1746);
#1745 = CARTESIAN_POINT('',(-0.16,-2.22,2.54));
#1746 = VECTOR('',#1747,1.);
#1747 = DIRECTION('',(-1.,0.,0.));
#1748 = ORIENTED_EDGE('',*,*,#1749,.F.);
#1749 = EDGE_CURVE('',#1750,#1740,#1752,.T.);
#1750 = VERTEX_POINT('',#1751);
#1751 = CARTESIAN_POINT('',(0.32,-2.86,2.54));
#1752 = LINE('',#1753,#1754);
#1753 = CARTESIAN_POINT('',(0.32,-3.97,2.54));
#1754 = VECTOR('',#1755,1.);
#1755 = DIRECTION('',(0.,1.,0.));
#1756 = ORIENTED_EDGE('',*,*,#1757,.T.);
#1757 = EDGE_CURVE('',#1750,#1758,#1760,.T.);
#1758 = VERTEX_POINT('',#1759);
#1759 = CARTESIAN_POINT('',(-0.32,-2.86,2.54));
#1760 = LINE('',#1761,#1762);
#1761 = CARTESIAN_POINT('',(-0.16,-2.86,2.54));
#1762 = VECTOR('',#1763,1.);
#1763 = DIRECTION('',(-1.,0.,0.));
#1764 = ORIENTED_EDGE('',*,*,#1765,.T.);
#1765 = EDGE_CURVE('',#1758,#1742,#1766,.T.);
#1766 = LINE('',#1767,#1768);
#1767 = CARTESIAN_POINT('',(-0.32,-3.97,2.54));
#1768 = VECTOR('',#1769,1.);
#1769 = DIRECTION('',(0.,1.,0.));
#1770 = FACE_BOUND('',#1771,.T.);
#1771 = EDGE_LOOP('',(#1772,#1782,#1790,#1798));
#1772 = ORIENTED_EDGE('',*,*,#1773,.F.);
#1773 = EDGE_CURVE('',#1774,#1776,#1778,.T.);
#1774 = VERTEX_POINT('',#1775);
#1775 = CARTESIAN_POINT('',(0.32,-4.76,2.54));
#1776 = VERTEX_POINT('',#1777);
#1777 = CARTESIAN_POINT('',(-0.32,-4.76,2.54));
#1778 = LINE('',#1779,#1780);
#1779 = CARTESIAN_POINT('',(-0.16,-4.76,2.54));
#1780 = VECTOR('',#1781,1.);
#1781 = DIRECTION('',(-1.,0.,0.));
#1782 = ORIENTED_EDGE('',*,*,#1783,.F.);
#1783 = EDGE_CURVE('',#1784,#1774,#1786,.T.);
#1784 = VERTEX_POINT('',#1785);
#1785 = CARTESIAN_POINT('',(0.32,-5.4,2.54));
#1786 = LINE('',#1787,#1788);
#1787 = CARTESIAN_POINT('',(0.32,-5.24,2.54));
#1788 = VECTOR('',#1789,1.);
#1789 = DIRECTION('',(0.,1.,0.));
#1790 = ORIENTED_EDGE('',*,*,#1791,.T.);
#1791 = EDGE_CURVE('',#1784,#1792,#1794,.T.);
#1792 = VERTEX_POINT('',#1793);
#1793 = CARTESIAN_POINT('',(-0.32,-5.4,2.54));
#1794 = LINE('',#1795,#1796);
#1795 = CARTESIAN_POINT('',(-0.16,-5.4,2.54));
#1796 = VECTOR('',#1797,1.);
#1797 = DIRECTION('',(-1.,0.,0.));
#1798 = ORIENTED_EDGE('',*,*,#1799,.T.);
#1799 = EDGE_CURVE('',#1792,#1776,#1800,.T.);
#1800 = LINE('',#1801,#1802);
#1801 = CARTESIAN_POINT('',(-0.32,-5.24,2.54));
#1802 = VECTOR('',#1803,1.);
#1803 = DIRECTION('',(0.,1.,0.));
#1804 = FACE_BOUND('',#1805,.T.);
#1805 = EDGE_LOOP('',(#1806,#1816,#1824,#1832));
#1806 = ORIENTED_EDGE('',*,*,#1807,.F.);
#1807 = EDGE_CURVE('',#1808,#1810,#1812,.T.);
#1808 = VERTEX_POINT('',#1809);
#1809 = CARTESIAN_POINT('',(0.32,-9.84,2.54));
#1810 = VERTEX_POINT('',#1811);
#1811 = CARTESIAN_POINT('',(-0.32,-9.84,2.54));
#1812 = LINE('',#1813,#1814);
#1813 = CARTESIAN_POINT('',(-0.16,-9.84,2.54));
#1814 = VECTOR('',#1815,1.);
#1815 = DIRECTION('',(-1.,0.,0.));
#1816 = ORIENTED_EDGE('',*,*,#1817,.F.);
#1817 = EDGE_CURVE('',#1818,#1808,#1820,.T.);
#1818 = VERTEX_POINT('',#1819);
#1819 = CARTESIAN_POINT('',(0.32,-10.48,2.54));
#1820 = LINE('',#1821,#1822);
#1821 = CARTESIAN_POINT('',(0.32,-7.78,2.54));
#1822 = VECTOR('',#1823,1.);
#1823 = DIRECTION('',(0.,1.,0.));
#1824 = ORIENTED_EDGE('',*,*,#1825,.T.);
#1825 = EDGE_CURVE('',#1818,#1826,#1828,.T.);
#1826 = VERTEX_POINT('',#1827);
#1827 = CARTESIAN_POINT('',(-0.32,-10.48,2.54));
#1828 = LINE('',#1829,#1830);
#1829 = CARTESIAN_POINT('',(-0.16,-10.48,2.54));
#1830 = VECTOR('',#1831,1.);
#1831 = DIRECTION('',(-1.,0.,0.));
#1832 = ORIENTED_EDGE('',*,*,#1833,.T.);
#1833 = EDGE_CURVE('',#1826,#1810,#1834,.T.);
#1834 = LINE('',#1835,#1836);
#1835 = CARTESIAN_POINT('',(-0.32,-7.78,2.54));
#1836 = VECTOR('',#1837,1.);
#1837 = DIRECTION('',(0.,1.,0.));
#1838 = FACE_BOUND('',#1839,.T.);
#1839 = EDGE_LOOP('',(#1840,#1850,#1858,#1866));
#1840 = ORIENTED_EDGE('',*,*,#1841,.T.);
#1841 = EDGE_CURVE('',#1842,#1844,#1846,.T.);
#1842 = VERTEX_POINT('',#1843);
#1843 = CARTESIAN_POINT('',(0.32,-7.94,2.54));
#1844 = VERTEX_POINT('',#1845);
#1845 = CARTESIAN_POINT('',(-0.32,-7.94,2.54));
#1846 = LINE('',#1847,#1848);
#1847 = CARTESIAN_POINT('',(-0.16,-7.94,2.54));
#1848 = VECTOR('',#1849,1.);
#1849 = DIRECTION('',(-1.,0.,0.));
#1850 = ORIENTED_EDGE('',*,*,#1851,.T.);
#1851 = EDGE_CURVE('',#1844,#1852,#1854,.T.);
#1852 = VERTEX_POINT('',#1853);
#1853 = CARTESIAN_POINT('',(-0.32,-7.3,2.54));
#1854 = LINE('',#1855,#1856);
#1855 = CARTESIAN_POINT('',(-0.32,-6.51,2.54));
#1856 = VECTOR('',#1857,1.);
#1857 = DIRECTION('',(0.,1.,0.));
#1858 = ORIENTED_EDGE('',*,*,#1859,.F.);
#1859 = EDGE_CURVE('',#1860,#1852,#1862,.T.);
#1860 = VERTEX_POINT('',#1861);
#1861 = CARTESIAN_POINT('',(0.32,-7.3,2.54));
#1862 = LINE('',#1863,#1864);
#1863 = CARTESIAN_POINT('',(-0.16,-7.3,2.54));
#1864 = VECTOR('',#1865,1.);
#1865 = DIRECTION('',(-1.,0.,0.));
#1866 = ORIENTED_EDGE('',*,*,#1867,.F.);
#1867 = EDGE_CURVE('',#1842,#1860,#1868,.T.);
#1868 = LINE('',#1869,#1870);
#1869 = CARTESIAN_POINT('',(0.32,-6.51,2.54));
#1870 = VECTOR('',#1871,1.);
#1871 = DIRECTION('',(0.,1.,0.));
#1872 = PLANE('',#1873);
#1873 = AXIS2_PLACEMENT_3D('',#1874,#1875,#1876);
#1874 = CARTESIAN_POINT('',(-2.110141571089E-17,-5.08,2.54));
#1875 = DIRECTION('',(0.,0.,1.));
#1876 = DIRECTION('',(1.,0.,-0.));
#1877 = ADVANCED_FACE('',(#1878),#1889,.F.);
#1878 = FACE_BOUND('',#1879,.F.);
#1879 = EDGE_LOOP('',(#1880,#1886,#1887,#1888));
#1880 = ORIENTED_EDGE('',*,*,#1881,.T.);
#1881 = EDGE_CURVE('',#1278,#1689,#1882,.T.);
#1882 = LINE('',#1883,#1884);
#1883 = CARTESIAN_POINT('',(1.27,1.016,0.));
#1884 = VECTOR('',#1885,1.);
#1885 = DIRECTION('',(0.,0.,1.));
#1886 = ORIENTED_EDGE('',*,*,#1696,.T.);
#1887 = ORIENTED_EDGE('',*,*,#997,.F.);
#1888 = ORIENTED_EDGE('',*,*,#1285,.F.);
#1889 = PLANE('',#1890);
#1890 = AXIS2_PLACEMENT_3D('',#1891,#1892,#1893);
#1891 = CARTESIAN_POINT('',(1.27,1.016,0.));
#1892 = DIRECTION('',(-0.707106781187,-0.707106781187,0.));
#1893 = DIRECTION('',(-0.707106781187,0.707106781187,0.));
#1894 = ADVANCED_FACE('',(#1895),#1906,.F.);
#1895 = FACE_BOUND('',#1896,.F.);
#1896 = EDGE_LOOP('',(#1897,#1898,#1899,#1905));
#1897 = ORIENTED_EDGE('',*,*,#1037,.T.);
#1898 = ORIENTED_EDGE('',*,*,#1472,.T.);
#1899 = ORIENTED_EDGE('',*,*,#1900,.F.);
#1900 = EDGE_CURVE('',#1062,#1473,#1901,.T.);
#1901 = LINE('',#1902,#1903);
#1902 = CARTESIAN_POINT('',(-1.016,-1.27,0.));
#1903 = VECTOR('',#1904,1.);
#1904 = DIRECTION('',(0.,0.,1.));
#1905 = ORIENTED_EDGE('',*,*,#1061,.F.);
#1906 = PLANE('',#1907);
#1907 = AXIS2_PLACEMENT_3D('',#1908,#1909,#1910);
#1908 = CARTESIAN_POINT('',(-1.27,-1.016,0.));
#1909 = DIRECTION('',(0.707106781187,0.707106781187,0.));
#1910 = DIRECTION('',(0.707106781187,-0.707106781187,0.));
#1911 = ADVANCED_FACE('',(#1912),#1923,.F.);
#1912 = FACE_BOUND('',#1913,.F.);
#1913 = EDGE_LOOP('',(#1914,#1920,#1921,#1922));
#1914 = ORIENTED_EDGE('',*,*,#1915,.T.);
#1915 = EDGE_CURVE('',#1270,#1681,#1916,.T.);
#1916 = LINE('',#1917,#1918);
#1917 = CARTESIAN_POINT('',(1.27,-1.016,0.));
#1918 = VECTOR('',#1919,1.);
#1919 = DIRECTION('',(0.,0.,1.));
#1920 = ORIENTED_EDGE('',*,*,#1688,.T.);
#1921 = ORIENTED_EDGE('',*,*,#1881,.F.);
#1922 = ORIENTED_EDGE('',*,*,#1277,.F.);
#1923 = PLANE('',#1924);
#1924 = AXIS2_PLACEMENT_3D('',#1925,#1926,#1927);
#1925 = CARTESIAN_POINT('',(1.27,-1.016,0.));
#1926 = DIRECTION('',(-1.,0.,0.));
#1927 = DIRECTION('',(0.,1.,0.));
#1928 = ADVANCED_FACE('',(#1929),#1940,.F.);
#1929 = FACE_BOUND('',#1930,.F.);
#1930 = EDGE_LOOP('',(#1931,#1932,#1933,#1939));
#1931 = ORIENTED_EDGE('',*,*,#1900,.T.);
#1932 = ORIENTED_EDGE('',*,*,#1480,.T.);
#1933 = ORIENTED_EDGE('',*,*,#1934,.F.);
#1934 = EDGE_CURVE('',#1070,#1481,#1935,.T.);
#1935 = LINE('',#1936,#1937);
#1936 = CARTESIAN_POINT('',(-1.27,-1.524,0.));
#1937 = VECTOR('',#1938,1.);
#1938 = DIRECTION('',(0.,0.,1.));
#1939 = ORIENTED_EDGE('',*,*,#1069,.F.);
#1940 = PLANE('',#1941);
#1941 = AXIS2_PLACEMENT_3D('',#1942,#1943,#1944);
#1942 = CARTESIAN_POINT('',(-1.016,-1.27,0.));
#1943 = DIRECTION('',(0.707106781187,-0.707106781187,0.));
#1944 = DIRECTION('',(-0.707106781187,-0.707106781187,0.));
#1945 = ADVANCED_FACE('',(#1946),#1957,.F.);
#1946 = FACE_BOUND('',#1947,.F.);
#1947 = EDGE_LOOP('',(#1948,#1954,#1955,#1956));
#1948 = ORIENTED_EDGE('',*,*,#1949,.T.);
#1949 = EDGE_CURVE('',#1262,#1673,#1950,.T.);
#1950 = LINE('',#1951,#1952);
#1951 = CARTESIAN_POINT('',(1.016,-1.27,0.));
#1952 = VECTOR('',#1953,1.);
#1953 = DIRECTION('',(0.,0.,1.));
#1954 = ORIENTED_EDGE('',*,*,#1680,.T.);
#1955 = ORIENTED_EDGE('',*,*,#1915,.F.);
#1956 = ORIENTED_EDGE('',*,*,#1269,.F.);
#1957 = PLANE('',#1958);
#1958 = AXIS2_PLACEMENT_3D('',#1959,#1960,#1961);
#1959 = CARTESIAN_POINT('',(1.016,-1.27,0.));
#1960 = DIRECTION('',(-0.707106781187,0.707106781187,0.));
#1961 = DIRECTION('',(0.707106781187,0.707106781187,0.));
#1962 = ADVANCED_FACE('',(#1963),#1974,.F.);
#1963 = FACE_BOUND('',#1964,.F.);
#1964 = EDGE_LOOP('',(#1965,#1966,#1967,#1973));
#1965 = ORIENTED_EDGE('',*,*,#1934,.T.);
#1966 = ORIENTED_EDGE('',*,*,#1488,.T.);
#1967 = ORIENTED_EDGE('',*,*,#1968,.F.);
#1968 = EDGE_CURVE('',#1078,#1489,#1969,.T.);
#1969 = LINE('',#1970,#1971);
#1970 = CARTESIAN_POINT('',(-1.27,-3.556,0.));
#1971 = VECTOR('',#1972,1.);
#1972 = DIRECTION('',(0.,0.,1.));
#1973 = ORIENTED_EDGE('',*,*,#1077,.F.);
#1974 = PLANE('',#1975);
#1975 = AXIS2_PLACEMENT_3D('',#1976,#1977,#1978);
#1976 = CARTESIAN_POINT('',(-1.27,-1.524,0.));
#1977 = DIRECTION('',(1.,0.,0.));
#1978 = DIRECTION('',(0.,-1.,0.));
#1979 = ADVANCED_FACE('',(#1980),#1991,.F.);
#1980 = FACE_BOUND('',#1981,.F.);
#1981 = EDGE_LOOP('',(#1982,#1988,#1989,#1990));
#1982 = ORIENTED_EDGE('',*,*,#1983,.T.);
#1983 = EDGE_CURVE('',#1254,#1665,#1984,.T.);
#1984 = LINE('',#1985,#1986);
#1985 = CARTESIAN_POINT('',(1.27,-1.524,0.));
#1986 = VECTOR('',#1987,1.);
#1987 = DIRECTION('',(0.,0.,1.));
#1988 = ORIENTED_EDGE('',*,*,#1672,.T.);
#1989 = ORIENTED_EDGE('',*,*,#1949,.F.);
#1990 = ORIENTED_EDGE('',*,*,#1261,.F.);
#1991 = PLANE('',#1992);
#1992 = AXIS2_PLACEMENT_3D('',#1993,#1994,#1995);
#1993 = CARTESIAN_POINT('',(1.27,-1.524,0.));
#1994 = DIRECTION('',(-0.707106781187,-0.707106781187,0.));
#1995 = DIRECTION('',(-0.707106781187,0.707106781187,0.));
#1996 = ADVANCED_FACE('',(#1997),#2008,.F.);
#1997 = FACE_BOUND('',#1998,.F.);
#1998 = EDGE_LOOP('',(#1999,#2000,#2001,#2007));
#1999 = ORIENTED_EDGE('',*,*,#1968,.T.);
#2000 = ORIENTED_EDGE('',*,*,#1496,.T.);
#2001 = ORIENTED_EDGE('',*,*,#2002,.F.);
#2002 = EDGE_CURVE('',#1086,#1497,#2003,.T.);
#2003 = LINE('',#2004,#2005);
#2004 = CARTESIAN_POINT('',(-1.016,-3.81,0.));
#2005 = VECTOR('',#2006,1.);
#2006 = DIRECTION('',(0.,0.,1.));
#2007 = ORIENTED_EDGE('',*,*,#1085,.F.);
#2008 = PLANE('',#2009);
#2009 = AXIS2_PLACEMENT_3D('',#2010,#2011,#2012);
#2010 = CARTESIAN_POINT('',(-1.27,-3.556,0.));
#2011 = DIRECTION('',(0.707106781187,0.707106781187,0.));
#2012 = DIRECTION('',(0.707106781187,-0.707106781187,0.));
#2013 = ADVANCED_FACE('',(#2014),#2025,.F.);
#2014 = FACE_BOUND('',#2015,.F.);
#2015 = EDGE_LOOP('',(#2016,#2022,#2023,#2024));
#2016 = ORIENTED_EDGE('',*,*,#2017,.T.);
#2017 = EDGE_CURVE('',#1246,#1657,#2018,.T.);
#2018 = LINE('',#2019,#2020);
#2019 = CARTESIAN_POINT('',(1.27,-3.556,0.));
#2020 = VECTOR('',#2021,1.);
#2021 = DIRECTION('',(0.,0.,1.));
#2022 = ORIENTED_EDGE('',*,*,#1664,.T.);
#2023 = ORIENTED_EDGE('',*,*,#1983,.F.);
#2024 = ORIENTED_EDGE('',*,*,#1253,.F.);
#2025 = PLANE('',#2026);
#2026 = AXIS2_PLACEMENT_3D('',#2027,#2028,#2029);
#2027 = CARTESIAN_POINT('',(1.27,-3.556,0.));
#2028 = DIRECTION('',(-1.,0.,0.));
#2029 = DIRECTION('',(0.,1.,0.));
#2030 = ADVANCED_FACE('',(#2031),#2042,.F.);
#2031 = FACE_BOUND('',#2032,.F.);
#2032 = EDGE_LOOP('',(#2033,#2034,#2035,#2041));
#2033 = ORIENTED_EDGE('',*,*,#2002,.T.);
#2034 = ORIENTED_EDGE('',*,*,#1504,.T.);
#2035 = ORIENTED_EDGE('',*,*,#2036,.F.);
#2036 = EDGE_CURVE('',#1094,#1505,#2037,.T.);
#2037 = LINE('',#2038,#2039);
#2038 = CARTESIAN_POINT('',(-1.27,-4.064,0.));
#2039 = VECTOR('',#2040,1.);
#2040 = DIRECTION('',(0.,0.,1.));
#2041 = ORIENTED_EDGE('',*,*,#1093,.F.);
#2042 = PLANE('',#2043);
#2043 = AXIS2_PLACEMENT_3D('',#2044,#2045,#2046);
#2044 = CARTESIAN_POINT('',(-1.016,-3.81,0.));
#2045 = DIRECTION('',(0.707106781187,-0.707106781187,0.));
#2046 = DIRECTION('',(-0.707106781187,-0.707106781187,0.));
#2047 = ADVANCED_FACE('',(#2048),#2059,.F.);
#2048 = FACE_BOUND('',#2049,.F.);
#2049 = EDGE_LOOP('',(#2050,#2056,#2057,#2058));
#2050 = ORIENTED_EDGE('',*,*,#2051,.T.);
#2051 = EDGE_CURVE('',#1238,#1649,#2052,.T.);
#2052 = LINE('',#2053,#2054);
#2053 = CARTESIAN_POINT('',(1.016,-3.81,0.));
#2054 = VECTOR('',#2055,1.);
#2055 = DIRECTION('',(0.,0.,1.));
#2056 = ORIENTED_EDGE('',*,*,#1656,.T.);
#2057 = ORIENTED_EDGE('',*,*,#2017,.F.);
#2058 = ORIENTED_EDGE('',*,*,#1245,.F.);
#2059 = PLANE('',#2060);
#2060 = AXIS2_PLACEMENT_3D('',#2061,#2062,#2063);
#2061 = CARTESIAN_POINT('',(1.016,-3.81,0.));
#2062 = DIRECTION('',(-0.707106781187,0.707106781187,0.));
#2063 = DIRECTION('',(0.707106781187,0.707106781187,0.));
#2064 = ADVANCED_FACE('',(#2065),#2076,.F.);
#2065 = FACE_BOUND('',#2066,.F.);
#2066 = EDGE_LOOP('',(#2067,#2068,#2069,#2075));
#2067 = ORIENTED_EDGE('',*,*,#2036,.T.);
#2068 = ORIENTED_EDGE('',*,*,#1512,.T.);
#2069 = ORIENTED_EDGE('',*,*,#2070,.F.);
#2070 = EDGE_CURVE('',#1102,#1513,#2071,.T.);
#2071 = LINE('',#2072,#2073);
#2072 = CARTESIAN_POINT('',(-1.27,-6.096,0.));
#2073 = VECTOR('',#2074,1.);
#2074 = DIRECTION('',(0.,0.,1.));
#2075 = ORIENTED_EDGE('',*,*,#1101,.F.);
#2076 = PLANE('',#2077);
#2077 = AXIS2_PLACEMENT_3D('',#2078,#2079,#2080);
#2078 = CARTESIAN_POINT('',(-1.27,-4.064,0.));
#2079 = DIRECTION('',(1.,0.,0.));
#2080 = DIRECTION('',(0.,-1.,0.));
#2081 = ADVANCED_FACE('',(#2082),#2093,.F.);
#2082 = FACE_BOUND('',#2083,.F.);
#2083 = EDGE_LOOP('',(#2084,#2090,#2091,#2092));
#2084 = ORIENTED_EDGE('',*,*,#2085,.T.);
#2085 = EDGE_CURVE('',#1230,#1641,#2086,.T.);
#2086 = LINE('',#2087,#2088);
#2087 = CARTESIAN_POINT('',(1.27,-4.064,0.));
#2088 = VECTOR('',#2089,1.);
#2089 = DIRECTION('',(0.,0.,1.));
#2090 = ORIENTED_EDGE('',*,*,#1648,.T.);
#2091 = ORIENTED_EDGE('',*,*,#2051,.F.);
#2092 = ORIENTED_EDGE('',*,*,#1237,.F.);
#2093 = PLANE('',#2094);
#2094 = AXIS2_PLACEMENT_3D('',#2095,#2096,#2097);
#2095 = CARTESIAN_POINT('',(1.27,-4.064,0.));
#2096 = DIRECTION('',(-0.707106781187,-0.707106781187,0.));
#2097 = DIRECTION('',(-0.707106781187,0.707106781187,0.));
#2098 = ADVANCED_FACE('',(#2099),#2110,.F.);
#2099 = FACE_BOUND('',#2100,.F.);
#2100 = EDGE_LOOP('',(#2101,#2102,#2103,#2109));
#2101 = ORIENTED_EDGE('',*,*,#2070,.T.);
#2102 = ORIENTED_EDGE('',*,*,#1520,.T.);
#2103 = ORIENTED_EDGE('',*,*,#2104,.F.);
#2104 = EDGE_CURVE('',#1110,#1521,#2105,.T.);
#2105 = LINE('',#2106,#2107);
#2106 = CARTESIAN_POINT('',(-1.016,-6.35,0.));
#2107 = VECTOR('',#2108,1.);
#2108 = DIRECTION('',(0.,0.,1.));
#2109 = ORIENTED_EDGE('',*,*,#1109,.F.);
#2110 = PLANE('',#2111);
#2111 = AXIS2_PLACEMENT_3D('',#2112,#2113,#2114);
#2112 = CARTESIAN_POINT('',(-1.27,-6.096,0.));
#2113 = DIRECTION('',(0.707106781187,0.707106781187,0.));
#2114 = DIRECTION('',(0.707106781187,-0.707106781187,0.));
#2115 = ADVANCED_FACE('',(#2116),#2127,.F.);
#2116 = FACE_BOUND('',#2117,.F.);
#2117 = EDGE_LOOP('',(#2118,#2124,#2125,#2126));
#2118 = ORIENTED_EDGE('',*,*,#2119,.T.);
#2119 = EDGE_CURVE('',#1222,#1633,#2120,.T.);
#2120 = LINE('',#2121,#2122);
#2121 = CARTESIAN_POINT('',(1.27,-6.096,0.));
#2122 = VECTOR('',#2123,1.);
#2123 = DIRECTION('',(0.,0.,1.));
#2124 = ORIENTED_EDGE('',*,*,#1640,.T.);
#2125 = ORIENTED_EDGE('',*,*,#2085,.F.);
#2126 = ORIENTED_EDGE('',*,*,#1229,.F.);
#2127 = PLANE('',#2128);
#2128 = AXIS2_PLACEMENT_3D('',#2129,#2130,#2131);
#2129 = CARTESIAN_POINT('',(1.27,-6.096,0.));
#2130 = DIRECTION('',(-1.,0.,0.));
#2131 = DIRECTION('',(0.,1.,0.));
#2132 = ADVANCED_FACE('',(#2133),#2144,.F.);
#2133 = FACE_BOUND('',#2134,.F.);
#2134 = EDGE_LOOP('',(#2135,#2136,#2137,#2143));
#2135 = ORIENTED_EDGE('',*,*,#2104,.T.);
#2136 = ORIENTED_EDGE('',*,*,#1528,.T.);
#2137 = ORIENTED_EDGE('',*,*,#2138,.F.);
#2138 = EDGE_CURVE('',#1118,#1529,#2139,.T.);
#2139 = LINE('',#2140,#2141);
#2140 = CARTESIAN_POINT('',(-1.27,-6.604,0.));
#2141 = VECTOR('',#2142,1.);
#2142 = DIRECTION('',(0.,0.,1.));
#2143 = ORIENTED_EDGE('',*,*,#1117,.F.);
#2144 = PLANE('',#2145);
#2145 = AXIS2_PLACEMENT_3D('',#2146,#2147,#2148);
#2146 = CARTESIAN_POINT('',(-1.016,-6.35,0.));
#2147 = DIRECTION('',(0.707106781187,-0.707106781187,0.));
#2148 = DIRECTION('',(-0.707106781187,-0.707106781187,0.));
#2149 = ADVANCED_FACE('',(#2150),#2161,.F.);
#2150 = FACE_BOUND('',#2151,.F.);
#2151 = EDGE_LOOP('',(#2152,#2158,#2159,#2160));
#2152 = ORIENTED_EDGE('',*,*,#2153,.T.);
#2153 = EDGE_CURVE('',#1214,#1625,#2154,.T.);
#2154 = LINE('',#2155,#2156);
#2155 = CARTESIAN_POINT('',(1.016,-6.35,0.));
#2156 = VECTOR('',#2157,1.);
#2157 = DIRECTION('',(0.,0.,1.));
#2158 = ORIENTED_EDGE('',*,*,#1632,.T.);
#2159 = ORIENTED_EDGE('',*,*,#2119,.F.);
#2160 = ORIENTED_EDGE('',*,*,#1221,.F.);
#2161 = PLANE('',#2162);
#2162 = AXIS2_PLACEMENT_3D('',#2163,#2164,#2165);
#2163 = CARTESIAN_POINT('',(1.016,-6.35,0.));
#2164 = DIRECTION('',(-0.707106781187,0.707106781187,0.));
#2165 = DIRECTION('',(0.707106781187,0.707106781187,0.));
#2166 = ADVANCED_FACE('',(#2167),#2178,.F.);
#2167 = FACE_BOUND('',#2168,.F.);
#2168 = EDGE_LOOP('',(#2169,#2170,#2171,#2177));
#2169 = ORIENTED_EDGE('',*,*,#2138,.T.);
#2170 = ORIENTED_EDGE('',*,*,#1536,.T.);
#2171 = ORIENTED_EDGE('',*,*,#2172,.F.);
#2172 = EDGE_CURVE('',#1126,#1537,#2173,.T.);
#2173 = LINE('',#2174,#2175);
#2174 = CARTESIAN_POINT('',(-1.27,-8.636,0.));
#2175 = VECTOR('',#2176,1.);
#2176 = DIRECTION('',(0.,0.,1.));
#2177 = ORIENTED_EDGE('',*,*,#1125,.F.);
#2178 = PLANE('',#2179);
#2179 = AXIS2_PLACEMENT_3D('',#2180,#2181,#2182);
#2180 = CARTESIAN_POINT('',(-1.27,-6.604,0.));
#2181 = DIRECTION('',(1.,0.,0.));
#2182 = DIRECTION('',(0.,-1.,0.));
#2183 = ADVANCED_FACE('',(#2184),#2195,.F.);
#2184 = FACE_BOUND('',#2185,.F.);
#2185 = EDGE_LOOP('',(#2186,#2192,#2193,#2194));
#2186 = ORIENTED_EDGE('',*,*,#2187,.T.);
#2187 = EDGE_CURVE('',#1206,#1617,#2188,.T.);
#2188 = LINE('',#2189,#2190);
#2189 = CARTESIAN_POINT('',(1.27,-6.604,0.));
#2190 = VECTOR('',#2191,1.);
#2191 = DIRECTION('',(0.,0.,1.));
#2192 = ORIENTED_EDGE('',*,*,#1624,.T.);
#2193 = ORIENTED_EDGE('',*,*,#2153,.F.);
#2194 = ORIENTED_EDGE('',*,*,#1213,.F.);
#2195 = PLANE('',#2196);
#2196 = AXIS2_PLACEMENT_3D('',#2197,#2198,#2199);
#2197 = CARTESIAN_POINT('',(1.27,-6.604,0.));
#2198 = DIRECTION('',(-0.707106781187,-0.707106781187,0.));
#2199 = DIRECTION('',(-0.707106781187,0.707106781187,0.));
#2200 = ADVANCED_FACE('',(#2201),#2212,.F.);
#2201 = FACE_BOUND('',#2202,.F.);
#2202 = EDGE_LOOP('',(#2203,#2204,#2205,#2211));
#2203 = ORIENTED_EDGE('',*,*,#2172,.T.);
#2204 = ORIENTED_EDGE('',*,*,#1544,.T.);
#2205 = ORIENTED_EDGE('',*,*,#2206,.F.);
#2206 = EDGE_CURVE('',#1134,#1545,#2207,.T.);
#2207 = LINE('',#2208,#2209);
#2208 = CARTESIAN_POINT('',(-1.016,-8.89,0.));
#2209 = VECTOR('',#2210,1.);
#2210 = DIRECTION('',(0.,0.,1.));
#2211 = ORIENTED_EDGE('',*,*,#1133,.F.);
#2212 = PLANE('',#2213);
#2213 = AXIS2_PLACEMENT_3D('',#2214,#2215,#2216);
#2214 = CARTESIAN_POINT('',(-1.27,-8.636,0.));
#2215 = DIRECTION('',(0.707106781187,0.707106781187,0.));
#2216 = DIRECTION('',(0.707106781187,-0.707106781187,0.));
#2217 = ADVANCED_FACE('',(#2218),#2229,.F.);
#2218 = FACE_BOUND('',#2219,.F.);
#2219 = EDGE_LOOP('',(#2220,#2226,#2227,#2228));
#2220 = ORIENTED_EDGE('',*,*,#2221,.T.);
#2221 = EDGE_CURVE('',#1198,#1609,#2222,.T.);
#2222 = LINE('',#2223,#2224);
#2223 = CARTESIAN_POINT('',(1.27,-8.636,0.));
#2224 = VECTOR('',#2225,1.);
#2225 = DIRECTION('',(0.,0.,1.));
#2226 = ORIENTED_EDGE('',*,*,#1616,.T.);
#2227 = ORIENTED_EDGE('',*,*,#2187,.F.);
#2228 = ORIENTED_EDGE('',*,*,#1205,.F.);
#2229 = PLANE('',#2230);
#2230 = AXIS2_PLACEMENT_3D('',#2231,#2232,#2233);
#2231 = CARTESIAN_POINT('',(1.27,-8.636,0.));
#2232 = DIRECTION('',(-1.,0.,0.));
#2233 = DIRECTION('',(0.,1.,0.));
#2234 = ADVANCED_FACE('',(#2235),#2246,.F.);
#2235 = FACE_BOUND('',#2236,.F.);
#2236 = EDGE_LOOP('',(#2237,#2238,#2239,#2245));
#2237 = ORIENTED_EDGE('',*,*,#2206,.T.);
#2238 = ORIENTED_EDGE('',*,*,#1552,.T.);
#2239 = ORIENTED_EDGE('',*,*,#2240,.F.);
#2240 = EDGE_CURVE('',#1142,#1553,#2241,.T.);
#2241 = LINE('',#2242,#2243);
#2242 = CARTESIAN_POINT('',(-1.27,-9.144,0.));
#2243 = VECTOR('',#2244,1.);
#2244 = DIRECTION('',(0.,0.,1.));
#2245 = ORIENTED_EDGE('',*,*,#1141,.F.);
#2246 = PLANE('',#2247);
#2247 = AXIS2_PLACEMENT_3D('',#2248,#2249,#2250);
#2248 = CARTESIAN_POINT('',(-1.016,-8.89,0.));
#2249 = DIRECTION('',(0.707106781187,-0.707106781187,0.));
#2250 = DIRECTION('',(-0.707106781187,-0.707106781187,0.));
#2251 = ADVANCED_FACE('',(#2252),#2263,.F.);
#2252 = FACE_BOUND('',#2253,.F.);
#2253 = EDGE_LOOP('',(#2254,#2260,#2261,#2262));
#2254 = ORIENTED_EDGE('',*,*,#2255,.T.);
#2255 = EDGE_CURVE('',#1190,#1601,#2256,.T.);
#2256 = LINE('',#2257,#2258);
#2257 = CARTESIAN_POINT('',(1.016,-8.89,0.));
#2258 = VECTOR('',#2259,1.);
#2259 = DIRECTION('',(0.,0.,1.));
#2260 = ORIENTED_EDGE('',*,*,#1608,.T.);
#2261 = ORIENTED_EDGE('',*,*,#2221,.F.);
#2262 = ORIENTED_EDGE('',*,*,#1197,.F.);
#2263 = PLANE('',#2264);
#2264 = AXIS2_PLACEMENT_3D('',#2265,#2266,#2267);
#2265 = CARTESIAN_POINT('',(1.016,-8.89,0.));
#2266 = DIRECTION('',(-0.707106781187,0.707106781187,0.));
#2267 = DIRECTION('',(0.707106781187,0.707106781187,0.));
#2268 = ADVANCED_FACE('',(#2269),#2280,.F.);
#2269 = FACE_BOUND('',#2270,.F.);
#2270 = EDGE_LOOP('',(#2271,#2272,#2273,#2279));
#2271 = ORIENTED_EDGE('',*,*,#2240,.T.);
#2272 = ORIENTED_EDGE('',*,*,#1560,.T.);
#2273 = ORIENTED_EDGE('',*,*,#2274,.F.);
#2274 = EDGE_CURVE('',#1150,#1561,#2275,.T.);
#2275 = LINE('',#2276,#2277);
#2276 = CARTESIAN_POINT('',(-1.27,-11.176,0.));
#2277 = VECTOR('',#2278,1.);
#2278 = DIRECTION('',(0.,0.,1.));
#2279 = ORIENTED_EDGE('',*,*,#1149,.F.);
#2280 = PLANE('',#2281);
#2281 = AXIS2_PLACEMENT_3D('',#2282,#2283,#2284);
#2282 = CARTESIAN_POINT('',(-1.27,-9.144,0.));
#2283 = DIRECTION('',(1.,0.,0.));
#2284 = DIRECTION('',(0.,-1.,0.));
#2285 = ADVANCED_FACE('',(#2286),#2297,.F.);
#2286 = FACE_BOUND('',#2287,.F.);
#2287 = EDGE_LOOP('',(#2288,#2294,#2295,#2296));
#2288 = ORIENTED_EDGE('',*,*,#2289,.T.);
#2289 = EDGE_CURVE('',#1182,#1593,#2290,.T.);
#2290 = LINE('',#2291,#2292);
#2291 = CARTESIAN_POINT('',(1.27,-9.144,0.));
#2292 = VECTOR('',#2293,1.);
#2293 = DIRECTION('',(0.,0.,1.));
#2294 = ORIENTED_EDGE('',*,*,#1600,.T.);
#2295 = ORIENTED_EDGE('',*,*,#2255,.F.);
#2296 = ORIENTED_EDGE('',*,*,#1189,.F.);
#2297 = PLANE('',#2298);
#2298 = AXIS2_PLACEMENT_3D('',#2299,#2300,#2301);
#2299 = CARTESIAN_POINT('',(1.27,-9.144,0.));
#2300 = DIRECTION('',(-0.707106781187,-0.707106781187,0.));
#2301 = DIRECTION('',(-0.707106781187,0.707106781187,0.));
#2302 = ADVANCED_FACE('',(#2303),#2314,.F.);
#2303 = FACE_BOUND('',#2304,.F.);
#2304 = EDGE_LOOP('',(#2305,#2306,#2307,#2313));
#2305 = ORIENTED_EDGE('',*,*,#2274,.T.);
#2306 = ORIENTED_EDGE('',*,*,#1568,.T.);
#2307 = ORIENTED_EDGE('',*,*,#2308,.F.);
#2308 = EDGE_CURVE('',#1158,#1569,#2309,.T.);
#2309 = LINE('',#2310,#2311);
#2310 = CARTESIAN_POINT('',(-1.016,-11.43,0.));
#2311 = VECTOR('',#2312,1.);
#2312 = DIRECTION('',(0.,0.,1.));
#2313 = ORIENTED_EDGE('',*,*,#1157,.F.);
#2314 = PLANE('',#2315);
#2315 = AXIS2_PLACEMENT_3D('',#2316,#2317,#2318);
#2316 = CARTESIAN_POINT('',(-1.27,-11.176,0.));
#2317 = DIRECTION('',(0.707106781187,0.707106781187,0.));
#2318 = DIRECTION('',(0.707106781187,-0.707106781187,0.));
#2319 = ADVANCED_FACE('',(#2320),#2331,.F.);
#2320 = FACE_BOUND('',#2321,.F.);
#2321 = EDGE_LOOP('',(#2322,#2328,#2329,#2330));
#2322 = ORIENTED_EDGE('',*,*,#2323,.T.);
#2323 = EDGE_CURVE('',#1174,#1585,#2324,.T.);
#2324 = LINE('',#2325,#2326);
#2325 = CARTESIAN_POINT('',(1.27,-11.176,0.));
#2326 = VECTOR('',#2327,1.);
#2327 = DIRECTION('',(0.,0.,1.));
#2328 = ORIENTED_EDGE('',*,*,#1592,.T.);
#2329 = ORIENTED_EDGE('',*,*,#2289,.F.);
#2330 = ORIENTED_EDGE('',*,*,#1181,.F.);
#2331 = PLANE('',#2332);
#2332 = AXIS2_PLACEMENT_3D('',#2333,#2334,#2335);
#2333 = CARTESIAN_POINT('',(1.27,-11.176,0.));
#2334 = DIRECTION('',(-1.,0.,0.));
#2335 = DIRECTION('',(0.,1.,0.));
#2336 = ADVANCED_FACE('',(#2337),#2348,.F.);
#2337 = FACE_BOUND('',#2338,.F.);
#2338 = EDGE_LOOP('',(#2339,#2340,#2341,#2347));
#2339 = ORIENTED_EDGE('',*,*,#2308,.T.);
#2340 = ORIENTED_EDGE('',*,*,#1576,.T.);
#2341 = ORIENTED_EDGE('',*,*,#2342,.F.);
#2342 = EDGE_CURVE('',#1166,#1577,#2343,.T.);
#2343 = LINE('',#2344,#2345);
#2344 = CARTESIAN_POINT('',(1.016,-11.43,0.));
#2345 = VECTOR('',#2346,1.);
#2346 = DIRECTION('',(0.,0.,1.));
#2347 = ORIENTED_EDGE('',*,*,#1165,.F.);
#2348 = PLANE('',#2349);
#2349 = AXIS2_PLACEMENT_3D('',#2350,#2351,#2352);
#2350 = CARTESIAN_POINT('',(-1.016,-11.43,0.));
#2351 = DIRECTION('',(0.,1.,0.));
#2352 = DIRECTION('',(1.,0.,0.));
#2353 = ADVANCED_FACE('',(#2354),#2360,.F.);
#2354 = FACE_BOUND('',#2355,.F.);
#2355 = EDGE_LOOP('',(#2356,#2357,#2358,#2359));
#2356 = ORIENTED_EDGE('',*,*,#2342,.T.);
#2357 = ORIENTED_EDGE('',*,*,#1584,.T.);
#2358 = ORIENTED_EDGE('',*,*,#2323,.F.);
#2359 = ORIENTED_EDGE('',*,*,#1173,.F.);
#2360 = PLANE('',#2361);
#2361 = AXIS2_PLACEMENT_3D('',#2362,#2363,#2364);
#2362 = CARTESIAN_POINT('',(1.016,-11.43,0.));
#2363 = DIRECTION('',(-0.707106781187,0.707106781187,0.));
#2364 = DIRECTION('',(0.707106781187,0.707106781187,0.));
#2365 = ADVANCED_FACE('',(#2366),#2391,.T.);
#2366 = FACE_BOUND('',#2367,.T.);
#2367 = EDGE_LOOP('',(#2368,#2376,#2384,#2390));
#2368 = ORIENTED_EDGE('',*,*,#2369,.F.);
#2369 = EDGE_CURVE('',#2370,#1295,#2372,.T.);
#2370 = VERTEX_POINT('',#2371);
#2371 = CARTESIAN_POINT('',(0.32,-0.32,-2.84));
#2372 = LINE('',#2373,#2374);
#2373 = CARTESIAN_POINT('',(0.32,-0.32,-3.));
#2374 = VECTOR('',#2375,1.);
#2375 = DIRECTION('',(0.,0.,1.));
#2376 = ORIENTED_EDGE('',*,*,#2377,.T.);
#2377 = EDGE_CURVE('',#2370,#2378,#2380,.T.);
#2378 = VERTEX_POINT('',#2379);
#2379 = CARTESIAN_POINT('',(0.32,0.32,-2.84));
#2380 = LINE('',#2381,#2382);
#2381 = CARTESIAN_POINT('',(0.32,-0.32,-2.84));
#2382 = VECTOR('',#2383,1.);
#2383 = DIRECTION('',(0.,1.,0.));
#2384 = ORIENTED_EDGE('',*,*,#2385,.T.);
#2385 = EDGE_CURVE('',#2378,#1297,#2386,.T.);
#2386 = LINE('',#2387,#2388);
#2387 = CARTESIAN_POINT('',(0.32,0.32,-3.));
#2388 = VECTOR('',#2389,1.);
#2389 = DIRECTION('',(0.,0.,1.));
#2390 = ORIENTED_EDGE('',*,*,#1294,.F.);
#2391 = PLANE('',#2392);
#2392 = AXIS2_PLACEMENT_3D('',#2393,#2394,#2395);
#2393 = CARTESIAN_POINT('',(0.32,-0.32,-3.));
#2394 = DIRECTION('',(1.,0.,0.));
#2395 = DIRECTION('',(0.,0.,1.));
#2396 = ADVANCED_FACE('',(#2397),#2415,.T.);
#2397 = FACE_BOUND('',#2398,.T.);
#2398 = EDGE_LOOP('',(#2399,#2400,#2408,#2414));
#2399 = ORIENTED_EDGE('',*,*,#2385,.F.);
#2400 = ORIENTED_EDGE('',*,*,#2401,.F.);
#2401 = EDGE_CURVE('',#2402,#2378,#2404,.T.);
#2402 = VERTEX_POINT('',#2403);
#2403 = CARTESIAN_POINT('',(-0.32,0.32,-2.84));
#2404 = LINE('',#2405,#2406);
#2405 = CARTESIAN_POINT('',(-0.32,0.32,-2.84));
#2406 = VECTOR('',#2407,1.);
#2407 = DIRECTION('',(1.,0.,0.));
#2408 = ORIENTED_EDGE('',*,*,#2409,.T.);
#2409 = EDGE_CURVE('',#2402,#1313,#2410,.T.);
#2410 = LINE('',#2411,#2412);
#2411 = CARTESIAN_POINT('',(-0.32,0.32,-3.));
#2412 = VECTOR('',#2413,1.);
#2413 = DIRECTION('',(0.,0.,1.));
#2414 = ORIENTED_EDGE('',*,*,#1320,.F.);
#2415 = PLANE('',#2416);
#2416 = AXIS2_PLACEMENT_3D('',#2417,#2418,#2419);
#2417 = CARTESIAN_POINT('',(-0.32,0.32,-3.));
#2418 = DIRECTION('',(0.,1.,0.));
#2419 = DIRECTION('',(0.,-0.,1.));
#2420 = ADVANCED_FACE('',(#2421),#2439,.F.);
#2421 = FACE_BOUND('',#2422,.F.);
#2422 = EDGE_LOOP('',(#2423,#2431,#2437,#2438));
#2423 = ORIENTED_EDGE('',*,*,#2424,.F.);
#2424 = EDGE_CURVE('',#2425,#1305,#2427,.T.);
#2425 = VERTEX_POINT('',#2426);
#2426 = CARTESIAN_POINT('',(-0.32,-0.32,-2.84));
#2427 = LINE('',#2428,#2429);
#2428 = CARTESIAN_POINT('',(-0.32,-0.32,-3.));
#2429 = VECTOR('',#2430,1.);
#2430 = DIRECTION('',(0.,0.,1.));
#2431 = ORIENTED_EDGE('',*,*,#2432,.T.);
#2432 = EDGE_CURVE('',#2425,#2402,#2433,.T.);
#2433 = LINE('',#2434,#2435);
#2434 = CARTESIAN_POINT('',(-0.32,-0.32,-2.84));
#2435 = VECTOR('',#2436,1.);
#2436 = DIRECTION('',(0.,1.,0.));
#2437 = ORIENTED_EDGE('',*,*,#2409,.T.);
#2438 = ORIENTED_EDGE('',*,*,#1312,.F.);
#2439 = PLANE('',#2440);
#2440 = AXIS2_PLACEMENT_3D('',#2441,#2442,#2443);
#2441 = CARTESIAN_POINT('',(-0.32,-0.32,-3.));
#2442 = DIRECTION('',(1.,0.,0.));
#2443 = DIRECTION('',(0.,0.,1.));
#2444 = ADVANCED_FACE('',(#2445),#2456,.F.);
#2445 = FACE_BOUND('',#2446,.F.);
#2446 = EDGE_LOOP('',(#2447,#2448,#2454,#2455));
#2447 = ORIENTED_EDGE('',*,*,#2369,.F.);
#2448 = ORIENTED_EDGE('',*,*,#2449,.F.);
#2449 = EDGE_CURVE('',#2425,#2370,#2450,.T.);
#2450 = LINE('',#2451,#2452);
#2451 = CARTESIAN_POINT('',(-0.32,-0.32,-2.84));
#2452 = VECTOR('',#2453,1.);
#2453 = DIRECTION('',(1.,0.,0.));
#2454 = ORIENTED_EDGE('',*,*,#2424,.T.);
#2455 = ORIENTED_EDGE('',*,*,#1304,.F.);
#2456 = PLANE('',#2457);
#2457 = AXIS2_PLACEMENT_3D('',#2458,#2459,#2460);
#2458 = CARTESIAN_POINT('',(-0.32,-0.32,-3.));
#2459 = DIRECTION('',(0.,1.,0.));
#2460 = DIRECTION('',(0.,-0.,1.));
#2461 = ADVANCED_FACE('',(#2462),#2487,.T.);
#2462 = FACE_BOUND('',#2463,.T.);
#2463 = EDGE_LOOP('',(#2464,#2472,#2480,#2486));
#2464 = ORIENTED_EDGE('',*,*,#2465,.F.);
#2465 = EDGE_CURVE('',#2466,#1329,#2468,.T.);
#2466 = VERTEX_POINT('',#2467);
#2467 = CARTESIAN_POINT('',(0.32,-2.22,-2.84));
#2468 = LINE('',#2469,#2470);
#2469 = CARTESIAN_POINT('',(0.32,-2.22,-3.));
#2470 = VECTOR('',#2471,1.);
#2471 = DIRECTION('',(0.,0.,1.));
#2472 = ORIENTED_EDGE('',*,*,#2473,.F.);
#2473 = EDGE_CURVE('',#2474,#2466,#2476,.T.);
#2474 = VERTEX_POINT('',#2475);
#2475 = CARTESIAN_POINT('',(-0.32,-2.22,-2.84));
#2476 = LINE('',#2477,#2478);
#2477 = CARTESIAN_POINT('',(-0.32,-2.22,-2.84));
#2478 = VECTOR('',#2479,1.);
#2479 = DIRECTION('',(1.,0.,0.));
#2480 = ORIENTED_EDGE('',*,*,#2481,.T.);
#2481 = EDGE_CURVE('',#2474,#1331,#2482,.T.);
#2482 = LINE('',#2483,#2484);
#2483 = CARTESIAN_POINT('',(-0.32,-2.22,-3.));
#2484 = VECTOR('',#2485,1.);
#2485 = DIRECTION('',(0.,0.,1.));
#2486 = ORIENTED_EDGE('',*,*,#1328,.F.);
#2487 = PLANE('',#2488);
#2488 = AXIS2_PLACEMENT_3D('',#2489,#2490,#2491);
#2489 = CARTESIAN_POINT('',(-0.32,-2.22,-3.));
#2490 = DIRECTION('',(0.,1.,0.));
#2491 = DIRECTION('',(0.,-0.,1.));
#2492 = ADVANCED_FACE('',(#2493),#2511,.F.);
#2493 = FACE_BOUND('',#2494,.F.);
#2494 = EDGE_LOOP('',(#2495,#2503,#2509,#2510));
#2495 = ORIENTED_EDGE('',*,*,#2496,.F.);
#2496 = EDGE_CURVE('',#2497,#1347,#2499,.T.);
#2497 = VERTEX_POINT('',#2498);
#2498 = CARTESIAN_POINT('',(-0.32,-2.86,-2.84));
#2499 = LINE('',#2500,#2501);
#2500 = CARTESIAN_POINT('',(-0.32,-2.86,-3.));
#2501 = VECTOR('',#2502,1.);
#2502 = DIRECTION('',(0.,0.,1.));
#2503 = ORIENTED_EDGE('',*,*,#2504,.T.);
#2504 = EDGE_CURVE('',#2497,#2474,#2505,.T.);
#2505 = LINE('',#2506,#2507);
#2506 = CARTESIAN_POINT('',(-0.32,-2.86,-2.84));
#2507 = VECTOR('',#2508,1.);
#2508 = DIRECTION('',(0.,1.,0.));
#2509 = ORIENTED_EDGE('',*,*,#2481,.T.);
#2510 = ORIENTED_EDGE('',*,*,#1354,.F.);
#2511 = PLANE('',#2512);
#2512 = AXIS2_PLACEMENT_3D('',#2513,#2514,#2515);
#2513 = CARTESIAN_POINT('',(-0.32,-2.86,-3.));
#2514 = DIRECTION('',(1.,0.,0.));
#2515 = DIRECTION('',(0.,0.,1.));
#2516 = ADVANCED_FACE('',(#2517),#2535,.F.);
#2517 = FACE_BOUND('',#2518,.F.);
#2518 = EDGE_LOOP('',(#2519,#2527,#2533,#2534));
#2519 = ORIENTED_EDGE('',*,*,#2520,.F.);
#2520 = EDGE_CURVE('',#2521,#1339,#2523,.T.);
#2521 = VERTEX_POINT('',#2522);
#2522 = CARTESIAN_POINT('',(0.32,-2.86,-2.84));
#2523 = LINE('',#2524,#2525);
#2524 = CARTESIAN_POINT('',(0.32,-2.86,-3.));
#2525 = VECTOR('',#2526,1.);
#2526 = DIRECTION('',(0.,0.,1.));
#2527 = ORIENTED_EDGE('',*,*,#2528,.F.);
#2528 = EDGE_CURVE('',#2497,#2521,#2529,.T.);
#2529 = LINE('',#2530,#2531);
#2530 = CARTESIAN_POINT('',(-0.32,-2.86,-2.84));
#2531 = VECTOR('',#2532,1.);
#2532 = DIRECTION('',(1.,0.,0.));
#2533 = ORIENTED_EDGE('',*,*,#2496,.T.);
#2534 = ORIENTED_EDGE('',*,*,#1346,.F.);
#2535 = PLANE('',#2536);
#2536 = AXIS2_PLACEMENT_3D('',#2537,#2538,#2539);
#2537 = CARTESIAN_POINT('',(-0.32,-2.86,-3.));
#2538 = DIRECTION('',(0.,1.,0.));
#2539 = DIRECTION('',(0.,-0.,1.));
#2540 = ADVANCED_FACE('',(#2541),#2552,.T.);
#2541 = FACE_BOUND('',#2542,.T.);
#2542 = EDGE_LOOP('',(#2543,#2544,#2550,#2551));
#2543 = ORIENTED_EDGE('',*,*,#2520,.F.);
#2544 = ORIENTED_EDGE('',*,*,#2545,.T.);
#2545 = EDGE_CURVE('',#2521,#2466,#2546,.T.);
#2546 = LINE('',#2547,#2548);
#2547 = CARTESIAN_POINT('',(0.32,-2.86,-2.84));
#2548 = VECTOR('',#2549,1.);
#2549 = DIRECTION('',(0.,1.,0.));
#2550 = ORIENTED_EDGE('',*,*,#2465,.T.);
#2551 = ORIENTED_EDGE('',*,*,#1338,.F.);
#2552 = PLANE('',#2553);
#2553 = AXIS2_PLACEMENT_3D('',#2554,#2555,#2556);
#2554 = CARTESIAN_POINT('',(0.32,-2.86,-3.));
#2555 = DIRECTION('',(1.,0.,0.));
#2556 = DIRECTION('',(0.,0.,1.));
#2557 = ADVANCED_FACE('',(#2558),#2583,.T.);
#2558 = FACE_BOUND('',#2559,.T.);
#2559 = EDGE_LOOP('',(#2560,#2568,#2576,#2582));
#2560 = ORIENTED_EDGE('',*,*,#2561,.F.);
#2561 = EDGE_CURVE('',#2562,#1363,#2564,.T.);
#2562 = VERTEX_POINT('',#2563);
#2563 = CARTESIAN_POINT('',(0.32,-4.76,-2.84));
#2564 = LINE('',#2565,#2566);
#2565 = CARTESIAN_POINT('',(0.32,-4.76,-3.));
#2566 = VECTOR('',#2567,1.);
#2567 = DIRECTION('',(0.,0.,1.));
#2568 = ORIENTED_EDGE('',*,*,#2569,.F.);
#2569 = EDGE_CURVE('',#2570,#2562,#2572,.T.);
#2570 = VERTEX_POINT('',#2571);
#2571 = CARTESIAN_POINT('',(-0.32,-4.76,-2.84));
#2572 = LINE('',#2573,#2574);
#2573 = CARTESIAN_POINT('',(-0.32,-4.76,-2.84));
#2574 = VECTOR('',#2575,1.);
#2575 = DIRECTION('',(1.,0.,0.));
#2576 = ORIENTED_EDGE('',*,*,#2577,.T.);
#2577 = EDGE_CURVE('',#2570,#1365,#2578,.T.);
#2578 = LINE('',#2579,#2580);
#2579 = CARTESIAN_POINT('',(-0.32,-4.76,-3.));
#2580 = VECTOR('',#2581,1.);
#2581 = DIRECTION('',(0.,0.,1.));
#2582 = ORIENTED_EDGE('',*,*,#1362,.F.);
#2583 = PLANE('',#2584);
#2584 = AXIS2_PLACEMENT_3D('',#2585,#2586,#2587);
#2585 = CARTESIAN_POINT('',(-0.32,-4.76,-3.));
#2586 = DIRECTION('',(0.,1.,0.));
#2587 = DIRECTION('',(0.,-0.,1.));
#2588 = ADVANCED_FACE('',(#2589),#2607,.F.);
#2589 = FACE_BOUND('',#2590,.F.);
#2590 = EDGE_LOOP('',(#2591,#2599,#2605,#2606));
#2591 = ORIENTED_EDGE('',*,*,#2592,.F.);
#2592 = EDGE_CURVE('',#2593,#1381,#2595,.T.);
#2593 = VERTEX_POINT('',#2594);
#2594 = CARTESIAN_POINT('',(-0.32,-5.4,-2.84));
#2595 = LINE('',#2596,#2597);
#2596 = CARTESIAN_POINT('',(-0.32,-5.4,-3.));
#2597 = VECTOR('',#2598,1.);
#2598 = DIRECTION('',(0.,0.,1.));
#2599 = ORIENTED_EDGE('',*,*,#2600,.T.);
#2600 = EDGE_CURVE('',#2593,#2570,#2601,.T.);
#2601 = LINE('',#2602,#2603);
#2602 = CARTESIAN_POINT('',(-0.32,-5.4,-2.84));
#2603 = VECTOR('',#2604,1.);
#2604 = DIRECTION('',(0.,1.,0.));
#2605 = ORIENTED_EDGE('',*,*,#2577,.T.);
#2606 = ORIENTED_EDGE('',*,*,#1388,.F.);
#2607 = PLANE('',#2608);
#2608 = AXIS2_PLACEMENT_3D('',#2609,#2610,#2611);
#2609 = CARTESIAN_POINT('',(-0.32,-5.4,-3.));
#2610 = DIRECTION('',(1.,0.,0.));
#2611 = DIRECTION('',(0.,0.,1.));
#2612 = ADVANCED_FACE('',(#2613),#2631,.F.);
#2613 = FACE_BOUND('',#2614,.F.);
#2614 = EDGE_LOOP('',(#2615,#2623,#2629,#2630));
#2615 = ORIENTED_EDGE('',*,*,#2616,.F.);
#2616 = EDGE_CURVE('',#2617,#1373,#2619,.T.);
#2617 = VERTEX_POINT('',#2618);
#2618 = CARTESIAN_POINT('',(0.32,-5.4,-2.84));
#2619 = LINE('',#2620,#2621);
#2620 = CARTESIAN_POINT('',(0.32,-5.4,-3.));
#2621 = VECTOR('',#2622,1.);
#2622 = DIRECTION('',(0.,0.,1.));
#2623 = ORIENTED_EDGE('',*,*,#2624,.F.);
#2624 = EDGE_CURVE('',#2593,#2617,#2625,.T.);
#2625 = LINE('',#2626,#2627);
#2626 = CARTESIAN_POINT('',(-0.32,-5.4,-2.84));
#2627 = VECTOR('',#2628,1.);
#2628 = DIRECTION('',(1.,0.,0.));
#2629 = ORIENTED_EDGE('',*,*,#2592,.T.);
#2630 = ORIENTED_EDGE('',*,*,#1380,.F.);
#2631 = PLANE('',#2632);
#2632 = AXIS2_PLACEMENT_3D('',#2633,#2634,#2635);
#2633 = CARTESIAN_POINT('',(-0.32,-5.4,-3.));
#2634 = DIRECTION('',(0.,1.,0.));
#2635 = DIRECTION('',(0.,-0.,1.));
#2636 = ADVANCED_FACE('',(#2637),#2648,.T.);
#2637 = FACE_BOUND('',#2638,.T.);
#2638 = EDGE_LOOP('',(#2639,#2640,#2646,#2647));
#2639 = ORIENTED_EDGE('',*,*,#2616,.F.);
#2640 = ORIENTED_EDGE('',*,*,#2641,.T.);
#2641 = EDGE_CURVE('',#2617,#2562,#2642,.T.);
#2642 = LINE('',#2643,#2644);
#2643 = CARTESIAN_POINT('',(0.32,-5.4,-2.84));
#2644 = VECTOR('',#2645,1.);
#2645 = DIRECTION('',(0.,1.,0.));
#2646 = ORIENTED_EDGE('',*,*,#2561,.T.);
#2647 = ORIENTED_EDGE('',*,*,#1372,.F.);
#2648 = PLANE('',#2649);
#2649 = AXIS2_PLACEMENT_3D('',#2650,#2651,#2652);
#2650 = CARTESIAN_POINT('',(0.32,-5.4,-3.));
#2651 = DIRECTION('',(1.,0.,0.));
#2652 = DIRECTION('',(0.,0.,1.));
#2653 = ADVANCED_FACE('',(#2654),#2679,.T.);
#2654 = FACE_BOUND('',#2655,.T.);
#2655 = EDGE_LOOP('',(#2656,#2664,#2672,#2678));
#2656 = ORIENTED_EDGE('',*,*,#2657,.F.);
#2657 = EDGE_CURVE('',#2658,#1397,#2660,.T.);
#2658 = VERTEX_POINT('',#2659);
#2659 = CARTESIAN_POINT('',(0.32,-9.84,-2.84));
#2660 = LINE('',#2661,#2662);
#2661 = CARTESIAN_POINT('',(0.32,-9.84,-3.));
#2662 = VECTOR('',#2663,1.);
#2663 = DIRECTION('',(0.,0.,1.));
#2664 = ORIENTED_EDGE('',*,*,#2665,.F.);
#2665 = EDGE_CURVE('',#2666,#2658,#2668,.T.);
#2666 = VERTEX_POINT('',#2667);
#2667 = CARTESIAN_POINT('',(-0.32,-9.84,-2.84));
#2668 = LINE('',#2669,#2670);
#2669 = CARTESIAN_POINT('',(-0.32,-9.84,-2.84));
#2670 = VECTOR('',#2671,1.);
#2671 = DIRECTION('',(1.,0.,0.));
#2672 = ORIENTED_EDGE('',*,*,#2673,.T.);
#2673 = EDGE_CURVE('',#2666,#1399,#2674,.T.);
#2674 = LINE('',#2675,#2676);
#2675 = CARTESIAN_POINT('',(-0.32,-9.84,-3.));
#2676 = VECTOR('',#2677,1.);
#2677 = DIRECTION('',(0.,0.,1.));
#2678 = ORIENTED_EDGE('',*,*,#1396,.F.);
#2679 = PLANE('',#2680);
#2680 = AXIS2_PLACEMENT_3D('',#2681,#2682,#2683);
#2681 = CARTESIAN_POINT('',(-0.32,-9.84,-3.));
#2682 = DIRECTION('',(0.,1.,0.));
#2683 = DIRECTION('',(0.,-0.,1.));
#2684 = ADVANCED_FACE('',(#2685),#2703,.F.);
#2685 = FACE_BOUND('',#2686,.F.);
#2686 = EDGE_LOOP('',(#2687,#2695,#2701,#2702));
#2687 = ORIENTED_EDGE('',*,*,#2688,.F.);
#2688 = EDGE_CURVE('',#2689,#1415,#2691,.T.);
#2689 = VERTEX_POINT('',#2690);
#2690 = CARTESIAN_POINT('',(-0.32,-10.48,-2.84));
#2691 = LINE('',#2692,#2693);
#2692 = CARTESIAN_POINT('',(-0.32,-10.48,-3.));
#2693 = VECTOR('',#2694,1.);
#2694 = DIRECTION('',(0.,0.,1.));
#2695 = ORIENTED_EDGE('',*,*,#2696,.T.);
#2696 = EDGE_CURVE('',#2689,#2666,#2697,.T.);
#2697 = LINE('',#2698,#2699);
#2698 = CARTESIAN_POINT('',(-0.32,-10.48,-2.84));
#2699 = VECTOR('',#2700,1.);
#2700 = DIRECTION('',(0.,1.,0.));
#2701 = ORIENTED_EDGE('',*,*,#2673,.T.);
#2702 = ORIENTED_EDGE('',*,*,#1422,.F.);
#2703 = PLANE('',#2704);
#2704 = AXIS2_PLACEMENT_3D('',#2705,#2706,#2707);
#2705 = CARTESIAN_POINT('',(-0.32,-10.48,-3.));
#2706 = DIRECTION('',(1.,0.,0.));
#2707 = DIRECTION('',(0.,0.,1.));
#2708 = ADVANCED_FACE('',(#2709),#2727,.F.);
#2709 = FACE_BOUND('',#2710,.F.);
#2710 = EDGE_LOOP('',(#2711,#2719,#2725,#2726));
#2711 = ORIENTED_EDGE('',*,*,#2712,.F.);
#2712 = EDGE_CURVE('',#2713,#1407,#2715,.T.);
#2713 = VERTEX_POINT('',#2714);
#2714 = CARTESIAN_POINT('',(0.32,-10.48,-2.84));
#2715 = LINE('',#2716,#2717);
#2716 = CARTESIAN_POINT('',(0.32,-10.48,-3.));
#2717 = VECTOR('',#2718,1.);
#2718 = DIRECTION('',(0.,0.,1.));
#2719 = ORIENTED_EDGE('',*,*,#2720,.F.);
#2720 = EDGE_CURVE('',#2689,#2713,#2721,.T.);
#2721 = LINE('',#2722,#2723);
#2722 = CARTESIAN_POINT('',(-0.32,-10.48,-2.84));
#2723 = VECTOR('',#2724,1.);
#2724 = DIRECTION('',(1.,0.,0.));
#2725 = ORIENTED_EDGE('',*,*,#2688,.T.);
#2726 = ORIENTED_EDGE('',*,*,#1414,.F.);
#2727 = PLANE('',#2728);
#2728 = AXIS2_PLACEMENT_3D('',#2729,#2730,#2731);
#2729 = CARTESIAN_POINT('',(-0.32,-10.48,-3.));
#2730 = DIRECTION('',(0.,1.,0.));
#2731 = DIRECTION('',(0.,-0.,1.));
#2732 = ADVANCED_FACE('',(#2733),#2744,.T.);
#2733 = FACE_BOUND('',#2734,.T.);
#2734 = EDGE_LOOP('',(#2735,#2736,#2742,#2743));
#2735 = ORIENTED_EDGE('',*,*,#2712,.F.);
#2736 = ORIENTED_EDGE('',*,*,#2737,.T.);
#2737 = EDGE_CURVE('',#2713,#2658,#2738,.T.);
#2738 = LINE('',#2739,#2740);
#2739 = CARTESIAN_POINT('',(0.32,-10.48,-2.84));
#2740 = VECTOR('',#2741,1.);
#2741 = DIRECTION('',(0.,1.,0.));
#2742 = ORIENTED_EDGE('',*,*,#2657,.T.);
#2743 = ORIENTED_EDGE('',*,*,#1406,.F.);
#2744 = PLANE('',#2745);
#2745 = AXIS2_PLACEMENT_3D('',#2746,#2747,#2748);
#2746 = CARTESIAN_POINT('',(0.32,-10.48,-3.));
#2747 = DIRECTION('',(1.,0.,0.));
#2748 = DIRECTION('',(0.,0.,1.));
#2749 = ADVANCED_FACE('',(#2750),#2775,.F.);
#2750 = FACE_BOUND('',#2751,.F.);
#2751 = EDGE_LOOP('',(#2752,#2760,#2768,#2774));
#2752 = ORIENTED_EDGE('',*,*,#2753,.F.);
#2753 = EDGE_CURVE('',#2754,#1431,#2756,.T.);
#2754 = VERTEX_POINT('',#2755);
#2755 = CARTESIAN_POINT('',(0.32,-7.94,-2.84));
#2756 = LINE('',#2757,#2758);
#2757 = CARTESIAN_POINT('',(0.32,-7.94,-3.));
#2758 = VECTOR('',#2759,1.);
#2759 = DIRECTION('',(0.,0.,1.));
#2760 = ORIENTED_EDGE('',*,*,#2761,.F.);
#2761 = EDGE_CURVE('',#2762,#2754,#2764,.T.);
#2762 = VERTEX_POINT('',#2763);
#2763 = CARTESIAN_POINT('',(-0.32,-7.94,-2.84));
#2764 = LINE('',#2765,#2766);
#2765 = CARTESIAN_POINT('',(-0.32,-7.94,-2.84));
#2766 = VECTOR('',#2767,1.);
#2767 = DIRECTION('',(1.,0.,0.));
#2768 = ORIENTED_EDGE('',*,*,#2769,.T.);
#2769 = EDGE_CURVE('',#2762,#1433,#2770,.T.);
#2770 = LINE('',#2771,#2772);
#2771 = CARTESIAN_POINT('',(-0.32,-7.94,-3.));
#2772 = VECTOR('',#2773,1.);
#2773 = DIRECTION('',(0.,0.,1.));
#2774 = ORIENTED_EDGE('',*,*,#1430,.F.);
#2775 = PLANE('',#2776);
#2776 = AXIS2_PLACEMENT_3D('',#2777,#2778,#2779);
#2777 = CARTESIAN_POINT('',(-0.32,-7.94,-3.));
#2778 = DIRECTION('',(0.,1.,0.));
#2779 = DIRECTION('',(0.,-0.,1.));
#2780 = ADVANCED_FACE('',(#2781),#2799,.T.);
#2781 = FACE_BOUND('',#2782,.T.);
#2782 = EDGE_LOOP('',(#2783,#2784,#2792,#2798));
#2783 = ORIENTED_EDGE('',*,*,#2753,.F.);
#2784 = ORIENTED_EDGE('',*,*,#2785,.T.);
#2785 = EDGE_CURVE('',#2754,#2786,#2788,.T.);
#2786 = VERTEX_POINT('',#2787);
#2787 = CARTESIAN_POINT('',(0.32,-7.3,-2.84));
#2788 = LINE('',#2789,#2790);
#2789 = CARTESIAN_POINT('',(0.32,-7.94,-2.84));
#2790 = VECTOR('',#2791,1.);
#2791 = DIRECTION('',(0.,1.,0.));
#2792 = ORIENTED_EDGE('',*,*,#2793,.T.);
#2793 = EDGE_CURVE('',#2786,#1449,#2794,.T.);
#2794 = LINE('',#2795,#2796);
#2795 = CARTESIAN_POINT('',(0.32,-7.3,-3.));
#2796 = VECTOR('',#2797,1.);
#2797 = DIRECTION('',(0.,0.,1.));
#2798 = ORIENTED_EDGE('',*,*,#1456,.F.);
#2799 = PLANE('',#2800);
#2800 = AXIS2_PLACEMENT_3D('',#2801,#2802,#2803);
#2801 = CARTESIAN_POINT('',(0.32,-7.94,-3.));
#2802 = DIRECTION('',(1.,0.,0.));
#2803 = DIRECTION('',(0.,0.,1.));
#2804 = ADVANCED_FACE('',(#2805),#2823,.T.);
#2805 = FACE_BOUND('',#2806,.T.);
#2806 = EDGE_LOOP('',(#2807,#2808,#2816,#2822));
#2807 = ORIENTED_EDGE('',*,*,#2793,.F.);
#2808 = ORIENTED_EDGE('',*,*,#2809,.F.);
#2809 = EDGE_CURVE('',#2810,#2786,#2812,.T.);
#2810 = VERTEX_POINT('',#2811);
#2811 = CARTESIAN_POINT('',(-0.32,-7.3,-2.84));
#2812 = LINE('',#2813,#2814);
#2813 = CARTESIAN_POINT('',(-0.32,-7.3,-2.84));
#2814 = VECTOR('',#2815,1.);
#2815 = DIRECTION('',(1.,0.,0.));
#2816 = ORIENTED_EDGE('',*,*,#2817,.T.);
#2817 = EDGE_CURVE('',#2810,#1441,#2818,.T.);
#2818 = LINE('',#2819,#2820);
#2819 = CARTESIAN_POINT('',(-0.32,-7.3,-3.));
#2820 = VECTOR('',#2821,1.);
#2821 = DIRECTION('',(0.,0.,1.));
#2822 = ORIENTED_EDGE('',*,*,#1448,.F.);
#2823 = PLANE('',#2824);
#2824 = AXIS2_PLACEMENT_3D('',#2825,#2826,#2827);
#2825 = CARTESIAN_POINT('',(-0.32,-7.3,-3.));
#2826 = DIRECTION('',(0.,1.,0.));
#2827 = DIRECTION('',(0.,-0.,1.));
#2828 = ADVANCED_FACE('',(#2829),#2840,.F.);
#2829 = FACE_BOUND('',#2830,.F.);
#2830 = EDGE_LOOP('',(#2831,#2832,#2838,#2839));
#2831 = ORIENTED_EDGE('',*,*,#2769,.F.);
#2832 = ORIENTED_EDGE('',*,*,#2833,.T.);
#2833 = EDGE_CURVE('',#2762,#2810,#2834,.T.);
#2834 = LINE('',#2835,#2836);
#2835 = CARTESIAN_POINT('',(-0.32,-7.94,-2.84));
#2836 = VECTOR('',#2837,1.);
#2837 = DIRECTION('',(0.,1.,0.));
#2838 = ORIENTED_EDGE('',*,*,#2817,.T.);
#2839 = ORIENTED_EDGE('',*,*,#1440,.F.);
#2840 = PLANE('',#2841);
#2841 = AXIS2_PLACEMENT_3D('',#2842,#2843,#2844);
#2842 = CARTESIAN_POINT('',(-0.32,-7.94,-3.));
#2843 = DIRECTION('',(1.,0.,0.));
#2844 = DIRECTION('',(0.,0.,1.));
#2845 = ADVANCED_FACE('',(#2846),#2871,.T.);
#2846 = FACE_BOUND('',#2847,.T.);
#2847 = EDGE_LOOP('',(#2848,#2856,#2857,#2865));
#2848 = ORIENTED_EDGE('',*,*,#2849,.F.);
#2849 = EDGE_CURVE('',#1706,#2850,#2852,.T.);
#2850 = VERTEX_POINT('',#2851);
#2851 = CARTESIAN_POINT('',(0.32,-0.32,8.38));
#2852 = LINE('',#2853,#2854);
#2853 = CARTESIAN_POINT('',(0.32,-0.32,-3.));
#2854 = VECTOR('',#2855,1.);
#2855 = DIRECTION('',(0.,0.,1.));
#2856 = ORIENTED_EDGE('',*,*,#1705,.T.);
#2857 = ORIENTED_EDGE('',*,*,#2858,.T.);
#2858 = EDGE_CURVE('',#1708,#2859,#2861,.T.);
#2859 = VERTEX_POINT('',#2860);
#2860 = CARTESIAN_POINT('',(0.32,0.32,8.38));
#2861 = LINE('',#2862,#2863);
#2862 = CARTESIAN_POINT('',(0.32,0.32,-3.));
#2863 = VECTOR('',#2864,1.);
#2864 = DIRECTION('',(0.,0.,1.));
#2865 = ORIENTED_EDGE('',*,*,#2866,.F.);
#2866 = EDGE_CURVE('',#2850,#2859,#2867,.T.);
#2867 = LINE('',#2868,#2869);
#2868 = CARTESIAN_POINT('',(0.32,-0.32,8.38));
#2869 = VECTOR('',#2870,1.);
#2870 = DIRECTION('',(0.,1.,0.));
#2871 = PLANE('',#2872);
#2872 = AXIS2_PLACEMENT_3D('',#2873,#2874,#2875);
#2873 = CARTESIAN_POINT('',(0.32,-0.32,-3.));
#2874 = DIRECTION('',(1.,0.,0.));
#2875 = DIRECTION('',(0.,0.,1.));
#2876 = ADVANCED_FACE('',(#2877),#2895,.T.);
#2877 = FACE_BOUND('',#2878,.T.);
#2878 = EDGE_LOOP('',(#2879,#2880,#2881,#2889));
#2879 = ORIENTED_EDGE('',*,*,#2858,.F.);
#2880 = ORIENTED_EDGE('',*,*,#1731,.T.);
#2881 = ORIENTED_EDGE('',*,*,#2882,.T.);
#2882 = EDGE_CURVE('',#1724,#2883,#2885,.T.);
#2883 = VERTEX_POINT('',#2884);
#2884 = CARTESIAN_POINT('',(-0.32,0.32,8.38));
#2885 = LINE('',#2886,#2887);
#2886 = CARTESIAN_POINT('',(-0.32,0.32,-3.));
#2887 = VECTOR('',#2888,1.);
#2888 = DIRECTION('',(0.,0.,1.));
#2889 = ORIENTED_EDGE('',*,*,#2890,.T.);
#2890 = EDGE_CURVE('',#2883,#2859,#2891,.T.);
#2891 = LINE('',#2892,#2893);
#2892 = CARTESIAN_POINT('',(-0.32,0.32,8.38));
#2893 = VECTOR('',#2894,1.);
#2894 = DIRECTION('',(1.,0.,0.));
#2895 = PLANE('',#2896);
#2896 = AXIS2_PLACEMENT_3D('',#2897,#2898,#2899);
#2897 = CARTESIAN_POINT('',(-0.32,0.32,-3.));
#2898 = DIRECTION('',(0.,1.,0.));
#2899 = DIRECTION('',(0.,-0.,1.));
#2900 = ADVANCED_FACE('',(#2901),#2919,.F.);
#2901 = FACE_BOUND('',#2902,.F.);
#2902 = EDGE_LOOP('',(#2903,#2911,#2912,#2913));
#2903 = ORIENTED_EDGE('',*,*,#2904,.F.);
#2904 = EDGE_CURVE('',#1716,#2905,#2907,.T.);
#2905 = VERTEX_POINT('',#2906);
#2906 = CARTESIAN_POINT('',(-0.32,-0.32,8.38));
#2907 = LINE('',#2908,#2909);
#2908 = CARTESIAN_POINT('',(-0.32,-0.32,-3.));
#2909 = VECTOR('',#2910,1.);
#2910 = DIRECTION('',(0.,0.,1.));
#2911 = ORIENTED_EDGE('',*,*,#1723,.T.);
#2912 = ORIENTED_EDGE('',*,*,#2882,.T.);
#2913 = ORIENTED_EDGE('',*,*,#2914,.F.);
#2914 = EDGE_CURVE('',#2905,#2883,#2915,.T.);
#2915 = LINE('',#2916,#2917);
#2916 = CARTESIAN_POINT('',(-0.32,-0.32,8.38));
#2917 = VECTOR('',#2918,1.);
#2918 = DIRECTION('',(0.,1.,0.));
#2919 = PLANE('',#2920);
#2920 = AXIS2_PLACEMENT_3D('',#2921,#2922,#2923);
#2921 = CARTESIAN_POINT('',(-0.32,-0.32,-3.));
#2922 = DIRECTION('',(1.,0.,0.));
#2923 = DIRECTION('',(0.,0.,1.));
#2924 = ADVANCED_FACE('',(#2925),#2936,.F.);
#2925 = FACE_BOUND('',#2926,.F.);
#2926 = EDGE_LOOP('',(#2927,#2928,#2929,#2930));
#2927 = ORIENTED_EDGE('',*,*,#2849,.F.);
#2928 = ORIENTED_EDGE('',*,*,#1715,.T.);
#2929 = ORIENTED_EDGE('',*,*,#2904,.T.);
#2930 = ORIENTED_EDGE('',*,*,#2931,.T.);
#2931 = EDGE_CURVE('',#2905,#2850,#2932,.T.);
#2932 = LINE('',#2933,#2934);
#2933 = CARTESIAN_POINT('',(-0.32,-0.32,8.38));
#2934 = VECTOR('',#2935,1.);
#2935 = DIRECTION('',(1.,0.,0.));
#2936 = PLANE('',#2937);
#2937 = AXIS2_PLACEMENT_3D('',#2938,#2939,#2940);
#2938 = CARTESIAN_POINT('',(-0.32,-0.32,-3.));
#2939 = DIRECTION('',(0.,1.,0.));
#2940 = DIRECTION('',(0.,-0.,1.));
#2941 = ADVANCED_FACE('',(#2942),#2967,.T.);
#2942 = FACE_BOUND('',#2943,.T.);
#2943 = EDGE_LOOP('',(#2944,#2952,#2953,#2961));
#2944 = ORIENTED_EDGE('',*,*,#2945,.F.);
#2945 = EDGE_CURVE('',#1740,#2946,#2948,.T.);
#2946 = VERTEX_POINT('',#2947);
#2947 = CARTESIAN_POINT('',(0.32,-2.22,8.38));
#2948 = LINE('',#2949,#2950);
#2949 = CARTESIAN_POINT('',(0.32,-2.22,-3.));
#2950 = VECTOR('',#2951,1.);
#2951 = DIRECTION('',(0.,0.,1.));
#2952 = ORIENTED_EDGE('',*,*,#1739,.T.);
#2953 = ORIENTED_EDGE('',*,*,#2954,.T.);
#2954 = EDGE_CURVE('',#1742,#2955,#2957,.T.);
#2955 = VERTEX_POINT('',#2956);
#2956 = CARTESIAN_POINT('',(-0.32,-2.22,8.38));
#2957 = LINE('',#2958,#2959);
#2958 = CARTESIAN_POINT('',(-0.32,-2.22,-3.));
#2959 = VECTOR('',#2960,1.);
#2960 = DIRECTION('',(0.,0.,1.));
#2961 = ORIENTED_EDGE('',*,*,#2962,.T.);
#2962 = EDGE_CURVE('',#2955,#2946,#2963,.T.);
#2963 = LINE('',#2964,#2965);
#2964 = CARTESIAN_POINT('',(-0.32,-2.22,8.38));
#2965 = VECTOR('',#2966,1.);
#2966 = DIRECTION('',(1.,0.,0.));
#2967 = PLANE('',#2968);
#2968 = AXIS2_PLACEMENT_3D('',#2969,#2970,#2971);
#2969 = CARTESIAN_POINT('',(-0.32,-2.22,-3.));
#2970 = DIRECTION('',(0.,1.,0.));
#2971 = DIRECTION('',(0.,-0.,1.));
#2972 = ADVANCED_FACE('',(#2973),#2991,.F.);
#2973 = FACE_BOUND('',#2974,.F.);
#2974 = EDGE_LOOP('',(#2975,#2983,#2984,#2985));
#2975 = ORIENTED_EDGE('',*,*,#2976,.F.);
#2976 = EDGE_CURVE('',#1758,#2977,#2979,.T.);
#2977 = VERTEX_POINT('',#2978);
#2978 = CARTESIAN_POINT('',(-0.32,-2.86,8.38));
#2979 = LINE('',#2980,#2981);
#2980 = CARTESIAN_POINT('',(-0.32,-2.86,-3.));
#2981 = VECTOR('',#2982,1.);
#2982 = DIRECTION('',(0.,0.,1.));
#2983 = ORIENTED_EDGE('',*,*,#1765,.T.);
#2984 = ORIENTED_EDGE('',*,*,#2954,.T.);
#2985 = ORIENTED_EDGE('',*,*,#2986,.F.);
#2986 = EDGE_CURVE('',#2977,#2955,#2987,.T.);
#2987 = LINE('',#2988,#2989);
#2988 = CARTESIAN_POINT('',(-0.32,-2.86,8.38));
#2989 = VECTOR('',#2990,1.);
#2990 = DIRECTION('',(0.,1.,0.));
#2991 = PLANE('',#2992);
#2992 = AXIS2_PLACEMENT_3D('',#2993,#2994,#2995);
#2993 = CARTESIAN_POINT('',(-0.32,-2.86,-3.));
#2994 = DIRECTION('',(1.,0.,0.));
#2995 = DIRECTION('',(0.,0.,1.));
#2996 = ADVANCED_FACE('',(#2997),#3015,.F.);
#2997 = FACE_BOUND('',#2998,.F.);
#2998 = EDGE_LOOP('',(#2999,#3007,#3008,#3009));
#2999 = ORIENTED_EDGE('',*,*,#3000,.F.);
#3000 = EDGE_CURVE('',#1750,#3001,#3003,.T.);
#3001 = VERTEX_POINT('',#3002);
#3002 = CARTESIAN_POINT('',(0.32,-2.86,8.38));
#3003 = LINE('',#3004,#3005);
#3004 = CARTESIAN_POINT('',(0.32,-2.86,-3.));
#3005 = VECTOR('',#3006,1.);
#3006 = DIRECTION('',(0.,0.,1.));
#3007 = ORIENTED_EDGE('',*,*,#1757,.T.);
#3008 = ORIENTED_EDGE('',*,*,#2976,.T.);
#3009 = ORIENTED_EDGE('',*,*,#3010,.T.);
#3010 = EDGE_CURVE('',#2977,#3001,#3011,.T.);
#3011 = LINE('',#3012,#3013);
#3012 = CARTESIAN_POINT('',(-0.32,-2.86,8.38));
#3013 = VECTOR('',#3014,1.);
#3014 = DIRECTION('',(1.,0.,0.));
#3015 = PLANE('',#3016);
#3016 = AXIS2_PLACEMENT_3D('',#3017,#3018,#3019);
#3017 = CARTESIAN_POINT('',(-0.32,-2.86,-3.));
#3018 = DIRECTION('',(0.,1.,0.));
#3019 = DIRECTION('',(0.,-0.,1.));
#3020 = ADVANCED_FACE('',(#3021),#3032,.T.);
#3021 = FACE_BOUND('',#3022,.T.);
#3022 = EDGE_LOOP('',(#3023,#3024,#3025,#3026));
#3023 = ORIENTED_EDGE('',*,*,#3000,.F.);
#3024 = ORIENTED_EDGE('',*,*,#1749,.T.);
#3025 = ORIENTED_EDGE('',*,*,#2945,.T.);
#3026 = ORIENTED_EDGE('',*,*,#3027,.F.);
#3027 = EDGE_CURVE('',#3001,#2946,#3028,.T.);
#3028 = LINE('',#3029,#3030);
#3029 = CARTESIAN_POINT('',(0.32,-2.86,8.38));
#3030 = VECTOR('',#3031,1.);
#3031 = DIRECTION('',(0.,1.,0.));
#3032 = PLANE('',#3033);
#3033 = AXIS2_PLACEMENT_3D('',#3034,#3035,#3036);
#3034 = CARTESIAN_POINT('',(0.32,-2.86,-3.));
#3035 = DIRECTION('',(1.,0.,0.));
#3036 = DIRECTION('',(0.,0.,1.));
#3037 = ADVANCED_FACE('',(#3038),#3063,.T.);
#3038 = FACE_BOUND('',#3039,.T.);
#3039 = EDGE_LOOP('',(#3040,#3048,#3049,#3057));
#3040 = ORIENTED_EDGE('',*,*,#3041,.F.);
#3041 = EDGE_CURVE('',#1774,#3042,#3044,.T.);
#3042 = VERTEX_POINT('',#3043);
#3043 = CARTESIAN_POINT('',(0.32,-4.76,8.38));
#3044 = LINE('',#3045,#3046);
#3045 = CARTESIAN_POINT('',(0.32,-4.76,-3.));
#3046 = VECTOR('',#3047,1.);
#3047 = DIRECTION('',(0.,0.,1.));
#3048 = ORIENTED_EDGE('',*,*,#1773,.T.);
#3049 = ORIENTED_EDGE('',*,*,#3050,.T.);
#3050 = EDGE_CURVE('',#1776,#3051,#3053,.T.);
#3051 = VERTEX_POINT('',#3052);
#3052 = CARTESIAN_POINT('',(-0.32,-4.76,8.38));
#3053 = LINE('',#3054,#3055);
#3054 = CARTESIAN_POINT('',(-0.32,-4.76,-3.));
#3055 = VECTOR('',#3056,1.);
#3056 = DIRECTION('',(0.,0.,1.));
#3057 = ORIENTED_EDGE('',*,*,#3058,.T.);
#3058 = EDGE_CURVE('',#3051,#3042,#3059,.T.);
#3059 = LINE('',#3060,#3061);
#3060 = CARTESIAN_POINT('',(-0.32,-4.76,8.38));
#3061 = VECTOR('',#3062,1.);
#3062 = DIRECTION('',(1.,0.,0.));
#3063 = PLANE('',#3064);
#3064 = AXIS2_PLACEMENT_3D('',#3065,#3066,#3067);
#3065 = CARTESIAN_POINT('',(-0.32,-4.76,-3.));
#3066 = DIRECTION('',(0.,1.,0.));
#3067 = DIRECTION('',(0.,-0.,1.));
#3068 = ADVANCED_FACE('',(#3069),#3087,.F.);
#3069 = FACE_BOUND('',#3070,.F.);
#3070 = EDGE_LOOP('',(#3071,#3079,#3080,#3081));
#3071 = ORIENTED_EDGE('',*,*,#3072,.F.);
#3072 = EDGE_CURVE('',#1792,#3073,#3075,.T.);
#3073 = VERTEX_POINT('',#3074);
#3074 = CARTESIAN_POINT('',(-0.32,-5.4,8.38));
#3075 = LINE('',#3076,#3077);
#3076 = CARTESIAN_POINT('',(-0.32,-5.4,-3.));
#3077 = VECTOR('',#3078,1.);
#3078 = DIRECTION('',(0.,0.,1.));
#3079 = ORIENTED_EDGE('',*,*,#1799,.T.);
#3080 = ORIENTED_EDGE('',*,*,#3050,.T.);
#3081 = ORIENTED_EDGE('',*,*,#3082,.F.);
#3082 = EDGE_CURVE('',#3073,#3051,#3083,.T.);
#3083 = LINE('',#3084,#3085);
#3084 = CARTESIAN_POINT('',(-0.32,-5.4,8.38));
#3085 = VECTOR('',#3086,1.);
#3086 = DIRECTION('',(0.,1.,0.));
#3087 = PLANE('',#3088);
#3088 = AXIS2_PLACEMENT_3D('',#3089,#3090,#3091);
#3089 = CARTESIAN_POINT('',(-0.32,-5.4,-3.));
#3090 = DIRECTION('',(1.,0.,0.));
#3091 = DIRECTION('',(0.,0.,1.));
#3092 = ADVANCED_FACE('',(#3093),#3111,.F.);
#3093 = FACE_BOUND('',#3094,.F.);
#3094 = EDGE_LOOP('',(#3095,#3103,#3104,#3105));
#3095 = ORIENTED_EDGE('',*,*,#3096,.F.);
#3096 = EDGE_CURVE('',#1784,#3097,#3099,.T.);
#3097 = VERTEX_POINT('',#3098);
#3098 = CARTESIAN_POINT('',(0.32,-5.4,8.38));
#3099 = LINE('',#3100,#3101);
#3100 = CARTESIAN_POINT('',(0.32,-5.4,-3.));
#3101 = VECTOR('',#3102,1.);
#3102 = DIRECTION('',(0.,0.,1.));
#3103 = ORIENTED_EDGE('',*,*,#1791,.T.);
#3104 = ORIENTED_EDGE('',*,*,#3072,.T.);
#3105 = ORIENTED_EDGE('',*,*,#3106,.T.);
#3106 = EDGE_CURVE('',#3073,#3097,#3107,.T.);
#3107 = LINE('',#3108,#3109);
#3108 = CARTESIAN_POINT('',(-0.32,-5.4,8.38));
#3109 = VECTOR('',#3110,1.);
#3110 = DIRECTION('',(1.,0.,0.));
#3111 = PLANE('',#3112);
#3112 = AXIS2_PLACEMENT_3D('',#3113,#3114,#3115);
#3113 = CARTESIAN_POINT('',(-0.32,-5.4,-3.));
#3114 = DIRECTION('',(0.,1.,0.));
#3115 = DIRECTION('',(0.,-0.,1.));
#3116 = ADVANCED_FACE('',(#3117),#3128,.T.);
#3117 = FACE_BOUND('',#3118,.T.);
#3118 = EDGE_LOOP('',(#3119,#3120,#3121,#3122));
#3119 = ORIENTED_EDGE('',*,*,#3096,.F.);
#3120 = ORIENTED_EDGE('',*,*,#1783,.T.);
#3121 = ORIENTED_EDGE('',*,*,#3041,.T.);
#3122 = ORIENTED_EDGE('',*,*,#3123,.F.);
#3123 = EDGE_CURVE('',#3097,#3042,#3124,.T.);
#3124 = LINE('',#3125,#3126);
#3125 = CARTESIAN_POINT('',(0.32,-5.4,8.38));
#3126 = VECTOR('',#3127,1.);
#3127 = DIRECTION('',(0.,1.,0.));
#3128 = PLANE('',#3129);
#3129 = AXIS2_PLACEMENT_3D('',#3130,#3131,#3132);
#3130 = CARTESIAN_POINT('',(0.32,-5.4,-3.));
#3131 = DIRECTION('',(1.,0.,0.));
#3132 = DIRECTION('',(0.,0.,1.));
#3133 = ADVANCED_FACE('',(#3134),#3159,.T.);
#3134 = FACE_BOUND('',#3135,.T.);
#3135 = EDGE_LOOP('',(#3136,#3144,#3145,#3153));
#3136 = ORIENTED_EDGE('',*,*,#3137,.F.);
#3137 = EDGE_CURVE('',#1808,#3138,#3140,.T.);
#3138 = VERTEX_POINT('',#3139);
#3139 = CARTESIAN_POINT('',(0.32,-9.84,8.38));
#3140 = LINE('',#3141,#3142);
#3141 = CARTESIAN_POINT('',(0.32,-9.84,-3.));
#3142 = VECTOR('',#3143,1.);
#3143 = DIRECTION('',(0.,0.,1.));
#3144 = ORIENTED_EDGE('',*,*,#1807,.T.);
#3145 = ORIENTED_EDGE('',*,*,#3146,.T.);
#3146 = EDGE_CURVE('',#1810,#3147,#3149,.T.);
#3147 = VERTEX_POINT('',#3148);
#3148 = CARTESIAN_POINT('',(-0.32,-9.84,8.38));
#3149 = LINE('',#3150,#3151);
#3150 = CARTESIAN_POINT('',(-0.32,-9.84,-3.));
#3151 = VECTOR('',#3152,1.);
#3152 = DIRECTION('',(0.,0.,1.));
#3153 = ORIENTED_EDGE('',*,*,#3154,.T.);
#3154 = EDGE_CURVE('',#3147,#3138,#3155,.T.);
#3155 = LINE('',#3156,#3157);
#3156 = CARTESIAN_POINT('',(-0.32,-9.84,8.38));
#3157 = VECTOR('',#3158,1.);
#3158 = DIRECTION('',(1.,0.,0.));
#3159 = PLANE('',#3160);
#3160 = AXIS2_PLACEMENT_3D('',#3161,#3162,#3163);
#3161 = CARTESIAN_POINT('',(-0.32,-9.84,-3.));
#3162 = DIRECTION('',(0.,1.,0.));
#3163 = DIRECTION('',(0.,-0.,1.));
#3164 = ADVANCED_FACE('',(#3165),#3183,.F.);
#3165 = FACE_BOUND('',#3166,.F.);
#3166 = EDGE_LOOP('',(#3167,#3175,#3176,#3177));
#3167 = ORIENTED_EDGE('',*,*,#3168,.F.);
#3168 = EDGE_CURVE('',#1826,#3169,#3171,.T.);
#3169 = VERTEX_POINT('',#3170);
#3170 = CARTESIAN_POINT('',(-0.32,-10.48,8.38));
#3171 = LINE('',#3172,#3173);
#3172 = CARTESIAN_POINT('',(-0.32,-10.48,-3.));
#3173 = VECTOR('',#3174,1.);
#3174 = DIRECTION('',(0.,0.,1.));
#3175 = ORIENTED_EDGE('',*,*,#1833,.T.);
#3176 = ORIENTED_EDGE('',*,*,#3146,.T.);
#3177 = ORIENTED_EDGE('',*,*,#3178,.F.);
#3178 = EDGE_CURVE('',#3169,#3147,#3179,.T.);
#3179 = LINE('',#3180,#3181);
#3180 = CARTESIAN_POINT('',(-0.32,-10.48,8.38));
#3181 = VECTOR('',#3182,1.);
#3182 = DIRECTION('',(0.,1.,0.));
#3183 = PLANE('',#3184);
#3184 = AXIS2_PLACEMENT_3D('',#3185,#3186,#3187);
#3185 = CARTESIAN_POINT('',(-0.32,-10.48,-3.));
#3186 = DIRECTION('',(1.,0.,0.));
#3187 = DIRECTION('',(0.,0.,1.));
#3188 = ADVANCED_FACE('',(#3189),#3207,.F.);
#3189 = FACE_BOUND('',#3190,.F.);
#3190 = EDGE_LOOP('',(#3191,#3199,#3200,#3201));
#3191 = ORIENTED_EDGE('',*,*,#3192,.F.);
#3192 = EDGE_CURVE('',#1818,#3193,#3195,.T.);
#3193 = VERTEX_POINT('',#3194);
#3194 = CARTESIAN_POINT('',(0.32,-10.48,8.38));
#3195 = LINE('',#3196,#3197);
#3196 = CARTESIAN_POINT('',(0.32,-10.48,-3.));
#3197 = VECTOR('',#3198,1.);
#3198 = DIRECTION('',(0.,0.,1.));
#3199 = ORIENTED_EDGE('',*,*,#1825,.T.);
#3200 = ORIENTED_EDGE('',*,*,#3168,.T.);
#3201 = ORIENTED_EDGE('',*,*,#3202,.T.);
#3202 = EDGE_CURVE('',#3169,#3193,#3203,.T.);
#3203 = LINE('',#3204,#3205);
#3204 = CARTESIAN_POINT('',(-0.32,-10.48,8.38));
#3205 = VECTOR('',#3206,1.);
#3206 = DIRECTION('',(1.,0.,0.));
#3207 = PLANE('',#3208);
#3208 = AXIS2_PLACEMENT_3D('',#3209,#3210,#3211);
#3209 = CARTESIAN_POINT('',(-0.32,-10.48,-3.));
#3210 = DIRECTION('',(0.,1.,0.));
#3211 = DIRECTION('',(0.,-0.,1.));
#3212 = ADVANCED_FACE('',(#3213),#3224,.T.);
#3213 = FACE_BOUND('',#3214,.T.);
#3214 = EDGE_LOOP('',(#3215,#3216,#3217,#3218));
#3215 = ORIENTED_EDGE('',*,*,#3192,.F.);
#3216 = ORIENTED_EDGE('',*,*,#1817,.T.);
#3217 = ORIENTED_EDGE('',*,*,#3137,.T.);
#3218 = ORIENTED_EDGE('',*,*,#3219,.F.);
#3219 = EDGE_CURVE('',#3193,#3138,#3220,.T.);
#3220 = LINE('',#3221,#3222);
#3221 = CARTESIAN_POINT('',(0.32,-10.48,8.38));
#3222 = VECTOR('',#3223,1.);
#3223 = DIRECTION('',(0.,1.,0.));
#3224 = PLANE('',#3225);
#3225 = AXIS2_PLACEMENT_3D('',#3226,#3227,#3228);
#3226 = CARTESIAN_POINT('',(0.32,-10.48,-3.));
#3227 = DIRECTION('',(1.,0.,0.));
#3228 = DIRECTION('',(0.,0.,1.));
#3229 = ADVANCED_FACE('',(#3230),#3255,.F.);
#3230 = FACE_BOUND('',#3231,.F.);
#3231 = EDGE_LOOP('',(#3232,#3240,#3241,#3249));
#3232 = ORIENTED_EDGE('',*,*,#3233,.F.);
#3233 = EDGE_CURVE('',#1842,#3234,#3236,.T.);
#3234 = VERTEX_POINT('',#3235);
#3235 = CARTESIAN_POINT('',(0.32,-7.94,8.38));
#3236 = LINE('',#3237,#3238);
#3237 = CARTESIAN_POINT('',(0.32,-7.94,-3.));
#3238 = VECTOR('',#3239,1.);
#3239 = DIRECTION('',(0.,0.,1.));
#3240 = ORIENTED_EDGE('',*,*,#1841,.T.);
#3241 = ORIENTED_EDGE('',*,*,#3242,.T.);
#3242 = EDGE_CURVE('',#1844,#3243,#3245,.T.);
#3243 = VERTEX_POINT('',#3244);
#3244 = CARTESIAN_POINT('',(-0.32,-7.94,8.38));
#3245 = LINE('',#3246,#3247);
#3246 = CARTESIAN_POINT('',(-0.32,-7.94,-3.));
#3247 = VECTOR('',#3248,1.);
#3248 = DIRECTION('',(0.,0.,1.));
#3249 = ORIENTED_EDGE('',*,*,#3250,.T.);
#3250 = EDGE_CURVE('',#3243,#3234,#3251,.T.);
#3251 = LINE('',#3252,#3253);
#3252 = CARTESIAN_POINT('',(-0.32,-7.94,8.38));
#3253 = VECTOR('',#3254,1.);
#3254 = DIRECTION('',(1.,0.,0.));
#3255 = PLANE('',#3256);
#3256 = AXIS2_PLACEMENT_3D('',#3257,#3258,#3259);
#3257 = CARTESIAN_POINT('',(-0.32,-7.94,-3.));
#3258 = DIRECTION('',(0.,1.,0.));
#3259 = DIRECTION('',(0.,-0.,1.));
#3260 = ADVANCED_FACE('',(#3261),#3279,.T.);
#3261 = FACE_BOUND('',#3262,.T.);
#3262 = EDGE_LOOP('',(#3263,#3264,#3265,#3273));
#3263 = ORIENTED_EDGE('',*,*,#3233,.F.);
#3264 = ORIENTED_EDGE('',*,*,#1867,.T.);
#3265 = ORIENTED_EDGE('',*,*,#3266,.T.);
#3266 = EDGE_CURVE('',#1860,#3267,#3269,.T.);
#3267 = VERTEX_POINT('',#3268);
#3268 = CARTESIAN_POINT('',(0.32,-7.3,8.38));
#3269 = LINE('',#3270,#3271);
#3270 = CARTESIAN_POINT('',(0.32,-7.3,-3.));
#3271 = VECTOR('',#3272,1.);
#3272 = DIRECTION('',(0.,0.,1.));
#3273 = ORIENTED_EDGE('',*,*,#3274,.F.);
#3274 = EDGE_CURVE('',#3234,#3267,#3275,.T.);
#3275 = LINE('',#3276,#3277);
#3276 = CARTESIAN_POINT('',(0.32,-7.94,8.38));
#3277 = VECTOR('',#3278,1.);
#3278 = DIRECTION('',(0.,1.,0.));
#3279 = PLANE('',#3280);
#3280 = AXIS2_PLACEMENT_3D('',#3281,#3282,#3283);
#3281 = CARTESIAN_POINT('',(0.32,-7.94,-3.));
#3282 = DIRECTION('',(1.,0.,0.));
#3283 = DIRECTION('',(0.,0.,1.));
#3284 = ADVANCED_FACE('',(#3285),#3303,.T.);
#3285 = FACE_BOUND('',#3286,.T.);
#3286 = EDGE_LOOP('',(#3287,#3288,#3289,#3297));
#3287 = ORIENTED_EDGE('',*,*,#3266,.F.);
#3288 = ORIENTED_EDGE('',*,*,#1859,.T.);
#3289 = ORIENTED_EDGE('',*,*,#3290,.T.);
#3290 = EDGE_CURVE('',#1852,#3291,#3293,.T.);
#3291 = VERTEX_POINT('',#3292);
#3292 = CARTESIAN_POINT('',(-0.32,-7.3,8.38));
#3293 = LINE('',#3294,#3295);
#3294 = CARTESIAN_POINT('',(-0.32,-7.3,-3.));
#3295 = VECTOR('',#3296,1.);
#3296 = DIRECTION('',(0.,0.,1.));
#3297 = ORIENTED_EDGE('',*,*,#3298,.T.);
#3298 = EDGE_CURVE('',#3291,#3267,#3299,.T.);
#3299 = LINE('',#3300,#3301);
#3300 = CARTESIAN_POINT('',(-0.32,-7.3,8.38));
#3301 = VECTOR('',#3302,1.);
#3302 = DIRECTION('',(1.,0.,0.));
#3303 = PLANE('',#3304);
#3304 = AXIS2_PLACEMENT_3D('',#3305,#3306,#3307);
#3305 = CARTESIAN_POINT('',(-0.32,-7.3,-3.));
#3306 = DIRECTION('',(0.,1.,0.));
#3307 = DIRECTION('',(0.,-0.,1.));
#3308 = ADVANCED_FACE('',(#3309),#3320,.F.);
#3309 = FACE_BOUND('',#3310,.F.);
#3310 = EDGE_LOOP('',(#3311,#3312,#3313,#3314));
#3311 = ORIENTED_EDGE('',*,*,#3242,.F.);
#3312 = ORIENTED_EDGE('',*,*,#1851,.T.);
#3313 = ORIENTED_EDGE('',*,*,#3290,.T.);
#3314 = ORIENTED_EDGE('',*,*,#3315,.F.);
#3315 = EDGE_CURVE('',#3243,#3291,#3316,.T.);
#3316 = LINE('',#3317,#3318);
#3317 = CARTESIAN_POINT('',(-0.32,-7.94,8.38));
#3318 = VECTOR('',#3319,1.);
#3319 = DIRECTION('',(0.,1.,0.));
#3320 = PLANE('',#3321);
#3321 = AXIS2_PLACEMENT_3D('',#3322,#3323,#3324);
#3322 = CARTESIAN_POINT('',(-0.32,-7.94,-3.));
#3323 = DIRECTION('',(1.,0.,0.));
#3324 = DIRECTION('',(0.,0.,1.));
#3325 = ADVANCED_FACE('',(#3326),#3351,.F.);
#3326 = FACE_BOUND('',#3327,.F.);
#3327 = EDGE_LOOP('',(#3328,#3336,#3337,#3345));
#3328 = ORIENTED_EDGE('',*,*,#3329,.F.);
#3329 = EDGE_CURVE('',#2370,#3330,#3332,.T.);
#3330 = VERTEX_POINT('',#3331);
#3331 = CARTESIAN_POINT('',(0.16,-0.16,-3.));
#3332 = LINE('',#3333,#3334);
#3333 = CARTESIAN_POINT('',(0.16,-0.16,-3.));
#3334 = VECTOR('',#3335,1.);
#3335 = DIRECTION('',(-0.57735026919,0.57735026919,-0.57735026919));
#3336 = ORIENTED_EDGE('',*,*,#2377,.T.);
#3337 = ORIENTED_EDGE('',*,*,#3338,.T.);
#3338 = EDGE_CURVE('',#2378,#3339,#3341,.T.);
#3339 = VERTEX_POINT('',#3340);
#3340 = CARTESIAN_POINT('',(0.16,0.16,-3.));
#3341 = LINE('',#3342,#3343);
#3342 = CARTESIAN_POINT('',(5.333333333333E-02,5.333333333333E-02,
    -3.106666666667));
#3343 = VECTOR('',#3344,1.);
#3344 = DIRECTION('',(-0.57735026919,-0.57735026919,-0.57735026919));
#3345 = ORIENTED_EDGE('',*,*,#3346,.F.);
#3346 = EDGE_CURVE('',#3330,#3339,#3347,.T.);
#3347 = LINE('',#3348,#3349);
#3348 = CARTESIAN_POINT('',(0.16,-0.32,-3.));
#3349 = VECTOR('',#3350,1.);
#3350 = DIRECTION('',(0.,1.,0.));
#3351 = PLANE('',#3352);
#3352 = AXIS2_PLACEMENT_3D('',#3353,#3354,#3355);
#3353 = CARTESIAN_POINT('',(0.24,-0.32,-2.92));
#3354 = DIRECTION('',(-0.707106781187,1.735167508357E-18,0.707106781187)
  );
#3355 = DIRECTION('',(1.226948711654E-18,1.,-1.226948711654E-18));
#3356 = ADVANCED_FACE('',(#3357),#3375,.F.);
#3357 = FACE_BOUND('',#3358,.T.);
#3358 = EDGE_LOOP('',(#3359,#3367,#3368,#3369));
#3359 = ORIENTED_EDGE('',*,*,#3360,.F.);
#3360 = EDGE_CURVE('',#2402,#3361,#3363,.T.);
#3361 = VERTEX_POINT('',#3362);
#3362 = CARTESIAN_POINT('',(-0.16,0.16,-3.));
#3363 = LINE('',#3364,#3365);
#3364 = CARTESIAN_POINT('',(-0.16,0.16,-3.));
#3365 = VECTOR('',#3366,1.);
#3366 = DIRECTION('',(0.57735026919,-0.57735026919,-0.57735026919));
#3367 = ORIENTED_EDGE('',*,*,#2401,.T.);
#3368 = ORIENTED_EDGE('',*,*,#3338,.T.);
#3369 = ORIENTED_EDGE('',*,*,#3370,.F.);
#3370 = EDGE_CURVE('',#3361,#3339,#3371,.T.);
#3371 = LINE('',#3372,#3373);
#3372 = CARTESIAN_POINT('',(-0.32,0.16,-3.));
#3373 = VECTOR('',#3374,1.);
#3374 = DIRECTION('',(1.,0.,0.));
#3375 = PLANE('',#3376);
#3376 = AXIS2_PLACEMENT_3D('',#3377,#3378,#3379);
#3377 = CARTESIAN_POINT('',(-0.32,0.24,-2.92));
#3378 = DIRECTION('',(-1.735167508357E-18,-0.707106781187,0.707106781187
    ));
#3379 = DIRECTION('',(-1.,1.226948711654E-18,-1.226948711654E-18));
#3380 = ADVANCED_FACE('',(#3381),#3399,.T.);
#3381 = FACE_BOUND('',#3382,.T.);
#3382 = EDGE_LOOP('',(#3383,#3391,#3392,#3393));
#3383 = ORIENTED_EDGE('',*,*,#3384,.F.);
#3384 = EDGE_CURVE('',#2425,#3385,#3387,.T.);
#3385 = VERTEX_POINT('',#3386);
#3386 = CARTESIAN_POINT('',(-0.16,-0.16,-3.));
#3387 = LINE('',#3388,#3389);
#3388 = CARTESIAN_POINT('',(-0.266666666667,-0.266666666667,
    -2.893333333333));
#3389 = VECTOR('',#3390,1.);
#3390 = DIRECTION('',(0.57735026919,0.57735026919,-0.57735026919));
#3391 = ORIENTED_EDGE('',*,*,#2432,.T.);
#3392 = ORIENTED_EDGE('',*,*,#3360,.T.);
#3393 = ORIENTED_EDGE('',*,*,#3394,.F.);
#3394 = EDGE_CURVE('',#3385,#3361,#3395,.T.);
#3395 = LINE('',#3396,#3397);
#3396 = CARTESIAN_POINT('',(-0.16,-0.32,-3.));
#3397 = VECTOR('',#3398,1.);
#3398 = DIRECTION('',(0.,1.,0.));
#3399 = PLANE('',#3400);
#3400 = AXIS2_PLACEMENT_3D('',#3401,#3402,#3403);
#3401 = CARTESIAN_POINT('',(-0.24,-0.32,-2.92));
#3402 = DIRECTION('',(-0.707106781187,-1.735167508357E-18,
    -0.707106781187));
#3403 = DIRECTION('',(-1.226948711654E-18,1.,-1.226948711654E-18));
#3404 = ADVANCED_FACE('',(#3405),#3416,.T.);
#3405 = FACE_BOUND('',#3406,.F.);
#3406 = EDGE_LOOP('',(#3407,#3408,#3409,#3410));
#3407 = ORIENTED_EDGE('',*,*,#3384,.F.);
#3408 = ORIENTED_EDGE('',*,*,#2449,.T.);
#3409 = ORIENTED_EDGE('',*,*,#3329,.T.);
#3410 = ORIENTED_EDGE('',*,*,#3411,.F.);
#3411 = EDGE_CURVE('',#3385,#3330,#3412,.T.);
#3412 = LINE('',#3413,#3414);
#3413 = CARTESIAN_POINT('',(-0.32,-0.16,-3.));
#3414 = VECTOR('',#3415,1.);
#3415 = DIRECTION('',(1.,0.,0.));
#3416 = PLANE('',#3417);
#3417 = AXIS2_PLACEMENT_3D('',#3418,#3419,#3420);
#3418 = CARTESIAN_POINT('',(-0.32,-0.24,-2.92));
#3419 = DIRECTION('',(1.735167508357E-18,-0.707106781187,-0.707106781187
    ));
#3420 = DIRECTION('',(-1.,-1.226948711654E-18,-1.226948711654E-18));
#3421 = ADVANCED_FACE('',(#3422),#3447,.F.);
#3422 = FACE_BOUND('',#3423,.T.);
#3423 = EDGE_LOOP('',(#3424,#3432,#3433,#3441));
#3424 = ORIENTED_EDGE('',*,*,#3425,.F.);
#3425 = EDGE_CURVE('',#2474,#3426,#3428,.T.);
#3426 = VERTEX_POINT('',#3427);
#3427 = CARTESIAN_POINT('',(-0.16,-2.38,-3.));
#3428 = LINE('',#3429,#3430);
#3429 = CARTESIAN_POINT('',(-0.16,-2.38,-3.));
#3430 = VECTOR('',#3431,1.);
#3431 = DIRECTION('',(0.57735026919,-0.57735026919,-0.57735026919));
#3432 = ORIENTED_EDGE('',*,*,#2473,.T.);
#3433 = ORIENTED_EDGE('',*,*,#3434,.T.);
#3434 = EDGE_CURVE('',#2466,#3435,#3437,.T.);
#3435 = VERTEX_POINT('',#3436);
#3436 = CARTESIAN_POINT('',(0.16,-2.38,-3.));
#3437 = LINE('',#3438,#3439);
#3438 = CARTESIAN_POINT('',(5.333333333333E-02,-2.486666666667,
    -3.106666666667));
#3439 = VECTOR('',#3440,1.);
#3440 = DIRECTION('',(-0.57735026919,-0.57735026919,-0.57735026919));
#3441 = ORIENTED_EDGE('',*,*,#3442,.F.);
#3442 = EDGE_CURVE('',#3426,#3435,#3443,.T.);
#3443 = LINE('',#3444,#3445);
#3444 = CARTESIAN_POINT('',(-0.32,-2.38,-3.));
#3445 = VECTOR('',#3446,1.);
#3446 = DIRECTION('',(1.,0.,0.));
#3447 = PLANE('',#3448);
#3448 = AXIS2_PLACEMENT_3D('',#3449,#3450,#3451);
#3449 = CARTESIAN_POINT('',(-0.32,-2.3,-2.92));
#3450 = DIRECTION('',(-1.735167508357E-18,-0.707106781187,0.707106781187
    ));
#3451 = DIRECTION('',(-1.,1.226948711654E-18,-1.226948711654E-18));
#3452 = ADVANCED_FACE('',(#3453),#3471,.T.);
#3453 = FACE_BOUND('',#3454,.T.);
#3454 = EDGE_LOOP('',(#3455,#3463,#3464,#3465));
#3455 = ORIENTED_EDGE('',*,*,#3456,.F.);
#3456 = EDGE_CURVE('',#2497,#3457,#3459,.T.);
#3457 = VERTEX_POINT('',#3458);
#3458 = CARTESIAN_POINT('',(-0.16,-2.7,-3.));
#3459 = LINE('',#3460,#3461);
#3460 = CARTESIAN_POINT('',(-0.266666666667,-2.806666666667,
    -2.893333333333));
#3461 = VECTOR('',#3462,1.);
#3462 = DIRECTION('',(0.57735026919,0.57735026919,-0.57735026919));
#3463 = ORIENTED_EDGE('',*,*,#2504,.T.);
#3464 = ORIENTED_EDGE('',*,*,#3425,.T.);
#3465 = ORIENTED_EDGE('',*,*,#3466,.F.);
#3466 = EDGE_CURVE('',#3457,#3426,#3467,.T.);
#3467 = LINE('',#3468,#3469);
#3468 = CARTESIAN_POINT('',(-0.16,-2.86,-3.));
#3469 = VECTOR('',#3470,1.);
#3470 = DIRECTION('',(0.,1.,0.));
#3471 = PLANE('',#3472);
#3472 = AXIS2_PLACEMENT_3D('',#3473,#3474,#3475);
#3473 = CARTESIAN_POINT('',(-0.24,-2.86,-2.92));
#3474 = DIRECTION('',(-0.707106781187,-1.735167508357E-18,
    -0.707106781187));
#3475 = DIRECTION('',(-1.226948711654E-18,1.,-1.226948711654E-18));
#3476 = ADVANCED_FACE('',(#3477),#3495,.T.);
#3477 = FACE_BOUND('',#3478,.F.);
#3478 = EDGE_LOOP('',(#3479,#3480,#3481,#3489));
#3479 = ORIENTED_EDGE('',*,*,#3456,.F.);
#3480 = ORIENTED_EDGE('',*,*,#2528,.T.);
#3481 = ORIENTED_EDGE('',*,*,#3482,.T.);
#3482 = EDGE_CURVE('',#2521,#3483,#3485,.T.);
#3483 = VERTEX_POINT('',#3484);
#3484 = CARTESIAN_POINT('',(0.16,-2.7,-3.));
#3485 = LINE('',#3486,#3487);
#3486 = CARTESIAN_POINT('',(0.16,-2.7,-3.));
#3487 = VECTOR('',#3488,1.);
#3488 = DIRECTION('',(-0.57735026919,0.57735026919,-0.57735026919));
#3489 = ORIENTED_EDGE('',*,*,#3490,.F.);
#3490 = EDGE_CURVE('',#3457,#3483,#3491,.T.);
#3491 = LINE('',#3492,#3493);
#3492 = CARTESIAN_POINT('',(-0.32,-2.7,-3.));
#3493 = VECTOR('',#3494,1.);
#3494 = DIRECTION('',(1.,0.,0.));
#3495 = PLANE('',#3496);
#3496 = AXIS2_PLACEMENT_3D('',#3497,#3498,#3499);
#3497 = CARTESIAN_POINT('',(-0.32,-2.78,-2.92));
#3498 = DIRECTION('',(1.735167508357E-18,-0.707106781187,-0.707106781187
    ));
#3499 = DIRECTION('',(-1.,-1.226948711654E-18,-1.226948711654E-18));
#3500 = ADVANCED_FACE('',(#3501),#3512,.F.);
#3501 = FACE_BOUND('',#3502,.F.);
#3502 = EDGE_LOOP('',(#3503,#3504,#3505,#3506));
#3503 = ORIENTED_EDGE('',*,*,#3482,.F.);
#3504 = ORIENTED_EDGE('',*,*,#2545,.T.);
#3505 = ORIENTED_EDGE('',*,*,#3434,.T.);
#3506 = ORIENTED_EDGE('',*,*,#3507,.F.);
#3507 = EDGE_CURVE('',#3483,#3435,#3508,.T.);
#3508 = LINE('',#3509,#3510);
#3509 = CARTESIAN_POINT('',(0.16,-2.86,-3.));
#3510 = VECTOR('',#3511,1.);
#3511 = DIRECTION('',(0.,1.,0.));
#3512 = PLANE('',#3513);
#3513 = AXIS2_PLACEMENT_3D('',#3514,#3515,#3516);
#3514 = CARTESIAN_POINT('',(0.24,-2.86,-2.92));
#3515 = DIRECTION('',(-0.707106781187,1.735167508357E-18,0.707106781187)
  );
#3516 = DIRECTION('',(1.226948711654E-18,1.,-1.226948711654E-18));
#3517 = ADVANCED_FACE('',(#3518),#3543,.F.);
#3518 = FACE_BOUND('',#3519,.T.);
#3519 = EDGE_LOOP('',(#3520,#3528,#3529,#3537));
#3520 = ORIENTED_EDGE('',*,*,#3521,.F.);
#3521 = EDGE_CURVE('',#2570,#3522,#3524,.T.);
#3522 = VERTEX_POINT('',#3523);
#3523 = CARTESIAN_POINT('',(-0.16,-4.92,-3.));
#3524 = LINE('',#3525,#3526);
#3525 = CARTESIAN_POINT('',(-0.16,-4.92,-3.));
#3526 = VECTOR('',#3527,1.);
#3527 = DIRECTION('',(0.57735026919,-0.57735026919,-0.57735026919));
#3528 = ORIENTED_EDGE('',*,*,#2569,.T.);
#3529 = ORIENTED_EDGE('',*,*,#3530,.T.);
#3530 = EDGE_CURVE('',#2562,#3531,#3533,.T.);
#3531 = VERTEX_POINT('',#3532);
#3532 = CARTESIAN_POINT('',(0.16,-4.92,-3.));
#3533 = LINE('',#3534,#3535);
#3534 = CARTESIAN_POINT('',(5.333333333333E-02,-5.026666666667,
    -3.106666666667));
#3535 = VECTOR('',#3536,1.);
#3536 = DIRECTION('',(-0.57735026919,-0.57735026919,-0.57735026919));
#3537 = ORIENTED_EDGE('',*,*,#3538,.F.);
#3538 = EDGE_CURVE('',#3522,#3531,#3539,.T.);
#3539 = LINE('',#3540,#3541);
#3540 = CARTESIAN_POINT('',(-0.32,-4.92,-3.));
#3541 = VECTOR('',#3542,1.);
#3542 = DIRECTION('',(1.,0.,0.));
#3543 = PLANE('',#3544);
#3544 = AXIS2_PLACEMENT_3D('',#3545,#3546,#3547);
#3545 = CARTESIAN_POINT('',(-0.32,-4.84,-2.92));
#3546 = DIRECTION('',(-1.735167508357E-18,-0.707106781187,0.707106781187
    ));
#3547 = DIRECTION('',(-1.,1.226948711654E-18,-1.226948711654E-18));
#3548 = ADVANCED_FACE('',(#3549),#3567,.T.);
#3549 = FACE_BOUND('',#3550,.T.);
#3550 = EDGE_LOOP('',(#3551,#3559,#3560,#3561));
#3551 = ORIENTED_EDGE('',*,*,#3552,.F.);
#3552 = EDGE_CURVE('',#2593,#3553,#3555,.T.);
#3553 = VERTEX_POINT('',#3554);
#3554 = CARTESIAN_POINT('',(-0.16,-5.24,-3.));
#3555 = LINE('',#3556,#3557);
#3556 = CARTESIAN_POINT('',(-0.266666666667,-5.346666666667,
    -2.893333333333));
#3557 = VECTOR('',#3558,1.);
#3558 = DIRECTION('',(0.57735026919,0.57735026919,-0.57735026919));
#3559 = ORIENTED_EDGE('',*,*,#2600,.T.);
#3560 = ORIENTED_EDGE('',*,*,#3521,.T.);
#3561 = ORIENTED_EDGE('',*,*,#3562,.F.);
#3562 = EDGE_CURVE('',#3553,#3522,#3563,.T.);
#3563 = LINE('',#3564,#3565);
#3564 = CARTESIAN_POINT('',(-0.16,-5.4,-3.));
#3565 = VECTOR('',#3566,1.);
#3566 = DIRECTION('',(0.,1.,0.));
#3567 = PLANE('',#3568);
#3568 = AXIS2_PLACEMENT_3D('',#3569,#3570,#3571);
#3569 = CARTESIAN_POINT('',(-0.24,-5.4,-2.92));
#3570 = DIRECTION('',(-0.707106781187,-1.735167508357E-18,
    -0.707106781187));
#3571 = DIRECTION('',(-1.226948711654E-18,1.,-1.226948711654E-18));
#3572 = ADVANCED_FACE('',(#3573),#3591,.T.);
#3573 = FACE_BOUND('',#3574,.F.);
#3574 = EDGE_LOOP('',(#3575,#3576,#3577,#3585));
#3575 = ORIENTED_EDGE('',*,*,#3552,.F.);
#3576 = ORIENTED_EDGE('',*,*,#2624,.T.);
#3577 = ORIENTED_EDGE('',*,*,#3578,.T.);
#3578 = EDGE_CURVE('',#2617,#3579,#3581,.T.);
#3579 = VERTEX_POINT('',#3580);
#3580 = CARTESIAN_POINT('',(0.16,-5.24,-3.));
#3581 = LINE('',#3582,#3583);
#3582 = CARTESIAN_POINT('',(0.16,-5.24,-3.));
#3583 = VECTOR('',#3584,1.);
#3584 = DIRECTION('',(-0.57735026919,0.57735026919,-0.57735026919));
#3585 = ORIENTED_EDGE('',*,*,#3586,.F.);
#3586 = EDGE_CURVE('',#3553,#3579,#3587,.T.);
#3587 = LINE('',#3588,#3589);
#3588 = CARTESIAN_POINT('',(-0.32,-5.24,-3.));
#3589 = VECTOR('',#3590,1.);
#3590 = DIRECTION('',(1.,0.,0.));
#3591 = PLANE('',#3592);
#3592 = AXIS2_PLACEMENT_3D('',#3593,#3594,#3595);
#3593 = CARTESIAN_POINT('',(-0.32,-5.32,-2.92));
#3594 = DIRECTION('',(1.735167508357E-18,-0.707106781187,-0.707106781187
    ));
#3595 = DIRECTION('',(-1.,-1.226948711654E-18,-1.226948711654E-18));
#3596 = ADVANCED_FACE('',(#3597),#3608,.F.);
#3597 = FACE_BOUND('',#3598,.F.);
#3598 = EDGE_LOOP('',(#3599,#3600,#3601,#3602));
#3599 = ORIENTED_EDGE('',*,*,#3578,.F.);
#3600 = ORIENTED_EDGE('',*,*,#2641,.T.);
#3601 = ORIENTED_EDGE('',*,*,#3530,.T.);
#3602 = ORIENTED_EDGE('',*,*,#3603,.F.);
#3603 = EDGE_CURVE('',#3579,#3531,#3604,.T.);
#3604 = LINE('',#3605,#3606);
#3605 = CARTESIAN_POINT('',(0.16,-5.4,-3.));
#3606 = VECTOR('',#3607,1.);
#3607 = DIRECTION('',(0.,1.,0.));
#3608 = PLANE('',#3609);
#3609 = AXIS2_PLACEMENT_3D('',#3610,#3611,#3612);
#3610 = CARTESIAN_POINT('',(0.24,-5.4,-2.92));
#3611 = DIRECTION('',(-0.707106781187,1.735167508357E-18,0.707106781187)
  );
#3612 = DIRECTION('',(1.226948711654E-18,1.,-1.226948711654E-18));
#3613 = ADVANCED_FACE('',(#3614),#3639,.F.);
#3614 = FACE_BOUND('',#3615,.T.);
#3615 = EDGE_LOOP('',(#3616,#3624,#3625,#3633));
#3616 = ORIENTED_EDGE('',*,*,#3617,.F.);
#3617 = EDGE_CURVE('',#2666,#3618,#3620,.T.);
#3618 = VERTEX_POINT('',#3619);
#3619 = CARTESIAN_POINT('',(-0.16,-10.,-3.));
#3620 = LINE('',#3621,#3622);
#3621 = CARTESIAN_POINT('',(-0.16,-10.,-3.));
#3622 = VECTOR('',#3623,1.);
#3623 = DIRECTION('',(0.57735026919,-0.57735026919,-0.57735026919));
#3624 = ORIENTED_EDGE('',*,*,#2665,.T.);
#3625 = ORIENTED_EDGE('',*,*,#3626,.T.);
#3626 = EDGE_CURVE('',#2658,#3627,#3629,.T.);
#3627 = VERTEX_POINT('',#3628);
#3628 = CARTESIAN_POINT('',(0.16,-10.,-3.));
#3629 = LINE('',#3630,#3631);
#3630 = CARTESIAN_POINT('',(5.333333333333E-02,-10.10666666666,
    -3.106666666667));
#3631 = VECTOR('',#3632,1.);
#3632 = DIRECTION('',(-0.57735026919,-0.57735026919,-0.57735026919));
#3633 = ORIENTED_EDGE('',*,*,#3634,.F.);
#3634 = EDGE_CURVE('',#3618,#3627,#3635,.T.);
#3635 = LINE('',#3636,#3637);
#3636 = CARTESIAN_POINT('',(-0.32,-10.,-3.));
#3637 = VECTOR('',#3638,1.);
#3638 = DIRECTION('',(1.,0.,0.));
#3639 = PLANE('',#3640);
#3640 = AXIS2_PLACEMENT_3D('',#3641,#3642,#3643);
#3641 = CARTESIAN_POINT('',(-0.32,-9.92,-2.92));
#3642 = DIRECTION('',(-1.735167508357E-18,-0.707106781187,0.707106781187
    ));
#3643 = DIRECTION('',(-1.,1.226948711654E-18,-1.226948711654E-18));
#3644 = ADVANCED_FACE('',(#3645),#3663,.T.);
#3645 = FACE_BOUND('',#3646,.T.);
#3646 = EDGE_LOOP('',(#3647,#3655,#3656,#3657));
#3647 = ORIENTED_EDGE('',*,*,#3648,.F.);
#3648 = EDGE_CURVE('',#2689,#3649,#3651,.T.);
#3649 = VERTEX_POINT('',#3650);
#3650 = CARTESIAN_POINT('',(-0.16,-10.32,-3.));
#3651 = LINE('',#3652,#3653);
#3652 = CARTESIAN_POINT('',(-0.266666666667,-10.42666666666,
    -2.893333333333));
#3653 = VECTOR('',#3654,1.);
#3654 = DIRECTION('',(0.57735026919,0.57735026919,-0.57735026919));
#3655 = ORIENTED_EDGE('',*,*,#2696,.T.);
#3656 = ORIENTED_EDGE('',*,*,#3617,.T.);
#3657 = ORIENTED_EDGE('',*,*,#3658,.F.);
#3658 = EDGE_CURVE('',#3649,#3618,#3659,.T.);
#3659 = LINE('',#3660,#3661);
#3660 = CARTESIAN_POINT('',(-0.16,-10.48,-3.));
#3661 = VECTOR('',#3662,1.);
#3662 = DIRECTION('',(0.,1.,0.));
#3663 = PLANE('',#3664);
#3664 = AXIS2_PLACEMENT_3D('',#3665,#3666,#3667);
#3665 = CARTESIAN_POINT('',(-0.24,-10.48,-2.92));
#3666 = DIRECTION('',(-0.707106781187,-1.735167508357E-18,
    -0.707106781187));
#3667 = DIRECTION('',(-1.226948711654E-18,1.,-1.226948711654E-18));
#3668 = ADVANCED_FACE('',(#3669),#3687,.T.);
#3669 = FACE_BOUND('',#3670,.F.);
#3670 = EDGE_LOOP('',(#3671,#3672,#3673,#3681));
#3671 = ORIENTED_EDGE('',*,*,#3648,.F.);
#3672 = ORIENTED_EDGE('',*,*,#2720,.T.);
#3673 = ORIENTED_EDGE('',*,*,#3674,.T.);
#3674 = EDGE_CURVE('',#2713,#3675,#3677,.T.);
#3675 = VERTEX_POINT('',#3676);
#3676 = CARTESIAN_POINT('',(0.16,-10.32,-3.));
#3677 = LINE('',#3678,#3679);
#3678 = CARTESIAN_POINT('',(0.16,-10.32,-3.));
#3679 = VECTOR('',#3680,1.);
#3680 = DIRECTION('',(-0.57735026919,0.57735026919,-0.57735026919));
#3681 = ORIENTED_EDGE('',*,*,#3682,.F.);
#3682 = EDGE_CURVE('',#3649,#3675,#3683,.T.);
#3683 = LINE('',#3684,#3685);
#3684 = CARTESIAN_POINT('',(-0.32,-10.32,-3.));
#3685 = VECTOR('',#3686,1.);
#3686 = DIRECTION('',(1.,0.,0.));
#3687 = PLANE('',#3688);
#3688 = AXIS2_PLACEMENT_3D('',#3689,#3690,#3691);
#3689 = CARTESIAN_POINT('',(-0.32,-10.4,-2.92));
#3690 = DIRECTION('',(1.735167508357E-18,-0.707106781187,-0.707106781187
    ));
#3691 = DIRECTION('',(-1.,-1.226948711654E-18,-1.226948711654E-18));
#3692 = ADVANCED_FACE('',(#3693),#3704,.F.);
#3693 = FACE_BOUND('',#3694,.F.);
#3694 = EDGE_LOOP('',(#3695,#3696,#3697,#3698));
#3695 = ORIENTED_EDGE('',*,*,#3674,.F.);
#3696 = ORIENTED_EDGE('',*,*,#2737,.T.);
#3697 = ORIENTED_EDGE('',*,*,#3626,.T.);
#3698 = ORIENTED_EDGE('',*,*,#3699,.F.);
#3699 = EDGE_CURVE('',#3675,#3627,#3700,.T.);
#3700 = LINE('',#3701,#3702);
#3701 = CARTESIAN_POINT('',(0.16,-10.48,-3.));
#3702 = VECTOR('',#3703,1.);
#3703 = DIRECTION('',(0.,1.,0.));
#3704 = PLANE('',#3705);
#3705 = AXIS2_PLACEMENT_3D('',#3706,#3707,#3708);
#3706 = CARTESIAN_POINT('',(0.24,-10.48,-2.92));
#3707 = DIRECTION('',(-0.707106781187,1.735167508357E-18,0.707106781187)
  );
#3708 = DIRECTION('',(1.226948711654E-18,1.,-1.226948711654E-18));
#3709 = ADVANCED_FACE('',(#3710),#3735,.T.);
#3710 = FACE_BOUND('',#3711,.F.);
#3711 = EDGE_LOOP('',(#3712,#3720,#3721,#3729));
#3712 = ORIENTED_EDGE('',*,*,#3713,.F.);
#3713 = EDGE_CURVE('',#2762,#3714,#3716,.T.);
#3714 = VERTEX_POINT('',#3715);
#3715 = CARTESIAN_POINT('',(-0.16,-7.78,-3.));
#3716 = LINE('',#3717,#3718);
#3717 = CARTESIAN_POINT('',(-0.266666666667,-7.886666666667,
    -2.893333333333));
#3718 = VECTOR('',#3719,1.);
#3719 = DIRECTION('',(0.57735026919,0.57735026919,-0.57735026919));
#3720 = ORIENTED_EDGE('',*,*,#2761,.T.);
#3721 = ORIENTED_EDGE('',*,*,#3722,.T.);
#3722 = EDGE_CURVE('',#2754,#3723,#3725,.T.);
#3723 = VERTEX_POINT('',#3724);
#3724 = CARTESIAN_POINT('',(0.16,-7.78,-3.));
#3725 = LINE('',#3726,#3727);
#3726 = CARTESIAN_POINT('',(0.16,-7.78,-3.));
#3727 = VECTOR('',#3728,1.);
#3728 = DIRECTION('',(-0.57735026919,0.57735026919,-0.57735026919));
#3729 = ORIENTED_EDGE('',*,*,#3730,.F.);
#3730 = EDGE_CURVE('',#3714,#3723,#3731,.T.);
#3731 = LINE('',#3732,#3733);
#3732 = CARTESIAN_POINT('',(-0.32,-7.78,-3.));
#3733 = VECTOR('',#3734,1.);
#3734 = DIRECTION('',(1.,0.,0.));
#3735 = PLANE('',#3736);
#3736 = AXIS2_PLACEMENT_3D('',#3737,#3738,#3739);
#3737 = CARTESIAN_POINT('',(-0.32,-7.86,-2.92));
#3738 = DIRECTION('',(1.735167508357E-18,-0.707106781187,-0.707106781187
    ));
#3739 = DIRECTION('',(-1.,-1.226948711654E-18,-1.226948711654E-18));
#3740 = ADVANCED_FACE('',(#3741),#3759,.F.);
#3741 = FACE_BOUND('',#3742,.F.);
#3742 = EDGE_LOOP('',(#3743,#3744,#3745,#3753));
#3743 = ORIENTED_EDGE('',*,*,#3722,.F.);
#3744 = ORIENTED_EDGE('',*,*,#2785,.T.);
#3745 = ORIENTED_EDGE('',*,*,#3746,.T.);
#3746 = EDGE_CURVE('',#2786,#3747,#3749,.T.);
#3747 = VERTEX_POINT('',#3748);
#3748 = CARTESIAN_POINT('',(0.16,-7.46,-3.));
#3749 = LINE('',#3750,#3751);
#3750 = CARTESIAN_POINT('',(5.333333333333E-02,-7.566666666667,
    -3.106666666667));
#3751 = VECTOR('',#3752,1.);
#3752 = DIRECTION('',(-0.57735026919,-0.57735026919,-0.57735026919));
#3753 = ORIENTED_EDGE('',*,*,#3754,.F.);
#3754 = EDGE_CURVE('',#3723,#3747,#3755,.T.);
#3755 = LINE('',#3756,#3757);
#3756 = CARTESIAN_POINT('',(0.16,-7.94,-3.));
#3757 = VECTOR('',#3758,1.);
#3758 = DIRECTION('',(0.,1.,0.));
#3759 = PLANE('',#3760);
#3760 = AXIS2_PLACEMENT_3D('',#3761,#3762,#3763);
#3761 = CARTESIAN_POINT('',(0.24,-7.94,-2.92));
#3762 = DIRECTION('',(-0.707106781187,1.735167508357E-18,0.707106781187)
  );
#3763 = DIRECTION('',(1.226948711654E-18,1.,-1.226948711654E-18));
#3764 = ADVANCED_FACE('',(#3765),#3783,.F.);
#3765 = FACE_BOUND('',#3766,.T.);
#3766 = EDGE_LOOP('',(#3767,#3775,#3776,#3777));
#3767 = ORIENTED_EDGE('',*,*,#3768,.F.);
#3768 = EDGE_CURVE('',#2810,#3769,#3771,.T.);
#3769 = VERTEX_POINT('',#3770);
#3770 = CARTESIAN_POINT('',(-0.16,-7.46,-3.));
#3771 = LINE('',#3772,#3773);
#3772 = CARTESIAN_POINT('',(-0.16,-7.46,-3.));
#3773 = VECTOR('',#3774,1.);
#3774 = DIRECTION('',(0.57735026919,-0.57735026919,-0.57735026919));
#3775 = ORIENTED_EDGE('',*,*,#2809,.T.);
#3776 = ORIENTED_EDGE('',*,*,#3746,.T.);
#3777 = ORIENTED_EDGE('',*,*,#3778,.F.);
#3778 = EDGE_CURVE('',#3769,#3747,#3779,.T.);
#3779 = LINE('',#3780,#3781);
#3780 = CARTESIAN_POINT('',(-0.32,-7.46,-3.));
#3781 = VECTOR('',#3782,1.);
#3782 = DIRECTION('',(1.,0.,0.));
#3783 = PLANE('',#3784);
#3784 = AXIS2_PLACEMENT_3D('',#3785,#3786,#3787);
#3785 = CARTESIAN_POINT('',(-0.32,-7.38,-2.92));
#3786 = DIRECTION('',(-1.735167508357E-18,-0.707106781187,0.707106781187
    ));
#3787 = DIRECTION('',(-1.,1.226948711654E-18,-1.226948711654E-18));
#3788 = ADVANCED_FACE('',(#3789),#3800,.T.);
#3789 = FACE_BOUND('',#3790,.T.);
#3790 = EDGE_LOOP('',(#3791,#3792,#3793,#3794));
#3791 = ORIENTED_EDGE('',*,*,#3713,.F.);
#3792 = ORIENTED_EDGE('',*,*,#2833,.T.);
#3793 = ORIENTED_EDGE('',*,*,#3768,.T.);
#3794 = ORIENTED_EDGE('',*,*,#3795,.F.);
#3795 = EDGE_CURVE('',#3714,#3769,#3796,.T.);
#3796 = LINE('',#3797,#3798);
#3797 = CARTESIAN_POINT('',(-0.16,-7.94,-3.));
#3798 = VECTOR('',#3799,1.);
#3799 = DIRECTION('',(0.,1.,0.));
#3800 = PLANE('',#3801);
#3801 = AXIS2_PLACEMENT_3D('',#3802,#3803,#3804);
#3802 = CARTESIAN_POINT('',(-0.24,-7.94,-2.92));
#3803 = DIRECTION('',(-0.707106781187,-1.735167508357E-18,
    -0.707106781187));
#3804 = DIRECTION('',(-1.226948711654E-18,1.,-1.226948711654E-18));
#3805 = ADVANCED_FACE('',(#3806),#3831,.T.);
#3806 = FACE_BOUND('',#3807,.T.);
#3807 = EDGE_LOOP('',(#3808,#3816,#3817,#3825));
#3808 = ORIENTED_EDGE('',*,*,#3809,.F.);
#3809 = EDGE_CURVE('',#2850,#3810,#3812,.T.);
#3810 = VERTEX_POINT('',#3811);
#3811 = CARTESIAN_POINT('',(0.16,-0.16,8.54));
#3812 = LINE('',#3813,#3814);
#3813 = CARTESIAN_POINT('',(0.16,-0.16,8.54));
#3814 = VECTOR('',#3815,1.);
#3815 = DIRECTION('',(-0.57735026919,0.57735026919,0.57735026919));
#3816 = ORIENTED_EDGE('',*,*,#2866,.T.);
#3817 = ORIENTED_EDGE('',*,*,#3818,.T.);
#3818 = EDGE_CURVE('',#2859,#3819,#3821,.T.);
#3819 = VERTEX_POINT('',#3820);
#3820 = CARTESIAN_POINT('',(0.16,0.16,8.54));
#3821 = LINE('',#3822,#3823);
#3822 = CARTESIAN_POINT('',(5.333333333333E-02,5.333333333333E-02,
    8.646666666667));
#3823 = VECTOR('',#3824,1.);
#3824 = DIRECTION('',(-0.57735026919,-0.57735026919,0.57735026919));
#3825 = ORIENTED_EDGE('',*,*,#3826,.F.);
#3826 = EDGE_CURVE('',#3810,#3819,#3827,.T.);
#3827 = LINE('',#3828,#3829);
#3828 = CARTESIAN_POINT('',(0.16,-0.32,8.54));
#3829 = VECTOR('',#3830,1.);
#3830 = DIRECTION('',(0.,1.,0.));
#3831 = PLANE('',#3832);
#3832 = AXIS2_PLACEMENT_3D('',#3833,#3834,#3835);
#3833 = CARTESIAN_POINT('',(0.24,-0.32,8.46));
#3834 = DIRECTION('',(0.707106781187,-1.735167508357E-18,0.707106781187)
  );
#3835 = DIRECTION('',(1.226948711654E-18,1.,1.226948711654E-18));
#3836 = ADVANCED_FACE('',(#3837),#3855,.T.);
#3837 = FACE_BOUND('',#3838,.F.);
#3838 = EDGE_LOOP('',(#3839,#3847,#3848,#3849));
#3839 = ORIENTED_EDGE('',*,*,#3840,.F.);
#3840 = EDGE_CURVE('',#2883,#3841,#3843,.T.);
#3841 = VERTEX_POINT('',#3842);
#3842 = CARTESIAN_POINT('',(-0.16,0.16,8.54));
#3843 = LINE('',#3844,#3845);
#3844 = CARTESIAN_POINT('',(-0.16,0.16,8.54));
#3845 = VECTOR('',#3846,1.);
#3846 = DIRECTION('',(0.57735026919,-0.57735026919,0.57735026919));
#3847 = ORIENTED_EDGE('',*,*,#2890,.T.);
#3848 = ORIENTED_EDGE('',*,*,#3818,.T.);
#3849 = ORIENTED_EDGE('',*,*,#3850,.F.);
#3850 = EDGE_CURVE('',#3841,#3819,#3851,.T.);
#3851 = LINE('',#3852,#3853);
#3852 = CARTESIAN_POINT('',(-0.32,0.16,8.54));
#3853 = VECTOR('',#3854,1.);
#3854 = DIRECTION('',(1.,0.,0.));
#3855 = PLANE('',#3856);
#3856 = AXIS2_PLACEMENT_3D('',#3857,#3858,#3859);
#3857 = CARTESIAN_POINT('',(-0.32,0.24,8.46));
#3858 = DIRECTION('',(1.735167508357E-18,0.707106781187,0.707106781187)
  );
#3859 = DIRECTION('',(-1.,1.226948711654E-18,1.226948711654E-18));
#3860 = ADVANCED_FACE('',(#3861),#3879,.F.);
#3861 = FACE_BOUND('',#3862,.F.);
#3862 = EDGE_LOOP('',(#3863,#3871,#3872,#3873));
#3863 = ORIENTED_EDGE('',*,*,#3864,.F.);
#3864 = EDGE_CURVE('',#2905,#3865,#3867,.T.);
#3865 = VERTEX_POINT('',#3866);
#3866 = CARTESIAN_POINT('',(-0.16,-0.16,8.54));
#3867 = LINE('',#3868,#3869);
#3868 = CARTESIAN_POINT('',(-0.266666666667,-0.266666666667,
    8.433333333333));
#3869 = VECTOR('',#3870,1.);
#3870 = DIRECTION('',(0.57735026919,0.57735026919,0.57735026919));
#3871 = ORIENTED_EDGE('',*,*,#2914,.T.);
#3872 = ORIENTED_EDGE('',*,*,#3840,.T.);
#3873 = ORIENTED_EDGE('',*,*,#3874,.F.);
#3874 = EDGE_CURVE('',#3865,#3841,#3875,.T.);
#3875 = LINE('',#3876,#3877);
#3876 = CARTESIAN_POINT('',(-0.16,-0.32,8.54));
#3877 = VECTOR('',#3878,1.);
#3878 = DIRECTION('',(0.,1.,0.));
#3879 = PLANE('',#3880);
#3880 = AXIS2_PLACEMENT_3D('',#3881,#3882,#3883);
#3881 = CARTESIAN_POINT('',(-0.24,-0.32,8.46));
#3882 = DIRECTION('',(0.707106781187,1.735167508357E-18,-0.707106781187)
  );
#3883 = DIRECTION('',(-1.226948711654E-18,1.,1.226948711654E-18));
#3884 = ADVANCED_FACE('',(#3885),#3896,.F.);
#3885 = FACE_BOUND('',#3886,.T.);
#3886 = EDGE_LOOP('',(#3887,#3888,#3889,#3890));
#3887 = ORIENTED_EDGE('',*,*,#3864,.F.);
#3888 = ORIENTED_EDGE('',*,*,#2931,.T.);
#3889 = ORIENTED_EDGE('',*,*,#3809,.T.);
#3890 = ORIENTED_EDGE('',*,*,#3891,.F.);
#3891 = EDGE_CURVE('',#3865,#3810,#3892,.T.);
#3892 = LINE('',#3893,#3894);
#3893 = CARTESIAN_POINT('',(-0.32,-0.16,8.54));
#3894 = VECTOR('',#3895,1.);
#3895 = DIRECTION('',(1.,0.,0.));
#3896 = PLANE('',#3897);
#3897 = AXIS2_PLACEMENT_3D('',#3898,#3899,#3900);
#3898 = CARTESIAN_POINT('',(-0.32,-0.24,8.46));
#3899 = DIRECTION('',(-1.735167508357E-18,0.707106781187,-0.707106781187
    ));
#3900 = DIRECTION('',(-1.,-1.226948711654E-18,1.226948711654E-18));
#3901 = ADVANCED_FACE('',(#3902),#3927,.T.);
#3902 = FACE_BOUND('',#3903,.F.);
#3903 = EDGE_LOOP('',(#3904,#3912,#3913,#3921));
#3904 = ORIENTED_EDGE('',*,*,#3905,.F.);
#3905 = EDGE_CURVE('',#2955,#3906,#3908,.T.);
#3906 = VERTEX_POINT('',#3907);
#3907 = CARTESIAN_POINT('',(-0.16,-2.38,8.54));
#3908 = LINE('',#3909,#3910);
#3909 = CARTESIAN_POINT('',(-0.16,-2.38,8.54));
#3910 = VECTOR('',#3911,1.);
#3911 = DIRECTION('',(0.57735026919,-0.57735026919,0.57735026919));
#3912 = ORIENTED_EDGE('',*,*,#2962,.T.);
#3913 = ORIENTED_EDGE('',*,*,#3914,.T.);
#3914 = EDGE_CURVE('',#2946,#3915,#3917,.T.);
#3915 = VERTEX_POINT('',#3916);
#3916 = CARTESIAN_POINT('',(0.16,-2.38,8.54));
#3917 = LINE('',#3918,#3919);
#3918 = CARTESIAN_POINT('',(5.333333333333E-02,-2.486666666667,
    8.646666666667));
#3919 = VECTOR('',#3920,1.);
#3920 = DIRECTION('',(-0.57735026919,-0.57735026919,0.57735026919));
#3921 = ORIENTED_EDGE('',*,*,#3922,.F.);
#3922 = EDGE_CURVE('',#3906,#3915,#3923,.T.);
#3923 = LINE('',#3924,#3925);
#3924 = CARTESIAN_POINT('',(-0.32,-2.38,8.54));
#3925 = VECTOR('',#3926,1.);
#3926 = DIRECTION('',(1.,0.,0.));
#3927 = PLANE('',#3928);
#3928 = AXIS2_PLACEMENT_3D('',#3929,#3930,#3931);
#3929 = CARTESIAN_POINT('',(-0.32,-2.3,8.46));
#3930 = DIRECTION('',(1.735167508357E-18,0.707106781187,0.707106781187)
  );
#3931 = DIRECTION('',(-1.,1.226948711654E-18,1.226948711654E-18));
#3932 = ADVANCED_FACE('',(#3933),#3951,.F.);
#3933 = FACE_BOUND('',#3934,.F.);
#3934 = EDGE_LOOP('',(#3935,#3943,#3944,#3945));
#3935 = ORIENTED_EDGE('',*,*,#3936,.F.);
#3936 = EDGE_CURVE('',#2977,#3937,#3939,.T.);
#3937 = VERTEX_POINT('',#3938);
#3938 = CARTESIAN_POINT('',(-0.16,-2.7,8.54));
#3939 = LINE('',#3940,#3941);
#3940 = CARTESIAN_POINT('',(-0.266666666667,-2.806666666667,
    8.433333333333));
#3941 = VECTOR('',#3942,1.);
#3942 = DIRECTION('',(0.57735026919,0.57735026919,0.57735026919));
#3943 = ORIENTED_EDGE('',*,*,#2986,.T.);
#3944 = ORIENTED_EDGE('',*,*,#3905,.T.);
#3945 = ORIENTED_EDGE('',*,*,#3946,.F.);
#3946 = EDGE_CURVE('',#3937,#3906,#3947,.T.);
#3947 = LINE('',#3948,#3949);
#3948 = CARTESIAN_POINT('',(-0.16,-2.86,8.54));
#3949 = VECTOR('',#3950,1.);
#3950 = DIRECTION('',(0.,1.,0.));
#3951 = PLANE('',#3952);
#3952 = AXIS2_PLACEMENT_3D('',#3953,#3954,#3955);
#3953 = CARTESIAN_POINT('',(-0.24,-2.86,8.46));
#3954 = DIRECTION('',(0.707106781187,1.735167508357E-18,-0.707106781187)
  );
#3955 = DIRECTION('',(-1.226948711654E-18,1.,1.226948711654E-18));
#3956 = ADVANCED_FACE('',(#3957),#3975,.F.);
#3957 = FACE_BOUND('',#3958,.T.);
#3958 = EDGE_LOOP('',(#3959,#3960,#3961,#3969));
#3959 = ORIENTED_EDGE('',*,*,#3936,.F.);
#3960 = ORIENTED_EDGE('',*,*,#3010,.T.);
#3961 = ORIENTED_EDGE('',*,*,#3962,.T.);
#3962 = EDGE_CURVE('',#3001,#3963,#3965,.T.);
#3963 = VERTEX_POINT('',#3964);
#3964 = CARTESIAN_POINT('',(0.16,-2.7,8.54));
#3965 = LINE('',#3966,#3967);
#3966 = CARTESIAN_POINT('',(0.16,-2.7,8.54));
#3967 = VECTOR('',#3968,1.);
#3968 = DIRECTION('',(-0.57735026919,0.57735026919,0.57735026919));
#3969 = ORIENTED_EDGE('',*,*,#3970,.F.);
#3970 = EDGE_CURVE('',#3937,#3963,#3971,.T.);
#3971 = LINE('',#3972,#3973);
#3972 = CARTESIAN_POINT('',(-0.32,-2.7,8.54));
#3973 = VECTOR('',#3974,1.);
#3974 = DIRECTION('',(1.,0.,0.));
#3975 = PLANE('',#3976);
#3976 = AXIS2_PLACEMENT_3D('',#3977,#3978,#3979);
#3977 = CARTESIAN_POINT('',(-0.32,-2.78,8.46));
#3978 = DIRECTION('',(-1.735167508357E-18,0.707106781187,-0.707106781187
    ));
#3979 = DIRECTION('',(-1.,-1.226948711654E-18,1.226948711654E-18));
#3980 = ADVANCED_FACE('',(#3981),#3992,.T.);
#3981 = FACE_BOUND('',#3982,.T.);
#3982 = EDGE_LOOP('',(#3983,#3984,#3985,#3986));
#3983 = ORIENTED_EDGE('',*,*,#3962,.F.);
#3984 = ORIENTED_EDGE('',*,*,#3027,.T.);
#3985 = ORIENTED_EDGE('',*,*,#3914,.T.);
#3986 = ORIENTED_EDGE('',*,*,#3987,.F.);
#3987 = EDGE_CURVE('',#3963,#3915,#3988,.T.);
#3988 = LINE('',#3989,#3990);
#3989 = CARTESIAN_POINT('',(0.16,-2.86,8.54));
#3990 = VECTOR('',#3991,1.);
#3991 = DIRECTION('',(0.,1.,0.));
#3992 = PLANE('',#3993);
#3993 = AXIS2_PLACEMENT_3D('',#3994,#3995,#3996);
#3994 = CARTESIAN_POINT('',(0.24,-2.86,8.46));
#3995 = DIRECTION('',(0.707106781187,-1.735167508357E-18,0.707106781187)
  );
#3996 = DIRECTION('',(1.226948711654E-18,1.,1.226948711654E-18));
#3997 = ADVANCED_FACE('',(#3998),#4023,.T.);
#3998 = FACE_BOUND('',#3999,.F.);
#3999 = EDGE_LOOP('',(#4000,#4008,#4009,#4017));
#4000 = ORIENTED_EDGE('',*,*,#4001,.F.);
#4001 = EDGE_CURVE('',#3051,#4002,#4004,.T.);
#4002 = VERTEX_POINT('',#4003);
#4003 = CARTESIAN_POINT('',(-0.16,-4.92,8.54));
#4004 = LINE('',#4005,#4006);
#4005 = CARTESIAN_POINT('',(-0.16,-4.92,8.54));
#4006 = VECTOR('',#4007,1.);
#4007 = DIRECTION('',(0.57735026919,-0.57735026919,0.57735026919));
#4008 = ORIENTED_EDGE('',*,*,#3058,.T.);
#4009 = ORIENTED_EDGE('',*,*,#4010,.T.);
#4010 = EDGE_CURVE('',#3042,#4011,#4013,.T.);
#4011 = VERTEX_POINT('',#4012);
#4012 = CARTESIAN_POINT('',(0.16,-4.92,8.54));
#4013 = LINE('',#4014,#4015);
#4014 = CARTESIAN_POINT('',(5.333333333333E-02,-5.026666666667,
    8.646666666667));
#4015 = VECTOR('',#4016,1.);
#4016 = DIRECTION('',(-0.57735026919,-0.57735026919,0.57735026919));
#4017 = ORIENTED_EDGE('',*,*,#4018,.F.);
#4018 = EDGE_CURVE('',#4002,#4011,#4019,.T.);
#4019 = LINE('',#4020,#4021);
#4020 = CARTESIAN_POINT('',(-0.32,-4.92,8.54));
#4021 = VECTOR('',#4022,1.);
#4022 = DIRECTION('',(1.,0.,0.));
#4023 = PLANE('',#4024);
#4024 = AXIS2_PLACEMENT_3D('',#4025,#4026,#4027);
#4025 = CARTESIAN_POINT('',(-0.32,-4.84,8.46));
#4026 = DIRECTION('',(1.735167508357E-18,0.707106781187,0.707106781187)
  );
#4027 = DIRECTION('',(-1.,1.226948711654E-18,1.226948711654E-18));
#4028 = ADVANCED_FACE('',(#4029),#4047,.F.);
#4029 = FACE_BOUND('',#4030,.F.);
#4030 = EDGE_LOOP('',(#4031,#4039,#4040,#4041));
#4031 = ORIENTED_EDGE('',*,*,#4032,.F.);
#4032 = EDGE_CURVE('',#3073,#4033,#4035,.T.);
#4033 = VERTEX_POINT('',#4034);
#4034 = CARTESIAN_POINT('',(-0.16,-5.24,8.54));
#4035 = LINE('',#4036,#4037);
#4036 = CARTESIAN_POINT('',(-0.266666666667,-5.346666666667,
    8.433333333333));
#4037 = VECTOR('',#4038,1.);
#4038 = DIRECTION('',(0.57735026919,0.57735026919,0.57735026919));
#4039 = ORIENTED_EDGE('',*,*,#3082,.T.);
#4040 = ORIENTED_EDGE('',*,*,#4001,.T.);
#4041 = ORIENTED_EDGE('',*,*,#4042,.F.);
#4042 = EDGE_CURVE('',#4033,#4002,#4043,.T.);
#4043 = LINE('',#4044,#4045);
#4044 = CARTESIAN_POINT('',(-0.16,-5.4,8.54));
#4045 = VECTOR('',#4046,1.);
#4046 = DIRECTION('',(0.,1.,0.));
#4047 = PLANE('',#4048);
#4048 = AXIS2_PLACEMENT_3D('',#4049,#4050,#4051);
#4049 = CARTESIAN_POINT('',(-0.24,-5.4,8.46));
#4050 = DIRECTION('',(0.707106781187,1.735167508357E-18,-0.707106781187)
  );
#4051 = DIRECTION('',(-1.226948711654E-18,1.,1.226948711654E-18));
#4052 = ADVANCED_FACE('',(#4053),#4071,.F.);
#4053 = FACE_BOUND('',#4054,.T.);
#4054 = EDGE_LOOP('',(#4055,#4056,#4057,#4065));
#4055 = ORIENTED_EDGE('',*,*,#4032,.F.);
#4056 = ORIENTED_EDGE('',*,*,#3106,.T.);
#4057 = ORIENTED_EDGE('',*,*,#4058,.T.);
#4058 = EDGE_CURVE('',#3097,#4059,#4061,.T.);
#4059 = VERTEX_POINT('',#4060);
#4060 = CARTESIAN_POINT('',(0.16,-5.24,8.54));
#4061 = LINE('',#4062,#4063);
#4062 = CARTESIAN_POINT('',(0.16,-5.24,8.54));
#4063 = VECTOR('',#4064,1.);
#4064 = DIRECTION('',(-0.57735026919,0.57735026919,0.57735026919));
#4065 = ORIENTED_EDGE('',*,*,#4066,.F.);
#4066 = EDGE_CURVE('',#4033,#4059,#4067,.T.);
#4067 = LINE('',#4068,#4069);
#4068 = CARTESIAN_POINT('',(-0.32,-5.24,8.54));
#4069 = VECTOR('',#4070,1.);
#4070 = DIRECTION('',(1.,0.,0.));
#4071 = PLANE('',#4072);
#4072 = AXIS2_PLACEMENT_3D('',#4073,#4074,#4075);
#4073 = CARTESIAN_POINT('',(-0.32,-5.32,8.46));
#4074 = DIRECTION('',(-1.735167508357E-18,0.707106781187,-0.707106781187
    ));
#4075 = DIRECTION('',(-1.,-1.226948711654E-18,1.226948711654E-18));
#4076 = ADVANCED_FACE('',(#4077),#4088,.T.);
#4077 = FACE_BOUND('',#4078,.T.);
#4078 = EDGE_LOOP('',(#4079,#4080,#4081,#4082));
#4079 = ORIENTED_EDGE('',*,*,#4058,.F.);
#4080 = ORIENTED_EDGE('',*,*,#3123,.T.);
#4081 = ORIENTED_EDGE('',*,*,#4010,.T.);
#4082 = ORIENTED_EDGE('',*,*,#4083,.F.);
#4083 = EDGE_CURVE('',#4059,#4011,#4084,.T.);
#4084 = LINE('',#4085,#4086);
#4085 = CARTESIAN_POINT('',(0.16,-5.4,8.54));
#4086 = VECTOR('',#4087,1.);
#4087 = DIRECTION('',(0.,1.,0.));
#4088 = PLANE('',#4089);
#4089 = AXIS2_PLACEMENT_3D('',#4090,#4091,#4092);
#4090 = CARTESIAN_POINT('',(0.24,-5.4,8.46));
#4091 = DIRECTION('',(0.707106781187,-1.735167508357E-18,0.707106781187)
  );
#4092 = DIRECTION('',(1.226948711654E-18,1.,1.226948711654E-18));
#4093 = ADVANCED_FACE('',(#4094),#4119,.T.);
#4094 = FACE_BOUND('',#4095,.F.);
#4095 = EDGE_LOOP('',(#4096,#4104,#4105,#4113));
#4096 = ORIENTED_EDGE('',*,*,#4097,.F.);
#4097 = EDGE_CURVE('',#3147,#4098,#4100,.T.);
#4098 = VERTEX_POINT('',#4099);
#4099 = CARTESIAN_POINT('',(-0.16,-10.,8.54));
#4100 = LINE('',#4101,#4102);
#4101 = CARTESIAN_POINT('',(-0.16,-10.,8.54));
#4102 = VECTOR('',#4103,1.);
#4103 = DIRECTION('',(0.57735026919,-0.57735026919,0.57735026919));
#4104 = ORIENTED_EDGE('',*,*,#3154,.T.);
#4105 = ORIENTED_EDGE('',*,*,#4106,.T.);
#4106 = EDGE_CURVE('',#3138,#4107,#4109,.T.);
#4107 = VERTEX_POINT('',#4108);
#4108 = CARTESIAN_POINT('',(0.16,-10.,8.54));
#4109 = LINE('',#4110,#4111);
#4110 = CARTESIAN_POINT('',(5.333333333333E-02,-10.10666666666,
    8.646666666667));
#4111 = VECTOR('',#4112,1.);
#4112 = DIRECTION('',(-0.57735026919,-0.57735026919,0.57735026919));
#4113 = ORIENTED_EDGE('',*,*,#4114,.F.);
#4114 = EDGE_CURVE('',#4098,#4107,#4115,.T.);
#4115 = LINE('',#4116,#4117);
#4116 = CARTESIAN_POINT('',(-0.32,-10.,8.54));
#4117 = VECTOR('',#4118,1.);
#4118 = DIRECTION('',(1.,0.,0.));
#4119 = PLANE('',#4120);
#4120 = AXIS2_PLACEMENT_3D('',#4121,#4122,#4123);
#4121 = CARTESIAN_POINT('',(-0.32,-9.92,8.46));
#4122 = DIRECTION('',(1.735167508357E-18,0.707106781187,0.707106781187)
  );
#4123 = DIRECTION('',(-1.,1.226948711654E-18,1.226948711654E-18));
#4124 = ADVANCED_FACE('',(#4125),#4143,.F.);
#4125 = FACE_BOUND('',#4126,.F.);
#4126 = EDGE_LOOP('',(#4127,#4135,#4136,#4137));
#4127 = ORIENTED_EDGE('',*,*,#4128,.F.);
#4128 = EDGE_CURVE('',#3169,#4129,#4131,.T.);
#4129 = VERTEX_POINT('',#4130);
#4130 = CARTESIAN_POINT('',(-0.16,-10.32,8.54));
#4131 = LINE('',#4132,#4133);
#4132 = CARTESIAN_POINT('',(-0.266666666667,-10.42666666666,
    8.433333333333));
#4133 = VECTOR('',#4134,1.);
#4134 = DIRECTION('',(0.57735026919,0.57735026919,0.57735026919));
#4135 = ORIENTED_EDGE('',*,*,#3178,.T.);
#4136 = ORIENTED_EDGE('',*,*,#4097,.T.);
#4137 = ORIENTED_EDGE('',*,*,#4138,.F.);
#4138 = EDGE_CURVE('',#4129,#4098,#4139,.T.);
#4139 = LINE('',#4140,#4141);
#4140 = CARTESIAN_POINT('',(-0.16,-10.48,8.54));
#4141 = VECTOR('',#4142,1.);
#4142 = DIRECTION('',(0.,1.,0.));
#4143 = PLANE('',#4144);
#4144 = AXIS2_PLACEMENT_3D('',#4145,#4146,#4147);
#4145 = CARTESIAN_POINT('',(-0.24,-10.48,8.46));
#4146 = DIRECTION('',(0.707106781187,1.735167508357E-18,-0.707106781187)
  );
#4147 = DIRECTION('',(-1.226948711654E-18,1.,1.226948711654E-18));
#4148 = ADVANCED_FACE('',(#4149),#4167,.F.);
#4149 = FACE_BOUND('',#4150,.T.);
#4150 = EDGE_LOOP('',(#4151,#4152,#4153,#4161));
#4151 = ORIENTED_EDGE('',*,*,#4128,.F.);
#4152 = ORIENTED_EDGE('',*,*,#3202,.T.);
#4153 = ORIENTED_EDGE('',*,*,#4154,.T.);
#4154 = EDGE_CURVE('',#3193,#4155,#4157,.T.);
#4155 = VERTEX_POINT('',#4156);
#4156 = CARTESIAN_POINT('',(0.16,-10.32,8.54));
#4157 = LINE('',#4158,#4159);
#4158 = CARTESIAN_POINT('',(0.16,-10.32,8.54));
#4159 = VECTOR('',#4160,1.);
#4160 = DIRECTION('',(-0.57735026919,0.57735026919,0.57735026919));
#4161 = ORIENTED_EDGE('',*,*,#4162,.F.);
#4162 = EDGE_CURVE('',#4129,#4155,#4163,.T.);
#4163 = LINE('',#4164,#4165);
#4164 = CARTESIAN_POINT('',(-0.32,-10.32,8.54));
#4165 = VECTOR('',#4166,1.);
#4166 = DIRECTION('',(1.,0.,0.));
#4167 = PLANE('',#4168);
#4168 = AXIS2_PLACEMENT_3D('',#4169,#4170,#4171);
#4169 = CARTESIAN_POINT('',(-0.32,-10.4,8.46));
#4170 = DIRECTION('',(-1.735167508357E-18,0.707106781187,-0.707106781187
    ));
#4171 = DIRECTION('',(-1.,-1.226948711654E-18,1.226948711654E-18));
#4172 = ADVANCED_FACE('',(#4173),#4184,.T.);
#4173 = FACE_BOUND('',#4174,.T.);
#4174 = EDGE_LOOP('',(#4175,#4176,#4177,#4178));
#4175 = ORIENTED_EDGE('',*,*,#4154,.F.);
#4176 = ORIENTED_EDGE('',*,*,#3219,.T.);
#4177 = ORIENTED_EDGE('',*,*,#4106,.T.);
#4178 = ORIENTED_EDGE('',*,*,#4179,.F.);
#4179 = EDGE_CURVE('',#4155,#4107,#4180,.T.);
#4180 = LINE('',#4181,#4182);
#4181 = CARTESIAN_POINT('',(0.16,-10.48,8.54));
#4182 = VECTOR('',#4183,1.);
#4183 = DIRECTION('',(0.,1.,0.));
#4184 = PLANE('',#4185);
#4185 = AXIS2_PLACEMENT_3D('',#4186,#4187,#4188);
#4186 = CARTESIAN_POINT('',(0.24,-10.48,8.46));
#4187 = DIRECTION('',(0.707106781187,-1.735167508357E-18,0.707106781187)
  );
#4188 = DIRECTION('',(1.226948711654E-18,1.,1.226948711654E-18));
#4189 = ADVANCED_FACE('',(#4190),#4215,.F.);
#4190 = FACE_BOUND('',#4191,.T.);
#4191 = EDGE_LOOP('',(#4192,#4200,#4201,#4209));
#4192 = ORIENTED_EDGE('',*,*,#4193,.F.);
#4193 = EDGE_CURVE('',#3243,#4194,#4196,.T.);
#4194 = VERTEX_POINT('',#4195);
#4195 = CARTESIAN_POINT('',(-0.16,-7.78,8.54));
#4196 = LINE('',#4197,#4198);
#4197 = CARTESIAN_POINT('',(-0.266666666667,-7.886666666667,
    8.433333333333));
#4198 = VECTOR('',#4199,1.);
#4199 = DIRECTION('',(0.57735026919,0.57735026919,0.57735026919));
#4200 = ORIENTED_EDGE('',*,*,#3250,.T.);
#4201 = ORIENTED_EDGE('',*,*,#4202,.T.);
#4202 = EDGE_CURVE('',#3234,#4203,#4205,.T.);
#4203 = VERTEX_POINT('',#4204);
#4204 = CARTESIAN_POINT('',(0.16,-7.78,8.54));
#4205 = LINE('',#4206,#4207);
#4206 = CARTESIAN_POINT('',(0.16,-7.78,8.54));
#4207 = VECTOR('',#4208,1.);
#4208 = DIRECTION('',(-0.57735026919,0.57735026919,0.57735026919));
#4209 = ORIENTED_EDGE('',*,*,#4210,.F.);
#4210 = EDGE_CURVE('',#4194,#4203,#4211,.T.);
#4211 = LINE('',#4212,#4213);
#4212 = CARTESIAN_POINT('',(-0.32,-7.78,8.54));
#4213 = VECTOR('',#4214,1.);
#4214 = DIRECTION('',(1.,0.,0.));
#4215 = PLANE('',#4216);
#4216 = AXIS2_PLACEMENT_3D('',#4217,#4218,#4219);
#4217 = CARTESIAN_POINT('',(-0.32,-7.86,8.46));
#4218 = DIRECTION('',(-1.735167508357E-18,0.707106781187,-0.707106781187
    ));
#4219 = DIRECTION('',(-1.,-1.226948711654E-18,1.226948711654E-18));
#4220 = ADVANCED_FACE('',(#4221),#4239,.T.);
#4221 = FACE_BOUND('',#4222,.T.);
#4222 = EDGE_LOOP('',(#4223,#4224,#4225,#4233));
#4223 = ORIENTED_EDGE('',*,*,#4202,.F.);
#4224 = ORIENTED_EDGE('',*,*,#3274,.T.);
#4225 = ORIENTED_EDGE('',*,*,#4226,.T.);
#4226 = EDGE_CURVE('',#3267,#4227,#4229,.T.);
#4227 = VERTEX_POINT('',#4228);
#4228 = CARTESIAN_POINT('',(0.16,-7.46,8.54));
#4229 = LINE('',#4230,#4231);
#4230 = CARTESIAN_POINT('',(5.333333333333E-02,-7.566666666667,
    8.646666666667));
#4231 = VECTOR('',#4232,1.);
#4232 = DIRECTION('',(-0.57735026919,-0.57735026919,0.57735026919));
#4233 = ORIENTED_EDGE('',*,*,#4234,.F.);
#4234 = EDGE_CURVE('',#4203,#4227,#4235,.T.);
#4235 = LINE('',#4236,#4237);
#4236 = CARTESIAN_POINT('',(0.16,-7.94,8.54));
#4237 = VECTOR('',#4238,1.);
#4238 = DIRECTION('',(0.,1.,0.));
#4239 = PLANE('',#4240);
#4240 = AXIS2_PLACEMENT_3D('',#4241,#4242,#4243);
#4241 = CARTESIAN_POINT('',(0.24,-7.94,8.46));
#4242 = DIRECTION('',(0.707106781187,-1.735167508357E-18,0.707106781187)
  );
#4243 = DIRECTION('',(1.226948711654E-18,1.,1.226948711654E-18));
#4244 = ADVANCED_FACE('',(#4245),#4263,.T.);
#4245 = FACE_BOUND('',#4246,.F.);
#4246 = EDGE_LOOP('',(#4247,#4255,#4256,#4257));
#4247 = ORIENTED_EDGE('',*,*,#4248,.F.);
#4248 = EDGE_CURVE('',#3291,#4249,#4251,.T.);
#4249 = VERTEX_POINT('',#4250);
#4250 = CARTESIAN_POINT('',(-0.16,-7.46,8.54));
#4251 = LINE('',#4252,#4253);
#4252 = CARTESIAN_POINT('',(-0.16,-7.46,8.54));
#4253 = VECTOR('',#4254,1.);
#4254 = DIRECTION('',(0.57735026919,-0.57735026919,0.57735026919));
#4255 = ORIENTED_EDGE('',*,*,#3298,.T.);
#4256 = ORIENTED_EDGE('',*,*,#4226,.T.);
#4257 = ORIENTED_EDGE('',*,*,#4258,.F.);
#4258 = EDGE_CURVE('',#4249,#4227,#4259,.T.);
#4259 = LINE('',#4260,#4261);
#4260 = CARTESIAN_POINT('',(-0.32,-7.46,8.54));
#4261 = VECTOR('',#4262,1.);
#4262 = DIRECTION('',(1.,0.,0.));
#4263 = PLANE('',#4264);
#4264 = AXIS2_PLACEMENT_3D('',#4265,#4266,#4267);
#4265 = CARTESIAN_POINT('',(-0.32,-7.38,8.46));
#4266 = DIRECTION('',(1.735167508357E-18,0.707106781187,0.707106781187)
  );
#4267 = DIRECTION('',(-1.,1.226948711654E-18,1.226948711654E-18));
#4268 = ADVANCED_FACE('',(#4269),#4280,.F.);
#4269 = FACE_BOUND('',#4270,.F.);
#4270 = EDGE_LOOP('',(#4271,#4272,#4273,#4274));
#4271 = ORIENTED_EDGE('',*,*,#4193,.F.);
#4272 = ORIENTED_EDGE('',*,*,#3315,.T.);
#4273 = ORIENTED_EDGE('',*,*,#4248,.T.);
#4274 = ORIENTED_EDGE('',*,*,#4275,.F.);
#4275 = EDGE_CURVE('',#4194,#4249,#4276,.T.);
#4276 = LINE('',#4277,#4278);
#4277 = CARTESIAN_POINT('',(-0.16,-7.94,8.54));
#4278 = VECTOR('',#4279,1.);
#4279 = DIRECTION('',(0.,1.,0.));
#4280 = PLANE('',#4281);
#4281 = AXIS2_PLACEMENT_3D('',#4282,#4283,#4284);
#4282 = CARTESIAN_POINT('',(-0.24,-7.94,8.46));
#4283 = DIRECTION('',(0.707106781187,1.735167508357E-18,-0.707106781187)
  );
#4284 = DIRECTION('',(-1.226948711654E-18,1.,1.226948711654E-18));
#4285 = ADVANCED_FACE('',(#4286),#4292,.F.);
#4286 = FACE_BOUND('',#4287,.F.);
#4287 = EDGE_LOOP('',(#4288,#4289,#4290,#4291));
#4288 = ORIENTED_EDGE('',*,*,#3411,.T.);
#4289 = ORIENTED_EDGE('',*,*,#3346,.T.);
#4290 = ORIENTED_EDGE('',*,*,#3370,.F.);
#4291 = ORIENTED_EDGE('',*,*,#3394,.F.);
#4292 = PLANE('',#4293);
#4293 = AXIS2_PLACEMENT_3D('',#4294,#4295,#4296);
#4294 = CARTESIAN_POINT('',(-0.32,-0.32,-3.));
#4295 = DIRECTION('',(0.,0.,1.));
#4296 = DIRECTION('',(1.,0.,-0.));
#4297 = ADVANCED_FACE('',(#4298),#4304,.F.);
#4298 = FACE_BOUND('',#4299,.F.);
#4299 = EDGE_LOOP('',(#4300,#4301,#4302,#4303));
#4300 = ORIENTED_EDGE('',*,*,#3490,.T.);
#4301 = ORIENTED_EDGE('',*,*,#3507,.T.);
#4302 = ORIENTED_EDGE('',*,*,#3442,.F.);
#4303 = ORIENTED_EDGE('',*,*,#3466,.F.);
#4304 = PLANE('',#4305);
#4305 = AXIS2_PLACEMENT_3D('',#4306,#4307,#4308);
#4306 = CARTESIAN_POINT('',(-0.32,-2.86,-3.));
#4307 = DIRECTION('',(0.,0.,1.));
#4308 = DIRECTION('',(1.,0.,-0.));
#4309 = ADVANCED_FACE('',(#4310),#4316,.F.);
#4310 = FACE_BOUND('',#4311,.F.);
#4311 = EDGE_LOOP('',(#4312,#4313,#4314,#4315));
#4312 = ORIENTED_EDGE('',*,*,#3586,.T.);
#4313 = ORIENTED_EDGE('',*,*,#3603,.T.);
#4314 = ORIENTED_EDGE('',*,*,#3538,.F.);
#4315 = ORIENTED_EDGE('',*,*,#3562,.F.);
#4316 = PLANE('',#4317);
#4317 = AXIS2_PLACEMENT_3D('',#4318,#4319,#4320);
#4318 = CARTESIAN_POINT('',(-0.32,-5.4,-3.));
#4319 = DIRECTION('',(0.,0.,1.));
#4320 = DIRECTION('',(1.,0.,-0.));
#4321 = ADVANCED_FACE('',(#4322),#4328,.F.);
#4322 = FACE_BOUND('',#4323,.F.);
#4323 = EDGE_LOOP('',(#4324,#4325,#4326,#4327));
#4324 = ORIENTED_EDGE('',*,*,#3682,.T.);
#4325 = ORIENTED_EDGE('',*,*,#3699,.T.);
#4326 = ORIENTED_EDGE('',*,*,#3634,.F.);
#4327 = ORIENTED_EDGE('',*,*,#3658,.F.);
#4328 = PLANE('',#4329);
#4329 = AXIS2_PLACEMENT_3D('',#4330,#4331,#4332);
#4330 = CARTESIAN_POINT('',(-0.32,-10.48,-3.));
#4331 = DIRECTION('',(0.,0.,1.));
#4332 = DIRECTION('',(1.,0.,-0.));
#4333 = ADVANCED_FACE('',(#4334),#4340,.F.);
#4334 = FACE_BOUND('',#4335,.F.);
#4335 = EDGE_LOOP('',(#4336,#4337,#4338,#4339));
#4336 = ORIENTED_EDGE('',*,*,#3730,.T.);
#4337 = ORIENTED_EDGE('',*,*,#3754,.T.);
#4338 = ORIENTED_EDGE('',*,*,#3778,.F.);
#4339 = ORIENTED_EDGE('',*,*,#3795,.F.);
#4340 = PLANE('',#4341);
#4341 = AXIS2_PLACEMENT_3D('',#4342,#4343,#4344);
#4342 = CARTESIAN_POINT('',(-0.32,-7.94,-3.));
#4343 = DIRECTION('',(0.,0.,1.));
#4344 = DIRECTION('',(1.,0.,-0.));
#4345 = ADVANCED_FACE('',(#4346),#4352,.T.);
#4346 = FACE_BOUND('',#4347,.T.);
#4347 = EDGE_LOOP('',(#4348,#4349,#4350,#4351));
#4348 = ORIENTED_EDGE('',*,*,#3826,.T.);
#4349 = ORIENTED_EDGE('',*,*,#3850,.F.);
#4350 = ORIENTED_EDGE('',*,*,#3874,.F.);
#4351 = ORIENTED_EDGE('',*,*,#3891,.T.);
#4352 = PLANE('',#4353);
#4353 = AXIS2_PLACEMENT_3D('',#4354,#4355,#4356);
#4354 = CARTESIAN_POINT('',(-0.32,-0.32,8.54));
#4355 = DIRECTION('',(0.,0.,1.));
#4356 = DIRECTION('',(1.,0.,-0.));
#4357 = ADVANCED_FACE('',(#4358),#4364,.T.);
#4358 = FACE_BOUND('',#4359,.T.);
#4359 = EDGE_LOOP('',(#4360,#4361,#4362,#4363));
#4360 = ORIENTED_EDGE('',*,*,#3987,.T.);
#4361 = ORIENTED_EDGE('',*,*,#3922,.F.);
#4362 = ORIENTED_EDGE('',*,*,#3946,.F.);
#4363 = ORIENTED_EDGE('',*,*,#3970,.T.);
#4364 = PLANE('',#4365);
#4365 = AXIS2_PLACEMENT_3D('',#4366,#4367,#4368);
#4366 = CARTESIAN_POINT('',(-0.32,-2.86,8.54));
#4367 = DIRECTION('',(0.,0.,1.));
#4368 = DIRECTION('',(1.,0.,-0.));
#4369 = ADVANCED_FACE('',(#4370),#4376,.T.);
#4370 = FACE_BOUND('',#4371,.T.);
#4371 = EDGE_LOOP('',(#4372,#4373,#4374,#4375));
#4372 = ORIENTED_EDGE('',*,*,#4083,.T.);
#4373 = ORIENTED_EDGE('',*,*,#4018,.F.);
#4374 = ORIENTED_EDGE('',*,*,#4042,.F.);
#4375 = ORIENTED_EDGE('',*,*,#4066,.T.);
#4376 = PLANE('',#4377);
#4377 = AXIS2_PLACEMENT_3D('',#4378,#4379,#4380);
#4378 = CARTESIAN_POINT('',(-0.32,-5.4,8.54));
#4379 = DIRECTION('',(0.,0.,1.));
#4380 = DIRECTION('',(1.,0.,-0.));
#4381 = ADVANCED_FACE('',(#4382),#4388,.T.);
#4382 = FACE_BOUND('',#4383,.T.);
#4383 = EDGE_LOOP('',(#4384,#4385,#4386,#4387));
#4384 = ORIENTED_EDGE('',*,*,#4179,.T.);
#4385 = ORIENTED_EDGE('',*,*,#4114,.F.);
#4386 = ORIENTED_EDGE('',*,*,#4138,.F.);
#4387 = ORIENTED_EDGE('',*,*,#4162,.T.);
#4388 = PLANE('',#4389);
#4389 = AXIS2_PLACEMENT_3D('',#4390,#4391,#4392);
#4390 = CARTESIAN_POINT('',(-0.32,-10.48,8.54));
#4391 = DIRECTION('',(0.,0.,1.));
#4392 = DIRECTION('',(1.,0.,-0.));
#4393 = ADVANCED_FACE('',(#4394),#4400,.T.);
#4394 = FACE_BOUND('',#4395,.T.);
#4395 = EDGE_LOOP('',(#4396,#4397,#4398,#4399));
#4396 = ORIENTED_EDGE('',*,*,#4234,.T.);
#4397 = ORIENTED_EDGE('',*,*,#4258,.F.);
#4398 = ORIENTED_EDGE('',*,*,#4275,.F.);
#4399 = ORIENTED_EDGE('',*,*,#4210,.T.);
#4400 = PLANE('',#4401);
#4401 = AXIS2_PLACEMENT_3D('',#4402,#4403,#4404);
#4402 = CARTESIAN_POINT('',(-0.32,-7.94,8.54));
#4403 = DIRECTION('',(0.,0.,1.));
#4404 = DIRECTION('',(1.,0.,-0.));
#4405 = ( GEOMETRIC_REPRESENTATION_CONTEXT(3) 
GLOBAL_UNCERTAINTY_ASSIGNED_CONTEXT((#4409)) 
GLOBAL_UNIT_ASSIGNED_CONTEXT((#4406,#4407,#4408)) REPRESENTATION_CONTEXT
('Context #1','3D Context with UNIT and UNCERTAINTY') );
#4406 = ( LENGTH_UNIT() NAMED_UNIT(*) SI_UNIT(.MILLI.,.METRE.) );
#4407 = ( NAMED_UNIT(*) PLANE_ANGLE_UNIT() SI_UNIT($,.RADIAN.) );
#4408 = ( NAMED_UNIT(*) SI_UNIT($,.STERADIAN.) SOLID_ANGLE_UNIT() );
#4409 = UNCERTAINTY_MEASURE_WITH_UNIT(LENGTH_MEASURE(1.E-07),#4406,
  'distance_accuracy_value','confusion accuracy');
#4410 = CONTEXT_DEPENDENT_SHAPE_REPRESENTATION(#4411,#4413);
#4411 = ( REPRESENTATION_RELATIONSHIP('','',#950,#10) 
REPRESENTATION_RELATIONSHIP_WITH_TRANSFORMATION(#4412) 
SHAPE_REPRESENTATION_RELATIONSHIP() );
#4412 = ITEM_DEFINED_TRANSFORMATION('','',#11,#23);
#4413 = PRODUCT_DEFINITION_SHAPE('Placement','Placement of an item',
  #4414);
#4414 = NEXT_ASSEMBLY_USAGE_OCCURRENCE('3','J1','',#5,#945,$);
#4415 = PRODUCT_RELATED_PRODUCT_CATEGORY('part',$,(#947));
#4416 = SHAPE_DEFINITION_REPRESENTATION(#4417,#4423);
#4417 = PRODUCT_DEFINITION_SHAPE('','',#4418);
#4418 = PRODUCT_DEFINITION('design','',#4419,#4422);
#4419 = PRODUCT_DEFINITION_FORMATION('','',#4420);
#4420 = PRODUCT('PinHeader_1x02_P2.54mm_Vertical',
  'PinHeader_1x02_P2.54mm_Vertical','',(#4421));
#4421 = PRODUCT_CONTEXT('',#2,'mechanical');
#4422 = PRODUCT_DEFINITION_CONTEXT('part definition',#2,'design');
#4423 = ADVANCED_BREP_SHAPE_REPRESENTATION('',(#11,#4424),#5856);
#4424 = MANIFOLD_SOLID_BREP('',#4425);
#4425 = CLOSED_SHELL('',(#4426,#4466,#4497,#4528,#4693,#4858,#4875,#4892
    ,#4909,#4926,#4943,#4960,#4977,#4994,#5011,#5028,#5040,#5071,#5095,
    #5119,#5136,#5167,#5191,#5215,#5232,#5263,#5287,#5311,#5328,#5359,
    #5383,#5407,#5424,#5455,#5479,#5503,#5520,#5551,#5575,#5599,#5616,
    #5647,#5671,#5695,#5712,#5743,#5767,#5791,#5808,#5820,#5832,#5844));
#4426 = ADVANCED_FACE('',(#4427),#4461,.F.);
#4427 = FACE_BOUND('',#4428,.F.);
#4428 = EDGE_LOOP('',(#4429,#4439,#4447,#4455));
#4429 = ORIENTED_EDGE('',*,*,#4430,.T.);
#4430 = EDGE_CURVE('',#4431,#4433,#4435,.T.);
#4431 = VERTEX_POINT('',#4432);
#4432 = CARTESIAN_POINT('',(-1.016,1.27,0.));
#4433 = VERTEX_POINT('',#4434);
#4434 = CARTESIAN_POINT('',(-1.016,1.27,2.54));
#4435 = LINE('',#4436,#4437);
#4436 = CARTESIAN_POINT('',(-1.016,1.27,0.));
#4437 = VECTOR('',#4438,1.);
#4438 = DIRECTION('',(0.,0.,1.));
#4439 = ORIENTED_EDGE('',*,*,#4440,.T.);
#4440 = EDGE_CURVE('',#4433,#4441,#4443,.T.);
#4441 = VERTEX_POINT('',#4442);
#4442 = CARTESIAN_POINT('',(-1.27,1.016,2.54));
#4443 = LINE('',#4444,#4445);
#4444 = CARTESIAN_POINT('',(-1.016,1.27,2.54));
#4445 = VECTOR('',#4446,1.);
#4446 = DIRECTION('',(-0.707106781187,-0.707106781187,0.));
#4447 = ORIENTED_EDGE('',*,*,#4448,.F.);
#4448 = EDGE_CURVE('',#4449,#4441,#4451,.T.);
#4449 = VERTEX_POINT('',#4450);
#4450 = CARTESIAN_POINT('',(-1.27,1.016,0.));
#4451 = LINE('',#4452,#4453);
#4452 = CARTESIAN_POINT('',(-1.27,1.016,0.));
#4453 = VECTOR('',#4454,1.);
#4454 = DIRECTION('',(0.,0.,1.));
#4455 = ORIENTED_EDGE('',*,*,#4456,.F.);
#4456 = EDGE_CURVE('',#4431,#4449,#4457,.T.);
#4457 = LINE('',#4458,#4459);
#4458 = CARTESIAN_POINT('',(-1.016,1.27,0.));
#4459 = VECTOR('',#4460,1.);
#4460 = DIRECTION('',(-0.707106781187,-0.707106781187,0.));
#4461 = PLANE('',#4462);
#4462 = AXIS2_PLACEMENT_3D('',#4463,#4464,#4465);
#4463 = CARTESIAN_POINT('',(-1.016,1.27,0.));
#4464 = DIRECTION('',(0.707106781187,-0.707106781187,0.));
#4465 = DIRECTION('',(-0.707106781187,-0.707106781187,0.));
#4466 = ADVANCED_FACE('',(#4467),#4492,.F.);
#4467 = FACE_BOUND('',#4468,.F.);
#4468 = EDGE_LOOP('',(#4469,#4479,#4485,#4486));
#4469 = ORIENTED_EDGE('',*,*,#4470,.T.);
#4470 = EDGE_CURVE('',#4471,#4473,#4475,.T.);
#4471 = VERTEX_POINT('',#4472);
#4472 = CARTESIAN_POINT('',(1.016,1.27,0.));
#4473 = VERTEX_POINT('',#4474);
#4474 = CARTESIAN_POINT('',(1.016,1.27,2.54));
#4475 = LINE('',#4476,#4477);
#4476 = CARTESIAN_POINT('',(1.016,1.27,0.));
#4477 = VECTOR('',#4478,1.);
#4478 = DIRECTION('',(0.,0.,1.));
#4479 = ORIENTED_EDGE('',*,*,#4480,.T.);
#4480 = EDGE_CURVE('',#4473,#4433,#4481,.T.);
#4481 = LINE('',#4482,#4483);
#4482 = CARTESIAN_POINT('',(1.016,1.27,2.54));
#4483 = VECTOR('',#4484,1.);
#4484 = DIRECTION('',(-1.,0.,0.));
#4485 = ORIENTED_EDGE('',*,*,#4430,.F.);
#4486 = ORIENTED_EDGE('',*,*,#4487,.F.);
#4487 = EDGE_CURVE('',#4471,#4431,#4488,.T.);
#4488 = LINE('',#4489,#4490);
#4489 = CARTESIAN_POINT('',(1.016,1.27,0.));
#4490 = VECTOR('',#4491,1.);
#4491 = DIRECTION('',(-1.,0.,0.));
#4492 = PLANE('',#4493);
#4493 = AXIS2_PLACEMENT_3D('',#4494,#4495,#4496);
#4494 = CARTESIAN_POINT('',(1.016,1.27,0.));
#4495 = DIRECTION('',(0.,-1.,0.));
#4496 = DIRECTION('',(-1.,0.,0.));
#4497 = ADVANCED_FACE('',(#4498),#4523,.F.);
#4498 = FACE_BOUND('',#4499,.F.);
#4499 = EDGE_LOOP('',(#4500,#4501,#4509,#4517));
#4500 = ORIENTED_EDGE('',*,*,#4448,.T.);
#4501 = ORIENTED_EDGE('',*,*,#4502,.T.);
#4502 = EDGE_CURVE('',#4441,#4503,#4505,.T.);
#4503 = VERTEX_POINT('',#4504);
#4504 = CARTESIAN_POINT('',(-1.27,-1.016,2.54));
#4505 = LINE('',#4506,#4507);
#4506 = CARTESIAN_POINT('',(-1.27,1.016,2.54));
#4507 = VECTOR('',#4508,1.);
#4508 = DIRECTION('',(0.,-1.,0.));
#4509 = ORIENTED_EDGE('',*,*,#4510,.F.);
#4510 = EDGE_CURVE('',#4511,#4503,#4513,.T.);
#4511 = VERTEX_POINT('',#4512);
#4512 = CARTESIAN_POINT('',(-1.27,-1.016,0.));
#4513 = LINE('',#4514,#4515);
#4514 = CARTESIAN_POINT('',(-1.27,-1.016,0.));
#4515 = VECTOR('',#4516,1.);
#4516 = DIRECTION('',(0.,0.,1.));
#4517 = ORIENTED_EDGE('',*,*,#4518,.F.);
#4518 = EDGE_CURVE('',#4449,#4511,#4519,.T.);
#4519 = LINE('',#4520,#4521);
#4520 = CARTESIAN_POINT('',(-1.27,1.016,0.));
#4521 = VECTOR('',#4522,1.);
#4522 = DIRECTION('',(0.,-1.,0.));
#4523 = PLANE('',#4524);
#4524 = AXIS2_PLACEMENT_3D('',#4525,#4526,#4527);
#4525 = CARTESIAN_POINT('',(-1.27,1.016,0.));
#4526 = DIRECTION('',(1.,0.,0.));
#4527 = DIRECTION('',(0.,-1.,0.));
#4528 = ADVANCED_FACE('',(#4529,#4620,#4654),#4688,.F.);
#4529 = FACE_BOUND('',#4530,.F.);
#4530 = EDGE_LOOP('',(#4531,#4532,#4533,#4541,#4549,#4557,#4565,#4573,
    #4581,#4589,#4597,#4605,#4613,#4619));
#4531 = ORIENTED_EDGE('',*,*,#4456,.T.);
#4532 = ORIENTED_EDGE('',*,*,#4518,.T.);
#4533 = ORIENTED_EDGE('',*,*,#4534,.T.);
#4534 = EDGE_CURVE('',#4511,#4535,#4537,.T.);
#4535 = VERTEX_POINT('',#4536);
#4536 = CARTESIAN_POINT('',(-1.016,-1.27,0.));
#4537 = LINE('',#4538,#4539);
#4538 = CARTESIAN_POINT('',(-1.27,-1.016,0.));
#4539 = VECTOR('',#4540,1.);
#4540 = DIRECTION('',(0.707106781187,-0.707106781187,0.));
#4541 = ORIENTED_EDGE('',*,*,#4542,.T.);
#4542 = EDGE_CURVE('',#4535,#4543,#4545,.T.);
#4543 = VERTEX_POINT('',#4544);
#4544 = CARTESIAN_POINT('',(-1.27,-1.524,0.));
#4545 = LINE('',#4546,#4547);
#4546 = CARTESIAN_POINT('',(-1.016,-1.27,0.));
#4547 = VECTOR('',#4548,1.);
#4548 = DIRECTION('',(-0.707106781187,-0.707106781187,0.));
#4549 = ORIENTED_EDGE('',*,*,#4550,.T.);
#4550 = EDGE_CURVE('',#4543,#4551,#4553,.T.);
#4551 = VERTEX_POINT('',#4552);
#4552 = CARTESIAN_POINT('',(-1.27,-3.556,0.));
#4553 = LINE('',#4554,#4555);
#4554 = CARTESIAN_POINT('',(-1.27,-1.524,0.));
#4555 = VECTOR('',#4556,1.);
#4556 = DIRECTION('',(0.,-1.,0.));
#4557 = ORIENTED_EDGE('',*,*,#4558,.T.);
#4558 = EDGE_CURVE('',#4551,#4559,#4561,.T.);
#4559 = VERTEX_POINT('',#4560);
#4560 = CARTESIAN_POINT('',(-1.016,-3.81,0.));
#4561 = LINE('',#4562,#4563);
#4562 = CARTESIAN_POINT('',(-1.27,-3.556,0.));
#4563 = VECTOR('',#4564,1.);
#4564 = DIRECTION('',(0.707106781187,-0.707106781187,0.));
#4565 = ORIENTED_EDGE('',*,*,#4566,.T.);
#4566 = EDGE_CURVE('',#4559,#4567,#4569,.T.);
#4567 = VERTEX_POINT('',#4568);
#4568 = CARTESIAN_POINT('',(1.016,-3.81,0.));
#4569 = LINE('',#4570,#4571);
#4570 = CARTESIAN_POINT('',(-1.016,-3.81,0.));
#4571 = VECTOR('',#4572,1.);
#4572 = DIRECTION('',(1.,0.,0.));
#4573 = ORIENTED_EDGE('',*,*,#4574,.T.);
#4574 = EDGE_CURVE('',#4567,#4575,#4577,.T.);
#4575 = VERTEX_POINT('',#4576);
#4576 = CARTESIAN_POINT('',(1.27,-3.556,0.));
#4577 = LINE('',#4578,#4579);
#4578 = CARTESIAN_POINT('',(1.016,-3.81,0.));
#4579 = VECTOR('',#4580,1.);
#4580 = DIRECTION('',(0.707106781187,0.707106781187,0.));
#4581 = ORIENTED_EDGE('',*,*,#4582,.T.);
#4582 = EDGE_CURVE('',#4575,#4583,#4585,.T.);
#4583 = VERTEX_POINT('',#4584);
#4584 = CARTESIAN_POINT('',(1.27,-1.524,0.));
#4585 = LINE('',#4586,#4587);
#4586 = CARTESIAN_POINT('',(1.27,-3.556,0.));
#4587 = VECTOR('',#4588,1.);
#4588 = DIRECTION('',(0.,1.,0.));
#4589 = ORIENTED_EDGE('',*,*,#4590,.T.);
#4590 = EDGE_CURVE('',#4583,#4591,#4593,.T.);
#4591 = VERTEX_POINT('',#4592);
#4592 = CARTESIAN_POINT('',(1.016,-1.27,0.));
#4593 = LINE('',#4594,#4595);
#4594 = CARTESIAN_POINT('',(1.27,-1.524,0.));
#4595 = VECTOR('',#4596,1.);
#4596 = DIRECTION('',(-0.707106781187,0.707106781187,0.));
#4597 = ORIENTED_EDGE('',*,*,#4598,.T.);
#4598 = EDGE_CURVE('',#4591,#4599,#4601,.T.);
#4599 = VERTEX_POINT('',#4600);
#4600 = CARTESIAN_POINT('',(1.27,-1.016,0.));
#4601 = LINE('',#4602,#4603);
#4602 = CARTESIAN_POINT('',(1.016,-1.27,0.));
#4603 = VECTOR('',#4604,1.);
#4604 = DIRECTION('',(0.707106781187,0.707106781187,0.));
#4605 = ORIENTED_EDGE('',*,*,#4606,.T.);
#4606 = EDGE_CURVE('',#4599,#4607,#4609,.T.);
#4607 = VERTEX_POINT('',#4608);
#4608 = CARTESIAN_POINT('',(1.27,1.016,0.));
#4609 = LINE('',#4610,#4611);
#4610 = CARTESIAN_POINT('',(1.27,-1.016,0.));
#4611 = VECTOR('',#4612,1.);
#4612 = DIRECTION('',(0.,1.,0.));
#4613 = ORIENTED_EDGE('',*,*,#4614,.T.);
#4614 = EDGE_CURVE('',#4607,#4471,#4615,.T.);
#4615 = LINE('',#4616,#4617);
#4616 = CARTESIAN_POINT('',(1.27,1.016,0.));
#4617 = VECTOR('',#4618,1.);
#4618 = DIRECTION('',(-0.707106781187,0.707106781187,0.));
#4619 = ORIENTED_EDGE('',*,*,#4487,.T.);
#4620 = FACE_BOUND('',#4621,.F.);
#4621 = EDGE_LOOP('',(#4622,#4632,#4640,#4648));
#4622 = ORIENTED_EDGE('',*,*,#4623,.T.);
#4623 = EDGE_CURVE('',#4624,#4626,#4628,.T.);
#4624 = VERTEX_POINT('',#4625);
#4625 = CARTESIAN_POINT('',(0.32,-0.32,0.));
#4626 = VERTEX_POINT('',#4627);
#4627 = CARTESIAN_POINT('',(-0.32,-0.32,0.));
#4628 = LINE('',#4629,#4630);
#4629 = CARTESIAN_POINT('',(-0.16,-0.32,0.));
#4630 = VECTOR('',#4631,1.);
#4631 = DIRECTION('',(-1.,0.,0.));
#4632 = ORIENTED_EDGE('',*,*,#4633,.T.);
#4633 = EDGE_CURVE('',#4626,#4634,#4636,.T.);
#4634 = VERTEX_POINT('',#4635);
#4635 = CARTESIAN_POINT('',(-0.32,0.32,0.));
#4636 = LINE('',#4637,#4638);
#4637 = CARTESIAN_POINT('',(-0.32,-0.795,0.));
#4638 = VECTOR('',#4639,1.);
#4639 = DIRECTION('',(0.,1.,0.));
#4640 = ORIENTED_EDGE('',*,*,#4641,.F.);
#4641 = EDGE_CURVE('',#4642,#4634,#4644,.T.);
#4642 = VERTEX_POINT('',#4643);
#4643 = CARTESIAN_POINT('',(0.32,0.32,0.));
#4644 = LINE('',#4645,#4646);
#4645 = CARTESIAN_POINT('',(-0.16,0.32,0.));
#4646 = VECTOR('',#4647,1.);
#4647 = DIRECTION('',(-1.,0.,0.));
#4648 = ORIENTED_EDGE('',*,*,#4649,.F.);
#4649 = EDGE_CURVE('',#4624,#4642,#4650,.T.);
#4650 = LINE('',#4651,#4652);
#4651 = CARTESIAN_POINT('',(0.32,-0.795,0.));
#4652 = VECTOR('',#4653,1.);
#4653 = DIRECTION('',(0.,1.,0.));
#4654 = FACE_BOUND('',#4655,.F.);
#4655 = EDGE_LOOP('',(#4656,#4666,#4674,#4682));
#4656 = ORIENTED_EDGE('',*,*,#4657,.T.);
#4657 = EDGE_CURVE('',#4658,#4660,#4662,.T.);
#4658 = VERTEX_POINT('',#4659);
#4659 = CARTESIAN_POINT('',(0.32,-2.86,0.));
#4660 = VERTEX_POINT('',#4661);
#4661 = CARTESIAN_POINT('',(-0.32,-2.86,0.));
#4662 = LINE('',#4663,#4664);
#4663 = CARTESIAN_POINT('',(-0.16,-2.86,0.));
#4664 = VECTOR('',#4665,1.);
#4665 = DIRECTION('',(-1.,0.,0.));
#4666 = ORIENTED_EDGE('',*,*,#4667,.T.);
#4667 = EDGE_CURVE('',#4660,#4668,#4670,.T.);
#4668 = VERTEX_POINT('',#4669);
#4669 = CARTESIAN_POINT('',(-0.32,-2.22,0.));
#4670 = LINE('',#4671,#4672);
#4671 = CARTESIAN_POINT('',(-0.32,-2.065,0.));
#4672 = VECTOR('',#4673,1.);
#4673 = DIRECTION('',(0.,1.,0.));
#4674 = ORIENTED_EDGE('',*,*,#4675,.F.);
#4675 = EDGE_CURVE('',#4676,#4668,#4678,.T.);
#4676 = VERTEX_POINT('',#4677);
#4677 = CARTESIAN_POINT('',(0.32,-2.22,0.));
#4678 = LINE('',#4679,#4680);
#4679 = CARTESIAN_POINT('',(-0.16,-2.22,0.));
#4680 = VECTOR('',#4681,1.);
#4681 = DIRECTION('',(-1.,0.,0.));
#4682 = ORIENTED_EDGE('',*,*,#4683,.F.);
#4683 = EDGE_CURVE('',#4658,#4676,#4684,.T.);
#4684 = LINE('',#4685,#4686);
#4685 = CARTESIAN_POINT('',(0.32,-2.065,0.));
#4686 = VECTOR('',#4687,1.);
#4687 = DIRECTION('',(0.,1.,0.));
#4688 = PLANE('',#4689);
#4689 = AXIS2_PLACEMENT_3D('',#4690,#4691,#4692);
#4690 = CARTESIAN_POINT('',(1.473843703412E-17,-1.27,0.));
#4691 = DIRECTION('',(0.,0.,1.));
#4692 = DIRECTION('',(1.,0.,-0.));
#4693 = ADVANCED_FACE('',(#4694,#4785,#4819),#4853,.T.);
#4694 = FACE_BOUND('',#4695,.T.);
#4695 = EDGE_LOOP('',(#4696,#4697,#4698,#4706,#4714,#4722,#4730,#4738,
    #4746,#4754,#4762,#4770,#4778,#4784));
#4696 = ORIENTED_EDGE('',*,*,#4440,.T.);
#4697 = ORIENTED_EDGE('',*,*,#4502,.T.);
#4698 = ORIENTED_EDGE('',*,*,#4699,.T.);
#4699 = EDGE_CURVE('',#4503,#4700,#4702,.T.);
#4700 = VERTEX_POINT('',#4701);
#4701 = CARTESIAN_POINT('',(-1.016,-1.27,2.54));
#4702 = LINE('',#4703,#4704);
#4703 = CARTESIAN_POINT('',(-1.27,-1.016,2.54));
#4704 = VECTOR('',#4705,1.);
#4705 = DIRECTION('',(0.707106781187,-0.707106781187,0.));
#4706 = ORIENTED_EDGE('',*,*,#4707,.T.);
#4707 = EDGE_CURVE('',#4700,#4708,#4710,.T.);
#4708 = VERTEX_POINT('',#4709);
#4709 = CARTESIAN_POINT('',(-1.27,-1.524,2.54));
#4710 = LINE('',#4711,#4712);
#4711 = CARTESIAN_POINT('',(-1.016,-1.27,2.54));
#4712 = VECTOR('',#4713,1.);
#4713 = DIRECTION('',(-0.707106781187,-0.707106781187,0.));
#4714 = ORIENTED_EDGE('',*,*,#4715,.T.);
#4715 = EDGE_CURVE('',#4708,#4716,#4718,.T.);
#4716 = VERTEX_POINT('',#4717);
#4717 = CARTESIAN_POINT('',(-1.27,-3.556,2.54));
#4718 = LINE('',#4719,#4720);
#4719 = CARTESIAN_POINT('',(-1.27,-1.524,2.54));
#4720 = VECTOR('',#4721,1.);
#4721 = DIRECTION('',(0.,-1.,0.));
#4722 = ORIENTED_EDGE('',*,*,#4723,.T.);
#4723 = EDGE_CURVE('',#4716,#4724,#4726,.T.);
#4724 = VERTEX_POINT('',#4725);
#4725 = CARTESIAN_POINT('',(-1.016,-3.81,2.54));
#4726 = LINE('',#4727,#4728);
#4727 = CARTESIAN_POINT('',(-1.27,-3.556,2.54));
#4728 = VECTOR('',#4729,1.);
#4729 = DIRECTION('',(0.707106781187,-0.707106781187,0.));
#4730 = ORIENTED_EDGE('',*,*,#4731,.T.);
#4731 = EDGE_CURVE('',#4724,#4732,#4734,.T.);
#4732 = VERTEX_POINT('',#4733);
#4733 = CARTESIAN_POINT('',(1.016,-3.81,2.54));
#4734 = LINE('',#4735,#4736);
#4735 = CARTESIAN_POINT('',(-1.016,-3.81,2.54));
#4736 = VECTOR('',#4737,1.);
#4737 = DIRECTION('',(1.,0.,0.));
#4738 = ORIENTED_EDGE('',*,*,#4739,.T.);
#4739 = EDGE_CURVE('',#4732,#4740,#4742,.T.);
#4740 = VERTEX_POINT('',#4741);
#4741 = CARTESIAN_POINT('',(1.27,-3.556,2.54));
#4742 = LINE('',#4743,#4744);
#4743 = CARTESIAN_POINT('',(1.016,-3.81,2.54));
#4744 = VECTOR('',#4745,1.);
#4745 = DIRECTION('',(0.707106781187,0.707106781187,0.));
#4746 = ORIENTED_EDGE('',*,*,#4747,.T.);
#4747 = EDGE_CURVE('',#4740,#4748,#4750,.T.);
#4748 = VERTEX_POINT('',#4749);
#4749 = CARTESIAN_POINT('',(1.27,-1.524,2.54));
#4750 = LINE('',#4751,#4752);
#4751 = CARTESIAN_POINT('',(1.27,-3.556,2.54));
#4752 = VECTOR('',#4753,1.);
#4753 = DIRECTION('',(0.,1.,0.));
#4754 = ORIENTED_EDGE('',*,*,#4755,.T.);
#4755 = EDGE_CURVE('',#4748,#4756,#4758,.T.);
#4756 = VERTEX_POINT('',#4757);
#4757 = CARTESIAN_POINT('',(1.016,-1.27,2.54));
#4758 = LINE('',#4759,#4760);
#4759 = CARTESIAN_POINT('',(1.27,-1.524,2.54));
#4760 = VECTOR('',#4761,1.);
#4761 = DIRECTION('',(-0.707106781187,0.707106781187,0.));
#4762 = ORIENTED_EDGE('',*,*,#4763,.T.);
#4763 = EDGE_CURVE('',#4756,#4764,#4766,.T.);
#4764 = VERTEX_POINT('',#4765);
#4765 = CARTESIAN_POINT('',(1.27,-1.016,2.54));
#4766 = LINE('',#4767,#4768);
#4767 = CARTESIAN_POINT('',(1.016,-1.27,2.54));
#4768 = VECTOR('',#4769,1.);
#4769 = DIRECTION('',(0.707106781187,0.707106781187,0.));
#4770 = ORIENTED_EDGE('',*,*,#4771,.T.);
#4771 = EDGE_CURVE('',#4764,#4772,#4774,.T.);
#4772 = VERTEX_POINT('',#4773);
#4773 = CARTESIAN_POINT('',(1.27,1.016,2.54));
#4774 = LINE('',#4775,#4776);
#4775 = CARTESIAN_POINT('',(1.27,-1.016,2.54));
#4776 = VECTOR('',#4777,1.);
#4777 = DIRECTION('',(0.,1.,0.));
#4778 = ORIENTED_EDGE('',*,*,#4779,.T.);
#4779 = EDGE_CURVE('',#4772,#4473,#4780,.T.);
#4780 = LINE('',#4781,#4782);
#4781 = CARTESIAN_POINT('',(1.27,1.016,2.54));
#4782 = VECTOR('',#4783,1.);
#4783 = DIRECTION('',(-0.707106781187,0.707106781187,0.));
#4784 = ORIENTED_EDGE('',*,*,#4480,.T.);
#4785 = FACE_BOUND('',#4786,.T.);
#4786 = EDGE_LOOP('',(#4787,#4797,#4805,#4813));
#4787 = ORIENTED_EDGE('',*,*,#4788,.T.);
#4788 = EDGE_CURVE('',#4789,#4791,#4793,.T.);
#4789 = VERTEX_POINT('',#4790);
#4790 = CARTESIAN_POINT('',(0.32,-0.32,2.54));
#4791 = VERTEX_POINT('',#4792);
#4792 = CARTESIAN_POINT('',(-0.32,-0.32,2.54));
#4793 = LINE('',#4794,#4795);
#4794 = CARTESIAN_POINT('',(-0.16,-0.32,2.54));
#4795 = VECTOR('',#4796,1.);
#4796 = DIRECTION('',(-1.,0.,0.));
#4797 = ORIENTED_EDGE('',*,*,#4798,.T.);
#4798 = EDGE_CURVE('',#4791,#4799,#4801,.T.);
#4799 = VERTEX_POINT('',#4800);
#4800 = CARTESIAN_POINT('',(-0.32,0.32,2.54));
#4801 = LINE('',#4802,#4803);
#4802 = CARTESIAN_POINT('',(-0.32,-0.795,2.54));
#4803 = VECTOR('',#4804,1.);
#4804 = DIRECTION('',(0.,1.,0.));
#4805 = ORIENTED_EDGE('',*,*,#4806,.F.);
#4806 = EDGE_CURVE('',#4807,#4799,#4809,.T.);
#4807 = VERTEX_POINT('',#4808);
#4808 = CARTESIAN_POINT('',(0.32,0.32,2.54));
#4809 = LINE('',#4810,#4811);
#4810 = CARTESIAN_POINT('',(-0.16,0.32,2.54));
#4811 = VECTOR('',#4812,1.);
#4812 = DIRECTION('',(-1.,0.,0.));
#4813 = ORIENTED_EDGE('',*,*,#4814,.F.);
#4814 = EDGE_CURVE('',#4789,#4807,#4815,.T.);
#4815 = LINE('',#4816,#4817);
#4816 = CARTESIAN_POINT('',(0.32,-0.795,2.54));
#4817 = VECTOR('',#4818,1.);
#4818 = DIRECTION('',(0.,1.,0.));
#4819 = FACE_BOUND('',#4820,.T.);
#4820 = EDGE_LOOP('',(#4821,#4831,#4839,#4847));
#4821 = ORIENTED_EDGE('',*,*,#4822,.T.);
#4822 = EDGE_CURVE('',#4823,#4825,#4827,.T.);
#4823 = VERTEX_POINT('',#4824);
#4824 = CARTESIAN_POINT('',(0.32,-2.86,2.54));
#4825 = VERTEX_POINT('',#4826);
#4826 = CARTESIAN_POINT('',(-0.32,-2.86,2.54));
#4827 = LINE('',#4828,#4829);
#4828 = CARTESIAN_POINT('',(-0.16,-2.86,2.54));
#4829 = VECTOR('',#4830,1.);
#4830 = DIRECTION('',(-1.,0.,0.));
#4831 = ORIENTED_EDGE('',*,*,#4832,.T.);
#4832 = EDGE_CURVE('',#4825,#4833,#4835,.T.);
#4833 = VERTEX_POINT('',#4834);
#4834 = CARTESIAN_POINT('',(-0.32,-2.22,2.54));
#4835 = LINE('',#4836,#4837);
#4836 = CARTESIAN_POINT('',(-0.32,-2.065,2.54));
#4837 = VECTOR('',#4838,1.);
#4838 = DIRECTION('',(0.,1.,0.));
#4839 = ORIENTED_EDGE('',*,*,#4840,.F.);
#4840 = EDGE_CURVE('',#4841,#4833,#4843,.T.);
#4841 = VERTEX_POINT('',#4842);
#4842 = CARTESIAN_POINT('',(0.32,-2.22,2.54));
#4843 = LINE('',#4844,#4845);
#4844 = CARTESIAN_POINT('',(-0.16,-2.22,2.54));
#4845 = VECTOR('',#4846,1.);
#4846 = DIRECTION('',(-1.,0.,0.));
#4847 = ORIENTED_EDGE('',*,*,#4848,.F.);
#4848 = EDGE_CURVE('',#4823,#4841,#4849,.T.);
#4849 = LINE('',#4850,#4851);
#4850 = CARTESIAN_POINT('',(0.32,-2.065,2.54));
#4851 = VECTOR('',#4852,1.);
#4852 = DIRECTION('',(0.,1.,0.));
#4853 = PLANE('',#4854);
#4854 = AXIS2_PLACEMENT_3D('',#4855,#4856,#4857);
#4855 = CARTESIAN_POINT('',(1.473843703412E-17,-1.27,2.54));
#4856 = DIRECTION('',(0.,0.,1.));
#4857 = DIRECTION('',(1.,0.,-0.));
#4858 = ADVANCED_FACE('',(#4859),#4870,.F.);
#4859 = FACE_BOUND('',#4860,.F.);
#4860 = EDGE_LOOP('',(#4861,#4867,#4868,#4869));
#4861 = ORIENTED_EDGE('',*,*,#4862,.T.);
#4862 = EDGE_CURVE('',#4607,#4772,#4863,.T.);
#4863 = LINE('',#4864,#4865);
#4864 = CARTESIAN_POINT('',(1.27,1.016,0.));
#4865 = VECTOR('',#4866,1.);
#4866 = DIRECTION('',(0.,0.,1.));
#4867 = ORIENTED_EDGE('',*,*,#4779,.T.);
#4868 = ORIENTED_EDGE('',*,*,#4470,.F.);
#4869 = ORIENTED_EDGE('',*,*,#4614,.F.);
#4870 = PLANE('',#4871);
#4871 = AXIS2_PLACEMENT_3D('',#4872,#4873,#4874);
#4872 = CARTESIAN_POINT('',(1.27,1.016,0.));
#4873 = DIRECTION('',(-0.707106781187,-0.707106781187,0.));
#4874 = DIRECTION('',(-0.707106781187,0.707106781187,0.));
#4875 = ADVANCED_FACE('',(#4876),#4887,.F.);
#4876 = FACE_BOUND('',#4877,.F.);
#4877 = EDGE_LOOP('',(#4878,#4879,#4880,#4886));
#4878 = ORIENTED_EDGE('',*,*,#4510,.T.);
#4879 = ORIENTED_EDGE('',*,*,#4699,.T.);
#4880 = ORIENTED_EDGE('',*,*,#4881,.F.);
#4881 = EDGE_CURVE('',#4535,#4700,#4882,.T.);
#4882 = LINE('',#4883,#4884);
#4883 = CARTESIAN_POINT('',(-1.016,-1.27,0.));
#4884 = VECTOR('',#4885,1.);
#4885 = DIRECTION('',(0.,0.,1.));
#4886 = ORIENTED_EDGE('',*,*,#4534,.F.);
#4887 = PLANE('',#4888);
#4888 = AXIS2_PLACEMENT_3D('',#4889,#4890,#4891);
#4889 = CARTESIAN_POINT('',(-1.27,-1.016,0.));
#4890 = DIRECTION('',(0.707106781187,0.707106781187,0.));
#4891 = DIRECTION('',(0.707106781187,-0.707106781187,0.));
#4892 = ADVANCED_FACE('',(#4893),#4904,.F.);
#4893 = FACE_BOUND('',#4894,.F.);
#4894 = EDGE_LOOP('',(#4895,#4901,#4902,#4903));
#4895 = ORIENTED_EDGE('',*,*,#4896,.T.);
#4896 = EDGE_CURVE('',#4599,#4764,#4897,.T.);
#4897 = LINE('',#4898,#4899);
#4898 = CARTESIAN_POINT('',(1.27,-1.016,0.));
#4899 = VECTOR('',#4900,1.);
#4900 = DIRECTION('',(0.,0.,1.));
#4901 = ORIENTED_EDGE('',*,*,#4771,.T.);
#4902 = ORIENTED_EDGE('',*,*,#4862,.F.);
#4903 = ORIENTED_EDGE('',*,*,#4606,.F.);
#4904 = PLANE('',#4905);
#4905 = AXIS2_PLACEMENT_3D('',#4906,#4907,#4908);
#4906 = CARTESIAN_POINT('',(1.27,-1.016,0.));
#4907 = DIRECTION('',(-1.,0.,0.));
#4908 = DIRECTION('',(0.,1.,0.));
#4909 = ADVANCED_FACE('',(#4910),#4921,.F.);
#4910 = FACE_BOUND('',#4911,.F.);
#4911 = EDGE_LOOP('',(#4912,#4913,#4914,#4920));
#4912 = ORIENTED_EDGE('',*,*,#4881,.T.);
#4913 = ORIENTED_EDGE('',*,*,#4707,.T.);
#4914 = ORIENTED_EDGE('',*,*,#4915,.F.);
#4915 = EDGE_CURVE('',#4543,#4708,#4916,.T.);
#4916 = LINE('',#4917,#4918);
#4917 = CARTESIAN_POINT('',(-1.27,-1.524,0.));
#4918 = VECTOR('',#4919,1.);
#4919 = DIRECTION('',(0.,0.,1.));
#4920 = ORIENTED_EDGE('',*,*,#4542,.F.);
#4921 = PLANE('',#4922);
#4922 = AXIS2_PLACEMENT_3D('',#4923,#4924,#4925);
#4923 = CARTESIAN_POINT('',(-1.016,-1.27,0.));
#4924 = DIRECTION('',(0.707106781187,-0.707106781187,0.));
#4925 = DIRECTION('',(-0.707106781187,-0.707106781187,0.));
#4926 = ADVANCED_FACE('',(#4927),#4938,.F.);
#4927 = FACE_BOUND('',#4928,.F.);
#4928 = EDGE_LOOP('',(#4929,#4935,#4936,#4937));
#4929 = ORIENTED_EDGE('',*,*,#4930,.T.);
#4930 = EDGE_CURVE('',#4591,#4756,#4931,.T.);
#4931 = LINE('',#4932,#4933);
#4932 = CARTESIAN_POINT('',(1.016,-1.27,0.));
#4933 = VECTOR('',#4934,1.);
#4934 = DIRECTION('',(0.,0.,1.));
#4935 = ORIENTED_EDGE('',*,*,#4763,.T.);
#4936 = ORIENTED_EDGE('',*,*,#4896,.F.);
#4937 = ORIENTED_EDGE('',*,*,#4598,.F.);
#4938 = PLANE('',#4939);
#4939 = AXIS2_PLACEMENT_3D('',#4940,#4941,#4942);
#4940 = CARTESIAN_POINT('',(1.016,-1.27,0.));
#4941 = DIRECTION('',(-0.707106781187,0.707106781187,0.));
#4942 = DIRECTION('',(0.707106781187,0.707106781187,0.));
#4943 = ADVANCED_FACE('',(#4944),#4955,.F.);
#4944 = FACE_BOUND('',#4945,.F.);
#4945 = EDGE_LOOP('',(#4946,#4947,#4948,#4954));
#4946 = ORIENTED_EDGE('',*,*,#4915,.T.);
#4947 = ORIENTED_EDGE('',*,*,#4715,.T.);
#4948 = ORIENTED_EDGE('',*,*,#4949,.F.);
#4949 = EDGE_CURVE('',#4551,#4716,#4950,.T.);
#4950 = LINE('',#4951,#4952);
#4951 = CARTESIAN_POINT('',(-1.27,-3.556,0.));
#4952 = VECTOR('',#4953,1.);
#4953 = DIRECTION('',(0.,0.,1.));
#4954 = ORIENTED_EDGE('',*,*,#4550,.F.);
#4955 = PLANE('',#4956);
#4956 = AXIS2_PLACEMENT_3D('',#4957,#4958,#4959);
#4957 = CARTESIAN_POINT('',(-1.27,-1.524,0.));
#4958 = DIRECTION('',(1.,0.,0.));
#4959 = DIRECTION('',(0.,-1.,0.));
#4960 = ADVANCED_FACE('',(#4961),#4972,.F.);
#4961 = FACE_BOUND('',#4962,.F.);
#4962 = EDGE_LOOP('',(#4963,#4969,#4970,#4971));
#4963 = ORIENTED_EDGE('',*,*,#4964,.T.);
#4964 = EDGE_CURVE('',#4583,#4748,#4965,.T.);
#4965 = LINE('',#4966,#4967);
#4966 = CARTESIAN_POINT('',(1.27,-1.524,0.));
#4967 = VECTOR('',#4968,1.);
#4968 = DIRECTION('',(0.,0.,1.));
#4969 = ORIENTED_EDGE('',*,*,#4755,.T.);
#4970 = ORIENTED_EDGE('',*,*,#4930,.F.);
#4971 = ORIENTED_EDGE('',*,*,#4590,.F.);
#4972 = PLANE('',#4973);
#4973 = AXIS2_PLACEMENT_3D('',#4974,#4975,#4976);
#4974 = CARTESIAN_POINT('',(1.27,-1.524,0.));
#4975 = DIRECTION('',(-0.707106781187,-0.707106781187,0.));
#4976 = DIRECTION('',(-0.707106781187,0.707106781187,0.));
#4977 = ADVANCED_FACE('',(#4978),#4989,.F.);
#4978 = FACE_BOUND('',#4979,.F.);
#4979 = EDGE_LOOP('',(#4980,#4981,#4982,#4988));
#4980 = ORIENTED_EDGE('',*,*,#4949,.T.);
#4981 = ORIENTED_EDGE('',*,*,#4723,.T.);
#4982 = ORIENTED_EDGE('',*,*,#4983,.F.);
#4983 = EDGE_CURVE('',#4559,#4724,#4984,.T.);
#4984 = LINE('',#4985,#4986);
#4985 = CARTESIAN_POINT('',(-1.016,-3.81,0.));
#4986 = VECTOR('',#4987,1.);
#4987 = DIRECTION('',(0.,0.,1.));
#4988 = ORIENTED_EDGE('',*,*,#4558,.F.);
#4989 = PLANE('',#4990);
#4990 = AXIS2_PLACEMENT_3D('',#4991,#4992,#4993);
#4991 = CARTESIAN_POINT('',(-1.27,-3.556,0.));
#4992 = DIRECTION('',(0.707106781187,0.707106781187,0.));
#4993 = DIRECTION('',(0.707106781187,-0.707106781187,0.));
#4994 = ADVANCED_FACE('',(#4995),#5006,.F.);
#4995 = FACE_BOUND('',#4996,.F.);
#4996 = EDGE_LOOP('',(#4997,#5003,#5004,#5005));
#4997 = ORIENTED_EDGE('',*,*,#4998,.T.);
#4998 = EDGE_CURVE('',#4575,#4740,#4999,.T.);
#4999 = LINE('',#5000,#5001);
#5000 = CARTESIAN_POINT('',(1.27,-3.556,0.));
#5001 = VECTOR('',#5002,1.);
#5002 = DIRECTION('',(0.,0.,1.));
#5003 = ORIENTED_EDGE('',*,*,#4747,.T.);
#5004 = ORIENTED_EDGE('',*,*,#4964,.F.);
#5005 = ORIENTED_EDGE('',*,*,#4582,.F.);
#5006 = PLANE('',#5007);
#5007 = AXIS2_PLACEMENT_3D('',#5008,#5009,#5010);
#5008 = CARTESIAN_POINT('',(1.27,-3.556,0.));
#5009 = DIRECTION('',(-1.,0.,0.));
#5010 = DIRECTION('',(0.,1.,0.));
#5011 = ADVANCED_FACE('',(#5012),#5023,.F.);
#5012 = FACE_BOUND('',#5013,.F.);
#5013 = EDGE_LOOP('',(#5014,#5015,#5016,#5022));
#5014 = ORIENTED_EDGE('',*,*,#4983,.T.);
#5015 = ORIENTED_EDGE('',*,*,#4731,.T.);
#5016 = ORIENTED_EDGE('',*,*,#5017,.F.);
#5017 = EDGE_CURVE('',#4567,#4732,#5018,.T.);
#5018 = LINE('',#5019,#5020);
#5019 = CARTESIAN_POINT('',(1.016,-3.81,0.));
#5020 = VECTOR('',#5021,1.);
#5021 = DIRECTION('',(0.,0.,1.));
#5022 = ORIENTED_EDGE('',*,*,#4566,.F.);
#5023 = PLANE('',#5024);
#5024 = AXIS2_PLACEMENT_3D('',#5025,#5026,#5027);
#5025 = CARTESIAN_POINT('',(-1.016,-3.81,0.));
#5026 = DIRECTION('',(0.,1.,0.));
#5027 = DIRECTION('',(1.,0.,0.));
#5028 = ADVANCED_FACE('',(#5029),#5035,.F.);
#5029 = FACE_BOUND('',#5030,.F.);
#5030 = EDGE_LOOP('',(#5031,#5032,#5033,#5034));
#5031 = ORIENTED_EDGE('',*,*,#5017,.T.);
#5032 = ORIENTED_EDGE('',*,*,#4739,.T.);
#5033 = ORIENTED_EDGE('',*,*,#4998,.F.);
#5034 = ORIENTED_EDGE('',*,*,#4574,.F.);
#5035 = PLANE('',#5036);
#5036 = AXIS2_PLACEMENT_3D('',#5037,#5038,#5039);
#5037 = CARTESIAN_POINT('',(1.016,-3.81,0.));
#5038 = DIRECTION('',(-0.707106781187,0.707106781187,0.));
#5039 = DIRECTION('',(0.707106781187,0.707106781187,0.));
#5040 = ADVANCED_FACE('',(#5041),#5066,.F.);
#5041 = FACE_BOUND('',#5042,.F.);
#5042 = EDGE_LOOP('',(#5043,#5051,#5059,#5065));
#5043 = ORIENTED_EDGE('',*,*,#5044,.F.);
#5044 = EDGE_CURVE('',#5045,#4624,#5047,.T.);
#5045 = VERTEX_POINT('',#5046);
#5046 = CARTESIAN_POINT('',(0.32,-0.32,-2.84));
#5047 = LINE('',#5048,#5049);
#5048 = CARTESIAN_POINT('',(0.32,-0.32,-3.));
#5049 = VECTOR('',#5050,1.);
#5050 = DIRECTION('',(0.,0.,1.));
#5051 = ORIENTED_EDGE('',*,*,#5052,.F.);
#5052 = EDGE_CURVE('',#5053,#5045,#5055,.T.);
#5053 = VERTEX_POINT('',#5054);
#5054 = CARTESIAN_POINT('',(-0.32,-0.32,-2.84));
#5055 = LINE('',#5056,#5057);
#5056 = CARTESIAN_POINT('',(-0.32,-0.32,-2.84));
#5057 = VECTOR('',#5058,1.);
#5058 = DIRECTION('',(1.,0.,0.));
#5059 = ORIENTED_EDGE('',*,*,#5060,.T.);
#5060 = EDGE_CURVE('',#5053,#4626,#5061,.T.);
#5061 = LINE('',#5062,#5063);
#5062 = CARTESIAN_POINT('',(-0.32,-0.32,-3.));
#5063 = VECTOR('',#5064,1.);
#5064 = DIRECTION('',(0.,0.,1.));
#5065 = ORIENTED_EDGE('',*,*,#4623,.F.);
#5066 = PLANE('',#5067);
#5067 = AXIS2_PLACEMENT_3D('',#5068,#5069,#5070);
#5068 = CARTESIAN_POINT('',(-0.32,-0.32,-3.));
#5069 = DIRECTION('',(0.,1.,0.));
#5070 = DIRECTION('',(0.,-0.,1.));
#5071 = ADVANCED_FACE('',(#5072),#5090,.T.);
#5072 = FACE_BOUND('',#5073,.T.);
#5073 = EDGE_LOOP('',(#5074,#5075,#5083,#5089));
#5074 = ORIENTED_EDGE('',*,*,#5044,.F.);
#5075 = ORIENTED_EDGE('',*,*,#5076,.T.);
#5076 = EDGE_CURVE('',#5045,#5077,#5079,.T.);
#5077 = VERTEX_POINT('',#5078);
#5078 = CARTESIAN_POINT('',(0.32,0.32,-2.84));
#5079 = LINE('',#5080,#5081);
#5080 = CARTESIAN_POINT('',(0.32,-0.32,-2.84));
#5081 = VECTOR('',#5082,1.);
#5082 = DIRECTION('',(0.,1.,0.));
#5083 = ORIENTED_EDGE('',*,*,#5084,.T.);
#5084 = EDGE_CURVE('',#5077,#4642,#5085,.T.);
#5085 = LINE('',#5086,#5087);
#5086 = CARTESIAN_POINT('',(0.32,0.32,-3.));
#5087 = VECTOR('',#5088,1.);
#5088 = DIRECTION('',(0.,0.,1.));
#5089 = ORIENTED_EDGE('',*,*,#4649,.F.);
#5090 = PLANE('',#5091);
#5091 = AXIS2_PLACEMENT_3D('',#5092,#5093,#5094);
#5092 = CARTESIAN_POINT('',(0.32,-0.32,-3.));
#5093 = DIRECTION('',(1.,0.,0.));
#5094 = DIRECTION('',(0.,0.,1.));
#5095 = ADVANCED_FACE('',(#5096),#5114,.T.);
#5096 = FACE_BOUND('',#5097,.T.);
#5097 = EDGE_LOOP('',(#5098,#5099,#5107,#5113));
#5098 = ORIENTED_EDGE('',*,*,#5084,.F.);
#5099 = ORIENTED_EDGE('',*,*,#5100,.F.);
#5100 = EDGE_CURVE('',#5101,#5077,#5103,.T.);
#5101 = VERTEX_POINT('',#5102);
#5102 = CARTESIAN_POINT('',(-0.32,0.32,-2.84));
#5103 = LINE('',#5104,#5105);
#5104 = CARTESIAN_POINT('',(-0.32,0.32,-2.84));
#5105 = VECTOR('',#5106,1.);
#5106 = DIRECTION('',(1.,0.,0.));
#5107 = ORIENTED_EDGE('',*,*,#5108,.T.);
#5108 = EDGE_CURVE('',#5101,#4634,#5109,.T.);
#5109 = LINE('',#5110,#5111);
#5110 = CARTESIAN_POINT('',(-0.32,0.32,-3.));
#5111 = VECTOR('',#5112,1.);
#5112 = DIRECTION('',(0.,0.,1.));
#5113 = ORIENTED_EDGE('',*,*,#4641,.F.);
#5114 = PLANE('',#5115);
#5115 = AXIS2_PLACEMENT_3D('',#5116,#5117,#5118);
#5116 = CARTESIAN_POINT('',(-0.32,0.32,-3.));
#5117 = DIRECTION('',(0.,1.,0.));
#5118 = DIRECTION('',(0.,-0.,1.));
#5119 = ADVANCED_FACE('',(#5120),#5131,.F.);
#5120 = FACE_BOUND('',#5121,.F.);
#5121 = EDGE_LOOP('',(#5122,#5123,#5129,#5130));
#5122 = ORIENTED_EDGE('',*,*,#5060,.F.);
#5123 = ORIENTED_EDGE('',*,*,#5124,.T.);
#5124 = EDGE_CURVE('',#5053,#5101,#5125,.T.);
#5125 = LINE('',#5126,#5127);
#5126 = CARTESIAN_POINT('',(-0.32,-0.32,-2.84));
#5127 = VECTOR('',#5128,1.);
#5128 = DIRECTION('',(0.,1.,0.));
#5129 = ORIENTED_EDGE('',*,*,#5108,.T.);
#5130 = ORIENTED_EDGE('',*,*,#4633,.F.);
#5131 = PLANE('',#5132);
#5132 = AXIS2_PLACEMENT_3D('',#5133,#5134,#5135);
#5133 = CARTESIAN_POINT('',(-0.32,-0.32,-3.));
#5134 = DIRECTION('',(1.,0.,0.));
#5135 = DIRECTION('',(0.,0.,1.));
#5136 = ADVANCED_FACE('',(#5137),#5162,.F.);
#5137 = FACE_BOUND('',#5138,.F.);
#5138 = EDGE_LOOP('',(#5139,#5147,#5155,#5161));
#5139 = ORIENTED_EDGE('',*,*,#5140,.F.);
#5140 = EDGE_CURVE('',#5141,#4658,#5143,.T.);
#5141 = VERTEX_POINT('',#5142);
#5142 = CARTESIAN_POINT('',(0.32,-2.86,-2.84));
#5143 = LINE('',#5144,#5145);
#5144 = CARTESIAN_POINT('',(0.32,-2.86,-3.));
#5145 = VECTOR('',#5146,1.);
#5146 = DIRECTION('',(0.,0.,1.));
#5147 = ORIENTED_EDGE('',*,*,#5148,.F.);
#5148 = EDGE_CURVE('',#5149,#5141,#5151,.T.);
#5149 = VERTEX_POINT('',#5150);
#5150 = CARTESIAN_POINT('',(-0.32,-2.86,-2.84));
#5151 = LINE('',#5152,#5153);
#5152 = CARTESIAN_POINT('',(-0.32,-2.86,-2.84));
#5153 = VECTOR('',#5154,1.);
#5154 = DIRECTION('',(1.,0.,0.));
#5155 = ORIENTED_EDGE('',*,*,#5156,.T.);
#5156 = EDGE_CURVE('',#5149,#4660,#5157,.T.);
#5157 = LINE('',#5158,#5159);
#5158 = CARTESIAN_POINT('',(-0.32,-2.86,-3.));
#5159 = VECTOR('',#5160,1.);
#5160 = DIRECTION('',(0.,0.,1.));
#5161 = ORIENTED_EDGE('',*,*,#4657,.F.);
#5162 = PLANE('',#5163);
#5163 = AXIS2_PLACEMENT_3D('',#5164,#5165,#5166);
#5164 = CARTESIAN_POINT('',(-0.32,-2.86,-3.));
#5165 = DIRECTION('',(0.,1.,0.));
#5166 = DIRECTION('',(0.,-0.,1.));
#5167 = ADVANCED_FACE('',(#5168),#5186,.T.);
#5168 = FACE_BOUND('',#5169,.T.);
#5169 = EDGE_LOOP('',(#5170,#5171,#5179,#5185));
#5170 = ORIENTED_EDGE('',*,*,#5140,.F.);
#5171 = ORIENTED_EDGE('',*,*,#5172,.T.);
#5172 = EDGE_CURVE('',#5141,#5173,#5175,.T.);
#5173 = VERTEX_POINT('',#5174);
#5174 = CARTESIAN_POINT('',(0.32,-2.22,-2.84));
#5175 = LINE('',#5176,#5177);
#5176 = CARTESIAN_POINT('',(0.32,-2.86,-2.84));
#5177 = VECTOR('',#5178,1.);
#5178 = DIRECTION('',(0.,1.,0.));
#5179 = ORIENTED_EDGE('',*,*,#5180,.T.);
#5180 = EDGE_CURVE('',#5173,#4676,#5181,.T.);
#5181 = LINE('',#5182,#5183);
#5182 = CARTESIAN_POINT('',(0.32,-2.22,-3.));
#5183 = VECTOR('',#5184,1.);
#5184 = DIRECTION('',(0.,0.,1.));
#5185 = ORIENTED_EDGE('',*,*,#4683,.F.);
#5186 = PLANE('',#5187);
#5187 = AXIS2_PLACEMENT_3D('',#5188,#5189,#5190);
#5188 = CARTESIAN_POINT('',(0.32,-2.86,-3.));
#5189 = DIRECTION('',(1.,0.,0.));
#5190 = DIRECTION('',(0.,0.,1.));
#5191 = ADVANCED_FACE('',(#5192),#5210,.T.);
#5192 = FACE_BOUND('',#5193,.T.);
#5193 = EDGE_LOOP('',(#5194,#5195,#5203,#5209));
#5194 = ORIENTED_EDGE('',*,*,#5180,.F.);
#5195 = ORIENTED_EDGE('',*,*,#5196,.F.);
#5196 = EDGE_CURVE('',#5197,#5173,#5199,.T.);
#5197 = VERTEX_POINT('',#5198);
#5198 = CARTESIAN_POINT('',(-0.32,-2.22,-2.84));
#5199 = LINE('',#5200,#5201);
#5200 = CARTESIAN_POINT('',(-0.32,-2.22,-2.84));
#5201 = VECTOR('',#5202,1.);
#5202 = DIRECTION('',(1.,0.,0.));
#5203 = ORIENTED_EDGE('',*,*,#5204,.T.);
#5204 = EDGE_CURVE('',#5197,#4668,#5205,.T.);
#5205 = LINE('',#5206,#5207);
#5206 = CARTESIAN_POINT('',(-0.32,-2.22,-3.));
#5207 = VECTOR('',#5208,1.);
#5208 = DIRECTION('',(0.,0.,1.));
#5209 = ORIENTED_EDGE('',*,*,#4675,.F.);
#5210 = PLANE('',#5211);
#5211 = AXIS2_PLACEMENT_3D('',#5212,#5213,#5214);
#5212 = CARTESIAN_POINT('',(-0.32,-2.22,-3.));
#5213 = DIRECTION('',(0.,1.,0.));
#5214 = DIRECTION('',(0.,-0.,1.));
#5215 = ADVANCED_FACE('',(#5216),#5227,.F.);
#5216 = FACE_BOUND('',#5217,.F.);
#5217 = EDGE_LOOP('',(#5218,#5219,#5225,#5226));
#5218 = ORIENTED_EDGE('',*,*,#5156,.F.);
#5219 = ORIENTED_EDGE('',*,*,#5220,.T.);
#5220 = EDGE_CURVE('',#5149,#5197,#5221,.T.);
#5221 = LINE('',#5222,#5223);
#5222 = CARTESIAN_POINT('',(-0.32,-2.86,-2.84));
#5223 = VECTOR('',#5224,1.);
#5224 = DIRECTION('',(0.,1.,0.));
#5225 = ORIENTED_EDGE('',*,*,#5204,.T.);
#5226 = ORIENTED_EDGE('',*,*,#4667,.F.);
#5227 = PLANE('',#5228);
#5228 = AXIS2_PLACEMENT_3D('',#5229,#5230,#5231);
#5229 = CARTESIAN_POINT('',(-0.32,-2.86,-3.));
#5230 = DIRECTION('',(1.,0.,0.));
#5231 = DIRECTION('',(0.,0.,1.));
#5232 = ADVANCED_FACE('',(#5233),#5258,.F.);
#5233 = FACE_BOUND('',#5234,.F.);
#5234 = EDGE_LOOP('',(#5235,#5243,#5244,#5252));
#5235 = ORIENTED_EDGE('',*,*,#5236,.F.);
#5236 = EDGE_CURVE('',#4789,#5237,#5239,.T.);
#5237 = VERTEX_POINT('',#5238);
#5238 = CARTESIAN_POINT('',(0.32,-0.32,8.38));
#5239 = LINE('',#5240,#5241);
#5240 = CARTESIAN_POINT('',(0.32,-0.32,-3.));
#5241 = VECTOR('',#5242,1.);
#5242 = DIRECTION('',(0.,0.,1.));
#5243 = ORIENTED_EDGE('',*,*,#4788,.T.);
#5244 = ORIENTED_EDGE('',*,*,#5245,.T.);
#5245 = EDGE_CURVE('',#4791,#5246,#5248,.T.);
#5246 = VERTEX_POINT('',#5247);
#5247 = CARTESIAN_POINT('',(-0.32,-0.32,8.38));
#5248 = LINE('',#5249,#5250);
#5249 = CARTESIAN_POINT('',(-0.32,-0.32,-3.));
#5250 = VECTOR('',#5251,1.);
#5251 = DIRECTION('',(0.,0.,1.));
#5252 = ORIENTED_EDGE('',*,*,#5253,.T.);
#5253 = EDGE_CURVE('',#5246,#5237,#5254,.T.);
#5254 = LINE('',#5255,#5256);
#5255 = CARTESIAN_POINT('',(-0.32,-0.32,8.38));
#5256 = VECTOR('',#5257,1.);
#5257 = DIRECTION('',(1.,0.,0.));
#5258 = PLANE('',#5259);
#5259 = AXIS2_PLACEMENT_3D('',#5260,#5261,#5262);
#5260 = CARTESIAN_POINT('',(-0.32,-0.32,-3.));
#5261 = DIRECTION('',(0.,1.,0.));
#5262 = DIRECTION('',(0.,-0.,1.));
#5263 = ADVANCED_FACE('',(#5264),#5282,.T.);
#5264 = FACE_BOUND('',#5265,.T.);
#5265 = EDGE_LOOP('',(#5266,#5267,#5268,#5276));
#5266 = ORIENTED_EDGE('',*,*,#5236,.F.);
#5267 = ORIENTED_EDGE('',*,*,#4814,.T.);
#5268 = ORIENTED_EDGE('',*,*,#5269,.T.);
#5269 = EDGE_CURVE('',#4807,#5270,#5272,.T.);
#5270 = VERTEX_POINT('',#5271);
#5271 = CARTESIAN_POINT('',(0.32,0.32,8.38));
#5272 = LINE('',#5273,#5274);
#5273 = CARTESIAN_POINT('',(0.32,0.32,-3.));
#5274 = VECTOR('',#5275,1.);
#5275 = DIRECTION('',(0.,0.,1.));
#5276 = ORIENTED_EDGE('',*,*,#5277,.F.);
#5277 = EDGE_CURVE('',#5237,#5270,#5278,.T.);
#5278 = LINE('',#5279,#5280);
#5279 = CARTESIAN_POINT('',(0.32,-0.32,8.38));
#5280 = VECTOR('',#5281,1.);
#5281 = DIRECTION('',(0.,1.,0.));
#5282 = PLANE('',#5283);
#5283 = AXIS2_PLACEMENT_3D('',#5284,#5285,#5286);
#5284 = CARTESIAN_POINT('',(0.32,-0.32,-3.));
#5285 = DIRECTION('',(1.,0.,0.));
#5286 = DIRECTION('',(0.,0.,1.));
#5287 = ADVANCED_FACE('',(#5288),#5306,.T.);
#5288 = FACE_BOUND('',#5289,.T.);
#5289 = EDGE_LOOP('',(#5290,#5291,#5292,#5300));
#5290 = ORIENTED_EDGE('',*,*,#5269,.F.);
#5291 = ORIENTED_EDGE('',*,*,#4806,.T.);
#5292 = ORIENTED_EDGE('',*,*,#5293,.T.);
#5293 = EDGE_CURVE('',#4799,#5294,#5296,.T.);
#5294 = VERTEX_POINT('',#5295);
#5295 = CARTESIAN_POINT('',(-0.32,0.32,8.38));
#5296 = LINE('',#5297,#5298);
#5297 = CARTESIAN_POINT('',(-0.32,0.32,-3.));
#5298 = VECTOR('',#5299,1.);
#5299 = DIRECTION('',(0.,0.,1.));
#5300 = ORIENTED_EDGE('',*,*,#5301,.T.);
#5301 = EDGE_CURVE('',#5294,#5270,#5302,.T.);
#5302 = LINE('',#5303,#5304);
#5303 = CARTESIAN_POINT('',(-0.32,0.32,8.38));
#5304 = VECTOR('',#5305,1.);
#5305 = DIRECTION('',(1.,0.,0.));
#5306 = PLANE('',#5307);
#5307 = AXIS2_PLACEMENT_3D('',#5308,#5309,#5310);
#5308 = CARTESIAN_POINT('',(-0.32,0.32,-3.));
#5309 = DIRECTION('',(0.,1.,0.));
#5310 = DIRECTION('',(0.,-0.,1.));
#5311 = ADVANCED_FACE('',(#5312),#5323,.F.);
#5312 = FACE_BOUND('',#5313,.F.);
#5313 = EDGE_LOOP('',(#5314,#5315,#5316,#5317));
#5314 = ORIENTED_EDGE('',*,*,#5245,.F.);
#5315 = ORIENTED_EDGE('',*,*,#4798,.T.);
#5316 = ORIENTED_EDGE('',*,*,#5293,.T.);
#5317 = ORIENTED_EDGE('',*,*,#5318,.F.);
#5318 = EDGE_CURVE('',#5246,#5294,#5319,.T.);
#5319 = LINE('',#5320,#5321);
#5320 = CARTESIAN_POINT('',(-0.32,-0.32,8.38));
#5321 = VECTOR('',#5322,1.);
#5322 = DIRECTION('',(0.,1.,0.));
#5323 = PLANE('',#5324);
#5324 = AXIS2_PLACEMENT_3D('',#5325,#5326,#5327);
#5325 = CARTESIAN_POINT('',(-0.32,-0.32,-3.));
#5326 = DIRECTION('',(1.,0.,0.));
#5327 = DIRECTION('',(0.,0.,1.));
#5328 = ADVANCED_FACE('',(#5329),#5354,.F.);
#5329 = FACE_BOUND('',#5330,.F.);
#5330 = EDGE_LOOP('',(#5331,#5339,#5340,#5348));
#5331 = ORIENTED_EDGE('',*,*,#5332,.F.);
#5332 = EDGE_CURVE('',#4823,#5333,#5335,.T.);
#5333 = VERTEX_POINT('',#5334);
#5334 = CARTESIAN_POINT('',(0.32,-2.86,8.38));
#5335 = LINE('',#5336,#5337);
#5336 = CARTESIAN_POINT('',(0.32,-2.86,-3.));
#5337 = VECTOR('',#5338,1.);
#5338 = DIRECTION('',(0.,0.,1.));
#5339 = ORIENTED_EDGE('',*,*,#4822,.T.);
#5340 = ORIENTED_EDGE('',*,*,#5341,.T.);
#5341 = EDGE_CURVE('',#4825,#5342,#5344,.T.);
#5342 = VERTEX_POINT('',#5343);
#5343 = CARTESIAN_POINT('',(-0.32,-2.86,8.38));
#5344 = LINE('',#5345,#5346);
#5345 = CARTESIAN_POINT('',(-0.32,-2.86,-3.));
#5346 = VECTOR('',#5347,1.);
#5347 = DIRECTION('',(0.,0.,1.));
#5348 = ORIENTED_EDGE('',*,*,#5349,.T.);
#5349 = EDGE_CURVE('',#5342,#5333,#5350,.T.);
#5350 = LINE('',#5351,#5352);
#5351 = CARTESIAN_POINT('',(-0.32,-2.86,8.38));
#5352 = VECTOR('',#5353,1.);
#5353 = DIRECTION('',(1.,0.,0.));
#5354 = PLANE('',#5355);
#5355 = AXIS2_PLACEMENT_3D('',#5356,#5357,#5358);
#5356 = CARTESIAN_POINT('',(-0.32,-2.86,-3.));
#5357 = DIRECTION('',(0.,1.,0.));
#5358 = DIRECTION('',(0.,-0.,1.));
#5359 = ADVANCED_FACE('',(#5360),#5378,.T.);
#5360 = FACE_BOUND('',#5361,.T.);
#5361 = EDGE_LOOP('',(#5362,#5363,#5364,#5372));
#5362 = ORIENTED_EDGE('',*,*,#5332,.F.);
#5363 = ORIENTED_EDGE('',*,*,#4848,.T.);
#5364 = ORIENTED_EDGE('',*,*,#5365,.T.);
#5365 = EDGE_CURVE('',#4841,#5366,#5368,.T.);
#5366 = VERTEX_POINT('',#5367);
#5367 = CARTESIAN_POINT('',(0.32,-2.22,8.38));
#5368 = LINE('',#5369,#5370);
#5369 = CARTESIAN_POINT('',(0.32,-2.22,-3.));
#5370 = VECTOR('',#5371,1.);
#5371 = DIRECTION('',(0.,0.,1.));
#5372 = ORIENTED_EDGE('',*,*,#5373,.F.);
#5373 = EDGE_CURVE('',#5333,#5366,#5374,.T.);
#5374 = LINE('',#5375,#5376);
#5375 = CARTESIAN_POINT('',(0.32,-2.86,8.38));
#5376 = VECTOR('',#5377,1.);
#5377 = DIRECTION('',(0.,1.,0.));
#5378 = PLANE('',#5379);
#5379 = AXIS2_PLACEMENT_3D('',#5380,#5381,#5382);
#5380 = CARTESIAN_POINT('',(0.32,-2.86,-3.));
#5381 = DIRECTION('',(1.,0.,0.));
#5382 = DIRECTION('',(0.,0.,1.));
#5383 = ADVANCED_FACE('',(#5384),#5402,.T.);
#5384 = FACE_BOUND('',#5385,.T.);
#5385 = EDGE_LOOP('',(#5386,#5387,#5388,#5396));
#5386 = ORIENTED_EDGE('',*,*,#5365,.F.);
#5387 = ORIENTED_EDGE('',*,*,#4840,.T.);
#5388 = ORIENTED_EDGE('',*,*,#5389,.T.);
#5389 = EDGE_CURVE('',#4833,#5390,#5392,.T.);
#5390 = VERTEX_POINT('',#5391);
#5391 = CARTESIAN_POINT('',(-0.32,-2.22,8.38));
#5392 = LINE('',#5393,#5394);
#5393 = CARTESIAN_POINT('',(-0.32,-2.22,-3.));
#5394 = VECTOR('',#5395,1.);
#5395 = DIRECTION('',(0.,0.,1.));
#5396 = ORIENTED_EDGE('',*,*,#5397,.T.);
#5397 = EDGE_CURVE('',#5390,#5366,#5398,.T.);
#5398 = LINE('',#5399,#5400);
#5399 = CARTESIAN_POINT('',(-0.32,-2.22,8.38));
#5400 = VECTOR('',#5401,1.);
#5401 = DIRECTION('',(1.,0.,0.));
#5402 = PLANE('',#5403);
#5403 = AXIS2_PLACEMENT_3D('',#5404,#5405,#5406);
#5404 = CARTESIAN_POINT('',(-0.32,-2.22,-3.));
#5405 = DIRECTION('',(0.,1.,0.));
#5406 = DIRECTION('',(0.,-0.,1.));
#5407 = ADVANCED_FACE('',(#5408),#5419,.F.);
#5408 = FACE_BOUND('',#5409,.F.);
#5409 = EDGE_LOOP('',(#5410,#5411,#5412,#5413));
#5410 = ORIENTED_EDGE('',*,*,#5341,.F.);
#5411 = ORIENTED_EDGE('',*,*,#4832,.T.);
#5412 = ORIENTED_EDGE('',*,*,#5389,.T.);
#5413 = ORIENTED_EDGE('',*,*,#5414,.F.);
#5414 = EDGE_CURVE('',#5342,#5390,#5415,.T.);
#5415 = LINE('',#5416,#5417);
#5416 = CARTESIAN_POINT('',(-0.32,-2.86,8.38));
#5417 = VECTOR('',#5418,1.);
#5418 = DIRECTION('',(0.,1.,0.));
#5419 = PLANE('',#5420);
#5420 = AXIS2_PLACEMENT_3D('',#5421,#5422,#5423);
#5421 = CARTESIAN_POINT('',(-0.32,-2.86,-3.));
#5422 = DIRECTION('',(1.,0.,0.));
#5423 = DIRECTION('',(0.,0.,1.));
#5424 = ADVANCED_FACE('',(#5425),#5450,.T.);
#5425 = FACE_BOUND('',#5426,.F.);
#5426 = EDGE_LOOP('',(#5427,#5435,#5436,#5444));
#5427 = ORIENTED_EDGE('',*,*,#5428,.F.);
#5428 = EDGE_CURVE('',#5053,#5429,#5431,.T.);
#5429 = VERTEX_POINT('',#5430);
#5430 = CARTESIAN_POINT('',(-0.16,-0.16,-3.));
#5431 = LINE('',#5432,#5433);
#5432 = CARTESIAN_POINT('',(-0.266666666667,-0.266666666667,
    -2.893333333333));
#5433 = VECTOR('',#5434,1.);
#5434 = DIRECTION('',(0.57735026919,0.57735026919,-0.57735026919));
#5435 = ORIENTED_EDGE('',*,*,#5052,.T.);
#5436 = ORIENTED_EDGE('',*,*,#5437,.T.);
#5437 = EDGE_CURVE('',#5045,#5438,#5440,.T.);
#5438 = VERTEX_POINT('',#5439);
#5439 = CARTESIAN_POINT('',(0.16,-0.16,-3.));
#5440 = LINE('',#5441,#5442);
#5441 = CARTESIAN_POINT('',(0.16,-0.16,-3.));
#5442 = VECTOR('',#5443,1.);
#5443 = DIRECTION('',(-0.57735026919,0.57735026919,-0.57735026919));
#5444 = ORIENTED_EDGE('',*,*,#5445,.F.);
#5445 = EDGE_CURVE('',#5429,#5438,#5446,.T.);
#5446 = LINE('',#5447,#5448);
#5447 = CARTESIAN_POINT('',(-0.32,-0.16,-3.));
#5448 = VECTOR('',#5449,1.);
#5449 = DIRECTION('',(1.,0.,0.));
#5450 = PLANE('',#5451);
#5451 = AXIS2_PLACEMENT_3D('',#5452,#5453,#5454);
#5452 = CARTESIAN_POINT('',(-0.32,-0.24,-2.92));
#5453 = DIRECTION('',(1.735167508357E-18,-0.707106781187,-0.707106781187
    ));
#5454 = DIRECTION('',(-1.,-1.226948711654E-18,-1.226948711654E-18));
#5455 = ADVANCED_FACE('',(#5456),#5474,.F.);
#5456 = FACE_BOUND('',#5457,.F.);
#5457 = EDGE_LOOP('',(#5458,#5459,#5460,#5468));
#5458 = ORIENTED_EDGE('',*,*,#5437,.F.);
#5459 = ORIENTED_EDGE('',*,*,#5076,.T.);
#5460 = ORIENTED_EDGE('',*,*,#5461,.T.);
#5461 = EDGE_CURVE('',#5077,#5462,#5464,.T.);
#5462 = VERTEX_POINT('',#5463);
#5463 = CARTESIAN_POINT('',(0.16,0.16,-3.));
#5464 = LINE('',#5465,#5466);
#5465 = CARTESIAN_POINT('',(5.333333333333E-02,5.333333333333E-02,
    -3.106666666667));
#5466 = VECTOR('',#5467,1.);
#5467 = DIRECTION('',(-0.57735026919,-0.57735026919,-0.57735026919));
#5468 = ORIENTED_EDGE('',*,*,#5469,.F.);
#5469 = EDGE_CURVE('',#5438,#5462,#5470,.T.);
#5470 = LINE('',#5471,#5472);
#5471 = CARTESIAN_POINT('',(0.16,-0.32,-3.));
#5472 = VECTOR('',#5473,1.);
#5473 = DIRECTION('',(0.,1.,0.));
#5474 = PLANE('',#5475);
#5475 = AXIS2_PLACEMENT_3D('',#5476,#5477,#5478);
#5476 = CARTESIAN_POINT('',(0.24,-0.32,-2.92));
#5477 = DIRECTION('',(-0.707106781187,1.735167508357E-18,0.707106781187)
  );
#5478 = DIRECTION('',(1.226948711654E-18,1.,-1.226948711654E-18));
#5479 = ADVANCED_FACE('',(#5480),#5498,.F.);
#5480 = FACE_BOUND('',#5481,.T.);
#5481 = EDGE_LOOP('',(#5482,#5490,#5491,#5492));
#5482 = ORIENTED_EDGE('',*,*,#5483,.F.);
#5483 = EDGE_CURVE('',#5101,#5484,#5486,.T.);
#5484 = VERTEX_POINT('',#5485);
#5485 = CARTESIAN_POINT('',(-0.16,0.16,-3.));
#5486 = LINE('',#5487,#5488);
#5487 = CARTESIAN_POINT('',(-0.16,0.16,-3.));
#5488 = VECTOR('',#5489,1.);
#5489 = DIRECTION('',(0.57735026919,-0.57735026919,-0.57735026919));
#5490 = ORIENTED_EDGE('',*,*,#5100,.T.);
#5491 = ORIENTED_EDGE('',*,*,#5461,.T.);
#5492 = ORIENTED_EDGE('',*,*,#5493,.F.);
#5493 = EDGE_CURVE('',#5484,#5462,#5494,.T.);
#5494 = LINE('',#5495,#5496);
#5495 = CARTESIAN_POINT('',(-0.32,0.16,-3.));
#5496 = VECTOR('',#5497,1.);
#5497 = DIRECTION('',(1.,0.,0.));
#5498 = PLANE('',#5499);
#5499 = AXIS2_PLACEMENT_3D('',#5500,#5501,#5502);
#5500 = CARTESIAN_POINT('',(-0.32,0.24,-2.92));
#5501 = DIRECTION('',(-1.735167508357E-18,-0.707106781187,0.707106781187
    ));
#5502 = DIRECTION('',(-1.,1.226948711654E-18,-1.226948711654E-18));
#5503 = ADVANCED_FACE('',(#5504),#5515,.T.);
#5504 = FACE_BOUND('',#5505,.T.);
#5505 = EDGE_LOOP('',(#5506,#5507,#5508,#5509));
#5506 = ORIENTED_EDGE('',*,*,#5428,.F.);
#5507 = ORIENTED_EDGE('',*,*,#5124,.T.);
#5508 = ORIENTED_EDGE('',*,*,#5483,.T.);
#5509 = ORIENTED_EDGE('',*,*,#5510,.F.);
#5510 = EDGE_CURVE('',#5429,#5484,#5511,.T.);
#5511 = LINE('',#5512,#5513);
#5512 = CARTESIAN_POINT('',(-0.16,-0.32,-3.));
#5513 = VECTOR('',#5514,1.);
#5514 = DIRECTION('',(0.,1.,0.));
#5515 = PLANE('',#5516);
#5516 = AXIS2_PLACEMENT_3D('',#5517,#5518,#5519);
#5517 = CARTESIAN_POINT('',(-0.24,-0.32,-2.92));
#5518 = DIRECTION('',(-0.707106781187,-1.735167508357E-18,
    -0.707106781187));
#5519 = DIRECTION('',(-1.226948711654E-18,1.,-1.226948711654E-18));
#5520 = ADVANCED_FACE('',(#5521),#5546,.T.);
#5521 = FACE_BOUND('',#5522,.F.);
#5522 = EDGE_LOOP('',(#5523,#5531,#5532,#5540));
#5523 = ORIENTED_EDGE('',*,*,#5524,.F.);
#5524 = EDGE_CURVE('',#5149,#5525,#5527,.T.);
#5525 = VERTEX_POINT('',#5526);
#5526 = CARTESIAN_POINT('',(-0.16,-2.7,-3.));
#5527 = LINE('',#5528,#5529);
#5528 = CARTESIAN_POINT('',(-0.266666666667,-2.806666666667,
    -2.893333333333));
#5529 = VECTOR('',#5530,1.);
#5530 = DIRECTION('',(0.57735026919,0.57735026919,-0.57735026919));
#5531 = ORIENTED_EDGE('',*,*,#5148,.T.);
#5532 = ORIENTED_EDGE('',*,*,#5533,.T.);
#5533 = EDGE_CURVE('',#5141,#5534,#5536,.T.);
#5534 = VERTEX_POINT('',#5535);
#5535 = CARTESIAN_POINT('',(0.16,-2.7,-3.));
#5536 = LINE('',#5537,#5538);
#5537 = CARTESIAN_POINT('',(0.16,-2.7,-3.));
#5538 = VECTOR('',#5539,1.);
#5539 = DIRECTION('',(-0.57735026919,0.57735026919,-0.57735026919));
#5540 = ORIENTED_EDGE('',*,*,#5541,.F.);
#5541 = EDGE_CURVE('',#5525,#5534,#5542,.T.);
#5542 = LINE('',#5543,#5544);
#5543 = CARTESIAN_POINT('',(-0.32,-2.7,-3.));
#5544 = VECTOR('',#5545,1.);
#5545 = DIRECTION('',(1.,0.,0.));
#5546 = PLANE('',#5547);
#5547 = AXIS2_PLACEMENT_3D('',#5548,#5549,#5550);
#5548 = CARTESIAN_POINT('',(-0.32,-2.78,-2.92));
#5549 = DIRECTION('',(1.735167508357E-18,-0.707106781187,-0.707106781187
    ));
#5550 = DIRECTION('',(-1.,-1.226948711654E-18,-1.226948711654E-18));
#5551 = ADVANCED_FACE('',(#5552),#5570,.F.);
#5552 = FACE_BOUND('',#5553,.F.);
#5553 = EDGE_LOOP('',(#5554,#5555,#5556,#5564));
#5554 = ORIENTED_EDGE('',*,*,#5533,.F.);
#5555 = ORIENTED_EDGE('',*,*,#5172,.T.);
#5556 = ORIENTED_EDGE('',*,*,#5557,.T.);
#5557 = EDGE_CURVE('',#5173,#5558,#5560,.T.);
#5558 = VERTEX_POINT('',#5559);
#5559 = CARTESIAN_POINT('',(0.16,-2.38,-3.));
#5560 = LINE('',#5561,#5562);
#5561 = CARTESIAN_POINT('',(5.333333333333E-02,-2.486666666667,
    -3.106666666667));
#5562 = VECTOR('',#5563,1.);
#5563 = DIRECTION('',(-0.57735026919,-0.57735026919,-0.57735026919));
#5564 = ORIENTED_EDGE('',*,*,#5565,.F.);
#5565 = EDGE_CURVE('',#5534,#5558,#5566,.T.);
#5566 = LINE('',#5567,#5568);
#5567 = CARTESIAN_POINT('',(0.16,-2.86,-3.));
#5568 = VECTOR('',#5569,1.);
#5569 = DIRECTION('',(0.,1.,0.));
#5570 = PLANE('',#5571);
#5571 = AXIS2_PLACEMENT_3D('',#5572,#5573,#5574);
#5572 = CARTESIAN_POINT('',(0.24,-2.86,-2.92));
#5573 = DIRECTION('',(-0.707106781187,1.735167508357E-18,0.707106781187)
  );
#5574 = DIRECTION('',(1.226948711654E-18,1.,-1.226948711654E-18));
#5575 = ADVANCED_FACE('',(#5576),#5594,.F.);
#5576 = FACE_BOUND('',#5577,.T.);
#5577 = EDGE_LOOP('',(#5578,#5586,#5587,#5588));
#5578 = ORIENTED_EDGE('',*,*,#5579,.F.);
#5579 = EDGE_CURVE('',#5197,#5580,#5582,.T.);
#5580 = VERTEX_POINT('',#5581);
#5581 = CARTESIAN_POINT('',(-0.16,-2.38,-3.));
#5582 = LINE('',#5583,#5584);
#5583 = CARTESIAN_POINT('',(-0.16,-2.38,-3.));
#5584 = VECTOR('',#5585,1.);
#5585 = DIRECTION('',(0.57735026919,-0.57735026919,-0.57735026919));
#5586 = ORIENTED_EDGE('',*,*,#5196,.T.);
#5587 = ORIENTED_EDGE('',*,*,#5557,.T.);
#5588 = ORIENTED_EDGE('',*,*,#5589,.F.);
#5589 = EDGE_CURVE('',#5580,#5558,#5590,.T.);
#5590 = LINE('',#5591,#5592);
#5591 = CARTESIAN_POINT('',(-0.32,-2.38,-3.));
#5592 = VECTOR('',#5593,1.);
#5593 = DIRECTION('',(1.,0.,0.));
#5594 = PLANE('',#5595);
#5595 = AXIS2_PLACEMENT_3D('',#5596,#5597,#5598);
#5596 = CARTESIAN_POINT('',(-0.32,-2.3,-2.92));
#5597 = DIRECTION('',(-1.735167508357E-18,-0.707106781187,0.707106781187
    ));
#5598 = DIRECTION('',(-1.,1.226948711654E-18,-1.226948711654E-18));
#5599 = ADVANCED_FACE('',(#5600),#5611,.T.);
#5600 = FACE_BOUND('',#5601,.T.);
#5601 = EDGE_LOOP('',(#5602,#5603,#5604,#5605));
#5602 = ORIENTED_EDGE('',*,*,#5524,.F.);
#5603 = ORIENTED_EDGE('',*,*,#5220,.T.);
#5604 = ORIENTED_EDGE('',*,*,#5579,.T.);
#5605 = ORIENTED_EDGE('',*,*,#5606,.F.);
#5606 = EDGE_CURVE('',#5525,#5580,#5607,.T.);
#5607 = LINE('',#5608,#5609);
#5608 = CARTESIAN_POINT('',(-0.16,-2.86,-3.));
#5609 = VECTOR('',#5610,1.);
#5610 = DIRECTION('',(0.,1.,0.));
#5611 = PLANE('',#5612);
#5612 = AXIS2_PLACEMENT_3D('',#5613,#5614,#5615);
#5613 = CARTESIAN_POINT('',(-0.24,-2.86,-2.92));
#5614 = DIRECTION('',(-0.707106781187,-1.735167508357E-18,
    -0.707106781187));
#5615 = DIRECTION('',(-1.226948711654E-18,1.,-1.226948711654E-18));
#5616 = ADVANCED_FACE('',(#5617),#5642,.F.);
#5617 = FACE_BOUND('',#5618,.T.);
#5618 = EDGE_LOOP('',(#5619,#5627,#5628,#5636));
#5619 = ORIENTED_EDGE('',*,*,#5620,.F.);
#5620 = EDGE_CURVE('',#5246,#5621,#5623,.T.);
#5621 = VERTEX_POINT('',#5622);
#5622 = CARTESIAN_POINT('',(-0.16,-0.16,8.54));
#5623 = LINE('',#5624,#5625);
#5624 = CARTESIAN_POINT('',(-0.266666666667,-0.266666666667,
    8.433333333333));
#5625 = VECTOR('',#5626,1.);
#5626 = DIRECTION('',(0.57735026919,0.57735026919,0.57735026919));
#5627 = ORIENTED_EDGE('',*,*,#5253,.T.);
#5628 = ORIENTED_EDGE('',*,*,#5629,.T.);
#5629 = EDGE_CURVE('',#5237,#5630,#5632,.T.);
#5630 = VERTEX_POINT('',#5631);
#5631 = CARTESIAN_POINT('',(0.16,-0.16,8.54));
#5632 = LINE('',#5633,#5634);
#5633 = CARTESIAN_POINT('',(0.16,-0.16,8.54));
#5634 = VECTOR('',#5635,1.);
#5635 = DIRECTION('',(-0.57735026919,0.57735026919,0.57735026919));
#5636 = ORIENTED_EDGE('',*,*,#5637,.F.);
#5637 = EDGE_CURVE('',#5621,#5630,#5638,.T.);
#5638 = LINE('',#5639,#5640);
#5639 = CARTESIAN_POINT('',(-0.32,-0.16,8.54));
#5640 = VECTOR('',#5641,1.);
#5641 = DIRECTION('',(1.,0.,0.));
#5642 = PLANE('',#5643);
#5643 = AXIS2_PLACEMENT_3D('',#5644,#5645,#5646);
#5644 = CARTESIAN_POINT('',(-0.32,-0.24,8.46));
#5645 = DIRECTION('',(-1.735167508357E-18,0.707106781187,-0.707106781187
    ));
#5646 = DIRECTION('',(-1.,-1.226948711654E-18,1.226948711654E-18));
#5647 = ADVANCED_FACE('',(#5648),#5666,.T.);
#5648 = FACE_BOUND('',#5649,.T.);
#5649 = EDGE_LOOP('',(#5650,#5651,#5652,#5660));
#5650 = ORIENTED_EDGE('',*,*,#5629,.F.);
#5651 = ORIENTED_EDGE('',*,*,#5277,.T.);
#5652 = ORIENTED_EDGE('',*,*,#5653,.T.);
#5653 = EDGE_CURVE('',#5270,#5654,#5656,.T.);
#5654 = VERTEX_POINT('',#5655);
#5655 = CARTESIAN_POINT('',(0.16,0.16,8.54));
#5656 = LINE('',#5657,#5658);
#5657 = CARTESIAN_POINT('',(5.333333333333E-02,5.333333333333E-02,
    8.646666666667));
#5658 = VECTOR('',#5659,1.);
#5659 = DIRECTION('',(-0.57735026919,-0.57735026919,0.57735026919));
#5660 = ORIENTED_EDGE('',*,*,#5661,.F.);
#5661 = EDGE_CURVE('',#5630,#5654,#5662,.T.);
#5662 = LINE('',#5663,#5664);
#5663 = CARTESIAN_POINT('',(0.16,-0.32,8.54));
#5664 = VECTOR('',#5665,1.);
#5665 = DIRECTION('',(0.,1.,0.));
#5666 = PLANE('',#5667);
#5667 = AXIS2_PLACEMENT_3D('',#5668,#5669,#5670);
#5668 = CARTESIAN_POINT('',(0.24,-0.32,8.46));
#5669 = DIRECTION('',(0.707106781187,-1.735167508357E-18,0.707106781187)
  );
#5670 = DIRECTION('',(1.226948711654E-18,1.,1.226948711654E-18));
#5671 = ADVANCED_FACE('',(#5672),#5690,.T.);
#5672 = FACE_BOUND('',#5673,.F.);
#5673 = EDGE_LOOP('',(#5674,#5682,#5683,#5684));
#5674 = ORIENTED_EDGE('',*,*,#5675,.F.);
#5675 = EDGE_CURVE('',#5294,#5676,#5678,.T.);
#5676 = VERTEX_POINT('',#5677);
#5677 = CARTESIAN_POINT('',(-0.16,0.16,8.54));
#5678 = LINE('',#5679,#5680);
#5679 = CARTESIAN_POINT('',(-0.16,0.16,8.54));
#5680 = VECTOR('',#5681,1.);
#5681 = DIRECTION('',(0.57735026919,-0.57735026919,0.57735026919));
#5682 = ORIENTED_EDGE('',*,*,#5301,.T.);
#5683 = ORIENTED_EDGE('',*,*,#5653,.T.);
#5684 = ORIENTED_EDGE('',*,*,#5685,.F.);
#5685 = EDGE_CURVE('',#5676,#5654,#5686,.T.);
#5686 = LINE('',#5687,#5688);
#5687 = CARTESIAN_POINT('',(-0.32,0.16,8.54));
#5688 = VECTOR('',#5689,1.);
#5689 = DIRECTION('',(1.,0.,0.));
#5690 = PLANE('',#5691);
#5691 = AXIS2_PLACEMENT_3D('',#5692,#5693,#5694);
#5692 = CARTESIAN_POINT('',(-0.32,0.24,8.46));
#5693 = DIRECTION('',(1.735167508357E-18,0.707106781187,0.707106781187)
  );
#5694 = DIRECTION('',(-1.,1.226948711654E-18,1.226948711654E-18));
#5695 = ADVANCED_FACE('',(#5696),#5707,.F.);
#5696 = FACE_BOUND('',#5697,.F.);
#5697 = EDGE_LOOP('',(#5698,#5699,#5700,#5701));
#5698 = ORIENTED_EDGE('',*,*,#5620,.F.);
#5699 = ORIENTED_EDGE('',*,*,#5318,.T.);
#5700 = ORIENTED_EDGE('',*,*,#5675,.T.);
#5701 = ORIENTED_EDGE('',*,*,#5702,.F.);
#5702 = EDGE_CURVE('',#5621,#5676,#5703,.T.);
#5703 = LINE('',#5704,#5705);
#5704 = CARTESIAN_POINT('',(-0.16,-0.32,8.54));
#5705 = VECTOR('',#5706,1.);
#5706 = DIRECTION('',(0.,1.,0.));
#5707 = PLANE('',#5708);
#5708 = AXIS2_PLACEMENT_3D('',#5709,#5710,#5711);
#5709 = CARTESIAN_POINT('',(-0.24,-0.32,8.46));
#5710 = DIRECTION('',(0.707106781187,1.735167508357E-18,-0.707106781187)
  );
#5711 = DIRECTION('',(-1.226948711654E-18,1.,1.226948711654E-18));
#5712 = ADVANCED_FACE('',(#5713),#5738,.F.);
#5713 = FACE_BOUND('',#5714,.T.);
#5714 = EDGE_LOOP('',(#5715,#5723,#5724,#5732));
#5715 = ORIENTED_EDGE('',*,*,#5716,.F.);
#5716 = EDGE_CURVE('',#5342,#5717,#5719,.T.);
#5717 = VERTEX_POINT('',#5718);
#5718 = CARTESIAN_POINT('',(-0.16,-2.7,8.54));
#5719 = LINE('',#5720,#5721);
#5720 = CARTESIAN_POINT('',(-0.266666666667,-2.806666666667,
    8.433333333333));
#5721 = VECTOR('',#5722,1.);
#5722 = DIRECTION('',(0.57735026919,0.57735026919,0.57735026919));
#5723 = ORIENTED_EDGE('',*,*,#5349,.T.);
#5724 = ORIENTED_EDGE('',*,*,#5725,.T.);
#5725 = EDGE_CURVE('',#5333,#5726,#5728,.T.);
#5726 = VERTEX_POINT('',#5727);
#5727 = CARTESIAN_POINT('',(0.16,-2.7,8.54));
#5728 = LINE('',#5729,#5730);
#5729 = CARTESIAN_POINT('',(0.16,-2.7,8.54));
#5730 = VECTOR('',#5731,1.);
#5731 = DIRECTION('',(-0.57735026919,0.57735026919,0.57735026919));
#5732 = ORIENTED_EDGE('',*,*,#5733,.F.);
#5733 = EDGE_CURVE('',#5717,#5726,#5734,.T.);
#5734 = LINE('',#5735,#5736);
#5735 = CARTESIAN_POINT('',(-0.32,-2.7,8.54));
#5736 = VECTOR('',#5737,1.);
#5737 = DIRECTION('',(1.,0.,0.));
#5738 = PLANE('',#5739);
#5739 = AXIS2_PLACEMENT_3D('',#5740,#5741,#5742);
#5740 = CARTESIAN_POINT('',(-0.32,-2.78,8.46));
#5741 = DIRECTION('',(-1.735167508357E-18,0.707106781187,-0.707106781187
    ));
#5742 = DIRECTION('',(-1.,-1.226948711654E-18,1.226948711654E-18));
#5743 = ADVANCED_FACE('',(#5744),#5762,.T.);
#5744 = FACE_BOUND('',#5745,.T.);
#5745 = EDGE_LOOP('',(#5746,#5747,#5748,#5756));
#5746 = ORIENTED_EDGE('',*,*,#5725,.F.);
#5747 = ORIENTED_EDGE('',*,*,#5373,.T.);
#5748 = ORIENTED_EDGE('',*,*,#5749,.T.);
#5749 = EDGE_CURVE('',#5366,#5750,#5752,.T.);
#5750 = VERTEX_POINT('',#5751);
#5751 = CARTESIAN_POINT('',(0.16,-2.38,8.54));
#5752 = LINE('',#5753,#5754);
#5753 = CARTESIAN_POINT('',(5.333333333333E-02,-2.486666666667,
    8.646666666667));
#5754 = VECTOR('',#5755,1.);
#5755 = DIRECTION('',(-0.57735026919,-0.57735026919,0.57735026919));
#5756 = ORIENTED_EDGE('',*,*,#5757,.F.);
#5757 = EDGE_CURVE('',#5726,#5750,#5758,.T.);
#5758 = LINE('',#5759,#5760);
#5759 = CARTESIAN_POINT('',(0.16,-2.86,8.54));
#5760 = VECTOR('',#5761,1.);
#5761 = DIRECTION('',(0.,1.,0.));
#5762 = PLANE('',#5763);
#5763 = AXIS2_PLACEMENT_3D('',#5764,#5765,#5766);
#5764 = CARTESIAN_POINT('',(0.24,-2.86,8.46));
#5765 = DIRECTION('',(0.707106781187,-1.735167508357E-18,0.707106781187)
  );
#5766 = DIRECTION('',(1.226948711654E-18,1.,1.226948711654E-18));
#5767 = ADVANCED_FACE('',(#5768),#5786,.T.);
#5768 = FACE_BOUND('',#5769,.F.);
#5769 = EDGE_LOOP('',(#5770,#5778,#5779,#5780));
#5770 = ORIENTED_EDGE('',*,*,#5771,.F.);
#5771 = EDGE_CURVE('',#5390,#5772,#5774,.T.);
#5772 = VERTEX_POINT('',#5773);
#5773 = CARTESIAN_POINT('',(-0.16,-2.38,8.54));
#5774 = LINE('',#5775,#5776);
#5775 = CARTESIAN_POINT('',(-0.16,-2.38,8.54));
#5776 = VECTOR('',#5777,1.);
#5777 = DIRECTION('',(0.57735026919,-0.57735026919,0.57735026919));
#5778 = ORIENTED_EDGE('',*,*,#5397,.T.);
#5779 = ORIENTED_EDGE('',*,*,#5749,.T.);
#5780 = ORIENTED_EDGE('',*,*,#5781,.F.);
#5781 = EDGE_CURVE('',#5772,#5750,#5782,.T.);
#5782 = LINE('',#5783,#5784);
#5783 = CARTESIAN_POINT('',(-0.32,-2.38,8.54));
#5784 = VECTOR('',#5785,1.);
#5785 = DIRECTION('',(1.,0.,0.));
#5786 = PLANE('',#5787);
#5787 = AXIS2_PLACEMENT_3D('',#5788,#5789,#5790);
#5788 = CARTESIAN_POINT('',(-0.32,-2.3,8.46));
#5789 = DIRECTION('',(1.735167508357E-18,0.707106781187,0.707106781187)
  );
#5790 = DIRECTION('',(-1.,1.226948711654E-18,1.226948711654E-18));
#5791 = ADVANCED_FACE('',(#5792),#5803,.F.);
#5792 = FACE_BOUND('',#5793,.F.);
#5793 = EDGE_LOOP('',(#5794,#5795,#5796,#5797));
#5794 = ORIENTED_EDGE('',*,*,#5716,.F.);
#5795 = ORIENTED_EDGE('',*,*,#5414,.T.);
#5796 = ORIENTED_EDGE('',*,*,#5771,.T.);
#5797 = ORIENTED_EDGE('',*,*,#5798,.F.);
#5798 = EDGE_CURVE('',#5717,#5772,#5799,.T.);
#5799 = LINE('',#5800,#5801);
#5800 = CARTESIAN_POINT('',(-0.16,-2.86,8.54));
#5801 = VECTOR('',#5802,1.);
#5802 = DIRECTION('',(0.,1.,0.));
#5803 = PLANE('',#5804);
#5804 = AXIS2_PLACEMENT_3D('',#5805,#5806,#5807);
#5805 = CARTESIAN_POINT('',(-0.24,-2.86,8.46));
#5806 = DIRECTION('',(0.707106781187,1.735167508357E-18,-0.707106781187)
  );
#5807 = DIRECTION('',(-1.226948711654E-18,1.,1.226948711654E-18));
#5808 = ADVANCED_FACE('',(#5809),#5815,.F.);
#5809 = FACE_BOUND('',#5810,.F.);
#5810 = EDGE_LOOP('',(#5811,#5812,#5813,#5814));
#5811 = ORIENTED_EDGE('',*,*,#5510,.F.);
#5812 = ORIENTED_EDGE('',*,*,#5445,.T.);
#5813 = ORIENTED_EDGE('',*,*,#5469,.T.);
#5814 = ORIENTED_EDGE('',*,*,#5493,.F.);
#5815 = PLANE('',#5816);
#5816 = AXIS2_PLACEMENT_3D('',#5817,#5818,#5819);
#5817 = CARTESIAN_POINT('',(-0.32,-0.32,-3.));
#5818 = DIRECTION('',(0.,0.,1.));
#5819 = DIRECTION('',(1.,0.,-0.));
#5820 = ADVANCED_FACE('',(#5821),#5827,.F.);
#5821 = FACE_BOUND('',#5822,.F.);
#5822 = EDGE_LOOP('',(#5823,#5824,#5825,#5826));
#5823 = ORIENTED_EDGE('',*,*,#5606,.F.);
#5824 = ORIENTED_EDGE('',*,*,#5541,.T.);
#5825 = ORIENTED_EDGE('',*,*,#5565,.T.);
#5826 = ORIENTED_EDGE('',*,*,#5589,.F.);
#5827 = PLANE('',#5828);
#5828 = AXIS2_PLACEMENT_3D('',#5829,#5830,#5831);
#5829 = CARTESIAN_POINT('',(-0.32,-2.86,-3.));
#5830 = DIRECTION('',(0.,0.,1.));
#5831 = DIRECTION('',(1.,0.,-0.));
#5832 = ADVANCED_FACE('',(#5833),#5839,.T.);
#5833 = FACE_BOUND('',#5834,.T.);
#5834 = EDGE_LOOP('',(#5835,#5836,#5837,#5838));
#5835 = ORIENTED_EDGE('',*,*,#5685,.F.);
#5836 = ORIENTED_EDGE('',*,*,#5702,.F.);
#5837 = ORIENTED_EDGE('',*,*,#5637,.T.);
#5838 = ORIENTED_EDGE('',*,*,#5661,.T.);
#5839 = PLANE('',#5840);
#5840 = AXIS2_PLACEMENT_3D('',#5841,#5842,#5843);
#5841 = CARTESIAN_POINT('',(-0.32,-0.32,8.54));
#5842 = DIRECTION('',(0.,0.,1.));
#5843 = DIRECTION('',(1.,0.,-0.));
#5844 = ADVANCED_FACE('',(#5845),#5851,.T.);
#5845 = FACE_BOUND('',#5846,.T.);
#5846 = EDGE_LOOP('',(#5847,#5848,#5849,#5850));
#5847 = ORIENTED_EDGE('',*,*,#5781,.F.);
#5848 = ORIENTED_EDGE('',*,*,#5798,.F.);
#5849 = ORIENTED_EDGE('',*,*,#5733,.T.);
#5850 = ORIENTED_EDGE('',*,*,#5757,.T.);
#5851 = PLANE('',#5852);
#5852 = AXIS2_PLACEMENT_3D('',#5853,#5854,#5855);
#5853 = CARTESIAN_POINT('',(-0.32,-2.86,8.54));
#5854 = DIRECTION('',(0.,0.,1.));
#5855 = DIRECTION('',(1.,0.,-0.));
#5856 = ( GEOMETRIC_REPRESENTATION_CONTEXT(3) 
GLOBAL_UNCERTAINTY_ASSIGNED_CONTEXT((#5860)) 
GLOBAL_UNIT_ASSIGNED_CONTEXT((#5857,#5858,#5859)) REPRESENTATION_CONTEXT
('Context #1','3D Context with UNIT and UNCERTAINTY') );
#5857 = ( LENGTH_UNIT() NAMED_UNIT(*) SI_UNIT(.MILLI.,.METRE.) );
#5858 = ( NAMED_UNIT(*) PLANE_ANGLE_UNIT() SI_UNIT($,.RADIAN.) );
#5859 = ( NAMED_UNIT(*) SI_UNIT($,.STERADIAN.) SOLID_ANGLE_UNIT() );
#5860 = UNCERTAINTY_MEASURE_WITH_UNIT(LENGTH_MEASURE(1.E-07),#5857,
  'distance_accuracy_value','confusion accuracy');
#5861 = CONTEXT_DEPENDENT_SHAPE_REPRESENTATION(#5862,#5864);
#5862 = ( REPRESENTATION_RELATIONSHIP('','',#4423,#10) 
REPRESENTATION_RELATIONSHIP_WITH_TRANSFORMATION(#5863) 
SHAPE_REPRESENTATION_RELATIONSHIP() );
#5863 = ITEM_DEFINED_TRANSFORMATION('','',#11,#27);
#5864 = PRODUCT_DEFINITION_SHAPE('Placement','Placement of an item',
  #5865);
#5865 = NEXT_ASSEMBLY_USAGE_OCCURRENCE('4','BT2','',#5,#4418,$);
#5866 = PRODUCT_RELATED_PRODUCT_CATEGORY('part',$,(#4420));
#5867 = SHAPE_DEFINITION_REPRESENTATION(#5868,#5874);
#5868 = PRODUCT_DEFINITION_SHAPE('','',#5869);
#5869 = PRODUCT_DEFINITION('design','',#5870,#5873);
#5870 = PRODUCT_DEFINITION_FORMATION('','',#5871);
#5871 = PRODUCT('SW_PUSH_6mm','SW_PUSH_6mm','',(#5872));
#5872 = PRODUCT_CONTEXT('',#2,'mechanical');
#5873 = PRODUCT_DEFINITION_CONTEXT('part definition',#2,'design');
#5874 = ADVANCED_BREP_SHAPE_REPRESENTATION('',(#11,#5875),#9104);
#5875 = MANIFOLD_SOLID_BREP('',#5876);
#5876 = CLOSED_SHELL('',(#5877,#5894,#5919,#6042,#6073,#6098,#6123,#6147
    ,#6171,#6196,#6221,#6238,#6263,#6288,#6313,#6338,#6369,#6394,#6419,
    #6507,#6595,#6620,#6645,#6662,#6671,#6697,#6706,#6715,#6759,#6909,
    #6933,#7076,#7226,#7376,#7393,#7543,#7567,#7710,#7860,#8010,#8027,
    #8036,#8053,#8070,#8087,#8104,#8126,#8143,#8160,#8177,#8194,#8206,
    #8223,#8240,#8257,#8274,#8291,#8308,#8325,#8342,#8354,#8376,#8393,
    #8410,#8427,#8444,#8456,#8473,#8490,#8507,#8524,#8541,#8558,#8575,
    #8592,#8604,#8626,#8643,#8660,#8677,#8694,#8706,#8723,#8740,#8757,
    #8774,#8791,#8808,#8825,#8842,#8854,#8876,#8893,#8910,#8927,#8944,
    #8956,#8973,#8990,#9007,#9024,#9041,#9058,#9075,#9092));
#5877 = ADVANCED_FACE('',(#5878),#5889,.F.);
#5878 = FACE_BOUND('',#5879,.T.);
#5879 = EDGE_LOOP('',(#5880));
#5880 = ORIENTED_EDGE('',*,*,#5881,.T.);
#5881 = EDGE_CURVE('',#5882,#5882,#5884,.T.);
#5882 = VERTEX_POINT('',#5883);
#5883 = CARTESIAN_POINT('',(1.65,-4.25,4.1));
#5884 = CIRCLE('',#5885,0.5);
#5885 = AXIS2_PLACEMENT_3D('',#5886,#5887,#5888);
#5886 = CARTESIAN_POINT('',(1.15,-4.25,4.1));
#5887 = DIRECTION('',(0.,0.,1.));
#5888 = DIRECTION('',(1.,0.,-0.));
#5889 = PLANE('',#5890);
#5890 = AXIS2_PLACEMENT_3D('',#5891,#5892,#5893);
#5891 = CARTESIAN_POINT('',(1.65,-4.25,4.1));
#5892 = DIRECTION('',(0.,0.,-1.));
#5893 = DIRECTION('',(-1.,0.,0.));
#5894 = ADVANCED_FACE('',(#5895),#5914,.T.);
#5895 = FACE_BOUND('',#5896,.T.);
#5896 = EDGE_LOOP('',(#5897,#5905,#5906,#5907));
#5897 = ORIENTED_EDGE('',*,*,#5898,.T.);
#5898 = EDGE_CURVE('',#5899,#5882,#5901,.T.);
#5899 = VERTEX_POINT('',#5900);
#5900 = CARTESIAN_POINT('',(1.65,-4.25,3.6));
#5901 = LINE('',#5902,#5903);
#5902 = CARTESIAN_POINT('',(1.65,-4.25,3.5));
#5903 = VECTOR('',#5904,1.);
#5904 = DIRECTION('',(0.,0.,1.));
#5905 = ORIENTED_EDGE('',*,*,#5881,.F.);
#5906 = ORIENTED_EDGE('',*,*,#5898,.F.);
#5907 = ORIENTED_EDGE('',*,*,#5908,.F.);
#5908 = EDGE_CURVE('',#5899,#5899,#5909,.T.);
#5909 = CIRCLE('',#5910,0.5);
#5910 = AXIS2_PLACEMENT_3D('',#5911,#5912,#5913);
#5911 = CARTESIAN_POINT('',(1.15,-4.25,3.6));
#5912 = DIRECTION('',(0.,0.,-1.));
#5913 = DIRECTION('',(1.,0.,0.));
#5914 = CYLINDRICAL_SURFACE('',#5915,0.5);
#5915 = AXIS2_PLACEMENT_3D('',#5916,#5917,#5918);
#5916 = CARTESIAN_POINT('',(1.15,-4.25,3.5));
#5917 = DIRECTION('',(-0.,-0.,-1.));
#5918 = DIRECTION('',(1.,0.,0.));
#5919 = ADVANCED_FACE('',(#5920,#5990,#6001,#6012,#6023,#6034),#6037,.F.
  );
#5920 = FACE_BOUND('',#5921,.F.);
#5921 = EDGE_LOOP('',(#5922,#5932,#5941,#5949,#5958,#5966,#5975,#5983));
#5922 = ORIENTED_EDGE('',*,*,#5923,.F.);
#5923 = EDGE_CURVE('',#5924,#5926,#5928,.T.);
#5924 = VERTEX_POINT('',#5925);
#5925 = CARTESIAN_POINT('',(0.45,-5.25,3.6));
#5926 = VERTEX_POINT('',#5927);
#5927 = CARTESIAN_POINT('',(5.85,-5.25,3.6));
#5928 = LINE('',#5929,#5930);
#5929 = CARTESIAN_POINT('',(0.15,-5.25,3.6));
#5930 = VECTOR('',#5931,1.);
#5931 = DIRECTION('',(1.,0.,0.));
#5932 = ORIENTED_EDGE('',*,*,#5933,.T.);
#5933 = EDGE_CURVE('',#5924,#5934,#5936,.T.);
#5934 = VERTEX_POINT('',#5935);
#5935 = CARTESIAN_POINT('',(0.15,-4.95,3.6));
#5936 = CIRCLE('',#5937,0.3);
#5937 = AXIS2_PLACEMENT_3D('',#5938,#5939,#5940);
#5938 = CARTESIAN_POINT('',(0.45,-4.95,3.6));
#5939 = DIRECTION('',(-0.,-0.,-1.));
#5940 = DIRECTION('',(0.,-1.,0.));
#5941 = ORIENTED_EDGE('',*,*,#5942,.F.);
#5942 = EDGE_CURVE('',#5943,#5934,#5945,.T.);
#5943 = VERTEX_POINT('',#5944);
#5944 = CARTESIAN_POINT('',(0.15,0.45,3.6));
#5945 = LINE('',#5946,#5947);
#5946 = CARTESIAN_POINT('',(0.15,0.75,3.6));
#5947 = VECTOR('',#5948,1.);
#5948 = DIRECTION('',(0.,-1.,0.));
#5949 = ORIENTED_EDGE('',*,*,#5950,.F.);
#5950 = EDGE_CURVE('',#5951,#5943,#5953,.T.);
#5951 = VERTEX_POINT('',#5952);
#5952 = CARTESIAN_POINT('',(0.45,0.75,3.6));
#5953 = CIRCLE('',#5954,0.3);
#5954 = AXIS2_PLACEMENT_3D('',#5955,#5956,#5957);
#5955 = CARTESIAN_POINT('',(0.45,0.45,3.6));
#5956 = DIRECTION('',(-0.,0.,1.));
#5957 = DIRECTION('',(0.,-1.,0.));
#5958 = ORIENTED_EDGE('',*,*,#5959,.F.);
#5959 = EDGE_CURVE('',#5960,#5951,#5962,.T.);
#5960 = VERTEX_POINT('',#5961);
#5961 = CARTESIAN_POINT('',(5.85,0.75,3.6));
#5962 = LINE('',#5963,#5964);
#5963 = CARTESIAN_POINT('',(6.15,0.75,3.6));
#5964 = VECTOR('',#5965,1.);
#5965 = DIRECTION('',(-1.,0.,0.));
#5966 = ORIENTED_EDGE('',*,*,#5967,.F.);
#5967 = EDGE_CURVE('',#5968,#5960,#5970,.T.);
#5968 = VERTEX_POINT('',#5969);
#5969 = CARTESIAN_POINT('',(6.15,0.45,3.6));
#5970 = CIRCLE('',#5971,0.3);
#5971 = AXIS2_PLACEMENT_3D('',#5972,#5973,#5974);
#5972 = CARTESIAN_POINT('',(5.85,0.45,3.6));
#5973 = DIRECTION('',(-0.,0.,1.));
#5974 = DIRECTION('',(0.,-1.,0.));
#5975 = ORIENTED_EDGE('',*,*,#5976,.F.);
#5976 = EDGE_CURVE('',#5977,#5968,#5979,.T.);
#5977 = VERTEX_POINT('',#5978);
#5978 = CARTESIAN_POINT('',(6.15,-4.95,3.6));
#5979 = LINE('',#5980,#5981);
#5980 = CARTESIAN_POINT('',(6.15,-5.25,3.6));
#5981 = VECTOR('',#5982,1.);
#5982 = DIRECTION('',(0.,1.,0.));
#5983 = ORIENTED_EDGE('',*,*,#5984,.F.);
#5984 = EDGE_CURVE('',#5926,#5977,#5985,.T.);
#5985 = CIRCLE('',#5986,0.3);
#5986 = AXIS2_PLACEMENT_3D('',#5987,#5988,#5989);
#5987 = CARTESIAN_POINT('',(5.85,-4.95,3.6));
#5988 = DIRECTION('',(-0.,0.,1.));
#5989 = DIRECTION('',(0.,-1.,0.));
#5990 = FACE_BOUND('',#5991,.F.);
#5991 = EDGE_LOOP('',(#5992));
#5992 = ORIENTED_EDGE('',*,*,#5993,.F.);
#5993 = EDGE_CURVE('',#5994,#5994,#5996,.T.);
#5994 = VERTEX_POINT('',#5995);
#5995 = CARTESIAN_POINT('',(5.65,-4.25,3.6));
#5996 = CIRCLE('',#5997,0.5);
#5997 = AXIS2_PLACEMENT_3D('',#5998,#5999,#6000);
#5998 = CARTESIAN_POINT('',(5.15,-4.25,3.6));
#5999 = DIRECTION('',(0.,0.,-1.));
#6000 = DIRECTION('',(1.,0.,0.));
#6001 = FACE_BOUND('',#6002,.F.);
#6002 = EDGE_LOOP('',(#6003));
#6003 = ORIENTED_EDGE('',*,*,#6004,.F.);
#6004 = EDGE_CURVE('',#6005,#6005,#6007,.T.);
#6005 = VERTEX_POINT('',#6006);
#6006 = CARTESIAN_POINT('',(4.9,-2.25,3.6));
#6007 = CIRCLE('',#6008,1.75);
#6008 = AXIS2_PLACEMENT_3D('',#6009,#6010,#6011);
#6009 = CARTESIAN_POINT('',(3.15,-2.25,3.6));
#6010 = DIRECTION('',(0.,0.,-1.));
#6011 = DIRECTION('',(1.,0.,0.));
#6012 = FACE_BOUND('',#6013,.F.);
#6013 = EDGE_LOOP('',(#6014));
#6014 = ORIENTED_EDGE('',*,*,#6015,.F.);
#6015 = EDGE_CURVE('',#6016,#6016,#6018,.T.);
#6016 = VERTEX_POINT('',#6017);
#6017 = CARTESIAN_POINT('',(1.65,-0.25,3.6));
#6018 = CIRCLE('',#6019,0.5);
#6019 = AXIS2_PLACEMENT_3D('',#6020,#6021,#6022);
#6020 = CARTESIAN_POINT('',(1.15,-0.25,3.6));
#6021 = DIRECTION('',(0.,0.,-1.));
#6022 = DIRECTION('',(1.,0.,0.));
#6023 = FACE_BOUND('',#6024,.F.);
#6024 = EDGE_LOOP('',(#6025));
#6025 = ORIENTED_EDGE('',*,*,#6026,.F.);
#6026 = EDGE_CURVE('',#6027,#6027,#6029,.T.);
#6027 = VERTEX_POINT('',#6028);
#6028 = CARTESIAN_POINT('',(5.65,-0.25,3.6));
#6029 = CIRCLE('',#6030,0.5);
#6030 = AXIS2_PLACEMENT_3D('',#6031,#6032,#6033);
#6031 = CARTESIAN_POINT('',(5.15,-0.25,3.6));
#6032 = DIRECTION('',(0.,0.,-1.));
#6033 = DIRECTION('',(1.,0.,0.));
#6034 = FACE_BOUND('',#6035,.F.);
#6035 = EDGE_LOOP('',(#6036));
#6036 = ORIENTED_EDGE('',*,*,#5908,.F.);
#6037 = PLANE('',#6038);
#6038 = AXIS2_PLACEMENT_3D('',#6039,#6040,#6041);
#6039 = CARTESIAN_POINT('',(0.15,-5.25,3.6));
#6040 = DIRECTION('',(0.,0.,-1.));
#6041 = DIRECTION('',(-1.,0.,0.));
#6042 = ADVANCED_FACE('',(#6043),#6068,.F.);
#6043 = FACE_BOUND('',#6044,.F.);
#6044 = EDGE_LOOP('',(#6045,#6055,#6061,#6062));
#6045 = ORIENTED_EDGE('',*,*,#6046,.F.);
#6046 = EDGE_CURVE('',#6047,#6049,#6051,.T.);
#6047 = VERTEX_POINT('',#6048);
#6048 = CARTESIAN_POINT('',(0.45,-5.25,3.5));
#6049 = VERTEX_POINT('',#6050);
#6050 = CARTESIAN_POINT('',(5.85,-5.25,3.5));
#6051 = LINE('',#6052,#6053);
#6052 = CARTESIAN_POINT('',(0.15,-5.25,3.5));
#6053 = VECTOR('',#6054,1.);
#6054 = DIRECTION('',(1.,0.,0.));
#6055 = ORIENTED_EDGE('',*,*,#6056,.T.);
#6056 = EDGE_CURVE('',#6047,#5924,#6057,.T.);
#6057 = LINE('',#6058,#6059);
#6058 = CARTESIAN_POINT('',(0.45,-5.25,3.5));
#6059 = VECTOR('',#6060,1.);
#6060 = DIRECTION('',(0.,0.,1.));
#6061 = ORIENTED_EDGE('',*,*,#5923,.T.);
#6062 = ORIENTED_EDGE('',*,*,#6063,.F.);
#6063 = EDGE_CURVE('',#6049,#5926,#6064,.T.);
#6064 = LINE('',#6065,#6066);
#6065 = CARTESIAN_POINT('',(5.85,-5.25,3.5));
#6066 = VECTOR('',#6067,1.);
#6067 = DIRECTION('',(0.,0.,1.));
#6068 = PLANE('',#6069);
#6069 = AXIS2_PLACEMENT_3D('',#6070,#6071,#6072);
#6070 = CARTESIAN_POINT('',(0.15,-5.25,3.5));
#6071 = DIRECTION('',(0.,1.,0.));
#6072 = DIRECTION('',(1.,0.,0.));
#6073 = ADVANCED_FACE('',(#6074),#6093,.T.);
#6074 = FACE_BOUND('',#6075,.T.);
#6075 = EDGE_LOOP('',(#6076,#6077,#6078,#6086));
#6076 = ORIENTED_EDGE('',*,*,#6056,.T.);
#6077 = ORIENTED_EDGE('',*,*,#5933,.T.);
#6078 = ORIENTED_EDGE('',*,*,#6079,.F.);
#6079 = EDGE_CURVE('',#6080,#5934,#6082,.T.);
#6080 = VERTEX_POINT('',#6081);
#6081 = CARTESIAN_POINT('',(0.15,-4.95,3.5));
#6082 = LINE('',#6083,#6084);
#6083 = CARTESIAN_POINT('',(0.15,-4.95,3.5));
#6084 = VECTOR('',#6085,1.);
#6085 = DIRECTION('',(0.,0.,1.));
#6086 = ORIENTED_EDGE('',*,*,#6087,.F.);
#6087 = EDGE_CURVE('',#6047,#6080,#6088,.T.);
#6088 = CIRCLE('',#6089,0.3);
#6089 = AXIS2_PLACEMENT_3D('',#6090,#6091,#6092);
#6090 = CARTESIAN_POINT('',(0.45,-4.95,3.5));
#6091 = DIRECTION('',(-0.,-0.,-1.));
#6092 = DIRECTION('',(0.,-1.,0.));
#6093 = CYLINDRICAL_SURFACE('',#6094,0.3);
#6094 = AXIS2_PLACEMENT_3D('',#6095,#6096,#6097);
#6095 = CARTESIAN_POINT('',(0.45,-4.95,3.5));
#6096 = DIRECTION('',(0.,0.,1.));
#6097 = DIRECTION('',(0.,-1.,0.));
#6098 = ADVANCED_FACE('',(#6099),#6118,.T.);
#6099 = FACE_BOUND('',#6100,.T.);
#6100 = EDGE_LOOP('',(#6101,#6110,#6116,#6117));
#6101 = ORIENTED_EDGE('',*,*,#6102,.T.);
#6102 = EDGE_CURVE('',#6049,#6103,#6105,.T.);
#6103 = VERTEX_POINT('',#6104);
#6104 = CARTESIAN_POINT('',(6.15,-4.95,3.5));
#6105 = CIRCLE('',#6106,0.3);
#6106 = AXIS2_PLACEMENT_3D('',#6107,#6108,#6109);
#6107 = CARTESIAN_POINT('',(5.85,-4.95,3.5));
#6108 = DIRECTION('',(-0.,0.,1.));
#6109 = DIRECTION('',(0.,-1.,0.));
#6110 = ORIENTED_EDGE('',*,*,#6111,.T.);
#6111 = EDGE_CURVE('',#6103,#5977,#6112,.T.);
#6112 = LINE('',#6113,#6114);
#6113 = CARTESIAN_POINT('',(6.15,-4.95,3.5));
#6114 = VECTOR('',#6115,1.);
#6115 = DIRECTION('',(0.,0.,1.));
#6116 = ORIENTED_EDGE('',*,*,#5984,.F.);
#6117 = ORIENTED_EDGE('',*,*,#6063,.F.);
#6118 = CYLINDRICAL_SURFACE('',#6119,0.3);
#6119 = AXIS2_PLACEMENT_3D('',#6120,#6121,#6122);
#6120 = CARTESIAN_POINT('',(5.85,-4.95,3.5));
#6121 = DIRECTION('',(0.,0.,1.));
#6122 = DIRECTION('',(0.,-1.,0.));
#6123 = ADVANCED_FACE('',(#6124),#6142,.F.);
#6124 = FACE_BOUND('',#6125,.F.);
#6125 = EDGE_LOOP('',(#6126,#6134,#6140,#6141));
#6126 = ORIENTED_EDGE('',*,*,#6127,.F.);
#6127 = EDGE_CURVE('',#6128,#6080,#6130,.T.);
#6128 = VERTEX_POINT('',#6129);
#6129 = CARTESIAN_POINT('',(0.15,0.45,3.5));
#6130 = LINE('',#6131,#6132);
#6131 = CARTESIAN_POINT('',(0.15,0.75,3.5));
#6132 = VECTOR('',#6133,1.);
#6133 = DIRECTION('',(0.,-1.,0.));
#6134 = ORIENTED_EDGE('',*,*,#6135,.T.);
#6135 = EDGE_CURVE('',#6128,#5943,#6136,.T.);
#6136 = LINE('',#6137,#6138);
#6137 = CARTESIAN_POINT('',(0.15,0.45,3.5));
#6138 = VECTOR('',#6139,1.);
#6139 = DIRECTION('',(0.,0.,1.));
#6140 = ORIENTED_EDGE('',*,*,#5942,.T.);
#6141 = ORIENTED_EDGE('',*,*,#6079,.F.);
#6142 = PLANE('',#6143);
#6143 = AXIS2_PLACEMENT_3D('',#6144,#6145,#6146);
#6144 = CARTESIAN_POINT('',(0.15,0.75,3.5));
#6145 = DIRECTION('',(1.,0.,0.));
#6146 = DIRECTION('',(0.,-1.,0.));
#6147 = ADVANCED_FACE('',(#6148),#6166,.F.);
#6148 = FACE_BOUND('',#6149,.F.);
#6149 = EDGE_LOOP('',(#6150,#6158,#6159,#6160));
#6150 = ORIENTED_EDGE('',*,*,#6151,.F.);
#6151 = EDGE_CURVE('',#6103,#6152,#6154,.T.);
#6152 = VERTEX_POINT('',#6153);
#6153 = CARTESIAN_POINT('',(6.15,0.45,3.5));
#6154 = LINE('',#6155,#6156);
#6155 = CARTESIAN_POINT('',(6.15,-5.25,3.5));
#6156 = VECTOR('',#6157,1.);
#6157 = DIRECTION('',(0.,1.,0.));
#6158 = ORIENTED_EDGE('',*,*,#6111,.T.);
#6159 = ORIENTED_EDGE('',*,*,#5976,.T.);
#6160 = ORIENTED_EDGE('',*,*,#6161,.F.);
#6161 = EDGE_CURVE('',#6152,#5968,#6162,.T.);
#6162 = LINE('',#6163,#6164);
#6163 = CARTESIAN_POINT('',(6.15,0.45,3.5));
#6164 = VECTOR('',#6165,1.);
#6165 = DIRECTION('',(0.,0.,1.));
#6166 = PLANE('',#6167);
#6167 = AXIS2_PLACEMENT_3D('',#6168,#6169,#6170);
#6168 = CARTESIAN_POINT('',(6.15,-5.25,3.5));
#6169 = DIRECTION('',(-1.,0.,0.));
#6170 = DIRECTION('',(0.,1.,0.));
#6171 = ADVANCED_FACE('',(#6172),#6191,.T.);
#6172 = FACE_BOUND('',#6173,.T.);
#6173 = EDGE_LOOP('',(#6174,#6183,#6184,#6185));
#6174 = ORIENTED_EDGE('',*,*,#6175,.T.);
#6175 = EDGE_CURVE('',#6176,#6128,#6178,.T.);
#6176 = VERTEX_POINT('',#6177);
#6177 = CARTESIAN_POINT('',(0.45,0.75,3.5));
#6178 = CIRCLE('',#6179,0.3);
#6179 = AXIS2_PLACEMENT_3D('',#6180,#6181,#6182);
#6180 = CARTESIAN_POINT('',(0.45,0.45,3.5));
#6181 = DIRECTION('',(-0.,0.,1.));
#6182 = DIRECTION('',(0.,-1.,0.));
#6183 = ORIENTED_EDGE('',*,*,#6135,.T.);
#6184 = ORIENTED_EDGE('',*,*,#5950,.F.);
#6185 = ORIENTED_EDGE('',*,*,#6186,.F.);
#6186 = EDGE_CURVE('',#6176,#5951,#6187,.T.);
#6187 = LINE('',#6188,#6189);
#6188 = CARTESIAN_POINT('',(0.45,0.75,3.5));
#6189 = VECTOR('',#6190,1.);
#6190 = DIRECTION('',(0.,0.,1.));
#6191 = CYLINDRICAL_SURFACE('',#6192,0.3);
#6192 = AXIS2_PLACEMENT_3D('',#6193,#6194,#6195);
#6193 = CARTESIAN_POINT('',(0.45,0.45,3.5));
#6194 = DIRECTION('',(0.,0.,1.));
#6195 = DIRECTION('',(0.,1.,0.));
#6196 = ADVANCED_FACE('',(#6197),#6216,.T.);
#6197 = FACE_BOUND('',#6198,.T.);
#6198 = EDGE_LOOP('',(#6199,#6208,#6214,#6215));
#6199 = ORIENTED_EDGE('',*,*,#6200,.T.);
#6200 = EDGE_CURVE('',#6152,#6201,#6203,.T.);
#6201 = VERTEX_POINT('',#6202);
#6202 = CARTESIAN_POINT('',(5.85,0.75,3.5));
#6203 = CIRCLE('',#6204,0.3);
#6204 = AXIS2_PLACEMENT_3D('',#6205,#6206,#6207);
#6205 = CARTESIAN_POINT('',(5.85,0.45,3.5));
#6206 = DIRECTION('',(-0.,0.,1.));
#6207 = DIRECTION('',(0.,-1.,0.));
#6208 = ORIENTED_EDGE('',*,*,#6209,.T.);
#6209 = EDGE_CURVE('',#6201,#5960,#6210,.T.);
#6210 = LINE('',#6211,#6212);
#6211 = CARTESIAN_POINT('',(5.85,0.75,3.5));
#6212 = VECTOR('',#6213,1.);
#6213 = DIRECTION('',(0.,0.,1.));
#6214 = ORIENTED_EDGE('',*,*,#5967,.F.);
#6215 = ORIENTED_EDGE('',*,*,#6161,.F.);
#6216 = CYLINDRICAL_SURFACE('',#6217,0.3);
#6217 = AXIS2_PLACEMENT_3D('',#6218,#6219,#6220);
#6218 = CARTESIAN_POINT('',(5.85,0.45,3.5));
#6219 = DIRECTION('',(0.,0.,1.));
#6220 = DIRECTION('',(1.,0.,-0.));
#6221 = ADVANCED_FACE('',(#6222),#6233,.F.);
#6222 = FACE_BOUND('',#6223,.F.);
#6223 = EDGE_LOOP('',(#6224,#6230,#6231,#6232));
#6224 = ORIENTED_EDGE('',*,*,#6225,.F.);
#6225 = EDGE_CURVE('',#6201,#6176,#6226,.T.);
#6226 = LINE('',#6227,#6228);
#6227 = CARTESIAN_POINT('',(6.15,0.75,3.5));
#6228 = VECTOR('',#6229,1.);
#6229 = DIRECTION('',(-1.,0.,0.));
#6230 = ORIENTED_EDGE('',*,*,#6209,.T.);
#6231 = ORIENTED_EDGE('',*,*,#5959,.T.);
#6232 = ORIENTED_EDGE('',*,*,#6186,.F.);
#6233 = PLANE('',#6234);
#6234 = AXIS2_PLACEMENT_3D('',#6235,#6236,#6237);
#6235 = CARTESIAN_POINT('',(6.15,0.75,3.5));
#6236 = DIRECTION('',(0.,-1.,0.));
#6237 = DIRECTION('',(-1.,0.,0.));
#6238 = ADVANCED_FACE('',(#6239),#6258,.T.);
#6239 = FACE_BOUND('',#6240,.T.);
#6240 = EDGE_LOOP('',(#6241,#6249,#6256,#6257));
#6241 = ORIENTED_EDGE('',*,*,#6242,.T.);
#6242 = EDGE_CURVE('',#5994,#6243,#6245,.T.);
#6243 = VERTEX_POINT('',#6244);
#6244 = CARTESIAN_POINT('',(5.65,-4.25,4.1));
#6245 = LINE('',#6246,#6247);
#6246 = CARTESIAN_POINT('',(5.65,-4.25,3.5));
#6247 = VECTOR('',#6248,1.);
#6248 = DIRECTION('',(0.,0.,1.));
#6249 = ORIENTED_EDGE('',*,*,#6250,.F.);
#6250 = EDGE_CURVE('',#6243,#6243,#6251,.T.);
#6251 = CIRCLE('',#6252,0.5);
#6252 = AXIS2_PLACEMENT_3D('',#6253,#6254,#6255);
#6253 = CARTESIAN_POINT('',(5.15,-4.25,4.1));
#6254 = DIRECTION('',(0.,0.,1.));
#6255 = DIRECTION('',(1.,0.,-0.));
#6256 = ORIENTED_EDGE('',*,*,#6242,.F.);
#6257 = ORIENTED_EDGE('',*,*,#5993,.F.);
#6258 = CYLINDRICAL_SURFACE('',#6259,0.5);
#6259 = AXIS2_PLACEMENT_3D('',#6260,#6261,#6262);
#6260 = CARTESIAN_POINT('',(5.15,-4.25,3.5));
#6261 = DIRECTION('',(-0.,-0.,-1.));
#6262 = DIRECTION('',(1.,0.,0.));
#6263 = ADVANCED_FACE('',(#6264),#6283,.T.);
#6264 = FACE_BOUND('',#6265,.T.);
#6265 = EDGE_LOOP('',(#6266,#6274,#6281,#6282));
#6266 = ORIENTED_EDGE('',*,*,#6267,.T.);
#6267 = EDGE_CURVE('',#6005,#6268,#6270,.T.);
#6268 = VERTEX_POINT('',#6269);
#6269 = CARTESIAN_POINT('',(4.9,-2.25,4.2));
#6270 = LINE('',#6271,#6272);
#6271 = CARTESIAN_POINT('',(4.9,-2.25,3.5));
#6272 = VECTOR('',#6273,1.);
#6273 = DIRECTION('',(0.,0.,1.));
#6274 = ORIENTED_EDGE('',*,*,#6275,.F.);
#6275 = EDGE_CURVE('',#6268,#6268,#6276,.T.);
#6276 = CIRCLE('',#6277,1.75);
#6277 = AXIS2_PLACEMENT_3D('',#6278,#6279,#6280);
#6278 = CARTESIAN_POINT('',(3.15,-2.25,4.2));
#6279 = DIRECTION('',(0.,0.,1.));
#6280 = DIRECTION('',(1.,0.,-0.));
#6281 = ORIENTED_EDGE('',*,*,#6267,.F.);
#6282 = ORIENTED_EDGE('',*,*,#6004,.F.);
#6283 = CYLINDRICAL_SURFACE('',#6284,1.75);
#6284 = AXIS2_PLACEMENT_3D('',#6285,#6286,#6287);
#6285 = CARTESIAN_POINT('',(3.15,-2.25,3.5));
#6286 = DIRECTION('',(-0.,-0.,-1.));
#6287 = DIRECTION('',(1.,0.,0.));
#6288 = ADVANCED_FACE('',(#6289),#6308,.T.);
#6289 = FACE_BOUND('',#6290,.T.);
#6290 = EDGE_LOOP('',(#6291,#6299,#6306,#6307));
#6291 = ORIENTED_EDGE('',*,*,#6292,.T.);
#6292 = EDGE_CURVE('',#6016,#6293,#6295,.T.);
#6293 = VERTEX_POINT('',#6294);
#6294 = CARTESIAN_POINT('',(1.65,-0.25,4.1));
#6295 = LINE('',#6296,#6297);
#6296 = CARTESIAN_POINT('',(1.65,-0.25,3.5));
#6297 = VECTOR('',#6298,1.);
#6298 = DIRECTION('',(0.,0.,1.));
#6299 = ORIENTED_EDGE('',*,*,#6300,.F.);
#6300 = EDGE_CURVE('',#6293,#6293,#6301,.T.);
#6301 = CIRCLE('',#6302,0.5);
#6302 = AXIS2_PLACEMENT_3D('',#6303,#6304,#6305);
#6303 = CARTESIAN_POINT('',(1.15,-0.25,4.1));
#6304 = DIRECTION('',(0.,0.,1.));
#6305 = DIRECTION('',(1.,0.,-0.));
#6306 = ORIENTED_EDGE('',*,*,#6292,.F.);
#6307 = ORIENTED_EDGE('',*,*,#6015,.F.);
#6308 = CYLINDRICAL_SURFACE('',#6309,0.5);
#6309 = AXIS2_PLACEMENT_3D('',#6310,#6311,#6312);
#6310 = CARTESIAN_POINT('',(1.15,-0.25,3.5));
#6311 = DIRECTION('',(-0.,-0.,-1.));
#6312 = DIRECTION('',(1.,0.,0.));
#6313 = ADVANCED_FACE('',(#6314),#6333,.T.);
#6314 = FACE_BOUND('',#6315,.T.);
#6315 = EDGE_LOOP('',(#6316,#6324,#6331,#6332));
#6316 = ORIENTED_EDGE('',*,*,#6317,.T.);
#6317 = EDGE_CURVE('',#6027,#6318,#6320,.T.);
#6318 = VERTEX_POINT('',#6319);
#6319 = CARTESIAN_POINT('',(5.65,-0.25,4.1));
#6320 = LINE('',#6321,#6322);
#6321 = CARTESIAN_POINT('',(5.65,-0.25,3.5));
#6322 = VECTOR('',#6323,1.);
#6323 = DIRECTION('',(0.,0.,1.));
#6324 = ORIENTED_EDGE('',*,*,#6325,.F.);
#6325 = EDGE_CURVE('',#6318,#6318,#6326,.T.);
#6326 = CIRCLE('',#6327,0.5);
#6327 = AXIS2_PLACEMENT_3D('',#6328,#6329,#6330);
#6328 = CARTESIAN_POINT('',(5.15,-0.25,4.1));
#6329 = DIRECTION('',(0.,0.,1.));
#6330 = DIRECTION('',(1.,0.,-0.));
#6331 = ORIENTED_EDGE('',*,*,#6317,.F.);
#6332 = ORIENTED_EDGE('',*,*,#6026,.F.);
#6333 = CYLINDRICAL_SURFACE('',#6334,0.5);
#6334 = AXIS2_PLACEMENT_3D('',#6335,#6336,#6337);
#6335 = CARTESIAN_POINT('',(5.15,-0.25,3.5));
#6336 = DIRECTION('',(-0.,-0.,-1.));
#6337 = DIRECTION('',(1.,0.,0.));
#6338 = ADVANCED_FACE('',(#6339),#6364,.F.);
#6339 = FACE_BOUND('',#6340,.F.);
#6340 = EDGE_LOOP('',(#6341,#6351,#6357,#6358));
#6341 = ORIENTED_EDGE('',*,*,#6342,.F.);
#6342 = EDGE_CURVE('',#6343,#6345,#6347,.T.);
#6343 = VERTEX_POINT('',#6344);
#6344 = CARTESIAN_POINT('',(0.45,-5.25,0.));
#6345 = VERTEX_POINT('',#6346);
#6346 = CARTESIAN_POINT('',(5.85,-5.25,0.));
#6347 = LINE('',#6348,#6349);
#6348 = CARTESIAN_POINT('',(0.15,-5.25,0.));
#6349 = VECTOR('',#6350,1.);
#6350 = DIRECTION('',(1.,0.,0.));
#6351 = ORIENTED_EDGE('',*,*,#6352,.T.);
#6352 = EDGE_CURVE('',#6343,#6047,#6353,.T.);
#6353 = LINE('',#6354,#6355);
#6354 = CARTESIAN_POINT('',(0.45,-5.25,0.));
#6355 = VECTOR('',#6356,1.);
#6356 = DIRECTION('',(0.,0.,1.));
#6357 = ORIENTED_EDGE('',*,*,#6046,.T.);
#6358 = ORIENTED_EDGE('',*,*,#6359,.F.);
#6359 = EDGE_CURVE('',#6345,#6049,#6360,.T.);
#6360 = LINE('',#6361,#6362);
#6361 = CARTESIAN_POINT('',(5.85,-5.25,0.));
#6362 = VECTOR('',#6363,1.);
#6363 = DIRECTION('',(0.,0.,1.));
#6364 = PLANE('',#6365);
#6365 = AXIS2_PLACEMENT_3D('',#6366,#6367,#6368);
#6366 = CARTESIAN_POINT('',(0.15,-5.25,0.));
#6367 = DIRECTION('',(0.,1.,0.));
#6368 = DIRECTION('',(1.,0.,0.));
#6369 = ADVANCED_FACE('',(#6370),#6389,.T.);
#6370 = FACE_BOUND('',#6371,.T.);
#6371 = EDGE_LOOP('',(#6372,#6373,#6374,#6382));
#6372 = ORIENTED_EDGE('',*,*,#6352,.T.);
#6373 = ORIENTED_EDGE('',*,*,#6087,.T.);
#6374 = ORIENTED_EDGE('',*,*,#6375,.F.);
#6375 = EDGE_CURVE('',#6376,#6080,#6378,.T.);
#6376 = VERTEX_POINT('',#6377);
#6377 = CARTESIAN_POINT('',(0.15,-4.95,0.));
#6378 = LINE('',#6379,#6380);
#6379 = CARTESIAN_POINT('',(0.15,-4.95,0.));
#6380 = VECTOR('',#6381,1.);
#6381 = DIRECTION('',(0.,0.,1.));
#6382 = ORIENTED_EDGE('',*,*,#6383,.F.);
#6383 = EDGE_CURVE('',#6343,#6376,#6384,.T.);
#6384 = CIRCLE('',#6385,0.3);
#6385 = AXIS2_PLACEMENT_3D('',#6386,#6387,#6388);
#6386 = CARTESIAN_POINT('',(0.45,-4.95,0.));
#6387 = DIRECTION('',(-0.,-0.,-1.));
#6388 = DIRECTION('',(0.,-1.,0.));
#6389 = CYLINDRICAL_SURFACE('',#6390,0.3);
#6390 = AXIS2_PLACEMENT_3D('',#6391,#6392,#6393);
#6391 = CARTESIAN_POINT('',(0.45,-4.95,0.));
#6392 = DIRECTION('',(0.,0.,1.));
#6393 = DIRECTION('',(0.,-1.,0.));
#6394 = ADVANCED_FACE('',(#6395),#6414,.T.);
#6395 = FACE_BOUND('',#6396,.T.);
#6396 = EDGE_LOOP('',(#6397,#6406,#6412,#6413));
#6397 = ORIENTED_EDGE('',*,*,#6398,.T.);
#6398 = EDGE_CURVE('',#6345,#6399,#6401,.T.);
#6399 = VERTEX_POINT('',#6400);
#6400 = CARTESIAN_POINT('',(6.15,-4.95,0.));
#6401 = CIRCLE('',#6402,0.3);
#6402 = AXIS2_PLACEMENT_3D('',#6403,#6404,#6405);
#6403 = CARTESIAN_POINT('',(5.85,-4.95,0.));
#6404 = DIRECTION('',(-0.,0.,1.));
#6405 = DIRECTION('',(0.,-1.,0.));
#6406 = ORIENTED_EDGE('',*,*,#6407,.T.);
#6407 = EDGE_CURVE('',#6399,#6103,#6408,.T.);
#6408 = LINE('',#6409,#6410);
#6409 = CARTESIAN_POINT('',(6.15,-4.95,0.));
#6410 = VECTOR('',#6411,1.);
#6411 = DIRECTION('',(0.,0.,1.));
#6412 = ORIENTED_EDGE('',*,*,#6102,.F.);
#6413 = ORIENTED_EDGE('',*,*,#6359,.F.);
#6414 = CYLINDRICAL_SURFACE('',#6415,0.3);
#6415 = AXIS2_PLACEMENT_3D('',#6416,#6417,#6418);
#6416 = CARTESIAN_POINT('',(5.85,-4.95,0.));
#6417 = DIRECTION('',(0.,0.,1.));
#6418 = DIRECTION('',(0.,-1.,0.));
#6419 = ADVANCED_FACE('',(#6420),#6502,.F.);
#6420 = FACE_BOUND('',#6421,.F.);
#6421 = EDGE_LOOP('',(#6422,#6432,#6438,#6439,#6440,#6448,#6456,#6464,
    #6472,#6480,#6488,#6496));
#6422 = ORIENTED_EDGE('',*,*,#6423,.F.);
#6423 = EDGE_CURVE('',#6424,#6426,#6428,.T.);
#6424 = VERTEX_POINT('',#6425);
#6425 = CARTESIAN_POINT('',(0.15,0.45,0.));
#6426 = VERTEX_POINT('',#6427);
#6427 = CARTESIAN_POINT('',(0.15,0.35,0.));
#6428 = LINE('',#6429,#6430);
#6429 = CARTESIAN_POINT('',(0.15,0.75,0.));
#6430 = VECTOR('',#6431,1.);
#6431 = DIRECTION('',(0.,-1.,0.));
#6432 = ORIENTED_EDGE('',*,*,#6433,.T.);
#6433 = EDGE_CURVE('',#6424,#6128,#6434,.T.);
#6434 = LINE('',#6435,#6436);
#6435 = CARTESIAN_POINT('',(0.15,0.45,0.));
#6436 = VECTOR('',#6437,1.);
#6437 = DIRECTION('',(0.,0.,1.));
#6438 = ORIENTED_EDGE('',*,*,#6127,.T.);
#6439 = ORIENTED_EDGE('',*,*,#6375,.F.);
#6440 = ORIENTED_EDGE('',*,*,#6441,.F.);
#6441 = EDGE_CURVE('',#6442,#6376,#6444,.T.);
#6442 = VERTEX_POINT('',#6443);
#6443 = CARTESIAN_POINT('',(0.15,-4.85,0.));
#6444 = LINE('',#6445,#6446);
#6445 = CARTESIAN_POINT('',(0.15,0.75,0.));
#6446 = VECTOR('',#6447,1.);
#6447 = DIRECTION('',(0.,-1.,0.));
#6448 = ORIENTED_EDGE('',*,*,#6449,.F.);
#6449 = EDGE_CURVE('',#6450,#6442,#6452,.T.);
#6450 = VERTEX_POINT('',#6451);
#6451 = CARTESIAN_POINT('',(0.15,-4.85,1.5));
#6452 = LINE('',#6453,#6454);
#6453 = CARTESIAN_POINT('',(0.15,-4.85,1.5));
#6454 = VECTOR('',#6455,1.);
#6455 = DIRECTION('',(0.,5.551115123126E-16,-1.));
#6456 = ORIENTED_EDGE('',*,*,#6457,.T.);
#6457 = EDGE_CURVE('',#6450,#6458,#6460,.T.);
#6458 = VERTEX_POINT('',#6459);
#6459 = CARTESIAN_POINT('',(0.15,-4.15,1.5));
#6460 = LINE('',#6461,#6462);
#6461 = CARTESIAN_POINT('',(0.15,-4.85,1.5));
#6462 = VECTOR('',#6463,1.);
#6463 = DIRECTION('',(0.,1.,3.330669073875E-16));
#6464 = ORIENTED_EDGE('',*,*,#6465,.T.);
#6465 = EDGE_CURVE('',#6458,#6466,#6468,.T.);
#6466 = VERTEX_POINT('',#6467);
#6467 = CARTESIAN_POINT('',(0.15,-4.15,0.));
#6468 = LINE('',#6469,#6470);
#6469 = CARTESIAN_POINT('',(0.15,-4.15,1.5));
#6470 = VECTOR('',#6471,1.);
#6471 = DIRECTION('',(0.,5.551115123126E-16,-1.));
#6472 = ORIENTED_EDGE('',*,*,#6473,.F.);
#6473 = EDGE_CURVE('',#6474,#6466,#6476,.T.);
#6474 = VERTEX_POINT('',#6475);
#6475 = CARTESIAN_POINT('',(0.15,-0.35,0.));
#6476 = LINE('',#6477,#6478);
#6477 = CARTESIAN_POINT('',(0.15,0.75,0.));
#6478 = VECTOR('',#6479,1.);
#6479 = DIRECTION('',(0.,-1.,0.));
#6480 = ORIENTED_EDGE('',*,*,#6481,.F.);
#6481 = EDGE_CURVE('',#6482,#6474,#6484,.T.);
#6482 = VERTEX_POINT('',#6483);
#6483 = CARTESIAN_POINT('',(0.15,-0.35,1.5));
#6484 = LINE('',#6485,#6486);
#6485 = CARTESIAN_POINT('',(0.15,-0.35,1.5));
#6486 = VECTOR('',#6487,1.);
#6487 = DIRECTION('',(0.,5.551115123126E-16,-1.));
#6488 = ORIENTED_EDGE('',*,*,#6489,.T.);
#6489 = EDGE_CURVE('',#6482,#6490,#6492,.T.);
#6490 = VERTEX_POINT('',#6491);
#6491 = CARTESIAN_POINT('',(0.15,0.35,1.5));
#6492 = LINE('',#6493,#6494);
#6493 = CARTESIAN_POINT('',(0.15,-0.35,1.5));
#6494 = VECTOR('',#6495,1.);
#6495 = DIRECTION('',(0.,1.,3.330669073875E-16));
#6496 = ORIENTED_EDGE('',*,*,#6497,.T.);
#6497 = EDGE_CURVE('',#6490,#6426,#6498,.T.);
#6498 = LINE('',#6499,#6500);
#6499 = CARTESIAN_POINT('',(0.15,0.35,1.5));
#6500 = VECTOR('',#6501,1.);
#6501 = DIRECTION('',(0.,5.551115123126E-16,-1.));
#6502 = PLANE('',#6503);
#6503 = AXIS2_PLACEMENT_3D('',#6504,#6505,#6506);
#6504 = CARTESIAN_POINT('',(0.15,0.75,0.));
#6505 = DIRECTION('',(1.,0.,0.));
#6506 = DIRECTION('',(0.,-1.,0.));
#6507 = ADVANCED_FACE('',(#6508),#6590,.F.);
#6508 = FACE_BOUND('',#6509,.F.);
#6509 = EDGE_LOOP('',(#6510,#6518,#6519,#6520,#6528,#6536,#6544,#6552,
    #6560,#6568,#6576,#6584));
#6510 = ORIENTED_EDGE('',*,*,#6511,.F.);
#6511 = EDGE_CURVE('',#6399,#6512,#6514,.T.);
#6512 = VERTEX_POINT('',#6513);
#6513 = CARTESIAN_POINT('',(6.15,-4.85,0.));
#6514 = LINE('',#6515,#6516);
#6515 = CARTESIAN_POINT('',(6.15,-5.25,0.));
#6516 = VECTOR('',#6517,1.);
#6517 = DIRECTION('',(0.,1.,0.));
#6518 = ORIENTED_EDGE('',*,*,#6407,.T.);
#6519 = ORIENTED_EDGE('',*,*,#6151,.T.);
#6520 = ORIENTED_EDGE('',*,*,#6521,.F.);
#6521 = EDGE_CURVE('',#6522,#6152,#6524,.T.);
#6522 = VERTEX_POINT('',#6523);
#6523 = CARTESIAN_POINT('',(6.15,0.45,0.));
#6524 = LINE('',#6525,#6526);
#6525 = CARTESIAN_POINT('',(6.15,0.45,0.));
#6526 = VECTOR('',#6527,1.);
#6527 = DIRECTION('',(0.,0.,1.));
#6528 = ORIENTED_EDGE('',*,*,#6529,.F.);
#6529 = EDGE_CURVE('',#6530,#6522,#6532,.T.);
#6530 = VERTEX_POINT('',#6531);
#6531 = CARTESIAN_POINT('',(6.15,0.35,0.));
#6532 = LINE('',#6533,#6534);
#6533 = CARTESIAN_POINT('',(6.15,-5.25,0.));
#6534 = VECTOR('',#6535,1.);
#6535 = DIRECTION('',(0.,1.,0.));
#6536 = ORIENTED_EDGE('',*,*,#6537,.F.);
#6537 = EDGE_CURVE('',#6538,#6530,#6540,.T.);
#6538 = VERTEX_POINT('',#6539);
#6539 = CARTESIAN_POINT('',(6.15,0.35,1.5));
#6540 = LINE('',#6541,#6542);
#6541 = CARTESIAN_POINT('',(6.15,0.35,1.5));
#6542 = VECTOR('',#6543,1.);
#6543 = DIRECTION('',(0.,5.551115123126E-16,-1.));
#6544 = ORIENTED_EDGE('',*,*,#6545,.F.);
#6545 = EDGE_CURVE('',#6546,#6538,#6548,.T.);
#6546 = VERTEX_POINT('',#6547);
#6547 = CARTESIAN_POINT('',(6.15,-0.35,1.5));
#6548 = LINE('',#6549,#6550);
#6549 = CARTESIAN_POINT('',(6.15,-0.35,1.5));
#6550 = VECTOR('',#6551,1.);
#6551 = DIRECTION('',(0.,1.,3.330669073875E-16));
#6552 = ORIENTED_EDGE('',*,*,#6553,.T.);
#6553 = EDGE_CURVE('',#6546,#6554,#6556,.T.);
#6554 = VERTEX_POINT('',#6555);
#6555 = CARTESIAN_POINT('',(6.15,-0.35,0.));
#6556 = LINE('',#6557,#6558);
#6557 = CARTESIAN_POINT('',(6.15,-0.35,1.5));
#6558 = VECTOR('',#6559,1.);
#6559 = DIRECTION('',(0.,5.551115123126E-16,-1.));
#6560 = ORIENTED_EDGE('',*,*,#6561,.F.);
#6561 = EDGE_CURVE('',#6562,#6554,#6564,.T.);
#6562 = VERTEX_POINT('',#6563);
#6563 = CARTESIAN_POINT('',(6.15,-4.15,0.));
#6564 = LINE('',#6565,#6566);
#6565 = CARTESIAN_POINT('',(6.15,-5.25,0.));
#6566 = VECTOR('',#6567,1.);
#6567 = DIRECTION('',(0.,1.,0.));
#6568 = ORIENTED_EDGE('',*,*,#6569,.F.);
#6569 = EDGE_CURVE('',#6570,#6562,#6572,.T.);
#6570 = VERTEX_POINT('',#6571);
#6571 = CARTESIAN_POINT('',(6.15,-4.15,1.5));
#6572 = LINE('',#6573,#6574);
#6573 = CARTESIAN_POINT('',(6.15,-4.15,1.5));
#6574 = VECTOR('',#6575,1.);
#6575 = DIRECTION('',(0.,5.551115123126E-16,-1.));
#6576 = ORIENTED_EDGE('',*,*,#6577,.F.);
#6577 = EDGE_CURVE('',#6578,#6570,#6580,.T.);
#6578 = VERTEX_POINT('',#6579);
#6579 = CARTESIAN_POINT('',(6.15,-4.85,1.5));
#6580 = LINE('',#6581,#6582);
#6581 = CARTESIAN_POINT('',(6.15,-4.85,1.5));
#6582 = VECTOR('',#6583,1.);
#6583 = DIRECTION('',(0.,1.,3.330669073875E-16));
#6584 = ORIENTED_EDGE('',*,*,#6585,.T.);
#6585 = EDGE_CURVE('',#6578,#6512,#6586,.T.);
#6586 = LINE('',#6587,#6588);
#6587 = CARTESIAN_POINT('',(6.15,-4.85,1.5));
#6588 = VECTOR('',#6589,1.);
#6589 = DIRECTION('',(0.,5.551115123126E-16,-1.));
#6590 = PLANE('',#6591);
#6591 = AXIS2_PLACEMENT_3D('',#6592,#6593,#6594);
#6592 = CARTESIAN_POINT('',(6.15,-5.25,0.));
#6593 = DIRECTION('',(-1.,0.,0.));
#6594 = DIRECTION('',(0.,1.,0.));
#6595 = ADVANCED_FACE('',(#6596),#6615,.T.);
#6596 = FACE_BOUND('',#6597,.T.);
#6597 = EDGE_LOOP('',(#6598,#6607,#6608,#6609));
#6598 = ORIENTED_EDGE('',*,*,#6599,.T.);
#6599 = EDGE_CURVE('',#6600,#6424,#6602,.T.);
#6600 = VERTEX_POINT('',#6601);
#6601 = CARTESIAN_POINT('',(0.45,0.75,0.));
#6602 = CIRCLE('',#6603,0.3);
#6603 = AXIS2_PLACEMENT_3D('',#6604,#6605,#6606);
#6604 = CARTESIAN_POINT('',(0.45,0.45,0.));
#6605 = DIRECTION('',(-0.,0.,1.));
#6606 = DIRECTION('',(0.,-1.,0.));
#6607 = ORIENTED_EDGE('',*,*,#6433,.T.);
#6608 = ORIENTED_EDGE('',*,*,#6175,.F.);
#6609 = ORIENTED_EDGE('',*,*,#6610,.F.);
#6610 = EDGE_CURVE('',#6600,#6176,#6611,.T.);
#6611 = LINE('',#6612,#6613);
#6612 = CARTESIAN_POINT('',(0.45,0.75,0.));
#6613 = VECTOR('',#6614,1.);
#6614 = DIRECTION('',(0.,0.,1.));
#6615 = CYLINDRICAL_SURFACE('',#6616,0.3);
#6616 = AXIS2_PLACEMENT_3D('',#6617,#6618,#6619);
#6617 = CARTESIAN_POINT('',(0.45,0.45,0.));
#6618 = DIRECTION('',(0.,0.,1.));
#6619 = DIRECTION('',(0.,1.,0.));
#6620 = ADVANCED_FACE('',(#6621),#6640,.T.);
#6621 = FACE_BOUND('',#6622,.T.);
#6622 = EDGE_LOOP('',(#6623,#6632,#6638,#6639));
#6623 = ORIENTED_EDGE('',*,*,#6624,.T.);
#6624 = EDGE_CURVE('',#6522,#6625,#6627,.T.);
#6625 = VERTEX_POINT('',#6626);
#6626 = CARTESIAN_POINT('',(5.85,0.75,0.));
#6627 = CIRCLE('',#6628,0.3);
#6628 = AXIS2_PLACEMENT_3D('',#6629,#6630,#6631);
#6629 = CARTESIAN_POINT('',(5.85,0.45,0.));
#6630 = DIRECTION('',(-0.,0.,1.));
#6631 = DIRECTION('',(0.,-1.,0.));
#6632 = ORIENTED_EDGE('',*,*,#6633,.T.);
#6633 = EDGE_CURVE('',#6625,#6201,#6634,.T.);
#6634 = LINE('',#6635,#6636);
#6635 = CARTESIAN_POINT('',(5.85,0.75,0.));
#6636 = VECTOR('',#6637,1.);
#6637 = DIRECTION('',(0.,0.,1.));
#6638 = ORIENTED_EDGE('',*,*,#6200,.F.);
#6639 = ORIENTED_EDGE('',*,*,#6521,.F.);
#6640 = CYLINDRICAL_SURFACE('',#6641,0.3);
#6641 = AXIS2_PLACEMENT_3D('',#6642,#6643,#6644);
#6642 = CARTESIAN_POINT('',(5.85,0.45,0.));
#6643 = DIRECTION('',(0.,0.,1.));
#6644 = DIRECTION('',(1.,0.,-0.));
#6645 = ADVANCED_FACE('',(#6646),#6657,.F.);
#6646 = FACE_BOUND('',#6647,.F.);
#6647 = EDGE_LOOP('',(#6648,#6654,#6655,#6656));
#6648 = ORIENTED_EDGE('',*,*,#6649,.F.);
#6649 = EDGE_CURVE('',#6625,#6600,#6650,.T.);
#6650 = LINE('',#6651,#6652);
#6651 = CARTESIAN_POINT('',(6.15,0.75,0.));
#6652 = VECTOR('',#6653,1.);
#6653 = DIRECTION('',(-1.,0.,0.));
#6654 = ORIENTED_EDGE('',*,*,#6633,.T.);
#6655 = ORIENTED_EDGE('',*,*,#6225,.T.);
#6656 = ORIENTED_EDGE('',*,*,#6610,.F.);
#6657 = PLANE('',#6658);
#6658 = AXIS2_PLACEMENT_3D('',#6659,#6660,#6661);
#6659 = CARTESIAN_POINT('',(6.15,0.75,0.));
#6660 = DIRECTION('',(0.,-1.,0.));
#6661 = DIRECTION('',(-1.,0.,0.));
#6662 = ADVANCED_FACE('',(#6663),#6666,.F.);
#6663 = FACE_BOUND('',#6664,.T.);
#6664 = EDGE_LOOP('',(#6665));
#6665 = ORIENTED_EDGE('',*,*,#6250,.T.);
#6666 = PLANE('',#6667);
#6667 = AXIS2_PLACEMENT_3D('',#6668,#6669,#6670);
#6668 = CARTESIAN_POINT('',(5.65,-4.25,4.1));
#6669 = DIRECTION('',(0.,0.,-1.));
#6670 = DIRECTION('',(-1.,0.,0.));
#6671 = ADVANCED_FACE('',(#6672),#6692,.T.);
#6672 = FACE_BOUND('',#6673,.T.);
#6673 = EDGE_LOOP('',(#6674,#6675,#6684,#6691));
#6674 = ORIENTED_EDGE('',*,*,#6275,.T.);
#6675 = ORIENTED_EDGE('',*,*,#6676,.F.);
#6676 = EDGE_CURVE('',#6677,#6268,#6679,.T.);
#6677 = VERTEX_POINT('',#6678);
#6678 = CARTESIAN_POINT('',(4.8,-2.25,4.3));
#6679 = CIRCLE('',#6680,0.1);
#6680 = AXIS2_PLACEMENT_3D('',#6681,#6682,#6683);
#6681 = CARTESIAN_POINT('',(4.8,-2.25,4.2));
#6682 = DIRECTION('',(-0.,1.,0.));
#6683 = DIRECTION('',(1.,0.,0.));
#6684 = ORIENTED_EDGE('',*,*,#6685,.F.);
#6685 = EDGE_CURVE('',#6677,#6677,#6686,.T.);
#6686 = CIRCLE('',#6687,1.65);
#6687 = AXIS2_PLACEMENT_3D('',#6688,#6689,#6690);
#6688 = CARTESIAN_POINT('',(3.15,-2.25,4.3));
#6689 = DIRECTION('',(0.,0.,1.));
#6690 = DIRECTION('',(1.,0.,-0.));
#6691 = ORIENTED_EDGE('',*,*,#6676,.T.);
#6692 = TOROIDAL_SURFACE('',#6693,1.65,0.1);
#6693 = AXIS2_PLACEMENT_3D('',#6694,#6695,#6696);
#6694 = CARTESIAN_POINT('',(3.15,-2.25,4.2));
#6695 = DIRECTION('',(0.,0.,-1.));
#6696 = DIRECTION('',(1.,0.,0.));
#6697 = ADVANCED_FACE('',(#6698),#6701,.F.);
#6698 = FACE_BOUND('',#6699,.T.);
#6699 = EDGE_LOOP('',(#6700));
#6700 = ORIENTED_EDGE('',*,*,#6300,.T.);
#6701 = PLANE('',#6702);
#6702 = AXIS2_PLACEMENT_3D('',#6703,#6704,#6705);
#6703 = CARTESIAN_POINT('',(1.65,-0.25,4.1));
#6704 = DIRECTION('',(0.,0.,-1.));
#6705 = DIRECTION('',(-1.,0.,0.));
#6706 = ADVANCED_FACE('',(#6707),#6710,.F.);
#6707 = FACE_BOUND('',#6708,.T.);
#6708 = EDGE_LOOP('',(#6709));
#6709 = ORIENTED_EDGE('',*,*,#6325,.T.);
#6710 = PLANE('',#6711);
#6711 = AXIS2_PLACEMENT_3D('',#6712,#6713,#6714);
#6712 = CARTESIAN_POINT('',(5.65,-0.25,4.1));
#6713 = DIRECTION('',(0.,0.,-1.));
#6714 = DIRECTION('',(-1.,0.,0.));
#6715 = ADVANCED_FACE('',(#6716),#6754,.T.);
#6716 = FACE_BOUND('',#6717,.T.);
#6717 = EDGE_LOOP('',(#6718,#6719,#6720,#6721,#6727,#6728,#6734,#6735,
    #6736,#6737,#6738,#6739,#6745,#6746,#6752,#6753));
#6718 = ORIENTED_EDGE('',*,*,#6342,.F.);
#6719 = ORIENTED_EDGE('',*,*,#6383,.T.);
#6720 = ORIENTED_EDGE('',*,*,#6441,.F.);
#6721 = ORIENTED_EDGE('',*,*,#6722,.F.);
#6722 = EDGE_CURVE('',#6466,#6442,#6723,.T.);
#6723 = LINE('',#6724,#6725);
#6724 = CARTESIAN_POINT('',(0.15,0.75,0.));
#6725 = VECTOR('',#6726,1.);
#6726 = DIRECTION('',(0.,-1.,0.));
#6727 = ORIENTED_EDGE('',*,*,#6473,.F.);
#6728 = ORIENTED_EDGE('',*,*,#6729,.F.);
#6729 = EDGE_CURVE('',#6426,#6474,#6730,.T.);
#6730 = LINE('',#6731,#6732);
#6731 = CARTESIAN_POINT('',(0.15,0.75,0.));
#6732 = VECTOR('',#6733,1.);
#6733 = DIRECTION('',(0.,-1.,0.));
#6734 = ORIENTED_EDGE('',*,*,#6423,.F.);
#6735 = ORIENTED_EDGE('',*,*,#6599,.F.);
#6736 = ORIENTED_EDGE('',*,*,#6649,.F.);
#6737 = ORIENTED_EDGE('',*,*,#6624,.F.);
#6738 = ORIENTED_EDGE('',*,*,#6529,.F.);
#6739 = ORIENTED_EDGE('',*,*,#6740,.F.);
#6740 = EDGE_CURVE('',#6554,#6530,#6741,.T.);
#6741 = LINE('',#6742,#6743);
#6742 = CARTESIAN_POINT('',(6.15,-5.25,0.));
#6743 = VECTOR('',#6744,1.);
#6744 = DIRECTION('',(0.,1.,0.));
#6745 = ORIENTED_EDGE('',*,*,#6561,.F.);
#6746 = ORIENTED_EDGE('',*,*,#6747,.F.);
#6747 = EDGE_CURVE('',#6512,#6562,#6748,.T.);
#6748 = LINE('',#6749,#6750);
#6749 = CARTESIAN_POINT('',(6.15,-5.25,0.));
#6750 = VECTOR('',#6751,1.);
#6751 = DIRECTION('',(0.,1.,0.));
#6752 = ORIENTED_EDGE('',*,*,#6511,.F.);
#6753 = ORIENTED_EDGE('',*,*,#6398,.F.);
#6754 = PLANE('',#6755);
#6755 = AXIS2_PLACEMENT_3D('',#6756,#6757,#6758);
#6756 = CARTESIAN_POINT('',(0.15,-5.25,0.));
#6757 = DIRECTION('',(0.,0.,-1.));
#6758 = DIRECTION('',(-1.,0.,0.));
#6759 = ADVANCED_FACE('',(#6760),#6904,.F.);
#6760 = FACE_BOUND('',#6761,.F.);
#6761 = EDGE_LOOP('',(#6762,#6772,#6781,#6789,#6798,#6806,#6814,#6822,
    #6831,#6839,#6848,#6856,#6865,#6871,#6872,#6880,#6889,#6897));
#6762 = ORIENTED_EDGE('',*,*,#6763,.T.);
#6763 = EDGE_CURVE('',#6764,#6766,#6768,.T.);
#6764 = VERTEX_POINT('',#6765);
#6765 = CARTESIAN_POINT('',(-0.162230377286,0.35,-0.540767924286));
#6766 = VERTEX_POINT('',#6767);
#6767 = CARTESIAN_POINT('',(-0.425000733956,0.35,-1.416669113186));
#6768 = LINE('',#6769,#6770);
#6769 = CARTESIAN_POINT('',(-0.15,0.35,-0.5));
#6770 = VECTOR('',#6771,1.);
#6771 = DIRECTION('',(-0.287347885566,5.31700397722E-16,-0.957826285221)
  );
#6772 = ORIENTED_EDGE('',*,*,#6773,.T.);
#6773 = EDGE_CURVE('',#6766,#6774,#6776,.T.);
#6774 = VERTEX_POINT('',#6775);
#6775 = CARTESIAN_POINT('',(-0.425000733956,0.35,-1.583330886814));
#6776 = CIRCLE('',#6777,0.29);
#6777 = AXIS2_PLACEMENT_3D('',#6778,#6779,#6780);
#6778 = CARTESIAN_POINT('',(-0.147231111242,0.35,-1.5));
#6779 = DIRECTION('',(0.,-1.,-3.330669073875E-16));
#6780 = DIRECTION('',(0.,-3.330669073875E-16,1.));
#6781 = ORIENTED_EDGE('',*,*,#6782,.T.);
#6782 = EDGE_CURVE('',#6774,#6783,#6785,.T.);
#6783 = VERTEX_POINT('',#6784);
#6784 = CARTESIAN_POINT('',(-0.162230377286,0.35,-2.459232075714));
#6785 = LINE('',#6786,#6787);
#6786 = CARTESIAN_POINT('',(-0.45,0.35,-1.5));
#6787 = VECTOR('',#6788,1.);
#6788 = DIRECTION('',(0.287347885566,5.31700397722E-16,-0.957826285221)
  );
#6789 = ORIENTED_EDGE('',*,*,#6790,.F.);
#6790 = EDGE_CURVE('',#6791,#6783,#6793,.T.);
#6791 = VERTEX_POINT('',#6792);
#6792 = CARTESIAN_POINT('',(-0.15,0.35,-2.542562962528));
#6793 = CIRCLE('',#6794,0.29);
#6794 = AXIS2_PLACEMENT_3D('',#6795,#6796,#6797);
#6795 = CARTESIAN_POINT('',(-0.44,0.35,-2.542562962528));
#6796 = DIRECTION('',(0.,-1.,-3.330669073875E-16));
#6797 = DIRECTION('',(0.,-3.330669073875E-16,1.));
#6798 = ORIENTED_EDGE('',*,*,#6799,.F.);
#6799 = EDGE_CURVE('',#6800,#6791,#6802,.T.);
#6800 = VERTEX_POINT('',#6801);
#6801 = CARTESIAN_POINT('',(-0.15,0.35,-3.5));
#6802 = LINE('',#6803,#6804);
#6803 = CARTESIAN_POINT('',(-0.15,0.35,-3.5));
#6804 = VECTOR('',#6805,1.);
#6805 = DIRECTION('',(0.,-5.551115123126E-16,1.));
#6806 = ORIENTED_EDGE('',*,*,#6807,.F.);
#6807 = EDGE_CURVE('',#6808,#6800,#6810,.T.);
#6808 = VERTEX_POINT('',#6809);
#6809 = CARTESIAN_POINT('',(0.15,0.35,-3.5));
#6810 = LINE('',#6811,#6812);
#6811 = CARTESIAN_POINT('',(0.15,0.35,-3.5));
#6812 = VECTOR('',#6813,1.);
#6813 = DIRECTION('',(-1.,-0.,0.));
#6814 = ORIENTED_EDGE('',*,*,#6815,.F.);
#6815 = EDGE_CURVE('',#6816,#6808,#6818,.T.);
#6816 = VERTEX_POINT('',#6817);
#6817 = CARTESIAN_POINT('',(0.15,0.35,-2.542562962528));
#6818 = LINE('',#6819,#6820);
#6819 = CARTESIAN_POINT('',(0.15,0.35,-2.5));
#6820 = VECTOR('',#6821,1.);
#6821 = DIRECTION('',(0.,5.551115123126E-16,-1.));
#6822 = ORIENTED_EDGE('',*,*,#6823,.F.);
#6823 = EDGE_CURVE('',#6824,#6816,#6826,.T.);
#6824 = VERTEX_POINT('',#6825);
#6825 = CARTESIAN_POINT('',(0.137769622714,0.35,-2.459232075714));
#6826 = CIRCLE('',#6827,0.29);
#6827 = AXIS2_PLACEMENT_3D('',#6828,#6829,#6830);
#6828 = CARTESIAN_POINT('',(-0.14,0.35,-2.542562962528));
#6829 = DIRECTION('',(-0.,1.,3.330669073875E-16));
#6830 = DIRECTION('',(0.,-3.330669073875E-16,1.));
#6831 = ORIENTED_EDGE('',*,*,#6832,.T.);
#6832 = EDGE_CURVE('',#6824,#6833,#6835,.T.);
#6833 = VERTEX_POINT('',#6834);
#6834 = CARTESIAN_POINT('',(-0.125000733956,0.35,-1.583330886814));
#6835 = LINE('',#6836,#6837);
#6836 = CARTESIAN_POINT('',(0.15,0.35,-2.5));
#6837 = VECTOR('',#6838,1.);
#6838 = DIRECTION('',(-0.287347885566,-5.31700397722E-16,0.957826285221)
  );
#6839 = ORIENTED_EDGE('',*,*,#6840,.F.);
#6840 = EDGE_CURVE('',#6841,#6833,#6843,.T.);
#6841 = VERTEX_POINT('',#6842);
#6842 = CARTESIAN_POINT('',(-0.125000733956,0.35,-1.416669113186));
#6843 = CIRCLE('',#6844,0.29);
#6844 = AXIS2_PLACEMENT_3D('',#6845,#6846,#6847);
#6845 = CARTESIAN_POINT('',(0.152768888758,0.35,-1.5));
#6846 = DIRECTION('',(0.,-1.,-3.330669073875E-16));
#6847 = DIRECTION('',(0.,-3.330669073875E-16,1.));
#6848 = ORIENTED_EDGE('',*,*,#6849,.T.);
#6849 = EDGE_CURVE('',#6841,#6850,#6852,.T.);
#6850 = VERTEX_POINT('',#6851);
#6851 = CARTESIAN_POINT('',(0.137769622714,0.35,-0.540767924286));
#6852 = LINE('',#6853,#6854);
#6853 = CARTESIAN_POINT('',(-0.15,0.35,-1.5));
#6854 = VECTOR('',#6855,1.);
#6855 = DIRECTION('',(0.287347885566,-5.31700397722E-16,0.957826285221)
  );
#6856 = ORIENTED_EDGE('',*,*,#6857,.F.);
#6857 = EDGE_CURVE('',#6858,#6850,#6860,.T.);
#6858 = VERTEX_POINT('',#6859);
#6859 = CARTESIAN_POINT('',(0.15,0.35,-0.457437037472));
#6860 = CIRCLE('',#6861,0.29);
#6861 = AXIS2_PLACEMENT_3D('',#6862,#6863,#6864);
#6862 = CARTESIAN_POINT('',(-0.14,0.35,-0.457437037472));
#6863 = DIRECTION('',(-0.,1.,3.330669073875E-16));
#6864 = DIRECTION('',(0.,-3.330669073875E-16,1.));
#6865 = ORIENTED_EDGE('',*,*,#6866,.F.);
#6866 = EDGE_CURVE('',#6426,#6858,#6867,.T.);
#6867 = LINE('',#6868,#6869);
#6868 = CARTESIAN_POINT('',(0.15,0.35,1.5));
#6869 = VECTOR('',#6870,1.);
#6870 = DIRECTION('',(0.,5.551115123126E-16,-1.));
#6871 = ORIENTED_EDGE('',*,*,#6497,.F.);
#6872 = ORIENTED_EDGE('',*,*,#6873,.F.);
#6873 = EDGE_CURVE('',#6874,#6490,#6876,.T.);
#6874 = VERTEX_POINT('',#6875);
#6875 = CARTESIAN_POINT('',(0.14,0.35,1.5));
#6876 = LINE('',#6877,#6878);
#6877 = CARTESIAN_POINT('',(-0.15,0.35,1.5));
#6878 = VECTOR('',#6879,1.);
#6879 = DIRECTION('',(1.,0.,0.));
#6880 = ORIENTED_EDGE('',*,*,#6881,.F.);
#6881 = EDGE_CURVE('',#6882,#6874,#6884,.T.);
#6882 = VERTEX_POINT('',#6883);
#6883 = CARTESIAN_POINT('',(-0.15,0.35,1.21));
#6884 = CIRCLE('',#6885,0.29);
#6885 = AXIS2_PLACEMENT_3D('',#6886,#6887,#6888);
#6886 = CARTESIAN_POINT('',(0.14,0.35,1.21));
#6887 = DIRECTION('',(-0.,1.,3.330669073875E-16));
#6888 = DIRECTION('',(0.,-3.330669073875E-16,1.));
#6889 = ORIENTED_EDGE('',*,*,#6890,.F.);
#6890 = EDGE_CURVE('',#6891,#6882,#6893,.T.);
#6891 = VERTEX_POINT('',#6892);
#6892 = CARTESIAN_POINT('',(-0.15,0.35,-0.457437037472));
#6893 = LINE('',#6894,#6895);
#6894 = CARTESIAN_POINT('',(-0.15,0.35,-0.5));
#6895 = VECTOR('',#6896,1.);
#6896 = DIRECTION('',(0.,-5.551115123126E-16,1.));
#6897 = ORIENTED_EDGE('',*,*,#6898,.F.);
#6898 = EDGE_CURVE('',#6764,#6891,#6899,.T.);
#6899 = CIRCLE('',#6900,0.29);
#6900 = AXIS2_PLACEMENT_3D('',#6901,#6902,#6903);
#6901 = CARTESIAN_POINT('',(-0.44,0.35,-0.457437037472));
#6902 = DIRECTION('',(0.,-1.,-3.330669073875E-16));
#6903 = DIRECTION('',(0.,-3.330669073875E-16,1.));
#6904 = PLANE('',#6905);
#6905 = AXIS2_PLACEMENT_3D('',#6906,#6907,#6908);
#6906 = CARTESIAN_POINT('',(-0.15,0.35,-0.5));
#6907 = DIRECTION('',(1.64346021921E-31,-1.,-5.551115123126E-16));
#6908 = DIRECTION('',(0.,5.551115123126E-16,-1.));
#6909 = ADVANCED_FACE('',(#6910),#6928,.F.);
#6910 = FACE_BOUND('',#6911,.F.);
#6911 = EDGE_LOOP('',(#6912,#6920,#6926,#6927));
#6912 = ORIENTED_EDGE('',*,*,#6913,.F.);
#6913 = EDGE_CURVE('',#6914,#6482,#6916,.T.);
#6914 = VERTEX_POINT('',#6915);
#6915 = CARTESIAN_POINT('',(0.14,-0.35,1.5));
#6916 = LINE('',#6917,#6918);
#6917 = CARTESIAN_POINT('',(-0.15,-0.35,1.5));
#6918 = VECTOR('',#6919,1.);
#6919 = DIRECTION('',(1.,0.,0.));
#6920 = ORIENTED_EDGE('',*,*,#6921,.T.);
#6921 = EDGE_CURVE('',#6914,#6874,#6922,.T.);
#6922 = LINE('',#6923,#6924);
#6923 = CARTESIAN_POINT('',(0.14,-0.35,1.5));
#6924 = VECTOR('',#6925,1.);
#6925 = DIRECTION('',(0.,1.,3.330669073875E-16));
#6926 = ORIENTED_EDGE('',*,*,#6873,.T.);
#6927 = ORIENTED_EDGE('',*,*,#6489,.F.);
#6928 = PLANE('',#6929);
#6929 = AXIS2_PLACEMENT_3D('',#6930,#6931,#6932);
#6930 = CARTESIAN_POINT('',(-0.15,-0.35,1.5));
#6931 = DIRECTION('',(0.,3.330669073875E-16,-1.));
#6932 = DIRECTION('',(1.,0.,0.));
#6933 = ADVANCED_FACE('',(#6934),#7071,.T.);
#6934 = FACE_BOUND('',#6935,.T.);
#6935 = EDGE_LOOP('',(#6936,#6946,#6955,#6963,#6972,#6980,#6988,#6996,
    #7005,#7013,#7022,#7030,#7039,#7045,#7046,#7047,#7056,#7064));
#6936 = ORIENTED_EDGE('',*,*,#6937,.T.);
#6937 = EDGE_CURVE('',#6938,#6940,#6942,.T.);
#6938 = VERTEX_POINT('',#6939);
#6939 = CARTESIAN_POINT('',(-0.162230377286,-0.35,-0.540767924286));
#6940 = VERTEX_POINT('',#6941);
#6941 = CARTESIAN_POINT('',(-0.425000733956,-0.35,-1.416669113186));
#6942 = LINE('',#6943,#6944);
#6943 = CARTESIAN_POINT('',(-0.15,-0.35,-0.5));
#6944 = VECTOR('',#6945,1.);
#6945 = DIRECTION('',(-0.287347885566,5.31700397722E-16,-0.957826285221)
  );
#6946 = ORIENTED_EDGE('',*,*,#6947,.T.);
#6947 = EDGE_CURVE('',#6940,#6948,#6950,.T.);
#6948 = VERTEX_POINT('',#6949);
#6949 = CARTESIAN_POINT('',(-0.425000733956,-0.35,-1.583330886814));
#6950 = CIRCLE('',#6951,0.29);
#6951 = AXIS2_PLACEMENT_3D('',#6952,#6953,#6954);
#6952 = CARTESIAN_POINT('',(-0.147231111242,-0.35,-1.5));
#6953 = DIRECTION('',(0.,-1.,-3.330669073875E-16));
#6954 = DIRECTION('',(0.,-3.330669073875E-16,1.));
#6955 = ORIENTED_EDGE('',*,*,#6956,.T.);
#6956 = EDGE_CURVE('',#6948,#6957,#6959,.T.);
#6957 = VERTEX_POINT('',#6958);
#6958 = CARTESIAN_POINT('',(-0.162230377286,-0.35,-2.459232075714));
#6959 = LINE('',#6960,#6961);
#6960 = CARTESIAN_POINT('',(-0.45,-0.35,-1.5));
#6961 = VECTOR('',#6962,1.);
#6962 = DIRECTION('',(0.287347885566,5.31700397722E-16,-0.957826285221)
  );
#6963 = ORIENTED_EDGE('',*,*,#6964,.F.);
#6964 = EDGE_CURVE('',#6965,#6957,#6967,.T.);
#6965 = VERTEX_POINT('',#6966);
#6966 = CARTESIAN_POINT('',(-0.15,-0.35,-2.542562962528));
#6967 = CIRCLE('',#6968,0.29);
#6968 = AXIS2_PLACEMENT_3D('',#6969,#6970,#6971);
#6969 = CARTESIAN_POINT('',(-0.44,-0.35,-2.542562962528));
#6970 = DIRECTION('',(0.,-1.,-3.330669073875E-16));
#6971 = DIRECTION('',(0.,-3.330669073875E-16,1.));
#6972 = ORIENTED_EDGE('',*,*,#6973,.F.);
#6973 = EDGE_CURVE('',#6974,#6965,#6976,.T.);
#6974 = VERTEX_POINT('',#6975);
#6975 = CARTESIAN_POINT('',(-0.15,-0.35,-3.5));
#6976 = LINE('',#6977,#6978);
#6977 = CARTESIAN_POINT('',(-0.15,-0.35,-3.5));
#6978 = VECTOR('',#6979,1.);
#6979 = DIRECTION('',(0.,-5.551115123126E-16,1.));
#6980 = ORIENTED_EDGE('',*,*,#6981,.F.);
#6981 = EDGE_CURVE('',#6982,#6974,#6984,.T.);
#6982 = VERTEX_POINT('',#6983);
#6983 = CARTESIAN_POINT('',(0.15,-0.35,-3.5));
#6984 = LINE('',#6985,#6986);
#6985 = CARTESIAN_POINT('',(0.15,-0.35,-3.5));
#6986 = VECTOR('',#6987,1.);
#6987 = DIRECTION('',(-1.,-0.,0.));
#6988 = ORIENTED_EDGE('',*,*,#6989,.F.);
#6989 = EDGE_CURVE('',#6990,#6982,#6992,.T.);
#6990 = VERTEX_POINT('',#6991);
#6991 = CARTESIAN_POINT('',(0.15,-0.35,-2.542562962528));
#6992 = LINE('',#6993,#6994);
#6993 = CARTESIAN_POINT('',(0.15,-0.35,-2.5));
#6994 = VECTOR('',#6995,1.);
#6995 = DIRECTION('',(0.,5.551115123126E-16,-1.));
#6996 = ORIENTED_EDGE('',*,*,#6997,.F.);
#6997 = EDGE_CURVE('',#6998,#6990,#7000,.T.);
#6998 = VERTEX_POINT('',#6999);
#6999 = CARTESIAN_POINT('',(0.137769622714,-0.35,-2.459232075714));
#7000 = CIRCLE('',#7001,0.29);
#7001 = AXIS2_PLACEMENT_3D('',#7002,#7003,#7004);
#7002 = CARTESIAN_POINT('',(-0.14,-0.35,-2.542562962528));
#7003 = DIRECTION('',(-0.,1.,3.330669073875E-16));
#7004 = DIRECTION('',(0.,-3.330669073875E-16,1.));
#7005 = ORIENTED_EDGE('',*,*,#7006,.T.);
#7006 = EDGE_CURVE('',#6998,#7007,#7009,.T.);
#7007 = VERTEX_POINT('',#7008);
#7008 = CARTESIAN_POINT('',(-0.125000733956,-0.35,-1.583330886814));
#7009 = LINE('',#7010,#7011);
#7010 = CARTESIAN_POINT('',(0.15,-0.35,-2.5));
#7011 = VECTOR('',#7012,1.);
#7012 = DIRECTION('',(-0.287347885566,-5.31700397722E-16,0.957826285221)
  );
#7013 = ORIENTED_EDGE('',*,*,#7014,.F.);
#7014 = EDGE_CURVE('',#7015,#7007,#7017,.T.);
#7015 = VERTEX_POINT('',#7016);
#7016 = CARTESIAN_POINT('',(-0.125000733956,-0.35,-1.416669113186));
#7017 = CIRCLE('',#7018,0.29);
#7018 = AXIS2_PLACEMENT_3D('',#7019,#7020,#7021);
#7019 = CARTESIAN_POINT('',(0.152768888758,-0.35,-1.5));
#7020 = DIRECTION('',(0.,-1.,-3.330669073875E-16));
#7021 = DIRECTION('',(0.,-3.330669073875E-16,1.));
#7022 = ORIENTED_EDGE('',*,*,#7023,.T.);
#7023 = EDGE_CURVE('',#7015,#7024,#7026,.T.);
#7024 = VERTEX_POINT('',#7025);
#7025 = CARTESIAN_POINT('',(0.137769622714,-0.35,-0.540767924286));
#7026 = LINE('',#7027,#7028);
#7027 = CARTESIAN_POINT('',(-0.15,-0.35,-1.5));
#7028 = VECTOR('',#7029,1.);
#7029 = DIRECTION('',(0.287347885566,-5.31700397722E-16,0.957826285221)
  );
#7030 = ORIENTED_EDGE('',*,*,#7031,.F.);
#7031 = EDGE_CURVE('',#7032,#7024,#7034,.T.);
#7032 = VERTEX_POINT('',#7033);
#7033 = CARTESIAN_POINT('',(0.15,-0.35,-0.457437037472));
#7034 = CIRCLE('',#7035,0.29);
#7035 = AXIS2_PLACEMENT_3D('',#7036,#7037,#7038);
#7036 = CARTESIAN_POINT('',(-0.14,-0.35,-0.457437037472));
#7037 = DIRECTION('',(-0.,1.,3.330669073875E-16));
#7038 = DIRECTION('',(0.,-3.330669073875E-16,1.));
#7039 = ORIENTED_EDGE('',*,*,#7040,.F.);
#7040 = EDGE_CURVE('',#6474,#7032,#7041,.T.);
#7041 = LINE('',#7042,#7043);
#7042 = CARTESIAN_POINT('',(0.15,-0.35,1.5));
#7043 = VECTOR('',#7044,1.);
#7044 = DIRECTION('',(0.,5.551115123126E-16,-1.));
#7045 = ORIENTED_EDGE('',*,*,#6481,.F.);
#7046 = ORIENTED_EDGE('',*,*,#6913,.F.);
#7047 = ORIENTED_EDGE('',*,*,#7048,.F.);
#7048 = EDGE_CURVE('',#7049,#6914,#7051,.T.);
#7049 = VERTEX_POINT('',#7050);
#7050 = CARTESIAN_POINT('',(-0.15,-0.35,1.21));
#7051 = CIRCLE('',#7052,0.29);
#7052 = AXIS2_PLACEMENT_3D('',#7053,#7054,#7055);
#7053 = CARTESIAN_POINT('',(0.14,-0.35,1.21));
#7054 = DIRECTION('',(-0.,1.,3.330669073875E-16));
#7055 = DIRECTION('',(0.,-3.330669073875E-16,1.));
#7056 = ORIENTED_EDGE('',*,*,#7057,.F.);
#7057 = EDGE_CURVE('',#7058,#7049,#7060,.T.);
#7058 = VERTEX_POINT('',#7059);
#7059 = CARTESIAN_POINT('',(-0.15,-0.35,-0.457437037472));
#7060 = LINE('',#7061,#7062);
#7061 = CARTESIAN_POINT('',(-0.15,-0.35,-0.5));
#7062 = VECTOR('',#7063,1.);
#7063 = DIRECTION('',(0.,-5.551115123126E-16,1.));
#7064 = ORIENTED_EDGE('',*,*,#7065,.F.);
#7065 = EDGE_CURVE('',#6938,#7058,#7066,.T.);
#7066 = CIRCLE('',#7067,0.29);
#7067 = AXIS2_PLACEMENT_3D('',#7068,#7069,#7070);
#7068 = CARTESIAN_POINT('',(-0.44,-0.35,-0.457437037472));
#7069 = DIRECTION('',(0.,-1.,-3.330669073875E-16));
#7070 = DIRECTION('',(0.,-3.330669073875E-16,1.));
#7071 = PLANE('',#7072);
#7072 = AXIS2_PLACEMENT_3D('',#7073,#7074,#7075);
#7073 = CARTESIAN_POINT('',(-0.15,-0.35,-0.5));
#7074 = DIRECTION('',(1.64346021921E-31,-1.,-5.551115123126E-16));
#7075 = DIRECTION('',(0.,5.551115123126E-16,-1.));
#7076 = ADVANCED_FACE('',(#7077),#7221,.T.);
#7077 = FACE_BOUND('',#7078,.T.);
#7078 = EDGE_LOOP('',(#7079,#7089,#7098,#7106,#7115,#7123,#7131,#7139,
    #7148,#7156,#7165,#7173,#7182,#7188,#7189,#7197,#7206,#7214));
#7079 = ORIENTED_EDGE('',*,*,#7080,.T.);
#7080 = EDGE_CURVE('',#7081,#7083,#7085,.T.);
#7081 = VERTEX_POINT('',#7082);
#7082 = CARTESIAN_POINT('',(-0.162230377286,-4.85,-0.540767924286));
#7083 = VERTEX_POINT('',#7084);
#7084 = CARTESIAN_POINT('',(-0.425000733956,-4.85,-1.416669113186));
#7085 = LINE('',#7086,#7087);
#7086 = CARTESIAN_POINT('',(-0.15,-4.85,-0.5));
#7087 = VECTOR('',#7088,1.);
#7088 = DIRECTION('',(-0.287347885566,5.31700397722E-16,-0.957826285221)
  );
#7089 = ORIENTED_EDGE('',*,*,#7090,.T.);
#7090 = EDGE_CURVE('',#7083,#7091,#7093,.T.);
#7091 = VERTEX_POINT('',#7092);
#7092 = CARTESIAN_POINT('',(-0.425000733956,-4.85,-1.583330886814));
#7093 = CIRCLE('',#7094,0.29);
#7094 = AXIS2_PLACEMENT_3D('',#7095,#7096,#7097);
#7095 = CARTESIAN_POINT('',(-0.147231111242,-4.85,-1.5));
#7096 = DIRECTION('',(0.,-1.,-3.330669073875E-16));
#7097 = DIRECTION('',(0.,-3.330669073875E-16,1.));
#7098 = ORIENTED_EDGE('',*,*,#7099,.T.);
#7099 = EDGE_CURVE('',#7091,#7100,#7102,.T.);
#7100 = VERTEX_POINT('',#7101);
#7101 = CARTESIAN_POINT('',(-0.162230377286,-4.85,-2.459232075714));
#7102 = LINE('',#7103,#7104);
#7103 = CARTESIAN_POINT('',(-0.45,-4.85,-1.5));
#7104 = VECTOR('',#7105,1.);
#7105 = DIRECTION('',(0.287347885566,5.31700397722E-16,-0.957826285221)
  );
#7106 = ORIENTED_EDGE('',*,*,#7107,.F.);
#7107 = EDGE_CURVE('',#7108,#7100,#7110,.T.);
#7108 = VERTEX_POINT('',#7109);
#7109 = CARTESIAN_POINT('',(-0.15,-4.85,-2.542562962528));
#7110 = CIRCLE('',#7111,0.29);
#7111 = AXIS2_PLACEMENT_3D('',#7112,#7113,#7114);
#7112 = CARTESIAN_POINT('',(-0.44,-4.85,-2.542562962528));
#7113 = DIRECTION('',(0.,-1.,-3.330669073875E-16));
#7114 = DIRECTION('',(0.,-3.330669073875E-16,1.));
#7115 = ORIENTED_EDGE('',*,*,#7116,.F.);
#7116 = EDGE_CURVE('',#7117,#7108,#7119,.T.);
#7117 = VERTEX_POINT('',#7118);
#7118 = CARTESIAN_POINT('',(-0.15,-4.85,-3.5));
#7119 = LINE('',#7120,#7121);
#7120 = CARTESIAN_POINT('',(-0.15,-4.85,-3.5));
#7121 = VECTOR('',#7122,1.);
#7122 = DIRECTION('',(0.,-5.551115123126E-16,1.));
#7123 = ORIENTED_EDGE('',*,*,#7124,.F.);
#7124 = EDGE_CURVE('',#7125,#7117,#7127,.T.);
#7125 = VERTEX_POINT('',#7126);
#7126 = CARTESIAN_POINT('',(0.15,-4.85,-3.5));
#7127 = LINE('',#7128,#7129);
#7128 = CARTESIAN_POINT('',(0.15,-4.85,-3.5));
#7129 = VECTOR('',#7130,1.);
#7130 = DIRECTION('',(-1.,-0.,0.));
#7131 = ORIENTED_EDGE('',*,*,#7132,.F.);
#7132 = EDGE_CURVE('',#7133,#7125,#7135,.T.);
#7133 = VERTEX_POINT('',#7134);
#7134 = CARTESIAN_POINT('',(0.15,-4.85,-2.542562962528));
#7135 = LINE('',#7136,#7137);
#7136 = CARTESIAN_POINT('',(0.15,-4.85,-2.5));
#7137 = VECTOR('',#7138,1.);
#7138 = DIRECTION('',(0.,5.551115123126E-16,-1.));
#7139 = ORIENTED_EDGE('',*,*,#7140,.F.);
#7140 = EDGE_CURVE('',#7141,#7133,#7143,.T.);
#7141 = VERTEX_POINT('',#7142);
#7142 = CARTESIAN_POINT('',(0.137769622714,-4.85,-2.459232075714));
#7143 = CIRCLE('',#7144,0.29);
#7144 = AXIS2_PLACEMENT_3D('',#7145,#7146,#7147);
#7145 = CARTESIAN_POINT('',(-0.14,-4.85,-2.542562962528));
#7146 = DIRECTION('',(-0.,1.,3.330669073875E-16));
#7147 = DIRECTION('',(0.,-3.330669073875E-16,1.));
#7148 = ORIENTED_EDGE('',*,*,#7149,.T.);
#7149 = EDGE_CURVE('',#7141,#7150,#7152,.T.);
#7150 = VERTEX_POINT('',#7151);
#7151 = CARTESIAN_POINT('',(-0.125000733956,-4.85,-1.583330886814));
#7152 = LINE('',#7153,#7154);
#7153 = CARTESIAN_POINT('',(0.15,-4.85,-2.5));
#7154 = VECTOR('',#7155,1.);
#7155 = DIRECTION('',(-0.287347885566,-5.31700397722E-16,0.957826285221)
  );
#7156 = ORIENTED_EDGE('',*,*,#7157,.F.);
#7157 = EDGE_CURVE('',#7158,#7150,#7160,.T.);
#7158 = VERTEX_POINT('',#7159);
#7159 = CARTESIAN_POINT('',(-0.125000733956,-4.85,-1.416669113186));
#7160 = CIRCLE('',#7161,0.29);
#7161 = AXIS2_PLACEMENT_3D('',#7162,#7163,#7164);
#7162 = CARTESIAN_POINT('',(0.152768888758,-4.85,-1.5));
#7163 = DIRECTION('',(0.,-1.,-3.330669073875E-16));
#7164 = DIRECTION('',(0.,-3.330669073875E-16,1.));
#7165 = ORIENTED_EDGE('',*,*,#7166,.T.);
#7166 = EDGE_CURVE('',#7158,#7167,#7169,.T.);
#7167 = VERTEX_POINT('',#7168);
#7168 = CARTESIAN_POINT('',(0.137769622714,-4.85,-0.540767924286));
#7169 = LINE('',#7170,#7171);
#7170 = CARTESIAN_POINT('',(-0.15,-4.85,-1.5));
#7171 = VECTOR('',#7172,1.);
#7172 = DIRECTION('',(0.287347885566,-5.31700397722E-16,0.957826285221)
  );
#7173 = ORIENTED_EDGE('',*,*,#7174,.F.);
#7174 = EDGE_CURVE('',#7175,#7167,#7177,.T.);
#7175 = VERTEX_POINT('',#7176);
#7176 = CARTESIAN_POINT('',(0.15,-4.85,-0.457437037472));
#7177 = CIRCLE('',#7178,0.29);
#7178 = AXIS2_PLACEMENT_3D('',#7179,#7180,#7181);
#7179 = CARTESIAN_POINT('',(-0.14,-4.85,-0.457437037472));
#7180 = DIRECTION('',(-0.,1.,3.330669073875E-16));
#7181 = DIRECTION('',(0.,-3.330669073875E-16,1.));
#7182 = ORIENTED_EDGE('',*,*,#7183,.F.);
#7183 = EDGE_CURVE('',#6442,#7175,#7184,.T.);
#7184 = LINE('',#7185,#7186);
#7185 = CARTESIAN_POINT('',(0.15,-4.85,1.5));
#7186 = VECTOR('',#7187,1.);
#7187 = DIRECTION('',(0.,5.551115123126E-16,-1.));
#7188 = ORIENTED_EDGE('',*,*,#6449,.F.);
#7189 = ORIENTED_EDGE('',*,*,#7190,.F.);
#7190 = EDGE_CURVE('',#7191,#6450,#7193,.T.);
#7191 = VERTEX_POINT('',#7192);
#7192 = CARTESIAN_POINT('',(0.14,-4.85,1.5));
#7193 = LINE('',#7194,#7195);
#7194 = CARTESIAN_POINT('',(-0.15,-4.85,1.5));
#7195 = VECTOR('',#7196,1.);
#7196 = DIRECTION('',(1.,0.,0.));
#7197 = ORIENTED_EDGE('',*,*,#7198,.F.);
#7198 = EDGE_CURVE('',#7199,#7191,#7201,.T.);
#7199 = VERTEX_POINT('',#7200);
#7200 = CARTESIAN_POINT('',(-0.15,-4.85,1.21));
#7201 = CIRCLE('',#7202,0.29);
#7202 = AXIS2_PLACEMENT_3D('',#7203,#7204,#7205);
#7203 = CARTESIAN_POINT('',(0.14,-4.85,1.21));
#7204 = DIRECTION('',(-0.,1.,3.330669073875E-16));
#7205 = DIRECTION('',(0.,-3.330669073875E-16,1.));
#7206 = ORIENTED_EDGE('',*,*,#7207,.F.);
#7207 = EDGE_CURVE('',#7208,#7199,#7210,.T.);
#7208 = VERTEX_POINT('',#7209);
#7209 = CARTESIAN_POINT('',(-0.15,-4.85,-0.457437037472));
#7210 = LINE('',#7211,#7212);
#7211 = CARTESIAN_POINT('',(-0.15,-4.85,-0.5));
#7212 = VECTOR('',#7213,1.);
#7213 = DIRECTION('',(0.,-5.551115123126E-16,1.));
#7214 = ORIENTED_EDGE('',*,*,#7215,.F.);
#7215 = EDGE_CURVE('',#7081,#7208,#7216,.T.);
#7216 = CIRCLE('',#7217,0.29);
#7217 = AXIS2_PLACEMENT_3D('',#7218,#7219,#7220);
#7218 = CARTESIAN_POINT('',(-0.44,-4.85,-0.457437037472));
#7219 = DIRECTION('',(0.,-1.,-3.330669073875E-16));
#7220 = DIRECTION('',(0.,-3.330669073875E-16,1.));
#7221 = PLANE('',#7222);
#7222 = AXIS2_PLACEMENT_3D('',#7223,#7224,#7225);
#7223 = CARTESIAN_POINT('',(-0.15,-4.85,-0.5));
#7224 = DIRECTION('',(0.,-1.,-3.330669073875E-16));
#7225 = DIRECTION('',(0.,3.330669073875E-16,-1.));
#7226 = ADVANCED_FACE('',(#7227),#7371,.F.);
#7227 = FACE_BOUND('',#7228,.F.);
#7228 = EDGE_LOOP('',(#7229,#7239,#7248,#7256,#7265,#7273,#7281,#7289,
    #7298,#7306,#7315,#7323,#7332,#7338,#7339,#7347,#7356,#7364));
#7229 = ORIENTED_EDGE('',*,*,#7230,.T.);
#7230 = EDGE_CURVE('',#7231,#7233,#7235,.T.);
#7231 = VERTEX_POINT('',#7232);
#7232 = CARTESIAN_POINT('',(-0.162230377286,-4.15,-0.540767924286));
#7233 = VERTEX_POINT('',#7234);
#7234 = CARTESIAN_POINT('',(-0.425000733956,-4.15,-1.416669113186));
#7235 = LINE('',#7236,#7237);
#7236 = CARTESIAN_POINT('',(-0.15,-4.15,-0.5));
#7237 = VECTOR('',#7238,1.);
#7238 = DIRECTION('',(-0.287347885566,5.31700397722E-16,-0.957826285221)
  );
#7239 = ORIENTED_EDGE('',*,*,#7240,.T.);
#7240 = EDGE_CURVE('',#7233,#7241,#7243,.T.);
#7241 = VERTEX_POINT('',#7242);
#7242 = CARTESIAN_POINT('',(-0.425000733956,-4.15,-1.583330886814));
#7243 = CIRCLE('',#7244,0.29);
#7244 = AXIS2_PLACEMENT_3D('',#7245,#7246,#7247);
#7245 = CARTESIAN_POINT('',(-0.147231111242,-4.15,-1.5));
#7246 = DIRECTION('',(0.,-1.,-3.330669073875E-16));
#7247 = DIRECTION('',(0.,-3.330669073875E-16,1.));
#7248 = ORIENTED_EDGE('',*,*,#7249,.T.);
#7249 = EDGE_CURVE('',#7241,#7250,#7252,.T.);
#7250 = VERTEX_POINT('',#7251);
#7251 = CARTESIAN_POINT('',(-0.162230377286,-4.15,-2.459232075714));
#7252 = LINE('',#7253,#7254);
#7253 = CARTESIAN_POINT('',(-0.45,-4.15,-1.5));
#7254 = VECTOR('',#7255,1.);
#7255 = DIRECTION('',(0.287347885566,5.31700397722E-16,-0.957826285221)
  );
#7256 = ORIENTED_EDGE('',*,*,#7257,.F.);
#7257 = EDGE_CURVE('',#7258,#7250,#7260,.T.);
#7258 = VERTEX_POINT('',#7259);
#7259 = CARTESIAN_POINT('',(-0.15,-4.15,-2.542562962528));
#7260 = CIRCLE('',#7261,0.29);
#7261 = AXIS2_PLACEMENT_3D('',#7262,#7263,#7264);
#7262 = CARTESIAN_POINT('',(-0.44,-4.15,-2.542562962528));
#7263 = DIRECTION('',(0.,-1.,-3.330669073875E-16));
#7264 = DIRECTION('',(0.,-3.330669073875E-16,1.));
#7265 = ORIENTED_EDGE('',*,*,#7266,.F.);
#7266 = EDGE_CURVE('',#7267,#7258,#7269,.T.);
#7267 = VERTEX_POINT('',#7268);
#7268 = CARTESIAN_POINT('',(-0.15,-4.15,-3.5));
#7269 = LINE('',#7270,#7271);
#7270 = CARTESIAN_POINT('',(-0.15,-4.15,-3.5));
#7271 = VECTOR('',#7272,1.);
#7272 = DIRECTION('',(0.,-5.551115123126E-16,1.));
#7273 = ORIENTED_EDGE('',*,*,#7274,.F.);
#7274 = EDGE_CURVE('',#7275,#7267,#7277,.T.);
#7275 = VERTEX_POINT('',#7276);
#7276 = CARTESIAN_POINT('',(0.15,-4.15,-3.5));
#7277 = LINE('',#7278,#7279);
#7278 = CARTESIAN_POINT('',(0.15,-4.15,-3.5));
#7279 = VECTOR('',#7280,1.);
#7280 = DIRECTION('',(-1.,-0.,0.));
#7281 = ORIENTED_EDGE('',*,*,#7282,.F.);
#7282 = EDGE_CURVE('',#7283,#7275,#7285,.T.);
#7283 = VERTEX_POINT('',#7284);
#7284 = CARTESIAN_POINT('',(0.15,-4.15,-2.542562962528));
#7285 = LINE('',#7286,#7287);
#7286 = CARTESIAN_POINT('',(0.15,-4.15,-2.5));
#7287 = VECTOR('',#7288,1.);
#7288 = DIRECTION('',(0.,5.551115123126E-16,-1.));
#7289 = ORIENTED_EDGE('',*,*,#7290,.F.);
#7290 = EDGE_CURVE('',#7291,#7283,#7293,.T.);
#7291 = VERTEX_POINT('',#7292);
#7292 = CARTESIAN_POINT('',(0.137769622714,-4.15,-2.459232075714));
#7293 = CIRCLE('',#7294,0.29);
#7294 = AXIS2_PLACEMENT_3D('',#7295,#7296,#7297);
#7295 = CARTESIAN_POINT('',(-0.14,-4.15,-2.542562962528));
#7296 = DIRECTION('',(-0.,1.,3.330669073875E-16));
#7297 = DIRECTION('',(0.,-3.330669073875E-16,1.));
#7298 = ORIENTED_EDGE('',*,*,#7299,.T.);
#7299 = EDGE_CURVE('',#7291,#7300,#7302,.T.);
#7300 = VERTEX_POINT('',#7301);
#7301 = CARTESIAN_POINT('',(-0.125000733956,-4.15,-1.583330886814));
#7302 = LINE('',#7303,#7304);
#7303 = CARTESIAN_POINT('',(0.15,-4.15,-2.5));
#7304 = VECTOR('',#7305,1.);
#7305 = DIRECTION('',(-0.287347885566,-5.31700397722E-16,0.957826285221)
  );
#7306 = ORIENTED_EDGE('',*,*,#7307,.F.);
#7307 = EDGE_CURVE('',#7308,#7300,#7310,.T.);
#7308 = VERTEX_POINT('',#7309);
#7309 = CARTESIAN_POINT('',(-0.125000733956,-4.15,-1.416669113186));
#7310 = CIRCLE('',#7311,0.29);
#7311 = AXIS2_PLACEMENT_3D('',#7312,#7313,#7314);
#7312 = CARTESIAN_POINT('',(0.152768888758,-4.15,-1.5));
#7313 = DIRECTION('',(0.,-1.,-3.330669073875E-16));
#7314 = DIRECTION('',(0.,-3.330669073875E-16,1.));
#7315 = ORIENTED_EDGE('',*,*,#7316,.T.);
#7316 = EDGE_CURVE('',#7308,#7317,#7319,.T.);
#7317 = VERTEX_POINT('',#7318);
#7318 = CARTESIAN_POINT('',(0.137769622714,-4.15,-0.540767924286));
#7319 = LINE('',#7320,#7321);
#7320 = CARTESIAN_POINT('',(-0.15,-4.15,-1.5));
#7321 = VECTOR('',#7322,1.);
#7322 = DIRECTION('',(0.287347885566,-5.31700397722E-16,0.957826285221)
  );
#7323 = ORIENTED_EDGE('',*,*,#7324,.F.);
#7324 = EDGE_CURVE('',#7325,#7317,#7327,.T.);
#7325 = VERTEX_POINT('',#7326);
#7326 = CARTESIAN_POINT('',(0.15,-4.15,-0.457437037472));
#7327 = CIRCLE('',#7328,0.29);
#7328 = AXIS2_PLACEMENT_3D('',#7329,#7330,#7331);
#7329 = CARTESIAN_POINT('',(-0.14,-4.15,-0.457437037472));
#7330 = DIRECTION('',(-0.,1.,3.330669073875E-16));
#7331 = DIRECTION('',(0.,-3.330669073875E-16,1.));
#7332 = ORIENTED_EDGE('',*,*,#7333,.F.);
#7333 = EDGE_CURVE('',#6466,#7325,#7334,.T.);
#7334 = LINE('',#7335,#7336);
#7335 = CARTESIAN_POINT('',(0.15,-4.15,1.5));
#7336 = VECTOR('',#7337,1.);
#7337 = DIRECTION('',(0.,5.551115123126E-16,-1.));
#7338 = ORIENTED_EDGE('',*,*,#6465,.F.);
#7339 = ORIENTED_EDGE('',*,*,#7340,.F.);
#7340 = EDGE_CURVE('',#7341,#6458,#7343,.T.);
#7341 = VERTEX_POINT('',#7342);
#7342 = CARTESIAN_POINT('',(0.14,-4.15,1.5));
#7343 = LINE('',#7344,#7345);
#7344 = CARTESIAN_POINT('',(-0.15,-4.15,1.5));
#7345 = VECTOR('',#7346,1.);
#7346 = DIRECTION('',(1.,0.,0.));
#7347 = ORIENTED_EDGE('',*,*,#7348,.F.);
#7348 = EDGE_CURVE('',#7349,#7341,#7351,.T.);
#7349 = VERTEX_POINT('',#7350);
#7350 = CARTESIAN_POINT('',(-0.15,-4.15,1.21));
#7351 = CIRCLE('',#7352,0.29);
#7352 = AXIS2_PLACEMENT_3D('',#7353,#7354,#7355);
#7353 = CARTESIAN_POINT('',(0.14,-4.15,1.21));
#7354 = DIRECTION('',(-0.,1.,3.330669073875E-16));
#7355 = DIRECTION('',(0.,-3.330669073875E-16,1.));
#7356 = ORIENTED_EDGE('',*,*,#7357,.F.);
#7357 = EDGE_CURVE('',#7358,#7349,#7360,.T.);
#7358 = VERTEX_POINT('',#7359);
#7359 = CARTESIAN_POINT('',(-0.15,-4.15,-0.457437037472));
#7360 = LINE('',#7361,#7362);
#7361 = CARTESIAN_POINT('',(-0.15,-4.15,-0.5));
#7362 = VECTOR('',#7363,1.);
#7363 = DIRECTION('',(0.,-5.551115123126E-16,1.));
#7364 = ORIENTED_EDGE('',*,*,#7365,.F.);
#7365 = EDGE_CURVE('',#7231,#7358,#7366,.T.);
#7366 = CIRCLE('',#7367,0.29);
#7367 = AXIS2_PLACEMENT_3D('',#7368,#7369,#7370);
#7368 = CARTESIAN_POINT('',(-0.44,-4.15,-0.457437037472));
#7369 = DIRECTION('',(0.,-1.,-3.330669073875E-16));
#7370 = DIRECTION('',(0.,-3.330669073875E-16,1.));
#7371 = PLANE('',#7372);
#7372 = AXIS2_PLACEMENT_3D('',#7373,#7374,#7375);
#7373 = CARTESIAN_POINT('',(-0.15,-4.15,-0.5));
#7374 = DIRECTION('',(0.,-1.,-3.330669073875E-16));
#7375 = DIRECTION('',(0.,3.330669073875E-16,-1.));
#7376 = ADVANCED_FACE('',(#7377),#7388,.F.);
#7377 = FACE_BOUND('',#7378,.F.);
#7378 = EDGE_LOOP('',(#7379,#7380,#7386,#7387));
#7379 = ORIENTED_EDGE('',*,*,#7190,.F.);
#7380 = ORIENTED_EDGE('',*,*,#7381,.T.);
#7381 = EDGE_CURVE('',#7191,#7341,#7382,.T.);
#7382 = LINE('',#7383,#7384);
#7383 = CARTESIAN_POINT('',(0.14,-4.85,1.5));
#7384 = VECTOR('',#7385,1.);
#7385 = DIRECTION('',(0.,1.,3.330669073875E-16));
#7386 = ORIENTED_EDGE('',*,*,#7340,.T.);
#7387 = ORIENTED_EDGE('',*,*,#6457,.F.);
#7388 = PLANE('',#7389);
#7389 = AXIS2_PLACEMENT_3D('',#7390,#7391,#7392);
#7390 = CARTESIAN_POINT('',(-0.15,-4.85,1.5));
#7391 = DIRECTION('',(0.,3.330669073875E-16,-1.));
#7392 = DIRECTION('',(1.,0.,0.));
#7393 = ADVANCED_FACE('',(#7394),#7538,.F.);
#7394 = FACE_BOUND('',#7395,.F.);
#7395 = EDGE_LOOP('',(#7396,#7406,#7415,#7423,#7432,#7440,#7448,#7456,
    #7465,#7473,#7482,#7490,#7499,#7505,#7506,#7514,#7523,#7531));
#7396 = ORIENTED_EDGE('',*,*,#7397,.T.);
#7397 = EDGE_CURVE('',#7398,#7400,#7402,.T.);
#7398 = VERTEX_POINT('',#7399);
#7399 = CARTESIAN_POINT('',(6.462230377286,-4.85,-0.540767924286));
#7400 = VERTEX_POINT('',#7401);
#7401 = CARTESIAN_POINT('',(6.725000733956,-4.85,-1.416669113186));
#7402 = LINE('',#7403,#7404);
#7403 = CARTESIAN_POINT('',(6.45,-4.85,-0.5));
#7404 = VECTOR('',#7405,1.);
#7405 = DIRECTION('',(0.287347885566,5.31700397722E-16,-0.957826285221)
  );
#7406 = ORIENTED_EDGE('',*,*,#7407,.T.);
#7407 = EDGE_CURVE('',#7400,#7408,#7410,.T.);
#7408 = VERTEX_POINT('',#7409);
#7409 = CARTESIAN_POINT('',(6.725000733956,-4.85,-1.583330886814));
#7410 = CIRCLE('',#7411,0.29);
#7411 = AXIS2_PLACEMENT_3D('',#7412,#7413,#7414);
#7412 = CARTESIAN_POINT('',(6.447231111242,-4.85,-1.5));
#7413 = DIRECTION('',(-0.,1.,3.330669073875E-16));
#7414 = DIRECTION('',(0.,-3.330669073875E-16,1.));
#7415 = ORIENTED_EDGE('',*,*,#7416,.T.);
#7416 = EDGE_CURVE('',#7408,#7417,#7419,.T.);
#7417 = VERTEX_POINT('',#7418);
#7418 = CARTESIAN_POINT('',(6.462230377286,-4.85,-2.459232075714));
#7419 = LINE('',#7420,#7421);
#7420 = CARTESIAN_POINT('',(6.75,-4.85,-1.5));
#7421 = VECTOR('',#7422,1.);
#7422 = DIRECTION('',(-0.287347885566,5.31700397722E-16,-0.957826285221)
  );
#7423 = ORIENTED_EDGE('',*,*,#7424,.F.);
#7424 = EDGE_CURVE('',#7425,#7417,#7427,.T.);
#7425 = VERTEX_POINT('',#7426);
#7426 = CARTESIAN_POINT('',(6.45,-4.85,-2.542562962528));
#7427 = CIRCLE('',#7428,0.29);
#7428 = AXIS2_PLACEMENT_3D('',#7429,#7430,#7431);
#7429 = CARTESIAN_POINT('',(6.74,-4.85,-2.542562962528));
#7430 = DIRECTION('',(-0.,1.,3.330669073875E-16));
#7431 = DIRECTION('',(0.,-3.330669073875E-16,1.));
#7432 = ORIENTED_EDGE('',*,*,#7433,.F.);
#7433 = EDGE_CURVE('',#7434,#7425,#7436,.T.);
#7434 = VERTEX_POINT('',#7435);
#7435 = CARTESIAN_POINT('',(6.45,-4.85,-3.5));
#7436 = LINE('',#7437,#7438);
#7437 = CARTESIAN_POINT('',(6.45,-4.85,-3.5));
#7438 = VECTOR('',#7439,1.);
#7439 = DIRECTION('',(0.,-5.551115123126E-16,1.));
#7440 = ORIENTED_EDGE('',*,*,#7441,.F.);
#7441 = EDGE_CURVE('',#7442,#7434,#7444,.T.);
#7442 = VERTEX_POINT('',#7443);
#7443 = CARTESIAN_POINT('',(6.15,-4.85,-3.5));
#7444 = LINE('',#7445,#7446);
#7445 = CARTESIAN_POINT('',(6.15,-4.85,-3.5));
#7446 = VECTOR('',#7447,1.);
#7447 = DIRECTION('',(1.,0.,0.));
#7448 = ORIENTED_EDGE('',*,*,#7449,.F.);
#7449 = EDGE_CURVE('',#7450,#7442,#7452,.T.);
#7450 = VERTEX_POINT('',#7451);
#7451 = CARTESIAN_POINT('',(6.15,-4.85,-2.542562962528));
#7452 = LINE('',#7453,#7454);
#7453 = CARTESIAN_POINT('',(6.15,-4.85,-2.5));
#7454 = VECTOR('',#7455,1.);
#7455 = DIRECTION('',(0.,5.551115123126E-16,-1.));
#7456 = ORIENTED_EDGE('',*,*,#7457,.F.);
#7457 = EDGE_CURVE('',#7458,#7450,#7460,.T.);
#7458 = VERTEX_POINT('',#7459);
#7459 = CARTESIAN_POINT('',(6.162230377286,-4.85,-2.459232075714));
#7460 = CIRCLE('',#7461,0.29);
#7461 = AXIS2_PLACEMENT_3D('',#7462,#7463,#7464);
#7462 = CARTESIAN_POINT('',(6.44,-4.85,-2.542562962528));
#7463 = DIRECTION('',(0.,-1.,-3.330669073875E-16));
#7464 = DIRECTION('',(0.,-3.330669073875E-16,1.));
#7465 = ORIENTED_EDGE('',*,*,#7466,.T.);
#7466 = EDGE_CURVE('',#7458,#7467,#7469,.T.);
#7467 = VERTEX_POINT('',#7468);
#7468 = CARTESIAN_POINT('',(6.425000733956,-4.85,-1.583330886814));
#7469 = LINE('',#7470,#7471);
#7470 = CARTESIAN_POINT('',(6.15,-4.85,-2.5));
#7471 = VECTOR('',#7472,1.);
#7472 = DIRECTION('',(0.287347885566,-5.31700397722E-16,0.957826285221)
  );
#7473 = ORIENTED_EDGE('',*,*,#7474,.F.);
#7474 = EDGE_CURVE('',#7475,#7467,#7477,.T.);
#7475 = VERTEX_POINT('',#7476);
#7476 = CARTESIAN_POINT('',(6.425000733956,-4.85,-1.416669113186));
#7477 = CIRCLE('',#7478,0.29);
#7478 = AXIS2_PLACEMENT_3D('',#7479,#7480,#7481);
#7479 = CARTESIAN_POINT('',(6.147231111242,-4.85,-1.5));
#7480 = DIRECTION('',(-0.,1.,3.330669073875E-16));
#7481 = DIRECTION('',(0.,-3.330669073875E-16,1.));
#7482 = ORIENTED_EDGE('',*,*,#7483,.T.);
#7483 = EDGE_CURVE('',#7475,#7484,#7486,.T.);
#7484 = VERTEX_POINT('',#7485);
#7485 = CARTESIAN_POINT('',(6.162230377286,-4.85,-0.540767924286));
#7486 = LINE('',#7487,#7488);
#7487 = CARTESIAN_POINT('',(6.45,-4.85,-1.5));
#7488 = VECTOR('',#7489,1.);
#7489 = DIRECTION('',(-0.287347885566,-5.31700397722E-16,0.957826285221)
  );
#7490 = ORIENTED_EDGE('',*,*,#7491,.F.);
#7491 = EDGE_CURVE('',#7492,#7484,#7494,.T.);
#7492 = VERTEX_POINT('',#7493);
#7493 = CARTESIAN_POINT('',(6.15,-4.85,-0.457437037472));
#7494 = CIRCLE('',#7495,0.29);
#7495 = AXIS2_PLACEMENT_3D('',#7496,#7497,#7498);
#7496 = CARTESIAN_POINT('',(6.44,-4.85,-0.457437037472));
#7497 = DIRECTION('',(0.,-1.,-3.330669073875E-16));
#7498 = DIRECTION('',(0.,-3.330669073875E-16,1.));
#7499 = ORIENTED_EDGE('',*,*,#7500,.F.);
#7500 = EDGE_CURVE('',#6512,#7492,#7501,.T.);
#7501 = LINE('',#7502,#7503);
#7502 = CARTESIAN_POINT('',(6.15,-4.85,1.5));
#7503 = VECTOR('',#7504,1.);
#7504 = DIRECTION('',(0.,5.551115123126E-16,-1.));
#7505 = ORIENTED_EDGE('',*,*,#6585,.F.);
#7506 = ORIENTED_EDGE('',*,*,#7507,.F.);
#7507 = EDGE_CURVE('',#7508,#6578,#7510,.T.);
#7508 = VERTEX_POINT('',#7509);
#7509 = CARTESIAN_POINT('',(6.16,-4.85,1.5));
#7510 = LINE('',#7511,#7512);
#7511 = CARTESIAN_POINT('',(6.45,-4.85,1.5));
#7512 = VECTOR('',#7513,1.);
#7513 = DIRECTION('',(-1.,-0.,0.));
#7514 = ORIENTED_EDGE('',*,*,#7515,.F.);
#7515 = EDGE_CURVE('',#7516,#7508,#7518,.T.);
#7516 = VERTEX_POINT('',#7517);
#7517 = CARTESIAN_POINT('',(6.45,-4.85,1.21));
#7518 = CIRCLE('',#7519,0.29);
#7519 = AXIS2_PLACEMENT_3D('',#7520,#7521,#7522);
#7520 = CARTESIAN_POINT('',(6.16,-4.85,1.21));
#7521 = DIRECTION('',(0.,-1.,-3.330669073875E-16));
#7522 = DIRECTION('',(0.,-3.330669073875E-16,1.));
#7523 = ORIENTED_EDGE('',*,*,#7524,.F.);
#7524 = EDGE_CURVE('',#7525,#7516,#7527,.T.);
#7525 = VERTEX_POINT('',#7526);
#7526 = CARTESIAN_POINT('',(6.45,-4.85,-0.457437037472));
#7527 = LINE('',#7528,#7529);
#7528 = CARTESIAN_POINT('',(6.45,-4.85,-0.5));
#7529 = VECTOR('',#7530,1.);
#7530 = DIRECTION('',(0.,-5.551115123126E-16,1.));
#7531 = ORIENTED_EDGE('',*,*,#7532,.F.);
#7532 = EDGE_CURVE('',#7398,#7525,#7533,.T.);
#7533 = CIRCLE('',#7534,0.29);
#7534 = AXIS2_PLACEMENT_3D('',#7535,#7536,#7537);
#7535 = CARTESIAN_POINT('',(6.74,-4.85,-0.457437037472));
#7536 = DIRECTION('',(-0.,1.,3.330669073875E-16));
#7537 = DIRECTION('',(0.,-3.330669073875E-16,1.));
#7538 = PLANE('',#7539);
#7539 = AXIS2_PLACEMENT_3D('',#7540,#7541,#7542);
#7540 = CARTESIAN_POINT('',(6.45,-4.85,-0.5));
#7541 = DIRECTION('',(0.,1.,3.330669073875E-16));
#7542 = DIRECTION('',(0.,-3.330669073875E-16,1.));
#7543 = ADVANCED_FACE('',(#7544),#7562,.T.);
#7544 = FACE_BOUND('',#7545,.T.);
#7545 = EDGE_LOOP('',(#7546,#7547,#7555,#7561));
#7546 = ORIENTED_EDGE('',*,*,#7507,.F.);
#7547 = ORIENTED_EDGE('',*,*,#7548,.T.);
#7548 = EDGE_CURVE('',#7508,#7549,#7551,.T.);
#7549 = VERTEX_POINT('',#7550);
#7550 = CARTESIAN_POINT('',(6.16,-4.15,1.5));
#7551 = LINE('',#7552,#7553);
#7552 = CARTESIAN_POINT('',(6.16,-4.85,1.5));
#7553 = VECTOR('',#7554,1.);
#7554 = DIRECTION('',(0.,1.,3.330669073875E-16));
#7555 = ORIENTED_EDGE('',*,*,#7556,.T.);
#7556 = EDGE_CURVE('',#7549,#6570,#7557,.T.);
#7557 = LINE('',#7558,#7559);
#7558 = CARTESIAN_POINT('',(6.45,-4.15,1.5));
#7559 = VECTOR('',#7560,1.);
#7560 = DIRECTION('',(-1.,-0.,0.));
#7561 = ORIENTED_EDGE('',*,*,#6577,.F.);
#7562 = PLANE('',#7563);
#7563 = AXIS2_PLACEMENT_3D('',#7564,#7565,#7566);
#7564 = CARTESIAN_POINT('',(6.45,-4.85,1.5));
#7565 = DIRECTION('',(0.,-3.330669073875E-16,1.));
#7566 = DIRECTION('',(-1.,0.,0.));
#7567 = ADVANCED_FACE('',(#7568),#7705,.T.);
#7568 = FACE_BOUND('',#7569,.T.);
#7569 = EDGE_LOOP('',(#7570,#7580,#7589,#7597,#7606,#7614,#7622,#7630,
    #7639,#7647,#7656,#7664,#7673,#7679,#7680,#7681,#7690,#7698));
#7570 = ORIENTED_EDGE('',*,*,#7571,.T.);
#7571 = EDGE_CURVE('',#7572,#7574,#7576,.T.);
#7572 = VERTEX_POINT('',#7573);
#7573 = CARTESIAN_POINT('',(6.462230377286,-4.15,-0.540767924286));
#7574 = VERTEX_POINT('',#7575);
#7575 = CARTESIAN_POINT('',(6.725000733956,-4.15,-1.416669113186));
#7576 = LINE('',#7577,#7578);
#7577 = CARTESIAN_POINT('',(6.45,-4.15,-0.5));
#7578 = VECTOR('',#7579,1.);
#7579 = DIRECTION('',(0.287347885566,5.31700397722E-16,-0.957826285221)
  );
#7580 = ORIENTED_EDGE('',*,*,#7581,.T.);
#7581 = EDGE_CURVE('',#7574,#7582,#7584,.T.);
#7582 = VERTEX_POINT('',#7583);
#7583 = CARTESIAN_POINT('',(6.725000733956,-4.15,-1.583330886814));
#7584 = CIRCLE('',#7585,0.29);
#7585 = AXIS2_PLACEMENT_3D('',#7586,#7587,#7588);
#7586 = CARTESIAN_POINT('',(6.447231111242,-4.15,-1.5));
#7587 = DIRECTION('',(-0.,1.,3.330669073875E-16));
#7588 = DIRECTION('',(0.,-3.330669073875E-16,1.));
#7589 = ORIENTED_EDGE('',*,*,#7590,.T.);
#7590 = EDGE_CURVE('',#7582,#7591,#7593,.T.);
#7591 = VERTEX_POINT('',#7592);
#7592 = CARTESIAN_POINT('',(6.462230377286,-4.15,-2.459232075714));
#7593 = LINE('',#7594,#7595);
#7594 = CARTESIAN_POINT('',(6.75,-4.15,-1.5));
#7595 = VECTOR('',#7596,1.);
#7596 = DIRECTION('',(-0.287347885566,5.31700397722E-16,-0.957826285221)
  );
#7597 = ORIENTED_EDGE('',*,*,#7598,.F.);
#7598 = EDGE_CURVE('',#7599,#7591,#7601,.T.);
#7599 = VERTEX_POINT('',#7600);
#7600 = CARTESIAN_POINT('',(6.45,-4.15,-2.542562962528));
#7601 = CIRCLE('',#7602,0.29);
#7602 = AXIS2_PLACEMENT_3D('',#7603,#7604,#7605);
#7603 = CARTESIAN_POINT('',(6.74,-4.15,-2.542562962528));
#7604 = DIRECTION('',(-0.,1.,3.330669073875E-16));
#7605 = DIRECTION('',(0.,-3.330669073875E-16,1.));
#7606 = ORIENTED_EDGE('',*,*,#7607,.F.);
#7607 = EDGE_CURVE('',#7608,#7599,#7610,.T.);
#7608 = VERTEX_POINT('',#7609);
#7609 = CARTESIAN_POINT('',(6.45,-4.15,-3.5));
#7610 = LINE('',#7611,#7612);
#7611 = CARTESIAN_POINT('',(6.45,-4.15,-3.5));
#7612 = VECTOR('',#7613,1.);
#7613 = DIRECTION('',(0.,-5.551115123126E-16,1.));
#7614 = ORIENTED_EDGE('',*,*,#7615,.F.);
#7615 = EDGE_CURVE('',#7616,#7608,#7618,.T.);
#7616 = VERTEX_POINT('',#7617);
#7617 = CARTESIAN_POINT('',(6.15,-4.15,-3.5));
#7618 = LINE('',#7619,#7620);
#7619 = CARTESIAN_POINT('',(6.15,-4.15,-3.5));
#7620 = VECTOR('',#7621,1.);
#7621 = DIRECTION('',(1.,0.,0.));
#7622 = ORIENTED_EDGE('',*,*,#7623,.F.);
#7623 = EDGE_CURVE('',#7624,#7616,#7626,.T.);
#7624 = VERTEX_POINT('',#7625);
#7625 = CARTESIAN_POINT('',(6.15,-4.15,-2.542562962528));
#7626 = LINE('',#7627,#7628);
#7627 = CARTESIAN_POINT('',(6.15,-4.15,-2.5));
#7628 = VECTOR('',#7629,1.);
#7629 = DIRECTION('',(0.,5.551115123126E-16,-1.));
#7630 = ORIENTED_EDGE('',*,*,#7631,.F.);
#7631 = EDGE_CURVE('',#7632,#7624,#7634,.T.);
#7632 = VERTEX_POINT('',#7633);
#7633 = CARTESIAN_POINT('',(6.162230377286,-4.15,-2.459232075714));
#7634 = CIRCLE('',#7635,0.29);
#7635 = AXIS2_PLACEMENT_3D('',#7636,#7637,#7638);
#7636 = CARTESIAN_POINT('',(6.44,-4.15,-2.542562962528));
#7637 = DIRECTION('',(0.,-1.,-3.330669073875E-16));
#7638 = DIRECTION('',(0.,-3.330669073875E-16,1.));
#7639 = ORIENTED_EDGE('',*,*,#7640,.T.);
#7640 = EDGE_CURVE('',#7632,#7641,#7643,.T.);
#7641 = VERTEX_POINT('',#7642);
#7642 = CARTESIAN_POINT('',(6.425000733956,-4.15,-1.583330886814));
#7643 = LINE('',#7644,#7645);
#7644 = CARTESIAN_POINT('',(6.15,-4.15,-2.5));
#7645 = VECTOR('',#7646,1.);
#7646 = DIRECTION('',(0.287347885566,-5.31700397722E-16,0.957826285221)
  );
#7647 = ORIENTED_EDGE('',*,*,#7648,.F.);
#7648 = EDGE_CURVE('',#7649,#7641,#7651,.T.);
#7649 = VERTEX_POINT('',#7650);
#7650 = CARTESIAN_POINT('',(6.425000733956,-4.15,-1.416669113186));
#7651 = CIRCLE('',#7652,0.29);
#7652 = AXIS2_PLACEMENT_3D('',#7653,#7654,#7655);
#7653 = CARTESIAN_POINT('',(6.147231111242,-4.15,-1.5));
#7654 = DIRECTION('',(-0.,1.,3.330669073875E-16));
#7655 = DIRECTION('',(0.,-3.330669073875E-16,1.));
#7656 = ORIENTED_EDGE('',*,*,#7657,.T.);
#7657 = EDGE_CURVE('',#7649,#7658,#7660,.T.);
#7658 = VERTEX_POINT('',#7659);
#7659 = CARTESIAN_POINT('',(6.162230377286,-4.15,-0.540767924286));
#7660 = LINE('',#7661,#7662);
#7661 = CARTESIAN_POINT('',(6.45,-4.15,-1.5));
#7662 = VECTOR('',#7663,1.);
#7663 = DIRECTION('',(-0.287347885566,-5.31700397722E-16,0.957826285221)
  );
#7664 = ORIENTED_EDGE('',*,*,#7665,.F.);
#7665 = EDGE_CURVE('',#7666,#7658,#7668,.T.);
#7666 = VERTEX_POINT('',#7667);
#7667 = CARTESIAN_POINT('',(6.15,-4.15,-0.457437037472));
#7668 = CIRCLE('',#7669,0.29);
#7669 = AXIS2_PLACEMENT_3D('',#7670,#7671,#7672);
#7670 = CARTESIAN_POINT('',(6.44,-4.15,-0.457437037472));
#7671 = DIRECTION('',(0.,-1.,-3.330669073875E-16));
#7672 = DIRECTION('',(0.,-3.330669073875E-16,1.));
#7673 = ORIENTED_EDGE('',*,*,#7674,.F.);
#7674 = EDGE_CURVE('',#6562,#7666,#7675,.T.);
#7675 = LINE('',#7676,#7677);
#7676 = CARTESIAN_POINT('',(6.15,-4.15,1.5));
#7677 = VECTOR('',#7678,1.);
#7678 = DIRECTION('',(0.,5.551115123126E-16,-1.));
#7679 = ORIENTED_EDGE('',*,*,#6569,.F.);
#7680 = ORIENTED_EDGE('',*,*,#7556,.F.);
#7681 = ORIENTED_EDGE('',*,*,#7682,.F.);
#7682 = EDGE_CURVE('',#7683,#7549,#7685,.T.);
#7683 = VERTEX_POINT('',#7684);
#7684 = CARTESIAN_POINT('',(6.45,-4.15,1.21));
#7685 = CIRCLE('',#7686,0.29);
#7686 = AXIS2_PLACEMENT_3D('',#7687,#7688,#7689);
#7687 = CARTESIAN_POINT('',(6.16,-4.15,1.21));
#7688 = DIRECTION('',(0.,-1.,-3.330669073875E-16));
#7689 = DIRECTION('',(0.,-3.330669073875E-16,1.));
#7690 = ORIENTED_EDGE('',*,*,#7691,.F.);
#7691 = EDGE_CURVE('',#7692,#7683,#7694,.T.);
#7692 = VERTEX_POINT('',#7693);
#7693 = CARTESIAN_POINT('',(6.45,-4.15,-0.457437037472));
#7694 = LINE('',#7695,#7696);
#7695 = CARTESIAN_POINT('',(6.45,-4.15,-0.5));
#7696 = VECTOR('',#7697,1.);
#7697 = DIRECTION('',(0.,-5.551115123126E-16,1.));
#7698 = ORIENTED_EDGE('',*,*,#7699,.F.);
#7699 = EDGE_CURVE('',#7572,#7692,#7700,.T.);
#7700 = CIRCLE('',#7701,0.29);
#7701 = AXIS2_PLACEMENT_3D('',#7702,#7703,#7704);
#7702 = CARTESIAN_POINT('',(6.74,-4.15,-0.457437037472));
#7703 = DIRECTION('',(-0.,1.,3.330669073875E-16));
#7704 = DIRECTION('',(0.,-3.330669073875E-16,1.));
#7705 = PLANE('',#7706);
#7706 = AXIS2_PLACEMENT_3D('',#7707,#7708,#7709);
#7707 = CARTESIAN_POINT('',(6.45,-4.15,-0.5));
#7708 = DIRECTION('',(0.,1.,3.330669073875E-16));
#7709 = DIRECTION('',(0.,-3.330669073875E-16,1.));
#7710 = ADVANCED_FACE('',(#7711),#7855,.T.);
#7711 = FACE_BOUND('',#7712,.T.);
#7712 = EDGE_LOOP('',(#7713,#7723,#7732,#7740,#7749,#7757,#7765,#7773,
    #7782,#7790,#7799,#7807,#7816,#7822,#7823,#7831,#7840,#7848));
#7713 = ORIENTED_EDGE('',*,*,#7714,.T.);
#7714 = EDGE_CURVE('',#7715,#7717,#7719,.T.);
#7715 = VERTEX_POINT('',#7716);
#7716 = CARTESIAN_POINT('',(6.462230377286,0.35,-0.540767924286));
#7717 = VERTEX_POINT('',#7718);
#7718 = CARTESIAN_POINT('',(6.725000733956,0.35,-1.416669113186));
#7719 = LINE('',#7720,#7721);
#7720 = CARTESIAN_POINT('',(6.45,0.35,-0.5));
#7721 = VECTOR('',#7722,1.);
#7722 = DIRECTION('',(0.287347885566,5.31700397722E-16,-0.957826285221)
  );
#7723 = ORIENTED_EDGE('',*,*,#7724,.T.);
#7724 = EDGE_CURVE('',#7717,#7725,#7727,.T.);
#7725 = VERTEX_POINT('',#7726);
#7726 = CARTESIAN_POINT('',(6.725000733956,0.35,-1.583330886814));
#7727 = CIRCLE('',#7728,0.29);
#7728 = AXIS2_PLACEMENT_3D('',#7729,#7730,#7731);
#7729 = CARTESIAN_POINT('',(6.447231111242,0.35,-1.5));
#7730 = DIRECTION('',(-0.,1.,3.330669073875E-16));
#7731 = DIRECTION('',(0.,-3.330669073875E-16,1.));
#7732 = ORIENTED_EDGE('',*,*,#7733,.T.);
#7733 = EDGE_CURVE('',#7725,#7734,#7736,.T.);
#7734 = VERTEX_POINT('',#7735);
#7735 = CARTESIAN_POINT('',(6.462230377286,0.35,-2.459232075714));
#7736 = LINE('',#7737,#7738);
#7737 = CARTESIAN_POINT('',(6.75,0.35,-1.5));
#7738 = VECTOR('',#7739,1.);
#7739 = DIRECTION('',(-0.287347885566,5.31700397722E-16,-0.957826285221)
  );
#7740 = ORIENTED_EDGE('',*,*,#7741,.F.);
#7741 = EDGE_CURVE('',#7742,#7734,#7744,.T.);
#7742 = VERTEX_POINT('',#7743);
#7743 = CARTESIAN_POINT('',(6.45,0.35,-2.542562962528));
#7744 = CIRCLE('',#7745,0.29);
#7745 = AXIS2_PLACEMENT_3D('',#7746,#7747,#7748);
#7746 = CARTESIAN_POINT('',(6.74,0.35,-2.542562962528));
#7747 = DIRECTION('',(-0.,1.,3.330669073875E-16));
#7748 = DIRECTION('',(0.,-3.330669073875E-16,1.));
#7749 = ORIENTED_EDGE('',*,*,#7750,.F.);
#7750 = EDGE_CURVE('',#7751,#7742,#7753,.T.);
#7751 = VERTEX_POINT('',#7752);
#7752 = CARTESIAN_POINT('',(6.45,0.35,-3.5));
#7753 = LINE('',#7754,#7755);
#7754 = CARTESIAN_POINT('',(6.45,0.35,-3.5));
#7755 = VECTOR('',#7756,1.);
#7756 = DIRECTION('',(0.,-5.551115123126E-16,1.));
#7757 = ORIENTED_EDGE('',*,*,#7758,.F.);
#7758 = EDGE_CURVE('',#7759,#7751,#7761,.T.);
#7759 = VERTEX_POINT('',#7760);
#7760 = CARTESIAN_POINT('',(6.15,0.35,-3.5));
#7761 = LINE('',#7762,#7763);
#7762 = CARTESIAN_POINT('',(6.15,0.35,-3.5));
#7763 = VECTOR('',#7764,1.);
#7764 = DIRECTION('',(1.,0.,0.));
#7765 = ORIENTED_EDGE('',*,*,#7766,.F.);
#7766 = EDGE_CURVE('',#7767,#7759,#7769,.T.);
#7767 = VERTEX_POINT('',#7768);
#7768 = CARTESIAN_POINT('',(6.15,0.35,-2.542562962528));
#7769 = LINE('',#7770,#7771);
#7770 = CARTESIAN_POINT('',(6.15,0.35,-2.5));
#7771 = VECTOR('',#7772,1.);
#7772 = DIRECTION('',(0.,5.551115123126E-16,-1.));
#7773 = ORIENTED_EDGE('',*,*,#7774,.F.);
#7774 = EDGE_CURVE('',#7775,#7767,#7777,.T.);
#7775 = VERTEX_POINT('',#7776);
#7776 = CARTESIAN_POINT('',(6.162230377286,0.35,-2.459232075714));
#7777 = CIRCLE('',#7778,0.29);
#7778 = AXIS2_PLACEMENT_3D('',#7779,#7780,#7781);
#7779 = CARTESIAN_POINT('',(6.44,0.35,-2.542562962528));
#7780 = DIRECTION('',(0.,-1.,-3.330669073875E-16));
#7781 = DIRECTION('',(0.,-3.330669073875E-16,1.));
#7782 = ORIENTED_EDGE('',*,*,#7783,.T.);
#7783 = EDGE_CURVE('',#7775,#7784,#7786,.T.);
#7784 = VERTEX_POINT('',#7785);
#7785 = CARTESIAN_POINT('',(6.425000733956,0.35,-1.583330886814));
#7786 = LINE('',#7787,#7788);
#7787 = CARTESIAN_POINT('',(6.15,0.35,-2.5));
#7788 = VECTOR('',#7789,1.);
#7789 = DIRECTION('',(0.287347885566,-5.31700397722E-16,0.957826285221)
  );
#7790 = ORIENTED_EDGE('',*,*,#7791,.F.);
#7791 = EDGE_CURVE('',#7792,#7784,#7794,.T.);
#7792 = VERTEX_POINT('',#7793);
#7793 = CARTESIAN_POINT('',(6.425000733956,0.35,-1.416669113186));
#7794 = CIRCLE('',#7795,0.29);
#7795 = AXIS2_PLACEMENT_3D('',#7796,#7797,#7798);
#7796 = CARTESIAN_POINT('',(6.147231111242,0.35,-1.5));
#7797 = DIRECTION('',(-0.,1.,3.330669073875E-16));
#7798 = DIRECTION('',(0.,-3.330669073875E-16,1.));
#7799 = ORIENTED_EDGE('',*,*,#7800,.T.);
#7800 = EDGE_CURVE('',#7792,#7801,#7803,.T.);
#7801 = VERTEX_POINT('',#7802);
#7802 = CARTESIAN_POINT('',(6.162230377286,0.35,-0.540767924286));
#7803 = LINE('',#7804,#7805);
#7804 = CARTESIAN_POINT('',(6.45,0.35,-1.5));
#7805 = VECTOR('',#7806,1.);
#7806 = DIRECTION('',(-0.287347885566,-5.31700397722E-16,0.957826285221)
  );
#7807 = ORIENTED_EDGE('',*,*,#7808,.F.);
#7808 = EDGE_CURVE('',#7809,#7801,#7811,.T.);
#7809 = VERTEX_POINT('',#7810);
#7810 = CARTESIAN_POINT('',(6.15,0.35,-0.457437037472));
#7811 = CIRCLE('',#7812,0.29);
#7812 = AXIS2_PLACEMENT_3D('',#7813,#7814,#7815);
#7813 = CARTESIAN_POINT('',(6.44,0.35,-0.457437037472));
#7814 = DIRECTION('',(0.,-1.,-3.330669073875E-16));
#7815 = DIRECTION('',(0.,-3.330669073875E-16,1.));
#7816 = ORIENTED_EDGE('',*,*,#7817,.F.);
#7817 = EDGE_CURVE('',#6530,#7809,#7818,.T.);
#7818 = LINE('',#7819,#7820);
#7819 = CARTESIAN_POINT('',(6.15,0.35,1.5));
#7820 = VECTOR('',#7821,1.);
#7821 = DIRECTION('',(0.,5.551115123126E-16,-1.));
#7822 = ORIENTED_EDGE('',*,*,#6537,.F.);
#7823 = ORIENTED_EDGE('',*,*,#7824,.F.);
#7824 = EDGE_CURVE('',#7825,#6538,#7827,.T.);
#7825 = VERTEX_POINT('',#7826);
#7826 = CARTESIAN_POINT('',(6.16,0.35,1.5));
#7827 = LINE('',#7828,#7829);
#7828 = CARTESIAN_POINT('',(6.45,0.35,1.5));
#7829 = VECTOR('',#7830,1.);
#7830 = DIRECTION('',(-1.,-0.,0.));
#7831 = ORIENTED_EDGE('',*,*,#7832,.F.);
#7832 = EDGE_CURVE('',#7833,#7825,#7835,.T.);
#7833 = VERTEX_POINT('',#7834);
#7834 = CARTESIAN_POINT('',(6.45,0.35,1.21));
#7835 = CIRCLE('',#7836,0.29);
#7836 = AXIS2_PLACEMENT_3D('',#7837,#7838,#7839);
#7837 = CARTESIAN_POINT('',(6.16,0.35,1.21));
#7838 = DIRECTION('',(0.,-1.,-3.330669073875E-16));
#7839 = DIRECTION('',(0.,-3.330669073875E-16,1.));
#7840 = ORIENTED_EDGE('',*,*,#7841,.F.);
#7841 = EDGE_CURVE('',#7842,#7833,#7844,.T.);
#7842 = VERTEX_POINT('',#7843);
#7843 = CARTESIAN_POINT('',(6.45,0.35,-0.457437037472));
#7844 = LINE('',#7845,#7846);
#7845 = CARTESIAN_POINT('',(6.45,0.35,-0.5));
#7846 = VECTOR('',#7847,1.);
#7847 = DIRECTION('',(0.,-5.551115123126E-16,1.));
#7848 = ORIENTED_EDGE('',*,*,#7849,.F.);
#7849 = EDGE_CURVE('',#7715,#7842,#7850,.T.);
#7850 = CIRCLE('',#7851,0.29);
#7851 = AXIS2_PLACEMENT_3D('',#7852,#7853,#7854);
#7852 = CARTESIAN_POINT('',(6.74,0.35,-0.457437037472));
#7853 = DIRECTION('',(-0.,1.,3.330669073875E-16));
#7854 = DIRECTION('',(0.,-3.330669073875E-16,1.));
#7855 = PLANE('',#7856);
#7856 = AXIS2_PLACEMENT_3D('',#7857,#7858,#7859);
#7857 = CARTESIAN_POINT('',(6.45,0.35,-0.5));
#7858 = DIRECTION('',(1.64346021921E-31,1.,5.551115123126E-16));
#7859 = DIRECTION('',(0.,-5.551115123126E-16,1.));
#7860 = ADVANCED_FACE('',(#7861),#8005,.F.);
#7861 = FACE_BOUND('',#7862,.F.);
#7862 = EDGE_LOOP('',(#7863,#7873,#7882,#7890,#7899,#7907,#7915,#7923,
    #7932,#7940,#7949,#7957,#7966,#7972,#7973,#7981,#7990,#7998));
#7863 = ORIENTED_EDGE('',*,*,#7864,.T.);
#7864 = EDGE_CURVE('',#7865,#7867,#7869,.T.);
#7865 = VERTEX_POINT('',#7866);
#7866 = CARTESIAN_POINT('',(6.462230377286,-0.35,-0.540767924286));
#7867 = VERTEX_POINT('',#7868);
#7868 = CARTESIAN_POINT('',(6.725000733956,-0.35,-1.416669113186));
#7869 = LINE('',#7870,#7871);
#7870 = CARTESIAN_POINT('',(6.45,-0.35,-0.5));
#7871 = VECTOR('',#7872,1.);
#7872 = DIRECTION('',(0.287347885566,5.31700397722E-16,-0.957826285221)
  );
#7873 = ORIENTED_EDGE('',*,*,#7874,.T.);
#7874 = EDGE_CURVE('',#7867,#7875,#7877,.T.);
#7875 = VERTEX_POINT('',#7876);
#7876 = CARTESIAN_POINT('',(6.725000733956,-0.35,-1.583330886814));
#7877 = CIRCLE('',#7878,0.29);
#7878 = AXIS2_PLACEMENT_3D('',#7879,#7880,#7881);
#7879 = CARTESIAN_POINT('',(6.447231111242,-0.35,-1.5));
#7880 = DIRECTION('',(-0.,1.,3.330669073875E-16));
#7881 = DIRECTION('',(0.,-3.330669073875E-16,1.));
#7882 = ORIENTED_EDGE('',*,*,#7883,.T.);
#7883 = EDGE_CURVE('',#7875,#7884,#7886,.T.);
#7884 = VERTEX_POINT('',#7885);
#7885 = CARTESIAN_POINT('',(6.462230377286,-0.35,-2.459232075714));
#7886 = LINE('',#7887,#7888);
#7887 = CARTESIAN_POINT('',(6.75,-0.35,-1.5));
#7888 = VECTOR('',#7889,1.);
#7889 = DIRECTION('',(-0.287347885566,5.31700397722E-16,-0.957826285221)
  );
#7890 = ORIENTED_EDGE('',*,*,#7891,.F.);
#7891 = EDGE_CURVE('',#7892,#7884,#7894,.T.);
#7892 = VERTEX_POINT('',#7893);
#7893 = CARTESIAN_POINT('',(6.45,-0.35,-2.542562962528));
#7894 = CIRCLE('',#7895,0.29);
#7895 = AXIS2_PLACEMENT_3D('',#7896,#7897,#7898);
#7896 = CARTESIAN_POINT('',(6.74,-0.35,-2.542562962528));
#7897 = DIRECTION('',(-0.,1.,3.330669073875E-16));
#7898 = DIRECTION('',(0.,-3.330669073875E-16,1.));
#7899 = ORIENTED_EDGE('',*,*,#7900,.F.);
#7900 = EDGE_CURVE('',#7901,#7892,#7903,.T.);
#7901 = VERTEX_POINT('',#7902);
#7902 = CARTESIAN_POINT('',(6.45,-0.35,-3.5));
#7903 = LINE('',#7904,#7905);
#7904 = CARTESIAN_POINT('',(6.45,-0.35,-3.5));
#7905 = VECTOR('',#7906,1.);
#7906 = DIRECTION('',(0.,-5.551115123126E-16,1.));
#7907 = ORIENTED_EDGE('',*,*,#7908,.F.);
#7908 = EDGE_CURVE('',#7909,#7901,#7911,.T.);
#7909 = VERTEX_POINT('',#7910);
#7910 = CARTESIAN_POINT('',(6.15,-0.35,-3.5));
#7911 = LINE('',#7912,#7913);
#7912 = CARTESIAN_POINT('',(6.15,-0.35,-3.5));
#7913 = VECTOR('',#7914,1.);
#7914 = DIRECTION('',(1.,0.,0.));
#7915 = ORIENTED_EDGE('',*,*,#7916,.F.);
#7916 = EDGE_CURVE('',#7917,#7909,#7919,.T.);
#7917 = VERTEX_POINT('',#7918);
#7918 = CARTESIAN_POINT('',(6.15,-0.35,-2.542562962528));
#7919 = LINE('',#7920,#7921);
#7920 = CARTESIAN_POINT('',(6.15,-0.35,-2.5));
#7921 = VECTOR('',#7922,1.);
#7922 = DIRECTION('',(0.,5.551115123126E-16,-1.));
#7923 = ORIENTED_EDGE('',*,*,#7924,.F.);
#7924 = EDGE_CURVE('',#7925,#7917,#7927,.T.);
#7925 = VERTEX_POINT('',#7926);
#7926 = CARTESIAN_POINT('',(6.162230377286,-0.35,-2.459232075714));
#7927 = CIRCLE('',#7928,0.29);
#7928 = AXIS2_PLACEMENT_3D('',#7929,#7930,#7931);
#7929 = CARTESIAN_POINT('',(6.44,-0.35,-2.542562962528));
#7930 = DIRECTION('',(0.,-1.,-3.330669073875E-16));
#7931 = DIRECTION('',(0.,-3.330669073875E-16,1.));
#7932 = ORIENTED_EDGE('',*,*,#7933,.T.);
#7933 = EDGE_CURVE('',#7925,#7934,#7936,.T.);
#7934 = VERTEX_POINT('',#7935);
#7935 = CARTESIAN_POINT('',(6.425000733956,-0.35,-1.583330886814));
#7936 = LINE('',#7937,#7938);
#7937 = CARTESIAN_POINT('',(6.15,-0.35,-2.5));
#7938 = VECTOR('',#7939,1.);
#7939 = DIRECTION('',(0.287347885566,-5.31700397722E-16,0.957826285221)
  );
#7940 = ORIENTED_EDGE('',*,*,#7941,.F.);
#7941 = EDGE_CURVE('',#7942,#7934,#7944,.T.);
#7942 = VERTEX_POINT('',#7943);
#7943 = CARTESIAN_POINT('',(6.425000733956,-0.35,-1.416669113186));
#7944 = CIRCLE('',#7945,0.29);
#7945 = AXIS2_PLACEMENT_3D('',#7946,#7947,#7948);
#7946 = CARTESIAN_POINT('',(6.147231111242,-0.35,-1.5));
#7947 = DIRECTION('',(-0.,1.,3.330669073875E-16));
#7948 = DIRECTION('',(0.,-3.330669073875E-16,1.));
#7949 = ORIENTED_EDGE('',*,*,#7950,.T.);
#7950 = EDGE_CURVE('',#7942,#7951,#7953,.T.);
#7951 = VERTEX_POINT('',#7952);
#7952 = CARTESIAN_POINT('',(6.162230377286,-0.35,-0.540767924286));
#7953 = LINE('',#7954,#7955);
#7954 = CARTESIAN_POINT('',(6.45,-0.35,-1.5));
#7955 = VECTOR('',#7956,1.);
#7956 = DIRECTION('',(-0.287347885566,-5.31700397722E-16,0.957826285221)
  );
#7957 = ORIENTED_EDGE('',*,*,#7958,.F.);
#7958 = EDGE_CURVE('',#7959,#7951,#7961,.T.);
#7959 = VERTEX_POINT('',#7960);
#7960 = CARTESIAN_POINT('',(6.15,-0.35,-0.457437037472));
#7961 = CIRCLE('',#7962,0.29);
#7962 = AXIS2_PLACEMENT_3D('',#7963,#7964,#7965);
#7963 = CARTESIAN_POINT('',(6.44,-0.35,-0.457437037472));
#7964 = DIRECTION('',(0.,-1.,-3.330669073875E-16));
#7965 = DIRECTION('',(0.,-3.330669073875E-16,1.));
#7966 = ORIENTED_EDGE('',*,*,#7967,.F.);
#7967 = EDGE_CURVE('',#6554,#7959,#7968,.T.);
#7968 = LINE('',#7969,#7970);
#7969 = CARTESIAN_POINT('',(6.15,-0.35,1.5));
#7970 = VECTOR('',#7971,1.);
#7971 = DIRECTION('',(0.,5.551115123126E-16,-1.));
#7972 = ORIENTED_EDGE('',*,*,#6553,.F.);
#7973 = ORIENTED_EDGE('',*,*,#7974,.F.);
#7974 = EDGE_CURVE('',#7975,#6546,#7977,.T.);
#7975 = VERTEX_POINT('',#7976);
#7976 = CARTESIAN_POINT('',(6.16,-0.35,1.5));
#7977 = LINE('',#7978,#7979);
#7978 = CARTESIAN_POINT('',(6.45,-0.35,1.5));
#7979 = VECTOR('',#7980,1.);
#7980 = DIRECTION('',(-1.,-0.,0.));
#7981 = ORIENTED_EDGE('',*,*,#7982,.F.);
#7982 = EDGE_CURVE('',#7983,#7975,#7985,.T.);
#7983 = VERTEX_POINT('',#7984);
#7984 = CARTESIAN_POINT('',(6.45,-0.35,1.21));
#7985 = CIRCLE('',#7986,0.29);
#7986 = AXIS2_PLACEMENT_3D('',#7987,#7988,#7989);
#7987 = CARTESIAN_POINT('',(6.16,-0.35,1.21));
#7988 = DIRECTION('',(0.,-1.,-3.330669073875E-16));
#7989 = DIRECTION('',(0.,-3.330669073875E-16,1.));
#7990 = ORIENTED_EDGE('',*,*,#7991,.F.);
#7991 = EDGE_CURVE('',#7992,#7983,#7994,.T.);
#7992 = VERTEX_POINT('',#7993);
#7993 = CARTESIAN_POINT('',(6.45,-0.35,-0.457437037472));
#7994 = LINE('',#7995,#7996);
#7995 = CARTESIAN_POINT('',(6.45,-0.35,-0.5));
#7996 = VECTOR('',#7997,1.);
#7997 = DIRECTION('',(0.,-5.551115123126E-16,1.));
#7998 = ORIENTED_EDGE('',*,*,#7999,.F.);
#7999 = EDGE_CURVE('',#7865,#7992,#8000,.T.);
#8000 = CIRCLE('',#8001,0.29);
#8001 = AXIS2_PLACEMENT_3D('',#8002,#8003,#8004);
#8002 = CARTESIAN_POINT('',(6.74,-0.35,-0.457437037472));
#8003 = DIRECTION('',(-0.,1.,3.330669073875E-16));
#8004 = DIRECTION('',(0.,-3.330669073875E-16,1.));
#8005 = PLANE('',#8006);
#8006 = AXIS2_PLACEMENT_3D('',#8007,#8008,#8009);
#8007 = CARTESIAN_POINT('',(6.45,-0.35,-0.5));
#8008 = DIRECTION('',(1.64346021921E-31,1.,5.551115123126E-16));
#8009 = DIRECTION('',(0.,-5.551115123126E-16,1.));
#8010 = ADVANCED_FACE('',(#8011),#8022,.T.);
#8011 = FACE_BOUND('',#8012,.T.);
#8012 = EDGE_LOOP('',(#8013,#8014,#8020,#8021));
#8013 = ORIENTED_EDGE('',*,*,#7974,.F.);
#8014 = ORIENTED_EDGE('',*,*,#8015,.T.);
#8015 = EDGE_CURVE('',#7975,#7825,#8016,.T.);
#8016 = LINE('',#8017,#8018);
#8017 = CARTESIAN_POINT('',(6.16,-0.35,1.5));
#8018 = VECTOR('',#8019,1.);
#8019 = DIRECTION('',(0.,1.,3.330669073875E-16));
#8020 = ORIENTED_EDGE('',*,*,#7824,.T.);
#8021 = ORIENTED_EDGE('',*,*,#6545,.F.);
#8022 = PLANE('',#8023);
#8023 = AXIS2_PLACEMENT_3D('',#8024,#8025,#8026);
#8024 = CARTESIAN_POINT('',(6.45,-0.35,1.5));
#8025 = DIRECTION('',(0.,-3.330669073875E-16,1.));
#8026 = DIRECTION('',(-1.,0.,0.));
#8027 = ADVANCED_FACE('',(#8028),#8031,.F.);
#8028 = FACE_BOUND('',#8029,.F.);
#8029 = EDGE_LOOP('',(#8030));
#8030 = ORIENTED_EDGE('',*,*,#6685,.F.);
#8031 = PLANE('',#8032);
#8032 = AXIS2_PLACEMENT_3D('',#8033,#8034,#8035);
#8033 = CARTESIAN_POINT('',(4.9,-2.25,4.3));
#8034 = DIRECTION('',(0.,0.,-1.));
#8035 = DIRECTION('',(-1.,0.,0.));
#8036 = ADVANCED_FACE('',(#8037),#8048,.F.);
#8037 = FACE_BOUND('',#8038,.F.);
#8038 = EDGE_LOOP('',(#8039,#8040,#8041,#8042));
#8039 = ORIENTED_EDGE('',*,*,#7183,.F.);
#8040 = ORIENTED_EDGE('',*,*,#6722,.F.);
#8041 = ORIENTED_EDGE('',*,*,#7333,.T.);
#8042 = ORIENTED_EDGE('',*,*,#8043,.F.);
#8043 = EDGE_CURVE('',#7175,#7325,#8044,.T.);
#8044 = LINE('',#8045,#8046);
#8045 = CARTESIAN_POINT('',(0.15,-4.85,-0.457437037472));
#8046 = VECTOR('',#8047,1.);
#8047 = DIRECTION('',(0.,1.,3.330669073875E-16));
#8048 = PLANE('',#8049);
#8049 = AXIS2_PLACEMENT_3D('',#8050,#8051,#8052);
#8050 = CARTESIAN_POINT('',(0.15,-4.85,1.5));
#8051 = DIRECTION('',(-1.,0.,-0.));
#8052 = DIRECTION('',(0.,5.551115123126E-16,-1.));
#8053 = ADVANCED_FACE('',(#8054),#8065,.T.);
#8054 = FACE_BOUND('',#8055,.T.);
#8055 = EDGE_LOOP('',(#8056,#8057,#8058,#8059));
#8056 = ORIENTED_EDGE('',*,*,#7500,.F.);
#8057 = ORIENTED_EDGE('',*,*,#6747,.T.);
#8058 = ORIENTED_EDGE('',*,*,#7674,.T.);
#8059 = ORIENTED_EDGE('',*,*,#8060,.F.);
#8060 = EDGE_CURVE('',#7492,#7666,#8061,.T.);
#8061 = LINE('',#8062,#8063);
#8062 = CARTESIAN_POINT('',(6.15,-4.85,-0.457437037472));
#8063 = VECTOR('',#8064,1.);
#8064 = DIRECTION('',(0.,1.,3.330669073875E-16));
#8065 = PLANE('',#8066);
#8066 = AXIS2_PLACEMENT_3D('',#8067,#8068,#8069);
#8067 = CARTESIAN_POINT('',(6.15,-4.85,1.5));
#8068 = DIRECTION('',(-1.,0.,-0.));
#8069 = DIRECTION('',(0.,5.551115123126E-16,-1.));
#8070 = ADVANCED_FACE('',(#8071),#8082,.F.);
#8071 = FACE_BOUND('',#8072,.F.);
#8072 = EDGE_LOOP('',(#8073,#8074,#8075,#8076));
#8073 = ORIENTED_EDGE('',*,*,#7040,.F.);
#8074 = ORIENTED_EDGE('',*,*,#6729,.F.);
#8075 = ORIENTED_EDGE('',*,*,#6866,.T.);
#8076 = ORIENTED_EDGE('',*,*,#8077,.F.);
#8077 = EDGE_CURVE('',#7032,#6858,#8078,.T.);
#8078 = LINE('',#8079,#8080);
#8079 = CARTESIAN_POINT('',(0.15,-0.35,-0.457437037472));
#8080 = VECTOR('',#8081,1.);
#8081 = DIRECTION('',(0.,1.,3.330669073875E-16));
#8082 = PLANE('',#8083);
#8083 = AXIS2_PLACEMENT_3D('',#8084,#8085,#8086);
#8084 = CARTESIAN_POINT('',(0.15,-0.35,1.5));
#8085 = DIRECTION('',(-1.,0.,-0.));
#8086 = DIRECTION('',(0.,5.551115123126E-16,-1.));
#8087 = ADVANCED_FACE('',(#8088),#8099,.T.);
#8088 = FACE_BOUND('',#8089,.T.);
#8089 = EDGE_LOOP('',(#8090,#8091,#8092,#8093));
#8090 = ORIENTED_EDGE('',*,*,#7967,.F.);
#8091 = ORIENTED_EDGE('',*,*,#6740,.T.);
#8092 = ORIENTED_EDGE('',*,*,#7817,.T.);
#8093 = ORIENTED_EDGE('',*,*,#8094,.F.);
#8094 = EDGE_CURVE('',#7959,#7809,#8095,.T.);
#8095 = LINE('',#8096,#8097);
#8096 = CARTESIAN_POINT('',(6.15,-0.35,-0.457437037472));
#8097 = VECTOR('',#8098,1.);
#8098 = DIRECTION('',(0.,1.,3.330669073875E-16));
#8099 = PLANE('',#8100);
#8100 = AXIS2_PLACEMENT_3D('',#8101,#8102,#8103);
#8101 = CARTESIAN_POINT('',(6.15,-0.35,1.5));
#8102 = DIRECTION('',(-1.,0.,-0.));
#8103 = DIRECTION('',(0.,5.551115123126E-16,-1.));
#8104 = ADVANCED_FACE('',(#8105),#8121,.T.);
#8105 = FACE_BOUND('',#8106,.T.);
#8106 = EDGE_LOOP('',(#8107,#8108,#8114,#8115));
#8107 = ORIENTED_EDGE('',*,*,#6937,.F.);
#8108 = ORIENTED_EDGE('',*,*,#8109,.T.);
#8109 = EDGE_CURVE('',#6938,#6764,#8110,.T.);
#8110 = LINE('',#8111,#8112);
#8111 = CARTESIAN_POINT('',(-0.162230377286,-0.35,-0.540767924286));
#8112 = VECTOR('',#8113,1.);
#8113 = DIRECTION('',(0.,1.,3.330669073875E-16));
#8114 = ORIENTED_EDGE('',*,*,#6763,.T.);
#8115 = ORIENTED_EDGE('',*,*,#8116,.F.);
#8116 = EDGE_CURVE('',#6940,#6766,#8117,.T.);
#8117 = LINE('',#8118,#8119);
#8118 = CARTESIAN_POINT('',(-0.425000733956,-0.35,-1.416669113186));
#8119 = VECTOR('',#8120,1.);
#8120 = DIRECTION('',(0.,1.,3.330669073875E-16));
#8121 = PLANE('',#8122);
#8122 = AXIS2_PLACEMENT_3D('',#8123,#8124,#8125);
#8123 = CARTESIAN_POINT('',(-0.15,-0.35,-0.5));
#8124 = DIRECTION('',(-0.957826285221,-9.570607158995E-17,0.287347885566
    ));
#8125 = DIRECTION('',(-0.287347885566,5.31700397722E-16,-0.957826285221)
  );
#8126 = ADVANCED_FACE('',(#8127),#8138,.F.);
#8127 = FACE_BOUND('',#8128,.F.);
#8128 = EDGE_LOOP('',(#8129,#8130,#8131,#8137));
#8129 = ORIENTED_EDGE('',*,*,#8109,.T.);
#8130 = ORIENTED_EDGE('',*,*,#6898,.T.);
#8131 = ORIENTED_EDGE('',*,*,#8132,.F.);
#8132 = EDGE_CURVE('',#7058,#6891,#8133,.T.);
#8133 = LINE('',#8134,#8135);
#8134 = CARTESIAN_POINT('',(-0.15,-0.35,-0.457437037472));
#8135 = VECTOR('',#8136,1.);
#8136 = DIRECTION('',(0.,1.,3.330669073875E-16));
#8137 = ORIENTED_EDGE('',*,*,#7065,.F.);
#8138 = CYLINDRICAL_SURFACE('',#8139,0.29);
#8139 = AXIS2_PLACEMENT_3D('',#8140,#8141,#8142);
#8140 = CARTESIAN_POINT('',(-0.44,-0.35,-0.457437037472));
#8141 = DIRECTION('',(0.,1.,3.330669073875E-16));
#8142 = DIRECTION('',(0.957826285221,9.570607158983E-17,-0.287347885566)
  );
#8143 = ADVANCED_FACE('',(#8144),#8155,.T.);
#8144 = FACE_BOUND('',#8145,.T.);
#8145 = EDGE_LOOP('',(#8146,#8147,#8148,#8154));
#8146 = ORIENTED_EDGE('',*,*,#8116,.T.);
#8147 = ORIENTED_EDGE('',*,*,#6773,.T.);
#8148 = ORIENTED_EDGE('',*,*,#8149,.F.);
#8149 = EDGE_CURVE('',#6948,#6774,#8150,.T.);
#8150 = LINE('',#8151,#8152);
#8151 = CARTESIAN_POINT('',(-0.425000733956,-0.35,-1.583330886814));
#8152 = VECTOR('',#8153,1.);
#8153 = DIRECTION('',(0.,1.,3.330669073875E-16));
#8154 = ORIENTED_EDGE('',*,*,#6947,.F.);
#8155 = CYLINDRICAL_SURFACE('',#8156,0.29);
#8156 = AXIS2_PLACEMENT_3D('',#8157,#8158,#8159);
#8157 = CARTESIAN_POINT('',(-0.147231111242,-0.35,-1.5));
#8158 = DIRECTION('',(0.,1.,3.330669073875E-16));
#8159 = DIRECTION('',(-0.957826285221,-9.570607158983E-17,0.287347885566
    ));
#8160 = ADVANCED_FACE('',(#8161),#8172,.F.);
#8161 = FACE_BOUND('',#8162,.F.);
#8162 = EDGE_LOOP('',(#8163,#8164,#8165,#8166));
#8163 = ORIENTED_EDGE('',*,*,#7057,.F.);
#8164 = ORIENTED_EDGE('',*,*,#8132,.T.);
#8165 = ORIENTED_EDGE('',*,*,#6890,.T.);
#8166 = ORIENTED_EDGE('',*,*,#8167,.F.);
#8167 = EDGE_CURVE('',#7049,#6882,#8168,.T.);
#8168 = LINE('',#8169,#8170);
#8169 = CARTESIAN_POINT('',(-0.15,-0.35,1.21));
#8170 = VECTOR('',#8171,1.);
#8171 = DIRECTION('',(0.,1.,3.330669073875E-16));
#8172 = PLANE('',#8173);
#8173 = AXIS2_PLACEMENT_3D('',#8174,#8175,#8176);
#8174 = CARTESIAN_POINT('',(-0.15,-0.35,-0.5));
#8175 = DIRECTION('',(1.,0.,0.));
#8176 = DIRECTION('',(0.,-5.551115123126E-16,1.));
#8177 = ADVANCED_FACE('',(#8178),#8189,.T.);
#8178 = FACE_BOUND('',#8179,.T.);
#8179 = EDGE_LOOP('',(#8180,#8181,#8182,#8183));
#8180 = ORIENTED_EDGE('',*,*,#6956,.F.);
#8181 = ORIENTED_EDGE('',*,*,#8149,.T.);
#8182 = ORIENTED_EDGE('',*,*,#6782,.T.);
#8183 = ORIENTED_EDGE('',*,*,#8184,.F.);
#8184 = EDGE_CURVE('',#6957,#6783,#8185,.T.);
#8185 = LINE('',#8186,#8187);
#8186 = CARTESIAN_POINT('',(-0.162230377286,-0.35,-2.459232075714));
#8187 = VECTOR('',#8188,1.);
#8188 = DIRECTION('',(0.,1.,3.330669073875E-16));
#8189 = PLANE('',#8190);
#8190 = AXIS2_PLACEMENT_3D('',#8191,#8192,#8193);
#8191 = CARTESIAN_POINT('',(-0.45,-0.35,-1.5));
#8192 = DIRECTION('',(-0.957826285221,9.570607158995E-17,-0.287347885566
    ));
#8193 = DIRECTION('',(0.287347885566,5.31700397722E-16,-0.957826285221)
  );
#8194 = ADVANCED_FACE('',(#8195),#8201,.T.);
#8195 = FACE_BOUND('',#8196,.T.);
#8196 = EDGE_LOOP('',(#8197,#8198,#8199,#8200));
#8197 = ORIENTED_EDGE('',*,*,#7048,.T.);
#8198 = ORIENTED_EDGE('',*,*,#6921,.T.);
#8199 = ORIENTED_EDGE('',*,*,#6881,.F.);
#8200 = ORIENTED_EDGE('',*,*,#8167,.F.);
#8201 = CYLINDRICAL_SURFACE('',#8202,0.29);
#8202 = AXIS2_PLACEMENT_3D('',#8203,#8204,#8205);
#8203 = CARTESIAN_POINT('',(0.14,-0.35,1.21));
#8204 = DIRECTION('',(0.,1.,3.330669073875E-16));
#8205 = DIRECTION('',(-1.,0.,0.));
#8206 = ADVANCED_FACE('',(#8207),#8218,.F.);
#8207 = FACE_BOUND('',#8208,.F.);
#8208 = EDGE_LOOP('',(#8209,#8215,#8216,#8217));
#8209 = ORIENTED_EDGE('',*,*,#8210,.T.);
#8210 = EDGE_CURVE('',#6965,#6791,#8211,.T.);
#8211 = LINE('',#8212,#8213);
#8212 = CARTESIAN_POINT('',(-0.15,-0.35,-2.542562962528));
#8213 = VECTOR('',#8214,1.);
#8214 = DIRECTION('',(0.,1.,3.330669073875E-16));
#8215 = ORIENTED_EDGE('',*,*,#6790,.T.);
#8216 = ORIENTED_EDGE('',*,*,#8184,.F.);
#8217 = ORIENTED_EDGE('',*,*,#6964,.F.);
#8218 = CYLINDRICAL_SURFACE('',#8219,0.29);
#8219 = AXIS2_PLACEMENT_3D('',#8220,#8221,#8222);
#8220 = CARTESIAN_POINT('',(-0.44,-0.35,-2.542562962528));
#8221 = DIRECTION('',(0.,1.,3.330669073875E-16));
#8222 = DIRECTION('',(1.,0.,-0.));
#8223 = ADVANCED_FACE('',(#8224),#8235,.F.);
#8224 = FACE_BOUND('',#8225,.F.);
#8225 = EDGE_LOOP('',(#8226,#8227,#8233,#8234));
#8226 = ORIENTED_EDGE('',*,*,#6973,.F.);
#8227 = ORIENTED_EDGE('',*,*,#8228,.T.);
#8228 = EDGE_CURVE('',#6974,#6800,#8229,.T.);
#8229 = LINE('',#8230,#8231);
#8230 = CARTESIAN_POINT('',(-0.15,-0.35,-3.5));
#8231 = VECTOR('',#8232,1.);
#8232 = DIRECTION('',(0.,1.,3.330669073875E-16));
#8233 = ORIENTED_EDGE('',*,*,#6799,.T.);
#8234 = ORIENTED_EDGE('',*,*,#8210,.F.);
#8235 = PLANE('',#8236);
#8236 = AXIS2_PLACEMENT_3D('',#8237,#8238,#8239);
#8237 = CARTESIAN_POINT('',(-0.15,-0.35,-3.5));
#8238 = DIRECTION('',(1.,0.,0.));
#8239 = DIRECTION('',(0.,-5.551115123126E-16,1.));
#8240 = ADVANCED_FACE('',(#8241),#8252,.F.);
#8241 = FACE_BOUND('',#8242,.F.);
#8242 = EDGE_LOOP('',(#8243,#8249,#8250,#8251));
#8243 = ORIENTED_EDGE('',*,*,#8244,.T.);
#8244 = EDGE_CURVE('',#6982,#6808,#8245,.T.);
#8245 = LINE('',#8246,#8247);
#8246 = CARTESIAN_POINT('',(0.15,-0.35,-3.5));
#8247 = VECTOR('',#8248,1.);
#8248 = DIRECTION('',(0.,1.,3.330669073875E-16));
#8249 = ORIENTED_EDGE('',*,*,#6807,.T.);
#8250 = ORIENTED_EDGE('',*,*,#8228,.F.);
#8251 = ORIENTED_EDGE('',*,*,#6981,.F.);
#8252 = PLANE('',#8253);
#8253 = AXIS2_PLACEMENT_3D('',#8254,#8255,#8256);
#8254 = CARTESIAN_POINT('',(0.15,-0.35,-3.5));
#8255 = DIRECTION('',(0.,-3.330669073875E-16,1.));
#8256 = DIRECTION('',(-1.,0.,0.));
#8257 = ADVANCED_FACE('',(#8258),#8269,.F.);
#8258 = FACE_BOUND('',#8259,.F.);
#8259 = EDGE_LOOP('',(#8260,#8261,#8267,#8268));
#8260 = ORIENTED_EDGE('',*,*,#6989,.F.);
#8261 = ORIENTED_EDGE('',*,*,#8262,.T.);
#8262 = EDGE_CURVE('',#6990,#6816,#8263,.T.);
#8263 = LINE('',#8264,#8265);
#8264 = CARTESIAN_POINT('',(0.15,-0.35,-2.542562962528));
#8265 = VECTOR('',#8266,1.);
#8266 = DIRECTION('',(0.,1.,3.330669073875E-16));
#8267 = ORIENTED_EDGE('',*,*,#6815,.T.);
#8268 = ORIENTED_EDGE('',*,*,#8244,.F.);
#8269 = PLANE('',#8270);
#8270 = AXIS2_PLACEMENT_3D('',#8271,#8272,#8273);
#8271 = CARTESIAN_POINT('',(0.15,-0.35,-2.5));
#8272 = DIRECTION('',(-1.,0.,-0.));
#8273 = DIRECTION('',(0.,5.551115123126E-16,-1.));
#8274 = ADVANCED_FACE('',(#8275),#8286,.T.);
#8275 = FACE_BOUND('',#8276,.T.);
#8276 = EDGE_LOOP('',(#8277,#8278,#8284,#8285));
#8277 = ORIENTED_EDGE('',*,*,#7031,.T.);
#8278 = ORIENTED_EDGE('',*,*,#8279,.T.);
#8279 = EDGE_CURVE('',#7024,#6850,#8280,.T.);
#8280 = LINE('',#8281,#8282);
#8281 = CARTESIAN_POINT('',(0.137769622714,-0.35,-0.540767924286));
#8282 = VECTOR('',#8283,1.);
#8283 = DIRECTION('',(0.,1.,3.330669073875E-16));
#8284 = ORIENTED_EDGE('',*,*,#6857,.F.);
#8285 = ORIENTED_EDGE('',*,*,#8077,.F.);
#8286 = CYLINDRICAL_SURFACE('',#8287,0.29);
#8287 = AXIS2_PLACEMENT_3D('',#8288,#8289,#8290);
#8288 = CARTESIAN_POINT('',(-0.14,-0.35,-0.457437037472));
#8289 = DIRECTION('',(0.,1.,3.330669073875E-16));
#8290 = DIRECTION('',(1.,0.,-0.));
#8291 = ADVANCED_FACE('',(#8292),#8303,.T.);
#8292 = FACE_BOUND('',#8293,.T.);
#8293 = EDGE_LOOP('',(#8294,#8295,#8296,#8297));
#8294 = ORIENTED_EDGE('',*,*,#6997,.T.);
#8295 = ORIENTED_EDGE('',*,*,#8262,.T.);
#8296 = ORIENTED_EDGE('',*,*,#6823,.F.);
#8297 = ORIENTED_EDGE('',*,*,#8298,.F.);
#8298 = EDGE_CURVE('',#6998,#6824,#8299,.T.);
#8299 = LINE('',#8300,#8301);
#8300 = CARTESIAN_POINT('',(0.137769622714,-0.35,-2.459232075714));
#8301 = VECTOR('',#8302,1.);
#8302 = DIRECTION('',(0.,1.,3.330669073875E-16));
#8303 = CYLINDRICAL_SURFACE('',#8304,0.29);
#8304 = AXIS2_PLACEMENT_3D('',#8305,#8306,#8307);
#8305 = CARTESIAN_POINT('',(-0.14,-0.35,-2.542562962528));
#8306 = DIRECTION('',(0.,1.,3.330669073875E-16));
#8307 = DIRECTION('',(0.957826285221,-9.570607158983E-17,0.287347885566)
  );
#8308 = ADVANCED_FACE('',(#8309),#8320,.T.);
#8309 = FACE_BOUND('',#8310,.T.);
#8310 = EDGE_LOOP('',(#8311,#8312,#8318,#8319));
#8311 = ORIENTED_EDGE('',*,*,#7023,.F.);
#8312 = ORIENTED_EDGE('',*,*,#8313,.T.);
#8313 = EDGE_CURVE('',#7015,#6841,#8314,.T.);
#8314 = LINE('',#8315,#8316);
#8315 = CARTESIAN_POINT('',(-0.125000733956,-0.35,-1.416669113186));
#8316 = VECTOR('',#8317,1.);
#8317 = DIRECTION('',(0.,1.,3.330669073875E-16));
#8318 = ORIENTED_EDGE('',*,*,#6849,.T.);
#8319 = ORIENTED_EDGE('',*,*,#8279,.F.);
#8320 = PLANE('',#8321);
#8321 = AXIS2_PLACEMENT_3D('',#8322,#8323,#8324);
#8322 = CARTESIAN_POINT('',(-0.15,-0.35,-1.5));
#8323 = DIRECTION('',(0.957826285221,9.570607158995E-17,-0.287347885566)
  );
#8324 = DIRECTION('',(0.287347885566,-5.31700397722E-16,0.957826285221)
  );
#8325 = ADVANCED_FACE('',(#8326),#8337,.T.);
#8326 = FACE_BOUND('',#8327,.T.);
#8327 = EDGE_LOOP('',(#8328,#8329,#8330,#8331));
#8328 = ORIENTED_EDGE('',*,*,#7006,.F.);
#8329 = ORIENTED_EDGE('',*,*,#8298,.T.);
#8330 = ORIENTED_EDGE('',*,*,#6832,.T.);
#8331 = ORIENTED_EDGE('',*,*,#8332,.F.);
#8332 = EDGE_CURVE('',#7007,#6833,#8333,.T.);
#8333 = LINE('',#8334,#8335);
#8334 = CARTESIAN_POINT('',(-0.125000733956,-0.35,-1.583330886814));
#8335 = VECTOR('',#8336,1.);
#8336 = DIRECTION('',(0.,1.,3.330669073875E-16));
#8337 = PLANE('',#8338);
#8338 = AXIS2_PLACEMENT_3D('',#8339,#8340,#8341);
#8339 = CARTESIAN_POINT('',(0.15,-0.35,-2.5));
#8340 = DIRECTION('',(0.957826285221,-9.570607158995E-17,0.287347885566)
  );
#8341 = DIRECTION('',(-0.287347885566,-5.31700397722E-16,0.957826285221)
  );
#8342 = ADVANCED_FACE('',(#8343),#8349,.F.);
#8343 = FACE_BOUND('',#8344,.F.);
#8344 = EDGE_LOOP('',(#8345,#8346,#8347,#8348));
#8345 = ORIENTED_EDGE('',*,*,#8313,.T.);
#8346 = ORIENTED_EDGE('',*,*,#6840,.T.);
#8347 = ORIENTED_EDGE('',*,*,#8332,.F.);
#8348 = ORIENTED_EDGE('',*,*,#7014,.F.);
#8349 = CYLINDRICAL_SURFACE('',#8350,0.29);
#8350 = AXIS2_PLACEMENT_3D('',#8351,#8352,#8353);
#8351 = CARTESIAN_POINT('',(0.152768888758,-0.35,-1.5));
#8352 = DIRECTION('',(0.,1.,3.330669073875E-16));
#8353 = DIRECTION('',(-0.957826285221,-9.570607158983E-17,0.287347885566
    ));
#8354 = ADVANCED_FACE('',(#8355),#8371,.T.);
#8355 = FACE_BOUND('',#8356,.T.);
#8356 = EDGE_LOOP('',(#8357,#8358,#8364,#8365));
#8357 = ORIENTED_EDGE('',*,*,#7080,.F.);
#8358 = ORIENTED_EDGE('',*,*,#8359,.T.);
#8359 = EDGE_CURVE('',#7081,#7231,#8360,.T.);
#8360 = LINE('',#8361,#8362);
#8361 = CARTESIAN_POINT('',(-0.162230377286,-4.85,-0.540767924286));
#8362 = VECTOR('',#8363,1.);
#8363 = DIRECTION('',(0.,1.,3.330669073875E-16));
#8364 = ORIENTED_EDGE('',*,*,#7230,.T.);
#8365 = ORIENTED_EDGE('',*,*,#8366,.F.);
#8366 = EDGE_CURVE('',#7083,#7233,#8367,.T.);
#8367 = LINE('',#8368,#8369);
#8368 = CARTESIAN_POINT('',(-0.425000733956,-4.85,-1.416669113186));
#8369 = VECTOR('',#8370,1.);
#8370 = DIRECTION('',(0.,1.,3.330669073875E-16));
#8371 = PLANE('',#8372);
#8372 = AXIS2_PLACEMENT_3D('',#8373,#8374,#8375);
#8373 = CARTESIAN_POINT('',(-0.15,-4.85,-0.5));
#8374 = DIRECTION('',(-0.957826285221,-9.570607158995E-17,0.287347885566
    ));
#8375 = DIRECTION('',(-0.287347885566,5.31700397722E-16,-0.957826285221)
  );
#8376 = ADVANCED_FACE('',(#8377),#8388,.F.);
#8377 = FACE_BOUND('',#8378,.F.);
#8378 = EDGE_LOOP('',(#8379,#8380,#8381,#8387));
#8379 = ORIENTED_EDGE('',*,*,#8359,.T.);
#8380 = ORIENTED_EDGE('',*,*,#7365,.T.);
#8381 = ORIENTED_EDGE('',*,*,#8382,.F.);
#8382 = EDGE_CURVE('',#7208,#7358,#8383,.T.);
#8383 = LINE('',#8384,#8385);
#8384 = CARTESIAN_POINT('',(-0.15,-4.85,-0.457437037472));
#8385 = VECTOR('',#8386,1.);
#8386 = DIRECTION('',(0.,1.,3.330669073875E-16));
#8387 = ORIENTED_EDGE('',*,*,#7215,.F.);
#8388 = CYLINDRICAL_SURFACE('',#8389,0.29);
#8389 = AXIS2_PLACEMENT_3D('',#8390,#8391,#8392);
#8390 = CARTESIAN_POINT('',(-0.44,-4.85,-0.457437037472));
#8391 = DIRECTION('',(0.,1.,3.330669073875E-16));
#8392 = DIRECTION('',(0.957826285221,9.570607158983E-17,-0.287347885566)
  );
#8393 = ADVANCED_FACE('',(#8394),#8405,.T.);
#8394 = FACE_BOUND('',#8395,.T.);
#8395 = EDGE_LOOP('',(#8396,#8397,#8398,#8404));
#8396 = ORIENTED_EDGE('',*,*,#8366,.T.);
#8397 = ORIENTED_EDGE('',*,*,#7240,.T.);
#8398 = ORIENTED_EDGE('',*,*,#8399,.F.);
#8399 = EDGE_CURVE('',#7091,#7241,#8400,.T.);
#8400 = LINE('',#8401,#8402);
#8401 = CARTESIAN_POINT('',(-0.425000733956,-4.85,-1.583330886814));
#8402 = VECTOR('',#8403,1.);
#8403 = DIRECTION('',(0.,1.,3.330669073875E-16));
#8404 = ORIENTED_EDGE('',*,*,#7090,.F.);
#8405 = CYLINDRICAL_SURFACE('',#8406,0.29);
#8406 = AXIS2_PLACEMENT_3D('',#8407,#8408,#8409);
#8407 = CARTESIAN_POINT('',(-0.147231111242,-4.85,-1.5));
#8408 = DIRECTION('',(0.,1.,3.330669073875E-16));
#8409 = DIRECTION('',(-0.957826285221,-9.570607158983E-17,0.287347885566
    ));
#8410 = ADVANCED_FACE('',(#8411),#8422,.F.);
#8411 = FACE_BOUND('',#8412,.F.);
#8412 = EDGE_LOOP('',(#8413,#8414,#8415,#8416));
#8413 = ORIENTED_EDGE('',*,*,#7207,.F.);
#8414 = ORIENTED_EDGE('',*,*,#8382,.T.);
#8415 = ORIENTED_EDGE('',*,*,#7357,.T.);
#8416 = ORIENTED_EDGE('',*,*,#8417,.F.);
#8417 = EDGE_CURVE('',#7199,#7349,#8418,.T.);
#8418 = LINE('',#8419,#8420);
#8419 = CARTESIAN_POINT('',(-0.15,-4.85,1.21));
#8420 = VECTOR('',#8421,1.);
#8421 = DIRECTION('',(0.,1.,3.330669073875E-16));
#8422 = PLANE('',#8423);
#8423 = AXIS2_PLACEMENT_3D('',#8424,#8425,#8426);
#8424 = CARTESIAN_POINT('',(-0.15,-4.85,-0.5));
#8425 = DIRECTION('',(1.,0.,0.));
#8426 = DIRECTION('',(0.,-5.551115123126E-16,1.));
#8427 = ADVANCED_FACE('',(#8428),#8439,.T.);
#8428 = FACE_BOUND('',#8429,.T.);
#8429 = EDGE_LOOP('',(#8430,#8431,#8432,#8433));
#8430 = ORIENTED_EDGE('',*,*,#7099,.F.);
#8431 = ORIENTED_EDGE('',*,*,#8399,.T.);
#8432 = ORIENTED_EDGE('',*,*,#7249,.T.);
#8433 = ORIENTED_EDGE('',*,*,#8434,.F.);
#8434 = EDGE_CURVE('',#7100,#7250,#8435,.T.);
#8435 = LINE('',#8436,#8437);
#8436 = CARTESIAN_POINT('',(-0.162230377286,-4.85,-2.459232075714));
#8437 = VECTOR('',#8438,1.);
#8438 = DIRECTION('',(0.,1.,3.330669073875E-16));
#8439 = PLANE('',#8440);
#8440 = AXIS2_PLACEMENT_3D('',#8441,#8442,#8443);
#8441 = CARTESIAN_POINT('',(-0.45,-4.85,-1.5));
#8442 = DIRECTION('',(-0.957826285221,9.570607158995E-17,-0.287347885566
    ));
#8443 = DIRECTION('',(0.287347885566,5.31700397722E-16,-0.957826285221)
  );
#8444 = ADVANCED_FACE('',(#8445),#8451,.T.);
#8445 = FACE_BOUND('',#8446,.T.);
#8446 = EDGE_LOOP('',(#8447,#8448,#8449,#8450));
#8447 = ORIENTED_EDGE('',*,*,#7198,.T.);
#8448 = ORIENTED_EDGE('',*,*,#7381,.T.);
#8449 = ORIENTED_EDGE('',*,*,#7348,.F.);
#8450 = ORIENTED_EDGE('',*,*,#8417,.F.);
#8451 = CYLINDRICAL_SURFACE('',#8452,0.29);
#8452 = AXIS2_PLACEMENT_3D('',#8453,#8454,#8455);
#8453 = CARTESIAN_POINT('',(0.14,-4.85,1.21));
#8454 = DIRECTION('',(0.,1.,3.330669073875E-16));
#8455 = DIRECTION('',(-1.,0.,0.));
#8456 = ADVANCED_FACE('',(#8457),#8468,.F.);
#8457 = FACE_BOUND('',#8458,.F.);
#8458 = EDGE_LOOP('',(#8459,#8465,#8466,#8467));
#8459 = ORIENTED_EDGE('',*,*,#8460,.T.);
#8460 = EDGE_CURVE('',#7108,#7258,#8461,.T.);
#8461 = LINE('',#8462,#8463);
#8462 = CARTESIAN_POINT('',(-0.15,-4.85,-2.542562962528));
#8463 = VECTOR('',#8464,1.);
#8464 = DIRECTION('',(0.,1.,3.330669073875E-16));
#8465 = ORIENTED_EDGE('',*,*,#7257,.T.);
#8466 = ORIENTED_EDGE('',*,*,#8434,.F.);
#8467 = ORIENTED_EDGE('',*,*,#7107,.F.);
#8468 = CYLINDRICAL_SURFACE('',#8469,0.29);
#8469 = AXIS2_PLACEMENT_3D('',#8470,#8471,#8472);
#8470 = CARTESIAN_POINT('',(-0.44,-4.85,-2.542562962528));
#8471 = DIRECTION('',(0.,1.,3.330669073875E-16));
#8472 = DIRECTION('',(1.,0.,-0.));
#8473 = ADVANCED_FACE('',(#8474),#8485,.F.);
#8474 = FACE_BOUND('',#8475,.F.);
#8475 = EDGE_LOOP('',(#8476,#8477,#8483,#8484));
#8476 = ORIENTED_EDGE('',*,*,#7116,.F.);
#8477 = ORIENTED_EDGE('',*,*,#8478,.T.);
#8478 = EDGE_CURVE('',#7117,#7267,#8479,.T.);
#8479 = LINE('',#8480,#8481);
#8480 = CARTESIAN_POINT('',(-0.15,-4.85,-3.5));
#8481 = VECTOR('',#8482,1.);
#8482 = DIRECTION('',(0.,1.,3.330669073875E-16));
#8483 = ORIENTED_EDGE('',*,*,#7266,.T.);
#8484 = ORIENTED_EDGE('',*,*,#8460,.F.);
#8485 = PLANE('',#8486);
#8486 = AXIS2_PLACEMENT_3D('',#8487,#8488,#8489);
#8487 = CARTESIAN_POINT('',(-0.15,-4.85,-3.5));
#8488 = DIRECTION('',(1.,0.,0.));
#8489 = DIRECTION('',(0.,-5.551115123126E-16,1.));
#8490 = ADVANCED_FACE('',(#8491),#8502,.F.);
#8491 = FACE_BOUND('',#8492,.F.);
#8492 = EDGE_LOOP('',(#8493,#8499,#8500,#8501));
#8493 = ORIENTED_EDGE('',*,*,#8494,.T.);
#8494 = EDGE_CURVE('',#7125,#7275,#8495,.T.);
#8495 = LINE('',#8496,#8497);
#8496 = CARTESIAN_POINT('',(0.15,-4.85,-3.5));
#8497 = VECTOR('',#8498,1.);
#8498 = DIRECTION('',(0.,1.,3.330669073875E-16));
#8499 = ORIENTED_EDGE('',*,*,#7274,.T.);
#8500 = ORIENTED_EDGE('',*,*,#8478,.F.);
#8501 = ORIENTED_EDGE('',*,*,#7124,.F.);
#8502 = PLANE('',#8503);
#8503 = AXIS2_PLACEMENT_3D('',#8504,#8505,#8506);
#8504 = CARTESIAN_POINT('',(0.15,-4.85,-3.5));
#8505 = DIRECTION('',(0.,-3.330669073875E-16,1.));
#8506 = DIRECTION('',(-1.,0.,0.));
#8507 = ADVANCED_FACE('',(#8508),#8519,.F.);
#8508 = FACE_BOUND('',#8509,.F.);
#8509 = EDGE_LOOP('',(#8510,#8511,#8517,#8518));
#8510 = ORIENTED_EDGE('',*,*,#7132,.F.);
#8511 = ORIENTED_EDGE('',*,*,#8512,.T.);
#8512 = EDGE_CURVE('',#7133,#7283,#8513,.T.);
#8513 = LINE('',#8514,#8515);
#8514 = CARTESIAN_POINT('',(0.15,-4.85,-2.542562962528));
#8515 = VECTOR('',#8516,1.);
#8516 = DIRECTION('',(0.,1.,3.330669073875E-16));
#8517 = ORIENTED_EDGE('',*,*,#7282,.T.);
#8518 = ORIENTED_EDGE('',*,*,#8494,.F.);
#8519 = PLANE('',#8520);
#8520 = AXIS2_PLACEMENT_3D('',#8521,#8522,#8523);
#8521 = CARTESIAN_POINT('',(0.15,-4.85,-2.5));
#8522 = DIRECTION('',(-1.,0.,-0.));
#8523 = DIRECTION('',(0.,5.551115123126E-16,-1.));
#8524 = ADVANCED_FACE('',(#8525),#8536,.T.);
#8525 = FACE_BOUND('',#8526,.T.);
#8526 = EDGE_LOOP('',(#8527,#8528,#8534,#8535));
#8527 = ORIENTED_EDGE('',*,*,#7174,.T.);
#8528 = ORIENTED_EDGE('',*,*,#8529,.T.);
#8529 = EDGE_CURVE('',#7167,#7317,#8530,.T.);
#8530 = LINE('',#8531,#8532);
#8531 = CARTESIAN_POINT('',(0.137769622714,-4.85,-0.540767924286));
#8532 = VECTOR('',#8533,1.);
#8533 = DIRECTION('',(0.,1.,3.330669073875E-16));
#8534 = ORIENTED_EDGE('',*,*,#7324,.F.);
#8535 = ORIENTED_EDGE('',*,*,#8043,.F.);
#8536 = CYLINDRICAL_SURFACE('',#8537,0.29);
#8537 = AXIS2_PLACEMENT_3D('',#8538,#8539,#8540);
#8538 = CARTESIAN_POINT('',(-0.14,-4.85,-0.457437037472));
#8539 = DIRECTION('',(0.,1.,3.330669073875E-16));
#8540 = DIRECTION('',(1.,0.,-0.));
#8541 = ADVANCED_FACE('',(#8542),#8553,.T.);
#8542 = FACE_BOUND('',#8543,.T.);
#8543 = EDGE_LOOP('',(#8544,#8545,#8546,#8547));
#8544 = ORIENTED_EDGE('',*,*,#7140,.T.);
#8545 = ORIENTED_EDGE('',*,*,#8512,.T.);
#8546 = ORIENTED_EDGE('',*,*,#7290,.F.);
#8547 = ORIENTED_EDGE('',*,*,#8548,.F.);
#8548 = EDGE_CURVE('',#7141,#7291,#8549,.T.);
#8549 = LINE('',#8550,#8551);
#8550 = CARTESIAN_POINT('',(0.137769622714,-4.85,-2.459232075714));
#8551 = VECTOR('',#8552,1.);
#8552 = DIRECTION('',(0.,1.,3.330669073875E-16));
#8553 = CYLINDRICAL_SURFACE('',#8554,0.29);
#8554 = AXIS2_PLACEMENT_3D('',#8555,#8556,#8557);
#8555 = CARTESIAN_POINT('',(-0.14,-4.85,-2.542562962528));
#8556 = DIRECTION('',(0.,1.,3.330669073875E-16));
#8557 = DIRECTION('',(0.957826285221,-9.570607158983E-17,0.287347885566)
  );
#8558 = ADVANCED_FACE('',(#8559),#8570,.T.);
#8559 = FACE_BOUND('',#8560,.T.);
#8560 = EDGE_LOOP('',(#8561,#8562,#8568,#8569));
#8561 = ORIENTED_EDGE('',*,*,#7166,.F.);
#8562 = ORIENTED_EDGE('',*,*,#8563,.T.);
#8563 = EDGE_CURVE('',#7158,#7308,#8564,.T.);
#8564 = LINE('',#8565,#8566);
#8565 = CARTESIAN_POINT('',(-0.125000733956,-4.85,-1.416669113186));
#8566 = VECTOR('',#8567,1.);
#8567 = DIRECTION('',(0.,1.,3.330669073875E-16));
#8568 = ORIENTED_EDGE('',*,*,#7316,.T.);
#8569 = ORIENTED_EDGE('',*,*,#8529,.F.);
#8570 = PLANE('',#8571);
#8571 = AXIS2_PLACEMENT_3D('',#8572,#8573,#8574);
#8572 = CARTESIAN_POINT('',(-0.15,-4.85,-1.5));
#8573 = DIRECTION('',(0.957826285221,9.570607158995E-17,-0.287347885566)
  );
#8574 = DIRECTION('',(0.287347885566,-5.31700397722E-16,0.957826285221)
  );
#8575 = ADVANCED_FACE('',(#8576),#8587,.T.);
#8576 = FACE_BOUND('',#8577,.T.);
#8577 = EDGE_LOOP('',(#8578,#8579,#8580,#8581));
#8578 = ORIENTED_EDGE('',*,*,#7149,.F.);
#8579 = ORIENTED_EDGE('',*,*,#8548,.T.);
#8580 = ORIENTED_EDGE('',*,*,#7299,.T.);
#8581 = ORIENTED_EDGE('',*,*,#8582,.F.);
#8582 = EDGE_CURVE('',#7150,#7300,#8583,.T.);
#8583 = LINE('',#8584,#8585);
#8584 = CARTESIAN_POINT('',(-0.125000733956,-4.85,-1.583330886814));
#8585 = VECTOR('',#8586,1.);
#8586 = DIRECTION('',(0.,1.,3.330669073875E-16));
#8587 = PLANE('',#8588);
#8588 = AXIS2_PLACEMENT_3D('',#8589,#8590,#8591);
#8589 = CARTESIAN_POINT('',(0.15,-4.85,-2.5));
#8590 = DIRECTION('',(0.957826285221,-9.570607158995E-17,0.287347885566)
  );
#8591 = DIRECTION('',(-0.287347885566,-5.31700397722E-16,0.957826285221)
  );
#8592 = ADVANCED_FACE('',(#8593),#8599,.F.);
#8593 = FACE_BOUND('',#8594,.F.);
#8594 = EDGE_LOOP('',(#8595,#8596,#8597,#8598));
#8595 = ORIENTED_EDGE('',*,*,#8563,.T.);
#8596 = ORIENTED_EDGE('',*,*,#7307,.T.);
#8597 = ORIENTED_EDGE('',*,*,#8582,.F.);
#8598 = ORIENTED_EDGE('',*,*,#7157,.F.);
#8599 = CYLINDRICAL_SURFACE('',#8600,0.29);
#8600 = AXIS2_PLACEMENT_3D('',#8601,#8602,#8603);
#8601 = CARTESIAN_POINT('',(0.152768888758,-4.85,-1.5));
#8602 = DIRECTION('',(0.,1.,3.330669073875E-16));
#8603 = DIRECTION('',(-0.957826285221,-9.570607158983E-17,0.287347885566
    ));
#8604 = ADVANCED_FACE('',(#8605),#8621,.F.);
#8605 = FACE_BOUND('',#8606,.F.);
#8606 = EDGE_LOOP('',(#8607,#8608,#8614,#8615));
#8607 = ORIENTED_EDGE('',*,*,#7397,.F.);
#8608 = ORIENTED_EDGE('',*,*,#8609,.T.);
#8609 = EDGE_CURVE('',#7398,#7572,#8610,.T.);
#8610 = LINE('',#8611,#8612);
#8611 = CARTESIAN_POINT('',(6.462230377286,-4.85,-0.540767924286));
#8612 = VECTOR('',#8613,1.);
#8613 = DIRECTION('',(0.,1.,3.330669073875E-16));
#8614 = ORIENTED_EDGE('',*,*,#7571,.T.);
#8615 = ORIENTED_EDGE('',*,*,#8616,.F.);
#8616 = EDGE_CURVE('',#7400,#7574,#8617,.T.);
#8617 = LINE('',#8618,#8619);
#8618 = CARTESIAN_POINT('',(6.725000733956,-4.85,-1.416669113186));
#8619 = VECTOR('',#8620,1.);
#8620 = DIRECTION('',(0.,1.,3.330669073875E-16));
#8621 = PLANE('',#8622);
#8622 = AXIS2_PLACEMENT_3D('',#8623,#8624,#8625);
#8623 = CARTESIAN_POINT('',(6.45,-4.85,-0.5));
#8624 = DIRECTION('',(-0.957826285221,9.570607158995E-17,-0.287347885566
    ));
#8625 = DIRECTION('',(0.287347885566,5.31700397722E-16,-0.957826285221)
  );
#8626 = ADVANCED_FACE('',(#8627),#8638,.F.);
#8627 = FACE_BOUND('',#8628,.F.);
#8628 = EDGE_LOOP('',(#8629,#8630,#8636,#8637));
#8629 = ORIENTED_EDGE('',*,*,#7532,.T.);
#8630 = ORIENTED_EDGE('',*,*,#8631,.T.);
#8631 = EDGE_CURVE('',#7525,#7692,#8632,.T.);
#8632 = LINE('',#8633,#8634);
#8633 = CARTESIAN_POINT('',(6.45,-4.85,-0.457437037472));
#8634 = VECTOR('',#8635,1.);
#8635 = DIRECTION('',(0.,1.,3.330669073875E-16));
#8636 = ORIENTED_EDGE('',*,*,#7699,.F.);
#8637 = ORIENTED_EDGE('',*,*,#8609,.F.);
#8638 = CYLINDRICAL_SURFACE('',#8639,0.29);
#8639 = AXIS2_PLACEMENT_3D('',#8640,#8641,#8642);
#8640 = CARTESIAN_POINT('',(6.74,-4.85,-0.457437037472));
#8641 = DIRECTION('',(0.,1.,3.330669073875E-16));
#8642 = DIRECTION('',(-0.957826285221,9.570607158983E-17,-0.287347885566
    ));
#8643 = ADVANCED_FACE('',(#8644),#8655,.T.);
#8644 = FACE_BOUND('',#8645,.T.);
#8645 = EDGE_LOOP('',(#8646,#8647,#8653,#8654));
#8646 = ORIENTED_EDGE('',*,*,#7407,.T.);
#8647 = ORIENTED_EDGE('',*,*,#8648,.T.);
#8648 = EDGE_CURVE('',#7408,#7582,#8649,.T.);
#8649 = LINE('',#8650,#8651);
#8650 = CARTESIAN_POINT('',(6.725000733956,-4.85,-1.583330886814));
#8651 = VECTOR('',#8652,1.);
#8652 = DIRECTION('',(0.,1.,3.330669073875E-16));
#8653 = ORIENTED_EDGE('',*,*,#7581,.F.);
#8654 = ORIENTED_EDGE('',*,*,#8616,.F.);
#8655 = CYLINDRICAL_SURFACE('',#8656,0.29);
#8656 = AXIS2_PLACEMENT_3D('',#8657,#8658,#8659);
#8657 = CARTESIAN_POINT('',(6.447231111242,-4.85,-1.5));
#8658 = DIRECTION('',(0.,1.,3.330669073875E-16));
#8659 = DIRECTION('',(0.957826285221,-9.570607158983E-17,0.287347885566)
  );
#8660 = ADVANCED_FACE('',(#8661),#8672,.T.);
#8661 = FACE_BOUND('',#8662,.T.);
#8662 = EDGE_LOOP('',(#8663,#8664,#8665,#8666));
#8663 = ORIENTED_EDGE('',*,*,#7524,.F.);
#8664 = ORIENTED_EDGE('',*,*,#8631,.T.);
#8665 = ORIENTED_EDGE('',*,*,#7691,.T.);
#8666 = ORIENTED_EDGE('',*,*,#8667,.F.);
#8667 = EDGE_CURVE('',#7516,#7683,#8668,.T.);
#8668 = LINE('',#8669,#8670);
#8669 = CARTESIAN_POINT('',(6.45,-4.85,1.21));
#8670 = VECTOR('',#8671,1.);
#8671 = DIRECTION('',(0.,1.,3.330669073875E-16));
#8672 = PLANE('',#8673);
#8673 = AXIS2_PLACEMENT_3D('',#8674,#8675,#8676);
#8674 = CARTESIAN_POINT('',(6.45,-4.85,-0.5));
#8675 = DIRECTION('',(1.,0.,0.));
#8676 = DIRECTION('',(0.,-5.551115123126E-16,1.));
#8677 = ADVANCED_FACE('',(#8678),#8689,.F.);
#8678 = FACE_BOUND('',#8679,.F.);
#8679 = EDGE_LOOP('',(#8680,#8681,#8682,#8683));
#8680 = ORIENTED_EDGE('',*,*,#7416,.F.);
#8681 = ORIENTED_EDGE('',*,*,#8648,.T.);
#8682 = ORIENTED_EDGE('',*,*,#7590,.T.);
#8683 = ORIENTED_EDGE('',*,*,#8684,.F.);
#8684 = EDGE_CURVE('',#7417,#7591,#8685,.T.);
#8685 = LINE('',#8686,#8687);
#8686 = CARTESIAN_POINT('',(6.462230377286,-4.85,-2.459232075714));
#8687 = VECTOR('',#8688,1.);
#8688 = DIRECTION('',(0.,1.,3.330669073875E-16));
#8689 = PLANE('',#8690);
#8690 = AXIS2_PLACEMENT_3D('',#8691,#8692,#8693);
#8691 = CARTESIAN_POINT('',(6.75,-4.85,-1.5));
#8692 = DIRECTION('',(-0.957826285221,-9.570607158995E-17,0.287347885566
    ));
#8693 = DIRECTION('',(-0.287347885566,5.31700397722E-16,-0.957826285221)
  );
#8694 = ADVANCED_FACE('',(#8695),#8701,.T.);
#8695 = FACE_BOUND('',#8696,.T.);
#8696 = EDGE_LOOP('',(#8697,#8698,#8699,#8700));
#8697 = ORIENTED_EDGE('',*,*,#8667,.T.);
#8698 = ORIENTED_EDGE('',*,*,#7682,.T.);
#8699 = ORIENTED_EDGE('',*,*,#7548,.F.);
#8700 = ORIENTED_EDGE('',*,*,#7515,.F.);
#8701 = CYLINDRICAL_SURFACE('',#8702,0.29);
#8702 = AXIS2_PLACEMENT_3D('',#8703,#8704,#8705);
#8703 = CARTESIAN_POINT('',(6.16,-4.85,1.21));
#8704 = DIRECTION('',(0.,1.,3.330669073875E-16));
#8705 = DIRECTION('',(1.,0.,-0.));
#8706 = ADVANCED_FACE('',(#8707),#8718,.F.);
#8707 = FACE_BOUND('',#8708,.F.);
#8708 = EDGE_LOOP('',(#8709,#8710,#8711,#8712));
#8709 = ORIENTED_EDGE('',*,*,#7424,.T.);
#8710 = ORIENTED_EDGE('',*,*,#8684,.T.);
#8711 = ORIENTED_EDGE('',*,*,#7598,.F.);
#8712 = ORIENTED_EDGE('',*,*,#8713,.F.);
#8713 = EDGE_CURVE('',#7425,#7599,#8714,.T.);
#8714 = LINE('',#8715,#8716);
#8715 = CARTESIAN_POINT('',(6.45,-4.85,-2.542562962528));
#8716 = VECTOR('',#8717,1.);
#8717 = DIRECTION('',(0.,1.,3.330669073875E-16));
#8718 = CYLINDRICAL_SURFACE('',#8719,0.29);
#8719 = AXIS2_PLACEMENT_3D('',#8720,#8721,#8722);
#8720 = CARTESIAN_POINT('',(6.74,-4.85,-2.542562962528));
#8721 = DIRECTION('',(0.,1.,3.330669073875E-16));
#8722 = DIRECTION('',(-1.,0.,0.));
#8723 = ADVANCED_FACE('',(#8724),#8735,.T.);
#8724 = FACE_BOUND('',#8725,.T.);
#8725 = EDGE_LOOP('',(#8726,#8727,#8733,#8734));
#8726 = ORIENTED_EDGE('',*,*,#7433,.F.);
#8727 = ORIENTED_EDGE('',*,*,#8728,.T.);
#8728 = EDGE_CURVE('',#7434,#7608,#8729,.T.);
#8729 = LINE('',#8730,#8731);
#8730 = CARTESIAN_POINT('',(6.45,-4.85,-3.5));
#8731 = VECTOR('',#8732,1.);
#8732 = DIRECTION('',(0.,1.,3.330669073875E-16));
#8733 = ORIENTED_EDGE('',*,*,#7607,.T.);
#8734 = ORIENTED_EDGE('',*,*,#8713,.F.);
#8735 = PLANE('',#8736);
#8736 = AXIS2_PLACEMENT_3D('',#8737,#8738,#8739);
#8737 = CARTESIAN_POINT('',(6.45,-4.85,-3.5));
#8738 = DIRECTION('',(1.,0.,0.));
#8739 = DIRECTION('',(0.,-5.551115123126E-16,1.));
#8740 = ADVANCED_FACE('',(#8741),#8752,.T.);
#8741 = FACE_BOUND('',#8742,.T.);
#8742 = EDGE_LOOP('',(#8743,#8749,#8750,#8751));
#8743 = ORIENTED_EDGE('',*,*,#8744,.T.);
#8744 = EDGE_CURVE('',#7442,#7616,#8745,.T.);
#8745 = LINE('',#8746,#8747);
#8746 = CARTESIAN_POINT('',(6.15,-4.85,-3.5));
#8747 = VECTOR('',#8748,1.);
#8748 = DIRECTION('',(0.,1.,3.330669073875E-16));
#8749 = ORIENTED_EDGE('',*,*,#7615,.T.);
#8750 = ORIENTED_EDGE('',*,*,#8728,.F.);
#8751 = ORIENTED_EDGE('',*,*,#7441,.F.);
#8752 = PLANE('',#8753);
#8753 = AXIS2_PLACEMENT_3D('',#8754,#8755,#8756);
#8754 = CARTESIAN_POINT('',(6.15,-4.85,-3.5));
#8755 = DIRECTION('',(0.,3.330669073875E-16,-1.));
#8756 = DIRECTION('',(1.,0.,0.));
#8757 = ADVANCED_FACE('',(#8758),#8769,.T.);
#8758 = FACE_BOUND('',#8759,.T.);
#8759 = EDGE_LOOP('',(#8760,#8761,#8767,#8768));
#8760 = ORIENTED_EDGE('',*,*,#7449,.F.);
#8761 = ORIENTED_EDGE('',*,*,#8762,.T.);
#8762 = EDGE_CURVE('',#7450,#7624,#8763,.T.);
#8763 = LINE('',#8764,#8765);
#8764 = CARTESIAN_POINT('',(6.15,-4.85,-2.542562962528));
#8765 = VECTOR('',#8766,1.);
#8766 = DIRECTION('',(0.,1.,3.330669073875E-16));
#8767 = ORIENTED_EDGE('',*,*,#7623,.T.);
#8768 = ORIENTED_EDGE('',*,*,#8744,.F.);
#8769 = PLANE('',#8770);
#8770 = AXIS2_PLACEMENT_3D('',#8771,#8772,#8773);
#8771 = CARTESIAN_POINT('',(6.15,-4.85,-2.5));
#8772 = DIRECTION('',(-1.,0.,-0.));
#8773 = DIRECTION('',(0.,5.551115123126E-16,-1.));
#8774 = ADVANCED_FACE('',(#8775),#8786,.T.);
#8775 = FACE_BOUND('',#8776,.T.);
#8776 = EDGE_LOOP('',(#8777,#8778,#8779,#8785));
#8777 = ORIENTED_EDGE('',*,*,#8060,.T.);
#8778 = ORIENTED_EDGE('',*,*,#7665,.T.);
#8779 = ORIENTED_EDGE('',*,*,#8780,.F.);
#8780 = EDGE_CURVE('',#7484,#7658,#8781,.T.);
#8781 = LINE('',#8782,#8783);
#8782 = CARTESIAN_POINT('',(6.162230377286,-4.85,-0.540767924286));
#8783 = VECTOR('',#8784,1.);
#8784 = DIRECTION('',(0.,1.,3.330669073875E-16));
#8785 = ORIENTED_EDGE('',*,*,#7491,.F.);
#8786 = CYLINDRICAL_SURFACE('',#8787,0.29);
#8787 = AXIS2_PLACEMENT_3D('',#8788,#8789,#8790);
#8788 = CARTESIAN_POINT('',(6.44,-4.85,-0.457437037472));
#8789 = DIRECTION('',(0.,1.,3.330669073875E-16));
#8790 = DIRECTION('',(-1.,0.,0.));
#8791 = ADVANCED_FACE('',(#8792),#8803,.T.);
#8792 = FACE_BOUND('',#8793,.T.);
#8793 = EDGE_LOOP('',(#8794,#8800,#8801,#8802));
#8794 = ORIENTED_EDGE('',*,*,#8795,.T.);
#8795 = EDGE_CURVE('',#7458,#7632,#8796,.T.);
#8796 = LINE('',#8797,#8798);
#8797 = CARTESIAN_POINT('',(6.162230377286,-4.85,-2.459232075714));
#8798 = VECTOR('',#8799,1.);
#8799 = DIRECTION('',(0.,1.,3.330669073875E-16));
#8800 = ORIENTED_EDGE('',*,*,#7631,.T.);
#8801 = ORIENTED_EDGE('',*,*,#8762,.F.);
#8802 = ORIENTED_EDGE('',*,*,#7457,.F.);
#8803 = CYLINDRICAL_SURFACE('',#8804,0.29);
#8804 = AXIS2_PLACEMENT_3D('',#8805,#8806,#8807);
#8805 = CARTESIAN_POINT('',(6.44,-4.85,-2.542562962528));
#8806 = DIRECTION('',(0.,1.,3.330669073875E-16));
#8807 = DIRECTION('',(-0.957826285221,-9.570607158983E-17,0.287347885566
    ));
#8808 = ADVANCED_FACE('',(#8809),#8820,.F.);
#8809 = FACE_BOUND('',#8810,.F.);
#8810 = EDGE_LOOP('',(#8811,#8812,#8818,#8819));
#8811 = ORIENTED_EDGE('',*,*,#7483,.F.);
#8812 = ORIENTED_EDGE('',*,*,#8813,.T.);
#8813 = EDGE_CURVE('',#7475,#7649,#8814,.T.);
#8814 = LINE('',#8815,#8816);
#8815 = CARTESIAN_POINT('',(6.425000733956,-4.85,-1.416669113186));
#8816 = VECTOR('',#8817,1.);
#8817 = DIRECTION('',(0.,1.,3.330669073875E-16));
#8818 = ORIENTED_EDGE('',*,*,#7657,.T.);
#8819 = ORIENTED_EDGE('',*,*,#8780,.F.);
#8820 = PLANE('',#8821);
#8821 = AXIS2_PLACEMENT_3D('',#8822,#8823,#8824);
#8822 = CARTESIAN_POINT('',(6.45,-4.85,-1.5));
#8823 = DIRECTION('',(0.957826285221,-9.570607158995E-17,0.287347885566)
  );
#8824 = DIRECTION('',(-0.287347885566,-5.31700397722E-16,0.957826285221)
  );
#8825 = ADVANCED_FACE('',(#8826),#8837,.F.);
#8826 = FACE_BOUND('',#8827,.F.);
#8827 = EDGE_LOOP('',(#8828,#8829,#8830,#8831));
#8828 = ORIENTED_EDGE('',*,*,#7466,.F.);
#8829 = ORIENTED_EDGE('',*,*,#8795,.T.);
#8830 = ORIENTED_EDGE('',*,*,#7640,.T.);
#8831 = ORIENTED_EDGE('',*,*,#8832,.F.);
#8832 = EDGE_CURVE('',#7467,#7641,#8833,.T.);
#8833 = LINE('',#8834,#8835);
#8834 = CARTESIAN_POINT('',(6.425000733956,-4.85,-1.583330886814));
#8835 = VECTOR('',#8836,1.);
#8836 = DIRECTION('',(0.,1.,3.330669073875E-16));
#8837 = PLANE('',#8838);
#8838 = AXIS2_PLACEMENT_3D('',#8839,#8840,#8841);
#8839 = CARTESIAN_POINT('',(6.15,-4.85,-2.5));
#8840 = DIRECTION('',(0.957826285221,9.570607158995E-17,-0.287347885566)
  );
#8841 = DIRECTION('',(0.287347885566,-5.31700397722E-16,0.957826285221)
  );
#8842 = ADVANCED_FACE('',(#8843),#8849,.F.);
#8843 = FACE_BOUND('',#8844,.F.);
#8844 = EDGE_LOOP('',(#8845,#8846,#8847,#8848));
#8845 = ORIENTED_EDGE('',*,*,#7474,.T.);
#8846 = ORIENTED_EDGE('',*,*,#8832,.T.);
#8847 = ORIENTED_EDGE('',*,*,#7648,.F.);
#8848 = ORIENTED_EDGE('',*,*,#8813,.F.);
#8849 = CYLINDRICAL_SURFACE('',#8850,0.29);
#8850 = AXIS2_PLACEMENT_3D('',#8851,#8852,#8853);
#8851 = CARTESIAN_POINT('',(6.147231111242,-4.85,-1.5));
#8852 = DIRECTION('',(0.,1.,3.330669073875E-16));
#8853 = DIRECTION('',(0.957826285221,-9.570607158983E-17,0.287347885566)
  );
#8854 = ADVANCED_FACE('',(#8855),#8871,.F.);
#8855 = FACE_BOUND('',#8856,.F.);
#8856 = EDGE_LOOP('',(#8857,#8858,#8864,#8865));
#8857 = ORIENTED_EDGE('',*,*,#7864,.F.);
#8858 = ORIENTED_EDGE('',*,*,#8859,.T.);
#8859 = EDGE_CURVE('',#7865,#7715,#8860,.T.);
#8860 = LINE('',#8861,#8862);
#8861 = CARTESIAN_POINT('',(6.462230377286,-0.35,-0.540767924286));
#8862 = VECTOR('',#8863,1.);
#8863 = DIRECTION('',(0.,1.,3.330669073875E-16));
#8864 = ORIENTED_EDGE('',*,*,#7714,.T.);
#8865 = ORIENTED_EDGE('',*,*,#8866,.F.);
#8866 = EDGE_CURVE('',#7867,#7717,#8867,.T.);
#8867 = LINE('',#8868,#8869);
#8868 = CARTESIAN_POINT('',(6.725000733956,-0.35,-1.416669113186));
#8869 = VECTOR('',#8870,1.);
#8870 = DIRECTION('',(0.,1.,3.330669073875E-16));
#8871 = PLANE('',#8872);
#8872 = AXIS2_PLACEMENT_3D('',#8873,#8874,#8875);
#8873 = CARTESIAN_POINT('',(6.45,-0.35,-0.5));
#8874 = DIRECTION('',(-0.957826285221,9.570607158995E-17,-0.287347885566
    ));
#8875 = DIRECTION('',(0.287347885566,5.31700397722E-16,-0.957826285221)
  );
#8876 = ADVANCED_FACE('',(#8877),#8888,.F.);
#8877 = FACE_BOUND('',#8878,.F.);
#8878 = EDGE_LOOP('',(#8879,#8880,#8886,#8887));
#8879 = ORIENTED_EDGE('',*,*,#7999,.T.);
#8880 = ORIENTED_EDGE('',*,*,#8881,.T.);
#8881 = EDGE_CURVE('',#7992,#7842,#8882,.T.);
#8882 = LINE('',#8883,#8884);
#8883 = CARTESIAN_POINT('',(6.45,-0.35,-0.457437037472));
#8884 = VECTOR('',#8885,1.);
#8885 = DIRECTION('',(0.,1.,3.330669073875E-16));
#8886 = ORIENTED_EDGE('',*,*,#7849,.F.);
#8887 = ORIENTED_EDGE('',*,*,#8859,.F.);
#8888 = CYLINDRICAL_SURFACE('',#8889,0.29);
#8889 = AXIS2_PLACEMENT_3D('',#8890,#8891,#8892);
#8890 = CARTESIAN_POINT('',(6.74,-0.35,-0.457437037472));
#8891 = DIRECTION('',(0.,1.,3.330669073875E-16));
#8892 = DIRECTION('',(-0.957826285221,9.570607158983E-17,-0.287347885566
    ));
#8893 = ADVANCED_FACE('',(#8894),#8905,.T.);
#8894 = FACE_BOUND('',#8895,.T.);
#8895 = EDGE_LOOP('',(#8896,#8897,#8903,#8904));
#8896 = ORIENTED_EDGE('',*,*,#7874,.T.);
#8897 = ORIENTED_EDGE('',*,*,#8898,.T.);
#8898 = EDGE_CURVE('',#7875,#7725,#8899,.T.);
#8899 = LINE('',#8900,#8901);
#8900 = CARTESIAN_POINT('',(6.725000733956,-0.35,-1.583330886814));
#8901 = VECTOR('',#8902,1.);
#8902 = DIRECTION('',(0.,1.,3.330669073875E-16));
#8903 = ORIENTED_EDGE('',*,*,#7724,.F.);
#8904 = ORIENTED_EDGE('',*,*,#8866,.F.);
#8905 = CYLINDRICAL_SURFACE('',#8906,0.29);
#8906 = AXIS2_PLACEMENT_3D('',#8907,#8908,#8909);
#8907 = CARTESIAN_POINT('',(6.447231111242,-0.35,-1.5));
#8908 = DIRECTION('',(0.,1.,3.330669073875E-16));
#8909 = DIRECTION('',(0.957826285221,-9.570607158983E-17,0.287347885566)
  );
#8910 = ADVANCED_FACE('',(#8911),#8922,.T.);
#8911 = FACE_BOUND('',#8912,.T.);
#8912 = EDGE_LOOP('',(#8913,#8914,#8915,#8916));
#8913 = ORIENTED_EDGE('',*,*,#7991,.F.);
#8914 = ORIENTED_EDGE('',*,*,#8881,.T.);
#8915 = ORIENTED_EDGE('',*,*,#7841,.T.);
#8916 = ORIENTED_EDGE('',*,*,#8917,.F.);
#8917 = EDGE_CURVE('',#7983,#7833,#8918,.T.);
#8918 = LINE('',#8919,#8920);
#8919 = CARTESIAN_POINT('',(6.45,-0.35,1.21));
#8920 = VECTOR('',#8921,1.);
#8921 = DIRECTION('',(0.,1.,3.330669073875E-16));
#8922 = PLANE('',#8923);
#8923 = AXIS2_PLACEMENT_3D('',#8924,#8925,#8926);
#8924 = CARTESIAN_POINT('',(6.45,-0.35,-0.5));
#8925 = DIRECTION('',(1.,0.,0.));
#8926 = DIRECTION('',(0.,-5.551115123126E-16,1.));
#8927 = ADVANCED_FACE('',(#8928),#8939,.F.);
#8928 = FACE_BOUND('',#8929,.F.);
#8929 = EDGE_LOOP('',(#8930,#8931,#8932,#8933));
#8930 = ORIENTED_EDGE('',*,*,#7883,.F.);
#8931 = ORIENTED_EDGE('',*,*,#8898,.T.);
#8932 = ORIENTED_EDGE('',*,*,#7733,.T.);
#8933 = ORIENTED_EDGE('',*,*,#8934,.F.);
#8934 = EDGE_CURVE('',#7884,#7734,#8935,.T.);
#8935 = LINE('',#8936,#8937);
#8936 = CARTESIAN_POINT('',(6.462230377286,-0.35,-2.459232075714));
#8937 = VECTOR('',#8938,1.);
#8938 = DIRECTION('',(0.,1.,3.330669073875E-16));
#8939 = PLANE('',#8940);
#8940 = AXIS2_PLACEMENT_3D('',#8941,#8942,#8943);
#8941 = CARTESIAN_POINT('',(6.75,-0.35,-1.5));
#8942 = DIRECTION('',(-0.957826285221,-9.570607158995E-17,0.287347885566
    ));
#8943 = DIRECTION('',(-0.287347885566,5.31700397722E-16,-0.957826285221)
  );
#8944 = ADVANCED_FACE('',(#8945),#8951,.T.);
#8945 = FACE_BOUND('',#8946,.T.);
#8946 = EDGE_LOOP('',(#8947,#8948,#8949,#8950));
#8947 = ORIENTED_EDGE('',*,*,#8917,.T.);
#8948 = ORIENTED_EDGE('',*,*,#7832,.T.);
#8949 = ORIENTED_EDGE('',*,*,#8015,.F.);
#8950 = ORIENTED_EDGE('',*,*,#7982,.F.);
#8951 = CYLINDRICAL_SURFACE('',#8952,0.29);
#8952 = AXIS2_PLACEMENT_3D('',#8953,#8954,#8955);
#8953 = CARTESIAN_POINT('',(6.16,-0.35,1.21));
#8954 = DIRECTION('',(0.,1.,3.330669073875E-16));
#8955 = DIRECTION('',(1.,0.,-0.));
#8956 = ADVANCED_FACE('',(#8957),#8968,.F.);
#8957 = FACE_BOUND('',#8958,.F.);
#8958 = EDGE_LOOP('',(#8959,#8960,#8961,#8962));
#8959 = ORIENTED_EDGE('',*,*,#7891,.T.);
#8960 = ORIENTED_EDGE('',*,*,#8934,.T.);
#8961 = ORIENTED_EDGE('',*,*,#7741,.F.);
#8962 = ORIENTED_EDGE('',*,*,#8963,.F.);
#8963 = EDGE_CURVE('',#7892,#7742,#8964,.T.);
#8964 = LINE('',#8965,#8966);
#8965 = CARTESIAN_POINT('',(6.45,-0.35,-2.542562962528));
#8966 = VECTOR('',#8967,1.);
#8967 = DIRECTION('',(0.,1.,3.330669073875E-16));
#8968 = CYLINDRICAL_SURFACE('',#8969,0.29);
#8969 = AXIS2_PLACEMENT_3D('',#8970,#8971,#8972);
#8970 = CARTESIAN_POINT('',(6.74,-0.35,-2.542562962528));
#8971 = DIRECTION('',(0.,1.,3.330669073875E-16));
#8972 = DIRECTION('',(-1.,0.,0.));
#8973 = ADVANCED_FACE('',(#8974),#8985,.T.);
#8974 = FACE_BOUND('',#8975,.T.);
#8975 = EDGE_LOOP('',(#8976,#8977,#8983,#8984));
#8976 = ORIENTED_EDGE('',*,*,#7900,.F.);
#8977 = ORIENTED_EDGE('',*,*,#8978,.T.);
#8978 = EDGE_CURVE('',#7901,#7751,#8979,.T.);
#8979 = LINE('',#8980,#8981);
#8980 = CARTESIAN_POINT('',(6.45,-0.35,-3.5));
#8981 = VECTOR('',#8982,1.);
#8982 = DIRECTION('',(0.,1.,3.330669073875E-16));
#8983 = ORIENTED_EDGE('',*,*,#7750,.T.);
#8984 = ORIENTED_EDGE('',*,*,#8963,.F.);
#8985 = PLANE('',#8986);
#8986 = AXIS2_PLACEMENT_3D('',#8987,#8988,#8989);
#8987 = CARTESIAN_POINT('',(6.45,-0.35,-3.5));
#8988 = DIRECTION('',(1.,0.,0.));
#8989 = DIRECTION('',(0.,-5.551115123126E-16,1.));
#8990 = ADVANCED_FACE('',(#8991),#9002,.T.);
#8991 = FACE_BOUND('',#8992,.T.);
#8992 = EDGE_LOOP('',(#8993,#8999,#9000,#9001));
#8993 = ORIENTED_EDGE('',*,*,#8994,.T.);
#8994 = EDGE_CURVE('',#7909,#7759,#8995,.T.);
#8995 = LINE('',#8996,#8997);
#8996 = CARTESIAN_POINT('',(6.15,-0.35,-3.5));
#8997 = VECTOR('',#8998,1.);
#8998 = DIRECTION('',(0.,1.,3.330669073875E-16));
#8999 = ORIENTED_EDGE('',*,*,#7758,.T.);
#9000 = ORIENTED_EDGE('',*,*,#8978,.F.);
#9001 = ORIENTED_EDGE('',*,*,#7908,.F.);
#9002 = PLANE('',#9003);
#9003 = AXIS2_PLACEMENT_3D('',#9004,#9005,#9006);
#9004 = CARTESIAN_POINT('',(6.15,-0.35,-3.5));
#9005 = DIRECTION('',(0.,3.330669073875E-16,-1.));
#9006 = DIRECTION('',(1.,0.,0.));
#9007 = ADVANCED_FACE('',(#9008),#9019,.T.);
#9008 = FACE_BOUND('',#9009,.T.);
#9009 = EDGE_LOOP('',(#9010,#9011,#9017,#9018));
#9010 = ORIENTED_EDGE('',*,*,#7916,.F.);
#9011 = ORIENTED_EDGE('',*,*,#9012,.T.);
#9012 = EDGE_CURVE('',#7917,#7767,#9013,.T.);
#9013 = LINE('',#9014,#9015);
#9014 = CARTESIAN_POINT('',(6.15,-0.35,-2.542562962528));
#9015 = VECTOR('',#9016,1.);
#9016 = DIRECTION('',(0.,1.,3.330669073875E-16));
#9017 = ORIENTED_EDGE('',*,*,#7766,.T.);
#9018 = ORIENTED_EDGE('',*,*,#8994,.F.);
#9019 = PLANE('',#9020);
#9020 = AXIS2_PLACEMENT_3D('',#9021,#9022,#9023);
#9021 = CARTESIAN_POINT('',(6.15,-0.35,-2.5));
#9022 = DIRECTION('',(-1.,0.,-0.));
#9023 = DIRECTION('',(0.,5.551115123126E-16,-1.));
#9024 = ADVANCED_FACE('',(#9025),#9036,.T.);
#9025 = FACE_BOUND('',#9026,.T.);
#9026 = EDGE_LOOP('',(#9027,#9028,#9029,#9035));
#9027 = ORIENTED_EDGE('',*,*,#8094,.T.);
#9028 = ORIENTED_EDGE('',*,*,#7808,.T.);
#9029 = ORIENTED_EDGE('',*,*,#9030,.F.);
#9030 = EDGE_CURVE('',#7951,#7801,#9031,.T.);
#9031 = LINE('',#9032,#9033);
#9032 = CARTESIAN_POINT('',(6.162230377286,-0.35,-0.540767924286));
#9033 = VECTOR('',#9034,1.);
#9034 = DIRECTION('',(0.,1.,3.330669073875E-16));
#9035 = ORIENTED_EDGE('',*,*,#7958,.F.);
#9036 = CYLINDRICAL_SURFACE('',#9037,0.29);
#9037 = AXIS2_PLACEMENT_3D('',#9038,#9039,#9040);
#9038 = CARTESIAN_POINT('',(6.44,-0.35,-0.457437037472));
#9039 = DIRECTION('',(0.,1.,3.330669073875E-16));
#9040 = DIRECTION('',(-1.,0.,0.));
#9041 = ADVANCED_FACE('',(#9042),#9053,.T.);
#9042 = FACE_BOUND('',#9043,.T.);
#9043 = EDGE_LOOP('',(#9044,#9050,#9051,#9052));
#9044 = ORIENTED_EDGE('',*,*,#9045,.T.);
#9045 = EDGE_CURVE('',#7925,#7775,#9046,.T.);
#9046 = LINE('',#9047,#9048);
#9047 = CARTESIAN_POINT('',(6.162230377286,-0.35,-2.459232075714));
#9048 = VECTOR('',#9049,1.);
#9049 = DIRECTION('',(0.,1.,3.330669073875E-16));
#9050 = ORIENTED_EDGE('',*,*,#7774,.T.);
#9051 = ORIENTED_EDGE('',*,*,#9012,.F.);
#9052 = ORIENTED_EDGE('',*,*,#7924,.F.);
#9053 = CYLINDRICAL_SURFACE('',#9054,0.29);
#9054 = AXIS2_PLACEMENT_3D('',#9055,#9056,#9057);
#9055 = CARTESIAN_POINT('',(6.44,-0.35,-2.542562962528));
#9056 = DIRECTION('',(0.,1.,3.330669073875E-16));
#9057 = DIRECTION('',(-0.957826285221,-9.570607158983E-17,0.287347885566
    ));
#9058 = ADVANCED_FACE('',(#9059),#9070,.F.);
#9059 = FACE_BOUND('',#9060,.F.);
#9060 = EDGE_LOOP('',(#9061,#9062,#9068,#9069));
#9061 = ORIENTED_EDGE('',*,*,#7950,.F.);
#9062 = ORIENTED_EDGE('',*,*,#9063,.T.);
#9063 = EDGE_CURVE('',#7942,#7792,#9064,.T.);
#9064 = LINE('',#9065,#9066);
#9065 = CARTESIAN_POINT('',(6.425000733956,-0.35,-1.416669113186));
#9066 = VECTOR('',#9067,1.);
#9067 = DIRECTION('',(0.,1.,3.330669073875E-16));
#9068 = ORIENTED_EDGE('',*,*,#7800,.T.);
#9069 = ORIENTED_EDGE('',*,*,#9030,.F.);
#9070 = PLANE('',#9071);
#9071 = AXIS2_PLACEMENT_3D('',#9072,#9073,#9074);
#9072 = CARTESIAN_POINT('',(6.45,-0.35,-1.5));
#9073 = DIRECTION('',(0.957826285221,-9.570607158995E-17,0.287347885566)
  );
#9074 = DIRECTION('',(-0.287347885566,-5.31700397722E-16,0.957826285221)
  );
#9075 = ADVANCED_FACE('',(#9076),#9087,.F.);
#9076 = FACE_BOUND('',#9077,.F.);
#9077 = EDGE_LOOP('',(#9078,#9079,#9080,#9081));
#9078 = ORIENTED_EDGE('',*,*,#7933,.F.);
#9079 = ORIENTED_EDGE('',*,*,#9045,.T.);
#9080 = ORIENTED_EDGE('',*,*,#7783,.T.);
#9081 = ORIENTED_EDGE('',*,*,#9082,.F.);
#9082 = EDGE_CURVE('',#7934,#7784,#9083,.T.);
#9083 = LINE('',#9084,#9085);
#9084 = CARTESIAN_POINT('',(6.425000733956,-0.35,-1.583330886814));
#9085 = VECTOR('',#9086,1.);
#9086 = DIRECTION('',(0.,1.,3.330669073875E-16));
#9087 = PLANE('',#9088);
#9088 = AXIS2_PLACEMENT_3D('',#9089,#9090,#9091);
#9089 = CARTESIAN_POINT('',(6.15,-0.35,-2.5));
#9090 = DIRECTION('',(0.957826285221,9.570607158995E-17,-0.287347885566)
  );
#9091 = DIRECTION('',(0.287347885566,-5.31700397722E-16,0.957826285221)
  );
#9092 = ADVANCED_FACE('',(#9093),#9099,.F.);
#9093 = FACE_BOUND('',#9094,.F.);
#9094 = EDGE_LOOP('',(#9095,#9096,#9097,#9098));
#9095 = ORIENTED_EDGE('',*,*,#7941,.T.);
#9096 = ORIENTED_EDGE('',*,*,#9082,.T.);
#9097 = ORIENTED_EDGE('',*,*,#7791,.F.);
#9098 = ORIENTED_EDGE('',*,*,#9063,.F.);
#9099 = CYLINDRICAL_SURFACE('',#9100,0.29);
#9100 = AXIS2_PLACEMENT_3D('',#9101,#9102,#9103);
#9101 = CARTESIAN_POINT('',(6.147231111242,-0.35,-1.5));
#9102 = DIRECTION('',(0.,1.,3.330669073875E-16));
#9103 = DIRECTION('',(0.957826285221,-9.570607158983E-17,0.287347885566)
  );
#9104 = ( GEOMETRIC_REPRESENTATION_CONTEXT(3) 
GLOBAL_UNCERTAINTY_ASSIGNED_CONTEXT((#9108)) 
GLOBAL_UNIT_ASSIGNED_CONTEXT((#9105,#9106,#9107)) REPRESENTATION_CONTEXT
('Context #1','3D Context with UNIT and UNCERTAINTY') );
#9105 = ( LENGTH_UNIT() NAMED_UNIT(*) SI_UNIT(.MILLI.,.METRE.) );
#9106 = ( NAMED_UNIT(*) PLANE_ANGLE_UNIT() SI_UNIT($,.RADIAN.) );
#9107 = ( NAMED_UNIT(*) SI_UNIT($,.STERADIAN.) SOLID_ANGLE_UNIT() );
#9108 = UNCERTAINTY_MEASURE_WITH_UNIT(LENGTH_MEASURE(1.E-07),#9105,
  'distance_accuracy_value','confusion accuracy');
#9109 = CONTEXT_DEPENDENT_SHAPE_REPRESENTATION(#9110,#9112);
#9110 = ( REPRESENTATION_RELATIONSHIP('','',#5874,#10) 
REPRESENTATION_RELATIONSHIP_WITH_TRANSFORMATION(#9111) 
SHAPE_REPRESENTATION_RELATIONSHIP() );
#9111 = ITEM_DEFINED_TRANSFORMATION('','',#11,#31);
#9112 = PRODUCT_DEFINITION_SHAPE('Placement','Placement of an item',
  #9113);
#9113 = NEXT_ASSEMBLY_USAGE_OCCURRENCE('5','SW1','',#5,#5869,$);
#9114 = PRODUCT_RELATED_PRODUCT_CATEGORY('part',$,(#5871));
#9115 = SHAPE_DEFINITION_REPRESENTATION(#9116,#9122);
#9116 = PRODUCT_DEFINITION_SHAPE('','',#9117);
#9117 = PRODUCT_DEFINITION('design','',#9118,#9121);
#9118 = PRODUCT_DEFINITION_FORMATION('','',#9119);
#9119 = PRODUCT('PinHeader_1x03_P2.54mm_Vertical',
  'PinHeader_1x03_P2.54mm_Vertical','',(#9120));
#9120 = PRODUCT_CONTEXT('',#2,'mechanical');
#9121 = PRODUCT_DEFINITION_CONTEXT('part definition',#2,'design');
#9122 = ADVANCED_BREP_SHAPE_REPRESENTATION('',(#11,#9123),#11229);
#9123 = MANIFOLD_SOLID_BREP('',#9124);
#9124 = CLOSED_SHELL('',(#9125,#9165,#9196,#9227,#9474,#9721,#9738,#9755
    ,#9772,#9789,#9806,#9823,#9840,#9857,#9874,#9891,#9908,#9925,#9942,
    #9959,#9976,#9993,#10005,#10036,#10060,#10084,#10101,#10132,#10156,
    #10180,#10197,#10228,#10252,#10276,#10293,#10324,#10348,#10372,
    #10389,#10420,#10444,#10468,#10485,#10516,#10540,#10564,#10581,
    #10612,#10636,#10660,#10677,#10708,#10732,#10756,#10773,#10804,
    #10828,#10852,#10869,#10900,#10924,#10948,#10965,#10996,#11020,
    #11044,#11061,#11092,#11116,#11140,#11157,#11169,#11181,#11193,
    #11205,#11217));
#9125 = ADVANCED_FACE('',(#9126),#9160,.F.);
#9126 = FACE_BOUND('',#9127,.F.);
#9127 = EDGE_LOOP('',(#9128,#9138,#9146,#9154));
#9128 = ORIENTED_EDGE('',*,*,#9129,.T.);
#9129 = EDGE_CURVE('',#9130,#9132,#9134,.T.);
#9130 = VERTEX_POINT('',#9131);
#9131 = CARTESIAN_POINT('',(-1.016,1.27,0.));
#9132 = VERTEX_POINT('',#9133);
#9133 = CARTESIAN_POINT('',(-1.016,1.27,2.54));
#9134 = LINE('',#9135,#9136);
#9135 = CARTESIAN_POINT('',(-1.016,1.27,0.));
#9136 = VECTOR('',#9137,1.);
#9137 = DIRECTION('',(0.,0.,1.));
#9138 = ORIENTED_EDGE('',*,*,#9139,.T.);
#9139 = EDGE_CURVE('',#9132,#9140,#9142,.T.);
#9140 = VERTEX_POINT('',#9141);
#9141 = CARTESIAN_POINT('',(-1.27,1.016,2.54));
#9142 = LINE('',#9143,#9144);
#9143 = CARTESIAN_POINT('',(-1.016,1.27,2.54));
#9144 = VECTOR('',#9145,1.);
#9145 = DIRECTION('',(-0.707106781187,-0.707106781187,0.));
#9146 = ORIENTED_EDGE('',*,*,#9147,.F.);
#9147 = EDGE_CURVE('',#9148,#9140,#9150,.T.);
#9148 = VERTEX_POINT('',#9149);
#9149 = CARTESIAN_POINT('',(-1.27,1.016,0.));
#9150 = LINE('',#9151,#9152);
#9151 = CARTESIAN_POINT('',(-1.27,1.016,0.));
#9152 = VECTOR('',#9153,1.);
#9153 = DIRECTION('',(0.,0.,1.));
#9154 = ORIENTED_EDGE('',*,*,#9155,.F.);
#9155 = EDGE_CURVE('',#9130,#9148,#9156,.T.);
#9156 = LINE('',#9157,#9158);
#9157 = CARTESIAN_POINT('',(-1.016,1.27,0.));
#9158 = VECTOR('',#9159,1.);
#9159 = DIRECTION('',(-0.707106781187,-0.707106781187,0.));
#9160 = PLANE('',#9161);
#9161 = AXIS2_PLACEMENT_3D('',#9162,#9163,#9164);
#9162 = CARTESIAN_POINT('',(-1.016,1.27,0.));
#9163 = DIRECTION('',(0.707106781187,-0.707106781187,0.));
#9164 = DIRECTION('',(-0.707106781187,-0.707106781187,0.));
#9165 = ADVANCED_FACE('',(#9166),#9191,.F.);
#9166 = FACE_BOUND('',#9167,.F.);
#9167 = EDGE_LOOP('',(#9168,#9178,#9184,#9185));
#9168 = ORIENTED_EDGE('',*,*,#9169,.T.);
#9169 = EDGE_CURVE('',#9170,#9172,#9174,.T.);
#9170 = VERTEX_POINT('',#9171);
#9171 = CARTESIAN_POINT('',(1.016,1.27,0.));
#9172 = VERTEX_POINT('',#9173);
#9173 = CARTESIAN_POINT('',(1.016,1.27,2.54));
#9174 = LINE('',#9175,#9176);
#9175 = CARTESIAN_POINT('',(1.016,1.27,0.));
#9176 = VECTOR('',#9177,1.);
#9177 = DIRECTION('',(0.,0.,1.));
#9178 = ORIENTED_EDGE('',*,*,#9179,.T.);
#9179 = EDGE_CURVE('',#9172,#9132,#9180,.T.);
#9180 = LINE('',#9181,#9182);
#9181 = CARTESIAN_POINT('',(1.016,1.27,2.54));
#9182 = VECTOR('',#9183,1.);
#9183 = DIRECTION('',(-1.,0.,0.));
#9184 = ORIENTED_EDGE('',*,*,#9129,.F.);
#9185 = ORIENTED_EDGE('',*,*,#9186,.F.);
#9186 = EDGE_CURVE('',#9170,#9130,#9187,.T.);
#9187 = LINE('',#9188,#9189);
#9188 = CARTESIAN_POINT('',(1.016,1.27,0.));
#9189 = VECTOR('',#9190,1.);
#9190 = DIRECTION('',(-1.,0.,0.));
#9191 = PLANE('',#9192);
#9192 = AXIS2_PLACEMENT_3D('',#9193,#9194,#9195);
#9193 = CARTESIAN_POINT('',(1.016,1.27,0.));
#9194 = DIRECTION('',(0.,-1.,0.));
#9195 = DIRECTION('',(-1.,0.,0.));
#9196 = ADVANCED_FACE('',(#9197),#9222,.F.);
#9197 = FACE_BOUND('',#9198,.F.);
#9198 = EDGE_LOOP('',(#9199,#9200,#9208,#9216));
#9199 = ORIENTED_EDGE('',*,*,#9147,.T.);
#9200 = ORIENTED_EDGE('',*,*,#9201,.T.);
#9201 = EDGE_CURVE('',#9140,#9202,#9204,.T.);
#9202 = VERTEX_POINT('',#9203);
#9203 = CARTESIAN_POINT('',(-1.27,-1.016,2.54));
#9204 = LINE('',#9205,#9206);
#9205 = CARTESIAN_POINT('',(-1.27,1.016,2.54));
#9206 = VECTOR('',#9207,1.);
#9207 = DIRECTION('',(0.,-1.,0.));
#9208 = ORIENTED_EDGE('',*,*,#9209,.F.);
#9209 = EDGE_CURVE('',#9210,#9202,#9212,.T.);
#9210 = VERTEX_POINT('',#9211);
#9211 = CARTESIAN_POINT('',(-1.27,-1.016,0.));
#9212 = LINE('',#9213,#9214);
#9213 = CARTESIAN_POINT('',(-1.27,-1.016,0.));
#9214 = VECTOR('',#9215,1.);
#9215 = DIRECTION('',(0.,0.,1.));
#9216 = ORIENTED_EDGE('',*,*,#9217,.F.);
#9217 = EDGE_CURVE('',#9148,#9210,#9218,.T.);
#9218 = LINE('',#9219,#9220);
#9219 = CARTESIAN_POINT('',(-1.27,1.016,0.));
#9220 = VECTOR('',#9221,1.);
#9221 = DIRECTION('',(0.,-1.,0.));
#9222 = PLANE('',#9223);
#9223 = AXIS2_PLACEMENT_3D('',#9224,#9225,#9226);
#9224 = CARTESIAN_POINT('',(-1.27,1.016,0.));
#9225 = DIRECTION('',(1.,0.,0.));
#9226 = DIRECTION('',(0.,-1.,0.));
#9227 = ADVANCED_FACE('',(#9228,#9367,#9401,#9435),#9469,.F.);
#9228 = FACE_BOUND('',#9229,.F.);
#9229 = EDGE_LOOP('',(#9230,#9231,#9232,#9240,#9248,#9256,#9264,#9272,
    #9280,#9288,#9296,#9304,#9312,#9320,#9328,#9336,#9344,#9352,#9360,
    #9366));
#9230 = ORIENTED_EDGE('',*,*,#9155,.T.);
#9231 = ORIENTED_EDGE('',*,*,#9217,.T.);
#9232 = ORIENTED_EDGE('',*,*,#9233,.T.);
#9233 = EDGE_CURVE('',#9210,#9234,#9236,.T.);
#9234 = VERTEX_POINT('',#9235);
#9235 = CARTESIAN_POINT('',(-1.016,-1.27,0.));
#9236 = LINE('',#9237,#9238);
#9237 = CARTESIAN_POINT('',(-1.27,-1.016,0.));
#9238 = VECTOR('',#9239,1.);
#9239 = DIRECTION('',(0.707106781187,-0.707106781187,0.));
#9240 = ORIENTED_EDGE('',*,*,#9241,.T.);
#9241 = EDGE_CURVE('',#9234,#9242,#9244,.T.);
#9242 = VERTEX_POINT('',#9243);
#9243 = CARTESIAN_POINT('',(-1.27,-1.524,0.));
#9244 = LINE('',#9245,#9246);
#9245 = CARTESIAN_POINT('',(-1.016,-1.27,0.));
#9246 = VECTOR('',#9247,1.);
#9247 = DIRECTION('',(-0.707106781187,-0.707106781187,0.));
#9248 = ORIENTED_EDGE('',*,*,#9249,.T.);
#9249 = EDGE_CURVE('',#9242,#9250,#9252,.T.);
#9250 = VERTEX_POINT('',#9251);
#9251 = CARTESIAN_POINT('',(-1.27,-3.556,0.));
#9252 = LINE('',#9253,#9254);
#9253 = CARTESIAN_POINT('',(-1.27,-1.524,0.));
#9254 = VECTOR('',#9255,1.);
#9255 = DIRECTION('',(0.,-1.,0.));
#9256 = ORIENTED_EDGE('',*,*,#9257,.T.);
#9257 = EDGE_CURVE('',#9250,#9258,#9260,.T.);
#9258 = VERTEX_POINT('',#9259);
#9259 = CARTESIAN_POINT('',(-1.016,-3.81,0.));
#9260 = LINE('',#9261,#9262);
#9261 = CARTESIAN_POINT('',(-1.27,-3.556,0.));
#9262 = VECTOR('',#9263,1.);
#9263 = DIRECTION('',(0.707106781187,-0.707106781187,0.));
#9264 = ORIENTED_EDGE('',*,*,#9265,.T.);
#9265 = EDGE_CURVE('',#9258,#9266,#9268,.T.);
#9266 = VERTEX_POINT('',#9267);
#9267 = CARTESIAN_POINT('',(-1.27,-4.064,0.));
#9268 = LINE('',#9269,#9270);
#9269 = CARTESIAN_POINT('',(-1.016,-3.81,0.));
#9270 = VECTOR('',#9271,1.);
#9271 = DIRECTION('',(-0.707106781187,-0.707106781187,0.));
#9272 = ORIENTED_EDGE('',*,*,#9273,.T.);
#9273 = EDGE_CURVE('',#9266,#9274,#9276,.T.);
#9274 = VERTEX_POINT('',#9275);
#9275 = CARTESIAN_POINT('',(-1.27,-6.096,0.));
#9276 = LINE('',#9277,#9278);
#9277 = CARTESIAN_POINT('',(-1.27,-4.064,0.));
#9278 = VECTOR('',#9279,1.);
#9279 = DIRECTION('',(0.,-1.,0.));
#9280 = ORIENTED_EDGE('',*,*,#9281,.T.);
#9281 = EDGE_CURVE('',#9274,#9282,#9284,.T.);
#9282 = VERTEX_POINT('',#9283);
#9283 = CARTESIAN_POINT('',(-1.016,-6.35,0.));
#9284 = LINE('',#9285,#9286);
#9285 = CARTESIAN_POINT('',(-1.27,-6.096,0.));
#9286 = VECTOR('',#9287,1.);
#9287 = DIRECTION('',(0.707106781187,-0.707106781187,0.));
#9288 = ORIENTED_EDGE('',*,*,#9289,.T.);
#9289 = EDGE_CURVE('',#9282,#9290,#9292,.T.);
#9290 = VERTEX_POINT('',#9291);
#9291 = CARTESIAN_POINT('',(1.016,-6.35,0.));
#9292 = LINE('',#9293,#9294);
#9293 = CARTESIAN_POINT('',(-1.016,-6.35,0.));
#9294 = VECTOR('',#9295,1.);
#9295 = DIRECTION('',(1.,0.,0.));
#9296 = ORIENTED_EDGE('',*,*,#9297,.T.);
#9297 = EDGE_CURVE('',#9290,#9298,#9300,.T.);
#9298 = VERTEX_POINT('',#9299);
#9299 = CARTESIAN_POINT('',(1.27,-6.096,0.));
#9300 = LINE('',#9301,#9302);
#9301 = CARTESIAN_POINT('',(1.016,-6.35,0.));
#9302 = VECTOR('',#9303,1.);
#9303 = DIRECTION('',(0.707106781187,0.707106781187,0.));
#9304 = ORIENTED_EDGE('',*,*,#9305,.T.);
#9305 = EDGE_CURVE('',#9298,#9306,#9308,.T.);
#9306 = VERTEX_POINT('',#9307);
#9307 = CARTESIAN_POINT('',(1.27,-4.064,0.));
#9308 = LINE('',#9309,#9310);
#9309 = CARTESIAN_POINT('',(1.27,-6.096,0.));
#9310 = VECTOR('',#9311,1.);
#9311 = DIRECTION('',(0.,1.,0.));
#9312 = ORIENTED_EDGE('',*,*,#9313,.T.);
#9313 = EDGE_CURVE('',#9306,#9314,#9316,.T.);
#9314 = VERTEX_POINT('',#9315);
#9315 = CARTESIAN_POINT('',(1.016,-3.81,0.));
#9316 = LINE('',#9317,#9318);
#9317 = CARTESIAN_POINT('',(1.27,-4.064,0.));
#9318 = VECTOR('',#9319,1.);
#9319 = DIRECTION('',(-0.707106781187,0.707106781187,0.));
#9320 = ORIENTED_EDGE('',*,*,#9321,.T.);
#9321 = EDGE_CURVE('',#9314,#9322,#9324,.T.);
#9322 = VERTEX_POINT('',#9323);
#9323 = CARTESIAN_POINT('',(1.27,-3.556,0.));
#9324 = LINE('',#9325,#9326);
#9325 = CARTESIAN_POINT('',(1.016,-3.81,0.));
#9326 = VECTOR('',#9327,1.);
#9327 = DIRECTION('',(0.707106781187,0.707106781187,0.));
#9328 = ORIENTED_EDGE('',*,*,#9329,.T.);
#9329 = EDGE_CURVE('',#9322,#9330,#9332,.T.);
#9330 = VERTEX_POINT('',#9331);
#9331 = CARTESIAN_POINT('',(1.27,-1.524,0.));
#9332 = LINE('',#9333,#9334);
#9333 = CARTESIAN_POINT('',(1.27,-3.556,0.));
#9334 = VECTOR('',#9335,1.);
#9335 = DIRECTION('',(0.,1.,0.));
#9336 = ORIENTED_EDGE('',*,*,#9337,.T.);
#9337 = EDGE_CURVE('',#9330,#9338,#9340,.T.);
#9338 = VERTEX_POINT('',#9339);
#9339 = CARTESIAN_POINT('',(1.016,-1.27,0.));
#9340 = LINE('',#9341,#9342);
#9341 = CARTESIAN_POINT('',(1.27,-1.524,0.));
#9342 = VECTOR('',#9343,1.);
#9343 = DIRECTION('',(-0.707106781187,0.707106781187,0.));
#9344 = ORIENTED_EDGE('',*,*,#9345,.T.);
#9345 = EDGE_CURVE('',#9338,#9346,#9348,.T.);
#9346 = VERTEX_POINT('',#9347);
#9347 = CARTESIAN_POINT('',(1.27,-1.016,0.));
#9348 = LINE('',#9349,#9350);
#9349 = CARTESIAN_POINT('',(1.016,-1.27,0.));
#9350 = VECTOR('',#9351,1.);
#9351 = DIRECTION('',(0.707106781187,0.707106781187,0.));
#9352 = ORIENTED_EDGE('',*,*,#9353,.T.);
#9353 = EDGE_CURVE('',#9346,#9354,#9356,.T.);
#9354 = VERTEX_POINT('',#9355);
#9355 = CARTESIAN_POINT('',(1.27,1.016,0.));
#9356 = LINE('',#9357,#9358);
#9357 = CARTESIAN_POINT('',(1.27,-1.016,0.));
#9358 = VECTOR('',#9359,1.);
#9359 = DIRECTION('',(0.,1.,0.));
#9360 = ORIENTED_EDGE('',*,*,#9361,.T.);
#9361 = EDGE_CURVE('',#9354,#9170,#9362,.T.);
#9362 = LINE('',#9363,#9364);
#9363 = CARTESIAN_POINT('',(1.27,1.016,0.));
#9364 = VECTOR('',#9365,1.);
#9365 = DIRECTION('',(-0.707106781187,0.707106781187,0.));
#9366 = ORIENTED_EDGE('',*,*,#9186,.T.);
#9367 = FACE_BOUND('',#9368,.F.);
#9368 = EDGE_LOOP('',(#9369,#9379,#9387,#9395));
#9369 = ORIENTED_EDGE('',*,*,#9370,.F.);
#9370 = EDGE_CURVE('',#9371,#9373,#9375,.T.);
#9371 = VERTEX_POINT('',#9372);
#9372 = CARTESIAN_POINT('',(0.32,-0.32,0.));
#9373 = VERTEX_POINT('',#9374);
#9374 = CARTESIAN_POINT('',(0.32,0.32,0.));
#9375 = LINE('',#9376,#9377);
#9376 = CARTESIAN_POINT('',(0.32,-1.43,0.));
#9377 = VECTOR('',#9378,1.);
#9378 = DIRECTION('',(0.,1.,0.));
#9379 = ORIENTED_EDGE('',*,*,#9380,.T.);
#9380 = EDGE_CURVE('',#9371,#9381,#9383,.T.);
#9381 = VERTEX_POINT('',#9382);
#9382 = CARTESIAN_POINT('',(-0.32,-0.32,0.));
#9383 = LINE('',#9384,#9385);
#9384 = CARTESIAN_POINT('',(-0.16,-0.32,0.));
#9385 = VECTOR('',#9386,1.);
#9386 = DIRECTION('',(-1.,0.,0.));
#9387 = ORIENTED_EDGE('',*,*,#9388,.T.);
#9388 = EDGE_CURVE('',#9381,#9389,#9391,.T.);
#9389 = VERTEX_POINT('',#9390);
#9390 = CARTESIAN_POINT('',(-0.32,0.32,0.));
#9391 = LINE('',#9392,#9393);
#9392 = CARTESIAN_POINT('',(-0.32,-1.43,0.));
#9393 = VECTOR('',#9394,1.);
#9394 = DIRECTION('',(0.,1.,0.));
#9395 = ORIENTED_EDGE('',*,*,#9396,.F.);
#9396 = EDGE_CURVE('',#9373,#9389,#9397,.T.);
#9397 = LINE('',#9398,#9399);
#9398 = CARTESIAN_POINT('',(-0.16,0.32,0.));
#9399 = VECTOR('',#9400,1.);
#9400 = DIRECTION('',(-1.,0.,0.));
#9401 = FACE_BOUND('',#9402,.F.);
#9402 = EDGE_LOOP('',(#9403,#9413,#9421,#9429));
#9403 = ORIENTED_EDGE('',*,*,#9404,.T.);
#9404 = EDGE_CURVE('',#9405,#9407,#9409,.T.);
#9405 = VERTEX_POINT('',#9406);
#9406 = CARTESIAN_POINT('',(0.32,-2.86,0.));
#9407 = VERTEX_POINT('',#9408);
#9408 = CARTESIAN_POINT('',(-0.32,-2.86,0.));
#9409 = LINE('',#9410,#9411);
#9410 = CARTESIAN_POINT('',(-0.16,-2.86,0.));
#9411 = VECTOR('',#9412,1.);
#9412 = DIRECTION('',(-1.,0.,0.));
#9413 = ORIENTED_EDGE('',*,*,#9414,.T.);
#9414 = EDGE_CURVE('',#9407,#9415,#9417,.T.);
#9415 = VERTEX_POINT('',#9416);
#9416 = CARTESIAN_POINT('',(-0.32,-2.22,0.));
#9417 = LINE('',#9418,#9419);
#9418 = CARTESIAN_POINT('',(-0.32,-2.7,0.));
#9419 = VECTOR('',#9420,1.);
#9420 = DIRECTION('',(0.,1.,0.));
#9421 = ORIENTED_EDGE('',*,*,#9422,.F.);
#9422 = EDGE_CURVE('',#9423,#9415,#9425,.T.);
#9423 = VERTEX_POINT('',#9424);
#9424 = CARTESIAN_POINT('',(0.32,-2.22,0.));
#9425 = LINE('',#9426,#9427);
#9426 = CARTESIAN_POINT('',(-0.16,-2.22,0.));
#9427 = VECTOR('',#9428,1.);
#9428 = DIRECTION('',(-1.,0.,0.));
#9429 = ORIENTED_EDGE('',*,*,#9430,.F.);
#9430 = EDGE_CURVE('',#9405,#9423,#9431,.T.);
#9431 = LINE('',#9432,#9433);
#9432 = CARTESIAN_POINT('',(0.32,-2.7,0.));
#9433 = VECTOR('',#9434,1.);
#9434 = DIRECTION('',(0.,1.,0.));
#9435 = FACE_BOUND('',#9436,.F.);
#9436 = EDGE_LOOP('',(#9437,#9447,#9455,#9463));
#9437 = ORIENTED_EDGE('',*,*,#9438,.F.);
#9438 = EDGE_CURVE('',#9439,#9441,#9443,.T.);
#9439 = VERTEX_POINT('',#9440);
#9440 = CARTESIAN_POINT('',(0.32,-4.76,0.));
#9441 = VERTEX_POINT('',#9442);
#9442 = CARTESIAN_POINT('',(-0.32,-4.76,0.));
#9443 = LINE('',#9444,#9445);
#9444 = CARTESIAN_POINT('',(-0.16,-4.76,0.));
#9445 = VECTOR('',#9446,1.);
#9446 = DIRECTION('',(-1.,0.,0.));
#9447 = ORIENTED_EDGE('',*,*,#9448,.F.);
#9448 = EDGE_CURVE('',#9449,#9439,#9451,.T.);
#9449 = VERTEX_POINT('',#9450);
#9450 = CARTESIAN_POINT('',(0.32,-5.4,0.));
#9451 = LINE('',#9452,#9453);
#9452 = CARTESIAN_POINT('',(0.32,-3.97,0.));
#9453 = VECTOR('',#9454,1.);
#9454 = DIRECTION('',(0.,1.,0.));
#9455 = ORIENTED_EDGE('',*,*,#9456,.T.);
#9456 = EDGE_CURVE('',#9449,#9457,#9459,.T.);
#9457 = VERTEX_POINT('',#9458);
#9458 = CARTESIAN_POINT('',(-0.32,-5.4,0.));
#9459 = LINE('',#9460,#9461);
#9460 = CARTESIAN_POINT('',(-0.16,-5.4,0.));
#9461 = VECTOR('',#9462,1.);
#9462 = DIRECTION('',(-1.,0.,0.));
#9463 = ORIENTED_EDGE('',*,*,#9464,.T.);
#9464 = EDGE_CURVE('',#9457,#9441,#9465,.T.);
#9465 = LINE('',#9466,#9467);
#9466 = CARTESIAN_POINT('',(-0.32,-3.97,0.));
#9467 = VECTOR('',#9468,1.);
#9468 = DIRECTION('',(0.,1.,0.));
#9469 = PLANE('',#9470);
#9470 = AXIS2_PLACEMENT_3D('',#9471,#9472,#9473);
#9471 = CARTESIAN_POINT('',(5.398204781459E-17,-2.54,0.));
#9472 = DIRECTION('',(0.,0.,1.));
#9473 = DIRECTION('',(1.,0.,-0.));
#9474 = ADVANCED_FACE('',(#9475,#9614,#9648,#9682),#9716,.T.);
#9475 = FACE_BOUND('',#9476,.T.);
#9476 = EDGE_LOOP('',(#9477,#9478,#9479,#9487,#9495,#9503,#9511,#9519,
    #9527,#9535,#9543,#9551,#9559,#9567,#9575,#9583,#9591,#9599,#9607,
    #9613));
#9477 = ORIENTED_EDGE('',*,*,#9139,.T.);
#9478 = ORIENTED_EDGE('',*,*,#9201,.T.);
#9479 = ORIENTED_EDGE('',*,*,#9480,.T.);
#9480 = EDGE_CURVE('',#9202,#9481,#9483,.T.);
#9481 = VERTEX_POINT('',#9482);
#9482 = CARTESIAN_POINT('',(-1.016,-1.27,2.54));
#9483 = LINE('',#9484,#9485);
#9484 = CARTESIAN_POINT('',(-1.27,-1.016,2.54));
#9485 = VECTOR('',#9486,1.);
#9486 = DIRECTION('',(0.707106781187,-0.707106781187,0.));
#9487 = ORIENTED_EDGE('',*,*,#9488,.T.);
#9488 = EDGE_CURVE('',#9481,#9489,#9491,.T.);
#9489 = VERTEX_POINT('',#9490);
#9490 = CARTESIAN_POINT('',(-1.27,-1.524,2.54));
#9491 = LINE('',#9492,#9493);
#9492 = CARTESIAN_POINT('',(-1.016,-1.27,2.54));
#9493 = VECTOR('',#9494,1.);
#9494 = DIRECTION('',(-0.707106781187,-0.707106781187,0.));
#9495 = ORIENTED_EDGE('',*,*,#9496,.T.);
#9496 = EDGE_CURVE('',#9489,#9497,#9499,.T.);
#9497 = VERTEX_POINT('',#9498);
#9498 = CARTESIAN_POINT('',(-1.27,-3.556,2.54));
#9499 = LINE('',#9500,#9501);
#9500 = CARTESIAN_POINT('',(-1.27,-1.524,2.54));
#9501 = VECTOR('',#9502,1.);
#9502 = DIRECTION('',(0.,-1.,0.));
#9503 = ORIENTED_EDGE('',*,*,#9504,.T.);
#9504 = EDGE_CURVE('',#9497,#9505,#9507,.T.);
#9505 = VERTEX_POINT('',#9506);
#9506 = CARTESIAN_POINT('',(-1.016,-3.81,2.54));
#9507 = LINE('',#9508,#9509);
#9508 = CARTESIAN_POINT('',(-1.27,-3.556,2.54));
#9509 = VECTOR('',#9510,1.);
#9510 = DIRECTION('',(0.707106781187,-0.707106781187,0.));
#9511 = ORIENTED_EDGE('',*,*,#9512,.T.);
#9512 = EDGE_CURVE('',#9505,#9513,#9515,.T.);
#9513 = VERTEX_POINT('',#9514);
#9514 = CARTESIAN_POINT('',(-1.27,-4.064,2.54));
#9515 = LINE('',#9516,#9517);
#9516 = CARTESIAN_POINT('',(-1.016,-3.81,2.54));
#9517 = VECTOR('',#9518,1.);
#9518 = DIRECTION('',(-0.707106781187,-0.707106781187,0.));
#9519 = ORIENTED_EDGE('',*,*,#9520,.T.);
#9520 = EDGE_CURVE('',#9513,#9521,#9523,.T.);
#9521 = VERTEX_POINT('',#9522);
#9522 = CARTESIAN_POINT('',(-1.27,-6.096,2.54));
#9523 = LINE('',#9524,#9525);
#9524 = CARTESIAN_POINT('',(-1.27,-4.064,2.54));
#9525 = VECTOR('',#9526,1.);
#9526 = DIRECTION('',(0.,-1.,0.));
#9527 = ORIENTED_EDGE('',*,*,#9528,.T.);
#9528 = EDGE_CURVE('',#9521,#9529,#9531,.T.);
#9529 = VERTEX_POINT('',#9530);
#9530 = CARTESIAN_POINT('',(-1.016,-6.35,2.54));
#9531 = LINE('',#9532,#9533);
#9532 = CARTESIAN_POINT('',(-1.27,-6.096,2.54));
#9533 = VECTOR('',#9534,1.);
#9534 = DIRECTION('',(0.707106781187,-0.707106781187,0.));
#9535 = ORIENTED_EDGE('',*,*,#9536,.T.);
#9536 = EDGE_CURVE('',#9529,#9537,#9539,.T.);
#9537 = VERTEX_POINT('',#9538);
#9538 = CARTESIAN_POINT('',(1.016,-6.35,2.54));
#9539 = LINE('',#9540,#9541);
#9540 = CARTESIAN_POINT('',(-1.016,-6.35,2.54));
#9541 = VECTOR('',#9542,1.);
#9542 = DIRECTION('',(1.,0.,0.));
#9543 = ORIENTED_EDGE('',*,*,#9544,.T.);
#9544 = EDGE_CURVE('',#9537,#9545,#9547,.T.);
#9545 = VERTEX_POINT('',#9546);
#9546 = CARTESIAN_POINT('',(1.27,-6.096,2.54));
#9547 = LINE('',#9548,#9549);
#9548 = CARTESIAN_POINT('',(1.016,-6.35,2.54));
#9549 = VECTOR('',#9550,1.);
#9550 = DIRECTION('',(0.707106781187,0.707106781187,0.));
#9551 = ORIENTED_EDGE('',*,*,#9552,.T.);
#9552 = EDGE_CURVE('',#9545,#9553,#9555,.T.);
#9553 = VERTEX_POINT('',#9554);
#9554 = CARTESIAN_POINT('',(1.27,-4.064,2.54));
#9555 = LINE('',#9556,#9557);
#9556 = CARTESIAN_POINT('',(1.27,-6.096,2.54));
#9557 = VECTOR('',#9558,1.);
#9558 = DIRECTION('',(0.,1.,0.));
#9559 = ORIENTED_EDGE('',*,*,#9560,.T.);
#9560 = EDGE_CURVE('',#9553,#9561,#9563,.T.);
#9561 = VERTEX_POINT('',#9562);
#9562 = CARTESIAN_POINT('',(1.016,-3.81,2.54));
#9563 = LINE('',#9564,#9565);
#9564 = CARTESIAN_POINT('',(1.27,-4.064,2.54));
#9565 = VECTOR('',#9566,1.);
#9566 = DIRECTION('',(-0.707106781187,0.707106781187,0.));
#9567 = ORIENTED_EDGE('',*,*,#9568,.T.);
#9568 = EDGE_CURVE('',#9561,#9569,#9571,.T.);
#9569 = VERTEX_POINT('',#9570);
#9570 = CARTESIAN_POINT('',(1.27,-3.556,2.54));
#9571 = LINE('',#9572,#9573);
#9572 = CARTESIAN_POINT('',(1.016,-3.81,2.54));
#9573 = VECTOR('',#9574,1.);
#9574 = DIRECTION('',(0.707106781187,0.707106781187,0.));
#9575 = ORIENTED_EDGE('',*,*,#9576,.T.);
#9576 = EDGE_CURVE('',#9569,#9577,#9579,.T.);
#9577 = VERTEX_POINT('',#9578);
#9578 = CARTESIAN_POINT('',(1.27,-1.524,2.54));
#9579 = LINE('',#9580,#9581);
#9580 = CARTESIAN_POINT('',(1.27,-3.556,2.54));
#9581 = VECTOR('',#9582,1.);
#9582 = DIRECTION('',(0.,1.,0.));
#9583 = ORIENTED_EDGE('',*,*,#9584,.T.);
#9584 = EDGE_CURVE('',#9577,#9585,#9587,.T.);
#9585 = VERTEX_POINT('',#9586);
#9586 = CARTESIAN_POINT('',(1.016,-1.27,2.54));
#9587 = LINE('',#9588,#9589);
#9588 = CARTESIAN_POINT('',(1.27,-1.524,2.54));
#9589 = VECTOR('',#9590,1.);
#9590 = DIRECTION('',(-0.707106781187,0.707106781187,0.));
#9591 = ORIENTED_EDGE('',*,*,#9592,.T.);
#9592 = EDGE_CURVE('',#9585,#9593,#9595,.T.);
#9593 = VERTEX_POINT('',#9594);
#9594 = CARTESIAN_POINT('',(1.27,-1.016,2.54));
#9595 = LINE('',#9596,#9597);
#9596 = CARTESIAN_POINT('',(1.016,-1.27,2.54));
#9597 = VECTOR('',#9598,1.);
#9598 = DIRECTION('',(0.707106781187,0.707106781187,0.));
#9599 = ORIENTED_EDGE('',*,*,#9600,.T.);
#9600 = EDGE_CURVE('',#9593,#9601,#9603,.T.);
#9601 = VERTEX_POINT('',#9602);
#9602 = CARTESIAN_POINT('',(1.27,1.016,2.54));
#9603 = LINE('',#9604,#9605);
#9604 = CARTESIAN_POINT('',(1.27,-1.016,2.54));
#9605 = VECTOR('',#9606,1.);
#9606 = DIRECTION('',(0.,1.,0.));
#9607 = ORIENTED_EDGE('',*,*,#9608,.T.);
#9608 = EDGE_CURVE('',#9601,#9172,#9609,.T.);
#9609 = LINE('',#9610,#9611);
#9610 = CARTESIAN_POINT('',(1.27,1.016,2.54));
#9611 = VECTOR('',#9612,1.);
#9612 = DIRECTION('',(-0.707106781187,0.707106781187,0.));
#9613 = ORIENTED_EDGE('',*,*,#9179,.T.);
#9614 = FACE_BOUND('',#9615,.T.);
#9615 = EDGE_LOOP('',(#9616,#9626,#9634,#9642));
#9616 = ORIENTED_EDGE('',*,*,#9617,.F.);
#9617 = EDGE_CURVE('',#9618,#9620,#9622,.T.);
#9618 = VERTEX_POINT('',#9619);
#9619 = CARTESIAN_POINT('',(0.32,-0.32,2.54));
#9620 = VERTEX_POINT('',#9621);
#9621 = CARTESIAN_POINT('',(0.32,0.32,2.54));
#9622 = LINE('',#9623,#9624);
#9623 = CARTESIAN_POINT('',(0.32,-1.43,2.54));
#9624 = VECTOR('',#9625,1.);
#9625 = DIRECTION('',(0.,1.,0.));
#9626 = ORIENTED_EDGE('',*,*,#9627,.T.);
#9627 = EDGE_CURVE('',#9618,#9628,#9630,.T.);
#9628 = VERTEX_POINT('',#9629);
#9629 = CARTESIAN_POINT('',(-0.32,-0.32,2.54));
#9630 = LINE('',#9631,#9632);
#9631 = CARTESIAN_POINT('',(-0.16,-0.32,2.54));
#9632 = VECTOR('',#9633,1.);
#9633 = DIRECTION('',(-1.,0.,0.));
#9634 = ORIENTED_EDGE('',*,*,#9635,.T.);
#9635 = EDGE_CURVE('',#9628,#9636,#9638,.T.);
#9636 = VERTEX_POINT('',#9637);
#9637 = CARTESIAN_POINT('',(-0.32,0.32,2.54));
#9638 = LINE('',#9639,#9640);
#9639 = CARTESIAN_POINT('',(-0.32,-1.43,2.54));
#9640 = VECTOR('',#9641,1.);
#9641 = DIRECTION('',(0.,1.,0.));
#9642 = ORIENTED_EDGE('',*,*,#9643,.F.);
#9643 = EDGE_CURVE('',#9620,#9636,#9644,.T.);
#9644 = LINE('',#9645,#9646);
#9645 = CARTESIAN_POINT('',(-0.16,0.32,2.54));
#9646 = VECTOR('',#9647,1.);
#9647 = DIRECTION('',(-1.,0.,0.));
#9648 = FACE_BOUND('',#9649,.T.);
#9649 = EDGE_LOOP('',(#9650,#9660,#9668,#9676));
#9650 = ORIENTED_EDGE('',*,*,#9651,.T.);
#9651 = EDGE_CURVE('',#9652,#9654,#9656,.T.);
#9652 = VERTEX_POINT('',#9653);
#9653 = CARTESIAN_POINT('',(0.32,-2.86,2.54));
#9654 = VERTEX_POINT('',#9655);
#9655 = CARTESIAN_POINT('',(-0.32,-2.86,2.54));
#9656 = LINE('',#9657,#9658);
#9657 = CARTESIAN_POINT('',(-0.16,-2.86,2.54));
#9658 = VECTOR('',#9659,1.);
#9659 = DIRECTION('',(-1.,0.,0.));
#9660 = ORIENTED_EDGE('',*,*,#9661,.T.);
#9661 = EDGE_CURVE('',#9654,#9662,#9664,.T.);
#9662 = VERTEX_POINT('',#9663);
#9663 = CARTESIAN_POINT('',(-0.32,-2.22,2.54));
#9664 = LINE('',#9665,#9666);
#9665 = CARTESIAN_POINT('',(-0.32,-2.7,2.54));
#9666 = VECTOR('',#9667,1.);
#9667 = DIRECTION('',(0.,1.,0.));
#9668 = ORIENTED_EDGE('',*,*,#9669,.F.);
#9669 = EDGE_CURVE('',#9670,#9662,#9672,.T.);
#9670 = VERTEX_POINT('',#9671);
#9671 = CARTESIAN_POINT('',(0.32,-2.22,2.54));
#9672 = LINE('',#9673,#9674);
#9673 = CARTESIAN_POINT('',(-0.16,-2.22,2.54));
#9674 = VECTOR('',#9675,1.);
#9675 = DIRECTION('',(-1.,0.,0.));
#9676 = ORIENTED_EDGE('',*,*,#9677,.F.);
#9677 = EDGE_CURVE('',#9652,#9670,#9678,.T.);
#9678 = LINE('',#9679,#9680);
#9679 = CARTESIAN_POINT('',(0.32,-2.7,2.54));
#9680 = VECTOR('',#9681,1.);
#9681 = DIRECTION('',(0.,1.,0.));
#9682 = FACE_BOUND('',#9683,.T.);
#9683 = EDGE_LOOP('',(#9684,#9694,#9702,#9710));
#9684 = ORIENTED_EDGE('',*,*,#9685,.F.);
#9685 = EDGE_CURVE('',#9686,#9688,#9690,.T.);
#9686 = VERTEX_POINT('',#9687);
#9687 = CARTESIAN_POINT('',(0.32,-4.76,2.54));
#9688 = VERTEX_POINT('',#9689);
#9689 = CARTESIAN_POINT('',(-0.32,-4.76,2.54));
#9690 = LINE('',#9691,#9692);
#9691 = CARTESIAN_POINT('',(-0.16,-4.76,2.54));
#9692 = VECTOR('',#9693,1.);
#9693 = DIRECTION('',(-1.,0.,0.));
#9694 = ORIENTED_EDGE('',*,*,#9695,.F.);
#9695 = EDGE_CURVE('',#9696,#9686,#9698,.T.);
#9696 = VERTEX_POINT('',#9697);
#9697 = CARTESIAN_POINT('',(0.32,-5.4,2.54));
#9698 = LINE('',#9699,#9700);
#9699 = CARTESIAN_POINT('',(0.32,-3.97,2.54));
#9700 = VECTOR('',#9701,1.);
#9701 = DIRECTION('',(0.,1.,0.));
#9702 = ORIENTED_EDGE('',*,*,#9703,.T.);
#9703 = EDGE_CURVE('',#9696,#9704,#9706,.T.);
#9704 = VERTEX_POINT('',#9705);
#9705 = CARTESIAN_POINT('',(-0.32,-5.4,2.54));
#9706 = LINE('',#9707,#9708);
#9707 = CARTESIAN_POINT('',(-0.16,-5.4,2.54));
#9708 = VECTOR('',#9709,1.);
#9709 = DIRECTION('',(-1.,0.,0.));
#9710 = ORIENTED_EDGE('',*,*,#9711,.T.);
#9711 = EDGE_CURVE('',#9704,#9688,#9712,.T.);
#9712 = LINE('',#9713,#9714);
#9713 = CARTESIAN_POINT('',(-0.32,-3.97,2.54));
#9714 = VECTOR('',#9715,1.);
#9715 = DIRECTION('',(0.,1.,0.));
#9716 = PLANE('',#9717);
#9717 = AXIS2_PLACEMENT_3D('',#9718,#9719,#9720);
#9718 = CARTESIAN_POINT('',(5.398204781459E-17,-2.54,2.54));
#9719 = DIRECTION('',(0.,0.,1.));
#9720 = DIRECTION('',(1.,0.,-0.));
#9721 = ADVANCED_FACE('',(#9722),#9733,.F.);
#9722 = FACE_BOUND('',#9723,.F.);
#9723 = EDGE_LOOP('',(#9724,#9730,#9731,#9732));
#9724 = ORIENTED_EDGE('',*,*,#9725,.T.);
#9725 = EDGE_CURVE('',#9354,#9601,#9726,.T.);
#9726 = LINE('',#9727,#9728);
#9727 = CARTESIAN_POINT('',(1.27,1.016,0.));
#9728 = VECTOR('',#9729,1.);
#9729 = DIRECTION('',(0.,0.,1.));
#9730 = ORIENTED_EDGE('',*,*,#9608,.T.);
#9731 = ORIENTED_EDGE('',*,*,#9169,.F.);
#9732 = ORIENTED_EDGE('',*,*,#9361,.F.);
#9733 = PLANE('',#9734);
#9734 = AXIS2_PLACEMENT_3D('',#9735,#9736,#9737);
#9735 = CARTESIAN_POINT('',(1.27,1.016,0.));
#9736 = DIRECTION('',(-0.707106781187,-0.707106781187,0.));
#9737 = DIRECTION('',(-0.707106781187,0.707106781187,0.));
#9738 = ADVANCED_FACE('',(#9739),#9750,.F.);
#9739 = FACE_BOUND('',#9740,.F.);
#9740 = EDGE_LOOP('',(#9741,#9742,#9743,#9749));
#9741 = ORIENTED_EDGE('',*,*,#9209,.T.);
#9742 = ORIENTED_EDGE('',*,*,#9480,.T.);
#9743 = ORIENTED_EDGE('',*,*,#9744,.F.);
#9744 = EDGE_CURVE('',#9234,#9481,#9745,.T.);
#9745 = LINE('',#9746,#9747);
#9746 = CARTESIAN_POINT('',(-1.016,-1.27,0.));
#9747 = VECTOR('',#9748,1.);
#9748 = DIRECTION('',(0.,0.,1.));
#9749 = ORIENTED_EDGE('',*,*,#9233,.F.);
#9750 = PLANE('',#9751);
#9751 = AXIS2_PLACEMENT_3D('',#9752,#9753,#9754);
#9752 = CARTESIAN_POINT('',(-1.27,-1.016,0.));
#9753 = DIRECTION('',(0.707106781187,0.707106781187,0.));
#9754 = DIRECTION('',(0.707106781187,-0.707106781187,0.));
#9755 = ADVANCED_FACE('',(#9756),#9767,.F.);
#9756 = FACE_BOUND('',#9757,.F.);
#9757 = EDGE_LOOP('',(#9758,#9764,#9765,#9766));
#9758 = ORIENTED_EDGE('',*,*,#9759,.T.);
#9759 = EDGE_CURVE('',#9346,#9593,#9760,.T.);
#9760 = LINE('',#9761,#9762);
#9761 = CARTESIAN_POINT('',(1.27,-1.016,0.));
#9762 = VECTOR('',#9763,1.);
#9763 = DIRECTION('',(0.,0.,1.));
#9764 = ORIENTED_EDGE('',*,*,#9600,.T.);
#9765 = ORIENTED_EDGE('',*,*,#9725,.F.);
#9766 = ORIENTED_EDGE('',*,*,#9353,.F.);
#9767 = PLANE('',#9768);
#9768 = AXIS2_PLACEMENT_3D('',#9769,#9770,#9771);
#9769 = CARTESIAN_POINT('',(1.27,-1.016,0.));
#9770 = DIRECTION('',(-1.,0.,0.));
#9771 = DIRECTION('',(0.,1.,0.));
#9772 = ADVANCED_FACE('',(#9773),#9784,.F.);
#9773 = FACE_BOUND('',#9774,.F.);
#9774 = EDGE_LOOP('',(#9775,#9776,#9777,#9783));
#9775 = ORIENTED_EDGE('',*,*,#9744,.T.);
#9776 = ORIENTED_EDGE('',*,*,#9488,.T.);
#9777 = ORIENTED_EDGE('',*,*,#9778,.F.);
#9778 = EDGE_CURVE('',#9242,#9489,#9779,.T.);
#9779 = LINE('',#9780,#9781);
#9780 = CARTESIAN_POINT('',(-1.27,-1.524,0.));
#9781 = VECTOR('',#9782,1.);
#9782 = DIRECTION('',(0.,0.,1.));
#9783 = ORIENTED_EDGE('',*,*,#9241,.F.);
#9784 = PLANE('',#9785);
#9785 = AXIS2_PLACEMENT_3D('',#9786,#9787,#9788);
#9786 = CARTESIAN_POINT('',(-1.016,-1.27,0.));
#9787 = DIRECTION('',(0.707106781187,-0.707106781187,0.));
#9788 = DIRECTION('',(-0.707106781187,-0.707106781187,0.));
#9789 = ADVANCED_FACE('',(#9790),#9801,.F.);
#9790 = FACE_BOUND('',#9791,.F.);
#9791 = EDGE_LOOP('',(#9792,#9798,#9799,#9800));
#9792 = ORIENTED_EDGE('',*,*,#9793,.T.);
#9793 = EDGE_CURVE('',#9338,#9585,#9794,.T.);
#9794 = LINE('',#9795,#9796);
#9795 = CARTESIAN_POINT('',(1.016,-1.27,0.));
#9796 = VECTOR('',#9797,1.);
#9797 = DIRECTION('',(0.,0.,1.));
#9798 = ORIENTED_EDGE('',*,*,#9592,.T.);
#9799 = ORIENTED_EDGE('',*,*,#9759,.F.);
#9800 = ORIENTED_EDGE('',*,*,#9345,.F.);
#9801 = PLANE('',#9802);
#9802 = AXIS2_PLACEMENT_3D('',#9803,#9804,#9805);
#9803 = CARTESIAN_POINT('',(1.016,-1.27,0.));
#9804 = DIRECTION('',(-0.707106781187,0.707106781187,0.));
#9805 = DIRECTION('',(0.707106781187,0.707106781187,0.));
#9806 = ADVANCED_FACE('',(#9807),#9818,.F.);
#9807 = FACE_BOUND('',#9808,.F.);
#9808 = EDGE_LOOP('',(#9809,#9810,#9811,#9817));
#9809 = ORIENTED_EDGE('',*,*,#9778,.T.);
#9810 = ORIENTED_EDGE('',*,*,#9496,.T.);
#9811 = ORIENTED_EDGE('',*,*,#9812,.F.);
#9812 = EDGE_CURVE('',#9250,#9497,#9813,.T.);
#9813 = LINE('',#9814,#9815);
#9814 = CARTESIAN_POINT('',(-1.27,-3.556,0.));
#9815 = VECTOR('',#9816,1.);
#9816 = DIRECTION('',(0.,0.,1.));
#9817 = ORIENTED_EDGE('',*,*,#9249,.F.);
#9818 = PLANE('',#9819);
#9819 = AXIS2_PLACEMENT_3D('',#9820,#9821,#9822);
#9820 = CARTESIAN_POINT('',(-1.27,-1.524,0.));
#9821 = DIRECTION('',(1.,0.,0.));
#9822 = DIRECTION('',(0.,-1.,0.));
#9823 = ADVANCED_FACE('',(#9824),#9835,.F.);
#9824 = FACE_BOUND('',#9825,.F.);
#9825 = EDGE_LOOP('',(#9826,#9832,#9833,#9834));
#9826 = ORIENTED_EDGE('',*,*,#9827,.T.);
#9827 = EDGE_CURVE('',#9330,#9577,#9828,.T.);
#9828 = LINE('',#9829,#9830);
#9829 = CARTESIAN_POINT('',(1.27,-1.524,0.));
#9830 = VECTOR('',#9831,1.);
#9831 = DIRECTION('',(0.,0.,1.));
#9832 = ORIENTED_EDGE('',*,*,#9584,.T.);
#9833 = ORIENTED_EDGE('',*,*,#9793,.F.);
#9834 = ORIENTED_EDGE('',*,*,#9337,.F.);
#9835 = PLANE('',#9836);
#9836 = AXIS2_PLACEMENT_3D('',#9837,#9838,#9839);
#9837 = CARTESIAN_POINT('',(1.27,-1.524,0.));
#9838 = DIRECTION('',(-0.707106781187,-0.707106781187,0.));
#9839 = DIRECTION('',(-0.707106781187,0.707106781187,0.));
#9840 = ADVANCED_FACE('',(#9841),#9852,.F.);
#9841 = FACE_BOUND('',#9842,.F.);
#9842 = EDGE_LOOP('',(#9843,#9844,#9845,#9851));
#9843 = ORIENTED_EDGE('',*,*,#9812,.T.);
#9844 = ORIENTED_EDGE('',*,*,#9504,.T.);
#9845 = ORIENTED_EDGE('',*,*,#9846,.F.);
#9846 = EDGE_CURVE('',#9258,#9505,#9847,.T.);
#9847 = LINE('',#9848,#9849);
#9848 = CARTESIAN_POINT('',(-1.016,-3.81,0.));
#9849 = VECTOR('',#9850,1.);
#9850 = DIRECTION('',(0.,0.,1.));
#9851 = ORIENTED_EDGE('',*,*,#9257,.F.);
#9852 = PLANE('',#9853);
#9853 = AXIS2_PLACEMENT_3D('',#9854,#9855,#9856);
#9854 = CARTESIAN_POINT('',(-1.27,-3.556,0.));
#9855 = DIRECTION('',(0.707106781187,0.707106781187,0.));
#9856 = DIRECTION('',(0.707106781187,-0.707106781187,0.));
#9857 = ADVANCED_FACE('',(#9858),#9869,.F.);
#9858 = FACE_BOUND('',#9859,.F.);
#9859 = EDGE_LOOP('',(#9860,#9866,#9867,#9868));
#9860 = ORIENTED_EDGE('',*,*,#9861,.T.);
#9861 = EDGE_CURVE('',#9322,#9569,#9862,.T.);
#9862 = LINE('',#9863,#9864);
#9863 = CARTESIAN_POINT('',(1.27,-3.556,0.));
#9864 = VECTOR('',#9865,1.);
#9865 = DIRECTION('',(0.,0.,1.));
#9866 = ORIENTED_EDGE('',*,*,#9576,.T.);
#9867 = ORIENTED_EDGE('',*,*,#9827,.F.);
#9868 = ORIENTED_EDGE('',*,*,#9329,.F.);
#9869 = PLANE('',#9870);
#9870 = AXIS2_PLACEMENT_3D('',#9871,#9872,#9873);
#9871 = CARTESIAN_POINT('',(1.27,-3.556,0.));
#9872 = DIRECTION('',(-1.,0.,0.));
#9873 = DIRECTION('',(0.,1.,0.));
#9874 = ADVANCED_FACE('',(#9875),#9886,.F.);
#9875 = FACE_BOUND('',#9876,.F.);
#9876 = EDGE_LOOP('',(#9877,#9878,#9879,#9885));
#9877 = ORIENTED_EDGE('',*,*,#9846,.T.);
#9878 = ORIENTED_EDGE('',*,*,#9512,.T.);
#9879 = ORIENTED_EDGE('',*,*,#9880,.F.);
#9880 = EDGE_CURVE('',#9266,#9513,#9881,.T.);
#9881 = LINE('',#9882,#9883);
#9882 = CARTESIAN_POINT('',(-1.27,-4.064,0.));
#9883 = VECTOR('',#9884,1.);
#9884 = DIRECTION('',(0.,0.,1.));
#9885 = ORIENTED_EDGE('',*,*,#9265,.F.);
#9886 = PLANE('',#9887);
#9887 = AXIS2_PLACEMENT_3D('',#9888,#9889,#9890);
#9888 = CARTESIAN_POINT('',(-1.016,-3.81,0.));
#9889 = DIRECTION('',(0.707106781187,-0.707106781187,0.));
#9890 = DIRECTION('',(-0.707106781187,-0.707106781187,0.));
#9891 = ADVANCED_FACE('',(#9892),#9903,.F.);
#9892 = FACE_BOUND('',#9893,.F.);
#9893 = EDGE_LOOP('',(#9894,#9900,#9901,#9902));
#9894 = ORIENTED_EDGE('',*,*,#9895,.T.);
#9895 = EDGE_CURVE('',#9314,#9561,#9896,.T.);
#9896 = LINE('',#9897,#9898);
#9897 = CARTESIAN_POINT('',(1.016,-3.81,0.));
#9898 = VECTOR('',#9899,1.);
#9899 = DIRECTION('',(0.,0.,1.));
#9900 = ORIENTED_EDGE('',*,*,#9568,.T.);
#9901 = ORIENTED_EDGE('',*,*,#9861,.F.);
#9902 = ORIENTED_EDGE('',*,*,#9321,.F.);
#9903 = PLANE('',#9904);
#9904 = AXIS2_PLACEMENT_3D('',#9905,#9906,#9907);
#9905 = CARTESIAN_POINT('',(1.016,-3.81,0.));
#9906 = DIRECTION('',(-0.707106781187,0.707106781187,0.));
#9907 = DIRECTION('',(0.707106781187,0.707106781187,0.));
#9908 = ADVANCED_FACE('',(#9909),#9920,.F.);
#9909 = FACE_BOUND('',#9910,.F.);
#9910 = EDGE_LOOP('',(#9911,#9912,#9913,#9919));
#9911 = ORIENTED_EDGE('',*,*,#9880,.T.);
#9912 = ORIENTED_EDGE('',*,*,#9520,.T.);
#9913 = ORIENTED_EDGE('',*,*,#9914,.F.);
#9914 = EDGE_CURVE('',#9274,#9521,#9915,.T.);
#9915 = LINE('',#9916,#9917);
#9916 = CARTESIAN_POINT('',(-1.27,-6.096,0.));
#9917 = VECTOR('',#9918,1.);
#9918 = DIRECTION('',(0.,0.,1.));
#9919 = ORIENTED_EDGE('',*,*,#9273,.F.);
#9920 = PLANE('',#9921);
#9921 = AXIS2_PLACEMENT_3D('',#9922,#9923,#9924);
#9922 = CARTESIAN_POINT('',(-1.27,-4.064,0.));
#9923 = DIRECTION('',(1.,0.,0.));
#9924 = DIRECTION('',(0.,-1.,0.));
#9925 = ADVANCED_FACE('',(#9926),#9937,.F.);
#9926 = FACE_BOUND('',#9927,.F.);
#9927 = EDGE_LOOP('',(#9928,#9934,#9935,#9936));
#9928 = ORIENTED_EDGE('',*,*,#9929,.T.);
#9929 = EDGE_CURVE('',#9306,#9553,#9930,.T.);
#9930 = LINE('',#9931,#9932);
#9931 = CARTESIAN_POINT('',(1.27,-4.064,0.));
#9932 = VECTOR('',#9933,1.);
#9933 = DIRECTION('',(0.,0.,1.));
#9934 = ORIENTED_EDGE('',*,*,#9560,.T.);
#9935 = ORIENTED_EDGE('',*,*,#9895,.F.);
#9936 = ORIENTED_EDGE('',*,*,#9313,.F.);
#9937 = PLANE('',#9938);
#9938 = AXIS2_PLACEMENT_3D('',#9939,#9940,#9941);
#9939 = CARTESIAN_POINT('',(1.27,-4.064,0.));
#9940 = DIRECTION('',(-0.707106781187,-0.707106781187,0.));
#9941 = DIRECTION('',(-0.707106781187,0.707106781187,0.));
#9942 = ADVANCED_FACE('',(#9943),#9954,.F.);
#9943 = FACE_BOUND('',#9944,.F.);
#9944 = EDGE_LOOP('',(#9945,#9946,#9947,#9953));
#9945 = ORIENTED_EDGE('',*,*,#9914,.T.);
#9946 = ORIENTED_EDGE('',*,*,#9528,.T.);
#9947 = ORIENTED_EDGE('',*,*,#9948,.F.);
#9948 = EDGE_CURVE('',#9282,#9529,#9949,.T.);
#9949 = LINE('',#9950,#9951);
#9950 = CARTESIAN_POINT('',(-1.016,-6.35,0.));
#9951 = VECTOR('',#9952,1.);
#9952 = DIRECTION('',(0.,0.,1.));
#9953 = ORIENTED_EDGE('',*,*,#9281,.F.);
#9954 = PLANE('',#9955);
#9955 = AXIS2_PLACEMENT_3D('',#9956,#9957,#9958);
#9956 = CARTESIAN_POINT('',(-1.27,-6.096,0.));
#9957 = DIRECTION('',(0.707106781187,0.707106781187,0.));
#9958 = DIRECTION('',(0.707106781187,-0.707106781187,0.));
#9959 = ADVANCED_FACE('',(#9960),#9971,.F.);
#9960 = FACE_BOUND('',#9961,.F.);
#9961 = EDGE_LOOP('',(#9962,#9968,#9969,#9970));
#9962 = ORIENTED_EDGE('',*,*,#9963,.T.);
#9963 = EDGE_CURVE('',#9298,#9545,#9964,.T.);
#9964 = LINE('',#9965,#9966);
#9965 = CARTESIAN_POINT('',(1.27,-6.096,0.));
#9966 = VECTOR('',#9967,1.);
#9967 = DIRECTION('',(0.,0.,1.));
#9968 = ORIENTED_EDGE('',*,*,#9552,.T.);
#9969 = ORIENTED_EDGE('',*,*,#9929,.F.);
#9970 = ORIENTED_EDGE('',*,*,#9305,.F.);
#9971 = PLANE('',#9972);
#9972 = AXIS2_PLACEMENT_3D('',#9973,#9974,#9975);
#9973 = CARTESIAN_POINT('',(1.27,-6.096,0.));
#9974 = DIRECTION('',(-1.,0.,0.));
#9975 = DIRECTION('',(0.,1.,0.));
#9976 = ADVANCED_FACE('',(#9977),#9988,.F.);
#9977 = FACE_BOUND('',#9978,.F.);
#9978 = EDGE_LOOP('',(#9979,#9980,#9981,#9987));
#9979 = ORIENTED_EDGE('',*,*,#9948,.T.);
#9980 = ORIENTED_EDGE('',*,*,#9536,.T.);
#9981 = ORIENTED_EDGE('',*,*,#9982,.F.);
#9982 = EDGE_CURVE('',#9290,#9537,#9983,.T.);
#9983 = LINE('',#9984,#9985);
#9984 = CARTESIAN_POINT('',(1.016,-6.35,0.));
#9985 = VECTOR('',#9986,1.);
#9986 = DIRECTION('',(0.,0.,1.));
#9987 = ORIENTED_EDGE('',*,*,#9289,.F.);
#9988 = PLANE('',#9989);
#9989 = AXIS2_PLACEMENT_3D('',#9990,#9991,#9992);
#9990 = CARTESIAN_POINT('',(-1.016,-6.35,0.));
#9991 = DIRECTION('',(0.,1.,0.));
#9992 = DIRECTION('',(1.,0.,0.));
#9993 = ADVANCED_FACE('',(#9994),#10000,.F.);
#9994 = FACE_BOUND('',#9995,.F.);
#9995 = EDGE_LOOP('',(#9996,#9997,#9998,#9999));
#9996 = ORIENTED_EDGE('',*,*,#9982,.T.);
#9997 = ORIENTED_EDGE('',*,*,#9544,.T.);
#9998 = ORIENTED_EDGE('',*,*,#9963,.F.);
#9999 = ORIENTED_EDGE('',*,*,#9297,.F.);
#10000 = PLANE('',#10001);
#10001 = AXIS2_PLACEMENT_3D('',#10002,#10003,#10004);
#10002 = CARTESIAN_POINT('',(1.016,-6.35,0.));
#10003 = DIRECTION('',(-0.707106781187,0.707106781187,0.));
#10004 = DIRECTION('',(0.707106781187,0.707106781187,0.));
#10005 = ADVANCED_FACE('',(#10006),#10031,.T.);
#10006 = FACE_BOUND('',#10007,.T.);
#10007 = EDGE_LOOP('',(#10008,#10016,#10024,#10030));
#10008 = ORIENTED_EDGE('',*,*,#10009,.F.);
#10009 = EDGE_CURVE('',#10010,#9371,#10012,.T.);
#10010 = VERTEX_POINT('',#10011);
#10011 = CARTESIAN_POINT('',(0.32,-0.32,-2.84));
#10012 = LINE('',#10013,#10014);
#10013 = CARTESIAN_POINT('',(0.32,-0.32,-3.));
#10014 = VECTOR('',#10015,1.);
#10015 = DIRECTION('',(0.,0.,1.));
#10016 = ORIENTED_EDGE('',*,*,#10017,.T.);
#10017 = EDGE_CURVE('',#10010,#10018,#10020,.T.);
#10018 = VERTEX_POINT('',#10019);
#10019 = CARTESIAN_POINT('',(0.32,0.32,-2.84));
#10020 = LINE('',#10021,#10022);
#10021 = CARTESIAN_POINT('',(0.32,-0.32,-2.84));
#10022 = VECTOR('',#10023,1.);
#10023 = DIRECTION('',(0.,1.,0.));
#10024 = ORIENTED_EDGE('',*,*,#10025,.T.);
#10025 = EDGE_CURVE('',#10018,#9373,#10026,.T.);
#10026 = LINE('',#10027,#10028);
#10027 = CARTESIAN_POINT('',(0.32,0.32,-3.));
#10028 = VECTOR('',#10029,1.);
#10029 = DIRECTION('',(0.,0.,1.));
#10030 = ORIENTED_EDGE('',*,*,#9370,.F.);
#10031 = PLANE('',#10032);
#10032 = AXIS2_PLACEMENT_3D('',#10033,#10034,#10035);
#10033 = CARTESIAN_POINT('',(0.32,-0.32,-3.));
#10034 = DIRECTION('',(1.,0.,0.));
#10035 = DIRECTION('',(0.,0.,1.));
#10036 = ADVANCED_FACE('',(#10037),#10055,.T.);
#10037 = FACE_BOUND('',#10038,.T.);
#10038 = EDGE_LOOP('',(#10039,#10040,#10048,#10054));
#10039 = ORIENTED_EDGE('',*,*,#10025,.F.);
#10040 = ORIENTED_EDGE('',*,*,#10041,.F.);
#10041 = EDGE_CURVE('',#10042,#10018,#10044,.T.);
#10042 = VERTEX_POINT('',#10043);
#10043 = CARTESIAN_POINT('',(-0.32,0.32,-2.84));
#10044 = LINE('',#10045,#10046);
#10045 = CARTESIAN_POINT('',(-0.32,0.32,-2.84));
#10046 = VECTOR('',#10047,1.);
#10047 = DIRECTION('',(1.,0.,0.));
#10048 = ORIENTED_EDGE('',*,*,#10049,.T.);
#10049 = EDGE_CURVE('',#10042,#9389,#10050,.T.);
#10050 = LINE('',#10051,#10052);
#10051 = CARTESIAN_POINT('',(-0.32,0.32,-3.));
#10052 = VECTOR('',#10053,1.);
#10053 = DIRECTION('',(0.,0.,1.));
#10054 = ORIENTED_EDGE('',*,*,#9396,.F.);
#10055 = PLANE('',#10056);
#10056 = AXIS2_PLACEMENT_3D('',#10057,#10058,#10059);
#10057 = CARTESIAN_POINT('',(-0.32,0.32,-3.));
#10058 = DIRECTION('',(0.,1.,0.));
#10059 = DIRECTION('',(0.,-0.,1.));
#10060 = ADVANCED_FACE('',(#10061),#10079,.F.);
#10061 = FACE_BOUND('',#10062,.F.);
#10062 = EDGE_LOOP('',(#10063,#10071,#10077,#10078));
#10063 = ORIENTED_EDGE('',*,*,#10064,.F.);
#10064 = EDGE_CURVE('',#10065,#9381,#10067,.T.);
#10065 = VERTEX_POINT('',#10066);
#10066 = CARTESIAN_POINT('',(-0.32,-0.32,-2.84));
#10067 = LINE('',#10068,#10069);
#10068 = CARTESIAN_POINT('',(-0.32,-0.32,-3.));
#10069 = VECTOR('',#10070,1.);
#10070 = DIRECTION('',(0.,0.,1.));
#10071 = ORIENTED_EDGE('',*,*,#10072,.T.);
#10072 = EDGE_CURVE('',#10065,#10042,#10073,.T.);
#10073 = LINE('',#10074,#10075);
#10074 = CARTESIAN_POINT('',(-0.32,-0.32,-2.84));
#10075 = VECTOR('',#10076,1.);
#10076 = DIRECTION('',(0.,1.,0.));
#10077 = ORIENTED_EDGE('',*,*,#10049,.T.);
#10078 = ORIENTED_EDGE('',*,*,#9388,.F.);
#10079 = PLANE('',#10080);
#10080 = AXIS2_PLACEMENT_3D('',#10081,#10082,#10083);
#10081 = CARTESIAN_POINT('',(-0.32,-0.32,-3.));
#10082 = DIRECTION('',(1.,0.,0.));
#10083 = DIRECTION('',(0.,0.,1.));
#10084 = ADVANCED_FACE('',(#10085),#10096,.F.);
#10085 = FACE_BOUND('',#10086,.F.);
#10086 = EDGE_LOOP('',(#10087,#10088,#10094,#10095));
#10087 = ORIENTED_EDGE('',*,*,#10009,.F.);
#10088 = ORIENTED_EDGE('',*,*,#10089,.F.);
#10089 = EDGE_CURVE('',#10065,#10010,#10090,.T.);
#10090 = LINE('',#10091,#10092);
#10091 = CARTESIAN_POINT('',(-0.32,-0.32,-2.84));
#10092 = VECTOR('',#10093,1.);
#10093 = DIRECTION('',(1.,0.,0.));
#10094 = ORIENTED_EDGE('',*,*,#10064,.T.);
#10095 = ORIENTED_EDGE('',*,*,#9380,.F.);
#10096 = PLANE('',#10097);
#10097 = AXIS2_PLACEMENT_3D('',#10098,#10099,#10100);
#10098 = CARTESIAN_POINT('',(-0.32,-0.32,-3.));
#10099 = DIRECTION('',(0.,1.,0.));
#10100 = DIRECTION('',(0.,-0.,1.));
#10101 = ADVANCED_FACE('',(#10102),#10127,.F.);
#10102 = FACE_BOUND('',#10103,.F.);
#10103 = EDGE_LOOP('',(#10104,#10112,#10120,#10126));
#10104 = ORIENTED_EDGE('',*,*,#10105,.F.);
#10105 = EDGE_CURVE('',#10106,#9405,#10108,.T.);
#10106 = VERTEX_POINT('',#10107);
#10107 = CARTESIAN_POINT('',(0.32,-2.86,-2.84));
#10108 = LINE('',#10109,#10110);
#10109 = CARTESIAN_POINT('',(0.32,-2.86,-3.));
#10110 = VECTOR('',#10111,1.);
#10111 = DIRECTION('',(0.,0.,1.));
#10112 = ORIENTED_EDGE('',*,*,#10113,.F.);
#10113 = EDGE_CURVE('',#10114,#10106,#10116,.T.);
#10114 = VERTEX_POINT('',#10115);
#10115 = CARTESIAN_POINT('',(-0.32,-2.86,-2.84));
#10116 = LINE('',#10117,#10118);
#10117 = CARTESIAN_POINT('',(-0.32,-2.86,-2.84));
#10118 = VECTOR('',#10119,1.);
#10119 = DIRECTION('',(1.,0.,0.));
#10120 = ORIENTED_EDGE('',*,*,#10121,.T.);
#10121 = EDGE_CURVE('',#10114,#9407,#10122,.T.);
#10122 = LINE('',#10123,#10124);
#10123 = CARTESIAN_POINT('',(-0.32,-2.86,-3.));
#10124 = VECTOR('',#10125,1.);
#10125 = DIRECTION('',(0.,0.,1.));
#10126 = ORIENTED_EDGE('',*,*,#9404,.F.);
#10127 = PLANE('',#10128);
#10128 = AXIS2_PLACEMENT_3D('',#10129,#10130,#10131);
#10129 = CARTESIAN_POINT('',(-0.32,-2.86,-3.));
#10130 = DIRECTION('',(0.,1.,0.));
#10131 = DIRECTION('',(0.,-0.,1.));
#10132 = ADVANCED_FACE('',(#10133),#10151,.T.);
#10133 = FACE_BOUND('',#10134,.T.);
#10134 = EDGE_LOOP('',(#10135,#10136,#10144,#10150));
#10135 = ORIENTED_EDGE('',*,*,#10105,.F.);
#10136 = ORIENTED_EDGE('',*,*,#10137,.T.);
#10137 = EDGE_CURVE('',#10106,#10138,#10140,.T.);
#10138 = VERTEX_POINT('',#10139);
#10139 = CARTESIAN_POINT('',(0.32,-2.22,-2.84));
#10140 = LINE('',#10141,#10142);
#10141 = CARTESIAN_POINT('',(0.32,-2.86,-2.84));
#10142 = VECTOR('',#10143,1.);
#10143 = DIRECTION('',(0.,1.,0.));
#10144 = ORIENTED_EDGE('',*,*,#10145,.T.);
#10145 = EDGE_CURVE('',#10138,#9423,#10146,.T.);
#10146 = LINE('',#10147,#10148);
#10147 = CARTESIAN_POINT('',(0.32,-2.22,-3.));
#10148 = VECTOR('',#10149,1.);
#10149 = DIRECTION('',(0.,0.,1.));
#10150 = ORIENTED_EDGE('',*,*,#9430,.F.);
#10151 = PLANE('',#10152);
#10152 = AXIS2_PLACEMENT_3D('',#10153,#10154,#10155);
#10153 = CARTESIAN_POINT('',(0.32,-2.86,-3.));
#10154 = DIRECTION('',(1.,0.,0.));
#10155 = DIRECTION('',(0.,0.,1.));
#10156 = ADVANCED_FACE('',(#10157),#10175,.T.);
#10157 = FACE_BOUND('',#10158,.T.);
#10158 = EDGE_LOOP('',(#10159,#10160,#10168,#10174));
#10159 = ORIENTED_EDGE('',*,*,#10145,.F.);
#10160 = ORIENTED_EDGE('',*,*,#10161,.F.);
#10161 = EDGE_CURVE('',#10162,#10138,#10164,.T.);
#10162 = VERTEX_POINT('',#10163);
#10163 = CARTESIAN_POINT('',(-0.32,-2.22,-2.84));
#10164 = LINE('',#10165,#10166);
#10165 = CARTESIAN_POINT('',(-0.32,-2.22,-2.84));
#10166 = VECTOR('',#10167,1.);
#10167 = DIRECTION('',(1.,0.,0.));
#10168 = ORIENTED_EDGE('',*,*,#10169,.T.);
#10169 = EDGE_CURVE('',#10162,#9415,#10170,.T.);
#10170 = LINE('',#10171,#10172);
#10171 = CARTESIAN_POINT('',(-0.32,-2.22,-3.));
#10172 = VECTOR('',#10173,1.);
#10173 = DIRECTION('',(0.,0.,1.));
#10174 = ORIENTED_EDGE('',*,*,#9422,.F.);
#10175 = PLANE('',#10176);
#10176 = AXIS2_PLACEMENT_3D('',#10177,#10178,#10179);
#10177 = CARTESIAN_POINT('',(-0.32,-2.22,-3.));
#10178 = DIRECTION('',(0.,1.,0.));
#10179 = DIRECTION('',(0.,-0.,1.));
#10180 = ADVANCED_FACE('',(#10181),#10192,.F.);
#10181 = FACE_BOUND('',#10182,.F.);
#10182 = EDGE_LOOP('',(#10183,#10184,#10190,#10191));
#10183 = ORIENTED_EDGE('',*,*,#10121,.F.);
#10184 = ORIENTED_EDGE('',*,*,#10185,.T.);
#10185 = EDGE_CURVE('',#10114,#10162,#10186,.T.);
#10186 = LINE('',#10187,#10188);
#10187 = CARTESIAN_POINT('',(-0.32,-2.86,-2.84));
#10188 = VECTOR('',#10189,1.);
#10189 = DIRECTION('',(0.,1.,0.));
#10190 = ORIENTED_EDGE('',*,*,#10169,.T.);
#10191 = ORIENTED_EDGE('',*,*,#9414,.F.);
#10192 = PLANE('',#10193);
#10193 = AXIS2_PLACEMENT_3D('',#10194,#10195,#10196);
#10194 = CARTESIAN_POINT('',(-0.32,-2.86,-3.));
#10195 = DIRECTION('',(1.,0.,0.));
#10196 = DIRECTION('',(0.,0.,1.));
#10197 = ADVANCED_FACE('',(#10198),#10223,.T.);
#10198 = FACE_BOUND('',#10199,.T.);
#10199 = EDGE_LOOP('',(#10200,#10208,#10216,#10222));
#10200 = ORIENTED_EDGE('',*,*,#10201,.F.);
#10201 = EDGE_CURVE('',#10202,#9439,#10204,.T.);
#10202 = VERTEX_POINT('',#10203);
#10203 = CARTESIAN_POINT('',(0.32,-4.76,-2.84));
#10204 = LINE('',#10205,#10206);
#10205 = CARTESIAN_POINT('',(0.32,-4.76,-3.));
#10206 = VECTOR('',#10207,1.);
#10207 = DIRECTION('',(0.,0.,1.));
#10208 = ORIENTED_EDGE('',*,*,#10209,.F.);
#10209 = EDGE_CURVE('',#10210,#10202,#10212,.T.);
#10210 = VERTEX_POINT('',#10211);
#10211 = CARTESIAN_POINT('',(-0.32,-4.76,-2.84));
#10212 = LINE('',#10213,#10214);
#10213 = CARTESIAN_POINT('',(-0.32,-4.76,-2.84));
#10214 = VECTOR('',#10215,1.);
#10215 = DIRECTION('',(1.,0.,0.));
#10216 = ORIENTED_EDGE('',*,*,#10217,.T.);
#10217 = EDGE_CURVE('',#10210,#9441,#10218,.T.);
#10218 = LINE('',#10219,#10220);
#10219 = CARTESIAN_POINT('',(-0.32,-4.76,-3.));
#10220 = VECTOR('',#10221,1.);
#10221 = DIRECTION('',(0.,0.,1.));
#10222 = ORIENTED_EDGE('',*,*,#9438,.F.);
#10223 = PLANE('',#10224);
#10224 = AXIS2_PLACEMENT_3D('',#10225,#10226,#10227);
#10225 = CARTESIAN_POINT('',(-0.32,-4.76,-3.));
#10226 = DIRECTION('',(0.,1.,0.));
#10227 = DIRECTION('',(0.,-0.,1.));
#10228 = ADVANCED_FACE('',(#10229),#10247,.F.);
#10229 = FACE_BOUND('',#10230,.F.);
#10230 = EDGE_LOOP('',(#10231,#10239,#10245,#10246));
#10231 = ORIENTED_EDGE('',*,*,#10232,.F.);
#10232 = EDGE_CURVE('',#10233,#9457,#10235,.T.);
#10233 = VERTEX_POINT('',#10234);
#10234 = CARTESIAN_POINT('',(-0.32,-5.4,-2.84));
#10235 = LINE('',#10236,#10237);
#10236 = CARTESIAN_POINT('',(-0.32,-5.4,-3.));
#10237 = VECTOR('',#10238,1.);
#10238 = DIRECTION('',(0.,0.,1.));
#10239 = ORIENTED_EDGE('',*,*,#10240,.T.);
#10240 = EDGE_CURVE('',#10233,#10210,#10241,.T.);
#10241 = LINE('',#10242,#10243);
#10242 = CARTESIAN_POINT('',(-0.32,-5.4,-2.84));
#10243 = VECTOR('',#10244,1.);
#10244 = DIRECTION('',(0.,1.,0.));
#10245 = ORIENTED_EDGE('',*,*,#10217,.T.);
#10246 = ORIENTED_EDGE('',*,*,#9464,.F.);
#10247 = PLANE('',#10248);
#10248 = AXIS2_PLACEMENT_3D('',#10249,#10250,#10251);
#10249 = CARTESIAN_POINT('',(-0.32,-5.4,-3.));
#10250 = DIRECTION('',(1.,0.,0.));
#10251 = DIRECTION('',(0.,0.,1.));
#10252 = ADVANCED_FACE('',(#10253),#10271,.F.);
#10253 = FACE_BOUND('',#10254,.F.);
#10254 = EDGE_LOOP('',(#10255,#10263,#10269,#10270));
#10255 = ORIENTED_EDGE('',*,*,#10256,.F.);
#10256 = EDGE_CURVE('',#10257,#9449,#10259,.T.);
#10257 = VERTEX_POINT('',#10258);
#10258 = CARTESIAN_POINT('',(0.32,-5.4,-2.84));
#10259 = LINE('',#10260,#10261);
#10260 = CARTESIAN_POINT('',(0.32,-5.4,-3.));
#10261 = VECTOR('',#10262,1.);
#10262 = DIRECTION('',(0.,0.,1.));
#10263 = ORIENTED_EDGE('',*,*,#10264,.F.);
#10264 = EDGE_CURVE('',#10233,#10257,#10265,.T.);
#10265 = LINE('',#10266,#10267);
#10266 = CARTESIAN_POINT('',(-0.32,-5.4,-2.84));
#10267 = VECTOR('',#10268,1.);
#10268 = DIRECTION('',(1.,0.,0.));
#10269 = ORIENTED_EDGE('',*,*,#10232,.T.);
#10270 = ORIENTED_EDGE('',*,*,#9456,.F.);
#10271 = PLANE('',#10272);
#10272 = AXIS2_PLACEMENT_3D('',#10273,#10274,#10275);
#10273 = CARTESIAN_POINT('',(-0.32,-5.4,-3.));
#10274 = DIRECTION('',(0.,1.,0.));
#10275 = DIRECTION('',(0.,-0.,1.));
#10276 = ADVANCED_FACE('',(#10277),#10288,.T.);
#10277 = FACE_BOUND('',#10278,.T.);
#10278 = EDGE_LOOP('',(#10279,#10280,#10286,#10287));
#10279 = ORIENTED_EDGE('',*,*,#10256,.F.);
#10280 = ORIENTED_EDGE('',*,*,#10281,.T.);
#10281 = EDGE_CURVE('',#10257,#10202,#10282,.T.);
#10282 = LINE('',#10283,#10284);
#10283 = CARTESIAN_POINT('',(0.32,-5.4,-2.84));
#10284 = VECTOR('',#10285,1.);
#10285 = DIRECTION('',(0.,1.,0.));
#10286 = ORIENTED_EDGE('',*,*,#10201,.T.);
#10287 = ORIENTED_EDGE('',*,*,#9448,.F.);
#10288 = PLANE('',#10289);
#10289 = AXIS2_PLACEMENT_3D('',#10290,#10291,#10292);
#10290 = CARTESIAN_POINT('',(0.32,-5.4,-3.));
#10291 = DIRECTION('',(1.,0.,0.));
#10292 = DIRECTION('',(0.,0.,1.));
#10293 = ADVANCED_FACE('',(#10294),#10319,.T.);
#10294 = FACE_BOUND('',#10295,.T.);
#10295 = EDGE_LOOP('',(#10296,#10304,#10305,#10313));
#10296 = ORIENTED_EDGE('',*,*,#10297,.F.);
#10297 = EDGE_CURVE('',#9618,#10298,#10300,.T.);
#10298 = VERTEX_POINT('',#10299);
#10299 = CARTESIAN_POINT('',(0.32,-0.32,8.38));
#10300 = LINE('',#10301,#10302);
#10301 = CARTESIAN_POINT('',(0.32,-0.32,-3.));
#10302 = VECTOR('',#10303,1.);
#10303 = DIRECTION('',(0.,0.,1.));
#10304 = ORIENTED_EDGE('',*,*,#9617,.T.);
#10305 = ORIENTED_EDGE('',*,*,#10306,.T.);
#10306 = EDGE_CURVE('',#9620,#10307,#10309,.T.);
#10307 = VERTEX_POINT('',#10308);
#10308 = CARTESIAN_POINT('',(0.32,0.32,8.38));
#10309 = LINE('',#10310,#10311);
#10310 = CARTESIAN_POINT('',(0.32,0.32,-3.));
#10311 = VECTOR('',#10312,1.);
#10312 = DIRECTION('',(0.,0.,1.));
#10313 = ORIENTED_EDGE('',*,*,#10314,.F.);
#10314 = EDGE_CURVE('',#10298,#10307,#10315,.T.);
#10315 = LINE('',#10316,#10317);
#10316 = CARTESIAN_POINT('',(0.32,-0.32,8.38));
#10317 = VECTOR('',#10318,1.);
#10318 = DIRECTION('',(0.,1.,0.));
#10319 = PLANE('',#10320);
#10320 = AXIS2_PLACEMENT_3D('',#10321,#10322,#10323);
#10321 = CARTESIAN_POINT('',(0.32,-0.32,-3.));
#10322 = DIRECTION('',(1.,0.,0.));
#10323 = DIRECTION('',(0.,0.,1.));
#10324 = ADVANCED_FACE('',(#10325),#10343,.T.);
#10325 = FACE_BOUND('',#10326,.T.);
#10326 = EDGE_LOOP('',(#10327,#10328,#10329,#10337));
#10327 = ORIENTED_EDGE('',*,*,#10306,.F.);
#10328 = ORIENTED_EDGE('',*,*,#9643,.T.);
#10329 = ORIENTED_EDGE('',*,*,#10330,.T.);
#10330 = EDGE_CURVE('',#9636,#10331,#10333,.T.);
#10331 = VERTEX_POINT('',#10332);
#10332 = CARTESIAN_POINT('',(-0.32,0.32,8.38));
#10333 = LINE('',#10334,#10335);
#10334 = CARTESIAN_POINT('',(-0.32,0.32,-3.));
#10335 = VECTOR('',#10336,1.);
#10336 = DIRECTION('',(0.,0.,1.));
#10337 = ORIENTED_EDGE('',*,*,#10338,.T.);
#10338 = EDGE_CURVE('',#10331,#10307,#10339,.T.);
#10339 = LINE('',#10340,#10341);
#10340 = CARTESIAN_POINT('',(-0.32,0.32,8.38));
#10341 = VECTOR('',#10342,1.);
#10342 = DIRECTION('',(1.,0.,0.));
#10343 = PLANE('',#10344);
#10344 = AXIS2_PLACEMENT_3D('',#10345,#10346,#10347);
#10345 = CARTESIAN_POINT('',(-0.32,0.32,-3.));
#10346 = DIRECTION('',(0.,1.,0.));
#10347 = DIRECTION('',(0.,-0.,1.));
#10348 = ADVANCED_FACE('',(#10349),#10367,.F.);
#10349 = FACE_BOUND('',#10350,.F.);
#10350 = EDGE_LOOP('',(#10351,#10359,#10360,#10361));
#10351 = ORIENTED_EDGE('',*,*,#10352,.F.);
#10352 = EDGE_CURVE('',#9628,#10353,#10355,.T.);
#10353 = VERTEX_POINT('',#10354);
#10354 = CARTESIAN_POINT('',(-0.32,-0.32,8.38));
#10355 = LINE('',#10356,#10357);
#10356 = CARTESIAN_POINT('',(-0.32,-0.32,-3.));
#10357 = VECTOR('',#10358,1.);
#10358 = DIRECTION('',(0.,0.,1.));
#10359 = ORIENTED_EDGE('',*,*,#9635,.T.);
#10360 = ORIENTED_EDGE('',*,*,#10330,.T.);
#10361 = ORIENTED_EDGE('',*,*,#10362,.F.);
#10362 = EDGE_CURVE('',#10353,#10331,#10363,.T.);
#10363 = LINE('',#10364,#10365);
#10364 = CARTESIAN_POINT('',(-0.32,-0.32,8.38));
#10365 = VECTOR('',#10366,1.);
#10366 = DIRECTION('',(0.,1.,0.));
#10367 = PLANE('',#10368);
#10368 = AXIS2_PLACEMENT_3D('',#10369,#10370,#10371);
#10369 = CARTESIAN_POINT('',(-0.32,-0.32,-3.));
#10370 = DIRECTION('',(1.,0.,0.));
#10371 = DIRECTION('',(0.,0.,1.));
#10372 = ADVANCED_FACE('',(#10373),#10384,.F.);
#10373 = FACE_BOUND('',#10374,.F.);
#10374 = EDGE_LOOP('',(#10375,#10376,#10377,#10378));
#10375 = ORIENTED_EDGE('',*,*,#10297,.F.);
#10376 = ORIENTED_EDGE('',*,*,#9627,.T.);
#10377 = ORIENTED_EDGE('',*,*,#10352,.T.);
#10378 = ORIENTED_EDGE('',*,*,#10379,.T.);
#10379 = EDGE_CURVE('',#10353,#10298,#10380,.T.);
#10380 = LINE('',#10381,#10382);
#10381 = CARTESIAN_POINT('',(-0.32,-0.32,8.38));
#10382 = VECTOR('',#10383,1.);
#10383 = DIRECTION('',(1.,0.,0.));
#10384 = PLANE('',#10385);
#10385 = AXIS2_PLACEMENT_3D('',#10386,#10387,#10388);
#10386 = CARTESIAN_POINT('',(-0.32,-0.32,-3.));
#10387 = DIRECTION('',(0.,1.,0.));
#10388 = DIRECTION('',(0.,-0.,1.));
#10389 = ADVANCED_FACE('',(#10390),#10415,.F.);
#10390 = FACE_BOUND('',#10391,.F.);
#10391 = EDGE_LOOP('',(#10392,#10400,#10401,#10409));
#10392 = ORIENTED_EDGE('',*,*,#10393,.F.);
#10393 = EDGE_CURVE('',#9652,#10394,#10396,.T.);
#10394 = VERTEX_POINT('',#10395);
#10395 = CARTESIAN_POINT('',(0.32,-2.86,8.38));
#10396 = LINE('',#10397,#10398);
#10397 = CARTESIAN_POINT('',(0.32,-2.86,-3.));
#10398 = VECTOR('',#10399,1.);
#10399 = DIRECTION('',(0.,0.,1.));
#10400 = ORIENTED_EDGE('',*,*,#9651,.T.);
#10401 = ORIENTED_EDGE('',*,*,#10402,.T.);
#10402 = EDGE_CURVE('',#9654,#10403,#10405,.T.);
#10403 = VERTEX_POINT('',#10404);
#10404 = CARTESIAN_POINT('',(-0.32,-2.86,8.38));
#10405 = LINE('',#10406,#10407);
#10406 = CARTESIAN_POINT('',(-0.32,-2.86,-3.));
#10407 = VECTOR('',#10408,1.);
#10408 = DIRECTION('',(0.,0.,1.));
#10409 = ORIENTED_EDGE('',*,*,#10410,.T.);
#10410 = EDGE_CURVE('',#10403,#10394,#10411,.T.);
#10411 = LINE('',#10412,#10413);
#10412 = CARTESIAN_POINT('',(-0.32,-2.86,8.38));
#10413 = VECTOR('',#10414,1.);
#10414 = DIRECTION('',(1.,0.,0.));
#10415 = PLANE('',#10416);
#10416 = AXIS2_PLACEMENT_3D('',#10417,#10418,#10419);
#10417 = CARTESIAN_POINT('',(-0.32,-2.86,-3.));
#10418 = DIRECTION('',(0.,1.,0.));
#10419 = DIRECTION('',(0.,-0.,1.));
#10420 = ADVANCED_FACE('',(#10421),#10439,.T.);
#10421 = FACE_BOUND('',#10422,.T.);
#10422 = EDGE_LOOP('',(#10423,#10424,#10425,#10433));
#10423 = ORIENTED_EDGE('',*,*,#10393,.F.);
#10424 = ORIENTED_EDGE('',*,*,#9677,.T.);
#10425 = ORIENTED_EDGE('',*,*,#10426,.T.);
#10426 = EDGE_CURVE('',#9670,#10427,#10429,.T.);
#10427 = VERTEX_POINT('',#10428);
#10428 = CARTESIAN_POINT('',(0.32,-2.22,8.38));
#10429 = LINE('',#10430,#10431);
#10430 = CARTESIAN_POINT('',(0.32,-2.22,-3.));
#10431 = VECTOR('',#10432,1.);
#10432 = DIRECTION('',(0.,0.,1.));
#10433 = ORIENTED_EDGE('',*,*,#10434,.F.);
#10434 = EDGE_CURVE('',#10394,#10427,#10435,.T.);
#10435 = LINE('',#10436,#10437);
#10436 = CARTESIAN_POINT('',(0.32,-2.86,8.38));
#10437 = VECTOR('',#10438,1.);
#10438 = DIRECTION('',(0.,1.,0.));
#10439 = PLANE('',#10440);
#10440 = AXIS2_PLACEMENT_3D('',#10441,#10442,#10443);
#10441 = CARTESIAN_POINT('',(0.32,-2.86,-3.));
#10442 = DIRECTION('',(1.,0.,0.));
#10443 = DIRECTION('',(0.,0.,1.));
#10444 = ADVANCED_FACE('',(#10445),#10463,.T.);
#10445 = FACE_BOUND('',#10446,.T.);
#10446 = EDGE_LOOP('',(#10447,#10448,#10449,#10457));
#10447 = ORIENTED_EDGE('',*,*,#10426,.F.);
#10448 = ORIENTED_EDGE('',*,*,#9669,.T.);
#10449 = ORIENTED_EDGE('',*,*,#10450,.T.);
#10450 = EDGE_CURVE('',#9662,#10451,#10453,.T.);
#10451 = VERTEX_POINT('',#10452);
#10452 = CARTESIAN_POINT('',(-0.32,-2.22,8.38));
#10453 = LINE('',#10454,#10455);
#10454 = CARTESIAN_POINT('',(-0.32,-2.22,-3.));
#10455 = VECTOR('',#10456,1.);
#10456 = DIRECTION('',(0.,0.,1.));
#10457 = ORIENTED_EDGE('',*,*,#10458,.T.);
#10458 = EDGE_CURVE('',#10451,#10427,#10459,.T.);
#10459 = LINE('',#10460,#10461);
#10460 = CARTESIAN_POINT('',(-0.32,-2.22,8.38));
#10461 = VECTOR('',#10462,1.);
#10462 = DIRECTION('',(1.,0.,0.));
#10463 = PLANE('',#10464);
#10464 = AXIS2_PLACEMENT_3D('',#10465,#10466,#10467);
#10465 = CARTESIAN_POINT('',(-0.32,-2.22,-3.));
#10466 = DIRECTION('',(0.,1.,0.));
#10467 = DIRECTION('',(0.,-0.,1.));
#10468 = ADVANCED_FACE('',(#10469),#10480,.F.);
#10469 = FACE_BOUND('',#10470,.F.);
#10470 = EDGE_LOOP('',(#10471,#10472,#10473,#10474));
#10471 = ORIENTED_EDGE('',*,*,#10402,.F.);
#10472 = ORIENTED_EDGE('',*,*,#9661,.T.);
#10473 = ORIENTED_EDGE('',*,*,#10450,.T.);
#10474 = ORIENTED_EDGE('',*,*,#10475,.F.);
#10475 = EDGE_CURVE('',#10403,#10451,#10476,.T.);
#10476 = LINE('',#10477,#10478);
#10477 = CARTESIAN_POINT('',(-0.32,-2.86,8.38));
#10478 = VECTOR('',#10479,1.);
#10479 = DIRECTION('',(0.,1.,0.));
#10480 = PLANE('',#10481);
#10481 = AXIS2_PLACEMENT_3D('',#10482,#10483,#10484);
#10482 = CARTESIAN_POINT('',(-0.32,-2.86,-3.));
#10483 = DIRECTION('',(1.,0.,0.));
#10484 = DIRECTION('',(0.,0.,1.));
#10485 = ADVANCED_FACE('',(#10486),#10511,.T.);
#10486 = FACE_BOUND('',#10487,.T.);
#10487 = EDGE_LOOP('',(#10488,#10496,#10497,#10505));
#10488 = ORIENTED_EDGE('',*,*,#10489,.F.);
#10489 = EDGE_CURVE('',#9686,#10490,#10492,.T.);
#10490 = VERTEX_POINT('',#10491);
#10491 = CARTESIAN_POINT('',(0.32,-4.76,8.38));
#10492 = LINE('',#10493,#10494);
#10493 = CARTESIAN_POINT('',(0.32,-4.76,-3.));
#10494 = VECTOR('',#10495,1.);
#10495 = DIRECTION('',(0.,0.,1.));
#10496 = ORIENTED_EDGE('',*,*,#9685,.T.);
#10497 = ORIENTED_EDGE('',*,*,#10498,.T.);
#10498 = EDGE_CURVE('',#9688,#10499,#10501,.T.);
#10499 = VERTEX_POINT('',#10500);
#10500 = CARTESIAN_POINT('',(-0.32,-4.76,8.38));
#10501 = LINE('',#10502,#10503);
#10502 = CARTESIAN_POINT('',(-0.32,-4.76,-3.));
#10503 = VECTOR('',#10504,1.);
#10504 = DIRECTION('',(0.,0.,1.));
#10505 = ORIENTED_EDGE('',*,*,#10506,.T.);
#10506 = EDGE_CURVE('',#10499,#10490,#10507,.T.);
#10507 = LINE('',#10508,#10509);
#10508 = CARTESIAN_POINT('',(-0.32,-4.76,8.38));
#10509 = VECTOR('',#10510,1.);
#10510 = DIRECTION('',(1.,0.,0.));
#10511 = PLANE('',#10512);
#10512 = AXIS2_PLACEMENT_3D('',#10513,#10514,#10515);
#10513 = CARTESIAN_POINT('',(-0.32,-4.76,-3.));
#10514 = DIRECTION('',(0.,1.,0.));
#10515 = DIRECTION('',(0.,-0.,1.));
#10516 = ADVANCED_FACE('',(#10517),#10535,.F.);
#10517 = FACE_BOUND('',#10518,.F.);
#10518 = EDGE_LOOP('',(#10519,#10527,#10528,#10529));
#10519 = ORIENTED_EDGE('',*,*,#10520,.F.);
#10520 = EDGE_CURVE('',#9704,#10521,#10523,.T.);
#10521 = VERTEX_POINT('',#10522);
#10522 = CARTESIAN_POINT('',(-0.32,-5.4,8.38));
#10523 = LINE('',#10524,#10525);
#10524 = CARTESIAN_POINT('',(-0.32,-5.4,-3.));
#10525 = VECTOR('',#10526,1.);
#10526 = DIRECTION('',(0.,0.,1.));
#10527 = ORIENTED_EDGE('',*,*,#9711,.T.);
#10528 = ORIENTED_EDGE('',*,*,#10498,.T.);
#10529 = ORIENTED_EDGE('',*,*,#10530,.F.);
#10530 = EDGE_CURVE('',#10521,#10499,#10531,.T.);
#10531 = LINE('',#10532,#10533);
#10532 = CARTESIAN_POINT('',(-0.32,-5.4,8.38));
#10533 = VECTOR('',#10534,1.);
#10534 = DIRECTION('',(0.,1.,0.));
#10535 = PLANE('',#10536);
#10536 = AXIS2_PLACEMENT_3D('',#10537,#10538,#10539);
#10537 = CARTESIAN_POINT('',(-0.32,-5.4,-3.));
#10538 = DIRECTION('',(1.,0.,0.));
#10539 = DIRECTION('',(0.,0.,1.));
#10540 = ADVANCED_FACE('',(#10541),#10559,.F.);
#10541 = FACE_BOUND('',#10542,.F.);
#10542 = EDGE_LOOP('',(#10543,#10551,#10552,#10553));
#10543 = ORIENTED_EDGE('',*,*,#10544,.F.);
#10544 = EDGE_CURVE('',#9696,#10545,#10547,.T.);
#10545 = VERTEX_POINT('',#10546);
#10546 = CARTESIAN_POINT('',(0.32,-5.4,8.38));
#10547 = LINE('',#10548,#10549);
#10548 = CARTESIAN_POINT('',(0.32,-5.4,-3.));
#10549 = VECTOR('',#10550,1.);
#10550 = DIRECTION('',(0.,0.,1.));
#10551 = ORIENTED_EDGE('',*,*,#9703,.T.);
#10552 = ORIENTED_EDGE('',*,*,#10520,.T.);
#10553 = ORIENTED_EDGE('',*,*,#10554,.T.);
#10554 = EDGE_CURVE('',#10521,#10545,#10555,.T.);
#10555 = LINE('',#10556,#10557);
#10556 = CARTESIAN_POINT('',(-0.32,-5.4,8.38));
#10557 = VECTOR('',#10558,1.);
#10558 = DIRECTION('',(1.,0.,0.));
#10559 = PLANE('',#10560);
#10560 = AXIS2_PLACEMENT_3D('',#10561,#10562,#10563);
#10561 = CARTESIAN_POINT('',(-0.32,-5.4,-3.));
#10562 = DIRECTION('',(0.,1.,0.));
#10563 = DIRECTION('',(0.,-0.,1.));
#10564 = ADVANCED_FACE('',(#10565),#10576,.T.);
#10565 = FACE_BOUND('',#10566,.T.);
#10566 = EDGE_LOOP('',(#10567,#10568,#10569,#10570));
#10567 = ORIENTED_EDGE('',*,*,#10544,.F.);
#10568 = ORIENTED_EDGE('',*,*,#9695,.T.);
#10569 = ORIENTED_EDGE('',*,*,#10489,.T.);
#10570 = ORIENTED_EDGE('',*,*,#10571,.F.);
#10571 = EDGE_CURVE('',#10545,#10490,#10572,.T.);
#10572 = LINE('',#10573,#10574);
#10573 = CARTESIAN_POINT('',(0.32,-5.4,8.38));
#10574 = VECTOR('',#10575,1.);
#10575 = DIRECTION('',(0.,1.,0.));
#10576 = PLANE('',#10577);
#10577 = AXIS2_PLACEMENT_3D('',#10578,#10579,#10580);
#10578 = CARTESIAN_POINT('',(0.32,-5.4,-3.));
#10579 = DIRECTION('',(1.,0.,0.));
#10580 = DIRECTION('',(0.,0.,1.));
#10581 = ADVANCED_FACE('',(#10582),#10607,.F.);
#10582 = FACE_BOUND('',#10583,.F.);
#10583 = EDGE_LOOP('',(#10584,#10592,#10593,#10601));
#10584 = ORIENTED_EDGE('',*,*,#10585,.F.);
#10585 = EDGE_CURVE('',#10010,#10586,#10588,.T.);
#10586 = VERTEX_POINT('',#10587);
#10587 = CARTESIAN_POINT('',(0.16,-0.16,-3.));
#10588 = LINE('',#10589,#10590);
#10589 = CARTESIAN_POINT('',(0.16,-0.16,-3.));
#10590 = VECTOR('',#10591,1.);
#10591 = DIRECTION('',(-0.57735026919,0.57735026919,-0.57735026919));
#10592 = ORIENTED_EDGE('',*,*,#10017,.T.);
#10593 = ORIENTED_EDGE('',*,*,#10594,.T.);
#10594 = EDGE_CURVE('',#10018,#10595,#10597,.T.);
#10595 = VERTEX_POINT('',#10596);
#10596 = CARTESIAN_POINT('',(0.16,0.16,-3.));
#10597 = LINE('',#10598,#10599);
#10598 = CARTESIAN_POINT('',(5.333333333333E-02,5.333333333333E-02,
    -3.106666666667));
#10599 = VECTOR('',#10600,1.);
#10600 = DIRECTION('',(-0.57735026919,-0.57735026919,-0.57735026919));
#10601 = ORIENTED_EDGE('',*,*,#10602,.F.);
#10602 = EDGE_CURVE('',#10586,#10595,#10603,.T.);
#10603 = LINE('',#10604,#10605);
#10604 = CARTESIAN_POINT('',(0.16,-0.32,-3.));
#10605 = VECTOR('',#10606,1.);
#10606 = DIRECTION('',(0.,1.,0.));
#10607 = PLANE('',#10608);
#10608 = AXIS2_PLACEMENT_3D('',#10609,#10610,#10611);
#10609 = CARTESIAN_POINT('',(0.24,-0.32,-2.92));
#10610 = DIRECTION('',(-0.707106781187,1.735167508357E-18,0.707106781187
    ));
#10611 = DIRECTION('',(1.226948711654E-18,1.,-1.226948711654E-18));
#10612 = ADVANCED_FACE('',(#10613),#10631,.F.);
#10613 = FACE_BOUND('',#10614,.T.);
#10614 = EDGE_LOOP('',(#10615,#10623,#10624,#10625));
#10615 = ORIENTED_EDGE('',*,*,#10616,.F.);
#10616 = EDGE_CURVE('',#10042,#10617,#10619,.T.);
#10617 = VERTEX_POINT('',#10618);
#10618 = CARTESIAN_POINT('',(-0.16,0.16,-3.));
#10619 = LINE('',#10620,#10621);
#10620 = CARTESIAN_POINT('',(-0.16,0.16,-3.));
#10621 = VECTOR('',#10622,1.);
#10622 = DIRECTION('',(0.57735026919,-0.57735026919,-0.57735026919));
#10623 = ORIENTED_EDGE('',*,*,#10041,.T.);
#10624 = ORIENTED_EDGE('',*,*,#10594,.T.);
#10625 = ORIENTED_EDGE('',*,*,#10626,.F.);
#10626 = EDGE_CURVE('',#10617,#10595,#10627,.T.);
#10627 = LINE('',#10628,#10629);
#10628 = CARTESIAN_POINT('',(-0.32,0.16,-3.));
#10629 = VECTOR('',#10630,1.);
#10630 = DIRECTION('',(1.,0.,0.));
#10631 = PLANE('',#10632);
#10632 = AXIS2_PLACEMENT_3D('',#10633,#10634,#10635);
#10633 = CARTESIAN_POINT('',(-0.32,0.24,-2.92));
#10634 = DIRECTION('',(-1.735167508357E-18,-0.707106781187,
    0.707106781187));
#10635 = DIRECTION('',(-1.,1.226948711654E-18,-1.226948711654E-18));
#10636 = ADVANCED_FACE('',(#10637),#10655,.T.);
#10637 = FACE_BOUND('',#10638,.T.);
#10638 = EDGE_LOOP('',(#10639,#10647,#10648,#10649));
#10639 = ORIENTED_EDGE('',*,*,#10640,.F.);
#10640 = EDGE_CURVE('',#10065,#10641,#10643,.T.);
#10641 = VERTEX_POINT('',#10642);
#10642 = CARTESIAN_POINT('',(-0.16,-0.16,-3.));
#10643 = LINE('',#10644,#10645);
#10644 = CARTESIAN_POINT('',(-0.266666666667,-0.266666666667,
    -2.893333333333));
#10645 = VECTOR('',#10646,1.);
#10646 = DIRECTION('',(0.57735026919,0.57735026919,-0.57735026919));
#10647 = ORIENTED_EDGE('',*,*,#10072,.T.);
#10648 = ORIENTED_EDGE('',*,*,#10616,.T.);
#10649 = ORIENTED_EDGE('',*,*,#10650,.F.);
#10650 = EDGE_CURVE('',#10641,#10617,#10651,.T.);
#10651 = LINE('',#10652,#10653);
#10652 = CARTESIAN_POINT('',(-0.16,-0.32,-3.));
#10653 = VECTOR('',#10654,1.);
#10654 = DIRECTION('',(0.,1.,0.));
#10655 = PLANE('',#10656);
#10656 = AXIS2_PLACEMENT_3D('',#10657,#10658,#10659);
#10657 = CARTESIAN_POINT('',(-0.24,-0.32,-2.92));
#10658 = DIRECTION('',(-0.707106781187,-1.735167508357E-18,
    -0.707106781187));
#10659 = DIRECTION('',(-1.226948711654E-18,1.,-1.226948711654E-18));
#10660 = ADVANCED_FACE('',(#10661),#10672,.T.);
#10661 = FACE_BOUND('',#10662,.F.);
#10662 = EDGE_LOOP('',(#10663,#10664,#10665,#10666));
#10663 = ORIENTED_EDGE('',*,*,#10640,.F.);
#10664 = ORIENTED_EDGE('',*,*,#10089,.T.);
#10665 = ORIENTED_EDGE('',*,*,#10585,.T.);
#10666 = ORIENTED_EDGE('',*,*,#10667,.F.);
#10667 = EDGE_CURVE('',#10641,#10586,#10668,.T.);
#10668 = LINE('',#10669,#10670);
#10669 = CARTESIAN_POINT('',(-0.32,-0.16,-3.));
#10670 = VECTOR('',#10671,1.);
#10671 = DIRECTION('',(1.,0.,0.));
#10672 = PLANE('',#10673);
#10673 = AXIS2_PLACEMENT_3D('',#10674,#10675,#10676);
#10674 = CARTESIAN_POINT('',(-0.32,-0.24,-2.92));
#10675 = DIRECTION('',(1.735167508357E-18,-0.707106781187,
    -0.707106781187));
#10676 = DIRECTION('',(-1.,-1.226948711654E-18,-1.226948711654E-18));
#10677 = ADVANCED_FACE('',(#10678),#10703,.T.);
#10678 = FACE_BOUND('',#10679,.F.);
#10679 = EDGE_LOOP('',(#10680,#10688,#10689,#10697));
#10680 = ORIENTED_EDGE('',*,*,#10681,.F.);
#10681 = EDGE_CURVE('',#10114,#10682,#10684,.T.);
#10682 = VERTEX_POINT('',#10683);
#10683 = CARTESIAN_POINT('',(-0.16,-2.7,-3.));
#10684 = LINE('',#10685,#10686);
#10685 = CARTESIAN_POINT('',(-0.266666666667,-2.806666666667,
    -2.893333333333));
#10686 = VECTOR('',#10687,1.);
#10687 = DIRECTION('',(0.57735026919,0.57735026919,-0.57735026919));
#10688 = ORIENTED_EDGE('',*,*,#10113,.T.);
#10689 = ORIENTED_EDGE('',*,*,#10690,.T.);
#10690 = EDGE_CURVE('',#10106,#10691,#10693,.T.);
#10691 = VERTEX_POINT('',#10692);
#10692 = CARTESIAN_POINT('',(0.16,-2.7,-3.));
#10693 = LINE('',#10694,#10695);
#10694 = CARTESIAN_POINT('',(0.16,-2.7,-3.));
#10695 = VECTOR('',#10696,1.);
#10696 = DIRECTION('',(-0.57735026919,0.57735026919,-0.57735026919));
#10697 = ORIENTED_EDGE('',*,*,#10698,.F.);
#10698 = EDGE_CURVE('',#10682,#10691,#10699,.T.);
#10699 = LINE('',#10700,#10701);
#10700 = CARTESIAN_POINT('',(-0.32,-2.7,-3.));
#10701 = VECTOR('',#10702,1.);
#10702 = DIRECTION('',(1.,0.,0.));
#10703 = PLANE('',#10704);
#10704 = AXIS2_PLACEMENT_3D('',#10705,#10706,#10707);
#10705 = CARTESIAN_POINT('',(-0.32,-2.78,-2.92));
#10706 = DIRECTION('',(1.735167508357E-18,-0.707106781187,
    -0.707106781187));
#10707 = DIRECTION('',(-1.,-1.226948711654E-18,-1.226948711654E-18));
#10708 = ADVANCED_FACE('',(#10709),#10727,.F.);
#10709 = FACE_BOUND('',#10710,.F.);
#10710 = EDGE_LOOP('',(#10711,#10712,#10713,#10721));
#10711 = ORIENTED_EDGE('',*,*,#10690,.F.);
#10712 = ORIENTED_EDGE('',*,*,#10137,.T.);
#10713 = ORIENTED_EDGE('',*,*,#10714,.T.);
#10714 = EDGE_CURVE('',#10138,#10715,#10717,.T.);
#10715 = VERTEX_POINT('',#10716);
#10716 = CARTESIAN_POINT('',(0.16,-2.38,-3.));
#10717 = LINE('',#10718,#10719);
#10718 = CARTESIAN_POINT('',(5.333333333333E-02,-2.486666666667,
    -3.106666666667));
#10719 = VECTOR('',#10720,1.);
#10720 = DIRECTION('',(-0.57735026919,-0.57735026919,-0.57735026919));
#10721 = ORIENTED_EDGE('',*,*,#10722,.F.);
#10722 = EDGE_CURVE('',#10691,#10715,#10723,.T.);
#10723 = LINE('',#10724,#10725);
#10724 = CARTESIAN_POINT('',(0.16,-2.86,-3.));
#10725 = VECTOR('',#10726,1.);
#10726 = DIRECTION('',(0.,1.,0.));
#10727 = PLANE('',#10728);
#10728 = AXIS2_PLACEMENT_3D('',#10729,#10730,#10731);
#10729 = CARTESIAN_POINT('',(0.24,-2.86,-2.92));
#10730 = DIRECTION('',(-0.707106781187,1.735167508357E-18,0.707106781187
    ));
#10731 = DIRECTION('',(1.226948711654E-18,1.,-1.226948711654E-18));
#10732 = ADVANCED_FACE('',(#10733),#10751,.F.);
#10733 = FACE_BOUND('',#10734,.T.);
#10734 = EDGE_LOOP('',(#10735,#10743,#10744,#10745));
#10735 = ORIENTED_EDGE('',*,*,#10736,.F.);
#10736 = EDGE_CURVE('',#10162,#10737,#10739,.T.);
#10737 = VERTEX_POINT('',#10738);
#10738 = CARTESIAN_POINT('',(-0.16,-2.38,-3.));
#10739 = LINE('',#10740,#10741);
#10740 = CARTESIAN_POINT('',(-0.16,-2.38,-3.));
#10741 = VECTOR('',#10742,1.);
#10742 = DIRECTION('',(0.57735026919,-0.57735026919,-0.57735026919));
#10743 = ORIENTED_EDGE('',*,*,#10161,.T.);
#10744 = ORIENTED_EDGE('',*,*,#10714,.T.);
#10745 = ORIENTED_EDGE('',*,*,#10746,.F.);
#10746 = EDGE_CURVE('',#10737,#10715,#10747,.T.);
#10747 = LINE('',#10748,#10749);
#10748 = CARTESIAN_POINT('',(-0.32,-2.38,-3.));
#10749 = VECTOR('',#10750,1.);
#10750 = DIRECTION('',(1.,0.,0.));
#10751 = PLANE('',#10752);
#10752 = AXIS2_PLACEMENT_3D('',#10753,#10754,#10755);
#10753 = CARTESIAN_POINT('',(-0.32,-2.3,-2.92));
#10754 = DIRECTION('',(-1.735167508357E-18,-0.707106781187,
    0.707106781187));
#10755 = DIRECTION('',(-1.,1.226948711654E-18,-1.226948711654E-18));
#10756 = ADVANCED_FACE('',(#10757),#10768,.T.);
#10757 = FACE_BOUND('',#10758,.T.);
#10758 = EDGE_LOOP('',(#10759,#10760,#10761,#10762));
#10759 = ORIENTED_EDGE('',*,*,#10681,.F.);
#10760 = ORIENTED_EDGE('',*,*,#10185,.T.);
#10761 = ORIENTED_EDGE('',*,*,#10736,.T.);
#10762 = ORIENTED_EDGE('',*,*,#10763,.F.);
#10763 = EDGE_CURVE('',#10682,#10737,#10764,.T.);
#10764 = LINE('',#10765,#10766);
#10765 = CARTESIAN_POINT('',(-0.16,-2.86,-3.));
#10766 = VECTOR('',#10767,1.);
#10767 = DIRECTION('',(0.,1.,0.));
#10768 = PLANE('',#10769);
#10769 = AXIS2_PLACEMENT_3D('',#10770,#10771,#10772);
#10770 = CARTESIAN_POINT('',(-0.24,-2.86,-2.92));
#10771 = DIRECTION('',(-0.707106781187,-1.735167508357E-18,
    -0.707106781187));
#10772 = DIRECTION('',(-1.226948711654E-18,1.,-1.226948711654E-18));
#10773 = ADVANCED_FACE('',(#10774),#10799,.F.);
#10774 = FACE_BOUND('',#10775,.T.);
#10775 = EDGE_LOOP('',(#10776,#10784,#10785,#10793));
#10776 = ORIENTED_EDGE('',*,*,#10777,.F.);
#10777 = EDGE_CURVE('',#10210,#10778,#10780,.T.);
#10778 = VERTEX_POINT('',#10779);
#10779 = CARTESIAN_POINT('',(-0.16,-4.92,-3.));
#10780 = LINE('',#10781,#10782);
#10781 = CARTESIAN_POINT('',(-0.16,-4.92,-3.));
#10782 = VECTOR('',#10783,1.);
#10783 = DIRECTION('',(0.57735026919,-0.57735026919,-0.57735026919));
#10784 = ORIENTED_EDGE('',*,*,#10209,.T.);
#10785 = ORIENTED_EDGE('',*,*,#10786,.T.);
#10786 = EDGE_CURVE('',#10202,#10787,#10789,.T.);
#10787 = VERTEX_POINT('',#10788);
#10788 = CARTESIAN_POINT('',(0.16,-4.92,-3.));
#10789 = LINE('',#10790,#10791);
#10790 = CARTESIAN_POINT('',(5.333333333333E-02,-5.026666666667,
    -3.106666666667));
#10791 = VECTOR('',#10792,1.);
#10792 = DIRECTION('',(-0.57735026919,-0.57735026919,-0.57735026919));
#10793 = ORIENTED_EDGE('',*,*,#10794,.F.);
#10794 = EDGE_CURVE('',#10778,#10787,#10795,.T.);
#10795 = LINE('',#10796,#10797);
#10796 = CARTESIAN_POINT('',(-0.32,-4.92,-3.));
#10797 = VECTOR('',#10798,1.);
#10798 = DIRECTION('',(1.,0.,0.));
#10799 = PLANE('',#10800);
#10800 = AXIS2_PLACEMENT_3D('',#10801,#10802,#10803);
#10801 = CARTESIAN_POINT('',(-0.32,-4.84,-2.92));
#10802 = DIRECTION('',(-1.735167508357E-18,-0.707106781187,
    0.707106781187));
#10803 = DIRECTION('',(-1.,1.226948711654E-18,-1.226948711654E-18));
#10804 = ADVANCED_FACE('',(#10805),#10823,.T.);
#10805 = FACE_BOUND('',#10806,.T.);
#10806 = EDGE_LOOP('',(#10807,#10815,#10816,#10817));
#10807 = ORIENTED_EDGE('',*,*,#10808,.F.);
#10808 = EDGE_CURVE('',#10233,#10809,#10811,.T.);
#10809 = VERTEX_POINT('',#10810);
#10810 = CARTESIAN_POINT('',(-0.16,-5.24,-3.));
#10811 = LINE('',#10812,#10813);
#10812 = CARTESIAN_POINT('',(-0.266666666667,-5.346666666667,
    -2.893333333333));
#10813 = VECTOR('',#10814,1.);
#10814 = DIRECTION('',(0.57735026919,0.57735026919,-0.57735026919));
#10815 = ORIENTED_EDGE('',*,*,#10240,.T.);
#10816 = ORIENTED_EDGE('',*,*,#10777,.T.);
#10817 = ORIENTED_EDGE('',*,*,#10818,.F.);
#10818 = EDGE_CURVE('',#10809,#10778,#10819,.T.);
#10819 = LINE('',#10820,#10821);
#10820 = CARTESIAN_POINT('',(-0.16,-5.4,-3.));
#10821 = VECTOR('',#10822,1.);
#10822 = DIRECTION('',(0.,1.,0.));
#10823 = PLANE('',#10824);
#10824 = AXIS2_PLACEMENT_3D('',#10825,#10826,#10827);
#10825 = CARTESIAN_POINT('',(-0.24,-5.4,-2.92));
#10826 = DIRECTION('',(-0.707106781187,-1.735167508357E-18,
    -0.707106781187));
#10827 = DIRECTION('',(-1.226948711654E-18,1.,-1.226948711654E-18));
#10828 = ADVANCED_FACE('',(#10829),#10847,.T.);
#10829 = FACE_BOUND('',#10830,.F.);
#10830 = EDGE_LOOP('',(#10831,#10832,#10833,#10841));
#10831 = ORIENTED_EDGE('',*,*,#10808,.F.);
#10832 = ORIENTED_EDGE('',*,*,#10264,.T.);
#10833 = ORIENTED_EDGE('',*,*,#10834,.T.);
#10834 = EDGE_CURVE('',#10257,#10835,#10837,.T.);
#10835 = VERTEX_POINT('',#10836);
#10836 = CARTESIAN_POINT('',(0.16,-5.24,-3.));
#10837 = LINE('',#10838,#10839);
#10838 = CARTESIAN_POINT('',(0.16,-5.24,-3.));
#10839 = VECTOR('',#10840,1.);
#10840 = DIRECTION('',(-0.57735026919,0.57735026919,-0.57735026919));
#10841 = ORIENTED_EDGE('',*,*,#10842,.F.);
#10842 = EDGE_CURVE('',#10809,#10835,#10843,.T.);
#10843 = LINE('',#10844,#10845);
#10844 = CARTESIAN_POINT('',(-0.32,-5.24,-3.));
#10845 = VECTOR('',#10846,1.);
#10846 = DIRECTION('',(1.,0.,0.));
#10847 = PLANE('',#10848);
#10848 = AXIS2_PLACEMENT_3D('',#10849,#10850,#10851);
#10849 = CARTESIAN_POINT('',(-0.32,-5.32,-2.92));
#10850 = DIRECTION('',(1.735167508357E-18,-0.707106781187,
    -0.707106781187));
#10851 = DIRECTION('',(-1.,-1.226948711654E-18,-1.226948711654E-18));
#10852 = ADVANCED_FACE('',(#10853),#10864,.F.);
#10853 = FACE_BOUND('',#10854,.F.);
#10854 = EDGE_LOOP('',(#10855,#10856,#10857,#10858));
#10855 = ORIENTED_EDGE('',*,*,#10834,.F.);
#10856 = ORIENTED_EDGE('',*,*,#10281,.T.);
#10857 = ORIENTED_EDGE('',*,*,#10786,.T.);
#10858 = ORIENTED_EDGE('',*,*,#10859,.F.);
#10859 = EDGE_CURVE('',#10835,#10787,#10860,.T.);
#10860 = LINE('',#10861,#10862);
#10861 = CARTESIAN_POINT('',(0.16,-5.4,-3.));
#10862 = VECTOR('',#10863,1.);
#10863 = DIRECTION('',(0.,1.,0.));
#10864 = PLANE('',#10865);
#10865 = AXIS2_PLACEMENT_3D('',#10866,#10867,#10868);
#10866 = CARTESIAN_POINT('',(0.24,-5.4,-2.92));
#10867 = DIRECTION('',(-0.707106781187,1.735167508357E-18,0.707106781187
    ));
#10868 = DIRECTION('',(1.226948711654E-18,1.,-1.226948711654E-18));
#10869 = ADVANCED_FACE('',(#10870),#10895,.T.);
#10870 = FACE_BOUND('',#10871,.T.);
#10871 = EDGE_LOOP('',(#10872,#10880,#10881,#10889));
#10872 = ORIENTED_EDGE('',*,*,#10873,.F.);
#10873 = EDGE_CURVE('',#10298,#10874,#10876,.T.);
#10874 = VERTEX_POINT('',#10875);
#10875 = CARTESIAN_POINT('',(0.16,-0.16,8.54));
#10876 = LINE('',#10877,#10878);
#10877 = CARTESIAN_POINT('',(0.16,-0.16,8.54));
#10878 = VECTOR('',#10879,1.);
#10879 = DIRECTION('',(-0.57735026919,0.57735026919,0.57735026919));
#10880 = ORIENTED_EDGE('',*,*,#10314,.T.);
#10881 = ORIENTED_EDGE('',*,*,#10882,.T.);
#10882 = EDGE_CURVE('',#10307,#10883,#10885,.T.);
#10883 = VERTEX_POINT('',#10884);
#10884 = CARTESIAN_POINT('',(0.16,0.16,8.54));
#10885 = LINE('',#10886,#10887);
#10886 = CARTESIAN_POINT('',(5.333333333333E-02,5.333333333333E-02,
    8.646666666667));
#10887 = VECTOR('',#10888,1.);
#10888 = DIRECTION('',(-0.57735026919,-0.57735026919,0.57735026919));
#10889 = ORIENTED_EDGE('',*,*,#10890,.F.);
#10890 = EDGE_CURVE('',#10874,#10883,#10891,.T.);
#10891 = LINE('',#10892,#10893);
#10892 = CARTESIAN_POINT('',(0.16,-0.32,8.54));
#10893 = VECTOR('',#10894,1.);
#10894 = DIRECTION('',(0.,1.,0.));
#10895 = PLANE('',#10896);
#10896 = AXIS2_PLACEMENT_3D('',#10897,#10898,#10899);
#10897 = CARTESIAN_POINT('',(0.24,-0.32,8.46));
#10898 = DIRECTION('',(0.707106781187,-1.735167508357E-18,0.707106781187
    ));
#10899 = DIRECTION('',(1.226948711654E-18,1.,1.226948711654E-18));
#10900 = ADVANCED_FACE('',(#10901),#10919,.T.);
#10901 = FACE_BOUND('',#10902,.F.);
#10902 = EDGE_LOOP('',(#10903,#10911,#10912,#10913));
#10903 = ORIENTED_EDGE('',*,*,#10904,.F.);
#10904 = EDGE_CURVE('',#10331,#10905,#10907,.T.);
#10905 = VERTEX_POINT('',#10906);
#10906 = CARTESIAN_POINT('',(-0.16,0.16,8.54));
#10907 = LINE('',#10908,#10909);
#10908 = CARTESIAN_POINT('',(-0.16,0.16,8.54));
#10909 = VECTOR('',#10910,1.);
#10910 = DIRECTION('',(0.57735026919,-0.57735026919,0.57735026919));
#10911 = ORIENTED_EDGE('',*,*,#10338,.T.);
#10912 = ORIENTED_EDGE('',*,*,#10882,.T.);
#10913 = ORIENTED_EDGE('',*,*,#10914,.F.);
#10914 = EDGE_CURVE('',#10905,#10883,#10915,.T.);
#10915 = LINE('',#10916,#10917);
#10916 = CARTESIAN_POINT('',(-0.32,0.16,8.54));
#10917 = VECTOR('',#10918,1.);
#10918 = DIRECTION('',(1.,0.,0.));
#10919 = PLANE('',#10920);
#10920 = AXIS2_PLACEMENT_3D('',#10921,#10922,#10923);
#10921 = CARTESIAN_POINT('',(-0.32,0.24,8.46));
#10922 = DIRECTION('',(1.735167508357E-18,0.707106781187,0.707106781187)
  );
#10923 = DIRECTION('',(-1.,1.226948711654E-18,1.226948711654E-18));
#10924 = ADVANCED_FACE('',(#10925),#10943,.F.);
#10925 = FACE_BOUND('',#10926,.F.);
#10926 = EDGE_LOOP('',(#10927,#10935,#10936,#10937));
#10927 = ORIENTED_EDGE('',*,*,#10928,.F.);
#10928 = EDGE_CURVE('',#10353,#10929,#10931,.T.);
#10929 = VERTEX_POINT('',#10930);
#10930 = CARTESIAN_POINT('',(-0.16,-0.16,8.54));
#10931 = LINE('',#10932,#10933);
#10932 = CARTESIAN_POINT('',(-0.266666666667,-0.266666666667,
    8.433333333333));
#10933 = VECTOR('',#10934,1.);
#10934 = DIRECTION('',(0.57735026919,0.57735026919,0.57735026919));
#10935 = ORIENTED_EDGE('',*,*,#10362,.T.);
#10936 = ORIENTED_EDGE('',*,*,#10904,.T.);
#10937 = ORIENTED_EDGE('',*,*,#10938,.F.);
#10938 = EDGE_CURVE('',#10929,#10905,#10939,.T.);
#10939 = LINE('',#10940,#10941);
#10940 = CARTESIAN_POINT('',(-0.16,-0.32,8.54));
#10941 = VECTOR('',#10942,1.);
#10942 = DIRECTION('',(0.,1.,0.));
#10943 = PLANE('',#10944);
#10944 = AXIS2_PLACEMENT_3D('',#10945,#10946,#10947);
#10945 = CARTESIAN_POINT('',(-0.24,-0.32,8.46));
#10946 = DIRECTION('',(0.707106781187,1.735167508357E-18,-0.707106781187
    ));
#10947 = DIRECTION('',(-1.226948711654E-18,1.,1.226948711654E-18));
#10948 = ADVANCED_FACE('',(#10949),#10960,.F.);
#10949 = FACE_BOUND('',#10950,.T.);
#10950 = EDGE_LOOP('',(#10951,#10952,#10953,#10954));
#10951 = ORIENTED_EDGE('',*,*,#10928,.F.);
#10952 = ORIENTED_EDGE('',*,*,#10379,.T.);
#10953 = ORIENTED_EDGE('',*,*,#10873,.T.);
#10954 = ORIENTED_EDGE('',*,*,#10955,.F.);
#10955 = EDGE_CURVE('',#10929,#10874,#10956,.T.);
#10956 = LINE('',#10957,#10958);
#10957 = CARTESIAN_POINT('',(-0.32,-0.16,8.54));
#10958 = VECTOR('',#10959,1.);
#10959 = DIRECTION('',(1.,0.,0.));
#10960 = PLANE('',#10961);
#10961 = AXIS2_PLACEMENT_3D('',#10962,#10963,#10964);
#10962 = CARTESIAN_POINT('',(-0.32,-0.24,8.46));
#10963 = DIRECTION('',(-1.735167508357E-18,0.707106781187,
    -0.707106781187));
#10964 = DIRECTION('',(-1.,-1.226948711654E-18,1.226948711654E-18));
#10965 = ADVANCED_FACE('',(#10966),#10991,.F.);
#10966 = FACE_BOUND('',#10967,.T.);
#10967 = EDGE_LOOP('',(#10968,#10976,#10977,#10985));
#10968 = ORIENTED_EDGE('',*,*,#10969,.F.);
#10969 = EDGE_CURVE('',#10403,#10970,#10972,.T.);
#10970 = VERTEX_POINT('',#10971);
#10971 = CARTESIAN_POINT('',(-0.16,-2.7,8.54));
#10972 = LINE('',#10973,#10974);
#10973 = CARTESIAN_POINT('',(-0.266666666667,-2.806666666667,
    8.433333333333));
#10974 = VECTOR('',#10975,1.);
#10975 = DIRECTION('',(0.57735026919,0.57735026919,0.57735026919));
#10976 = ORIENTED_EDGE('',*,*,#10410,.T.);
#10977 = ORIENTED_EDGE('',*,*,#10978,.T.);
#10978 = EDGE_CURVE('',#10394,#10979,#10981,.T.);
#10979 = VERTEX_POINT('',#10980);
#10980 = CARTESIAN_POINT('',(0.16,-2.7,8.54));
#10981 = LINE('',#10982,#10983);
#10982 = CARTESIAN_POINT('',(0.16,-2.7,8.54));
#10983 = VECTOR('',#10984,1.);
#10984 = DIRECTION('',(-0.57735026919,0.57735026919,0.57735026919));
#10985 = ORIENTED_EDGE('',*,*,#10986,.F.);
#10986 = EDGE_CURVE('',#10970,#10979,#10987,.T.);
#10987 = LINE('',#10988,#10989);
#10988 = CARTESIAN_POINT('',(-0.32,-2.7,8.54));
#10989 = VECTOR('',#10990,1.);
#10990 = DIRECTION('',(1.,0.,0.));
#10991 = PLANE('',#10992);
#10992 = AXIS2_PLACEMENT_3D('',#10993,#10994,#10995);
#10993 = CARTESIAN_POINT('',(-0.32,-2.78,8.46));
#10994 = DIRECTION('',(-1.735167508357E-18,0.707106781187,
    -0.707106781187));
#10995 = DIRECTION('',(-1.,-1.226948711654E-18,1.226948711654E-18));
#10996 = ADVANCED_FACE('',(#10997),#11015,.T.);
#10997 = FACE_BOUND('',#10998,.T.);
#10998 = EDGE_LOOP('',(#10999,#11000,#11001,#11009));
#10999 = ORIENTED_EDGE('',*,*,#10978,.F.);
#11000 = ORIENTED_EDGE('',*,*,#10434,.T.);
#11001 = ORIENTED_EDGE('',*,*,#11002,.T.);
#11002 = EDGE_CURVE('',#10427,#11003,#11005,.T.);
#11003 = VERTEX_POINT('',#11004);
#11004 = CARTESIAN_POINT('',(0.16,-2.38,8.54));
#11005 = LINE('',#11006,#11007);
#11006 = CARTESIAN_POINT('',(5.333333333333E-02,-2.486666666667,
    8.646666666667));
#11007 = VECTOR('',#11008,1.);
#11008 = DIRECTION('',(-0.57735026919,-0.57735026919,0.57735026919));
#11009 = ORIENTED_EDGE('',*,*,#11010,.F.);
#11010 = EDGE_CURVE('',#10979,#11003,#11011,.T.);
#11011 = LINE('',#11012,#11013);
#11012 = CARTESIAN_POINT('',(0.16,-2.86,8.54));
#11013 = VECTOR('',#11014,1.);
#11014 = DIRECTION('',(0.,1.,0.));
#11015 = PLANE('',#11016);
#11016 = AXIS2_PLACEMENT_3D('',#11017,#11018,#11019);
#11017 = CARTESIAN_POINT('',(0.24,-2.86,8.46));
#11018 = DIRECTION('',(0.707106781187,-1.735167508357E-18,0.707106781187
    ));
#11019 = DIRECTION('',(1.226948711654E-18,1.,1.226948711654E-18));
#11020 = ADVANCED_FACE('',(#11021),#11039,.T.);
#11021 = FACE_BOUND('',#11022,.F.);
#11022 = EDGE_LOOP('',(#11023,#11031,#11032,#11033));
#11023 = ORIENTED_EDGE('',*,*,#11024,.F.);
#11024 = EDGE_CURVE('',#10451,#11025,#11027,.T.);
#11025 = VERTEX_POINT('',#11026);
#11026 = CARTESIAN_POINT('',(-0.16,-2.38,8.54));
#11027 = LINE('',#11028,#11029);
#11028 = CARTESIAN_POINT('',(-0.16,-2.38,8.54));
#11029 = VECTOR('',#11030,1.);
#11030 = DIRECTION('',(0.57735026919,-0.57735026919,0.57735026919));
#11031 = ORIENTED_EDGE('',*,*,#10458,.T.);
#11032 = ORIENTED_EDGE('',*,*,#11002,.T.);
#11033 = ORIENTED_EDGE('',*,*,#11034,.F.);
#11034 = EDGE_CURVE('',#11025,#11003,#11035,.T.);
#11035 = LINE('',#11036,#11037);
#11036 = CARTESIAN_POINT('',(-0.32,-2.38,8.54));
#11037 = VECTOR('',#11038,1.);
#11038 = DIRECTION('',(1.,0.,0.));
#11039 = PLANE('',#11040);
#11040 = AXIS2_PLACEMENT_3D('',#11041,#11042,#11043);
#11041 = CARTESIAN_POINT('',(-0.32,-2.3,8.46));
#11042 = DIRECTION('',(1.735167508357E-18,0.707106781187,0.707106781187)
  );
#11043 = DIRECTION('',(-1.,1.226948711654E-18,1.226948711654E-18));
#11044 = ADVANCED_FACE('',(#11045),#11056,.F.);
#11045 = FACE_BOUND('',#11046,.F.);
#11046 = EDGE_LOOP('',(#11047,#11048,#11049,#11050));
#11047 = ORIENTED_EDGE('',*,*,#10969,.F.);
#11048 = ORIENTED_EDGE('',*,*,#10475,.T.);
#11049 = ORIENTED_EDGE('',*,*,#11024,.T.);
#11050 = ORIENTED_EDGE('',*,*,#11051,.F.);
#11051 = EDGE_CURVE('',#10970,#11025,#11052,.T.);
#11052 = LINE('',#11053,#11054);
#11053 = CARTESIAN_POINT('',(-0.16,-2.86,8.54));
#11054 = VECTOR('',#11055,1.);
#11055 = DIRECTION('',(0.,1.,0.));
#11056 = PLANE('',#11057);
#11057 = AXIS2_PLACEMENT_3D('',#11058,#11059,#11060);
#11058 = CARTESIAN_POINT('',(-0.24,-2.86,8.46));
#11059 = DIRECTION('',(0.707106781187,1.735167508357E-18,-0.707106781187
    ));
#11060 = DIRECTION('',(-1.226948711654E-18,1.,1.226948711654E-18));
#11061 = ADVANCED_FACE('',(#11062),#11087,.T.);
#11062 = FACE_BOUND('',#11063,.F.);
#11063 = EDGE_LOOP('',(#11064,#11072,#11073,#11081));
#11064 = ORIENTED_EDGE('',*,*,#11065,.F.);
#11065 = EDGE_CURVE('',#10499,#11066,#11068,.T.);
#11066 = VERTEX_POINT('',#11067);
#11067 = CARTESIAN_POINT('',(-0.16,-4.92,8.54));
#11068 = LINE('',#11069,#11070);
#11069 = CARTESIAN_POINT('',(-0.16,-4.92,8.54));
#11070 = VECTOR('',#11071,1.);
#11071 = DIRECTION('',(0.57735026919,-0.57735026919,0.57735026919));
#11072 = ORIENTED_EDGE('',*,*,#10506,.T.);
#11073 = ORIENTED_EDGE('',*,*,#11074,.T.);
#11074 = EDGE_CURVE('',#10490,#11075,#11077,.T.);
#11075 = VERTEX_POINT('',#11076);
#11076 = CARTESIAN_POINT('',(0.16,-4.92,8.54));
#11077 = LINE('',#11078,#11079);
#11078 = CARTESIAN_POINT('',(5.333333333333E-02,-5.026666666667,
    8.646666666667));
#11079 = VECTOR('',#11080,1.);
#11080 = DIRECTION('',(-0.57735026919,-0.57735026919,0.57735026919));
#11081 = ORIENTED_EDGE('',*,*,#11082,.F.);
#11082 = EDGE_CURVE('',#11066,#11075,#11083,.T.);
#11083 = LINE('',#11084,#11085);
#11084 = CARTESIAN_POINT('',(-0.32,-4.92,8.54));
#11085 = VECTOR('',#11086,1.);
#11086 = DIRECTION('',(1.,0.,0.));
#11087 = PLANE('',#11088);
#11088 = AXIS2_PLACEMENT_3D('',#11089,#11090,#11091);
#11089 = CARTESIAN_POINT('',(-0.32,-4.84,8.46));
#11090 = DIRECTION('',(1.735167508357E-18,0.707106781187,0.707106781187)
  );
#11091 = DIRECTION('',(-1.,1.226948711654E-18,1.226948711654E-18));
#11092 = ADVANCED_FACE('',(#11093),#11111,.F.);
#11093 = FACE_BOUND('',#11094,.F.);
#11094 = EDGE_LOOP('',(#11095,#11103,#11104,#11105));
#11095 = ORIENTED_EDGE('',*,*,#11096,.F.);
#11096 = EDGE_CURVE('',#10521,#11097,#11099,.T.);
#11097 = VERTEX_POINT('',#11098);
#11098 = CARTESIAN_POINT('',(-0.16,-5.24,8.54));
#11099 = LINE('',#11100,#11101);
#11100 = CARTESIAN_POINT('',(-0.266666666667,-5.346666666667,
    8.433333333333));
#11101 = VECTOR('',#11102,1.);
#11102 = DIRECTION('',(0.57735026919,0.57735026919,0.57735026919));
#11103 = ORIENTED_EDGE('',*,*,#10530,.T.);
#11104 = ORIENTED_EDGE('',*,*,#11065,.T.);
#11105 = ORIENTED_EDGE('',*,*,#11106,.F.);
#11106 = EDGE_CURVE('',#11097,#11066,#11107,.T.);
#11107 = LINE('',#11108,#11109);
#11108 = CARTESIAN_POINT('',(-0.16,-5.4,8.54));
#11109 = VECTOR('',#11110,1.);
#11110 = DIRECTION('',(0.,1.,0.));
#11111 = PLANE('',#11112);
#11112 = AXIS2_PLACEMENT_3D('',#11113,#11114,#11115);
#11113 = CARTESIAN_POINT('',(-0.24,-5.4,8.46));
#11114 = DIRECTION('',(0.707106781187,1.735167508357E-18,-0.707106781187
    ));
#11115 = DIRECTION('',(-1.226948711654E-18,1.,1.226948711654E-18));
#11116 = ADVANCED_FACE('',(#11117),#11135,.F.);
#11117 = FACE_BOUND('',#11118,.T.);
#11118 = EDGE_LOOP('',(#11119,#11120,#11121,#11129));
#11119 = ORIENTED_EDGE('',*,*,#11096,.F.);
#11120 = ORIENTED_EDGE('',*,*,#10554,.T.);
#11121 = ORIENTED_EDGE('',*,*,#11122,.T.);
#11122 = EDGE_CURVE('',#10545,#11123,#11125,.T.);
#11123 = VERTEX_POINT('',#11124);
#11124 = CARTESIAN_POINT('',(0.16,-5.24,8.54));
#11125 = LINE('',#11126,#11127);
#11126 = CARTESIAN_POINT('',(0.16,-5.24,8.54));
#11127 = VECTOR('',#11128,1.);
#11128 = DIRECTION('',(-0.57735026919,0.57735026919,0.57735026919));
#11129 = ORIENTED_EDGE('',*,*,#11130,.F.);
#11130 = EDGE_CURVE('',#11097,#11123,#11131,.T.);
#11131 = LINE('',#11132,#11133);
#11132 = CARTESIAN_POINT('',(-0.32,-5.24,8.54));
#11133 = VECTOR('',#11134,1.);
#11134 = DIRECTION('',(1.,0.,0.));
#11135 = PLANE('',#11136);
#11136 = AXIS2_PLACEMENT_3D('',#11137,#11138,#11139);
#11137 = CARTESIAN_POINT('',(-0.32,-5.32,8.46));
#11138 = DIRECTION('',(-1.735167508357E-18,0.707106781187,
    -0.707106781187));
#11139 = DIRECTION('',(-1.,-1.226948711654E-18,1.226948711654E-18));
#11140 = ADVANCED_FACE('',(#11141),#11152,.T.);
#11141 = FACE_BOUND('',#11142,.T.);
#11142 = EDGE_LOOP('',(#11143,#11144,#11145,#11146));
#11143 = ORIENTED_EDGE('',*,*,#11122,.F.);
#11144 = ORIENTED_EDGE('',*,*,#10571,.T.);
#11145 = ORIENTED_EDGE('',*,*,#11074,.T.);
#11146 = ORIENTED_EDGE('',*,*,#11147,.F.);
#11147 = EDGE_CURVE('',#11123,#11075,#11148,.T.);
#11148 = LINE('',#11149,#11150);
#11149 = CARTESIAN_POINT('',(0.16,-5.4,8.54));
#11150 = VECTOR('',#11151,1.);
#11151 = DIRECTION('',(0.,1.,0.));
#11152 = PLANE('',#11153);
#11153 = AXIS2_PLACEMENT_3D('',#11154,#11155,#11156);
#11154 = CARTESIAN_POINT('',(0.24,-5.4,8.46));
#11155 = DIRECTION('',(0.707106781187,-1.735167508357E-18,0.707106781187
    ));
#11156 = DIRECTION('',(1.226948711654E-18,1.,1.226948711654E-18));
#11157 = ADVANCED_FACE('',(#11158),#11164,.F.);
#11158 = FACE_BOUND('',#11159,.F.);
#11159 = EDGE_LOOP('',(#11160,#11161,#11162,#11163));
#11160 = ORIENTED_EDGE('',*,*,#10626,.F.);
#11161 = ORIENTED_EDGE('',*,*,#10650,.F.);
#11162 = ORIENTED_EDGE('',*,*,#10667,.T.);
#11163 = ORIENTED_EDGE('',*,*,#10602,.T.);
#11164 = PLANE('',#11165);
#11165 = AXIS2_PLACEMENT_3D('',#11166,#11167,#11168);
#11166 = CARTESIAN_POINT('',(-0.32,-0.32,-3.));
#11167 = DIRECTION('',(0.,0.,1.));
#11168 = DIRECTION('',(1.,0.,-0.));
#11169 = ADVANCED_FACE('',(#11170),#11176,.F.);
#11170 = FACE_BOUND('',#11171,.F.);
#11171 = EDGE_LOOP('',(#11172,#11173,#11174,#11175));
#11172 = ORIENTED_EDGE('',*,*,#10746,.F.);
#11173 = ORIENTED_EDGE('',*,*,#10763,.F.);
#11174 = ORIENTED_EDGE('',*,*,#10698,.T.);
#11175 = ORIENTED_EDGE('',*,*,#10722,.T.);
#11176 = PLANE('',#11177);
#11177 = AXIS2_PLACEMENT_3D('',#11178,#11179,#11180);
#11178 = CARTESIAN_POINT('',(-0.32,-2.86,-3.));
#11179 = DIRECTION('',(0.,0.,1.));
#11180 = DIRECTION('',(1.,0.,-0.));
#11181 = ADVANCED_FACE('',(#11182),#11188,.F.);
#11182 = FACE_BOUND('',#11183,.F.);
#11183 = EDGE_LOOP('',(#11184,#11185,#11186,#11187));
#11184 = ORIENTED_EDGE('',*,*,#10794,.F.);
#11185 = ORIENTED_EDGE('',*,*,#10818,.F.);
#11186 = ORIENTED_EDGE('',*,*,#10842,.T.);
#11187 = ORIENTED_EDGE('',*,*,#10859,.T.);
#11188 = PLANE('',#11189);
#11189 = AXIS2_PLACEMENT_3D('',#11190,#11191,#11192);
#11190 = CARTESIAN_POINT('',(-0.32,-5.4,-3.));
#11191 = DIRECTION('',(0.,0.,1.));
#11192 = DIRECTION('',(1.,0.,-0.));
#11193 = ADVANCED_FACE('',(#11194),#11200,.T.);
#11194 = FACE_BOUND('',#11195,.T.);
#11195 = EDGE_LOOP('',(#11196,#11197,#11198,#11199));
#11196 = ORIENTED_EDGE('',*,*,#10955,.T.);
#11197 = ORIENTED_EDGE('',*,*,#10890,.T.);
#11198 = ORIENTED_EDGE('',*,*,#10914,.F.);
#11199 = ORIENTED_EDGE('',*,*,#10938,.F.);
#11200 = PLANE('',#11201);
#11201 = AXIS2_PLACEMENT_3D('',#11202,#11203,#11204);
#11202 = CARTESIAN_POINT('',(-0.32,-0.32,8.54));
#11203 = DIRECTION('',(0.,0.,1.));
#11204 = DIRECTION('',(1.,0.,-0.));
#11205 = ADVANCED_FACE('',(#11206),#11212,.T.);
#11206 = FACE_BOUND('',#11207,.T.);
#11207 = EDGE_LOOP('',(#11208,#11209,#11210,#11211));
#11208 = ORIENTED_EDGE('',*,*,#10986,.T.);
#11209 = ORIENTED_EDGE('',*,*,#11010,.T.);
#11210 = ORIENTED_EDGE('',*,*,#11034,.F.);
#11211 = ORIENTED_EDGE('',*,*,#11051,.F.);
#11212 = PLANE('',#11213);
#11213 = AXIS2_PLACEMENT_3D('',#11214,#11215,#11216);
#11214 = CARTESIAN_POINT('',(-0.32,-2.86,8.54));
#11215 = DIRECTION('',(0.,0.,1.));
#11216 = DIRECTION('',(1.,0.,-0.));
#11217 = ADVANCED_FACE('',(#11218),#11224,.T.);
#11218 = FACE_BOUND('',#11219,.T.);
#11219 = EDGE_LOOP('',(#11220,#11221,#11222,#11223));
#11220 = ORIENTED_EDGE('',*,*,#11130,.T.);
#11221 = ORIENTED_EDGE('',*,*,#11147,.T.);
#11222 = ORIENTED_EDGE('',*,*,#11082,.F.);
#11223 = ORIENTED_EDGE('',*,*,#11106,.F.);
#11224 = PLANE('',#11225);
#11225 = AXIS2_PLACEMENT_3D('',#11226,#11227,#11228);
#11226 = CARTESIAN_POINT('',(-0.32,-5.4,8.54));
#11227 = DIRECTION('',(0.,0.,1.));
#11228 = DIRECTION('',(1.,0.,-0.));
#11229 = ( GEOMETRIC_REPRESENTATION_CONTEXT(3) 
GLOBAL_UNCERTAINTY_ASSIGNED_CONTEXT((#11233)) 
GLOBAL_UNIT_ASSIGNED_CONTEXT((#11230,#11231,#11232)) 
REPRESENTATION_CONTEXT('Context #1',
  '3D Context with UNIT and UNCERTAINTY') );
#11230 = ( LENGTH_UNIT() NAMED_UNIT(*) SI_UNIT(.MILLI.,.METRE.) );
#11231 = ( NAMED_UNIT(*) PLANE_ANGLE_UNIT() SI_UNIT($,.RADIAN.) );
#11232 = ( NAMED_UNIT(*) SI_UNIT($,.STERADIAN.) SOLID_ANGLE_UNIT() );
#11233 = UNCERTAINTY_MEASURE_WITH_UNIT(LENGTH_MEASURE(1.E-07),#11230,
  'distance_accuracy_value','confusion accuracy');
#11234 = CONTEXT_DEPENDENT_SHAPE_REPRESENTATION(#11235,#11237);
#11235 = ( REPRESENTATION_RELATIONSHIP('','',#9122,#10) 
REPRESENTATION_RELATIONSHIP_WITH_TRANSFORMATION(#11236) 
SHAPE_REPRESENTATION_RELATIONSHIP() );
#11236 = ITEM_DEFINED_TRANSFORMATION('','',#11,#35);
#11237 = PRODUCT_DEFINITION_SHAPE('Placement','Placement of an item',
  #11238);
#11238 = NEXT_ASSEMBLY_USAGE_OCCURRENCE('6','DFRobot_SEN0193','',#5,
  #9117,$);
#11239 = PRODUCT_RELATED_PRODUCT_CATEGORY('part',$,(#9119));
#11240 = CONTEXT_DEPENDENT_SHAPE_REPRESENTATION(#11241,#11243);
#11241 = ( REPRESENTATION_RELATIONSHIP('','',#72,#10) 
REPRESENTATION_RELATIONSHIP_WITH_TRANSFORMATION(#11242) 
SHAPE_REPRESENTATION_RELATIONSHIP() );
#11242 = ITEM_DEFINED_TRANSFORMATION('','',#11,#39);
#11243 = PRODUCT_DEFINITION_SHAPE('Placement','Placement of an item',
  #11244);
#11244 = NEXT_ASSEMBLY_USAGE_OCCURRENCE('7','R2','',#5,#67,$);
#11245 = CONTEXT_DEPENDENT_SHAPE_REPRESENTATION(#11246,#11248);
#11246 = ( REPRESENTATION_RELATIONSHIP('','',#72,#10) 
REPRESENTATION_RELATIONSHIP_WITH_TRANSFORMATION(#11247) 
SHAPE_REPRESENTATION_RELATIONSHIP() );
#11247 = ITEM_DEFINED_TRANSFORMATION('','',#11,#43);
#11248 = PRODUCT_DEFINITION_SHAPE('Placement','Placement of an item',
  #11249);
#11249 = NEXT_ASSEMBLY_USAGE_OCCURRENCE('8','R3','',#5,#67,$);
#11250 = CONTEXT_DEPENDENT_SHAPE_REPRESENTATION(#11251,#11253);
#11251 = ( REPRESENTATION_RELATIONSHIP('','',#72,#10) 
REPRESENTATION_RELATIONSHIP_WITH_TRANSFORMATION(#11252) 
SHAPE_REPRESENTATION_RELATIONSHIP() );
#11252 = ITEM_DEFINED_TRANSFORMATION('','',#11,#47);
#11253 = PRODUCT_DEFINITION_SHAPE('Placement','Placement of an item',
  #11254);
#11254 = NEXT_ASSEMBLY_USAGE_OCCURRENCE('9','R1','',#5,#67,$);
#11255 = SHAPE_DEFINITION_REPRESENTATION(#11256,#11262);
#11256 = PRODUCT_DEFINITION_SHAPE('','',#11257);
#11257 = PRODUCT_DEFINITION('design','',#11258,#11261);
#11258 = PRODUCT_DEFINITION_FORMATION('','',#11259);
#11259 = PRODUCT('LED_0805_2012Metric','LED_0805_2012Metric','',(#11260)
  );
#11260 = PRODUCT_CONTEXT('',#2,'mechanical');
#11261 = PRODUCT_DEFINITION_CONTEXT('part definition',#2,'design');
#11262 = ADVANCED_BREP_SHAPE_REPRESENTATION('',(#11,#11263),#12786);
#11263 = MANIFOLD_SOLID_BREP('',#11264);
#11264 = CLOSED_SHELL('',(#11265,#11305,#11352,#11431,#11455,#11495,
    #11526,#11543,#11576,#11600,#11667,#11788,#11855,#11879,#11910,
    #11943,#11999,#12023,#12047,#12071,#12104,#12116,#12179,#12204,
    #12221,#12245,#12263,#12281,#12299,#12316,#12333,#12364,#12389,
    #12414,#12438,#12455,#12486,#12510,#12527,#12555,#12580,#12604,
    #12629,#12676,#12693,#12705,#12727,#12739,#12757,#12775));
#11265 = ADVANCED_FACE('',(#11266),#11300,.F.);
#11266 = FACE_BOUND('',#11267,.F.);
#11267 = EDGE_LOOP('',(#11268,#11278,#11286,#11294));
#11268 = ORIENTED_EDGE('',*,*,#11269,.T.);
#11269 = EDGE_CURVE('',#11270,#11272,#11274,.T.);
#11270 = VERTEX_POINT('',#11271);
#11271 = CARTESIAN_POINT('',(-0.65,-0.625,0.465));
#11272 = VERTEX_POINT('',#11273);
#11273 = CARTESIAN_POINT('',(-0.585,-0.625,1.1));
#11274 = LINE('',#11275,#11276);
#11275 = CARTESIAN_POINT('',(-0.65,-0.625,0.465));
#11276 = VECTOR('',#11277,1.);
#11277 = DIRECTION('',(0.101830105936,0.,0.994801804142));
#11278 = ORIENTED_EDGE('',*,*,#11279,.T.);
#11279 = EDGE_CURVE('',#11272,#11280,#11282,.T.);
#11280 = VERTEX_POINT('',#11281);
#11281 = CARTESIAN_POINT('',(0.585,-0.625,1.1));
#11282 = LINE('',#11283,#11284);
#11283 = CARTESIAN_POINT('',(-0.585,-0.625,1.1));
#11284 = VECTOR('',#11285,1.);
#11285 = DIRECTION('',(1.,0.,0.));
#11286 = ORIENTED_EDGE('',*,*,#11287,.T.);
#11287 = EDGE_CURVE('',#11280,#11288,#11290,.T.);
#11288 = VERTEX_POINT('',#11289);
#11289 = CARTESIAN_POINT('',(0.65,-0.625,0.465));
#11290 = LINE('',#11291,#11292);
#11291 = CARTESIAN_POINT('',(0.585,-0.625,1.1));
#11292 = VECTOR('',#11293,1.);
#11293 = DIRECTION('',(0.101830105936,0.,-0.994801804142));
#11294 = ORIENTED_EDGE('',*,*,#11295,.T.);
#11295 = EDGE_CURVE('',#11288,#11270,#11296,.T.);
#11296 = LINE('',#11297,#11298);
#11297 = CARTESIAN_POINT('',(0.65,-0.625,0.465));
#11298 = VECTOR('',#11299,1.);
#11299 = DIRECTION('',(-1.,0.,-4.270088556251E-17));
#11300 = PLANE('',#11301);
#11301 = AXIS2_PLACEMENT_3D('',#11302,#11303,#11304);
#11302 = CARTESIAN_POINT('',(1.481626402817E-17,-0.625,0.771483451357));
#11303 = DIRECTION('',(-5.57234551408E-33,1.,3.18580557984E-32));
#11304 = DIRECTION('',(0.,-3.18580557984E-32,1.));
#11305 = ADVANCED_FACE('',(#11306),#11347,.T.);
#11306 = FACE_BOUND('',#11307,.T.);
#11307 = EDGE_LOOP('',(#11308,#11318,#11326,#11332,#11333,#11341));
#11308 = ORIENTED_EDGE('',*,*,#11309,.T.);
#11309 = EDGE_CURVE('',#11310,#11312,#11314,.T.);
#11310 = VERTEX_POINT('',#11311);
#11311 = CARTESIAN_POINT('',(-0.65,0.625,0.465));
#11312 = VERTEX_POINT('',#11313);
#11313 = CARTESIAN_POINT('',(-0.65,0.46875,0.465));
#11314 = LINE('',#11315,#11316);
#11315 = CARTESIAN_POINT('',(-0.65,0.625,0.465));
#11316 = VECTOR('',#11317,1.);
#11317 = DIRECTION('',(0.,-1.,0.));
#11318 = ORIENTED_EDGE('',*,*,#11319,.F.);
#11319 = EDGE_CURVE('',#11320,#11312,#11322,.T.);
#11320 = VERTEX_POINT('',#11321);
#11321 = CARTESIAN_POINT('',(-0.65,-0.46875,0.465));
#11322 = LINE('',#11323,#11324);
#11323 = CARTESIAN_POINT('',(-0.65,-0.625,0.465));
#11324 = VECTOR('',#11325,1.);
#11325 = DIRECTION('',(0.,1.,0.));
#11326 = ORIENTED_EDGE('',*,*,#11327,.T.);
#11327 = EDGE_CURVE('',#11320,#11270,#11328,.T.);
#11328 = LINE('',#11329,#11330);
#11329 = CARTESIAN_POINT('',(-0.65,0.625,0.465));
#11330 = VECTOR('',#11331,1.);
#11331 = DIRECTION('',(0.,-1.,0.));
#11332 = ORIENTED_EDGE('',*,*,#11269,.T.);
#11333 = ORIENTED_EDGE('',*,*,#11334,.F.);
#11334 = EDGE_CURVE('',#11335,#11272,#11337,.T.);
#11335 = VERTEX_POINT('',#11336);
#11336 = CARTESIAN_POINT('',(-0.585,0.625,1.1));
#11337 = LINE('',#11338,#11339);
#11338 = CARTESIAN_POINT('',(-0.585,0.625,1.1));
#11339 = VECTOR('',#11340,1.);
#11340 = DIRECTION('',(0.,-1.,0.));
#11341 = ORIENTED_EDGE('',*,*,#11342,.F.);
#11342 = EDGE_CURVE('',#11310,#11335,#11343,.T.);
#11343 = LINE('',#11344,#11345);
#11344 = CARTESIAN_POINT('',(-0.65,0.625,0.465));
#11345 = VECTOR('',#11346,1.);
#11346 = DIRECTION('',(0.101830105936,0.,0.994801804142));
#11347 = PLANE('',#11348);
#11348 = AXIS2_PLACEMENT_3D('',#11349,#11350,#11351);
#11349 = CARTESIAN_POINT('',(-0.65,0.625,0.465));
#11350 = DIRECTION('',(-0.994801804142,0.,0.101830105936));
#11351 = DIRECTION('',(0.101830105936,0.,0.994801804142));
#11352 = ADVANCED_FACE('',(#11353),#11426,.F.);
#11353 = FACE_BOUND('',#11354,.F.);
#11354 = EDGE_LOOP('',(#11355,#11365,#11373,#11381,#11387,#11388,#11396,
    #11404,#11412,#11420));
#11355 = ORIENTED_EDGE('',*,*,#11356,.F.);
#11356 = EDGE_CURVE('',#11357,#11359,#11361,.T.);
#11357 = VERTEX_POINT('',#11358);
#11358 = CARTESIAN_POINT('',(-0.965,-0.625,3.5E-02));
#11359 = VERTEX_POINT('',#11360);
#11360 = CARTESIAN_POINT('',(-0.9125,-0.625,3.5E-02));
#11361 = LINE('',#11362,#11363);
#11362 = CARTESIAN_POINT('',(-0.965,-0.625,3.5E-02));
#11363 = VECTOR('',#11364,1.);
#11364 = DIRECTION('',(1.,0.,0.));
#11365 = ORIENTED_EDGE('',*,*,#11366,.T.);
#11366 = EDGE_CURVE('',#11357,#11367,#11369,.T.);
#11367 = VERTEX_POINT('',#11368);
#11368 = CARTESIAN_POINT('',(-0.965,-0.625,0.465));
#11369 = LINE('',#11370,#11371);
#11370 = CARTESIAN_POINT('',(-0.965,-0.625,3.5E-02));
#11371 = VECTOR('',#11372,1.);
#11372 = DIRECTION('',(0.,0.,1.));
#11373 = ORIENTED_EDGE('',*,*,#11374,.T.);
#11374 = EDGE_CURVE('',#11367,#11375,#11377,.T.);
#11375 = VERTEX_POINT('',#11376);
#11376 = CARTESIAN_POINT('',(-0.9125,-0.625,0.465));
#11377 = LINE('',#11378,#11379);
#11378 = CARTESIAN_POINT('',(-0.965,-0.625,0.465));
#11379 = VECTOR('',#11380,1.);
#11380 = DIRECTION('',(1.,0.,0.));
#11381 = ORIENTED_EDGE('',*,*,#11382,.T.);
#11382 = EDGE_CURVE('',#11375,#11270,#11383,.T.);
#11383 = LINE('',#11384,#11385);
#11384 = CARTESIAN_POINT('',(-0.965,-0.625,0.465));
#11385 = VECTOR('',#11386,1.);
#11386 = DIRECTION('',(1.,0.,0.));
#11387 = ORIENTED_EDGE('',*,*,#11295,.F.);
#11388 = ORIENTED_EDGE('',*,*,#11389,.T.);
#11389 = EDGE_CURVE('',#11288,#11390,#11392,.T.);
#11390 = VERTEX_POINT('',#11391);
#11391 = CARTESIAN_POINT('',(0.9125,-0.625,0.465));
#11392 = LINE('',#11393,#11394);
#11393 = CARTESIAN_POINT('',(-0.965,-0.625,0.465));
#11394 = VECTOR('',#11395,1.);
#11395 = DIRECTION('',(1.,0.,0.));
#11396 = ORIENTED_EDGE('',*,*,#11397,.T.);
#11397 = EDGE_CURVE('',#11390,#11398,#11400,.T.);
#11398 = VERTEX_POINT('',#11399);
#11399 = CARTESIAN_POINT('',(0.965,-0.625,0.465));
#11400 = LINE('',#11401,#11402);
#11401 = CARTESIAN_POINT('',(-0.965,-0.625,0.465));
#11402 = VECTOR('',#11403,1.);
#11403 = DIRECTION('',(1.,0.,0.));
#11404 = ORIENTED_EDGE('',*,*,#11405,.F.);
#11405 = EDGE_CURVE('',#11406,#11398,#11408,.T.);
#11406 = VERTEX_POINT('',#11407);
#11407 = CARTESIAN_POINT('',(0.965,-0.625,3.5E-02));
#11408 = LINE('',#11409,#11410);
#11409 = CARTESIAN_POINT('',(0.965,-0.625,3.5E-02));
#11410 = VECTOR('',#11411,1.);
#11411 = DIRECTION('',(0.,0.,1.));
#11412 = ORIENTED_EDGE('',*,*,#11413,.F.);
#11413 = EDGE_CURVE('',#11414,#11406,#11416,.T.);
#11414 = VERTEX_POINT('',#11415);
#11415 = CARTESIAN_POINT('',(0.9125,-0.625,3.5E-02));
#11416 = LINE('',#11417,#11418);
#11417 = CARTESIAN_POINT('',(-0.965,-0.625,3.5E-02));
#11418 = VECTOR('',#11419,1.);
#11419 = DIRECTION('',(1.,0.,0.));
#11420 = ORIENTED_EDGE('',*,*,#11421,.F.);
#11421 = EDGE_CURVE('',#11359,#11414,#11422,.T.);
#11422 = LINE('',#11423,#11424);
#11423 = CARTESIAN_POINT('',(-0.965,-0.625,3.5E-02));
#11424 = VECTOR('',#11425,1.);
#11425 = DIRECTION('',(1.,0.,0.));
#11426 = PLANE('',#11427);
#11427 = AXIS2_PLACEMENT_3D('',#11428,#11429,#11430);
#11428 = CARTESIAN_POINT('',(-0.965,-0.625,3.5E-02));
#11429 = DIRECTION('',(0.,1.,0.));
#11430 = DIRECTION('',(0.,-0.,1.));
#11431 = ADVANCED_FACE('',(#11432),#11450,.T.);
#11432 = FACE_BOUND('',#11433,.T.);
#11433 = EDGE_LOOP('',(#11434,#11435,#11436,#11444));
#11434 = ORIENTED_EDGE('',*,*,#11334,.T.);
#11435 = ORIENTED_EDGE('',*,*,#11279,.T.);
#11436 = ORIENTED_EDGE('',*,*,#11437,.F.);
#11437 = EDGE_CURVE('',#11438,#11280,#11440,.T.);
#11438 = VERTEX_POINT('',#11439);
#11439 = CARTESIAN_POINT('',(0.585,0.625,1.1));
#11440 = LINE('',#11441,#11442);
#11441 = CARTESIAN_POINT('',(0.585,0.625,1.1));
#11442 = VECTOR('',#11443,1.);
#11443 = DIRECTION('',(0.,-1.,0.));
#11444 = ORIENTED_EDGE('',*,*,#11445,.F.);
#11445 = EDGE_CURVE('',#11335,#11438,#11446,.T.);
#11446 = LINE('',#11447,#11448);
#11447 = CARTESIAN_POINT('',(-0.585,0.625,1.1));
#11448 = VECTOR('',#11449,1.);
#11449 = DIRECTION('',(1.,0.,0.));
#11450 = PLANE('',#11451);
#11451 = AXIS2_PLACEMENT_3D('',#11452,#11453,#11454);
#11452 = CARTESIAN_POINT('',(-0.585,0.625,1.1));
#11453 = DIRECTION('',(0.,0.,1.));
#11454 = DIRECTION('',(1.,0.,-0.));
#11455 = ADVANCED_FACE('',(#11456),#11490,.T.);
#11456 = FACE_BOUND('',#11457,.T.);
#11457 = EDGE_LOOP('',(#11458,#11459,#11460,#11468,#11476,#11484));
#11458 = ORIENTED_EDGE('',*,*,#11437,.T.);
#11459 = ORIENTED_EDGE('',*,*,#11287,.T.);
#11460 = ORIENTED_EDGE('',*,*,#11461,.F.);
#11461 = EDGE_CURVE('',#11462,#11288,#11464,.T.);
#11462 = VERTEX_POINT('',#11463);
#11463 = CARTESIAN_POINT('',(0.65,-0.46875,0.465));
#11464 = LINE('',#11465,#11466);
#11465 = CARTESIAN_POINT('',(0.65,0.625,0.465));
#11466 = VECTOR('',#11467,1.);
#11467 = DIRECTION('',(0.,-1.,0.));
#11468 = ORIENTED_EDGE('',*,*,#11469,.F.);
#11469 = EDGE_CURVE('',#11470,#11462,#11472,.T.);
#11470 = VERTEX_POINT('',#11471);
#11471 = CARTESIAN_POINT('',(0.65,0.46875,0.465));
#11472 = LINE('',#11473,#11474);
#11473 = CARTESIAN_POINT('',(0.65,0.625,0.465));
#11474 = VECTOR('',#11475,1.);
#11475 = DIRECTION('',(0.,-1.,0.));
#11476 = ORIENTED_EDGE('',*,*,#11477,.F.);
#11477 = EDGE_CURVE('',#11478,#11470,#11480,.T.);
#11478 = VERTEX_POINT('',#11479);
#11479 = CARTESIAN_POINT('',(0.65,0.625,0.465));
#11480 = LINE('',#11481,#11482);
#11481 = CARTESIAN_POINT('',(0.65,0.625,0.465));
#11482 = VECTOR('',#11483,1.);
#11483 = DIRECTION('',(0.,-1.,0.));
#11484 = ORIENTED_EDGE('',*,*,#11485,.F.);
#11485 = EDGE_CURVE('',#11438,#11478,#11486,.T.);
#11486 = LINE('',#11487,#11488);
#11487 = CARTESIAN_POINT('',(0.585,0.625,1.1));
#11488 = VECTOR('',#11489,1.);
#11489 = DIRECTION('',(0.101830105936,0.,-0.994801804142));
#11490 = PLANE('',#11491);
#11491 = AXIS2_PLACEMENT_3D('',#11492,#11493,#11494);
#11492 = CARTESIAN_POINT('',(0.585,0.625,1.1));
#11493 = DIRECTION('',(0.994801804142,0.,0.101830105936));
#11494 = DIRECTION('',(0.101830105936,0.,-0.994801804142));
#11495 = ADVANCED_FACE('',(#11496),#11521,.T.);
#11496 = FACE_BOUND('',#11497,.T.);
#11497 = EDGE_LOOP('',(#11498,#11506,#11514,#11520));
#11498 = ORIENTED_EDGE('',*,*,#11499,.F.);
#11499 = EDGE_CURVE('',#11500,#11310,#11502,.T.);
#11500 = VERTEX_POINT('',#11501);
#11501 = CARTESIAN_POINT('',(-0.9125,0.625,0.465));
#11502 = LINE('',#11503,#11504);
#11503 = CARTESIAN_POINT('',(-0.965,0.625,0.465));
#11504 = VECTOR('',#11505,1.);
#11505 = DIRECTION('',(1.,0.,0.));
#11506 = ORIENTED_EDGE('',*,*,#11507,.F.);
#11507 = EDGE_CURVE('',#11508,#11500,#11510,.T.);
#11508 = VERTEX_POINT('',#11509);
#11509 = CARTESIAN_POINT('',(-0.9125,0.46875,0.465));
#11510 = LINE('',#11511,#11512);
#11511 = CARTESIAN_POINT('',(-0.9125,7.8125E-02,0.465));
#11512 = VECTOR('',#11513,1.);
#11513 = DIRECTION('',(0.,1.,0.));
#11514 = ORIENTED_EDGE('',*,*,#11515,.F.);
#11515 = EDGE_CURVE('',#11312,#11508,#11516,.T.);
#11516 = LINE('',#11517,#11518);
#11517 = CARTESIAN_POINT('',(-0.93875,0.46875,0.465));
#11518 = VECTOR('',#11519,1.);
#11519 = DIRECTION('',(-1.,0.,0.));
#11520 = ORIENTED_EDGE('',*,*,#11309,.F.);
#11521 = PLANE('',#11522);
#11522 = AXIS2_PLACEMENT_3D('',#11523,#11524,#11525);
#11523 = CARTESIAN_POINT('',(-0.965,-0.625,0.465));
#11524 = DIRECTION('',(0.,0.,1.));
#11525 = DIRECTION('',(1.,0.,-0.));
#11526 = ADVANCED_FACE('',(#11527),#11538,.T.);
#11527 = FACE_BOUND('',#11528,.T.);
#11528 = EDGE_LOOP('',(#11529,#11530,#11531,#11532));
#11529 = ORIENTED_EDGE('',*,*,#11342,.T.);
#11530 = ORIENTED_EDGE('',*,*,#11445,.T.);
#11531 = ORIENTED_EDGE('',*,*,#11485,.T.);
#11532 = ORIENTED_EDGE('',*,*,#11533,.T.);
#11533 = EDGE_CURVE('',#11478,#11310,#11534,.T.);
#11534 = LINE('',#11535,#11536);
#11535 = CARTESIAN_POINT('',(0.65,0.625,0.465));
#11536 = VECTOR('',#11537,1.);
#11537 = DIRECTION('',(-1.,0.,-4.270088556251E-17));
#11538 = PLANE('',#11539);
#11539 = AXIS2_PLACEMENT_3D('',#11540,#11541,#11542);
#11540 = CARTESIAN_POINT('',(1.481626402817E-17,0.625,0.771483451357));
#11541 = DIRECTION('',(-5.57234551408E-33,1.,3.18580557984E-32));
#11542 = DIRECTION('',(0.,-3.18580557984E-32,1.));
#11543 = ADVANCED_FACE('',(#11544),#11571,.T.);
#11544 = FACE_BOUND('',#11545,.T.);
#11545 = EDGE_LOOP('',(#11546,#11555,#11563,#11570));
#11546 = ORIENTED_EDGE('',*,*,#11547,.F.);
#11547 = EDGE_CURVE('',#11548,#11312,#11550,.T.);
#11548 = VERTEX_POINT('',#11549);
#11549 = CARTESIAN_POINT('',(-0.685,0.46875,0.5));
#11550 = CIRCLE('',#11551,3.5E-02);
#11551 = AXIS2_PLACEMENT_3D('',#11552,#11553,#11554);
#11552 = CARTESIAN_POINT('',(-0.685,0.46875,0.465));
#11553 = DIRECTION('',(-0.,1.,0.));
#11554 = DIRECTION('',(1.,0.,0.));
#11555 = ORIENTED_EDGE('',*,*,#11556,.F.);
#11556 = EDGE_CURVE('',#11557,#11548,#11559,.T.);
#11557 = VERTEX_POINT('',#11558);
#11558 = CARTESIAN_POINT('',(-0.685,-0.46875,0.5));
#11559 = LINE('',#11560,#11561);
#11560 = CARTESIAN_POINT('',(-0.685,-0.625,0.5));
#11561 = VECTOR('',#11562,1.);
#11562 = DIRECTION('',(0.,1.,0.));
#11563 = ORIENTED_EDGE('',*,*,#11564,.T.);
#11564 = EDGE_CURVE('',#11557,#11320,#11565,.T.);
#11565 = CIRCLE('',#11566,3.5E-02);
#11566 = AXIS2_PLACEMENT_3D('',#11567,#11568,#11569);
#11567 = CARTESIAN_POINT('',(-0.685,-0.46875,0.465));
#11568 = DIRECTION('',(-0.,1.,0.));
#11569 = DIRECTION('',(1.,0.,0.));
#11570 = ORIENTED_EDGE('',*,*,#11319,.T.);
#11571 = CYLINDRICAL_SURFACE('',#11572,3.5E-02);
#11572 = AXIS2_PLACEMENT_3D('',#11573,#11574,#11575);
#11573 = CARTESIAN_POINT('',(-0.685,-0.625,0.465));
#11574 = DIRECTION('',(0.,1.,0.));
#11575 = DIRECTION('',(1.,0.,0.));
#11576 = ADVANCED_FACE('',(#11577),#11595,.T.);
#11577 = FACE_BOUND('',#11578,.T.);
#11578 = EDGE_LOOP('',(#11579,#11587,#11588,#11589));
#11579 = ORIENTED_EDGE('',*,*,#11580,.F.);
#11580 = EDGE_CURVE('',#11375,#11581,#11583,.T.);
#11581 = VERTEX_POINT('',#11582);
#11582 = CARTESIAN_POINT('',(-0.9125,-0.46875,0.465));
#11583 = LINE('',#11584,#11585);
#11584 = CARTESIAN_POINT('',(-0.9125,-0.546875,0.465));
#11585 = VECTOR('',#11586,1.);
#11586 = DIRECTION('',(0.,1.,0.));
#11587 = ORIENTED_EDGE('',*,*,#11382,.T.);
#11588 = ORIENTED_EDGE('',*,*,#11327,.F.);
#11589 = ORIENTED_EDGE('',*,*,#11590,.F.);
#11590 = EDGE_CURVE('',#11581,#11320,#11591,.T.);
#11591 = LINE('',#11592,#11593);
#11592 = CARTESIAN_POINT('',(-2.625E-02,-0.46875,0.465));
#11593 = VECTOR('',#11594,1.);
#11594 = DIRECTION('',(1.,0.,0.));
#11595 = PLANE('',#11596);
#11596 = AXIS2_PLACEMENT_3D('',#11597,#11598,#11599);
#11597 = CARTESIAN_POINT('',(-0.965,-0.625,0.465));
#11598 = DIRECTION('',(0.,0.,1.));
#11599 = DIRECTION('',(1.,0.,-0.));
#11600 = ADVANCED_FACE('',(#11601),#11662,.F.);
#11601 = FACE_BOUND('',#11602,.F.);
#11602 = EDGE_LOOP('',(#11603,#11613,#11622,#11630,#11639,#11647,#11653,
    #11654,#11655,#11656));
#11603 = ORIENTED_EDGE('',*,*,#11604,.F.);
#11604 = EDGE_CURVE('',#11605,#11607,#11609,.T.);
#11605 = VERTEX_POINT('',#11606);
#11606 = CARTESIAN_POINT('',(-0.965,-0.625,-6.938893903907E-18));
#11607 = VERTEX_POINT('',#11608);
#11608 = CARTESIAN_POINT('',(-0.9125,-0.625,0.));
#11609 = LINE('',#11610,#11611);
#11610 = CARTESIAN_POINT('',(-1.,-0.625,0.));
#11611 = VECTOR('',#11612,1.);
#11612 = DIRECTION('',(1.,0.,0.));
#11613 = ORIENTED_EDGE('',*,*,#11614,.F.);
#11614 = EDGE_CURVE('',#11615,#11605,#11617,.T.);
#11615 = VERTEX_POINT('',#11616);
#11616 = CARTESIAN_POINT('',(-1.,-0.625,3.5E-02));
#11617 = CIRCLE('',#11618,3.5E-02);
#11618 = AXIS2_PLACEMENT_3D('',#11619,#11620,#11621);
#11619 = CARTESIAN_POINT('',(-0.965,-0.625,3.5E-02));
#11620 = DIRECTION('',(0.,-1.,0.));
#11621 = DIRECTION('',(0.,0.,1.));
#11622 = ORIENTED_EDGE('',*,*,#11623,.T.);
#11623 = EDGE_CURVE('',#11615,#11624,#11626,.T.);
#11624 = VERTEX_POINT('',#11625);
#11625 = CARTESIAN_POINT('',(-1.,-0.625,0.465));
#11626 = LINE('',#11627,#11628);
#11627 = CARTESIAN_POINT('',(-1.,-0.625,0.));
#11628 = VECTOR('',#11629,1.);
#11629 = DIRECTION('',(0.,0.,1.));
#11630 = ORIENTED_EDGE('',*,*,#11631,.T.);
#11631 = EDGE_CURVE('',#11624,#11632,#11634,.T.);
#11632 = VERTEX_POINT('',#11633);
#11633 = CARTESIAN_POINT('',(-0.965,-0.625,0.5));
#11634 = CIRCLE('',#11635,3.5E-02);
#11635 = AXIS2_PLACEMENT_3D('',#11636,#11637,#11638);
#11636 = CARTESIAN_POINT('',(-0.965,-0.625,0.465));
#11637 = DIRECTION('',(0.,1.,0.));
#11638 = DIRECTION('',(0.,-0.,1.));
#11639 = ORIENTED_EDGE('',*,*,#11640,.T.);
#11640 = EDGE_CURVE('',#11632,#11641,#11643,.T.);
#11641 = VERTEX_POINT('',#11642);
#11642 = CARTESIAN_POINT('',(-0.9125,-0.625,0.5));
#11643 = LINE('',#11644,#11645);
#11644 = CARTESIAN_POINT('',(-1.,-0.625,0.5));
#11645 = VECTOR('',#11646,1.);
#11646 = DIRECTION('',(1.,0.,0.));
#11647 = ORIENTED_EDGE('',*,*,#11648,.F.);
#11648 = EDGE_CURVE('',#11375,#11641,#11649,.T.);
#11649 = LINE('',#11650,#11651);
#11650 = CARTESIAN_POINT('',(-0.9125,-0.625,0.375));
#11651 = VECTOR('',#11652,1.);
#11652 = DIRECTION('',(0.,0.,1.));
#11653 = ORIENTED_EDGE('',*,*,#11374,.F.);
#11654 = ORIENTED_EDGE('',*,*,#11366,.F.);
#11655 = ORIENTED_EDGE('',*,*,#11356,.T.);
#11656 = ORIENTED_EDGE('',*,*,#11657,.F.);
#11657 = EDGE_CURVE('',#11607,#11359,#11658,.T.);
#11658 = LINE('',#11659,#11660);
#11659 = CARTESIAN_POINT('',(-0.9125,-0.625,0.375));
#11660 = VECTOR('',#11661,1.);
#11661 = DIRECTION('',(0.,0.,1.));
#11662 = PLANE('',#11663);
#11663 = AXIS2_PLACEMENT_3D('',#11664,#11665,#11666);
#11664 = CARTESIAN_POINT('',(-1.,-0.625,0.));
#11665 = DIRECTION('',(0.,1.,0.));
#11666 = DIRECTION('',(0.,-0.,1.));
#11667 = ADVANCED_FACE('',(#11668,#11757),#11783,.F.);
#11668 = FACE_BOUND('',#11669,.F.);
#11669 = EDGE_LOOP('',(#11670,#11678,#11679,#11687,#11695,#11703,#11711,
    #11719,#11727,#11735,#11743,#11751));
#11670 = ORIENTED_EDGE('',*,*,#11671,.F.);
#11671 = EDGE_CURVE('',#11359,#11672,#11674,.T.);
#11672 = VERTEX_POINT('',#11673);
#11673 = CARTESIAN_POINT('',(-0.9125,-0.46875,3.5E-02));
#11674 = LINE('',#11675,#11676);
#11675 = CARTESIAN_POINT('',(-0.9125,-0.546875,3.5E-02));
#11676 = VECTOR('',#11677,1.);
#11677 = DIRECTION('',(0.,1.,0.));
#11678 = ORIENTED_EDGE('',*,*,#11421,.T.);
#11679 = ORIENTED_EDGE('',*,*,#11680,.F.);
#11680 = EDGE_CURVE('',#11681,#11414,#11683,.T.);
#11681 = VERTEX_POINT('',#11682);
#11682 = CARTESIAN_POINT('',(0.9125,-0.46875,3.5E-02));
#11683 = LINE('',#11684,#11685);
#11684 = CARTESIAN_POINT('',(0.9125,-0.703125,3.5E-02));
#11685 = VECTOR('',#11686,1.);
#11686 = DIRECTION('',(0.,-1.,0.));
#11687 = ORIENTED_EDGE('',*,*,#11688,.F.);
#11688 = EDGE_CURVE('',#11689,#11681,#11691,.T.);
#11689 = VERTEX_POINT('',#11690);
#11690 = CARTESIAN_POINT('',(0.65,-0.46875,3.5E-02));
#11691 = LINE('',#11692,#11693);
#11692 = CARTESIAN_POINT('',(-2.625E-02,-0.46875,3.5E-02));
#11693 = VECTOR('',#11694,1.);
#11694 = DIRECTION('',(1.,0.,0.));
#11695 = ORIENTED_EDGE('',*,*,#11696,.T.);
#11696 = EDGE_CURVE('',#11689,#11697,#11699,.T.);
#11697 = VERTEX_POINT('',#11698);
#11698 = CARTESIAN_POINT('',(0.65,0.46875,3.5E-02));
#11699 = LINE('',#11700,#11701);
#11700 = CARTESIAN_POINT('',(0.65,-0.625,3.5E-02));
#11701 = VECTOR('',#11702,1.);
#11702 = DIRECTION('',(0.,1.,0.));
#11703 = ORIENTED_EDGE('',*,*,#11704,.F.);
#11704 = EDGE_CURVE('',#11705,#11697,#11707,.T.);
#11705 = VERTEX_POINT('',#11706);
#11706 = CARTESIAN_POINT('',(0.9125,0.46875,3.5E-02));
#11707 = LINE('',#11708,#11709);
#11708 = CARTESIAN_POINT('',(-0.93875,0.46875,3.5E-02));
#11709 = VECTOR('',#11710,1.);
#11710 = DIRECTION('',(-1.,0.,0.));
#11711 = ORIENTED_EDGE('',*,*,#11712,.F.);
#11712 = EDGE_CURVE('',#11713,#11705,#11715,.T.);
#11713 = VERTEX_POINT('',#11714);
#11714 = CARTESIAN_POINT('',(0.9125,0.625,3.5E-02));
#11715 = LINE('',#11716,#11717);
#11716 = CARTESIAN_POINT('',(0.9125,-7.8125E-02,3.5E-02));
#11717 = VECTOR('',#11718,1.);
#11718 = DIRECTION('',(0.,-1.,0.));
#11719 = ORIENTED_EDGE('',*,*,#11720,.F.);
#11720 = EDGE_CURVE('',#11721,#11713,#11723,.T.);
#11721 = VERTEX_POINT('',#11722);
#11722 = CARTESIAN_POINT('',(-0.9125,0.625,3.5E-02));
#11723 = LINE('',#11724,#11725);
#11724 = CARTESIAN_POINT('',(-0.965,0.625,3.5E-02));
#11725 = VECTOR('',#11726,1.);
#11726 = DIRECTION('',(1.,0.,0.));
#11727 = ORIENTED_EDGE('',*,*,#11728,.F.);
#11728 = EDGE_CURVE('',#11729,#11721,#11731,.T.);
#11729 = VERTEX_POINT('',#11730);
#11730 = CARTESIAN_POINT('',(-0.9125,0.46875,3.5E-02));
#11731 = LINE('',#11732,#11733);
#11732 = CARTESIAN_POINT('',(-0.9125,7.8125E-02,3.5E-02));
#11733 = VECTOR('',#11734,1.);
#11734 = DIRECTION('',(0.,1.,0.));
#11735 = ORIENTED_EDGE('',*,*,#11736,.F.);
#11736 = EDGE_CURVE('',#11737,#11729,#11739,.T.);
#11737 = VERTEX_POINT('',#11738);
#11738 = CARTESIAN_POINT('',(-0.65,0.46875,3.5E-02));
#11739 = LINE('',#11740,#11741);
#11740 = CARTESIAN_POINT('',(-0.93875,0.46875,3.5E-02));
#11741 = VECTOR('',#11742,1.);
#11742 = DIRECTION('',(-1.,0.,0.));
#11743 = ORIENTED_EDGE('',*,*,#11744,.F.);
#11744 = EDGE_CURVE('',#11745,#11737,#11747,.T.);
#11745 = VERTEX_POINT('',#11746);
#11746 = CARTESIAN_POINT('',(-0.65,-0.46875,3.5E-02));
#11747 = LINE('',#11748,#11749);
#11748 = CARTESIAN_POINT('',(-0.65,-0.625,3.5E-02));
#11749 = VECTOR('',#11750,1.);
#11750 = DIRECTION('',(0.,1.,0.));
#11751 = ORIENTED_EDGE('',*,*,#11752,.F.);
#11752 = EDGE_CURVE('',#11672,#11745,#11753,.T.);
#11753 = LINE('',#11754,#11755);
#11754 = CARTESIAN_POINT('',(-2.625E-02,-0.46875,3.5E-02));
#11755 = VECTOR('',#11756,1.);
#11756 = DIRECTION('',(1.,0.,0.));
#11757 = FACE_BOUND('',#11758,.F.);
#11758 = EDGE_LOOP('',(#11759,#11769,#11777));
#11759 = ORIENTED_EDGE('',*,*,#11760,.T.);
#11760 = EDGE_CURVE('',#11761,#11763,#11765,.T.);
#11761 = VERTEX_POINT('',#11762);
#11762 = CARTESIAN_POINT('',(0.433012701892,0.5,3.5E-02));
#11763 = VERTEX_POINT('',#11764);
#11764 = CARTESIAN_POINT('',(0.433012701892,-0.5,3.5E-02));
#11765 = LINE('',#11766,#11767);
#11766 = CARTESIAN_POINT('',(0.433012701892,0.5,3.5E-02));
#11767 = VECTOR('',#11768,1.);
#11768 = DIRECTION('',(0.,-1.,0.));
#11769 = ORIENTED_EDGE('',*,*,#11770,.T.);
#11770 = EDGE_CURVE('',#11763,#11771,#11773,.T.);
#11771 = VERTEX_POINT('',#11772);
#11772 = CARTESIAN_POINT('',(-0.433012701892,0.,3.5E-02));
#11773 = LINE('',#11774,#11775);
#11774 = CARTESIAN_POINT('',(0.433012701892,-0.5,3.5E-02));
#11775 = VECTOR('',#11776,1.);
#11776 = DIRECTION('',(-0.866025403784,0.5,0.));
#11777 = ORIENTED_EDGE('',*,*,#11778,.T.);
#11778 = EDGE_CURVE('',#11771,#11761,#11779,.T.);
#11779 = LINE('',#11780,#11781);
#11780 = CARTESIAN_POINT('',(-0.433012701892,0.,3.5E-02));
#11781 = VECTOR('',#11782,1.);
#11782 = DIRECTION('',(0.866025403784,0.5,0.));
#11783 = PLANE('',#11784);
#11784 = AXIS2_PLACEMENT_3D('',#11785,#11786,#11787);
#11785 = CARTESIAN_POINT('',(-0.965,-0.625,3.5E-02));
#11786 = DIRECTION('',(0.,0.,1.));
#11787 = DIRECTION('',(1.,0.,-0.));
#11788 = ADVANCED_FACE('',(#11789),#11850,.F.);
#11789 = FACE_BOUND('',#11790,.F.);
#11790 = EDGE_LOOP('',(#11791,#11801,#11807,#11808,#11809,#11810,#11818,
    #11826,#11835,#11843));
#11791 = ORIENTED_EDGE('',*,*,#11792,.F.);
#11792 = EDGE_CURVE('',#11793,#11795,#11797,.T.);
#11793 = VERTEX_POINT('',#11794);
#11794 = CARTESIAN_POINT('',(0.9125,-0.625,0.));
#11795 = VERTEX_POINT('',#11796);
#11796 = CARTESIAN_POINT('',(0.965,-0.625,-6.938893903907E-18));
#11797 = LINE('',#11798,#11799);
#11798 = CARTESIAN_POINT('',(0.65,-0.625,0.));
#11799 = VECTOR('',#11800,1.);
#11800 = DIRECTION('',(1.,0.,0.));
#11801 = ORIENTED_EDGE('',*,*,#11802,.F.);
#11802 = EDGE_CURVE('',#11414,#11793,#11803,.T.);
#11803 = LINE('',#11804,#11805);
#11804 = CARTESIAN_POINT('',(0.9125,-0.625,0.375));
#11805 = VECTOR('',#11806,1.);
#11806 = DIRECTION('',(0.,0.,-1.));
#11807 = ORIENTED_EDGE('',*,*,#11413,.T.);
#11808 = ORIENTED_EDGE('',*,*,#11405,.T.);
#11809 = ORIENTED_EDGE('',*,*,#11397,.F.);
#11810 = ORIENTED_EDGE('',*,*,#11811,.F.);
#11811 = EDGE_CURVE('',#11812,#11390,#11814,.T.);
#11812 = VERTEX_POINT('',#11813);
#11813 = CARTESIAN_POINT('',(0.9125,-0.625,0.5));
#11814 = LINE('',#11815,#11816);
#11815 = CARTESIAN_POINT('',(0.9125,-0.625,0.375));
#11816 = VECTOR('',#11817,1.);
#11817 = DIRECTION('',(0.,0.,-1.));
#11818 = ORIENTED_EDGE('',*,*,#11819,.T.);
#11819 = EDGE_CURVE('',#11812,#11820,#11822,.T.);
#11820 = VERTEX_POINT('',#11821);
#11821 = CARTESIAN_POINT('',(0.965,-0.625,0.5));
#11822 = LINE('',#11823,#11824);
#11823 = CARTESIAN_POINT('',(0.65,-0.625,0.5));
#11824 = VECTOR('',#11825,1.);
#11825 = DIRECTION('',(1.,0.,0.));
#11826 = ORIENTED_EDGE('',*,*,#11827,.F.);
#11827 = EDGE_CURVE('',#11828,#11820,#11830,.T.);
#11828 = VERTEX_POINT('',#11829);
#11829 = CARTESIAN_POINT('',(1.,-0.625,0.465));
#11830 = CIRCLE('',#11831,3.5E-02);
#11831 = AXIS2_PLACEMENT_3D('',#11832,#11833,#11834);
#11832 = CARTESIAN_POINT('',(0.965,-0.625,0.465));
#11833 = DIRECTION('',(0.,-1.,0.));
#11834 = DIRECTION('',(0.,0.,1.));
#11835 = ORIENTED_EDGE('',*,*,#11836,.F.);
#11836 = EDGE_CURVE('',#11837,#11828,#11839,.T.);
#11837 = VERTEX_POINT('',#11838);
#11838 = CARTESIAN_POINT('',(1.,-0.625,3.5E-02));
#11839 = LINE('',#11840,#11841);
#11840 = CARTESIAN_POINT('',(1.,-0.625,0.));
#11841 = VECTOR('',#11842,1.);
#11842 = DIRECTION('',(0.,0.,1.));
#11843 = ORIENTED_EDGE('',*,*,#11844,.T.);
#11844 = EDGE_CURVE('',#11837,#11795,#11845,.T.);
#11845 = CIRCLE('',#11846,3.5E-02);
#11846 = AXIS2_PLACEMENT_3D('',#11847,#11848,#11849);
#11847 = CARTESIAN_POINT('',(0.965,-0.625,3.5E-02));
#11848 = DIRECTION('',(0.,1.,0.));
#11849 = DIRECTION('',(0.,-0.,1.));
#11850 = PLANE('',#11851);
#11851 = AXIS2_PLACEMENT_3D('',#11852,#11853,#11854);
#11852 = CARTESIAN_POINT('',(0.65,-0.625,0.));
#11853 = DIRECTION('',(0.,1.,0.));
#11854 = DIRECTION('',(0.,-0.,1.));
#11855 = ADVANCED_FACE('',(#11856),#11874,.T.);
#11856 = FACE_BOUND('',#11857,.T.);
#11857 = EDGE_LOOP('',(#11858,#11866,#11867,#11868));
#11858 = ORIENTED_EDGE('',*,*,#11859,.F.);
#11859 = EDGE_CURVE('',#11462,#11860,#11862,.T.);
#11860 = VERTEX_POINT('',#11861);
#11861 = CARTESIAN_POINT('',(0.9125,-0.46875,0.465));
#11862 = LINE('',#11863,#11864);
#11863 = CARTESIAN_POINT('',(-2.625E-02,-0.46875,0.465));
#11864 = VECTOR('',#11865,1.);
#11865 = DIRECTION('',(1.,0.,0.));
#11866 = ORIENTED_EDGE('',*,*,#11461,.T.);
#11867 = ORIENTED_EDGE('',*,*,#11389,.T.);
#11868 = ORIENTED_EDGE('',*,*,#11869,.F.);
#11869 = EDGE_CURVE('',#11860,#11390,#11870,.T.);
#11870 = LINE('',#11871,#11872);
#11871 = CARTESIAN_POINT('',(0.9125,-0.703125,0.465));
#11872 = VECTOR('',#11873,1.);
#11873 = DIRECTION('',(0.,-1.,0.));
#11874 = PLANE('',#11875);
#11875 = AXIS2_PLACEMENT_3D('',#11876,#11877,#11878);
#11876 = CARTESIAN_POINT('',(-0.965,-0.625,0.465));
#11877 = DIRECTION('',(0.,0.,1.));
#11878 = DIRECTION('',(1.,0.,-0.));
#11879 = ADVANCED_FACE('',(#11880),#11905,.T.);
#11880 = FACE_BOUND('',#11881,.T.);
#11881 = EDGE_LOOP('',(#11882,#11890,#11891,#11899));
#11882 = ORIENTED_EDGE('',*,*,#11883,.F.);
#11883 = EDGE_CURVE('',#11478,#11884,#11886,.T.);
#11884 = VERTEX_POINT('',#11885);
#11885 = CARTESIAN_POINT('',(0.9125,0.625,0.465));
#11886 = LINE('',#11887,#11888);
#11887 = CARTESIAN_POINT('',(-0.965,0.625,0.465));
#11888 = VECTOR('',#11889,1.);
#11889 = DIRECTION('',(1.,0.,0.));
#11890 = ORIENTED_EDGE('',*,*,#11477,.T.);
#11891 = ORIENTED_EDGE('',*,*,#11892,.F.);
#11892 = EDGE_CURVE('',#11893,#11470,#11895,.T.);
#11893 = VERTEX_POINT('',#11894);
#11894 = CARTESIAN_POINT('',(0.9125,0.46875,0.465));
#11895 = LINE('',#11896,#11897);
#11896 = CARTESIAN_POINT('',(-0.93875,0.46875,0.465));
#11897 = VECTOR('',#11898,1.);
#11898 = DIRECTION('',(-1.,0.,0.));
#11899 = ORIENTED_EDGE('',*,*,#11900,.F.);
#11900 = EDGE_CURVE('',#11884,#11893,#11901,.T.);
#11901 = LINE('',#11902,#11903);
#11902 = CARTESIAN_POINT('',(0.9125,-7.8125E-02,0.465));
#11903 = VECTOR('',#11904,1.);
#11904 = DIRECTION('',(0.,-1.,0.));
#11905 = PLANE('',#11906);
#11906 = AXIS2_PLACEMENT_3D('',#11907,#11908,#11909);
#11907 = CARTESIAN_POINT('',(-0.965,-0.625,0.465));
#11908 = DIRECTION('',(0.,0.,1.));
#11909 = DIRECTION('',(1.,0.,-0.));
#11910 = ADVANCED_FACE('',(#11911),#11938,.T.);
#11911 = FACE_BOUND('',#11912,.T.);
#11912 = EDGE_LOOP('',(#11913,#11914,#11923,#11931));
#11913 = ORIENTED_EDGE('',*,*,#11469,.T.);
#11914 = ORIENTED_EDGE('',*,*,#11915,.T.);
#11915 = EDGE_CURVE('',#11462,#11916,#11918,.T.);
#11916 = VERTEX_POINT('',#11917);
#11917 = CARTESIAN_POINT('',(0.685,-0.46875,0.5));
#11918 = CIRCLE('',#11919,3.5E-02);
#11919 = AXIS2_PLACEMENT_3D('',#11920,#11921,#11922);
#11920 = CARTESIAN_POINT('',(0.685,-0.46875,0.465));
#11921 = DIRECTION('',(0.,1.,-0.));
#11922 = DIRECTION('',(-1.,0.,0.));
#11923 = ORIENTED_EDGE('',*,*,#11924,.T.);
#11924 = EDGE_CURVE('',#11916,#11925,#11927,.T.);
#11925 = VERTEX_POINT('',#11926);
#11926 = CARTESIAN_POINT('',(0.685,0.46875,0.5));
#11927 = LINE('',#11928,#11929);
#11928 = CARTESIAN_POINT('',(0.685,-0.625,0.5));
#11929 = VECTOR('',#11930,1.);
#11930 = DIRECTION('',(0.,1.,0.));
#11931 = ORIENTED_EDGE('',*,*,#11932,.F.);
#11932 = EDGE_CURVE('',#11470,#11925,#11933,.T.);
#11933 = CIRCLE('',#11934,3.5E-02);
#11934 = AXIS2_PLACEMENT_3D('',#11935,#11936,#11937);
#11935 = CARTESIAN_POINT('',(0.685,0.46875,0.465));
#11936 = DIRECTION('',(0.,1.,-0.));
#11937 = DIRECTION('',(-1.,0.,0.));
#11938 = CYLINDRICAL_SURFACE('',#11939,3.5E-02);
#11939 = AXIS2_PLACEMENT_3D('',#11940,#11941,#11942);
#11940 = CARTESIAN_POINT('',(0.685,-0.625,0.465));
#11941 = DIRECTION('',(0.,1.,0.));
#11942 = DIRECTION('',(-1.,0.,0.));
#11943 = ADVANCED_FACE('',(#11944),#11994,.T.);
#11944 = FACE_BOUND('',#11945,.T.);
#11945 = EDGE_LOOP('',(#11946,#11954,#11962,#11968,#11969,#11970,#11971,
    #11979,#11987,#11993));
#11946 = ORIENTED_EDGE('',*,*,#11947,.F.);
#11947 = EDGE_CURVE('',#11948,#11721,#11950,.T.);
#11948 = VERTEX_POINT('',#11949);
#11949 = CARTESIAN_POINT('',(-0.965,0.625,3.5E-02));
#11950 = LINE('',#11951,#11952);
#11951 = CARTESIAN_POINT('',(-0.965,0.625,3.5E-02));
#11952 = VECTOR('',#11953,1.);
#11953 = DIRECTION('',(1.,0.,0.));
#11954 = ORIENTED_EDGE('',*,*,#11955,.T.);
#11955 = EDGE_CURVE('',#11948,#11956,#11958,.T.);
#11956 = VERTEX_POINT('',#11957);
#11957 = CARTESIAN_POINT('',(-0.965,0.625,0.465));
#11958 = LINE('',#11959,#11960);
#11959 = CARTESIAN_POINT('',(-0.965,0.625,3.5E-02));
#11960 = VECTOR('',#11961,1.);
#11961 = DIRECTION('',(0.,0.,1.));
#11962 = ORIENTED_EDGE('',*,*,#11963,.T.);
#11963 = EDGE_CURVE('',#11956,#11500,#11964,.T.);
#11964 = LINE('',#11965,#11966);
#11965 = CARTESIAN_POINT('',(-0.965,0.625,0.465));
#11966 = VECTOR('',#11967,1.);
#11967 = DIRECTION('',(1.,0.,0.));
#11968 = ORIENTED_EDGE('',*,*,#11499,.T.);
#11969 = ORIENTED_EDGE('',*,*,#11533,.F.);
#11970 = ORIENTED_EDGE('',*,*,#11883,.T.);
#11971 = ORIENTED_EDGE('',*,*,#11972,.T.);
#11972 = EDGE_CURVE('',#11884,#11973,#11975,.T.);
#11973 = VERTEX_POINT('',#11974);
#11974 = CARTESIAN_POINT('',(0.965,0.625,0.465));
#11975 = LINE('',#11976,#11977);
#11976 = CARTESIAN_POINT('',(-0.965,0.625,0.465));
#11977 = VECTOR('',#11978,1.);
#11978 = DIRECTION('',(1.,0.,0.));
#11979 = ORIENTED_EDGE('',*,*,#11980,.F.);
#11980 = EDGE_CURVE('',#11981,#11973,#11983,.T.);
#11981 = VERTEX_POINT('',#11982);
#11982 = CARTESIAN_POINT('',(0.965,0.625,3.5E-02));
#11983 = LINE('',#11984,#11985);
#11984 = CARTESIAN_POINT('',(0.965,0.625,3.5E-02));
#11985 = VECTOR('',#11986,1.);
#11986 = DIRECTION('',(0.,0.,1.));
#11987 = ORIENTED_EDGE('',*,*,#11988,.F.);
#11988 = EDGE_CURVE('',#11713,#11981,#11989,.T.);
#11989 = LINE('',#11990,#11991);
#11990 = CARTESIAN_POINT('',(-0.965,0.625,3.5E-02));
#11991 = VECTOR('',#11992,1.);
#11992 = DIRECTION('',(1.,0.,0.));
#11993 = ORIENTED_EDGE('',*,*,#11720,.F.);
#11994 = PLANE('',#11995);
#11995 = AXIS2_PLACEMENT_3D('',#11996,#11997,#11998);
#11996 = CARTESIAN_POINT('',(-0.965,0.625,3.5E-02));
#11997 = DIRECTION('',(0.,1.,0.));
#11998 = DIRECTION('',(0.,-0.,1.));
#11999 = ADVANCED_FACE('',(#12000),#12018,.F.);
#12000 = FACE_BOUND('',#12001,.F.);
#12001 = EDGE_LOOP('',(#12002,#12010,#12016,#12017));
#12002 = ORIENTED_EDGE('',*,*,#12003,.F.);
#12003 = EDGE_CURVE('',#12004,#11548,#12006,.T.);
#12004 = VERTEX_POINT('',#12005);
#12005 = CARTESIAN_POINT('',(-0.9125,0.46875,0.5));
#12006 = LINE('',#12007,#12008);
#12007 = CARTESIAN_POINT('',(-0.95625,0.46875,0.5));
#12008 = VECTOR('',#12009,1.);
#12009 = DIRECTION('',(1.,0.,0.));
#12010 = ORIENTED_EDGE('',*,*,#12011,.T.);
#12011 = EDGE_CURVE('',#12004,#11508,#12012,.T.);
#12012 = LINE('',#12013,#12014);
#12013 = CARTESIAN_POINT('',(-0.9125,0.46875,0.75));
#12014 = VECTOR('',#12015,1.);
#12015 = DIRECTION('',(-0.,-0.,-1.));
#12016 = ORIENTED_EDGE('',*,*,#11515,.F.);
#12017 = ORIENTED_EDGE('',*,*,#11547,.F.);
#12018 = PLANE('',#12019);
#12019 = AXIS2_PLACEMENT_3D('',#12020,#12021,#12022);
#12020 = CARTESIAN_POINT('',(-0.9125,0.46875,0.75));
#12021 = DIRECTION('',(0.,-1.,0.));
#12022 = DIRECTION('',(1.,0.,0.));
#12023 = ADVANCED_FACE('',(#12024),#12042,.F.);
#12024 = FACE_BOUND('',#12025,.F.);
#12025 = EDGE_LOOP('',(#12026,#12027,#12035,#12041));
#12026 = ORIENTED_EDGE('',*,*,#12011,.F.);
#12027 = ORIENTED_EDGE('',*,*,#12028,.F.);
#12028 = EDGE_CURVE('',#12029,#12004,#12031,.T.);
#12029 = VERTEX_POINT('',#12030);
#12030 = CARTESIAN_POINT('',(-0.9125,0.625,0.5));
#12031 = LINE('',#12032,#12033);
#12032 = CARTESIAN_POINT('',(-0.9125,7.8125E-02,0.5));
#12033 = VECTOR('',#12034,1.);
#12034 = DIRECTION('',(0.,-1.,0.));
#12035 = ORIENTED_EDGE('',*,*,#12036,.F.);
#12036 = EDGE_CURVE('',#11500,#12029,#12037,.T.);
#12037 = LINE('',#12038,#12039);
#12038 = CARTESIAN_POINT('',(-0.9125,0.625,0.375));
#12039 = VECTOR('',#12040,1.);
#12040 = DIRECTION('',(0.,0.,1.));
#12041 = ORIENTED_EDGE('',*,*,#11507,.F.);
#12042 = PLANE('',#12043);
#12043 = AXIS2_PLACEMENT_3D('',#12044,#12045,#12046);
#12044 = CARTESIAN_POINT('',(-0.9125,0.78125,0.75));
#12045 = DIRECTION('',(-1.,0.,0.));
#12046 = DIRECTION('',(0.,-1.,0.));
#12047 = ADVANCED_FACE('',(#12048),#12066,.F.);
#12048 = FACE_BOUND('',#12049,.F.);
#12049 = EDGE_LOOP('',(#12050,#12058,#12064,#12065));
#12050 = ORIENTED_EDGE('',*,*,#12051,.F.);
#12051 = EDGE_CURVE('',#12052,#11581,#12054,.T.);
#12052 = VERTEX_POINT('',#12053);
#12053 = CARTESIAN_POINT('',(-0.9125,-0.46875,0.5));
#12054 = LINE('',#12055,#12056);
#12055 = CARTESIAN_POINT('',(-0.9125,-0.46875,0.75));
#12056 = VECTOR('',#12057,1.);
#12057 = DIRECTION('',(-0.,-0.,-1.));
#12058 = ORIENTED_EDGE('',*,*,#12059,.F.);
#12059 = EDGE_CURVE('',#11557,#12052,#12060,.T.);
#12060 = LINE('',#12061,#12062);
#12061 = CARTESIAN_POINT('',(-4.375E-02,-0.46875,0.5));
#12062 = VECTOR('',#12063,1.);
#12063 = DIRECTION('',(-1.,0.,0.));
#12064 = ORIENTED_EDGE('',*,*,#11564,.T.);
#12065 = ORIENTED_EDGE('',*,*,#11590,.F.);
#12066 = PLANE('',#12067);
#12067 = AXIS2_PLACEMENT_3D('',#12068,#12069,#12070);
#12068 = CARTESIAN_POINT('',(0.9125,-0.46875,0.75));
#12069 = DIRECTION('',(0.,1.,0.));
#12070 = DIRECTION('',(-1.,0.,0.));
#12071 = ADVANCED_FACE('',(#12072),#12099,.T.);
#12072 = FACE_BOUND('',#12073,.T.);
#12073 = EDGE_LOOP('',(#12074,#12082,#12088,#12089,#12095,#12096,#12097,
    #12098));
#12074 = ORIENTED_EDGE('',*,*,#12075,.F.);
#12075 = EDGE_CURVE('',#12076,#12029,#12078,.T.);
#12076 = VERTEX_POINT('',#12077);
#12077 = CARTESIAN_POINT('',(-0.965,0.625,0.5));
#12078 = LINE('',#12079,#12080);
#12079 = CARTESIAN_POINT('',(-1.,0.625,0.5));
#12080 = VECTOR('',#12081,1.);
#12081 = DIRECTION('',(1.,0.,0.));
#12082 = ORIENTED_EDGE('',*,*,#12083,.F.);
#12083 = EDGE_CURVE('',#11632,#12076,#12084,.T.);
#12084 = LINE('',#12085,#12086);
#12085 = CARTESIAN_POINT('',(-0.965,-0.625,0.5));
#12086 = VECTOR('',#12087,1.);
#12087 = DIRECTION('',(0.,1.,0.));
#12088 = ORIENTED_EDGE('',*,*,#11640,.T.);
#12089 = ORIENTED_EDGE('',*,*,#12090,.F.);
#12090 = EDGE_CURVE('',#12052,#11641,#12091,.T.);
#12091 = LINE('',#12092,#12093);
#12092 = CARTESIAN_POINT('',(-0.9125,-0.546875,0.5));
#12093 = VECTOR('',#12094,1.);
#12094 = DIRECTION('',(0.,-1.,0.));
#12095 = ORIENTED_EDGE('',*,*,#12059,.F.);
#12096 = ORIENTED_EDGE('',*,*,#11556,.T.);
#12097 = ORIENTED_EDGE('',*,*,#12003,.F.);
#12098 = ORIENTED_EDGE('',*,*,#12028,.F.);
#12099 = PLANE('',#12100);
#12100 = AXIS2_PLACEMENT_3D('',#12101,#12102,#12103);
#12101 = CARTESIAN_POINT('',(-1.,-0.625,0.5));
#12102 = DIRECTION('',(0.,0.,1.));
#12103 = DIRECTION('',(1.,0.,-0.));
#12104 = ADVANCED_FACE('',(#12105),#12111,.F.);
#12105 = FACE_BOUND('',#12106,.F.);
#12106 = EDGE_LOOP('',(#12107,#12108,#12109,#12110));
#12107 = ORIENTED_EDGE('',*,*,#12090,.F.);
#12108 = ORIENTED_EDGE('',*,*,#12051,.T.);
#12109 = ORIENTED_EDGE('',*,*,#11580,.F.);
#12110 = ORIENTED_EDGE('',*,*,#11648,.T.);
#12111 = PLANE('',#12112);
#12112 = AXIS2_PLACEMENT_3D('',#12113,#12114,#12115);
#12113 = CARTESIAN_POINT('',(-0.9125,-0.46875,0.75));
#12114 = DIRECTION('',(-1.,0.,0.));
#12115 = DIRECTION('',(0.,-1.,0.));
#12116 = ADVANCED_FACE('',(#12117),#12174,.F.);
#12117 = FACE_BOUND('',#12118,.F.);
#12118 = EDGE_LOOP('',(#12119,#12129,#12135,#12136,#12144,#12152,#12160,
    #12168));
#12119 = ORIENTED_EDGE('',*,*,#12120,.F.);
#12120 = EDGE_CURVE('',#12121,#12123,#12125,.T.);
#12121 = VERTEX_POINT('',#12122);
#12122 = CARTESIAN_POINT('',(-0.965,0.625,-6.938893903907E-18));
#12123 = VERTEX_POINT('',#12124);
#12124 = CARTESIAN_POINT('',(-0.9125,0.625,0.));
#12125 = LINE('',#12126,#12127);
#12126 = CARTESIAN_POINT('',(-1.,0.625,0.));
#12127 = VECTOR('',#12128,1.);
#12128 = DIRECTION('',(1.,0.,0.));
#12129 = ORIENTED_EDGE('',*,*,#12130,.F.);
#12130 = EDGE_CURVE('',#11605,#12121,#12131,.T.);
#12131 = LINE('',#12132,#12133);
#12132 = CARTESIAN_POINT('',(-0.965,-0.625,-6.938893903907E-18));
#12133 = VECTOR('',#12134,1.);
#12134 = DIRECTION('',(0.,1.,0.));
#12135 = ORIENTED_EDGE('',*,*,#11604,.T.);
#12136 = ORIENTED_EDGE('',*,*,#12137,.F.);
#12137 = EDGE_CURVE('',#12138,#11607,#12140,.T.);
#12138 = VERTEX_POINT('',#12139);
#12139 = CARTESIAN_POINT('',(-0.9125,-0.46875,0.));
#12140 = LINE('',#12141,#12142);
#12141 = CARTESIAN_POINT('',(-0.9125,-0.546875,0.));
#12142 = VECTOR('',#12143,1.);
#12143 = DIRECTION('',(0.,-1.,0.));
#12144 = ORIENTED_EDGE('',*,*,#12145,.F.);
#12145 = EDGE_CURVE('',#12146,#12138,#12148,.T.);
#12146 = VERTEX_POINT('',#12147);
#12147 = CARTESIAN_POINT('',(-0.685,-0.46875,-6.938893903907E-18));
#12148 = LINE('',#12149,#12150);
#12149 = CARTESIAN_POINT('',(-4.375E-02,-0.46875,0.));
#12150 = VECTOR('',#12151,1.);
#12151 = DIRECTION('',(-1.,0.,0.));
#12152 = ORIENTED_EDGE('',*,*,#12153,.T.);
#12153 = EDGE_CURVE('',#12146,#12154,#12156,.T.);
#12154 = VERTEX_POINT('',#12155);
#12155 = CARTESIAN_POINT('',(-0.685,0.46875,-6.938893903907E-18));
#12156 = LINE('',#12157,#12158);
#12157 = CARTESIAN_POINT('',(-0.685,-0.625,-6.938893903907E-18));
#12158 = VECTOR('',#12159,1.);
#12159 = DIRECTION('',(0.,1.,0.));
#12160 = ORIENTED_EDGE('',*,*,#12161,.F.);
#12161 = EDGE_CURVE('',#12162,#12154,#12164,.T.);
#12162 = VERTEX_POINT('',#12163);
#12163 = CARTESIAN_POINT('',(-0.9125,0.46875,0.));
#12164 = LINE('',#12165,#12166);
#12165 = CARTESIAN_POINT('',(-0.95625,0.46875,0.));
#12166 = VECTOR('',#12167,1.);
#12167 = DIRECTION('',(1.,0.,0.));
#12168 = ORIENTED_EDGE('',*,*,#12169,.F.);
#12169 = EDGE_CURVE('',#12123,#12162,#12170,.T.);
#12170 = LINE('',#12171,#12172);
#12171 = CARTESIAN_POINT('',(-0.9125,7.8125E-02,0.));
#12172 = VECTOR('',#12173,1.);
#12173 = DIRECTION('',(0.,-1.,0.));
#12174 = PLANE('',#12175);
#12175 = AXIS2_PLACEMENT_3D('',#12176,#12177,#12178);
#12176 = CARTESIAN_POINT('',(-1.,-0.625,0.));
#12177 = DIRECTION('',(0.,0.,1.));
#12178 = DIRECTION('',(1.,0.,-0.));
#12179 = ADVANCED_FACE('',(#12180),#12199,.T.);
#12180 = FACE_BOUND('',#12181,.T.);
#12181 = EDGE_LOOP('',(#12182,#12190,#12197,#12198));
#12182 = ORIENTED_EDGE('',*,*,#12183,.T.);
#12183 = EDGE_CURVE('',#11615,#12184,#12186,.T.);
#12184 = VERTEX_POINT('',#12185);
#12185 = CARTESIAN_POINT('',(-1.,0.625,3.5E-02));
#12186 = LINE('',#12187,#12188);
#12187 = CARTESIAN_POINT('',(-1.,-0.625,3.5E-02));
#12188 = VECTOR('',#12189,1.);
#12189 = DIRECTION('',(0.,1.,0.));
#12190 = ORIENTED_EDGE('',*,*,#12191,.T.);
#12191 = EDGE_CURVE('',#12184,#12121,#12192,.T.);
#12192 = CIRCLE('',#12193,3.5E-02);
#12193 = AXIS2_PLACEMENT_3D('',#12194,#12195,#12196);
#12194 = CARTESIAN_POINT('',(-0.965,0.625,3.5E-02));
#12195 = DIRECTION('',(0.,-1.,0.));
#12196 = DIRECTION('',(0.,0.,1.));
#12197 = ORIENTED_EDGE('',*,*,#12130,.F.);
#12198 = ORIENTED_EDGE('',*,*,#11614,.F.);
#12199 = CYLINDRICAL_SURFACE('',#12200,3.5E-02);
#12200 = AXIS2_PLACEMENT_3D('',#12201,#12202,#12203);
#12201 = CARTESIAN_POINT('',(-0.965,-0.625,3.5E-02));
#12202 = DIRECTION('',(0.,1.,0.));
#12203 = DIRECTION('',(-1.,0.,0.));
#12204 = ADVANCED_FACE('',(#12205),#12216,.F.);
#12205 = FACE_BOUND('',#12206,.F.);
#12206 = EDGE_LOOP('',(#12207,#12208,#12214,#12215));
#12207 = ORIENTED_EDGE('',*,*,#11671,.T.);
#12208 = ORIENTED_EDGE('',*,*,#12209,.T.);
#12209 = EDGE_CURVE('',#11672,#12138,#12210,.T.);
#12210 = LINE('',#12211,#12212);
#12211 = CARTESIAN_POINT('',(-0.9125,-0.46875,0.75));
#12212 = VECTOR('',#12213,1.);
#12213 = DIRECTION('',(-0.,-0.,-1.));
#12214 = ORIENTED_EDGE('',*,*,#12137,.T.);
#12215 = ORIENTED_EDGE('',*,*,#11657,.T.);
#12216 = PLANE('',#12217);
#12217 = AXIS2_PLACEMENT_3D('',#12218,#12219,#12220);
#12218 = CARTESIAN_POINT('',(-0.9125,-0.46875,0.75));
#12219 = DIRECTION('',(-1.,0.,0.));
#12220 = DIRECTION('',(0.,-1.,0.));
#12221 = ADVANCED_FACE('',(#12222),#12240,.F.);
#12222 = FACE_BOUND('',#12223,.F.);
#12223 = EDGE_LOOP('',(#12224,#12225,#12226,#12234));
#12224 = ORIENTED_EDGE('',*,*,#11623,.F.);
#12225 = ORIENTED_EDGE('',*,*,#12183,.T.);
#12226 = ORIENTED_EDGE('',*,*,#12227,.T.);
#12227 = EDGE_CURVE('',#12184,#12228,#12230,.T.);
#12228 = VERTEX_POINT('',#12229);
#12229 = CARTESIAN_POINT('',(-1.,0.625,0.465));
#12230 = LINE('',#12231,#12232);
#12231 = CARTESIAN_POINT('',(-1.,0.625,0.));
#12232 = VECTOR('',#12233,1.);
#12233 = DIRECTION('',(0.,0.,1.));
#12234 = ORIENTED_EDGE('',*,*,#12235,.F.);
#12235 = EDGE_CURVE('',#11624,#12228,#12236,.T.);
#12236 = LINE('',#12237,#12238);
#12237 = CARTESIAN_POINT('',(-1.,-0.625,0.465));
#12238 = VECTOR('',#12239,1.);
#12239 = DIRECTION('',(0.,1.,0.));
#12240 = PLANE('',#12241);
#12241 = AXIS2_PLACEMENT_3D('',#12242,#12243,#12244);
#12242 = CARTESIAN_POINT('',(-1.,-0.625,0.));
#12243 = DIRECTION('',(1.,0.,0.));
#12244 = DIRECTION('',(0.,0.,1.));
#12245 = ADVANCED_FACE('',(#12246),#12258,.T.);
#12246 = FACE_BOUND('',#12247,.T.);
#12247 = EDGE_LOOP('',(#12248,#12249,#12250,#12257));
#12248 = ORIENTED_EDGE('',*,*,#11631,.T.);
#12249 = ORIENTED_EDGE('',*,*,#12083,.T.);
#12250 = ORIENTED_EDGE('',*,*,#12251,.F.);
#12251 = EDGE_CURVE('',#12228,#12076,#12252,.T.);
#12252 = CIRCLE('',#12253,3.5E-02);
#12253 = AXIS2_PLACEMENT_3D('',#12254,#12255,#12256);
#12254 = CARTESIAN_POINT('',(-0.965,0.625,0.465));
#12255 = DIRECTION('',(0.,1.,0.));
#12256 = DIRECTION('',(0.,-0.,1.));
#12257 = ORIENTED_EDGE('',*,*,#12235,.F.);
#12258 = CYLINDRICAL_SURFACE('',#12259,3.5E-02);
#12259 = AXIS2_PLACEMENT_3D('',#12260,#12261,#12262);
#12260 = CARTESIAN_POINT('',(-0.965,-0.625,0.465));
#12261 = DIRECTION('',(0.,1.,0.));
#12262 = DIRECTION('',(-1.,0.,0.));
#12263 = ADVANCED_FACE('',(#12264),#12276,.F.);
#12264 = FACE_BOUND('',#12265,.F.);
#12265 = EDGE_LOOP('',(#12266,#12267,#12268,#12275));
#12266 = ORIENTED_EDGE('',*,*,#12209,.F.);
#12267 = ORIENTED_EDGE('',*,*,#11752,.T.);
#12268 = ORIENTED_EDGE('',*,*,#12269,.T.);
#12269 = EDGE_CURVE('',#11745,#12146,#12270,.T.);
#12270 = CIRCLE('',#12271,3.5E-02);
#12271 = AXIS2_PLACEMENT_3D('',#12272,#12273,#12274);
#12272 = CARTESIAN_POINT('',(-0.685,-0.46875,3.5E-02));
#12273 = DIRECTION('',(-0.,1.,0.));
#12274 = DIRECTION('',(1.,0.,0.));
#12275 = ORIENTED_EDGE('',*,*,#12145,.T.);
#12276 = PLANE('',#12277);
#12277 = AXIS2_PLACEMENT_3D('',#12278,#12279,#12280);
#12278 = CARTESIAN_POINT('',(0.9125,-0.46875,0.75));
#12279 = DIRECTION('',(0.,1.,0.));
#12280 = DIRECTION('',(-1.,0.,0.));
#12281 = ADVANCED_FACE('',(#12282),#12294,.T.);
#12282 = FACE_BOUND('',#12283,.T.);
#12283 = EDGE_LOOP('',(#12284,#12285,#12286,#12287));
#12284 = ORIENTED_EDGE('',*,*,#11744,.F.);
#12285 = ORIENTED_EDGE('',*,*,#12269,.T.);
#12286 = ORIENTED_EDGE('',*,*,#12153,.T.);
#12287 = ORIENTED_EDGE('',*,*,#12288,.F.);
#12288 = EDGE_CURVE('',#11737,#12154,#12289,.T.);
#12289 = CIRCLE('',#12290,3.5E-02);
#12290 = AXIS2_PLACEMENT_3D('',#12291,#12292,#12293);
#12291 = CARTESIAN_POINT('',(-0.685,0.46875,3.5E-02));
#12292 = DIRECTION('',(-0.,1.,0.));
#12293 = DIRECTION('',(1.,0.,0.));
#12294 = CYLINDRICAL_SURFACE('',#12295,3.5E-02);
#12295 = AXIS2_PLACEMENT_3D('',#12296,#12297,#12298);
#12296 = CARTESIAN_POINT('',(-0.685,-0.625,3.5E-02));
#12297 = DIRECTION('',(0.,1.,0.));
#12298 = DIRECTION('',(1.,0.,0.));
#12299 = ADVANCED_FACE('',(#12300),#12311,.F.);
#12300 = FACE_BOUND('',#12301,.F.);
#12301 = EDGE_LOOP('',(#12302,#12303,#12309,#12310));
#12302 = ORIENTED_EDGE('',*,*,#11736,.T.);
#12303 = ORIENTED_EDGE('',*,*,#12304,.T.);
#12304 = EDGE_CURVE('',#11729,#12162,#12305,.T.);
#12305 = LINE('',#12306,#12307);
#12306 = CARTESIAN_POINT('',(-0.9125,0.46875,0.75));
#12307 = VECTOR('',#12308,1.);
#12308 = DIRECTION('',(-0.,-0.,-1.));
#12309 = ORIENTED_EDGE('',*,*,#12161,.T.);
#12310 = ORIENTED_EDGE('',*,*,#12288,.F.);
#12311 = PLANE('',#12312);
#12312 = AXIS2_PLACEMENT_3D('',#12313,#12314,#12315);
#12313 = CARTESIAN_POINT('',(-0.9125,0.46875,0.75));
#12314 = DIRECTION('',(0.,-1.,0.));
#12315 = DIRECTION('',(1.,0.,0.));
#12316 = ADVANCED_FACE('',(#12317),#12328,.F.);
#12317 = FACE_BOUND('',#12318,.F.);
#12318 = EDGE_LOOP('',(#12319,#12320,#12321,#12327));
#12319 = ORIENTED_EDGE('',*,*,#12304,.F.);
#12320 = ORIENTED_EDGE('',*,*,#11728,.T.);
#12321 = ORIENTED_EDGE('',*,*,#12322,.F.);
#12322 = EDGE_CURVE('',#12123,#11721,#12323,.T.);
#12323 = LINE('',#12324,#12325);
#12324 = CARTESIAN_POINT('',(-0.9125,0.625,0.375));
#12325 = VECTOR('',#12326,1.);
#12326 = DIRECTION('',(0.,0.,1.));
#12327 = ORIENTED_EDGE('',*,*,#12169,.T.);
#12328 = PLANE('',#12329);
#12329 = AXIS2_PLACEMENT_3D('',#12330,#12331,#12332);
#12330 = CARTESIAN_POINT('',(-0.9125,0.78125,0.75));
#12331 = DIRECTION('',(-1.,0.,0.));
#12332 = DIRECTION('',(0.,-1.,0.));
#12333 = ADVANCED_FACE('',(#12334),#12359,.F.);
#12334 = FACE_BOUND('',#12335,.F.);
#12335 = EDGE_LOOP('',(#12336,#12337,#12345,#12353));
#12336 = ORIENTED_EDGE('',*,*,#11712,.T.);
#12337 = ORIENTED_EDGE('',*,*,#12338,.T.);
#12338 = EDGE_CURVE('',#11705,#12339,#12341,.T.);
#12339 = VERTEX_POINT('',#12340);
#12340 = CARTESIAN_POINT('',(0.9125,0.46875,0.));
#12341 = LINE('',#12342,#12343);
#12342 = CARTESIAN_POINT('',(0.9125,0.46875,0.75));
#12343 = VECTOR('',#12344,1.);
#12344 = DIRECTION('',(-0.,-0.,-1.));
#12345 = ORIENTED_EDGE('',*,*,#12346,.T.);
#12346 = EDGE_CURVE('',#12339,#12347,#12349,.T.);
#12347 = VERTEX_POINT('',#12348);
#12348 = CARTESIAN_POINT('',(0.9125,0.625,0.));
#12349 = LINE('',#12350,#12351);
#12350 = CARTESIAN_POINT('',(0.9125,-7.8125E-02,0.));
#12351 = VECTOR('',#12352,1.);
#12352 = DIRECTION('',(0.,1.,0.));
#12353 = ORIENTED_EDGE('',*,*,#12354,.F.);
#12354 = EDGE_CURVE('',#11713,#12347,#12355,.T.);
#12355 = LINE('',#12356,#12357);
#12356 = CARTESIAN_POINT('',(0.9125,0.625,0.375));
#12357 = VECTOR('',#12358,1.);
#12358 = DIRECTION('',(0.,0.,-1.));
#12359 = PLANE('',#12360);
#12360 = AXIS2_PLACEMENT_3D('',#12361,#12362,#12363);
#12361 = CARTESIAN_POINT('',(0.9125,0.46875,0.75));
#12362 = DIRECTION('',(1.,0.,0.));
#12363 = DIRECTION('',(-0.,1.,0.));
#12364 = ADVANCED_FACE('',(#12365),#12384,.F.);
#12365 = FACE_BOUND('',#12366,.F.);
#12366 = EDGE_LOOP('',(#12367,#12368,#12369,#12378));
#12367 = ORIENTED_EDGE('',*,*,#12338,.F.);
#12368 = ORIENTED_EDGE('',*,*,#11704,.T.);
#12369 = ORIENTED_EDGE('',*,*,#12370,.F.);
#12370 = EDGE_CURVE('',#12371,#11697,#12373,.T.);
#12371 = VERTEX_POINT('',#12372);
#12372 = CARTESIAN_POINT('',(0.685,0.46875,-6.938893903907E-18));
#12373 = CIRCLE('',#12374,3.5E-02);
#12374 = AXIS2_PLACEMENT_3D('',#12375,#12376,#12377);
#12375 = CARTESIAN_POINT('',(0.685,0.46875,3.5E-02));
#12376 = DIRECTION('',(0.,1.,-0.));
#12377 = DIRECTION('',(-1.,0.,0.));
#12378 = ORIENTED_EDGE('',*,*,#12379,.T.);
#12379 = EDGE_CURVE('',#12371,#12339,#12380,.T.);
#12380 = LINE('',#12381,#12382);
#12381 = CARTESIAN_POINT('',(-0.13125,0.46875,0.));
#12382 = VECTOR('',#12383,1.);
#12383 = DIRECTION('',(1.,0.,0.));
#12384 = PLANE('',#12385);
#12385 = AXIS2_PLACEMENT_3D('',#12386,#12387,#12388);
#12386 = CARTESIAN_POINT('',(-0.9125,0.46875,0.75));
#12387 = DIRECTION('',(0.,-1.,0.));
#12388 = DIRECTION('',(1.,0.,0.));
#12389 = ADVANCED_FACE('',(#12390),#12409,.T.);
#12390 = FACE_BOUND('',#12391,.T.);
#12391 = EDGE_LOOP('',(#12392,#12393,#12401,#12408));
#12392 = ORIENTED_EDGE('',*,*,#12370,.F.);
#12393 = ORIENTED_EDGE('',*,*,#12394,.F.);
#12394 = EDGE_CURVE('',#12395,#12371,#12397,.T.);
#12395 = VERTEX_POINT('',#12396);
#12396 = CARTESIAN_POINT('',(0.685,-0.46875,-6.938893903907E-18));
#12397 = LINE('',#12398,#12399);
#12398 = CARTESIAN_POINT('',(0.685,-0.625,-6.938893903907E-18));
#12399 = VECTOR('',#12400,1.);
#12400 = DIRECTION('',(0.,1.,0.));
#12401 = ORIENTED_EDGE('',*,*,#12402,.T.);
#12402 = EDGE_CURVE('',#12395,#11689,#12403,.T.);
#12403 = CIRCLE('',#12404,3.5E-02);
#12404 = AXIS2_PLACEMENT_3D('',#12405,#12406,#12407);
#12405 = CARTESIAN_POINT('',(0.685,-0.46875,3.5E-02));
#12406 = DIRECTION('',(0.,1.,-0.));
#12407 = DIRECTION('',(-1.,0.,0.));
#12408 = ORIENTED_EDGE('',*,*,#11696,.T.);
#12409 = CYLINDRICAL_SURFACE('',#12410,3.5E-02);
#12410 = AXIS2_PLACEMENT_3D('',#12411,#12412,#12413);
#12411 = CARTESIAN_POINT('',(0.685,-0.625,3.5E-02));
#12412 = DIRECTION('',(0.,1.,0.));
#12413 = DIRECTION('',(-1.,0.,0.));
#12414 = ADVANCED_FACE('',(#12415),#12433,.F.);
#12415 = FACE_BOUND('',#12416,.F.);
#12416 = EDGE_LOOP('',(#12417,#12418,#12426,#12432));
#12417 = ORIENTED_EDGE('',*,*,#11688,.T.);
#12418 = ORIENTED_EDGE('',*,*,#12419,.T.);
#12419 = EDGE_CURVE('',#11681,#12420,#12422,.T.);
#12420 = VERTEX_POINT('',#12421);
#12421 = CARTESIAN_POINT('',(0.9125,-0.46875,0.));
#12422 = LINE('',#12423,#12424);
#12423 = CARTESIAN_POINT('',(0.9125,-0.46875,0.75));
#12424 = VECTOR('',#12425,1.);
#12425 = DIRECTION('',(-0.,-0.,-1.));
#12426 = ORIENTED_EDGE('',*,*,#12427,.T.);
#12427 = EDGE_CURVE('',#12420,#12395,#12428,.T.);
#12428 = LINE('',#12429,#12430);
#12429 = CARTESIAN_POINT('',(0.78125,-0.46875,0.));
#12430 = VECTOR('',#12431,1.);
#12431 = DIRECTION('',(-1.,0.,0.));
#12432 = ORIENTED_EDGE('',*,*,#12402,.T.);
#12433 = PLANE('',#12434);
#12434 = AXIS2_PLACEMENT_3D('',#12435,#12436,#12437);
#12435 = CARTESIAN_POINT('',(0.9125,-0.46875,0.75));
#12436 = DIRECTION('',(0.,1.,0.));
#12437 = DIRECTION('',(-1.,0.,0.));
#12438 = ADVANCED_FACE('',(#12439),#12450,.F.);
#12439 = FACE_BOUND('',#12440,.F.);
#12440 = EDGE_LOOP('',(#12441,#12442,#12443,#12444));
#12441 = ORIENTED_EDGE('',*,*,#12419,.F.);
#12442 = ORIENTED_EDGE('',*,*,#11680,.T.);
#12443 = ORIENTED_EDGE('',*,*,#11802,.T.);
#12444 = ORIENTED_EDGE('',*,*,#12445,.T.);
#12445 = EDGE_CURVE('',#11793,#12420,#12446,.T.);
#12446 = LINE('',#12447,#12448);
#12447 = CARTESIAN_POINT('',(0.9125,-0.703125,0.));
#12448 = VECTOR('',#12449,1.);
#12449 = DIRECTION('',(0.,1.,0.));
#12450 = PLANE('',#12451);
#12451 = AXIS2_PLACEMENT_3D('',#12452,#12453,#12454);
#12452 = CARTESIAN_POINT('',(0.9125,-0.78125,0.75));
#12453 = DIRECTION('',(1.,0.,0.));
#12454 = DIRECTION('',(-0.,1.,0.));
#12455 = ADVANCED_FACE('',(#12456),#12481,.T.);
#12456 = FACE_BOUND('',#12457,.T.);
#12457 = EDGE_LOOP('',(#12458,#12466,#12467,#12475));
#12458 = ORIENTED_EDGE('',*,*,#12459,.T.);
#12459 = EDGE_CURVE('',#12460,#11761,#12462,.T.);
#12460 = VERTEX_POINT('',#12461);
#12461 = CARTESIAN_POINT('',(0.433012701892,0.5,1.75E-02));
#12462 = LINE('',#12463,#12464);
#12463 = CARTESIAN_POINT('',(0.433012701892,0.5,1.75E-02));
#12464 = VECTOR('',#12465,1.);
#12465 = DIRECTION('',(0.,0.,1.));
#12466 = ORIENTED_EDGE('',*,*,#11760,.T.);
#12467 = ORIENTED_EDGE('',*,*,#12468,.F.);
#12468 = EDGE_CURVE('',#12469,#11763,#12471,.T.);
#12469 = VERTEX_POINT('',#12470);
#12470 = CARTESIAN_POINT('',(0.433012701892,-0.5,1.75E-02));
#12471 = LINE('',#12472,#12473);
#12472 = CARTESIAN_POINT('',(0.433012701892,-0.5,1.75E-02));
#12473 = VECTOR('',#12474,1.);
#12474 = DIRECTION('',(0.,0.,1.));
#12475 = ORIENTED_EDGE('',*,*,#12476,.F.);
#12476 = EDGE_CURVE('',#12460,#12469,#12477,.T.);
#12477 = LINE('',#12478,#12479);
#12478 = CARTESIAN_POINT('',(0.433012701892,0.5,1.75E-02));
#12479 = VECTOR('',#12480,1.);
#12480 = DIRECTION('',(0.,-1.,0.));
#12481 = PLANE('',#12482);
#12482 = AXIS2_PLACEMENT_3D('',#12483,#12484,#12485);
#12483 = CARTESIAN_POINT('',(0.433012701892,0.5,1.75E-02));
#12484 = DIRECTION('',(1.,0.,0.));
#12485 = DIRECTION('',(0.,-1.,0.));
#12486 = ADVANCED_FACE('',(#12487),#12505,.T.);
#12487 = FACE_BOUND('',#12488,.T.);
#12488 = EDGE_LOOP('',(#12489,#12497,#12498,#12499));
#12489 = ORIENTED_EDGE('',*,*,#12490,.T.);
#12490 = EDGE_CURVE('',#12491,#11771,#12493,.T.);
#12491 = VERTEX_POINT('',#12492);
#12492 = CARTESIAN_POINT('',(-0.433012701892,0.,1.75E-02));
#12493 = LINE('',#12494,#12495);
#12494 = CARTESIAN_POINT('',(-0.433012701892,0.,1.75E-02));
#12495 = VECTOR('',#12496,1.);
#12496 = DIRECTION('',(0.,0.,1.));
#12497 = ORIENTED_EDGE('',*,*,#11778,.T.);
#12498 = ORIENTED_EDGE('',*,*,#12459,.F.);
#12499 = ORIENTED_EDGE('',*,*,#12500,.F.);
#12500 = EDGE_CURVE('',#12491,#12460,#12501,.T.);
#12501 = LINE('',#12502,#12503);
#12502 = CARTESIAN_POINT('',(-0.433012701892,0.,1.75E-02));
#12503 = VECTOR('',#12504,1.);
#12504 = DIRECTION('',(0.866025403784,0.5,0.));
#12505 = PLANE('',#12506);
#12506 = AXIS2_PLACEMENT_3D('',#12507,#12508,#12509);
#12507 = CARTESIAN_POINT('',(-0.433012701892,0.,1.75E-02));
#12508 = DIRECTION('',(-0.5,0.866025403784,0.));
#12509 = DIRECTION('',(0.866025403784,0.5,0.));
#12510 = ADVANCED_FACE('',(#12511),#12522,.T.);
#12511 = FACE_BOUND('',#12512,.T.);
#12512 = EDGE_LOOP('',(#12513,#12514,#12515,#12516));
#12513 = ORIENTED_EDGE('',*,*,#12468,.T.);
#12514 = ORIENTED_EDGE('',*,*,#11770,.T.);
#12515 = ORIENTED_EDGE('',*,*,#12490,.F.);
#12516 = ORIENTED_EDGE('',*,*,#12517,.F.);
#12517 = EDGE_CURVE('',#12469,#12491,#12518,.T.);
#12518 = LINE('',#12519,#12520);
#12519 = CARTESIAN_POINT('',(0.433012701892,-0.5,1.75E-02));
#12520 = VECTOR('',#12521,1.);
#12521 = DIRECTION('',(-0.866025403784,0.5,0.));
#12522 = PLANE('',#12523);
#12523 = AXIS2_PLACEMENT_3D('',#12524,#12525,#12526);
#12524 = CARTESIAN_POINT('',(0.433012701892,-0.5,1.75E-02));
#12525 = DIRECTION('',(-0.5,-0.866025403784,0.));
#12526 = DIRECTION('',(-0.866025403784,0.5,0.));
#12527 = ADVANCED_FACE('',(#12528),#12550,.F.);
#12528 = FACE_BOUND('',#12529,.F.);
#12529 = EDGE_LOOP('',(#12530,#12538,#12539,#12540,#12541,#12542,#12543,
    #12544));
#12530 = ORIENTED_EDGE('',*,*,#12531,.F.);
#12531 = EDGE_CURVE('',#12347,#12532,#12534,.T.);
#12532 = VERTEX_POINT('',#12533);
#12533 = CARTESIAN_POINT('',(0.965,0.625,-6.938893903907E-18));
#12534 = LINE('',#12535,#12536);
#12535 = CARTESIAN_POINT('',(0.65,0.625,0.));
#12536 = VECTOR('',#12537,1.);
#12537 = DIRECTION('',(1.,0.,0.));
#12538 = ORIENTED_EDGE('',*,*,#12346,.F.);
#12539 = ORIENTED_EDGE('',*,*,#12379,.F.);
#12540 = ORIENTED_EDGE('',*,*,#12394,.F.);
#12541 = ORIENTED_EDGE('',*,*,#12427,.F.);
#12542 = ORIENTED_EDGE('',*,*,#12445,.F.);
#12543 = ORIENTED_EDGE('',*,*,#11792,.T.);
#12544 = ORIENTED_EDGE('',*,*,#12545,.T.);
#12545 = EDGE_CURVE('',#11795,#12532,#12546,.T.);
#12546 = LINE('',#12547,#12548);
#12547 = CARTESIAN_POINT('',(0.965,-0.625,-6.938893903907E-18));
#12548 = VECTOR('',#12549,1.);
#12549 = DIRECTION('',(0.,1.,0.));
#12550 = PLANE('',#12551);
#12551 = AXIS2_PLACEMENT_3D('',#12552,#12553,#12554);
#12552 = CARTESIAN_POINT('',(0.65,-0.625,0.));
#12553 = DIRECTION('',(0.,0.,1.));
#12554 = DIRECTION('',(1.,0.,-0.));
#12555 = ADVANCED_FACE('',(#12556),#12575,.T.);
#12556 = FACE_BOUND('',#12557,.T.);
#12557 = EDGE_LOOP('',(#12558,#12559,#12560,#12569));
#12558 = ORIENTED_EDGE('',*,*,#11844,.T.);
#12559 = ORIENTED_EDGE('',*,*,#12545,.T.);
#12560 = ORIENTED_EDGE('',*,*,#12561,.F.);
#12561 = EDGE_CURVE('',#12562,#12532,#12564,.T.);
#12562 = VERTEX_POINT('',#12563);
#12563 = CARTESIAN_POINT('',(1.,0.625,3.5E-02));
#12564 = CIRCLE('',#12565,3.5E-02);
#12565 = AXIS2_PLACEMENT_3D('',#12566,#12567,#12568);
#12566 = CARTESIAN_POINT('',(0.965,0.625,3.5E-02));
#12567 = DIRECTION('',(0.,1.,0.));
#12568 = DIRECTION('',(0.,-0.,1.));
#12569 = ORIENTED_EDGE('',*,*,#12570,.F.);
#12570 = EDGE_CURVE('',#11837,#12562,#12571,.T.);
#12571 = LINE('',#12572,#12573);
#12572 = CARTESIAN_POINT('',(1.,-0.625,3.5E-02));
#12573 = VECTOR('',#12574,1.);
#12574 = DIRECTION('',(0.,1.,0.));
#12575 = CYLINDRICAL_SURFACE('',#12576,3.5E-02);
#12576 = AXIS2_PLACEMENT_3D('',#12577,#12578,#12579);
#12577 = CARTESIAN_POINT('',(0.965,-0.625,3.5E-02));
#12578 = DIRECTION('',(0.,1.,0.));
#12579 = DIRECTION('',(1.,0.,0.));
#12580 = ADVANCED_FACE('',(#12581),#12599,.T.);
#12581 = FACE_BOUND('',#12582,.T.);
#12582 = EDGE_LOOP('',(#12583,#12584,#12585,#12593));
#12583 = ORIENTED_EDGE('',*,*,#11836,.F.);
#12584 = ORIENTED_EDGE('',*,*,#12570,.T.);
#12585 = ORIENTED_EDGE('',*,*,#12586,.T.);
#12586 = EDGE_CURVE('',#12562,#12587,#12589,.T.);
#12587 = VERTEX_POINT('',#12588);
#12588 = CARTESIAN_POINT('',(1.,0.625,0.465));
#12589 = LINE('',#12590,#12591);
#12590 = CARTESIAN_POINT('',(1.,0.625,0.));
#12591 = VECTOR('',#12592,1.);
#12592 = DIRECTION('',(0.,0.,1.));
#12593 = ORIENTED_EDGE('',*,*,#12594,.F.);
#12594 = EDGE_CURVE('',#11828,#12587,#12595,.T.);
#12595 = LINE('',#12596,#12597);
#12596 = CARTESIAN_POINT('',(1.,-0.625,0.465));
#12597 = VECTOR('',#12598,1.);
#12598 = DIRECTION('',(0.,1.,0.));
#12599 = PLANE('',#12600);
#12600 = AXIS2_PLACEMENT_3D('',#12601,#12602,#12603);
#12601 = CARTESIAN_POINT('',(1.,-0.625,0.));
#12602 = DIRECTION('',(1.,0.,0.));
#12603 = DIRECTION('',(0.,0.,1.));
#12604 = ADVANCED_FACE('',(#12605),#12624,.T.);
#12605 = FACE_BOUND('',#12606,.T.);
#12606 = EDGE_LOOP('',(#12607,#12608,#12617,#12623));
#12607 = ORIENTED_EDGE('',*,*,#12594,.T.);
#12608 = ORIENTED_EDGE('',*,*,#12609,.T.);
#12609 = EDGE_CURVE('',#12587,#12610,#12612,.T.);
#12610 = VERTEX_POINT('',#12611);
#12611 = CARTESIAN_POINT('',(0.965,0.625,0.5));
#12612 = CIRCLE('',#12613,3.5E-02);
#12613 = AXIS2_PLACEMENT_3D('',#12614,#12615,#12616);
#12614 = CARTESIAN_POINT('',(0.965,0.625,0.465));
#12615 = DIRECTION('',(0.,-1.,0.));
#12616 = DIRECTION('',(0.,0.,1.));
#12617 = ORIENTED_EDGE('',*,*,#12618,.F.);
#12618 = EDGE_CURVE('',#11820,#12610,#12619,.T.);
#12619 = LINE('',#12620,#12621);
#12620 = CARTESIAN_POINT('',(0.965,-0.625,0.5));
#12621 = VECTOR('',#12622,1.);
#12622 = DIRECTION('',(0.,1.,0.));
#12623 = ORIENTED_EDGE('',*,*,#11827,.F.);
#12624 = CYLINDRICAL_SURFACE('',#12625,3.5E-02);
#12625 = AXIS2_PLACEMENT_3D('',#12626,#12627,#12628);
#12626 = CARTESIAN_POINT('',(0.965,-0.625,0.465));
#12627 = DIRECTION('',(0.,1.,0.));
#12628 = DIRECTION('',(1.,0.,0.));
#12629 = ADVANCED_FACE('',(#12630),#12671,.T.);
#12630 = FACE_BOUND('',#12631,.T.);
#12631 = EDGE_LOOP('',(#12632,#12640,#12648,#12654,#12655,#12663,#12669,
    #12670));
#12632 = ORIENTED_EDGE('',*,*,#12633,.F.);
#12633 = EDGE_CURVE('',#12634,#12610,#12636,.T.);
#12634 = VERTEX_POINT('',#12635);
#12635 = CARTESIAN_POINT('',(0.9125,0.625,0.5));
#12636 = LINE('',#12637,#12638);
#12637 = CARTESIAN_POINT('',(0.65,0.625,0.5));
#12638 = VECTOR('',#12639,1.);
#12639 = DIRECTION('',(1.,0.,0.));
#12640 = ORIENTED_EDGE('',*,*,#12641,.F.);
#12641 = EDGE_CURVE('',#12642,#12634,#12644,.T.);
#12642 = VERTEX_POINT('',#12643);
#12643 = CARTESIAN_POINT('',(0.9125,0.46875,0.5));
#12644 = LINE('',#12645,#12646);
#12645 = CARTESIAN_POINT('',(0.9125,-7.8125E-02,0.5));
#12646 = VECTOR('',#12647,1.);
#12647 = DIRECTION('',(0.,1.,0.));
#12648 = ORIENTED_EDGE('',*,*,#12649,.F.);
#12649 = EDGE_CURVE('',#11925,#12642,#12650,.T.);
#12650 = LINE('',#12651,#12652);
#12651 = CARTESIAN_POINT('',(-0.13125,0.46875,0.5));
#12652 = VECTOR('',#12653,1.);
#12653 = DIRECTION('',(1.,0.,0.));
#12654 = ORIENTED_EDGE('',*,*,#11924,.F.);
#12655 = ORIENTED_EDGE('',*,*,#12656,.F.);
#12656 = EDGE_CURVE('',#12657,#11916,#12659,.T.);
#12657 = VERTEX_POINT('',#12658);
#12658 = CARTESIAN_POINT('',(0.9125,-0.46875,0.5));
#12659 = LINE('',#12660,#12661);
#12660 = CARTESIAN_POINT('',(0.78125,-0.46875,0.5));
#12661 = VECTOR('',#12662,1.);
#12662 = DIRECTION('',(-1.,0.,0.));
#12663 = ORIENTED_EDGE('',*,*,#12664,.F.);
#12664 = EDGE_CURVE('',#11812,#12657,#12665,.T.);
#12665 = LINE('',#12666,#12667);
#12666 = CARTESIAN_POINT('',(0.9125,-0.703125,0.5));
#12667 = VECTOR('',#12668,1.);
#12668 = DIRECTION('',(0.,1.,0.));
#12669 = ORIENTED_EDGE('',*,*,#11819,.T.);
#12670 = ORIENTED_EDGE('',*,*,#12618,.T.);
#12671 = PLANE('',#12672);
#12672 = AXIS2_PLACEMENT_3D('',#12673,#12674,#12675);
#12673 = CARTESIAN_POINT('',(0.65,-0.625,0.5));
#12674 = DIRECTION('',(0.,0.,1.));
#12675 = DIRECTION('',(1.,0.,-0.));
#12676 = ADVANCED_FACE('',(#12677),#12688,.F.);
#12677 = FACE_BOUND('',#12678,.F.);
#12678 = EDGE_LOOP('',(#12679,#12685,#12686,#12687));
#12679 = ORIENTED_EDGE('',*,*,#12680,.F.);
#12680 = EDGE_CURVE('',#12657,#11860,#12681,.T.);
#12681 = LINE('',#12682,#12683);
#12682 = CARTESIAN_POINT('',(0.9125,-0.46875,0.75));
#12683 = VECTOR('',#12684,1.);
#12684 = DIRECTION('',(-0.,-0.,-1.));
#12685 = ORIENTED_EDGE('',*,*,#12664,.F.);
#12686 = ORIENTED_EDGE('',*,*,#11811,.T.);
#12687 = ORIENTED_EDGE('',*,*,#11869,.F.);
#12688 = PLANE('',#12689);
#12689 = AXIS2_PLACEMENT_3D('',#12690,#12691,#12692);
#12690 = CARTESIAN_POINT('',(0.9125,-0.78125,0.75));
#12691 = DIRECTION('',(1.,0.,0.));
#12692 = DIRECTION('',(-0.,1.,0.));
#12693 = ADVANCED_FACE('',(#12694),#12700,.F.);
#12694 = FACE_BOUND('',#12695,.F.);
#12695 = EDGE_LOOP('',(#12696,#12697,#12698,#12699));
#12696 = ORIENTED_EDGE('',*,*,#12656,.F.);
#12697 = ORIENTED_EDGE('',*,*,#12680,.T.);
#12698 = ORIENTED_EDGE('',*,*,#11859,.F.);
#12699 = ORIENTED_EDGE('',*,*,#11915,.T.);
#12700 = PLANE('',#12701);
#12701 = AXIS2_PLACEMENT_3D('',#12702,#12703,#12704);
#12702 = CARTESIAN_POINT('',(0.9125,-0.46875,0.75));
#12703 = DIRECTION('',(0.,1.,0.));
#12704 = DIRECTION('',(-1.,0.,0.));
#12705 = ADVANCED_FACE('',(#12706),#12722,.F.);
#12706 = FACE_BOUND('',#12707,.F.);
#12707 = EDGE_LOOP('',(#12708,#12709,#12715,#12716));
#12708 = ORIENTED_EDGE('',*,*,#12641,.F.);
#12709 = ORIENTED_EDGE('',*,*,#12710,.T.);
#12710 = EDGE_CURVE('',#12642,#11893,#12711,.T.);
#12711 = LINE('',#12712,#12713);
#12712 = CARTESIAN_POINT('',(0.9125,0.46875,0.75));
#12713 = VECTOR('',#12714,1.);
#12714 = DIRECTION('',(-0.,-0.,-1.));
#12715 = ORIENTED_EDGE('',*,*,#11900,.F.);
#12716 = ORIENTED_EDGE('',*,*,#12717,.F.);
#12717 = EDGE_CURVE('',#12634,#11884,#12718,.T.);
#12718 = LINE('',#12719,#12720);
#12719 = CARTESIAN_POINT('',(0.9125,0.625,0.375));
#12720 = VECTOR('',#12721,1.);
#12721 = DIRECTION('',(0.,0.,-1.));
#12722 = PLANE('',#12723);
#12723 = AXIS2_PLACEMENT_3D('',#12724,#12725,#12726);
#12724 = CARTESIAN_POINT('',(0.9125,0.46875,0.75));
#12725 = DIRECTION('',(1.,0.,0.));
#12726 = DIRECTION('',(-0.,1.,0.));
#12727 = ADVANCED_FACE('',(#12728),#12734,.F.);
#12728 = FACE_BOUND('',#12729,.F.);
#12729 = EDGE_LOOP('',(#12730,#12731,#12732,#12733));
#12730 = ORIENTED_EDGE('',*,*,#12710,.F.);
#12731 = ORIENTED_EDGE('',*,*,#12649,.F.);
#12732 = ORIENTED_EDGE('',*,*,#11932,.F.);
#12733 = ORIENTED_EDGE('',*,*,#11892,.F.);
#12734 = PLANE('',#12735);
#12735 = AXIS2_PLACEMENT_3D('',#12736,#12737,#12738);
#12736 = CARTESIAN_POINT('',(-0.9125,0.46875,0.75));
#12737 = DIRECTION('',(0.,-1.,0.));
#12738 = DIRECTION('',(1.,0.,0.));
#12739 = ADVANCED_FACE('',(#12740),#12752,.T.);
#12740 = FACE_BOUND('',#12741,.T.);
#12741 = EDGE_LOOP('',(#12742,#12743,#12744,#12745,#12746,#12747,#12748,
    #12749,#12750,#12751));
#12742 = ORIENTED_EDGE('',*,*,#12120,.F.);
#12743 = ORIENTED_EDGE('',*,*,#12191,.F.);
#12744 = ORIENTED_EDGE('',*,*,#12227,.T.);
#12745 = ORIENTED_EDGE('',*,*,#12251,.T.);
#12746 = ORIENTED_EDGE('',*,*,#12075,.T.);
#12747 = ORIENTED_EDGE('',*,*,#12036,.F.);
#12748 = ORIENTED_EDGE('',*,*,#11963,.F.);
#12749 = ORIENTED_EDGE('',*,*,#11955,.F.);
#12750 = ORIENTED_EDGE('',*,*,#11947,.T.);
#12751 = ORIENTED_EDGE('',*,*,#12322,.F.);
#12752 = PLANE('',#12753);
#12753 = AXIS2_PLACEMENT_3D('',#12754,#12755,#12756);
#12754 = CARTESIAN_POINT('',(-1.,0.625,0.));
#12755 = DIRECTION('',(0.,1.,0.));
#12756 = DIRECTION('',(0.,-0.,1.));
#12757 = ADVANCED_FACE('',(#12758),#12770,.T.);
#12758 = FACE_BOUND('',#12759,.T.);
#12759 = EDGE_LOOP('',(#12760,#12761,#12762,#12763,#12764,#12765,#12766,
    #12767,#12768,#12769));
#12760 = ORIENTED_EDGE('',*,*,#12531,.F.);
#12761 = ORIENTED_EDGE('',*,*,#12354,.F.);
#12762 = ORIENTED_EDGE('',*,*,#11988,.T.);
#12763 = ORIENTED_EDGE('',*,*,#11980,.T.);
#12764 = ORIENTED_EDGE('',*,*,#11972,.F.);
#12765 = ORIENTED_EDGE('',*,*,#12717,.F.);
#12766 = ORIENTED_EDGE('',*,*,#12633,.T.);
#12767 = ORIENTED_EDGE('',*,*,#12609,.F.);
#12768 = ORIENTED_EDGE('',*,*,#12586,.F.);
#12769 = ORIENTED_EDGE('',*,*,#12561,.T.);
#12770 = PLANE('',#12771);
#12771 = AXIS2_PLACEMENT_3D('',#12772,#12773,#12774);
#12772 = CARTESIAN_POINT('',(0.65,0.625,0.));
#12773 = DIRECTION('',(0.,1.,0.));
#12774 = DIRECTION('',(0.,-0.,1.));
#12775 = ADVANCED_FACE('',(#12776),#12781,.T.);
#12776 = FACE_BOUND('',#12777,.T.);
#12777 = EDGE_LOOP('',(#12778,#12779,#12780));
#12778 = ORIENTED_EDGE('',*,*,#12500,.T.);
#12779 = ORIENTED_EDGE('',*,*,#12476,.T.);
#12780 = ORIENTED_EDGE('',*,*,#12517,.T.);
#12781 = PLANE('',#12782);
#12782 = AXIS2_PLACEMENT_3D('',#12783,#12784,#12785);
#12783 = CARTESIAN_POINT('',(0.144337567297,9.251858538543E-18,1.75E-02)
  );
#12784 = DIRECTION('',(-0.,-0.,-1.));
#12785 = DIRECTION('',(-1.,0.,0.));
#12786 = ( GEOMETRIC_REPRESENTATION_CONTEXT(3) 
GLOBAL_UNCERTAINTY_ASSIGNED_CONTEXT((#12790)) 
GLOBAL_UNIT_ASSIGNED_CONTEXT((#12787,#12788,#12789)) 
REPRESENTATION_CONTEXT('Context #1',
  '3D Context with UNIT and UNCERTAINTY') );
#12787 = ( LENGTH_UNIT() NAMED_UNIT(*) SI_UNIT(.MILLI.,.METRE.) );
#12788 = ( NAMED_UNIT(*) PLANE_ANGLE_UNIT() SI_UNIT($,.RADIAN.) );
#12789 = ( NAMED_UNIT(*) SI_UNIT($,.STERADIAN.) SOLID_ANGLE_UNIT() );
#12790 = UNCERTAINTY_MEASURE_WITH_UNIT(LENGTH_MEASURE(1.E-07),#12787,
  'distance_accuracy_value','confusion accuracy');
#12791 = CONTEXT_DEPENDENT_SHAPE_REPRESENTATION(#12792,#12794);
#12792 = ( REPRESENTATION_RELATIONSHIP('','',#11262,#10) 
REPRESENTATION_RELATIONSHIP_WITH_TRANSFORMATION(#12793) 
SHAPE_REPRESENTATION_RELATIONSHIP() );
#12793 = ITEM_DEFINED_TRANSFORMATION('','',#11,#51);
#12794 = PRODUCT_DEFINITION_SHAPE('Placement','Placement of an item',
  #12795);
#12795 = NEXT_ASSEMBLY_USAGE_OCCURRENCE('10','D1','',#5,#11257,$);
#12796 = PRODUCT_RELATED_PRODUCT_CATEGORY('part',$,(#11259));
#12797 = SHAPE_DEFINITION_REPRESENTATION(#12798,#12804);
#12798 = PRODUCT_DEFINITION_SHAPE('','',#12799);
#12799 = PRODUCT_DEFINITION('design','',#12800,#12803);
#12800 = PRODUCT_DEFINITION_FORMATION('','',#12801);
#12801 = PRODUCT('schematic_PCB','schematic_PCB','',(#12802));
#12802 = PRODUCT_CONTEXT('',#2,'mechanical');
#12803 = PRODUCT_DEFINITION_CONTEXT('part definition',#2,'design');
#12804 = ADVANCED_BREP_SHAPE_REPRESENTATION('',(#11,#12805),#14343);
#12805 = MANIFOLD_SOLID_BREP('',#12806);
#12806 = CLOSED_SHELL('',(#12807,#12849,#12880,#12911,#13315,#13719,
    #13736,#13753,#13770,#13787,#13799,#13816,#13833,#13850,#13867,
    #13884,#13901,#13918,#13935,#13952,#13969,#13986,#14003,#14020,
    #14037,#14054,#14071,#14088,#14105,#14122,#14139,#14156,#14173,
    #14190,#14207,#14224,#14241,#14258,#14275,#14292,#14309,#14326));
#12807 = ADVANCED_FACE('',(#12808),#12844,.T.);
#12808 = FACE_BOUND('',#12809,.T.);
#12809 = EDGE_LOOP('',(#12810,#12820,#12829,#12837));
#12810 = ORIENTED_EDGE('',*,*,#12811,.T.);
#12811 = EDGE_CURVE('',#12812,#12814,#12816,.T.);
#12812 = VERTEX_POINT('',#12813);
#12813 = CARTESIAN_POINT('',(163.5,-55.,0.));
#12814 = VERTEX_POINT('',#12815);
#12815 = CARTESIAN_POINT('',(163.5,-55.,1.51));
#12816 = LINE('',#12817,#12818);
#12817 = CARTESIAN_POINT('',(163.5,-55.,0.));
#12818 = VECTOR('',#12819,1.);
#12819 = DIRECTION('',(0.,0.,1.));
#12820 = ORIENTED_EDGE('',*,*,#12821,.T.);
#12821 = EDGE_CURVE('',#12814,#12822,#12824,.T.);
#12822 = VERTEX_POINT('',#12823);
#12823 = CARTESIAN_POINT('',(167.5,-59.,1.51));
#12824 = CIRCLE('',#12825,4.00000042591);
#12825 = AXIS2_PLACEMENT_3D('',#12826,#12827,#12828);
#12826 = CARTESIAN_POINT('',(163.49999957409,-59.00000042591,1.51));
#12827 = DIRECTION('',(0.,0.,-1.));
#12828 = DIRECTION('',(1.064775318894E-07,1.,0.));
#12829 = ORIENTED_EDGE('',*,*,#12830,.F.);
#12830 = EDGE_CURVE('',#12831,#12822,#12833,.T.);
#12831 = VERTEX_POINT('',#12832);
#12832 = CARTESIAN_POINT('',(167.5,-59.,0.));
#12833 = LINE('',#12834,#12835);
#12834 = CARTESIAN_POINT('',(167.5,-59.,0.));
#12835 = VECTOR('',#12836,1.);
#12836 = DIRECTION('',(0.,0.,1.));
#12837 = ORIENTED_EDGE('',*,*,#12838,.F.);
#12838 = EDGE_CURVE('',#12812,#12831,#12839,.T.);
#12839 = CIRCLE('',#12840,4.00000042591);
#12840 = AXIS2_PLACEMENT_3D('',#12841,#12842,#12843);
#12841 = CARTESIAN_POINT('',(163.49999957409,-59.00000042591,0.));
#12842 = DIRECTION('',(0.,0.,-1.));
#12843 = DIRECTION('',(1.064775318894E-07,1.,0.));
#12844 = CYLINDRICAL_SURFACE('',#12845,4.00000042591);
#12845 = AXIS2_PLACEMENT_3D('',#12846,#12847,#12848);
#12846 = CARTESIAN_POINT('',(163.49999957409,-59.00000042591,0.));
#12847 = DIRECTION('',(0.,0.,-1.));
#12848 = DIRECTION('',(1.064775318894E-07,1.,0.));
#12849 = ADVANCED_FACE('',(#12850),#12875,.T.);
#12850 = FACE_BOUND('',#12851,.T.);
#12851 = EDGE_LOOP('',(#12852,#12862,#12868,#12869));
#12852 = ORIENTED_EDGE('',*,*,#12853,.T.);
#12853 = EDGE_CURVE('',#12854,#12856,#12858,.T.);
#12854 = VERTEX_POINT('',#12855);
#12855 = CARTESIAN_POINT('',(136.5,-55.,0.));
#12856 = VERTEX_POINT('',#12857);
#12857 = CARTESIAN_POINT('',(136.5,-55.,1.51));
#12858 = LINE('',#12859,#12860);
#12859 = CARTESIAN_POINT('',(136.5,-55.,0.));
#12860 = VECTOR('',#12861,1.);
#12861 = DIRECTION('',(0.,0.,1.));
#12862 = ORIENTED_EDGE('',*,*,#12863,.T.);
#12863 = EDGE_CURVE('',#12856,#12814,#12864,.T.);
#12864 = LINE('',#12865,#12866);
#12865 = CARTESIAN_POINT('',(136.5,-55.,1.51));
#12866 = VECTOR('',#12867,1.);
#12867 = DIRECTION('',(1.,0.,0.));
#12868 = ORIENTED_EDGE('',*,*,#12811,.F.);
#12869 = ORIENTED_EDGE('',*,*,#12870,.F.);
#12870 = EDGE_CURVE('',#12854,#12812,#12871,.T.);
#12871 = LINE('',#12872,#12873);
#12872 = CARTESIAN_POINT('',(136.5,-55.,0.));
#12873 = VECTOR('',#12874,1.);
#12874 = DIRECTION('',(1.,0.,0.));
#12875 = PLANE('',#12876);
#12876 = AXIS2_PLACEMENT_3D('',#12877,#12878,#12879);
#12877 = CARTESIAN_POINT('',(136.5,-55.,0.));
#12878 = DIRECTION('',(0.,1.,0.));
#12879 = DIRECTION('',(1.,0.,0.));
#12880 = ADVANCED_FACE('',(#12881),#12906,.T.);
#12881 = FACE_BOUND('',#12882,.T.);
#12882 = EDGE_LOOP('',(#12883,#12884,#12892,#12900));
#12883 = ORIENTED_EDGE('',*,*,#12830,.T.);
#12884 = ORIENTED_EDGE('',*,*,#12885,.T.);
#12885 = EDGE_CURVE('',#12822,#12886,#12888,.T.);
#12886 = VERTEX_POINT('',#12887);
#12887 = CARTESIAN_POINT('',(167.5,-116.,1.51));
#12888 = LINE('',#12889,#12890);
#12889 = CARTESIAN_POINT('',(167.5,-59.,1.51));
#12890 = VECTOR('',#12891,1.);
#12891 = DIRECTION('',(0.,-1.,0.));
#12892 = ORIENTED_EDGE('',*,*,#12893,.F.);
#12893 = EDGE_CURVE('',#12894,#12886,#12896,.T.);
#12894 = VERTEX_POINT('',#12895);
#12895 = CARTESIAN_POINT('',(167.5,-116.,0.));
#12896 = LINE('',#12897,#12898);
#12897 = CARTESIAN_POINT('',(167.5,-116.,0.));
#12898 = VECTOR('',#12899,1.);
#12899 = DIRECTION('',(0.,0.,1.));
#12900 = ORIENTED_EDGE('',*,*,#12901,.F.);
#12901 = EDGE_CURVE('',#12831,#12894,#12902,.T.);
#12902 = LINE('',#12903,#12904);
#12903 = CARTESIAN_POINT('',(167.5,-59.,0.));
#12904 = VECTOR('',#12905,1.);
#12905 = DIRECTION('',(0.,-1.,0.));
#12906 = PLANE('',#12907);
#12907 = AXIS2_PLACEMENT_3D('',#12908,#12909,#12910);
#12908 = CARTESIAN_POINT('',(167.5,-59.,0.));
#12909 = DIRECTION('',(1.,0.,-0.));
#12910 = DIRECTION('',(0.,-1.,0.));
#12911 = ADVANCED_FACE('',(#12912,#12958,#12969,#12980,#12991,#13002,
    #13013,#13024,#13035,#13046,#13057,#13068,#13079,#13090,#13101,
    #13112,#13123,#13134,#13145,#13156,#13167,#13178,#13189,#13200,
    #13211,#13222,#13233,#13244,#13255,#13266,#13277,#13288,#13299),
  #13310,.F.);
#12912 = FACE_BOUND('',#12913,.F.);
#12913 = EDGE_LOOP('',(#12914,#12915,#12916,#12925,#12933,#12942,#12950,
    #12957));
#12914 = ORIENTED_EDGE('',*,*,#12838,.F.);
#12915 = ORIENTED_EDGE('',*,*,#12870,.F.);
#12916 = ORIENTED_EDGE('',*,*,#12917,.F.);
#12917 = EDGE_CURVE('',#12918,#12854,#12920,.T.);
#12918 = VERTEX_POINT('',#12919);
#12919 = CARTESIAN_POINT('',(132.5,-59.,0.));
#12920 = CIRCLE('',#12921,4.00000042591);
#12921 = AXIS2_PLACEMENT_3D('',#12922,#12923,#12924);
#12922 = CARTESIAN_POINT('',(136.50000042591,-59.00000042591,0.));
#12923 = DIRECTION('',(0.,0.,-1.));
#12924 = DIRECTION('',(-1.,1.064775336658E-07,0.));
#12925 = ORIENTED_EDGE('',*,*,#12926,.F.);
#12926 = EDGE_CURVE('',#12927,#12918,#12929,.T.);
#12927 = VERTEX_POINT('',#12928);
#12928 = CARTESIAN_POINT('',(132.5,-116.,0.));
#12929 = LINE('',#12930,#12931);
#12930 = CARTESIAN_POINT('',(132.5,-116.,0.));
#12931 = VECTOR('',#12932,1.);
#12932 = DIRECTION('',(0.,1.,0.));
#12933 = ORIENTED_EDGE('',*,*,#12934,.F.);
#12934 = EDGE_CURVE('',#12935,#12927,#12937,.T.);
#12935 = VERTEX_POINT('',#12936);
#12936 = CARTESIAN_POINT('',(136.5,-120.,0.));
#12937 = CIRCLE('',#12938,4.00000042591);
#12938 = AXIS2_PLACEMENT_3D('',#12939,#12940,#12941);
#12939 = CARTESIAN_POINT('',(136.50000042591,-115.999999574,0.));
#12940 = DIRECTION('',(0.,0.,-1.));
#12941 = DIRECTION('',(-1.06477524784E-07,-1.,-0.));
#12942 = ORIENTED_EDGE('',*,*,#12943,.F.);
#12943 = EDGE_CURVE('',#12944,#12935,#12946,.T.);
#12944 = VERTEX_POINT('',#12945);
#12945 = CARTESIAN_POINT('',(163.5,-120.,0.));
#12946 = LINE('',#12947,#12948);
#12947 = CARTESIAN_POINT('',(163.5,-120.,0.));
#12948 = VECTOR('',#12949,1.);
#12949 = DIRECTION('',(-1.,0.,0.));
#12950 = ORIENTED_EDGE('',*,*,#12951,.F.);
#12951 = EDGE_CURVE('',#12894,#12944,#12952,.T.);
#12952 = CIRCLE('',#12953,4.00000042591);
#12953 = AXIS2_PLACEMENT_3D('',#12954,#12955,#12956);
#12954 = CARTESIAN_POINT('',(163.49999957409,-115.999999574,0.));
#12955 = DIRECTION('',(0.,0.,-1.));
#12956 = DIRECTION('',(1.,-1.064775318894E-07,0.));
#12957 = ORIENTED_EDGE('',*,*,#12901,.F.);
#12958 = FACE_BOUND('',#12959,.F.);
#12959 = EDGE_LOOP('',(#12960));
#12960 = ORIENTED_EDGE('',*,*,#12961,.T.);
#12961 = EDGE_CURVE('',#12962,#12962,#12964,.T.);
#12962 = VERTEX_POINT('',#12963);
#12963 = CARTESIAN_POINT('',(147.5,-117.75,0.));
#12964 = CIRCLE('',#12965,0.5);
#12965 = AXIS2_PLACEMENT_3D('',#12966,#12967,#12968);
#12966 = CARTESIAN_POINT('',(147.5,-117.25,0.));
#12967 = DIRECTION('',(-0.,0.,-1.));
#12968 = DIRECTION('',(-0.,-1.,0.));
#12969 = FACE_BOUND('',#12970,.F.);
#12970 = EDGE_LOOP('',(#12971));
#12971 = ORIENTED_EDGE('',*,*,#12972,.T.);
#12972 = EDGE_CURVE('',#12973,#12973,#12975,.T.);
#12973 = VERTEX_POINT('',#12974);
#12974 = CARTESIAN_POINT('',(146.75,-112.8,0.));
#12975 = CIRCLE('',#12976,0.55);
#12976 = AXIS2_PLACEMENT_3D('',#12977,#12978,#12979);
#12977 = CARTESIAN_POINT('',(146.75,-112.25,0.));
#12978 = DIRECTION('',(-0.,0.,-1.));
#12979 = DIRECTION('',(-0.,-1.,0.));
#12980 = FACE_BOUND('',#12981,.F.);
#12981 = EDGE_LOOP('',(#12982));
#12982 = ORIENTED_EDGE('',*,*,#12983,.T.);
#12983 = EDGE_CURVE('',#12984,#12984,#12986,.T.);
#12984 = VERTEX_POINT('',#12985);
#12985 = CARTESIAN_POINT('',(146.75,-108.3,0.));
#12986 = CIRCLE('',#12987,0.55);
#12987 = AXIS2_PLACEMENT_3D('',#12988,#12989,#12990);
#12988 = CARTESIAN_POINT('',(146.75,-107.75,0.));
#12989 = DIRECTION('',(-0.,0.,-1.));
#12990 = DIRECTION('',(-0.,-1.,0.));
#12991 = FACE_BOUND('',#12992,.F.);
#12992 = EDGE_LOOP('',(#12993));
#12993 = ORIENTED_EDGE('',*,*,#12994,.T.);
#12994 = EDGE_CURVE('',#12995,#12995,#12997,.T.);
#12995 = VERTEX_POINT('',#12996);
#12996 = CARTESIAN_POINT('',(135.,-93.128,0.));
#12997 = CIRCLE('',#12998,0.508);
#12998 = AXIS2_PLACEMENT_3D('',#12999,#13000,#13001);
#12999 = CARTESIAN_POINT('',(135.,-92.62,0.));
#13000 = DIRECTION('',(-0.,0.,-1.));
#13001 = DIRECTION('',(-0.,-1.,0.));
#13002 = FACE_BOUND('',#13003,.F.);
#13003 = EDGE_LOOP('',(#13004));
#13004 = ORIENTED_EDGE('',*,*,#13005,.T.);
#13005 = EDGE_CURVE('',#13006,#13006,#13008,.T.);
#13006 = VERTEX_POINT('',#13007);
#13007 = CARTESIAN_POINT('',(137.54,-93.128,0.));
#13008 = CIRCLE('',#13009,0.508);
#13009 = AXIS2_PLACEMENT_3D('',#13010,#13011,#13012);
#13010 = CARTESIAN_POINT('',(137.54,-92.62,0.));
#13011 = DIRECTION('',(-0.,0.,-1.));
#13012 = DIRECTION('',(-5.594824691025E-14,-1.,0.));
#13013 = FACE_BOUND('',#13014,.F.);
#13014 = EDGE_LOOP('',(#13015));
#13015 = ORIENTED_EDGE('',*,*,#13016,.T.);
#13016 = EDGE_CURVE('',#13017,#13017,#13019,.T.);
#13017 = VERTEX_POINT('',#13018);
#13018 = CARTESIAN_POINT('',(140.08,-93.128,0.));
#13019 = CIRCLE('',#13020,0.508);
#13020 = AXIS2_PLACEMENT_3D('',#13021,#13022,#13023);
#13021 = CARTESIAN_POINT('',(140.08,-92.62,0.));
#13022 = DIRECTION('',(-0.,0.,-1.));
#13023 = DIRECTION('',(5.594824691024E-14,-1.,-0.));
#13024 = FACE_BOUND('',#13025,.F.);
#13025 = EDGE_LOOP('',(#13026));
#13026 = ORIENTED_EDGE('',*,*,#13027,.T.);
#13027 = EDGE_CURVE('',#13028,#13028,#13030,.T.);
#13028 = VERTEX_POINT('',#13029);
#13029 = CARTESIAN_POINT('',(142.62,-93.128,0.));
#13030 = CIRCLE('',#13031,0.508);
#13031 = AXIS2_PLACEMENT_3D('',#13032,#13033,#13034);
#13032 = CARTESIAN_POINT('',(142.62,-92.62,0.));
#13033 = DIRECTION('',(-0.,0.,-1.));
#13034 = DIRECTION('',(-0.,-1.,0.));
#13035 = FACE_BOUND('',#13036,.F.);
#13036 = EDGE_LOOP('',(#13037));
#13037 = ORIENTED_EDGE('',*,*,#13038,.T.);
#13038 = EDGE_CURVE('',#13039,#13039,#13041,.T.);
#13039 = VERTEX_POINT('',#13040);
#13040 = CARTESIAN_POINT('',(145.16,-93.128,0.));
#13041 = CIRCLE('',#13042,0.508);
#13042 = AXIS2_PLACEMENT_3D('',#13043,#13044,#13045);
#13043 = CARTESIAN_POINT('',(145.16,-92.62,0.));
#13044 = DIRECTION('',(-0.,0.,-1.));
#13045 = DIRECTION('',(-0.,-1.,0.));
#13046 = FACE_BOUND('',#13047,.F.);
#13047 = EDGE_LOOP('',(#13048));
#13048 = ORIENTED_EDGE('',*,*,#13049,.T.);
#13049 = EDGE_CURVE('',#13050,#13050,#13052,.T.);
#13050 = VERTEX_POINT('',#13051);
#13051 = CARTESIAN_POINT('',(147.7,-93.128,0.));
#13052 = CIRCLE('',#13053,0.508);
#13053 = AXIS2_PLACEMENT_3D('',#13054,#13055,#13056);
#13054 = CARTESIAN_POINT('',(147.7,-92.62,0.));
#13055 = DIRECTION('',(-0.,0.,-1.));
#13056 = DIRECTION('',(-0.,-1.,0.));
#13057 = FACE_BOUND('',#13058,.F.);
#13058 = EDGE_LOOP('',(#13059));
#13059 = ORIENTED_EDGE('',*,*,#13060,.T.);
#13060 = EDGE_CURVE('',#13061,#13061,#13063,.T.);
#13061 = VERTEX_POINT('',#13062);
#13062 = CARTESIAN_POINT('',(150.04,-117.75,0.));
#13063 = CIRCLE('',#13064,0.5);
#13064 = AXIS2_PLACEMENT_3D('',#13065,#13066,#13067);
#13065 = CARTESIAN_POINT('',(150.04,-117.25,0.));
#13066 = DIRECTION('',(-0.,0.,-1.));
#13067 = DIRECTION('',(-0.,-1.,0.));
#13068 = FACE_BOUND('',#13069,.F.);
#13069 = EDGE_LOOP('',(#13070));
#13070 = ORIENTED_EDGE('',*,*,#13071,.T.);
#13071 = EDGE_CURVE('',#13072,#13072,#13074,.T.);
#13072 = VERTEX_POINT('',#13073);
#13073 = CARTESIAN_POINT('',(152.58,-117.75,0.));
#13074 = CIRCLE('',#13075,0.5);
#13075 = AXIS2_PLACEMENT_3D('',#13076,#13077,#13078);
#13076 = CARTESIAN_POINT('',(152.58,-117.25,0.));
#13077 = DIRECTION('',(-0.,0.,-1.));
#13078 = DIRECTION('',(-0.,-1.,0.));
#13079 = FACE_BOUND('',#13080,.F.);
#13080 = EDGE_LOOP('',(#13081));
#13081 = ORIENTED_EDGE('',*,*,#13082,.T.);
#13082 = EDGE_CURVE('',#13083,#13083,#13085,.T.);
#13083 = VERTEX_POINT('',#13084);
#13084 = CARTESIAN_POINT('',(153.25,-112.8,0.));
#13085 = CIRCLE('',#13086,0.55);
#13086 = AXIS2_PLACEMENT_3D('',#13087,#13088,#13089);
#13087 = CARTESIAN_POINT('',(153.25,-112.25,0.));
#13088 = DIRECTION('',(-0.,0.,-1.));
#13089 = DIRECTION('',(-0.,-1.,0.));
#13090 = FACE_BOUND('',#13091,.F.);
#13091 = EDGE_LOOP('',(#13092));
#13092 = ORIENTED_EDGE('',*,*,#13093,.T.);
#13093 = EDGE_CURVE('',#13094,#13094,#13096,.T.);
#13094 = VERTEX_POINT('',#13095);
#13095 = CARTESIAN_POINT('',(153.25,-108.3,0.));
#13096 = CIRCLE('',#13097,0.55);
#13097 = AXIS2_PLACEMENT_3D('',#13098,#13099,#13100);
#13098 = CARTESIAN_POINT('',(153.25,-107.75,0.));
#13099 = DIRECTION('',(-0.,0.,-1.));
#13100 = DIRECTION('',(-0.,-1.,0.));
#13101 = FACE_BOUND('',#13102,.F.);
#13102 = EDGE_LOOP('',(#13103));
#13103 = ORIENTED_EDGE('',*,*,#13104,.T.);
#13104 = EDGE_CURVE('',#13105,#13105,#13107,.T.);
#13105 = VERTEX_POINT('',#13106);
#13106 = CARTESIAN_POINT('',(163.5,-117.35,0.));
#13107 = CIRCLE('',#13108,1.35);
#13108 = AXIS2_PLACEMENT_3D('',#13109,#13110,#13111);
#13109 = CARTESIAN_POINT('',(163.5,-116.,0.));
#13110 = DIRECTION('',(-0.,0.,-1.));
#13111 = DIRECTION('',(-0.,-1.,0.));
#13112 = FACE_BOUND('',#13113,.F.);
#13113 = EDGE_LOOP('',(#13114));
#13114 = ORIENTED_EDGE('',*,*,#13115,.T.);
#13115 = EDGE_CURVE('',#13116,#13116,#13118,.T.);
#13116 = VERTEX_POINT('',#13117);
#13117 = CARTESIAN_POINT('',(150.24,-93.128,0.));
#13118 = CIRCLE('',#13119,0.508);
#13119 = AXIS2_PLACEMENT_3D('',#13120,#13121,#13122);
#13120 = CARTESIAN_POINT('',(150.24,-92.62,0.));
#13121 = DIRECTION('',(-0.,0.,-1.));
#13122 = DIRECTION('',(-0.,-1.,0.));
#13123 = FACE_BOUND('',#13124,.F.);
#13124 = EDGE_LOOP('',(#13125));
#13125 = ORIENTED_EDGE('',*,*,#13126,.T.);
#13126 = EDGE_CURVE('',#13127,#13127,#13129,.T.);
#13127 = VERTEX_POINT('',#13128);
#13128 = CARTESIAN_POINT('',(165.,-98.,0.));
#13129 = CIRCLE('',#13130,0.5);
#13130 = AXIS2_PLACEMENT_3D('',#13131,#13132,#13133);
#13131 = CARTESIAN_POINT('',(165.,-97.5,0.));
#13132 = DIRECTION('',(-0.,0.,-1.));
#13133 = DIRECTION('',(-0.,-1.,0.));
#13134 = FACE_BOUND('',#13135,.F.);
#13135 = EDGE_LOOP('',(#13136));
#13136 = ORIENTED_EDGE('',*,*,#13137,.T.);
#13137 = EDGE_CURVE('',#13138,#13138,#13140,.T.);
#13138 = VERTEX_POINT('',#13139);
#13139 = CARTESIAN_POINT('',(165.,-95.46,0.));
#13140 = CIRCLE('',#13141,0.5);
#13141 = AXIS2_PLACEMENT_3D('',#13142,#13143,#13144);
#13142 = CARTESIAN_POINT('',(165.,-94.96,0.));
#13143 = DIRECTION('',(-0.,0.,-1.));
#13144 = DIRECTION('',(-0.,-1.,0.));
#13145 = FACE_BOUND('',#13146,.F.);
#13146 = EDGE_LOOP('',(#13147));
#13147 = ORIENTED_EDGE('',*,*,#13148,.T.);
#13148 = EDGE_CURVE('',#13149,#13149,#13151,.T.);
#13149 = VERTEX_POINT('',#13150);
#13150 = CARTESIAN_POINT('',(160.4,-88.048,0.));
#13151 = CIRCLE('',#13152,0.508);
#13152 = AXIS2_PLACEMENT_3D('',#13153,#13154,#13155);
#13153 = CARTESIAN_POINT('',(160.4,-87.54,0.));
#13154 = DIRECTION('',(-0.,0.,-1.));
#13155 = DIRECTION('',(5.594824691024E-14,-1.,-0.));
#13156 = FACE_BOUND('',#13157,.F.);
#13157 = EDGE_LOOP('',(#13158));
#13158 = ORIENTED_EDGE('',*,*,#13159,.T.);
#13159 = EDGE_CURVE('',#13160,#13160,#13162,.T.);
#13160 = VERTEX_POINT('',#13161);
#13161 = CARTESIAN_POINT('',(135.,-77.888,0.));
#13162 = CIRCLE('',#13163,0.508);
#13163 = AXIS2_PLACEMENT_3D('',#13164,#13165,#13166);
#13164 = CARTESIAN_POINT('',(135.,-77.38,0.));
#13165 = DIRECTION('',(-0.,0.,-1.));
#13166 = DIRECTION('',(-0.,-1.,0.));
#13167 = FACE_BOUND('',#13168,.F.);
#13168 = EDGE_LOOP('',(#13169));
#13169 = ORIENTED_EDGE('',*,*,#13170,.T.);
#13170 = EDGE_CURVE('',#13171,#13171,#13173,.T.);
#13171 = VERTEX_POINT('',#13172);
#13172 = CARTESIAN_POINT('',(137.54,-77.888,0.));
#13173 = CIRCLE('',#13174,0.508);
#13174 = AXIS2_PLACEMENT_3D('',#13175,#13176,#13177);
#13175 = CARTESIAN_POINT('',(137.54,-77.38,0.));
#13176 = DIRECTION('',(-0.,0.,-1.));
#13177 = DIRECTION('',(-5.594824691025E-14,-1.,0.));
#13178 = FACE_BOUND('',#13179,.F.);
#13179 = EDGE_LOOP('',(#13180));
#13180 = ORIENTED_EDGE('',*,*,#13181,.T.);
#13181 = EDGE_CURVE('',#13182,#13182,#13184,.T.);
#13182 = VERTEX_POINT('',#13183);
#13183 = CARTESIAN_POINT('',(140.08,-77.888,0.));
#13184 = CIRCLE('',#13185,0.508);
#13185 = AXIS2_PLACEMENT_3D('',#13186,#13187,#13188);
#13186 = CARTESIAN_POINT('',(140.08,-77.38,0.));
#13187 = DIRECTION('',(-0.,0.,-1.));
#13188 = DIRECTION('',(5.594824691024E-14,-1.,-0.));
#13189 = FACE_BOUND('',#13190,.F.);
#13190 = EDGE_LOOP('',(#13191));
#13191 = ORIENTED_EDGE('',*,*,#13192,.T.);
#13192 = EDGE_CURVE('',#13193,#13193,#13195,.T.);
#13193 = VERTEX_POINT('',#13194);
#13194 = CARTESIAN_POINT('',(142.62,-77.888,0.));
#13195 = CIRCLE('',#13196,0.508);
#13196 = AXIS2_PLACEMENT_3D('',#13197,#13198,#13199);
#13197 = CARTESIAN_POINT('',(142.62,-77.38,0.));
#13198 = DIRECTION('',(-0.,0.,-1.));
#13199 = DIRECTION('',(-0.,-1.,0.));
#13200 = FACE_BOUND('',#13201,.F.);
#13201 = EDGE_LOOP('',(#13202));
#13202 = ORIENTED_EDGE('',*,*,#13203,.T.);
#13203 = EDGE_CURVE('',#13204,#13204,#13206,.T.);
#13204 = VERTEX_POINT('',#13205);
#13205 = CARTESIAN_POINT('',(145.16,-77.888,0.));
#13206 = CIRCLE('',#13207,0.508);
#13207 = AXIS2_PLACEMENT_3D('',#13208,#13209,#13210);
#13208 = CARTESIAN_POINT('',(145.16,-77.38,0.));
#13209 = DIRECTION('',(-0.,0.,-1.));
#13210 = DIRECTION('',(-0.,-1.,0.));
#13211 = FACE_BOUND('',#13212,.F.);
#13212 = EDGE_LOOP('',(#13213));
#13213 = ORIENTED_EDGE('',*,*,#13214,.T.);
#13214 = EDGE_CURVE('',#13215,#13215,#13217,.T.);
#13215 = VERTEX_POINT('',#13216);
#13216 = CARTESIAN_POINT('',(147.7,-77.888,0.));
#13217 = CIRCLE('',#13218,0.508);
#13218 = AXIS2_PLACEMENT_3D('',#13219,#13220,#13221);
#13219 = CARTESIAN_POINT('',(147.7,-77.38,0.));
#13220 = DIRECTION('',(-0.,0.,-1.));
#13221 = DIRECTION('',(-0.,-1.,0.));
#13222 = FACE_BOUND('',#13223,.F.);
#13223 = EDGE_LOOP('',(#13224));
#13224 = ORIENTED_EDGE('',*,*,#13225,.T.);
#13225 = EDGE_CURVE('',#13226,#13226,#13228,.T.);
#13226 = VERTEX_POINT('',#13227);
#13227 = CARTESIAN_POINT('',(136.5,-60.35,0.));
#13228 = CIRCLE('',#13229,1.35);
#13229 = AXIS2_PLACEMENT_3D('',#13230,#13231,#13232);
#13230 = CARTESIAN_POINT('',(136.5,-59.,0.));
#13231 = DIRECTION('',(-0.,0.,-1.));
#13232 = DIRECTION('',(-0.,-1.,0.));
#13233 = FACE_BOUND('',#13234,.F.);
#13234 = EDGE_LOOP('',(#13235));
#13235 = ORIENTED_EDGE('',*,*,#13236,.T.);
#13236 = EDGE_CURVE('',#13237,#13237,#13239,.T.);
#13237 = VERTEX_POINT('',#13238);
#13238 = CARTESIAN_POINT('',(150.24,-77.888,0.));
#13239 = CIRCLE('',#13240,0.508);
#13240 = AXIS2_PLACEMENT_3D('',#13241,#13242,#13243);
#13241 = CARTESIAN_POINT('',(150.24,-77.38,0.));
#13242 = DIRECTION('',(-0.,0.,-1.));
#13243 = DIRECTION('',(-0.,-1.,0.));
#13244 = FACE_BOUND('',#13245,.F.);
#13245 = EDGE_LOOP('',(#13246));
#13246 = ORIENTED_EDGE('',*,*,#13247,.T.);
#13247 = EDGE_CURVE('',#13248,#13248,#13250,.T.);
#13248 = VERTEX_POINT('',#13249);
#13249 = CARTESIAN_POINT('',(160.4,-82.968,0.));
#13250 = CIRCLE('',#13251,0.508);
#13251 = AXIS2_PLACEMENT_3D('',#13252,#13253,#13254);
#13252 = CARTESIAN_POINT('',(160.4,-82.46,0.));
#13253 = DIRECTION('',(-0.,0.,-1.));
#13254 = DIRECTION('',(5.594824691024E-14,-1.,-0.));
#13255 = FACE_BOUND('',#13256,.F.);
#13256 = EDGE_LOOP('',(#13257));
#13257 = ORIENTED_EDGE('',*,*,#13258,.T.);
#13258 = EDGE_CURVE('',#13259,#13259,#13261,.T.);
#13259 = VERTEX_POINT('',#13260);
#13260 = CARTESIAN_POINT('',(160.,-68.08,0.));
#13261 = CIRCLE('',#13262,0.5);
#13262 = AXIS2_PLACEMENT_3D('',#13263,#13264,#13265);
#13263 = CARTESIAN_POINT('',(160.,-67.58,0.));
#13264 = DIRECTION('',(-0.,0.,-1.));
#13265 = DIRECTION('',(-0.,-1.,0.));
#13266 = FACE_BOUND('',#13267,.F.);
#13267 = EDGE_LOOP('',(#13268));
#13268 = ORIENTED_EDGE('',*,*,#13269,.T.);
#13269 = EDGE_CURVE('',#13270,#13270,#13272,.T.);
#13270 = VERTEX_POINT('',#13271);
#13271 = CARTESIAN_POINT('',(160.,-65.54,0.));
#13272 = CIRCLE('',#13273,0.5);
#13273 = AXIS2_PLACEMENT_3D('',#13274,#13275,#13276);
#13274 = CARTESIAN_POINT('',(160.,-65.04,0.));
#13275 = DIRECTION('',(-0.,0.,-1.));
#13276 = DIRECTION('',(-0.,-1.,0.));
#13277 = FACE_BOUND('',#13278,.F.);
#13278 = EDGE_LOOP('',(#13279));
#13279 = ORIENTED_EDGE('',*,*,#13280,.T.);
#13280 = EDGE_CURVE('',#13281,#13281,#13283,.T.);
#13281 = VERTEX_POINT('',#13282);
#13282 = CARTESIAN_POINT('',(160.,-63.,0.));
#13283 = CIRCLE('',#13284,0.5);
#13284 = AXIS2_PLACEMENT_3D('',#13285,#13286,#13287);
#13285 = CARTESIAN_POINT('',(160.,-62.5,0.));
#13286 = DIRECTION('',(-0.,0.,-1.));
#13287 = DIRECTION('',(-0.,-1.,0.));
#13288 = FACE_BOUND('',#13289,.F.);
#13289 = EDGE_LOOP('',(#13290));
#13290 = ORIENTED_EDGE('',*,*,#13291,.T.);
#13291 = EDGE_CURVE('',#13292,#13292,#13294,.T.);
#13292 = VERTEX_POINT('',#13293);
#13293 = CARTESIAN_POINT('',(160.,-60.46,0.));
#13294 = CIRCLE('',#13295,0.5);
#13295 = AXIS2_PLACEMENT_3D('',#13296,#13297,#13298);
#13296 = CARTESIAN_POINT('',(160.,-59.96,0.));
#13297 = DIRECTION('',(-0.,0.,-1.));
#13298 = DIRECTION('',(-0.,-1.,0.));
#13299 = FACE_BOUND('',#13300,.F.);
#13300 = EDGE_LOOP('',(#13301));
#13301 = ORIENTED_EDGE('',*,*,#13302,.T.);
#13302 = EDGE_CURVE('',#13303,#13303,#13305,.T.);
#13303 = VERTEX_POINT('',#13304);
#13304 = CARTESIAN_POINT('',(160.,-57.92,0.));
#13305 = CIRCLE('',#13306,0.5);
#13306 = AXIS2_PLACEMENT_3D('',#13307,#13308,#13309);
#13307 = CARTESIAN_POINT('',(160.,-57.42,0.));
#13308 = DIRECTION('',(-0.,0.,-1.));
#13309 = DIRECTION('',(-0.,-1.,0.));
#13310 = PLANE('',#13311);
#13311 = AXIS2_PLACEMENT_3D('',#13312,#13313,#13314);
#13312 = CARTESIAN_POINT('',(0.,0.,0.));
#13313 = DIRECTION('',(0.,0.,1.));
#13314 = DIRECTION('',(1.,0.,-0.));
#13315 = ADVANCED_FACE('',(#13316,#13362,#13373,#13384,#13395,#13406,
    #13417,#13428,#13439,#13450,#13461,#13472,#13483,#13494,#13505,
    #13516,#13527,#13538,#13549,#13560,#13571,#13582,#13593,#13604,
    #13615,#13626,#13637,#13648,#13659,#13670,#13681,#13692,#13703),
  #13714,.T.);
#13316 = FACE_BOUND('',#13317,.T.);
#13317 = EDGE_LOOP('',(#13318,#13319,#13320,#13329,#13337,#13346,#13354,
    #13361));
#13318 = ORIENTED_EDGE('',*,*,#12821,.F.);
#13319 = ORIENTED_EDGE('',*,*,#12863,.F.);
#13320 = ORIENTED_EDGE('',*,*,#13321,.F.);
#13321 = EDGE_CURVE('',#13322,#12856,#13324,.T.);
#13322 = VERTEX_POINT('',#13323);
#13323 = CARTESIAN_POINT('',(132.5,-59.,1.51));
#13324 = CIRCLE('',#13325,4.00000042591);
#13325 = AXIS2_PLACEMENT_3D('',#13326,#13327,#13328);
#13326 = CARTESIAN_POINT('',(136.50000042591,-59.00000042591,1.51));
#13327 = DIRECTION('',(0.,0.,-1.));
#13328 = DIRECTION('',(-1.,1.064775336658E-07,0.));
#13329 = ORIENTED_EDGE('',*,*,#13330,.F.);
#13330 = EDGE_CURVE('',#13331,#13322,#13333,.T.);
#13331 = VERTEX_POINT('',#13332);
#13332 = CARTESIAN_POINT('',(132.5,-116.,1.51));
#13333 = LINE('',#13334,#13335);
#13334 = CARTESIAN_POINT('',(132.5,-116.,1.51));
#13335 = VECTOR('',#13336,1.);
#13336 = DIRECTION('',(0.,1.,0.));
#13337 = ORIENTED_EDGE('',*,*,#13338,.F.);
#13338 = EDGE_CURVE('',#13339,#13331,#13341,.T.);
#13339 = VERTEX_POINT('',#13340);
#13340 = CARTESIAN_POINT('',(136.5,-120.,1.51));
#13341 = CIRCLE('',#13342,4.00000042591);
#13342 = AXIS2_PLACEMENT_3D('',#13343,#13344,#13345);
#13343 = CARTESIAN_POINT('',(136.50000042591,-115.999999574,1.51));
#13344 = DIRECTION('',(0.,0.,-1.));
#13345 = DIRECTION('',(-1.06477524784E-07,-1.,-0.));
#13346 = ORIENTED_EDGE('',*,*,#13347,.F.);
#13347 = EDGE_CURVE('',#13348,#13339,#13350,.T.);
#13348 = VERTEX_POINT('',#13349);
#13349 = CARTESIAN_POINT('',(163.5,-120.,1.51));
#13350 = LINE('',#13351,#13352);
#13351 = CARTESIAN_POINT('',(163.5,-120.,1.51));
#13352 = VECTOR('',#13353,1.);
#13353 = DIRECTION('',(-1.,0.,0.));
#13354 = ORIENTED_EDGE('',*,*,#13355,.F.);
#13355 = EDGE_CURVE('',#12886,#13348,#13356,.T.);
#13356 = CIRCLE('',#13357,4.00000042591);
#13357 = AXIS2_PLACEMENT_3D('',#13358,#13359,#13360);
#13358 = CARTESIAN_POINT('',(163.49999957409,-115.999999574,1.51));
#13359 = DIRECTION('',(0.,0.,-1.));
#13360 = DIRECTION('',(1.,-1.064775318894E-07,0.));
#13361 = ORIENTED_EDGE('',*,*,#12885,.F.);
#13362 = FACE_BOUND('',#13363,.T.);
#13363 = EDGE_LOOP('',(#13364));
#13364 = ORIENTED_EDGE('',*,*,#13365,.T.);
#13365 = EDGE_CURVE('',#13366,#13366,#13368,.T.);
#13366 = VERTEX_POINT('',#13367);
#13367 = CARTESIAN_POINT('',(147.5,-117.75,1.51));
#13368 = CIRCLE('',#13369,0.5);
#13369 = AXIS2_PLACEMENT_3D('',#13370,#13371,#13372);
#13370 = CARTESIAN_POINT('',(147.5,-117.25,1.51));
#13371 = DIRECTION('',(-0.,0.,-1.));
#13372 = DIRECTION('',(-0.,-1.,0.));
#13373 = FACE_BOUND('',#13374,.T.);
#13374 = EDGE_LOOP('',(#13375));
#13375 = ORIENTED_EDGE('',*,*,#13376,.T.);
#13376 = EDGE_CURVE('',#13377,#13377,#13379,.T.);
#13377 = VERTEX_POINT('',#13378);
#13378 = CARTESIAN_POINT('',(146.75,-112.8,1.51));
#13379 = CIRCLE('',#13380,0.55);
#13380 = AXIS2_PLACEMENT_3D('',#13381,#13382,#13383);
#13381 = CARTESIAN_POINT('',(146.75,-112.25,1.51));
#13382 = DIRECTION('',(-0.,0.,-1.));
#13383 = DIRECTION('',(-0.,-1.,0.));
#13384 = FACE_BOUND('',#13385,.T.);
#13385 = EDGE_LOOP('',(#13386));
#13386 = ORIENTED_EDGE('',*,*,#13387,.T.);
#13387 = EDGE_CURVE('',#13388,#13388,#13390,.T.);
#13388 = VERTEX_POINT('',#13389);
#13389 = CARTESIAN_POINT('',(146.75,-108.3,1.51));
#13390 = CIRCLE('',#13391,0.55);
#13391 = AXIS2_PLACEMENT_3D('',#13392,#13393,#13394);
#13392 = CARTESIAN_POINT('',(146.75,-107.75,1.51));
#13393 = DIRECTION('',(-0.,0.,-1.));
#13394 = DIRECTION('',(-0.,-1.,0.));
#13395 = FACE_BOUND('',#13396,.T.);
#13396 = EDGE_LOOP('',(#13397));
#13397 = ORIENTED_EDGE('',*,*,#13398,.T.);
#13398 = EDGE_CURVE('',#13399,#13399,#13401,.T.);
#13399 = VERTEX_POINT('',#13400);
#13400 = CARTESIAN_POINT('',(135.,-93.128,1.51));
#13401 = CIRCLE('',#13402,0.508);
#13402 = AXIS2_PLACEMENT_3D('',#13403,#13404,#13405);
#13403 = CARTESIAN_POINT('',(135.,-92.62,1.51));
#13404 = DIRECTION('',(-0.,0.,-1.));
#13405 = DIRECTION('',(-0.,-1.,0.));
#13406 = FACE_BOUND('',#13407,.T.);
#13407 = EDGE_LOOP('',(#13408));
#13408 = ORIENTED_EDGE('',*,*,#13409,.T.);
#13409 = EDGE_CURVE('',#13410,#13410,#13412,.T.);
#13410 = VERTEX_POINT('',#13411);
#13411 = CARTESIAN_POINT('',(137.54,-93.128,1.51));
#13412 = CIRCLE('',#13413,0.508);
#13413 = AXIS2_PLACEMENT_3D('',#13414,#13415,#13416);
#13414 = CARTESIAN_POINT('',(137.54,-92.62,1.51));
#13415 = DIRECTION('',(-0.,0.,-1.));
#13416 = DIRECTION('',(-5.594824691025E-14,-1.,0.));
#13417 = FACE_BOUND('',#13418,.T.);
#13418 = EDGE_LOOP('',(#13419));
#13419 = ORIENTED_EDGE('',*,*,#13420,.T.);
#13420 = EDGE_CURVE('',#13421,#13421,#13423,.T.);
#13421 = VERTEX_POINT('',#13422);
#13422 = CARTESIAN_POINT('',(140.08,-93.128,1.51));
#13423 = CIRCLE('',#13424,0.508);
#13424 = AXIS2_PLACEMENT_3D('',#13425,#13426,#13427);
#13425 = CARTESIAN_POINT('',(140.08,-92.62,1.51));
#13426 = DIRECTION('',(-0.,0.,-1.));
#13427 = DIRECTION('',(5.594824691024E-14,-1.,-0.));
#13428 = FACE_BOUND('',#13429,.T.);
#13429 = EDGE_LOOP('',(#13430));
#13430 = ORIENTED_EDGE('',*,*,#13431,.T.);
#13431 = EDGE_CURVE('',#13432,#13432,#13434,.T.);
#13432 = VERTEX_POINT('',#13433);
#13433 = CARTESIAN_POINT('',(142.62,-93.128,1.51));
#13434 = CIRCLE('',#13435,0.508);
#13435 = AXIS2_PLACEMENT_3D('',#13436,#13437,#13438);
#13436 = CARTESIAN_POINT('',(142.62,-92.62,1.51));
#13437 = DIRECTION('',(-0.,0.,-1.));
#13438 = DIRECTION('',(-0.,-1.,0.));
#13439 = FACE_BOUND('',#13440,.T.);
#13440 = EDGE_LOOP('',(#13441));
#13441 = ORIENTED_EDGE('',*,*,#13442,.T.);
#13442 = EDGE_CURVE('',#13443,#13443,#13445,.T.);
#13443 = VERTEX_POINT('',#13444);
#13444 = CARTESIAN_POINT('',(145.16,-93.128,1.51));
#13445 = CIRCLE('',#13446,0.508);
#13446 = AXIS2_PLACEMENT_3D('',#13447,#13448,#13449);
#13447 = CARTESIAN_POINT('',(145.16,-92.62,1.51));
#13448 = DIRECTION('',(-0.,0.,-1.));
#13449 = DIRECTION('',(-0.,-1.,0.));
#13450 = FACE_BOUND('',#13451,.T.);
#13451 = EDGE_LOOP('',(#13452));
#13452 = ORIENTED_EDGE('',*,*,#13453,.T.);
#13453 = EDGE_CURVE('',#13454,#13454,#13456,.T.);
#13454 = VERTEX_POINT('',#13455);
#13455 = CARTESIAN_POINT('',(147.7,-93.128,1.51));
#13456 = CIRCLE('',#13457,0.508);
#13457 = AXIS2_PLACEMENT_3D('',#13458,#13459,#13460);
#13458 = CARTESIAN_POINT('',(147.7,-92.62,1.51));
#13459 = DIRECTION('',(-0.,0.,-1.));
#13460 = DIRECTION('',(-0.,-1.,0.));
#13461 = FACE_BOUND('',#13462,.T.);
#13462 = EDGE_LOOP('',(#13463));
#13463 = ORIENTED_EDGE('',*,*,#13464,.T.);
#13464 = EDGE_CURVE('',#13465,#13465,#13467,.T.);
#13465 = VERTEX_POINT('',#13466);
#13466 = CARTESIAN_POINT('',(150.04,-117.75,1.51));
#13467 = CIRCLE('',#13468,0.5);
#13468 = AXIS2_PLACEMENT_3D('',#13469,#13470,#13471);
#13469 = CARTESIAN_POINT('',(150.04,-117.25,1.51));
#13470 = DIRECTION('',(-0.,0.,-1.));
#13471 = DIRECTION('',(-0.,-1.,0.));
#13472 = FACE_BOUND('',#13473,.T.);
#13473 = EDGE_LOOP('',(#13474));
#13474 = ORIENTED_EDGE('',*,*,#13475,.T.);
#13475 = EDGE_CURVE('',#13476,#13476,#13478,.T.);
#13476 = VERTEX_POINT('',#13477);
#13477 = CARTESIAN_POINT('',(152.58,-117.75,1.51));
#13478 = CIRCLE('',#13479,0.5);
#13479 = AXIS2_PLACEMENT_3D('',#13480,#13481,#13482);
#13480 = CARTESIAN_POINT('',(152.58,-117.25,1.51));
#13481 = DIRECTION('',(-0.,0.,-1.));
#13482 = DIRECTION('',(-0.,-1.,0.));
#13483 = FACE_BOUND('',#13484,.T.);
#13484 = EDGE_LOOP('',(#13485));
#13485 = ORIENTED_EDGE('',*,*,#13486,.T.);
#13486 = EDGE_CURVE('',#13487,#13487,#13489,.T.);
#13487 = VERTEX_POINT('',#13488);
#13488 = CARTESIAN_POINT('',(153.25,-112.8,1.51));
#13489 = CIRCLE('',#13490,0.55);
#13490 = AXIS2_PLACEMENT_3D('',#13491,#13492,#13493);
#13491 = CARTESIAN_POINT('',(153.25,-112.25,1.51));
#13492 = DIRECTION('',(-0.,0.,-1.));
#13493 = DIRECTION('',(-0.,-1.,0.));
#13494 = FACE_BOUND('',#13495,.T.);
#13495 = EDGE_LOOP('',(#13496));
#13496 = ORIENTED_EDGE('',*,*,#13497,.T.);
#13497 = EDGE_CURVE('',#13498,#13498,#13500,.T.);
#13498 = VERTEX_POINT('',#13499);
#13499 = CARTESIAN_POINT('',(153.25,-108.3,1.51));
#13500 = CIRCLE('',#13501,0.55);
#13501 = AXIS2_PLACEMENT_3D('',#13502,#13503,#13504);
#13502 = CARTESIAN_POINT('',(153.25,-107.75,1.51));
#13503 = DIRECTION('',(-0.,0.,-1.));
#13504 = DIRECTION('',(-0.,-1.,0.));
#13505 = FACE_BOUND('',#13506,.T.);
#13506 = EDGE_LOOP('',(#13507));
#13507 = ORIENTED_EDGE('',*,*,#13508,.T.);
#13508 = EDGE_CURVE('',#13509,#13509,#13511,.T.);
#13509 = VERTEX_POINT('',#13510);
#13510 = CARTESIAN_POINT('',(163.5,-117.35,1.51));
#13511 = CIRCLE('',#13512,1.35);
#13512 = AXIS2_PLACEMENT_3D('',#13513,#13514,#13515);
#13513 = CARTESIAN_POINT('',(163.5,-116.,1.51));
#13514 = DIRECTION('',(-0.,0.,-1.));
#13515 = DIRECTION('',(-0.,-1.,0.));
#13516 = FACE_BOUND('',#13517,.T.);
#13517 = EDGE_LOOP('',(#13518));
#13518 = ORIENTED_EDGE('',*,*,#13519,.T.);
#13519 = EDGE_CURVE('',#13520,#13520,#13522,.T.);
#13520 = VERTEX_POINT('',#13521);
#13521 = CARTESIAN_POINT('',(150.24,-93.128,1.51));
#13522 = CIRCLE('',#13523,0.508);
#13523 = AXIS2_PLACEMENT_3D('',#13524,#13525,#13526);
#13524 = CARTESIAN_POINT('',(150.24,-92.62,1.51));
#13525 = DIRECTION('',(-0.,0.,-1.));
#13526 = DIRECTION('',(-0.,-1.,0.));
#13527 = FACE_BOUND('',#13528,.T.);
#13528 = EDGE_LOOP('',(#13529));
#13529 = ORIENTED_EDGE('',*,*,#13530,.T.);
#13530 = EDGE_CURVE('',#13531,#13531,#13533,.T.);
#13531 = VERTEX_POINT('',#13532);
#13532 = CARTESIAN_POINT('',(165.,-98.,1.51));
#13533 = CIRCLE('',#13534,0.5);
#13534 = AXIS2_PLACEMENT_3D('',#13535,#13536,#13537);
#13535 = CARTESIAN_POINT('',(165.,-97.5,1.51));
#13536 = DIRECTION('',(-0.,0.,-1.));
#13537 = DIRECTION('',(-0.,-1.,0.));
#13538 = FACE_BOUND('',#13539,.T.);
#13539 = EDGE_LOOP('',(#13540));
#13540 = ORIENTED_EDGE('',*,*,#13541,.T.);
#13541 = EDGE_CURVE('',#13542,#13542,#13544,.T.);
#13542 = VERTEX_POINT('',#13543);
#13543 = CARTESIAN_POINT('',(165.,-95.46,1.51));
#13544 = CIRCLE('',#13545,0.5);
#13545 = AXIS2_PLACEMENT_3D('',#13546,#13547,#13548);
#13546 = CARTESIAN_POINT('',(165.,-94.96,1.51));
#13547 = DIRECTION('',(-0.,0.,-1.));
#13548 = DIRECTION('',(-0.,-1.,0.));
#13549 = FACE_BOUND('',#13550,.T.);
#13550 = EDGE_LOOP('',(#13551));
#13551 = ORIENTED_EDGE('',*,*,#13552,.T.);
#13552 = EDGE_CURVE('',#13553,#13553,#13555,.T.);
#13553 = VERTEX_POINT('',#13554);
#13554 = CARTESIAN_POINT('',(160.4,-88.048,1.51));
#13555 = CIRCLE('',#13556,0.508);
#13556 = AXIS2_PLACEMENT_3D('',#13557,#13558,#13559);
#13557 = CARTESIAN_POINT('',(160.4,-87.54,1.51));
#13558 = DIRECTION('',(-0.,0.,-1.));
#13559 = DIRECTION('',(5.594824691024E-14,-1.,-0.));
#13560 = FACE_BOUND('',#13561,.T.);
#13561 = EDGE_LOOP('',(#13562));
#13562 = ORIENTED_EDGE('',*,*,#13563,.T.);
#13563 = EDGE_CURVE('',#13564,#13564,#13566,.T.);
#13564 = VERTEX_POINT('',#13565);
#13565 = CARTESIAN_POINT('',(135.,-77.888,1.51));
#13566 = CIRCLE('',#13567,0.508);
#13567 = AXIS2_PLACEMENT_3D('',#13568,#13569,#13570);
#13568 = CARTESIAN_POINT('',(135.,-77.38,1.51));
#13569 = DIRECTION('',(-0.,0.,-1.));
#13570 = DIRECTION('',(-0.,-1.,0.));
#13571 = FACE_BOUND('',#13572,.T.);
#13572 = EDGE_LOOP('',(#13573));
#13573 = ORIENTED_EDGE('',*,*,#13574,.T.);
#13574 = EDGE_CURVE('',#13575,#13575,#13577,.T.);
#13575 = VERTEX_POINT('',#13576);
#13576 = CARTESIAN_POINT('',(137.54,-77.888,1.51));
#13577 = CIRCLE('',#13578,0.508);
#13578 = AXIS2_PLACEMENT_3D('',#13579,#13580,#13581);
#13579 = CARTESIAN_POINT('',(137.54,-77.38,1.51));
#13580 = DIRECTION('',(-0.,0.,-1.));
#13581 = DIRECTION('',(-5.594824691025E-14,-1.,0.));
#13582 = FACE_BOUND('',#13583,.T.);
#13583 = EDGE_LOOP('',(#13584));
#13584 = ORIENTED_EDGE('',*,*,#13585,.T.);
#13585 = EDGE_CURVE('',#13586,#13586,#13588,.T.);
#13586 = VERTEX_POINT('',#13587);
#13587 = CARTESIAN_POINT('',(140.08,-77.888,1.51));
#13588 = CIRCLE('',#13589,0.508);
#13589 = AXIS2_PLACEMENT_3D('',#13590,#13591,#13592);
#13590 = CARTESIAN_POINT('',(140.08,-77.38,1.51));
#13591 = DIRECTION('',(-0.,0.,-1.));
#13592 = DIRECTION('',(5.594824691024E-14,-1.,-0.));
#13593 = FACE_BOUND('',#13594,.T.);
#13594 = EDGE_LOOP('',(#13595));
#13595 = ORIENTED_EDGE('',*,*,#13596,.T.);
#13596 = EDGE_CURVE('',#13597,#13597,#13599,.T.);
#13597 = VERTEX_POINT('',#13598);
#13598 = CARTESIAN_POINT('',(142.62,-77.888,1.51));
#13599 = CIRCLE('',#13600,0.508);
#13600 = AXIS2_PLACEMENT_3D('',#13601,#13602,#13603);
#13601 = CARTESIAN_POINT('',(142.62,-77.38,1.51));
#13602 = DIRECTION('',(-0.,0.,-1.));
#13603 = DIRECTION('',(-0.,-1.,0.));
#13604 = FACE_BOUND('',#13605,.T.);
#13605 = EDGE_LOOP('',(#13606));
#13606 = ORIENTED_EDGE('',*,*,#13607,.T.);
#13607 = EDGE_CURVE('',#13608,#13608,#13610,.T.);
#13608 = VERTEX_POINT('',#13609);
#13609 = CARTESIAN_POINT('',(145.16,-77.888,1.51));
#13610 = CIRCLE('',#13611,0.508);
#13611 = AXIS2_PLACEMENT_3D('',#13612,#13613,#13614);
#13612 = CARTESIAN_POINT('',(145.16,-77.38,1.51));
#13613 = DIRECTION('',(-0.,0.,-1.));
#13614 = DIRECTION('',(-0.,-1.,0.));
#13615 = FACE_BOUND('',#13616,.T.);
#13616 = EDGE_LOOP('',(#13617));
#13617 = ORIENTED_EDGE('',*,*,#13618,.T.);
#13618 = EDGE_CURVE('',#13619,#13619,#13621,.T.);
#13619 = VERTEX_POINT('',#13620);
#13620 = CARTESIAN_POINT('',(147.7,-77.888,1.51));
#13621 = CIRCLE('',#13622,0.508);
#13622 = AXIS2_PLACEMENT_3D('',#13623,#13624,#13625);
#13623 = CARTESIAN_POINT('',(147.7,-77.38,1.51));
#13624 = DIRECTION('',(-0.,0.,-1.));
#13625 = DIRECTION('',(-0.,-1.,0.));
#13626 = FACE_BOUND('',#13627,.T.);
#13627 = EDGE_LOOP('',(#13628));
#13628 = ORIENTED_EDGE('',*,*,#13629,.T.);
#13629 = EDGE_CURVE('',#13630,#13630,#13632,.T.);
#13630 = VERTEX_POINT('',#13631);
#13631 = CARTESIAN_POINT('',(136.5,-60.35,1.51));
#13632 = CIRCLE('',#13633,1.35);
#13633 = AXIS2_PLACEMENT_3D('',#13634,#13635,#13636);
#13634 = CARTESIAN_POINT('',(136.5,-59.,1.51));
#13635 = DIRECTION('',(-0.,0.,-1.));
#13636 = DIRECTION('',(-0.,-1.,0.));
#13637 = FACE_BOUND('',#13638,.T.);
#13638 = EDGE_LOOP('',(#13639));
#13639 = ORIENTED_EDGE('',*,*,#13640,.T.);
#13640 = EDGE_CURVE('',#13641,#13641,#13643,.T.);
#13641 = VERTEX_POINT('',#13642);
#13642 = CARTESIAN_POINT('',(150.24,-77.888,1.51));
#13643 = CIRCLE('',#13644,0.508);
#13644 = AXIS2_PLACEMENT_3D('',#13645,#13646,#13647);
#13645 = CARTESIAN_POINT('',(150.24,-77.38,1.51));
#13646 = DIRECTION('',(-0.,0.,-1.));
#13647 = DIRECTION('',(-0.,-1.,0.));
#13648 = FACE_BOUND('',#13649,.T.);
#13649 = EDGE_LOOP('',(#13650));
#13650 = ORIENTED_EDGE('',*,*,#13651,.T.);
#13651 = EDGE_CURVE('',#13652,#13652,#13654,.T.);
#13652 = VERTEX_POINT('',#13653);
#13653 = CARTESIAN_POINT('',(160.4,-82.968,1.51));
#13654 = CIRCLE('',#13655,0.508);
#13655 = AXIS2_PLACEMENT_3D('',#13656,#13657,#13658);
#13656 = CARTESIAN_POINT('',(160.4,-82.46,1.51));
#13657 = DIRECTION('',(-0.,0.,-1.));
#13658 = DIRECTION('',(5.594824691024E-14,-1.,-0.));
#13659 = FACE_BOUND('',#13660,.T.);
#13660 = EDGE_LOOP('',(#13661));
#13661 = ORIENTED_EDGE('',*,*,#13662,.T.);
#13662 = EDGE_CURVE('',#13663,#13663,#13665,.T.);
#13663 = VERTEX_POINT('',#13664);
#13664 = CARTESIAN_POINT('',(160.,-68.08,1.51));
#13665 = CIRCLE('',#13666,0.5);
#13666 = AXIS2_PLACEMENT_3D('',#13667,#13668,#13669);
#13667 = CARTESIAN_POINT('',(160.,-67.58,1.51));
#13668 = DIRECTION('',(-0.,0.,-1.));
#13669 = DIRECTION('',(-0.,-1.,0.));
#13670 = FACE_BOUND('',#13671,.T.);
#13671 = EDGE_LOOP('',(#13672));
#13672 = ORIENTED_EDGE('',*,*,#13673,.T.);
#13673 = EDGE_CURVE('',#13674,#13674,#13676,.T.);
#13674 = VERTEX_POINT('',#13675);
#13675 = CARTESIAN_POINT('',(160.,-65.54,1.51));
#13676 = CIRCLE('',#13677,0.5);
#13677 = AXIS2_PLACEMENT_3D('',#13678,#13679,#13680);
#13678 = CARTESIAN_POINT('',(160.,-65.04,1.51));
#13679 = DIRECTION('',(-0.,0.,-1.));
#13680 = DIRECTION('',(-0.,-1.,0.));
#13681 = FACE_BOUND('',#13682,.T.);
#13682 = EDGE_LOOP('',(#13683));
#13683 = ORIENTED_EDGE('',*,*,#13684,.T.);
#13684 = EDGE_CURVE('',#13685,#13685,#13687,.T.);
#13685 = VERTEX_POINT('',#13686);
#13686 = CARTESIAN_POINT('',(160.,-63.,1.51));
#13687 = CIRCLE('',#13688,0.5);
#13688 = AXIS2_PLACEMENT_3D('',#13689,#13690,#13691);
#13689 = CARTESIAN_POINT('',(160.,-62.5,1.51));
#13690 = DIRECTION('',(-0.,0.,-1.));
#13691 = DIRECTION('',(-0.,-1.,0.));
#13692 = FACE_BOUND('',#13693,.T.);
#13693 = EDGE_LOOP('',(#13694));
#13694 = ORIENTED_EDGE('',*,*,#13695,.T.);
#13695 = EDGE_CURVE('',#13696,#13696,#13698,.T.);
#13696 = VERTEX_POINT('',#13697);
#13697 = CARTESIAN_POINT('',(160.,-60.46,1.51));
#13698 = CIRCLE('',#13699,0.5);
#13699 = AXIS2_PLACEMENT_3D('',#13700,#13701,#13702);
#13700 = CARTESIAN_POINT('',(160.,-59.96,1.51));
#13701 = DIRECTION('',(-0.,0.,-1.));
#13702 = DIRECTION('',(-0.,-1.,0.));
#13703 = FACE_BOUND('',#13704,.T.);
#13704 = EDGE_LOOP('',(#13705));
#13705 = ORIENTED_EDGE('',*,*,#13706,.T.);
#13706 = EDGE_CURVE('',#13707,#13707,#13709,.T.);
#13707 = VERTEX_POINT('',#13708);
#13708 = CARTESIAN_POINT('',(160.,-57.92,1.51));
#13709 = CIRCLE('',#13710,0.5);
#13710 = AXIS2_PLACEMENT_3D('',#13711,#13712,#13713);
#13711 = CARTESIAN_POINT('',(160.,-57.42,1.51));
#13712 = DIRECTION('',(-0.,0.,-1.));
#13713 = DIRECTION('',(-0.,-1.,0.));
#13714 = PLANE('',#13715);
#13715 = AXIS2_PLACEMENT_3D('',#13716,#13717,#13718);
#13716 = CARTESIAN_POINT('',(0.,0.,1.51));
#13717 = DIRECTION('',(0.,0.,1.));
#13718 = DIRECTION('',(1.,0.,-0.));
#13719 = ADVANCED_FACE('',(#13720),#13731,.T.);
#13720 = FACE_BOUND('',#13721,.T.);
#13721 = EDGE_LOOP('',(#13722,#13728,#13729,#13730));
#13722 = ORIENTED_EDGE('',*,*,#13723,.T.);
#13723 = EDGE_CURVE('',#12918,#13322,#13724,.T.);
#13724 = LINE('',#13725,#13726);
#13725 = CARTESIAN_POINT('',(132.5,-59.,0.));
#13726 = VECTOR('',#13727,1.);
#13727 = DIRECTION('',(0.,0.,1.));
#13728 = ORIENTED_EDGE('',*,*,#13321,.T.);
#13729 = ORIENTED_EDGE('',*,*,#12853,.F.);
#13730 = ORIENTED_EDGE('',*,*,#12917,.F.);
#13731 = CYLINDRICAL_SURFACE('',#13732,4.00000042591);
#13732 = AXIS2_PLACEMENT_3D('',#13733,#13734,#13735);
#13733 = CARTESIAN_POINT('',(136.50000042591,-59.00000042591,0.));
#13734 = DIRECTION('',(0.,0.,-1.));
#13735 = DIRECTION('',(-1.,1.064775336658E-07,0.));
#13736 = ADVANCED_FACE('',(#13737),#13748,.T.);
#13737 = FACE_BOUND('',#13738,.T.);
#13738 = EDGE_LOOP('',(#13739,#13740,#13741,#13747));
#13739 = ORIENTED_EDGE('',*,*,#12893,.T.);
#13740 = ORIENTED_EDGE('',*,*,#13355,.T.);
#13741 = ORIENTED_EDGE('',*,*,#13742,.F.);
#13742 = EDGE_CURVE('',#12944,#13348,#13743,.T.);
#13743 = LINE('',#13744,#13745);
#13744 = CARTESIAN_POINT('',(163.5,-120.,0.));
#13745 = VECTOR('',#13746,1.);
#13746 = DIRECTION('',(0.,0.,1.));
#13747 = ORIENTED_EDGE('',*,*,#12951,.F.);
#13748 = CYLINDRICAL_SURFACE('',#13749,4.00000042591);
#13749 = AXIS2_PLACEMENT_3D('',#13750,#13751,#13752);
#13750 = CARTESIAN_POINT('',(163.49999957409,-115.999999574,0.));
#13751 = DIRECTION('',(0.,0.,-1.));
#13752 = DIRECTION('',(1.,-1.064775318894E-07,0.));
#13753 = ADVANCED_FACE('',(#13754),#13765,.T.);
#13754 = FACE_BOUND('',#13755,.T.);
#13755 = EDGE_LOOP('',(#13756,#13762,#13763,#13764));
#13756 = ORIENTED_EDGE('',*,*,#13757,.T.);
#13757 = EDGE_CURVE('',#12927,#13331,#13758,.T.);
#13758 = LINE('',#13759,#13760);
#13759 = CARTESIAN_POINT('',(132.5,-116.,0.));
#13760 = VECTOR('',#13761,1.);
#13761 = DIRECTION('',(0.,0.,1.));
#13762 = ORIENTED_EDGE('',*,*,#13330,.T.);
#13763 = ORIENTED_EDGE('',*,*,#13723,.F.);
#13764 = ORIENTED_EDGE('',*,*,#12926,.F.);
#13765 = PLANE('',#13766);
#13766 = AXIS2_PLACEMENT_3D('',#13767,#13768,#13769);
#13767 = CARTESIAN_POINT('',(132.5,-116.,0.));
#13768 = DIRECTION('',(-1.,0.,0.));
#13769 = DIRECTION('',(0.,1.,0.));
#13770 = ADVANCED_FACE('',(#13771),#13782,.T.);
#13771 = FACE_BOUND('',#13772,.T.);
#13772 = EDGE_LOOP('',(#13773,#13774,#13775,#13781));
#13773 = ORIENTED_EDGE('',*,*,#13742,.T.);
#13774 = ORIENTED_EDGE('',*,*,#13347,.T.);
#13775 = ORIENTED_EDGE('',*,*,#13776,.F.);
#13776 = EDGE_CURVE('',#12935,#13339,#13777,.T.);
#13777 = LINE('',#13778,#13779);
#13778 = CARTESIAN_POINT('',(136.5,-120.,0.));
#13779 = VECTOR('',#13780,1.);
#13780 = DIRECTION('',(0.,0.,1.));
#13781 = ORIENTED_EDGE('',*,*,#12943,.F.);
#13782 = PLANE('',#13783);
#13783 = AXIS2_PLACEMENT_3D('',#13784,#13785,#13786);
#13784 = CARTESIAN_POINT('',(163.5,-120.,0.));
#13785 = DIRECTION('',(0.,-1.,0.));
#13786 = DIRECTION('',(-1.,0.,0.));
#13787 = ADVANCED_FACE('',(#13788),#13794,.T.);
#13788 = FACE_BOUND('',#13789,.T.);
#13789 = EDGE_LOOP('',(#13790,#13791,#13792,#13793));
#13790 = ORIENTED_EDGE('',*,*,#13776,.T.);
#13791 = ORIENTED_EDGE('',*,*,#13338,.T.);
#13792 = ORIENTED_EDGE('',*,*,#13757,.F.);
#13793 = ORIENTED_EDGE('',*,*,#12934,.F.);
#13794 = CYLINDRICAL_SURFACE('',#13795,4.00000042591);
#13795 = AXIS2_PLACEMENT_3D('',#13796,#13797,#13798);
#13796 = CARTESIAN_POINT('',(136.50000042591,-115.999999574,0.));
#13797 = DIRECTION('',(0.,0.,-1.));
#13798 = DIRECTION('',(-1.06477524784E-07,-1.,-0.));
#13799 = ADVANCED_FACE('',(#13800),#13811,.F.);
#13800 = FACE_BOUND('',#13801,.T.);
#13801 = EDGE_LOOP('',(#13802,#13803,#13809,#13810));
#13802 = ORIENTED_EDGE('',*,*,#12961,.T.);
#13803 = ORIENTED_EDGE('',*,*,#13804,.T.);
#13804 = EDGE_CURVE('',#12962,#13366,#13805,.T.);
#13805 = LINE('',#13806,#13807);
#13806 = CARTESIAN_POINT('',(147.5,-117.75,-4.6E-02));
#13807 = VECTOR('',#13808,1.);
#13808 = DIRECTION('',(0.,0.,1.));
#13809 = ORIENTED_EDGE('',*,*,#13365,.F.);
#13810 = ORIENTED_EDGE('',*,*,#13804,.F.);
#13811 = CYLINDRICAL_SURFACE('',#13812,0.5);
#13812 = AXIS2_PLACEMENT_3D('',#13813,#13814,#13815);
#13813 = CARTESIAN_POINT('',(147.5,-117.25,-4.6E-02));
#13814 = DIRECTION('',(-0.,-0.,-1.));
#13815 = DIRECTION('',(-0.,-1.,0.));
#13816 = ADVANCED_FACE('',(#13817),#13828,.F.);
#13817 = FACE_BOUND('',#13818,.T.);
#13818 = EDGE_LOOP('',(#13819,#13820,#13826,#13827));
#13819 = ORIENTED_EDGE('',*,*,#12972,.T.);
#13820 = ORIENTED_EDGE('',*,*,#13821,.T.);
#13821 = EDGE_CURVE('',#12973,#13377,#13822,.T.);
#13822 = LINE('',#13823,#13824);
#13823 = CARTESIAN_POINT('',(146.75,-112.8,-4.6E-02));
#13824 = VECTOR('',#13825,1.);
#13825 = DIRECTION('',(0.,0.,1.));
#13826 = ORIENTED_EDGE('',*,*,#13376,.F.);
#13827 = ORIENTED_EDGE('',*,*,#13821,.F.);
#13828 = CYLINDRICAL_SURFACE('',#13829,0.55);
#13829 = AXIS2_PLACEMENT_3D('',#13830,#13831,#13832);
#13830 = CARTESIAN_POINT('',(146.75,-112.25,-4.6E-02));
#13831 = DIRECTION('',(-0.,-0.,-1.));
#13832 = DIRECTION('',(-0.,-1.,0.));
#13833 = ADVANCED_FACE('',(#13834),#13845,.F.);
#13834 = FACE_BOUND('',#13835,.T.);
#13835 = EDGE_LOOP('',(#13836,#13837,#13843,#13844));
#13836 = ORIENTED_EDGE('',*,*,#12983,.T.);
#13837 = ORIENTED_EDGE('',*,*,#13838,.T.);
#13838 = EDGE_CURVE('',#12984,#13388,#13839,.T.);
#13839 = LINE('',#13840,#13841);
#13840 = CARTESIAN_POINT('',(146.75,-108.3,-4.6E-02));
#13841 = VECTOR('',#13842,1.);
#13842 = DIRECTION('',(0.,0.,1.));
#13843 = ORIENTED_EDGE('',*,*,#13387,.F.);
#13844 = ORIENTED_EDGE('',*,*,#13838,.F.);
#13845 = CYLINDRICAL_SURFACE('',#13846,0.55);
#13846 = AXIS2_PLACEMENT_3D('',#13847,#13848,#13849);
#13847 = CARTESIAN_POINT('',(146.75,-107.75,-4.6E-02));
#13848 = DIRECTION('',(-0.,-0.,-1.));
#13849 = DIRECTION('',(-0.,-1.,0.));
#13850 = ADVANCED_FACE('',(#13851),#13862,.F.);
#13851 = FACE_BOUND('',#13852,.T.);
#13852 = EDGE_LOOP('',(#13853,#13854,#13860,#13861));
#13853 = ORIENTED_EDGE('',*,*,#12994,.T.);
#13854 = ORIENTED_EDGE('',*,*,#13855,.T.);
#13855 = EDGE_CURVE('',#12995,#13399,#13856,.T.);
#13856 = LINE('',#13857,#13858);
#13857 = CARTESIAN_POINT('',(135.,-93.128,-4.6E-02));
#13858 = VECTOR('',#13859,1.);
#13859 = DIRECTION('',(0.,0.,1.));
#13860 = ORIENTED_EDGE('',*,*,#13398,.F.);
#13861 = ORIENTED_EDGE('',*,*,#13855,.F.);
#13862 = CYLINDRICAL_SURFACE('',#13863,0.508);
#13863 = AXIS2_PLACEMENT_3D('',#13864,#13865,#13866);
#13864 = CARTESIAN_POINT('',(135.,-92.62,-4.6E-02));
#13865 = DIRECTION('',(-0.,-0.,-1.));
#13866 = DIRECTION('',(-0.,-1.,0.));
#13867 = ADVANCED_FACE('',(#13868),#13879,.F.);
#13868 = FACE_BOUND('',#13869,.T.);
#13869 = EDGE_LOOP('',(#13870,#13871,#13877,#13878));
#13870 = ORIENTED_EDGE('',*,*,#13005,.T.);
#13871 = ORIENTED_EDGE('',*,*,#13872,.T.);
#13872 = EDGE_CURVE('',#13006,#13410,#13873,.T.);
#13873 = LINE('',#13874,#13875);
#13874 = CARTESIAN_POINT('',(137.54,-93.128,-4.6E-02));
#13875 = VECTOR('',#13876,1.);
#13876 = DIRECTION('',(0.,0.,1.));
#13877 = ORIENTED_EDGE('',*,*,#13409,.F.);
#13878 = ORIENTED_EDGE('',*,*,#13872,.F.);
#13879 = CYLINDRICAL_SURFACE('',#13880,0.508);
#13880 = AXIS2_PLACEMENT_3D('',#13881,#13882,#13883);
#13881 = CARTESIAN_POINT('',(137.54,-92.62,-4.6E-02));
#13882 = DIRECTION('',(-0.,-0.,-1.));
#13883 = DIRECTION('',(-5.594824691025E-14,-1.,0.));
#13884 = ADVANCED_FACE('',(#13885),#13896,.F.);
#13885 = FACE_BOUND('',#13886,.T.);
#13886 = EDGE_LOOP('',(#13887,#13888,#13894,#13895));
#13887 = ORIENTED_EDGE('',*,*,#13016,.T.);
#13888 = ORIENTED_EDGE('',*,*,#13889,.T.);
#13889 = EDGE_CURVE('',#13017,#13421,#13890,.T.);
#13890 = LINE('',#13891,#13892);
#13891 = CARTESIAN_POINT('',(140.08,-93.128,-4.6E-02));
#13892 = VECTOR('',#13893,1.);
#13893 = DIRECTION('',(0.,0.,1.));
#13894 = ORIENTED_EDGE('',*,*,#13420,.F.);
#13895 = ORIENTED_EDGE('',*,*,#13889,.F.);
#13896 = CYLINDRICAL_SURFACE('',#13897,0.508);
#13897 = AXIS2_PLACEMENT_3D('',#13898,#13899,#13900);
#13898 = CARTESIAN_POINT('',(140.08,-92.62,-4.6E-02));
#13899 = DIRECTION('',(-0.,0.,-1.));
#13900 = DIRECTION('',(5.594824691024E-14,-1.,-0.));
#13901 = ADVANCED_FACE('',(#13902),#13913,.F.);
#13902 = FACE_BOUND('',#13903,.T.);
#13903 = EDGE_LOOP('',(#13904,#13905,#13911,#13912));
#13904 = ORIENTED_EDGE('',*,*,#13027,.T.);
#13905 = ORIENTED_EDGE('',*,*,#13906,.T.);
#13906 = EDGE_CURVE('',#13028,#13432,#13907,.T.);
#13907 = LINE('',#13908,#13909);
#13908 = CARTESIAN_POINT('',(142.62,-93.128,-4.6E-02));
#13909 = VECTOR('',#13910,1.);
#13910 = DIRECTION('',(0.,0.,1.));
#13911 = ORIENTED_EDGE('',*,*,#13431,.F.);
#13912 = ORIENTED_EDGE('',*,*,#13906,.F.);
#13913 = CYLINDRICAL_SURFACE('',#13914,0.508);
#13914 = AXIS2_PLACEMENT_3D('',#13915,#13916,#13917);
#13915 = CARTESIAN_POINT('',(142.62,-92.62,-4.6E-02));
#13916 = DIRECTION('',(-0.,-0.,-1.));
#13917 = DIRECTION('',(-0.,-1.,0.));
#13918 = ADVANCED_FACE('',(#13919),#13930,.F.);
#13919 = FACE_BOUND('',#13920,.T.);
#13920 = EDGE_LOOP('',(#13921,#13922,#13928,#13929));
#13921 = ORIENTED_EDGE('',*,*,#13038,.T.);
#13922 = ORIENTED_EDGE('',*,*,#13923,.T.);
#13923 = EDGE_CURVE('',#13039,#13443,#13924,.T.);
#13924 = LINE('',#13925,#13926);
#13925 = CARTESIAN_POINT('',(145.16,-93.128,-4.6E-02));
#13926 = VECTOR('',#13927,1.);
#13927 = DIRECTION('',(0.,0.,1.));
#13928 = ORIENTED_EDGE('',*,*,#13442,.F.);
#13929 = ORIENTED_EDGE('',*,*,#13923,.F.);
#13930 = CYLINDRICAL_SURFACE('',#13931,0.508);
#13931 = AXIS2_PLACEMENT_3D('',#13932,#13933,#13934);
#13932 = CARTESIAN_POINT('',(145.16,-92.62,-4.6E-02));
#13933 = DIRECTION('',(-0.,-0.,-1.));
#13934 = DIRECTION('',(-0.,-1.,0.));
#13935 = ADVANCED_FACE('',(#13936),#13947,.F.);
#13936 = FACE_BOUND('',#13937,.T.);
#13937 = EDGE_LOOP('',(#13938,#13939,#13945,#13946));
#13938 = ORIENTED_EDGE('',*,*,#13049,.T.);
#13939 = ORIENTED_EDGE('',*,*,#13940,.T.);
#13940 = EDGE_CURVE('',#13050,#13454,#13941,.T.);
#13941 = LINE('',#13942,#13943);
#13942 = CARTESIAN_POINT('',(147.7,-93.128,-4.6E-02));
#13943 = VECTOR('',#13944,1.);
#13944 = DIRECTION('',(0.,0.,1.));
#13945 = ORIENTED_EDGE('',*,*,#13453,.F.);
#13946 = ORIENTED_EDGE('',*,*,#13940,.F.);
#13947 = CYLINDRICAL_SURFACE('',#13948,0.508);
#13948 = AXIS2_PLACEMENT_3D('',#13949,#13950,#13951);
#13949 = CARTESIAN_POINT('',(147.7,-92.62,-4.6E-02));
#13950 = DIRECTION('',(-0.,-0.,-1.));
#13951 = DIRECTION('',(-0.,-1.,0.));
#13952 = ADVANCED_FACE('',(#13953),#13964,.F.);
#13953 = FACE_BOUND('',#13954,.T.);
#13954 = EDGE_LOOP('',(#13955,#13956,#13962,#13963));
#13955 = ORIENTED_EDGE('',*,*,#13060,.T.);
#13956 = ORIENTED_EDGE('',*,*,#13957,.T.);
#13957 = EDGE_CURVE('',#13061,#13465,#13958,.T.);
#13958 = LINE('',#13959,#13960);
#13959 = CARTESIAN_POINT('',(150.04,-117.75,-4.6E-02));
#13960 = VECTOR('',#13961,1.);
#13961 = DIRECTION('',(0.,0.,1.));
#13962 = ORIENTED_EDGE('',*,*,#13464,.F.);
#13963 = ORIENTED_EDGE('',*,*,#13957,.F.);
#13964 = CYLINDRICAL_SURFACE('',#13965,0.5);
#13965 = AXIS2_PLACEMENT_3D('',#13966,#13967,#13968);
#13966 = CARTESIAN_POINT('',(150.04,-117.25,-4.6E-02));
#13967 = DIRECTION('',(-0.,-0.,-1.));
#13968 = DIRECTION('',(-0.,-1.,0.));
#13969 = ADVANCED_FACE('',(#13970),#13981,.F.);
#13970 = FACE_BOUND('',#13971,.T.);
#13971 = EDGE_LOOP('',(#13972,#13973,#13979,#13980));
#13972 = ORIENTED_EDGE('',*,*,#13071,.T.);
#13973 = ORIENTED_EDGE('',*,*,#13974,.T.);
#13974 = EDGE_CURVE('',#13072,#13476,#13975,.T.);
#13975 = LINE('',#13976,#13977);
#13976 = CARTESIAN_POINT('',(152.58,-117.75,-4.6E-02));
#13977 = VECTOR('',#13978,1.);
#13978 = DIRECTION('',(0.,0.,1.));
#13979 = ORIENTED_EDGE('',*,*,#13475,.F.);
#13980 = ORIENTED_EDGE('',*,*,#13974,.F.);
#13981 = CYLINDRICAL_SURFACE('',#13982,0.5);
#13982 = AXIS2_PLACEMENT_3D('',#13983,#13984,#13985);
#13983 = CARTESIAN_POINT('',(152.58,-117.25,-4.6E-02));
#13984 = DIRECTION('',(-0.,-0.,-1.));
#13985 = DIRECTION('',(-0.,-1.,0.));
#13986 = ADVANCED_FACE('',(#13987),#13998,.F.);
#13987 = FACE_BOUND('',#13988,.T.);
#13988 = EDGE_LOOP('',(#13989,#13990,#13996,#13997));
#13989 = ORIENTED_EDGE('',*,*,#13082,.T.);
#13990 = ORIENTED_EDGE('',*,*,#13991,.T.);
#13991 = EDGE_CURVE('',#13083,#13487,#13992,.T.);
#13992 = LINE('',#13993,#13994);
#13993 = CARTESIAN_POINT('',(153.25,-112.8,-4.6E-02));
#13994 = VECTOR('',#13995,1.);
#13995 = DIRECTION('',(0.,0.,1.));
#13996 = ORIENTED_EDGE('',*,*,#13486,.F.);
#13997 = ORIENTED_EDGE('',*,*,#13991,.F.);
#13998 = CYLINDRICAL_SURFACE('',#13999,0.55);
#13999 = AXIS2_PLACEMENT_3D('',#14000,#14001,#14002);
#14000 = CARTESIAN_POINT('',(153.25,-112.25,-4.6E-02));
#14001 = DIRECTION('',(-0.,-0.,-1.));
#14002 = DIRECTION('',(-0.,-1.,0.));
#14003 = ADVANCED_FACE('',(#14004),#14015,.F.);
#14004 = FACE_BOUND('',#14005,.T.);
#14005 = EDGE_LOOP('',(#14006,#14007,#14013,#14014));
#14006 = ORIENTED_EDGE('',*,*,#13093,.T.);
#14007 = ORIENTED_EDGE('',*,*,#14008,.T.);
#14008 = EDGE_CURVE('',#13094,#13498,#14009,.T.);
#14009 = LINE('',#14010,#14011);
#14010 = CARTESIAN_POINT('',(153.25,-108.3,-4.6E-02));
#14011 = VECTOR('',#14012,1.);
#14012 = DIRECTION('',(0.,0.,1.));
#14013 = ORIENTED_EDGE('',*,*,#13497,.F.);
#14014 = ORIENTED_EDGE('',*,*,#14008,.F.);
#14015 = CYLINDRICAL_SURFACE('',#14016,0.55);
#14016 = AXIS2_PLACEMENT_3D('',#14017,#14018,#14019);
#14017 = CARTESIAN_POINT('',(153.25,-107.75,-4.6E-02));
#14018 = DIRECTION('',(-0.,-0.,-1.));
#14019 = DIRECTION('',(-0.,-1.,0.));
#14020 = ADVANCED_FACE('',(#14021),#14032,.F.);
#14021 = FACE_BOUND('',#14022,.T.);
#14022 = EDGE_LOOP('',(#14023,#14024,#14030,#14031));
#14023 = ORIENTED_EDGE('',*,*,#13104,.T.);
#14024 = ORIENTED_EDGE('',*,*,#14025,.T.);
#14025 = EDGE_CURVE('',#13105,#13509,#14026,.T.);
#14026 = LINE('',#14027,#14028);
#14027 = CARTESIAN_POINT('',(163.5,-117.35,-4.6E-02));
#14028 = VECTOR('',#14029,1.);
#14029 = DIRECTION('',(0.,0.,1.));
#14030 = ORIENTED_EDGE('',*,*,#13508,.F.);
#14031 = ORIENTED_EDGE('',*,*,#14025,.F.);
#14032 = CYLINDRICAL_SURFACE('',#14033,1.35);
#14033 = AXIS2_PLACEMENT_3D('',#14034,#14035,#14036);
#14034 = CARTESIAN_POINT('',(163.5,-116.,-4.6E-02));
#14035 = DIRECTION('',(-0.,-0.,-1.));
#14036 = DIRECTION('',(-0.,-1.,0.));
#14037 = ADVANCED_FACE('',(#14038),#14049,.F.);
#14038 = FACE_BOUND('',#14039,.T.);
#14039 = EDGE_LOOP('',(#14040,#14041,#14047,#14048));
#14040 = ORIENTED_EDGE('',*,*,#13115,.T.);
#14041 = ORIENTED_EDGE('',*,*,#14042,.T.);
#14042 = EDGE_CURVE('',#13116,#13520,#14043,.T.);
#14043 = LINE('',#14044,#14045);
#14044 = CARTESIAN_POINT('',(150.24,-93.128,-4.6E-02));
#14045 = VECTOR('',#14046,1.);
#14046 = DIRECTION('',(0.,0.,1.));
#14047 = ORIENTED_EDGE('',*,*,#13519,.F.);
#14048 = ORIENTED_EDGE('',*,*,#14042,.F.);
#14049 = CYLINDRICAL_SURFACE('',#14050,0.508);
#14050 = AXIS2_PLACEMENT_3D('',#14051,#14052,#14053);
#14051 = CARTESIAN_POINT('',(150.24,-92.62,-4.6E-02));
#14052 = DIRECTION('',(-0.,-0.,-1.));
#14053 = DIRECTION('',(-0.,-1.,0.));
#14054 = ADVANCED_FACE('',(#14055),#14066,.F.);
#14055 = FACE_BOUND('',#14056,.T.);
#14056 = EDGE_LOOP('',(#14057,#14058,#14064,#14065));
#14057 = ORIENTED_EDGE('',*,*,#13126,.T.);
#14058 = ORIENTED_EDGE('',*,*,#14059,.T.);
#14059 = EDGE_CURVE('',#13127,#13531,#14060,.T.);
#14060 = LINE('',#14061,#14062);
#14061 = CARTESIAN_POINT('',(165.,-98.,-4.6E-02));
#14062 = VECTOR('',#14063,1.);
#14063 = DIRECTION('',(0.,0.,1.));
#14064 = ORIENTED_EDGE('',*,*,#13530,.F.);
#14065 = ORIENTED_EDGE('',*,*,#14059,.F.);
#14066 = CYLINDRICAL_SURFACE('',#14067,0.5);
#14067 = AXIS2_PLACEMENT_3D('',#14068,#14069,#14070);
#14068 = CARTESIAN_POINT('',(165.,-97.5,-4.6E-02));
#14069 = DIRECTION('',(-0.,-0.,-1.));
#14070 = DIRECTION('',(-0.,-1.,0.));
#14071 = ADVANCED_FACE('',(#14072),#14083,.F.);
#14072 = FACE_BOUND('',#14073,.T.);
#14073 = EDGE_LOOP('',(#14074,#14075,#14081,#14082));
#14074 = ORIENTED_EDGE('',*,*,#13137,.T.);
#14075 = ORIENTED_EDGE('',*,*,#14076,.T.);
#14076 = EDGE_CURVE('',#13138,#13542,#14077,.T.);
#14077 = LINE('',#14078,#14079);
#14078 = CARTESIAN_POINT('',(165.,-95.46,-4.6E-02));
#14079 = VECTOR('',#14080,1.);
#14080 = DIRECTION('',(0.,0.,1.));
#14081 = ORIENTED_EDGE('',*,*,#13541,.F.);
#14082 = ORIENTED_EDGE('',*,*,#14076,.F.);
#14083 = CYLINDRICAL_SURFACE('',#14084,0.5);
#14084 = AXIS2_PLACEMENT_3D('',#14085,#14086,#14087);
#14085 = CARTESIAN_POINT('',(165.,-94.96,-4.6E-02));
#14086 = DIRECTION('',(-0.,-0.,-1.));
#14087 = DIRECTION('',(-0.,-1.,0.));
#14088 = ADVANCED_FACE('',(#14089),#14100,.F.);
#14089 = FACE_BOUND('',#14090,.T.);
#14090 = EDGE_LOOP('',(#14091,#14092,#14098,#14099));
#14091 = ORIENTED_EDGE('',*,*,#13148,.T.);
#14092 = ORIENTED_EDGE('',*,*,#14093,.T.);
#14093 = EDGE_CURVE('',#13149,#13553,#14094,.T.);
#14094 = LINE('',#14095,#14096);
#14095 = CARTESIAN_POINT('',(160.4,-88.048,-4.6E-02));
#14096 = VECTOR('',#14097,1.);
#14097 = DIRECTION('',(0.,0.,1.));
#14098 = ORIENTED_EDGE('',*,*,#13552,.F.);
#14099 = ORIENTED_EDGE('',*,*,#14093,.F.);
#14100 = CYLINDRICAL_SURFACE('',#14101,0.508);
#14101 = AXIS2_PLACEMENT_3D('',#14102,#14103,#14104);
#14102 = CARTESIAN_POINT('',(160.4,-87.54,-4.6E-02));
#14103 = DIRECTION('',(-0.,0.,-1.));
#14104 = DIRECTION('',(5.594824691024E-14,-1.,-0.));
#14105 = ADVANCED_FACE('',(#14106),#14117,.F.);
#14106 = FACE_BOUND('',#14107,.T.);
#14107 = EDGE_LOOP('',(#14108,#14109,#14115,#14116));
#14108 = ORIENTED_EDGE('',*,*,#13159,.T.);
#14109 = ORIENTED_EDGE('',*,*,#14110,.T.);
#14110 = EDGE_CURVE('',#13160,#13564,#14111,.T.);
#14111 = LINE('',#14112,#14113);
#14112 = CARTESIAN_POINT('',(135.,-77.888,-4.6E-02));
#14113 = VECTOR('',#14114,1.);
#14114 = DIRECTION('',(0.,0.,1.));
#14115 = ORIENTED_EDGE('',*,*,#13563,.F.);
#14116 = ORIENTED_EDGE('',*,*,#14110,.F.);
#14117 = CYLINDRICAL_SURFACE('',#14118,0.508);
#14118 = AXIS2_PLACEMENT_3D('',#14119,#14120,#14121);
#14119 = CARTESIAN_POINT('',(135.,-77.38,-4.6E-02));
#14120 = DIRECTION('',(-0.,-0.,-1.));
#14121 = DIRECTION('',(-0.,-1.,0.));
#14122 = ADVANCED_FACE('',(#14123),#14134,.F.);
#14123 = FACE_BOUND('',#14124,.T.);
#14124 = EDGE_LOOP('',(#14125,#14126,#14132,#14133));
#14125 = ORIENTED_EDGE('',*,*,#13170,.T.);
#14126 = ORIENTED_EDGE('',*,*,#14127,.T.);
#14127 = EDGE_CURVE('',#13171,#13575,#14128,.T.);
#14128 = LINE('',#14129,#14130);
#14129 = CARTESIAN_POINT('',(137.54,-77.888,-4.6E-02));
#14130 = VECTOR('',#14131,1.);
#14131 = DIRECTION('',(0.,0.,1.));
#14132 = ORIENTED_EDGE('',*,*,#13574,.F.);
#14133 = ORIENTED_EDGE('',*,*,#14127,.F.);
#14134 = CYLINDRICAL_SURFACE('',#14135,0.508);
#14135 = AXIS2_PLACEMENT_3D('',#14136,#14137,#14138);
#14136 = CARTESIAN_POINT('',(137.54,-77.38,-4.6E-02));
#14137 = DIRECTION('',(-0.,-0.,-1.));
#14138 = DIRECTION('',(-5.594824691025E-14,-1.,0.));
#14139 = ADVANCED_FACE('',(#14140),#14151,.F.);
#14140 = FACE_BOUND('',#14141,.T.);
#14141 = EDGE_LOOP('',(#14142,#14143,#14149,#14150));
#14142 = ORIENTED_EDGE('',*,*,#13181,.T.);
#14143 = ORIENTED_EDGE('',*,*,#14144,.T.);
#14144 = EDGE_CURVE('',#13182,#13586,#14145,.T.);
#14145 = LINE('',#14146,#14147);
#14146 = CARTESIAN_POINT('',(140.08,-77.888,-4.6E-02));
#14147 = VECTOR('',#14148,1.);
#14148 = DIRECTION('',(0.,0.,1.));
#14149 = ORIENTED_EDGE('',*,*,#13585,.F.);
#14150 = ORIENTED_EDGE('',*,*,#14144,.F.);
#14151 = CYLINDRICAL_SURFACE('',#14152,0.508);
#14152 = AXIS2_PLACEMENT_3D('',#14153,#14154,#14155);
#14153 = CARTESIAN_POINT('',(140.08,-77.38,-4.6E-02));
#14154 = DIRECTION('',(-0.,0.,-1.));
#14155 = DIRECTION('',(5.594824691024E-14,-1.,-0.));
#14156 = ADVANCED_FACE('',(#14157),#14168,.F.);
#14157 = FACE_BOUND('',#14158,.T.);
#14158 = EDGE_LOOP('',(#14159,#14160,#14166,#14167));
#14159 = ORIENTED_EDGE('',*,*,#13192,.T.);
#14160 = ORIENTED_EDGE('',*,*,#14161,.T.);
#14161 = EDGE_CURVE('',#13193,#13597,#14162,.T.);
#14162 = LINE('',#14163,#14164);
#14163 = CARTESIAN_POINT('',(142.62,-77.888,-4.6E-02));
#14164 = VECTOR('',#14165,1.);
#14165 = DIRECTION('',(0.,0.,1.));
#14166 = ORIENTED_EDGE('',*,*,#13596,.F.);
#14167 = ORIENTED_EDGE('',*,*,#14161,.F.);
#14168 = CYLINDRICAL_SURFACE('',#14169,0.508);
#14169 = AXIS2_PLACEMENT_3D('',#14170,#14171,#14172);
#14170 = CARTESIAN_POINT('',(142.62,-77.38,-4.6E-02));
#14171 = DIRECTION('',(-0.,-0.,-1.));
#14172 = DIRECTION('',(-0.,-1.,0.));
#14173 = ADVANCED_FACE('',(#14174),#14185,.F.);
#14174 = FACE_BOUND('',#14175,.T.);
#14175 = EDGE_LOOP('',(#14176,#14177,#14183,#14184));
#14176 = ORIENTED_EDGE('',*,*,#13203,.T.);
#14177 = ORIENTED_EDGE('',*,*,#14178,.T.);
#14178 = EDGE_CURVE('',#13204,#13608,#14179,.T.);
#14179 = LINE('',#14180,#14181);
#14180 = CARTESIAN_POINT('',(145.16,-77.888,-4.6E-02));
#14181 = VECTOR('',#14182,1.);
#14182 = DIRECTION('',(0.,0.,1.));
#14183 = ORIENTED_EDGE('',*,*,#13607,.F.);
#14184 = ORIENTED_EDGE('',*,*,#14178,.F.);
#14185 = CYLINDRICAL_SURFACE('',#14186,0.508);
#14186 = AXIS2_PLACEMENT_3D('',#14187,#14188,#14189);
#14187 = CARTESIAN_POINT('',(145.16,-77.38,-4.6E-02));
#14188 = DIRECTION('',(-0.,-0.,-1.));
#14189 = DIRECTION('',(-0.,-1.,0.));
#14190 = ADVANCED_FACE('',(#14191),#14202,.F.);
#14191 = FACE_BOUND('',#14192,.T.);
#14192 = EDGE_LOOP('',(#14193,#14194,#14200,#14201));
#14193 = ORIENTED_EDGE('',*,*,#13214,.T.);
#14194 = ORIENTED_EDGE('',*,*,#14195,.T.);
#14195 = EDGE_CURVE('',#13215,#13619,#14196,.T.);
#14196 = LINE('',#14197,#14198);
#14197 = CARTESIAN_POINT('',(147.7,-77.888,-4.6E-02));
#14198 = VECTOR('',#14199,1.);
#14199 = DIRECTION('',(0.,0.,1.));
#14200 = ORIENTED_EDGE('',*,*,#13618,.F.);
#14201 = ORIENTED_EDGE('',*,*,#14195,.F.);
#14202 = CYLINDRICAL_SURFACE('',#14203,0.508);
#14203 = AXIS2_PLACEMENT_3D('',#14204,#14205,#14206);
#14204 = CARTESIAN_POINT('',(147.7,-77.38,-4.6E-02));
#14205 = DIRECTION('',(-0.,-0.,-1.));
#14206 = DIRECTION('',(-0.,-1.,0.));
#14207 = ADVANCED_FACE('',(#14208),#14219,.F.);
#14208 = FACE_BOUND('',#14209,.T.);
#14209 = EDGE_LOOP('',(#14210,#14211,#14217,#14218));
#14210 = ORIENTED_EDGE('',*,*,#13225,.T.);
#14211 = ORIENTED_EDGE('',*,*,#14212,.T.);
#14212 = EDGE_CURVE('',#13226,#13630,#14213,.T.);
#14213 = LINE('',#14214,#14215);
#14214 = CARTESIAN_POINT('',(136.5,-60.35,-4.6E-02));
#14215 = VECTOR('',#14216,1.);
#14216 = DIRECTION('',(0.,0.,1.));
#14217 = ORIENTED_EDGE('',*,*,#13629,.F.);
#14218 = ORIENTED_EDGE('',*,*,#14212,.F.);
#14219 = CYLINDRICAL_SURFACE('',#14220,1.35);
#14220 = AXIS2_PLACEMENT_3D('',#14221,#14222,#14223);
#14221 = CARTESIAN_POINT('',(136.5,-59.,-4.6E-02));
#14222 = DIRECTION('',(-0.,-0.,-1.));
#14223 = DIRECTION('',(-0.,-1.,0.));
#14224 = ADVANCED_FACE('',(#14225),#14236,.F.);
#14225 = FACE_BOUND('',#14226,.T.);
#14226 = EDGE_LOOP('',(#14227,#14228,#14234,#14235));
#14227 = ORIENTED_EDGE('',*,*,#13236,.T.);
#14228 = ORIENTED_EDGE('',*,*,#14229,.T.);
#14229 = EDGE_CURVE('',#13237,#13641,#14230,.T.);
#14230 = LINE('',#14231,#14232);
#14231 = CARTESIAN_POINT('',(150.24,-77.888,-4.6E-02));
#14232 = VECTOR('',#14233,1.);
#14233 = DIRECTION('',(0.,0.,1.));
#14234 = ORIENTED_EDGE('',*,*,#13640,.F.);
#14235 = ORIENTED_EDGE('',*,*,#14229,.F.);
#14236 = CYLINDRICAL_SURFACE('',#14237,0.508);
#14237 = AXIS2_PLACEMENT_3D('',#14238,#14239,#14240);
#14238 = CARTESIAN_POINT('',(150.24,-77.38,-4.6E-02));
#14239 = DIRECTION('',(-0.,-0.,-1.));
#14240 = DIRECTION('',(-0.,-1.,0.));
#14241 = ADVANCED_FACE('',(#14242),#14253,.F.);
#14242 = FACE_BOUND('',#14243,.T.);
#14243 = EDGE_LOOP('',(#14244,#14245,#14251,#14252));
#14244 = ORIENTED_EDGE('',*,*,#13247,.T.);
#14245 = ORIENTED_EDGE('',*,*,#14246,.T.);
#14246 = EDGE_CURVE('',#13248,#13652,#14247,.T.);
#14247 = LINE('',#14248,#14249);
#14248 = CARTESIAN_POINT('',(160.4,-82.968,-4.6E-02));
#14249 = VECTOR('',#14250,1.);
#14250 = DIRECTION('',(0.,0.,1.));
#14251 = ORIENTED_EDGE('',*,*,#13651,.F.);
#14252 = ORIENTED_EDGE('',*,*,#14246,.F.);
#14253 = CYLINDRICAL_SURFACE('',#14254,0.508);
#14254 = AXIS2_PLACEMENT_3D('',#14255,#14256,#14257);
#14255 = CARTESIAN_POINT('',(160.4,-82.46,-4.6E-02));
#14256 = DIRECTION('',(-0.,0.,-1.));
#14257 = DIRECTION('',(5.594824691024E-14,-1.,-0.));
#14258 = ADVANCED_FACE('',(#14259),#14270,.F.);
#14259 = FACE_BOUND('',#14260,.T.);
#14260 = EDGE_LOOP('',(#14261,#14262,#14268,#14269));
#14261 = ORIENTED_EDGE('',*,*,#13258,.T.);
#14262 = ORIENTED_EDGE('',*,*,#14263,.T.);
#14263 = EDGE_CURVE('',#13259,#13663,#14264,.T.);
#14264 = LINE('',#14265,#14266);
#14265 = CARTESIAN_POINT('',(160.,-68.08,-4.6E-02));
#14266 = VECTOR('',#14267,1.);
#14267 = DIRECTION('',(0.,0.,1.));
#14268 = ORIENTED_EDGE('',*,*,#13662,.F.);
#14269 = ORIENTED_EDGE('',*,*,#14263,.F.);
#14270 = CYLINDRICAL_SURFACE('',#14271,0.5);
#14271 = AXIS2_PLACEMENT_3D('',#14272,#14273,#14274);
#14272 = CARTESIAN_POINT('',(160.,-67.58,-4.6E-02));
#14273 = DIRECTION('',(-0.,-0.,-1.));
#14274 = DIRECTION('',(-0.,-1.,0.));
#14275 = ADVANCED_FACE('',(#14276),#14287,.F.);
#14276 = FACE_BOUND('',#14277,.T.);
#14277 = EDGE_LOOP('',(#14278,#14279,#14285,#14286));
#14278 = ORIENTED_EDGE('',*,*,#13269,.T.);
#14279 = ORIENTED_EDGE('',*,*,#14280,.T.);
#14280 = EDGE_CURVE('',#13270,#13674,#14281,.T.);
#14281 = LINE('',#14282,#14283);
#14282 = CARTESIAN_POINT('',(160.,-65.54,-4.6E-02));
#14283 = VECTOR('',#14284,1.);
#14284 = DIRECTION('',(0.,0.,1.));
#14285 = ORIENTED_EDGE('',*,*,#13673,.F.);
#14286 = ORIENTED_EDGE('',*,*,#14280,.F.);
#14287 = CYLINDRICAL_SURFACE('',#14288,0.5);
#14288 = AXIS2_PLACEMENT_3D('',#14289,#14290,#14291);
#14289 = CARTESIAN_POINT('',(160.,-65.04,-4.6E-02));
#14290 = DIRECTION('',(-0.,-0.,-1.));
#14291 = DIRECTION('',(-0.,-1.,0.));
#14292 = ADVANCED_FACE('',(#14293),#14304,.F.);
#14293 = FACE_BOUND('',#14294,.T.);
#14294 = EDGE_LOOP('',(#14295,#14296,#14302,#14303));
#14295 = ORIENTED_EDGE('',*,*,#13280,.T.);
#14296 = ORIENTED_EDGE('',*,*,#14297,.T.);
#14297 = EDGE_CURVE('',#13281,#13685,#14298,.T.);
#14298 = LINE('',#14299,#14300);
#14299 = CARTESIAN_POINT('',(160.,-63.,-4.6E-02));
#14300 = VECTOR('',#14301,1.);
#14301 = DIRECTION('',(0.,0.,1.));
#14302 = ORIENTED_EDGE('',*,*,#13684,.F.);
#14303 = ORIENTED_EDGE('',*,*,#14297,.F.);
#14304 = CYLINDRICAL_SURFACE('',#14305,0.5);
#14305 = AXIS2_PLACEMENT_3D('',#14306,#14307,#14308);
#14306 = CARTESIAN_POINT('',(160.,-62.5,-4.6E-02));
#14307 = DIRECTION('',(-0.,-0.,-1.));
#14308 = DIRECTION('',(-0.,-1.,0.));
#14309 = ADVANCED_FACE('',(#14310),#14321,.F.);
#14310 = FACE_BOUND('',#14311,.T.);
#14311 = EDGE_LOOP('',(#14312,#14313,#14319,#14320));
#14312 = ORIENTED_EDGE('',*,*,#13291,.T.);
#14313 = ORIENTED_EDGE('',*,*,#14314,.T.);
#14314 = EDGE_CURVE('',#13292,#13696,#14315,.T.);
#14315 = LINE('',#14316,#14317);
#14316 = CARTESIAN_POINT('',(160.,-60.46,-4.6E-02));
#14317 = VECTOR('',#14318,1.);
#14318 = DIRECTION('',(0.,0.,1.));
#14319 = ORIENTED_EDGE('',*,*,#13695,.F.);
#14320 = ORIENTED_EDGE('',*,*,#14314,.F.);
#14321 = CYLINDRICAL_SURFACE('',#14322,0.5);
#14322 = AXIS2_PLACEMENT_3D('',#14323,#14324,#14325);
#14323 = CARTESIAN_POINT('',(160.,-59.96,-4.6E-02));
#14324 = DIRECTION('',(-0.,-0.,-1.));
#14325 = DIRECTION('',(-0.,-1.,0.));
#14326 = ADVANCED_FACE('',(#14327),#14338,.F.);
#14327 = FACE_BOUND('',#14328,.T.);
#14328 = EDGE_LOOP('',(#14329,#14330,#14336,#14337));
#14329 = ORIENTED_EDGE('',*,*,#13302,.T.);
#14330 = ORIENTED_EDGE('',*,*,#14331,.T.);
#14331 = EDGE_CURVE('',#13303,#13707,#14332,.T.);
#14332 = LINE('',#14333,#14334);
#14333 = CARTESIAN_POINT('',(160.,-57.92,-4.6E-02));
#14334 = VECTOR('',#14335,1.);
#14335 = DIRECTION('',(0.,0.,1.));
#14336 = ORIENTED_EDGE('',*,*,#13706,.F.);
#14337 = ORIENTED_EDGE('',*,*,#14331,.F.);
#14338 = CYLINDRICAL_SURFACE('',#14339,0.5);
#14339 = AXIS2_PLACEMENT_3D('',#14340,#14341,#14342);
#14340 = CARTESIAN_POINT('',(160.,-57.42,-4.6E-02));
#14341 = DIRECTION('',(-0.,-0.,-1.));
#14342 = DIRECTION('',(-0.,-1.,0.));
#14343 = ( GEOMETRIC_REPRESENTATION_CONTEXT(3) 
GLOBAL_UNCERTAINTY_ASSIGNED_CONTEXT((#14347)) 
GLOBAL_UNIT_ASSIGNED_CONTEXT((#14344,#14345,#14346)) 
REPRESENTATION_CONTEXT('Context #1',
  '3D Context with UNIT and UNCERTAINTY') );
#14344 = ( LENGTH_UNIT() NAMED_UNIT(*) SI_UNIT(.MILLI.,.METRE.) );
#14345 = ( NAMED_UNIT(*) PLANE_ANGLE_UNIT() SI_UNIT($,.RADIAN.) );
#14346 = ( NAMED_UNIT(*) SI_UNIT($,.STERADIAN.) SOLID_ANGLE_UNIT() );
#14347 = UNCERTAINTY_MEASURE_WITH_UNIT(LENGTH_MEASURE(1.E-07),#14344,
  'distance_accuracy_value','confusion accuracy');
#14348 = CONTEXT_DEPENDENT_SHAPE_REPRESENTATION(#14349,#14351);
#14349 = ( REPRESENTATION_RELATIONSHIP('','',#12804,#10) 
REPRESENTATION_RELATIONSHIP_WITH_TRANSFORMATION(#14350) 
SHAPE_REPRESENTATION_RELATIONSHIP() );
#14350 = ITEM_DEFINED_TRANSFORMATION('','',#11,#55);
#14351 = PRODUCT_DEFINITION_SHAPE('Placement','Placement of an item',
  #14352);
#14352 = NEXT_ASSEMBLY_USAGE_OCCURRENCE('11','=>[0:1:1:8]','',#5,#12799,
  $);
#14353 = PRODUCT_RELATED_PRODUCT_CATEGORY('part',$,(#12801));
#14354 = MECHANICAL_DESIGN_GEOMETRIC_PRESENTATION_REPRESENTATION('',(
    #14355,#14363,#14370,#14377,#14384,#14391,#14398,#14405,#14412,
    #14419,#14426,#14433,#14440,#14447,#14454,#14461,#14468,#14476,
    #14483,#14490,#14497,#14504,#14511,#14518,#14525,#14532,#14539,
    #14546,#14553,#14560,#14567,#14574,#14581,#14588,#14595,#14602,
    #14609,#14616,#14623,#14630,#14637,#14644,#14651,#14658,#14665,
    #14672,#14679,#14686,#14693,#14700,#14707,#14714),#5856);
#14355 = STYLED_ITEM('color',(#14356),#4426);
#14356 = PRESENTATION_STYLE_ASSIGNMENT((#14357));
#14357 = SURFACE_STYLE_USAGE(.BOTH.,#14358);
#14358 = SURFACE_SIDE_STYLE('',(#14359));
#14359 = SURFACE_STYLE_FILL_AREA(#14360);
#14360 = FILL_AREA_STYLE('',(#14361));
#14361 = FILL_AREA_STYLE_COLOUR('',#14362);
#14362 = COLOUR_RGB('',0.147999998088,0.144999993226,0.144999993226);
#14363 = STYLED_ITEM('color',(#14364),#4466);
#14364 = PRESENTATION_STYLE_ASSIGNMENT((#14365));
#14365 = SURFACE_STYLE_USAGE(.BOTH.,#14366);
#14366 = SURFACE_SIDE_STYLE('',(#14367));
#14367 = SURFACE_STYLE_FILL_AREA(#14368);
#14368 = FILL_AREA_STYLE('',(#14369));
#14369 = FILL_AREA_STYLE_COLOUR('',#14362);
#14370 = STYLED_ITEM('color',(#14371),#4497);
#14371 = PRESENTATION_STYLE_ASSIGNMENT((#14372));
#14372 = SURFACE_STYLE_USAGE(.BOTH.,#14373);
#14373 = SURFACE_SIDE_STYLE('',(#14374));
#14374 = SURFACE_STYLE_FILL_AREA(#14375);
#14375 = FILL_AREA_STYLE('',(#14376));
#14376 = FILL_AREA_STYLE_COLOUR('',#14362);
#14377 = STYLED_ITEM('color',(#14378),#4528);
#14378 = PRESENTATION_STYLE_ASSIGNMENT((#14379));
#14379 = SURFACE_STYLE_USAGE(.BOTH.,#14380);
#14380 = SURFACE_SIDE_STYLE('',(#14381));
#14381 = SURFACE_STYLE_FILL_AREA(#14382);
#14382 = FILL_AREA_STYLE('',(#14383));
#14383 = FILL_AREA_STYLE_COLOUR('',#14362);
#14384 = STYLED_ITEM('color',(#14385),#4693);
#14385 = PRESENTATION_STYLE_ASSIGNMENT((#14386));
#14386 = SURFACE_STYLE_USAGE(.BOTH.,#14387);
#14387 = SURFACE_SIDE_STYLE('',(#14388));
#14388 = SURFACE_STYLE_FILL_AREA(#14389);
#14389 = FILL_AREA_STYLE('',(#14390));
#14390 = FILL_AREA_STYLE_COLOUR('',#14362);
#14391 = STYLED_ITEM('color',(#14392),#4858);
#14392 = PRESENTATION_STYLE_ASSIGNMENT((#14393));
#14393 = SURFACE_STYLE_USAGE(.BOTH.,#14394);
#14394 = SURFACE_SIDE_STYLE('',(#14395));
#14395 = SURFACE_STYLE_FILL_AREA(#14396);
#14396 = FILL_AREA_STYLE('',(#14397));
#14397 = FILL_AREA_STYLE_COLOUR('',#14362);
#14398 = STYLED_ITEM('color',(#14399),#4875);
#14399 = PRESENTATION_STYLE_ASSIGNMENT((#14400));
#14400 = SURFACE_STYLE_USAGE(.BOTH.,#14401);
#14401 = SURFACE_SIDE_STYLE('',(#14402));
#14402 = SURFACE_STYLE_FILL_AREA(#14403);
#14403 = FILL_AREA_STYLE('',(#14404));
#14404 = FILL_AREA_STYLE_COLOUR('',#14362);
#14405 = STYLED_ITEM('color',(#14406),#4892);
#14406 = PRESENTATION_STYLE_ASSIGNMENT((#14407));
#14407 = SURFACE_STYLE_USAGE(.BOTH.,#14408);
#14408 = SURFACE_SIDE_STYLE('',(#14409));
#14409 = SURFACE_STYLE_FILL_AREA(#14410);
#14410 = FILL_AREA_STYLE('',(#14411));
#14411 = FILL_AREA_STYLE_COLOUR('',#14362);
#14412 = STYLED_ITEM('color',(#14413),#4909);
#14413 = PRESENTATION_STYLE_ASSIGNMENT((#14414));
#14414 = SURFACE_STYLE_USAGE(.BOTH.,#14415);
#14415 = SURFACE_SIDE_STYLE('',(#14416));
#14416 = SURFACE_STYLE_FILL_AREA(#14417);
#14417 = FILL_AREA_STYLE('',(#14418));
#14418 = FILL_AREA_STYLE_COLOUR('',#14362);
#14419 = STYLED_ITEM('color',(#14420),#4926);
#14420 = PRESENTATION_STYLE_ASSIGNMENT((#14421));
#14421 = SURFACE_STYLE_USAGE(.BOTH.,#14422);
#14422 = SURFACE_SIDE_STYLE('',(#14423));
#14423 = SURFACE_STYLE_FILL_AREA(#14424);
#14424 = FILL_AREA_STYLE('',(#14425));
#14425 = FILL_AREA_STYLE_COLOUR('',#14362);
#14426 = STYLED_ITEM('color',(#14427),#4943);
#14427 = PRESENTATION_STYLE_ASSIGNMENT((#14428));
#14428 = SURFACE_STYLE_USAGE(.BOTH.,#14429);
#14429 = SURFACE_SIDE_STYLE('',(#14430));
#14430 = SURFACE_STYLE_FILL_AREA(#14431);
#14431 = FILL_AREA_STYLE('',(#14432));
#14432 = FILL_AREA_STYLE_COLOUR('',#14362);
#14433 = STYLED_ITEM('color',(#14434),#4960);
#14434 = PRESENTATION_STYLE_ASSIGNMENT((#14435));
#14435 = SURFACE_STYLE_USAGE(.BOTH.,#14436);
#14436 = SURFACE_SIDE_STYLE('',(#14437));
#14437 = SURFACE_STYLE_FILL_AREA(#14438);
#14438 = FILL_AREA_STYLE('',(#14439));
#14439 = FILL_AREA_STYLE_COLOUR('',#14362);
#14440 = STYLED_ITEM('color',(#14441),#4977);
#14441 = PRESENTATION_STYLE_ASSIGNMENT((#14442));
#14442 = SURFACE_STYLE_USAGE(.BOTH.,#14443);
#14443 = SURFACE_SIDE_STYLE('',(#14444));
#14444 = SURFACE_STYLE_FILL_AREA(#14445);
#14445 = FILL_AREA_STYLE('',(#14446));
#14446 = FILL_AREA_STYLE_COLOUR('',#14362);
#14447 = STYLED_ITEM('color',(#14448),#4994);
#14448 = PRESENTATION_STYLE_ASSIGNMENT((#14449));
#14449 = SURFACE_STYLE_USAGE(.BOTH.,#14450);
#14450 = SURFACE_SIDE_STYLE('',(#14451));
#14451 = SURFACE_STYLE_FILL_AREA(#14452);
#14452 = FILL_AREA_STYLE('',(#14453));
#14453 = FILL_AREA_STYLE_COLOUR('',#14362);
#14454 = STYLED_ITEM('color',(#14455),#5011);
#14455 = PRESENTATION_STYLE_ASSIGNMENT((#14456));
#14456 = SURFACE_STYLE_USAGE(.BOTH.,#14457);
#14457 = SURFACE_SIDE_STYLE('',(#14458));
#14458 = SURFACE_STYLE_FILL_AREA(#14459);
#14459 = FILL_AREA_STYLE('',(#14460));
#14460 = FILL_AREA_STYLE_COLOUR('',#14362);
#14461 = STYLED_ITEM('color',(#14462),#5028);
#14462 = PRESENTATION_STYLE_ASSIGNMENT((#14463));
#14463 = SURFACE_STYLE_USAGE(.BOTH.,#14464);
#14464 = SURFACE_SIDE_STYLE('',(#14465));
#14465 = SURFACE_STYLE_FILL_AREA(#14466);
#14466 = FILL_AREA_STYLE('',(#14467));
#14467 = FILL_AREA_STYLE_COLOUR('',#14362);
#14468 = STYLED_ITEM('color',(#14469),#5040);
#14469 = PRESENTATION_STYLE_ASSIGNMENT((#14470));
#14470 = SURFACE_STYLE_USAGE(.BOTH.,#14471);
#14471 = SURFACE_SIDE_STYLE('',(#14472));
#14472 = SURFACE_STYLE_FILL_AREA(#14473);
#14473 = FILL_AREA_STYLE('',(#14474));
#14474 = FILL_AREA_STYLE_COLOUR('',#14475);
#14475 = COLOUR_RGB('',0.859000020776,0.737999965183,0.495999988746);
#14476 = STYLED_ITEM('color',(#14477),#5071);
#14477 = PRESENTATION_STYLE_ASSIGNMENT((#14478));
#14478 = SURFACE_STYLE_USAGE(.BOTH.,#14479);
#14479 = SURFACE_SIDE_STYLE('',(#14480));
#14480 = SURFACE_STYLE_FILL_AREA(#14481);
#14481 = FILL_AREA_STYLE('',(#14482));
#14482 = FILL_AREA_STYLE_COLOUR('',#14475);
#14483 = STYLED_ITEM('color',(#14484),#5095);
#14484 = PRESENTATION_STYLE_ASSIGNMENT((#14485));
#14485 = SURFACE_STYLE_USAGE(.BOTH.,#14486);
#14486 = SURFACE_SIDE_STYLE('',(#14487));
#14487 = SURFACE_STYLE_FILL_AREA(#14488);
#14488 = FILL_AREA_STYLE('',(#14489));
#14489 = FILL_AREA_STYLE_COLOUR('',#14475);
#14490 = STYLED_ITEM('color',(#14491),#5119);
#14491 = PRESENTATION_STYLE_ASSIGNMENT((#14492));
#14492 = SURFACE_STYLE_USAGE(.BOTH.,#14493);
#14493 = SURFACE_SIDE_STYLE('',(#14494));
#14494 = SURFACE_STYLE_FILL_AREA(#14495);
#14495 = FILL_AREA_STYLE('',(#14496));
#14496 = FILL_AREA_STYLE_COLOUR('',#14475);
#14497 = STYLED_ITEM('color',(#14498),#5136);
#14498 = PRESENTATION_STYLE_ASSIGNMENT((#14499));
#14499 = SURFACE_STYLE_USAGE(.BOTH.,#14500);
#14500 = SURFACE_SIDE_STYLE('',(#14501));
#14501 = SURFACE_STYLE_FILL_AREA(#14502);
#14502 = FILL_AREA_STYLE('',(#14503));
#14503 = FILL_AREA_STYLE_COLOUR('',#14475);
#14504 = STYLED_ITEM('color',(#14505),#5167);
#14505 = PRESENTATION_STYLE_ASSIGNMENT((#14506));
#14506 = SURFACE_STYLE_USAGE(.BOTH.,#14507);
#14507 = SURFACE_SIDE_STYLE('',(#14508));
#14508 = SURFACE_STYLE_FILL_AREA(#14509);
#14509 = FILL_AREA_STYLE('',(#14510));
#14510 = FILL_AREA_STYLE_COLOUR('',#14475);
#14511 = STYLED_ITEM('color',(#14512),#5191);
#14512 = PRESENTATION_STYLE_ASSIGNMENT((#14513));
#14513 = SURFACE_STYLE_USAGE(.BOTH.,#14514);
#14514 = SURFACE_SIDE_STYLE('',(#14515));
#14515 = SURFACE_STYLE_FILL_AREA(#14516);
#14516 = FILL_AREA_STYLE('',(#14517));
#14517 = FILL_AREA_STYLE_COLOUR('',#14475);
#14518 = STYLED_ITEM('color',(#14519),#5215);
#14519 = PRESENTATION_STYLE_ASSIGNMENT((#14520));
#14520 = SURFACE_STYLE_USAGE(.BOTH.,#14521);
#14521 = SURFACE_SIDE_STYLE('',(#14522));
#14522 = SURFACE_STYLE_FILL_AREA(#14523);
#14523 = FILL_AREA_STYLE('',(#14524));
#14524 = FILL_AREA_STYLE_COLOUR('',#14475);
#14525 = STYLED_ITEM('color',(#14526),#5232);
#14526 = PRESENTATION_STYLE_ASSIGNMENT((#14527));
#14527 = SURFACE_STYLE_USAGE(.BOTH.,#14528);
#14528 = SURFACE_SIDE_STYLE('',(#14529));
#14529 = SURFACE_STYLE_FILL_AREA(#14530);
#14530 = FILL_AREA_STYLE('',(#14531));
#14531 = FILL_AREA_STYLE_COLOUR('',#14475);
#14532 = STYLED_ITEM('color',(#14533),#5263);
#14533 = PRESENTATION_STYLE_ASSIGNMENT((#14534));
#14534 = SURFACE_STYLE_USAGE(.BOTH.,#14535);
#14535 = SURFACE_SIDE_STYLE('',(#14536));
#14536 = SURFACE_STYLE_FILL_AREA(#14537);
#14537 = FILL_AREA_STYLE('',(#14538));
#14538 = FILL_AREA_STYLE_COLOUR('',#14475);
#14539 = STYLED_ITEM('color',(#14540),#5287);
#14540 = PRESENTATION_STYLE_ASSIGNMENT((#14541));
#14541 = SURFACE_STYLE_USAGE(.BOTH.,#14542);
#14542 = SURFACE_SIDE_STYLE('',(#14543));
#14543 = SURFACE_STYLE_FILL_AREA(#14544);
#14544 = FILL_AREA_STYLE('',(#14545));
#14545 = FILL_AREA_STYLE_COLOUR('',#14475);
#14546 = STYLED_ITEM('color',(#14547),#5311);
#14547 = PRESENTATION_STYLE_ASSIGNMENT((#14548));
#14548 = SURFACE_STYLE_USAGE(.BOTH.,#14549);
#14549 = SURFACE_SIDE_STYLE('',(#14550));
#14550 = SURFACE_STYLE_FILL_AREA(#14551);
#14551 = FILL_AREA_STYLE('',(#14552));
#14552 = FILL_AREA_STYLE_COLOUR('',#14475);
#14553 = STYLED_ITEM('color',(#14554),#5328);
#14554 = PRESENTATION_STYLE_ASSIGNMENT((#14555));
#14555 = SURFACE_STYLE_USAGE(.BOTH.,#14556);
#14556 = SURFACE_SIDE_STYLE('',(#14557));
#14557 = SURFACE_STYLE_FILL_AREA(#14558);
#14558 = FILL_AREA_STYLE('',(#14559));
#14559 = FILL_AREA_STYLE_COLOUR('',#14475);
#14560 = STYLED_ITEM('color',(#14561),#5359);
#14561 = PRESENTATION_STYLE_ASSIGNMENT((#14562));
#14562 = SURFACE_STYLE_USAGE(.BOTH.,#14563);
#14563 = SURFACE_SIDE_STYLE('',(#14564));
#14564 = SURFACE_STYLE_FILL_AREA(#14565);
#14565 = FILL_AREA_STYLE('',(#14566));
#14566 = FILL_AREA_STYLE_COLOUR('',#14475);
#14567 = STYLED_ITEM('color',(#14568),#5383);
#14568 = PRESENTATION_STYLE_ASSIGNMENT((#14569));
#14569 = SURFACE_STYLE_USAGE(.BOTH.,#14570);
#14570 = SURFACE_SIDE_STYLE('',(#14571));
#14571 = SURFACE_STYLE_FILL_AREA(#14572);
#14572 = FILL_AREA_STYLE('',(#14573));
#14573 = FILL_AREA_STYLE_COLOUR('',#14475);
#14574 = STYLED_ITEM('color',(#14575),#5407);
#14575 = PRESENTATION_STYLE_ASSIGNMENT((#14576));
#14576 = SURFACE_STYLE_USAGE(.BOTH.,#14577);
#14577 = SURFACE_SIDE_STYLE('',(#14578));
#14578 = SURFACE_STYLE_FILL_AREA(#14579);
#14579 = FILL_AREA_STYLE('',(#14580));
#14580 = FILL_AREA_STYLE_COLOUR('',#14475);
#14581 = STYLED_ITEM('color',(#14582),#5424);
#14582 = PRESENTATION_STYLE_ASSIGNMENT((#14583));
#14583 = SURFACE_STYLE_USAGE(.BOTH.,#14584);
#14584 = SURFACE_SIDE_STYLE('',(#14585));
#14585 = SURFACE_STYLE_FILL_AREA(#14586);
#14586 = FILL_AREA_STYLE('',(#14587));
#14587 = FILL_AREA_STYLE_COLOUR('',#14475);
#14588 = STYLED_ITEM('color',(#14589),#5455);
#14589 = PRESENTATION_STYLE_ASSIGNMENT((#14590));
#14590 = SURFACE_STYLE_USAGE(.BOTH.,#14591);
#14591 = SURFACE_SIDE_STYLE('',(#14592));
#14592 = SURFACE_STYLE_FILL_AREA(#14593);
#14593 = FILL_AREA_STYLE('',(#14594));
#14594 = FILL_AREA_STYLE_COLOUR('',#14475);
#14595 = STYLED_ITEM('color',(#14596),#5479);
#14596 = PRESENTATION_STYLE_ASSIGNMENT((#14597));
#14597 = SURFACE_STYLE_USAGE(.BOTH.,#14598);
#14598 = SURFACE_SIDE_STYLE('',(#14599));
#14599 = SURFACE_STYLE_FILL_AREA(#14600);
#14600 = FILL_AREA_STYLE('',(#14601));
#14601 = FILL_AREA_STYLE_COLOUR('',#14475);
#14602 = STYLED_ITEM('color',(#14603),#5503);
#14603 = PRESENTATION_STYLE_ASSIGNMENT((#14604));
#14604 = SURFACE_STYLE_USAGE(.BOTH.,#14605);
#14605 = SURFACE_SIDE_STYLE('',(#14606));
#14606 = SURFACE_STYLE_FILL_AREA(#14607);
#14607 = FILL_AREA_STYLE('',(#14608));
#14608 = FILL_AREA_STYLE_COLOUR('',#14475);
#14609 = STYLED_ITEM('color',(#14610),#5520);
#14610 = PRESENTATION_STYLE_ASSIGNMENT((#14611));
#14611 = SURFACE_STYLE_USAGE(.BOTH.,#14612);
#14612 = SURFACE_SIDE_STYLE('',(#14613));
#14613 = SURFACE_STYLE_FILL_AREA(#14614);
#14614 = FILL_AREA_STYLE('',(#14615));
#14615 = FILL_AREA_STYLE_COLOUR('',#14475);
#14616 = STYLED_ITEM('color',(#14617),#5551);
#14617 = PRESENTATION_STYLE_ASSIGNMENT((#14618));
#14618 = SURFACE_STYLE_USAGE(.BOTH.,#14619);
#14619 = SURFACE_SIDE_STYLE('',(#14620));
#14620 = SURFACE_STYLE_FILL_AREA(#14621);
#14621 = FILL_AREA_STYLE('',(#14622));
#14622 = FILL_AREA_STYLE_COLOUR('',#14475);
#14623 = STYLED_ITEM('color',(#14624),#5575);
#14624 = PRESENTATION_STYLE_ASSIGNMENT((#14625));
#14625 = SURFACE_STYLE_USAGE(.BOTH.,#14626);
#14626 = SURFACE_SIDE_STYLE('',(#14627));
#14627 = SURFACE_STYLE_FILL_AREA(#14628);
#14628 = FILL_AREA_STYLE('',(#14629));
#14629 = FILL_AREA_STYLE_COLOUR('',#14475);
#14630 = STYLED_ITEM('color',(#14631),#5599);
#14631 = PRESENTATION_STYLE_ASSIGNMENT((#14632));
#14632 = SURFACE_STYLE_USAGE(.BOTH.,#14633);
#14633 = SURFACE_SIDE_STYLE('',(#14634));
#14634 = SURFACE_STYLE_FILL_AREA(#14635);
#14635 = FILL_AREA_STYLE('',(#14636));
#14636 = FILL_AREA_STYLE_COLOUR('',#14475);
#14637 = STYLED_ITEM('color',(#14638),#5616);
#14638 = PRESENTATION_STYLE_ASSIGNMENT((#14639));
#14639 = SURFACE_STYLE_USAGE(.BOTH.,#14640);
#14640 = SURFACE_SIDE_STYLE('',(#14641));
#14641 = SURFACE_STYLE_FILL_AREA(#14642);
#14642 = FILL_AREA_STYLE('',(#14643));
#14643 = FILL_AREA_STYLE_COLOUR('',#14475);
#14644 = STYLED_ITEM('color',(#14645),#5647);
#14645 = PRESENTATION_STYLE_ASSIGNMENT((#14646));
#14646 = SURFACE_STYLE_USAGE(.BOTH.,#14647);
#14647 = SURFACE_SIDE_STYLE('',(#14648));
#14648 = SURFACE_STYLE_FILL_AREA(#14649);
#14649 = FILL_AREA_STYLE('',(#14650));
#14650 = FILL_AREA_STYLE_COLOUR('',#14475);
#14651 = STYLED_ITEM('color',(#14652),#5671);
#14652 = PRESENTATION_STYLE_ASSIGNMENT((#14653));
#14653 = SURFACE_STYLE_USAGE(.BOTH.,#14654);
#14654 = SURFACE_SIDE_STYLE('',(#14655));
#14655 = SURFACE_STYLE_FILL_AREA(#14656);
#14656 = FILL_AREA_STYLE('',(#14657));
#14657 = FILL_AREA_STYLE_COLOUR('',#14475);
#14658 = STYLED_ITEM('color',(#14659),#5695);
#14659 = PRESENTATION_STYLE_ASSIGNMENT((#14660));
#14660 = SURFACE_STYLE_USAGE(.BOTH.,#14661);
#14661 = SURFACE_SIDE_STYLE('',(#14662));
#14662 = SURFACE_STYLE_FILL_AREA(#14663);
#14663 = FILL_AREA_STYLE('',(#14664));
#14664 = FILL_AREA_STYLE_COLOUR('',#14475);
#14665 = STYLED_ITEM('color',(#14666),#5712);
#14666 = PRESENTATION_STYLE_ASSIGNMENT((#14667));
#14667 = SURFACE_STYLE_USAGE(.BOTH.,#14668);
#14668 = SURFACE_SIDE_STYLE('',(#14669));
#14669 = SURFACE_STYLE_FILL_AREA(#14670);
#14670 = FILL_AREA_STYLE('',(#14671));
#14671 = FILL_AREA_STYLE_COLOUR('',#14475);
#14672 = STYLED_ITEM('color',(#14673),#5743);
#14673 = PRESENTATION_STYLE_ASSIGNMENT((#14674));
#14674 = SURFACE_STYLE_USAGE(.BOTH.,#14675);
#14675 = SURFACE_SIDE_STYLE('',(#14676));
#14676 = SURFACE_STYLE_FILL_AREA(#14677);
#14677 = FILL_AREA_STYLE('',(#14678));
#14678 = FILL_AREA_STYLE_COLOUR('',#14475);
#14679 = STYLED_ITEM('color',(#14680),#5767);
#14680 = PRESENTATION_STYLE_ASSIGNMENT((#14681));
#14681 = SURFACE_STYLE_USAGE(.BOTH.,#14682);
#14682 = SURFACE_SIDE_STYLE('',(#14683));
#14683 = SURFACE_STYLE_FILL_AREA(#14684);
#14684 = FILL_AREA_STYLE('',(#14685));
#14685 = FILL_AREA_STYLE_COLOUR('',#14475);
#14686 = STYLED_ITEM('color',(#14687),#5791);
#14687 = PRESENTATION_STYLE_ASSIGNMENT((#14688));
#14688 = SURFACE_STYLE_USAGE(.BOTH.,#14689);
#14689 = SURFACE_SIDE_STYLE('',(#14690));
#14690 = SURFACE_STYLE_FILL_AREA(#14691);
#14691 = FILL_AREA_STYLE('',(#14692));
#14692 = FILL_AREA_STYLE_COLOUR('',#14475);
#14693 = STYLED_ITEM('color',(#14694),#5808);
#14694 = PRESENTATION_STYLE_ASSIGNMENT((#14695));
#14695 = SURFACE_STYLE_USAGE(.BOTH.,#14696);
#14696 = SURFACE_SIDE_STYLE('',(#14697));
#14697 = SURFACE_STYLE_FILL_AREA(#14698);
#14698 = FILL_AREA_STYLE('',(#14699));
#14699 = FILL_AREA_STYLE_COLOUR('',#14475);
#14700 = STYLED_ITEM('color',(#14701),#5820);
#14701 = PRESENTATION_STYLE_ASSIGNMENT((#14702));
#14702 = SURFACE_STYLE_USAGE(.BOTH.,#14703);
#14703 = SURFACE_SIDE_STYLE('',(#14704));
#14704 = SURFACE_STYLE_FILL_AREA(#14705);
#14705 = FILL_AREA_STYLE('',(#14706));
#14706 = FILL_AREA_STYLE_COLOUR('',#14475);
#14707 = STYLED_ITEM('color',(#14708),#5832);
#14708 = PRESENTATION_STYLE_ASSIGNMENT((#14709));
#14709 = SURFACE_STYLE_USAGE(.BOTH.,#14710);
#14710 = SURFACE_SIDE_STYLE('',(#14711));
#14711 = SURFACE_STYLE_FILL_AREA(#14712);
#14712 = FILL_AREA_STYLE('',(#14713));
#14713 = FILL_AREA_STYLE_COLOUR('',#14475);
#14714 = STYLED_ITEM('color',(#14715),#5844);
#14715 = PRESENTATION_STYLE_ASSIGNMENT((#14716));
#14716 = SURFACE_STYLE_USAGE(.BOTH.,#14717);
#14717 = SURFACE_SIDE_STYLE('',(#14718));
#14718 = SURFACE_STYLE_FILL_AREA(#14719);
#14719 = FILL_AREA_STYLE('',(#14720));
#14720 = FILL_AREA_STYLE_COLOUR('',#14475);
#14721 = MECHANICAL_DESIGN_GEOMETRIC_PRESENTATION_REPRESENTATION('',(
    #14722,#14729,#14736,#14743,#14750,#14757,#14764,#14771,#14778,
    #14785,#14792,#14799,#14806,#14813,#14820,#14827,#14834,#14841,
    #14848,#14855,#14862,#14869,#14876,#14883,#14890,#14897,#14904,
    #14911,#14918,#14925,#14932,#14939,#14946,#14953,#14960,#14967,
    #14974,#14981,#14988,#14995,#15002,#15009,#15016,#15023,#15030,
    #15037,#15044,#15051,#15058,#15065,#15072,#15079,#15086,#15093,
    #15100,#15107,#15114,#15121,#15128,#15135,#15142,#15149,#15156,
    #15163,#15170,#15177,#15184,#15191,#15198,#15205,#15212,#15219,
    #15226,#15233,#15240,#15247),#11229);
#14722 = STYLED_ITEM('color',(#14723),#9125);
#14723 = PRESENTATION_STYLE_ASSIGNMENT((#14724));
#14724 = SURFACE_STYLE_USAGE(.BOTH.,#14725);
#14725 = SURFACE_SIDE_STYLE('',(#14726));
#14726 = SURFACE_STYLE_FILL_AREA(#14727);
#14727 = FILL_AREA_STYLE('',(#14728));
#14728 = FILL_AREA_STYLE_COLOUR('',#14362);
#14729 = STYLED_ITEM('color',(#14730),#9165);
#14730 = PRESENTATION_STYLE_ASSIGNMENT((#14731));
#14731 = SURFACE_STYLE_USAGE(.BOTH.,#14732);
#14732 = SURFACE_SIDE_STYLE('',(#14733));
#14733 = SURFACE_STYLE_FILL_AREA(#14734);
#14734 = FILL_AREA_STYLE('',(#14735));
#14735 = FILL_AREA_STYLE_COLOUR('',#14362);
#14736 = STYLED_ITEM('color',(#14737),#9196);
#14737 = PRESENTATION_STYLE_ASSIGNMENT((#14738));
#14738 = SURFACE_STYLE_USAGE(.BOTH.,#14739);
#14739 = SURFACE_SIDE_STYLE('',(#14740));
#14740 = SURFACE_STYLE_FILL_AREA(#14741);
#14741 = FILL_AREA_STYLE('',(#14742));
#14742 = FILL_AREA_STYLE_COLOUR('',#14362);
#14743 = STYLED_ITEM('color',(#14744),#9227);
#14744 = PRESENTATION_STYLE_ASSIGNMENT((#14745));
#14745 = SURFACE_STYLE_USAGE(.BOTH.,#14746);
#14746 = SURFACE_SIDE_STYLE('',(#14747));
#14747 = SURFACE_STYLE_FILL_AREA(#14748);
#14748 = FILL_AREA_STYLE('',(#14749));
#14749 = FILL_AREA_STYLE_COLOUR('',#14362);
#14750 = STYLED_ITEM('color',(#14751),#9474);
#14751 = PRESENTATION_STYLE_ASSIGNMENT((#14752));
#14752 = SURFACE_STYLE_USAGE(.BOTH.,#14753);
#14753 = SURFACE_SIDE_STYLE('',(#14754));
#14754 = SURFACE_STYLE_FILL_AREA(#14755);
#14755 = FILL_AREA_STYLE('',(#14756));
#14756 = FILL_AREA_STYLE_COLOUR('',#14362);
#14757 = STYLED_ITEM('color',(#14758),#9721);
#14758 = PRESENTATION_STYLE_ASSIGNMENT((#14759));
#14759 = SURFACE_STYLE_USAGE(.BOTH.,#14760);
#14760 = SURFACE_SIDE_STYLE('',(#14761));
#14761 = SURFACE_STYLE_FILL_AREA(#14762);
#14762 = FILL_AREA_STYLE('',(#14763));
#14763 = FILL_AREA_STYLE_COLOUR('',#14362);
#14764 = STYLED_ITEM('color',(#14765),#9738);
#14765 = PRESENTATION_STYLE_ASSIGNMENT((#14766));
#14766 = SURFACE_STYLE_USAGE(.BOTH.,#14767);
#14767 = SURFACE_SIDE_STYLE('',(#14768));
#14768 = SURFACE_STYLE_FILL_AREA(#14769);
#14769 = FILL_AREA_STYLE('',(#14770));
#14770 = FILL_AREA_STYLE_COLOUR('',#14362);
#14771 = STYLED_ITEM('color',(#14772),#9755);
#14772 = PRESENTATION_STYLE_ASSIGNMENT((#14773));
#14773 = SURFACE_STYLE_USAGE(.BOTH.,#14774);
#14774 = SURFACE_SIDE_STYLE('',(#14775));
#14775 = SURFACE_STYLE_FILL_AREA(#14776);
#14776 = FILL_AREA_STYLE('',(#14777));
#14777 = FILL_AREA_STYLE_COLOUR('',#14362);
#14778 = STYLED_ITEM('color',(#14779),#9772);
#14779 = PRESENTATION_STYLE_ASSIGNMENT((#14780));
#14780 = SURFACE_STYLE_USAGE(.BOTH.,#14781);
#14781 = SURFACE_SIDE_STYLE('',(#14782));
#14782 = SURFACE_STYLE_FILL_AREA(#14783);
#14783 = FILL_AREA_STYLE('',(#14784));
#14784 = FILL_AREA_STYLE_COLOUR('',#14362);
#14785 = STYLED_ITEM('color',(#14786),#9789);
#14786 = PRESENTATION_STYLE_ASSIGNMENT((#14787));
#14787 = SURFACE_STYLE_USAGE(.BOTH.,#14788);
#14788 = SURFACE_SIDE_STYLE('',(#14789));
#14789 = SURFACE_STYLE_FILL_AREA(#14790);
#14790 = FILL_AREA_STYLE('',(#14791));
#14791 = FILL_AREA_STYLE_COLOUR('',#14362);
#14792 = STYLED_ITEM('color',(#14793),#9806);
#14793 = PRESENTATION_STYLE_ASSIGNMENT((#14794));
#14794 = SURFACE_STYLE_USAGE(.BOTH.,#14795);
#14795 = SURFACE_SIDE_STYLE('',(#14796));
#14796 = SURFACE_STYLE_FILL_AREA(#14797);
#14797 = FILL_AREA_STYLE('',(#14798));
#14798 = FILL_AREA_STYLE_COLOUR('',#14362);
#14799 = STYLED_ITEM('color',(#14800),#9823);
#14800 = PRESENTATION_STYLE_ASSIGNMENT((#14801));
#14801 = SURFACE_STYLE_USAGE(.BOTH.,#14802);
#14802 = SURFACE_SIDE_STYLE('',(#14803));
#14803 = SURFACE_STYLE_FILL_AREA(#14804);
#14804 = FILL_AREA_STYLE('',(#14805));
#14805 = FILL_AREA_STYLE_COLOUR('',#14362);
#14806 = STYLED_ITEM('color',(#14807),#9840);
#14807 = PRESENTATION_STYLE_ASSIGNMENT((#14808));
#14808 = SURFACE_STYLE_USAGE(.BOTH.,#14809);
#14809 = SURFACE_SIDE_STYLE('',(#14810));
#14810 = SURFACE_STYLE_FILL_AREA(#14811);
#14811 = FILL_AREA_STYLE('',(#14812));
#14812 = FILL_AREA_STYLE_COLOUR('',#14362);
#14813 = STYLED_ITEM('color',(#14814),#9857);
#14814 = PRESENTATION_STYLE_ASSIGNMENT((#14815));
#14815 = SURFACE_STYLE_USAGE(.BOTH.,#14816);
#14816 = SURFACE_SIDE_STYLE('',(#14817));
#14817 = SURFACE_STYLE_FILL_AREA(#14818);
#14818 = FILL_AREA_STYLE('',(#14819));
#14819 = FILL_AREA_STYLE_COLOUR('',#14362);
#14820 = STYLED_ITEM('color',(#14821),#9874);
#14821 = PRESENTATION_STYLE_ASSIGNMENT((#14822));
#14822 = SURFACE_STYLE_USAGE(.BOTH.,#14823);
#14823 = SURFACE_SIDE_STYLE('',(#14824));
#14824 = SURFACE_STYLE_FILL_AREA(#14825);
#14825 = FILL_AREA_STYLE('',(#14826));
#14826 = FILL_AREA_STYLE_COLOUR('',#14362);
#14827 = STYLED_ITEM('color',(#14828),#9891);
#14828 = PRESENTATION_STYLE_ASSIGNMENT((#14829));
#14829 = SURFACE_STYLE_USAGE(.BOTH.,#14830);
#14830 = SURFACE_SIDE_STYLE('',(#14831));
#14831 = SURFACE_STYLE_FILL_AREA(#14832);
#14832 = FILL_AREA_STYLE('',(#14833));
#14833 = FILL_AREA_STYLE_COLOUR('',#14362);
#14834 = STYLED_ITEM('color',(#14835),#9908);
#14835 = PRESENTATION_STYLE_ASSIGNMENT((#14836));
#14836 = SURFACE_STYLE_USAGE(.BOTH.,#14837);
#14837 = SURFACE_SIDE_STYLE('',(#14838));
#14838 = SURFACE_STYLE_FILL_AREA(#14839);
#14839 = FILL_AREA_STYLE('',(#14840));
#14840 = FILL_AREA_STYLE_COLOUR('',#14362);
#14841 = STYLED_ITEM('color',(#14842),#9925);
#14842 = PRESENTATION_STYLE_ASSIGNMENT((#14843));
#14843 = SURFACE_STYLE_USAGE(.BOTH.,#14844);
#14844 = SURFACE_SIDE_STYLE('',(#14845));
#14845 = SURFACE_STYLE_FILL_AREA(#14846);
#14846 = FILL_AREA_STYLE('',(#14847));
#14847 = FILL_AREA_STYLE_COLOUR('',#14362);
#14848 = STYLED_ITEM('color',(#14849),#9942);
#14849 = PRESENTATION_STYLE_ASSIGNMENT((#14850));
#14850 = SURFACE_STYLE_USAGE(.BOTH.,#14851);
#14851 = SURFACE_SIDE_STYLE('',(#14852));
#14852 = SURFACE_STYLE_FILL_AREA(#14853);
#14853 = FILL_AREA_STYLE('',(#14854));
#14854 = FILL_AREA_STYLE_COLOUR('',#14362);
#14855 = STYLED_ITEM('color',(#14856),#9959);
#14856 = PRESENTATION_STYLE_ASSIGNMENT((#14857));
#14857 = SURFACE_STYLE_USAGE(.BOTH.,#14858);
#14858 = SURFACE_SIDE_STYLE('',(#14859));
#14859 = SURFACE_STYLE_FILL_AREA(#14860);
#14860 = FILL_AREA_STYLE('',(#14861));
#14861 = FILL_AREA_STYLE_COLOUR('',#14362);
#14862 = STYLED_ITEM('color',(#14863),#9976);
#14863 = PRESENTATION_STYLE_ASSIGNMENT((#14864));
#14864 = SURFACE_STYLE_USAGE(.BOTH.,#14865);
#14865 = SURFACE_SIDE_STYLE('',(#14866));
#14866 = SURFACE_STYLE_FILL_AREA(#14867);
#14867 = FILL_AREA_STYLE('',(#14868));
#14868 = FILL_AREA_STYLE_COLOUR('',#14362);
#14869 = STYLED_ITEM('color',(#14870),#9993);
#14870 = PRESENTATION_STYLE_ASSIGNMENT((#14871));
#14871 = SURFACE_STYLE_USAGE(.BOTH.,#14872);
#14872 = SURFACE_SIDE_STYLE('',(#14873));
#14873 = SURFACE_STYLE_FILL_AREA(#14874);
#14874 = FILL_AREA_STYLE('',(#14875));
#14875 = FILL_AREA_STYLE_COLOUR('',#14362);
#14876 = STYLED_ITEM('color',(#14877),#10005);
#14877 = PRESENTATION_STYLE_ASSIGNMENT((#14878));
#14878 = SURFACE_STYLE_USAGE(.BOTH.,#14879);
#14879 = SURFACE_SIDE_STYLE('',(#14880));
#14880 = SURFACE_STYLE_FILL_AREA(#14881);
#14881 = FILL_AREA_STYLE('',(#14882));
#14882 = FILL_AREA_STYLE_COLOUR('',#14475);
#14883 = STYLED_ITEM('color',(#14884),#10036);
#14884 = PRESENTATION_STYLE_ASSIGNMENT((#14885));
#14885 = SURFACE_STYLE_USAGE(.BOTH.,#14886);
#14886 = SURFACE_SIDE_STYLE('',(#14887));
#14887 = SURFACE_STYLE_FILL_AREA(#14888);
#14888 = FILL_AREA_STYLE('',(#14889));
#14889 = FILL_AREA_STYLE_COLOUR('',#14475);
#14890 = STYLED_ITEM('color',(#14891),#10060);
#14891 = PRESENTATION_STYLE_ASSIGNMENT((#14892));
#14892 = SURFACE_STYLE_USAGE(.BOTH.,#14893);
#14893 = SURFACE_SIDE_STYLE('',(#14894));
#14894 = SURFACE_STYLE_FILL_AREA(#14895);
#14895 = FILL_AREA_STYLE('',(#14896));
#14896 = FILL_AREA_STYLE_COLOUR('',#14475);
#14897 = STYLED_ITEM('color',(#14898),#10084);
#14898 = PRESENTATION_STYLE_ASSIGNMENT((#14899));
#14899 = SURFACE_STYLE_USAGE(.BOTH.,#14900);
#14900 = SURFACE_SIDE_STYLE('',(#14901));
#14901 = SURFACE_STYLE_FILL_AREA(#14902);
#14902 = FILL_AREA_STYLE('',(#14903));
#14903 = FILL_AREA_STYLE_COLOUR('',#14475);
#14904 = STYLED_ITEM('color',(#14905),#10101);
#14905 = PRESENTATION_STYLE_ASSIGNMENT((#14906));
#14906 = SURFACE_STYLE_USAGE(.BOTH.,#14907);
#14907 = SURFACE_SIDE_STYLE('',(#14908));
#14908 = SURFACE_STYLE_FILL_AREA(#14909);
#14909 = FILL_AREA_STYLE('',(#14910));
#14910 = FILL_AREA_STYLE_COLOUR('',#14475);
#14911 = STYLED_ITEM('color',(#14912),#10132);
#14912 = PRESENTATION_STYLE_ASSIGNMENT((#14913));
#14913 = SURFACE_STYLE_USAGE(.BOTH.,#14914);
#14914 = SURFACE_SIDE_STYLE('',(#14915));
#14915 = SURFACE_STYLE_FILL_AREA(#14916);
#14916 = FILL_AREA_STYLE('',(#14917));
#14917 = FILL_AREA_STYLE_COLOUR('',#14475);
#14918 = STYLED_ITEM('color',(#14919),#10156);
#14919 = PRESENTATION_STYLE_ASSIGNMENT((#14920));
#14920 = SURFACE_STYLE_USAGE(.BOTH.,#14921);
#14921 = SURFACE_SIDE_STYLE('',(#14922));
#14922 = SURFACE_STYLE_FILL_AREA(#14923);
#14923 = FILL_AREA_STYLE('',(#14924));
#14924 = FILL_AREA_STYLE_COLOUR('',#14475);
#14925 = STYLED_ITEM('color',(#14926),#10180);
#14926 = PRESENTATION_STYLE_ASSIGNMENT((#14927));
#14927 = SURFACE_STYLE_USAGE(.BOTH.,#14928);
#14928 = SURFACE_SIDE_STYLE('',(#14929));
#14929 = SURFACE_STYLE_FILL_AREA(#14930);
#14930 = FILL_AREA_STYLE('',(#14931));
#14931 = FILL_AREA_STYLE_COLOUR('',#14475);
#14932 = STYLED_ITEM('color',(#14933),#10197);
#14933 = PRESENTATION_STYLE_ASSIGNMENT((#14934));
#14934 = SURFACE_STYLE_USAGE(.BOTH.,#14935);
#14935 = SURFACE_SIDE_STYLE('',(#14936));
#14936 = SURFACE_STYLE_FILL_AREA(#14937);
#14937 = FILL_AREA_STYLE('',(#14938));
#14938 = FILL_AREA_STYLE_COLOUR('',#14475);
#14939 = STYLED_ITEM('color',(#14940),#10228);
#14940 = PRESENTATION_STYLE_ASSIGNMENT((#14941));
#14941 = SURFACE_STYLE_USAGE(.BOTH.,#14942);
#14942 = SURFACE_SIDE_STYLE('',(#14943));
#14943 = SURFACE_STYLE_FILL_AREA(#14944);
#14944 = FILL_AREA_STYLE('',(#14945));
#14945 = FILL_AREA_STYLE_COLOUR('',#14475);
#14946 = STYLED_ITEM('color',(#14947),#10252);
#14947 = PRESENTATION_STYLE_ASSIGNMENT((#14948));
#14948 = SURFACE_STYLE_USAGE(.BOTH.,#14949);
#14949 = SURFACE_SIDE_STYLE('',(#14950));
#14950 = SURFACE_STYLE_FILL_AREA(#14951);
#14951 = FILL_AREA_STYLE('',(#14952));
#14952 = FILL_AREA_STYLE_COLOUR('',#14475);
#14953 = STYLED_ITEM('color',(#14954),#10276);
#14954 = PRESENTATION_STYLE_ASSIGNMENT((#14955));
#14955 = SURFACE_STYLE_USAGE(.BOTH.,#14956);
#14956 = SURFACE_SIDE_STYLE('',(#14957));
#14957 = SURFACE_STYLE_FILL_AREA(#14958);
#14958 = FILL_AREA_STYLE('',(#14959));
#14959 = FILL_AREA_STYLE_COLOUR('',#14475);
#14960 = STYLED_ITEM('color',(#14961),#10293);
#14961 = PRESENTATION_STYLE_ASSIGNMENT((#14962));
#14962 = SURFACE_STYLE_USAGE(.BOTH.,#14963);
#14963 = SURFACE_SIDE_STYLE('',(#14964));
#14964 = SURFACE_STYLE_FILL_AREA(#14965);
#14965 = FILL_AREA_STYLE('',(#14966));
#14966 = FILL_AREA_STYLE_COLOUR('',#14475);
#14967 = STYLED_ITEM('color',(#14968),#10324);
#14968 = PRESENTATION_STYLE_ASSIGNMENT((#14969));
#14969 = SURFACE_STYLE_USAGE(.BOTH.,#14970);
#14970 = SURFACE_SIDE_STYLE('',(#14971));
#14971 = SURFACE_STYLE_FILL_AREA(#14972);
#14972 = FILL_AREA_STYLE('',(#14973));
#14973 = FILL_AREA_STYLE_COLOUR('',#14475);
#14974 = STYLED_ITEM('color',(#14975),#10348);
#14975 = PRESENTATION_STYLE_ASSIGNMENT((#14976));
#14976 = SURFACE_STYLE_USAGE(.BOTH.,#14977);
#14977 = SURFACE_SIDE_STYLE('',(#14978));
#14978 = SURFACE_STYLE_FILL_AREA(#14979);
#14979 = FILL_AREA_STYLE('',(#14980));
#14980 = FILL_AREA_STYLE_COLOUR('',#14475);
#14981 = STYLED_ITEM('color',(#14982),#10372);
#14982 = PRESENTATION_STYLE_ASSIGNMENT((#14983));
#14983 = SURFACE_STYLE_USAGE(.BOTH.,#14984);
#14984 = SURFACE_SIDE_STYLE('',(#14985));
#14985 = SURFACE_STYLE_FILL_AREA(#14986);
#14986 = FILL_AREA_STYLE('',(#14987));
#14987 = FILL_AREA_STYLE_COLOUR('',#14475);
#14988 = STYLED_ITEM('color',(#14989),#10389);
#14989 = PRESENTATION_STYLE_ASSIGNMENT((#14990));
#14990 = SURFACE_STYLE_USAGE(.BOTH.,#14991);
#14991 = SURFACE_SIDE_STYLE('',(#14992));
#14992 = SURFACE_STYLE_FILL_AREA(#14993);
#14993 = FILL_AREA_STYLE('',(#14994));
#14994 = FILL_AREA_STYLE_COLOUR('',#14475);
#14995 = STYLED_ITEM('color',(#14996),#10420);
#14996 = PRESENTATION_STYLE_ASSIGNMENT((#14997));
#14997 = SURFACE_STYLE_USAGE(.BOTH.,#14998);
#14998 = SURFACE_SIDE_STYLE('',(#14999));
#14999 = SURFACE_STYLE_FILL_AREA(#15000);
#15000 = FILL_AREA_STYLE('',(#15001));
#15001 = FILL_AREA_STYLE_COLOUR('',#14475);
#15002 = STYLED_ITEM('color',(#15003),#10444);
#15003 = PRESENTATION_STYLE_ASSIGNMENT((#15004));
#15004 = SURFACE_STYLE_USAGE(.BOTH.,#15005);
#15005 = SURFACE_SIDE_STYLE('',(#15006));
#15006 = SURFACE_STYLE_FILL_AREA(#15007);
#15007 = FILL_AREA_STYLE('',(#15008));
#15008 = FILL_AREA_STYLE_COLOUR('',#14475);
#15009 = STYLED_ITEM('color',(#15010),#10468);
#15010 = PRESENTATION_STYLE_ASSIGNMENT((#15011));
#15011 = SURFACE_STYLE_USAGE(.BOTH.,#15012);
#15012 = SURFACE_SIDE_STYLE('',(#15013));
#15013 = SURFACE_STYLE_FILL_AREA(#15014);
#15014 = FILL_AREA_STYLE('',(#15015));
#15015 = FILL_AREA_STYLE_COLOUR('',#14475);
#15016 = STYLED_ITEM('color',(#15017),#10485);
#15017 = PRESENTATION_STYLE_ASSIGNMENT((#15018));
#15018 = SURFACE_STYLE_USAGE(.BOTH.,#15019);
#15019 = SURFACE_SIDE_STYLE('',(#15020));
#15020 = SURFACE_STYLE_FILL_AREA(#15021);
#15021 = FILL_AREA_STYLE('',(#15022));
#15022 = FILL_AREA_STYLE_COLOUR('',#14475);
#15023 = STYLED_ITEM('color',(#15024),#10516);
#15024 = PRESENTATION_STYLE_ASSIGNMENT((#15025));
#15025 = SURFACE_STYLE_USAGE(.BOTH.,#15026);
#15026 = SURFACE_SIDE_STYLE('',(#15027));
#15027 = SURFACE_STYLE_FILL_AREA(#15028);
#15028 = FILL_AREA_STYLE('',(#15029));
#15029 = FILL_AREA_STYLE_COLOUR('',#14475);
#15030 = STYLED_ITEM('color',(#15031),#10540);
#15031 = PRESENTATION_STYLE_ASSIGNMENT((#15032));
#15032 = SURFACE_STYLE_USAGE(.BOTH.,#15033);
#15033 = SURFACE_SIDE_STYLE('',(#15034));
#15034 = SURFACE_STYLE_FILL_AREA(#15035);
#15035 = FILL_AREA_STYLE('',(#15036));
#15036 = FILL_AREA_STYLE_COLOUR('',#14475);
#15037 = STYLED_ITEM('color',(#15038),#10564);
#15038 = PRESENTATION_STYLE_ASSIGNMENT((#15039));
#15039 = SURFACE_STYLE_USAGE(.BOTH.,#15040);
#15040 = SURFACE_SIDE_STYLE('',(#15041));
#15041 = SURFACE_STYLE_FILL_AREA(#15042);
#15042 = FILL_AREA_STYLE('',(#15043));
#15043 = FILL_AREA_STYLE_COLOUR('',#14475);
#15044 = STYLED_ITEM('color',(#15045),#10581);
#15045 = PRESENTATION_STYLE_ASSIGNMENT((#15046));
#15046 = SURFACE_STYLE_USAGE(.BOTH.,#15047);
#15047 = SURFACE_SIDE_STYLE('',(#15048));
#15048 = SURFACE_STYLE_FILL_AREA(#15049);
#15049 = FILL_AREA_STYLE('',(#15050));
#15050 = FILL_AREA_STYLE_COLOUR('',#14475);
#15051 = STYLED_ITEM('color',(#15052),#10612);
#15052 = PRESENTATION_STYLE_ASSIGNMENT((#15053));
#15053 = SURFACE_STYLE_USAGE(.BOTH.,#15054);
#15054 = SURFACE_SIDE_STYLE('',(#15055));
#15055 = SURFACE_STYLE_FILL_AREA(#15056);
#15056 = FILL_AREA_STYLE('',(#15057));
#15057 = FILL_AREA_STYLE_COLOUR('',#14475);
#15058 = STYLED_ITEM('color',(#15059),#10636);
#15059 = PRESENTATION_STYLE_ASSIGNMENT((#15060));
#15060 = SURFACE_STYLE_USAGE(.BOTH.,#15061);
#15061 = SURFACE_SIDE_STYLE('',(#15062));
#15062 = SURFACE_STYLE_FILL_AREA(#15063);
#15063 = FILL_AREA_STYLE('',(#15064));
#15064 = FILL_AREA_STYLE_COLOUR('',#14475);
#15065 = STYLED_ITEM('color',(#15066),#10660);
#15066 = PRESENTATION_STYLE_ASSIGNMENT((#15067));
#15067 = SURFACE_STYLE_USAGE(.BOTH.,#15068);
#15068 = SURFACE_SIDE_STYLE('',(#15069));
#15069 = SURFACE_STYLE_FILL_AREA(#15070);
#15070 = FILL_AREA_STYLE('',(#15071));
#15071 = FILL_AREA_STYLE_COLOUR('',#14475);
#15072 = STYLED_ITEM('color',(#15073),#10677);
#15073 = PRESENTATION_STYLE_ASSIGNMENT((#15074));
#15074 = SURFACE_STYLE_USAGE(.BOTH.,#15075);
#15075 = SURFACE_SIDE_STYLE('',(#15076));
#15076 = SURFACE_STYLE_FILL_AREA(#15077);
#15077 = FILL_AREA_STYLE('',(#15078));
#15078 = FILL_AREA_STYLE_COLOUR('',#14475);
#15079 = STYLED_ITEM('color',(#15080),#10708);
#15080 = PRESENTATION_STYLE_ASSIGNMENT((#15081));
#15081 = SURFACE_STYLE_USAGE(.BOTH.,#15082);
#15082 = SURFACE_SIDE_STYLE('',(#15083));
#15083 = SURFACE_STYLE_FILL_AREA(#15084);
#15084 = FILL_AREA_STYLE('',(#15085));
#15085 = FILL_AREA_STYLE_COLOUR('',#14475);
#15086 = STYLED_ITEM('color',(#15087),#10732);
#15087 = PRESENTATION_STYLE_ASSIGNMENT((#15088));
#15088 = SURFACE_STYLE_USAGE(.BOTH.,#15089);
#15089 = SURFACE_SIDE_STYLE('',(#15090));
#15090 = SURFACE_STYLE_FILL_AREA(#15091);
#15091 = FILL_AREA_STYLE('',(#15092));
#15092 = FILL_AREA_STYLE_COLOUR('',#14475);
#15093 = STYLED_ITEM('color',(#15094),#10756);
#15094 = PRESENTATION_STYLE_ASSIGNMENT((#15095));
#15095 = SURFACE_STYLE_USAGE(.BOTH.,#15096);
#15096 = SURFACE_SIDE_STYLE('',(#15097));
#15097 = SURFACE_STYLE_FILL_AREA(#15098);
#15098 = FILL_AREA_STYLE('',(#15099));
#15099 = FILL_AREA_STYLE_COLOUR('',#14475);
#15100 = STYLED_ITEM('color',(#15101),#10773);
#15101 = PRESENTATION_STYLE_ASSIGNMENT((#15102));
#15102 = SURFACE_STYLE_USAGE(.BOTH.,#15103);
#15103 = SURFACE_SIDE_STYLE('',(#15104));
#15104 = SURFACE_STYLE_FILL_AREA(#15105);
#15105 = FILL_AREA_STYLE('',(#15106));
#15106 = FILL_AREA_STYLE_COLOUR('',#14475);
#15107 = STYLED_ITEM('color',(#15108),#10804);
#15108 = PRESENTATION_STYLE_ASSIGNMENT((#15109));
#15109 = SURFACE_STYLE_USAGE(.BOTH.,#15110);
#15110 = SURFACE_SIDE_STYLE('',(#15111));
#15111 = SURFACE_STYLE_FILL_AREA(#15112);
#15112 = FILL_AREA_STYLE('',(#15113));
#15113 = FILL_AREA_STYLE_COLOUR('',#14475);
#15114 = STYLED_ITEM('color',(#15115),#10828);
#15115 = PRESENTATION_STYLE_ASSIGNMENT((#15116));
#15116 = SURFACE_STYLE_USAGE(.BOTH.,#15117);
#15117 = SURFACE_SIDE_STYLE('',(#15118));
#15118 = SURFACE_STYLE_FILL_AREA(#15119);
#15119 = FILL_AREA_STYLE('',(#15120));
#15120 = FILL_AREA_STYLE_COLOUR('',#14475);
#15121 = STYLED_ITEM('color',(#15122),#10852);
#15122 = PRESENTATION_STYLE_ASSIGNMENT((#15123));
#15123 = SURFACE_STYLE_USAGE(.BOTH.,#15124);
#15124 = SURFACE_SIDE_STYLE('',(#15125));
#15125 = SURFACE_STYLE_FILL_AREA(#15126);
#15126 = FILL_AREA_STYLE('',(#15127));
#15127 = FILL_AREA_STYLE_COLOUR('',#14475);
#15128 = STYLED_ITEM('color',(#15129),#10869);
#15129 = PRESENTATION_STYLE_ASSIGNMENT((#15130));
#15130 = SURFACE_STYLE_USAGE(.BOTH.,#15131);
#15131 = SURFACE_SIDE_STYLE('',(#15132));
#15132 = SURFACE_STYLE_FILL_AREA(#15133);
#15133 = FILL_AREA_STYLE('',(#15134));
#15134 = FILL_AREA_STYLE_COLOUR('',#14475);
#15135 = STYLED_ITEM('color',(#15136),#10900);
#15136 = PRESENTATION_STYLE_ASSIGNMENT((#15137));
#15137 = SURFACE_STYLE_USAGE(.BOTH.,#15138);
#15138 = SURFACE_SIDE_STYLE('',(#15139));
#15139 = SURFACE_STYLE_FILL_AREA(#15140);
#15140 = FILL_AREA_STYLE('',(#15141));
#15141 = FILL_AREA_STYLE_COLOUR('',#14475);
#15142 = STYLED_ITEM('color',(#15143),#10924);
#15143 = PRESENTATION_STYLE_ASSIGNMENT((#15144));
#15144 = SURFACE_STYLE_USAGE(.BOTH.,#15145);
#15145 = SURFACE_SIDE_STYLE('',(#15146));
#15146 = SURFACE_STYLE_FILL_AREA(#15147);
#15147 = FILL_AREA_STYLE('',(#15148));
#15148 = FILL_AREA_STYLE_COLOUR('',#14475);
#15149 = STYLED_ITEM('color',(#15150),#10948);
#15150 = PRESENTATION_STYLE_ASSIGNMENT((#15151));
#15151 = SURFACE_STYLE_USAGE(.BOTH.,#15152);
#15152 = SURFACE_SIDE_STYLE('',(#15153));
#15153 = SURFACE_STYLE_FILL_AREA(#15154);
#15154 = FILL_AREA_STYLE('',(#15155));
#15155 = FILL_AREA_STYLE_COLOUR('',#14475);
#15156 = STYLED_ITEM('color',(#15157),#10965);
#15157 = PRESENTATION_STYLE_ASSIGNMENT((#15158));
#15158 = SURFACE_STYLE_USAGE(.BOTH.,#15159);
#15159 = SURFACE_SIDE_STYLE('',(#15160));
#15160 = SURFACE_STYLE_FILL_AREA(#15161);
#15161 = FILL_AREA_STYLE('',(#15162));
#15162 = FILL_AREA_STYLE_COLOUR('',#14475);
#15163 = STYLED_ITEM('color',(#15164),#10996);
#15164 = PRESENTATION_STYLE_ASSIGNMENT((#15165));
#15165 = SURFACE_STYLE_USAGE(.BOTH.,#15166);
#15166 = SURFACE_SIDE_STYLE('',(#15167));
#15167 = SURFACE_STYLE_FILL_AREA(#15168);
#15168 = FILL_AREA_STYLE('',(#15169));
#15169 = FILL_AREA_STYLE_COLOUR('',#14475);
#15170 = STYLED_ITEM('color',(#15171),#11020);
#15171 = PRESENTATION_STYLE_ASSIGNMENT((#15172));
#15172 = SURFACE_STYLE_USAGE(.BOTH.,#15173);
#15173 = SURFACE_SIDE_STYLE('',(#15174));
#15174 = SURFACE_STYLE_FILL_AREA(#15175);
#15175 = FILL_AREA_STYLE('',(#15176));
#15176 = FILL_AREA_STYLE_COLOUR('',#14475);
#15177 = STYLED_ITEM('color',(#15178),#11044);
#15178 = PRESENTATION_STYLE_ASSIGNMENT((#15179));
#15179 = SURFACE_STYLE_USAGE(.BOTH.,#15180);
#15180 = SURFACE_SIDE_STYLE('',(#15181));
#15181 = SURFACE_STYLE_FILL_AREA(#15182);
#15182 = FILL_AREA_STYLE('',(#15183));
#15183 = FILL_AREA_STYLE_COLOUR('',#14475);
#15184 = STYLED_ITEM('color',(#15185),#11061);
#15185 = PRESENTATION_STYLE_ASSIGNMENT((#15186));
#15186 = SURFACE_STYLE_USAGE(.BOTH.,#15187);
#15187 = SURFACE_SIDE_STYLE('',(#15188));
#15188 = SURFACE_STYLE_FILL_AREA(#15189);
#15189 = FILL_AREA_STYLE('',(#15190));
#15190 = FILL_AREA_STYLE_COLOUR('',#14475);
#15191 = STYLED_ITEM('color',(#15192),#11092);
#15192 = PRESENTATION_STYLE_ASSIGNMENT((#15193));
#15193 = SURFACE_STYLE_USAGE(.BOTH.,#15194);
#15194 = SURFACE_SIDE_STYLE('',(#15195));
#15195 = SURFACE_STYLE_FILL_AREA(#15196);
#15196 = FILL_AREA_STYLE('',(#15197));
#15197 = FILL_AREA_STYLE_COLOUR('',#14475);
#15198 = STYLED_ITEM('color',(#15199),#11116);
#15199 = PRESENTATION_STYLE_ASSIGNMENT((#15200));
#15200 = SURFACE_STYLE_USAGE(.BOTH.,#15201);
#15201 = SURFACE_SIDE_STYLE('',(#15202));
#15202 = SURFACE_STYLE_FILL_AREA(#15203);
#15203 = FILL_AREA_STYLE('',(#15204));
#15204 = FILL_AREA_STYLE_COLOUR('',#14475);
#15205 = STYLED_ITEM('color',(#15206),#11140);
#15206 = PRESENTATION_STYLE_ASSIGNMENT((#15207));
#15207 = SURFACE_STYLE_USAGE(.BOTH.,#15208);
#15208 = SURFACE_SIDE_STYLE('',(#15209));
#15209 = SURFACE_STYLE_FILL_AREA(#15210);
#15210 = FILL_AREA_STYLE('',(#15211));
#15211 = FILL_AREA_STYLE_COLOUR('',#14475);
#15212 = STYLED_ITEM('color',(#15213),#11157);
#15213 = PRESENTATION_STYLE_ASSIGNMENT((#15214));
#15214 = SURFACE_STYLE_USAGE(.BOTH.,#15215);
#15215 = SURFACE_SIDE_STYLE('',(#15216));
#15216 = SURFACE_STYLE_FILL_AREA(#15217);
#15217 = FILL_AREA_STYLE('',(#15218));
#15218 = FILL_AREA_STYLE_COLOUR('',#14475);
#15219 = STYLED_ITEM('color',(#15220),#11169);
#15220 = PRESENTATION_STYLE_ASSIGNMENT((#15221));
#15221 = SURFACE_STYLE_USAGE(.BOTH.,#15222);
#15222 = SURFACE_SIDE_STYLE('',(#15223));
#15223 = SURFACE_STYLE_FILL_AREA(#15224);
#15224 = FILL_AREA_STYLE('',(#15225));
#15225 = FILL_AREA_STYLE_COLOUR('',#14475);
#15226 = STYLED_ITEM('color',(#15227),#11181);
#15227 = PRESENTATION_STYLE_ASSIGNMENT((#15228));
#15228 = SURFACE_STYLE_USAGE(.BOTH.,#15229);
#15229 = SURFACE_SIDE_STYLE('',(#15230));
#15230 = SURFACE_STYLE_FILL_AREA(#15231);
#15231 = FILL_AREA_STYLE('',(#15232));
#15232 = FILL_AREA_STYLE_COLOUR('',#14475);
#15233 = STYLED_ITEM('color',(#15234),#11193);
#15234 = PRESENTATION_STYLE_ASSIGNMENT((#15235));
#15235 = SURFACE_STYLE_USAGE(.BOTH.,#15236);
#15236 = SURFACE_SIDE_STYLE('',(#15237));
#15237 = SURFACE_STYLE_FILL_AREA(#15238);
#15238 = FILL_AREA_STYLE('',(#15239));
#15239 = FILL_AREA_STYLE_COLOUR('',#14475);
#15240 = STYLED_ITEM('color',(#15241),#11205);
#15241 = PRESENTATION_STYLE_ASSIGNMENT((#15242));
#15242 = SURFACE_STYLE_USAGE(.BOTH.,#15243);
#15243 = SURFACE_SIDE_STYLE('',(#15244));
#15244 = SURFACE_STYLE_FILL_AREA(#15245);
#15245 = FILL_AREA_STYLE('',(#15246));
#15246 = FILL_AREA_STYLE_COLOUR('',#14475);
#15247 = STYLED_ITEM('color',(#15248),#11217);
#15248 = PRESENTATION_STYLE_ASSIGNMENT((#15249));
#15249 = SURFACE_STYLE_USAGE(.BOTH.,#15250);
#15250 = SURFACE_SIDE_STYLE('',(#15251));
#15251 = SURFACE_STYLE_FILL_AREA(#15252);
#15252 = FILL_AREA_STYLE('',(#15253));
#15253 = FILL_AREA_STYLE_COLOUR('',#14475);
#15254 = MECHANICAL_DESIGN_GEOMETRIC_PRESENTATION_REPRESENTATION('',(
    #15255),#14343);
#15255 = STYLED_ITEM('color',(#15256),#12805);
#15256 = PRESENTATION_STYLE_ASSIGNMENT((#15257));
#15257 = SURFACE_STYLE_USAGE(.BOTH.,#15258);
#15258 = SURFACE_SIDE_STYLE('',(#15259));
#15259 = SURFACE_STYLE_FILL_AREA(#15260);
#15260 = FILL_AREA_STYLE('',(#15261));
#15261 = FILL_AREA_STYLE_COLOUR('',#15262);
#15262 = COLOUR_RGB('',0.313304153717,0.484529207832,0.410020903123);
#15263 = MECHANICAL_DESIGN_GEOMETRIC_PRESENTATION_REPRESENTATION('',(
    #15264,#15271,#15278,#15285,#15292,#15299,#15306,#15313,#15320,
    #15327,#15334,#15341,#15348,#15355,#15362,#15369,#15376,#15383,
    #15390,#15397,#15404,#15411,#15418,#15425,#15432,#15439,#15446,
    #15453,#15460,#15467,#15474,#15481,#15488,#15495,#15502,#15509,
    #15516,#15523,#15530,#15537,#15544,#15551,#15558,#15565,#15572,
    #15579,#15586,#15593,#15600,#15607,#15614,#15621,#15628,#15635,
    #15642,#15649,#15656,#15663,#15670,#15677,#15684,#15691,#15698,
    #15705,#15712,#15719,#15726,#15733,#15740,#15747,#15754,#15761,
    #15768,#15775,#15782,#15789,#15796,#15803,#15810,#15817,#15824,
    #15831,#15838,#15845,#15852,#15859,#15866,#15873,#15880,#15887,
    #15894,#15901,#15908,#15915,#15922,#15929,#15936,#15943,#15950,
    #15957,#15964,#15971,#15978,#15985,#15992,#15999,#16006,#16013,
    #16020,#16027,#16034,#16041,#16048,#16055,#16062,#16069,#16076,
    #16083,#16090,#16097,#16104,#16111,#16118,#16125),#4405);
#15264 = STYLED_ITEM('color',(#15265),#953);
#15265 = PRESENTATION_STYLE_ASSIGNMENT((#15266));
#15266 = SURFACE_STYLE_USAGE(.BOTH.,#15267);
#15267 = SURFACE_SIDE_STYLE('',(#15268));
#15268 = SURFACE_STYLE_FILL_AREA(#15269);
#15269 = FILL_AREA_STYLE('',(#15270));
#15270 = FILL_AREA_STYLE_COLOUR('',#14362);
#15271 = STYLED_ITEM('color',(#15272),#993);
#15272 = PRESENTATION_STYLE_ASSIGNMENT((#15273));
#15273 = SURFACE_STYLE_USAGE(.BOTH.,#15274);
#15274 = SURFACE_SIDE_STYLE('',(#15275));
#15275 = SURFACE_STYLE_FILL_AREA(#15276);
#15276 = FILL_AREA_STYLE('',(#15277));
#15277 = FILL_AREA_STYLE_COLOUR('',#14362);
#15278 = STYLED_ITEM('color',(#15279),#1024);
#15279 = PRESENTATION_STYLE_ASSIGNMENT((#15280));
#15280 = SURFACE_STYLE_USAGE(.BOTH.,#15281);
#15281 = SURFACE_SIDE_STYLE('',(#15282));
#15282 = SURFACE_STYLE_FILL_AREA(#15283);
#15283 = FILL_AREA_STYLE('',(#15284));
#15284 = FILL_AREA_STYLE_COLOUR('',#14362);
#15285 = STYLED_ITEM('color',(#15286),#1055);
#15286 = PRESENTATION_STYLE_ASSIGNMENT((#15287));
#15287 = SURFACE_STYLE_USAGE(.BOTH.,#15288);
#15288 = SURFACE_SIDE_STYLE('',(#15289));
#15289 = SURFACE_STYLE_FILL_AREA(#15290);
#15290 = FILL_AREA_STYLE('',(#15291));
#15291 = FILL_AREA_STYLE_COLOUR('',#14362);
#15292 = STYLED_ITEM('color',(#15293),#1466);
#15293 = PRESENTATION_STYLE_ASSIGNMENT((#15294));
#15294 = SURFACE_STYLE_USAGE(.BOTH.,#15295);
#15295 = SURFACE_SIDE_STYLE('',(#15296));
#15296 = SURFACE_STYLE_FILL_AREA(#15297);
#15297 = FILL_AREA_STYLE('',(#15298));
#15298 = FILL_AREA_STYLE_COLOUR('',#14362);
#15299 = STYLED_ITEM('color',(#15300),#1877);
#15300 = PRESENTATION_STYLE_ASSIGNMENT((#15301));
#15301 = SURFACE_STYLE_USAGE(.BOTH.,#15302);
#15302 = SURFACE_SIDE_STYLE('',(#15303));
#15303 = SURFACE_STYLE_FILL_AREA(#15304);
#15304 = FILL_AREA_STYLE('',(#15305));
#15305 = FILL_AREA_STYLE_COLOUR('',#14362);
#15306 = STYLED_ITEM('color',(#15307),#1894);
#15307 = PRESENTATION_STYLE_ASSIGNMENT((#15308));
#15308 = SURFACE_STYLE_USAGE(.BOTH.,#15309);
#15309 = SURFACE_SIDE_STYLE('',(#15310));
#15310 = SURFACE_STYLE_FILL_AREA(#15311);
#15311 = FILL_AREA_STYLE('',(#15312));
#15312 = FILL_AREA_STYLE_COLOUR('',#14362);
#15313 = STYLED_ITEM('color',(#15314),#1911);
#15314 = PRESENTATION_STYLE_ASSIGNMENT((#15315));
#15315 = SURFACE_STYLE_USAGE(.BOTH.,#15316);
#15316 = SURFACE_SIDE_STYLE('',(#15317));
#15317 = SURFACE_STYLE_FILL_AREA(#15318);
#15318 = FILL_AREA_STYLE('',(#15319));
#15319 = FILL_AREA_STYLE_COLOUR('',#14362);
#15320 = STYLED_ITEM('color',(#15321),#1928);
#15321 = PRESENTATION_STYLE_ASSIGNMENT((#15322));
#15322 = SURFACE_STYLE_USAGE(.BOTH.,#15323);
#15323 = SURFACE_SIDE_STYLE('',(#15324));
#15324 = SURFACE_STYLE_FILL_AREA(#15325);
#15325 = FILL_AREA_STYLE('',(#15326));
#15326 = FILL_AREA_STYLE_COLOUR('',#14362);
#15327 = STYLED_ITEM('color',(#15328),#1945);
#15328 = PRESENTATION_STYLE_ASSIGNMENT((#15329));
#15329 = SURFACE_STYLE_USAGE(.BOTH.,#15330);
#15330 = SURFACE_SIDE_STYLE('',(#15331));
#15331 = SURFACE_STYLE_FILL_AREA(#15332);
#15332 = FILL_AREA_STYLE('',(#15333));
#15333 = FILL_AREA_STYLE_COLOUR('',#14362);
#15334 = STYLED_ITEM('color',(#15335),#1962);
#15335 = PRESENTATION_STYLE_ASSIGNMENT((#15336));
#15336 = SURFACE_STYLE_USAGE(.BOTH.,#15337);
#15337 = SURFACE_SIDE_STYLE('',(#15338));
#15338 = SURFACE_STYLE_FILL_AREA(#15339);
#15339 = FILL_AREA_STYLE('',(#15340));
#15340 = FILL_AREA_STYLE_COLOUR('',#14362);
#15341 = STYLED_ITEM('color',(#15342),#1979);
#15342 = PRESENTATION_STYLE_ASSIGNMENT((#15343));
#15343 = SURFACE_STYLE_USAGE(.BOTH.,#15344);
#15344 = SURFACE_SIDE_STYLE('',(#15345));
#15345 = SURFACE_STYLE_FILL_AREA(#15346);
#15346 = FILL_AREA_STYLE('',(#15347));
#15347 = FILL_AREA_STYLE_COLOUR('',#14362);
#15348 = STYLED_ITEM('color',(#15349),#1996);
#15349 = PRESENTATION_STYLE_ASSIGNMENT((#15350));
#15350 = SURFACE_STYLE_USAGE(.BOTH.,#15351);
#15351 = SURFACE_SIDE_STYLE('',(#15352));
#15352 = SURFACE_STYLE_FILL_AREA(#15353);
#15353 = FILL_AREA_STYLE('',(#15354));
#15354 = FILL_AREA_STYLE_COLOUR('',#14362);
#15355 = STYLED_ITEM('color',(#15356),#2013);
#15356 = PRESENTATION_STYLE_ASSIGNMENT((#15357));
#15357 = SURFACE_STYLE_USAGE(.BOTH.,#15358);
#15358 = SURFACE_SIDE_STYLE('',(#15359));
#15359 = SURFACE_STYLE_FILL_AREA(#15360);
#15360 = FILL_AREA_STYLE('',(#15361));
#15361 = FILL_AREA_STYLE_COLOUR('',#14362);
#15362 = STYLED_ITEM('color',(#15363),#2030);
#15363 = PRESENTATION_STYLE_ASSIGNMENT((#15364));
#15364 = SURFACE_STYLE_USAGE(.BOTH.,#15365);
#15365 = SURFACE_SIDE_STYLE('',(#15366));
#15366 = SURFACE_STYLE_FILL_AREA(#15367);
#15367 = FILL_AREA_STYLE('',(#15368));
#15368 = FILL_AREA_STYLE_COLOUR('',#14362);
#15369 = STYLED_ITEM('color',(#15370),#2047);
#15370 = PRESENTATION_STYLE_ASSIGNMENT((#15371));
#15371 = SURFACE_STYLE_USAGE(.BOTH.,#15372);
#15372 = SURFACE_SIDE_STYLE('',(#15373));
#15373 = SURFACE_STYLE_FILL_AREA(#15374);
#15374 = FILL_AREA_STYLE('',(#15375));
#15375 = FILL_AREA_STYLE_COLOUR('',#14362);
#15376 = STYLED_ITEM('color',(#15377),#2064);
#15377 = PRESENTATION_STYLE_ASSIGNMENT((#15378));
#15378 = SURFACE_STYLE_USAGE(.BOTH.,#15379);
#15379 = SURFACE_SIDE_STYLE('',(#15380));
#15380 = SURFACE_STYLE_FILL_AREA(#15381);
#15381 = FILL_AREA_STYLE('',(#15382));
#15382 = FILL_AREA_STYLE_COLOUR('',#14362);
#15383 = STYLED_ITEM('color',(#15384),#2081);
#15384 = PRESENTATION_STYLE_ASSIGNMENT((#15385));
#15385 = SURFACE_STYLE_USAGE(.BOTH.,#15386);
#15386 = SURFACE_SIDE_STYLE('',(#15387));
#15387 = SURFACE_STYLE_FILL_AREA(#15388);
#15388 = FILL_AREA_STYLE('',(#15389));
#15389 = FILL_AREA_STYLE_COLOUR('',#14362);
#15390 = STYLED_ITEM('color',(#15391),#2098);
#15391 = PRESENTATION_STYLE_ASSIGNMENT((#15392));
#15392 = SURFACE_STYLE_USAGE(.BOTH.,#15393);
#15393 = SURFACE_SIDE_STYLE('',(#15394));
#15394 = SURFACE_STYLE_FILL_AREA(#15395);
#15395 = FILL_AREA_STYLE('',(#15396));
#15396 = FILL_AREA_STYLE_COLOUR('',#14362);
#15397 = STYLED_ITEM('color',(#15398),#2115);
#15398 = PRESENTATION_STYLE_ASSIGNMENT((#15399));
#15399 = SURFACE_STYLE_USAGE(.BOTH.,#15400);
#15400 = SURFACE_SIDE_STYLE('',(#15401));
#15401 = SURFACE_STYLE_FILL_AREA(#15402);
#15402 = FILL_AREA_STYLE('',(#15403));
#15403 = FILL_AREA_STYLE_COLOUR('',#14362);
#15404 = STYLED_ITEM('color',(#15405),#2132);
#15405 = PRESENTATION_STYLE_ASSIGNMENT((#15406));
#15406 = SURFACE_STYLE_USAGE(.BOTH.,#15407);
#15407 = SURFACE_SIDE_STYLE('',(#15408));
#15408 = SURFACE_STYLE_FILL_AREA(#15409);
#15409 = FILL_AREA_STYLE('',(#15410));
#15410 = FILL_AREA_STYLE_COLOUR('',#14362);
#15411 = STYLED_ITEM('color',(#15412),#2149);
#15412 = PRESENTATION_STYLE_ASSIGNMENT((#15413));
#15413 = SURFACE_STYLE_USAGE(.BOTH.,#15414);
#15414 = SURFACE_SIDE_STYLE('',(#15415));
#15415 = SURFACE_STYLE_FILL_AREA(#15416);
#15416 = FILL_AREA_STYLE('',(#15417));
#15417 = FILL_AREA_STYLE_COLOUR('',#14362);
#15418 = STYLED_ITEM('color',(#15419),#2166);
#15419 = PRESENTATION_STYLE_ASSIGNMENT((#15420));
#15420 = SURFACE_STYLE_USAGE(.BOTH.,#15421);
#15421 = SURFACE_SIDE_STYLE('',(#15422));
#15422 = SURFACE_STYLE_FILL_AREA(#15423);
#15423 = FILL_AREA_STYLE('',(#15424));
#15424 = FILL_AREA_STYLE_COLOUR('',#14362);
#15425 = STYLED_ITEM('color',(#15426),#2183);
#15426 = PRESENTATION_STYLE_ASSIGNMENT((#15427));
#15427 = SURFACE_STYLE_USAGE(.BOTH.,#15428);
#15428 = SURFACE_SIDE_STYLE('',(#15429));
#15429 = SURFACE_STYLE_FILL_AREA(#15430);
#15430 = FILL_AREA_STYLE('',(#15431));
#15431 = FILL_AREA_STYLE_COLOUR('',#14362);
#15432 = STYLED_ITEM('color',(#15433),#2200);
#15433 = PRESENTATION_STYLE_ASSIGNMENT((#15434));
#15434 = SURFACE_STYLE_USAGE(.BOTH.,#15435);
#15435 = SURFACE_SIDE_STYLE('',(#15436));
#15436 = SURFACE_STYLE_FILL_AREA(#15437);
#15437 = FILL_AREA_STYLE('',(#15438));
#15438 = FILL_AREA_STYLE_COLOUR('',#14362);
#15439 = STYLED_ITEM('color',(#15440),#2217);
#15440 = PRESENTATION_STYLE_ASSIGNMENT((#15441));
#15441 = SURFACE_STYLE_USAGE(.BOTH.,#15442);
#15442 = SURFACE_SIDE_STYLE('',(#15443));
#15443 = SURFACE_STYLE_FILL_AREA(#15444);
#15444 = FILL_AREA_STYLE('',(#15445));
#15445 = FILL_AREA_STYLE_COLOUR('',#14362);
#15446 = STYLED_ITEM('color',(#15447),#2234);
#15447 = PRESENTATION_STYLE_ASSIGNMENT((#15448));
#15448 = SURFACE_STYLE_USAGE(.BOTH.,#15449);
#15449 = SURFACE_SIDE_STYLE('',(#15450));
#15450 = SURFACE_STYLE_FILL_AREA(#15451);
#15451 = FILL_AREA_STYLE('',(#15452));
#15452 = FILL_AREA_STYLE_COLOUR('',#14362);
#15453 = STYLED_ITEM('color',(#15454),#2251);
#15454 = PRESENTATION_STYLE_ASSIGNMENT((#15455));
#15455 = SURFACE_STYLE_USAGE(.BOTH.,#15456);
#15456 = SURFACE_SIDE_STYLE('',(#15457));
#15457 = SURFACE_STYLE_FILL_AREA(#15458);
#15458 = FILL_AREA_STYLE('',(#15459));
#15459 = FILL_AREA_STYLE_COLOUR('',#14362);
#15460 = STYLED_ITEM('color',(#15461),#2268);
#15461 = PRESENTATION_STYLE_ASSIGNMENT((#15462));
#15462 = SURFACE_STYLE_USAGE(.BOTH.,#15463);
#15463 = SURFACE_SIDE_STYLE('',(#15464));
#15464 = SURFACE_STYLE_FILL_AREA(#15465);
#15465 = FILL_AREA_STYLE('',(#15466));
#15466 = FILL_AREA_STYLE_COLOUR('',#14362);
#15467 = STYLED_ITEM('color',(#15468),#2285);
#15468 = PRESENTATION_STYLE_ASSIGNMENT((#15469));
#15469 = SURFACE_STYLE_USAGE(.BOTH.,#15470);
#15470 = SURFACE_SIDE_STYLE('',(#15471));
#15471 = SURFACE_STYLE_FILL_AREA(#15472);
#15472 = FILL_AREA_STYLE('',(#15473));
#15473 = FILL_AREA_STYLE_COLOUR('',#14362);
#15474 = STYLED_ITEM('color',(#15475),#2302);
#15475 = PRESENTATION_STYLE_ASSIGNMENT((#15476));
#15476 = SURFACE_STYLE_USAGE(.BOTH.,#15477);
#15477 = SURFACE_SIDE_STYLE('',(#15478));
#15478 = SURFACE_STYLE_FILL_AREA(#15479);
#15479 = FILL_AREA_STYLE('',(#15480));
#15480 = FILL_AREA_STYLE_COLOUR('',#14362);
#15481 = STYLED_ITEM('color',(#15482),#2319);
#15482 = PRESENTATION_STYLE_ASSIGNMENT((#15483));
#15483 = SURFACE_STYLE_USAGE(.BOTH.,#15484);
#15484 = SURFACE_SIDE_STYLE('',(#15485));
#15485 = SURFACE_STYLE_FILL_AREA(#15486);
#15486 = FILL_AREA_STYLE('',(#15487));
#15487 = FILL_AREA_STYLE_COLOUR('',#14362);
#15488 = STYLED_ITEM('color',(#15489),#2336);
#15489 = PRESENTATION_STYLE_ASSIGNMENT((#15490));
#15490 = SURFACE_STYLE_USAGE(.BOTH.,#15491);
#15491 = SURFACE_SIDE_STYLE('',(#15492));
#15492 = SURFACE_STYLE_FILL_AREA(#15493);
#15493 = FILL_AREA_STYLE('',(#15494));
#15494 = FILL_AREA_STYLE_COLOUR('',#14362);
#15495 = STYLED_ITEM('color',(#15496),#2353);
#15496 = PRESENTATION_STYLE_ASSIGNMENT((#15497));
#15497 = SURFACE_STYLE_USAGE(.BOTH.,#15498);
#15498 = SURFACE_SIDE_STYLE('',(#15499));
#15499 = SURFACE_STYLE_FILL_AREA(#15500);
#15500 = FILL_AREA_STYLE('',(#15501));
#15501 = FILL_AREA_STYLE_COLOUR('',#14362);
#15502 = STYLED_ITEM('color',(#15503),#2365);
#15503 = PRESENTATION_STYLE_ASSIGNMENT((#15504));
#15504 = SURFACE_STYLE_USAGE(.BOTH.,#15505);
#15505 = SURFACE_SIDE_STYLE('',(#15506));
#15506 = SURFACE_STYLE_FILL_AREA(#15507);
#15507 = FILL_AREA_STYLE('',(#15508));
#15508 = FILL_AREA_STYLE_COLOUR('',#14475);
#15509 = STYLED_ITEM('color',(#15510),#2396);
#15510 = PRESENTATION_STYLE_ASSIGNMENT((#15511));
#15511 = SURFACE_STYLE_USAGE(.BOTH.,#15512);
#15512 = SURFACE_SIDE_STYLE('',(#15513));
#15513 = SURFACE_STYLE_FILL_AREA(#15514);
#15514 = FILL_AREA_STYLE('',(#15515));
#15515 = FILL_AREA_STYLE_COLOUR('',#14475);
#15516 = STYLED_ITEM('color',(#15517),#2420);
#15517 = PRESENTATION_STYLE_ASSIGNMENT((#15518));
#15518 = SURFACE_STYLE_USAGE(.BOTH.,#15519);
#15519 = SURFACE_SIDE_STYLE('',(#15520));
#15520 = SURFACE_STYLE_FILL_AREA(#15521);
#15521 = FILL_AREA_STYLE('',(#15522));
#15522 = FILL_AREA_STYLE_COLOUR('',#14475);
#15523 = STYLED_ITEM('color',(#15524),#2444);
#15524 = PRESENTATION_STYLE_ASSIGNMENT((#15525));
#15525 = SURFACE_STYLE_USAGE(.BOTH.,#15526);
#15526 = SURFACE_SIDE_STYLE('',(#15527));
#15527 = SURFACE_STYLE_FILL_AREA(#15528);
#15528 = FILL_AREA_STYLE('',(#15529));
#15529 = FILL_AREA_STYLE_COLOUR('',#14475);
#15530 = STYLED_ITEM('color',(#15531),#2461);
#15531 = PRESENTATION_STYLE_ASSIGNMENT((#15532));
#15532 = SURFACE_STYLE_USAGE(.BOTH.,#15533);
#15533 = SURFACE_SIDE_STYLE('',(#15534));
#15534 = SURFACE_STYLE_FILL_AREA(#15535);
#15535 = FILL_AREA_STYLE('',(#15536));
#15536 = FILL_AREA_STYLE_COLOUR('',#14475);
#15537 = STYLED_ITEM('color',(#15538),#2492);
#15538 = PRESENTATION_STYLE_ASSIGNMENT((#15539));
#15539 = SURFACE_STYLE_USAGE(.BOTH.,#15540);
#15540 = SURFACE_SIDE_STYLE('',(#15541));
#15541 = SURFACE_STYLE_FILL_AREA(#15542);
#15542 = FILL_AREA_STYLE('',(#15543));
#15543 = FILL_AREA_STYLE_COLOUR('',#14475);
#15544 = STYLED_ITEM('color',(#15545),#2516);
#15545 = PRESENTATION_STYLE_ASSIGNMENT((#15546));
#15546 = SURFACE_STYLE_USAGE(.BOTH.,#15547);
#15547 = SURFACE_SIDE_STYLE('',(#15548));
#15548 = SURFACE_STYLE_FILL_AREA(#15549);
#15549 = FILL_AREA_STYLE('',(#15550));
#15550 = FILL_AREA_STYLE_COLOUR('',#14475);
#15551 = STYLED_ITEM('color',(#15552),#2540);
#15552 = PRESENTATION_STYLE_ASSIGNMENT((#15553));
#15553 = SURFACE_STYLE_USAGE(.BOTH.,#15554);
#15554 = SURFACE_SIDE_STYLE('',(#15555));
#15555 = SURFACE_STYLE_FILL_AREA(#15556);
#15556 = FILL_AREA_STYLE('',(#15557));
#15557 = FILL_AREA_STYLE_COLOUR('',#14475);
#15558 = STYLED_ITEM('color',(#15559),#2557);
#15559 = PRESENTATION_STYLE_ASSIGNMENT((#15560));
#15560 = SURFACE_STYLE_USAGE(.BOTH.,#15561);
#15561 = SURFACE_SIDE_STYLE('',(#15562));
#15562 = SURFACE_STYLE_FILL_AREA(#15563);
#15563 = FILL_AREA_STYLE('',(#15564));
#15564 = FILL_AREA_STYLE_COLOUR('',#14475);
#15565 = STYLED_ITEM('color',(#15566),#2588);
#15566 = PRESENTATION_STYLE_ASSIGNMENT((#15567));
#15567 = SURFACE_STYLE_USAGE(.BOTH.,#15568);
#15568 = SURFACE_SIDE_STYLE('',(#15569));
#15569 = SURFACE_STYLE_FILL_AREA(#15570);
#15570 = FILL_AREA_STYLE('',(#15571));
#15571 = FILL_AREA_STYLE_COLOUR('',#14475);
#15572 = STYLED_ITEM('color',(#15573),#2612);
#15573 = PRESENTATION_STYLE_ASSIGNMENT((#15574));
#15574 = SURFACE_STYLE_USAGE(.BOTH.,#15575);
#15575 = SURFACE_SIDE_STYLE('',(#15576));
#15576 = SURFACE_STYLE_FILL_AREA(#15577);
#15577 = FILL_AREA_STYLE('',(#15578));
#15578 = FILL_AREA_STYLE_COLOUR('',#14475);
#15579 = STYLED_ITEM('color',(#15580),#2636);
#15580 = PRESENTATION_STYLE_ASSIGNMENT((#15581));
#15581 = SURFACE_STYLE_USAGE(.BOTH.,#15582);
#15582 = SURFACE_SIDE_STYLE('',(#15583));
#15583 = SURFACE_STYLE_FILL_AREA(#15584);
#15584 = FILL_AREA_STYLE('',(#15585));
#15585 = FILL_AREA_STYLE_COLOUR('',#14475);
#15586 = STYLED_ITEM('color',(#15587),#2653);
#15587 = PRESENTATION_STYLE_ASSIGNMENT((#15588));
#15588 = SURFACE_STYLE_USAGE(.BOTH.,#15589);
#15589 = SURFACE_SIDE_STYLE('',(#15590));
#15590 = SURFACE_STYLE_FILL_AREA(#15591);
#15591 = FILL_AREA_STYLE('',(#15592));
#15592 = FILL_AREA_STYLE_COLOUR('',#14475);
#15593 = STYLED_ITEM('color',(#15594),#2684);
#15594 = PRESENTATION_STYLE_ASSIGNMENT((#15595));
#15595 = SURFACE_STYLE_USAGE(.BOTH.,#15596);
#15596 = SURFACE_SIDE_STYLE('',(#15597));
#15597 = SURFACE_STYLE_FILL_AREA(#15598);
#15598 = FILL_AREA_STYLE('',(#15599));
#15599 = FILL_AREA_STYLE_COLOUR('',#14475);
#15600 = STYLED_ITEM('color',(#15601),#2708);
#15601 = PRESENTATION_STYLE_ASSIGNMENT((#15602));
#15602 = SURFACE_STYLE_USAGE(.BOTH.,#15603);
#15603 = SURFACE_SIDE_STYLE('',(#15604));
#15604 = SURFACE_STYLE_FILL_AREA(#15605);
#15605 = FILL_AREA_STYLE('',(#15606));
#15606 = FILL_AREA_STYLE_COLOUR('',#14475);
#15607 = STYLED_ITEM('color',(#15608),#2732);
#15608 = PRESENTATION_STYLE_ASSIGNMENT((#15609));
#15609 = SURFACE_STYLE_USAGE(.BOTH.,#15610);
#15610 = SURFACE_SIDE_STYLE('',(#15611));
#15611 = SURFACE_STYLE_FILL_AREA(#15612);
#15612 = FILL_AREA_STYLE('',(#15613));
#15613 = FILL_AREA_STYLE_COLOUR('',#14475);
#15614 = STYLED_ITEM('color',(#15615),#2749);
#15615 = PRESENTATION_STYLE_ASSIGNMENT((#15616));
#15616 = SURFACE_STYLE_USAGE(.BOTH.,#15617);
#15617 = SURFACE_SIDE_STYLE('',(#15618));
#15618 = SURFACE_STYLE_FILL_AREA(#15619);
#15619 = FILL_AREA_STYLE('',(#15620));
#15620 = FILL_AREA_STYLE_COLOUR('',#14475);
#15621 = STYLED_ITEM('color',(#15622),#2780);
#15622 = PRESENTATION_STYLE_ASSIGNMENT((#15623));
#15623 = SURFACE_STYLE_USAGE(.BOTH.,#15624);
#15624 = SURFACE_SIDE_STYLE('',(#15625));
#15625 = SURFACE_STYLE_FILL_AREA(#15626);
#15626 = FILL_AREA_STYLE('',(#15627));
#15627 = FILL_AREA_STYLE_COLOUR('',#14475);
#15628 = STYLED_ITEM('color',(#15629),#2804);
#15629 = PRESENTATION_STYLE_ASSIGNMENT((#15630));
#15630 = SURFACE_STYLE_USAGE(.BOTH.,#15631);
#15631 = SURFACE_SIDE_STYLE('',(#15632));
#15632 = SURFACE_STYLE_FILL_AREA(#15633);
#15633 = FILL_AREA_STYLE('',(#15634));
#15634 = FILL_AREA_STYLE_COLOUR('',#14475);
#15635 = STYLED_ITEM('color',(#15636),#2828);
#15636 = PRESENTATION_STYLE_ASSIGNMENT((#15637));
#15637 = SURFACE_STYLE_USAGE(.BOTH.,#15638);
#15638 = SURFACE_SIDE_STYLE('',(#15639));
#15639 = SURFACE_STYLE_FILL_AREA(#15640);
#15640 = FILL_AREA_STYLE('',(#15641));
#15641 = FILL_AREA_STYLE_COLOUR('',#14475);
#15642 = STYLED_ITEM('color',(#15643),#2845);
#15643 = PRESENTATION_STYLE_ASSIGNMENT((#15644));
#15644 = SURFACE_STYLE_USAGE(.BOTH.,#15645);
#15645 = SURFACE_SIDE_STYLE('',(#15646));
#15646 = SURFACE_STYLE_FILL_AREA(#15647);
#15647 = FILL_AREA_STYLE('',(#15648));
#15648 = FILL_AREA_STYLE_COLOUR('',#14475);
#15649 = STYLED_ITEM('color',(#15650),#2876);
#15650 = PRESENTATION_STYLE_ASSIGNMENT((#15651));
#15651 = SURFACE_STYLE_USAGE(.BOTH.,#15652);
#15652 = SURFACE_SIDE_STYLE('',(#15653));
#15653 = SURFACE_STYLE_FILL_AREA(#15654);
#15654 = FILL_AREA_STYLE('',(#15655));
#15655 = FILL_AREA_STYLE_COLOUR('',#14475);
#15656 = STYLED_ITEM('color',(#15657),#2900);
#15657 = PRESENTATION_STYLE_ASSIGNMENT((#15658));
#15658 = SURFACE_STYLE_USAGE(.BOTH.,#15659);
#15659 = SURFACE_SIDE_STYLE('',(#15660));
#15660 = SURFACE_STYLE_FILL_AREA(#15661);
#15661 = FILL_AREA_STYLE('',(#15662));
#15662 = FILL_AREA_STYLE_COLOUR('',#14475);
#15663 = STYLED_ITEM('color',(#15664),#2924);
#15664 = PRESENTATION_STYLE_ASSIGNMENT((#15665));
#15665 = SURFACE_STYLE_USAGE(.BOTH.,#15666);
#15666 = SURFACE_SIDE_STYLE('',(#15667));
#15667 = SURFACE_STYLE_FILL_AREA(#15668);
#15668 = FILL_AREA_STYLE('',(#15669));
#15669 = FILL_AREA_STYLE_COLOUR('',#14475);
#15670 = STYLED_ITEM('color',(#15671),#2941);
#15671 = PRESENTATION_STYLE_ASSIGNMENT((#15672));
#15672 = SURFACE_STYLE_USAGE(.BOTH.,#15673);
#15673 = SURFACE_SIDE_STYLE('',(#15674));
#15674 = SURFACE_STYLE_FILL_AREA(#15675);
#15675 = FILL_AREA_STYLE('',(#15676));
#15676 = FILL_AREA_STYLE_COLOUR('',#14475);
#15677 = STYLED_ITEM('color',(#15678),#2972);
#15678 = PRESENTATION_STYLE_ASSIGNMENT((#15679));
#15679 = SURFACE_STYLE_USAGE(.BOTH.,#15680);
#15680 = SURFACE_SIDE_STYLE('',(#15681));
#15681 = SURFACE_STYLE_FILL_AREA(#15682);
#15682 = FILL_AREA_STYLE('',(#15683));
#15683 = FILL_AREA_STYLE_COLOUR('',#14475);
#15684 = STYLED_ITEM('color',(#15685),#2996);
#15685 = PRESENTATION_STYLE_ASSIGNMENT((#15686));
#15686 = SURFACE_STYLE_USAGE(.BOTH.,#15687);
#15687 = SURFACE_SIDE_STYLE('',(#15688));
#15688 = SURFACE_STYLE_FILL_AREA(#15689);
#15689 = FILL_AREA_STYLE('',(#15690));
#15690 = FILL_AREA_STYLE_COLOUR('',#14475);
#15691 = STYLED_ITEM('color',(#15692),#3020);
#15692 = PRESENTATION_STYLE_ASSIGNMENT((#15693));
#15693 = SURFACE_STYLE_USAGE(.BOTH.,#15694);
#15694 = SURFACE_SIDE_STYLE('',(#15695));
#15695 = SURFACE_STYLE_FILL_AREA(#15696);
#15696 = FILL_AREA_STYLE('',(#15697));
#15697 = FILL_AREA_STYLE_COLOUR('',#14475);
#15698 = STYLED_ITEM('color',(#15699),#3037);
#15699 = PRESENTATION_STYLE_ASSIGNMENT((#15700));
#15700 = SURFACE_STYLE_USAGE(.BOTH.,#15701);
#15701 = SURFACE_SIDE_STYLE('',(#15702));
#15702 = SURFACE_STYLE_FILL_AREA(#15703);
#15703 = FILL_AREA_STYLE('',(#15704));
#15704 = FILL_AREA_STYLE_COLOUR('',#14475);
#15705 = STYLED_ITEM('color',(#15706),#3068);
#15706 = PRESENTATION_STYLE_ASSIGNMENT((#15707));
#15707 = SURFACE_STYLE_USAGE(.BOTH.,#15708);
#15708 = SURFACE_SIDE_STYLE('',(#15709));
#15709 = SURFACE_STYLE_FILL_AREA(#15710);
#15710 = FILL_AREA_STYLE('',(#15711));
#15711 = FILL_AREA_STYLE_COLOUR('',#14475);
#15712 = STYLED_ITEM('color',(#15713),#3092);
#15713 = PRESENTATION_STYLE_ASSIGNMENT((#15714));
#15714 = SURFACE_STYLE_USAGE(.BOTH.,#15715);
#15715 = SURFACE_SIDE_STYLE('',(#15716));
#15716 = SURFACE_STYLE_FILL_AREA(#15717);
#15717 = FILL_AREA_STYLE('',(#15718));
#15718 = FILL_AREA_STYLE_COLOUR('',#14475);
#15719 = STYLED_ITEM('color',(#15720),#3116);
#15720 = PRESENTATION_STYLE_ASSIGNMENT((#15721));
#15721 = SURFACE_STYLE_USAGE(.BOTH.,#15722);
#15722 = SURFACE_SIDE_STYLE('',(#15723));
#15723 = SURFACE_STYLE_FILL_AREA(#15724);
#15724 = FILL_AREA_STYLE('',(#15725));
#15725 = FILL_AREA_STYLE_COLOUR('',#14475);
#15726 = STYLED_ITEM('color',(#15727),#3133);
#15727 = PRESENTATION_STYLE_ASSIGNMENT((#15728));
#15728 = SURFACE_STYLE_USAGE(.BOTH.,#15729);
#15729 = SURFACE_SIDE_STYLE('',(#15730));
#15730 = SURFACE_STYLE_FILL_AREA(#15731);
#15731 = FILL_AREA_STYLE('',(#15732));
#15732 = FILL_AREA_STYLE_COLOUR('',#14475);
#15733 = STYLED_ITEM('color',(#15734),#3164);
#15734 = PRESENTATION_STYLE_ASSIGNMENT((#15735));
#15735 = SURFACE_STYLE_USAGE(.BOTH.,#15736);
#15736 = SURFACE_SIDE_STYLE('',(#15737));
#15737 = SURFACE_STYLE_FILL_AREA(#15738);
#15738 = FILL_AREA_STYLE('',(#15739));
#15739 = FILL_AREA_STYLE_COLOUR('',#14475);
#15740 = STYLED_ITEM('color',(#15741),#3188);
#15741 = PRESENTATION_STYLE_ASSIGNMENT((#15742));
#15742 = SURFACE_STYLE_USAGE(.BOTH.,#15743);
#15743 = SURFACE_SIDE_STYLE('',(#15744));
#15744 = SURFACE_STYLE_FILL_AREA(#15745);
#15745 = FILL_AREA_STYLE('',(#15746));
#15746 = FILL_AREA_STYLE_COLOUR('',#14475);
#15747 = STYLED_ITEM('color',(#15748),#3212);
#15748 = PRESENTATION_STYLE_ASSIGNMENT((#15749));
#15749 = SURFACE_STYLE_USAGE(.BOTH.,#15750);
#15750 = SURFACE_SIDE_STYLE('',(#15751));
#15751 = SURFACE_STYLE_FILL_AREA(#15752);
#15752 = FILL_AREA_STYLE('',(#15753));
#15753 = FILL_AREA_STYLE_COLOUR('',#14475);
#15754 = STYLED_ITEM('color',(#15755),#3229);
#15755 = PRESENTATION_STYLE_ASSIGNMENT((#15756));
#15756 = SURFACE_STYLE_USAGE(.BOTH.,#15757);
#15757 = SURFACE_SIDE_STYLE('',(#15758));
#15758 = SURFACE_STYLE_FILL_AREA(#15759);
#15759 = FILL_AREA_STYLE('',(#15760));
#15760 = FILL_AREA_STYLE_COLOUR('',#14475);
#15761 = STYLED_ITEM('color',(#15762),#3260);
#15762 = PRESENTATION_STYLE_ASSIGNMENT((#15763));
#15763 = SURFACE_STYLE_USAGE(.BOTH.,#15764);
#15764 = SURFACE_SIDE_STYLE('',(#15765));
#15765 = SURFACE_STYLE_FILL_AREA(#15766);
#15766 = FILL_AREA_STYLE('',(#15767));
#15767 = FILL_AREA_STYLE_COLOUR('',#14475);
#15768 = STYLED_ITEM('color',(#15769),#3284);
#15769 = PRESENTATION_STYLE_ASSIGNMENT((#15770));
#15770 = SURFACE_STYLE_USAGE(.BOTH.,#15771);
#15771 = SURFACE_SIDE_STYLE('',(#15772));
#15772 = SURFACE_STYLE_FILL_AREA(#15773);
#15773 = FILL_AREA_STYLE('',(#15774));
#15774 = FILL_AREA_STYLE_COLOUR('',#14475);
#15775 = STYLED_ITEM('color',(#15776),#3308);
#15776 = PRESENTATION_STYLE_ASSIGNMENT((#15777));
#15777 = SURFACE_STYLE_USAGE(.BOTH.,#15778);
#15778 = SURFACE_SIDE_STYLE('',(#15779));
#15779 = SURFACE_STYLE_FILL_AREA(#15780);
#15780 = FILL_AREA_STYLE('',(#15781));
#15781 = FILL_AREA_STYLE_COLOUR('',#14475);
#15782 = STYLED_ITEM('color',(#15783),#3325);
#15783 = PRESENTATION_STYLE_ASSIGNMENT((#15784));
#15784 = SURFACE_STYLE_USAGE(.BOTH.,#15785);
#15785 = SURFACE_SIDE_STYLE('',(#15786));
#15786 = SURFACE_STYLE_FILL_AREA(#15787);
#15787 = FILL_AREA_STYLE('',(#15788));
#15788 = FILL_AREA_STYLE_COLOUR('',#14475);
#15789 = STYLED_ITEM('color',(#15790),#3356);
#15790 = PRESENTATION_STYLE_ASSIGNMENT((#15791));
#15791 = SURFACE_STYLE_USAGE(.BOTH.,#15792);
#15792 = SURFACE_SIDE_STYLE('',(#15793));
#15793 = SURFACE_STYLE_FILL_AREA(#15794);
#15794 = FILL_AREA_STYLE('',(#15795));
#15795 = FILL_AREA_STYLE_COLOUR('',#14475);
#15796 = STYLED_ITEM('color',(#15797),#3380);
#15797 = PRESENTATION_STYLE_ASSIGNMENT((#15798));
#15798 = SURFACE_STYLE_USAGE(.BOTH.,#15799);
#15799 = SURFACE_SIDE_STYLE('',(#15800));
#15800 = SURFACE_STYLE_FILL_AREA(#15801);
#15801 = FILL_AREA_STYLE('',(#15802));
#15802 = FILL_AREA_STYLE_COLOUR('',#14475);
#15803 = STYLED_ITEM('color',(#15804),#3404);
#15804 = PRESENTATION_STYLE_ASSIGNMENT((#15805));
#15805 = SURFACE_STYLE_USAGE(.BOTH.,#15806);
#15806 = SURFACE_SIDE_STYLE('',(#15807));
#15807 = SURFACE_STYLE_FILL_AREA(#15808);
#15808 = FILL_AREA_STYLE('',(#15809));
#15809 = FILL_AREA_STYLE_COLOUR('',#14475);
#15810 = STYLED_ITEM('color',(#15811),#3421);
#15811 = PRESENTATION_STYLE_ASSIGNMENT((#15812));
#15812 = SURFACE_STYLE_USAGE(.BOTH.,#15813);
#15813 = SURFACE_SIDE_STYLE('',(#15814));
#15814 = SURFACE_STYLE_FILL_AREA(#15815);
#15815 = FILL_AREA_STYLE('',(#15816));
#15816 = FILL_AREA_STYLE_COLOUR('',#14475);
#15817 = STYLED_ITEM('color',(#15818),#3452);
#15818 = PRESENTATION_STYLE_ASSIGNMENT((#15819));
#15819 = SURFACE_STYLE_USAGE(.BOTH.,#15820);
#15820 = SURFACE_SIDE_STYLE('',(#15821));
#15821 = SURFACE_STYLE_FILL_AREA(#15822);
#15822 = FILL_AREA_STYLE('',(#15823));
#15823 = FILL_AREA_STYLE_COLOUR('',#14475);
#15824 = STYLED_ITEM('color',(#15825),#3476);
#15825 = PRESENTATION_STYLE_ASSIGNMENT((#15826));
#15826 = SURFACE_STYLE_USAGE(.BOTH.,#15827);
#15827 = SURFACE_SIDE_STYLE('',(#15828));
#15828 = SURFACE_STYLE_FILL_AREA(#15829);
#15829 = FILL_AREA_STYLE('',(#15830));
#15830 = FILL_AREA_STYLE_COLOUR('',#14475);
#15831 = STYLED_ITEM('color',(#15832),#3500);
#15832 = PRESENTATION_STYLE_ASSIGNMENT((#15833));
#15833 = SURFACE_STYLE_USAGE(.BOTH.,#15834);
#15834 = SURFACE_SIDE_STYLE('',(#15835));
#15835 = SURFACE_STYLE_FILL_AREA(#15836);
#15836 = FILL_AREA_STYLE('',(#15837));
#15837 = FILL_AREA_STYLE_COLOUR('',#14475);
#15838 = STYLED_ITEM('color',(#15839),#3517);
#15839 = PRESENTATION_STYLE_ASSIGNMENT((#15840));
#15840 = SURFACE_STYLE_USAGE(.BOTH.,#15841);
#15841 = SURFACE_SIDE_STYLE('',(#15842));
#15842 = SURFACE_STYLE_FILL_AREA(#15843);
#15843 = FILL_AREA_STYLE('',(#15844));
#15844 = FILL_AREA_STYLE_COLOUR('',#14475);
#15845 = STYLED_ITEM('color',(#15846),#3548);
#15846 = PRESENTATION_STYLE_ASSIGNMENT((#15847));
#15847 = SURFACE_STYLE_USAGE(.BOTH.,#15848);
#15848 = SURFACE_SIDE_STYLE('',(#15849));
#15849 = SURFACE_STYLE_FILL_AREA(#15850);
#15850 = FILL_AREA_STYLE('',(#15851));
#15851 = FILL_AREA_STYLE_COLOUR('',#14475);
#15852 = STYLED_ITEM('color',(#15853),#3572);
#15853 = PRESENTATION_STYLE_ASSIGNMENT((#15854));
#15854 = SURFACE_STYLE_USAGE(.BOTH.,#15855);
#15855 = SURFACE_SIDE_STYLE('',(#15856));
#15856 = SURFACE_STYLE_FILL_AREA(#15857);
#15857 = FILL_AREA_STYLE('',(#15858));
#15858 = FILL_AREA_STYLE_COLOUR('',#14475);
#15859 = STYLED_ITEM('color',(#15860),#3596);
#15860 = PRESENTATION_STYLE_ASSIGNMENT((#15861));
#15861 = SURFACE_STYLE_USAGE(.BOTH.,#15862);
#15862 = SURFACE_SIDE_STYLE('',(#15863));
#15863 = SURFACE_STYLE_FILL_AREA(#15864);
#15864 = FILL_AREA_STYLE('',(#15865));
#15865 = FILL_AREA_STYLE_COLOUR('',#14475);
#15866 = STYLED_ITEM('color',(#15867),#3613);
#15867 = PRESENTATION_STYLE_ASSIGNMENT((#15868));
#15868 = SURFACE_STYLE_USAGE(.BOTH.,#15869);
#15869 = SURFACE_SIDE_STYLE('',(#15870));
#15870 = SURFACE_STYLE_FILL_AREA(#15871);
#15871 = FILL_AREA_STYLE('',(#15872));
#15872 = FILL_AREA_STYLE_COLOUR('',#14475);
#15873 = STYLED_ITEM('color',(#15874),#3644);
#15874 = PRESENTATION_STYLE_ASSIGNMENT((#15875));
#15875 = SURFACE_STYLE_USAGE(.BOTH.,#15876);
#15876 = SURFACE_SIDE_STYLE('',(#15877));
#15877 = SURFACE_STYLE_FILL_AREA(#15878);
#15878 = FILL_AREA_STYLE('',(#15879));
#15879 = FILL_AREA_STYLE_COLOUR('',#14475);
#15880 = STYLED_ITEM('color',(#15881),#3668);
#15881 = PRESENTATION_STYLE_ASSIGNMENT((#15882));
#15882 = SURFACE_STYLE_USAGE(.BOTH.,#15883);
#15883 = SURFACE_SIDE_STYLE('',(#15884));
#15884 = SURFACE_STYLE_FILL_AREA(#15885);
#15885 = FILL_AREA_STYLE('',(#15886));
#15886 = FILL_AREA_STYLE_COLOUR('',#14475);
#15887 = STYLED_ITEM('color',(#15888),#3692);
#15888 = PRESENTATION_STYLE_ASSIGNMENT((#15889));
#15889 = SURFACE_STYLE_USAGE(.BOTH.,#15890);
#15890 = SURFACE_SIDE_STYLE('',(#15891));
#15891 = SURFACE_STYLE_FILL_AREA(#15892);
#15892 = FILL_AREA_STYLE('',(#15893));
#15893 = FILL_AREA_STYLE_COLOUR('',#14475);
#15894 = STYLED_ITEM('color',(#15895),#3709);
#15895 = PRESENTATION_STYLE_ASSIGNMENT((#15896));
#15896 = SURFACE_STYLE_USAGE(.BOTH.,#15897);
#15897 = SURFACE_SIDE_STYLE('',(#15898));
#15898 = SURFACE_STYLE_FILL_AREA(#15899);
#15899 = FILL_AREA_STYLE('',(#15900));
#15900 = FILL_AREA_STYLE_COLOUR('',#14475);
#15901 = STYLED_ITEM('color',(#15902),#3740);
#15902 = PRESENTATION_STYLE_ASSIGNMENT((#15903));
#15903 = SURFACE_STYLE_USAGE(.BOTH.,#15904);
#15904 = SURFACE_SIDE_STYLE('',(#15905));
#15905 = SURFACE_STYLE_FILL_AREA(#15906);
#15906 = FILL_AREA_STYLE('',(#15907));
#15907 = FILL_AREA_STYLE_COLOUR('',#14475);
#15908 = STYLED_ITEM('color',(#15909),#3764);
#15909 = PRESENTATION_STYLE_ASSIGNMENT((#15910));
#15910 = SURFACE_STYLE_USAGE(.BOTH.,#15911);
#15911 = SURFACE_SIDE_STYLE('',(#15912));
#15912 = SURFACE_STYLE_FILL_AREA(#15913);
#15913 = FILL_AREA_STYLE('',(#15914));
#15914 = FILL_AREA_STYLE_COLOUR('',#14475);
#15915 = STYLED_ITEM('color',(#15916),#3788);
#15916 = PRESENTATION_STYLE_ASSIGNMENT((#15917));
#15917 = SURFACE_STYLE_USAGE(.BOTH.,#15918);
#15918 = SURFACE_SIDE_STYLE('',(#15919));
#15919 = SURFACE_STYLE_FILL_AREA(#15920);
#15920 = FILL_AREA_STYLE('',(#15921));
#15921 = FILL_AREA_STYLE_COLOUR('',#14475);
#15922 = STYLED_ITEM('color',(#15923),#3805);
#15923 = PRESENTATION_STYLE_ASSIGNMENT((#15924));
#15924 = SURFACE_STYLE_USAGE(.BOTH.,#15925);
#15925 = SURFACE_SIDE_STYLE('',(#15926));
#15926 = SURFACE_STYLE_FILL_AREA(#15927);
#15927 = FILL_AREA_STYLE('',(#15928));
#15928 = FILL_AREA_STYLE_COLOUR('',#14475);
#15929 = STYLED_ITEM('color',(#15930),#3836);
#15930 = PRESENTATION_STYLE_ASSIGNMENT((#15931));
#15931 = SURFACE_STYLE_USAGE(.BOTH.,#15932);
#15932 = SURFACE_SIDE_STYLE('',(#15933));
#15933 = SURFACE_STYLE_FILL_AREA(#15934);
#15934 = FILL_AREA_STYLE('',(#15935));
#15935 = FILL_AREA_STYLE_COLOUR('',#14475);
#15936 = STYLED_ITEM('color',(#15937),#3860);
#15937 = PRESENTATION_STYLE_ASSIGNMENT((#15938));
#15938 = SURFACE_STYLE_USAGE(.BOTH.,#15939);
#15939 = SURFACE_SIDE_STYLE('',(#15940));
#15940 = SURFACE_STYLE_FILL_AREA(#15941);
#15941 = FILL_AREA_STYLE('',(#15942));
#15942 = FILL_AREA_STYLE_COLOUR('',#14475);
#15943 = STYLED_ITEM('color',(#15944),#3884);
#15944 = PRESENTATION_STYLE_ASSIGNMENT((#15945));
#15945 = SURFACE_STYLE_USAGE(.BOTH.,#15946);
#15946 = SURFACE_SIDE_STYLE('',(#15947));
#15947 = SURFACE_STYLE_FILL_AREA(#15948);
#15948 = FILL_AREA_STYLE('',(#15949));
#15949 = FILL_AREA_STYLE_COLOUR('',#14475);
#15950 = STYLED_ITEM('color',(#15951),#3901);
#15951 = PRESENTATION_STYLE_ASSIGNMENT((#15952));
#15952 = SURFACE_STYLE_USAGE(.BOTH.,#15953);
#15953 = SURFACE_SIDE_STYLE('',(#15954));
#15954 = SURFACE_STYLE_FILL_AREA(#15955);
#15955 = FILL_AREA_STYLE('',(#15956));
#15956 = FILL_AREA_STYLE_COLOUR('',#14475);
#15957 = STYLED_ITEM('color',(#15958),#3932);
#15958 = PRESENTATION_STYLE_ASSIGNMENT((#15959));
#15959 = SURFACE_STYLE_USAGE(.BOTH.,#15960);
#15960 = SURFACE_SIDE_STYLE('',(#15961));
#15961 = SURFACE_STYLE_FILL_AREA(#15962);
#15962 = FILL_AREA_STYLE('',(#15963));
#15963 = FILL_AREA_STYLE_COLOUR('',#14475);
#15964 = STYLED_ITEM('color',(#15965),#3956);
#15965 = PRESENTATION_STYLE_ASSIGNMENT((#15966));
#15966 = SURFACE_STYLE_USAGE(.BOTH.,#15967);
#15967 = SURFACE_SIDE_STYLE('',(#15968));
#15968 = SURFACE_STYLE_FILL_AREA(#15969);
#15969 = FILL_AREA_STYLE('',(#15970));
#15970 = FILL_AREA_STYLE_COLOUR('',#14475);
#15971 = STYLED_ITEM('color',(#15972),#3980);
#15972 = PRESENTATION_STYLE_ASSIGNMENT((#15973));
#15973 = SURFACE_STYLE_USAGE(.BOTH.,#15974);
#15974 = SURFACE_SIDE_STYLE('',(#15975));
#15975 = SURFACE_STYLE_FILL_AREA(#15976);
#15976 = FILL_AREA_STYLE('',(#15977));
#15977 = FILL_AREA_STYLE_COLOUR('',#14475);
#15978 = STYLED_ITEM('color',(#15979),#3997);
#15979 = PRESENTATION_STYLE_ASSIGNMENT((#15980));
#15980 = SURFACE_STYLE_USAGE(.BOTH.,#15981);
#15981 = SURFACE_SIDE_STYLE('',(#15982));
#15982 = SURFACE_STYLE_FILL_AREA(#15983);
#15983 = FILL_AREA_STYLE('',(#15984));
#15984 = FILL_AREA_STYLE_COLOUR('',#14475);
#15985 = STYLED_ITEM('color',(#15986),#4028);
#15986 = PRESENTATION_STYLE_ASSIGNMENT((#15987));
#15987 = SURFACE_STYLE_USAGE(.BOTH.,#15988);
#15988 = SURFACE_SIDE_STYLE('',(#15989));
#15989 = SURFACE_STYLE_FILL_AREA(#15990);
#15990 = FILL_AREA_STYLE('',(#15991));
#15991 = FILL_AREA_STYLE_COLOUR('',#14475);
#15992 = STYLED_ITEM('color',(#15993),#4052);
#15993 = PRESENTATION_STYLE_ASSIGNMENT((#15994));
#15994 = SURFACE_STYLE_USAGE(.BOTH.,#15995);
#15995 = SURFACE_SIDE_STYLE('',(#15996));
#15996 = SURFACE_STYLE_FILL_AREA(#15997);
#15997 = FILL_AREA_STYLE('',(#15998));
#15998 = FILL_AREA_STYLE_COLOUR('',#14475);
#15999 = STYLED_ITEM('color',(#16000),#4076);
#16000 = PRESENTATION_STYLE_ASSIGNMENT((#16001));
#16001 = SURFACE_STYLE_USAGE(.BOTH.,#16002);
#16002 = SURFACE_SIDE_STYLE('',(#16003));
#16003 = SURFACE_STYLE_FILL_AREA(#16004);
#16004 = FILL_AREA_STYLE('',(#16005));
#16005 = FILL_AREA_STYLE_COLOUR('',#14475);
#16006 = STYLED_ITEM('color',(#16007),#4093);
#16007 = PRESENTATION_STYLE_ASSIGNMENT((#16008));
#16008 = SURFACE_STYLE_USAGE(.BOTH.,#16009);
#16009 = SURFACE_SIDE_STYLE('',(#16010));
#16010 = SURFACE_STYLE_FILL_AREA(#16011);
#16011 = FILL_AREA_STYLE('',(#16012));
#16012 = FILL_AREA_STYLE_COLOUR('',#14475);
#16013 = STYLED_ITEM('color',(#16014),#4124);
#16014 = PRESENTATION_STYLE_ASSIGNMENT((#16015));
#16015 = SURFACE_STYLE_USAGE(.BOTH.,#16016);
#16016 = SURFACE_SIDE_STYLE('',(#16017));
#16017 = SURFACE_STYLE_FILL_AREA(#16018);
#16018 = FILL_AREA_STYLE('',(#16019));
#16019 = FILL_AREA_STYLE_COLOUR('',#14475);
#16020 = STYLED_ITEM('color',(#16021),#4148);
#16021 = PRESENTATION_STYLE_ASSIGNMENT((#16022));
#16022 = SURFACE_STYLE_USAGE(.BOTH.,#16023);
#16023 = SURFACE_SIDE_STYLE('',(#16024));
#16024 = SURFACE_STYLE_FILL_AREA(#16025);
#16025 = FILL_AREA_STYLE('',(#16026));
#16026 = FILL_AREA_STYLE_COLOUR('',#14475);
#16027 = STYLED_ITEM('color',(#16028),#4172);
#16028 = PRESENTATION_STYLE_ASSIGNMENT((#16029));
#16029 = SURFACE_STYLE_USAGE(.BOTH.,#16030);
#16030 = SURFACE_SIDE_STYLE('',(#16031));
#16031 = SURFACE_STYLE_FILL_AREA(#16032);
#16032 = FILL_AREA_STYLE('',(#16033));
#16033 = FILL_AREA_STYLE_COLOUR('',#14475);
#16034 = STYLED_ITEM('color',(#16035),#4189);
#16035 = PRESENTATION_STYLE_ASSIGNMENT((#16036));
#16036 = SURFACE_STYLE_USAGE(.BOTH.,#16037);
#16037 = SURFACE_SIDE_STYLE('',(#16038));
#16038 = SURFACE_STYLE_FILL_AREA(#16039);
#16039 = FILL_AREA_STYLE('',(#16040));
#16040 = FILL_AREA_STYLE_COLOUR('',#14475);
#16041 = STYLED_ITEM('color',(#16042),#4220);
#16042 = PRESENTATION_STYLE_ASSIGNMENT((#16043));
#16043 = SURFACE_STYLE_USAGE(.BOTH.,#16044);
#16044 = SURFACE_SIDE_STYLE('',(#16045));
#16045 = SURFACE_STYLE_FILL_AREA(#16046);
#16046 = FILL_AREA_STYLE('',(#16047));
#16047 = FILL_AREA_STYLE_COLOUR('',#14475);
#16048 = STYLED_ITEM('color',(#16049),#4244);
#16049 = PRESENTATION_STYLE_ASSIGNMENT((#16050));
#16050 = SURFACE_STYLE_USAGE(.BOTH.,#16051);
#16051 = SURFACE_SIDE_STYLE('',(#16052));
#16052 = SURFACE_STYLE_FILL_AREA(#16053);
#16053 = FILL_AREA_STYLE('',(#16054));
#16054 = FILL_AREA_STYLE_COLOUR('',#14475);
#16055 = STYLED_ITEM('color',(#16056),#4268);
#16056 = PRESENTATION_STYLE_ASSIGNMENT((#16057));
#16057 = SURFACE_STYLE_USAGE(.BOTH.,#16058);
#16058 = SURFACE_SIDE_STYLE('',(#16059));
#16059 = SURFACE_STYLE_FILL_AREA(#16060);
#16060 = FILL_AREA_STYLE('',(#16061));
#16061 = FILL_AREA_STYLE_COLOUR('',#14475);
#16062 = STYLED_ITEM('color',(#16063),#4285);
#16063 = PRESENTATION_STYLE_ASSIGNMENT((#16064));
#16064 = SURFACE_STYLE_USAGE(.BOTH.,#16065);
#16065 = SURFACE_SIDE_STYLE('',(#16066));
#16066 = SURFACE_STYLE_FILL_AREA(#16067);
#16067 = FILL_AREA_STYLE('',(#16068));
#16068 = FILL_AREA_STYLE_COLOUR('',#14475);
#16069 = STYLED_ITEM('color',(#16070),#4297);
#16070 = PRESENTATION_STYLE_ASSIGNMENT((#16071));
#16071 = SURFACE_STYLE_USAGE(.BOTH.,#16072);
#16072 = SURFACE_SIDE_STYLE('',(#16073));
#16073 = SURFACE_STYLE_FILL_AREA(#16074);
#16074 = FILL_AREA_STYLE('',(#16075));
#16075 = FILL_AREA_STYLE_COLOUR('',#14475);
#16076 = STYLED_ITEM('color',(#16077),#4309);
#16077 = PRESENTATION_STYLE_ASSIGNMENT((#16078));
#16078 = SURFACE_STYLE_USAGE(.BOTH.,#16079);
#16079 = SURFACE_SIDE_STYLE('',(#16080));
#16080 = SURFACE_STYLE_FILL_AREA(#16081);
#16081 = FILL_AREA_STYLE('',(#16082));
#16082 = FILL_AREA_STYLE_COLOUR('',#14475);
#16083 = STYLED_ITEM('color',(#16084),#4321);
#16084 = PRESENTATION_STYLE_ASSIGNMENT((#16085));
#16085 = SURFACE_STYLE_USAGE(.BOTH.,#16086);
#16086 = SURFACE_SIDE_STYLE('',(#16087));
#16087 = SURFACE_STYLE_FILL_AREA(#16088);
#16088 = FILL_AREA_STYLE('',(#16089));
#16089 = FILL_AREA_STYLE_COLOUR('',#14475);
#16090 = STYLED_ITEM('color',(#16091),#4333);
#16091 = PRESENTATION_STYLE_ASSIGNMENT((#16092));
#16092 = SURFACE_STYLE_USAGE(.BOTH.,#16093);
#16093 = SURFACE_SIDE_STYLE('',(#16094));
#16094 = SURFACE_STYLE_FILL_AREA(#16095);
#16095 = FILL_AREA_STYLE('',(#16096));
#16096 = FILL_AREA_STYLE_COLOUR('',#14475);
#16097 = STYLED_ITEM('color',(#16098),#4345);
#16098 = PRESENTATION_STYLE_ASSIGNMENT((#16099));
#16099 = SURFACE_STYLE_USAGE(.BOTH.,#16100);
#16100 = SURFACE_SIDE_STYLE('',(#16101));
#16101 = SURFACE_STYLE_FILL_AREA(#16102);
#16102 = FILL_AREA_STYLE('',(#16103));
#16103 = FILL_AREA_STYLE_COLOUR('',#14475);
#16104 = STYLED_ITEM('color',(#16105),#4357);
#16105 = PRESENTATION_STYLE_ASSIGNMENT((#16106));
#16106 = SURFACE_STYLE_USAGE(.BOTH.,#16107);
#16107 = SURFACE_SIDE_STYLE('',(#16108));
#16108 = SURFACE_STYLE_FILL_AREA(#16109);
#16109 = FILL_AREA_STYLE('',(#16110));
#16110 = FILL_AREA_STYLE_COLOUR('',#14475);
#16111 = STYLED_ITEM('color',(#16112),#4369);
#16112 = PRESENTATION_STYLE_ASSIGNMENT((#16113));
#16113 = SURFACE_STYLE_USAGE(.BOTH.,#16114);
#16114 = SURFACE_SIDE_STYLE('',(#16115));
#16115 = SURFACE_STYLE_FILL_AREA(#16116);
#16116 = FILL_AREA_STYLE('',(#16117));
#16117 = FILL_AREA_STYLE_COLOUR('',#14475);
#16118 = STYLED_ITEM('color',(#16119),#4381);
#16119 = PRESENTATION_STYLE_ASSIGNMENT((#16120));
#16120 = SURFACE_STYLE_USAGE(.BOTH.,#16121);
#16121 = SURFACE_SIDE_STYLE('',(#16122));
#16122 = SURFACE_STYLE_FILL_AREA(#16123);
#16123 = FILL_AREA_STYLE('',(#16124));
#16124 = FILL_AREA_STYLE_COLOUR('',#14475);
#16125 = STYLED_ITEM('color',(#16126),#4393);
#16126 = PRESENTATION_STYLE_ASSIGNMENT((#16127));
#16127 = SURFACE_STYLE_USAGE(.BOTH.,#16128);
#16128 = SURFACE_SIDE_STYLE('',(#16129));
#16129 = SURFACE_STYLE_FILL_AREA(#16130);
#16130 = FILL_AREA_STYLE('',(#16131));
#16131 = FILL_AREA_STYLE_COLOUR('',#14475);
#16132 = MECHANICAL_DESIGN_GEOMETRIC_PRESENTATION_REPRESENTATION('',(
    #16133,#16141,#16148,#16155,#16162,#16169,#16176,#16183,#16190,
    #16197,#16204,#16211,#16218,#16225,#16232,#16239,#16246,#16253,
    #16260,#16267,#16274,#16281,#16288,#16295,#16302,#16309,#16316,
    #16323,#16330,#16337,#16344,#16351,#16358,#16365,#16372,#16379,
    #16387,#16394,#16401,#16408,#16415,#16422,#16429,#16436,#16443,
    #16450,#16457,#16464,#16471,#16478),#12786);
#16133 = STYLED_ITEM('color',(#16134),#11265);
#16134 = PRESENTATION_STYLE_ASSIGNMENT((#16135));
#16135 = SURFACE_STYLE_USAGE(.BOTH.,#16136);
#16136 = SURFACE_SIDE_STYLE('',(#16137));
#16137 = SURFACE_STYLE_FILL_AREA(#16138);
#16138 = FILL_AREA_STYLE('',(#16139));
#16139 = FILL_AREA_STYLE_COLOUR('',#16140);
#16140 = COLOUR_RGB('',0.894999966383,0.890999961016,0.813000030345);
#16141 = STYLED_ITEM('color',(#16142),#11305);
#16142 = PRESENTATION_STYLE_ASSIGNMENT((#16143));
#16143 = SURFACE_STYLE_USAGE(.BOTH.,#16144);
#16144 = SURFACE_SIDE_STYLE('',(#16145));
#16145 = SURFACE_STYLE_FILL_AREA(#16146);
#16146 = FILL_AREA_STYLE('',(#16147));
#16147 = FILL_AREA_STYLE_COLOUR('',#16140);
#16148 = STYLED_ITEM('color',(#16149),#11352);
#16149 = PRESENTATION_STYLE_ASSIGNMENT((#16150));
#16150 = SURFACE_STYLE_USAGE(.BOTH.,#16151);
#16151 = SURFACE_SIDE_STYLE('',(#16152));
#16152 = SURFACE_STYLE_FILL_AREA(#16153);
#16153 = FILL_AREA_STYLE('',(#16154));
#16154 = FILL_AREA_STYLE_COLOUR('',#16140);
#16155 = STYLED_ITEM('color',(#16156),#11431);
#16156 = PRESENTATION_STYLE_ASSIGNMENT((#16157));
#16157 = SURFACE_STYLE_USAGE(.BOTH.,#16158);
#16158 = SURFACE_SIDE_STYLE('',(#16159));
#16159 = SURFACE_STYLE_FILL_AREA(#16160);
#16160 = FILL_AREA_STYLE('',(#16161));
#16161 = FILL_AREA_STYLE_COLOUR('',#16140);
#16162 = STYLED_ITEM('color',(#16163),#11455);
#16163 = PRESENTATION_STYLE_ASSIGNMENT((#16164));
#16164 = SURFACE_STYLE_USAGE(.BOTH.,#16165);
#16165 = SURFACE_SIDE_STYLE('',(#16166));
#16166 = SURFACE_STYLE_FILL_AREA(#16167);
#16167 = FILL_AREA_STYLE('',(#16168));
#16168 = FILL_AREA_STYLE_COLOUR('',#16140);
#16169 = STYLED_ITEM('color',(#16170),#11495);
#16170 = PRESENTATION_STYLE_ASSIGNMENT((#16171));
#16171 = SURFACE_STYLE_USAGE(.BOTH.,#16172);
#16172 = SURFACE_SIDE_STYLE('',(#16173));
#16173 = SURFACE_STYLE_FILL_AREA(#16174);
#16174 = FILL_AREA_STYLE('',(#16175));
#16175 = FILL_AREA_STYLE_COLOUR('',#16140);
#16176 = STYLED_ITEM('color',(#16177),#11526);
#16177 = PRESENTATION_STYLE_ASSIGNMENT((#16178));
#16178 = SURFACE_STYLE_USAGE(.BOTH.,#16179);
#16179 = SURFACE_SIDE_STYLE('',(#16180));
#16180 = SURFACE_STYLE_FILL_AREA(#16181);
#16181 = FILL_AREA_STYLE('',(#16182));
#16182 = FILL_AREA_STYLE_COLOUR('',#16140);
#16183 = STYLED_ITEM('color',(#16184),#11543);
#16184 = PRESENTATION_STYLE_ASSIGNMENT((#16185));
#16185 = SURFACE_STYLE_USAGE(.BOTH.,#16186);
#16186 = SURFACE_SIDE_STYLE('',(#16187));
#16187 = SURFACE_STYLE_FILL_AREA(#16188);
#16188 = FILL_AREA_STYLE('',(#16189));
#16189 = FILL_AREA_STYLE_COLOUR('',#14475);
#16190 = STYLED_ITEM('color',(#16191),#11576);
#16191 = PRESENTATION_STYLE_ASSIGNMENT((#16192));
#16192 = SURFACE_STYLE_USAGE(.BOTH.,#16193);
#16193 = SURFACE_SIDE_STYLE('',(#16194));
#16194 = SURFACE_STYLE_FILL_AREA(#16195);
#16195 = FILL_AREA_STYLE('',(#16196));
#16196 = FILL_AREA_STYLE_COLOUR('',#16140);
#16197 = STYLED_ITEM('color',(#16198),#11600);
#16198 = PRESENTATION_STYLE_ASSIGNMENT((#16199));
#16199 = SURFACE_STYLE_USAGE(.BOTH.,#16200);
#16200 = SURFACE_SIDE_STYLE('',(#16201));
#16201 = SURFACE_STYLE_FILL_AREA(#16202);
#16202 = FILL_AREA_STYLE('',(#16203));
#16203 = FILL_AREA_STYLE_COLOUR('',#14475);
#16204 = STYLED_ITEM('color',(#16205),#11667);
#16205 = PRESENTATION_STYLE_ASSIGNMENT((#16206));
#16206 = SURFACE_STYLE_USAGE(.BOTH.,#16207);
#16207 = SURFACE_SIDE_STYLE('',(#16208));
#16208 = SURFACE_STYLE_FILL_AREA(#16209);
#16209 = FILL_AREA_STYLE('',(#16210));
#16210 = FILL_AREA_STYLE_COLOUR('',#16140);
#16211 = STYLED_ITEM('color',(#16212),#11788);
#16212 = PRESENTATION_STYLE_ASSIGNMENT((#16213));
#16213 = SURFACE_STYLE_USAGE(.BOTH.,#16214);
#16214 = SURFACE_SIDE_STYLE('',(#16215));
#16215 = SURFACE_STYLE_FILL_AREA(#16216);
#16216 = FILL_AREA_STYLE('',(#16217));
#16217 = FILL_AREA_STYLE_COLOUR('',#14475);
#16218 = STYLED_ITEM('color',(#16219),#11855);
#16219 = PRESENTATION_STYLE_ASSIGNMENT((#16220));
#16220 = SURFACE_STYLE_USAGE(.BOTH.,#16221);
#16221 = SURFACE_SIDE_STYLE('',(#16222));
#16222 = SURFACE_STYLE_FILL_AREA(#16223);
#16223 = FILL_AREA_STYLE('',(#16224));
#16224 = FILL_AREA_STYLE_COLOUR('',#16140);
#16225 = STYLED_ITEM('color',(#16226),#11879);
#16226 = PRESENTATION_STYLE_ASSIGNMENT((#16227));
#16227 = SURFACE_STYLE_USAGE(.BOTH.,#16228);
#16228 = SURFACE_SIDE_STYLE('',(#16229));
#16229 = SURFACE_STYLE_FILL_AREA(#16230);
#16230 = FILL_AREA_STYLE('',(#16231));
#16231 = FILL_AREA_STYLE_COLOUR('',#16140);
#16232 = STYLED_ITEM('color',(#16233),#11910);
#16233 = PRESENTATION_STYLE_ASSIGNMENT((#16234));
#16234 = SURFACE_STYLE_USAGE(.BOTH.,#16235);
#16235 = SURFACE_SIDE_STYLE('',(#16236));
#16236 = SURFACE_STYLE_FILL_AREA(#16237);
#16237 = FILL_AREA_STYLE('',(#16238));
#16238 = FILL_AREA_STYLE_COLOUR('',#14475);
#16239 = STYLED_ITEM('color',(#16240),#11943);
#16240 = PRESENTATION_STYLE_ASSIGNMENT((#16241));
#16241 = SURFACE_STYLE_USAGE(.BOTH.,#16242);
#16242 = SURFACE_SIDE_STYLE('',(#16243));
#16243 = SURFACE_STYLE_FILL_AREA(#16244);
#16244 = FILL_AREA_STYLE('',(#16245));
#16245 = FILL_AREA_STYLE_COLOUR('',#16140);
#16246 = STYLED_ITEM('color',(#16247),#11999);
#16247 = PRESENTATION_STYLE_ASSIGNMENT((#16248));
#16248 = SURFACE_STYLE_USAGE(.BOTH.,#16249);
#16249 = SURFACE_SIDE_STYLE('',(#16250));
#16250 = SURFACE_STYLE_FILL_AREA(#16251);
#16251 = FILL_AREA_STYLE('',(#16252));
#16252 = FILL_AREA_STYLE_COLOUR('',#14475);
#16253 = STYLED_ITEM('color',(#16254),#12023);
#16254 = PRESENTATION_STYLE_ASSIGNMENT((#16255));
#16255 = SURFACE_STYLE_USAGE(.BOTH.,#16256);
#16256 = SURFACE_SIDE_STYLE('',(#16257));
#16257 = SURFACE_STYLE_FILL_AREA(#16258);
#16258 = FILL_AREA_STYLE('',(#16259));
#16259 = FILL_AREA_STYLE_COLOUR('',#14475);
#16260 = STYLED_ITEM('color',(#16261),#12047);
#16261 = PRESENTATION_STYLE_ASSIGNMENT((#16262));
#16262 = SURFACE_STYLE_USAGE(.BOTH.,#16263);
#16263 = SURFACE_SIDE_STYLE('',(#16264));
#16264 = SURFACE_STYLE_FILL_AREA(#16265);
#16265 = FILL_AREA_STYLE('',(#16266));
#16266 = FILL_AREA_STYLE_COLOUR('',#14475);
#16267 = STYLED_ITEM('color',(#16268),#12071);
#16268 = PRESENTATION_STYLE_ASSIGNMENT((#16269));
#16269 = SURFACE_STYLE_USAGE(.BOTH.,#16270);
#16270 = SURFACE_SIDE_STYLE('',(#16271));
#16271 = SURFACE_STYLE_FILL_AREA(#16272);
#16272 = FILL_AREA_STYLE('',(#16273));
#16273 = FILL_AREA_STYLE_COLOUR('',#14475);
#16274 = STYLED_ITEM('color',(#16275),#12104);
#16275 = PRESENTATION_STYLE_ASSIGNMENT((#16276));
#16276 = SURFACE_STYLE_USAGE(.BOTH.,#16277);
#16277 = SURFACE_SIDE_STYLE('',(#16278));
#16278 = SURFACE_STYLE_FILL_AREA(#16279);
#16279 = FILL_AREA_STYLE('',(#16280));
#16280 = FILL_AREA_STYLE_COLOUR('',#14475);
#16281 = STYLED_ITEM('color',(#16282),#12116);
#16282 = PRESENTATION_STYLE_ASSIGNMENT((#16283));
#16283 = SURFACE_STYLE_USAGE(.BOTH.,#16284);
#16284 = SURFACE_SIDE_STYLE('',(#16285));
#16285 = SURFACE_STYLE_FILL_AREA(#16286);
#16286 = FILL_AREA_STYLE('',(#16287));
#16287 = FILL_AREA_STYLE_COLOUR('',#14475);
#16288 = STYLED_ITEM('color',(#16289),#12179);
#16289 = PRESENTATION_STYLE_ASSIGNMENT((#16290));
#16290 = SURFACE_STYLE_USAGE(.BOTH.,#16291);
#16291 = SURFACE_SIDE_STYLE('',(#16292));
#16292 = SURFACE_STYLE_FILL_AREA(#16293);
#16293 = FILL_AREA_STYLE('',(#16294));
#16294 = FILL_AREA_STYLE_COLOUR('',#14475);
#16295 = STYLED_ITEM('color',(#16296),#12204);
#16296 = PRESENTATION_STYLE_ASSIGNMENT((#16297));
#16297 = SURFACE_STYLE_USAGE(.BOTH.,#16298);
#16298 = SURFACE_SIDE_STYLE('',(#16299));
#16299 = SURFACE_STYLE_FILL_AREA(#16300);
#16300 = FILL_AREA_STYLE('',(#16301));
#16301 = FILL_AREA_STYLE_COLOUR('',#14475);
#16302 = STYLED_ITEM('color',(#16303),#12221);
#16303 = PRESENTATION_STYLE_ASSIGNMENT((#16304));
#16304 = SURFACE_STYLE_USAGE(.BOTH.,#16305);
#16305 = SURFACE_SIDE_STYLE('',(#16306));
#16306 = SURFACE_STYLE_FILL_AREA(#16307);
#16307 = FILL_AREA_STYLE('',(#16308));
#16308 = FILL_AREA_STYLE_COLOUR('',#14475);
#16309 = STYLED_ITEM('color',(#16310),#12245);
#16310 = PRESENTATION_STYLE_ASSIGNMENT((#16311));
#16311 = SURFACE_STYLE_USAGE(.BOTH.,#16312);
#16312 = SURFACE_SIDE_STYLE('',(#16313));
#16313 = SURFACE_STYLE_FILL_AREA(#16314);
#16314 = FILL_AREA_STYLE('',(#16315));
#16315 = FILL_AREA_STYLE_COLOUR('',#14475);
#16316 = STYLED_ITEM('color',(#16317),#12263);
#16317 = PRESENTATION_STYLE_ASSIGNMENT((#16318));
#16318 = SURFACE_STYLE_USAGE(.BOTH.,#16319);
#16319 = SURFACE_SIDE_STYLE('',(#16320));
#16320 = SURFACE_STYLE_FILL_AREA(#16321);
#16321 = FILL_AREA_STYLE('',(#16322));
#16322 = FILL_AREA_STYLE_COLOUR('',#14475);
#16323 = STYLED_ITEM('color',(#16324),#12281);
#16324 = PRESENTATION_STYLE_ASSIGNMENT((#16325));
#16325 = SURFACE_STYLE_USAGE(.BOTH.,#16326);
#16326 = SURFACE_SIDE_STYLE('',(#16327));
#16327 = SURFACE_STYLE_FILL_AREA(#16328);
#16328 = FILL_AREA_STYLE('',(#16329));
#16329 = FILL_AREA_STYLE_COLOUR('',#14475);
#16330 = STYLED_ITEM('color',(#16331),#12299);
#16331 = PRESENTATION_STYLE_ASSIGNMENT((#16332));
#16332 = SURFACE_STYLE_USAGE(.BOTH.,#16333);
#16333 = SURFACE_SIDE_STYLE('',(#16334));
#16334 = SURFACE_STYLE_FILL_AREA(#16335);
#16335 = FILL_AREA_STYLE('',(#16336));
#16336 = FILL_AREA_STYLE_COLOUR('',#14475);
#16337 = STYLED_ITEM('color',(#16338),#12316);
#16338 = PRESENTATION_STYLE_ASSIGNMENT((#16339));
#16339 = SURFACE_STYLE_USAGE(.BOTH.,#16340);
#16340 = SURFACE_SIDE_STYLE('',(#16341));
#16341 = SURFACE_STYLE_FILL_AREA(#16342);
#16342 = FILL_AREA_STYLE('',(#16343));
#16343 = FILL_AREA_STYLE_COLOUR('',#14475);
#16344 = STYLED_ITEM('color',(#16345),#12333);
#16345 = PRESENTATION_STYLE_ASSIGNMENT((#16346));
#16346 = SURFACE_STYLE_USAGE(.BOTH.,#16347);
#16347 = SURFACE_SIDE_STYLE('',(#16348));
#16348 = SURFACE_STYLE_FILL_AREA(#16349);
#16349 = FILL_AREA_STYLE('',(#16350));
#16350 = FILL_AREA_STYLE_COLOUR('',#14475);
#16351 = STYLED_ITEM('color',(#16352),#12364);
#16352 = PRESENTATION_STYLE_ASSIGNMENT((#16353));
#16353 = SURFACE_STYLE_USAGE(.BOTH.,#16354);
#16354 = SURFACE_SIDE_STYLE('',(#16355));
#16355 = SURFACE_STYLE_FILL_AREA(#16356);
#16356 = FILL_AREA_STYLE('',(#16357));
#16357 = FILL_AREA_STYLE_COLOUR('',#14475);
#16358 = STYLED_ITEM('color',(#16359),#12389);
#16359 = PRESENTATION_STYLE_ASSIGNMENT((#16360));
#16360 = SURFACE_STYLE_USAGE(.BOTH.,#16361);
#16361 = SURFACE_SIDE_STYLE('',(#16362));
#16362 = SURFACE_STYLE_FILL_AREA(#16363);
#16363 = FILL_AREA_STYLE('',(#16364));
#16364 = FILL_AREA_STYLE_COLOUR('',#14475);
#16365 = STYLED_ITEM('color',(#16366),#12414);
#16366 = PRESENTATION_STYLE_ASSIGNMENT((#16367));
#16367 = SURFACE_STYLE_USAGE(.BOTH.,#16368);
#16368 = SURFACE_SIDE_STYLE('',(#16369));
#16369 = SURFACE_STYLE_FILL_AREA(#16370);
#16370 = FILL_AREA_STYLE('',(#16371));
#16371 = FILL_AREA_STYLE_COLOUR('',#14475);
#16372 = STYLED_ITEM('color',(#16373),#12438);
#16373 = PRESENTATION_STYLE_ASSIGNMENT((#16374));
#16374 = SURFACE_STYLE_USAGE(.BOTH.,#16375);
#16375 = SURFACE_SIDE_STYLE('',(#16376));
#16376 = SURFACE_STYLE_FILL_AREA(#16377);
#16377 = FILL_AREA_STYLE('',(#16378));
#16378 = FILL_AREA_STYLE_COLOUR('',#14475);
#16379 = STYLED_ITEM('color',(#16380),#12455);
#16380 = PRESENTATION_STYLE_ASSIGNMENT((#16381));
#16381 = SURFACE_STYLE_USAGE(.BOTH.,#16382);
#16382 = SURFACE_SIDE_STYLE('',(#16383));
#16383 = SURFACE_STYLE_FILL_AREA(#16384);
#16384 = FILL_AREA_STYLE('',(#16385));
#16385 = FILL_AREA_STYLE_COLOUR('',#16386);
#16386 = COLOUR_RGB('',0.340000006699,0.68000001254,0.444999988852);
#16387 = STYLED_ITEM('color',(#16388),#12486);
#16388 = PRESENTATION_STYLE_ASSIGNMENT((#16389));
#16389 = SURFACE_STYLE_USAGE(.BOTH.,#16390);
#16390 = SURFACE_SIDE_STYLE('',(#16391));
#16391 = SURFACE_STYLE_FILL_AREA(#16392);
#16392 = FILL_AREA_STYLE('',(#16393));
#16393 = FILL_AREA_STYLE_COLOUR('',#16386);
#16394 = STYLED_ITEM('color',(#16395),#12510);
#16395 = PRESENTATION_STYLE_ASSIGNMENT((#16396));
#16396 = SURFACE_STYLE_USAGE(.BOTH.,#16397);
#16397 = SURFACE_SIDE_STYLE('',(#16398));
#16398 = SURFACE_STYLE_FILL_AREA(#16399);
#16399 = FILL_AREA_STYLE('',(#16400));
#16400 = FILL_AREA_STYLE_COLOUR('',#16386);
#16401 = STYLED_ITEM('color',(#16402),#12527);
#16402 = PRESENTATION_STYLE_ASSIGNMENT((#16403));
#16403 = SURFACE_STYLE_USAGE(.BOTH.,#16404);
#16404 = SURFACE_SIDE_STYLE('',(#16405));
#16405 = SURFACE_STYLE_FILL_AREA(#16406);
#16406 = FILL_AREA_STYLE('',(#16407));
#16407 = FILL_AREA_STYLE_COLOUR('',#14475);
#16408 = STYLED_ITEM('color',(#16409),#12555);
#16409 = PRESENTATION_STYLE_ASSIGNMENT((#16410));
#16410 = SURFACE_STYLE_USAGE(.BOTH.,#16411);
#16411 = SURFACE_SIDE_STYLE('',(#16412));
#16412 = SURFACE_STYLE_FILL_AREA(#16413);
#16413 = FILL_AREA_STYLE('',(#16414));
#16414 = FILL_AREA_STYLE_COLOUR('',#14475);
#16415 = STYLED_ITEM('color',(#16416),#12580);
#16416 = PRESENTATION_STYLE_ASSIGNMENT((#16417));
#16417 = SURFACE_STYLE_USAGE(.BOTH.,#16418);
#16418 = SURFACE_SIDE_STYLE('',(#16419));
#16419 = SURFACE_STYLE_FILL_AREA(#16420);
#16420 = FILL_AREA_STYLE('',(#16421));
#16421 = FILL_AREA_STYLE_COLOUR('',#14475);
#16422 = STYLED_ITEM('color',(#16423),#12604);
#16423 = PRESENTATION_STYLE_ASSIGNMENT((#16424));
#16424 = SURFACE_STYLE_USAGE(.BOTH.,#16425);
#16425 = SURFACE_SIDE_STYLE('',(#16426));
#16426 = SURFACE_STYLE_FILL_AREA(#16427);
#16427 = FILL_AREA_STYLE('',(#16428));
#16428 = FILL_AREA_STYLE_COLOUR('',#14475);
#16429 = STYLED_ITEM('color',(#16430),#12629);
#16430 = PRESENTATION_STYLE_ASSIGNMENT((#16431));
#16431 = SURFACE_STYLE_USAGE(.BOTH.,#16432);
#16432 = SURFACE_SIDE_STYLE('',(#16433));
#16433 = SURFACE_STYLE_FILL_AREA(#16434);
#16434 = FILL_AREA_STYLE('',(#16435));
#16435 = FILL_AREA_STYLE_COLOUR('',#14475);
#16436 = STYLED_ITEM('color',(#16437),#12676);
#16437 = PRESENTATION_STYLE_ASSIGNMENT((#16438));
#16438 = SURFACE_STYLE_USAGE(.BOTH.,#16439);
#16439 = SURFACE_SIDE_STYLE('',(#16440));
#16440 = SURFACE_STYLE_FILL_AREA(#16441);
#16441 = FILL_AREA_STYLE('',(#16442));
#16442 = FILL_AREA_STYLE_COLOUR('',#14475);
#16443 = STYLED_ITEM('color',(#16444),#12693);
#16444 = PRESENTATION_STYLE_ASSIGNMENT((#16445));
#16445 = SURFACE_STYLE_USAGE(.BOTH.,#16446);
#16446 = SURFACE_SIDE_STYLE('',(#16447));
#16447 = SURFACE_STYLE_FILL_AREA(#16448);
#16448 = FILL_AREA_STYLE('',(#16449));
#16449 = FILL_AREA_STYLE_COLOUR('',#14475);
#16450 = STYLED_ITEM('color',(#16451),#12705);
#16451 = PRESENTATION_STYLE_ASSIGNMENT((#16452));
#16452 = SURFACE_STYLE_USAGE(.BOTH.,#16453);
#16453 = SURFACE_SIDE_STYLE('',(#16454));
#16454 = SURFACE_STYLE_FILL_AREA(#16455);
#16455 = FILL_AREA_STYLE('',(#16456));
#16456 = FILL_AREA_STYLE_COLOUR('',#14475);
#16457 = STYLED_ITEM('color',(#16458),#12727);
#16458 = PRESENTATION_STYLE_ASSIGNMENT((#16459));
#16459 = SURFACE_STYLE_USAGE(.BOTH.,#16460);
#16460 = SURFACE_SIDE_STYLE('',(#16461));
#16461 = SURFACE_STYLE_FILL_AREA(#16462);
#16462 = FILL_AREA_STYLE('',(#16463));
#16463 = FILL_AREA_STYLE_COLOUR('',#14475);
#16464 = STYLED_ITEM('color',(#16465),#12739);
#16465 = PRESENTATION_STYLE_ASSIGNMENT((#16466));
#16466 = SURFACE_STYLE_USAGE(.BOTH.,#16467);
#16467 = SURFACE_SIDE_STYLE('',(#16468));
#16468 = SURFACE_STYLE_FILL_AREA(#16469);
#16469 = FILL_AREA_STYLE('',(#16470));
#16470 = FILL_AREA_STYLE_COLOUR('',#14475);
#16471 = STYLED_ITEM('color',(#16472),#12757);
#16472 = PRESENTATION_STYLE_ASSIGNMENT((#16473));
#16473 = SURFACE_STYLE_USAGE(.BOTH.,#16474);
#16474 = SURFACE_SIDE_STYLE('',(#16475));
#16475 = SURFACE_STYLE_FILL_AREA(#16476);
#16476 = FILL_AREA_STYLE('',(#16477));
#16477 = FILL_AREA_STYLE_COLOUR('',#14475);
#16478 = STYLED_ITEM('color',(#16479),#12775);
#16479 = PRESENTATION_STYLE_ASSIGNMENT((#16480));
#16480 = SURFACE_STYLE_USAGE(.BOTH.,#16481);
#16481 = SURFACE_SIDE_STYLE('',(#16482));
#16482 = SURFACE_STYLE_FILL_AREA(#16483);
#16483 = FILL_AREA_STYLE('',(#16484));
#16484 = FILL_AREA_STYLE_COLOUR('',#16386);
#16485 = MECHANICAL_DESIGN_GEOMETRIC_PRESENTATION_REPRESENTATION('',(
    #16486,#16494,#16501,#16508,#16515,#16522,#16529,#16536,#16543,
    #16550,#16557,#16565,#16572,#16579,#16586,#16593,#16600,#16607,
    #16614,#16621,#16628,#16635,#16642,#16649,#16656,#16663,#16670,
    #16677),#927);
#16486 = STYLED_ITEM('color',(#16487),#75);
#16487 = PRESENTATION_STYLE_ASSIGNMENT((#16488));
#16488 = SURFACE_STYLE_USAGE(.BOTH.,#16489);
#16489 = SURFACE_SIDE_STYLE('',(#16490));
#16490 = SURFACE_STYLE_FILL_AREA(#16491);
#16491 = FILL_AREA_STYLE('',(#16492));
#16492 = FILL_AREA_STYLE_COLOUR('',#16493);
#16493 = COLOUR_RGB('',0.823999987314,0.819999987296,0.781000009244);
#16494 = STYLED_ITEM('color',(#16495),#151);
#16495 = PRESENTATION_STYLE_ASSIGNMENT((#16496));
#16496 = SURFACE_STYLE_USAGE(.BOTH.,#16497);
#16497 = SURFACE_SIDE_STYLE('',(#16498));
#16498 = SURFACE_STYLE_FILL_AREA(#16499);
#16499 = FILL_AREA_STYLE('',(#16500));
#16500 = FILL_AREA_STYLE_COLOUR('',#16493);
#16501 = STYLED_ITEM('color',(#16502),#182);
#16502 = PRESENTATION_STYLE_ASSIGNMENT((#16503));
#16503 = SURFACE_STYLE_USAGE(.BOTH.,#16504);
#16504 = SURFACE_SIDE_STYLE('',(#16505));
#16505 = SURFACE_STYLE_FILL_AREA(#16506);
#16506 = FILL_AREA_STYLE('',(#16507));
#16507 = FILL_AREA_STYLE_COLOUR('',#16493);
#16508 = STYLED_ITEM('color',(#16509),#207);
#16509 = PRESENTATION_STYLE_ASSIGNMENT((#16510));
#16510 = SURFACE_STYLE_USAGE(.BOTH.,#16511);
#16511 = SURFACE_SIDE_STYLE('',(#16512));
#16512 = SURFACE_STYLE_FILL_AREA(#16513);
#16513 = FILL_AREA_STYLE('',(#16514));
#16514 = FILL_AREA_STYLE_COLOUR('',#16493);
#16515 = STYLED_ITEM('color',(#16516),#232);
#16516 = PRESENTATION_STYLE_ASSIGNMENT((#16517));
#16517 = SURFACE_STYLE_USAGE(.BOTH.,#16518);
#16518 = SURFACE_SIDE_STYLE('',(#16519));
#16519 = SURFACE_STYLE_FILL_AREA(#16520);
#16520 = FILL_AREA_STYLE('',(#16521));
#16521 = FILL_AREA_STYLE_COLOUR('',#16493);
#16522 = STYLED_ITEM('color',(#16523),#256);
#16523 = PRESENTATION_STYLE_ASSIGNMENT((#16524));
#16524 = SURFACE_STYLE_USAGE(.BOTH.,#16525);
#16525 = SURFACE_SIDE_STYLE('',(#16526));
#16526 = SURFACE_STYLE_FILL_AREA(#16527);
#16527 = FILL_AREA_STYLE('',(#16528));
#16528 = FILL_AREA_STYLE_COLOUR('',#16493);
#16529 = STYLED_ITEM('color',(#16530),#280);
#16530 = PRESENTATION_STYLE_ASSIGNMENT((#16531));
#16531 = SURFACE_STYLE_USAGE(.BOTH.,#16532);
#16532 = SURFACE_SIDE_STYLE('',(#16533));
#16533 = SURFACE_STYLE_FILL_AREA(#16534);
#16534 = FILL_AREA_STYLE('',(#16535));
#16535 = FILL_AREA_STYLE_COLOUR('',#16493);
#16536 = STYLED_ITEM('color',(#16537),#305);
#16537 = PRESENTATION_STYLE_ASSIGNMENT((#16538));
#16538 = SURFACE_STYLE_USAGE(.BOTH.,#16539);
#16539 = SURFACE_SIDE_STYLE('',(#16540));
#16540 = SURFACE_STYLE_FILL_AREA(#16541);
#16541 = FILL_AREA_STYLE('',(#16542));
#16542 = FILL_AREA_STYLE_COLOUR('',#16493);
#16543 = STYLED_ITEM('color',(#16544),#330);
#16544 = PRESENTATION_STYLE_ASSIGNMENT((#16545));
#16545 = SURFACE_STYLE_USAGE(.BOTH.,#16546);
#16546 = SURFACE_SIDE_STYLE('',(#16547));
#16547 = SURFACE_STYLE_FILL_AREA(#16548);
#16548 = FILL_AREA_STYLE('',(#16549));
#16549 = FILL_AREA_STYLE_COLOUR('',#16493);
#16550 = STYLED_ITEM('color',(#16551),#347);
#16551 = PRESENTATION_STYLE_ASSIGNMENT((#16552));
#16552 = SURFACE_STYLE_USAGE(.BOTH.,#16553);
#16553 = SURFACE_SIDE_STYLE('',(#16554));
#16554 = SURFACE_STYLE_FILL_AREA(#16555);
#16555 = FILL_AREA_STYLE('',(#16556));
#16556 = FILL_AREA_STYLE_COLOUR('',#16493);
#16557 = STYLED_ITEM('color',(#16558),#433);
#16558 = PRESENTATION_STYLE_ASSIGNMENT((#16559));
#16559 = SURFACE_STYLE_USAGE(.BOTH.,#16560);
#16560 = SURFACE_SIDE_STYLE('',(#16561));
#16561 = SURFACE_STYLE_FILL_AREA(#16562);
#16562 = FILL_AREA_STYLE('',(#16563));
#16563 = FILL_AREA_STYLE_COLOUR('',#16564);
#16564 = COLOUR_RGB('',0.379000005575,0.270000008848,0.214999999939);
#16565 = STYLED_ITEM('color',(#16566),#465);
#16566 = PRESENTATION_STYLE_ASSIGNMENT((#16567));
#16567 = SURFACE_STYLE_USAGE(.BOTH.,#16568);
#16568 = SURFACE_SIDE_STYLE('',(#16569));
#16569 = SURFACE_STYLE_FILL_AREA(#16570);
#16570 = FILL_AREA_STYLE('',(#16571));
#16571 = FILL_AREA_STYLE_COLOUR('',#16564);
#16572 = STYLED_ITEM('color',(#16573),#489);
#16573 = PRESENTATION_STYLE_ASSIGNMENT((#16574));
#16574 = SURFACE_STYLE_USAGE(.BOTH.,#16575);
#16575 = SURFACE_SIDE_STYLE('',(#16576));
#16576 = SURFACE_STYLE_FILL_AREA(#16577);
#16577 = FILL_AREA_STYLE('',(#16578));
#16578 = FILL_AREA_STYLE_COLOUR('',#16564);
#16579 = STYLED_ITEM('color',(#16580),#514);
#16580 = PRESENTATION_STYLE_ASSIGNMENT((#16581));
#16581 = SURFACE_STYLE_USAGE(.BOTH.,#16582);
#16582 = SURFACE_SIDE_STYLE('',(#16583));
#16583 = SURFACE_STYLE_FILL_AREA(#16584);
#16584 = FILL_AREA_STYLE('',(#16585));
#16585 = FILL_AREA_STYLE_COLOUR('',#16564);
#16586 = STYLED_ITEM('color',(#16587),#538);
#16587 = PRESENTATION_STYLE_ASSIGNMENT((#16588));
#16588 = SURFACE_STYLE_USAGE(.BOTH.,#16589);
#16589 = SURFACE_SIDE_STYLE('',(#16590));
#16590 = SURFACE_STYLE_FILL_AREA(#16591);
#16591 = FILL_AREA_STYLE('',(#16592));
#16592 = FILL_AREA_STYLE_COLOUR('',#16564);
#16593 = STYLED_ITEM('color',(#16594),#563);
#16594 = PRESENTATION_STYLE_ASSIGNMENT((#16595));
#16595 = SURFACE_STYLE_USAGE(.BOTH.,#16596);
#16596 = SURFACE_SIDE_STYLE('',(#16597));
#16597 = SURFACE_STYLE_FILL_AREA(#16598);
#16598 = FILL_AREA_STYLE('',(#16599));
#16599 = FILL_AREA_STYLE_COLOUR('',#16564);
#16600 = STYLED_ITEM('color',(#16601),#587);
#16601 = PRESENTATION_STYLE_ASSIGNMENT((#16602));
#16602 = SURFACE_STYLE_USAGE(.BOTH.,#16603);
#16603 = SURFACE_SIDE_STYLE('',(#16604));
#16604 = SURFACE_STYLE_FILL_AREA(#16605);
#16605 = FILL_AREA_STYLE('',(#16606));
#16606 = FILL_AREA_STYLE_COLOUR('',#16564);
#16607 = STYLED_ITEM('color',(#16608),#612);
#16608 = PRESENTATION_STYLE_ASSIGNMENT((#16609));
#16609 = SURFACE_STYLE_USAGE(.BOTH.,#16610);
#16610 = SURFACE_SIDE_STYLE('',(#16611));
#16611 = SURFACE_STYLE_FILL_AREA(#16612);
#16612 = FILL_AREA_STYLE('',(#16613));
#16613 = FILL_AREA_STYLE_COLOUR('',#16564);
#16614 = STYLED_ITEM('color',(#16615),#629);
#16615 = PRESENTATION_STYLE_ASSIGNMENT((#16616));
#16616 = SURFACE_STYLE_USAGE(.BOTH.,#16617);
#16617 = SURFACE_SIDE_STYLE('',(#16618));
#16618 = SURFACE_STYLE_FILL_AREA(#16619);
#16619 = FILL_AREA_STYLE('',(#16620));
#16620 = FILL_AREA_STYLE_COLOUR('',#16493);
#16621 = STYLED_ITEM('color',(#16622),#715);
#16622 = PRESENTATION_STYLE_ASSIGNMENT((#16623));
#16623 = SURFACE_STYLE_USAGE(.BOTH.,#16624);
#16624 = SURFACE_SIDE_STYLE('',(#16625));
#16625 = SURFACE_STYLE_FILL_AREA(#16626);
#16626 = FILL_AREA_STYLE('',(#16627));
#16627 = FILL_AREA_STYLE_COLOUR('',#16493);
#16628 = STYLED_ITEM('color',(#16629),#746);
#16629 = PRESENTATION_STYLE_ASSIGNMENT((#16630));
#16630 = SURFACE_STYLE_USAGE(.BOTH.,#16631);
#16631 = SURFACE_SIDE_STYLE('',(#16632));
#16632 = SURFACE_STYLE_FILL_AREA(#16633);
#16633 = FILL_AREA_STYLE('',(#16634));
#16634 = FILL_AREA_STYLE_COLOUR('',#16493);
#16635 = STYLED_ITEM('color',(#16636),#771);
#16636 = PRESENTATION_STYLE_ASSIGNMENT((#16637));
#16637 = SURFACE_STYLE_USAGE(.BOTH.,#16638);
#16638 = SURFACE_SIDE_STYLE('',(#16639));
#16639 = SURFACE_STYLE_FILL_AREA(#16640);
#16640 = FILL_AREA_STYLE('',(#16641));
#16641 = FILL_AREA_STYLE_COLOUR('',#16493);
#16642 = STYLED_ITEM('color',(#16643),#796);
#16643 = PRESENTATION_STYLE_ASSIGNMENT((#16644));
#16644 = SURFACE_STYLE_USAGE(.BOTH.,#16645);
#16645 = SURFACE_SIDE_STYLE('',(#16646));
#16646 = SURFACE_STYLE_FILL_AREA(#16647);
#16647 = FILL_AREA_STYLE('',(#16648));
#16648 = FILL_AREA_STYLE_COLOUR('',#16493);
#16649 = STYLED_ITEM('color',(#16650),#820);
#16650 = PRESENTATION_STYLE_ASSIGNMENT((#16651));
#16651 = SURFACE_STYLE_USAGE(.BOTH.,#16652);
#16652 = SURFACE_SIDE_STYLE('',(#16653));
#16653 = SURFACE_STYLE_FILL_AREA(#16654);
#16654 = FILL_AREA_STYLE('',(#16655));
#16655 = FILL_AREA_STYLE_COLOUR('',#16493);
#16656 = STYLED_ITEM('color',(#16657),#844);
#16657 = PRESENTATION_STYLE_ASSIGNMENT((#16658));
#16658 = SURFACE_STYLE_USAGE(.BOTH.,#16659);
#16659 = SURFACE_SIDE_STYLE('',(#16660));
#16660 = SURFACE_STYLE_FILL_AREA(#16661);
#16661 = FILL_AREA_STYLE('',(#16662));
#16662 = FILL_AREA_STYLE_COLOUR('',#16493);
#16663 = STYLED_ITEM('color',(#16664),#869);
#16664 = PRESENTATION_STYLE_ASSIGNMENT((#16665));
#16665 = SURFACE_STYLE_USAGE(.BOTH.,#16666);
#16666 = SURFACE_SIDE_STYLE('',(#16667));
#16667 = SURFACE_STYLE_FILL_AREA(#16668);
#16668 = FILL_AREA_STYLE('',(#16669));
#16669 = FILL_AREA_STYLE_COLOUR('',#16493);
#16670 = STYLED_ITEM('color',(#16671),#894);
#16671 = PRESENTATION_STYLE_ASSIGNMENT((#16672));
#16672 = SURFACE_STYLE_USAGE(.BOTH.,#16673);
#16673 = SURFACE_SIDE_STYLE('',(#16674));
#16674 = SURFACE_STYLE_FILL_AREA(#16675);
#16675 = FILL_AREA_STYLE('',(#16676));
#16676 = FILL_AREA_STYLE_COLOUR('',#16493);
#16677 = STYLED_ITEM('color',(#16678),#911);
#16678 = PRESENTATION_STYLE_ASSIGNMENT((#16679));
#16679 = SURFACE_STYLE_USAGE(.BOTH.,#16680);
#16680 = SURFACE_SIDE_STYLE('',(#16681));
#16681 = SURFACE_STYLE_FILL_AREA(#16682);
#16682 = FILL_AREA_STYLE('',(#16683));
#16683 = FILL_AREA_STYLE_COLOUR('',#16493);
#16684 = MECHANICAL_DESIGN_GEOMETRIC_PRESENTATION_REPRESENTATION('',(
    #16685,#16692,#16699,#16706,#16713,#16720,#16727,#16734,#16741,
    #16748,#16755,#16762,#16769,#16776,#16783,#16790,#16797,#16804,
    #16811,#16818,#16825,#16832,#16839,#16846,#16853,#16860,#16867,
    #16874,#16881,#16888,#16895,#16902,#16909,#16916,#16923,#16930,
    #16937,#16944,#16951,#16958,#16965,#16972,#16979,#16986,#16993,
    #17000,#17007,#17014,#17021,#17028,#17035,#17042,#17049,#17056,
    #17063,#17070,#17077,#17084,#17091,#17098,#17105,#17112,#17119,
    #17126,#17133,#17140,#17147,#17154,#17161,#17168,#17175,#17182,
    #17189,#17196,#17203,#17210,#17217,#17224,#17231,#17238,#17245,
    #17252,#17259,#17266,#17273,#17280,#17287,#17294,#17301,#17308,
    #17315,#17322,#17329,#17336,#17343,#17350,#17357,#17364,#17371,
    #17378,#17385,#17392,#17399,#17406,#17413),#9104);
#16685 = STYLED_ITEM('color',(#16686),#5877);
#16686 = PRESENTATION_STYLE_ASSIGNMENT((#16687));
#16687 = SURFACE_STYLE_USAGE(.BOTH.,#16688);
#16688 = SURFACE_SIDE_STYLE('',(#16689));
#16689 = SURFACE_STYLE_FILL_AREA(#16690);
#16690 = FILL_AREA_STYLE('',(#16691));
#16691 = FILL_AREA_STYLE_COLOUR('',#14362);
#16692 = STYLED_ITEM('color',(#16693),#5894);
#16693 = PRESENTATION_STYLE_ASSIGNMENT((#16694));
#16694 = SURFACE_STYLE_USAGE(.BOTH.,#16695);
#16695 = SURFACE_SIDE_STYLE('',(#16696));
#16696 = SURFACE_STYLE_FILL_AREA(#16697);
#16697 = FILL_AREA_STYLE('',(#16698));
#16698 = FILL_AREA_STYLE_COLOUR('',#14362);
#16699 = STYLED_ITEM('color',(#16700),#5919);
#16700 = PRESENTATION_STYLE_ASSIGNMENT((#16701));
#16701 = SURFACE_STYLE_USAGE(.BOTH.,#16702);
#16702 = SURFACE_SIDE_STYLE('',(#16703));
#16703 = SURFACE_STYLE_FILL_AREA(#16704);
#16704 = FILL_AREA_STYLE('',(#16705));
#16705 = FILL_AREA_STYLE_COLOUR('',#16493);
#16706 = STYLED_ITEM('color',(#16707),#6042);
#16707 = PRESENTATION_STYLE_ASSIGNMENT((#16708));
#16708 = SURFACE_STYLE_USAGE(.BOTH.,#16709);
#16709 = SURFACE_SIDE_STYLE('',(#16710));
#16710 = SURFACE_STYLE_FILL_AREA(#16711);
#16711 = FILL_AREA_STYLE('',(#16712));
#16712 = FILL_AREA_STYLE_COLOUR('',#16493);
#16713 = STYLED_ITEM('color',(#16714),#6073);
#16714 = PRESENTATION_STYLE_ASSIGNMENT((#16715));
#16715 = SURFACE_STYLE_USAGE(.BOTH.,#16716);
#16716 = SURFACE_SIDE_STYLE('',(#16717));
#16717 = SURFACE_STYLE_FILL_AREA(#16718);
#16718 = FILL_AREA_STYLE('',(#16719));
#16719 = FILL_AREA_STYLE_COLOUR('',#16493);
#16720 = STYLED_ITEM('color',(#16721),#6098);
#16721 = PRESENTATION_STYLE_ASSIGNMENT((#16722));
#16722 = SURFACE_STYLE_USAGE(.BOTH.,#16723);
#16723 = SURFACE_SIDE_STYLE('',(#16724));
#16724 = SURFACE_STYLE_FILL_AREA(#16725);
#16725 = FILL_AREA_STYLE('',(#16726));
#16726 = FILL_AREA_STYLE_COLOUR('',#16493);
#16727 = STYLED_ITEM('color',(#16728),#6123);
#16728 = PRESENTATION_STYLE_ASSIGNMENT((#16729));
#16729 = SURFACE_STYLE_USAGE(.BOTH.,#16730);
#16730 = SURFACE_SIDE_STYLE('',(#16731));
#16731 = SURFACE_STYLE_FILL_AREA(#16732);
#16732 = FILL_AREA_STYLE('',(#16733));
#16733 = FILL_AREA_STYLE_COLOUR('',#16493);
#16734 = STYLED_ITEM('color',(#16735),#6147);
#16735 = PRESENTATION_STYLE_ASSIGNMENT((#16736));
#16736 = SURFACE_STYLE_USAGE(.BOTH.,#16737);
#16737 = SURFACE_SIDE_STYLE('',(#16738));
#16738 = SURFACE_STYLE_FILL_AREA(#16739);
#16739 = FILL_AREA_STYLE('',(#16740));
#16740 = FILL_AREA_STYLE_COLOUR('',#16493);
#16741 = STYLED_ITEM('color',(#16742),#6171);
#16742 = PRESENTATION_STYLE_ASSIGNMENT((#16743));
#16743 = SURFACE_STYLE_USAGE(.BOTH.,#16744);
#16744 = SURFACE_SIDE_STYLE('',(#16745));
#16745 = SURFACE_STYLE_FILL_AREA(#16746);
#16746 = FILL_AREA_STYLE('',(#16747));
#16747 = FILL_AREA_STYLE_COLOUR('',#16493);
#16748 = STYLED_ITEM('color',(#16749),#6196);
#16749 = PRESENTATION_STYLE_ASSIGNMENT((#16750));
#16750 = SURFACE_STYLE_USAGE(.BOTH.,#16751);
#16751 = SURFACE_SIDE_STYLE('',(#16752));
#16752 = SURFACE_STYLE_FILL_AREA(#16753);
#16753 = FILL_AREA_STYLE('',(#16754));
#16754 = FILL_AREA_STYLE_COLOUR('',#16493);
#16755 = STYLED_ITEM('color',(#16756),#6221);
#16756 = PRESENTATION_STYLE_ASSIGNMENT((#16757));
#16757 = SURFACE_STYLE_USAGE(.BOTH.,#16758);
#16758 = SURFACE_SIDE_STYLE('',(#16759));
#16759 = SURFACE_STYLE_FILL_AREA(#16760);
#16760 = FILL_AREA_STYLE('',(#16761));
#16761 = FILL_AREA_STYLE_COLOUR('',#16493);
#16762 = STYLED_ITEM('color',(#16763),#6238);
#16763 = PRESENTATION_STYLE_ASSIGNMENT((#16764));
#16764 = SURFACE_STYLE_USAGE(.BOTH.,#16765);
#16765 = SURFACE_SIDE_STYLE('',(#16766));
#16766 = SURFACE_STYLE_FILL_AREA(#16767);
#16767 = FILL_AREA_STYLE('',(#16768));
#16768 = FILL_AREA_STYLE_COLOUR('',#14362);
#16769 = STYLED_ITEM('color',(#16770),#6263);
#16770 = PRESENTATION_STYLE_ASSIGNMENT((#16771));
#16771 = SURFACE_STYLE_USAGE(.BOTH.,#16772);
#16772 = SURFACE_SIDE_STYLE('',(#16773));
#16773 = SURFACE_STYLE_FILL_AREA(#16774);
#16774 = FILL_AREA_STYLE('',(#16775));
#16775 = FILL_AREA_STYLE_COLOUR('',#14362);
#16776 = STYLED_ITEM('color',(#16777),#6288);
#16777 = PRESENTATION_STYLE_ASSIGNMENT((#16778));
#16778 = SURFACE_STYLE_USAGE(.BOTH.,#16779);
#16779 = SURFACE_SIDE_STYLE('',(#16780));
#16780 = SURFACE_STYLE_FILL_AREA(#16781);
#16781 = FILL_AREA_STYLE('',(#16782));
#16782 = FILL_AREA_STYLE_COLOUR('',#14362);
#16783 = STYLED_ITEM('color',(#16784),#6313);
#16784 = PRESENTATION_STYLE_ASSIGNMENT((#16785));
#16785 = SURFACE_STYLE_USAGE(.BOTH.,#16786);
#16786 = SURFACE_SIDE_STYLE('',(#16787));
#16787 = SURFACE_STYLE_FILL_AREA(#16788);
#16788 = FILL_AREA_STYLE('',(#16789));
#16789 = FILL_AREA_STYLE_COLOUR('',#14362);
#16790 = STYLED_ITEM('color',(#16791),#6338);
#16791 = PRESENTATION_STYLE_ASSIGNMENT((#16792));
#16792 = SURFACE_STYLE_USAGE(.BOTH.,#16793);
#16793 = SURFACE_SIDE_STYLE('',(#16794));
#16794 = SURFACE_STYLE_FILL_AREA(#16795);
#16795 = FILL_AREA_STYLE('',(#16796));
#16796 = FILL_AREA_STYLE_COLOUR('',#14362);
#16797 = STYLED_ITEM('color',(#16798),#6369);
#16798 = PRESENTATION_STYLE_ASSIGNMENT((#16799));
#16799 = SURFACE_STYLE_USAGE(.BOTH.,#16800);
#16800 = SURFACE_SIDE_STYLE('',(#16801));
#16801 = SURFACE_STYLE_FILL_AREA(#16802);
#16802 = FILL_AREA_STYLE('',(#16803));
#16803 = FILL_AREA_STYLE_COLOUR('',#14362);
#16804 = STYLED_ITEM('color',(#16805),#6394);
#16805 = PRESENTATION_STYLE_ASSIGNMENT((#16806));
#16806 = SURFACE_STYLE_USAGE(.BOTH.,#16807);
#16807 = SURFACE_SIDE_STYLE('',(#16808));
#16808 = SURFACE_STYLE_FILL_AREA(#16809);
#16809 = FILL_AREA_STYLE('',(#16810));
#16810 = FILL_AREA_STYLE_COLOUR('',#14362);
#16811 = STYLED_ITEM('color',(#16812),#6419);
#16812 = PRESENTATION_STYLE_ASSIGNMENT((#16813));
#16813 = SURFACE_STYLE_USAGE(.BOTH.,#16814);
#16814 = SURFACE_SIDE_STYLE('',(#16815));
#16815 = SURFACE_STYLE_FILL_AREA(#16816);
#16816 = FILL_AREA_STYLE('',(#16817));
#16817 = FILL_AREA_STYLE_COLOUR('',#14362);
#16818 = STYLED_ITEM('color',(#16819),#6507);
#16819 = PRESENTATION_STYLE_ASSIGNMENT((#16820));
#16820 = SURFACE_STYLE_USAGE(.BOTH.,#16821);
#16821 = SURFACE_SIDE_STYLE('',(#16822));
#16822 = SURFACE_STYLE_FILL_AREA(#16823);
#16823 = FILL_AREA_STYLE('',(#16824));
#16824 = FILL_AREA_STYLE_COLOUR('',#14362);
#16825 = STYLED_ITEM('color',(#16826),#6595);
#16826 = PRESENTATION_STYLE_ASSIGNMENT((#16827));
#16827 = SURFACE_STYLE_USAGE(.BOTH.,#16828);
#16828 = SURFACE_SIDE_STYLE('',(#16829));
#16829 = SURFACE_STYLE_FILL_AREA(#16830);
#16830 = FILL_AREA_STYLE('',(#16831));
#16831 = FILL_AREA_STYLE_COLOUR('',#14362);
#16832 = STYLED_ITEM('color',(#16833),#6620);
#16833 = PRESENTATION_STYLE_ASSIGNMENT((#16834));
#16834 = SURFACE_STYLE_USAGE(.BOTH.,#16835);
#16835 = SURFACE_SIDE_STYLE('',(#16836));
#16836 = SURFACE_STYLE_FILL_AREA(#16837);
#16837 = FILL_AREA_STYLE('',(#16838));
#16838 = FILL_AREA_STYLE_COLOUR('',#14362);
#16839 = STYLED_ITEM('color',(#16840),#6645);
#16840 = PRESENTATION_STYLE_ASSIGNMENT((#16841));
#16841 = SURFACE_STYLE_USAGE(.BOTH.,#16842);
#16842 = SURFACE_SIDE_STYLE('',(#16843));
#16843 = SURFACE_STYLE_FILL_AREA(#16844);
#16844 = FILL_AREA_STYLE('',(#16845));
#16845 = FILL_AREA_STYLE_COLOUR('',#14362);
#16846 = STYLED_ITEM('color',(#16847),#6662);
#16847 = PRESENTATION_STYLE_ASSIGNMENT((#16848));
#16848 = SURFACE_STYLE_USAGE(.BOTH.,#16849);
#16849 = SURFACE_SIDE_STYLE('',(#16850));
#16850 = SURFACE_STYLE_FILL_AREA(#16851);
#16851 = FILL_AREA_STYLE('',(#16852));
#16852 = FILL_AREA_STYLE_COLOUR('',#14362);
#16853 = STYLED_ITEM('color',(#16854),#6671);
#16854 = PRESENTATION_STYLE_ASSIGNMENT((#16855));
#16855 = SURFACE_STYLE_USAGE(.BOTH.,#16856);
#16856 = SURFACE_SIDE_STYLE('',(#16857));
#16857 = SURFACE_STYLE_FILL_AREA(#16858);
#16858 = FILL_AREA_STYLE('',(#16859));
#16859 = FILL_AREA_STYLE_COLOUR('',#14362);
#16860 = STYLED_ITEM('color',(#16861),#6697);
#16861 = PRESENTATION_STYLE_ASSIGNMENT((#16862));
#16862 = SURFACE_STYLE_USAGE(.BOTH.,#16863);
#16863 = SURFACE_SIDE_STYLE('',(#16864));
#16864 = SURFACE_STYLE_FILL_AREA(#16865);
#16865 = FILL_AREA_STYLE('',(#16866));
#16866 = FILL_AREA_STYLE_COLOUR('',#14362);
#16867 = STYLED_ITEM('color',(#16868),#6706);
#16868 = PRESENTATION_STYLE_ASSIGNMENT((#16869));
#16869 = SURFACE_STYLE_USAGE(.BOTH.,#16870);
#16870 = SURFACE_SIDE_STYLE('',(#16871));
#16871 = SURFACE_STYLE_FILL_AREA(#16872);
#16872 = FILL_AREA_STYLE('',(#16873));
#16873 = FILL_AREA_STYLE_COLOUR('',#14362);
#16874 = STYLED_ITEM('color',(#16875),#6715);
#16875 = PRESENTATION_STYLE_ASSIGNMENT((#16876));
#16876 = SURFACE_STYLE_USAGE(.BOTH.,#16877);
#16877 = SURFACE_SIDE_STYLE('',(#16878));
#16878 = SURFACE_STYLE_FILL_AREA(#16879);
#16879 = FILL_AREA_STYLE('',(#16880));
#16880 = FILL_AREA_STYLE_COLOUR('',#14362);
#16881 = STYLED_ITEM('color',(#16882),#6759);
#16882 = PRESENTATION_STYLE_ASSIGNMENT((#16883));
#16883 = SURFACE_STYLE_USAGE(.BOTH.,#16884);
#16884 = SURFACE_SIDE_STYLE('',(#16885));
#16885 = SURFACE_STYLE_FILL_AREA(#16886);
#16886 = FILL_AREA_STYLE('',(#16887));
#16887 = FILL_AREA_STYLE_COLOUR('',#16493);
#16888 = STYLED_ITEM('color',(#16889),#6909);
#16889 = PRESENTATION_STYLE_ASSIGNMENT((#16890));
#16890 = SURFACE_STYLE_USAGE(.BOTH.,#16891);
#16891 = SURFACE_SIDE_STYLE('',(#16892));
#16892 = SURFACE_STYLE_FILL_AREA(#16893);
#16893 = FILL_AREA_STYLE('',(#16894));
#16894 = FILL_AREA_STYLE_COLOUR('',#16493);
#16895 = STYLED_ITEM('color',(#16896),#6933);
#16896 = PRESENTATION_STYLE_ASSIGNMENT((#16897));
#16897 = SURFACE_STYLE_USAGE(.BOTH.,#16898);
#16898 = SURFACE_SIDE_STYLE('',(#16899));
#16899 = SURFACE_STYLE_FILL_AREA(#16900);
#16900 = FILL_AREA_STYLE('',(#16901));
#16901 = FILL_AREA_STYLE_COLOUR('',#16493);
#16902 = STYLED_ITEM('color',(#16903),#7076);
#16903 = PRESENTATION_STYLE_ASSIGNMENT((#16904));
#16904 = SURFACE_STYLE_USAGE(.BOTH.,#16905);
#16905 = SURFACE_SIDE_STYLE('',(#16906));
#16906 = SURFACE_STYLE_FILL_AREA(#16907);
#16907 = FILL_AREA_STYLE('',(#16908));
#16908 = FILL_AREA_STYLE_COLOUR('',#16493);
#16909 = STYLED_ITEM('color',(#16910),#7226);
#16910 = PRESENTATION_STYLE_ASSIGNMENT((#16911));
#16911 = SURFACE_STYLE_USAGE(.BOTH.,#16912);
#16912 = SURFACE_SIDE_STYLE('',(#16913));
#16913 = SURFACE_STYLE_FILL_AREA(#16914);
#16914 = FILL_AREA_STYLE('',(#16915));
#16915 = FILL_AREA_STYLE_COLOUR('',#16493);
#16916 = STYLED_ITEM('color',(#16917),#7376);
#16917 = PRESENTATION_STYLE_ASSIGNMENT((#16918));
#16918 = SURFACE_STYLE_USAGE(.BOTH.,#16919);
#16919 = SURFACE_SIDE_STYLE('',(#16920));
#16920 = SURFACE_STYLE_FILL_AREA(#16921);
#16921 = FILL_AREA_STYLE('',(#16922));
#16922 = FILL_AREA_STYLE_COLOUR('',#16493);
#16923 = STYLED_ITEM('color',(#16924),#7393);
#16924 = PRESENTATION_STYLE_ASSIGNMENT((#16925));
#16925 = SURFACE_STYLE_USAGE(.BOTH.,#16926);
#16926 = SURFACE_SIDE_STYLE('',(#16927));
#16927 = SURFACE_STYLE_FILL_AREA(#16928);
#16928 = FILL_AREA_STYLE('',(#16929));
#16929 = FILL_AREA_STYLE_COLOUR('',#16493);
#16930 = STYLED_ITEM('color',(#16931),#7543);
#16931 = PRESENTATION_STYLE_ASSIGNMENT((#16932));
#16932 = SURFACE_STYLE_USAGE(.BOTH.,#16933);
#16933 = SURFACE_SIDE_STYLE('',(#16934));
#16934 = SURFACE_STYLE_FILL_AREA(#16935);
#16935 = FILL_AREA_STYLE('',(#16936));
#16936 = FILL_AREA_STYLE_COLOUR('',#16493);
#16937 = STYLED_ITEM('color',(#16938),#7567);
#16938 = PRESENTATION_STYLE_ASSIGNMENT((#16939));
#16939 = SURFACE_STYLE_USAGE(.BOTH.,#16940);
#16940 = SURFACE_SIDE_STYLE('',(#16941));
#16941 = SURFACE_STYLE_FILL_AREA(#16942);
#16942 = FILL_AREA_STYLE('',(#16943));
#16943 = FILL_AREA_STYLE_COLOUR('',#16493);
#16944 = STYLED_ITEM('color',(#16945),#7710);
#16945 = PRESENTATION_STYLE_ASSIGNMENT((#16946));
#16946 = SURFACE_STYLE_USAGE(.BOTH.,#16947);
#16947 = SURFACE_SIDE_STYLE('',(#16948));
#16948 = SURFACE_STYLE_FILL_AREA(#16949);
#16949 = FILL_AREA_STYLE('',(#16950));
#16950 = FILL_AREA_STYLE_COLOUR('',#16493);
#16951 = STYLED_ITEM('color',(#16952),#7860);
#16952 = PRESENTATION_STYLE_ASSIGNMENT((#16953));
#16953 = SURFACE_STYLE_USAGE(.BOTH.,#16954);
#16954 = SURFACE_SIDE_STYLE('',(#16955));
#16955 = SURFACE_STYLE_FILL_AREA(#16956);
#16956 = FILL_AREA_STYLE('',(#16957));
#16957 = FILL_AREA_STYLE_COLOUR('',#16493);
#16958 = STYLED_ITEM('color',(#16959),#8010);
#16959 = PRESENTATION_STYLE_ASSIGNMENT((#16960));
#16960 = SURFACE_STYLE_USAGE(.BOTH.,#16961);
#16961 = SURFACE_SIDE_STYLE('',(#16962));
#16962 = SURFACE_STYLE_FILL_AREA(#16963);
#16963 = FILL_AREA_STYLE('',(#16964));
#16964 = FILL_AREA_STYLE_COLOUR('',#16493);
#16965 = STYLED_ITEM('color',(#16966),#8027);
#16966 = PRESENTATION_STYLE_ASSIGNMENT((#16967));
#16967 = SURFACE_STYLE_USAGE(.BOTH.,#16968);
#16968 = SURFACE_SIDE_STYLE('',(#16969));
#16969 = SURFACE_STYLE_FILL_AREA(#16970);
#16970 = FILL_AREA_STYLE('',(#16971));
#16971 = FILL_AREA_STYLE_COLOUR('',#14362);
#16972 = STYLED_ITEM('color',(#16973),#8036);
#16973 = PRESENTATION_STYLE_ASSIGNMENT((#16974));
#16974 = SURFACE_STYLE_USAGE(.BOTH.,#16975);
#16975 = SURFACE_SIDE_STYLE('',(#16976));
#16976 = SURFACE_STYLE_FILL_AREA(#16977);
#16977 = FILL_AREA_STYLE('',(#16978));
#16978 = FILL_AREA_STYLE_COLOUR('',#16493);
#16979 = STYLED_ITEM('color',(#16980),#8053);
#16980 = PRESENTATION_STYLE_ASSIGNMENT((#16981));
#16981 = SURFACE_STYLE_USAGE(.BOTH.,#16982);
#16982 = SURFACE_SIDE_STYLE('',(#16983));
#16983 = SURFACE_STYLE_FILL_AREA(#16984);
#16984 = FILL_AREA_STYLE('',(#16985));
#16985 = FILL_AREA_STYLE_COLOUR('',#16493);
#16986 = STYLED_ITEM('color',(#16987),#8070);
#16987 = PRESENTATION_STYLE_ASSIGNMENT((#16988));
#16988 = SURFACE_STYLE_USAGE(.BOTH.,#16989);
#16989 = SURFACE_SIDE_STYLE('',(#16990));
#16990 = SURFACE_STYLE_FILL_AREA(#16991);
#16991 = FILL_AREA_STYLE('',(#16992));
#16992 = FILL_AREA_STYLE_COLOUR('',#16493);
#16993 = STYLED_ITEM('color',(#16994),#8087);
#16994 = PRESENTATION_STYLE_ASSIGNMENT((#16995));
#16995 = SURFACE_STYLE_USAGE(.BOTH.,#16996);
#16996 = SURFACE_SIDE_STYLE('',(#16997));
#16997 = SURFACE_STYLE_FILL_AREA(#16998);
#16998 = FILL_AREA_STYLE('',(#16999));
#16999 = FILL_AREA_STYLE_COLOUR('',#16493);
#17000 = STYLED_ITEM('color',(#17001),#8104);
#17001 = PRESENTATION_STYLE_ASSIGNMENT((#17002));
#17002 = SURFACE_STYLE_USAGE(.BOTH.,#17003);
#17003 = SURFACE_SIDE_STYLE('',(#17004));
#17004 = SURFACE_STYLE_FILL_AREA(#17005);
#17005 = FILL_AREA_STYLE('',(#17006));
#17006 = FILL_AREA_STYLE_COLOUR('',#16493);
#17007 = STYLED_ITEM('color',(#17008),#8126);
#17008 = PRESENTATION_STYLE_ASSIGNMENT((#17009));
#17009 = SURFACE_STYLE_USAGE(.BOTH.,#17010);
#17010 = SURFACE_SIDE_STYLE('',(#17011));
#17011 = SURFACE_STYLE_FILL_AREA(#17012);
#17012 = FILL_AREA_STYLE('',(#17013));
#17013 = FILL_AREA_STYLE_COLOUR('',#16493);
#17014 = STYLED_ITEM('color',(#17015),#8143);
#17015 = PRESENTATION_STYLE_ASSIGNMENT((#17016));
#17016 = SURFACE_STYLE_USAGE(.BOTH.,#17017);
#17017 = SURFACE_SIDE_STYLE('',(#17018));
#17018 = SURFACE_STYLE_FILL_AREA(#17019);
#17019 = FILL_AREA_STYLE('',(#17020));
#17020 = FILL_AREA_STYLE_COLOUR('',#16493);
#17021 = STYLED_ITEM('color',(#17022),#8160);
#17022 = PRESENTATION_STYLE_ASSIGNMENT((#17023));
#17023 = SURFACE_STYLE_USAGE(.BOTH.,#17024);
#17024 = SURFACE_SIDE_STYLE('',(#17025));
#17025 = SURFACE_STYLE_FILL_AREA(#17026);
#17026 = FILL_AREA_STYLE('',(#17027));
#17027 = FILL_AREA_STYLE_COLOUR('',#16493);
#17028 = STYLED_ITEM('color',(#17029),#8177);
#17029 = PRESENTATION_STYLE_ASSIGNMENT((#17030));
#17030 = SURFACE_STYLE_USAGE(.BOTH.,#17031);
#17031 = SURFACE_SIDE_STYLE('',(#17032));
#17032 = SURFACE_STYLE_FILL_AREA(#17033);
#17033 = FILL_AREA_STYLE('',(#17034));
#17034 = FILL_AREA_STYLE_COLOUR('',#16493);
#17035 = STYLED_ITEM('color',(#17036),#8194);
#17036 = PRESENTATION_STYLE_ASSIGNMENT((#17037));
#17037 = SURFACE_STYLE_USAGE(.BOTH.,#17038);
#17038 = SURFACE_SIDE_STYLE('',(#17039));
#17039 = SURFACE_STYLE_FILL_AREA(#17040);
#17040 = FILL_AREA_STYLE('',(#17041));
#17041 = FILL_AREA_STYLE_COLOUR('',#16493);
#17042 = STYLED_ITEM('color',(#17043),#8206);
#17043 = PRESENTATION_STYLE_ASSIGNMENT((#17044));
#17044 = SURFACE_STYLE_USAGE(.BOTH.,#17045);
#17045 = SURFACE_SIDE_STYLE('',(#17046));
#17046 = SURFACE_STYLE_FILL_AREA(#17047);
#17047 = FILL_AREA_STYLE('',(#17048));
#17048 = FILL_AREA_STYLE_COLOUR('',#16493);
#17049 = STYLED_ITEM('color',(#17050),#8223);
#17050 = PRESENTATION_STYLE_ASSIGNMENT((#17051));
#17051 = SURFACE_STYLE_USAGE(.BOTH.,#17052);
#17052 = SURFACE_SIDE_STYLE('',(#17053));
#17053 = SURFACE_STYLE_FILL_AREA(#17054);
#17054 = FILL_AREA_STYLE('',(#17055));
#17055 = FILL_AREA_STYLE_COLOUR('',#16493);
#17056 = STYLED_ITEM('color',(#17057),#8240);
#17057 = PRESENTATION_STYLE_ASSIGNMENT((#17058));
#17058 = SURFACE_STYLE_USAGE(.BOTH.,#17059);
#17059 = SURFACE_SIDE_STYLE('',(#17060));
#17060 = SURFACE_STYLE_FILL_AREA(#17061);
#17061 = FILL_AREA_STYLE('',(#17062));
#17062 = FILL_AREA_STYLE_COLOUR('',#16493);
#17063 = STYLED_ITEM('color',(#17064),#8257);
#17064 = PRESENTATION_STYLE_ASSIGNMENT((#17065));
#17065 = SURFACE_STYLE_USAGE(.BOTH.,#17066);
#17066 = SURFACE_SIDE_STYLE('',(#17067));
#17067 = SURFACE_STYLE_FILL_AREA(#17068);
#17068 = FILL_AREA_STYLE('',(#17069));
#17069 = FILL_AREA_STYLE_COLOUR('',#16493);
#17070 = STYLED_ITEM('color',(#17071),#8274);
#17071 = PRESENTATION_STYLE_ASSIGNMENT((#17072));
#17072 = SURFACE_STYLE_USAGE(.BOTH.,#17073);
#17073 = SURFACE_SIDE_STYLE('',(#17074));
#17074 = SURFACE_STYLE_FILL_AREA(#17075);
#17075 = FILL_AREA_STYLE('',(#17076));
#17076 = FILL_AREA_STYLE_COLOUR('',#16493);
#17077 = STYLED_ITEM('color',(#17078),#8291);
#17078 = PRESENTATION_STYLE_ASSIGNMENT((#17079));
#17079 = SURFACE_STYLE_USAGE(.BOTH.,#17080);
#17080 = SURFACE_SIDE_STYLE('',(#17081));
#17081 = SURFACE_STYLE_FILL_AREA(#17082);
#17082 = FILL_AREA_STYLE('',(#17083));
#17083 = FILL_AREA_STYLE_COLOUR('',#16493);
#17084 = STYLED_ITEM('color',(#17085),#8308);
#17085 = PRESENTATION_STYLE_ASSIGNMENT((#17086));
#17086 = SURFACE_STYLE_USAGE(.BOTH.,#17087);
#17087 = SURFACE_SIDE_STYLE('',(#17088));
#17088 = SURFACE_STYLE_FILL_AREA(#17089);
#17089 = FILL_AREA_STYLE('',(#17090));
#17090 = FILL_AREA_STYLE_COLOUR('',#16493);
#17091 = STYLED_ITEM('color',(#17092),#8325);
#17092 = PRESENTATION_STYLE_ASSIGNMENT((#17093));
#17093 = SURFACE_STYLE_USAGE(.BOTH.,#17094);
#17094 = SURFACE_SIDE_STYLE('',(#17095));
#17095 = SURFACE_STYLE_FILL_AREA(#17096);
#17096 = FILL_AREA_STYLE('',(#17097));
#17097 = FILL_AREA_STYLE_COLOUR('',#16493);
#17098 = STYLED_ITEM('color',(#17099),#8342);
#17099 = PRESENTATION_STYLE_ASSIGNMENT((#17100));
#17100 = SURFACE_STYLE_USAGE(.BOTH.,#17101);
#17101 = SURFACE_SIDE_STYLE('',(#17102));
#17102 = SURFACE_STYLE_FILL_AREA(#17103);
#17103 = FILL_AREA_STYLE('',(#17104));
#17104 = FILL_AREA_STYLE_COLOUR('',#16493);
#17105 = STYLED_ITEM('color',(#17106),#8354);
#17106 = PRESENTATION_STYLE_ASSIGNMENT((#17107));
#17107 = SURFACE_STYLE_USAGE(.BOTH.,#17108);
#17108 = SURFACE_SIDE_STYLE('',(#17109));
#17109 = SURFACE_STYLE_FILL_AREA(#17110);
#17110 = FILL_AREA_STYLE('',(#17111));
#17111 = FILL_AREA_STYLE_COLOUR('',#16493);
#17112 = STYLED_ITEM('color',(#17113),#8376);
#17113 = PRESENTATION_STYLE_ASSIGNMENT((#17114));
#17114 = SURFACE_STYLE_USAGE(.BOTH.,#17115);
#17115 = SURFACE_SIDE_STYLE('',(#17116));
#17116 = SURFACE_STYLE_FILL_AREA(#17117);
#17117 = FILL_AREA_STYLE('',(#17118));
#17118 = FILL_AREA_STYLE_COLOUR('',#16493);
#17119 = STYLED_ITEM('color',(#17120),#8393);
#17120 = PRESENTATION_STYLE_ASSIGNMENT((#17121));
#17121 = SURFACE_STYLE_USAGE(.BOTH.,#17122);
#17122 = SURFACE_SIDE_STYLE('',(#17123));
#17123 = SURFACE_STYLE_FILL_AREA(#17124);
#17124 = FILL_AREA_STYLE('',(#17125));
#17125 = FILL_AREA_STYLE_COLOUR('',#16493);
#17126 = STYLED_ITEM('color',(#17127),#8410);
#17127 = PRESENTATION_STYLE_ASSIGNMENT((#17128));
#17128 = SURFACE_STYLE_USAGE(.BOTH.,#17129);
#17129 = SURFACE_SIDE_STYLE('',(#17130));
#17130 = SURFACE_STYLE_FILL_AREA(#17131);
#17131 = FILL_AREA_STYLE('',(#17132));
#17132 = FILL_AREA_STYLE_COLOUR('',#16493);
#17133 = STYLED_ITEM('color',(#17134),#8427);
#17134 = PRESENTATION_STYLE_ASSIGNMENT((#17135));
#17135 = SURFACE_STYLE_USAGE(.BOTH.,#17136);
#17136 = SURFACE_SIDE_STYLE('',(#17137));
#17137 = SURFACE_STYLE_FILL_AREA(#17138);
#17138 = FILL_AREA_STYLE('',(#17139));
#17139 = FILL_AREA_STYLE_COLOUR('',#16493);
#17140 = STYLED_ITEM('color',(#17141),#8444);
#17141 = PRESENTATION_STYLE_ASSIGNMENT((#17142));
#17142 = SURFACE_STYLE_USAGE(.BOTH.,#17143);
#17143 = SURFACE_SIDE_STYLE('',(#17144));
#17144 = SURFACE_STYLE_FILL_AREA(#17145);
#17145 = FILL_AREA_STYLE('',(#17146));
#17146 = FILL_AREA_STYLE_COLOUR('',#16493);
#17147 = STYLED_ITEM('color',(#17148),#8456);
#17148 = PRESENTATION_STYLE_ASSIGNMENT((#17149));
#17149 = SURFACE_STYLE_USAGE(.BOTH.,#17150);
#17150 = SURFACE_SIDE_STYLE('',(#17151));
#17151 = SURFACE_STYLE_FILL_AREA(#17152);
#17152 = FILL_AREA_STYLE('',(#17153));
#17153 = FILL_AREA_STYLE_COLOUR('',#16493);
#17154 = STYLED_ITEM('color',(#17155),#8473);
#17155 = PRESENTATION_STYLE_ASSIGNMENT((#17156));
#17156 = SURFACE_STYLE_USAGE(.BOTH.,#17157);
#17157 = SURFACE_SIDE_STYLE('',(#17158));
#17158 = SURFACE_STYLE_FILL_AREA(#17159);
#17159 = FILL_AREA_STYLE('',(#17160));
#17160 = FILL_AREA_STYLE_COLOUR('',#16493);
#17161 = STYLED_ITEM('color',(#17162),#8490);
#17162 = PRESENTATION_STYLE_ASSIGNMENT((#17163));
#17163 = SURFACE_STYLE_USAGE(.BOTH.,#17164);
#17164 = SURFACE_SIDE_STYLE('',(#17165));
#17165 = SURFACE_STYLE_FILL_AREA(#17166);
#17166 = FILL_AREA_STYLE('',(#17167));
#17167 = FILL_AREA_STYLE_COLOUR('',#16493);
#17168 = STYLED_ITEM('color',(#17169),#8507);
#17169 = PRESENTATION_STYLE_ASSIGNMENT((#17170));
#17170 = SURFACE_STYLE_USAGE(.BOTH.,#17171);
#17171 = SURFACE_SIDE_STYLE('',(#17172));
#17172 = SURFACE_STYLE_FILL_AREA(#17173);
#17173 = FILL_AREA_STYLE('',(#17174));
#17174 = FILL_AREA_STYLE_COLOUR('',#16493);
#17175 = STYLED_ITEM('color',(#17176),#8524);
#17176 = PRESENTATION_STYLE_ASSIGNMENT((#17177));
#17177 = SURFACE_STYLE_USAGE(.BOTH.,#17178);
#17178 = SURFACE_SIDE_STYLE('',(#17179));
#17179 = SURFACE_STYLE_FILL_AREA(#17180);
#17180 = FILL_AREA_STYLE('',(#17181));
#17181 = FILL_AREA_STYLE_COLOUR('',#16493);
#17182 = STYLED_ITEM('color',(#17183),#8541);
#17183 = PRESENTATION_STYLE_ASSIGNMENT((#17184));
#17184 = SURFACE_STYLE_USAGE(.BOTH.,#17185);
#17185 = SURFACE_SIDE_STYLE('',(#17186));
#17186 = SURFACE_STYLE_FILL_AREA(#17187);
#17187 = FILL_AREA_STYLE('',(#17188));
#17188 = FILL_AREA_STYLE_COLOUR('',#16493);
#17189 = STYLED_ITEM('color',(#17190),#8558);
#17190 = PRESENTATION_STYLE_ASSIGNMENT((#17191));
#17191 = SURFACE_STYLE_USAGE(.BOTH.,#17192);
#17192 = SURFACE_SIDE_STYLE('',(#17193));
#17193 = SURFACE_STYLE_FILL_AREA(#17194);
#17194 = FILL_AREA_STYLE('',(#17195));
#17195 = FILL_AREA_STYLE_COLOUR('',#16493);
#17196 = STYLED_ITEM('color',(#17197),#8575);
#17197 = PRESENTATION_STYLE_ASSIGNMENT((#17198));
#17198 = SURFACE_STYLE_USAGE(.BOTH.,#17199);
#17199 = SURFACE_SIDE_STYLE('',(#17200));
#17200 = SURFACE_STYLE_FILL_AREA(#17201);
#17201 = FILL_AREA_STYLE('',(#17202));
#17202 = FILL_AREA_STYLE_COLOUR('',#16493);
#17203 = STYLED_ITEM('color',(#17204),#8592);
#17204 = PRESENTATION_STYLE_ASSIGNMENT((#17205));
#17205 = SURFACE_STYLE_USAGE(.BOTH.,#17206);
#17206 = SURFACE_SIDE_STYLE('',(#17207));
#17207 = SURFACE_STYLE_FILL_AREA(#17208);
#17208 = FILL_AREA_STYLE('',(#17209));
#17209 = FILL_AREA_STYLE_COLOUR('',#16493);
#17210 = STYLED_ITEM('color',(#17211),#8604);
#17211 = PRESENTATION_STYLE_ASSIGNMENT((#17212));
#17212 = SURFACE_STYLE_USAGE(.BOTH.,#17213);
#17213 = SURFACE_SIDE_STYLE('',(#17214));
#17214 = SURFACE_STYLE_FILL_AREA(#17215);
#17215 = FILL_AREA_STYLE('',(#17216));
#17216 = FILL_AREA_STYLE_COLOUR('',#16493);
#17217 = STYLED_ITEM('color',(#17218),#8626);
#17218 = PRESENTATION_STYLE_ASSIGNMENT((#17219));
#17219 = SURFACE_STYLE_USAGE(.BOTH.,#17220);
#17220 = SURFACE_SIDE_STYLE('',(#17221));
#17221 = SURFACE_STYLE_FILL_AREA(#17222);
#17222 = FILL_AREA_STYLE('',(#17223));
#17223 = FILL_AREA_STYLE_COLOUR('',#16493);
#17224 = STYLED_ITEM('color',(#17225),#8643);
#17225 = PRESENTATION_STYLE_ASSIGNMENT((#17226));
#17226 = SURFACE_STYLE_USAGE(.BOTH.,#17227);
#17227 = SURFACE_SIDE_STYLE('',(#17228));
#17228 = SURFACE_STYLE_FILL_AREA(#17229);
#17229 = FILL_AREA_STYLE('',(#17230));
#17230 = FILL_AREA_STYLE_COLOUR('',#16493);
#17231 = STYLED_ITEM('color',(#17232),#8660);
#17232 = PRESENTATION_STYLE_ASSIGNMENT((#17233));
#17233 = SURFACE_STYLE_USAGE(.BOTH.,#17234);
#17234 = SURFACE_SIDE_STYLE('',(#17235));
#17235 = SURFACE_STYLE_FILL_AREA(#17236);
#17236 = FILL_AREA_STYLE('',(#17237));
#17237 = FILL_AREA_STYLE_COLOUR('',#16493);
#17238 = STYLED_ITEM('color',(#17239),#8677);
#17239 = PRESENTATION_STYLE_ASSIGNMENT((#17240));
#17240 = SURFACE_STYLE_USAGE(.BOTH.,#17241);
#17241 = SURFACE_SIDE_STYLE('',(#17242));
#17242 = SURFACE_STYLE_FILL_AREA(#17243);
#17243 = FILL_AREA_STYLE('',(#17244));
#17244 = FILL_AREA_STYLE_COLOUR('',#16493);
#17245 = STYLED_ITEM('color',(#17246),#8694);
#17246 = PRESENTATION_STYLE_ASSIGNMENT((#17247));
#17247 = SURFACE_STYLE_USAGE(.BOTH.,#17248);
#17248 = SURFACE_SIDE_STYLE('',(#17249));
#17249 = SURFACE_STYLE_FILL_AREA(#17250);
#17250 = FILL_AREA_STYLE('',(#17251));
#17251 = FILL_AREA_STYLE_COLOUR('',#16493);
#17252 = STYLED_ITEM('color',(#17253),#8706);
#17253 = PRESENTATION_STYLE_ASSIGNMENT((#17254));
#17254 = SURFACE_STYLE_USAGE(.BOTH.,#17255);
#17255 = SURFACE_SIDE_STYLE('',(#17256));
#17256 = SURFACE_STYLE_FILL_AREA(#17257);
#17257 = FILL_AREA_STYLE('',(#17258));
#17258 = FILL_AREA_STYLE_COLOUR('',#16493);
#17259 = STYLED_ITEM('color',(#17260),#8723);
#17260 = PRESENTATION_STYLE_ASSIGNMENT((#17261));
#17261 = SURFACE_STYLE_USAGE(.BOTH.,#17262);
#17262 = SURFACE_SIDE_STYLE('',(#17263));
#17263 = SURFACE_STYLE_FILL_AREA(#17264);
#17264 = FILL_AREA_STYLE('',(#17265));
#17265 = FILL_AREA_STYLE_COLOUR('',#16493);
#17266 = STYLED_ITEM('color',(#17267),#8740);
#17267 = PRESENTATION_STYLE_ASSIGNMENT((#17268));
#17268 = SURFACE_STYLE_USAGE(.BOTH.,#17269);
#17269 = SURFACE_SIDE_STYLE('',(#17270));
#17270 = SURFACE_STYLE_FILL_AREA(#17271);
#17271 = FILL_AREA_STYLE('',(#17272));
#17272 = FILL_AREA_STYLE_COLOUR('',#16493);
#17273 = STYLED_ITEM('color',(#17274),#8757);
#17274 = PRESENTATION_STYLE_ASSIGNMENT((#17275));
#17275 = SURFACE_STYLE_USAGE(.BOTH.,#17276);
#17276 = SURFACE_SIDE_STYLE('',(#17277));
#17277 = SURFACE_STYLE_FILL_AREA(#17278);
#17278 = FILL_AREA_STYLE('',(#17279));
#17279 = FILL_AREA_STYLE_COLOUR('',#16493);
#17280 = STYLED_ITEM('color',(#17281),#8774);
#17281 = PRESENTATION_STYLE_ASSIGNMENT((#17282));
#17282 = SURFACE_STYLE_USAGE(.BOTH.,#17283);
#17283 = SURFACE_SIDE_STYLE('',(#17284));
#17284 = SURFACE_STYLE_FILL_AREA(#17285);
#17285 = FILL_AREA_STYLE('',(#17286));
#17286 = FILL_AREA_STYLE_COLOUR('',#16493);
#17287 = STYLED_ITEM('color',(#17288),#8791);
#17288 = PRESENTATION_STYLE_ASSIGNMENT((#17289));
#17289 = SURFACE_STYLE_USAGE(.BOTH.,#17290);
#17290 = SURFACE_SIDE_STYLE('',(#17291));
#17291 = SURFACE_STYLE_FILL_AREA(#17292);
#17292 = FILL_AREA_STYLE('',(#17293));
#17293 = FILL_AREA_STYLE_COLOUR('',#16493);
#17294 = STYLED_ITEM('color',(#17295),#8808);
#17295 = PRESENTATION_STYLE_ASSIGNMENT((#17296));
#17296 = SURFACE_STYLE_USAGE(.BOTH.,#17297);
#17297 = SURFACE_SIDE_STYLE('',(#17298));
#17298 = SURFACE_STYLE_FILL_AREA(#17299);
#17299 = FILL_AREA_STYLE('',(#17300));
#17300 = FILL_AREA_STYLE_COLOUR('',#16493);
#17301 = STYLED_ITEM('color',(#17302),#8825);
#17302 = PRESENTATION_STYLE_ASSIGNMENT((#17303));
#17303 = SURFACE_STYLE_USAGE(.BOTH.,#17304);
#17304 = SURFACE_SIDE_STYLE('',(#17305));
#17305 = SURFACE_STYLE_FILL_AREA(#17306);
#17306 = FILL_AREA_STYLE('',(#17307));
#17307 = FILL_AREA_STYLE_COLOUR('',#16493);
#17308 = STYLED_ITEM('color',(#17309),#8842);
#17309 = PRESENTATION_STYLE_ASSIGNMENT((#17310));
#17310 = SURFACE_STYLE_USAGE(.BOTH.,#17311);
#17311 = SURFACE_SIDE_STYLE('',(#17312));
#17312 = SURFACE_STYLE_FILL_AREA(#17313);
#17313 = FILL_AREA_STYLE('',(#17314));
#17314 = FILL_AREA_STYLE_COLOUR('',#16493);
#17315 = STYLED_ITEM('color',(#17316),#8854);
#17316 = PRESENTATION_STYLE_ASSIGNMENT((#17317));
#17317 = SURFACE_STYLE_USAGE(.BOTH.,#17318);
#17318 = SURFACE_SIDE_STYLE('',(#17319));
#17319 = SURFACE_STYLE_FILL_AREA(#17320);
#17320 = FILL_AREA_STYLE('',(#17321));
#17321 = FILL_AREA_STYLE_COLOUR('',#16493);
#17322 = STYLED_ITEM('color',(#17323),#8876);
#17323 = PRESENTATION_STYLE_ASSIGNMENT((#17324));
#17324 = SURFACE_STYLE_USAGE(.BOTH.,#17325);
#17325 = SURFACE_SIDE_STYLE('',(#17326));
#17326 = SURFACE_STYLE_FILL_AREA(#17327);
#17327 = FILL_AREA_STYLE('',(#17328));
#17328 = FILL_AREA_STYLE_COLOUR('',#16493);
#17329 = STYLED_ITEM('color',(#17330),#8893);
#17330 = PRESENTATION_STYLE_ASSIGNMENT((#17331));
#17331 = SURFACE_STYLE_USAGE(.BOTH.,#17332);
#17332 = SURFACE_SIDE_STYLE('',(#17333));
#17333 = SURFACE_STYLE_FILL_AREA(#17334);
#17334 = FILL_AREA_STYLE('',(#17335));
#17335 = FILL_AREA_STYLE_COLOUR('',#16493);
#17336 = STYLED_ITEM('color',(#17337),#8910);
#17337 = PRESENTATION_STYLE_ASSIGNMENT((#17338));
#17338 = SURFACE_STYLE_USAGE(.BOTH.,#17339);
#17339 = SURFACE_SIDE_STYLE('',(#17340));
#17340 = SURFACE_STYLE_FILL_AREA(#17341);
#17341 = FILL_AREA_STYLE('',(#17342));
#17342 = FILL_AREA_STYLE_COLOUR('',#16493);
#17343 = STYLED_ITEM('color',(#17344),#8927);
#17344 = PRESENTATION_STYLE_ASSIGNMENT((#17345));
#17345 = SURFACE_STYLE_USAGE(.BOTH.,#17346);
#17346 = SURFACE_SIDE_STYLE('',(#17347));
#17347 = SURFACE_STYLE_FILL_AREA(#17348);
#17348 = FILL_AREA_STYLE('',(#17349));
#17349 = FILL_AREA_STYLE_COLOUR('',#16493);
#17350 = STYLED_ITEM('color',(#17351),#8944);
#17351 = PRESENTATION_STYLE_ASSIGNMENT((#17352));
#17352 = SURFACE_STYLE_USAGE(.BOTH.,#17353);
#17353 = SURFACE_SIDE_STYLE('',(#17354));
#17354 = SURFACE_STYLE_FILL_AREA(#17355);
#17355 = FILL_AREA_STYLE('',(#17356));
#17356 = FILL_AREA_STYLE_COLOUR('',#16493);
#17357 = STYLED_ITEM('color',(#17358),#8956);
#17358 = PRESENTATION_STYLE_ASSIGNMENT((#17359));
#17359 = SURFACE_STYLE_USAGE(.BOTH.,#17360);
#17360 = SURFACE_SIDE_STYLE('',(#17361));
#17361 = SURFACE_STYLE_FILL_AREA(#17362);
#17362 = FILL_AREA_STYLE('',(#17363));
#17363 = FILL_AREA_STYLE_COLOUR('',#16493);
#17364 = STYLED_ITEM('color',(#17365),#8973);
#17365 = PRESENTATION_STYLE_ASSIGNMENT((#17366));
#17366 = SURFACE_STYLE_USAGE(.BOTH.,#17367);
#17367 = SURFACE_SIDE_STYLE('',(#17368));
#17368 = SURFACE_STYLE_FILL_AREA(#17369);
#17369 = FILL_AREA_STYLE('',(#17370));
#17370 = FILL_AREA_STYLE_COLOUR('',#16493);
#17371 = STYLED_ITEM('color',(#17372),#8990);
#17372 = PRESENTATION_STYLE_ASSIGNMENT((#17373));
#17373 = SURFACE_STYLE_USAGE(.BOTH.,#17374);
#17374 = SURFACE_SIDE_STYLE('',(#17375));
#17375 = SURFACE_STYLE_FILL_AREA(#17376);
#17376 = FILL_AREA_STYLE('',(#17377));
#17377 = FILL_AREA_STYLE_COLOUR('',#16493);
#17378 = STYLED_ITEM('color',(#17379),#9007);
#17379 = PRESENTATION_STYLE_ASSIGNMENT((#17380));
#17380 = SURFACE_STYLE_USAGE(.BOTH.,#17381);
#17381 = SURFACE_SIDE_STYLE('',(#17382));
#17382 = SURFACE_STYLE_FILL_AREA(#17383);
#17383 = FILL_AREA_STYLE('',(#17384));
#17384 = FILL_AREA_STYLE_COLOUR('',#16493);
#17385 = STYLED_ITEM('color',(#17386),#9024);
#17386 = PRESENTATION_STYLE_ASSIGNMENT((#17387));
#17387 = SURFACE_STYLE_USAGE(.BOTH.,#17388);
#17388 = SURFACE_SIDE_STYLE('',(#17389));
#17389 = SURFACE_STYLE_FILL_AREA(#17390);
#17390 = FILL_AREA_STYLE('',(#17391));
#17391 = FILL_AREA_STYLE_COLOUR('',#16493);
#17392 = STYLED_ITEM('color',(#17393),#9041);
#17393 = PRESENTATION_STYLE_ASSIGNMENT((#17394));
#17394 = SURFACE_STYLE_USAGE(.BOTH.,#17395);
#17395 = SURFACE_SIDE_STYLE('',(#17396));
#17396 = SURFACE_STYLE_FILL_AREA(#17397);
#17397 = FILL_AREA_STYLE('',(#17398));
#17398 = FILL_AREA_STYLE_COLOUR('',#16493);
#17399 = STYLED_ITEM('color',(#17400),#9058);
#17400 = PRESENTATION_STYLE_ASSIGNMENT((#17401));
#17401 = SURFACE_STYLE_USAGE(.BOTH.,#17402);
#17402 = SURFACE_SIDE_STYLE('',(#17403));
#17403 = SURFACE_STYLE_FILL_AREA(#17404);
#17404 = FILL_AREA_STYLE('',(#17405));
#17405 = FILL_AREA_STYLE_COLOUR('',#16493);
#17406 = STYLED_ITEM('color',(#17407),#9075);
#17407 = PRESENTATION_STYLE_ASSIGNMENT((#17408));
#17408 = SURFACE_STYLE_USAGE(.BOTH.,#17409);
#17409 = SURFACE_SIDE_STYLE('',(#17410));
#17410 = SURFACE_STYLE_FILL_AREA(#17411);
#17411 = FILL_AREA_STYLE('',(#17412));
#17412 = FILL_AREA_STYLE_COLOUR('',#16493);
#17413 = STYLED_ITEM('color',(#17414),#9092);
#17414 = PRESENTATION_STYLE_ASSIGNMENT((#17415));
#17415 = SURFACE_STYLE_USAGE(.BOTH.,#17416);
#17416 = SURFACE_SIDE_STYLE('',(#17417));
#17417 = SURFACE_STYLE_FILL_AREA(#17418);
#17418 = FILL_AREA_STYLE('',(#17419));
#17419 = FILL_AREA_STYLE_COLOUR('',#16493);
ENDSEC;
END-ISO-10303-21;
